ISO-10303-21;
HEADER;
/* Generated by software containing ST-Developer
 * from STEP Tools, Inc. (www.steptools.com) 
 */

FILE_DESCRIPTION(
/* description */ (''),
/* implementation_level */ '2;1');

FILE_NAME(
/* name */ 'Back Shell.step',
/* time_stamp */ '2026-06-21T02:03:46+03:00',
/* author */ (''),
/* organization */ (''),
/* preprocessor_version */ 'ST-DEVELOPER v20.1',
/* originating_system */ 'Autodesk Translation Framework v15.8.0.0',
/* authorisation */ '');

FILE_SCHEMA (('AUTOMOTIVE_DESIGN { 1 0 10303 214 3 1 1 }'));
ENDSEC;

DATA;
#10=MECHANICAL_DESIGN_GEOMETRIC_PRESENTATION_REPRESENTATION('',(#13),#2054);
#11=SHAPE_REPRESENTATION_RELATIONSHIP('SRR','None',#2061,#12);
#12=ADVANCED_BREP_SHAPE_REPRESENTATION('',(#14),#2053);
#13=STYLED_ITEM('',(#2070),#14);
#14=MANIFOLD_SOLID_BREP('Body1',#1074);
#15=B_SPLINE_SURFACE_WITH_KNOTS('',3,3,((#1812,#1813,#1814,#1815),(#1816,
#1817,#1818,#1819),(#1820,#1821,#1822,#1823),(#1824,#1825,#1826,#1827),
(#1828,#1829,#1830,#1831),(#1832,#1833,#1834,#1835),(#1836,#1837,#1838,
#1839),(#1840,#1841,#1842,#1843),(#1844,#1845,#1846,#1847),(#1848,#1849,
#1850,#1851)),.UNSPECIFIED.,.F.,.F.,.F.,(4,1,1,1,1,1,1,4),(4,4),(0.,0.0714285714285714,
0.142857142857143,0.285714285714286,0.571428571428571,0.714285714285714,
0.857142857142857,1.),(-1.42400006580354,4.27200019741063),
 .UNSPECIFIED.);
#16=ELLIPSE('',#1161,1.02273253073242,0.999999999999996);
#17=ELLIPSE('',#1163,1.02273253073243,1.00000000000001);
#18=ELLIPSE('',#1166,1.02273253073242,1.);
#19=ELLIPSE('',#1169,1.02273253073243,1.);
#20=FACE_BOUND('',#120,.T.);
#21=FACE_BOUND('',#121,.T.);
#22=FACE_BOUND('',#124,.T.);
#23=FACE_BOUND('',#125,.T.);
#24=FACE_BOUND('',#133,.T.);
#25=FACE_BOUND('',#134,.T.);
#26=FACE_BOUND('',#176,.T.);
#27=FACE_BOUND('',#177,.T.);
#28=B_SPLINE_CURVE_WITH_KNOTS('',3,(#1587,#1588,#1589,#1590,#1591,#1592,
#1593,#1594,#1595,#1596,#1597,#1598,#1599,#1600,#1601,#1602,#1603,#1604,
#1605,#1606,#1607,#1608),.UNSPECIFIED.,.F.,.F.,(4,3,3,3,3,3,3,4),(0.,0.152596031464101,
0.305192062928202,0.610384125856404,1.22076825171281,1.52596031464101,1.83115237756921,
2.13634444049741),.UNSPECIFIED.);
#29=B_SPLINE_CURVE_WITH_KNOTS('',3,(#1626,#1627,#1628,#1629,#1630,#1631,
#1632,#1633,#1634,#1635,#1636,#1637,#1638),.UNSPECIFIED.,.F.,.F.,(4,3,3,
3,4),(1.25846623154149,1.51079311578335,1.82356877814033,1.97995660931882,
2.13634444049728),.UNSPECIFIED.);
#30=B_SPLINE_CURVE_WITH_KNOTS('',3,(#1682,#1683,#1684,#1685,#1686,#1687),
 .UNSPECIFIED.,.F.,.F.,(4,2,4),(0.721018820153513,0.872054865203087,1.05440324640257),
 .UNSPECIFIED.);
#31=B_SPLINE_CURVE_WITH_KNOTS('',3,(#1690,#1691,#1692,#1693,#1694,#1695),
 .UNSPECIFIED.,.F.,.F.,(4,2,4),(0.,0.170042698998522,0.340085397997045),
 .UNSPECIFIED.);
#32=B_SPLINE_CURVE_WITH_KNOTS('',3,(#1724,#1725,#1726,#1727,#1728,#1729,
#1730,#1731,#1732,#1733,#1734,#1735,#1736),.UNSPECIFIED.,.F.,.F.,(4,3,3,
3,4),(0.,0.156387831178492,0.312775662356985,0.62555132471397,0.877878208955842),
 .UNSPECIFIED.);
#33=B_SPLINE_CURVE_WITH_KNOTS('',3,(#1854,#1855,#1856,#1857,#1858,#1859,
#1860,#1861,#1862,#1863,#1864,#1865,#1866,#1867,#1868,#1869,#1870,#1871,
#1872,#1873,#1874,#1875),.UNSPECIFIED.,.F.,.F.,(4,3,3,3,3,3,3,4),(0.,0.305192062928195,
0.61038412585639,0.915576188784585,1.52596031464097,1.83115237756917,1.98374840903327,
2.13634444049736),.UNSPECIFIED.);
#34=B_SPLINE_CURVE_WITH_KNOTS('',3,(#1876,#1877,#1878,#1879),
 .UNSPECIFIED.,.F.,.F.,(4,4),(-4.27200019741063,-4.07200026580296),
 .UNSPECIFIED.);
#35=B_SPLINE_CURVE_WITH_KNOTS('',3,(#1881,#1882,#1883,#1884,#1885,#1886,
#1887,#1888,#1889,#1890,#1891,#1892,#1893,#1894,#1895,#1896,#1897,#1898,
#1899,#1900,#1901,#1902,#1903,#1904,#1905,#1906,#1907,#1908,#1909,#1910,
#1911,#1912,#1913,#1914,#1915,#1916,#1917),.UNSPECIFIED.,.F.,.F.,(4,3,3,
3,3,3,3,3,3,3,3,3,4),(0.219276769715997,0.238672926504001,0.249575119845858,
0.27364879412285,0.289118241164449,0.309777134730759,0.324506630116138,
0.347954057857636,0.357948456197191,0.371704549302019,0.37441967046612,
0.376116337850019,0.377074110566706),.UNSPECIFIED.);
#36=B_SPLINE_CURVE_WITH_KNOTS('',3,(#1919,#1920,#1921,#1922),
 .UNSPECIFIED.,.F.,.F.,(4,4),(0.0500000000000016,5.14600026321417),
 .UNSPECIFIED.);
#37=B_SPLINE_CURVE_WITH_KNOTS('',3,(#1923,#1924,#1925,#1926,#1927,#1928,
#1929,#1930,#1931,#1932,#1933,#1934,#1935,#1936,#1937,#1938,#1939,#1940,
#1941,#1942,#1943,#1944,#1945,#1946,#1947,#1948,#1949,#1950,#1951,#1952,
#1953,#1954,#1955,#1956,#1957,#1958,#1959),.UNSPECIFIED.,.F.,.F.,(4,3,3,
3,3,3,3,3,3,3,3,3,4),(0.88453650525975,0.885703421543491,0.887523534424568,
0.891677268893543,0.915941868693949,0.928260662439524,0.949433025029387,
0.958224110295217,0.97939107194076,0.991962900445332,1.01549689230369,1.02879353607662,
1.04230310500986),.UNSPECIFIED.);
#38=B_SPLINE_CURVE_WITH_KNOTS('',3,(#1960,#1961,#1962,#1963),
 .UNSPECIFIED.,.F.,.F.,(4,4),(-1.42400006580354,-1.22400013419587),
 .UNSPECIFIED.);
#39=B_SPLINE_CURVE_WITH_KNOTS('',3,(#1964,#1965,#1966,#1967),
 .UNSPECIFIED.,.F.,.F.,(4,4),(-1.42400006580354,4.27200019741063),
 .UNSPECIFIED.);
#40=PLANE('',#1091);
#41=PLANE('',#1095);
#42=PLANE('',#1097);
#43=PLANE('',#1111);
#44=PLANE('',#1136);
#45=PLANE('',#1151);
#46=PLANE('',#1158);
#47=PLANE('',#1164);
#48=PLANE('',#1167);
#49=PLANE('',#1170);
#50=PLANE('',#1173);
#51=PLANE('',#1178);
#52=PLANE('',#1179);
#53=PLANE('',#1184);
#54=PLANE('',#1191);
#55=PLANE('',#1196);
#56=PLANE('',#1202);
#57=PLANE('',#1205);
#58=PLANE('',#1206);
#59=PLANE('',#1207);
#60=FACE_OUTER_BOUND('',#115,.T.);
#61=FACE_OUTER_BOUND('',#116,.T.);
#62=FACE_OUTER_BOUND('',#117,.T.);
#63=FACE_OUTER_BOUND('',#118,.T.);
#64=FACE_OUTER_BOUND('',#119,.T.);
#65=FACE_OUTER_BOUND('',#122,.T.);
#66=FACE_OUTER_BOUND('',#123,.T.);
#67=FACE_OUTER_BOUND('',#126,.T.);
#68=FACE_OUTER_BOUND('',#127,.T.);
#69=FACE_OUTER_BOUND('',#128,.T.);
#70=FACE_OUTER_BOUND('',#129,.T.);
#71=FACE_OUTER_BOUND('',#130,.T.);
#72=FACE_OUTER_BOUND('',#131,.T.);
#73=FACE_OUTER_BOUND('',#132,.T.);
#74=FACE_OUTER_BOUND('',#135,.T.);
#75=FACE_OUTER_BOUND('',#136,.T.);
#76=FACE_OUTER_BOUND('',#137,.T.);
#77=FACE_OUTER_BOUND('',#138,.T.);
#78=FACE_OUTER_BOUND('',#139,.T.);
#79=FACE_OUTER_BOUND('',#140,.T.);
#80=FACE_OUTER_BOUND('',#141,.T.);
#81=FACE_OUTER_BOUND('',#142,.T.);
#82=FACE_OUTER_BOUND('',#143,.T.);
#83=FACE_OUTER_BOUND('',#144,.T.);
#84=FACE_OUTER_BOUND('',#145,.T.);
#85=FACE_OUTER_BOUND('',#146,.T.);
#86=FACE_OUTER_BOUND('',#147,.T.);
#87=FACE_OUTER_BOUND('',#148,.T.);
#88=FACE_OUTER_BOUND('',#149,.T.);
#89=FACE_OUTER_BOUND('',#150,.T.);
#90=FACE_OUTER_BOUND('',#151,.T.);
#91=FACE_OUTER_BOUND('',#152,.T.);
#92=FACE_OUTER_BOUND('',#153,.T.);
#93=FACE_OUTER_BOUND('',#154,.T.);
#94=FACE_OUTER_BOUND('',#155,.T.);
#95=FACE_OUTER_BOUND('',#156,.T.);
#96=FACE_OUTER_BOUND('',#157,.T.);
#97=FACE_OUTER_BOUND('',#158,.T.);
#98=FACE_OUTER_BOUND('',#159,.T.);
#99=FACE_OUTER_BOUND('',#160,.T.);
#100=FACE_OUTER_BOUND('',#161,.T.);
#101=FACE_OUTER_BOUND('',#162,.T.);
#102=FACE_OUTER_BOUND('',#163,.T.);
#103=FACE_OUTER_BOUND('',#164,.T.);
#104=FACE_OUTER_BOUND('',#165,.T.);
#105=FACE_OUTER_BOUND('',#166,.T.);
#106=FACE_OUTER_BOUND('',#167,.T.);
#107=FACE_OUTER_BOUND('',#168,.T.);
#108=FACE_OUTER_BOUND('',#169,.T.);
#109=FACE_OUTER_BOUND('',#170,.T.);
#110=FACE_OUTER_BOUND('',#171,.T.);
#111=FACE_OUTER_BOUND('',#172,.T.);
#112=FACE_OUTER_BOUND('',#173,.T.);
#113=FACE_OUTER_BOUND('',#174,.T.);
#114=FACE_OUTER_BOUND('',#175,.T.);
#115=EDGE_LOOP('',(#667,#668,#669,#670));
#116=EDGE_LOOP('',(#671,#672,#673,#674));
#117=EDGE_LOOP('',(#675,#676,#677,#678));
#118=EDGE_LOOP('',(#679,#680,#681,#682));
#119=EDGE_LOOP('',(#683,#684,#685,#686,#687,#688,#689,#690,#691,#692,#693,
#694,#695,#696,#697,#698,#699,#700,#701));
#120=EDGE_LOOP('',(#702));
#121=EDGE_LOOP('',(#703));
#122=EDGE_LOOP('',(#704,#705,#706,#707));
#123=EDGE_LOOP('',(#708,#709,#710,#711,#712,#713,#714,#715,#716,#717,#718,
#719,#720,#721,#722,#723,#724,#725,#726,#727,#728));
#124=EDGE_LOOP('',(#729));
#125=EDGE_LOOP('',(#730));
#126=EDGE_LOOP('',(#731,#732,#733,#734));
#127=EDGE_LOOP('',(#735,#736,#737,#738));
#128=EDGE_LOOP('',(#739,#740,#741,#742,#743,#744,#745,#746,#747,#748));
#129=EDGE_LOOP('',(#749,#750,#751,#752));
#130=EDGE_LOOP('',(#753,#754,#755,#756));
#131=EDGE_LOOP('',(#757,#758,#759,#760));
#132=EDGE_LOOP('',(#761,#762,#763,#764,#765,#766,#767,#768,#769,#770,#771,
#772,#773,#774,#775,#776,#777,#778,#779,#780,#781,#782,#783,#784,#785,#786));
#133=EDGE_LOOP('',(#787));
#134=EDGE_LOOP('',(#788));
#135=EDGE_LOOP('',(#789,#790,#791,#792));
#136=EDGE_LOOP('',(#793,#794,#795,#796));
#137=EDGE_LOOP('',(#797,#798,#799,#800));
#138=EDGE_LOOP('',(#801,#802,#803,#804));
#139=EDGE_LOOP('',(#805,#806,#807,#808));
#140=EDGE_LOOP('',(#809,#810,#811,#812));
#141=EDGE_LOOP('',(#813,#814,#815,#816));
#142=EDGE_LOOP('',(#817,#818,#819,#820));
#143=EDGE_LOOP('',(#821,#822,#823,#824));
#144=EDGE_LOOP('',(#825,#826,#827,#828,#829,#830,#831,#832,#833,#834));
#145=EDGE_LOOP('',(#835,#836,#837,#838));
#146=EDGE_LOOP('',(#839,#840,#841,#842));
#147=EDGE_LOOP('',(#843,#844,#845,#846));
#148=EDGE_LOOP('',(#847,#848,#849,#850));
#149=EDGE_LOOP('',(#851,#852,#853,#854));
#150=EDGE_LOOP('',(#855,#856,#857,#858));
#151=EDGE_LOOP('',(#859,#860,#861,#862));
#152=EDGE_LOOP('',(#863,#864,#865,#866));
#153=EDGE_LOOP('',(#867,#868,#869,#870));
#154=EDGE_LOOP('',(#871,#872,#873,#874));
#155=EDGE_LOOP('',(#875,#876,#877,#878));
#156=EDGE_LOOP('',(#879,#880,#881,#882));
#157=EDGE_LOOP('',(#883,#884,#885,#886,#887,#888));
#158=EDGE_LOOP('',(#889,#890,#891,#892));
#159=EDGE_LOOP('',(#893,#894,#895,#896));
#160=EDGE_LOOP('',(#897,#898,#899,#900));
#161=EDGE_LOOP('',(#901,#902,#903,#904));
#162=EDGE_LOOP('',(#905,#906,#907,#908));
#163=EDGE_LOOP('',(#909,#910,#911,#912));
#164=EDGE_LOOP('',(#913,#914,#915,#916));
#165=EDGE_LOOP('',(#917,#918,#919,#920));
#166=EDGE_LOOP('',(#921,#922,#923,#924));
#167=EDGE_LOOP('',(#925,#926,#927,#928));
#168=EDGE_LOOP('',(#929,#930,#931,#932));
#169=EDGE_LOOP('',(#933,#934,#935,#936));
#170=EDGE_LOOP('',(#937,#938,#939,#940));
#171=EDGE_LOOP('',(#941,#942,#943,#944));
#172=EDGE_LOOP('',(#945,#946,#947,#948));
#173=EDGE_LOOP('',(#949,#950,#951,#952));
#174=EDGE_LOOP('',(#953,#954,#955,#956,#957,#958));
#175=EDGE_LOOP('',(#959,#960,#961,#962,#963,#964,#965,#966,#967,#968,#969,
#970,#971,#972,#973,#974,#975,#976,#977,#978,#979,#980,#981,#982));
#176=EDGE_LOOP('',(#983));
#177=EDGE_LOOP('',(#984));
#178=LINE('',#1537,#259);
#179=LINE('',#1540,#260);
#180=LINE('',#1543,#261);
#181=LINE('',#1545,#262);
#182=LINE('',#1546,#263);
#183=LINE('',#1552,#264);
#184=LINE('',#1555,#265);
#185=LINE('',#1558,#266);
#186=LINE('',#1561,#267);
#187=LINE('',#1571,#268);
#188=LINE('',#1583,#269);
#189=LINE('',#1585,#270);
#190=LINE('',#1610,#271);
#191=LINE('',#1611,#272);
#192=LINE('',#1619,#273);
#193=LINE('',#1622,#274);
#194=LINE('',#1624,#275);
#195=LINE('',#1640,#276);
#196=LINE('',#1642,#277);
#197=LINE('',#1644,#278);
#198=LINE('',#1646,#279);
#199=LINE('',#1658,#280);
#200=LINE('',#1668,#281);
#201=LINE('',#1669,#282);
#202=LINE('',#1671,#283);
#203=LINE('',#1674,#284);
#204=LINE('',#1678,#285);
#205=LINE('',#1689,#286);
#206=LINE('',#1700,#287);
#207=LINE('',#1706,#288);
#208=LINE('',#1712,#289);
#209=LINE('',#1716,#290);
#210=LINE('',#1718,#291);
#211=LINE('',#1720,#292);
#212=LINE('',#1722,#293);
#213=LINE('',#1738,#294);
#214=LINE('',#1740,#295);
#215=LINE('',#1742,#296);
#216=LINE('',#1750,#297);
#217=LINE('',#1756,#298);
#218=LINE('',#1760,#299);
#219=LINE('',#1768,#300);
#220=LINE('',#1776,#301);
#221=LINE('',#1779,#302);
#222=LINE('',#1782,#303);
#223=LINE('',#1783,#304);
#224=LINE('',#1787,#305);
#225=LINE('',#1790,#306);
#226=LINE('',#1795,#307);
#227=LINE('',#1799,#308);
#228=LINE('',#1804,#309);
#229=LINE('',#1805,#310);
#230=LINE('',#1809,#311);
#231=LINE('',#1811,#312);
#232=LINE('',#1970,#313);
#233=LINE('',#1974,#314);
#234=LINE('',#1975,#315);
#235=LINE('',#1980,#316);
#236=LINE('',#1983,#317);
#237=LINE('',#1991,#318);
#238=LINE('',#1992,#319);
#239=LINE('',#1995,#320);
#240=LINE('',#1996,#321);
#241=LINE('',#1999,#322);
#242=LINE('',#2000,#323);
#243=LINE('',#2003,#324);
#244=LINE('',#2008,#325);
#245=LINE('',#2010,#326);
#246=LINE('',#2012,#327);
#247=LINE('',#2015,#328);
#248=LINE('',#2018,#329);
#249=LINE('',#2021,#330);
#250=LINE('',#2024,#331);
#251=LINE('',#2030,#332);
#252=LINE('',#2033,#333);
#253=LINE('',#2034,#334);
#254=LINE('',#2039,#335);
#255=LINE('',#2041,#336);
#256=LINE('',#2043,#337);
#257=LINE('',#2045,#338);
#258=LINE('',#2049,#339);
#259=VECTOR('',#1214,10.);
#260=VECTOR('',#1217,10.);
#261=VECTOR('',#1220,10.);
#262=VECTOR('',#1221,10.);
#263=VECTOR('',#1222,10.);
#264=VECTOR('',#1227,10.);
#265=VECTOR('',#1230,10.);
#266=VECTOR('',#1233,10.);
#267=VECTOR('',#1236,10.);
#268=VECTOR('',#1247,10.);
#269=VECTOR('',#1258,10.);
#270=VECTOR('',#1259,10.);
#271=VECTOR('',#1260,10.);
#272=VECTOR('',#1261,10.);
#273=VECTOR('',#1270,10.);
#274=VECTOR('',#1273,10.);
#275=VECTOR('',#1274,10.);
#276=VECTOR('',#1275,10.);
#277=VECTOR('',#1276,10.);
#278=VECTOR('',#1277,10.);
#279=VECTOR('',#1278,10.);
#280=VECTOR('',#1289,10.);
#281=VECTOR('',#1302,3.);
#282=VECTOR('',#1303,3.);
#283=VECTOR('',#1306,10.);
#284=VECTOR('',#1309,10.);
#285=VECTOR('',#1312,3.);
#286=VECTOR('',#1315,10.);
#287=VECTOR('',#1320,3.);
#288=VECTOR('',#1327,10.);
#289=VECTOR('',#1334,10.);
#290=VECTOR('',#1339,10.);
#291=VECTOR('',#1340,10.);
#292=VECTOR('',#1341,10.);
#293=VECTOR('',#1342,10.);
#294=VECTOR('',#1343,10.);
#295=VECTOR('',#1344,10.);
#296=VECTOR('',#1345,10.);
#297=VECTOR('',#1352,10.);
#298=VECTOR('',#1357,10.);
#299=VECTOR('',#1360,10.);
#300=VECTOR('',#1367,10.);
#301=VECTOR('',#1376,10.);
#302=VECTOR('',#1379,10.);
#303=VECTOR('',#1382,10.);
#304=VECTOR('',#1383,10.);
#305=VECTOR('',#1388,10.);
#306=VECTOR('',#1391,10.);
#307=VECTOR('',#1398,10.);
#308=VECTOR('',#1403,10.);
#309=VECTOR('',#1408,10.);
#310=VECTOR('',#1409,10.);
#311=VECTOR('',#1414,10.);
#312=VECTOR('',#1417,10.);
#313=VECTOR('',#1420,10.);
#314=VECTOR('',#1425,10.);
#315=VECTOR('',#1426,10.);
#316=VECTOR('',#1433,10.);
#317=VECTOR('',#1438,10.);
#318=VECTOR('',#1449,10.);
#319=VECTOR('',#1450,10.);
#320=VECTOR('',#1453,10.);
#321=VECTOR('',#1454,10.);
#322=VECTOR('',#1457,10.);
#323=VECTOR('',#1458,10.);
#324=VECTOR('',#1461,10.);
#325=VECTOR('',#1468,10.);
#326=VECTOR('',#1471,10.);
#327=VECTOR('',#1474,1.25);
#328=VECTOR('',#1477,1.25);
#329=VECTOR('',#1482,1.25);
#330=VECTOR('',#1485,1.25);
#331=VECTOR('',#1490,10.);
#332=VECTOR('',#1499,10.);
#333=VECTOR('',#1502,10.);
#334=VECTOR('',#1503,10.);
#335=VECTOR('',#1512,10.);
#336=VECTOR('',#1515,10.);
#337=VECTOR('',#1518,10.);
#338=VECTOR('',#1521,10.);
#339=VECTOR('',#1528,10.);
#340=CIRCLE('',#1089,3.);
#341=CIRCLE('',#1090,3.);
#342=CIRCLE('',#1093,3.);
#343=CIRCLE('',#1094,3.);
#344=CIRCLE('',#1096,1.);
#345=CIRCLE('',#1098,5.49999973297166);
#346=CIRCLE('',#1099,3.);
#347=CIRCLE('',#1100,5.49999973297166);
#348=CIRCLE('',#1101,0.999999999998506);
#349=CIRCLE('',#1102,0.999999999966661);
#350=CIRCLE('',#1103,5.49999973297166);
#351=CIRCLE('',#1104,3.);
#352=CIRCLE('',#1105,3.);
#353=CIRCLE('',#1106,5.49999973297091);
#354=CIRCLE('',#1107,1.25);
#355=CIRCLE('',#1108,1.25);
#356=CIRCLE('',#1110,3.);
#357=CIRCLE('',#1112,5.49999973297091);
#358=CIRCLE('',#1113,3.);
#359=CIRCLE('',#1114,3.);
#360=CIRCLE('',#1115,5.49999973297166);
#361=CIRCLE('',#1116,0.999999999966661);
#362=CIRCLE('',#1117,0.999999999998506);
#363=CIRCLE('',#1118,5.49999973297166);
#364=CIRCLE('',#1119,5.49999973297166);
#365=CIRCLE('',#1120,1.25);
#366=CIRCLE('',#1121,1.25);
#367=CIRCLE('',#1125,5.49999973297091);
#368=CIRCLE('',#1126,5.49999973297091);
#369=CIRCLE('',#1128,3.);
#370=CIRCLE('',#1129,3.);
#371=CIRCLE('',#1131,3.);
#372=CIRCLE('',#1132,3.);
#373=CIRCLE('',#1134,5.49999973297166);
#374=CIRCLE('',#1135,5.49999973297166);
#375=CIRCLE('',#1137,3.);
#376=CIRCLE('',#1138,5.49999973297166);
#377=CIRCLE('',#1139,3.);
#378=CIRCLE('',#1140,3.);
#379=CIRCLE('',#1141,5.49999973297166);
#380=CIRCLE('',#1142,1.25);
#381=CIRCLE('',#1143,1.55);
#382=CIRCLE('',#1144,5.49999973297166);
#383=CIRCLE('',#1145,0.999999999998506);
#384=CIRCLE('',#1146,0.999999999966661);
#385=CIRCLE('',#1147,1.25);
#386=CIRCLE('',#1148,1.25);
#387=CIRCLE('',#1150,3.);
#388=CIRCLE('',#1153,3.);
#389=CIRCLE('',#1155,5.49999973297166);
#390=CIRCLE('',#1157,3.);
#391=CIRCLE('',#1159,1.);
#392=CIRCLE('',#1171,1.);
#393=CIRCLE('',#1174,1.);
#394=CIRCLE('',#1177,1.25);
#395=CIRCLE('',#1181,1.55);
#396=CIRCLE('',#1183,5.49999973297166);
#397=CIRCLE('',#1187,1.25);
#398=CIRCLE('',#1190,1.25);
#399=CIRCLE('',#1193,5.49999973297166);
#400=CIRCLE('',#1195,0.999999999998506);
#401=CIRCLE('',#1198,0.999999999966661);
#402=VERTEX_POINT('',#1533);
#403=VERTEX_POINT('',#1534);
#404=VERTEX_POINT('',#1536);
#405=VERTEX_POINT('',#1538);
#406=VERTEX_POINT('',#1542);
#407=VERTEX_POINT('',#1544);
#408=VERTEX_POINT('',#1548);
#409=VERTEX_POINT('',#1549);
#410=VERTEX_POINT('',#1551);
#411=VERTEX_POINT('',#1553);
#412=VERTEX_POINT('',#1557);
#413=VERTEX_POINT('',#1559);
#414=VERTEX_POINT('',#1563);
#415=VERTEX_POINT('',#1566);
#416=VERTEX_POINT('',#1568);
#417=VERTEX_POINT('',#1570);
#418=VERTEX_POINT('',#1572);
#419=VERTEX_POINT('',#1574);
#420=VERTEX_POINT('',#1576);
#421=VERTEX_POINT('',#1578);
#422=VERTEX_POINT('',#1580);
#423=VERTEX_POINT('',#1582);
#424=VERTEX_POINT('',#1584);
#425=VERTEX_POINT('',#1586);
#426=VERTEX_POINT('',#1609);
#427=VERTEX_POINT('',#1612);
#428=VERTEX_POINT('',#1614);
#429=VERTEX_POINT('',#1617);
#430=VERTEX_POINT('',#1621);
#431=VERTEX_POINT('',#1623);
#432=VERTEX_POINT('',#1625);
#433=VERTEX_POINT('',#1639);
#434=VERTEX_POINT('',#1641);
#435=VERTEX_POINT('',#1643);
#436=VERTEX_POINT('',#1645);
#437=VERTEX_POINT('',#1647);
#438=VERTEX_POINT('',#1649);
#439=VERTEX_POINT('',#1651);
#440=VERTEX_POINT('',#1653);
#441=VERTEX_POINT('',#1655);
#442=VERTEX_POINT('',#1657);
#443=VERTEX_POINT('',#1659);
#444=VERTEX_POINT('',#1663);
#445=VERTEX_POINT('',#1665);
#446=VERTEX_POINT('',#1673);
#447=VERTEX_POINT('',#1675);
#448=VERTEX_POINT('',#1677);
#449=VERTEX_POINT('',#1679);
#450=VERTEX_POINT('',#1681);
#451=VERTEX_POINT('',#1688);
#452=VERTEX_POINT('',#1697);
#453=VERTEX_POINT('',#1699);
#454=VERTEX_POINT('',#1703);
#455=VERTEX_POINT('',#1705);
#456=VERTEX_POINT('',#1709);
#457=VERTEX_POINT('',#1711);
#458=VERTEX_POINT('',#1715);
#459=VERTEX_POINT('',#1717);
#460=VERTEX_POINT('',#1719);
#461=VERTEX_POINT('',#1721);
#462=VERTEX_POINT('',#1723);
#463=VERTEX_POINT('',#1737);
#464=VERTEX_POINT('',#1739);
#465=VERTEX_POINT('',#1741);
#466=VERTEX_POINT('',#1743);
#467=VERTEX_POINT('',#1745);
#468=VERTEX_POINT('',#1747);
#469=VERTEX_POINT('',#1749);
#470=VERTEX_POINT('',#1751);
#471=VERTEX_POINT('',#1753);
#472=VERTEX_POINT('',#1755);
#473=VERTEX_POINT('',#1757);
#474=VERTEX_POINT('',#1759);
#475=VERTEX_POINT('',#1761);
#476=VERTEX_POINT('',#1763);
#477=VERTEX_POINT('',#1765);
#478=VERTEX_POINT('',#1767);
#479=VERTEX_POINT('',#1770);
#480=VERTEX_POINT('',#1772);
#481=VERTEX_POINT('',#1775);
#482=VERTEX_POINT('',#1777);
#483=VERTEX_POINT('',#1781);
#484=VERTEX_POINT('',#1785);
#485=VERTEX_POINT('',#1789);
#486=VERTEX_POINT('',#1793);
#487=VERTEX_POINT('',#1797);
#488=VERTEX_POINT('',#1801);
#489=VERTEX_POINT('',#1802);
#490=VERTEX_POINT('',#1807);
#491=VERTEX_POINT('',#1852);
#492=VERTEX_POINT('',#1853);
#493=VERTEX_POINT('',#1880);
#494=VERTEX_POINT('',#1918);
#495=VERTEX_POINT('',#1969);
#496=VERTEX_POINT('',#1973);
#497=VERTEX_POINT('',#1979);
#498=VERTEX_POINT('',#1988);
#499=VERTEX_POINT('',#1989);
#500=VERTEX_POINT('',#1994);
#501=VERTEX_POINT('',#1998);
#502=VERTEX_POINT('',#2002);
#503=VERTEX_POINT('',#2006);
#504=VERTEX_POINT('',#2014);
#505=VERTEX_POINT('',#2020);
#506=VERTEX_POINT('',#2028);
#507=VERTEX_POINT('',#2032);
#508=EDGE_CURVE('',#402,#403,#340,.T.);
#509=EDGE_CURVE('',#403,#404,#178,.T.);
#510=EDGE_CURVE('',#404,#405,#341,.T.);
#511=EDGE_CURVE('',#405,#402,#179,.T.);
#512=EDGE_CURVE('',#406,#403,#180,.T.);
#513=EDGE_CURVE('',#407,#406,#181,.T.);
#514=EDGE_CURVE('',#404,#407,#182,.T.);
#515=EDGE_CURVE('',#408,#409,#342,.T.);
#516=EDGE_CURVE('',#409,#410,#183,.T.);
#517=EDGE_CURVE('',#410,#411,#343,.T.);
#518=EDGE_CURVE('',#411,#408,#184,.T.);
#519=EDGE_CURVE('',#412,#411,#185,.T.);
#520=EDGE_CURVE('',#413,#412,#344,.T.);
#521=EDGE_CURVE('',#408,#413,#186,.T.);
#522=EDGE_CURVE('',#410,#414,#345,.T.);
#523=EDGE_CURVE('',#406,#414,#346,.T.);
#524=EDGE_CURVE('',#402,#415,#347,.T.);
#525=EDGE_CURVE('',#415,#416,#348,.T.);
#526=EDGE_CURVE('',#416,#417,#187,.T.);
#527=EDGE_CURVE('',#417,#418,#349,.T.);
#528=EDGE_CURVE('',#418,#419,#350,.T.);
#529=EDGE_CURVE('',#420,#419,#351,.T.);
#530=EDGE_CURVE('',#421,#420,#352,.T.);
#531=EDGE_CURVE('',#421,#422,#353,.T.);
#532=EDGE_CURVE('',#422,#423,#188,.T.);
#533=EDGE_CURVE('',#423,#424,#189,.T.);
#534=EDGE_CURVE('',#425,#424,#28,.T.);
#535=EDGE_CURVE('',#425,#426,#190,.T.);
#536=EDGE_CURVE('',#412,#426,#191,.T.);
#537=EDGE_CURVE('',#427,#427,#354,.T.);
#538=EDGE_CURVE('',#428,#428,#355,.T.);
#539=EDGE_CURVE('',#429,#407,#356,.T.);
#540=EDGE_CURVE('',#414,#429,#192,.T.);
#541=EDGE_CURVE('',#430,#413,#193,.T.);
#542=EDGE_CURVE('',#431,#430,#194,.T.);
#543=EDGE_CURVE('',#432,#431,#29,.T.);
#544=EDGE_CURVE('',#433,#432,#195,.T.);
#545=EDGE_CURVE('',#434,#433,#196,.T.);
#546=EDGE_CURVE('',#434,#435,#197,.T.);
#547=EDGE_CURVE('',#436,#435,#198,.T.);
#548=EDGE_CURVE('',#437,#436,#357,.T.);
#549=EDGE_CURVE('',#438,#437,#358,.T.);
#550=EDGE_CURVE('',#439,#438,#359,.T.);
#551=EDGE_CURVE('',#439,#440,#360,.T.);
#552=EDGE_CURVE('',#440,#441,#361,.T.);
#553=EDGE_CURVE('',#441,#442,#199,.T.);
#554=EDGE_CURVE('',#442,#443,#362,.T.);
#555=EDGE_CURVE('',#443,#405,#363,.T.);
#556=EDGE_CURVE('',#429,#409,#364,.T.);
#557=EDGE_CURVE('',#444,#444,#365,.T.);
#558=EDGE_CURVE('',#445,#445,#366,.T.);
#559=EDGE_CURVE('',#419,#439,#200,.T.);
#560=EDGE_CURVE('',#438,#420,#201,.T.);
#561=EDGE_CURVE('',#437,#421,#202,.T.);
#562=EDGE_CURVE('',#436,#446,#203,.T.);
#563=EDGE_CURVE('',#446,#447,#367,.T.);
#564=EDGE_CURVE('',#448,#447,#204,.T.);
#565=EDGE_CURVE('',#449,#448,#368,.T.);
#566=EDGE_CURVE('',#449,#450,#30,.T.);
#567=EDGE_CURVE('',#450,#451,#205,.T.);
#568=EDGE_CURVE('',#451,#422,#31,.T.);
#569=EDGE_CURVE('',#452,#447,#369,.F.);
#570=EDGE_CURVE('',#452,#453,#206,.T.);
#571=EDGE_CURVE('',#453,#448,#370,.T.);
#572=EDGE_CURVE('',#452,#454,#371,.T.);
#573=EDGE_CURVE('',#454,#455,#207,.T.);
#574=EDGE_CURVE('',#455,#453,#372,.T.);
#575=EDGE_CURVE('',#456,#454,#373,.T.);
#576=EDGE_CURVE('',#456,#457,#208,.T.);
#577=EDGE_CURVE('',#455,#457,#374,.T.);
#578=EDGE_CURVE('',#446,#458,#209,.T.);
#579=EDGE_CURVE('',#459,#458,#210,.F.);
#580=EDGE_CURVE('',#460,#459,#211,.T.);
#581=EDGE_CURVE('',#461,#460,#212,.T.);
#582=EDGE_CURVE('',#462,#461,#32,.T.);
#583=EDGE_CURVE('',#463,#462,#213,.T.);
#584=EDGE_CURVE('',#464,#463,#214,.T.);
#585=EDGE_CURVE('',#464,#465,#215,.T.);
#586=EDGE_CURVE('',#466,#465,#375,.T.);
#587=EDGE_CURVE('',#466,#467,#376,.T.);
#588=EDGE_CURVE('',#468,#467,#377,.T.);
#589=EDGE_CURVE('',#468,#469,#216,.T.);
#590=EDGE_CURVE('',#470,#469,#378,.T.);
#591=EDGE_CURVE('',#470,#471,#379,.T.);
#592=EDGE_CURVE('',#471,#472,#217,.F.);
#593=EDGE_CURVE('',#473,#472,#380,.T.);
#594=EDGE_CURVE('',#473,#474,#218,.F.);
#595=EDGE_CURVE('',#474,#475,#381,.F.);
#596=EDGE_CURVE('',#475,#476,#382,.T.);
#597=EDGE_CURVE('',#476,#477,#383,.T.);
#598=EDGE_CURVE('',#477,#478,#219,.T.);
#599=EDGE_CURVE('',#478,#456,#384,.T.);
#600=EDGE_CURVE('',#479,#479,#385,.T.);
#601=EDGE_CURVE('',#480,#480,#386,.T.);
#602=EDGE_CURVE('',#469,#481,#220,.T.);
#603=EDGE_CURVE('',#481,#482,#387,.T.);
#604=EDGE_CURVE('',#482,#470,#221,.T.);
#605=EDGE_CURVE('',#483,#468,#222,.T.);
#606=EDGE_CURVE('',#481,#483,#223,.T.);
#607=EDGE_CURVE('',#484,#483,#388,.T.);
#608=EDGE_CURVE('',#467,#484,#224,.T.);
#609=EDGE_CURVE('',#485,#466,#225,.T.);
#610=EDGE_CURVE('',#484,#485,#389,.T.);
#611=EDGE_CURVE('',#486,#485,#390,.T.);
#612=EDGE_CURVE('',#465,#486,#226,.T.);
#613=EDGE_CURVE('',#487,#464,#391,.T.);
#614=EDGE_CURVE('',#486,#487,#227,.T.);
#615=EDGE_CURVE('',#488,#489,#16,.T.);
#616=EDGE_CURVE('',#450,#488,#228,.T.);
#617=EDGE_CURVE('',#449,#489,#229,.T.);
#618=EDGE_CURVE('',#423,#490,#17,.T.);
#619=EDGE_CURVE('',#451,#490,#230,.T.);
#620=EDGE_CURVE('',#488,#490,#231,.T.);
#621=EDGE_CURVE('',#491,#492,#33,.T.);
#622=EDGE_CURVE('',#492,#462,#34,.T.);
#623=EDGE_CURVE('',#461,#493,#35,.T.);
#624=EDGE_CURVE('',#493,#494,#36,.T.);
#625=EDGE_CURVE('',#494,#432,#37,.T.);
#626=EDGE_CURVE('',#425,#431,#38,.T.);
#627=EDGE_CURVE('',#424,#491,#39,.T.);
#628=EDGE_CURVE('',#494,#495,#232,.T.);
#629=EDGE_CURVE('',#495,#433,#18,.T.);
#630=EDGE_CURVE('',#496,#493,#233,.T.);
#631=EDGE_CURVE('',#495,#496,#234,.T.);
#632=EDGE_CURVE('',#460,#496,#19,.T.);
#633=EDGE_CURVE('',#497,#492,#235,.T.);
#634=EDGE_CURVE('',#463,#497,#392,.T.);
#635=EDGE_CURVE('',#497,#487,#236,.T.);
#636=EDGE_CURVE('',#426,#430,#393,.T.);
#637=EDGE_CURVE('',#498,#499,#394,.T.);
#638=EDGE_CURVE('',#499,#473,#237,.T.);
#639=EDGE_CURVE('',#472,#498,#238,.T.);
#640=EDGE_CURVE('',#500,#499,#239,.T.);
#641=EDGE_CURVE('',#500,#474,#240,.T.);
#642=EDGE_CURVE('',#501,#471,#241,.F.);
#643=EDGE_CURVE('',#498,#501,#242,.T.);
#644=EDGE_CURVE('',#475,#502,#243,.F.);
#645=EDGE_CURVE('',#502,#500,#395,.T.);
#646=EDGE_CURVE('',#503,#502,#396,.T.);
#647=EDGE_CURVE('',#476,#503,#244,.T.);
#648=EDGE_CURVE('',#459,#434,#245,.T.);
#649=EDGE_CURVE('',#427,#444,#246,.T.);
#650=EDGE_CURVE('',#479,#504,#247,.T.);
#651=EDGE_CURVE('',#504,#504,#397,.T.);
#652=EDGE_CURVE('',#428,#445,#248,.T.);
#653=EDGE_CURVE('',#480,#505,#249,.T.);
#654=EDGE_CURVE('',#505,#505,#398,.T.);
#655=EDGE_CURVE('',#458,#435,#250,.T.);
#656=EDGE_CURVE('',#501,#482,#399,.T.);
#657=EDGE_CURVE('',#506,#503,#400,.T.);
#658=EDGE_CURVE('',#477,#506,#251,.T.);
#659=EDGE_CURVE('',#507,#506,#252,.T.);
#660=EDGE_CURVE('',#478,#507,#253,.T.);
#661=EDGE_CURVE('',#457,#507,#401,.T.);
#662=EDGE_CURVE('',#415,#443,#254,.T.);
#663=EDGE_CURVE('',#416,#442,#255,.T.);
#664=EDGE_CURVE('',#417,#441,#256,.T.);
#665=EDGE_CURVE('',#418,#440,#257,.T.);
#666=EDGE_CURVE('',#491,#489,#258,.T.);
#667=ORIENTED_EDGE('',*,*,#508,.T.);
#668=ORIENTED_EDGE('',*,*,#509,.T.);
#669=ORIENTED_EDGE('',*,*,#510,.T.);
#670=ORIENTED_EDGE('',*,*,#511,.T.);
#671=ORIENTED_EDGE('',*,*,#509,.F.);
#672=ORIENTED_EDGE('',*,*,#512,.F.);
#673=ORIENTED_EDGE('',*,*,#513,.F.);
#674=ORIENTED_EDGE('',*,*,#514,.F.);
#675=ORIENTED_EDGE('',*,*,#515,.T.);
#676=ORIENTED_EDGE('',*,*,#516,.T.);
#677=ORIENTED_EDGE('',*,*,#517,.T.);
#678=ORIENTED_EDGE('',*,*,#518,.T.);
#679=ORIENTED_EDGE('',*,*,#518,.F.);
#680=ORIENTED_EDGE('',*,*,#519,.F.);
#681=ORIENTED_EDGE('',*,*,#520,.F.);
#682=ORIENTED_EDGE('',*,*,#521,.F.);
#683=ORIENTED_EDGE('',*,*,#517,.F.);
#684=ORIENTED_EDGE('',*,*,#522,.T.);
#685=ORIENTED_EDGE('',*,*,#523,.F.);
#686=ORIENTED_EDGE('',*,*,#512,.T.);
#687=ORIENTED_EDGE('',*,*,#508,.F.);
#688=ORIENTED_EDGE('',*,*,#524,.T.);
#689=ORIENTED_EDGE('',*,*,#525,.T.);
#690=ORIENTED_EDGE('',*,*,#526,.T.);
#691=ORIENTED_EDGE('',*,*,#527,.T.);
#692=ORIENTED_EDGE('',*,*,#528,.T.);
#693=ORIENTED_EDGE('',*,*,#529,.F.);
#694=ORIENTED_EDGE('',*,*,#530,.F.);
#695=ORIENTED_EDGE('',*,*,#531,.T.);
#696=ORIENTED_EDGE('',*,*,#532,.T.);
#697=ORIENTED_EDGE('',*,*,#533,.T.);
#698=ORIENTED_EDGE('',*,*,#534,.F.);
#699=ORIENTED_EDGE('',*,*,#535,.T.);
#700=ORIENTED_EDGE('',*,*,#536,.F.);
#701=ORIENTED_EDGE('',*,*,#519,.T.);
#702=ORIENTED_EDGE('',*,*,#537,.T.);
#703=ORIENTED_EDGE('',*,*,#538,.T.);
#704=ORIENTED_EDGE('',*,*,#539,.T.);
#705=ORIENTED_EDGE('',*,*,#513,.T.);
#706=ORIENTED_EDGE('',*,*,#523,.T.);
#707=ORIENTED_EDGE('',*,*,#540,.T.);
#708=ORIENTED_EDGE('',*,*,#515,.F.);
#709=ORIENTED_EDGE('',*,*,#521,.T.);
#710=ORIENTED_EDGE('',*,*,#541,.F.);
#711=ORIENTED_EDGE('',*,*,#542,.F.);
#712=ORIENTED_EDGE('',*,*,#543,.F.);
#713=ORIENTED_EDGE('',*,*,#544,.F.);
#714=ORIENTED_EDGE('',*,*,#545,.F.);
#715=ORIENTED_EDGE('',*,*,#546,.T.);
#716=ORIENTED_EDGE('',*,*,#547,.F.);
#717=ORIENTED_EDGE('',*,*,#548,.F.);
#718=ORIENTED_EDGE('',*,*,#549,.F.);
#719=ORIENTED_EDGE('',*,*,#550,.F.);
#720=ORIENTED_EDGE('',*,*,#551,.T.);
#721=ORIENTED_EDGE('',*,*,#552,.T.);
#722=ORIENTED_EDGE('',*,*,#553,.T.);
#723=ORIENTED_EDGE('',*,*,#554,.T.);
#724=ORIENTED_EDGE('',*,*,#555,.T.);
#725=ORIENTED_EDGE('',*,*,#510,.F.);
#726=ORIENTED_EDGE('',*,*,#514,.T.);
#727=ORIENTED_EDGE('',*,*,#539,.F.);
#728=ORIENTED_EDGE('',*,*,#556,.T.);
#729=ORIENTED_EDGE('',*,*,#557,.T.);
#730=ORIENTED_EDGE('',*,*,#558,.T.);
#731=ORIENTED_EDGE('',*,*,#529,.T.);
#732=ORIENTED_EDGE('',*,*,#559,.T.);
#733=ORIENTED_EDGE('',*,*,#550,.T.);
#734=ORIENTED_EDGE('',*,*,#560,.T.);
#735=ORIENTED_EDGE('',*,*,#560,.F.);
#736=ORIENTED_EDGE('',*,*,#549,.T.);
#737=ORIENTED_EDGE('',*,*,#561,.T.);
#738=ORIENTED_EDGE('',*,*,#530,.T.);
#739=ORIENTED_EDGE('',*,*,#561,.F.);
#740=ORIENTED_EDGE('',*,*,#548,.T.);
#741=ORIENTED_EDGE('',*,*,#562,.T.);
#742=ORIENTED_EDGE('',*,*,#563,.T.);
#743=ORIENTED_EDGE('',*,*,#564,.F.);
#744=ORIENTED_EDGE('',*,*,#565,.F.);
#745=ORIENTED_EDGE('',*,*,#566,.T.);
#746=ORIENTED_EDGE('',*,*,#567,.T.);
#747=ORIENTED_EDGE('',*,*,#568,.T.);
#748=ORIENTED_EDGE('',*,*,#531,.F.);
#749=ORIENTED_EDGE('',*,*,#569,.F.);
#750=ORIENTED_EDGE('',*,*,#570,.T.);
#751=ORIENTED_EDGE('',*,*,#571,.T.);
#752=ORIENTED_EDGE('',*,*,#564,.T.);
#753=ORIENTED_EDGE('',*,*,#570,.F.);
#754=ORIENTED_EDGE('',*,*,#572,.T.);
#755=ORIENTED_EDGE('',*,*,#573,.T.);
#756=ORIENTED_EDGE('',*,*,#574,.T.);
#757=ORIENTED_EDGE('',*,*,#573,.F.);
#758=ORIENTED_EDGE('',*,*,#575,.F.);
#759=ORIENTED_EDGE('',*,*,#576,.T.);
#760=ORIENTED_EDGE('',*,*,#577,.F.);
#761=ORIENTED_EDGE('',*,*,#569,.T.);
#762=ORIENTED_EDGE('',*,*,#563,.F.);
#763=ORIENTED_EDGE('',*,*,#578,.T.);
#764=ORIENTED_EDGE('',*,*,#579,.F.);
#765=ORIENTED_EDGE('',*,*,#580,.F.);
#766=ORIENTED_EDGE('',*,*,#581,.F.);
#767=ORIENTED_EDGE('',*,*,#582,.F.);
#768=ORIENTED_EDGE('',*,*,#583,.F.);
#769=ORIENTED_EDGE('',*,*,#584,.F.);
#770=ORIENTED_EDGE('',*,*,#585,.T.);
#771=ORIENTED_EDGE('',*,*,#586,.F.);
#772=ORIENTED_EDGE('',*,*,#587,.T.);
#773=ORIENTED_EDGE('',*,*,#588,.F.);
#774=ORIENTED_EDGE('',*,*,#589,.T.);
#775=ORIENTED_EDGE('',*,*,#590,.F.);
#776=ORIENTED_EDGE('',*,*,#591,.T.);
#777=ORIENTED_EDGE('',*,*,#592,.T.);
#778=ORIENTED_EDGE('',*,*,#593,.F.);
#779=ORIENTED_EDGE('',*,*,#594,.T.);
#780=ORIENTED_EDGE('',*,*,#595,.T.);
#781=ORIENTED_EDGE('',*,*,#596,.T.);
#782=ORIENTED_EDGE('',*,*,#597,.T.);
#783=ORIENTED_EDGE('',*,*,#598,.T.);
#784=ORIENTED_EDGE('',*,*,#599,.T.);
#785=ORIENTED_EDGE('',*,*,#575,.T.);
#786=ORIENTED_EDGE('',*,*,#572,.F.);
#787=ORIENTED_EDGE('',*,*,#600,.T.);
#788=ORIENTED_EDGE('',*,*,#601,.T.);
#789=ORIENTED_EDGE('',*,*,#590,.T.);
#790=ORIENTED_EDGE('',*,*,#602,.T.);
#791=ORIENTED_EDGE('',*,*,#603,.T.);
#792=ORIENTED_EDGE('',*,*,#604,.T.);
#793=ORIENTED_EDGE('',*,*,#602,.F.);
#794=ORIENTED_EDGE('',*,*,#589,.F.);
#795=ORIENTED_EDGE('',*,*,#605,.F.);
#796=ORIENTED_EDGE('',*,*,#606,.F.);
#797=ORIENTED_EDGE('',*,*,#607,.T.);
#798=ORIENTED_EDGE('',*,*,#605,.T.);
#799=ORIENTED_EDGE('',*,*,#588,.T.);
#800=ORIENTED_EDGE('',*,*,#608,.T.);
#801=ORIENTED_EDGE('',*,*,#608,.F.);
#802=ORIENTED_EDGE('',*,*,#587,.F.);
#803=ORIENTED_EDGE('',*,*,#609,.F.);
#804=ORIENTED_EDGE('',*,*,#610,.F.);
#805=ORIENTED_EDGE('',*,*,#611,.T.);
#806=ORIENTED_EDGE('',*,*,#609,.T.);
#807=ORIENTED_EDGE('',*,*,#586,.T.);
#808=ORIENTED_EDGE('',*,*,#612,.T.);
#809=ORIENTED_EDGE('',*,*,#612,.F.);
#810=ORIENTED_EDGE('',*,*,#585,.F.);
#811=ORIENTED_EDGE('',*,*,#613,.F.);
#812=ORIENTED_EDGE('',*,*,#614,.F.);
#813=ORIENTED_EDGE('',*,*,#615,.F.);
#814=ORIENTED_EDGE('',*,*,#616,.F.);
#815=ORIENTED_EDGE('',*,*,#566,.F.);
#816=ORIENTED_EDGE('',*,*,#617,.T.);
#817=ORIENTED_EDGE('',*,*,#618,.F.);
#818=ORIENTED_EDGE('',*,*,#532,.F.);
#819=ORIENTED_EDGE('',*,*,#568,.F.);
#820=ORIENTED_EDGE('',*,*,#619,.T.);
#821=ORIENTED_EDGE('',*,*,#616,.T.);
#822=ORIENTED_EDGE('',*,*,#620,.T.);
#823=ORIENTED_EDGE('',*,*,#619,.F.);
#824=ORIENTED_EDGE('',*,*,#567,.F.);
#825=ORIENTED_EDGE('',*,*,#621,.T.);
#826=ORIENTED_EDGE('',*,*,#622,.T.);
#827=ORIENTED_EDGE('',*,*,#582,.T.);
#828=ORIENTED_EDGE('',*,*,#623,.T.);
#829=ORIENTED_EDGE('',*,*,#624,.T.);
#830=ORIENTED_EDGE('',*,*,#625,.T.);
#831=ORIENTED_EDGE('',*,*,#543,.T.);
#832=ORIENTED_EDGE('',*,*,#626,.F.);
#833=ORIENTED_EDGE('',*,*,#534,.T.);
#834=ORIENTED_EDGE('',*,*,#627,.T.);
#835=ORIENTED_EDGE('',*,*,#625,.F.);
#836=ORIENTED_EDGE('',*,*,#628,.T.);
#837=ORIENTED_EDGE('',*,*,#629,.T.);
#838=ORIENTED_EDGE('',*,*,#544,.T.);
#839=ORIENTED_EDGE('',*,*,#624,.F.);
#840=ORIENTED_EDGE('',*,*,#630,.F.);
#841=ORIENTED_EDGE('',*,*,#631,.F.);
#842=ORIENTED_EDGE('',*,*,#628,.F.);
#843=ORIENTED_EDGE('',*,*,#623,.F.);
#844=ORIENTED_EDGE('',*,*,#581,.T.);
#845=ORIENTED_EDGE('',*,*,#632,.T.);
#846=ORIENTED_EDGE('',*,*,#630,.T.);
#847=ORIENTED_EDGE('',*,*,#622,.F.);
#848=ORIENTED_EDGE('',*,*,#633,.F.);
#849=ORIENTED_EDGE('',*,*,#634,.F.);
#850=ORIENTED_EDGE('',*,*,#583,.T.);
#851=ORIENTED_EDGE('',*,*,#634,.T.);
#852=ORIENTED_EDGE('',*,*,#635,.T.);
#853=ORIENTED_EDGE('',*,*,#613,.T.);
#854=ORIENTED_EDGE('',*,*,#584,.T.);
#855=ORIENTED_EDGE('',*,*,#626,.T.);
#856=ORIENTED_EDGE('',*,*,#542,.T.);
#857=ORIENTED_EDGE('',*,*,#636,.F.);
#858=ORIENTED_EDGE('',*,*,#535,.F.);
#859=ORIENTED_EDGE('',*,*,#520,.T.);
#860=ORIENTED_EDGE('',*,*,#536,.T.);
#861=ORIENTED_EDGE('',*,*,#636,.T.);
#862=ORIENTED_EDGE('',*,*,#541,.T.);
#863=ORIENTED_EDGE('',*,*,#637,.T.);
#864=ORIENTED_EDGE('',*,*,#638,.T.);
#865=ORIENTED_EDGE('',*,*,#593,.T.);
#866=ORIENTED_EDGE('',*,*,#639,.T.);
#867=ORIENTED_EDGE('',*,*,#638,.F.);
#868=ORIENTED_EDGE('',*,*,#640,.F.);
#869=ORIENTED_EDGE('',*,*,#641,.T.);
#870=ORIENTED_EDGE('',*,*,#594,.F.);
#871=ORIENTED_EDGE('',*,*,#639,.F.);
#872=ORIENTED_EDGE('',*,*,#592,.F.);
#873=ORIENTED_EDGE('',*,*,#642,.F.);
#874=ORIENTED_EDGE('',*,*,#643,.F.);
#875=ORIENTED_EDGE('',*,*,#644,.F.);
#876=ORIENTED_EDGE('',*,*,#595,.F.);
#877=ORIENTED_EDGE('',*,*,#641,.F.);
#878=ORIENTED_EDGE('',*,*,#645,.F.);
#879=ORIENTED_EDGE('',*,*,#644,.T.);
#880=ORIENTED_EDGE('',*,*,#646,.F.);
#881=ORIENTED_EDGE('',*,*,#647,.F.);
#882=ORIENTED_EDGE('',*,*,#596,.F.);
#883=ORIENTED_EDGE('',*,*,#631,.T.);
#884=ORIENTED_EDGE('',*,*,#632,.F.);
#885=ORIENTED_EDGE('',*,*,#580,.T.);
#886=ORIENTED_EDGE('',*,*,#648,.T.);
#887=ORIENTED_EDGE('',*,*,#545,.T.);
#888=ORIENTED_EDGE('',*,*,#629,.F.);
#889=ORIENTED_EDGE('',*,*,#537,.F.);
#890=ORIENTED_EDGE('',*,*,#649,.T.);
#891=ORIENTED_EDGE('',*,*,#557,.F.);
#892=ORIENTED_EDGE('',*,*,#649,.F.);
#893=ORIENTED_EDGE('',*,*,#600,.F.);
#894=ORIENTED_EDGE('',*,*,#650,.T.);
#895=ORIENTED_EDGE('',*,*,#651,.F.);
#896=ORIENTED_EDGE('',*,*,#650,.F.);
#897=ORIENTED_EDGE('',*,*,#538,.F.);
#898=ORIENTED_EDGE('',*,*,#652,.T.);
#899=ORIENTED_EDGE('',*,*,#558,.F.);
#900=ORIENTED_EDGE('',*,*,#652,.F.);
#901=ORIENTED_EDGE('',*,*,#601,.F.);
#902=ORIENTED_EDGE('',*,*,#653,.T.);
#903=ORIENTED_EDGE('',*,*,#654,.F.);
#904=ORIENTED_EDGE('',*,*,#653,.F.);
#905=ORIENTED_EDGE('',*,*,#562,.F.);
#906=ORIENTED_EDGE('',*,*,#547,.T.);
#907=ORIENTED_EDGE('',*,*,#655,.F.);
#908=ORIENTED_EDGE('',*,*,#578,.F.);
#909=ORIENTED_EDGE('',*,*,#604,.F.);
#910=ORIENTED_EDGE('',*,*,#656,.F.);
#911=ORIENTED_EDGE('',*,*,#642,.T.);
#912=ORIENTED_EDGE('',*,*,#591,.F.);
#913=ORIENTED_EDGE('',*,*,#597,.F.);
#914=ORIENTED_EDGE('',*,*,#647,.T.);
#915=ORIENTED_EDGE('',*,*,#657,.F.);
#916=ORIENTED_EDGE('',*,*,#658,.F.);
#917=ORIENTED_EDGE('',*,*,#598,.F.);
#918=ORIENTED_EDGE('',*,*,#658,.T.);
#919=ORIENTED_EDGE('',*,*,#659,.F.);
#920=ORIENTED_EDGE('',*,*,#660,.F.);
#921=ORIENTED_EDGE('',*,*,#599,.F.);
#922=ORIENTED_EDGE('',*,*,#660,.T.);
#923=ORIENTED_EDGE('',*,*,#661,.F.);
#924=ORIENTED_EDGE('',*,*,#576,.F.);
#925=ORIENTED_EDGE('',*,*,#516,.F.);
#926=ORIENTED_EDGE('',*,*,#556,.F.);
#927=ORIENTED_EDGE('',*,*,#540,.F.);
#928=ORIENTED_EDGE('',*,*,#522,.F.);
#929=ORIENTED_EDGE('',*,*,#511,.F.);
#930=ORIENTED_EDGE('',*,*,#555,.F.);
#931=ORIENTED_EDGE('',*,*,#662,.F.);
#932=ORIENTED_EDGE('',*,*,#524,.F.);
#933=ORIENTED_EDGE('',*,*,#554,.F.);
#934=ORIENTED_EDGE('',*,*,#663,.F.);
#935=ORIENTED_EDGE('',*,*,#525,.F.);
#936=ORIENTED_EDGE('',*,*,#662,.T.);
#937=ORIENTED_EDGE('',*,*,#553,.F.);
#938=ORIENTED_EDGE('',*,*,#664,.F.);
#939=ORIENTED_EDGE('',*,*,#526,.F.);
#940=ORIENTED_EDGE('',*,*,#663,.T.);
#941=ORIENTED_EDGE('',*,*,#552,.F.);
#942=ORIENTED_EDGE('',*,*,#665,.F.);
#943=ORIENTED_EDGE('',*,*,#527,.F.);
#944=ORIENTED_EDGE('',*,*,#664,.T.);
#945=ORIENTED_EDGE('',*,*,#559,.F.);
#946=ORIENTED_EDGE('',*,*,#528,.F.);
#947=ORIENTED_EDGE('',*,*,#665,.T.);
#948=ORIENTED_EDGE('',*,*,#551,.F.);
#949=ORIENTED_EDGE('',*,*,#655,.T.);
#950=ORIENTED_EDGE('',*,*,#546,.F.);
#951=ORIENTED_EDGE('',*,*,#648,.F.);
#952=ORIENTED_EDGE('',*,*,#579,.T.);
#953=ORIENTED_EDGE('',*,*,#615,.T.);
#954=ORIENTED_EDGE('',*,*,#666,.F.);
#955=ORIENTED_EDGE('',*,*,#627,.F.);
#956=ORIENTED_EDGE('',*,*,#533,.F.);
#957=ORIENTED_EDGE('',*,*,#618,.T.);
#958=ORIENTED_EDGE('',*,*,#620,.F.);
#959=ORIENTED_EDGE('',*,*,#574,.F.);
#960=ORIENTED_EDGE('',*,*,#577,.T.);
#961=ORIENTED_EDGE('',*,*,#661,.T.);
#962=ORIENTED_EDGE('',*,*,#659,.T.);
#963=ORIENTED_EDGE('',*,*,#657,.T.);
#964=ORIENTED_EDGE('',*,*,#646,.T.);
#965=ORIENTED_EDGE('',*,*,#645,.T.);
#966=ORIENTED_EDGE('',*,*,#640,.T.);
#967=ORIENTED_EDGE('',*,*,#637,.F.);
#968=ORIENTED_EDGE('',*,*,#643,.T.);
#969=ORIENTED_EDGE('',*,*,#656,.T.);
#970=ORIENTED_EDGE('',*,*,#603,.F.);
#971=ORIENTED_EDGE('',*,*,#606,.T.);
#972=ORIENTED_EDGE('',*,*,#607,.F.);
#973=ORIENTED_EDGE('',*,*,#610,.T.);
#974=ORIENTED_EDGE('',*,*,#611,.F.);
#975=ORIENTED_EDGE('',*,*,#614,.T.);
#976=ORIENTED_EDGE('',*,*,#635,.F.);
#977=ORIENTED_EDGE('',*,*,#633,.T.);
#978=ORIENTED_EDGE('',*,*,#621,.F.);
#979=ORIENTED_EDGE('',*,*,#666,.T.);
#980=ORIENTED_EDGE('',*,*,#617,.F.);
#981=ORIENTED_EDGE('',*,*,#565,.T.);
#982=ORIENTED_EDGE('',*,*,#571,.F.);
#983=ORIENTED_EDGE('',*,*,#651,.T.);
#984=ORIENTED_EDGE('',*,*,#654,.T.);
#985=CYLINDRICAL_SURFACE('',#1088,3.);
#986=CYLINDRICAL_SURFACE('',#1092,3.);
#987=CYLINDRICAL_SURFACE('',#1109,3.);
#988=CYLINDRICAL_SURFACE('',#1122,3.);
#989=CYLINDRICAL_SURFACE('',#1123,3.);
#990=CYLINDRICAL_SURFACE('',#1124,5.49999973297091);
#991=CYLINDRICAL_SURFACE('',#1127,3.);
#992=CYLINDRICAL_SURFACE('',#1130,3.);
#993=CYLINDRICAL_SURFACE('',#1133,5.49999973297166);
#994=CYLINDRICAL_SURFACE('',#1149,3.);
#995=CYLINDRICAL_SURFACE('',#1152,3.);
#996=CYLINDRICAL_SURFACE('',#1154,5.49999973297166);
#997=CYLINDRICAL_SURFACE('',#1156,3.);
#998=CYLINDRICAL_SURFACE('',#1160,0.999999999999996);
#999=CYLINDRICAL_SURFACE('',#1162,1.00000000000001);
#1000=CYLINDRICAL_SURFACE('',#1165,1.);
#1001=CYLINDRICAL_SURFACE('',#1168,1.);
#1002=CYLINDRICAL_SURFACE('',#1172,1.);
#1003=CYLINDRICAL_SURFACE('',#1175,1.);
#1004=CYLINDRICAL_SURFACE('',#1176,1.25);
#1005=CYLINDRICAL_SURFACE('',#1180,1.55);
#1006=CYLINDRICAL_SURFACE('',#1182,5.49999973297166);
#1007=CYLINDRICAL_SURFACE('',#1185,1.25);
#1008=CYLINDRICAL_SURFACE('',#1186,1.25);
#1009=CYLINDRICAL_SURFACE('',#1188,1.25);
#1010=CYLINDRICAL_SURFACE('',#1189,1.25);
#1011=CYLINDRICAL_SURFACE('',#1192,5.49999973297166);
#1012=CYLINDRICAL_SURFACE('',#1194,0.999999999998506);
#1013=CYLINDRICAL_SURFACE('',#1197,0.999999999966661);
#1014=CYLINDRICAL_SURFACE('',#1199,5.49999973297166);
#1015=CYLINDRICAL_SURFACE('',#1200,5.49999973297166);
#1016=CYLINDRICAL_SURFACE('',#1201,0.999999999998506);
#1017=CYLINDRICAL_SURFACE('',#1203,0.999999999966661);
#1018=CYLINDRICAL_SURFACE('',#1204,5.49999973297166);
#1019=ADVANCED_FACE('',(#60),#985,.F.);
#1020=ADVANCED_FACE('',(#61),#40,.F.);
#1021=ADVANCED_FACE('',(#62),#986,.T.);
#1022=ADVANCED_FACE('',(#63),#41,.F.);
#1023=ADVANCED_FACE('',(#64,#20,#21),#42,.T.);
#1024=ADVANCED_FACE('',(#65),#987,.T.);
#1025=ADVANCED_FACE('',(#66,#22,#23),#43,.F.);
#1026=ADVANCED_FACE('',(#67),#988,.T.);
#1027=ADVANCED_FACE('',(#68),#989,.F.);
#1028=ADVANCED_FACE('',(#69),#990,.T.);
#1029=ADVANCED_FACE('',(#70),#991,.F.);
#1030=ADVANCED_FACE('',(#71),#992,.T.);
#1031=ADVANCED_FACE('',(#72),#993,.F.);
#1032=ADVANCED_FACE('',(#73,#24,#25),#44,.F.);
#1033=ADVANCED_FACE('',(#74),#994,.F.);
#1034=ADVANCED_FACE('',(#75),#45,.F.);
#1035=ADVANCED_FACE('',(#76),#995,.T.);
#1036=ADVANCED_FACE('',(#77),#996,.F.);
#1037=ADVANCED_FACE('',(#78),#997,.T.);
#1038=ADVANCED_FACE('',(#79),#46,.F.);
#1039=ADVANCED_FACE('',(#80),#998,.T.);
#1040=ADVANCED_FACE('',(#81),#999,.T.);
#1041=ADVANCED_FACE('',(#82),#47,.T.);
#1042=ADVANCED_FACE('',(#83),#15,.T.);
#1043=ADVANCED_FACE('',(#84),#1000,.F.);
#1044=ADVANCED_FACE('',(#85),#48,.T.);
#1045=ADVANCED_FACE('',(#86),#1001,.F.);
#1046=ADVANCED_FACE('',(#87),#49,.T.);
#1047=ADVANCED_FACE('',(#88),#1002,.T.);
#1048=ADVANCED_FACE('',(#89),#50,.T.);
#1049=ADVANCED_FACE('',(#90),#1003,.T.);
#1050=ADVANCED_FACE('',(#91),#1004,.F.);
#1051=ADVANCED_FACE('',(#92),#51,.F.);
#1052=ADVANCED_FACE('',(#93),#52,.F.);
#1053=ADVANCED_FACE('',(#94),#1005,.F.);
#1054=ADVANCED_FACE('',(#95),#1006,.T.);
#1055=ADVANCED_FACE('',(#96),#53,.T.);
#1056=ADVANCED_FACE('',(#97),#1007,.F.);
#1057=ADVANCED_FACE('',(#98),#1008,.F.);
#1058=ADVANCED_FACE('',(#99),#1009,.F.);
#1059=ADVANCED_FACE('',(#100),#1010,.F.);
#1060=ADVANCED_FACE('',(#101),#54,.F.);
#1061=ADVANCED_FACE('',(#102),#1011,.T.);
#1062=ADVANCED_FACE('',(#103),#1012,.F.);
#1063=ADVANCED_FACE('',(#104),#55,.F.);
#1064=ADVANCED_FACE('',(#105),#1013,.T.);
#1065=ADVANCED_FACE('',(#106),#1014,.F.);
#1066=ADVANCED_FACE('',(#107),#1015,.T.);
#1067=ADVANCED_FACE('',(#108),#1016,.F.);
#1068=ADVANCED_FACE('',(#109),#56,.F.);
#1069=ADVANCED_FACE('',(#110),#1017,.T.);
#1070=ADVANCED_FACE('',(#111),#1018,.F.);
#1071=ADVANCED_FACE('',(#112),#57,.F.);
#1072=ADVANCED_FACE('',(#113),#58,.F.);
#1073=ADVANCED_FACE('',(#114,#26,#27),#59,.T.);
#1074=CLOSED_SHELL('',(#1019,#1020,#1021,#1022,#1023,#1024,#1025,#1026,
#1027,#1028,#1029,#1030,#1031,#1032,#1033,#1034,#1035,#1036,#1037,#1038,
#1039,#1040,#1041,#1042,#1043,#1044,#1045,#1046,#1047,#1048,#1049,#1050,
#1051,#1052,#1053,#1054,#1055,#1056,#1057,#1058,#1059,#1060,#1061,#1062,
#1063,#1064,#1065,#1066,#1067,#1068,#1069,#1070,#1071,#1072,#1073));
#1075=DERIVED_UNIT_ELEMENT(#1077,1.);
#1076=DERIVED_UNIT_ELEMENT(#2056,-3.);
#1077=(
MASS_UNIT()
NAMED_UNIT(*)
SI_UNIT(.KILO.,.GRAM.)
);
#1078=DERIVED_UNIT((#1075,#1076));
#1079=MEASURE_REPRESENTATION_ITEM('density measure',
POSITIVE_RATIO_MEASURE(7850.),#1078);
#1080=PROPERTY_DEFINITION_REPRESENTATION(#1085,#1082);
#1081=PROPERTY_DEFINITION_REPRESENTATION(#1086,#1083);
#1082=REPRESENTATION('material name',(#1084),#2053);
#1083=REPRESENTATION('density',(#1079),#2053);
#1084=DESCRIPTIVE_REPRESENTATION_ITEM('Steel','Steel');
#1085=PROPERTY_DEFINITION('material property','material name',#2063);
#1086=PROPERTY_DEFINITION('material property','density of part',#2063);
#1087=AXIS2_PLACEMENT_3D('',#1531,#1208,#1209);
#1088=AXIS2_PLACEMENT_3D('',#1532,#1210,#1211);
#1089=AXIS2_PLACEMENT_3D('',#1535,#1212,#1213);
#1090=AXIS2_PLACEMENT_3D('',#1539,#1215,#1216);
#1091=AXIS2_PLACEMENT_3D('',#1541,#1218,#1219);
#1092=AXIS2_PLACEMENT_3D('',#1547,#1223,#1224);
#1093=AXIS2_PLACEMENT_3D('',#1550,#1225,#1226);
#1094=AXIS2_PLACEMENT_3D('',#1554,#1228,#1229);
#1095=AXIS2_PLACEMENT_3D('',#1556,#1231,#1232);
#1096=AXIS2_PLACEMENT_3D('',#1560,#1234,#1235);
#1097=AXIS2_PLACEMENT_3D('',#1562,#1237,#1238);
#1098=AXIS2_PLACEMENT_3D('',#1564,#1239,#1240);
#1099=AXIS2_PLACEMENT_3D('',#1565,#1241,#1242);
#1100=AXIS2_PLACEMENT_3D('',#1567,#1243,#1244);
#1101=AXIS2_PLACEMENT_3D('',#1569,#1245,#1246);
#1102=AXIS2_PLACEMENT_3D('',#1573,#1248,#1249);
#1103=AXIS2_PLACEMENT_3D('',#1575,#1250,#1251);
#1104=AXIS2_PLACEMENT_3D('',#1577,#1252,#1253);
#1105=AXIS2_PLACEMENT_3D('',#1579,#1254,#1255);
#1106=AXIS2_PLACEMENT_3D('',#1581,#1256,#1257);
#1107=AXIS2_PLACEMENT_3D('',#1613,#1262,#1263);
#1108=AXIS2_PLACEMENT_3D('',#1615,#1264,#1265);
#1109=AXIS2_PLACEMENT_3D('',#1616,#1266,#1267);
#1110=AXIS2_PLACEMENT_3D('',#1618,#1268,#1269);
#1111=AXIS2_PLACEMENT_3D('',#1620,#1271,#1272);
#1112=AXIS2_PLACEMENT_3D('',#1648,#1279,#1280);
#1113=AXIS2_PLACEMENT_3D('',#1650,#1281,#1282);
#1114=AXIS2_PLACEMENT_3D('',#1652,#1283,#1284);
#1115=AXIS2_PLACEMENT_3D('',#1654,#1285,#1286);
#1116=AXIS2_PLACEMENT_3D('',#1656,#1287,#1288);
#1117=AXIS2_PLACEMENT_3D('',#1660,#1290,#1291);
#1118=AXIS2_PLACEMENT_3D('',#1661,#1292,#1293);
#1119=AXIS2_PLACEMENT_3D('',#1662,#1294,#1295);
#1120=AXIS2_PLACEMENT_3D('',#1664,#1296,#1297);
#1121=AXIS2_PLACEMENT_3D('',#1666,#1298,#1299);
#1122=AXIS2_PLACEMENT_3D('',#1667,#1300,#1301);
#1123=AXIS2_PLACEMENT_3D('',#1670,#1304,#1305);
#1124=AXIS2_PLACEMENT_3D('',#1672,#1307,#1308);
#1125=AXIS2_PLACEMENT_3D('',#1676,#1310,#1311);
#1126=AXIS2_PLACEMENT_3D('',#1680,#1313,#1314);
#1127=AXIS2_PLACEMENT_3D('',#1696,#1316,#1317);
#1128=AXIS2_PLACEMENT_3D('',#1698,#1318,#1319);
#1129=AXIS2_PLACEMENT_3D('',#1701,#1321,#1322);
#1130=AXIS2_PLACEMENT_3D('',#1702,#1323,#1324);
#1131=AXIS2_PLACEMENT_3D('',#1704,#1325,#1326);
#1132=AXIS2_PLACEMENT_3D('',#1707,#1328,#1329);
#1133=AXIS2_PLACEMENT_3D('',#1708,#1330,#1331);
#1134=AXIS2_PLACEMENT_3D('',#1710,#1332,#1333);
#1135=AXIS2_PLACEMENT_3D('',#1713,#1335,#1336);
#1136=AXIS2_PLACEMENT_3D('',#1714,#1337,#1338);
#1137=AXIS2_PLACEMENT_3D('',#1744,#1346,#1347);
#1138=AXIS2_PLACEMENT_3D('',#1746,#1348,#1349);
#1139=AXIS2_PLACEMENT_3D('',#1748,#1350,#1351);
#1140=AXIS2_PLACEMENT_3D('',#1752,#1353,#1354);
#1141=AXIS2_PLACEMENT_3D('',#1754,#1355,#1356);
#1142=AXIS2_PLACEMENT_3D('',#1758,#1358,#1359);
#1143=AXIS2_PLACEMENT_3D('',#1762,#1361,#1362);
#1144=AXIS2_PLACEMENT_3D('',#1764,#1363,#1364);
#1145=AXIS2_PLACEMENT_3D('',#1766,#1365,#1366);
#1146=AXIS2_PLACEMENT_3D('',#1769,#1368,#1369);
#1147=AXIS2_PLACEMENT_3D('',#1771,#1370,#1371);
#1148=AXIS2_PLACEMENT_3D('',#1773,#1372,#1373);
#1149=AXIS2_PLACEMENT_3D('',#1774,#1374,#1375);
#1150=AXIS2_PLACEMENT_3D('',#1778,#1377,#1378);
#1151=AXIS2_PLACEMENT_3D('',#1780,#1380,#1381);
#1152=AXIS2_PLACEMENT_3D('',#1784,#1384,#1385);
#1153=AXIS2_PLACEMENT_3D('',#1786,#1386,#1387);
#1154=AXIS2_PLACEMENT_3D('',#1788,#1389,#1390);
#1155=AXIS2_PLACEMENT_3D('',#1791,#1392,#1393);
#1156=AXIS2_PLACEMENT_3D('',#1792,#1394,#1395);
#1157=AXIS2_PLACEMENT_3D('',#1794,#1396,#1397);
#1158=AXIS2_PLACEMENT_3D('',#1796,#1399,#1400);
#1159=AXIS2_PLACEMENT_3D('',#1798,#1401,#1402);
#1160=AXIS2_PLACEMENT_3D('',#1800,#1404,#1405);
#1161=AXIS2_PLACEMENT_3D('',#1803,#1406,#1407);
#1162=AXIS2_PLACEMENT_3D('',#1806,#1410,#1411);
#1163=AXIS2_PLACEMENT_3D('',#1808,#1412,#1413);
#1164=AXIS2_PLACEMENT_3D('',#1810,#1415,#1416);
#1165=AXIS2_PLACEMENT_3D('',#1968,#1418,#1419);
#1166=AXIS2_PLACEMENT_3D('',#1971,#1421,#1422);
#1167=AXIS2_PLACEMENT_3D('',#1972,#1423,#1424);
#1168=AXIS2_PLACEMENT_3D('',#1976,#1427,#1428);
#1169=AXIS2_PLACEMENT_3D('',#1977,#1429,#1430);
#1170=AXIS2_PLACEMENT_3D('',#1978,#1431,#1432);
#1171=AXIS2_PLACEMENT_3D('',#1981,#1434,#1435);
#1172=AXIS2_PLACEMENT_3D('',#1982,#1436,#1437);
#1173=AXIS2_PLACEMENT_3D('',#1984,#1439,#1440);
#1174=AXIS2_PLACEMENT_3D('',#1985,#1441,#1442);
#1175=AXIS2_PLACEMENT_3D('',#1986,#1443,#1444);
#1176=AXIS2_PLACEMENT_3D('',#1987,#1445,#1446);
#1177=AXIS2_PLACEMENT_3D('',#1990,#1447,#1448);
#1178=AXIS2_PLACEMENT_3D('',#1993,#1451,#1452);
#1179=AXIS2_PLACEMENT_3D('',#1997,#1455,#1456);
#1180=AXIS2_PLACEMENT_3D('',#2001,#1459,#1460);
#1181=AXIS2_PLACEMENT_3D('',#2004,#1462,#1463);
#1182=AXIS2_PLACEMENT_3D('',#2005,#1464,#1465);
#1183=AXIS2_PLACEMENT_3D('',#2007,#1466,#1467);
#1184=AXIS2_PLACEMENT_3D('',#2009,#1469,#1470);
#1185=AXIS2_PLACEMENT_3D('',#2011,#1472,#1473);
#1186=AXIS2_PLACEMENT_3D('',#2013,#1475,#1476);
#1187=AXIS2_PLACEMENT_3D('',#2016,#1478,#1479);
#1188=AXIS2_PLACEMENT_3D('',#2017,#1480,#1481);
#1189=AXIS2_PLACEMENT_3D('',#2019,#1483,#1484);
#1190=AXIS2_PLACEMENT_3D('',#2022,#1486,#1487);
#1191=AXIS2_PLACEMENT_3D('',#2023,#1488,#1489);
#1192=AXIS2_PLACEMENT_3D('',#2025,#1491,#1492);
#1193=AXIS2_PLACEMENT_3D('',#2026,#1493,#1494);
#1194=AXIS2_PLACEMENT_3D('',#2027,#1495,#1496);
#1195=AXIS2_PLACEMENT_3D('',#2029,#1497,#1498);
#1196=AXIS2_PLACEMENT_3D('',#2031,#1500,#1501);
#1197=AXIS2_PLACEMENT_3D('',#2035,#1504,#1505);
#1198=AXIS2_PLACEMENT_3D('',#2036,#1506,#1507);
#1199=AXIS2_PLACEMENT_3D('',#2037,#1508,#1509);
#1200=AXIS2_PLACEMENT_3D('',#2038,#1510,#1511);
#1201=AXIS2_PLACEMENT_3D('',#2040,#1513,#1514);
#1202=AXIS2_PLACEMENT_3D('',#2042,#1516,#1517);
#1203=AXIS2_PLACEMENT_3D('',#2044,#1519,#1520);
#1204=AXIS2_PLACEMENT_3D('',#2046,#1522,#1523);
#1205=AXIS2_PLACEMENT_3D('',#2047,#1524,#1525);
#1206=AXIS2_PLACEMENT_3D('',#2048,#1526,#1527);
#1207=AXIS2_PLACEMENT_3D('',#2050,#1529,#1530);
#1208=DIRECTION('axis',(0.,0.,1.));
#1209=DIRECTION('refdir',(1.,0.,0.));
#1210=DIRECTION('center_axis',(-1.,0.,-2.21491751253144E-16));
#1211=DIRECTION('ref_axis',(0.,-0.568796454121213,-0.822478324200179));
#1212=DIRECTION('center_axis',(1.,1.44137822228781E-29,1.93082265152201E-16));
#1213=DIRECTION('ref_axis',(0.,-0.568796454121213,-0.822478324200179));
#1214=DIRECTION('',(-1.,0.,-2.21491751253144E-16));
#1215=DIRECTION('center_axis',(-1.,-1.44137822228781E-29,-1.93082265152201E-16));
#1216=DIRECTION('ref_axis',(0.,-0.568796454121213,-0.822478324200179));
#1217=DIRECTION('',(1.,0.,2.21491751253144E-16));
#1218=DIRECTION('center_axis',(2.21491751253144E-16,3.25197124708159E-45,
-1.));
#1219=DIRECTION('ref_axis',(1.46821325339781E-29,-1.,0.));
#1220=DIRECTION('',(1.44137822228781E-29,-1.,-5.94373803548821E-47));
#1221=DIRECTION('',(1.,0.,2.21491751253144E-16));
#1222=DIRECTION('',(-1.44137822228781E-29,1.,5.94373803548821E-47));
#1223=DIRECTION('center_axis',(-1.,0.,-2.21491751253144E-16));
#1224=DIRECTION('ref_axis',(0.,-0.568796454121207,0.822478324200183));
#1225=DIRECTION('center_axis',(1.,1.44137822228781E-29,1.93082265152201E-16));
#1226=DIRECTION('ref_axis',(0.,-0.568796454121207,0.822478324200183));
#1227=DIRECTION('',(1.,0.,2.21491751253144E-16));
#1228=DIRECTION('center_axis',(-1.,-1.44137822228781E-29,-1.93082265152201E-16));
#1229=DIRECTION('ref_axis',(0.,-0.568796454121207,0.822478324200183));
#1230=DIRECTION('',(-1.,0.,-2.21491751253144E-16));
#1231=DIRECTION('center_axis',(2.21491751253144E-16,-1.04098516274434E-14,
-1.));
#1232=DIRECTION('ref_axis',(1.23706811420343E-29,-1.,1.04098516274434E-14));
#1233=DIRECTION('',(1.2403824490753E-29,-1.,1.04098516274434E-14));
#1234=DIRECTION('center_axis',(2.21491751253144E-16,-1.04098516274434E-14,
-1.));
#1235=DIRECTION('ref_axis',(0.707106781186548,0.707106781186548,-6.28036983473512E-15));
#1236=DIRECTION('',(-1.2403824490753E-29,1.,-1.04098516274434E-14));
#1237=DIRECTION('center_axis',(1.,1.44137822228781E-29,1.93082265152201E-16));
#1238=DIRECTION('ref_axis',(-1.26247801488775E-29,1.,-9.26549143490883E-15));
#1239=DIRECTION('center_axis',(-1.,-1.44137822228781E-29,-1.93082265152201E-16));
#1240=DIRECTION('ref_axis',(0.,-1.,-3.25197124708159E-45));
#1241=DIRECTION('center_axis',(-1.,-1.44137822228781E-29,-1.93082265152201E-16));
#1242=DIRECTION('ref_axis',(0.,0.568796454121213,0.822478324200179));
#1243=DIRECTION('center_axis',(1.,1.44137822228781E-29,1.93082265152201E-16));
#1244=DIRECTION('ref_axis',(0.,1.,3.25197124708159E-45));
#1245=DIRECTION('center_axis',(-1.,-1.44137822228781E-29,-1.93082265152201E-16));
#1246=DIRECTION('ref_axis',(2.19897069501865E-16,-0.119781602760209,-0.992800265733343));
#1247=DIRECTION('',(-2.31277031844872E-17,-0.992800265733343,0.119781602760205));
#1248=DIRECTION('center_axis',(1.,1.44137822228781E-29,1.93082265152201E-16));
#1249=DIRECTION('ref_axis',(-2.19897069501865E-16,0.119781602760206,0.992800265733343));
#1250=DIRECTION('center_axis',(-1.,-1.44137822228781E-29,-1.93082265152201E-16));
#1251=DIRECTION('ref_axis',(-1.94488700847123E-30,-1.,8.78085525744209E-15));
#1252=DIRECTION('center_axis',(-1.,-1.44137822228781E-29,-1.93082265152201E-16));
#1253=DIRECTION('ref_axis',(0.,-0.155521747575772,-0.987832468605369));
#1254=DIRECTION('center_axis',(1.,1.44137822228781E-29,1.93082265152201E-16));
#1255=DIRECTION('ref_axis',(0.,-0.568796454121161,-0.822478324200215));
#1256=DIRECTION('center_axis',(1.,1.44137822228781E-29,1.93082265152201E-16));
#1257=DIRECTION('ref_axis',(1.50672855598826E-29,1.,-6.80263959024917E-14));
#1258=DIRECTION('',(0.,0.,-1.));
#1259=DIRECTION('',(4.04830698699882E-17,0.97777275089104,-0.20966746913856));
#1260=DIRECTION('',(-1.26247801488775E-29,1.,-9.26549143490883E-15));
#1261=DIRECTION('',(1.93082265152201E-16,-9.26794872730565E-15,-1.));
#1262=DIRECTION('center_axis',(-1.,-1.44137822228781E-29,-1.93082265152201E-16));
#1263=DIRECTION('ref_axis',(0.,1.,0.));
#1264=DIRECTION('center_axis',(-1.,-1.44137822228781E-29,-1.93082265152201E-16));
#1265=DIRECTION('ref_axis',(0.,1.,0.));
#1266=DIRECTION('center_axis',(-1.,0.,-2.21491751253144E-16));
#1267=DIRECTION('ref_axis',(0.,0.568796454121213,0.822478324200179));
#1268=DIRECTION('center_axis',(1.,1.44137822228781E-29,1.93082265152201E-16));
#1269=DIRECTION('ref_axis',(0.,0.568796454121213,0.822478324200179));
#1270=DIRECTION('',(-1.,0.,-2.21491751253144E-16));
#1271=DIRECTION('center_axis',(1.,1.44137822228781E-29,1.93082265152201E-16));
#1272=DIRECTION('ref_axis',(-1.26247801488775E-29,1.,-9.26549143490883E-15));
#1273=DIRECTION('',(-1.93082265152201E-16,9.26794872730565E-15,1.));
#1274=DIRECTION('',(0.,1.,-9.26549143490883E-15));
#1275=DIRECTION('',(1.93082265152201E-16,-9.26549143490883E-15,-1.));
#1276=DIRECTION('',(4.04830698699882E-17,0.97777275089104,-0.20966746913856));
#1277=DIRECTION('',(-1.93082265152201E-16,9.26794872730565E-15,1.));
#1278=DIRECTION('',(0.,1.,0.));
#1279=DIRECTION('center_axis',(1.,0.,0.));
#1280=DIRECTION('ref_axis',(1.50672855598826E-29,1.,-6.80263959024917E-14));
#1281=DIRECTION('center_axis',(-1.,-1.44137822228781E-29,-1.93082265152201E-16));
#1282=DIRECTION('ref_axis',(0.,-0.568796454121161,-0.822478324200215));
#1283=DIRECTION('center_axis',(1.,1.44137822228781E-29,1.93082265152201E-16));
#1284=DIRECTION('ref_axis',(0.,-0.155521747575772,-0.987832468605369));
#1285=DIRECTION('center_axis',(1.,1.44137822228781E-29,1.93082265152201E-16));
#1286=DIRECTION('ref_axis',(-1.94488700847123E-30,-1.,8.78085525744209E-15));
#1287=DIRECTION('center_axis',(-1.,-1.44137822228781E-29,-1.93082265152201E-16));
#1288=DIRECTION('ref_axis',(-2.19897069501865E-16,0.119781602760206,0.992800265733343));
#1289=DIRECTION('',(2.31277031844872E-17,0.992800265733343,-0.119781602760205));
#1290=DIRECTION('center_axis',(1.,1.44137822228781E-29,1.93082265152201E-16));
#1291=DIRECTION('ref_axis',(2.19897069501865E-16,-0.119781602760209,-0.992800265733343));
#1292=DIRECTION('center_axis',(-1.,-1.44137822228781E-29,-1.93082265152201E-16));
#1293=DIRECTION('ref_axis',(0.,1.,3.25197124708159E-45));
#1294=DIRECTION('center_axis',(1.,1.44137822228781E-29,1.93082265152201E-16));
#1295=DIRECTION('ref_axis',(0.,-1.,-3.25197124708159E-45));
#1296=DIRECTION('center_axis',(1.,1.44137822228781E-29,1.93082265152201E-16));
#1297=DIRECTION('ref_axis',(0.,1.,0.));
#1298=DIRECTION('center_axis',(1.,1.44137822228781E-29,1.93082265152201E-16));
#1299=DIRECTION('ref_axis',(0.,1.,0.));
#1300=DIRECTION('center_axis',(-1.,0.,0.));
#1301=DIRECTION('ref_axis',(0.,-0.155521747575772,-0.987832468605369));
#1302=DIRECTION('',(-1.,0.,0.));
#1303=DIRECTION('',(1.,0.,0.));
#1304=DIRECTION('center_axis',(-1.,0.,-2.21491751253144E-16));
#1305=DIRECTION('ref_axis',(0.,-0.568796454121161,-0.822478324200215));
#1306=DIRECTION('',(1.,0.,2.21491751253144E-16));
#1307=DIRECTION('center_axis',(-1.,0.,-2.21491751253144E-16));
#1308=DIRECTION('ref_axis',(-2.17374104209493E-16,-0.191925596120272,0.981409479042198));
#1309=DIRECTION('',(-1.,0.,-2.21491751253144E-16));
#1310=DIRECTION('center_axis',(-1.,0.,0.));
#1311=DIRECTION('ref_axis',(1.50672855598826E-29,1.,-6.80263959024917E-14));
#1312=DIRECTION('',(1.,0.,0.));
#1313=DIRECTION('center_axis',(-1.,-1.44137822228781E-29,-1.93082265152201E-16));
#1314=DIRECTION('ref_axis',(1.50672855598826E-29,1.,-6.80263959024917E-14));
#1315=DIRECTION('',(1.,0.,2.21491751253144E-16));
#1316=DIRECTION('center_axis',(1.,0.,0.));
#1317=DIRECTION('ref_axis',(0.,0.938840489559268,0.344352341598129));
#1318=DIRECTION('center_axis',(1.,1.44137822228781E-29,1.93082265152201E-16));
#1319=DIRECTION('ref_axis',(0.,0.938840489559268,0.344352341598129));
#1320=DIRECTION('',(-1.,0.,0.));
#1321=DIRECTION('center_axis',(-1.,-1.44137822228781E-29,-1.93082265152201E-16));
#1322=DIRECTION('ref_axis',(0.,0.938840489559268,0.344352341598129));
#1323=DIRECTION('center_axis',(-1.,0.,-2.21491751253144E-16));
#1324=DIRECTION('ref_axis',(0.,0.568796454121157,0.822478324200218));
#1325=DIRECTION('center_axis',(-1.,-1.44137822228781E-29,-1.93082265152201E-16));
#1326=DIRECTION('ref_axis',(0.,0.568796454121157,0.822478324200218));
#1327=DIRECTION('',(-1.,0.,-2.21491751253144E-16));
#1328=DIRECTION('center_axis',(1.,1.44137822228781E-29,1.93082265152201E-16));
#1329=DIRECTION('ref_axis',(0.,0.568796454121157,0.822478324200218));
#1330=DIRECTION('center_axis',(-1.,0.,-2.21491751253144E-16));
#1331=DIRECTION('ref_axis',(-1.94488700847123E-30,-1.,8.78085525744209E-15));
#1332=DIRECTION('center_axis',(-1.,-1.44137822228781E-29,-1.93082265152201E-16));
#1333=DIRECTION('ref_axis',(-1.94488700847123E-30,-1.,8.78085525744209E-15));
#1334=DIRECTION('',(-1.,0.,-2.21491751253144E-16));
#1335=DIRECTION('center_axis',(1.,1.44137822228781E-29,1.93082265152201E-16));
#1336=DIRECTION('ref_axis',(-1.94488700847123E-30,-1.,8.78085525744209E-15));
#1337=DIRECTION('center_axis',(-1.,-1.44137822228781E-29,-1.93082265152201E-16));
#1338=DIRECTION('ref_axis',(1.26247801488775E-29,-1.,9.26549143490883E-15));
#1339=DIRECTION('',(0.,1.,0.));
#1340=DIRECTION('',(1.93082265152201E-16,-9.26794872730565E-15,-1.));
#1341=DIRECTION('',(-4.04830698699882E-17,-0.97777275089104,0.20966746913856));
#1342=DIRECTION('',(-1.93082265152201E-16,9.26549143490883E-15,1.));
#1343=DIRECTION('',(0.,-1.,9.26549143490883E-15));
#1344=DIRECTION('',(1.93082265152201E-16,-9.26794872730565E-15,-1.));
#1345=DIRECTION('',(1.2403824490753E-29,-1.,1.04098516274434E-14));
#1346=DIRECTION('center_axis',(-1.,-1.44137822228781E-29,-1.93082265152201E-16));
#1347=DIRECTION('ref_axis',(0.,-0.568796454121207,0.822478324200183));
#1348=DIRECTION('center_axis',(-1.,-1.44137822228781E-29,-1.93082265152201E-16));
#1349=DIRECTION('ref_axis',(0.,-1.,-3.25197124708159E-45));
#1350=DIRECTION('center_axis',(-1.,-1.44137822228781E-29,-1.93082265152201E-16));
#1351=DIRECTION('ref_axis',(0.,0.568796454121213,0.822478324200179));
#1352=DIRECTION('',(1.44137822228781E-29,-1.,-5.94373803548821E-47));
#1353=DIRECTION('center_axis',(1.,1.44137822228781E-29,1.93082265152201E-16));
#1354=DIRECTION('ref_axis',(0.,-0.568796454121213,-0.822478324200179));
#1355=DIRECTION('center_axis',(1.,1.44137822228781E-29,1.93082265152201E-16));
#1356=DIRECTION('ref_axis',(0.,1.,3.25197124708159E-45));
#1357=DIRECTION('',(-1.43804958290242E-29,1.,-1.7239487960018E-16));
#1358=DIRECTION('center_axis',(1.,1.44137822228781E-29,1.93082265152201E-16));
#1359=DIRECTION('ref_axis',(0.,-0.707106781186547,-0.707106781186548));
#1360=DIRECTION('',(1.93082265152201E-16,3.36431219583381E-15,-1.));
#1361=DIRECTION('center_axis',(1.,1.44137822228781E-29,1.93082265152201E-16));
#1362=DIRECTION('ref_axis',(0.,-1.,-8.88178419700125E-16));
#1363=DIRECTION('center_axis',(1.,1.44137822228781E-29,1.93082265152201E-16));
#1364=DIRECTION('ref_axis',(0.,1.,3.25197124708159E-45));
#1365=DIRECTION('center_axis',(-1.,-1.44137822228781E-29,-1.93082265152201E-16));
#1366=DIRECTION('ref_axis',(2.19897069501865E-16,-0.119781602760209,-0.992800265733343));
#1367=DIRECTION('',(-2.31277031844872E-17,-0.992800265733343,0.119781602760205));
#1368=DIRECTION('center_axis',(1.,1.44137822228781E-29,1.93082265152201E-16));
#1369=DIRECTION('ref_axis',(-2.19897069501865E-16,0.119781602760206,0.992800265733343));
#1370=DIRECTION('center_axis',(-1.,-1.44137822228781E-29,-1.93082265152201E-16));
#1371=DIRECTION('ref_axis',(0.,1.,0.));
#1372=DIRECTION('center_axis',(-1.,-1.44137822228781E-29,-1.93082265152201E-16));
#1373=DIRECTION('ref_axis',(0.,1.,0.));
#1374=DIRECTION('center_axis',(-1.,0.,-2.21491751253144E-16));
#1375=DIRECTION('ref_axis',(0.,-0.568796454121213,-0.822478324200179));
#1376=DIRECTION('',(-1.,0.,-2.21491751253144E-16));
#1377=DIRECTION('center_axis',(-1.,-1.44137822228781E-29,-1.93082265152201E-16));
#1378=DIRECTION('ref_axis',(0.,-0.568796454121213,-0.822478324200179));
#1379=DIRECTION('',(1.,0.,2.21491751253144E-16));
#1380=DIRECTION('center_axis',(2.21491751253144E-16,3.25197124708159E-45,
-1.));
#1381=DIRECTION('ref_axis',(1.46821325339781E-29,-1.,0.));
#1382=DIRECTION('',(1.,0.,2.21491751253144E-16));
#1383=DIRECTION('',(-1.44137822228781E-29,1.,5.94373803548821E-47));
#1384=DIRECTION('center_axis',(-1.,0.,-2.21491751253144E-16));
#1385=DIRECTION('ref_axis',(0.,0.568796454121213,0.822478324200179));
#1386=DIRECTION('center_axis',(1.,1.44137822228781E-29,1.93082265152201E-16));
#1387=DIRECTION('ref_axis',(0.,0.568796454121213,0.822478324200179));
#1388=DIRECTION('',(-1.,0.,-2.21491751253144E-16));
#1389=DIRECTION('center_axis',(-1.,0.,-2.21491751253144E-16));
#1390=DIRECTION('ref_axis',(0.,-1.,-3.25197124708159E-45));
#1391=DIRECTION('',(1.,0.,2.21491751253144E-16));
#1392=DIRECTION('center_axis',(1.,1.44137822228781E-29,1.93082265152201E-16));
#1393=DIRECTION('ref_axis',(0.,-1.,-3.25197124708159E-45));
#1394=DIRECTION('center_axis',(-1.,0.,-2.21491751253144E-16));
#1395=DIRECTION('ref_axis',(0.,-0.568796454121207,0.822478324200183));
#1396=DIRECTION('center_axis',(1.,1.44137822228781E-29,1.93082265152201E-16));
#1397=DIRECTION('ref_axis',(0.,-0.568796454121207,0.822478324200183));
#1398=DIRECTION('',(-1.,0.,-2.21491751253144E-16));
#1399=DIRECTION('center_axis',(2.21491751253144E-16,-1.04098516274434E-14,
-1.));
#1400=DIRECTION('ref_axis',(1.23706811420343E-29,-1.,1.04098516274434E-14));
#1401=DIRECTION('center_axis',(2.21491751253144E-16,-1.04098516274434E-14,
-1.));
#1402=DIRECTION('ref_axis',(0.707106781186551,0.707106781186544,-6.2803698347351E-15));
#1403=DIRECTION('',(-1.2403824490753E-29,1.,-1.04098516274434E-14));
#1404=DIRECTION('center_axis',(0.,0.,1.));
#1405=DIRECTION('ref_axis',(1.33226762955019E-14,-1.,0.));
#1406=DIRECTION('center_axis',(0.,-0.20966746913856,-0.97777275089104));
#1407=DIRECTION('ref_axis',(1.30265498506838E-14,-0.97777275089104,0.20966746913856));
#1408=DIRECTION('',(0.,0.,-1.));
#1409=DIRECTION('',(0.,0.,-1.));
#1410=DIRECTION('center_axis',(0.,0.,1.));
#1411=DIRECTION('ref_axis',(1.,0.,0.));
#1412=DIRECTION('center_axis',(0.,-0.20966746913856,-0.97777275089104));
#1413=DIRECTION('ref_axis',(0.,0.97777275089104,-0.20966746913856));
#1414=DIRECTION('',(0.,0.,-1.));
#1415=DIRECTION('center_axis',(1.2624370927488E-29,-1.,9.26794872730565E-15));
#1416=DIRECTION('ref_axis',(1.,1.41677944377031E-29,1.66533453693786E-16));
#1417=DIRECTION('',(1.,1.26243709274879E-29,-2.70709108984749E-30));
#1418=DIRECTION('center_axis',(-1.93082265152201E-16,9.26549143490883E-15,
1.));
#1419=DIRECTION('ref_axis',(0.707106781186551,-0.707106781186544,6.2803698347351E-15));
#1420=DIRECTION('',(-1.93082265152201E-16,9.26549143490883E-15,1.));
#1421=DIRECTION('center_axis',(0.,0.20966746913856,0.97777275089104));
#1422=DIRECTION('ref_axis',(6.78466138056445E-16,-0.97777275089104,0.20966746913856));
#1423=DIRECTION('center_axis',(-2.35922392732844E-16,1.,-9.26549143490883E-15));
#1424=DIRECTION('ref_axis',(0.,9.26549143490883E-15,1.));
#1425=DIRECTION('',(1.93082265152201E-16,-9.26549143490883E-15,-1.));
#1426=DIRECTION('',(-1.,-2.35922392732844E-16,5.05897213358944E-17));
#1427=DIRECTION('center_axis',(1.93082265152201E-16,-9.26549143490883E-15,
-1.));
#1428=DIRECTION('ref_axis',(-0.70710678118655,-0.707106781186545,6.28036983473509E-15));
#1429=DIRECTION('center_axis',(0.,0.20966746913856,0.97777275089104));
#1430=DIRECTION('ref_axis',(2.37463148319756E-15,-0.97777275089104,0.20966746913856));
#1431=DIRECTION('center_axis',(1.66533453693786E-16,-9.26549143490883E-15,
-1.));
#1432=DIRECTION('ref_axis',(1.,1.41677944377031E-29,1.66533453693786E-16));
#1433=DIRECTION('',(1.26247801488775E-29,-1.,9.26549143490883E-15));
#1434=DIRECTION('center_axis',(-1.66533453693786E-16,9.26549143490883E-15,
1.));
#1435=DIRECTION('ref_axis',(-0.707106781186548,0.707106781186548,-6.28036983473512E-15));
#1436=DIRECTION('center_axis',(1.93082265152201E-16,-9.26794872730565E-15,
-1.));
#1437=DIRECTION('ref_axis',(0.707106781186551,0.707106781186544,-6.2803698347351E-15));
#1438=DIRECTION('',(-1.93082265152201E-16,9.26794872730565E-15,1.));
#1439=DIRECTION('center_axis',(1.66533453693786E-16,-9.26549143490883E-15,
-1.));
#1440=DIRECTION('ref_axis',(1.,1.41677944377031E-29,1.66533453693786E-16));
#1441=DIRECTION('center_axis',(-1.66533453693786E-16,9.26549143490883E-15,
1.));
#1442=DIRECTION('ref_axis',(-0.707106781186551,0.707106781186544,-6.2803698347351E-15));
#1443=DIRECTION('center_axis',(-1.93082265152201E-16,9.26794872730565E-15,
1.));
#1444=DIRECTION('ref_axis',(0.707106781186548,0.707106781186548,-6.28036983473512E-15));
#1445=DIRECTION('center_axis',(1.,0.,0.));
#1446=DIRECTION('ref_axis',(0.,-0.707106781186547,-0.707106781186548));
#1447=DIRECTION('center_axis',(-1.,-1.44137822228781E-29,-1.93082265152201E-16));
#1448=DIRECTION('ref_axis',(0.,-0.707106781186547,-0.707106781186548));
#1449=DIRECTION('',(1.,0.,0.));
#1450=DIRECTION('',(-1.,0.,0.));
#1451=DIRECTION('center_axis',(0.,-1.,-3.36431219583381E-15));
#1452=DIRECTION('ref_axis',(-3.84207731834602E-32,3.36431219583381E-15,
-1.));
#1453=DIRECTION('',(1.93082265152201E-16,3.36431219583381E-15,-1.));
#1454=DIRECTION('',(1.,0.,0.));
#1455=DIRECTION('center_axis',(0.,-1.7239487960018E-16,-1.));
#1456=DIRECTION('ref_axis',(-6.90917165821751E-34,1.,-1.7239487960018E-16));
#1457=DIRECTION('',(-1.,0.,-2.21491751253144E-16));
#1458=DIRECTION('',(-1.43804958290242E-29,1.,-1.7239487960018E-16));
#1459=DIRECTION('center_axis',(1.,0.,0.));
#1460=DIRECTION('ref_axis',(0.,-1.,-8.88178419700125E-16));
#1461=DIRECTION('',(1.,0.,0.));
#1462=DIRECTION('center_axis',(1.,1.44137822228781E-29,1.93082265152201E-16));
#1463=DIRECTION('ref_axis',(0.,-1.,-8.88178419700125E-16));
#1464=DIRECTION('center_axis',(-1.,0.,-2.21491751253144E-16));
#1465=DIRECTION('ref_axis',(0.,1.,3.25197124708159E-45));
#1466=DIRECTION('center_axis',(-1.,-1.44137822228781E-29,-1.93082265152201E-16));
#1467=DIRECTION('ref_axis',(0.,1.,3.25197124708159E-45));
#1468=DIRECTION('',(-1.,0.,-2.21491751253144E-16));
#1469=DIRECTION('center_axis',(0.,0.20966746913856,0.97777275089104));
#1470=DIRECTION('ref_axis',(-1.1733260219354E-45,0.97777275089104,-0.20966746913856));
#1471=DIRECTION('',(1.,1.26243709274879E-29,-2.70709108984749E-30));
#1472=DIRECTION('center_axis',(-1.,0.,0.));
#1473=DIRECTION('ref_axis',(0.,1.,0.));
#1474=DIRECTION('',(-1.,0.,0.));
#1475=DIRECTION('center_axis',(-1.,0.,0.));
#1476=DIRECTION('ref_axis',(0.,1.,0.));
#1477=DIRECTION('',(-1.,0.,0.));
#1478=DIRECTION('center_axis',(1.,1.44137822228781E-29,1.93082265152201E-16));
#1479=DIRECTION('ref_axis',(0.,1.,0.));
#1480=DIRECTION('center_axis',(-1.,0.,0.));
#1481=DIRECTION('ref_axis',(0.,1.,0.));
#1482=DIRECTION('',(-1.,0.,0.));
#1483=DIRECTION('center_axis',(-1.,0.,0.));
#1484=DIRECTION('ref_axis',(0.,1.,0.));
#1485=DIRECTION('',(-1.,0.,0.));
#1486=DIRECTION('center_axis',(1.,1.44137822228781E-29,1.93082265152201E-16));
#1487=DIRECTION('ref_axis',(0.,1.,0.));
#1488=DIRECTION('center_axis',(0.,0.,-1.));
#1489=DIRECTION('ref_axis',(-1.,0.,0.));
#1490=DIRECTION('',(1.,1.2624370927488E-29,0.));
#1491=DIRECTION('center_axis',(-1.,0.,-2.21491751253144E-16));
#1492=DIRECTION('ref_axis',(0.,1.,3.25197124708159E-45));
#1493=DIRECTION('center_axis',(-1.,-1.44137822228781E-29,-1.93082265152201E-16));
#1494=DIRECTION('ref_axis',(0.,1.,3.25197124708159E-45));
#1495=DIRECTION('center_axis',(-1.,0.,-2.21491751253144E-16));
#1496=DIRECTION('ref_axis',(2.19897069501865E-16,-0.119781602760209,-0.992800265733343));
#1497=DIRECTION('center_axis',(1.,1.44137822228781E-29,1.93082265152201E-16));
#1498=DIRECTION('ref_axis',(2.19897069501865E-16,-0.119781602760209,-0.992800265733343));
#1499=DIRECTION('',(-1.,0.,-2.21491751253144E-16));
#1500=DIRECTION('center_axis',(2.19897069501865E-16,-0.119781602760205,
-0.992800265733343));
#1501=DIRECTION('ref_axis',(-2.65968586621621E-17,-0.992800265733343,0.119781602760205));
#1502=DIRECTION('',(2.31277031844872E-17,0.992800265733343,-0.119781602760205));
#1503=DIRECTION('',(-1.,0.,-2.21491751253144E-16));
#1504=DIRECTION('center_axis',(-1.,0.,-2.21491751253144E-16));
#1505=DIRECTION('ref_axis',(-2.19897069501865E-16,0.119781602760206,0.992800265733343));
#1506=DIRECTION('center_axis',(-1.,-1.44137822228781E-29,-1.93082265152201E-16));
#1507=DIRECTION('ref_axis',(-2.19897069501865E-16,0.119781602760206,0.992800265733343));
#1508=DIRECTION('center_axis',(-1.,0.,-2.21491751253144E-16));
#1509=DIRECTION('ref_axis',(0.,-1.,-3.25197124708159E-45));
#1510=DIRECTION('center_axis',(-1.,0.,-2.21491751253144E-16));
#1511=DIRECTION('ref_axis',(0.,1.,3.25197124708159E-45));
#1512=DIRECTION('',(-1.,0.,-2.21491751253144E-16));
#1513=DIRECTION('center_axis',(-1.,0.,-2.21491751253144E-16));
#1514=DIRECTION('ref_axis',(2.19897069501865E-16,-0.119781602760209,-0.992800265733343));
#1515=DIRECTION('',(-1.,0.,-2.21491751253144E-16));
#1516=DIRECTION('center_axis',(2.19897069501865E-16,-0.119781602760205,
-0.992800265733343));
#1517=DIRECTION('ref_axis',(-2.65968586621621E-17,-0.992800265733343,0.119781602760205));
#1518=DIRECTION('',(-1.,0.,-2.21491751253144E-16));
#1519=DIRECTION('center_axis',(-1.,0.,-2.21491751253144E-16));
#1520=DIRECTION('ref_axis',(-2.19897069501865E-16,0.119781602760206,0.992800265733343));
#1521=DIRECTION('',(-1.,0.,-2.21491751253144E-16));
#1522=DIRECTION('center_axis',(-1.,0.,-2.21491751253144E-16));
#1523=DIRECTION('ref_axis',(-1.94488700847123E-30,-1.,8.78085525744209E-15));
#1524=DIRECTION('center_axis',(1.2624370927488E-29,-1.,9.26794872730565E-15));
#1525=DIRECTION('ref_axis',(1.,1.41677944377031E-29,1.66533453693786E-16));
#1526=DIRECTION('center_axis',(0.,0.20966746913856,0.97777275089104));
#1527=DIRECTION('ref_axis',(-1.1733260219354E-45,0.97777275089104,-0.20966746913856));
#1528=DIRECTION('',(-4.04830698699882E-17,-0.97777275089104,0.20966746913856));
#1529=DIRECTION('center_axis',(-1.,-1.44137822228781E-29,-1.93082265152201E-16));
#1530=DIRECTION('ref_axis',(1.26247801488775E-29,-1.,9.26549143490883E-15));
#1531=CARTESIAN_POINT('',(0.,0.,0.));
#1532=CARTESIAN_POINT('Origin',(28.4800013160704,0.0542061927375903,5.48380000000001));
#1533=CARTESIAN_POINT('',(28.4800013160704,-2.75273033364213,4.4249764373252));
#1534=CARTESIAN_POINT('',(28.4800013160704,0.0542061927375892,2.48380000000001));
#1535=CARTESIAN_POINT('Origin',(28.4800013160704,0.0542061927375903,5.48380000000001));
#1536=CARTESIAN_POINT('',(26.4800013160704,0.0542061927375892,2.48380000000001));
#1537=CARTESIAN_POINT('',(28.4800013160704,0.0542061927375903,2.48380000000001));
#1538=CARTESIAN_POINT('',(26.4800013160704,-2.75273033364213,4.4249764373252));
#1539=CARTESIAN_POINT('Origin',(26.4800013160704,0.0542061927375903,5.48380000000001));
#1540=CARTESIAN_POINT('',(28.4800013160704,-2.75273033364213,4.4249764373252));
#1541=CARTESIAN_POINT('Origin',(28.4800013160704,4.60121988486727,2.48380000000001));
#1542=CARTESIAN_POINT('',(28.4800013160704,2.14823304294027,2.48380000000001));
#1543=CARTESIAN_POINT('',(28.4800013160704,-26.284389924052,2.48380000000001));
#1544=CARTESIAN_POINT('',(26.4800013160704,2.14823304294027,2.48380000000001));
#1545=CARTESIAN_POINT('',(28.4800013160704,2.14823304294027,2.48380000000001));
#1546=CARTESIAN_POINT('',(26.4800013160704,-26.284389924052,2.48380000000001));
#1547=CARTESIAN_POINT('Origin',(28.4800013160704,18.0542061927376,-0.516200000000018));
#1548=CARTESIAN_POINT('',(26.4800013160704,18.0542061927376,2.48379999999998));
#1549=CARTESIAN_POINT('',(26.4800013160704,15.2472696663579,0.542623562674803));
#1550=CARTESIAN_POINT('Origin',(26.4800013160704,18.0542061927376,-0.516200000000018));
#1551=CARTESIAN_POINT('',(28.4800013160704,15.2472696663579,0.542623562674804));
#1552=CARTESIAN_POINT('',(28.4800013160704,15.2472696663579,0.542623562674803));
#1553=CARTESIAN_POINT('',(28.4800013160704,18.0542061927376,2.48379999999998));
#1554=CARTESIAN_POINT('Origin',(28.4800013160704,18.0542061927376,-0.516200000000018));
#1555=CARTESIAN_POINT('',(28.4800013160704,18.0542061927376,2.48379999999998));
#1556=CARTESIAN_POINT('Origin',(28.4800013160704,24.0000002670284,2.48379999999992));
#1557=CARTESIAN_POINT('',(28.4800013160704,23.0000002670285,2.48379999999993));
#1558=CARTESIAN_POINT('',(28.4800013160704,-16.5849997329714,2.48380000000034));
#1559=CARTESIAN_POINT('',(26.4800013160704,23.0000002670285,2.48379999999993));
#1560=CARTESIAN_POINT('Origin',(27.4800013160704,23.0000002670285,2.48379999999993));
#1561=CARTESIAN_POINT('',(26.4800013160704,-16.5849997329714,2.48380000000034));
#1562=CARTESIAN_POINT('Origin',(28.4800013160704,-57.1699997329713,-12.0161999999995));
#1563=CARTESIAN_POINT('',(28.4800013160704,4.95516956931999,0.54262356267482));
#1564=CARTESIAN_POINT('Origin',(28.4800013160704,10.1012196178389,2.48380000000001));
#1565=CARTESIAN_POINT('Origin',(28.4800013160704,2.14823304294027,-0.516199999999991));
#1566=CARTESIAN_POINT('',(28.4800013160704,-13.3987801151327,2.48380000000001));
#1567=CARTESIAN_POINT('Origin',(28.4800013160704,-7.89878038216107,2.48380000000001));
#1568=CARTESIAN_POINT('',(28.4800013160704,-14.5185617178913,1.49099973426815));
#1569=CARTESIAN_POINT('Origin',(28.4800013160704,-14.3987801151312,2.48380000000001));
#1570=CARTESIAN_POINT('',(28.4800013160704,-30.1467834732233,3.37654863544901));
#1571=CARTESIAN_POINT('',(28.4800013160704,-34.7351744083681,3.9301391604234));
#1572=CARTESIAN_POINT('',(28.4800013160704,-31.2517089508873,2.55547939683752));
#1573=CARTESIAN_POINT('Origin',(28.4800013160704,-30.2665650759795,2.38374836974876));
#1574=CARTESIAN_POINT('',(28.4800013160704,-41.8336224418784,1.6060622131622));
#1575=CARTESIAN_POINT('Origin',(28.4800013160704,-36.6699999999995,3.50000000000012));
#1576=CARTESIAN_POINT('',(28.4800013160704,-44.1835786678289,3.5365025941839));
#1577=CARTESIAN_POINT('Origin',(28.4800013160704,-44.6501439105562,0.573005188367788));
#1578=CARTESIAN_POINT('',(28.4800013160704,-46.5239499514813,5.44117643732514));
#1579=CARTESIAN_POINT('Origin',(28.4800013160704,-43.7170134251016,6.5));
#1580=CARTESIAN_POINT('',(28.4800013160702,-56.1699997329712,6.66227757572538));
#1581=CARTESIAN_POINT('Origin',(28.4800013160704,-51.6699999999995,3.50000000000012));
#1582=CARTESIAN_POINT('',(28.4800013160704,-56.1699997329712,-2.21443374132423));
#1583=CARTESIAN_POINT('',(28.4800013160704,-56.1699997329712,-12.0162000000001));
#1584=CARTESIAN_POINT('',(28.4800013160704,-17.6122335013427,-10.4825198114817));
#1585=CARTESIAN_POINT('',(28.4800013160704,-56.1433034847931,-2.22015831770039));
#1586=CARTESIAN_POINT('',(28.4800013160704,-3.14517813078258,-12.0162));
#1587=CARTESIAN_POINT('Ctrl Pts',(28.4800013160704,-3.14517813078273,-12.0162));
#1588=CARTESIAN_POINT('Ctrl Pts',(28.4800013160704,-3.83794586518005,-12.0162));
#1589=CARTESIAN_POINT('Ctrl Pts',(28.4800013160704,-4.41199518998144,-12.0136301745572));
#1590=CARTESIAN_POINT('Ctrl Pts',(28.4800013160704,-4.9168703266496,-12.0092794294055));
#1591=CARTESIAN_POINT('Ctrl Pts',(28.4800013160704,-5.42174546331776,-12.0049286842538));
#1592=CARTESIAN_POINT('Ctrl Pts',(28.4800013160704,-5.8574464118527,-11.9987970193931));
#1593=CARTESIAN_POINT('Ctrl Pts',(28.4800013160704,-6.25114098572295,-11.9910885616566));
#1594=CARTESIAN_POINT('Ctrl Pts',(28.4800013160704,-7.03853013346345,-11.9756716461835));
#1595=CARTESIAN_POINT('Ctrl Pts',(28.4800013160704,-7.6578937825452,-11.9539475592069));
#1596=CARTESIAN_POINT('Ctrl Pts',(28.4800013160704,-8.2145930148517,-11.9269089347875));
#1597=CARTESIAN_POINT('Ctrl Pts',(28.4800013160704,-9.32799147946468,-11.8728316859487));
#1598=CARTESIAN_POINT('Ctrl Pts',(28.4800013160704,-10.1907322769766,-11.7974962873384));
#1599=CARTESIAN_POINT('Ctrl Pts',(28.4800013160704,-11.1265992300066,-11.6789686249252));
#1600=CARTESIAN_POINT('Ctrl Pts',(28.4800013160704,-11.5945327065216,-11.6197047937187));
#1601=CARTESIAN_POINT('Ctrl Pts',(28.4800013160704,-12.0807477219161,-11.5496428965614));
#1602=CARTESIAN_POINT('Ctrl Pts',(28.4800013160704,-12.6320919653951,-11.4593031124046));
#1603=CARTESIAN_POINT('Ctrl Pts',(28.4800013160704,-13.183436208874,-11.3689633282479));
#1604=CARTESIAN_POINT('Ctrl Pts',(28.4800013160704,-13.7999096804374,-11.2583456570917));
#1605=CARTESIAN_POINT('Ctrl Pts',(28.4800013160704,-14.5684242968595,-11.1093602066861));
#1606=CARTESIAN_POINT('Ctrl Pts',(28.4800013160704,-15.3369389132816,-10.9603747562805));
#1607=CARTESIAN_POINT('Ctrl Pts',(28.4800013160704,-16.2574946745623,-10.7730215266256));
#1608=CARTESIAN_POINT('Ctrl Pts',(28.4800013160704,-17.6122335013427,-10.4825198114817));
#1609=CARTESIAN_POINT('',(28.4800013160704,23.0000002670283,-12.0162000000002));
#1610=CARTESIAN_POINT('',(28.4800013160704,-57.1699997329713,-12.0161999999995));
#1611=CARTESIAN_POINT('',(28.4800013160704,23.0000002670283,-12.0162000000002));
#1612=CARTESIAN_POINT('',(28.4800013160704,-9.14878038216107,2.4838));
#1613=CARTESIAN_POINT('Origin',(28.4800013160704,-7.89878038216107,2.4838));
#1614=CARTESIAN_POINT('',(28.4800013160704,-52.9199999999995,3.50000000000011));
#1615=CARTESIAN_POINT('Origin',(28.4800013160704,-51.6699999999995,3.50000000000011));
#1616=CARTESIAN_POINT('Origin',(28.4800013160704,2.14823304294027,-0.516199999999991));
#1617=CARTESIAN_POINT('',(26.4800013160704,4.95516956931999,0.54262356267482));
#1618=CARTESIAN_POINT('Origin',(26.4800013160704,2.14823304294027,-0.516199999999992));
#1619=CARTESIAN_POINT('',(28.4800013160704,4.95516956931999,0.54262356267482));
#1620=CARTESIAN_POINT('Origin',(26.4800013160704,-57.1699997329713,-12.0161999999995));
#1621=CARTESIAN_POINT('',(26.4800019999937,23.0000002670283,-12.0162000000002));
#1622=CARTESIAN_POINT('',(26.4800013160704,23.0000002670283,-12.0162000000002));
#1623=CARTESIAN_POINT('',(26.4800019999937,-3.14517813078308,-12.0162));
#1624=CARTESIAN_POINT('',(26.4800019999937,3.70750026702843,-12.0162));
#1625=CARTESIAN_POINT('',(26.4800013160704,-9.46000000000013,-11.8490367811149));
#1626=CARTESIAN_POINT('Ctrl Pts',(26.4800013160704,-9.46081832771986,-11.8496540084501));
#1627=CARTESIAN_POINT('Ctrl Pts',(26.4800013160704,-9.07202657018199,-11.8798241489628));
#1628=CARTESIAN_POINT('Ctrl Pts',(26.4800013160704,-8.66370143233275,-11.9050959465182));
#1629=CARTESIAN_POINT('Ctrl Pts',(26.4800013160704,-8.21459301485169,-11.9269089347875));
#1630=CARTESIAN_POINT('Ctrl Pts',(26.4800013160704,-7.6578937825452,-11.9539475592069));
#1631=CARTESIAN_POINT('Ctrl Pts',(26.4800013160704,-7.03853013346345,-11.9756716461835));
#1632=CARTESIAN_POINT('Ctrl Pts',(26.4800013160704,-6.25114098572295,-11.9910885616566));
#1633=CARTESIAN_POINT('Ctrl Pts',(26.4800013160704,-5.8574464118527,-11.9987970193931));
#1634=CARTESIAN_POINT('Ctrl Pts',(26.4800013160704,-5.42174546331776,-12.0049286842538));
#1635=CARTESIAN_POINT('Ctrl Pts',(26.4800013160704,-4.9168703266496,-12.0092794294055));
#1636=CARTESIAN_POINT('Ctrl Pts',(26.4800013160704,-4.41199518998152,-12.0136301745572));
#1637=CARTESIAN_POINT('Ctrl Pts',(26.4800013160704,-3.83794586518024,-12.0162));
#1638=CARTESIAN_POINT('Ctrl Pts',(26.4800013160704,-3.14517813078308,-12.0162));
#1639=CARTESIAN_POINT('',(26.4800013160704,-9.46000000000011,-10.1851686798594));
#1640=CARTESIAN_POINT('',(26.4800013160704,-9.46000000000009,-8.39119999999992));
#1641=CARTESIAN_POINT('',(26.4800013160704,-55.1699997329712,-0.383402421183713));
#1642=CARTESIAN_POINT('',(26.4800013160704,-55.7239685465159,-0.264612815918309));
#1643=CARTESIAN_POINT('',(26.4800019999937,-55.1699997329712,5.00000000000023));
#1644=CARTESIAN_POINT('',(26.4800013160704,-55.1699997329713,-12.0161999999995));
#1645=CARTESIAN_POINT('',(26.4800019999937,-56.961502344578,5.00000000000023));
#1646=CARTESIAN_POINT('',(26.4800019999937,-57.1699997329711,5.00000000000023));
#1647=CARTESIAN_POINT('',(26.4800019999937,-46.5239499514813,5.44117643732514));
#1648=CARTESIAN_POINT('Origin',(26.4800019999937,-51.6699999999995,3.50000000000012));
#1649=CARTESIAN_POINT('',(26.4800013160704,-44.1835786678289,3.5365025941839));
#1650=CARTESIAN_POINT('Origin',(26.4800013160704,-43.7170134251016,6.5));
#1651=CARTESIAN_POINT('',(26.4800013160704,-41.8336224418784,1.6060622131622));
#1652=CARTESIAN_POINT('Origin',(26.4800013160704,-44.6501439105562,0.573005188367788));
#1653=CARTESIAN_POINT('',(26.4800013160704,-31.2517089508873,2.55547939683752));
#1654=CARTESIAN_POINT('Origin',(26.4800013160704,-36.6699999999995,3.50000000000012));
#1655=CARTESIAN_POINT('',(26.4800013160704,-30.1467834732233,3.37654863544901));
#1656=CARTESIAN_POINT('Origin',(26.4800013160704,-30.2665650759795,2.38374836974876));
#1657=CARTESIAN_POINT('',(26.4800013160704,-14.5185617178913,1.49099973426815));
#1658=CARTESIAN_POINT('',(26.4800013160704,-34.7351744083681,3.9301391604234));
#1659=CARTESIAN_POINT('',(26.4800013160704,-13.3987801151327,2.48380000000001));
#1660=CARTESIAN_POINT('Origin',(26.4800013160704,-14.3987801151312,2.48380000000001));
#1661=CARTESIAN_POINT('Origin',(26.4800013160704,-7.89878038216107,2.48380000000001));
#1662=CARTESIAN_POINT('Origin',(26.4800013160704,10.1012196178389,2.48380000000001));
#1663=CARTESIAN_POINT('',(26.4800013160704,-9.14878038216107,2.4838));
#1664=CARTESIAN_POINT('Origin',(26.4800013160704,-7.89878038216107,2.4838));
#1665=CARTESIAN_POINT('',(26.4800013160704,-52.9199999999995,3.50000000000011));
#1666=CARTESIAN_POINT('Origin',(26.4800013160704,-51.6699999999995,3.50000000000011));
#1667=CARTESIAN_POINT('Origin',(28.4800013160704,-44.6501439105562,0.573005188367788));
#1668=CARTESIAN_POINT('',(28.4800013160704,-41.8336224418784,1.6060622131622));
#1669=CARTESIAN_POINT('',(28.4800013160704,-44.1835786678289,3.5365025941839));
#1670=CARTESIAN_POINT('Origin',(28.4800013160704,-43.7170134251016,6.5));
#1671=CARTESIAN_POINT('',(28.4800013160704,-46.5239499514813,5.44117643732514));
#1672=CARTESIAN_POINT('Origin',(28.4800013160704,-51.6699999999995,3.50000000000012));
#1673=CARTESIAN_POINT('',(-26.4800019999945,-56.961502344578,5.00000000000023));
#1674=CARTESIAN_POINT('',(28.4800013160704,-56.961502344578,5.00000000000023));
#1675=CARTESIAN_POINT('',(-26.4800019999945,-46.5063775581213,5.39393778683773));
#1676=CARTESIAN_POINT('Origin',(-26.4800019999945,-51.6699999999995,3.50000000000011));
#1677=CARTESIAN_POINT('',(-28.4800013160713,-46.5063775581213,5.39393778683773));
#1678=CARTESIAN_POINT('',(28.4800013160704,-46.5063775581213,5.39393778683774));
#1679=CARTESIAN_POINT('',(-28.4800013160714,-56.1699997329712,6.66227757572534));
#1680=CARTESIAN_POINT('Origin',(-28.4800013160713,-51.6699999999995,3.50000000000011));
#1681=CARTESIAN_POINT('',(-27.4800013160711,-57.1699997329712,3.50000000000011));
#1682=CARTESIAN_POINT('Ctrl Pts',(-28.4800013160713,-56.1699997329712,6.66227757572537));
#1683=CARTESIAN_POINT('Ctrl Pts',(-28.4800013160713,-56.4594651399865,6.25036109367065));
#1684=CARTESIAN_POINT('Ctrl Pts',(-28.3414087050787,-56.7228059063368,5.72459125864419));
#1685=CARTESIAN_POINT('Ctrl Pts',(-28.0008183540048,-57.0633962574108,4.72312092868279));
#1686=CARTESIAN_POINT('Ctrl Pts',(-27.7184110527653,-57.1699997329712,4.05912037956989));
#1687=CARTESIAN_POINT('Ctrl Pts',(-27.4800013160713,-57.1699997329712,3.50000000000011));
#1688=CARTESIAN_POINT('',(27.4800013160706,-57.1699997329712,3.50000000000012));
#1689=CARTESIAN_POINT('',(28.4800013160704,-57.1699997329712,3.50000000000017));
#1690=CARTESIAN_POINT('Ctrl Pts',(27.4800013160704,-57.1699997329712,3.50000000000012));
#1691=CARTESIAN_POINT('Ctrl Pts',(27.7023221002107,-57.1699997329712,4.02138844217728));
#1692=CARTESIAN_POINT('Ctrl Pts',(27.9448287999244,-57.0918891920903,4.58543214137161));
#1693=CARTESIAN_POINT('Ctrl Pts',(28.3314004661411,-56.7539480692315,5.67453284214145));
#1694=CARTESIAN_POINT('Ctrl Pts',(28.4800013160704,-56.4958919996776,6.19852476527824));
#1695=CARTESIAN_POINT('Ctrl Pts',(28.4800013160704,-56.1699997329712,6.66227757572538));
#1696=CARTESIAN_POINT('Origin',(28.4800013160704,-43.6898560894435,6.42699481163213));
#1697=CARTESIAN_POINT('',(-26.4800013160713,-44.1564213321708,3.46349740581601));
#1698=CARTESIAN_POINT('Origin',(-26.4800013160713,-43.6898560894435,6.42699481163213));
#1699=CARTESIAN_POINT('',(-28.4800013160713,-44.1564213321708,3.46349740581601));
#1700=CARTESIAN_POINT('',(28.4800013160704,-44.1564213321708,3.46349740581602));
#1701=CARTESIAN_POINT('Origin',(-28.4800013160713,-43.6898560894435,6.42699481163213));
#1702=CARTESIAN_POINT('Origin',(28.4800013160704,-44.6229865748981,0.499999999999908));
#1703=CARTESIAN_POINT('',(-26.4800013160713,-41.8160500485184,1.55882356267478));
#1704=CARTESIAN_POINT('Origin',(-26.4800013160713,-44.6229865748981,0.499999999999896));
#1705=CARTESIAN_POINT('',(-28.4800013160713,-41.8160500485184,1.55882356267478));
#1706=CARTESIAN_POINT('',(28.4800013160704,-41.8160500485184,1.55882356267479));
#1707=CARTESIAN_POINT('Origin',(-28.4800013160713,-44.6229865748981,0.499999999999896));
#1708=CARTESIAN_POINT('Origin',(28.4800013160704,-36.6699999999995,3.50000000000012));
#1709=CARTESIAN_POINT('',(-26.4800013160713,-31.2517089508873,2.55547939683751));
#1710=CARTESIAN_POINT('Origin',(-26.4800013160713,-36.6699999999995,3.50000000000011));
#1711=CARTESIAN_POINT('',(-28.4800013160713,-31.2517089508873,2.55547939683751));
#1712=CARTESIAN_POINT('',(28.4800013160704,-31.2517089508873,2.55547939683752));
#1713=CARTESIAN_POINT('Origin',(-28.4800013160713,-36.6699999999995,3.50000000000011));
#1714=CARTESIAN_POINT('Origin',(-26.4800013160713,24.0000002670283,-12.0162000000002));
#1715=CARTESIAN_POINT('',(-26.4800019999945,-55.1699997329712,5.00000000000023));
#1716=CARTESIAN_POINT('',(-26.4800019999945,-57.1699997329711,5.00000000000023));
#1717=CARTESIAN_POINT('',(-26.4800013160713,-55.1699997329712,-0.383402421183714));
#1718=CARTESIAN_POINT('',(-26.4800013160713,-55.1699997329713,-12.0161999999995));
#1719=CARTESIAN_POINT('',(-26.4800013160713,-9.46000000000012,-10.1851686798594));
#1720=CARTESIAN_POINT('',(-26.4800013160713,-16.9231033129696,-8.58482751456925));
#1721=CARTESIAN_POINT('',(-26.4800013160713,-9.46000000000014,-11.8490367811149));
#1722=CARTESIAN_POINT('',(-26.4800013160713,-9.46000000000011,-8.39119999999992));
#1723=CARTESIAN_POINT('',(-26.4800019999945,-3.14517813078268,-12.0162));
#1724=CARTESIAN_POINT('Ctrl Pts',(-26.4800019999945,-3.14517813078268,-12.0162));
#1725=CARTESIAN_POINT('Ctrl Pts',(-26.4800019999945,-3.83794586518001,-12.0162));
#1726=CARTESIAN_POINT('Ctrl Pts',(-26.4800019999945,-4.4119951899814,-12.0136301745573));
#1727=CARTESIAN_POINT('Ctrl Pts',(-26.4800019999945,-4.91687032664956,-12.0092794294055));
#1728=CARTESIAN_POINT('Ctrl Pts',(-26.4800019999945,-5.42174546331772,-12.0049286842538));
#1729=CARTESIAN_POINT('Ctrl Pts',(-26.4800019999945,-5.85744641185266,-11.9987970193931));
#1730=CARTESIAN_POINT('Ctrl Pts',(-26.4800019999945,-6.25114098572291,-11.9910885616566));
#1731=CARTESIAN_POINT('Ctrl Pts',(-26.4800019999945,-7.03853013346341,-11.9756716461835));
#1732=CARTESIAN_POINT('Ctrl Pts',(-26.4800019999945,-7.65789378254516,-11.9539475592069));
#1733=CARTESIAN_POINT('Ctrl Pts',(-26.4800019999945,-8.21459301485165,-11.9269089347875));
#1734=CARTESIAN_POINT('Ctrl Pts',(-26.4800019999945,-8.66370143233272,-11.9050959465182));
#1735=CARTESIAN_POINT('Ctrl Pts',(-26.4800019999946,-9.07202657018199,-11.8798241489628));
#1736=CARTESIAN_POINT('Ctrl Pts',(-26.4800019999946,-9.46081832771987,-11.8496540084501));
#1737=CARTESIAN_POINT('',(-26.4800019999945,23.0000002670283,-12.0162000000002));
#1738=CARTESIAN_POINT('',(-26.4800019999945,3.70750026702836,-12.0162));
#1739=CARTESIAN_POINT('',(-26.4800013160713,23.0000002670285,2.48379999999992));
#1740=CARTESIAN_POINT('',(-26.4800013160713,23.0000002670283,-12.0162000000002));
#1741=CARTESIAN_POINT('',(-26.4800013160713,18.0542061927376,2.48379999999997));
#1742=CARTESIAN_POINT('',(-26.4800013160713,24.0000002670285,2.48379999999991));
#1743=CARTESIAN_POINT('',(-26.4800013160713,15.2472696663579,0.542623562674792));
#1744=CARTESIAN_POINT('Origin',(-26.4800013160713,18.0542061927376,-0.51620000000003));
#1745=CARTESIAN_POINT('',(-26.4800013160713,4.95516956931999,0.542623562674808));
#1746=CARTESIAN_POINT('Origin',(-26.4800013160713,10.1012196178389,2.4838));
#1747=CARTESIAN_POINT('',(-26.4800013160713,2.14823304294027,2.4838));
#1748=CARTESIAN_POINT('Origin',(-26.4800013160713,2.14823304294027,-0.516200000000004));
#1749=CARTESIAN_POINT('',(-26.4800013160713,0.0542061927375892,2.4838));
#1750=CARTESIAN_POINT('',(-26.4800013160713,14.3006100759478,2.4838));
#1751=CARTESIAN_POINT('',(-26.4800013160713,-2.75273033364213,4.42497643732518));
#1752=CARTESIAN_POINT('Origin',(-26.4800013160713,0.0542061927375903,5.4838));
#1753=CARTESIAN_POINT('',(-26.4800013160713,-2.93322179699773,4.84879999999998));
#1754=CARTESIAN_POINT('Origin',(-26.4800013160713,-7.89878038216107,2.4838));
#1755=CARTESIAN_POINT('',(-26.4800013160713,-6.78999999999999,4.84880000000001));
#1756=CARTESIAN_POINT('',(-26.4800013160713,8.75500013351416,4.84880000000001));
#1757=CARTESIAN_POINT('',(-26.4800013160713,-8.03999999999999,6.09880000000001));
#1758=CARTESIAN_POINT('Origin',(-26.4800013160713,-6.78999999999999,6.09880000000001));
#1759=CARTESIAN_POINT('',(-26.4800013160713,-8.03999999999999,7.05880000000001));
#1760=CARTESIAN_POINT('',(-26.4800013160713,-8.03999999999996,-2.47870000000016));
#1761=CARTESIAN_POINT('',(-26.4800013160713,-7.73553305917628,7.98137650007952));
#1762=CARTESIAN_POINT('Origin',(-26.4800013160713,-6.48999999999999,7.05880000000001));
#1763=CARTESIAN_POINT('',(-26.4800013160713,-13.3987801151327,2.4838));
#1764=CARTESIAN_POINT('Origin',(-26.4800013160713,-7.89878038216107,2.4838));
#1765=CARTESIAN_POINT('',(-26.4800013160713,-14.5185617178913,1.49099973426814));
#1766=CARTESIAN_POINT('Origin',(-26.4800013160713,-14.3987801151312,2.4838));
#1767=CARTESIAN_POINT('',(-26.4800013160713,-30.1467834732233,3.37654863544899));
#1768=CARTESIAN_POINT('',(-26.4800013160713,5.26752693230915,-0.896196857712895));
#1769=CARTESIAN_POINT('Origin',(-26.4800013160713,-30.2665650759795,2.38374836974875));
#1770=CARTESIAN_POINT('',(-26.4800013160713,-9.14878038216107,2.4838));
#1771=CARTESIAN_POINT('Origin',(-26.4800013160713,-7.89878038216107,2.4838));
#1772=CARTESIAN_POINT('',(-26.4800013160713,-52.9199999999995,3.50000000000011));
#1773=CARTESIAN_POINT('Origin',(-26.4800013160713,-51.6699999999995,3.50000000000011));
#1774=CARTESIAN_POINT('Origin',(28.4800013160704,0.0542061927375903,5.48380000000001));
#1775=CARTESIAN_POINT('',(-28.4800013160713,0.0542061927375892,2.4838));
#1776=CARTESIAN_POINT('',(28.4800013160704,0.0542061927375903,2.48380000000001));
#1777=CARTESIAN_POINT('',(-28.4800013160713,-2.75273033364213,4.42497643732518));
#1778=CARTESIAN_POINT('Origin',(-28.4800013160713,0.0542061927375903,5.4838));
#1779=CARTESIAN_POINT('',(28.4800013160704,-2.75273033364213,4.4249764373252));
#1780=CARTESIAN_POINT('Origin',(28.4800013160704,4.60121988486727,2.48380000000001));
#1781=CARTESIAN_POINT('',(-28.4800013160713,2.14823304294027,2.4838));
#1782=CARTESIAN_POINT('',(28.4800013160704,2.14823304294027,2.48380000000001));
#1783=CARTESIAN_POINT('',(-28.4800013160713,14.3006100759478,2.4838));
#1784=CARTESIAN_POINT('Origin',(28.4800013160704,2.14823304294027,-0.516199999999991));
#1785=CARTESIAN_POINT('',(-28.4800013160713,4.95516956931999,0.542623562674807));
#1786=CARTESIAN_POINT('Origin',(-28.4800013160713,2.14823304294027,-0.516200000000004));
#1787=CARTESIAN_POINT('',(28.4800013160704,4.95516956931999,0.54262356267482));
#1788=CARTESIAN_POINT('Origin',(28.4800013160704,10.1012196178389,2.48380000000001));
#1789=CARTESIAN_POINT('',(-28.4800013160713,15.2472696663579,0.542623562674791));
#1790=CARTESIAN_POINT('',(28.4800013160704,15.2472696663579,0.542623562674803));
#1791=CARTESIAN_POINT('Origin',(-28.4800013160713,10.1012196178389,2.4838));
#1792=CARTESIAN_POINT('Origin',(28.4800013160704,18.0542061927376,-0.516200000000018));
#1793=CARTESIAN_POINT('',(-28.4800013160713,18.0542061927376,2.48379999999997));
#1794=CARTESIAN_POINT('Origin',(-28.4800013160713,18.0542061927376,-0.51620000000003));
#1795=CARTESIAN_POINT('',(28.4800013160704,18.0542061927376,2.48379999999998));
#1796=CARTESIAN_POINT('Origin',(28.4800013160704,24.0000002670284,2.48379999999992));
#1797=CARTESIAN_POINT('',(-28.4800013160713,23.0000002670285,2.48379999999992));
#1798=CARTESIAN_POINT('Origin',(-27.4800013160713,23.0000002670285,2.48379999999992));
#1799=CARTESIAN_POINT('',(-28.4800013160713,24.0000002670285,2.48379999999991));
#1800=CARTESIAN_POINT('Origin',(-27.4800013160713,-56.1699997329712,-12.0162000000001));
#1801=CARTESIAN_POINT('',(-27.4800013160713,-57.1699997329712,-1.99999999999989));
#1802=CARTESIAN_POINT('',(-28.4800013160713,-56.1699997329712,-2.21443374132423));
#1803=CARTESIAN_POINT('Origin',(-27.4800013160713,-56.1699997329712,-2.21443374132423));
#1804=CARTESIAN_POINT('',(-27.4800013160713,-57.1699997329713,-12.0162000000001));
#1805=CARTESIAN_POINT('',(-28.4800013160713,-56.1699997329712,-12.0162000000001));
#1806=CARTESIAN_POINT('Origin',(27.4800013160704,-56.1699997329712,-12.0162000000001));
#1807=CARTESIAN_POINT('',(27.4800013160704,-57.1699997329712,-1.99999999999989));
#1808=CARTESIAN_POINT('Origin',(27.4800013160704,-56.1699997329712,-2.21443374132423));
#1809=CARTESIAN_POINT('',(27.4800013160704,-57.1699997329713,-12.0162000000001));
#1810=CARTESIAN_POINT('Origin',(-28.4800013160713,-57.1699997329713,-12.0161999999995));
#1811=CARTESIAN_POINT('',(-4.2854608750531E-13,-57.1699997329712,-1.99999999999988));
#1812=CARTESIAN_POINT('Ctrl Pts',(28.4800013160704,-3.14517813078273,-12.0162));
#1813=CARTESIAN_POINT('Ctrl Pts',(9.49333377202321,-3.14517813078271,-12.0162));
#1814=CARTESIAN_POINT('Ctrl Pts',(-9.49333377202402,-3.1451781307827,-12.0162));
#1815=CARTESIAN_POINT('Ctrl Pts',(-28.4800013160713,-3.14517813078268,-12.0162));
#1816=CARTESIAN_POINT('Ctrl Pts',(28.4800013160704,-3.83794586518005,-12.0162));
#1817=CARTESIAN_POINT('Ctrl Pts',(9.49333377202322,-3.83794586518003,-12.0162));
#1818=CARTESIAN_POINT('Ctrl Pts',(-9.49333377202403,-3.83794586518002,-12.0162));
#1819=CARTESIAN_POINT('Ctrl Pts',(-28.4800013160713,-3.83794586518001,-12.0162));
#1820=CARTESIAN_POINT('Ctrl Pts',(28.4800013160704,-4.98604451478283,-12.0110603491145));
#1821=CARTESIAN_POINT('Ctrl Pts',(9.49333377202319,-4.98604451478281,-12.0110603491145));
#1822=CARTESIAN_POINT('Ctrl Pts',(-9.49333377202401,-4.9860445147828,-12.0110603491145));
#1823=CARTESIAN_POINT('Ctrl Pts',(-28.4800013160713,-4.98604451478278,-12.0110603491145));
#1824=CARTESIAN_POINT('Ctrl Pts',(28.4800013160704,-6.72884830892258,-11.9865336896717));
#1825=CARTESIAN_POINT('Ctrl Pts',(9.49333377202323,-6.72884830892256,-11.9865336896717));
#1826=CARTESIAN_POINT('Ctrl Pts',(-9.49333377202405,-6.72884830892255,-11.9865336896717));
#1827=CARTESIAN_POINT('Ctrl Pts',(-28.4800013160713,-6.72884830892253,-11.9865336896717));
#1828=CARTESIAN_POINT('Ctrl Pts',(28.4800013160704,-8.8966210807087,-11.9104993852539));
#1829=CARTESIAN_POINT('Ctrl Pts',(9.49333377202316,-8.89662108070869,-11.9104993852539));
#1830=CARTESIAN_POINT('Ctrl Pts',(-9.49333377202399,-8.89662108070867,-11.9104993852539));
#1831=CARTESIAN_POINT('Ctrl Pts',(-28.4800013160713,-8.89662108070866,-11.9104993852539));
#1832=CARTESIAN_POINT('Ctrl Pts',(28.4800013160704,-10.6221026757326,-11.7598285880332));
#1833=CARTESIAN_POINT('Ctrl Pts',(9.49333377202326,-10.6221026757326,-11.7598285880332));
#1834=CARTESIAN_POINT('Ctrl Pts',(-9.4933337720241,-10.6221026757326,-11.7598285880332));
#1835=CARTESIAN_POINT('Ctrl Pts',(-28.4800013160713,-10.6221026757326,-11.7598285880332));
#1836=CARTESIAN_POINT('Ctrl Pts',(28.4800013160704,-12.5669627373106,-11.4795809994041));
#1837=CARTESIAN_POINT('Ctrl Pts',(9.49333377202315,-12.5669627373106,-11.4795809994041));
#1838=CARTESIAN_POINT('Ctrl Pts',(-9.493333772024,-12.5669627373106,-11.4795809994041));
#1839=CARTESIAN_POINT('Ctrl Pts',(-28.4800013160713,-12.5669627373106,-11.4795809994041));
#1840=CARTESIAN_POINT('Ctrl Pts',(28.4800013160704,-14.4163831520008,-11.1477279859355));
#1841=CARTESIAN_POINT('Ctrl Pts',(9.49333377202325,-14.4163831520008,-11.1477279859355));
#1842=CARTESIAN_POINT('Ctrl Pts',(-9.4933337720241,-14.4163831520008,-11.1477279859355));
#1843=CARTESIAN_POINT('Ctrl Pts',(-28.4800013160713,-14.4163831520008,-11.1477279859355));
#1844=CARTESIAN_POINT('Ctrl Pts',(28.4800013160704,-16.2574946745623,-10.7730215266256));
#1845=CARTESIAN_POINT('Ctrl Pts',(9.49333377202316,-16.2574946745622,-10.7730215266256));
#1846=CARTESIAN_POINT('Ctrl Pts',(-9.49333377202402,-16.2574946745622,-10.7730215266256));
#1847=CARTESIAN_POINT('Ctrl Pts',(-28.4800013160713,-16.2574946745622,-10.7730215266256));
#1848=CARTESIAN_POINT('Ctrl Pts',(28.4800013160704,-17.6122335013427,-10.4825198114817));
#1849=CARTESIAN_POINT('Ctrl Pts',(9.49333377202319,-17.6122335013427,-10.4825198114817));
#1850=CARTESIAN_POINT('Ctrl Pts',(-9.49333377202404,-17.6122335013427,-10.4825198114817));
#1851=CARTESIAN_POINT('Ctrl Pts',(-28.4800013160713,-17.6122335013427,-10.4825198114817));
#1852=CARTESIAN_POINT('',(-28.4800013160713,-17.6122335013427,-10.4825198114817));
#1853=CARTESIAN_POINT('',(-28.4800013160713,-3.14517813078268,-12.0162));
#1854=CARTESIAN_POINT('Ctrl Pts',(-28.4800013160713,-17.6122335013427,-10.4825198114817));
#1855=CARTESIAN_POINT('Ctrl Pts',(-28.4800013160713,-16.2574946745622,-10.7730215266256));
#1856=CARTESIAN_POINT('Ctrl Pts',(-28.4800013160713,-15.3369389132815,-10.9603747562805));
#1857=CARTESIAN_POINT('Ctrl Pts',(-28.4800013160713,-14.5684242968594,-11.1093602066861));
#1858=CARTESIAN_POINT('Ctrl Pts',(-28.4800013160713,-13.7999096804374,-11.2583456570917));
#1859=CARTESIAN_POINT('Ctrl Pts',(-28.4800013160713,-13.183436208874,-11.3689633282479));
#1860=CARTESIAN_POINT('Ctrl Pts',(-28.4800013160713,-12.632091965395,-11.4593031124046));
#1861=CARTESIAN_POINT('Ctrl Pts',(-28.4800013160713,-12.0807477219161,-11.5496428965614));
#1862=CARTESIAN_POINT('Ctrl Pts',(-28.4800013160713,-11.5945327065216,-11.6197047937187));
#1863=CARTESIAN_POINT('Ctrl Pts',(-28.4800013160713,-11.1265992300066,-11.6789686249252));
#1864=CARTESIAN_POINT('Ctrl Pts',(-28.4800013160713,-10.1907322769766,-11.7974962873384));
#1865=CARTESIAN_POINT('Ctrl Pts',(-28.4800013160713,-9.32799147946464,-11.8728316859487));
#1866=CARTESIAN_POINT('Ctrl Pts',(-28.4800013160713,-8.21459301485165,-11.9269089347875));
#1867=CARTESIAN_POINT('Ctrl Pts',(-28.4800013160713,-7.65789378254516,-11.9539475592069));
#1868=CARTESIAN_POINT('Ctrl Pts',(-28.4800013160713,-7.03853013346341,-11.9756716461835));
#1869=CARTESIAN_POINT('Ctrl Pts',(-28.4800013160713,-6.25114098572291,-11.9910885616566));
#1870=CARTESIAN_POINT('Ctrl Pts',(-28.4800013160713,-5.85744641185266,-11.9987970193931));
#1871=CARTESIAN_POINT('Ctrl Pts',(-28.4800013160713,-5.42174546331772,-12.0049286842538));
#1872=CARTESIAN_POINT('Ctrl Pts',(-28.4800013160713,-4.91687032664956,-12.0092794294055));
#1873=CARTESIAN_POINT('Ctrl Pts',(-28.4800013160713,-4.4119951899814,-12.0136301745573));
#1874=CARTESIAN_POINT('Ctrl Pts',(-28.4800013160712,-3.83794586518001,-12.0162));
#1875=CARTESIAN_POINT('Ctrl Pts',(-28.4800013160712,-3.14517813078268,-12.0162));
#1876=CARTESIAN_POINT('Ctrl Pts',(-28.4800013160713,-3.14517813078268,-12.0162));
#1877=CARTESIAN_POINT('Ctrl Pts',(-27.813334877379,-3.14517813078268,-12.0162));
#1878=CARTESIAN_POINT('Ctrl Pts',(-27.1466684386868,-3.14517813078268,-12.0162));
#1879=CARTESIAN_POINT('Ctrl Pts',(-26.4800019999945,-3.14517813078268,-12.0162));
#1880=CARTESIAN_POINT('',(-25.4800013160713,-10.4600000000001,-11.7567391859616));
#1881=CARTESIAN_POINT('Ctrl Pts',(-26.4800013160713,-9.46081832771849,-11.8496540084502));
#1882=CARTESIAN_POINT('Ctrl Pts',(-26.4800011352979,-9.52524431070174,-11.8446545687204));
#1883=CARTESIAN_POINT('Ctrl Pts',(-26.4738073534287,-9.58945791748997,-11.8394936496862));
#1884=CARTESIAN_POINT('Ctrl Pts',(-26.4615204917171,-9.65256289357994,-11.8342473678524));
#1885=CARTESIAN_POINT('Ctrl Pts',(-26.4546142915142,-9.68803294353291,-11.8312985373442));
#1886=CARTESIAN_POINT('Ctrl Pts',(-26.445783080131,-9.7231538917818,-11.8283230488867));
#1887=CARTESIAN_POINT('Ctrl Pts',(-26.4350447081534,-9.7577729936494,-11.8253369133411));
#1888=CARTESIAN_POINT('Ctrl Pts',(-26.4113332211495,-9.83421571566833,-11.818743203016));
#1889=CARTESIAN_POINT('Ctrl Pts',(-26.3785938316764,-9.90731205914362,-11.8121728090421));
#1890=CARTESIAN_POINT('Ctrl Pts',(-26.3376356467597,-9.9755826235627,-11.8058335963669));
#1891=CARTESIAN_POINT('Ctrl Pts',(-26.3113164208203,-10.0194524486932,-11.801760096259));
#1892=CARTESIAN_POINT('Ctrl Pts',(-26.2816034984528,-10.0613296525837,-11.7977829169169));
#1893=CARTESIAN_POINT('Ctrl Pts',(-26.248711565399,-10.1008124040675,-11.7939649785167));
#1894=CARTESIAN_POINT('Ctrl Pts',(-26.2047855645328,-10.153540207357,-11.788866258256));
#1895=CARTESIAN_POINT('Ctrl Pts',(-26.1556035195385,-10.2015000712561,-11.7841003231734));
#1896=CARTESIAN_POINT('Ctrl Pts',(-26.1019862331547,-10.2440097951496,-11.7798022575352));
#1897=CARTESIAN_POINT('Ctrl Pts',(-26.0637578754824,-10.2743186197685,-11.7767377982609));
#1898=CARTESIAN_POINT('Ctrl Pts',(-26.0232748691153,-10.3018555467394,-11.7739113677394));
#1899=CARTESIAN_POINT('Ctrl Pts',(-25.98083471012,-10.3263572684159,-11.7713720800207));
#1900=CARTESIAN_POINT('Ctrl Pts',(-25.9132755347822,-10.3653608006835,-11.7673298665067));
#1901=CARTESIAN_POINT('Ctrl Pts',(-25.8414458934206,-10.396284700892,-11.7640577379836));
#1902=CARTESIAN_POINT('Ctrl Pts',(-25.7668325690814,-10.4185685190389,-11.7616855299999));
#1903=CARTESIAN_POINT('Ctrl Pts',(-25.7350288551258,-10.4280669321501,-11.7606743831997));
#1904=CARTESIAN_POINT('Ctrl Pts',(-25.7027193832751,-10.4359949163229,-11.7598264017678));
#1905=CARTESIAN_POINT('Ctrl Pts',(-25.670019295046,-10.4423069922845,-11.7591498993088));
#1906=CARTESIAN_POINT('Ctrl Pts',(-25.6250115374069,-10.4509948093658,-11.7582187746431));
#1907=CARTESIAN_POINT('Ctrl Pts',(-25.5794542442271,-10.4565861258208,-11.7576165177331));
#1908=CARTESIAN_POINT('Ctrl Pts',(-25.5336687439032,-10.4590401947399,-11.7573522549757));
#1909=CARTESIAN_POINT('Ctrl Pts',(-25.5246317898791,-10.4595245687849,-11.7573000958779));
#1910=CARTESIAN_POINT('Ctrl Pts',(-25.5155886046237,-10.4598865783403,-11.757261103432));
#1911=CARTESIAN_POINT('Ctrl Pts',(-25.5065416797404,-10.4601261200749,-11.7572353008537));
#1912=CARTESIAN_POINT('Ctrl Pts',(-25.5008882958042,-10.4602758086609,-11.757219176935));
#1913=CARTESIAN_POINT('Ctrl Pts',(-25.4952337300097,-10.4603776668239,-11.7572082042237));
#1914=CARTESIAN_POINT('Ctrl Pts',(-25.4895785908076,-10.4604316831582,-11.7572023852773));
#1915=CARTESIAN_POINT('Ctrl Pts',(-25.4863862514675,-10.4604621755056,-11.7571991004684));
#1916=CARTESIAN_POINT('Ctrl Pts',(-25.4831937900653,-10.4604774218542,-11.7571974580135));
#1917=CARTESIAN_POINT('Ctrl Pts',(-25.4800013160713,-10.4604774218538,-11.7571974580135));
#1918=CARTESIAN_POINT('',(25.4800013160704,-10.4600000000001,-11.7567391859616));
#1919=CARTESIAN_POINT('Ctrl Pts',(-25.4800013160713,-10.4600000000001,-11.7567391859616));
#1920=CARTESIAN_POINT('Ctrl Pts',(-8.49333377202404,-10.4600000000001,-11.7567391859616));
#1921=CARTESIAN_POINT('Ctrl Pts',(8.49333377202319,-10.4600000000001,-11.7567391859616));
#1922=CARTESIAN_POINT('Ctrl Pts',(25.4800013160704,-10.4600000000001,-11.7567391859616));
#1923=CARTESIAN_POINT('Ctrl Pts',(25.4800013160704,-10.4604774218536,-11.7571974580135));
#1924=CARTESIAN_POINT('Ctrl Pts',(25.4838909128874,-10.460477421854,-11.7571974580135));
#1925=CARTESIAN_POINT('Ctrl Pts',(25.4877804821918,-10.4604547899943,-11.7571998961006));
#1926=CARTESIAN_POINT('Ctrl Pts',(25.4916698260005,-10.460409527209,-11.7572047720346));
#1927=CARTESIAN_POINT('Ctrl Pts',(25.497736280693,-10.4603389279897,-11.7572123773361));
#1928=CARTESIAN_POINT('Ctrl Pts',(25.5038019554191,-10.4602132735878,-11.7572259133688));
#1929=CARTESIAN_POINT('Ctrl Pts',(25.5098660990789,-10.4600325798722,-11.757245376537));
#1930=CARTESIAN_POINT('Ctrl Pts',(25.5237052641145,-10.4596202132973,-11.7572897940196));
#1931=CARTESIAN_POINT('Ctrl Pts',(25.5375341795837,-10.4589212638889,-11.7573650763588));
#1932=CARTESIAN_POINT('Ctrl Pts',(25.551343929234,-10.4579361965189,-11.7574711189098));
#1933=CARTESIAN_POINT('Ctrl Pts',(25.6320154432923,-10.4521817926952,-11.7580905807653));
#1934=CARTESIAN_POINT('Ctrl Pts',(25.7115094274552,-10.4367000599052,-11.7597596682241));
#1935=CARTESIAN_POINT('Ctrl Pts',(25.7881200213852,-10.4119522809513,-11.7623891906523));
#1936=CARTESIAN_POINT('Ctrl Pts',(25.8270141351605,-10.399388183991,-11.7637241619566));
#1937=CARTESIAN_POINT('Ctrl Pts',(25.865165069772,-10.384435583866,-11.7653059439171));
#1938=CARTESIAN_POINT('Ctrl Pts',(25.9023496075217,-10.3671514720586,-11.7671188033652));
#1939=CARTESIAN_POINT('Ctrl Pts',(25.9662588288492,-10.3374451964453,-11.7702345725186));
#1940=CARTESIAN_POINT('Ctrl Pts',(26.0267363147439,-10.3011196511517,-11.7740053384302));
#1941=CARTESIAN_POINT('Ctrl Pts',(26.0828139657959,-10.2588383852212,-11.7782995892274));
#1942=CARTESIAN_POINT('Ctrl Pts',(26.1060982549163,-10.2412825639299,-11.7800826271265));
#1943=CARTESIAN_POINT('Ctrl Pts',(26.1286239966555,-10.2226993961724,-11.7819558118106));
#1944=CARTESIAN_POINT('Ctrl Pts',(26.1503218900193,-10.2031336319715,-11.7839094470445));
#1945=CARTESIAN_POINT('Ctrl Pts',(26.2025655508112,-10.1560236600075,-11.7886133625244));
#1946=CARTESIAN_POINT('Ctrl Pts',(26.24957627809,-10.1036096223906,-11.7937439486177));
#1947=CARTESIAN_POINT('Ctrl Pts',(26.2906401751599,-10.0468163050657,-11.7991415009783));
#1948=CARTESIAN_POINT('Ctrl Pts',(26.3150295173969,-10.0130846879555,-11.8023473036701));
#1949=CARTESIAN_POINT('Ctrl Pts',(26.3373210533147,-9.9778071452399,-11.8056474675915));
#1950=CARTESIAN_POINT('Ctrl Pts',(26.3573652092441,-9.94116913195626,-11.8090109321392));
#1951=CARTESIAN_POINT('Ctrl Pts',(26.3948871180322,-9.87258414401993,-11.8153072117339));
#1952=CARTESIAN_POINT('Ctrl Pts',(26.4241583346773,-9.79993075484864,-11.821758386157));
#1953=CARTESIAN_POINT('Ctrl Pts',(26.4446790907517,-9.72471236453036,-11.8281723032451));
#1954=CARTESIAN_POINT('Ctrl Pts',(26.4562732641973,-9.68221417097038,-11.8317961496042));
#1955=CARTESIAN_POINT('Ctrl Pts',(26.4650740977604,-9.63889707490947,-11.8354088108499));
#1956=CARTESIAN_POINT('Ctrl Pts',(26.4709914533986,-9.59503797250747,-11.8389812518294));
#1957=CARTESIAN_POINT('Ctrl Pts',(26.477004251033,-9.55047145947428,-11.8426113132933));
#1958=CARTESIAN_POINT('Ctrl Pts',(26.4800013614677,-9.50563506729269,-11.8461762409718));
#1959=CARTESIAN_POINT('Ctrl Pts',(26.4800013160704,-9.46081832771028,-11.8496540084509));
#1960=CARTESIAN_POINT('Ctrl Pts',(28.4800013160704,-3.14517813078273,-12.0162));
#1961=CARTESIAN_POINT('Ctrl Pts',(27.8133348773782,-3.14517813078273,-12.0162));
#1962=CARTESIAN_POINT('Ctrl Pts',(27.146668438686,-3.14517813078273,-12.0162));
#1963=CARTESIAN_POINT('Ctrl Pts',(26.4800019999937,-3.14517813078273,-12.0162));
#1964=CARTESIAN_POINT('Ctrl Pts',(28.4800013160704,-17.6122335013427,-10.4825198114817));
#1965=CARTESIAN_POINT('Ctrl Pts',(9.49333377202319,-17.6122335013427,-10.4825198114817));
#1966=CARTESIAN_POINT('Ctrl Pts',(-9.49333377202404,-17.6122335013427,-10.4825198114817));
#1967=CARTESIAN_POINT('Ctrl Pts',(-28.4800013160713,-17.6122335013427,-10.4825198114817));
#1968=CARTESIAN_POINT('Origin',(25.4800013160704,-9.46000000000009,-8.39119999999992));
#1969=CARTESIAN_POINT('',(25.4800013160704,-10.4600000000001,-9.97073493853504));
#1970=CARTESIAN_POINT('',(25.4800013160704,-10.4600000000001,-8.39119999999991));
#1971=CARTESIAN_POINT('Origin',(25.4800013160704,-9.46000000000011,-10.1851686798594));
#1972=CARTESIAN_POINT('Origin',(-4.21884749357559E-13,-10.4600000000001,
-4.76619999999992));
#1973=CARTESIAN_POINT('',(-25.4800013160713,-10.4600000000001,-9.97073493853504));
#1974=CARTESIAN_POINT('',(-25.4800013160713,-10.4600000000001,-8.39119999999992));
#1975=CARTESIAN_POINT('',(14.240000658035,-10.4600000000001,-9.97073493853504));
#1976=CARTESIAN_POINT('Origin',(-25.4800013160713,-9.46000000000011,-8.39119999999992));
#1977=CARTESIAN_POINT('Origin',(-25.4800013160713,-9.46000000000012,-10.1851686798594));
#1978=CARTESIAN_POINT('Origin',(-4.24324542169785E-13,-16.5849997329715,
-12.0161999999998));
#1979=CARTESIAN_POINT('',(-28.4800013160713,23.0000002670283,-12.0162000000002));
#1980=CARTESIAN_POINT('',(-28.4800013160713,24.0000002670283,-12.0162000000002));
#1981=CARTESIAN_POINT('Origin',(-27.4800013160713,23.0000002670283,-12.0162000000002));
#1982=CARTESIAN_POINT('Origin',(-27.4800013160713,23.0000002670283,-12.0162000000002));
#1983=CARTESIAN_POINT('',(-28.4800013160713,23.0000002670283,-12.0162000000002));
#1984=CARTESIAN_POINT('Origin',(-4.24324542169785E-13,-16.5849997329715,
-12.0161999999998));
#1985=CARTESIAN_POINT('Origin',(27.4800013160704,23.0000002670283,-12.0162000000002));
#1986=CARTESIAN_POINT('Origin',(27.4800013160704,23.0000002670283,-12.0162000000002));
#1987=CARTESIAN_POINT('Origin',(-28.4800013160713,-6.78999999999999,6.09880000000001));
#1988=CARTESIAN_POINT('',(-28.4800013160713,-6.78999999999999,4.84880000000001));
#1989=CARTESIAN_POINT('',(-28.4800013160713,-8.03999999999999,6.09880000000001));
#1990=CARTESIAN_POINT('Origin',(-28.4800013160713,-6.78999999999999,6.09880000000001));
#1991=CARTESIAN_POINT('',(-28.4800013160713,-8.03999999999999,6.09880000000001));
#1992=CARTESIAN_POINT('',(-28.4800013160713,-6.78999999999999,4.84880000000001));
#1993=CARTESIAN_POINT('Origin',(-28.4800013160713,-8.03999999999999,7.05880000000001));
#1994=CARTESIAN_POINT('',(-28.4800013160713,-8.03999999999999,7.05880000000001));
#1995=CARTESIAN_POINT('',(-28.4800013160713,-8.03999999999996,-2.47870000000016));
#1996=CARTESIAN_POINT('',(-28.4800013160713,-8.03999999999999,7.05880000000001));
#1997=CARTESIAN_POINT('Origin',(-28.4800013160713,-6.48999999999999,4.84880000000001));
#1998=CARTESIAN_POINT('',(-28.4800013160713,-2.93322179699773,4.84879999999998));
#1999=CARTESIAN_POINT('',(28.4800013160704,-2.93322179699783,4.84880000000001));
#2000=CARTESIAN_POINT('',(-28.4800013160713,8.75500013351416,4.84880000000001));
#2001=CARTESIAN_POINT('Origin',(-28.4800013160713,-6.48999999999999,7.05880000000001));
#2002=CARTESIAN_POINT('',(-28.4800013160713,-7.73553305917628,7.98137650007952));
#2003=CARTESIAN_POINT('',(-28.4800013160713,-7.73553305917628,7.98137650007952));
#2004=CARTESIAN_POINT('Origin',(-28.4800013160713,-6.48999999999999,7.05880000000001));
#2005=CARTESIAN_POINT('Origin',(28.4800013160704,-7.89878038216107,2.48380000000001));
#2006=CARTESIAN_POINT('',(-28.4800013160713,-13.3987801151327,2.4838));
#2007=CARTESIAN_POINT('Origin',(-28.4800013160713,-7.89878038216107,2.4838));
#2008=CARTESIAN_POINT('',(28.4800013160704,-13.3987801151327,2.48380000000001));
#2009=CARTESIAN_POINT('Origin',(28.4800013160704,-56.7506647946941,-0.044454498217803));
#2010=CARTESIAN_POINT('',(-4.2854608750531E-13,-55.1699997329712,-0.383402421183715));
#2011=CARTESIAN_POINT('Origin',(28.4800013160704,-7.89878038216107,2.4838));
#2012=CARTESIAN_POINT('',(28.4800013160704,-9.14878038216107,2.4838));
#2013=CARTESIAN_POINT('Origin',(28.4800013160704,-7.89878038216107,2.4838));
#2014=CARTESIAN_POINT('',(-28.4800013160713,-9.14878038216107,2.4838));
#2015=CARTESIAN_POINT('',(28.4800013160704,-9.14878038216107,2.4838));
#2016=CARTESIAN_POINT('Origin',(-28.4800013160713,-7.89878038216107,2.4838));
#2017=CARTESIAN_POINT('Origin',(28.4800013160704,-51.6699999999995,3.50000000000011));
#2018=CARTESIAN_POINT('',(28.4800013160704,-52.9199999999995,3.50000000000011));
#2019=CARTESIAN_POINT('Origin',(28.4800013160704,-51.6699999999995,3.50000000000011));
#2020=CARTESIAN_POINT('',(-28.4800013160713,-52.9199999999995,3.50000000000011));
#2021=CARTESIAN_POINT('',(28.4800013160704,-52.9199999999995,3.50000000000011));
#2022=CARTESIAN_POINT('Origin',(-28.4800013160713,-51.6699999999995,3.50000000000011));
#2023=CARTESIAN_POINT('Origin',(26.4800019999937,-57.1699997329711,5.00000000000023));
#2024=CARTESIAN_POINT('',(-0.99999965803879,-55.1699997329712,5.00000000000023));
#2025=CARTESIAN_POINT('Origin',(28.4800013160704,-7.89878038216107,2.48380000000001));
#2026=CARTESIAN_POINT('Origin',(-28.4800013160713,-7.89878038216107,2.4838));
#2027=CARTESIAN_POINT('Origin',(28.4800013160704,-14.3987801151312,2.48380000000001));
#2028=CARTESIAN_POINT('',(-28.4800013160713,-14.5185617178913,1.49099973426814));
#2029=CARTESIAN_POINT('Origin',(-28.4800013160713,-14.3987801151312,2.4838));
#2030=CARTESIAN_POINT('',(28.4800013160704,-14.5185617178913,1.49099973426815));
#2031=CARTESIAN_POINT('Origin',(28.4800013160704,-14.5185617178913,1.49099973426815));
#2032=CARTESIAN_POINT('',(-28.4800013160713,-30.1467834732233,3.37654863544899));
#2033=CARTESIAN_POINT('',(-28.4800013160713,5.26752693230915,-0.896196857712895));
#2034=CARTESIAN_POINT('',(28.4800013160704,-30.1467834732233,3.37654863544901));
#2035=CARTESIAN_POINT('Origin',(28.4800013160704,-30.2665650759795,2.38374836974876));
#2036=CARTESIAN_POINT('Origin',(-28.4800013160713,-30.2665650759795,2.38374836974875));
#2037=CARTESIAN_POINT('Origin',(28.4800013160704,10.1012196178389,2.48380000000001));
#2038=CARTESIAN_POINT('Origin',(28.4800013160704,-7.89878038216107,2.48380000000001));
#2039=CARTESIAN_POINT('',(28.4800013160704,-13.3987801151327,2.48380000000001));
#2040=CARTESIAN_POINT('Origin',(28.4800013160704,-14.3987801151312,2.48380000000001));
#2041=CARTESIAN_POINT('',(28.4800013160704,-14.5185617178913,1.49099973426815));
#2042=CARTESIAN_POINT('Origin',(28.4800013160704,-14.5185617178913,1.49099973426815));
#2043=CARTESIAN_POINT('',(28.4800013160704,-30.1467834732233,3.37654863544901));
#2044=CARTESIAN_POINT('Origin',(28.4800013160704,-30.2665650759795,2.38374836974876));
#2045=CARTESIAN_POINT('',(28.4800013160704,-31.2517089508873,2.55547939683752));
#2046=CARTESIAN_POINT('Origin',(28.4800013160704,-36.6699999999995,3.50000000000012));
#2047=CARTESIAN_POINT('Origin',(-28.4800013160713,-55.1699997329713,-12.0161999999995));
#2048=CARTESIAN_POINT('Origin',(28.4800013160704,-57.1699997329712,-1.99999999999988));
#2049=CARTESIAN_POINT('',(-28.4800013160713,-17.3424382512467,-10.5403730163513));
#2050=CARTESIAN_POINT('Origin',(-28.4800013160713,24.0000002670283,-12.0162000000002));
#2051=UNCERTAINTY_MEASURE_WITH_UNIT(LENGTH_MEASURE(0.01),#2055,
'DISTANCE_ACCURACY_VALUE',
'Maximum model space distance between geometric entities at asserted c
onnectivities');
#2052=UNCERTAINTY_MEASURE_WITH_UNIT(LENGTH_MEASURE(0.01),#2055,
'DISTANCE_ACCURACY_VALUE',
'Maximum model space distance between geometric entities at asserted c
onnectivities');
#2053=(
GEOMETRIC_REPRESENTATION_CONTEXT(3)
GLOBAL_UNCERTAINTY_ASSIGNED_CONTEXT((#2051))
GLOBAL_UNIT_ASSIGNED_CONTEXT((#2055,#2057,#2058))
REPRESENTATION_CONTEXT('','3D')
);
#2054=(
GEOMETRIC_REPRESENTATION_CONTEXT(3)
GLOBAL_UNCERTAINTY_ASSIGNED_CONTEXT((#2052))
GLOBAL_UNIT_ASSIGNED_CONTEXT((#2055,#2057,#2058))
REPRESENTATION_CONTEXT('','3D')
);
#2055=(
LENGTH_UNIT()
NAMED_UNIT(*)
SI_UNIT(.MILLI.,.METRE.)
);
#2056=(
LENGTH_UNIT()
NAMED_UNIT(*)
SI_UNIT($,.METRE.)
);
#2057=(
NAMED_UNIT(*)
PLANE_ANGLE_UNIT()
SI_UNIT($,.RADIAN.)
);
#2058=(
NAMED_UNIT(*)
SI_UNIT($,.STERADIAN.)
SOLID_ANGLE_UNIT()
);
#2059=SHAPE_DEFINITION_REPRESENTATION(#2060,#2061);
#2060=PRODUCT_DEFINITION_SHAPE('',$,#2063);
#2061=SHAPE_REPRESENTATION('',(#1087),#2053);
#2062=PRODUCT_DEFINITION_CONTEXT('part definition',#2067,'design');
#2063=PRODUCT_DEFINITION('Back Shell','Back Shell',#2064,#2062);
#2064=PRODUCT_DEFINITION_FORMATION('',$,#2069);
#2065=PRODUCT_RELATED_PRODUCT_CATEGORY('Back Shell','Back Shell',(#2069));
#2066=APPLICATION_PROTOCOL_DEFINITION('international standard',
'automotive_design',2009,#2067);
#2067=APPLICATION_CONTEXT(
'Core Data for Automotive Mechanical Design Process');
#2068=PRODUCT_CONTEXT('part definition',#2067,'mechanical');
#2069=PRODUCT('Back Shell','Back Shell',$,(#2068));
#2070=PRESENTATION_STYLE_ASSIGNMENT((#2071));
#2071=SURFACE_STYLE_USAGE(.BOTH.,#2072);
#2072=SURFACE_SIDE_STYLE('',(#2073));
#2073=SURFACE_STYLE_FILL_AREA(#2074);
#2074=FILL_AREA_STYLE('Steel - Satin',(#2075));
#2075=FILL_AREA_STYLE_COLOUR('Steel - Satin',#2076);
#2076=COLOUR_RGB('Steel - Satin',0.627450980392157,0.627450980392157,0.627450980392157);
ENDSEC;
END-ISO-10303-21;
