ISO-10303-21;
HEADER;
/* Generated by software containing ST-Developer
 * from STEP Tools, Inc. (www.steptools.com) 
 */

FILE_DESCRIPTION(
/* description */ (''),
/* implementation_level */ '2;1');

FILE_NAME(
/* name */ 'Battery Retainer.step',
/* time_stamp */ '2026-06-21T02:04:00+03:00',
/* author */ (''),
/* organization */ (''),
/* preprocessor_version */ 'ST-DEVELOPER v20.1',
/* originating_system */ 'Autodesk Translation Framework v15.8.0.0',
/* authorisation */ '');

FILE_SCHEMA (('AUTOMOTIVE_DESIGN { 1 0 10303 214 3 1 1 }'));
ENDSEC;

DATA;
#10=MECHANICAL_DESIGN_GEOMETRIC_PRESENTATION_REPRESENTATION('',(#13),#2925);
#11=SHAPE_REPRESENTATION_RELATIONSHIP('SRR','None',#2932,#12);
#12=ADVANCED_BREP_SHAPE_REPRESENTATION('',(#14),#2924);
#13=STYLED_ITEM('',(#2941),#14);
#14=MANIFOLD_SOLID_BREP('Body1',#1685);
#15=FACE_BOUND('',#149,.T.);
#16=FACE_BOUND('',#150,.T.);
#17=FACE_BOUND('',#217,.T.);
#18=PLANE('',#1702);
#19=PLANE('',#1709);
#20=PLANE('',#1710);
#21=PLANE('',#1728);
#22=PLANE('',#1732);
#23=PLANE('',#1733);
#24=PLANE('',#1747);
#25=PLANE('',#1748);
#26=PLANE('',#1755);
#27=PLANE('',#1760);
#28=PLANE('',#1762);
#29=PLANE('',#1765);
#30=PLANE('',#1769);
#31=PLANE('',#1779);
#32=PLANE('',#1783);
#33=PLANE('',#1796);
#34=PLANE('',#1808);
#35=PLANE('',#1816);
#36=PLANE('',#1837);
#37=PLANE('',#1841);
#38=PLANE('',#1843);
#39=PLANE('',#1846);
#40=PLANE('',#1850);
#41=PLANE('',#1852);
#42=PLANE('',#1856);
#43=PLANE('',#1861);
#44=PLANE('',#1864);
#45=PLANE('',#1867);
#46=PLANE('',#1870);
#47=PLANE('',#1871);
#48=PLANE('',#1877);
#49=PLANE('',#1878);
#50=PLANE('',#1879);
#51=PLANE('',#1880);
#52=PLANE('',#1881);
#53=PLANE('',#1882);
#54=PLANE('',#1883);
#55=PLANE('',#1885);
#56=PLANE('',#1886);
#57=PLANE('',#1887);
#58=FACE_OUTER_BOUND('',#143,.T.);
#59=FACE_OUTER_BOUND('',#144,.T.);
#60=FACE_OUTER_BOUND('',#145,.T.);
#61=FACE_OUTER_BOUND('',#146,.T.);
#62=FACE_OUTER_BOUND('',#147,.T.);
#63=FACE_OUTER_BOUND('',#148,.T.);
#64=FACE_OUTER_BOUND('',#151,.T.);
#65=FACE_OUTER_BOUND('',#152,.T.);
#66=FACE_OUTER_BOUND('',#153,.T.);
#67=FACE_OUTER_BOUND('',#154,.T.);
#68=FACE_OUTER_BOUND('',#155,.T.);
#69=FACE_OUTER_BOUND('',#156,.T.);
#70=FACE_OUTER_BOUND('',#157,.T.);
#71=FACE_OUTER_BOUND('',#158,.T.);
#72=FACE_OUTER_BOUND('',#159,.T.);
#73=FACE_OUTER_BOUND('',#160,.T.);
#74=FACE_OUTER_BOUND('',#161,.T.);
#75=FACE_OUTER_BOUND('',#162,.T.);
#76=FACE_OUTER_BOUND('',#163,.T.);
#77=FACE_OUTER_BOUND('',#164,.T.);
#78=FACE_OUTER_BOUND('',#165,.T.);
#79=FACE_OUTER_BOUND('',#166,.T.);
#80=FACE_OUTER_BOUND('',#167,.T.);
#81=FACE_OUTER_BOUND('',#168,.T.);
#82=FACE_OUTER_BOUND('',#169,.T.);
#83=FACE_OUTER_BOUND('',#170,.T.);
#84=FACE_OUTER_BOUND('',#171,.T.);
#85=FACE_OUTER_BOUND('',#172,.T.);
#86=FACE_OUTER_BOUND('',#173,.T.);
#87=FACE_OUTER_BOUND('',#174,.T.);
#88=FACE_OUTER_BOUND('',#175,.T.);
#89=FACE_OUTER_BOUND('',#176,.T.);
#90=FACE_OUTER_BOUND('',#177,.T.);
#91=FACE_OUTER_BOUND('',#178,.T.);
#92=FACE_OUTER_BOUND('',#179,.T.);
#93=FACE_OUTER_BOUND('',#180,.T.);
#94=FACE_OUTER_BOUND('',#181,.T.);
#95=FACE_OUTER_BOUND('',#182,.T.);
#96=FACE_OUTER_BOUND('',#183,.T.);
#97=FACE_OUTER_BOUND('',#184,.T.);
#98=FACE_OUTER_BOUND('',#185,.T.);
#99=FACE_OUTER_BOUND('',#186,.T.);
#100=FACE_OUTER_BOUND('',#187,.T.);
#101=FACE_OUTER_BOUND('',#188,.T.);
#102=FACE_OUTER_BOUND('',#189,.T.);
#103=FACE_OUTER_BOUND('',#190,.T.);
#104=FACE_OUTER_BOUND('',#191,.T.);
#105=FACE_OUTER_BOUND('',#192,.T.);
#106=FACE_OUTER_BOUND('',#193,.T.);
#107=FACE_OUTER_BOUND('',#194,.T.);
#108=FACE_OUTER_BOUND('',#195,.T.);
#109=FACE_OUTER_BOUND('',#196,.T.);
#110=FACE_OUTER_BOUND('',#197,.T.);
#111=FACE_OUTER_BOUND('',#198,.T.);
#112=FACE_OUTER_BOUND('',#199,.T.);
#113=FACE_OUTER_BOUND('',#200,.T.);
#114=FACE_OUTER_BOUND('',#201,.T.);
#115=FACE_OUTER_BOUND('',#202,.T.);
#116=FACE_OUTER_BOUND('',#203,.T.);
#117=FACE_OUTER_BOUND('',#204,.T.);
#118=FACE_OUTER_BOUND('',#205,.T.);
#119=FACE_OUTER_BOUND('',#206,.T.);
#120=FACE_OUTER_BOUND('',#207,.T.);
#121=FACE_OUTER_BOUND('',#208,.T.);
#122=FACE_OUTER_BOUND('',#209,.T.);
#123=FACE_OUTER_BOUND('',#210,.T.);
#124=FACE_OUTER_BOUND('',#211,.T.);
#125=FACE_OUTER_BOUND('',#212,.T.);
#126=FACE_OUTER_BOUND('',#213,.T.);
#127=FACE_OUTER_BOUND('',#214,.T.);
#128=FACE_OUTER_BOUND('',#215,.T.);
#129=FACE_OUTER_BOUND('',#216,.T.);
#130=FACE_OUTER_BOUND('',#218,.T.);
#131=FACE_OUTER_BOUND('',#219,.T.);
#132=FACE_OUTER_BOUND('',#220,.T.);
#133=FACE_OUTER_BOUND('',#221,.T.);
#134=FACE_OUTER_BOUND('',#222,.T.);
#135=FACE_OUTER_BOUND('',#223,.T.);
#136=FACE_OUTER_BOUND('',#224,.T.);
#137=FACE_OUTER_BOUND('',#225,.T.);
#138=FACE_OUTER_BOUND('',#226,.T.);
#139=FACE_OUTER_BOUND('',#227,.T.);
#140=FACE_OUTER_BOUND('',#228,.T.);
#141=FACE_OUTER_BOUND('',#229,.T.);
#142=FACE_OUTER_BOUND('',#230,.T.);
#143=EDGE_LOOP('',(#1051,#1052,#1053,#1054));
#144=EDGE_LOOP('',(#1055,#1056,#1057,#1058));
#145=EDGE_LOOP('',(#1059,#1060,#1061,#1062));
#146=EDGE_LOOP('',(#1063,#1064,#1065,#1066));
#147=EDGE_LOOP('',(#1067,#1068,#1069,#1070,#1071,#1072,#1073,#1074));
#148=EDGE_LOOP('',(#1075,#1076,#1077,#1078,#1079,#1080,#1081,#1082,#1083,
#1084,#1085,#1086,#1087,#1088,#1089,#1090,#1091,#1092,#1093,#1094,#1095,
#1096,#1097,#1098,#1099,#1100,#1101,#1102));
#149=EDGE_LOOP('',(#1103));
#150=EDGE_LOOP('',(#1104));
#151=EDGE_LOOP('',(#1105,#1106,#1107,#1108));
#152=EDGE_LOOP('',(#1109,#1110,#1111,#1112,#1113,#1114));
#153=EDGE_LOOP('',(#1115,#1116,#1117,#1118));
#154=EDGE_LOOP('',(#1119,#1120,#1121,#1122));
#155=EDGE_LOOP('',(#1123,#1124,#1125,#1126,#1127,#1128,#1129,#1130,#1131,
#1132,#1133,#1134,#1135,#1136,#1137,#1138,#1139,#1140,#1141,#1142));
#156=EDGE_LOOP('',(#1143,#1144,#1145,#1146));
#157=EDGE_LOOP('',(#1147,#1148,#1149,#1150));
#158=EDGE_LOOP('',(#1151,#1152,#1153,#1154,#1155,#1156,#1157,#1158));
#159=EDGE_LOOP('',(#1159,#1160,#1161,#1162));
#160=EDGE_LOOP('',(#1163,#1164,#1165,#1166,#1167,#1168,#1169,#1170));
#161=EDGE_LOOP('',(#1171,#1172,#1173,#1174,#1175,#1176,#1177,#1178,#1179,
#1180));
#162=EDGE_LOOP('',(#1181,#1182,#1183,#1184));
#163=EDGE_LOOP('',(#1185,#1186,#1187,#1188,#1189,#1190));
#164=EDGE_LOOP('',(#1191,#1192,#1193,#1194));
#165=EDGE_LOOP('',(#1195,#1196,#1197,#1198,#1199,#1200,#1201,#1202));
#166=EDGE_LOOP('',(#1203,#1204,#1205,#1206));
#167=EDGE_LOOP('',(#1207,#1208,#1209,#1210,#1211,#1212,#1213,#1214));
#168=EDGE_LOOP('',(#1215,#1216,#1217,#1218));
#169=EDGE_LOOP('',(#1219,#1220,#1221,#1222));
#170=EDGE_LOOP('',(#1223,#1224,#1225,#1226,#1227,#1228));
#171=EDGE_LOOP('',(#1229,#1230,#1231,#1232));
#172=EDGE_LOOP('',(#1233,#1234,#1235,#1236));
#173=EDGE_LOOP('',(#1237,#1238,#1239,#1240));
#174=EDGE_LOOP('',(#1241,#1242,#1243,#1244,#1245,#1246,#1247,#1248,#1249,
#1250));
#175=EDGE_LOOP('',(#1251,#1252,#1253,#1254));
#176=EDGE_LOOP('',(#1255,#1256,#1257,#1258));
#177=EDGE_LOOP('',(#1259,#1260,#1261,#1262,#1263,#1264,#1265,#1266));
#178=EDGE_LOOP('',(#1267,#1268,#1269,#1270,#1271,#1272,#1273,#1274,#1275,
#1276));
#179=EDGE_LOOP('',(#1277,#1278,#1279,#1280));
#180=EDGE_LOOP('',(#1281,#1282,#1283,#1284));
#181=EDGE_LOOP('',(#1285,#1286,#1287,#1288,#1289,#1290,#1291,#1292,#1293,
#1294,#1295,#1296,#1297,#1298));
#182=EDGE_LOOP('',(#1299,#1300,#1301,#1302));
#183=EDGE_LOOP('',(#1303,#1304,#1305,#1306,#1307,#1308,#1309,#1310,#1311,
#1312,#1313,#1314));
#184=EDGE_LOOP('',(#1315,#1316,#1317,#1318));
#185=EDGE_LOOP('',(#1319,#1320,#1321,#1322,#1323,#1324,#1325,#1326,#1327,
#1328,#1329,#1330,#1331,#1332,#1333,#1334));
#186=EDGE_LOOP('',(#1335,#1336,#1337,#1338));
#187=EDGE_LOOP('',(#1339,#1340,#1341,#1342));
#188=EDGE_LOOP('',(#1343,#1344,#1345,#1346));
#189=EDGE_LOOP('',(#1347,#1348,#1349,#1350));
#190=EDGE_LOOP('',(#1351,#1352,#1353,#1354));
#191=EDGE_LOOP('',(#1355,#1356,#1357,#1358));
#192=EDGE_LOOP('',(#1359,#1360,#1361,#1362));
#193=EDGE_LOOP('',(#1363,#1364,#1365,#1366));
#194=EDGE_LOOP('',(#1367,#1368,#1369,#1370));
#195=EDGE_LOOP('',(#1371,#1372,#1373,#1374));
#196=EDGE_LOOP('',(#1375,#1376,#1377,#1378));
#197=EDGE_LOOP('',(#1379,#1380,#1381,#1382));
#198=EDGE_LOOP('',(#1383,#1384,#1385,#1386));
#199=EDGE_LOOP('',(#1387,#1388,#1389,#1390));
#200=EDGE_LOOP('',(#1391,#1392,#1393,#1394));
#201=EDGE_LOOP('',(#1395,#1396,#1397,#1398));
#202=EDGE_LOOP('',(#1399,#1400,#1401,#1402,#1403,#1404,#1405,#1406,#1407,
#1408,#1409,#1410,#1411,#1412));
#203=EDGE_LOOP('',(#1413,#1414,#1415,#1416));
#204=EDGE_LOOP('',(#1417,#1418,#1419,#1420));
#205=EDGE_LOOP('',(#1421,#1422,#1423,#1424));
#206=EDGE_LOOP('',(#1425,#1426,#1427,#1428));
#207=EDGE_LOOP('',(#1429,#1430,#1431,#1432));
#208=EDGE_LOOP('',(#1433,#1434,#1435,#1436));
#209=EDGE_LOOP('',(#1437,#1438,#1439,#1440));
#210=EDGE_LOOP('',(#1441,#1442,#1443,#1444,#1445,#1446));
#211=EDGE_LOOP('',(#1447,#1448,#1449,#1450));
#212=EDGE_LOOP('',(#1451,#1452,#1453,#1454,#1455,#1456));
#213=EDGE_LOOP('',(#1457,#1458,#1459,#1460));
#214=EDGE_LOOP('',(#1461,#1462,#1463,#1464));
#215=EDGE_LOOP('',(#1465,#1466,#1467,#1468));
#216=EDGE_LOOP('',(#1469,#1470,#1471,#1472,#1473,#1474,#1475,#1476,#1477,
#1478,#1479,#1480,#1481,#1482,#1483,#1484));
#217=EDGE_LOOP('',(#1485));
#218=EDGE_LOOP('',(#1486,#1487,#1488,#1489));
#219=EDGE_LOOP('',(#1490,#1491,#1492,#1493));
#220=EDGE_LOOP('',(#1494,#1495,#1496,#1497));
#221=EDGE_LOOP('',(#1498,#1499,#1500,#1501,#1502,#1503,#1504,#1505));
#222=EDGE_LOOP('',(#1506,#1507,#1508,#1509));
#223=EDGE_LOOP('',(#1510,#1511,#1512,#1513,#1514,#1515,#1516,#1517));
#224=EDGE_LOOP('',(#1518,#1519,#1520,#1521));
#225=EDGE_LOOP('',(#1522,#1523,#1524,#1525,#1526,#1527,#1528,#1529,#1530,
#1531,#1532,#1533,#1534));
#226=EDGE_LOOP('',(#1535,#1536,#1537,#1538));
#227=EDGE_LOOP('',(#1539,#1540,#1541,#1542));
#228=EDGE_LOOP('',(#1543,#1544,#1545,#1546));
#229=EDGE_LOOP('',(#1547,#1548,#1549,#1550));
#230=EDGE_LOOP('',(#1551,#1552,#1553,#1554));
#231=LINE('',#2422,#379);
#232=LINE('',#2425,#380);
#233=LINE('',#2428,#381);
#234=LINE('',#2430,#382);
#235=LINE('',#2431,#383);
#236=LINE('',#2437,#384);
#237=LINE('',#2443,#385);
#238=LINE('',#2446,#386);
#239=LINE('',#2449,#387);
#240=LINE('',#2451,#388);
#241=LINE('',#2453,#389);
#242=LINE('',#2455,#390);
#243=LINE('',#2457,#391);
#244=LINE('',#2459,#392);
#245=LINE('',#2460,#393);
#246=LINE('',#2463,#394);
#247=LINE('',#2467,#395);
#248=LINE('',#2471,#396);
#249=LINE('',#2475,#397);
#250=LINE('',#2479,#398);
#251=LINE('',#2483,#399);
#252=LINE('',#2487,#400);
#253=LINE('',#2491,#401);
#254=LINE('',#2495,#402);
#255=LINE('',#2499,#403);
#256=LINE('',#2503,#404);
#257=LINE('',#2507,#405);
#258=LINE('',#2511,#406);
#259=LINE('',#2520,#407);
#260=LINE('',#2523,#408);
#261=LINE('',#2525,#409);
#262=LINE('',#2527,#410);
#263=LINE('',#2528,#411);
#264=LINE('',#2533,#412);
#265=LINE('',#2537,#413);
#266=LINE('',#2539,#414);
#267=LINE('',#2540,#415);
#268=LINE('',#2545,#416);
#269=LINE('',#2549,#417);
#270=LINE('',#2557,#418);
#271=LINE('',#2561,#419);
#272=LINE('',#2565,#420);
#273=LINE('',#2576,#421);
#274=LINE('',#2579,#422);
#275=LINE('',#2581,#423);
#276=LINE('',#2582,#424);
#277=LINE('',#2594,#425);
#278=LINE('',#2597,#426);
#279=LINE('',#2600,#427);
#280=LINE('',#2604,#428);
#281=LINE('',#2611,#429);
#282=LINE('',#2614,#430);
#283=LINE('',#2616,#431);
#284=LINE('',#2618,#432);
#285=LINE('',#2620,#433);
#286=LINE('',#2622,#434);
#287=LINE('',#2623,#435);
#288=LINE('',#2624,#436);
#289=LINE('',#2626,#437);
#290=LINE('',#2629,#438);
#291=LINE('',#2631,#439);
#292=LINE('',#2632,#440);
#293=LINE('',#2636,#441);
#294=LINE('',#2639,#442);
#295=LINE('',#2641,#443);
#296=LINE('',#2643,#444);
#297=LINE('',#2645,#445);
#298=LINE('',#2647,#446);
#299=LINE('',#2648,#447);
#300=LINE('',#2653,#448);
#301=LINE('',#2659,#449);
#302=LINE('',#2666,#450);
#303=LINE('',#2670,#451);
#304=LINE('',#2676,#452);
#305=LINE('',#2679,#453);
#306=LINE('',#2681,#454);
#307=LINE('',#2683,#455);
#308=LINE('',#2684,#456);
#309=LINE('',#2690,#457);
#310=LINE('',#2693,#458);
#311=LINE('',#2696,#459);
#312=LINE('',#2698,#460);
#313=LINE('',#2699,#461);
#314=LINE('',#2705,#462);
#315=LINE('',#2708,#463);
#316=LINE('',#2713,#464);
#317=LINE('',#2716,#465);
#318=LINE('',#2718,#466);
#319=LINE('',#2722,#467);
#320=LINE('',#2727,#468);
#321=LINE('',#2732,#469);
#322=LINE('',#2733,#470);
#323=LINE('',#2735,#471);
#324=LINE('',#2740,#472);
#325=LINE('',#2745,#473);
#326=LINE('',#2748,#474);
#327=LINE('',#2749,#475);
#328=LINE('',#2758,#476);
#329=LINE('',#2762,#477);
#330=LINE('',#2774,#478);
#331=LINE('',#2778,#479);
#332=LINE('',#2783,#480);
#333=LINE('',#2787,#481);
#334=LINE('',#2790,#482);
#335=LINE('',#2793,#483);
#336=LINE('',#2797,#484);
#337=LINE('',#2798,#485);
#338=LINE('',#2801,#486);
#339=LINE('',#2811,#487);
#340=LINE('',#2813,#488);
#341=LINE('',#2815,#489);
#342=LINE('',#2817,#490);
#343=LINE('',#2821,#491);
#344=LINE('',#2823,#492);
#345=LINE('',#2825,#493);
#346=LINE('',#2827,#494);
#347=LINE('',#2830,#495);
#348=LINE('',#2832,#496);
#349=LINE('',#2838,#497);
#350=LINE('',#2839,#498);
#351=LINE('',#2841,#499);
#352=LINE('',#2843,#500);
#353=LINE('',#2846,#501);
#354=LINE('',#2848,#502);
#355=LINE('',#2850,#503);
#356=LINE('',#2854,#504);
#357=LINE('',#2857,#505);
#358=LINE('',#2858,#506);
#359=LINE('',#2862,#507);
#360=LINE('',#2865,#508);
#361=LINE('',#2868,#509);
#362=LINE('',#2871,#510);
#363=LINE('',#2872,#511);
#364=LINE('',#2875,#512);
#365=LINE('',#2878,#513);
#366=LINE('',#2879,#514);
#367=LINE('',#2883,#515);
#368=LINE('',#2884,#516);
#369=LINE('',#2887,#517);
#370=LINE('',#2888,#518);
#371=LINE('',#2892,#519);
#372=LINE('',#2895,#520);
#373=LINE('',#2896,#521);
#374=LINE('',#2901,#522);
#375=LINE('',#2906,#523);
#376=LINE('',#2908,#524);
#377=LINE('',#2914,#525);
#378=LINE('',#2918,#526);
#379=VECTOR('',#1894,0.600000000000001);
#380=VECTOR('',#1897,0.600000000000001);
#381=VECTOR('',#1900,10.);
#382=VECTOR('',#1901,10.);
#383=VECTOR('',#1902,10.);
#384=VECTOR('',#1909,10.);
#385=VECTOR('',#1914,10.);
#386=VECTOR('',#1917,10.);
#387=VECTOR('',#1920,10.);
#388=VECTOR('',#1921,10.);
#389=VECTOR('',#1922,10.);
#390=VECTOR('',#1923,10.);
#391=VECTOR('',#1924,10.);
#392=VECTOR('',#1925,10.);
#393=VECTOR('',#1926,10.);
#394=VECTOR('',#1929,10.);
#395=VECTOR('',#1932,10.);
#396=VECTOR('',#1935,10.);
#397=VECTOR('',#1938,10.);
#398=VECTOR('',#1941,10.);
#399=VECTOR('',#1944,10.);
#400=VECTOR('',#1947,10.);
#401=VECTOR('',#1950,10.);
#402=VECTOR('',#1953,10.);
#403=VECTOR('',#1956,10.);
#404=VECTOR('',#1959,10.);
#405=VECTOR('',#1962,10.);
#406=VECTOR('',#1965,10.);
#407=VECTOR('',#1976,10.);
#408=VECTOR('',#1979,10.);
#409=VECTOR('',#1980,10.);
#410=VECTOR('',#1981,10.);
#411=VECTOR('',#1982,10.);
#412=VECTOR('',#1987,10.);
#413=VECTOR('',#1992,10.);
#414=VECTOR('',#1993,10.);
#415=VECTOR('',#1994,10.);
#416=VECTOR('',#1999,10.);
#417=VECTOR('',#2002,10.);
#418=VECTOR('',#2009,10.);
#419=VECTOR('',#2012,10.);
#420=VECTOR('',#2015,10.);
#421=VECTOR('',#2028,10.);
#422=VECTOR('',#2031,10.);
#423=VECTOR('',#2032,10.);
#424=VECTOR('',#2033,10.);
#425=VECTOR('',#2046,10.);
#426=VECTOR('',#2049,10.);
#427=VECTOR('',#2052,10.);
#428=VECTOR('',#2055,10.);
#429=VECTOR('',#2062,10.);
#430=VECTOR('',#2065,10.);
#431=VECTOR('',#2066,10.);
#432=VECTOR('',#2067,10.);
#433=VECTOR('',#2068,10.);
#434=VECTOR('',#2069,10.);
#435=VECTOR('',#2070,10.);
#436=VECTOR('',#2071,10.);
#437=VECTOR('',#2074,10.);
#438=VECTOR('',#2077,10.);
#439=VECTOR('',#2078,10.);
#440=VECTOR('',#2079,10.);
#441=VECTOR('',#2084,10.);
#442=VECTOR('',#2087,10.);
#443=VECTOR('',#2088,10.);
#444=VECTOR('',#2089,10.);
#445=VECTOR('',#2090,10.);
#446=VECTOR('',#2091,10.);
#447=VECTOR('',#2092,10.);
#448=VECTOR('',#2097,10.);
#449=VECTOR('',#2104,10.);
#450=VECTOR('',#2111,10.);
#451=VECTOR('',#2116,10.);
#452=VECTOR('',#2121,10.);
#453=VECTOR('',#2124,10.);
#454=VECTOR('',#2127,10.);
#455=VECTOR('',#2128,10.);
#456=VECTOR('',#2129,10.);
#457=VECTOR('',#2134,10.);
#458=VECTOR('',#2137,10.);
#459=VECTOR('',#2140,10.);
#460=VECTOR('',#2141,10.);
#461=VECTOR('',#2142,10.);
#462=VECTOR('',#2147,10.);
#463=VECTOR('',#2150,10.);
#464=VECTOR('',#2155,0.45);
#465=VECTOR('',#2158,10.);
#466=VECTOR('',#2159,10.);
#467=VECTOR('',#2162,10.);
#468=VECTOR('',#2169,10.);
#469=VECTOR('',#2174,10.);
#470=VECTOR('',#2175,10.);
#471=VECTOR('',#2178,10.);
#472=VECTOR('',#2183,10.);
#473=VECTOR('',#2188,10.);
#474=VECTOR('',#2191,10.);
#475=VECTOR('',#2192,10.);
#476=VECTOR('',#2207,10.);
#477=VECTOR('',#2210,10.);
#478=VECTOR('',#2227,10.);
#479=VECTOR('',#2230,10.);
#480=VECTOR('',#2235,10.);
#481=VECTOR('',#2240,10.);
#482=VECTOR('',#2243,10.);
#483=VECTOR('',#2246,1.25);
#484=VECTOR('',#2251,10.);
#485=VECTOR('',#2252,10.);
#486=VECTOR('',#2255,10.);
#487=VECTOR('',#2272,10.);
#488=VECTOR('',#2275,10.);
#489=VECTOR('',#2278,10.);
#490=VECTOR('',#2281,10.);
#491=VECTOR('',#2286,10.);
#492=VECTOR('',#2289,10.);
#493=VECTOR('',#2292,10.);
#494=VECTOR('',#2295,10.);
#495=VECTOR('',#2300,10.);
#496=VECTOR('',#2303,10.);
#497=VECTOR('',#2310,10.);
#498=VECTOR('',#2311,10.);
#499=VECTOR('',#2314,10.);
#500=VECTOR('',#2315,10.);
#501=VECTOR('',#2318,10.);
#502=VECTOR('',#2321,10.);
#503=VECTOR('',#2324,10.);
#504=VECTOR('',#2329,10.);
#505=VECTOR('',#2332,10.);
#506=VECTOR('',#2333,10.);
#507=VECTOR('',#2338,10.);
#508=VECTOR('',#2341,10.);
#509=VECTOR('',#2344,10.);
#510=VECTOR('',#2347,10.);
#511=VECTOR('',#2348,10.);
#512=VECTOR('',#2353,10.);
#513=VECTOR('',#2356,10.);
#514=VECTOR('',#2357,10.);
#515=VECTOR('',#2362,10.);
#516=VECTOR('',#2363,10.);
#517=VECTOR('',#2366,10.);
#518=VECTOR('',#2367,10.);
#519=VECTOR('',#2372,10.);
#520=VECTOR('',#2375,10.);
#521=VECTOR('',#2376,10.);
#522=VECTOR('',#2381,10.);
#523=VECTOR('',#2388,10.);
#524=VECTOR('',#2391,10.);
#525=VECTOR('',#2402,10.);
#526=VECTOR('',#2409,1.25);
#527=CIRCLE('',#1700,0.600000000000001);
#528=CIRCLE('',#1701,0.600000000000001);
#529=CIRCLE('',#1704,0.6);
#530=CIRCLE('',#1705,0.6);
#531=CIRCLE('',#1707,0.6);
#532=CIRCLE('',#1708,0.6);
#533=CIRCLE('',#1711,1.25);
#534=CIRCLE('',#1712,1.25);
#535=CIRCLE('',#1713,1.25);
#536=CIRCLE('',#1714,1.25);
#537=CIRCLE('',#1715,1.25);
#538=CIRCLE('',#1716,1.25);
#539=CIRCLE('',#1717,1.25);
#540=CIRCLE('',#1718,1.25);
#541=CIRCLE('',#1719,0.6);
#542=CIRCLE('',#1720,0.6);
#543=CIRCLE('',#1721,2.5);
#544=CIRCLE('',#1722,2.5);
#545=CIRCLE('',#1723,0.6);
#546=CIRCLE('',#1724,1.25);
#547=CIRCLE('',#1725,1.25);
#548=CIRCLE('',#1727,0.6);
#549=CIRCLE('',#1730,0.6);
#550=CIRCLE('',#1731,0.6);
#551=CIRCLE('',#1734,1.453);
#552=CIRCLE('',#1735,1.453);
#553=CIRCLE('',#1736,0.45);
#554=CIRCLE('',#1737,2.25);
#555=CIRCLE('',#1738,0.45);
#556=CIRCLE('',#1739,0.2);
#557=CIRCLE('',#1740,0.2);
#558=CIRCLE('',#1741,0.45);
#559=CIRCLE('',#1742,1.25);
#560=CIRCLE('',#1743,0.45);
#561=CIRCLE('',#1745,0.6);
#562=CIRCLE('',#1746,0.6);
#563=CIRCLE('',#1749,0.45);
#564=CIRCLE('',#1750,1.25);
#565=CIRCLE('',#1751,0.45);
#566=CIRCLE('',#1753,0.6);
#567=CIRCLE('',#1754,0.6);
#568=CIRCLE('',#1756,0.6);
#569=CIRCLE('',#1757,0.45);
#570=CIRCLE('',#1758,2.25);
#571=CIRCLE('',#1759,0.45);
#572=CIRCLE('',#1764,0.6);
#573=CIRCLE('',#1767,0.6);
#574=CIRCLE('',#1768,0.6);
#575=CIRCLE('',#1770,0.6);
#576=CIRCLE('',#1771,0.45);
#577=CIRCLE('',#1772,2.25);
#578=CIRCLE('',#1773,0.45);
#579=CIRCLE('',#1775,0.6);
#580=CIRCLE('',#1777,0.45);
#581=CIRCLE('',#1778,0.45);
#582=CIRCLE('',#1781,0.45);
#583=CIRCLE('',#1782,0.45);
#584=CIRCLE('',#1785,0.45);
#585=CIRCLE('',#1786,0.45);
#586=CIRCLE('',#1788,2.25);
#587=CIRCLE('',#1789,2.25);
#588=CIRCLE('',#1790,2.25);
#589=CIRCLE('',#1791,2.25);
#590=CIRCLE('',#1793,0.45);
#591=CIRCLE('',#1795,0.45);
#592=CIRCLE('',#1797,2.25);
#593=CIRCLE('',#1798,0.45);
#594=CIRCLE('',#1800,2.25);
#595=CIRCLE('',#1801,2.25);
#596=CIRCLE('',#1803,0.45);
#597=CIRCLE('',#1804,0.45);
#598=CIRCLE('',#1806,0.449999999999999);
#599=CIRCLE('',#1807,0.449999999999999);
#600=CIRCLE('',#1809,1.25);
#601=CIRCLE('',#1810,1.25);
#602=CIRCLE('',#1811,1.25);
#603=CIRCLE('',#1812,0.45);
#604=CIRCLE('',#1814,0.45);
#605=CIRCLE('',#1815,0.45);
#606=CIRCLE('',#1817,0.45);
#607=CIRCLE('',#1818,1.453);
#608=CIRCLE('',#1819,1.453);
#609=CIRCLE('',#1820,2.5);
#610=CIRCLE('',#1821,2.5);
#611=CIRCLE('',#1823,0.45);
#612=CIRCLE('',#1825,1.25);
#613=CIRCLE('',#1826,1.25);
#614=CIRCLE('',#1827,1.25);
#615=CIRCLE('',#1828,1.25);
#616=CIRCLE('',#1831,0.45);
#617=CIRCLE('',#1833,0.45);
#618=CIRCLE('',#1835,0.45);
#619=CIRCLE('',#1840,0.45);
#620=CIRCLE('',#1849,0.2);
#621=CIRCLE('',#1851,0.2);
#622=CIRCLE('',#1855,1.25);
#623=CIRCLE('',#1858,1.25);
#624=CIRCLE('',#1860,1.25);
#625=CIRCLE('',#1863,1.25);
#626=CIRCLE('',#1866,1.25);
#627=CIRCLE('',#1869,1.25);
#628=CIRCLE('',#1872,1.25);
#629=CIRCLE('',#1873,1.25);
#630=CIRCLE('',#1874,1.25);
#631=VERTEX_POINT('',#2418);
#632=VERTEX_POINT('',#2419);
#633=VERTEX_POINT('',#2421);
#634=VERTEX_POINT('',#2423);
#635=VERTEX_POINT('',#2427);
#636=VERTEX_POINT('',#2429);
#637=VERTEX_POINT('',#2433);
#638=VERTEX_POINT('',#2435);
#639=VERTEX_POINT('',#2439);
#640=VERTEX_POINT('',#2440);
#641=VERTEX_POINT('',#2442);
#642=VERTEX_POINT('',#2444);
#643=VERTEX_POINT('',#2448);
#644=VERTEX_POINT('',#2450);
#645=VERTEX_POINT('',#2452);
#646=VERTEX_POINT('',#2454);
#647=VERTEX_POINT('',#2456);
#648=VERTEX_POINT('',#2458);
#649=VERTEX_POINT('',#2462);
#650=VERTEX_POINT('',#2464);
#651=VERTEX_POINT('',#2466);
#652=VERTEX_POINT('',#2468);
#653=VERTEX_POINT('',#2470);
#654=VERTEX_POINT('',#2472);
#655=VERTEX_POINT('',#2474);
#656=VERTEX_POINT('',#2476);
#657=VERTEX_POINT('',#2478);
#658=VERTEX_POINT('',#2480);
#659=VERTEX_POINT('',#2482);
#660=VERTEX_POINT('',#2484);
#661=VERTEX_POINT('',#2486);
#662=VERTEX_POINT('',#2488);
#663=VERTEX_POINT('',#2490);
#664=VERTEX_POINT('',#2492);
#665=VERTEX_POINT('',#2494);
#666=VERTEX_POINT('',#2496);
#667=VERTEX_POINT('',#2498);
#668=VERTEX_POINT('',#2500);
#669=VERTEX_POINT('',#2502);
#670=VERTEX_POINT('',#2504);
#671=VERTEX_POINT('',#2506);
#672=VERTEX_POINT('',#2508);
#673=VERTEX_POINT('',#2510);
#674=VERTEX_POINT('',#2513);
#675=VERTEX_POINT('',#2515);
#676=VERTEX_POINT('',#2518);
#677=VERTEX_POINT('',#2522);
#678=VERTEX_POINT('',#2524);
#679=VERTEX_POINT('',#2526);
#680=VERTEX_POINT('',#2530);
#681=VERTEX_POINT('',#2532);
#682=VERTEX_POINT('',#2536);
#683=VERTEX_POINT('',#2538);
#684=VERTEX_POINT('',#2542);
#685=VERTEX_POINT('',#2544);
#686=VERTEX_POINT('',#2546);
#687=VERTEX_POINT('',#2548);
#688=VERTEX_POINT('',#2550);
#689=VERTEX_POINT('',#2552);
#690=VERTEX_POINT('',#2554);
#691=VERTEX_POINT('',#2556);
#692=VERTEX_POINT('',#2558);
#693=VERTEX_POINT('',#2560);
#694=VERTEX_POINT('',#2562);
#695=VERTEX_POINT('',#2564);
#696=VERTEX_POINT('',#2566);
#697=VERTEX_POINT('',#2568);
#698=VERTEX_POINT('',#2572);
#699=VERTEX_POINT('',#2574);
#700=VERTEX_POINT('',#2578);
#701=VERTEX_POINT('',#2580);
#702=VERTEX_POINT('',#2584);
#703=VERTEX_POINT('',#2586);
#704=VERTEX_POINT('',#2590);
#705=VERTEX_POINT('',#2591);
#706=VERTEX_POINT('',#2593);
#707=VERTEX_POINT('',#2595);
#708=VERTEX_POINT('',#2599);
#709=VERTEX_POINT('',#2601);
#710=VERTEX_POINT('',#2603);
#711=VERTEX_POINT('',#2605);
#712=VERTEX_POINT('',#2607);
#713=VERTEX_POINT('',#2609);
#714=VERTEX_POINT('',#2613);
#715=VERTEX_POINT('',#2615);
#716=VERTEX_POINT('',#2617);
#717=VERTEX_POINT('',#2619);
#718=VERTEX_POINT('',#2621);
#719=VERTEX_POINT('',#2628);
#720=VERTEX_POINT('',#2630);
#721=VERTEX_POINT('',#2634);
#722=VERTEX_POINT('',#2638);
#723=VERTEX_POINT('',#2640);
#724=VERTEX_POINT('',#2642);
#725=VERTEX_POINT('',#2644);
#726=VERTEX_POINT('',#2646);
#727=VERTEX_POINT('',#2650);
#728=VERTEX_POINT('',#2652);
#729=VERTEX_POINT('',#2656);
#730=VERTEX_POINT('',#2658);
#731=VERTEX_POINT('',#2660);
#732=VERTEX_POINT('',#2662);
#733=VERTEX_POINT('',#2664);
#734=VERTEX_POINT('',#2668);
#735=VERTEX_POINT('',#2672);
#736=VERTEX_POINT('',#2673);
#737=VERTEX_POINT('',#2675);
#738=VERTEX_POINT('',#2677);
#739=VERTEX_POINT('',#2682);
#740=VERTEX_POINT('',#2686);
#741=VERTEX_POINT('',#2687);
#742=VERTEX_POINT('',#2689);
#743=VERTEX_POINT('',#2691);
#744=VERTEX_POINT('',#2695);
#745=VERTEX_POINT('',#2697);
#746=VERTEX_POINT('',#2701);
#747=VERTEX_POINT('',#2702);
#748=VERTEX_POINT('',#2704);
#749=VERTEX_POINT('',#2706);
#750=VERTEX_POINT('',#2710);
#751=VERTEX_POINT('',#2712);
#752=VERTEX_POINT('',#2714);
#753=VERTEX_POINT('',#2717);
#754=VERTEX_POINT('',#2719);
#755=VERTEX_POINT('',#2721);
#756=VERTEX_POINT('',#2725);
#757=VERTEX_POINT('',#2729);
#758=VERTEX_POINT('',#2730);
#759=VERTEX_POINT('',#2736);
#760=VERTEX_POINT('',#2738);
#761=VERTEX_POINT('',#2742);
#762=VERTEX_POINT('',#2744);
#763=VERTEX_POINT('',#2746);
#764=VERTEX_POINT('',#2757);
#765=VERTEX_POINT('',#2759);
#766=VERTEX_POINT('',#2761);
#767=VERTEX_POINT('',#2764);
#768=VERTEX_POINT('',#2771);
#769=VERTEX_POINT('',#2773);
#770=VERTEX_POINT('',#2775);
#771=VERTEX_POINT('',#2777);
#772=VERTEX_POINT('',#2780);
#773=VERTEX_POINT('',#2782);
#774=VERTEX_POINT('',#2786);
#775=VERTEX_POINT('',#2788);
#776=VERTEX_POINT('',#2792);
#777=VERTEX_POINT('',#2795);
#778=VERTEX_POINT('',#2799);
#779=VERTEX_POINT('',#2809);
#780=VERTEX_POINT('',#2819);
#781=VERTEX_POINT('',#2835);
#782=VERTEX_POINT('',#2836);
#783=VERTEX_POINT('',#2842);
#784=VERTEX_POINT('',#2844);
#785=VERTEX_POINT('',#2852);
#786=VERTEX_POINT('',#2856);
#787=VERTEX_POINT('',#2860);
#788=VERTEX_POINT('',#2864);
#789=VERTEX_POINT('',#2866);
#790=VERTEX_POINT('',#2870);
#791=VERTEX_POINT('',#2877);
#792=VERTEX_POINT('',#2881);
#793=VERTEX_POINT('',#2886);
#794=VERTEX_POINT('',#2890);
#795=VERTEX_POINT('',#2894);
#796=VERTEX_POINT('',#2898);
#797=VERTEX_POINT('',#2900);
#798=VERTEX_POINT('',#2903);
#799=EDGE_CURVE('',#631,#632,#527,.F.);
#800=EDGE_CURVE('',#631,#633,#231,.T.);
#801=EDGE_CURVE('',#633,#634,#528,.T.);
#802=EDGE_CURVE('',#634,#632,#232,.T.);
#803=EDGE_CURVE('',#635,#634,#233,.T.);
#804=EDGE_CURVE('',#636,#635,#234,.T.);
#805=EDGE_CURVE('',#632,#636,#235,.T.);
#806=EDGE_CURVE('',#637,#636,#529,.T.);
#807=EDGE_CURVE('',#635,#638,#530,.T.);
#808=EDGE_CURVE('',#638,#637,#236,.T.);
#809=EDGE_CURVE('',#639,#640,#531,.T.);
#810=EDGE_CURVE('',#640,#641,#237,.T.);
#811=EDGE_CURVE('',#641,#642,#532,.F.);
#812=EDGE_CURVE('',#642,#639,#238,.T.);
#813=EDGE_CURVE('',#643,#641,#239,.T.);
#814=EDGE_CURVE('',#644,#640,#240,.T.);
#815=EDGE_CURVE('',#645,#644,#241,.T.);
#816=EDGE_CURVE('',#646,#645,#242,.T.);
#817=EDGE_CURVE('',#647,#646,#243,.T.);
#818=EDGE_CURVE('',#648,#647,#244,.T.);
#819=EDGE_CURVE('',#643,#648,#245,.T.);
#820=EDGE_CURVE('',#639,#649,#246,.T.);
#821=EDGE_CURVE('',#650,#649,#533,.T.);
#822=EDGE_CURVE('',#650,#651,#247,.T.);
#823=EDGE_CURVE('',#652,#651,#534,.T.);
#824=EDGE_CURVE('',#652,#653,#248,.T.);
#825=EDGE_CURVE('',#654,#653,#535,.T.);
#826=EDGE_CURVE('',#654,#655,#249,.T.);
#827=EDGE_CURVE('',#656,#655,#536,.T.);
#828=EDGE_CURVE('',#656,#657,#250,.T.);
#829=EDGE_CURVE('',#658,#657,#537,.T.);
#830=EDGE_CURVE('',#659,#658,#251,.T.);
#831=EDGE_CURVE('',#660,#659,#538,.T.);
#832=EDGE_CURVE('',#661,#660,#252,.T.);
#833=EDGE_CURVE('',#662,#661,#539,.T.);
#834=EDGE_CURVE('',#663,#662,#253,.T.);
#835=EDGE_CURVE('',#664,#663,#540,.T.);
#836=EDGE_CURVE('',#664,#665,#254,.T.);
#837=EDGE_CURVE('',#666,#665,#541,.T.);
#838=EDGE_CURVE('',#666,#667,#255,.T.);
#839=EDGE_CURVE('',#668,#667,#542,.T.);
#840=EDGE_CURVE('',#668,#669,#256,.T.);
#841=EDGE_CURVE('',#670,#669,#543,.T.);
#842=EDGE_CURVE('',#670,#671,#257,.T.);
#843=EDGE_CURVE('',#672,#671,#544,.T.);
#844=EDGE_CURVE('',#672,#673,#258,.T.);
#845=EDGE_CURVE('',#644,#673,#545,.T.);
#846=EDGE_CURVE('',#674,#674,#546,.T.);
#847=EDGE_CURVE('',#675,#675,#547,.T.);
#848=EDGE_CURVE('',#676,#645,#548,.T.);
#849=EDGE_CURVE('',#673,#676,#259,.T.);
#850=EDGE_CURVE('',#677,#672,#260,.T.);
#851=EDGE_CURVE('',#678,#677,#261,.T.);
#852=EDGE_CURVE('',#679,#678,#262,.T.);
#853=EDGE_CURVE('',#676,#679,#263,.T.);
#854=EDGE_CURVE('',#646,#680,#549,.T.);
#855=EDGE_CURVE('',#680,#681,#264,.T.);
#856=EDGE_CURVE('',#681,#647,#550,.F.);
#857=EDGE_CURVE('',#682,#680,#265,.F.);
#858=EDGE_CURVE('',#683,#682,#266,.T.);
#859=EDGE_CURVE('',#681,#683,#267,.F.);
#860=EDGE_CURVE('',#684,#679,#551,.T.);
#861=EDGE_CURVE('',#684,#685,#268,.T.);
#862=EDGE_CURVE('',#686,#685,#552,.T.);
#863=EDGE_CURVE('',#686,#687,#269,.T.);
#864=EDGE_CURVE('',#688,#687,#553,.T.);
#865=EDGE_CURVE('',#688,#689,#554,.T.);
#866=EDGE_CURVE('',#690,#689,#555,.T.);
#867=EDGE_CURVE('',#690,#691,#270,.F.);
#868=EDGE_CURVE('',#692,#691,#556,.T.);
#869=EDGE_CURVE('',#692,#693,#271,.F.);
#870=EDGE_CURVE('',#694,#693,#557,.T.);
#871=EDGE_CURVE('',#694,#695,#272,.F.);
#872=EDGE_CURVE('',#696,#695,#558,.T.);
#873=EDGE_CURVE('',#696,#697,#559,.T.);
#874=EDGE_CURVE('',#682,#697,#560,.T.);
#875=EDGE_CURVE('',#698,#643,#561,.T.);
#876=EDGE_CURVE('',#648,#699,#562,.T.);
#877=EDGE_CURVE('',#699,#698,#273,.T.);
#878=EDGE_CURVE('',#700,#699,#274,.T.);
#879=EDGE_CURVE('',#701,#700,#275,.T.);
#880=EDGE_CURVE('',#698,#701,#276,.T.);
#881=EDGE_CURVE('',#702,#683,#563,.F.);
#882=EDGE_CURVE('',#702,#703,#564,.T.);
#883=EDGE_CURVE('',#700,#703,#565,.T.);
#884=EDGE_CURVE('',#704,#705,#566,.T.);
#885=EDGE_CURVE('',#705,#706,#277,.T.);
#886=EDGE_CURVE('',#706,#707,#567,.T.);
#887=EDGE_CURVE('',#707,#704,#278,.T.);
#888=EDGE_CURVE('',#708,#706,#279,.T.);
#889=EDGE_CURVE('',#709,#708,#568,.F.);
#890=EDGE_CURVE('',#710,#709,#280,.T.);
#891=EDGE_CURVE('',#711,#710,#569,.F.);
#892=EDGE_CURVE('',#711,#712,#570,.T.);
#893=EDGE_CURVE('',#713,#712,#571,.T.);
#894=EDGE_CURVE('',#713,#707,#281,.T.);
#895=EDGE_CURVE('',#714,#705,#282,.T.);
#896=EDGE_CURVE('',#715,#714,#283,.T.);
#897=EDGE_CURVE('',#716,#715,#284,.T.);
#898=EDGE_CURVE('',#717,#716,#285,.T.);
#899=EDGE_CURVE('',#718,#717,#286,.T.);
#900=EDGE_CURVE('',#667,#718,#287,.T.);
#901=EDGE_CURVE('',#708,#666,#288,.T.);
#902=EDGE_CURVE('',#665,#709,#289,.T.);
#903=EDGE_CURVE('',#719,#664,#290,.T.);
#904=EDGE_CURVE('',#719,#720,#291,.T.);
#905=EDGE_CURVE('',#710,#720,#292,.T.);
#906=EDGE_CURVE('',#718,#721,#572,.T.);
#907=EDGE_CURVE('',#721,#668,#293,.T.);
#908=EDGE_CURVE('',#722,#721,#294,.T.);
#909=EDGE_CURVE('',#723,#722,#295,.T.);
#910=EDGE_CURVE('',#723,#724,#296,.T.);
#911=EDGE_CURVE('',#725,#724,#297,.T.);
#912=EDGE_CURVE('',#726,#725,#298,.T.);
#913=EDGE_CURVE('',#669,#726,#299,.T.);
#914=EDGE_CURVE('',#716,#727,#573,.T.);
#915=EDGE_CURVE('',#727,#728,#300,.T.);
#916=EDGE_CURVE('',#728,#717,#574,.F.);
#917=EDGE_CURVE('',#729,#715,#575,.T.);
#918=EDGE_CURVE('',#729,#730,#301,.F.);
#919=EDGE_CURVE('',#731,#730,#576,.T.);
#920=EDGE_CURVE('',#731,#732,#577,.T.);
#921=EDGE_CURVE('',#733,#732,#578,.T.);
#922=EDGE_CURVE('',#733,#727,#302,.T.);
#923=EDGE_CURVE('',#714,#734,#579,.F.);
#924=EDGE_CURVE('',#734,#729,#303,.T.);
#925=EDGE_CURVE('',#735,#736,#580,.F.);
#926=EDGE_CURVE('',#736,#737,#304,.T.);
#927=EDGE_CURVE('',#737,#738,#581,.F.);
#928=EDGE_CURVE('',#738,#735,#305,.T.);
#929=EDGE_CURVE('',#642,#737,#306,.T.);
#930=EDGE_CURVE('',#736,#739,#307,.T.);
#931=EDGE_CURVE('',#649,#739,#308,.T.);
#932=EDGE_CURVE('',#740,#741,#582,.F.);
#933=EDGE_CURVE('',#741,#742,#309,.T.);
#934=EDGE_CURVE('',#742,#743,#583,.F.);
#935=EDGE_CURVE('',#743,#740,#310,.T.);
#936=EDGE_CURVE('',#741,#744,#311,.T.);
#937=EDGE_CURVE('',#745,#744,#312,.T.);
#938=EDGE_CURVE('',#745,#742,#313,.T.);
#939=EDGE_CURVE('',#746,#747,#584,.F.);
#940=EDGE_CURVE('',#747,#748,#314,.T.);
#941=EDGE_CURVE('',#748,#749,#585,.F.);
#942=EDGE_CURVE('',#749,#746,#315,.T.);
#943=EDGE_CURVE('',#750,#747,#586,.T.);
#944=EDGE_CURVE('',#751,#750,#316,.T.);
#945=EDGE_CURVE('',#752,#751,#587,.T.);
#946=EDGE_CURVE('',#689,#752,#317,.T.);
#947=EDGE_CURVE('',#753,#688,#318,.T.);
#948=EDGE_CURVE('',#754,#753,#588,.T.);
#949=EDGE_CURVE('',#755,#754,#319,.T.);
#950=EDGE_CURVE('',#748,#755,#589,.T.);
#951=EDGE_CURVE('',#720,#756,#590,.F.);
#952=EDGE_CURVE('',#756,#711,#320,.T.);
#953=EDGE_CURVE('',#757,#758,#591,.T.);
#954=EDGE_CURVE('',#758,#713,#321,.T.);
#955=EDGE_CURVE('',#712,#757,#322,.T.);
#956=EDGE_CURVE('',#704,#758,#323,.T.);
#957=EDGE_CURVE('',#757,#759,#592,.T.);
#958=EDGE_CURVE('',#760,#759,#593,.F.);
#959=EDGE_CURVE('',#760,#734,#324,.F.);
#960=EDGE_CURVE('',#761,#756,#594,.T.);
#961=EDGE_CURVE('',#762,#761,#325,.T.);
#962=EDGE_CURVE('',#763,#762,#595,.T.);
#963=EDGE_CURVE('',#732,#763,#326,.T.);
#964=EDGE_CURVE('',#759,#731,#327,.T.);
#965=EDGE_CURVE('',#722,#762,#596,.T.);
#966=EDGE_CURVE('',#761,#723,#597,.F.);
#967=EDGE_CURVE('',#638,#751,#598,.T.);
#968=EDGE_CURVE('',#750,#637,#599,.T.);
#969=EDGE_CURVE('',#764,#746,#328,.T.);
#970=EDGE_CURVE('',#764,#765,#600,.T.);
#971=EDGE_CURVE('',#766,#765,#329,.T.);
#972=EDGE_CURVE('',#766,#744,#601,.T.);
#973=EDGE_CURVE('',#740,#767,#602,.T.);
#974=EDGE_CURVE('',#631,#767,#603,.T.);
#975=EDGE_CURVE('',#754,#725,#604,.T.);
#976=EDGE_CURVE('',#724,#755,#605,.F.);
#977=EDGE_CURVE('',#768,#753,#606,.F.);
#978=EDGE_CURVE('',#768,#769,#330,.T.);
#979=EDGE_CURVE('',#770,#769,#607,.F.);
#980=EDGE_CURVE('',#770,#771,#331,.T.);
#981=EDGE_CURVE('',#678,#771,#608,.F.);
#982=EDGE_CURVE('',#772,#677,#609,.T.);
#983=EDGE_CURVE('',#772,#773,#332,.T.);
#984=EDGE_CURVE('',#726,#773,#610,.T.);
#985=EDGE_CURVE('',#695,#774,#333,.T.);
#986=EDGE_CURVE('',#774,#775,#611,.F.);
#987=EDGE_CURVE('',#775,#696,#334,.T.);
#988=EDGE_CURVE('',#675,#776,#335,.T.);
#989=EDGE_CURVE('',#735,#776,#612,.T.);
#990=EDGE_CURVE('',#777,#738,#613,.T.);
#991=EDGE_CURVE('',#703,#777,#336,.T.);
#992=EDGE_CURVE('',#697,#702,#337,.T.);
#993=EDGE_CURVE('',#778,#775,#614,.T.);
#994=EDGE_CURVE('',#767,#778,#338,.T.);
#995=EDGE_CURVE('',#776,#743,#615,.T.);
#996=EDGE_CURVE('',#777,#701,#616,.T.);
#997=EDGE_CURVE('',#778,#633,#617,.T.);
#998=EDGE_CURVE('',#752,#779,#618,.F.);
#999=EDGE_CURVE('',#779,#690,#339,.T.);
#1000=EDGE_CURVE('',#687,#768,#340,.T.);
#1001=EDGE_CURVE('',#769,#686,#341,.T.);
#1002=EDGE_CURVE('',#730,#760,#342,.T.);
#1003=EDGE_CURVE('',#763,#780,#619,.F.);
#1004=EDGE_CURVE('',#780,#733,#343,.T.);
#1005=EDGE_CURVE('',#728,#780,#344,.T.);
#1006=EDGE_CURVE('',#671,#772,#345,.T.);
#1007=EDGE_CURVE('',#773,#670,#346,.T.);
#1008=EDGE_CURVE('',#685,#770,#347,.T.);
#1009=EDGE_CURVE('',#771,#684,#348,.T.);
#1010=EDGE_CURVE('',#781,#782,#620,.T.);
#1011=EDGE_CURVE('',#781,#694,#349,.T.);
#1012=EDGE_CURVE('',#693,#782,#350,.T.);
#1013=EDGE_CURVE('',#774,#781,#351,.F.);
#1014=EDGE_CURVE('',#782,#783,#352,.F.);
#1015=EDGE_CURVE('',#783,#784,#621,.T.);
#1016=EDGE_CURVE('',#784,#779,#353,.F.);
#1017=EDGE_CURVE('',#783,#692,#354,.T.);
#1018=EDGE_CURVE('',#691,#784,#355,.T.);
#1019=EDGE_CURVE('',#739,#785,#622,.T.);
#1020=EDGE_CURVE('',#785,#650,#356,.T.);
#1021=EDGE_CURVE('',#785,#786,#357,.T.);
#1022=EDGE_CURVE('',#651,#786,#358,.T.);
#1023=EDGE_CURVE('',#786,#787,#623,.T.);
#1024=EDGE_CURVE('',#787,#652,#359,.T.);
#1025=EDGE_CURVE('',#653,#788,#360,.T.);
#1026=EDGE_CURVE('',#788,#789,#624,.T.);
#1027=EDGE_CURVE('',#789,#654,#361,.T.);
#1028=EDGE_CURVE('',#789,#790,#362,.T.);
#1029=EDGE_CURVE('',#655,#790,#363,.T.);
#1030=EDGE_CURVE('',#790,#745,#625,.T.);
#1031=EDGE_CURVE('',#766,#656,#364,.T.);
#1032=EDGE_CURVE('',#749,#791,#365,.T.);
#1033=EDGE_CURVE('',#764,#791,#366,.T.);
#1034=EDGE_CURVE('',#791,#792,#626,.T.);
#1035=EDGE_CURVE('',#792,#658,#367,.T.);
#1036=EDGE_CURVE('',#657,#765,#368,.T.);
#1037=EDGE_CURVE('',#793,#792,#369,.T.);
#1038=EDGE_CURVE('',#659,#793,#370,.T.);
#1039=EDGE_CURVE('',#793,#794,#627,.T.);
#1040=EDGE_CURVE('',#794,#660,#371,.T.);
#1041=EDGE_CURVE('',#795,#794,#372,.T.);
#1042=EDGE_CURVE('',#661,#795,#373,.T.);
#1043=EDGE_CURVE('',#796,#719,#628,.T.);
#1044=EDGE_CURVE('',#796,#797,#374,.T.);
#1045=EDGE_CURVE('',#795,#797,#629,.T.);
#1046=EDGE_CURVE('',#798,#798,#630,.T.);
#1047=EDGE_CURVE('',#663,#796,#375,.T.);
#1048=EDGE_CURVE('',#797,#662,#376,.T.);
#1049=EDGE_CURVE('',#787,#788,#377,.T.);
#1050=EDGE_CURVE('',#674,#798,#378,.T.);
#1051=ORIENTED_EDGE('',*,*,#799,.F.);
#1052=ORIENTED_EDGE('',*,*,#800,.T.);
#1053=ORIENTED_EDGE('',*,*,#801,.T.);
#1054=ORIENTED_EDGE('',*,*,#802,.T.);
#1055=ORIENTED_EDGE('',*,*,#802,.F.);
#1056=ORIENTED_EDGE('',*,*,#803,.F.);
#1057=ORIENTED_EDGE('',*,*,#804,.F.);
#1058=ORIENTED_EDGE('',*,*,#805,.F.);
#1059=ORIENTED_EDGE('',*,*,#806,.T.);
#1060=ORIENTED_EDGE('',*,*,#804,.T.);
#1061=ORIENTED_EDGE('',*,*,#807,.T.);
#1062=ORIENTED_EDGE('',*,*,#808,.T.);
#1063=ORIENTED_EDGE('',*,*,#809,.T.);
#1064=ORIENTED_EDGE('',*,*,#810,.T.);
#1065=ORIENTED_EDGE('',*,*,#811,.T.);
#1066=ORIENTED_EDGE('',*,*,#812,.T.);
#1067=ORIENTED_EDGE('',*,*,#813,.T.);
#1068=ORIENTED_EDGE('',*,*,#810,.F.);
#1069=ORIENTED_EDGE('',*,*,#814,.F.);
#1070=ORIENTED_EDGE('',*,*,#815,.F.);
#1071=ORIENTED_EDGE('',*,*,#816,.F.);
#1072=ORIENTED_EDGE('',*,*,#817,.F.);
#1073=ORIENTED_EDGE('',*,*,#818,.F.);
#1074=ORIENTED_EDGE('',*,*,#819,.F.);
#1075=ORIENTED_EDGE('',*,*,#809,.F.);
#1076=ORIENTED_EDGE('',*,*,#820,.T.);
#1077=ORIENTED_EDGE('',*,*,#821,.F.);
#1078=ORIENTED_EDGE('',*,*,#822,.T.);
#1079=ORIENTED_EDGE('',*,*,#823,.F.);
#1080=ORIENTED_EDGE('',*,*,#824,.T.);
#1081=ORIENTED_EDGE('',*,*,#825,.F.);
#1082=ORIENTED_EDGE('',*,*,#826,.T.);
#1083=ORIENTED_EDGE('',*,*,#827,.F.);
#1084=ORIENTED_EDGE('',*,*,#828,.T.);
#1085=ORIENTED_EDGE('',*,*,#829,.F.);
#1086=ORIENTED_EDGE('',*,*,#830,.F.);
#1087=ORIENTED_EDGE('',*,*,#831,.F.);
#1088=ORIENTED_EDGE('',*,*,#832,.F.);
#1089=ORIENTED_EDGE('',*,*,#833,.F.);
#1090=ORIENTED_EDGE('',*,*,#834,.F.);
#1091=ORIENTED_EDGE('',*,*,#835,.F.);
#1092=ORIENTED_EDGE('',*,*,#836,.T.);
#1093=ORIENTED_EDGE('',*,*,#837,.F.);
#1094=ORIENTED_EDGE('',*,*,#838,.T.);
#1095=ORIENTED_EDGE('',*,*,#839,.F.);
#1096=ORIENTED_EDGE('',*,*,#840,.T.);
#1097=ORIENTED_EDGE('',*,*,#841,.F.);
#1098=ORIENTED_EDGE('',*,*,#842,.T.);
#1099=ORIENTED_EDGE('',*,*,#843,.F.);
#1100=ORIENTED_EDGE('',*,*,#844,.T.);
#1101=ORIENTED_EDGE('',*,*,#845,.F.);
#1102=ORIENTED_EDGE('',*,*,#814,.T.);
#1103=ORIENTED_EDGE('',*,*,#846,.T.);
#1104=ORIENTED_EDGE('',*,*,#847,.T.);
#1105=ORIENTED_EDGE('',*,*,#848,.T.);
#1106=ORIENTED_EDGE('',*,*,#815,.T.);
#1107=ORIENTED_EDGE('',*,*,#845,.T.);
#1108=ORIENTED_EDGE('',*,*,#849,.T.);
#1109=ORIENTED_EDGE('',*,*,#849,.F.);
#1110=ORIENTED_EDGE('',*,*,#844,.F.);
#1111=ORIENTED_EDGE('',*,*,#850,.F.);
#1112=ORIENTED_EDGE('',*,*,#851,.F.);
#1113=ORIENTED_EDGE('',*,*,#852,.F.);
#1114=ORIENTED_EDGE('',*,*,#853,.F.);
#1115=ORIENTED_EDGE('',*,*,#854,.T.);
#1116=ORIENTED_EDGE('',*,*,#855,.T.);
#1117=ORIENTED_EDGE('',*,*,#856,.T.);
#1118=ORIENTED_EDGE('',*,*,#817,.T.);
#1119=ORIENTED_EDGE('',*,*,#855,.F.);
#1120=ORIENTED_EDGE('',*,*,#857,.F.);
#1121=ORIENTED_EDGE('',*,*,#858,.F.);
#1122=ORIENTED_EDGE('',*,*,#859,.F.);
#1123=ORIENTED_EDGE('',*,*,#848,.F.);
#1124=ORIENTED_EDGE('',*,*,#853,.T.);
#1125=ORIENTED_EDGE('',*,*,#860,.F.);
#1126=ORIENTED_EDGE('',*,*,#861,.T.);
#1127=ORIENTED_EDGE('',*,*,#862,.F.);
#1128=ORIENTED_EDGE('',*,*,#863,.T.);
#1129=ORIENTED_EDGE('',*,*,#864,.F.);
#1130=ORIENTED_EDGE('',*,*,#865,.T.);
#1131=ORIENTED_EDGE('',*,*,#866,.F.);
#1132=ORIENTED_EDGE('',*,*,#867,.T.);
#1133=ORIENTED_EDGE('',*,*,#868,.F.);
#1134=ORIENTED_EDGE('',*,*,#869,.T.);
#1135=ORIENTED_EDGE('',*,*,#870,.F.);
#1136=ORIENTED_EDGE('',*,*,#871,.T.);
#1137=ORIENTED_EDGE('',*,*,#872,.F.);
#1138=ORIENTED_EDGE('',*,*,#873,.T.);
#1139=ORIENTED_EDGE('',*,*,#874,.F.);
#1140=ORIENTED_EDGE('',*,*,#857,.T.);
#1141=ORIENTED_EDGE('',*,*,#854,.F.);
#1142=ORIENTED_EDGE('',*,*,#816,.T.);
#1143=ORIENTED_EDGE('',*,*,#875,.T.);
#1144=ORIENTED_EDGE('',*,*,#819,.T.);
#1145=ORIENTED_EDGE('',*,*,#876,.T.);
#1146=ORIENTED_EDGE('',*,*,#877,.T.);
#1147=ORIENTED_EDGE('',*,*,#877,.F.);
#1148=ORIENTED_EDGE('',*,*,#878,.F.);
#1149=ORIENTED_EDGE('',*,*,#879,.F.);
#1150=ORIENTED_EDGE('',*,*,#880,.F.);
#1151=ORIENTED_EDGE('',*,*,#876,.F.);
#1152=ORIENTED_EDGE('',*,*,#818,.T.);
#1153=ORIENTED_EDGE('',*,*,#856,.F.);
#1154=ORIENTED_EDGE('',*,*,#859,.T.);
#1155=ORIENTED_EDGE('',*,*,#881,.F.);
#1156=ORIENTED_EDGE('',*,*,#882,.T.);
#1157=ORIENTED_EDGE('',*,*,#883,.F.);
#1158=ORIENTED_EDGE('',*,*,#878,.T.);
#1159=ORIENTED_EDGE('',*,*,#884,.T.);
#1160=ORIENTED_EDGE('',*,*,#885,.T.);
#1161=ORIENTED_EDGE('',*,*,#886,.T.);
#1162=ORIENTED_EDGE('',*,*,#887,.T.);
#1163=ORIENTED_EDGE('',*,*,#886,.F.);
#1164=ORIENTED_EDGE('',*,*,#888,.F.);
#1165=ORIENTED_EDGE('',*,*,#889,.F.);
#1166=ORIENTED_EDGE('',*,*,#890,.F.);
#1167=ORIENTED_EDGE('',*,*,#891,.F.);
#1168=ORIENTED_EDGE('',*,*,#892,.T.);
#1169=ORIENTED_EDGE('',*,*,#893,.F.);
#1170=ORIENTED_EDGE('',*,*,#894,.T.);
#1171=ORIENTED_EDGE('',*,*,#885,.F.);
#1172=ORIENTED_EDGE('',*,*,#895,.F.);
#1173=ORIENTED_EDGE('',*,*,#896,.F.);
#1174=ORIENTED_EDGE('',*,*,#897,.F.);
#1175=ORIENTED_EDGE('',*,*,#898,.F.);
#1176=ORIENTED_EDGE('',*,*,#899,.F.);
#1177=ORIENTED_EDGE('',*,*,#900,.F.);
#1178=ORIENTED_EDGE('',*,*,#838,.F.);
#1179=ORIENTED_EDGE('',*,*,#901,.F.);
#1180=ORIENTED_EDGE('',*,*,#888,.T.);
#1181=ORIENTED_EDGE('',*,*,#837,.T.);
#1182=ORIENTED_EDGE('',*,*,#902,.T.);
#1183=ORIENTED_EDGE('',*,*,#889,.T.);
#1184=ORIENTED_EDGE('',*,*,#901,.T.);
#1185=ORIENTED_EDGE('',*,*,#902,.F.);
#1186=ORIENTED_EDGE('',*,*,#836,.F.);
#1187=ORIENTED_EDGE('',*,*,#903,.F.);
#1188=ORIENTED_EDGE('',*,*,#904,.T.);
#1189=ORIENTED_EDGE('',*,*,#905,.F.);
#1190=ORIENTED_EDGE('',*,*,#890,.T.);
#1191=ORIENTED_EDGE('',*,*,#906,.T.);
#1192=ORIENTED_EDGE('',*,*,#907,.T.);
#1193=ORIENTED_EDGE('',*,*,#839,.T.);
#1194=ORIENTED_EDGE('',*,*,#900,.T.);
#1195=ORIENTED_EDGE('',*,*,#907,.F.);
#1196=ORIENTED_EDGE('',*,*,#908,.F.);
#1197=ORIENTED_EDGE('',*,*,#909,.F.);
#1198=ORIENTED_EDGE('',*,*,#910,.T.);
#1199=ORIENTED_EDGE('',*,*,#911,.F.);
#1200=ORIENTED_EDGE('',*,*,#912,.F.);
#1201=ORIENTED_EDGE('',*,*,#913,.F.);
#1202=ORIENTED_EDGE('',*,*,#840,.F.);
#1203=ORIENTED_EDGE('',*,*,#914,.T.);
#1204=ORIENTED_EDGE('',*,*,#915,.T.);
#1205=ORIENTED_EDGE('',*,*,#916,.T.);
#1206=ORIENTED_EDGE('',*,*,#898,.T.);
#1207=ORIENTED_EDGE('',*,*,#914,.F.);
#1208=ORIENTED_EDGE('',*,*,#897,.T.);
#1209=ORIENTED_EDGE('',*,*,#917,.F.);
#1210=ORIENTED_EDGE('',*,*,#918,.T.);
#1211=ORIENTED_EDGE('',*,*,#919,.F.);
#1212=ORIENTED_EDGE('',*,*,#920,.T.);
#1213=ORIENTED_EDGE('',*,*,#921,.F.);
#1214=ORIENTED_EDGE('',*,*,#922,.T.);
#1215=ORIENTED_EDGE('',*,*,#917,.T.);
#1216=ORIENTED_EDGE('',*,*,#896,.T.);
#1217=ORIENTED_EDGE('',*,*,#923,.T.);
#1218=ORIENTED_EDGE('',*,*,#924,.T.);
#1219=ORIENTED_EDGE('',*,*,#925,.T.);
#1220=ORIENTED_EDGE('',*,*,#926,.T.);
#1221=ORIENTED_EDGE('',*,*,#927,.T.);
#1222=ORIENTED_EDGE('',*,*,#928,.T.);
#1223=ORIENTED_EDGE('',*,*,#812,.F.);
#1224=ORIENTED_EDGE('',*,*,#929,.T.);
#1225=ORIENTED_EDGE('',*,*,#926,.F.);
#1226=ORIENTED_EDGE('',*,*,#930,.T.);
#1227=ORIENTED_EDGE('',*,*,#931,.F.);
#1228=ORIENTED_EDGE('',*,*,#820,.F.);
#1229=ORIENTED_EDGE('',*,*,#932,.T.);
#1230=ORIENTED_EDGE('',*,*,#933,.T.);
#1231=ORIENTED_EDGE('',*,*,#934,.T.);
#1232=ORIENTED_EDGE('',*,*,#935,.T.);
#1233=ORIENTED_EDGE('',*,*,#933,.F.);
#1234=ORIENTED_EDGE('',*,*,#936,.T.);
#1235=ORIENTED_EDGE('',*,*,#937,.F.);
#1236=ORIENTED_EDGE('',*,*,#938,.T.);
#1237=ORIENTED_EDGE('',*,*,#939,.T.);
#1238=ORIENTED_EDGE('',*,*,#940,.T.);
#1239=ORIENTED_EDGE('',*,*,#941,.T.);
#1240=ORIENTED_EDGE('',*,*,#942,.T.);
#1241=ORIENTED_EDGE('',*,*,#940,.F.);
#1242=ORIENTED_EDGE('',*,*,#943,.F.);
#1243=ORIENTED_EDGE('',*,*,#944,.F.);
#1244=ORIENTED_EDGE('',*,*,#945,.F.);
#1245=ORIENTED_EDGE('',*,*,#946,.F.);
#1246=ORIENTED_EDGE('',*,*,#865,.F.);
#1247=ORIENTED_EDGE('',*,*,#947,.F.);
#1248=ORIENTED_EDGE('',*,*,#948,.F.);
#1249=ORIENTED_EDGE('',*,*,#949,.F.);
#1250=ORIENTED_EDGE('',*,*,#950,.F.);
#1251=ORIENTED_EDGE('',*,*,#891,.T.);
#1252=ORIENTED_EDGE('',*,*,#905,.T.);
#1253=ORIENTED_EDGE('',*,*,#951,.T.);
#1254=ORIENTED_EDGE('',*,*,#952,.T.);
#1255=ORIENTED_EDGE('',*,*,#953,.T.);
#1256=ORIENTED_EDGE('',*,*,#954,.T.);
#1257=ORIENTED_EDGE('',*,*,#893,.T.);
#1258=ORIENTED_EDGE('',*,*,#955,.T.);
#1259=ORIENTED_EDGE('',*,*,#884,.F.);
#1260=ORIENTED_EDGE('',*,*,#956,.T.);
#1261=ORIENTED_EDGE('',*,*,#953,.F.);
#1262=ORIENTED_EDGE('',*,*,#957,.T.);
#1263=ORIENTED_EDGE('',*,*,#958,.F.);
#1264=ORIENTED_EDGE('',*,*,#959,.T.);
#1265=ORIENTED_EDGE('',*,*,#923,.F.);
#1266=ORIENTED_EDGE('',*,*,#895,.T.);
#1267=ORIENTED_EDGE('',*,*,#952,.F.);
#1268=ORIENTED_EDGE('',*,*,#960,.F.);
#1269=ORIENTED_EDGE('',*,*,#961,.F.);
#1270=ORIENTED_EDGE('',*,*,#962,.F.);
#1271=ORIENTED_EDGE('',*,*,#963,.F.);
#1272=ORIENTED_EDGE('',*,*,#920,.F.);
#1273=ORIENTED_EDGE('',*,*,#964,.F.);
#1274=ORIENTED_EDGE('',*,*,#957,.F.);
#1275=ORIENTED_EDGE('',*,*,#955,.F.);
#1276=ORIENTED_EDGE('',*,*,#892,.F.);
#1277=ORIENTED_EDGE('',*,*,#965,.T.);
#1278=ORIENTED_EDGE('',*,*,#961,.T.);
#1279=ORIENTED_EDGE('',*,*,#966,.T.);
#1280=ORIENTED_EDGE('',*,*,#909,.T.);
#1281=ORIENTED_EDGE('',*,*,#808,.F.);
#1282=ORIENTED_EDGE('',*,*,#967,.T.);
#1283=ORIENTED_EDGE('',*,*,#944,.T.);
#1284=ORIENTED_EDGE('',*,*,#968,.T.);
#1285=ORIENTED_EDGE('',*,*,#968,.F.);
#1286=ORIENTED_EDGE('',*,*,#943,.T.);
#1287=ORIENTED_EDGE('',*,*,#939,.F.);
#1288=ORIENTED_EDGE('',*,*,#969,.F.);
#1289=ORIENTED_EDGE('',*,*,#970,.T.);
#1290=ORIENTED_EDGE('',*,*,#971,.F.);
#1291=ORIENTED_EDGE('',*,*,#972,.T.);
#1292=ORIENTED_EDGE('',*,*,#936,.F.);
#1293=ORIENTED_EDGE('',*,*,#932,.F.);
#1294=ORIENTED_EDGE('',*,*,#973,.T.);
#1295=ORIENTED_EDGE('',*,*,#974,.F.);
#1296=ORIENTED_EDGE('',*,*,#799,.T.);
#1297=ORIENTED_EDGE('',*,*,#805,.T.);
#1298=ORIENTED_EDGE('',*,*,#806,.F.);
#1299=ORIENTED_EDGE('',*,*,#975,.T.);
#1300=ORIENTED_EDGE('',*,*,#911,.T.);
#1301=ORIENTED_EDGE('',*,*,#976,.T.);
#1302=ORIENTED_EDGE('',*,*,#949,.T.);
#1303=ORIENTED_EDGE('',*,*,#975,.F.);
#1304=ORIENTED_EDGE('',*,*,#948,.T.);
#1305=ORIENTED_EDGE('',*,*,#977,.F.);
#1306=ORIENTED_EDGE('',*,*,#978,.T.);
#1307=ORIENTED_EDGE('',*,*,#979,.F.);
#1308=ORIENTED_EDGE('',*,*,#980,.T.);
#1309=ORIENTED_EDGE('',*,*,#981,.F.);
#1310=ORIENTED_EDGE('',*,*,#851,.T.);
#1311=ORIENTED_EDGE('',*,*,#982,.F.);
#1312=ORIENTED_EDGE('',*,*,#983,.T.);
#1313=ORIENTED_EDGE('',*,*,#984,.F.);
#1314=ORIENTED_EDGE('',*,*,#912,.T.);
#1315=ORIENTED_EDGE('',*,*,#872,.T.);
#1316=ORIENTED_EDGE('',*,*,#985,.T.);
#1317=ORIENTED_EDGE('',*,*,#986,.T.);
#1318=ORIENTED_EDGE('',*,*,#987,.T.);
#1319=ORIENTED_EDGE('',*,*,#847,.F.);
#1320=ORIENTED_EDGE('',*,*,#988,.T.);
#1321=ORIENTED_EDGE('',*,*,#989,.F.);
#1322=ORIENTED_EDGE('',*,*,#928,.F.);
#1323=ORIENTED_EDGE('',*,*,#990,.F.);
#1324=ORIENTED_EDGE('',*,*,#991,.F.);
#1325=ORIENTED_EDGE('',*,*,#882,.F.);
#1326=ORIENTED_EDGE('',*,*,#992,.F.);
#1327=ORIENTED_EDGE('',*,*,#873,.F.);
#1328=ORIENTED_EDGE('',*,*,#987,.F.);
#1329=ORIENTED_EDGE('',*,*,#993,.F.);
#1330=ORIENTED_EDGE('',*,*,#994,.F.);
#1331=ORIENTED_EDGE('',*,*,#973,.F.);
#1332=ORIENTED_EDGE('',*,*,#935,.F.);
#1333=ORIENTED_EDGE('',*,*,#995,.F.);
#1334=ORIENTED_EDGE('',*,*,#988,.F.);
#1335=ORIENTED_EDGE('',*,*,#874,.T.);
#1336=ORIENTED_EDGE('',*,*,#992,.T.);
#1337=ORIENTED_EDGE('',*,*,#881,.T.);
#1338=ORIENTED_EDGE('',*,*,#858,.T.);
#1339=ORIENTED_EDGE('',*,*,#883,.T.);
#1340=ORIENTED_EDGE('',*,*,#991,.T.);
#1341=ORIENTED_EDGE('',*,*,#996,.T.);
#1342=ORIENTED_EDGE('',*,*,#879,.T.);
#1343=ORIENTED_EDGE('',*,*,#800,.F.);
#1344=ORIENTED_EDGE('',*,*,#974,.T.);
#1345=ORIENTED_EDGE('',*,*,#994,.T.);
#1346=ORIENTED_EDGE('',*,*,#997,.T.);
#1347=ORIENTED_EDGE('',*,*,#866,.T.);
#1348=ORIENTED_EDGE('',*,*,#946,.T.);
#1349=ORIENTED_EDGE('',*,*,#998,.T.);
#1350=ORIENTED_EDGE('',*,*,#999,.T.);
#1351=ORIENTED_EDGE('',*,*,#864,.T.);
#1352=ORIENTED_EDGE('',*,*,#1000,.T.);
#1353=ORIENTED_EDGE('',*,*,#977,.T.);
#1354=ORIENTED_EDGE('',*,*,#947,.T.);
#1355=ORIENTED_EDGE('',*,*,#1000,.F.);
#1356=ORIENTED_EDGE('',*,*,#863,.F.);
#1357=ORIENTED_EDGE('',*,*,#1001,.F.);
#1358=ORIENTED_EDGE('',*,*,#978,.F.);
#1359=ORIENTED_EDGE('',*,*,#919,.T.);
#1360=ORIENTED_EDGE('',*,*,#1002,.T.);
#1361=ORIENTED_EDGE('',*,*,#958,.T.);
#1362=ORIENTED_EDGE('',*,*,#964,.T.);
#1363=ORIENTED_EDGE('',*,*,#921,.T.);
#1364=ORIENTED_EDGE('',*,*,#963,.T.);
#1365=ORIENTED_EDGE('',*,*,#1003,.T.);
#1366=ORIENTED_EDGE('',*,*,#1004,.T.);
#1367=ORIENTED_EDGE('',*,*,#915,.F.);
#1368=ORIENTED_EDGE('',*,*,#922,.F.);
#1369=ORIENTED_EDGE('',*,*,#1004,.F.);
#1370=ORIENTED_EDGE('',*,*,#1005,.F.);
#1371=ORIENTED_EDGE('',*,*,#982,.T.);
#1372=ORIENTED_EDGE('',*,*,#850,.T.);
#1373=ORIENTED_EDGE('',*,*,#843,.T.);
#1374=ORIENTED_EDGE('',*,*,#1006,.T.);
#1375=ORIENTED_EDGE('',*,*,#1006,.F.);
#1376=ORIENTED_EDGE('',*,*,#842,.F.);
#1377=ORIENTED_EDGE('',*,*,#1007,.F.);
#1378=ORIENTED_EDGE('',*,*,#983,.F.);
#1379=ORIENTED_EDGE('',*,*,#984,.T.);
#1380=ORIENTED_EDGE('',*,*,#1007,.T.);
#1381=ORIENTED_EDGE('',*,*,#841,.T.);
#1382=ORIENTED_EDGE('',*,*,#913,.T.);
#1383=ORIENTED_EDGE('',*,*,#862,.T.);
#1384=ORIENTED_EDGE('',*,*,#1008,.T.);
#1385=ORIENTED_EDGE('',*,*,#979,.T.);
#1386=ORIENTED_EDGE('',*,*,#1001,.T.);
#1387=ORIENTED_EDGE('',*,*,#1008,.F.);
#1388=ORIENTED_EDGE('',*,*,#861,.F.);
#1389=ORIENTED_EDGE('',*,*,#1009,.F.);
#1390=ORIENTED_EDGE('',*,*,#980,.F.);
#1391=ORIENTED_EDGE('',*,*,#860,.T.);
#1392=ORIENTED_EDGE('',*,*,#852,.T.);
#1393=ORIENTED_EDGE('',*,*,#981,.T.);
#1394=ORIENTED_EDGE('',*,*,#1009,.T.);
#1395=ORIENTED_EDGE('',*,*,#1010,.F.);
#1396=ORIENTED_EDGE('',*,*,#1011,.T.);
#1397=ORIENTED_EDGE('',*,*,#870,.T.);
#1398=ORIENTED_EDGE('',*,*,#1012,.T.);
#1399=ORIENTED_EDGE('',*,*,#803,.T.);
#1400=ORIENTED_EDGE('',*,*,#801,.F.);
#1401=ORIENTED_EDGE('',*,*,#997,.F.);
#1402=ORIENTED_EDGE('',*,*,#993,.T.);
#1403=ORIENTED_EDGE('',*,*,#986,.F.);
#1404=ORIENTED_EDGE('',*,*,#1013,.T.);
#1405=ORIENTED_EDGE('',*,*,#1010,.T.);
#1406=ORIENTED_EDGE('',*,*,#1014,.T.);
#1407=ORIENTED_EDGE('',*,*,#1015,.T.);
#1408=ORIENTED_EDGE('',*,*,#1016,.T.);
#1409=ORIENTED_EDGE('',*,*,#998,.F.);
#1410=ORIENTED_EDGE('',*,*,#945,.T.);
#1411=ORIENTED_EDGE('',*,*,#967,.F.);
#1412=ORIENTED_EDGE('',*,*,#807,.F.);
#1413=ORIENTED_EDGE('',*,*,#1012,.F.);
#1414=ORIENTED_EDGE('',*,*,#869,.F.);
#1415=ORIENTED_EDGE('',*,*,#1017,.F.);
#1416=ORIENTED_EDGE('',*,*,#1014,.F.);
#1417=ORIENTED_EDGE('',*,*,#1015,.F.);
#1418=ORIENTED_EDGE('',*,*,#1017,.T.);
#1419=ORIENTED_EDGE('',*,*,#868,.T.);
#1420=ORIENTED_EDGE('',*,*,#1018,.T.);
#1421=ORIENTED_EDGE('',*,*,#1019,.T.);
#1422=ORIENTED_EDGE('',*,*,#1020,.T.);
#1423=ORIENTED_EDGE('',*,*,#821,.T.);
#1424=ORIENTED_EDGE('',*,*,#931,.T.);
#1425=ORIENTED_EDGE('',*,*,#1020,.F.);
#1426=ORIENTED_EDGE('',*,*,#1021,.T.);
#1427=ORIENTED_EDGE('',*,*,#1022,.F.);
#1428=ORIENTED_EDGE('',*,*,#822,.F.);
#1429=ORIENTED_EDGE('',*,*,#823,.T.);
#1430=ORIENTED_EDGE('',*,*,#1022,.T.);
#1431=ORIENTED_EDGE('',*,*,#1023,.T.);
#1432=ORIENTED_EDGE('',*,*,#1024,.T.);
#1433=ORIENTED_EDGE('',*,*,#825,.T.);
#1434=ORIENTED_EDGE('',*,*,#1025,.T.);
#1435=ORIENTED_EDGE('',*,*,#1026,.T.);
#1436=ORIENTED_EDGE('',*,*,#1027,.T.);
#1437=ORIENTED_EDGE('',*,*,#1027,.F.);
#1438=ORIENTED_EDGE('',*,*,#1028,.T.);
#1439=ORIENTED_EDGE('',*,*,#1029,.F.);
#1440=ORIENTED_EDGE('',*,*,#826,.F.);
#1441=ORIENTED_EDGE('',*,*,#1030,.T.);
#1442=ORIENTED_EDGE('',*,*,#937,.T.);
#1443=ORIENTED_EDGE('',*,*,#972,.F.);
#1444=ORIENTED_EDGE('',*,*,#1031,.T.);
#1445=ORIENTED_EDGE('',*,*,#827,.T.);
#1446=ORIENTED_EDGE('',*,*,#1029,.T.);
#1447=ORIENTED_EDGE('',*,*,#942,.F.);
#1448=ORIENTED_EDGE('',*,*,#1032,.T.);
#1449=ORIENTED_EDGE('',*,*,#1033,.F.);
#1450=ORIENTED_EDGE('',*,*,#969,.T.);
#1451=ORIENTED_EDGE('',*,*,#1034,.T.);
#1452=ORIENTED_EDGE('',*,*,#1035,.T.);
#1453=ORIENTED_EDGE('',*,*,#829,.T.);
#1454=ORIENTED_EDGE('',*,*,#1036,.T.);
#1455=ORIENTED_EDGE('',*,*,#970,.F.);
#1456=ORIENTED_EDGE('',*,*,#1033,.T.);
#1457=ORIENTED_EDGE('',*,*,#1035,.F.);
#1458=ORIENTED_EDGE('',*,*,#1037,.F.);
#1459=ORIENTED_EDGE('',*,*,#1038,.F.);
#1460=ORIENTED_EDGE('',*,*,#830,.T.);
#1461=ORIENTED_EDGE('',*,*,#831,.T.);
#1462=ORIENTED_EDGE('',*,*,#1038,.T.);
#1463=ORIENTED_EDGE('',*,*,#1039,.T.);
#1464=ORIENTED_EDGE('',*,*,#1040,.T.);
#1465=ORIENTED_EDGE('',*,*,#1040,.F.);
#1466=ORIENTED_EDGE('',*,*,#1041,.F.);
#1467=ORIENTED_EDGE('',*,*,#1042,.F.);
#1468=ORIENTED_EDGE('',*,*,#832,.T.);
#1469=ORIENTED_EDGE('',*,*,#1039,.F.);
#1470=ORIENTED_EDGE('',*,*,#1037,.T.);
#1471=ORIENTED_EDGE('',*,*,#1034,.F.);
#1472=ORIENTED_EDGE('',*,*,#1032,.F.);
#1473=ORIENTED_EDGE('',*,*,#941,.F.);
#1474=ORIENTED_EDGE('',*,*,#950,.T.);
#1475=ORIENTED_EDGE('',*,*,#976,.F.);
#1476=ORIENTED_EDGE('',*,*,#910,.F.);
#1477=ORIENTED_EDGE('',*,*,#966,.F.);
#1478=ORIENTED_EDGE('',*,*,#960,.T.);
#1479=ORIENTED_EDGE('',*,*,#951,.F.);
#1480=ORIENTED_EDGE('',*,*,#904,.F.);
#1481=ORIENTED_EDGE('',*,*,#1043,.F.);
#1482=ORIENTED_EDGE('',*,*,#1044,.T.);
#1483=ORIENTED_EDGE('',*,*,#1045,.F.);
#1484=ORIENTED_EDGE('',*,*,#1041,.T.);
#1485=ORIENTED_EDGE('',*,*,#1046,.F.);
#1486=ORIENTED_EDGE('',*,*,#1043,.T.);
#1487=ORIENTED_EDGE('',*,*,#903,.T.);
#1488=ORIENTED_EDGE('',*,*,#835,.T.);
#1489=ORIENTED_EDGE('',*,*,#1047,.T.);
#1490=ORIENTED_EDGE('',*,*,#833,.T.);
#1491=ORIENTED_EDGE('',*,*,#1042,.T.);
#1492=ORIENTED_EDGE('',*,*,#1045,.T.);
#1493=ORIENTED_EDGE('',*,*,#1048,.T.);
#1494=ORIENTED_EDGE('',*,*,#924,.F.);
#1495=ORIENTED_EDGE('',*,*,#959,.F.);
#1496=ORIENTED_EDGE('',*,*,#1002,.F.);
#1497=ORIENTED_EDGE('',*,*,#918,.F.);
#1498=ORIENTED_EDGE('',*,*,#906,.F.);
#1499=ORIENTED_EDGE('',*,*,#899,.T.);
#1500=ORIENTED_EDGE('',*,*,#916,.F.);
#1501=ORIENTED_EDGE('',*,*,#1005,.T.);
#1502=ORIENTED_EDGE('',*,*,#1003,.F.);
#1503=ORIENTED_EDGE('',*,*,#962,.T.);
#1504=ORIENTED_EDGE('',*,*,#965,.F.);
#1505=ORIENTED_EDGE('',*,*,#908,.T.);
#1506=ORIENTED_EDGE('',*,*,#887,.F.);
#1507=ORIENTED_EDGE('',*,*,#894,.F.);
#1508=ORIENTED_EDGE('',*,*,#954,.F.);
#1509=ORIENTED_EDGE('',*,*,#956,.F.);
#1510=ORIENTED_EDGE('',*,*,#875,.F.);
#1511=ORIENTED_EDGE('',*,*,#880,.T.);
#1512=ORIENTED_EDGE('',*,*,#996,.F.);
#1513=ORIENTED_EDGE('',*,*,#990,.T.);
#1514=ORIENTED_EDGE('',*,*,#927,.F.);
#1515=ORIENTED_EDGE('',*,*,#929,.F.);
#1516=ORIENTED_EDGE('',*,*,#811,.F.);
#1517=ORIENTED_EDGE('',*,*,#813,.F.);
#1518=ORIENTED_EDGE('',*,*,#1024,.F.);
#1519=ORIENTED_EDGE('',*,*,#1049,.T.);
#1520=ORIENTED_EDGE('',*,*,#1025,.F.);
#1521=ORIENTED_EDGE('',*,*,#824,.F.);
#1522=ORIENTED_EDGE('',*,*,#1023,.F.);
#1523=ORIENTED_EDGE('',*,*,#1021,.F.);
#1524=ORIENTED_EDGE('',*,*,#1019,.F.);
#1525=ORIENTED_EDGE('',*,*,#930,.F.);
#1526=ORIENTED_EDGE('',*,*,#925,.F.);
#1527=ORIENTED_EDGE('',*,*,#989,.T.);
#1528=ORIENTED_EDGE('',*,*,#995,.T.);
#1529=ORIENTED_EDGE('',*,*,#934,.F.);
#1530=ORIENTED_EDGE('',*,*,#938,.F.);
#1531=ORIENTED_EDGE('',*,*,#1030,.F.);
#1532=ORIENTED_EDGE('',*,*,#1028,.F.);
#1533=ORIENTED_EDGE('',*,*,#1026,.F.);
#1534=ORIENTED_EDGE('',*,*,#1049,.F.);
#1535=ORIENTED_EDGE('',*,*,#1047,.F.);
#1536=ORIENTED_EDGE('',*,*,#834,.T.);
#1537=ORIENTED_EDGE('',*,*,#1048,.F.);
#1538=ORIENTED_EDGE('',*,*,#1044,.F.);
#1539=ORIENTED_EDGE('',*,*,#846,.F.);
#1540=ORIENTED_EDGE('',*,*,#1050,.T.);
#1541=ORIENTED_EDGE('',*,*,#1046,.T.);
#1542=ORIENTED_EDGE('',*,*,#1050,.F.);
#1543=ORIENTED_EDGE('',*,*,#985,.F.);
#1544=ORIENTED_EDGE('',*,*,#871,.F.);
#1545=ORIENTED_EDGE('',*,*,#1011,.F.);
#1546=ORIENTED_EDGE('',*,*,#1013,.F.);
#1547=ORIENTED_EDGE('',*,*,#999,.F.);
#1548=ORIENTED_EDGE('',*,*,#1016,.F.);
#1549=ORIENTED_EDGE('',*,*,#1018,.F.);
#1550=ORIENTED_EDGE('',*,*,#867,.F.);
#1551=ORIENTED_EDGE('',*,*,#1031,.F.);
#1552=ORIENTED_EDGE('',*,*,#971,.T.);
#1553=ORIENTED_EDGE('',*,*,#1036,.F.);
#1554=ORIENTED_EDGE('',*,*,#828,.F.);
#1555=CYLINDRICAL_SURFACE('',#1699,0.600000000000001);
#1556=CYLINDRICAL_SURFACE('',#1703,0.6);
#1557=CYLINDRICAL_SURFACE('',#1706,0.6);
#1558=CYLINDRICAL_SURFACE('',#1726,0.6);
#1559=CYLINDRICAL_SURFACE('',#1729,0.6);
#1560=CYLINDRICAL_SURFACE('',#1744,0.6);
#1561=CYLINDRICAL_SURFACE('',#1752,0.6);
#1562=CYLINDRICAL_SURFACE('',#1761,0.6);
#1563=CYLINDRICAL_SURFACE('',#1763,0.6);
#1564=CYLINDRICAL_SURFACE('',#1766,0.6);
#1565=CYLINDRICAL_SURFACE('',#1774,0.6);
#1566=CYLINDRICAL_SURFACE('',#1776,0.45);
#1567=CYLINDRICAL_SURFACE('',#1780,0.45);
#1568=CYLINDRICAL_SURFACE('',#1784,0.45);
#1569=CYLINDRICAL_SURFACE('',#1787,2.25);
#1570=CYLINDRICAL_SURFACE('',#1792,0.45);
#1571=CYLINDRICAL_SURFACE('',#1794,0.45);
#1572=CYLINDRICAL_SURFACE('',#1799,2.25);
#1573=CYLINDRICAL_SURFACE('',#1802,0.45);
#1574=CYLINDRICAL_SURFACE('',#1805,0.449999999999999);
#1575=CYLINDRICAL_SURFACE('',#1813,0.45);
#1576=CYLINDRICAL_SURFACE('',#1822,0.45);
#1577=CYLINDRICAL_SURFACE('',#1824,1.25);
#1578=CYLINDRICAL_SURFACE('',#1829,0.45);
#1579=CYLINDRICAL_SURFACE('',#1830,0.45);
#1580=CYLINDRICAL_SURFACE('',#1832,0.45);
#1581=CYLINDRICAL_SURFACE('',#1834,0.45);
#1582=CYLINDRICAL_SURFACE('',#1836,0.45);
#1583=CYLINDRICAL_SURFACE('',#1838,0.45);
#1584=CYLINDRICAL_SURFACE('',#1839,0.45);
#1585=CYLINDRICAL_SURFACE('',#1842,2.5);
#1586=CYLINDRICAL_SURFACE('',#1844,2.5);
#1587=CYLINDRICAL_SURFACE('',#1845,1.453);
#1588=CYLINDRICAL_SURFACE('',#1847,1.453);
#1589=CYLINDRICAL_SURFACE('',#1848,0.2);
#1590=CYLINDRICAL_SURFACE('',#1853,0.2);
#1591=CYLINDRICAL_SURFACE('',#1854,1.25);
#1592=CYLINDRICAL_SURFACE('',#1857,1.25);
#1593=CYLINDRICAL_SURFACE('',#1859,1.25);
#1594=CYLINDRICAL_SURFACE('',#1862,1.25);
#1595=CYLINDRICAL_SURFACE('',#1865,1.25);
#1596=CYLINDRICAL_SURFACE('',#1868,1.25);
#1597=CYLINDRICAL_SURFACE('',#1875,1.25);
#1598=CYLINDRICAL_SURFACE('',#1876,1.25);
#1599=CYLINDRICAL_SURFACE('',#1884,1.25);
#1600=ADVANCED_FACE('',(#58),#1555,.F.);
#1601=ADVANCED_FACE('',(#59),#18,.F.);
#1602=ADVANCED_FACE('',(#60),#1556,.F.);
#1603=ADVANCED_FACE('',(#61),#1557,.T.);
#1604=ADVANCED_FACE('',(#62),#19,.T.);
#1605=ADVANCED_FACE('',(#63,#15,#16),#20,.F.);
#1606=ADVANCED_FACE('',(#64),#1558,.T.);
#1607=ADVANCED_FACE('',(#65),#21,.T.);
#1608=ADVANCED_FACE('',(#66),#1559,.T.);
#1609=ADVANCED_FACE('',(#67),#22,.T.);
#1610=ADVANCED_FACE('',(#68),#23,.T.);
#1611=ADVANCED_FACE('',(#69),#1560,.T.);
#1612=ADVANCED_FACE('',(#70),#24,.F.);
#1613=ADVANCED_FACE('',(#71),#25,.F.);
#1614=ADVANCED_FACE('',(#72),#1561,.T.);
#1615=ADVANCED_FACE('',(#73),#26,.T.);
#1616=ADVANCED_FACE('',(#74),#27,.T.);
#1617=ADVANCED_FACE('',(#75),#1562,.T.);
#1618=ADVANCED_FACE('',(#76),#28,.F.);
#1619=ADVANCED_FACE('',(#77),#1563,.T.);
#1620=ADVANCED_FACE('',(#78),#29,.T.);
#1621=ADVANCED_FACE('',(#79),#1564,.T.);
#1622=ADVANCED_FACE('',(#80),#30,.T.);
#1623=ADVANCED_FACE('',(#81),#1565,.T.);
#1624=ADVANCED_FACE('',(#82),#1566,.T.);
#1625=ADVANCED_FACE('',(#83),#31,.F.);
#1626=ADVANCED_FACE('',(#84),#1567,.T.);
#1627=ADVANCED_FACE('',(#85),#32,.F.);
#1628=ADVANCED_FACE('',(#86),#1568,.T.);
#1629=ADVANCED_FACE('',(#87),#1569,.F.);
#1630=ADVANCED_FACE('',(#88),#1570,.T.);
#1631=ADVANCED_FACE('',(#89),#1571,.T.);
#1632=ADVANCED_FACE('',(#90),#33,.F.);
#1633=ADVANCED_FACE('',(#91),#1572,.F.);
#1634=ADVANCED_FACE('',(#92),#1573,.T.);
#1635=ADVANCED_FACE('',(#93),#1574,.T.);
#1636=ADVANCED_FACE('',(#94),#34,.T.);
#1637=ADVANCED_FACE('',(#95),#1575,.T.);
#1638=ADVANCED_FACE('',(#96),#35,.F.);
#1639=ADVANCED_FACE('',(#97),#1576,.T.);
#1640=ADVANCED_FACE('',(#98),#1577,.F.);
#1641=ADVANCED_FACE('',(#99),#1578,.T.);
#1642=ADVANCED_FACE('',(#100),#1579,.T.);
#1643=ADVANCED_FACE('',(#101),#1580,.T.);
#1644=ADVANCED_FACE('',(#102),#1581,.T.);
#1645=ADVANCED_FACE('',(#103),#1582,.T.);
#1646=ADVANCED_FACE('',(#104),#36,.T.);
#1647=ADVANCED_FACE('',(#105),#1583,.T.);
#1648=ADVANCED_FACE('',(#106),#1584,.T.);
#1649=ADVANCED_FACE('',(#107),#37,.T.);
#1650=ADVANCED_FACE('',(#108),#1585,.T.);
#1651=ADVANCED_FACE('',(#109),#38,.T.);
#1652=ADVANCED_FACE('',(#110),#1586,.T.);
#1653=ADVANCED_FACE('',(#111),#1587,.T.);
#1654=ADVANCED_FACE('',(#112),#39,.T.);
#1655=ADVANCED_FACE('',(#113),#1588,.T.);
#1656=ADVANCED_FACE('',(#114),#1589,.F.);
#1657=ADVANCED_FACE('',(#115),#40,.F.);
#1658=ADVANCED_FACE('',(#116),#41,.T.);
#1659=ADVANCED_FACE('',(#117),#1590,.F.);
#1660=ADVANCED_FACE('',(#118),#1591,.F.);
#1661=ADVANCED_FACE('',(#119),#42,.F.);
#1662=ADVANCED_FACE('',(#120),#1592,.T.);
#1663=ADVANCED_FACE('',(#121),#1593,.T.);
#1664=ADVANCED_FACE('',(#122),#43,.F.);
#1665=ADVANCED_FACE('',(#123),#1594,.F.);
#1666=ADVANCED_FACE('',(#124),#44,.F.);
#1667=ADVANCED_FACE('',(#125),#1595,.F.);
#1668=ADVANCED_FACE('',(#126),#45,.T.);
#1669=ADVANCED_FACE('',(#127),#1596,.T.);
#1670=ADVANCED_FACE('',(#128),#46,.T.);
#1671=ADVANCED_FACE('',(#129,#17),#47,.T.);
#1672=ADVANCED_FACE('',(#130),#1597,.F.);
#1673=ADVANCED_FACE('',(#131),#1598,.T.);
#1674=ADVANCED_FACE('',(#132),#48,.T.);
#1675=ADVANCED_FACE('',(#133),#49,.F.);
#1676=ADVANCED_FACE('',(#134),#50,.F.);
#1677=ADVANCED_FACE('',(#135),#51,.T.);
#1678=ADVANCED_FACE('',(#136),#52,.F.);
#1679=ADVANCED_FACE('',(#137),#53,.F.);
#1680=ADVANCED_FACE('',(#138),#54,.T.);
#1681=ADVANCED_FACE('',(#139),#1599,.F.);
#1682=ADVANCED_FACE('',(#140),#55,.T.);
#1683=ADVANCED_FACE('',(#141),#56,.T.);
#1684=ADVANCED_FACE('',(#142),#57,.F.);
#1685=CLOSED_SHELL('',(#1600,#1601,#1602,#1603,#1604,#1605,#1606,#1607,
#1608,#1609,#1610,#1611,#1612,#1613,#1614,#1615,#1616,#1617,#1618,#1619,
#1620,#1621,#1622,#1623,#1624,#1625,#1626,#1627,#1628,#1629,#1630,#1631,
#1632,#1633,#1634,#1635,#1636,#1637,#1638,#1639,#1640,#1641,#1642,#1643,
#1644,#1645,#1646,#1647,#1648,#1649,#1650,#1651,#1652,#1653,#1654,#1655,
#1656,#1657,#1658,#1659,#1660,#1661,#1662,#1663,#1664,#1665,#1666,#1667,
#1668,#1669,#1670,#1671,#1672,#1673,#1674,#1675,#1676,#1677,#1678,#1679,
#1680,#1681,#1682,#1683,#1684));
#1686=DERIVED_UNIT_ELEMENT(#1688,1.);
#1687=DERIVED_UNIT_ELEMENT(#2927,-3.);
#1688=(
MASS_UNIT()
NAMED_UNIT(*)
SI_UNIT(.KILO.,.GRAM.)
);
#1689=DERIVED_UNIT((#1686,#1687));
#1690=MEASURE_REPRESENTATION_ITEM('density measure',
POSITIVE_RATIO_MEASURE(7850.),#1689);
#1691=PROPERTY_DEFINITION_REPRESENTATION(#1696,#1693);
#1692=PROPERTY_DEFINITION_REPRESENTATION(#1697,#1694);
#1693=REPRESENTATION('material name',(#1695),#2924);
#1694=REPRESENTATION('density',(#1690),#2924);
#1695=DESCRIPTIVE_REPRESENTATION_ITEM('Steel','Steel');
#1696=PROPERTY_DEFINITION('material property','material name',#2934);
#1697=PROPERTY_DEFINITION('material property','density of part',#2934);
#1698=AXIS2_PLACEMENT_3D('',#2416,#1888,#1889);
#1699=AXIS2_PLACEMENT_3D('',#2417,#1890,#1891);
#1700=AXIS2_PLACEMENT_3D('',#2420,#1892,#1893);
#1701=AXIS2_PLACEMENT_3D('',#2424,#1895,#1896);
#1702=AXIS2_PLACEMENT_3D('',#2426,#1898,#1899);
#1703=AXIS2_PLACEMENT_3D('',#2432,#1903,#1904);
#1704=AXIS2_PLACEMENT_3D('',#2434,#1905,#1906);
#1705=AXIS2_PLACEMENT_3D('',#2436,#1907,#1908);
#1706=AXIS2_PLACEMENT_3D('',#2438,#1910,#1911);
#1707=AXIS2_PLACEMENT_3D('',#2441,#1912,#1913);
#1708=AXIS2_PLACEMENT_3D('',#2445,#1915,#1916);
#1709=AXIS2_PLACEMENT_3D('',#2447,#1918,#1919);
#1710=AXIS2_PLACEMENT_3D('',#2461,#1927,#1928);
#1711=AXIS2_PLACEMENT_3D('',#2465,#1930,#1931);
#1712=AXIS2_PLACEMENT_3D('',#2469,#1933,#1934);
#1713=AXIS2_PLACEMENT_3D('',#2473,#1936,#1937);
#1714=AXIS2_PLACEMENT_3D('',#2477,#1939,#1940);
#1715=AXIS2_PLACEMENT_3D('',#2481,#1942,#1943);
#1716=AXIS2_PLACEMENT_3D('',#2485,#1945,#1946);
#1717=AXIS2_PLACEMENT_3D('',#2489,#1948,#1949);
#1718=AXIS2_PLACEMENT_3D('',#2493,#1951,#1952);
#1719=AXIS2_PLACEMENT_3D('',#2497,#1954,#1955);
#1720=AXIS2_PLACEMENT_3D('',#2501,#1957,#1958);
#1721=AXIS2_PLACEMENT_3D('',#2505,#1960,#1961);
#1722=AXIS2_PLACEMENT_3D('',#2509,#1963,#1964);
#1723=AXIS2_PLACEMENT_3D('',#2512,#1966,#1967);
#1724=AXIS2_PLACEMENT_3D('',#2514,#1968,#1969);
#1725=AXIS2_PLACEMENT_3D('',#2516,#1970,#1971);
#1726=AXIS2_PLACEMENT_3D('',#2517,#1972,#1973);
#1727=AXIS2_PLACEMENT_3D('',#2519,#1974,#1975);
#1728=AXIS2_PLACEMENT_3D('',#2521,#1977,#1978);
#1729=AXIS2_PLACEMENT_3D('',#2529,#1983,#1984);
#1730=AXIS2_PLACEMENT_3D('',#2531,#1985,#1986);
#1731=AXIS2_PLACEMENT_3D('',#2534,#1988,#1989);
#1732=AXIS2_PLACEMENT_3D('',#2535,#1990,#1991);
#1733=AXIS2_PLACEMENT_3D('',#2541,#1995,#1996);
#1734=AXIS2_PLACEMENT_3D('',#2543,#1997,#1998);
#1735=AXIS2_PLACEMENT_3D('',#2547,#2000,#2001);
#1736=AXIS2_PLACEMENT_3D('',#2551,#2003,#2004);
#1737=AXIS2_PLACEMENT_3D('',#2553,#2005,#2006);
#1738=AXIS2_PLACEMENT_3D('',#2555,#2007,#2008);
#1739=AXIS2_PLACEMENT_3D('',#2559,#2010,#2011);
#1740=AXIS2_PLACEMENT_3D('',#2563,#2013,#2014);
#1741=AXIS2_PLACEMENT_3D('',#2567,#2016,#2017);
#1742=AXIS2_PLACEMENT_3D('',#2569,#2018,#2019);
#1743=AXIS2_PLACEMENT_3D('',#2570,#2020,#2021);
#1744=AXIS2_PLACEMENT_3D('',#2571,#2022,#2023);
#1745=AXIS2_PLACEMENT_3D('',#2573,#2024,#2025);
#1746=AXIS2_PLACEMENT_3D('',#2575,#2026,#2027);
#1747=AXIS2_PLACEMENT_3D('',#2577,#2029,#2030);
#1748=AXIS2_PLACEMENT_3D('',#2583,#2034,#2035);
#1749=AXIS2_PLACEMENT_3D('',#2585,#2036,#2037);
#1750=AXIS2_PLACEMENT_3D('',#2587,#2038,#2039);
#1751=AXIS2_PLACEMENT_3D('',#2588,#2040,#2041);
#1752=AXIS2_PLACEMENT_3D('',#2589,#2042,#2043);
#1753=AXIS2_PLACEMENT_3D('',#2592,#2044,#2045);
#1754=AXIS2_PLACEMENT_3D('',#2596,#2047,#2048);
#1755=AXIS2_PLACEMENT_3D('',#2598,#2050,#2051);
#1756=AXIS2_PLACEMENT_3D('',#2602,#2053,#2054);
#1757=AXIS2_PLACEMENT_3D('',#2606,#2056,#2057);
#1758=AXIS2_PLACEMENT_3D('',#2608,#2058,#2059);
#1759=AXIS2_PLACEMENT_3D('',#2610,#2060,#2061);
#1760=AXIS2_PLACEMENT_3D('',#2612,#2063,#2064);
#1761=AXIS2_PLACEMENT_3D('',#2625,#2072,#2073);
#1762=AXIS2_PLACEMENT_3D('',#2627,#2075,#2076);
#1763=AXIS2_PLACEMENT_3D('',#2633,#2080,#2081);
#1764=AXIS2_PLACEMENT_3D('',#2635,#2082,#2083);
#1765=AXIS2_PLACEMENT_3D('',#2637,#2085,#2086);
#1766=AXIS2_PLACEMENT_3D('',#2649,#2093,#2094);
#1767=AXIS2_PLACEMENT_3D('',#2651,#2095,#2096);
#1768=AXIS2_PLACEMENT_3D('',#2654,#2098,#2099);
#1769=AXIS2_PLACEMENT_3D('',#2655,#2100,#2101);
#1770=AXIS2_PLACEMENT_3D('',#2657,#2102,#2103);
#1771=AXIS2_PLACEMENT_3D('',#2661,#2105,#2106);
#1772=AXIS2_PLACEMENT_3D('',#2663,#2107,#2108);
#1773=AXIS2_PLACEMENT_3D('',#2665,#2109,#2110);
#1774=AXIS2_PLACEMENT_3D('',#2667,#2112,#2113);
#1775=AXIS2_PLACEMENT_3D('',#2669,#2114,#2115);
#1776=AXIS2_PLACEMENT_3D('',#2671,#2117,#2118);
#1777=AXIS2_PLACEMENT_3D('',#2674,#2119,#2120);
#1778=AXIS2_PLACEMENT_3D('',#2678,#2122,#2123);
#1779=AXIS2_PLACEMENT_3D('',#2680,#2125,#2126);
#1780=AXIS2_PLACEMENT_3D('',#2685,#2130,#2131);
#1781=AXIS2_PLACEMENT_3D('',#2688,#2132,#2133);
#1782=AXIS2_PLACEMENT_3D('',#2692,#2135,#2136);
#1783=AXIS2_PLACEMENT_3D('',#2694,#2138,#2139);
#1784=AXIS2_PLACEMENT_3D('',#2700,#2143,#2144);
#1785=AXIS2_PLACEMENT_3D('',#2703,#2145,#2146);
#1786=AXIS2_PLACEMENT_3D('',#2707,#2148,#2149);
#1787=AXIS2_PLACEMENT_3D('',#2709,#2151,#2152);
#1788=AXIS2_PLACEMENT_3D('',#2711,#2153,#2154);
#1789=AXIS2_PLACEMENT_3D('',#2715,#2156,#2157);
#1790=AXIS2_PLACEMENT_3D('',#2720,#2160,#2161);
#1791=AXIS2_PLACEMENT_3D('',#2723,#2163,#2164);
#1792=AXIS2_PLACEMENT_3D('',#2724,#2165,#2166);
#1793=AXIS2_PLACEMENT_3D('',#2726,#2167,#2168);
#1794=AXIS2_PLACEMENT_3D('',#2728,#2170,#2171);
#1795=AXIS2_PLACEMENT_3D('',#2731,#2172,#2173);
#1796=AXIS2_PLACEMENT_3D('',#2734,#2176,#2177);
#1797=AXIS2_PLACEMENT_3D('',#2737,#2179,#2180);
#1798=AXIS2_PLACEMENT_3D('',#2739,#2181,#2182);
#1799=AXIS2_PLACEMENT_3D('',#2741,#2184,#2185);
#1800=AXIS2_PLACEMENT_3D('',#2743,#2186,#2187);
#1801=AXIS2_PLACEMENT_3D('',#2747,#2189,#2190);
#1802=AXIS2_PLACEMENT_3D('',#2750,#2193,#2194);
#1803=AXIS2_PLACEMENT_3D('',#2751,#2195,#2196);
#1804=AXIS2_PLACEMENT_3D('',#2752,#2197,#2198);
#1805=AXIS2_PLACEMENT_3D('',#2753,#2199,#2200);
#1806=AXIS2_PLACEMENT_3D('',#2754,#2201,#2202);
#1807=AXIS2_PLACEMENT_3D('',#2755,#2203,#2204);
#1808=AXIS2_PLACEMENT_3D('',#2756,#2205,#2206);
#1809=AXIS2_PLACEMENT_3D('',#2760,#2208,#2209);
#1810=AXIS2_PLACEMENT_3D('',#2763,#2211,#2212);
#1811=AXIS2_PLACEMENT_3D('',#2765,#2213,#2214);
#1812=AXIS2_PLACEMENT_3D('',#2766,#2215,#2216);
#1813=AXIS2_PLACEMENT_3D('',#2767,#2217,#2218);
#1814=AXIS2_PLACEMENT_3D('',#2768,#2219,#2220);
#1815=AXIS2_PLACEMENT_3D('',#2769,#2221,#2222);
#1816=AXIS2_PLACEMENT_3D('',#2770,#2223,#2224);
#1817=AXIS2_PLACEMENT_3D('',#2772,#2225,#2226);
#1818=AXIS2_PLACEMENT_3D('',#2776,#2228,#2229);
#1819=AXIS2_PLACEMENT_3D('',#2779,#2231,#2232);
#1820=AXIS2_PLACEMENT_3D('',#2781,#2233,#2234);
#1821=AXIS2_PLACEMENT_3D('',#2784,#2236,#2237);
#1822=AXIS2_PLACEMENT_3D('',#2785,#2238,#2239);
#1823=AXIS2_PLACEMENT_3D('',#2789,#2241,#2242);
#1824=AXIS2_PLACEMENT_3D('',#2791,#2244,#2245);
#1825=AXIS2_PLACEMENT_3D('',#2794,#2247,#2248);
#1826=AXIS2_PLACEMENT_3D('',#2796,#2249,#2250);
#1827=AXIS2_PLACEMENT_3D('',#2800,#2253,#2254);
#1828=AXIS2_PLACEMENT_3D('',#2802,#2256,#2257);
#1829=AXIS2_PLACEMENT_3D('',#2803,#2258,#2259);
#1830=AXIS2_PLACEMENT_3D('',#2804,#2260,#2261);
#1831=AXIS2_PLACEMENT_3D('',#2805,#2262,#2263);
#1832=AXIS2_PLACEMENT_3D('',#2806,#2264,#2265);
#1833=AXIS2_PLACEMENT_3D('',#2807,#2266,#2267);
#1834=AXIS2_PLACEMENT_3D('',#2808,#2268,#2269);
#1835=AXIS2_PLACEMENT_3D('',#2810,#2270,#2271);
#1836=AXIS2_PLACEMENT_3D('',#2812,#2273,#2274);
#1837=AXIS2_PLACEMENT_3D('',#2814,#2276,#2277);
#1838=AXIS2_PLACEMENT_3D('',#2816,#2279,#2280);
#1839=AXIS2_PLACEMENT_3D('',#2818,#2282,#2283);
#1840=AXIS2_PLACEMENT_3D('',#2820,#2284,#2285);
#1841=AXIS2_PLACEMENT_3D('',#2822,#2287,#2288);
#1842=AXIS2_PLACEMENT_3D('',#2824,#2290,#2291);
#1843=AXIS2_PLACEMENT_3D('',#2826,#2293,#2294);
#1844=AXIS2_PLACEMENT_3D('',#2828,#2296,#2297);
#1845=AXIS2_PLACEMENT_3D('',#2829,#2298,#2299);
#1846=AXIS2_PLACEMENT_3D('',#2831,#2301,#2302);
#1847=AXIS2_PLACEMENT_3D('',#2833,#2304,#2305);
#1848=AXIS2_PLACEMENT_3D('',#2834,#2306,#2307);
#1849=AXIS2_PLACEMENT_3D('',#2837,#2308,#2309);
#1850=AXIS2_PLACEMENT_3D('',#2840,#2312,#2313);
#1851=AXIS2_PLACEMENT_3D('',#2845,#2316,#2317);
#1852=AXIS2_PLACEMENT_3D('',#2847,#2319,#2320);
#1853=AXIS2_PLACEMENT_3D('',#2849,#2322,#2323);
#1854=AXIS2_PLACEMENT_3D('',#2851,#2325,#2326);
#1855=AXIS2_PLACEMENT_3D('',#2853,#2327,#2328);
#1856=AXIS2_PLACEMENT_3D('',#2855,#2330,#2331);
#1857=AXIS2_PLACEMENT_3D('',#2859,#2334,#2335);
#1858=AXIS2_PLACEMENT_3D('',#2861,#2336,#2337);
#1859=AXIS2_PLACEMENT_3D('',#2863,#2339,#2340);
#1860=AXIS2_PLACEMENT_3D('',#2867,#2342,#2343);
#1861=AXIS2_PLACEMENT_3D('',#2869,#2345,#2346);
#1862=AXIS2_PLACEMENT_3D('',#2873,#2349,#2350);
#1863=AXIS2_PLACEMENT_3D('',#2874,#2351,#2352);
#1864=AXIS2_PLACEMENT_3D('',#2876,#2354,#2355);
#1865=AXIS2_PLACEMENT_3D('',#2880,#2358,#2359);
#1866=AXIS2_PLACEMENT_3D('',#2882,#2360,#2361);
#1867=AXIS2_PLACEMENT_3D('',#2885,#2364,#2365);
#1868=AXIS2_PLACEMENT_3D('',#2889,#2368,#2369);
#1869=AXIS2_PLACEMENT_3D('',#2891,#2370,#2371);
#1870=AXIS2_PLACEMENT_3D('',#2893,#2373,#2374);
#1871=AXIS2_PLACEMENT_3D('',#2897,#2377,#2378);
#1872=AXIS2_PLACEMENT_3D('',#2899,#2379,#2380);
#1873=AXIS2_PLACEMENT_3D('',#2902,#2382,#2383);
#1874=AXIS2_PLACEMENT_3D('',#2904,#2384,#2385);
#1875=AXIS2_PLACEMENT_3D('',#2905,#2386,#2387);
#1876=AXIS2_PLACEMENT_3D('',#2907,#2389,#2390);
#1877=AXIS2_PLACEMENT_3D('',#2909,#2392,#2393);
#1878=AXIS2_PLACEMENT_3D('',#2910,#2394,#2395);
#1879=AXIS2_PLACEMENT_3D('',#2911,#2396,#2397);
#1880=AXIS2_PLACEMENT_3D('',#2912,#2398,#2399);
#1881=AXIS2_PLACEMENT_3D('',#2913,#2400,#2401);
#1882=AXIS2_PLACEMENT_3D('',#2915,#2403,#2404);
#1883=AXIS2_PLACEMENT_3D('',#2916,#2405,#2406);
#1884=AXIS2_PLACEMENT_3D('',#2917,#2407,#2408);
#1885=AXIS2_PLACEMENT_3D('',#2919,#2410,#2411);
#1886=AXIS2_PLACEMENT_3D('',#2920,#2412,#2413);
#1887=AXIS2_PLACEMENT_3D('',#2921,#2414,#2415);
#1888=DIRECTION('axis',(0.,0.,1.));
#1889=DIRECTION('refdir',(1.,0.,0.));
#1890=DIRECTION('center_axis',(0.,0.,-1.));
#1891=DIRECTION('ref_axis',(0.,-1.,0.));
#1892=DIRECTION('center_axis',(-6.93889390390713E-18,-2.27827016511621E-16,
-1.));
#1893=DIRECTION('ref_axis',(0.,-1.,0.));
#1894=DIRECTION('',(0.,0.,1.));
#1895=DIRECTION('center_axis',(6.93889390390713E-18,2.27827016511621E-16,
1.));
#1896=DIRECTION('ref_axis',(0.,-1.,0.));
#1897=DIRECTION('',(0.,0.,-1.));
#1898=DIRECTION('center_axis',(0.,1.,0.));
#1899=DIRECTION('ref_axis',(-1.,0.,0.));
#1900=DIRECTION('',(1.,0.,-6.93889390390713E-18));
#1901=DIRECTION('',(0.,0.,1.));
#1902=DIRECTION('',(-1.,0.,6.93889390390713E-18));
#1903=DIRECTION('center_axis',(0.,0.,1.));
#1904=DIRECTION('ref_axis',(-0.384464825647688,0.923139641570923,0.));
#1905=DIRECTION('center_axis',(-6.93889390390713E-18,-2.27827016511621E-16,
-1.));
#1906=DIRECTION('ref_axis',(-0.384464825647688,0.923139641570923,0.));
#1907=DIRECTION('center_axis',(6.93889390390713E-18,2.27827016511621E-16,
1.));
#1908=DIRECTION('ref_axis',(-0.384464825647688,0.923139641570923,0.));
#1909=DIRECTION('',(0.,0.,-1.));
#1910=DIRECTION('center_axis',(0.,0.,-1.));
#1911=DIRECTION('ref_axis',(-0.70710678118655,-0.707106781186546,0.));
#1912=DIRECTION('center_axis',(0.,0.,1.));
#1913=DIRECTION('ref_axis',(-0.70710678118655,-0.707106781186546,0.));
#1914=DIRECTION('',(0.,0.,1.));
#1915=DIRECTION('center_axis',(6.93889390390713E-18,2.27827016511621E-16,
1.));
#1916=DIRECTION('ref_axis',(-0.70710678118655,-0.707106781186546,0.));
#1917=DIRECTION('',(0.,0.,-1.));
#1918=DIRECTION('center_axis',(4.2700885562506E-17,-1.,0.));
#1919=DIRECTION('ref_axis',(1.,4.2700885562506E-17,0.));
#1920=DIRECTION('',(1.,4.2700885562506E-17,-6.93889390390714E-18));
#1921=DIRECTION('',(-1.,-4.2700885562506E-17,0.));
#1922=DIRECTION('',(0.,0.,-1.));
#1923=DIRECTION('',(1.,2.21601402120786E-15,0.));
#1924=DIRECTION('',(0.,0.,1.));
#1925=DIRECTION('',(1.,4.2700885562506E-17,-6.93889390390714E-18));
#1926=DIRECTION('',(0.,0.,1.));
#1927=DIRECTION('center_axis',(0.,0.,1.));
#1928=DIRECTION('ref_axis',(1.,0.,0.));
#1929=DIRECTION('',(-2.80477395694776E-15,1.,0.));
#1930=DIRECTION('center_axis',(0.,0.,-1.));
#1931=DIRECTION('ref_axis',(0.707106781186546,0.707106781186549,0.));
#1932=DIRECTION('',(-1.,0.,0.));
#1933=DIRECTION('center_axis',(0.,0.,1.));
#1934=DIRECTION('ref_axis',(-0.707106781186547,-0.707106781186547,0.));
#1935=DIRECTION('',(0.,1.,0.));
#1936=DIRECTION('center_axis',(0.,0.,1.));
#1937=DIRECTION('ref_axis',(-0.707106781186547,0.707106781186547,0.));
#1938=DIRECTION('',(1.,-2.22044604925082E-15,0.));
#1939=DIRECTION('center_axis',(0.,0.,-1.));
#1940=DIRECTION('ref_axis',(0.707106781186545,0.70710678118655,0.));
#1941=DIRECTION('',(-1.,0.,0.));
#1942=DIRECTION('center_axis',(0.,0.,-1.));
#1943=DIRECTION('ref_axis',(-0.707106781186545,-0.70710678118655,0.));
#1944=DIRECTION('',(-1.,-2.22044604925082E-15,0.));
#1945=DIRECTION('center_axis',(0.,0.,1.));
#1946=DIRECTION('ref_axis',(0.707106781186547,0.707106781186547,0.));
#1947=DIRECTION('',(0.,1.,0.));
#1948=DIRECTION('center_axis',(0.,0.,1.));
#1949=DIRECTION('ref_axis',(0.707106781186547,-0.707106781186547,0.));
#1950=DIRECTION('',(1.,0.,0.));
#1951=DIRECTION('center_axis',(0.,0.,-1.));
#1952=DIRECTION('ref_axis',(-0.707106781186547,0.707106781186547,0.));
#1953=DIRECTION('',(0.,-1.,0.));
#1954=DIRECTION('center_axis',(0.,0.,1.));
#1955=DIRECTION('ref_axis',(0.70710678118655,-0.707106781186545,0.));
#1956=DIRECTION('',(-1.,-4.2700885562506E-17,0.));
#1957=DIRECTION('center_axis',(0.,0.,1.));
#1958=DIRECTION('ref_axis',(-0.70710678118655,-0.707106781186545,0.));
#1959=DIRECTION('',(0.,1.,0.));
#1960=DIRECTION('center_axis',(0.,0.,1.));
#1961=DIRECTION('ref_axis',(-0.707106781186547,0.707106781186547,0.));
#1962=DIRECTION('',(1.,0.,0.));
#1963=DIRECTION('center_axis',(0.,0.,1.));
#1964=DIRECTION('ref_axis',(0.707106781186545,0.70710678118655,0.));
#1965=DIRECTION('',(2.53765262771464E-15,-1.,0.));
#1966=DIRECTION('center_axis',(0.,0.,1.));
#1967=DIRECTION('ref_axis',(0.707106781186551,-0.707106781186544,0.));
#1968=DIRECTION('center_axis',(0.,0.,1.));
#1969=DIRECTION('ref_axis',(-1.,0.,0.));
#1970=DIRECTION('center_axis',(0.,0.,1.));
#1971=DIRECTION('ref_axis',(1.,0.,0.));
#1972=DIRECTION('center_axis',(0.,0.,1.));
#1973=DIRECTION('ref_axis',(0.707106781186551,-0.707106781186544,0.));
#1974=DIRECTION('center_axis',(0.,0.,-1.));
#1975=DIRECTION('ref_axis',(0.707106781186551,-0.707106781186544,0.));
#1976=DIRECTION('',(0.,0.,1.));
#1977=DIRECTION('center_axis',(1.,2.53765262771464E-15,0.));
#1978=DIRECTION('ref_axis',(-2.53765262771464E-15,1.,0.));
#1979=DIRECTION('',(0.,0.,-1.));
#1980=DIRECTION('',(-2.53765262771464E-15,1.,-2.27827016511621E-16));
#1981=DIRECTION('',(0.,0.,-1.));
#1982=DIRECTION('',(-5.76626903655211E-16,1.,0.));
#1983=DIRECTION('center_axis',(0.,0.,1.));
#1984=DIRECTION('ref_axis',(-0.707106781186545,-0.70710678118655,0.));
#1985=DIRECTION('center_axis',(0.,0.,-1.));
#1986=DIRECTION('ref_axis',(-0.707106781186545,-0.70710678118655,0.));
#1987=DIRECTION('',(0.,0.,-1.));
#1988=DIRECTION('center_axis',(-6.93889390390713E-18,-2.27827016511621E-16,
-1.));
#1989=DIRECTION('ref_axis',(-0.707106781186545,-0.70710678118655,0.));
#1990=DIRECTION('center_axis',(-1.,-2.5669896523125E-16,0.));
#1991=DIRECTION('ref_axis',(2.5669896523125E-16,-1.,0.));
#1992=DIRECTION('',(-2.5669896523125E-16,1.,0.));
#1993=DIRECTION('',(0.,0.,1.));
#1994=DIRECTION('',(2.5669896523125E-16,-1.,2.27827016511621E-16));
#1995=DIRECTION('center_axis',(0.,0.,1.));
#1996=DIRECTION('ref_axis',(1.,0.,0.));
#1997=DIRECTION('center_axis',(0.,0.,-1.));
#1998=DIRECTION('ref_axis',(0.707106781186547,0.707106781186547,0.));
#1999=DIRECTION('',(-1.,1.31113217882749E-16,0.));
#2000=DIRECTION('center_axis',(0.,0.,-1.));
#2001=DIRECTION('ref_axis',(-0.707106781186549,0.707106781186546,0.));
#2002=DIRECTION('',(-8.64940355482817E-16,-1.,0.));
#2003=DIRECTION('center_axis',(0.,0.,-1.));
#2004=DIRECTION('ref_axis',(-0.658842981349939,-0.752280483547143,0.));
#2005=DIRECTION('center_axis',(0.,0.,-1.));
#2006=DIRECTION('ref_axis',(-1.,0.,0.));
#2007=DIRECTION('center_axis',(0.,0.,-1.));
#2008=DIRECTION('ref_axis',(0.707499509226369,-0.706713834903808,0.));
#2009=DIRECTION('',(2.5669896523125E-16,-1.,0.));
#2010=DIRECTION('center_axis',(0.,0.,1.));
#2011=DIRECTION('ref_axis',(-0.707106781186555,0.70710678118654,0.));
#2012=DIRECTION('',(-1.,-2.32264231093129E-16,0.));
#2013=DIRECTION('center_axis',(0.,0.,1.));
#2014=DIRECTION('ref_axis',(0.707106781186555,0.70710678118654,0.));
#2015=DIRECTION('',(-2.5669896523125E-16,1.,0.));
#2016=DIRECTION('center_axis',(0.,0.,-1.));
#2017=DIRECTION('ref_axis',(-0.92307032425997,-0.384631221393419,0.));
#2018=DIRECTION('center_axis',(0.,0.,-1.));
#2019=DIRECTION('ref_axis',(1.,0.,0.));
#2020=DIRECTION('center_axis',(0.,0.,-1.));
#2021=DIRECTION('ref_axis',(-0.92307032425997,0.384631221393419,0.));
#2022=DIRECTION('center_axis',(0.,0.,-1.));
#2023=DIRECTION('ref_axis',(-0.707106781186551,-0.707106781186544,0.));
#2024=DIRECTION('center_axis',(6.93889390390713E-18,2.27827016511621E-16,
1.));
#2025=DIRECTION('ref_axis',(-0.707106781186551,-0.707106781186544,0.));
#2026=DIRECTION('center_axis',(-6.93889390390713E-18,-2.27827016511621E-16,
-1.));
#2027=DIRECTION('ref_axis',(-0.707106781186551,-0.707106781186544,0.));
#2028=DIRECTION('',(0.,0.,-1.));
#2029=DIRECTION('center_axis',(1.,3.58136459556501E-16,0.));
#2030=DIRECTION('ref_axis',(-3.58136459556501E-16,1.,0.));
#2031=DIRECTION('',(3.58136459556501E-16,-1.,2.27827016511621E-16));
#2032=DIRECTION('',(0.,0.,1.));
#2033=DIRECTION('',(-3.58136459556501E-16,1.,-2.27827016511621E-16));
#2034=DIRECTION('center_axis',(-6.93889390390713E-18,-2.27827016511621E-16,
-1.));
#2035=DIRECTION('ref_axis',(-1.,0.,6.93889390390713E-18));
#2036=DIRECTION('center_axis',(-6.93889390390713E-18,-2.27827016511621E-16,
-1.));
#2037=DIRECTION('ref_axis',(-0.92307032425997,0.384631221393419,0.));
#2038=DIRECTION('center_axis',(-6.93889390390713E-18,-2.27827016511621E-16,
-1.));
#2039=DIRECTION('ref_axis',(1.,0.,0.));
#2040=DIRECTION('center_axis',(-6.93889390390713E-18,-2.27827016511621E-16,
-1.));
#2041=DIRECTION('ref_axis',(-0.580820920057518,0.814031362309548,0.));
#2042=DIRECTION('center_axis',(0.,0.,1.));
#2043=DIRECTION('ref_axis',(0.707106781186545,-0.70710678118655,0.));
#2044=DIRECTION('center_axis',(-6.93889390390713E-18,-2.27827016511621E-16,
-1.));
#2045=DIRECTION('ref_axis',(0.707106781186545,-0.70710678118655,0.));
#2046=DIRECTION('',(0.,0.,-1.));
#2047=DIRECTION('center_axis',(6.93889390390713E-18,2.27827016511621E-16,
1.));
#2048=DIRECTION('ref_axis',(0.707106781186545,-0.70710678118655,0.));
#2049=DIRECTION('',(0.,0.,1.));
#2050=DIRECTION('center_axis',(-6.93889390390713E-18,-2.27827016511621E-16,
-1.));
#2051=DIRECTION('ref_axis',(-1.,0.,6.93889390390713E-18));
#2052=DIRECTION('',(1.,4.2700885562506E-17,-6.93889390390714E-18));
#2053=DIRECTION('center_axis',(6.93889390390713E-18,2.27827016511621E-16,
1.));
#2054=DIRECTION('ref_axis',(0.70710678118655,-0.707106781186545,0.));
#2055=DIRECTION('',(0.,-1.,2.27827016511621E-16));
#2056=DIRECTION('center_axis',(6.93889390390713E-18,2.27827016511621E-16,
1.));
#2057=DIRECTION('ref_axis',(0.849836585598798,0.527046276694729,0.));
#2058=DIRECTION('center_axis',(6.93889390390713E-18,2.27827016511621E-16,
1.));
#2059=DIRECTION('ref_axis',(-1.,0.,0.));
#2060=DIRECTION('center_axis',(6.93889390390713E-18,2.27827016511621E-16,
1.));
#2061=DIRECTION('ref_axis',(0.420096990564652,0.907479211066855,0.));
#2062=DIRECTION('',(0.,-1.,2.27827016511621E-16));
#2063=DIRECTION('center_axis',(4.2700885562506E-17,-1.,0.));
#2064=DIRECTION('ref_axis',(1.,4.2700885562506E-17,0.));
#2065=DIRECTION('',(1.,4.2700885562506E-17,-6.93889390390714E-18));
#2066=DIRECTION('',(0.,0.,-1.));
#2067=DIRECTION('',(1.,0.,0.));
#2068=DIRECTION('',(0.,0.,1.));
#2069=DIRECTION('',(1.,4.2700885562506E-17,-6.93889390390714E-18));
#2070=DIRECTION('',(0.,0.,1.));
#2071=DIRECTION('',(0.,0.,-1.));
#2072=DIRECTION('center_axis',(0.,0.,1.));
#2073=DIRECTION('ref_axis',(0.70710678118655,-0.707106781186545,0.));
#2074=DIRECTION('',(0.,0.,1.));
#2075=DIRECTION('center_axis',(-1.,0.,0.));
#2076=DIRECTION('ref_axis',(0.,-1.,0.));
#2077=DIRECTION('',(0.,0.,-1.));
#2078=DIRECTION('',(0.,1.,0.));
#2079=DIRECTION('',(0.,0.,-1.));
#2080=DIRECTION('center_axis',(0.,0.,1.));
#2081=DIRECTION('ref_axis',(-0.70710678118655,-0.707106781186545,0.));
#2082=DIRECTION('center_axis',(-6.93889390390713E-18,-2.27827016511621E-16,
-1.));
#2083=DIRECTION('ref_axis',(-0.70710678118655,-0.707106781186545,0.));
#2084=DIRECTION('',(0.,0.,-1.));
#2085=DIRECTION('center_axis',(-1.,0.,0.));
#2086=DIRECTION('ref_axis',(0.,-1.,0.));
#2087=DIRECTION('',(0.,-1.,2.27827016511621E-16));
#2088=DIRECTION('',(0.,0.,1.));
#2089=DIRECTION('',(0.,1.,0.));
#2090=DIRECTION('',(0.,0.,-1.));
#2091=DIRECTION('',(0.,-1.,2.27827016511621E-16));
#2092=DIRECTION('',(0.,0.,1.));
#2093=DIRECTION('center_axis',(0.,0.,1.));
#2094=DIRECTION('ref_axis',(-0.707106781186545,-0.70710678118655,0.));
#2095=DIRECTION('center_axis',(0.,0.,-1.));
#2096=DIRECTION('ref_axis',(-0.707106781186545,-0.70710678118655,0.));
#2097=DIRECTION('',(0.,0.,-1.));
#2098=DIRECTION('center_axis',(-6.93889390390713E-18,-2.27827016511621E-16,
-1.));
#2099=DIRECTION('ref_axis',(-0.707106781186545,-0.70710678118655,0.));
#2100=DIRECTION('center_axis',(0.,0.,1.));
#2101=DIRECTION('ref_axis',(1.,0.,0.));
#2102=DIRECTION('center_axis',(0.,0.,-1.));
#2103=DIRECTION('ref_axis',(0.70710678118655,-0.707106781186545,0.));
#2104=DIRECTION('',(2.5669896523125E-16,-1.,0.));
#2105=DIRECTION('center_axis',(0.,0.,-1.));
#2106=DIRECTION('ref_axis',(0.707499509226369,0.706713834903808,0.));
#2107=DIRECTION('center_axis',(0.,0.,-1.));
#2108=DIRECTION('ref_axis',(-1.,0.,0.));
#2109=DIRECTION('center_axis',(0.,0.,-1.));
#2110=DIRECTION('ref_axis',(-0.658842981349927,0.752280483547154,0.));
#2111=DIRECTION('',(-8.64940355482817E-16,-1.,0.));
#2112=DIRECTION('center_axis',(0.,0.,1.));
#2113=DIRECTION('ref_axis',(0.70710678118655,-0.707106781186545,0.));
#2114=DIRECTION('center_axis',(-6.93889390390713E-18,-2.27827016511621E-16,
-1.));
#2115=DIRECTION('ref_axis',(0.70710678118655,-0.707106781186545,0.));
#2116=DIRECTION('',(0.,0.,1.));
#2117=DIRECTION('center_axis',(0.,0.,1.));
#2118=DIRECTION('ref_axis',(-0.923548145182802,0.383482494423677,0.));
#2119=DIRECTION('center_axis',(0.,0.,-1.));
#2120=DIRECTION('ref_axis',(-0.923548145182802,0.383482494423677,0.));
#2121=DIRECTION('',(0.,0.,1.));
#2122=DIRECTION('center_axis',(6.93889390390713E-18,2.27827016511621E-16,
1.));
#2123=DIRECTION('ref_axis',(-0.923548145182802,0.383482494423677,0.));
#2124=DIRECTION('',(0.,0.,-1.));
#2125=DIRECTION('center_axis',(1.,2.53765262771464E-15,0.));
#2126=DIRECTION('ref_axis',(-2.53765262771464E-15,1.,0.));
#2127=DIRECTION('',(-2.53765262771464E-15,1.,-2.27827016511621E-16));
#2128=DIRECTION('',(2.53765262771464E-15,-1.,0.));
#2129=DIRECTION('',(0.,0.,1.));
#2130=DIRECTION('center_axis',(0.,0.,-1.));
#2131=DIRECTION('ref_axis',(-0.923548145182799,-0.383482494423686,0.));
#2132=DIRECTION('center_axis',(6.93889390390713E-18,2.27827016511621E-16,
1.));
#2133=DIRECTION('ref_axis',(-0.923548145182799,-0.383482494423686,0.));
#2134=DIRECTION('',(0.,0.,-1.));
#2135=DIRECTION('center_axis',(0.,0.,-1.));
#2136=DIRECTION('ref_axis',(-0.923548145182799,-0.383482494423686,0.));
#2137=DIRECTION('',(0.,0.,1.));
#2138=DIRECTION('center_axis',(1.,2.53765262771464E-15,0.));
#2139=DIRECTION('ref_axis',(-2.53765262771464E-15,1.,0.));
#2140=DIRECTION('',(-2.53765262771464E-15,1.,-2.27827016511621E-16));
#2141=DIRECTION('',(0.,0.,1.));
#2142=DIRECTION('',(2.53765262771464E-15,-1.,0.));
#2143=DIRECTION('center_axis',(0.,0.,-1.));
#2144=DIRECTION('ref_axis',(0.849836585598798,-0.527046276694729,0.));
#2145=DIRECTION('center_axis',(6.93889390390713E-18,2.27827016511621E-16,
1.));
#2146=DIRECTION('ref_axis',(0.849836585598798,-0.527046276694729,0.));
#2147=DIRECTION('',(0.,0.,-1.));
#2148=DIRECTION('center_axis',(0.,0.,-1.));
#2149=DIRECTION('ref_axis',(0.849836585598798,-0.527046276694729,0.));
#2150=DIRECTION('',(0.,0.,1.));
#2151=DIRECTION('center_axis',(0.,0.,1.));
#2152=DIRECTION('ref_axis',(-1.,0.,0.));
#2153=DIRECTION('center_axis',(6.93889390390713E-18,2.27827016511621E-16,
1.));
#2154=DIRECTION('ref_axis',(-1.,0.,0.));
#2155=DIRECTION('',(0.,0.,-1.));
#2156=DIRECTION('center_axis',(-6.93889390390713E-18,-2.27827016511621E-16,
-1.));
#2157=DIRECTION('ref_axis',(-1.,0.,0.));
#2158=DIRECTION('',(0.,0.,-1.));
#2159=DIRECTION('',(0.,0.,1.));
#2160=DIRECTION('center_axis',(-6.93889390390713E-18,-2.27827016511621E-16,
-1.));
#2161=DIRECTION('ref_axis',(-1.,0.,0.));
#2162=DIRECTION('',(0.,0.,1.));
#2163=DIRECTION('center_axis',(0.,0.,1.));
#2164=DIRECTION('ref_axis',(-1.,0.,0.));
#2165=DIRECTION('center_axis',(0.,0.,1.));
#2166=DIRECTION('ref_axis',(0.849836585598798,0.527046276694729,0.));
#2167=DIRECTION('center_axis',(0.,0.,-1.));
#2168=DIRECTION('ref_axis',(0.849836585598798,0.527046276694729,0.));
#2169=DIRECTION('',(0.,0.,1.));
#2170=DIRECTION('center_axis',(0.,0.,1.));
#2171=DIRECTION('ref_axis',(0.420096990564652,0.907479211066855,0.));
#2172=DIRECTION('center_axis',(-6.93889390390713E-18,-2.27827016511621E-16,
-1.));
#2173=DIRECTION('ref_axis',(0.420096990564652,0.907479211066855,0.));
#2174=DIRECTION('',(0.,0.,-1.));
#2175=DIRECTION('',(0.,0.,1.));
#2176=DIRECTION('center_axis',(-6.93889390390713E-18,-2.27827016511621E-16,
-1.));
#2177=DIRECTION('ref_axis',(-1.,0.,6.93889390390713E-18));
#2178=DIRECTION('',(0.,1.,-2.27827016511621E-16));
#2179=DIRECTION('center_axis',(-6.93889390390713E-18,-2.27827016511621E-16,
-1.));
#2180=DIRECTION('ref_axis',(-1.,0.,0.));
#2181=DIRECTION('center_axis',(-6.93889390390713E-18,-2.27827016511621E-16,
-1.));
#2182=DIRECTION('ref_axis',(0.707499509226369,0.706713834903808,0.));
#2183=DIRECTION('',(-2.5669896523125E-16,1.,-2.27827016511621E-16));
#2184=DIRECTION('center_axis',(0.,0.,1.));
#2185=DIRECTION('ref_axis',(-1.,0.,0.));
#2186=DIRECTION('center_axis',(0.,0.,1.));
#2187=DIRECTION('ref_axis',(-1.,0.,0.));
#2188=DIRECTION('',(0.,0.,-1.));
#2189=DIRECTION('center_axis',(-6.93889390390713E-18,-2.27827016511621E-16,
-1.));
#2190=DIRECTION('ref_axis',(-1.,0.,0.));
#2191=DIRECTION('',(0.,0.,-1.));
#2192=DIRECTION('',(0.,0.,1.));
#2193=DIRECTION('center_axis',(0.,0.,-1.));
#2194=DIRECTION('ref_axis',(-0.461479103495437,0.887151079037301,0.));
#2195=DIRECTION('center_axis',(-6.93889390390713E-18,-2.27827016511621E-16,
-1.));
#2196=DIRECTION('ref_axis',(-0.461479103495437,0.887151079037301,0.));
#2197=DIRECTION('center_axis',(0.,0.,-1.));
#2198=DIRECTION('ref_axis',(-0.461479103495437,0.887151079037301,0.));
#2199=DIRECTION('center_axis',(0.,0.,1.));
#2200=DIRECTION('ref_axis',(-0.655258705532102,-0.755404546467913,0.));
#2201=DIRECTION('center_axis',(-6.93889390390713E-18,-2.27827016511621E-16,
-1.));
#2202=DIRECTION('ref_axis',(-0.655258705532102,-0.755404546467913,0.));
#2203=DIRECTION('center_axis',(6.93889390390713E-18,2.27827016511621E-16,
1.));
#2204=DIRECTION('ref_axis',(-0.655258705532102,-0.755404546467913,0.));
#2205=DIRECTION('center_axis',(-6.93889390390713E-18,-2.27827016511621E-16,
-1.));
#2206=DIRECTION('ref_axis',(-1.,0.,6.93889390390713E-18));
#2207=DIRECTION('',(0.,-1.,2.27827016511621E-16));
#2208=DIRECTION('center_axis',(-6.93889390390713E-18,-2.27827016511621E-16,
-1.));
#2209=DIRECTION('ref_axis',(-0.707106781186547,0.707106781186547,0.));
#2210=DIRECTION('',(-1.,0.,6.93889390390713E-18));
#2211=DIRECTION('center_axis',(-6.93889390390713E-18,-2.27827016511621E-16,
-1.));
#2212=DIRECTION('ref_axis',(0.707106781186545,0.70710678118655,0.));
#2213=DIRECTION('center_axis',(6.93889390390713E-18,2.27827016511621E-16,
1.));
#2214=DIRECTION('ref_axis',(1.,0.,0.));
#2215=DIRECTION('center_axis',(6.93889390390713E-18,2.27827016511621E-16,
1.));
#2216=DIRECTION('ref_axis',(-0.580820920057518,-0.814031362309548,0.));
#2217=DIRECTION('center_axis',(0.,0.,1.));
#2218=DIRECTION('ref_axis',(-0.461479103495437,-0.887151079037301,0.));
#2219=DIRECTION('center_axis',(-6.93889390390713E-18,-2.27827016511621E-16,
-1.));
#2220=DIRECTION('ref_axis',(-0.461479103495437,-0.887151079037301,0.));
#2221=DIRECTION('center_axis',(0.,0.,-1.));
#2222=DIRECTION('ref_axis',(-0.461479103495437,-0.887151079037301,0.));
#2223=DIRECTION('center_axis',(-6.93889390390713E-18,-2.27827016511621E-16,
-1.));
#2224=DIRECTION('ref_axis',(-1.,0.,6.93889390390713E-18));
#2225=DIRECTION('center_axis',(-6.93889390390713E-18,-2.27827016511621E-16,
-1.));
#2226=DIRECTION('ref_axis',(-0.658842981349939,-0.752280483547143,0.));
#2227=DIRECTION('',(8.64940355482817E-16,1.,-2.27827016511621E-16));
#2228=DIRECTION('center_axis',(-6.93889390390713E-18,-2.27827016511621E-16,
-1.));
#2229=DIRECTION('ref_axis',(-0.707106781186549,0.707106781186546,0.));
#2230=DIRECTION('',(1.,-1.31113217882749E-16,-6.9388939039071E-18));
#2231=DIRECTION('center_axis',(-6.93889390390713E-18,-2.27827016511621E-16,
-1.));
#2232=DIRECTION('ref_axis',(0.707106781186547,0.707106781186547,0.));
#2233=DIRECTION('center_axis',(-6.93889390390713E-18,-2.27827016511621E-16,
-1.));
#2234=DIRECTION('ref_axis',(0.707106781186545,0.70710678118655,0.));
#2235=DIRECTION('',(-1.,0.,6.93889390390713E-18));
#2236=DIRECTION('center_axis',(-6.93889390390713E-18,-2.27827016511621E-16,
-1.));
#2237=DIRECTION('ref_axis',(-0.707106781186547,0.707106781186547,0.));
#2238=DIRECTION('center_axis',(0.,0.,1.));
#2239=DIRECTION('ref_axis',(-0.92307032425997,-0.384631221393419,0.));
#2240=DIRECTION('',(0.,0.,-1.));
#2241=DIRECTION('center_axis',(-6.93889390390713E-18,-2.27827016511621E-16,
-1.));
#2242=DIRECTION('ref_axis',(-0.92307032425997,-0.384631221393419,0.));
#2243=DIRECTION('',(0.,0.,1.));
#2244=DIRECTION('center_axis',(0.,0.,1.));
#2245=DIRECTION('ref_axis',(1.,0.,0.));
#2246=DIRECTION('',(0.,0.,1.));
#2247=DIRECTION('center_axis',(0.,0.,-1.));
#2248=DIRECTION('ref_axis',(0.599999999999997,-0.800000000000002,0.));
#2249=DIRECTION('center_axis',(6.93889390390713E-18,2.27827016511621E-16,
1.));
#2250=DIRECTION('ref_axis',(1.,0.,0.));
#2251=DIRECTION('',(0.,0.,-1.));
#2252=DIRECTION('',(0.,0.,-1.));
#2253=DIRECTION('center_axis',(-6.93889390390713E-18,-2.27827016511621E-16,
-1.));
#2254=DIRECTION('ref_axis',(1.,0.,0.));
#2255=DIRECTION('',(0.,0.,1.));
#2256=DIRECTION('center_axis',(0.,0.,-1.));
#2257=DIRECTION('ref_axis',(0.599999999999997,-0.800000000000002,0.));
#2258=DIRECTION('center_axis',(0.,0.,-1.));
#2259=DIRECTION('ref_axis',(-0.92307032425997,0.384631221393419,0.));
#2260=DIRECTION('center_axis',(0.,0.,1.));
#2261=DIRECTION('ref_axis',(-0.580820920057518,0.814031362309548,0.));
#2262=DIRECTION('center_axis',(6.93889390390713E-18,2.27827016511621E-16,
1.));
#2263=DIRECTION('ref_axis',(-0.580820920057518,0.814031362309548,0.));
#2264=DIRECTION('center_axis',(0.,0.,-1.));
#2265=DIRECTION('ref_axis',(-0.580820920057518,-0.814031362309548,0.));
#2266=DIRECTION('center_axis',(-6.93889390390713E-18,-2.27827016511621E-16,
-1.));
#2267=DIRECTION('ref_axis',(-0.580820920057518,-0.814031362309548,0.));
#2268=DIRECTION('center_axis',(0.,0.,-1.));
#2269=DIRECTION('ref_axis',(0.707499509226369,-0.706713834903808,0.));
#2270=DIRECTION('center_axis',(-6.93889390390713E-18,-2.27827016511621E-16,
-1.));
#2271=DIRECTION('ref_axis',(0.707499509226369,-0.706713834903808,0.));
#2272=DIRECTION('',(0.,0.,1.));
#2273=DIRECTION('center_axis',(0.,0.,1.));
#2274=DIRECTION('ref_axis',(-0.658842981349939,-0.752280483547143,0.));
#2275=DIRECTION('',(0.,0.,-1.));
#2276=DIRECTION('center_axis',(-1.,8.64940355482817E-16,0.));
#2277=DIRECTION('ref_axis',(-8.64940355482817E-16,-1.,0.));
#2278=DIRECTION('',(0.,0.,1.));
#2279=DIRECTION('center_axis',(0.,0.,1.));
#2280=DIRECTION('ref_axis',(0.707499509226369,0.706713834903808,0.));
#2281=DIRECTION('',(0.,0.,-1.));
#2282=DIRECTION('center_axis',(0.,0.,-1.));
#2283=DIRECTION('ref_axis',(-0.658842981349927,0.752280483547154,0.));
#2284=DIRECTION('center_axis',(-6.93889390390713E-18,-2.27827016511621E-16,
-1.));
#2285=DIRECTION('ref_axis',(-0.658842981349927,0.752280483547154,0.));
#2286=DIRECTION('',(0.,0.,1.));
#2287=DIRECTION('center_axis',(-1.,8.64940355482817E-16,0.));
#2288=DIRECTION('ref_axis',(-8.64940355482817E-16,-1.,0.));
#2289=DIRECTION('',(8.64940355482817E-16,1.,-2.27827016511621E-16));
#2290=DIRECTION('center_axis',(0.,0.,1.));
#2291=DIRECTION('ref_axis',(0.707106781186545,0.70710678118655,0.));
#2292=DIRECTION('',(0.,0.,1.));
#2293=DIRECTION('center_axis',(0.,1.,0.));
#2294=DIRECTION('ref_axis',(-1.,0.,0.));
#2295=DIRECTION('',(0.,0.,-1.));
#2296=DIRECTION('center_axis',(0.,0.,1.));
#2297=DIRECTION('ref_axis',(-0.707106781186547,0.707106781186547,0.));
#2298=DIRECTION('center_axis',(0.,0.,1.));
#2299=DIRECTION('ref_axis',(-0.707106781186549,0.707106781186546,0.));
#2300=DIRECTION('',(0.,0.,-1.));
#2301=DIRECTION('center_axis',(1.31113217882749E-16,1.,0.));
#2302=DIRECTION('ref_axis',(-1.,1.31113217882749E-16,0.));
#2303=DIRECTION('',(0.,0.,1.));
#2304=DIRECTION('center_axis',(0.,0.,1.));
#2305=DIRECTION('ref_axis',(0.707106781186547,0.707106781186547,0.));
#2306=DIRECTION('center_axis',(0.,0.,1.));
#2307=DIRECTION('ref_axis',(0.707106781186555,0.70710678118654,0.));
#2308=DIRECTION('center_axis',(6.93889390390713E-18,2.27827016511621E-16,
1.));
#2309=DIRECTION('ref_axis',(0.707106781186555,0.70710678118654,0.));
#2310=DIRECTION('',(0.,0.,1.));
#2311=DIRECTION('',(0.,0.,-1.));
#2312=DIRECTION('center_axis',(-6.93889390390713E-18,-2.27827016511621E-16,
-1.));
#2313=DIRECTION('ref_axis',(-1.,0.,6.93889390390713E-18));
#2314=DIRECTION('',(2.5669896523125E-16,-1.,2.27827016511621E-16));
#2315=DIRECTION('',(1.,2.32264231093129E-16,-6.93889390390718E-18));
#2316=DIRECTION('center_axis',(6.93889390390713E-18,2.27827016511621E-16,
1.));
#2317=DIRECTION('ref_axis',(-0.707106781186555,0.70710678118654,0.));
#2318=DIRECTION('',(-2.5669896523125E-16,1.,-2.27827016511621E-16));
#2319=DIRECTION('center_axis',(2.32264231093129E-16,-1.,0.));
#2320=DIRECTION('ref_axis',(1.,2.32264231093129E-16,0.));
#2321=DIRECTION('',(0.,0.,1.));
#2322=DIRECTION('center_axis',(0.,0.,1.));
#2323=DIRECTION('ref_axis',(-0.707106781186555,0.70710678118654,0.));
#2324=DIRECTION('',(0.,0.,-1.));
#2325=DIRECTION('center_axis',(0.,0.,-1.));
#2326=DIRECTION('ref_axis',(0.707106781186546,0.707106781186549,0.));
#2327=DIRECTION('center_axis',(0.,0.,1.));
#2328=DIRECTION('ref_axis',(0.707106781186546,0.707106781186549,0.));
#2329=DIRECTION('',(0.,0.,-1.));
#2330=DIRECTION('center_axis',(0.,1.,0.));
#2331=DIRECTION('ref_axis',(1.,0.,0.));
#2332=DIRECTION('',(-1.,0.,0.));
#2333=DIRECTION('',(0.,0.,1.));
#2334=DIRECTION('center_axis',(0.,0.,-1.));
#2335=DIRECTION('ref_axis',(-0.707106781186547,-0.707106781186547,0.));
#2336=DIRECTION('center_axis',(0.,0.,-1.));
#2337=DIRECTION('ref_axis',(-0.707106781186547,-0.707106781186547,0.));
#2338=DIRECTION('',(0.,0.,-1.));
#2339=DIRECTION('center_axis',(0.,0.,-1.));
#2340=DIRECTION('ref_axis',(-0.707106781186547,0.707106781186547,0.));
#2341=DIRECTION('',(0.,0.,1.));
#2342=DIRECTION('center_axis',(0.,0.,-1.));
#2343=DIRECTION('ref_axis',(-0.707106781186547,0.707106781186547,0.));
#2344=DIRECTION('',(0.,0.,-1.));
#2345=DIRECTION('center_axis',(-2.22044604925082E-15,-1.,0.));
#2346=DIRECTION('ref_axis',(-1.,2.22044604925082E-15,0.));
#2347=DIRECTION('',(1.,-2.22044604925082E-15,0.));
#2348=DIRECTION('',(0.,0.,1.));
#2349=DIRECTION('center_axis',(0.,0.,1.));
#2350=DIRECTION('ref_axis',(0.707106781186545,-0.70710678118655,0.));
#2351=DIRECTION('center_axis',(0.,0.,1.));
#2352=DIRECTION('ref_axis',(0.707106781186545,-0.70710678118655,0.));
#2353=DIRECTION('',(0.,0.,-1.));
#2354=DIRECTION('center_axis',(-1.,0.,0.));
#2355=DIRECTION('ref_axis',(0.,-1.,0.));
#2356=DIRECTION('',(0.,1.,0.));
#2357=DIRECTION('',(0.,0.,-1.));
#2358=DIRECTION('center_axis',(0.,0.,-1.));
#2359=DIRECTION('ref_axis',(-0.707106781186545,-0.70710678118655,0.));
#2360=DIRECTION('center_axis',(0.,0.,1.));
#2361=DIRECTION('ref_axis',(-0.707106781186545,-0.70710678118655,0.));
#2362=DIRECTION('',(0.,0.,-1.));
#2363=DIRECTION('',(0.,0.,1.));
#2364=DIRECTION('center_axis',(-2.22044604925082E-15,1.,0.));
#2365=DIRECTION('ref_axis',(1.,2.22044604925082E-15,0.));
#2366=DIRECTION('',(-1.,-2.22044604925082E-15,0.));
#2367=DIRECTION('',(0.,0.,1.));
#2368=DIRECTION('center_axis',(0.,0.,-1.));
#2369=DIRECTION('ref_axis',(0.707106781186547,0.707106781186547,0.));
#2370=DIRECTION('center_axis',(0.,0.,-1.));
#2371=DIRECTION('ref_axis',(0.707106781186547,0.707106781186547,0.));
#2372=DIRECTION('',(0.,0.,-1.));
#2373=DIRECTION('center_axis',(1.,0.,0.));
#2374=DIRECTION('ref_axis',(0.,-1.,0.));
#2375=DIRECTION('',(0.,1.,0.));
#2376=DIRECTION('',(0.,0.,1.));
#2377=DIRECTION('center_axis',(0.,0.,1.));
#2378=DIRECTION('ref_axis',(-1.,0.,0.));
#2379=DIRECTION('center_axis',(0.,0.,1.));
#2380=DIRECTION('ref_axis',(-0.707106781186547,0.707106781186547,0.));
#2381=DIRECTION('',(1.,0.,0.));
#2382=DIRECTION('center_axis',(0.,0.,-1.));
#2383=DIRECTION('ref_axis',(0.707106781186547,-0.707106781186547,0.));
#2384=DIRECTION('center_axis',(0.,0.,1.));
#2385=DIRECTION('ref_axis',(-1.,0.,0.));
#2386=DIRECTION('center_axis',(0.,0.,1.));
#2387=DIRECTION('ref_axis',(-0.707106781186547,0.707106781186547,0.));
#2388=DIRECTION('',(0.,0.,1.));
#2389=DIRECTION('center_axis',(0.,0.,-1.));
#2390=DIRECTION('ref_axis',(0.707106781186547,-0.707106781186547,0.));
#2391=DIRECTION('',(0.,0.,-1.));
#2392=DIRECTION('center_axis',(1.,2.5669896523125E-16,0.));
#2393=DIRECTION('ref_axis',(-2.5669896523125E-16,1.,0.));
#2394=DIRECTION('center_axis',(-6.93889390390713E-18,-2.27827016511621E-16,
-1.));
#2395=DIRECTION('ref_axis',(-1.,0.,6.93889390390713E-18));
#2396=DIRECTION('center_axis',(-1.,0.,0.));
#2397=DIRECTION('ref_axis',(0.,-1.,0.));
#2398=DIRECTION('center_axis',(-6.93889390390713E-18,-2.27827016511621E-16,
-1.));
#2399=DIRECTION('ref_axis',(-1.,0.,6.93889390390713E-18));
#2400=DIRECTION('center_axis',(1.,0.,0.));
#2401=DIRECTION('ref_axis',(0.,-1.,0.));
#2402=DIRECTION('',(0.,1.,0.));
#2403=DIRECTION('center_axis',(0.,0.,-1.));
#2404=DIRECTION('ref_axis',(1.,0.,0.));
#2405=DIRECTION('center_axis',(0.,-1.,0.));
#2406=DIRECTION('ref_axis',(-1.,0.,0.));
#2407=DIRECTION('center_axis',(0.,0.,-1.));
#2408=DIRECTION('ref_axis',(-1.,0.,0.));
#2409=DIRECTION('',(0.,0.,1.));
#2410=DIRECTION('center_axis',(-1.,-2.5669896523125E-16,0.));
#2411=DIRECTION('ref_axis',(2.5669896523125E-16,-1.,0.));
#2412=DIRECTION('center_axis',(1.,2.5669896523125E-16,0.));
#2413=DIRECTION('ref_axis',(-2.5669896523125E-16,1.,0.));
#2414=DIRECTION('center_axis',(0.,1.,0.));
#2415=DIRECTION('ref_axis',(-1.,0.,0.));
#2416=CARTESIAN_POINT('',(0.,0.,0.));
#2417=CARTESIAN_POINT('Origin',(22.4430488198419,15.8,10.));
#2418=CARTESIAN_POINT('',(23.0167352085037,15.9757382356353,13.955));
#2419=CARTESIAN_POINT('',(22.4430488198419,16.4,13.955));
#2420=CARTESIAN_POINT('Origin',(22.4430488198419,15.8,13.955));
#2421=CARTESIAN_POINT('',(23.0167352085037,15.9757382356353,15.205));
#2422=CARTESIAN_POINT('',(23.0167352085037,15.9757382356353,10.));
#2423=CARTESIAN_POINT('',(22.4430488198419,16.4,15.205));
#2424=CARTESIAN_POINT('Origin',(22.4430488198419,15.8,15.205));
#2425=CARTESIAN_POINT('',(22.4430488198419,16.4,10.));
#2426=CARTESIAN_POINT('Origin',(22.997,16.4,13.955));
#2427=CARTESIAN_POINT('',(-21.4854805802388,16.4,15.205));
#2428=CARTESIAN_POINT('',(11.4985,16.4,15.205));
#2429=CARTESIAN_POINT('',(-21.4854805802388,16.4,13.955));
#2430=CARTESIAN_POINT('',(-21.4854805802388,16.4,13.955));
#2431=CARTESIAN_POINT('',(11.4985,16.4,13.955));
#2432=CARTESIAN_POINT('Origin',(-21.4854805802388,15.8,13.955));
#2433=CARTESIAN_POINT('',(-21.9113782458528,16.2226241574076,13.955));
#2434=CARTESIAN_POINT('Origin',(-21.4854805802388,15.8,13.955));
#2435=CARTESIAN_POINT('',(-21.9113782458528,16.2226241574076,15.205));
#2436=CARTESIAN_POINT('Origin',(-21.4854805802388,15.8,15.205));
#2437=CARTESIAN_POINT('',(-21.9113782458528,16.2226241574076,13.955));
#2438=CARTESIAN_POINT('Origin',(25.35,4.59999999999999,10.));
#2439=CARTESIAN_POINT('',(24.75,4.59999999999999,10.));
#2440=CARTESIAN_POINT('',(25.35,3.99999999999999,10.));
#2441=CARTESIAN_POINT('Origin',(25.35,4.59999999999999,10.));
#2442=CARTESIAN_POINT('',(25.35,3.99999999999999,13.955));
#2443=CARTESIAN_POINT('',(25.35,3.99999999999999,10.));
#2444=CARTESIAN_POINT('',(24.75,4.59999999999999,13.955));
#2445=CARTESIAN_POINT('Origin',(25.35,4.59999999999999,13.955));
#2446=CARTESIAN_POINT('',(24.75,4.59999999999999,10.));
#2447=CARTESIAN_POINT('Origin',(-26.,3.99999999999999,10.));
#2448=CARTESIAN_POINT('',(23.597,3.99999999999999,13.955));
#2449=CARTESIAN_POINT('',(-13.,3.99999999999999,13.955));
#2450=CARTESIAN_POINT('',(25.4,3.99999999999999,10.));
#2451=CARTESIAN_POINT('',(26.,3.99999999999999,10.));
#2452=CARTESIAN_POINT('',(25.4,3.99999999999998,16.205));
#2453=CARTESIAN_POINT('',(25.4,3.99999999999999,10.));
#2454=CARTESIAN_POINT('',(25.347,3.99999999999998,16.205));
#2455=CARTESIAN_POINT('',(24.497,3.99999999999998,16.205));
#2456=CARTESIAN_POINT('',(25.347,3.99999999999999,15.205));
#2457=CARTESIAN_POINT('',(25.347,3.99999999999999,12.6025));
#2458=CARTESIAN_POINT('',(23.597,3.99999999999999,15.205));
#2459=CARTESIAN_POINT('',(-13.,3.99999999999999,15.205));
#2460=CARTESIAN_POINT('',(23.597,3.99999999999999,11.9775));
#2461=CARTESIAN_POINT('Origin',(2.19269047363468E-14,12.75,10.));
#2462=CARTESIAN_POINT('',(24.75,9.99999617537234,10.));
#2463=CARTESIAN_POINT('',(24.75,13.125,10.));
#2464=CARTESIAN_POINT('',(23.5,11.2499961753723,10.));
#2465=CARTESIAN_POINT('Origin',(23.5,9.99999617537234,10.));
#2466=CARTESIAN_POINT('',(22.0000000000009,11.2499961753723,10.));
#2467=CARTESIAN_POINT('',(21.7500000000007,11.2499961753723,10.));
#2468=CARTESIAN_POINT('',(20.7500000000009,12.4999961753723,10.));
#2469=CARTESIAN_POINT('Origin',(22.0000000000009,12.4999961753723,10.));
#2470=CARTESIAN_POINT('',(20.7500000000009,16.5,10.));
#2471=CARTESIAN_POINT('',(20.7500000000009,16.1249990438431,10.));
#2472=CARTESIAN_POINT('',(22.0000000000009,17.75,10.));
#2473=CARTESIAN_POINT('Origin',(22.0000000000009,16.5,10.));
#2474=CARTESIAN_POINT('',(23.5,17.75,10.));
#2475=CARTESIAN_POINT('',(23.7500000000002,17.75,10.));
#2476=CARTESIAN_POINT('',(23.5,20.25,10.));
#2477=CARTESIAN_POINT('Origin',(23.5,19.,10.));
#2478=CARTESIAN_POINT('',(-23.5,20.25,10.));
#2479=CARTESIAN_POINT('',(-12.375,20.25,10.));
#2480=CARTESIAN_POINT('',(-23.5,17.75,10.));
#2481=CARTESIAN_POINT('Origin',(-23.5,19.,10.));
#2482=CARTESIAN_POINT('',(-22.0000000000009,17.75,10.));
#2483=CARTESIAN_POINT('',(-23.7500000000002,17.75,10.));
#2484=CARTESIAN_POINT('',(-20.7500000000009,16.5,10.));
#2485=CARTESIAN_POINT('Origin',(-22.0000000000009,16.5,10.));
#2486=CARTESIAN_POINT('',(-20.7500000000009,12.4999961753723,10.));
#2487=CARTESIAN_POINT('',(-20.7500000000009,16.1249990438431,10.));
#2488=CARTESIAN_POINT('',(-22.0000000000009,11.2499961753723,10.));
#2489=CARTESIAN_POINT('Origin',(-22.0000000000009,12.4999961753723,10.));
#2490=CARTESIAN_POINT('',(-23.5,11.2499961753723,10.));
#2491=CARTESIAN_POINT('',(-21.7500000000007,11.2499961753723,10.));
#2492=CARTESIAN_POINT('',(-24.75,9.99999617537234,10.));
#2493=CARTESIAN_POINT('Origin',(-23.5,9.99999617537234,10.));
#2494=CARTESIAN_POINT('',(-24.75,4.59999999999999,10.));
#2495=CARTESIAN_POINT('',(-24.75,8.37499999999999,10.));
#2496=CARTESIAN_POINT('',(-25.35,3.99999999999999,10.));
#2497=CARTESIAN_POINT('Origin',(-25.35,4.59999999999999,10.));
#2498=CARTESIAN_POINT('',(-25.4,3.99999999999999,10.));
#2499=CARTESIAN_POINT('',(26.,3.99999999999999,10.));
#2500=CARTESIAN_POINT('',(-26.,4.59999999999999,10.));
#2501=CARTESIAN_POINT('Origin',(-25.4,4.59999999999999,10.));
#2502=CARTESIAN_POINT('',(-26.,19.,10.));
#2503=CARTESIAN_POINT('',(-26.,3.99999999999999,10.));
#2504=CARTESIAN_POINT('',(-23.5,21.5,10.));
#2505=CARTESIAN_POINT('Origin',(-23.5,19.,10.));
#2506=CARTESIAN_POINT('',(23.5,21.5,10.));
#2507=CARTESIAN_POINT('',(-26.,21.5,10.));
#2508=CARTESIAN_POINT('',(26.,19.,10.));
#2509=CARTESIAN_POINT('Origin',(23.5,19.,10.));
#2510=CARTESIAN_POINT('',(26.,4.59999999999999,10.));
#2511=CARTESIAN_POINT('',(26.,21.5,10.));
#2512=CARTESIAN_POINT('Origin',(25.4,4.59999999999999,10.));
#2513=CARTESIAN_POINT('',(-22.75,14.5,10.));
#2514=CARTESIAN_POINT('Origin',(-24.,14.5,10.));
#2515=CARTESIAN_POINT('',(22.75,14.5,10.));
#2516=CARTESIAN_POINT('Origin',(24.,14.5,10.));
#2517=CARTESIAN_POINT('Origin',(25.4,4.59999999999999,10.));
#2518=CARTESIAN_POINT('',(26.,4.59999999999999,16.205));
#2519=CARTESIAN_POINT('Origin',(25.4,4.59999999999999,16.205));
#2520=CARTESIAN_POINT('',(26.,4.59999999999999,10.));
#2521=CARTESIAN_POINT('Origin',(26.,3.99999999999999,10.));
#2522=CARTESIAN_POINT('',(26.,19.,15.205));
#2523=CARTESIAN_POINT('',(26.,19.,10.));
#2524=CARTESIAN_POINT('',(26.,17.95,15.205));
#2525=CARTESIAN_POINT('',(26.,8.37500000000002,15.205));
#2526=CARTESIAN_POINT('',(26.,17.95,16.205));
#2527=CARTESIAN_POINT('',(26.,17.95,12.6025));
#2528=CARTESIAN_POINT('',(26.,19.403,16.205));
#2529=CARTESIAN_POINT('Origin',(25.347,4.59999999999999,12.6025));
#2530=CARTESIAN_POINT('',(24.747,4.59999999999999,16.205));
#2531=CARTESIAN_POINT('Origin',(25.347,4.59999999999999,16.205));
#2532=CARTESIAN_POINT('',(24.747,4.59999999999999,15.205));
#2533=CARTESIAN_POINT('',(24.747,4.59999999999999,12.6025));
#2534=CARTESIAN_POINT('Origin',(25.347,4.59999999999999,15.205));
#2535=CARTESIAN_POINT('Origin',(24.747,17.9,15.205));
#2536=CARTESIAN_POINT('',(24.747,13.2928583347428,16.205));
#2537=CARTESIAN_POINT('',(24.747,14.80075,16.205));
#2538=CARTESIAN_POINT('',(24.747,13.2928583347428,15.205));
#2539=CARTESIAN_POINT('',(24.747,13.2928583347428,10.));
#2540=CARTESIAN_POINT('',(24.747,15.325,15.205));
#2541=CARTESIAN_POINT('Origin',(0.597000000000003,11.7015,16.205));
#2542=CARTESIAN_POINT('',(24.547,19.403,16.205));
#2543=CARTESIAN_POINT('Origin',(24.547,17.95,16.205));
#2544=CARTESIAN_POINT('',(-23.353,19.403,16.205));
#2545=CARTESIAN_POINT('',(-24.806,19.403,16.205));
#2546=CARTESIAN_POINT('',(-24.806,17.95,16.205));
#2547=CARTESIAN_POINT('Origin',(-23.353,17.95,16.205));
#2548=CARTESIAN_POINT('',(-24.806,17.1764274695945,16.205));
#2549=CARTESIAN_POINT('',(-24.806,3.99999999999998,16.205));
#2550=CARTESIAN_POINT('',(-24.2966666666667,16.7303562246621,16.205));
#2551=CARTESIAN_POINT('Origin',(-24.356,17.1764274695945,16.205));
#2552=CARTESIAN_POINT('',(-24.0025,16.7499986111107,16.205));
#2553=CARTESIAN_POINT('Origin',(-24.,14.5,16.205));
#2554=CARTESIAN_POINT('',(-23.553,17.1999983333328,16.205));
#2555=CARTESIAN_POINT('Origin',(-24.003,17.1999983333328,16.205));
#2556=CARTESIAN_POINT('',(-23.553,17.95,16.205));
#2557=CARTESIAN_POINT('',(-23.553,7.85074999999999,16.205));
#2558=CARTESIAN_POINT('',(-23.353,18.15,16.205));
#2559=CARTESIAN_POINT('Origin',(-23.353,17.95,16.205));
#2560=CARTESIAN_POINT('',(24.547,18.15,16.205));
#2561=CARTESIAN_POINT('',(-11.353,18.15,16.205));
#2562=CARTESIAN_POINT('',(24.747,17.95,16.205));
#2563=CARTESIAN_POINT('Origin',(24.547,17.95,16.205));
#2564=CARTESIAN_POINT('',(24.747,15.7071416652572,16.205));
#2565=CARTESIAN_POINT('',(24.747,14.80075,16.205));
#2566=CARTESIAN_POINT('',(24.8801470588235,15.3876041656303,16.205));
#2567=CARTESIAN_POINT('Origin',(25.197,15.7071416652572,16.205));
#2568=CARTESIAN_POINT('',(24.8801470588235,13.6123958343697,16.205));
#2569=CARTESIAN_POINT('Origin',(24.,14.5,16.205));
#2570=CARTESIAN_POINT('Origin',(25.197,13.2928583347428,16.205));
#2571=CARTESIAN_POINT('Origin',(23.597,4.59999999999999,11.9775));
#2572=CARTESIAN_POINT('',(22.997,4.59999999999999,13.955));
#2573=CARTESIAN_POINT('Origin',(23.597,4.59999999999999,13.955));
#2574=CARTESIAN_POINT('',(22.997,4.59999999999999,15.205));
#2575=CARTESIAN_POINT('Origin',(23.597,4.59999999999999,15.205));
#2576=CARTESIAN_POINT('',(22.997,4.59999999999999,11.9775));
#2577=CARTESIAN_POINT('Origin',(22.997,3.99999999999998,13.955));
#2578=CARTESIAN_POINT('',(22.997,12.8924580876382,15.205));
#2579=CARTESIAN_POINT('',(22.997,8.37499999999999,15.205));
#2580=CARTESIAN_POINT('',(22.997,12.8924580876382,13.955));
#2581=CARTESIAN_POINT('',(22.997,12.8924580876382,10.));
#2582=CARTESIAN_POINT('',(22.997,8.37499999999999,13.955));
#2583=CARTESIAN_POINT('Origin',(2.22044604925031E-14,12.75,15.205));
#2584=CARTESIAN_POINT('',(24.8801470588235,13.6123958343697,15.205));
#2585=CARTESIAN_POINT('Origin',(25.197,13.2928583347428,15.205));
#2586=CARTESIAN_POINT('',(23.5933823529412,13.3179838879692,15.205));
#2587=CARTESIAN_POINT('Origin',(24.,14.5,15.205));
#2588=CARTESIAN_POINT('Origin',(23.447,12.8924580876382,15.205));
#2589=CARTESIAN_POINT('Origin',(-22.403,4.59999999999999,11.9775));
#2590=CARTESIAN_POINT('',(-21.803,4.59999999999999,15.205));
#2591=CARTESIAN_POINT('',(-22.403,3.99999999999999,15.205));
#2592=CARTESIAN_POINT('Origin',(-22.403,4.59999999999999,15.205));
#2593=CARTESIAN_POINT('',(-22.403,3.99999999999999,13.955));
#2594=CARTESIAN_POINT('',(-22.403,3.99999999999999,11.9775));
#2595=CARTESIAN_POINT('',(-21.803,4.59999999999999,13.955));
#2596=CARTESIAN_POINT('Origin',(-22.403,4.59999999999999,13.955));
#2597=CARTESIAN_POINT('',(-21.803,4.59999999999999,11.9775));
#2598=CARTESIAN_POINT('Origin',(2.21957868751232E-14,12.75,13.955));
#2599=CARTESIAN_POINT('',(-25.35,3.99999999999999,13.955));
#2600=CARTESIAN_POINT('',(-13.,3.99999999999999,13.955));
#2601=CARTESIAN_POINT('',(-24.75,4.59999999999999,13.955));
#2602=CARTESIAN_POINT('Origin',(-25.35,4.59999999999999,13.955));
#2603=CARTESIAN_POINT('',(-24.75,12.0813226755104,13.955));
#2604=CARTESIAN_POINT('',(-24.75,17.125,13.955));
#2605=CARTESIAN_POINT('',(-25.,12.4844355629254,13.955));
#2606=CARTESIAN_POINT('Origin',(-25.2,12.0813226755104,13.955));
#2607=CARTESIAN_POINT('',(-22.5441666666667,12.7844682149387,13.955));
#2608=CARTESIAN_POINT('Origin',(-24.,14.5,13.955));
#2609=CARTESIAN_POINT('',(-21.803,12.4413618579265,13.955));
#2610=CARTESIAN_POINT('Origin',(-22.253,12.4413618579265,13.955));
#2611=CARTESIAN_POINT('',(-21.803,14.575,13.955));
#2612=CARTESIAN_POINT('Origin',(-26.,3.99999999999999,10.));
#2613=CARTESIAN_POINT('',(-24.153,3.99999999999999,15.205));
#2614=CARTESIAN_POINT('',(-13.,3.99999999999999,15.205));
#2615=CARTESIAN_POINT('',(-24.153,3.99999999999998,16.205));
#2616=CARTESIAN_POINT('',(-24.153,3.99999999999999,12.6025));
#2617=CARTESIAN_POINT('',(-24.206,3.99999999999998,16.205));
#2618=CARTESIAN_POINT('',(-23.303,3.99999999999998,16.205));
#2619=CARTESIAN_POINT('',(-24.206,3.99999999999999,15.205));
#2620=CARTESIAN_POINT('',(-24.206,3.99999999999999,12.6025));
#2621=CARTESIAN_POINT('',(-25.4,3.99999999999999,15.205));
#2622=CARTESIAN_POINT('',(-13.,3.99999999999999,15.205));
#2623=CARTESIAN_POINT('',(-25.4,3.99999999999999,10.));
#2624=CARTESIAN_POINT('',(-25.35,3.99999999999999,10.));
#2625=CARTESIAN_POINT('Origin',(-25.35,4.59999999999999,10.));
#2626=CARTESIAN_POINT('',(-24.75,4.59999999999999,10.));
#2627=CARTESIAN_POINT('Origin',(-24.75,21.5,10.));
#2628=CARTESIAN_POINT('',(-24.75,9.99999617537234,11.25));
#2629=CARTESIAN_POINT('',(-24.75,9.99999617537234,10.625));
#2630=CARTESIAN_POINT('',(-24.75,12.0813226755104,11.25));
#2631=CARTESIAN_POINT('',(-24.75,17.9999990438431,11.25));
#2632=CARTESIAN_POINT('',(-24.75,12.0813226755104,11.25));
#2633=CARTESIAN_POINT('Origin',(-25.4,4.59999999999999,10.));
#2634=CARTESIAN_POINT('',(-26.,4.59999999999999,15.205));
#2635=CARTESIAN_POINT('Origin',(-25.4,4.59999999999999,15.205));
#2636=CARTESIAN_POINT('',(-26.,4.59999999999999,10.));
#2637=CARTESIAN_POINT('Origin',(-26.,21.5,10.));
#2638=CARTESIAN_POINT('',(-26.,12.2892309030566,15.205));
#2639=CARTESIAN_POINT('',(-26.,17.125,15.205));
#2640=CARTESIAN_POINT('',(-26.,12.2892309030566,11.25));
#2641=CARTESIAN_POINT('',(-26.,12.2892309030566,11.25));
#2642=CARTESIAN_POINT('',(-26.,16.7107690969434,11.25));
#2643=CARTESIAN_POINT('',(-26.,18.,11.25));
#2644=CARTESIAN_POINT('',(-26.,16.7107690969434,15.205));
#2645=CARTESIAN_POINT('',(-26.,16.7107690969434,11.25));
#2646=CARTESIAN_POINT('',(-26.,19.,15.205));
#2647=CARTESIAN_POINT('',(-26.,17.125,15.205));
#2648=CARTESIAN_POINT('',(-26.,19.,10.));
#2649=CARTESIAN_POINT('Origin',(-24.206,4.59999999999999,12.6025));
#2650=CARTESIAN_POINT('',(-24.806,4.59999999999999,16.205));
#2651=CARTESIAN_POINT('Origin',(-24.206,4.59999999999999,16.205));
#2652=CARTESIAN_POINT('',(-24.806,4.59999999999999,15.205));
#2653=CARTESIAN_POINT('',(-24.806,4.59999999999999,12.6025));
#2654=CARTESIAN_POINT('Origin',(-24.206,4.59999999999999,15.205));
#2655=CARTESIAN_POINT('Origin',(0.597000000000003,11.7015,16.205));
#2656=CARTESIAN_POINT('',(-23.553,4.59999999999999,16.205));
#2657=CARTESIAN_POINT('Origin',(-24.153,4.59999999999999,16.205));
#2658=CARTESIAN_POINT('',(-23.553,11.8000016666672,16.205));
#2659=CARTESIAN_POINT('',(-23.553,7.85074999999999,16.205));
#2660=CARTESIAN_POINT('',(-24.0025,12.2500013888893,16.205));
#2661=CARTESIAN_POINT('Origin',(-24.003,11.8000016666672,16.205));
#2662=CARTESIAN_POINT('',(-24.2966666666667,12.2696437753379,16.205));
#2663=CARTESIAN_POINT('Origin',(-24.,14.5,16.205));
#2664=CARTESIAN_POINT('',(-24.806,11.8235725304055,16.205));
#2665=CARTESIAN_POINT('Origin',(-24.356,11.8235725304055,16.205));
#2666=CARTESIAN_POINT('',(-24.806,3.99999999999998,16.205));
#2667=CARTESIAN_POINT('Origin',(-24.153,4.59999999999999,12.6025));
#2668=CARTESIAN_POINT('',(-23.553,4.59999999999999,15.205));
#2669=CARTESIAN_POINT('Origin',(-24.153,4.59999999999999,15.205));
#2670=CARTESIAN_POINT('',(-23.553,4.59999999999999,12.6025));
#2671=CARTESIAN_POINT('Origin',(25.2,13.2958405421208,10.));
#2672=CARTESIAN_POINT('',(24.8823529411765,13.6145886339123,11.25));
#2673=CARTESIAN_POINT('',(24.75,13.2958405421208,11.25));
#2674=CARTESIAN_POINT('Origin',(25.2,13.2958405421208,11.25));
#2675=CARTESIAN_POINT('',(24.75,13.2958405421208,13.955));
#2676=CARTESIAN_POINT('',(24.75,13.2958405421208,10.));
#2677=CARTESIAN_POINT('',(24.8823529411765,13.6145886339123,13.955));
#2678=CARTESIAN_POINT('Origin',(25.2,13.2958405421208,13.955));
#2679=CARTESIAN_POINT('',(24.8823529411765,13.6145886339123,10.));
#2680=CARTESIAN_POINT('Origin',(24.75,3.99999999999998,10.));
#2681=CARTESIAN_POINT('',(24.75,8.37500000000002,13.955));
#2682=CARTESIAN_POINT('',(24.75,9.99999617537234,11.25));
#2683=CARTESIAN_POINT('',(24.75,9.24999904384308,11.25));
#2684=CARTESIAN_POINT('',(24.75,9.99999617537234,10.625));
#2685=CARTESIAN_POINT('Origin',(25.2,15.7041594578792,10.));
#2686=CARTESIAN_POINT('',(24.8823529411765,15.3854113660877,13.955));
#2687=CARTESIAN_POINT('',(24.75,15.7041594578792,13.955));
#2688=CARTESIAN_POINT('Origin',(25.2,15.7041594578792,13.955));
#2689=CARTESIAN_POINT('',(24.75,15.7041594578792,11.25));
#2690=CARTESIAN_POINT('',(24.75,15.7041594578792,10.));
#2691=CARTESIAN_POINT('',(24.8823529411765,15.3854113660877,11.25));
#2692=CARTESIAN_POINT('Origin',(25.2,15.7041594578792,11.25));
#2693=CARTESIAN_POINT('',(24.8823529411765,15.3854113660877,10.));
#2694=CARTESIAN_POINT('Origin',(24.75,3.99999999999998,10.));
#2695=CARTESIAN_POINT('',(24.75,19.,13.955));
#2696=CARTESIAN_POINT('',(24.75,8.37500000000002,13.955));
#2697=CARTESIAN_POINT('',(24.75,19.,11.25));
#2698=CARTESIAN_POINT('',(24.75,19.,10.));
#2699=CARTESIAN_POINT('',(24.75,9.24999904384308,11.25));
#2700=CARTESIAN_POINT('Origin',(-25.2,16.9186773244896,11.25));
#2701=CARTESIAN_POINT('',(-24.75,16.9186773244896,13.955));
#2702=CARTESIAN_POINT('',(-25.,16.5155644370746,13.955));
#2703=CARTESIAN_POINT('Origin',(-25.2,16.9186773244896,13.955));
#2704=CARTESIAN_POINT('',(-25.,16.5155644370746,11.25));
#2705=CARTESIAN_POINT('',(-25.,16.5155644370746,11.25));
#2706=CARTESIAN_POINT('',(-24.75,16.9186773244896,11.25));
#2707=CARTESIAN_POINT('Origin',(-25.2,16.9186773244896,11.25));
#2708=CARTESIAN_POINT('',(-24.75,16.9186773244896,11.25));
#2709=CARTESIAN_POINT('Origin',(-24.,14.5,11.25));
#2710=CARTESIAN_POINT('',(-22.5256679125528,16.1996602295528,13.955));
#2711=CARTESIAN_POINT('Origin',(-24.,14.5,13.955));
#2712=CARTESIAN_POINT('',(-22.5256679125528,16.1996602295528,15.205));
#2713=CARTESIAN_POINT('',(-22.5256679125528,16.1996602295528,13.955));
#2714=CARTESIAN_POINT('',(-24.0025,16.7499986111107,15.205));
#2715=CARTESIAN_POINT('Origin',(-24.,14.5,15.205));
#2716=CARTESIAN_POINT('',(-24.0025,16.7499986111107,11.25));
#2717=CARTESIAN_POINT('',(-24.2966666666667,16.7303562246621,15.205));
#2718=CARTESIAN_POINT('',(-24.2966666666667,16.7303562246621,11.25));
#2719=CARTESIAN_POINT('',(-25.2916666666667,16.3423075807862,15.205));
#2720=CARTESIAN_POINT('Origin',(-24.,14.5,15.205));
#2721=CARTESIAN_POINT('',(-25.2916666666667,16.3423075807862,11.25));
#2722=CARTESIAN_POINT('',(-25.2916666666667,16.3423075807862,11.25));
#2723=CARTESIAN_POINT('Origin',(-24.,14.5,11.25));
#2724=CARTESIAN_POINT('Origin',(-25.2,12.0813226755104,11.25));
#2725=CARTESIAN_POINT('',(-25.,12.4844355629254,11.25));
#2726=CARTESIAN_POINT('Origin',(-25.2,12.0813226755104,11.25));
#2727=CARTESIAN_POINT('',(-25.,12.4844355629254,11.25));
#2728=CARTESIAN_POINT('Origin',(-22.253,12.4413618579265,11.25));
#2729=CARTESIAN_POINT('',(-22.5441666666667,12.7844682149387,15.205));
#2730=CARTESIAN_POINT('',(-21.803,12.4413618579265,15.205));
#2731=CARTESIAN_POINT('Origin',(-22.253,12.4413618579265,15.205));
#2732=CARTESIAN_POINT('',(-21.803,12.4413618579265,11.25));
#2733=CARTESIAN_POINT('',(-22.5441666666667,12.7844682149387,11.25));
#2734=CARTESIAN_POINT('Origin',(2.22044604925031E-14,12.75,15.205));
#2735=CARTESIAN_POINT('',(-21.803,14.575,15.205));
#2736=CARTESIAN_POINT('',(-24.0025,12.2500013888893,15.205));
#2737=CARTESIAN_POINT('Origin',(-24.,14.5,15.205));
#2738=CARTESIAN_POINT('',(-23.553,11.8000016666672,15.205));
#2739=CARTESIAN_POINT('Origin',(-24.003,11.8000016666672,15.205));
#2740=CARTESIAN_POINT('',(-23.553,8.37499999999998,15.205));
#2741=CARTESIAN_POINT('Origin',(-24.,14.5,11.25));
#2742=CARTESIAN_POINT('',(-25.2916666666667,12.6576924192138,11.25));
#2743=CARTESIAN_POINT('Origin',(-24.,14.5,11.25));
#2744=CARTESIAN_POINT('',(-25.2916666666667,12.6576924192138,15.205));
#2745=CARTESIAN_POINT('',(-25.2916666666667,12.6576924192138,11.25));
#2746=CARTESIAN_POINT('',(-24.2966666666667,12.2696437753379,15.205));
#2747=CARTESIAN_POINT('Origin',(-24.,14.5,15.205));
#2748=CARTESIAN_POINT('',(-24.2966666666667,12.2696437753379,11.25));
#2749=CARTESIAN_POINT('',(-24.0025,12.2500013888893,11.25));
#2750=CARTESIAN_POINT('Origin',(-25.55,12.2892309030566,11.25));
#2751=CARTESIAN_POINT('Origin',(-25.55,12.2892309030566,15.205));
#2752=CARTESIAN_POINT('Origin',(-25.55,12.2892309030566,11.25));
#2753=CARTESIAN_POINT('Origin',(-22.2308014950633,16.5395922754634,13.955));
#2754=CARTESIAN_POINT('Origin',(-22.2308014950633,16.5395922754634,15.205));
#2755=CARTESIAN_POINT('Origin',(-22.2308014950633,16.5395922754634,13.955));
#2756=CARTESIAN_POINT('Origin',(2.21957868751232E-14,12.75,13.955));
#2757=CARTESIAN_POINT('',(-24.75,19.,13.955));
#2758=CARTESIAN_POINT('',(-24.75,17.125,13.955));
#2759=CARTESIAN_POINT('',(-23.5,20.25,13.955));
#2760=CARTESIAN_POINT('Origin',(-23.5,19.,13.955));
#2761=CARTESIAN_POINT('',(23.5,20.25,13.955));
#2762=CARTESIAN_POINT('',(13.,20.25,13.955));
#2763=CARTESIAN_POINT('Origin',(23.5,19.,13.955));
#2764=CARTESIAN_POINT('',(23.5933823529412,15.6820161120308,13.955));
#2765=CARTESIAN_POINT('Origin',(24.,14.5,13.955));
#2766=CARTESIAN_POINT('Origin',(23.447,16.1075419123618,13.955));
#2767=CARTESIAN_POINT('Origin',(-25.55,16.7107690969434,11.25));
#2768=CARTESIAN_POINT('Origin',(-25.55,16.7107690969434,15.205));
#2769=CARTESIAN_POINT('Origin',(-25.55,16.7107690969434,11.25));
#2770=CARTESIAN_POINT('Origin',(2.22044604925031E-14,12.75,15.205));
#2771=CARTESIAN_POINT('',(-24.806,17.1764274695945,15.205));
#2772=CARTESIAN_POINT('Origin',(-24.356,17.1764274695945,15.205));
#2773=CARTESIAN_POINT('',(-24.806,17.95,15.205));
#2774=CARTESIAN_POINT('',(-24.806,16.0765,15.205));
#2775=CARTESIAN_POINT('',(-23.353,19.403,15.205));
#2776=CARTESIAN_POINT('Origin',(-23.353,17.95,15.205));
#2777=CARTESIAN_POINT('',(24.547,19.403,15.205));
#2778=CARTESIAN_POINT('',(13.,19.403,15.205));
#2779=CARTESIAN_POINT('Origin',(24.547,17.95,15.205));
#2780=CARTESIAN_POINT('',(23.5,21.5,15.205));
#2781=CARTESIAN_POINT('Origin',(23.5,19.,15.205));
#2782=CARTESIAN_POINT('',(-23.5,21.5,15.205));
#2783=CARTESIAN_POINT('',(13.,21.5,15.205));
#2784=CARTESIAN_POINT('Origin',(-23.5,19.,15.205));
#2785=CARTESIAN_POINT('Origin',(25.197,15.7071416652572,10.));
#2786=CARTESIAN_POINT('',(24.747,15.7071416652572,15.205));
#2787=CARTESIAN_POINT('',(24.747,15.7071416652572,10.));
#2788=CARTESIAN_POINT('',(24.8801470588235,15.3876041656303,15.205));
#2789=CARTESIAN_POINT('Origin',(25.197,15.7071416652572,15.205));
#2790=CARTESIAN_POINT('',(24.8801470588235,15.3876041656303,10.));
#2791=CARTESIAN_POINT('Origin',(24.,14.5,10.));
#2792=CARTESIAN_POINT('',(22.75,14.5,11.25));
#2793=CARTESIAN_POINT('',(22.75,14.5,10.));
#2794=CARTESIAN_POINT('Origin',(24.,14.5,11.25));
#2795=CARTESIAN_POINT('',(23.5933823529412,13.3179838879692,13.955));
#2796=CARTESIAN_POINT('Origin',(24.,14.5,13.955));
#2797=CARTESIAN_POINT('',(23.5933823529412,13.3179838879692,10.));
#2798=CARTESIAN_POINT('',(24.8801470588235,13.6123958343697,10.));
#2799=CARTESIAN_POINT('',(23.5933823529412,15.6820161120308,15.205));
#2800=CARTESIAN_POINT('Origin',(24.,14.5,15.205));
#2801=CARTESIAN_POINT('',(23.5933823529412,15.6820161120308,10.));
#2802=CARTESIAN_POINT('Origin',(24.,14.5,11.25));
#2803=CARTESIAN_POINT('Origin',(25.197,13.2928583347428,10.));
#2804=CARTESIAN_POINT('Origin',(23.447,12.8924580876382,10.));
#2805=CARTESIAN_POINT('Origin',(23.447,12.8924580876382,13.955));
#2806=CARTESIAN_POINT('Origin',(23.447,16.1075419123618,10.));
#2807=CARTESIAN_POINT('Origin',(23.447,16.1075419123618,15.205));
#2808=CARTESIAN_POINT('Origin',(-24.003,17.1999983333328,11.25));
#2809=CARTESIAN_POINT('',(-23.553,17.1999983333328,15.205));
#2810=CARTESIAN_POINT('Origin',(-24.003,17.1999983333328,15.205));
#2811=CARTESIAN_POINT('',(-23.553,17.1999983333328,11.25));
#2812=CARTESIAN_POINT('Origin',(-24.356,17.1764274695945,11.25));
#2813=CARTESIAN_POINT('',(-24.806,17.1764274695945,11.25));
#2814=CARTESIAN_POINT('Origin',(-24.806,19.403,15.205));
#2815=CARTESIAN_POINT('',(-24.806,17.95,15.205));
#2816=CARTESIAN_POINT('Origin',(-24.003,11.8000016666672,11.25));
#2817=CARTESIAN_POINT('',(-23.553,11.8000016666672,11.25));
#2818=CARTESIAN_POINT('Origin',(-24.356,11.8235725304055,11.25));
#2819=CARTESIAN_POINT('',(-24.806,11.8235725304055,15.205));
#2820=CARTESIAN_POINT('Origin',(-24.356,11.8235725304055,15.205));
#2821=CARTESIAN_POINT('',(-24.806,11.8235725304055,11.25));
#2822=CARTESIAN_POINT('Origin',(-24.806,19.403,15.205));
#2823=CARTESIAN_POINT('',(-24.806,16.0765,15.205));
#2824=CARTESIAN_POINT('Origin',(23.5,19.,10.));
#2825=CARTESIAN_POINT('',(23.5,21.5,10.));
#2826=CARTESIAN_POINT('Origin',(26.,21.5,10.));
#2827=CARTESIAN_POINT('',(-23.5,21.5,10.));
#2828=CARTESIAN_POINT('Origin',(-23.5,19.,10.));
#2829=CARTESIAN_POINT('Origin',(-23.353,17.95,15.205));
#2830=CARTESIAN_POINT('',(-23.353,19.403,15.205));
#2831=CARTESIAN_POINT('Origin',(26.,19.403,15.205));
#2832=CARTESIAN_POINT('',(24.547,19.403,12.6025));
#2833=CARTESIAN_POINT('Origin',(24.547,17.95,12.6025));
#2834=CARTESIAN_POINT('Origin',(24.547,17.95,15.205));
#2835=CARTESIAN_POINT('',(24.747,17.95,15.205));
#2836=CARTESIAN_POINT('',(24.547,18.15,15.205));
#2837=CARTESIAN_POINT('Origin',(24.547,17.95,15.205));
#2838=CARTESIAN_POINT('',(24.747,17.95,15.205));
#2839=CARTESIAN_POINT('',(24.547,18.15,15.205));
#2840=CARTESIAN_POINT('Origin',(2.22044604925031E-14,12.75,15.205));
#2841=CARTESIAN_POINT('',(24.747,15.325,15.205));
#2842=CARTESIAN_POINT('',(-23.353,18.15,15.205));
#2843=CARTESIAN_POINT('',(-11.6515,18.15,15.205));
#2844=CARTESIAN_POINT('',(-23.553,17.95,15.205));
#2845=CARTESIAN_POINT('Origin',(-23.353,17.95,15.205));
#2846=CARTESIAN_POINT('',(-23.553,8.37499999999998,15.205));
#2847=CARTESIAN_POINT('Origin',(-23.303,18.15,15.205));
#2848=CARTESIAN_POINT('',(-23.353,18.15,15.205));
#2849=CARTESIAN_POINT('Origin',(-23.353,17.95,15.205));
#2850=CARTESIAN_POINT('',(-23.553,17.95,15.205));
#2851=CARTESIAN_POINT('Origin',(23.5,9.99999617537234,10.625));
#2852=CARTESIAN_POINT('',(23.5,11.2499961753723,11.25));
#2853=CARTESIAN_POINT('Origin',(23.5,9.99999617537234,11.25));
#2854=CARTESIAN_POINT('',(23.5,11.2499961753723,10.625));
#2855=CARTESIAN_POINT('Origin',(20.7500000000009,11.2499961753723,11.25));
#2856=CARTESIAN_POINT('',(22.0000000000009,11.2499961753723,11.25));
#2857=CARTESIAN_POINT('',(24.75,11.2499961753723,11.25));
#2858=CARTESIAN_POINT('',(22.0000000000009,11.2499961753723,11.25));
#2859=CARTESIAN_POINT('Origin',(22.0000000000009,12.4999961753723,11.25));
#2860=CARTESIAN_POINT('',(20.7500000000009,12.4999961753723,11.25));
#2861=CARTESIAN_POINT('Origin',(22.0000000000009,12.4999961753723,11.25));
#2862=CARTESIAN_POINT('',(20.7500000000009,12.4999961753723,11.25));
#2863=CARTESIAN_POINT('Origin',(22.0000000000009,16.5,11.25));
#2864=CARTESIAN_POINT('',(20.7500000000009,16.5,11.25));
#2865=CARTESIAN_POINT('',(20.7500000000009,16.5,11.25));
#2866=CARTESIAN_POINT('',(22.0000000000009,17.75,11.25));
#2867=CARTESIAN_POINT('Origin',(22.0000000000009,16.5,11.25));
#2868=CARTESIAN_POINT('',(22.0000000000009,17.75,11.25));
#2869=CARTESIAN_POINT('Origin',(24.75,17.75,11.25));
#2870=CARTESIAN_POINT('',(23.5,17.75,11.25));
#2871=CARTESIAN_POINT('',(20.7500000000009,17.75,11.25));
#2872=CARTESIAN_POINT('',(23.5,17.75,10.625));
#2873=CARTESIAN_POINT('Origin',(23.5,19.,10.625));
#2874=CARTESIAN_POINT('Origin',(23.5,19.,11.25));
#2875=CARTESIAN_POINT('',(23.5,20.25,10.));
#2876=CARTESIAN_POINT('Origin',(-24.75,21.5,10.));
#2877=CARTESIAN_POINT('',(-24.75,19.,11.25));
#2878=CARTESIAN_POINT('',(-24.75,17.9999990438431,11.25));
#2879=CARTESIAN_POINT('',(-24.75,19.,10.));
#2880=CARTESIAN_POINT('Origin',(-23.5,19.,10.625));
#2881=CARTESIAN_POINT('',(-23.5,17.75,11.25));
#2882=CARTESIAN_POINT('Origin',(-23.5,19.,11.25));
#2883=CARTESIAN_POINT('',(-23.5,17.75,10.625));
#2884=CARTESIAN_POINT('',(-23.5,20.25,10.));
#2885=CARTESIAN_POINT('Origin',(-24.75,17.75,11.25));
#2886=CARTESIAN_POINT('',(-22.0000000000009,17.75,11.25));
#2887=CARTESIAN_POINT('',(-20.7500000000009,17.75,11.25));
#2888=CARTESIAN_POINT('',(-22.0000000000009,17.75,11.25));
#2889=CARTESIAN_POINT('Origin',(-22.0000000000009,16.5,11.25));
#2890=CARTESIAN_POINT('',(-20.7500000000009,16.5,11.25));
#2891=CARTESIAN_POINT('Origin',(-22.0000000000009,16.5,11.25));
#2892=CARTESIAN_POINT('',(-20.7500000000009,16.5,11.25));
#2893=CARTESIAN_POINT('Origin',(-20.7500000000009,17.75,11.25));
#2894=CARTESIAN_POINT('',(-20.7500000000009,12.4999961753723,11.25));
#2895=CARTESIAN_POINT('',(-20.7500000000009,11.2499961753723,11.25));
#2896=CARTESIAN_POINT('',(-20.7500000000009,12.4999961753723,11.25));
#2897=CARTESIAN_POINT('Origin',(-22.7500000000005,14.4999980876862,11.25));
#2898=CARTESIAN_POINT('',(-23.5,11.2499961753723,11.25));
#2899=CARTESIAN_POINT('Origin',(-23.5,9.99999617537234,11.25));
#2900=CARTESIAN_POINT('',(-22.0000000000009,11.2499961753723,11.25));
#2901=CARTESIAN_POINT('',(-24.75,11.2499961753723,11.25));
#2902=CARTESIAN_POINT('Origin',(-22.0000000000009,12.4999961753723,11.25));
#2903=CARTESIAN_POINT('',(-22.75,14.5,11.25));
#2904=CARTESIAN_POINT('Origin',(-24.,14.5,11.25));
#2905=CARTESIAN_POINT('Origin',(-23.5,9.99999617537234,10.625));
#2906=CARTESIAN_POINT('',(-23.5,11.2499961753723,10.625));
#2907=CARTESIAN_POINT('Origin',(-22.0000000000009,12.4999961753723,11.25));
#2908=CARTESIAN_POINT('',(-22.0000000000009,11.2499961753723,11.25));
#2909=CARTESIAN_POINT('Origin',(-23.553,3.99999999999998,15.205));
#2910=CARTESIAN_POINT('Origin',(2.22044604925031E-14,12.75,15.205));
#2911=CARTESIAN_POINT('Origin',(-21.803,16.4,13.955));
#2912=CARTESIAN_POINT('Origin',(2.21957868751232E-14,12.75,13.955));
#2913=CARTESIAN_POINT('Origin',(20.7500000000009,17.75,11.25));
#2914=CARTESIAN_POINT('',(20.7500000000009,11.2499961753723,11.25));
#2915=CARTESIAN_POINT('Origin',(22.7500000000005,14.4999980876862,11.25));
#2916=CARTESIAN_POINT('Origin',(-20.7500000000009,11.2499961753723,11.25));
#2917=CARTESIAN_POINT('Origin',(-24.,14.5,10.));
#2918=CARTESIAN_POINT('',(-22.75,14.5,10.));
#2919=CARTESIAN_POINT('Origin',(24.747,17.9,15.205));
#2920=CARTESIAN_POINT('Origin',(-23.553,3.99999999999998,15.205));
#2921=CARTESIAN_POINT('Origin',(26.,20.25,10.));
#2922=UNCERTAINTY_MEASURE_WITH_UNIT(LENGTH_MEASURE(0.01),#2926,
'DISTANCE_ACCURACY_VALUE',
'Maximum model space distance between geometric entities at asserted c
onnectivities');
#2923=UNCERTAINTY_MEASURE_WITH_UNIT(LENGTH_MEASURE(0.01),#2926,
'DISTANCE_ACCURACY_VALUE',
'Maximum model space distance between geometric entities at asserted c
onnectivities');
#2924=(
GEOMETRIC_REPRESENTATION_CONTEXT(3)
GLOBAL_UNCERTAINTY_ASSIGNED_CONTEXT((#2922))
GLOBAL_UNIT_ASSIGNED_CONTEXT((#2926,#2928,#2929))
REPRESENTATION_CONTEXT('','3D')
);
#2925=(
GEOMETRIC_REPRESENTATION_CONTEXT(3)
GLOBAL_UNCERTAINTY_ASSIGNED_CONTEXT((#2923))
GLOBAL_UNIT_ASSIGNED_CONTEXT((#2926,#2928,#2929))
REPRESENTATION_CONTEXT('','3D')
);
#2926=(
LENGTH_UNIT()
NAMED_UNIT(*)
SI_UNIT(.MILLI.,.METRE.)
);
#2927=(
LENGTH_UNIT()
NAMED_UNIT(*)
SI_UNIT($,.METRE.)
);
#2928=(
NAMED_UNIT(*)
PLANE_ANGLE_UNIT()
SI_UNIT($,.RADIAN.)
);
#2929=(
NAMED_UNIT(*)
SI_UNIT($,.STERADIAN.)
SOLID_ANGLE_UNIT()
);
#2930=SHAPE_DEFINITION_REPRESENTATION(#2931,#2932);
#2931=PRODUCT_DEFINITION_SHAPE('',$,#2934);
#2932=SHAPE_REPRESENTATION('',(#1698),#2924);
#2933=PRODUCT_DEFINITION_CONTEXT('part definition',#2938,'design');
#2934=PRODUCT_DEFINITION('Battery Retainer','Battery Retainer',#2935,#2933);
#2935=PRODUCT_DEFINITION_FORMATION('',$,#2940);
#2936=PRODUCT_RELATED_PRODUCT_CATEGORY('Battery Retainer',
'Battery Retainer',(#2940));
#2937=APPLICATION_PROTOCOL_DEFINITION('international standard',
'automotive_design',2009,#2938);
#2938=APPLICATION_CONTEXT(
'Core Data for Automotive Mechanical Design Process');
#2939=PRODUCT_CONTEXT('part definition',#2938,'mechanical');
#2940=PRODUCT('Battery Retainer','Battery Retainer',$,(#2939));
#2941=PRESENTATION_STYLE_ASSIGNMENT((#2942));
#2942=SURFACE_STYLE_USAGE(.BOTH.,#2943);
#2943=SURFACE_SIDE_STYLE('',(#2944));
#2944=SURFACE_STYLE_FILL_AREA(#2945);
#2945=FILL_AREA_STYLE('Steel - Satin',(#2946));
#2946=FILL_AREA_STYLE_COLOUR('Steel - Satin',#2947);
#2947=COLOUR_RGB('Steel - Satin',0.627450980392157,0.627450980392157,0.627450980392157);
ENDSEC;
END-ISO-10303-21;
