ISO-10303-21;
HEADER;
/* Generated by software containing ST-Developer
 * from STEP Tools, Inc. (www.steptools.com) 
 */

FILE_DESCRIPTION(
/* description */ (''),
/* implementation_level */ '2;1');

FILE_NAME(
/* name */ 'Core Plate.step',
/* time_stamp */ '2026-06-21T02:03:40+03:00',
/* author */ (''),
/* organization */ (''),
/* preprocessor_version */ 'ST-DEVELOPER v20.1',
/* originating_system */ 'Autodesk Translation Framework v15.8.0.0',
/* authorisation */ '');

FILE_SCHEMA (('AUTOMOTIVE_DESIGN { 1 0 10303 214 3 1 1 }'));
ENDSEC;

DATA;
#10=MECHANICAL_DESIGN_GEOMETRIC_PRESENTATION_REPRESENTATION('',(#13),#3885);
#11=SHAPE_REPRESENTATION_RELATIONSHIP('SRR','None',#3892,#12);
#12=ADVANCED_BREP_SHAPE_REPRESENTATION('',(#14),#3884);
#13=STYLED_ITEM('',(#3901),#14);
#14=MANIFOLD_SOLID_BREP('Body1',#2105);
#15=ELLIPSE('',#2140,4.24264068711928,3.);
#16=ELLIPSE('',#2141,4.24264068711928,3.);
#17=ELLIPSE('',#2149,4.24264068711928,3.);
#18=ELLIPSE('',#2150,4.24264068711928,3.);
#19=ELLIPSE('',#2152,4.24264068711928,3.);
#20=ELLIPSE('',#2153,4.24264068711928,3.);
#21=ELLIPSE('',#2183,4.24264068711928,3.);
#22=ELLIPSE('',#2184,4.24264068711928,3.);
#23=ELLIPSE('',#2186,4.24264068711928,3.);
#24=ELLIPSE('',#2187,4.24264068711928,3.);
#25=ELLIPSE('',#2189,4.24264068711928,3.);
#26=ELLIPSE('',#2209,4.24264068711928,3.);
#27=ELLIPSE('',#2210,4.24264068711928,3.);
#28=ELLIPSE('',#2218,4.24264068711928,3.);
#29=ELLIPSE('',#2219,4.24264068711928,3.);
#30=ELLIPSE('',#2221,4.24264068711928,3.);
#31=ELLIPSE('',#2222,4.24264068711928,3.);
#32=ELLIPSE('',#2237,4.24264068711928,3.);
#33=ELLIPSE('',#2238,4.24264068711928,3.);
#34=ELLIPSE('',#2240,4.24264068711928,3.);
#35=ELLIPSE('',#2241,4.24264068711928,3.);
#36=ELLIPSE('',#2243,4.24264068711928,3.);
#37=CYLINDRICAL_SURFACE('',#2135,10.);
#38=CYLINDRICAL_SURFACE('',#2142,1.5);
#39=CYLINDRICAL_SURFACE('',#2146,3.);
#40=CYLINDRICAL_SURFACE('',#2154,1.49999999999999);
#41=CYLINDRICAL_SURFACE('',#2158,3.);
#42=CYLINDRICAL_SURFACE('',#2161,3.);
#43=CYLINDRICAL_SURFACE('',#2164,3.);
#44=CYLINDRICAL_SURFACE('',#2197,1.5);
#45=CYLINDRICAL_SURFACE('',#2200,1.49999999999999);
#46=CYLINDRICAL_SURFACE('',#2203,3.);
#47=CYLINDRICAL_SURFACE('',#2204,10.);
#48=CYLINDRICAL_SURFACE('',#2211,1.5);
#49=CYLINDRICAL_SURFACE('',#2215,3.);
#50=CYLINDRICAL_SURFACE('',#2223,1.49999999999999);
#51=CYLINDRICAL_SURFACE('',#2227,3.);
#52=CYLINDRICAL_SURFACE('',#2229,3.);
#53=CYLINDRICAL_SURFACE('',#2232,3.);
#54=CYLINDRICAL_SURFACE('',#2245,1.5);
#55=CYLINDRICAL_SURFACE('',#2249,1.49999999999999);
#56=CYLINDRICAL_SURFACE('',#2253,3.);
#57=CYLINDRICAL_SURFACE('',#2260,3.);
#58=CYLINDRICAL_SURFACE('',#2263,10.);
#59=CYLINDRICAL_SURFACE('',#2266,1.5);
#60=CYLINDRICAL_SURFACE('',#2278,1.5);
#61=CYLINDRICAL_SURFACE('',#2281,1.5);
#62=CYLINDRICAL_SURFACE('',#2282,1.5);
#63=CYLINDRICAL_SURFACE('',#2283,1.5);
#64=CYLINDRICAL_SURFACE('',#2286,1.5);
#65=CYLINDRICAL_SURFACE('',#2289,1.5);
#66=CYLINDRICAL_SURFACE('',#2292,10.);
#67=CYLINDRICAL_SURFACE('',#2293,1.5);
#68=CYLINDRICAL_SURFACE('',#2303,10.);
#69=CONICAL_SURFACE('',#2133,2.,0.321750554396642);
#70=CONICAL_SURFACE('',#2137,2.,0.321750554396642);
#71=CONICAL_SURFACE('',#2190,8.50005,0.785398163397448);
#72=CONICAL_SURFACE('',#2244,8.50005,0.785398163397448);
#73=B_SPLINE_SURFACE_WITH_KNOTS('',3,3,((#2955,#2956,#2957,#2958,#2959,
#2960,#2961,#2962,#2963),(#2964,#2965,#2966,#2967,#2968,#2969,#2970,#2971,
#2972),(#2973,#2974,#2975,#2976,#2977,#2978,#2979,#2980,#2981),(#2982,#2983,
#2984,#2985,#2986,#2987,#2988,#2989,#2990)),.UNSPECIFIED.,.F.,.F.,.F.,(4,
4),(4,1,2,2,4),(0.,1.),(0.61474862596663,0.641030888444262,0.680454282160711,
0.737792941647028,0.746433659809302),.UNSPECIFIED.);
#74=B_SPLINE_SURFACE_WITH_KNOTS('',3,3,((#3014,#3015,#3016,#3017,#3018,
#3019,#3020,#3021,#3022,#3023),(#3024,#3025,#3026,#3027,#3028,#3029,#3030,
#3031,#3032,#3033),(#3034,#3035,#3036,#3037,#3038,#3039,#3040,#3041,#3042,
#3043),(#3044,#3045,#3046,#3047,#3048,#3049,#3050,#3051,#3052,#3053)),
 .UNSPECIFIED.,.F.,.F.,.F.,(4,4),(4,2,2,2,4),(0.,1.),(-0.110013722198889,
-0.0563175003221015,0.,0.0563175003221014,0.110013722198888),
 .UNSPECIFIED.);
#75=B_SPLINE_SURFACE_WITH_KNOTS('',3,3,((#3080,#3081,#3082,#3083,#3084,
#3085,#3086,#3087),(#3088,#3089,#3090,#3091,#3092,#3093,#3094,#3095),(#3096,
#3097,#3098,#3099,#3100,#3101,#3102,#3103),(#3104,#3105,#3106,#3107,#3108,
#3109,#3110,#3111)),.UNSPECIFIED.,.F.,.F.,.F.,(4,4),(4,2,1,1,4),(0.,1.),
(0.161944066319844,0.170584784482118,0.219802510754277,0.256715805458397,
0.293629100162516),.UNSPECIFIED.);
#76=B_SPLINE_SURFACE_WITH_KNOTS('',3,3,((#3133,#3134,#3135,#3136),(#3137,
#3138,#3139,#3140),(#3141,#3142,#3143,#3144),(#3145,#3146,#3147,#3148)),
 .UNSPECIFIED.,.F.,.F.,.F.,(4,4),(4,4),(0.,1.),(0.110169988642504,0.161944066319844),
 .UNSPECIFIED.);
#77=B_SPLINE_SURFACE_WITH_KNOTS('',3,3,((#3163,#3164,#3165,#3166),(#3167,
#3168,#3169,#3170),(#3171,#3172,#3173,#3174),(#3175,#3176,#3177,#3178)),
 .UNSPECIFIED.,.F.,.F.,.F.,(4,4),(4,4),(0.,1.),(0.293629100162489,0.346986171965022),
 .UNSPECIFIED.);
#78=B_SPLINE_SURFACE_WITH_KNOTS('',3,3,((#3183,#3184,#3185,#3186,#3187,
#3188),(#3189,#3190,#3191,#3192,#3193,#3194),(#3195,#3196,#3197,#3198,#3199,
#3200),(#3201,#3202,#3203,#3204,#3205,#3206)),.UNSPECIFIED.,.F.,.F.,.F.,
(4,4),(4,2,4),(0.,1.),(0.746433659809302,0.795131601133344,0.798207737486642),
 .UNSPECIFIED.);
#79=B_SPLINE_SURFACE_WITH_KNOTS('',3,3,((#3219,#3220,#3221,#3222),(#3223,
#3224,#3225,#3226),(#3227,#3228,#3229,#3230),(#3231,#3232,#3233,#3234)),
 .UNSPECIFIED.,.F.,.F.,.F.,(4,4),(4,4),(0.,1.),(0.561391554164124,0.614748625966656),
 .UNSPECIFIED.);
#80=B_SPLINE_SURFACE_WITH_KNOTS('',3,3,((#3469,#3470,#3471,#3472),(#3473,
#3474,#3475,#3476),(#3477,#3478,#3479,#3480),(#3481,#3482,#3483,#3484)),
 .UNSPECIFIED.,.F.,.F.,.F.,(4,4),(4,4),(0.,1.),(-1.29943901911047,-1.20188848843829),
 .UNSPECIFIED.);
#81=B_SPLINE_SURFACE_WITH_KNOTS('',3,3,((#3689,#3690,#3691,#3692),(#3693,
#3694,#3695,#3696),(#3697,#3698,#3699,#3700),(#3701,#3702,#3703,#3704)),
 .UNSPECIFIED.,.F.,.F.,.F.,(4,4),(4,4),(0.,1.),(1.20188848843829,1.29943901911047),
 .UNSPECIFIED.);
#82=FACE_BOUND('',#301,.T.);
#83=FACE_BOUND('',#302,.T.);
#84=FACE_BOUND('',#303,.T.);
#85=FACE_BOUND('',#304,.T.);
#86=FACE_BOUND('',#332,.T.);
#87=FACE_BOUND('',#333,.T.);
#88=FACE_BOUND('',#334,.T.);
#89=FACE_BOUND('',#335,.T.);
#90=FACE_BOUND('',#337,.T.);
#91=FACE_BOUND('',#338,.T.);
#92=FACE_BOUND('',#339,.T.);
#93=FACE_BOUND('',#340,.T.);
#94=FACE_BOUND('',#355,.T.);
#95=FACE_BOUND('',#356,.T.);
#96=FACE_BOUND('',#381,.T.);
#97=FACE_BOUND('',#382,.T.);
#98=FACE_BOUND('',#383,.T.);
#99=FACE_BOUND('',#384,.T.);
#100=CIRCLE('',#2124,2.5);
#101=CIRCLE('',#2125,2.5);
#102=CIRCLE('',#2126,1.5);
#103=CIRCLE('',#2127,1.5);
#104=CIRCLE('',#2128,1.5);
#105=CIRCLE('',#2134,1.5);
#106=CIRCLE('',#2136,10.);
#107=CIRCLE('',#2138,1.5);
#108=CIRCLE('',#2143,1.5);
#109=CIRCLE('',#2144,1.5);
#110=CIRCLE('',#2147,3.);
#111=CIRCLE('',#2155,1.49999999999999);
#112=CIRCLE('',#2156,1.49999999999999);
#113=CIRCLE('',#2159,3.);
#114=CIRCLE('',#2160,3.);
#115=CIRCLE('',#2162,3.);
#116=CIRCLE('',#2165,3.);
#117=CIRCLE('',#2167,3.);
#118=CIRCLE('',#2168,10.);
#119=CIRCLE('',#2169,10.);
#120=CIRCLE('',#2170,3.);
#121=CIRCLE('',#2171,10.);
#122=CIRCLE('',#2172,1.49999999999999);
#123=CIRCLE('',#2173,1.5);
#124=CIRCLE('',#2175,1.5);
#125=CIRCLE('',#2176,1.5);
#126=CIRCLE('',#2177,1.5);
#127=CIRCLE('',#2178,1.5);
#128=CIRCLE('',#2179,1.5);
#129=CIRCLE('',#2180,1.5);
#130=CIRCLE('',#2191,10.);
#131=CIRCLE('',#2193,1.5);
#132=CIRCLE('',#2194,1.5);
#133=CIRCLE('',#2195,1.5);
#134=CIRCLE('',#2196,1.5);
#135=CIRCLE('',#2198,1.5);
#136=CIRCLE('',#2201,1.49999999999999);
#137=CIRCLE('',#2205,10.);
#138=CIRCLE('',#2206,10.);
#139=CIRCLE('',#2212,1.5);
#140=CIRCLE('',#2213,1.5);
#141=CIRCLE('',#2216,3.);
#142=CIRCLE('',#2224,1.49999999999999);
#143=CIRCLE('',#2225,1.49999999999999);
#144=CIRCLE('',#2228,3.);
#145=CIRCLE('',#2230,3.);
#146=CIRCLE('',#2231,3.);
#147=CIRCLE('',#2233,3.);
#148=CIRCLE('',#2246,1.5);
#149=CIRCLE('',#2247,1.5);
#150=CIRCLE('',#2250,1.49999999999999);
#151=CIRCLE('',#2251,1.49999999999999);
#152=CIRCLE('',#2254,3.);
#153=CIRCLE('',#2256,10.);
#154=CIRCLE('',#2257,10.);
#155=CIRCLE('',#2258,3.);
#156=CIRCLE('',#2259,10.);
#157=CIRCLE('',#2267,1.5);
#158=CIRCLE('',#2279,1.5);
#159=CIRCLE('',#2284,1.5);
#160=CIRCLE('',#2287,1.5);
#161=CIRCLE('',#2290,1.5);
#162=CIRCLE('',#2294,1.5);
#163=B_SPLINE_CURVE_WITH_KNOTS('',3,(#2901,#2902,#2903,#2904),
 .UNSPECIFIED.,.F.,.F.,(4,4),(-0.346986171965022,-0.293629100162489),
 .UNSPECIFIED.);
#164=B_SPLINE_CURVE_WITH_KNOTS('',3,(#2908,#2909,#2910,#2911),
 .UNSPECIFIED.,.F.,.F.,(4,4),(-0.614748625966656,-0.561391554164124),
 .UNSPECIFIED.);
#165=B_SPLINE_CURVE_WITH_KNOTS('',3,(#2994,#2995,#2996,#2997,#2998,#2999,
#3000,#3001,#3002),.UNSPECIFIED.,.F.,.F.,(4,1,2,2,4),(0.61474862596663,
0.641030888444262,0.680454282160711,0.737792941647028,0.746433659809302),
 .UNSPECIFIED.);
#166=B_SPLINE_CURVE_WITH_KNOTS('',3,(#3005,#3006,#3007,#3008,#3009,#3010,
#3011,#3012,#3013),.UNSPECIFIED.,.F.,.F.,(4,2,2,1,4),(-0.746433659809302,
-0.737792941647028,-0.680454282160711,-0.641030888444262,-0.61474862596663),
 .UNSPECIFIED.);
#167=B_SPLINE_CURVE_WITH_KNOTS('',3,(#3058,#3059,#3060,#3061,#3062,#3063,
#3064,#3065,#3066,#3067),.UNSPECIFIED.,.F.,.F.,(4,2,2,2,4),(-0.110013722198888,
-0.0563175003221014,0.,0.0563175003221015,0.110013722198889),
 .UNSPECIFIED.);
#168=B_SPLINE_CURVE_WITH_KNOTS('',3,(#3070,#3071,#3072,#3073,#3074,#3075,
#3076,#3077,#3078,#3079),.UNSPECIFIED.,.F.,.F.,(4,2,2,2,4),(-0.110013722198889,
-0.0563175003221015,0.,0.0563175003221014,0.110013722198888),
 .UNSPECIFIED.);
#169=B_SPLINE_CURVE_WITH_KNOTS('',3,(#3116,#3117,#3118,#3119,#3120,#3121,
#3122,#3123),.UNSPECIFIED.,.F.,.F.,(4,2,1,1,4),(0.161944066319844,0.170584784482118,
0.219802510754277,0.256715805458397,0.293629100162516),.UNSPECIFIED.);
#170=B_SPLINE_CURVE_WITH_KNOTS('',3,(#3125,#3126,#3127,#3128,#3129,#3130,
#3131,#3132),.UNSPECIFIED.,.F.,.F.,(4,1,1,2,4),(-0.293629100162516,-0.256715805458397,
-0.219802510754277,-0.170584784482118,-0.161944066319844),.UNSPECIFIED.);
#171=B_SPLINE_CURVE_WITH_KNOTS('',3,(#3149,#3150,#3151,#3152),
 .UNSPECIFIED.,.F.,.F.,(4,4),(-0.161944066319844,-0.110169988642504),
 .UNSPECIFIED.);
#172=B_SPLINE_CURVE_WITH_KNOTS('',3,(#3153,#3154,#3155,#3156),
 .UNSPECIFIED.,.F.,.F.,(4,4),(0.110169988642504,0.161944066319844),
 .UNSPECIFIED.);
#173=B_SPLINE_CURVE_WITH_KNOTS('',3,(#3179,#3180,#3181,#3182),
 .UNSPECIFIED.,.F.,.F.,(4,4),(0.293629100162489,0.346986171965022),
 .UNSPECIFIED.);
#174=B_SPLINE_CURVE_WITH_KNOTS('',3,(#3207,#3208,#3209,#3210,#3211,#3212),
 .UNSPECIFIED.,.F.,.F.,(4,2,4),(-0.798207737486642,-0.795131601133344,-0.746433659809302),
 .UNSPECIFIED.);
#175=B_SPLINE_CURVE_WITH_KNOTS('',3,(#3213,#3214,#3215,#3216,#3217,#3218),
 .UNSPECIFIED.,.F.,.F.,(4,2,4),(0.746433659809302,0.795131601133344,0.798207737486642),
 .UNSPECIFIED.);
#176=B_SPLINE_CURVE_WITH_KNOTS('',3,(#3235,#3236,#3237,#3238),
 .UNSPECIFIED.,.F.,.F.,(4,4),(0.561391554164124,0.614748625966656),
 .UNSPECIFIED.);
#177=B_SPLINE_CURVE_WITH_KNOTS('',3,(#3268,#3269,#3270,#3271,#3272,#3273,
#3274,#3275,#3276,#3277,#3278,#3279,#3280,#3281,#3282,#3283,#3284,#3285),
 .UNSPECIFIED.,.F.,.F.,(4,2,2,2,2,2,2,2,4),(0.0997787168348058,0.140989751485947,
0.162165800174595,0.180861616922103,0.199557433669612,0.21825325041712,
0.236949067164628,0.258125115853276,0.299336150504417),.UNSPECIFIED.);
#178=B_SPLINE_CURVE_WITH_KNOTS('',3,(#3486,#3487,#3488,#3489,#3490,#3491,
#3492),.UNSPECIFIED.,.F.,.F.,(4,3,4),(0.507617472899198,0.564421630158824,
0.637667239211134),.UNSPECIFIED.);
#179=B_SPLINE_CURVE_WITH_KNOTS('',3,(#3494,#3495,#3496,#3497),
 .UNSPECIFIED.,.F.,.F.,(4,4),(1.20188848843829,1.29943901911047),
 .UNSPECIFIED.);
#180=B_SPLINE_CURVE_WITH_KNOTS('',3,(#3501,#3502,#3503,#3504,#3505,#3506,
#3507,#3508,#3509,#3510,#3511,#3512,#3513),.UNSPECIFIED.,.F.,.F.,(4,2,2,
2,3,4),(1.81007760804231,1.82697188446427,1.91532553751279,2.05053930613486,
2.18575307475693,2.24234801170433),.UNSPECIFIED.);
#181=B_SPLINE_CURVE_WITH_KNOTS('',3,(#3542,#3543,#3544,#3545),
 .UNSPECIFIED.,.F.,.F.,(4,4),(-1.29943901911047,-1.20188848843829),
 .UNSPECIFIED.);
#182=B_SPLINE_CURVE_WITH_KNOTS('',3,(#3614,#3615,#3616,#3617,#3618,#3619,
#3620,#3621,#3622,#3623,#3624,#3625,#3626,#3627,#3628,#3629,#3630,#3631),
 .UNSPECIFIED.,.F.,.F.,(4,2,2,2,2,2,2,2,4),(0.0997787168348058,0.140989751485947,
0.162165800174595,0.180861616922103,0.199557433669612,0.21825325041712,
0.236949067164628,0.258125115853276,0.299336150504417),.UNSPECIFIED.);
#183=B_SPLINE_CURVE_WITH_KNOTS('',3,(#3706,#3707,#3708,#3709,#3710,#3711,
#3712),.UNSPECIFIED.,.F.,.F.,(4,3,4),(0.,0.0844382293976372,0.101960178854477),
 .UNSPECIFIED.);
#184=B_SPLINE_CURVE_WITH_KNOTS('',3,(#3715,#3716,#3717,#3718,#3719,#3720,
#3721,#3722,#3723,#3724,#3725,#3726,#3727),.UNSPECIFIED.,.F.,.F.,(4,3,2,
2,2,4),(2.12915813780953,2.18575307475693,2.32096684337901,2.45618061200108,
2.5445342650496,2.56142854147156),.UNSPECIFIED.);
#185=B_SPLINE_CURVE_WITH_KNOTS('',3,(#3813,#3814,#3815,#3816,#3817,#3818,
#3819,#3820,#3821,#3822,#3823,#3824,#3825,#3826,#3827,#3828,#3829,#3830,
#3831),.UNSPECIFIED.,.F.,.F.,(4,2,2,2,3,2,2,2,4),(-0.18713314863222,-0.169667745305351,
-0.113157866195699,-0.0565789330978497,0.,0.0565789330978493,0.113157866195699,
0.16966774530535,0.187133148632241),.UNSPECIFIED.);
#186=B_SPLINE_CURVE_WITH_KNOTS('',3,(#3842,#3843,#3844,#3845,#3846,#3847,
#3848,#3849,#3850,#3851,#3852,#3853,#3854,#3855,#3856,#3857,#3858,#3859),
 .UNSPECIFIED.,.F.,.F.,(4,2,2,2,2,2,2,2,4),(0.265811502682427,0.283276906009318,
0.339786785118969,0.396365718216819,0.452944651314668,0.509523584412517,
0.566102517510367,0.622612396620018,0.640077799946888),.UNSPECIFIED.);
#187=FACE_OUTER_BOUND('',#296,.T.);
#188=FACE_OUTER_BOUND('',#297,.T.);
#189=FACE_OUTER_BOUND('',#298,.T.);
#190=FACE_OUTER_BOUND('',#299,.T.);
#191=FACE_OUTER_BOUND('',#300,.T.);
#192=FACE_OUTER_BOUND('',#305,.T.);
#193=FACE_OUTER_BOUND('',#306,.T.);
#194=FACE_OUTER_BOUND('',#307,.T.);
#195=FACE_OUTER_BOUND('',#308,.T.);
#196=FACE_OUTER_BOUND('',#309,.T.);
#197=FACE_OUTER_BOUND('',#310,.T.);
#198=FACE_OUTER_BOUND('',#311,.T.);
#199=FACE_OUTER_BOUND('',#312,.T.);
#200=FACE_OUTER_BOUND('',#313,.T.);
#201=FACE_OUTER_BOUND('',#314,.T.);
#202=FACE_OUTER_BOUND('',#315,.T.);
#203=FACE_OUTER_BOUND('',#316,.T.);
#204=FACE_OUTER_BOUND('',#317,.T.);
#205=FACE_OUTER_BOUND('',#318,.T.);
#206=FACE_OUTER_BOUND('',#319,.T.);
#207=FACE_OUTER_BOUND('',#320,.T.);
#208=FACE_OUTER_BOUND('',#321,.T.);
#209=FACE_OUTER_BOUND('',#322,.T.);
#210=FACE_OUTER_BOUND('',#323,.T.);
#211=FACE_OUTER_BOUND('',#324,.T.);
#212=FACE_OUTER_BOUND('',#325,.T.);
#213=FACE_OUTER_BOUND('',#326,.T.);
#214=FACE_OUTER_BOUND('',#327,.T.);
#215=FACE_OUTER_BOUND('',#328,.T.);
#216=FACE_OUTER_BOUND('',#329,.T.);
#217=FACE_OUTER_BOUND('',#330,.T.);
#218=FACE_OUTER_BOUND('',#331,.T.);
#219=FACE_OUTER_BOUND('',#336,.T.);
#220=FACE_OUTER_BOUND('',#341,.T.);
#221=FACE_OUTER_BOUND('',#342,.T.);
#222=FACE_OUTER_BOUND('',#343,.T.);
#223=FACE_OUTER_BOUND('',#344,.T.);
#224=FACE_OUTER_BOUND('',#345,.T.);
#225=FACE_OUTER_BOUND('',#346,.T.);
#226=FACE_OUTER_BOUND('',#347,.T.);
#227=FACE_OUTER_BOUND('',#348,.T.);
#228=FACE_OUTER_BOUND('',#349,.T.);
#229=FACE_OUTER_BOUND('',#350,.T.);
#230=FACE_OUTER_BOUND('',#351,.T.);
#231=FACE_OUTER_BOUND('',#352,.T.);
#232=FACE_OUTER_BOUND('',#353,.T.);
#233=FACE_OUTER_BOUND('',#354,.T.);
#234=FACE_OUTER_BOUND('',#357,.T.);
#235=FACE_OUTER_BOUND('',#358,.T.);
#236=FACE_OUTER_BOUND('',#359,.T.);
#237=FACE_OUTER_BOUND('',#360,.T.);
#238=FACE_OUTER_BOUND('',#361,.T.);
#239=FACE_OUTER_BOUND('',#362,.T.);
#240=FACE_OUTER_BOUND('',#363,.T.);
#241=FACE_OUTER_BOUND('',#364,.T.);
#242=FACE_OUTER_BOUND('',#365,.T.);
#243=FACE_OUTER_BOUND('',#366,.T.);
#244=FACE_OUTER_BOUND('',#367,.T.);
#245=FACE_OUTER_BOUND('',#368,.T.);
#246=FACE_OUTER_BOUND('',#369,.T.);
#247=FACE_OUTER_BOUND('',#370,.T.);
#248=FACE_OUTER_BOUND('',#371,.T.);
#249=FACE_OUTER_BOUND('',#372,.T.);
#250=FACE_OUTER_BOUND('',#373,.T.);
#251=FACE_OUTER_BOUND('',#374,.T.);
#252=FACE_OUTER_BOUND('',#375,.T.);
#253=FACE_OUTER_BOUND('',#376,.T.);
#254=FACE_OUTER_BOUND('',#377,.T.);
#255=FACE_OUTER_BOUND('',#378,.T.);
#256=FACE_OUTER_BOUND('',#379,.T.);
#257=FACE_OUTER_BOUND('',#380,.T.);
#258=FACE_OUTER_BOUND('',#385,.T.);
#259=FACE_OUTER_BOUND('',#386,.T.);
#260=FACE_OUTER_BOUND('',#387,.T.);
#261=FACE_OUTER_BOUND('',#388,.T.);
#262=FACE_OUTER_BOUND('',#389,.T.);
#263=FACE_OUTER_BOUND('',#390,.T.);
#264=FACE_OUTER_BOUND('',#391,.T.);
#265=FACE_OUTER_BOUND('',#392,.T.);
#266=FACE_OUTER_BOUND('',#393,.T.);
#267=FACE_OUTER_BOUND('',#394,.T.);
#268=FACE_OUTER_BOUND('',#395,.T.);
#269=FACE_OUTER_BOUND('',#396,.T.);
#270=FACE_OUTER_BOUND('',#397,.T.);
#271=FACE_OUTER_BOUND('',#398,.T.);
#272=FACE_OUTER_BOUND('',#399,.T.);
#273=FACE_OUTER_BOUND('',#400,.T.);
#274=FACE_OUTER_BOUND('',#401,.T.);
#275=FACE_OUTER_BOUND('',#402,.T.);
#276=FACE_OUTER_BOUND('',#403,.T.);
#277=FACE_OUTER_BOUND('',#404,.T.);
#278=FACE_OUTER_BOUND('',#405,.T.);
#279=FACE_OUTER_BOUND('',#406,.T.);
#280=FACE_OUTER_BOUND('',#407,.T.);
#281=FACE_OUTER_BOUND('',#408,.T.);
#282=FACE_OUTER_BOUND('',#409,.T.);
#283=FACE_OUTER_BOUND('',#410,.T.);
#284=FACE_OUTER_BOUND('',#411,.T.);
#285=FACE_OUTER_BOUND('',#412,.T.);
#286=FACE_OUTER_BOUND('',#413,.T.);
#287=FACE_OUTER_BOUND('',#414,.T.);
#288=FACE_OUTER_BOUND('',#415,.T.);
#289=FACE_OUTER_BOUND('',#416,.T.);
#290=FACE_OUTER_BOUND('',#417,.T.);
#291=FACE_OUTER_BOUND('',#418,.T.);
#292=FACE_OUTER_BOUND('',#419,.T.);
#293=FACE_OUTER_BOUND('',#420,.T.);
#294=FACE_OUTER_BOUND('',#421,.T.);
#295=FACE_OUTER_BOUND('',#422,.T.);
#296=EDGE_LOOP('',(#1324,#1325,#1326,#1327));
#297=EDGE_LOOP('',(#1328,#1329,#1330,#1331));
#298=EDGE_LOOP('',(#1332,#1333,#1334,#1335));
#299=EDGE_LOOP('',(#1336,#1337,#1338,#1339));
#300=EDGE_LOOP('',(#1340,#1341,#1342,#1343,#1344,#1345,#1346,#1347,#1348,
#1349,#1350,#1351,#1352,#1353,#1354,#1355,#1356,#1357));
#301=EDGE_LOOP('',(#1358));
#302=EDGE_LOOP('',(#1359));
#303=EDGE_LOOP('',(#1360));
#304=EDGE_LOOP('',(#1361));
#305=EDGE_LOOP('',(#1362,#1363,#1364,#1365));
#306=EDGE_LOOP('',(#1366,#1367,#1368,#1369));
#307=EDGE_LOOP('',(#1370,#1371,#1372,#1373));
#308=EDGE_LOOP('',(#1374,#1375,#1376,#1377));
#309=EDGE_LOOP('',(#1378,#1379,#1380,#1381));
#310=EDGE_LOOP('',(#1382,#1383,#1384,#1385));
#311=EDGE_LOOP('',(#1386,#1387,#1388,#1389));
#312=EDGE_LOOP('',(#1390,#1391,#1392,#1393));
#313=EDGE_LOOP('',(#1394,#1395,#1396,#1397));
#314=EDGE_LOOP('',(#1398,#1399,#1400,#1401));
#315=EDGE_LOOP('',(#1402,#1403,#1404,#1405));
#316=EDGE_LOOP('',(#1406,#1407,#1408,#1409));
#317=EDGE_LOOP('',(#1410,#1411,#1412,#1413));
#318=EDGE_LOOP('',(#1414,#1415,#1416,#1417));
#319=EDGE_LOOP('',(#1418,#1419,#1420,#1421));
#320=EDGE_LOOP('',(#1422,#1423,#1424,#1425));
#321=EDGE_LOOP('',(#1426));
#322=EDGE_LOOP('',(#1427,#1428,#1429,#1430,#1431,#1432,#1433,#1434));
#323=EDGE_LOOP('',(#1435,#1436,#1437,#1438));
#324=EDGE_LOOP('',(#1439,#1440,#1441,#1442));
#325=EDGE_LOOP('',(#1443,#1444,#1445,#1446));
#326=EDGE_LOOP('',(#1447));
#327=EDGE_LOOP('',(#1448,#1449,#1450,#1451));
#328=EDGE_LOOP('',(#1452,#1453,#1454,#1455,#1456,#1457));
#329=EDGE_LOOP('',(#1458,#1459));
#330=EDGE_LOOP('',(#1460,#1461,#1462,#1463,#1464,#1465));
#331=EDGE_LOOP('',(#1466,#1467,#1468,#1469,#1470,#1471,#1472,#1473,#1474,
#1475,#1476,#1477,#1478,#1479,#1480,#1481,#1482,#1483,#1484,#1485,#1486,
#1487,#1488,#1489,#1490,#1491,#1492,#1493,#1494));
#332=EDGE_LOOP('',(#1495));
#333=EDGE_LOOP('',(#1496));
#334=EDGE_LOOP('',(#1497));
#335=EDGE_LOOP('',(#1498));
#336=EDGE_LOOP('',(#1499,#1500,#1501,#1502,#1503,#1504,#1505,#1506,#1507,
#1508,#1509,#1510,#1511,#1512,#1513,#1514,#1515,#1516,#1517,#1518,#1519,
#1520,#1521,#1522,#1523,#1524,#1525,#1526,#1527,#1528));
#337=EDGE_LOOP('',(#1529,#1530,#1531,#1532));
#338=EDGE_LOOP('',(#1533,#1534,#1535,#1536));
#339=EDGE_LOOP('',(#1537));
#340=EDGE_LOOP('',(#1538));
#341=EDGE_LOOP('',(#1539,#1540,#1541,#1542,#1543,#1544,#1545,#1546));
#342=EDGE_LOOP('',(#1547,#1548,#1549,#1550));
#343=EDGE_LOOP('',(#1551,#1552,#1553,#1554));
#344=EDGE_LOOP('',(#1555,#1556,#1557,#1558));
#345=EDGE_LOOP('',(#1559,#1560,#1561,#1562));
#346=EDGE_LOOP('',(#1563,#1564,#1565));
#347=EDGE_LOOP('',(#1566,#1567,#1568,#1569,#1570,#1571,#1572,#1573,#1574,
#1575,#1576,#1577,#1578,#1579,#1580,#1581,#1582,#1583,#1584,#1585,#1586,
#1587,#1588,#1589));
#348=EDGE_LOOP('',(#1590,#1591,#1592,#1593));
#349=EDGE_LOOP('',(#1594));
#350=EDGE_LOOP('',(#1595,#1596,#1597,#1598));
#351=EDGE_LOOP('',(#1599));
#352=EDGE_LOOP('',(#1600,#1601,#1602,#1603,#1604,#1605,#1606));
#353=EDGE_LOOP('',(#1607,#1608,#1609,#1610,#1611,#1612,#1613,#1614));
#354=EDGE_LOOP('',(#1615,#1616,#1617,#1618,#1619,#1620,#1621,#1622,#1623,
#1624,#1625,#1626,#1627,#1628,#1629,#1630));
#355=EDGE_LOOP('',(#1631,#1632,#1633,#1634));
#356=EDGE_LOOP('',(#1635,#1636,#1637,#1638));
#357=EDGE_LOOP('',(#1639,#1640,#1641,#1642));
#358=EDGE_LOOP('',(#1643,#1644,#1645,#1646));
#359=EDGE_LOOP('',(#1647));
#360=EDGE_LOOP('',(#1648,#1649,#1650,#1651,#1652,#1653,#1654,#1655));
#361=EDGE_LOOP('',(#1656,#1657,#1658,#1659));
#362=EDGE_LOOP('',(#1660,#1661,#1662,#1663));
#363=EDGE_LOOP('',(#1664,#1665,#1666,#1667));
#364=EDGE_LOOP('',(#1668));
#365=EDGE_LOOP('',(#1669,#1670,#1671,#1672,#1673,#1674));
#366=EDGE_LOOP('',(#1675,#1676,#1677,#1678));
#367=EDGE_LOOP('',(#1679,#1680,#1681,#1682,#1683,#1684));
#368=EDGE_LOOP('',(#1685,#1686));
#369=EDGE_LOOP('',(#1687,#1688,#1689,#1690,#1691,#1692));
#370=EDGE_LOOP('',(#1693,#1694,#1695,#1696));
#371=EDGE_LOOP('',(#1697,#1698,#1699,#1700));
#372=EDGE_LOOP('',(#1701,#1702,#1703,#1704));
#373=EDGE_LOOP('',(#1705,#1706,#1707,#1708));
#374=EDGE_LOOP('',(#1709,#1710,#1711));
#375=EDGE_LOOP('',(#1712,#1713,#1714,#1715));
#376=EDGE_LOOP('',(#1716));
#377=EDGE_LOOP('',(#1717,#1718,#1719,#1720));
#378=EDGE_LOOP('',(#1721));
#379=EDGE_LOOP('',(#1722,#1723,#1724,#1725,#1726,#1727,#1728));
#380=EDGE_LOOP('',(#1729,#1730,#1731,#1732,#1733,#1734,#1735,#1736,#1737,
#1738,#1739,#1740,#1741,#1742,#1743,#1744,#1745,#1746,#1747,#1748,#1749,
#1750,#1751,#1752));
#381=EDGE_LOOP('',(#1753));
#382=EDGE_LOOP('',(#1754));
#383=EDGE_LOOP('',(#1755));
#384=EDGE_LOOP('',(#1756));
#385=EDGE_LOOP('',(#1757,#1758,#1759,#1760,#1761,#1762,#1763,#1764,#1765,
#1766,#1767,#1768,#1769,#1770,#1771,#1772,#1773,#1774,#1775,#1776));
#386=EDGE_LOOP('',(#1777,#1778,#1779,#1780));
#387=EDGE_LOOP('',(#1781,#1782,#1783,#1784));
#388=EDGE_LOOP('',(#1785,#1786,#1787,#1788,#1789,#1790,#1791,#1792));
#389=EDGE_LOOP('',(#1793,#1794,#1795,#1796));
#390=EDGE_LOOP('',(#1797,#1798,#1799,#1800));
#391=EDGE_LOOP('',(#1801,#1802,#1803,#1804,#1805,#1806,#1807,#1808));
#392=EDGE_LOOP('',(#1809,#1810));
#393=EDGE_LOOP('',(#1811));
#394=EDGE_LOOP('',(#1812,#1813,#1814,#1815));
#395=EDGE_LOOP('',(#1816,#1817,#1818,#1819));
#396=EDGE_LOOP('',(#1820,#1821,#1822,#1823));
#397=EDGE_LOOP('',(#1824,#1825,#1826,#1827));
#398=EDGE_LOOP('',(#1828,#1829,#1830,#1831));
#399=EDGE_LOOP('',(#1832,#1833,#1834,#1835));
#400=EDGE_LOOP('',(#1836,#1837,#1838,#1839));
#401=EDGE_LOOP('',(#1840,#1841,#1842,#1843));
#402=EDGE_LOOP('',(#1844,#1845,#1846,#1847));
#403=EDGE_LOOP('',(#1848));
#404=EDGE_LOOP('',(#1849,#1850,#1851,#1852,#1853,#1854));
#405=EDGE_LOOP('',(#1855,#1856,#1857,#1858,#1859,#1860));
#406=EDGE_LOOP('',(#1861,#1862,#1863,#1864,#1865,#1866));
#407=EDGE_LOOP('',(#1867));
#408=EDGE_LOOP('',(#1868,#1869,#1870,#1871));
#409=EDGE_LOOP('',(#1872));
#410=EDGE_LOOP('',(#1873,#1874,#1875,#1876,#1877,#1878));
#411=EDGE_LOOP('',(#1879));
#412=EDGE_LOOP('',(#1880,#1881,#1882,#1883,#1884,#1885,#1886,#1887));
#413=EDGE_LOOP('',(#1888,#1889,#1890,#1891));
#414=EDGE_LOOP('',(#1892));
#415=EDGE_LOOP('',(#1893,#1894,#1895,#1896));
#416=EDGE_LOOP('',(#1897,#1898,#1899,#1900,#1901,#1902));
#417=EDGE_LOOP('',(#1903,#1904,#1905,#1906));
#418=EDGE_LOOP('',(#1907,#1908,#1909,#1910));
#419=EDGE_LOOP('',(#1911,#1912,#1913,#1914,#1915,#1916,#1917,#1918));
#420=EDGE_LOOP('',(#1919,#1920,#1921,#1922));
#421=EDGE_LOOP('',(#1923,#1924,#1925,#1926));
#422=EDGE_LOOP('',(#1927,#1928,#1929,#1930,#1931));
#423=LINE('',#2875,#618);
#424=LINE('',#2877,#619);
#425=LINE('',#2879,#620);
#426=LINE('',#2880,#621);
#427=LINE('',#2883,#622);
#428=LINE('',#2885,#623);
#429=LINE('',#2886,#624);
#430=LINE('',#2889,#625);
#431=LINE('',#2891,#626);
#432=LINE('',#2892,#627);
#433=LINE('',#2894,#628);
#434=LINE('',#2897,#629);
#435=LINE('',#2899,#630);
#436=LINE('',#2913,#631);
#437=LINE('',#2915,#632);
#438=LINE('',#2917,#633);
#439=LINE('',#2919,#634);
#440=LINE('',#2921,#635);
#441=LINE('',#2923,#636);
#442=LINE('',#2925,#637);
#443=LINE('',#2927,#638);
#444=LINE('',#2929,#639);
#445=LINE('',#2930,#640);
#446=LINE('',#2942,#641);
#447=LINE('',#2943,#642);
#448=LINE('',#2944,#643);
#449=LINE('',#2947,#644);
#450=LINE('',#2948,#645);
#451=LINE('',#2951,#646);
#452=LINE('',#2952,#647);
#453=LINE('',#2954,#648);
#454=LINE('',#2992,#649);
#455=LINE('',#3004,#650);
#456=LINE('',#3056,#651);
#457=LINE('',#3069,#652);
#458=LINE('',#3114,#653);
#459=LINE('',#3124,#654);
#460=LINE('',#3159,#655);
#461=LINE('',#3161,#656);
#462=LINE('',#3242,#657);
#463=LINE('',#3245,#658);
#464=LINE('',#3252,#659);
#465=LINE('',#3255,#660);
#466=LINE('',#3260,#661);
#467=LINE('',#3266,#662);
#468=LINE('',#3286,#663);
#469=LINE('',#3288,#664);
#470=LINE('',#3295,#665);
#471=LINE('',#3298,#666);
#472=LINE('',#3304,#667);
#473=LINE('',#3307,#668);
#474=LINE('',#3312,#669);
#475=LINE('',#3318,#670);
#476=LINE('',#3322,#671);
#477=LINE('',#3326,#672);
#478=LINE('',#3329,#673);
#479=LINE('',#3331,#674);
#480=LINE('',#3334,#675);
#481=LINE('',#3336,#676);
#482=LINE('',#3340,#677);
#483=LINE('',#3341,#678);
#484=LINE('',#3343,#679);
#485=LINE('',#3351,#680);
#486=LINE('',#3353,#681);
#487=LINE('',#3355,#682);
#488=LINE('',#3357,#683);
#489=LINE('',#3358,#684);
#490=LINE('',#3360,#685);
#491=LINE('',#3363,#686);
#492=LINE('',#3365,#687);
#493=LINE('',#3373,#688);
#494=LINE('',#3375,#689);
#495=LINE('',#3376,#690);
#496=LINE('',#3378,#691);
#497=LINE('',#3384,#692);
#498=LINE('',#3390,#693);
#499=LINE('',#3392,#694);
#500=LINE('',#3394,#695);
#501=LINE('',#3396,#696);
#502=LINE('',#3398,#697);
#503=LINE('',#3400,#698);
#504=LINE('',#3402,#699);
#505=LINE('',#3404,#700);
#506=LINE('',#3406,#701);
#507=LINE('',#3408,#702);
#508=LINE('',#3410,#703);
#509=LINE('',#3412,#704);
#510=LINE('',#3414,#705);
#511=LINE('',#3416,#706);
#512=LINE('',#3417,#707);
#513=LINE('',#3420,#708);
#514=LINE('',#3422,#709);
#515=LINE('',#3424,#710);
#516=LINE('',#3425,#711);
#517=LINE('',#3428,#712);
#518=LINE('',#3430,#713);
#519=LINE('',#3432,#714);
#520=LINE('',#3433,#715);
#521=LINE('',#3440,#716);
#522=LINE('',#3442,#717);
#523=LINE('',#3443,#718);
#524=LINE('',#3444,#719);
#525=LINE('',#3450,#720);
#526=LINE('',#3453,#721);
#527=LINE('',#3459,#722);
#528=LINE('',#3463,#723);
#529=LINE('',#3465,#724);
#530=LINE('',#3468,#725);
#531=LINE('',#3498,#726);
#532=LINE('',#3520,#727);
#533=LINE('',#3522,#728);
#534=LINE('',#3524,#729);
#535=LINE('',#3530,#730);
#536=LINE('',#3532,#731);
#537=LINE('',#3534,#732);
#538=LINE('',#3536,#733);
#539=LINE('',#3538,#734);
#540=LINE('',#3540,#735);
#541=LINE('',#3546,#736);
#542=LINE('',#3547,#737);
#543=LINE('',#3550,#738);
#544=LINE('',#3555,#739);
#545=LINE('',#3559,#740);
#546=LINE('',#3564,#741);
#547=LINE('',#3567,#742);
#548=LINE('',#3569,#743);
#549=LINE('',#3571,#744);
#550=LINE('',#3573,#745);
#551=LINE('',#3575,#746);
#552=LINE('',#3577,#747);
#553=LINE('',#3579,#748);
#554=LINE('',#3581,#749);
#555=LINE('',#3583,#750);
#556=LINE('',#3585,#751);
#557=LINE('',#3586,#752);
#558=LINE('',#3589,#753);
#559=LINE('',#3591,#754);
#560=LINE('',#3593,#755);
#561=LINE('',#3594,#756);
#562=LINE('',#3596,#757);
#563=LINE('',#3598,#758);
#564=LINE('',#3599,#759);
#565=LINE('',#3604,#760);
#566=LINE('',#3610,#761);
#567=LINE('',#3637,#762);
#568=LINE('',#3643,#763);
#569=LINE('',#3649,#764);
#570=LINE('',#3657,#765);
#571=LINE('',#3661,#766);
#572=LINE('',#3666,#767);
#573=LINE('',#3668,#768);
#574=LINE('',#3669,#769);
#575=LINE('',#3670,#770);
#576=LINE('',#3676,#771);
#577=LINE('',#3681,#772);
#578=LINE('',#3685,#773);
#579=LINE('',#3688,#774);
#580=LINE('',#3713,#775);
#581=LINE('',#3732,#776);
#582=LINE('',#3739,#777);
#583=LINE('',#3746,#778);
#584=LINE('',#3748,#779);
#585=LINE('',#3750,#780);
#586=LINE('',#3756,#781);
#587=LINE('',#3758,#782);
#588=LINE('',#3759,#783);
#589=LINE('',#3761,#784);
#590=LINE('',#3765,#785);
#591=LINE('',#3766,#786);
#592=LINE('',#3767,#787);
#593=LINE('',#3770,#788);
#594=LINE('',#3771,#789);
#595=LINE('',#3773,#790);
#596=LINE('',#3775,#791);
#597=LINE('',#3783,#792);
#598=LINE('',#3785,#793);
#599=LINE('',#3786,#794);
#600=LINE('',#3788,#795);
#601=LINE('',#3791,#796);
#602=LINE('',#3793,#797);
#603=LINE('',#3794,#798);
#604=LINE('',#3796,#799);
#605=LINE('',#3798,#800);
#606=LINE('',#3801,#801);
#607=LINE('',#3805,#802);
#608=LINE('',#3809,#803);
#609=LINE('',#3811,#804);
#610=LINE('',#3833,#805);
#611=LINE('',#3838,#806);
#612=LINE('',#3861,#807);
#613=LINE('',#3867,#808);
#614=LINE('',#3871,#809);
#615=LINE('',#3873,#810);
#616=LINE('',#3876,#811);
#617=LINE('',#3877,#812);
#618=VECTOR('',#2308,10.);
#619=VECTOR('',#2309,10.);
#620=VECTOR('',#2310,10.);
#621=VECTOR('',#2311,10.);
#622=VECTOR('',#2314,10.);
#623=VECTOR('',#2315,10.);
#624=VECTOR('',#2316,10.);
#625=VECTOR('',#2319,10.);
#626=VECTOR('',#2320,10.);
#627=VECTOR('',#2321,10.);
#628=VECTOR('',#2324,10.);
#629=VECTOR('',#2327,10.);
#630=VECTOR('',#2328,10.);
#631=VECTOR('',#2331,10.);
#632=VECTOR('',#2332,10.);
#633=VECTOR('',#2333,10.);
#634=VECTOR('',#2334,10.);
#635=VECTOR('',#2335,10.);
#636=VECTOR('',#2336,10.);
#637=VECTOR('',#2337,10.);
#638=VECTOR('',#2338,10.);
#639=VECTOR('',#2339,10.);
#640=VECTOR('',#2340,10.);
#641=VECTOR('',#2351,10.);
#642=VECTOR('',#2352,10.);
#643=VECTOR('',#2353,10.);
#644=VECTOR('',#2356,10.);
#645=VECTOR('',#2357,10.);
#646=VECTOR('',#2360,10.);
#647=VECTOR('',#2361,10.);
#648=VECTOR('',#2364,10.);
#649=VECTOR('',#2365,10.);
#650=VECTOR('',#2366,10.);
#651=VECTOR('',#2367,10.);
#652=VECTOR('',#2368,10.);
#653=VECTOR('',#2369,10.);
#654=VECTOR('',#2370,10.);
#655=VECTOR('',#2373,10.);
#656=VECTOR('',#2374,10.);
#657=VECTOR('',#2381,10.);
#658=VECTOR('',#2384,2.);
#659=VECTOR('',#2391,10.);
#660=VECTOR('',#2394,10.);
#661=VECTOR('',#2399,1.5);
#662=VECTOR('',#2406,10.);
#663=VECTOR('',#2407,10.);
#664=VECTOR('',#2408,10.);
#665=VECTOR('',#2415,10.);
#666=VECTOR('',#2418,10.);
#667=VECTOR('',#2423,10.);
#668=VECTOR('',#2426,10.);
#669=VECTOR('',#2431,1.49999999999999);
#670=VECTOR('',#2438,10.);
#671=VECTOR('',#2441,10.);
#672=VECTOR('',#2446,10.);
#673=VECTOR('',#2449,10.);
#674=VECTOR('',#2452,10.);
#675=VECTOR('',#2455,10.);
#676=VECTOR('',#2456,10.);
#677=VECTOR('',#2461,10.);
#678=VECTOR('',#2462,10.);
#679=VECTOR('',#2463,10.);
#680=VECTOR('',#2470,10.);
#681=VECTOR('',#2471,10.);
#682=VECTOR('',#2472,10.);
#683=VECTOR('',#2473,10.);
#684=VECTOR('',#2474,10.);
#685=VECTOR('',#2475,10.);
#686=VECTOR('',#2478,10.);
#687=VECTOR('',#2479,10.);
#688=VECTOR('',#2488,10.);
#689=VECTOR('',#2489,10.);
#690=VECTOR('',#2490,10.);
#691=VECTOR('',#2491,10.);
#692=VECTOR('',#2496,10.);
#693=VECTOR('',#2501,10.);
#694=VECTOR('',#2502,10.);
#695=VECTOR('',#2503,10.);
#696=VECTOR('',#2504,10.);
#697=VECTOR('',#2505,10.);
#698=VECTOR('',#2506,10.);
#699=VECTOR('',#2507,10.);
#700=VECTOR('',#2508,10.);
#701=VECTOR('',#2509,10.);
#702=VECTOR('',#2510,10.);
#703=VECTOR('',#2511,10.);
#704=VECTOR('',#2512,10.);
#705=VECTOR('',#2513,10.);
#706=VECTOR('',#2514,10.);
#707=VECTOR('',#2515,10.);
#708=VECTOR('',#2516,10.);
#709=VECTOR('',#2517,10.);
#710=VECTOR('',#2518,10.);
#711=VECTOR('',#2519,10.);
#712=VECTOR('',#2520,10.);
#713=VECTOR('',#2521,10.);
#714=VECTOR('',#2522,10.);
#715=VECTOR('',#2523,10.);
#716=VECTOR('',#2530,10.);
#717=VECTOR('',#2531,10.);
#718=VECTOR('',#2532,10.);
#719=VECTOR('',#2533,10.);
#720=VECTOR('',#2538,10.);
#721=VECTOR('',#2541,10.);
#722=VECTOR('',#2548,10.);
#723=VECTOR('',#2551,10.);
#724=VECTOR('',#2552,10.);
#725=VECTOR('',#2555,10.);
#726=VECTOR('',#2556,10.);
#727=VECTOR('',#2567,10.);
#728=VECTOR('',#2568,10.);
#729=VECTOR('',#2569,10.);
#730=VECTOR('',#2574,10.);
#731=VECTOR('',#2575,10.);
#732=VECTOR('',#2576,10.);
#733=VECTOR('',#2577,10.);
#734=VECTOR('',#2578,10.);
#735=VECTOR('',#2579,10.);
#736=VECTOR('',#2580,10.);
#737=VECTOR('',#2581,10.);
#738=VECTOR('',#2584,1.5);
#739=VECTOR('',#2591,1.49999999999999);
#740=VECTOR('',#2598,10.);
#741=VECTOR('',#2603,10.);
#742=VECTOR('',#2606,10.);
#743=VECTOR('',#2609,10.);
#744=VECTOR('',#2610,10.);
#745=VECTOR('',#2611,10.);
#746=VECTOR('',#2612,10.);
#747=VECTOR('',#2613,10.);
#748=VECTOR('',#2614,10.);
#749=VECTOR('',#2615,10.);
#750=VECTOR('',#2616,10.);
#751=VECTOR('',#2617,10.);
#752=VECTOR('',#2618,10.);
#753=VECTOR('',#2619,10.);
#754=VECTOR('',#2620,10.);
#755=VECTOR('',#2621,10.);
#756=VECTOR('',#2622,10.);
#757=VECTOR('',#2623,10.);
#758=VECTOR('',#2624,10.);
#759=VECTOR('',#2625,10.);
#760=VECTOR('',#2630,10.);
#761=VECTOR('',#2637,1.5);
#762=VECTOR('',#2650,10.);
#763=VECTOR('',#2657,10.);
#764=VECTOR('',#2664,1.49999999999999);
#765=VECTOR('',#2675,10.);
#766=VECTOR('',#2678,10.);
#767=VECTOR('',#2687,10.);
#768=VECTOR('',#2690,10.);
#769=VECTOR('',#2691,10.);
#770=VECTOR('',#2692,10.);
#771=VECTOR('',#2699,10.);
#772=VECTOR('',#2704,10.);
#773=VECTOR('',#2709,10.);
#774=VECTOR('',#2712,10.);
#775=VECTOR('',#2713,10.);
#776=VECTOR('',#2720,1.5);
#777=VECTOR('',#2729,1.49999999999999);
#778=VECTOR('',#2740,10.);
#779=VECTOR('',#2741,10.);
#780=VECTOR('',#2742,10.);
#781=VECTOR('',#2749,10.);
#782=VECTOR('',#2750,10.);
#783=VECTOR('',#2751,10.);
#784=VECTOR('',#2754,10.);
#785=VECTOR('',#2759,10.);
#786=VECTOR('',#2760,10.);
#787=VECTOR('',#2761,10.);
#788=VECTOR('',#2764,10.);
#789=VECTOR('',#2765,10.);
#790=VECTOR('',#2768,10.);
#791=VECTOR('',#2771,10.);
#792=VECTOR('',#2784,10.);
#793=VECTOR('',#2785,10.);
#794=VECTOR('',#2786,10.);
#795=VECTOR('',#2789,10.);
#796=VECTOR('',#2792,10.);
#797=VECTOR('',#2793,10.);
#798=VECTOR('',#2794,10.);
#799=VECTOR('',#2797,10.);
#800=VECTOR('',#2800,10.);
#801=VECTOR('',#2805,10.);
#802=VECTOR('',#2810,1.5);
#803=VECTOR('',#2817,1.5);
#804=VECTOR('',#2820,1.5);
#805=VECTOR('',#2823,1.5);
#806=VECTOR('',#2830,1.5);
#807=VECTOR('',#2837,1.5);
#808=VECTOR('',#2846,1.5);
#809=VECTOR('',#2853,10.);
#810=VECTOR('',#2856,10.);
#811=VECTOR('',#2861,10.);
#812=VECTOR('',#2862,10.);
#813=VERTEX_POINT('',#2873);
#814=VERTEX_POINT('',#2874);
#815=VERTEX_POINT('',#2876);
#816=VERTEX_POINT('',#2878);
#817=VERTEX_POINT('',#2882);
#818=VERTEX_POINT('',#2884);
#819=VERTEX_POINT('',#2888);
#820=VERTEX_POINT('',#2890);
#821=VERTEX_POINT('',#2896);
#822=VERTEX_POINT('',#2898);
#823=VERTEX_POINT('',#2900);
#824=VERTEX_POINT('',#2905);
#825=VERTEX_POINT('',#2907);
#826=VERTEX_POINT('',#2912);
#827=VERTEX_POINT('',#2914);
#828=VERTEX_POINT('',#2916);
#829=VERTEX_POINT('',#2918);
#830=VERTEX_POINT('',#2920);
#831=VERTEX_POINT('',#2922);
#832=VERTEX_POINT('',#2924);
#833=VERTEX_POINT('',#2926);
#834=VERTEX_POINT('',#2928);
#835=VERTEX_POINT('',#2931);
#836=VERTEX_POINT('',#2933);
#837=VERTEX_POINT('',#2935);
#838=VERTEX_POINT('',#2937);
#839=VERTEX_POINT('',#2940);
#840=VERTEX_POINT('',#2941);
#841=VERTEX_POINT('',#2946);
#842=VERTEX_POINT('',#2950);
#843=VERTEX_POINT('',#2991);
#844=VERTEX_POINT('',#2993);
#845=VERTEX_POINT('',#3003);
#846=VERTEX_POINT('',#3054);
#847=VERTEX_POINT('',#3055);
#848=VERTEX_POINT('',#3057);
#849=VERTEX_POINT('',#3068);
#850=VERTEX_POINT('',#3112);
#851=VERTEX_POINT('',#3113);
#852=VERTEX_POINT('',#3115);
#853=VERTEX_POINT('',#3158);
#854=VERTEX_POINT('',#3160);
#855=VERTEX_POINT('',#3240);
#856=VERTEX_POINT('',#3244);
#857=VERTEX_POINT('',#3248);
#858=VERTEX_POINT('',#3249);
#859=VERTEX_POINT('',#3251);
#860=VERTEX_POINT('',#3253);
#861=VERTEX_POINT('',#3257);
#862=VERTEX_POINT('',#3259);
#863=VERTEX_POINT('',#3264);
#864=VERTEX_POINT('',#3265);
#865=VERTEX_POINT('',#3267);
#866=VERTEX_POINT('',#3287);
#867=VERTEX_POINT('',#3291);
#868=VERTEX_POINT('',#3292);
#869=VERTEX_POINT('',#3294);
#870=VERTEX_POINT('',#3296);
#871=VERTEX_POINT('',#3300);
#872=VERTEX_POINT('',#3301);
#873=VERTEX_POINT('',#3303);
#874=VERTEX_POINT('',#3305);
#875=VERTEX_POINT('',#3309);
#876=VERTEX_POINT('',#3311);
#877=VERTEX_POINT('',#3316);
#878=VERTEX_POINT('',#3317);
#879=VERTEX_POINT('',#3319);
#880=VERTEX_POINT('',#3321);
#881=VERTEX_POINT('',#3325);
#882=VERTEX_POINT('',#3327);
#883=VERTEX_POINT('',#3333);
#884=VERTEX_POINT('',#3335);
#885=VERTEX_POINT('',#3339);
#886=VERTEX_POINT('',#3342);
#887=VERTEX_POINT('',#3344);
#888=VERTEX_POINT('',#3346);
#889=VERTEX_POINT('',#3348);
#890=VERTEX_POINT('',#3350);
#891=VERTEX_POINT('',#3352);
#892=VERTEX_POINT('',#3354);
#893=VERTEX_POINT('',#3356);
#894=VERTEX_POINT('',#3359);
#895=VERTEX_POINT('',#3361);
#896=VERTEX_POINT('',#3364);
#897=VERTEX_POINT('',#3367);
#898=VERTEX_POINT('',#3369);
#899=VERTEX_POINT('',#3372);
#900=VERTEX_POINT('',#3374);
#901=VERTEX_POINT('',#3377);
#902=VERTEX_POINT('',#3379);
#903=VERTEX_POINT('',#3381);
#904=VERTEX_POINT('',#3383);
#905=VERTEX_POINT('',#3385);
#906=VERTEX_POINT('',#3387);
#907=VERTEX_POINT('',#3389);
#908=VERTEX_POINT('',#3391);
#909=VERTEX_POINT('',#3393);
#910=VERTEX_POINT('',#3395);
#911=VERTEX_POINT('',#3397);
#912=VERTEX_POINT('',#3399);
#913=VERTEX_POINT('',#3401);
#914=VERTEX_POINT('',#3403);
#915=VERTEX_POINT('',#3405);
#916=VERTEX_POINT('',#3407);
#917=VERTEX_POINT('',#3409);
#918=VERTEX_POINT('',#3411);
#919=VERTEX_POINT('',#3413);
#920=VERTEX_POINT('',#3415);
#921=VERTEX_POINT('',#3418);
#922=VERTEX_POINT('',#3419);
#923=VERTEX_POINT('',#3421);
#924=VERTEX_POINT('',#3423);
#925=VERTEX_POINT('',#3426);
#926=VERTEX_POINT('',#3427);
#927=VERTEX_POINT('',#3429);
#928=VERTEX_POINT('',#3431);
#929=VERTEX_POINT('',#3434);
#930=VERTEX_POINT('',#3436);
#931=VERTEX_POINT('',#3439);
#932=VERTEX_POINT('',#3441);
#933=VERTEX_POINT('',#3446);
#934=VERTEX_POINT('',#3447);
#935=VERTEX_POINT('',#3449);
#936=VERTEX_POINT('',#3451);
#937=VERTEX_POINT('',#3455);
#938=VERTEX_POINT('',#3457);
#939=VERTEX_POINT('',#3461);
#940=VERTEX_POINT('',#3462);
#941=VERTEX_POINT('',#3464);
#942=VERTEX_POINT('',#3466);
#943=VERTEX_POINT('',#3485);
#944=VERTEX_POINT('',#3493);
#945=VERTEX_POINT('',#3500);
#946=VERTEX_POINT('',#3516);
#947=VERTEX_POINT('',#3519);
#948=VERTEX_POINT('',#3521);
#949=VERTEX_POINT('',#3523);
#950=VERTEX_POINT('',#3525);
#951=VERTEX_POINT('',#3527);
#952=VERTEX_POINT('',#3529);
#953=VERTEX_POINT('',#3531);
#954=VERTEX_POINT('',#3533);
#955=VERTEX_POINT('',#3535);
#956=VERTEX_POINT('',#3537);
#957=VERTEX_POINT('',#3539);
#958=VERTEX_POINT('',#3541);
#959=VERTEX_POINT('',#3549);
#960=VERTEX_POINT('',#3554);
#961=VERTEX_POINT('',#3561);
#962=VERTEX_POINT('',#3563);
#963=VERTEX_POINT('',#3565);
#964=VERTEX_POINT('',#3570);
#965=VERTEX_POINT('',#3572);
#966=VERTEX_POINT('',#3574);
#967=VERTEX_POINT('',#3576);
#968=VERTEX_POINT('',#3578);
#969=VERTEX_POINT('',#3580);
#970=VERTEX_POINT('',#3582);
#971=VERTEX_POINT('',#3584);
#972=VERTEX_POINT('',#3587);
#973=VERTEX_POINT('',#3588);
#974=VERTEX_POINT('',#3590);
#975=VERTEX_POINT('',#3592);
#976=VERTEX_POINT('',#3595);
#977=VERTEX_POINT('',#3597);
#978=VERTEX_POINT('',#3601);
#979=VERTEX_POINT('',#3603);
#980=VERTEX_POINT('',#3607);
#981=VERTEX_POINT('',#3609);
#982=VERTEX_POINT('',#3634);
#983=VERTEX_POINT('',#3636);
#984=VERTEX_POINT('',#3640);
#985=VERTEX_POINT('',#3642);
#986=VERTEX_POINT('',#3646);
#987=VERTEX_POINT('',#3648);
#988=VERTEX_POINT('',#3655);
#989=VERTEX_POINT('',#3656);
#990=VERTEX_POINT('',#3658);
#991=VERTEX_POINT('',#3660);
#992=VERTEX_POINT('',#3672);
#993=VERTEX_POINT('',#3674);
#994=VERTEX_POINT('',#3678);
#995=VERTEX_POINT('',#3680);
#996=VERTEX_POINT('',#3684);
#997=VERTEX_POINT('',#3686);
#998=VERTEX_POINT('',#3705);
#999=VERTEX_POINT('',#3729);
#1000=VERTEX_POINT('',#3731);
#1001=VERTEX_POINT('',#3736);
#1002=VERTEX_POINT('',#3738);
#1003=VERTEX_POINT('',#3745);
#1004=VERTEX_POINT('',#3747);
#1005=VERTEX_POINT('',#3749);
#1006=VERTEX_POINT('',#3751);
#1007=VERTEX_POINT('',#3755);
#1008=VERTEX_POINT('',#3757);
#1009=VERTEX_POINT('',#3764);
#1010=VERTEX_POINT('',#3769);
#1011=VERTEX_POINT('',#3782);
#1012=VERTEX_POINT('',#3784);
#1013=VERTEX_POINT('',#3790);
#1014=VERTEX_POINT('',#3792);
#1015=VERTEX_POINT('',#3804);
#1016=VERTEX_POINT('',#3832);
#1017=VERTEX_POINT('',#3837);
#1018=VERTEX_POINT('',#3860);
#1019=VERTEX_POINT('',#3866);
#1020=EDGE_CURVE('',#813,#814,#423,.F.);
#1021=EDGE_CURVE('',#815,#813,#424,.T.);
#1022=EDGE_CURVE('',#816,#815,#425,.T.);
#1023=EDGE_CURVE('',#816,#814,#426,.T.);
#1024=EDGE_CURVE('',#814,#817,#427,.F.);
#1025=EDGE_CURVE('',#818,#816,#428,.T.);
#1026=EDGE_CURVE('',#818,#817,#429,.T.);
#1027=EDGE_CURVE('',#817,#819,#430,.F.);
#1028=EDGE_CURVE('',#820,#818,#431,.T.);
#1029=EDGE_CURVE('',#819,#820,#432,.T.);
#1030=EDGE_CURVE('',#813,#819,#433,.T.);
#1031=EDGE_CURVE('',#815,#821,#434,.T.);
#1032=EDGE_CURVE('',#821,#822,#435,.T.);
#1033=EDGE_CURVE('',#823,#822,#163,.T.);
#1034=EDGE_CURVE('',#824,#823,#100,.T.);
#1035=EDGE_CURVE('',#825,#824,#164,.T.);
#1036=EDGE_CURVE('',#825,#826,#436,.T.);
#1037=EDGE_CURVE('',#827,#826,#437,.T.);
#1038=EDGE_CURVE('',#827,#828,#438,.T.);
#1039=EDGE_CURVE('',#828,#829,#439,.T.);
#1040=EDGE_CURVE('',#830,#829,#440,.T.);
#1041=EDGE_CURVE('',#830,#831,#441,.T.);
#1042=EDGE_CURVE('',#831,#832,#442,.T.);
#1043=EDGE_CURVE('',#832,#833,#443,.T.);
#1044=EDGE_CURVE('',#833,#834,#444,.T.);
#1045=EDGE_CURVE('',#834,#820,#445,.T.);
#1046=EDGE_CURVE('',#835,#835,#101,.T.);
#1047=EDGE_CURVE('',#836,#836,#102,.T.);
#1048=EDGE_CURVE('',#837,#837,#103,.T.);
#1049=EDGE_CURVE('',#838,#838,#104,.T.);
#1050=EDGE_CURVE('',#839,#840,#446,.F.);
#1051=EDGE_CURVE('',#834,#839,#447,.T.);
#1052=EDGE_CURVE('',#833,#840,#448,.T.);
#1053=EDGE_CURVE('',#840,#841,#449,.T.);
#1054=EDGE_CURVE('',#832,#841,#450,.F.);
#1055=EDGE_CURVE('',#841,#842,#451,.F.);
#1056=EDGE_CURVE('',#842,#831,#452,.T.);
#1057=EDGE_CURVE('',#839,#842,#453,.T.);
#1058=EDGE_CURVE('',#825,#843,#454,.T.);
#1059=EDGE_CURVE('',#843,#844,#165,.T.);
#1060=EDGE_CURVE('',#844,#845,#455,.T.);
#1061=EDGE_CURVE('',#845,#825,#166,.T.);
#1062=EDGE_CURVE('',#846,#847,#456,.T.);
#1063=EDGE_CURVE('',#847,#848,#167,.T.);
#1064=EDGE_CURVE('',#848,#849,#457,.T.);
#1065=EDGE_CURVE('',#849,#846,#168,.T.);
#1066=EDGE_CURVE('',#850,#851,#458,.T.);
#1067=EDGE_CURVE('',#851,#852,#169,.T.);
#1068=EDGE_CURVE('',#852,#822,#459,.T.);
#1069=EDGE_CURVE('',#822,#850,#170,.T.);
#1070=EDGE_CURVE('',#850,#847,#171,.T.);
#1071=EDGE_CURVE('',#846,#851,#172,.T.);
#1072=EDGE_CURVE('',#853,#824,#460,.T.);
#1073=EDGE_CURVE('',#823,#854,#461,.T.);
#1074=EDGE_CURVE('',#853,#854,#105,.T.);
#1075=EDGE_CURVE('',#852,#854,#173,.T.);
#1076=EDGE_CURVE('',#848,#845,#174,.T.);
#1077=EDGE_CURVE('',#844,#849,#175,.T.);
#1078=EDGE_CURVE('',#853,#843,#176,.T.);
#1079=EDGE_CURVE('',#821,#855,#106,.T.);
#1080=EDGE_CURVE('',#855,#850,#462,.T.);
#1081=EDGE_CURVE('',#835,#856,#463,.T.);
#1082=EDGE_CURVE('',#856,#856,#107,.T.);
#1083=EDGE_CURVE('',#857,#858,#15,.T.);
#1084=EDGE_CURVE('',#858,#859,#464,.T.);
#1085=EDGE_CURVE('',#859,#860,#16,.T.);
#1086=EDGE_CURVE('',#860,#857,#465,.T.);
#1087=EDGE_CURVE('',#861,#861,#108,.T.);
#1088=EDGE_CURVE('',#861,#862,#466,.T.);
#1089=EDGE_CURVE('',#862,#862,#109,.T.);
#1090=EDGE_CURVE('',#863,#864,#467,.T.);
#1091=EDGE_CURVE('',#865,#863,#177,.T.);
#1092=EDGE_CURVE('',#860,#865,#468,.T.);
#1093=EDGE_CURVE('',#866,#857,#469,.T.);
#1094=EDGE_CURVE('',#866,#864,#110,.T.);
#1095=EDGE_CURVE('',#867,#868,#17,.T.);
#1096=EDGE_CURVE('',#868,#869,#470,.T.);
#1097=EDGE_CURVE('',#869,#870,#18,.T.);
#1098=EDGE_CURVE('',#870,#867,#471,.T.);
#1099=EDGE_CURVE('',#871,#872,#19,.T.);
#1100=EDGE_CURVE('',#872,#873,#472,.T.);
#1101=EDGE_CURVE('',#873,#874,#20,.T.);
#1102=EDGE_CURVE('',#874,#871,#473,.T.);
#1103=EDGE_CURVE('',#875,#875,#111,.T.);
#1104=EDGE_CURVE('',#875,#876,#474,.T.);
#1105=EDGE_CURVE('',#876,#876,#112,.T.);
#1106=EDGE_CURVE('',#877,#878,#475,.T.);
#1107=EDGE_CURVE('',#879,#877,#113,.T.);
#1108=EDGE_CURVE('',#880,#879,#476,.T.);
#1109=EDGE_CURVE('',#880,#878,#114,.T.);
#1110=EDGE_CURVE('',#881,#871,#477,.T.);
#1111=EDGE_CURVE('',#881,#882,#115,.T.);
#1112=EDGE_CURVE('',#874,#882,#478,.T.);
#1113=EDGE_CURVE('',#878,#880,#479,.T.);
#1114=EDGE_CURVE('',#870,#883,#480,.T.);
#1115=EDGE_CURVE('',#884,#867,#481,.T.);
#1116=EDGE_CURVE('',#884,#883,#116,.T.);
#1117=EDGE_CURVE('',#885,#830,#482,.T.);
#1118=EDGE_CURVE('',#864,#885,#483,.T.);
#1119=EDGE_CURVE('',#886,#866,#484,.T.);
#1120=EDGE_CURVE('',#887,#886,#117,.T.);
#1121=EDGE_CURVE('',#888,#887,#118,.T.);
#1122=EDGE_CURVE('',#889,#888,#119,.T.);
#1123=EDGE_CURVE('',#890,#889,#485,.T.);
#1124=EDGE_CURVE('',#890,#891,#486,.T.);
#1125=EDGE_CURVE('',#892,#891,#487,.T.);
#1126=EDGE_CURVE('',#893,#892,#488,.T.);
#1127=EDGE_CURVE('',#882,#893,#489,.T.);
#1128=EDGE_CURVE('',#894,#881,#490,.T.);
#1129=EDGE_CURVE('',#894,#895,#120,.T.);
#1130=EDGE_CURVE('',#883,#895,#491,.T.);
#1131=EDGE_CURVE('',#896,#884,#492,.T.);
#1132=EDGE_CURVE('',#855,#896,#121,.T.);
#1133=EDGE_CURVE('',#897,#897,#122,.T.);
#1134=EDGE_CURVE('',#898,#898,#123,.T.);
#1135=EDGE_CURVE('',#893,#899,#493,.T.);
#1136=EDGE_CURVE('',#900,#899,#494,.T.);
#1137=EDGE_CURVE('',#900,#890,#495,.T.);
#1138=EDGE_CURVE('',#889,#901,#496,.T.);
#1139=EDGE_CURVE('',#901,#902,#124,.T.);
#1140=EDGE_CURVE('',#902,#903,#125,.T.);
#1141=EDGE_CURVE('',#903,#904,#497,.T.);
#1142=EDGE_CURVE('',#904,#905,#126,.T.);
#1143=EDGE_CURVE('',#905,#906,#127,.T.);
#1144=EDGE_CURVE('',#906,#907,#498,.T.);
#1145=EDGE_CURVE('',#907,#908,#499,.T.);
#1146=EDGE_CURVE('',#908,#909,#500,.T.);
#1147=EDGE_CURVE('',#910,#909,#501,.T.);
#1148=EDGE_CURVE('',#910,#911,#502,.T.);
#1149=EDGE_CURVE('',#911,#912,#503,.T.);
#1150=EDGE_CURVE('',#912,#913,#504,.T.);
#1151=EDGE_CURVE('',#914,#913,#505,.T.);
#1152=EDGE_CURVE('',#914,#915,#506,.T.);
#1153=EDGE_CURVE('',#915,#916,#507,.T.);
#1154=EDGE_CURVE('',#916,#917,#508,.T.);
#1155=EDGE_CURVE('',#918,#917,#509,.T.);
#1156=EDGE_CURVE('',#918,#919,#510,.T.);
#1157=EDGE_CURVE('',#920,#919,#511,.T.);
#1158=EDGE_CURVE('',#920,#894,#512,.T.);
#1159=EDGE_CURVE('',#921,#922,#513,.T.);
#1160=EDGE_CURVE('',#922,#923,#514,.T.);
#1161=EDGE_CURVE('',#923,#924,#515,.T.);
#1162=EDGE_CURVE('',#924,#921,#516,.T.);
#1163=EDGE_CURVE('',#925,#926,#517,.T.);
#1164=EDGE_CURVE('',#926,#927,#518,.T.);
#1165=EDGE_CURVE('',#927,#928,#519,.T.);
#1166=EDGE_CURVE('',#928,#925,#520,.T.);
#1167=EDGE_CURVE('',#929,#929,#128,.T.);
#1168=EDGE_CURVE('',#930,#930,#129,.T.);
#1169=EDGE_CURVE('',#931,#879,#521,.F.);
#1170=EDGE_CURVE('',#932,#931,#522,.T.);
#1171=EDGE_CURVE('',#932,#925,#523,.F.);
#1172=EDGE_CURVE('',#877,#928,#524,.F.);
#1173=EDGE_CURVE('',#933,#934,#21,.T.);
#1174=EDGE_CURVE('',#934,#935,#525,.T.);
#1175=EDGE_CURVE('',#935,#936,#22,.T.);
#1176=EDGE_CURVE('',#936,#933,#526,.T.);
#1177=EDGE_CURVE('',#937,#920,#23,.T.);
#1178=EDGE_CURVE('',#919,#938,#24,.T.);
#1179=EDGE_CURVE('',#938,#937,#527,.T.);
#1180=EDGE_CURVE('',#939,#940,#528,.T.);
#1181=EDGE_CURVE('',#940,#941,#529,.T.);
#1182=EDGE_CURVE('',#941,#942,#25,.T.);
#1183=EDGE_CURVE('',#942,#939,#530,.T.);
#1184=EDGE_CURVE('',#943,#940,#178,.T.);
#1185=EDGE_CURVE('',#939,#944,#179,.T.);
#1186=EDGE_CURVE('',#944,#943,#531,.T.);
#1187=EDGE_CURVE('',#945,#943,#180,.F.);
#1188=EDGE_CURVE('',#944,#945,#130,.T.);
#1189=EDGE_CURVE('',#865,#946,#131,.T.);
#1190=EDGE_CURVE('',#946,#863,#132,.T.);
#1191=EDGE_CURVE('',#885,#947,#532,.T.);
#1192=EDGE_CURVE('',#947,#948,#533,.T.);
#1193=EDGE_CURVE('',#948,#949,#534,.T.);
#1194=EDGE_CURVE('',#949,#950,#133,.T.);
#1195=EDGE_CURVE('',#950,#951,#134,.T.);
#1196=EDGE_CURVE('',#951,#952,#535,.T.);
#1197=EDGE_CURVE('',#953,#952,#536,.T.);
#1198=EDGE_CURVE('',#953,#954,#537,.T.);
#1199=EDGE_CURVE('',#954,#955,#538,.T.);
#1200=EDGE_CURVE('',#955,#956,#539,.T.);
#1201=EDGE_CURVE('',#957,#956,#540,.T.);
#1202=EDGE_CURVE('',#958,#957,#181,.T.);
#1203=EDGE_CURVE('',#944,#958,#541,.T.);
#1204=EDGE_CURVE('',#942,#886,#542,.T.);
#1205=EDGE_CURVE('',#898,#959,#543,.T.);
#1206=EDGE_CURVE('',#959,#959,#135,.T.);
#1207=EDGE_CURVE('',#897,#960,#544,.T.);
#1208=EDGE_CURVE('',#960,#960,#136,.T.);
#1209=EDGE_CURVE('',#887,#945,#545,.T.);
#1210=EDGE_CURVE('',#961,#958,#137,.T.);
#1211=EDGE_CURVE('',#961,#962,#546,.T.);
#1212=EDGE_CURVE('',#962,#963,#138,.T.);
#1213=EDGE_CURVE('',#888,#963,#547,.T.);
#1214=EDGE_CURVE('',#895,#933,#548,.T.);
#1215=EDGE_CURVE('',#936,#964,#549,.T.);
#1216=EDGE_CURVE('',#965,#964,#550,.T.);
#1217=EDGE_CURVE('',#965,#966,#551,.T.);
#1218=EDGE_CURVE('',#966,#967,#552,.T.);
#1219=EDGE_CURVE('',#967,#968,#553,.T.);
#1220=EDGE_CURVE('',#969,#968,#554,.T.);
#1221=EDGE_CURVE('',#969,#970,#555,.T.);
#1222=EDGE_CURVE('',#970,#971,#556,.T.);
#1223=EDGE_CURVE('',#971,#896,#557,.T.);
#1224=EDGE_CURVE('',#972,#973,#558,.T.);
#1225=EDGE_CURVE('',#973,#974,#559,.T.);
#1226=EDGE_CURVE('',#974,#975,#560,.T.);
#1227=EDGE_CURVE('',#975,#972,#561,.T.);
#1228=EDGE_CURVE('',#976,#932,#562,.T.);
#1229=EDGE_CURVE('',#931,#977,#563,.T.);
#1230=EDGE_CURVE('',#977,#976,#564,.T.);
#1231=EDGE_CURVE('',#952,#978,#26,.T.);
#1232=EDGE_CURVE('',#978,#979,#565,.T.);
#1233=EDGE_CURVE('',#979,#953,#27,.T.);
#1234=EDGE_CURVE('',#980,#980,#139,.T.);
#1235=EDGE_CURVE('',#980,#981,#566,.T.);
#1236=EDGE_CURVE('',#981,#981,#140,.T.);
#1237=EDGE_CURVE('',#949,#951,#182,.T.);
#1238=EDGE_CURVE('',#954,#948,#141,.T.);
#1239=EDGE_CURVE('',#968,#982,#28,.T.);
#1240=EDGE_CURVE('',#982,#983,#567,.T.);
#1241=EDGE_CURVE('',#983,#969,#29,.T.);
#1242=EDGE_CURVE('',#913,#984,#30,.T.);
#1243=EDGE_CURVE('',#984,#985,#568,.T.);
#1244=EDGE_CURVE('',#985,#914,#31,.T.);
#1245=EDGE_CURVE('',#986,#986,#142,.T.);
#1246=EDGE_CURVE('',#986,#987,#569,.T.);
#1247=EDGE_CURVE('',#987,#987,#143,.T.);
#1248=EDGE_CURVE('',#970,#967,#144,.T.);
#1249=EDGE_CURVE('',#988,#989,#570,.T.);
#1250=EDGE_CURVE('',#990,#988,#145,.T.);
#1251=EDGE_CURVE('',#991,#990,#571,.T.);
#1252=EDGE_CURVE('',#989,#991,#146,.T.);
#1253=EDGE_CURVE('',#915,#912,#147,.T.);
#1254=EDGE_CURVE('',#990,#988,#572,.T.);
#1255=EDGE_CURVE('',#975,#991,#573,.T.);
#1256=EDGE_CURVE('',#974,#924,#574,.T.);
#1257=EDGE_CURVE('',#989,#923,#575,.T.);
#1258=EDGE_CURVE('',#992,#965,#32,.T.);
#1259=EDGE_CURVE('',#964,#993,#33,.T.);
#1260=EDGE_CURVE('',#993,#992,#576,.T.);
#1261=EDGE_CURVE('',#917,#994,#34,.T.);
#1262=EDGE_CURVE('',#994,#995,#577,.T.);
#1263=EDGE_CURVE('',#995,#918,#35,.T.);
#1264=EDGE_CURVE('',#996,#957,#578,.T.);
#1265=EDGE_CURVE('',#956,#997,#36,.T.);
#1266=EDGE_CURVE('',#997,#996,#579,.T.);
#1267=EDGE_CURVE('',#996,#998,#183,.T.);
#1268=EDGE_CURVE('',#998,#958,#580,.T.);
#1269=EDGE_CURVE('',#998,#961,#184,.F.);
#1270=EDGE_CURVE('',#999,#999,#148,.T.);
#1271=EDGE_CURVE('',#999,#1000,#581,.T.);
#1272=EDGE_CURVE('',#1000,#1000,#149,.T.);
#1273=EDGE_CURVE('',#1001,#1001,#150,.T.);
#1274=EDGE_CURVE('',#1001,#1002,#582,.T.);
#1275=EDGE_CURVE('',#1002,#1002,#151,.T.);
#1276=EDGE_CURVE('',#962,#955,#152,.T.);
#1277=EDGE_CURVE('',#828,#1003,#583,.T.);
#1278=EDGE_CURVE('',#1004,#1003,#584,.T.);
#1279=EDGE_CURVE('',#1005,#1004,#585,.T.);
#1280=EDGE_CURVE('',#1006,#1005,#153,.T.);
#1281=EDGE_CURVE('',#971,#1006,#154,.T.);
#1282=EDGE_CURVE('',#966,#916,#155,.T.);
#1283=EDGE_CURVE('',#911,#1007,#586,.T.);
#1284=EDGE_CURVE('',#1007,#1008,#587,.T.);
#1285=EDGE_CURVE('',#908,#1008,#588,.T.);
#1286=EDGE_CURVE('',#963,#907,#156,.T.);
#1287=EDGE_CURVE('',#829,#947,#589,.T.);
#1288=EDGE_CURVE('',#826,#1009,#590,.T.);
#1289=EDGE_CURVE('',#826,#1005,#591,.T.);
#1290=EDGE_CURVE('',#1009,#1004,#592,.T.);
#1291=EDGE_CURVE('',#1009,#1010,#593,.T.);
#1292=EDGE_CURVE('',#1010,#827,#594,.T.);
#1293=EDGE_CURVE('',#845,#1006,#595,.T.);
#1294=EDGE_CURVE('',#1003,#1010,#596,.T.);
#1295=EDGE_CURVE('',#854,#853,#157,.T.);
#1296=EDGE_CURVE('',#1011,#910,#597,.T.);
#1297=EDGE_CURVE('',#909,#1012,#598,.T.);
#1298=EDGE_CURVE('',#1012,#1011,#599,.T.);
#1299=EDGE_CURVE('',#1008,#1012,#600,.T.);
#1300=EDGE_CURVE('',#899,#1013,#601,.T.);
#1301=EDGE_CURVE('',#1013,#1014,#602,.T.);
#1302=EDGE_CURVE('',#1014,#900,#603,.T.);
#1303=EDGE_CURVE('',#1013,#892,#604,.T.);
#1304=EDGE_CURVE('',#1011,#1007,#605,.T.);
#1305=EDGE_CURVE('',#891,#1014,#606,.T.);
#1306=EDGE_CURVE('',#838,#1015,#607,.T.);
#1307=EDGE_CURVE('',#1015,#1015,#158,.T.);
#1308=EDGE_CURVE('',#837,#950,#608,.T.);
#1309=EDGE_CURVE('',#836,#946,#609,.T.);
#1310=EDGE_CURVE('',#906,#904,#185,.T.);
#1311=EDGE_CURVE('',#905,#1016,#610,.T.);
#1312=EDGE_CURVE('',#1016,#1016,#159,.T.);
#1313=EDGE_CURVE('',#930,#1017,#611,.T.);
#1314=EDGE_CURVE('',#1017,#1017,#160,.T.);
#1315=EDGE_CURVE('',#903,#901,#186,.T.);
#1316=EDGE_CURVE('',#902,#1018,#612,.T.);
#1317=EDGE_CURVE('',#1018,#1018,#161,.T.);
#1318=EDGE_CURVE('',#929,#1019,#613,.T.);
#1319=EDGE_CURVE('',#1019,#1019,#162,.T.);
#1320=EDGE_CURVE('',#976,#926,#614,.T.);
#1321=EDGE_CURVE('',#977,#927,#615,.F.);
#1322=EDGE_CURVE('',#973,#921,#616,.F.);
#1323=EDGE_CURVE('',#972,#922,#617,.T.);
#1324=ORIENTED_EDGE('',*,*,#1020,.F.);
#1325=ORIENTED_EDGE('',*,*,#1021,.F.);
#1326=ORIENTED_EDGE('',*,*,#1022,.F.);
#1327=ORIENTED_EDGE('',*,*,#1023,.T.);
#1328=ORIENTED_EDGE('',*,*,#1024,.F.);
#1329=ORIENTED_EDGE('',*,*,#1023,.F.);
#1330=ORIENTED_EDGE('',*,*,#1025,.F.);
#1331=ORIENTED_EDGE('',*,*,#1026,.T.);
#1332=ORIENTED_EDGE('',*,*,#1027,.F.);
#1333=ORIENTED_EDGE('',*,*,#1026,.F.);
#1334=ORIENTED_EDGE('',*,*,#1028,.F.);
#1335=ORIENTED_EDGE('',*,*,#1029,.F.);
#1336=ORIENTED_EDGE('',*,*,#1024,.T.);
#1337=ORIENTED_EDGE('',*,*,#1027,.T.);
#1338=ORIENTED_EDGE('',*,*,#1030,.F.);
#1339=ORIENTED_EDGE('',*,*,#1020,.T.);
#1340=ORIENTED_EDGE('',*,*,#1028,.T.);
#1341=ORIENTED_EDGE('',*,*,#1025,.T.);
#1342=ORIENTED_EDGE('',*,*,#1022,.T.);
#1343=ORIENTED_EDGE('',*,*,#1031,.T.);
#1344=ORIENTED_EDGE('',*,*,#1032,.T.);
#1345=ORIENTED_EDGE('',*,*,#1033,.F.);
#1346=ORIENTED_EDGE('',*,*,#1034,.F.);
#1347=ORIENTED_EDGE('',*,*,#1035,.F.);
#1348=ORIENTED_EDGE('',*,*,#1036,.T.);
#1349=ORIENTED_EDGE('',*,*,#1037,.F.);
#1350=ORIENTED_EDGE('',*,*,#1038,.T.);
#1351=ORIENTED_EDGE('',*,*,#1039,.T.);
#1352=ORIENTED_EDGE('',*,*,#1040,.F.);
#1353=ORIENTED_EDGE('',*,*,#1041,.T.);
#1354=ORIENTED_EDGE('',*,*,#1042,.T.);
#1355=ORIENTED_EDGE('',*,*,#1043,.T.);
#1356=ORIENTED_EDGE('',*,*,#1044,.T.);
#1357=ORIENTED_EDGE('',*,*,#1045,.T.);
#1358=ORIENTED_EDGE('',*,*,#1046,.F.);
#1359=ORIENTED_EDGE('',*,*,#1047,.T.);
#1360=ORIENTED_EDGE('',*,*,#1048,.T.);
#1361=ORIENTED_EDGE('',*,*,#1049,.T.);
#1362=ORIENTED_EDGE('',*,*,#1050,.F.);
#1363=ORIENTED_EDGE('',*,*,#1051,.F.);
#1364=ORIENTED_EDGE('',*,*,#1044,.F.);
#1365=ORIENTED_EDGE('',*,*,#1052,.T.);
#1366=ORIENTED_EDGE('',*,*,#1053,.F.);
#1367=ORIENTED_EDGE('',*,*,#1052,.F.);
#1368=ORIENTED_EDGE('',*,*,#1043,.F.);
#1369=ORIENTED_EDGE('',*,*,#1054,.T.);
#1370=ORIENTED_EDGE('',*,*,#1055,.F.);
#1371=ORIENTED_EDGE('',*,*,#1054,.F.);
#1372=ORIENTED_EDGE('',*,*,#1042,.F.);
#1373=ORIENTED_EDGE('',*,*,#1056,.F.);
#1374=ORIENTED_EDGE('',*,*,#1053,.T.);
#1375=ORIENTED_EDGE('',*,*,#1055,.T.);
#1376=ORIENTED_EDGE('',*,*,#1057,.F.);
#1377=ORIENTED_EDGE('',*,*,#1050,.T.);
#1378=ORIENTED_EDGE('',*,*,#1058,.T.);
#1379=ORIENTED_EDGE('',*,*,#1059,.T.);
#1380=ORIENTED_EDGE('',*,*,#1060,.T.);
#1381=ORIENTED_EDGE('',*,*,#1061,.T.);
#1382=ORIENTED_EDGE('',*,*,#1062,.T.);
#1383=ORIENTED_EDGE('',*,*,#1063,.T.);
#1384=ORIENTED_EDGE('',*,*,#1064,.T.);
#1385=ORIENTED_EDGE('',*,*,#1065,.T.);
#1386=ORIENTED_EDGE('',*,*,#1066,.T.);
#1387=ORIENTED_EDGE('',*,*,#1067,.T.);
#1388=ORIENTED_EDGE('',*,*,#1068,.T.);
#1389=ORIENTED_EDGE('',*,*,#1069,.T.);
#1390=ORIENTED_EDGE('',*,*,#1066,.F.);
#1391=ORIENTED_EDGE('',*,*,#1070,.T.);
#1392=ORIENTED_EDGE('',*,*,#1062,.F.);
#1393=ORIENTED_EDGE('',*,*,#1071,.T.);
#1394=ORIENTED_EDGE('',*,*,#1072,.T.);
#1395=ORIENTED_EDGE('',*,*,#1034,.T.);
#1396=ORIENTED_EDGE('',*,*,#1073,.T.);
#1397=ORIENTED_EDGE('',*,*,#1074,.F.);
#1398=ORIENTED_EDGE('',*,*,#1073,.F.);
#1399=ORIENTED_EDGE('',*,*,#1033,.T.);
#1400=ORIENTED_EDGE('',*,*,#1068,.F.);
#1401=ORIENTED_EDGE('',*,*,#1075,.T.);
#1402=ORIENTED_EDGE('',*,*,#1064,.F.);
#1403=ORIENTED_EDGE('',*,*,#1076,.T.);
#1404=ORIENTED_EDGE('',*,*,#1060,.F.);
#1405=ORIENTED_EDGE('',*,*,#1077,.T.);
#1406=ORIENTED_EDGE('',*,*,#1058,.F.);
#1407=ORIENTED_EDGE('',*,*,#1035,.T.);
#1408=ORIENTED_EDGE('',*,*,#1072,.F.);
#1409=ORIENTED_EDGE('',*,*,#1078,.T.);
#1410=ORIENTED_EDGE('',*,*,#1069,.F.);
#1411=ORIENTED_EDGE('',*,*,#1032,.F.);
#1412=ORIENTED_EDGE('',*,*,#1079,.T.);
#1413=ORIENTED_EDGE('',*,*,#1080,.T.);
#1414=ORIENTED_EDGE('',*,*,#1046,.T.);
#1415=ORIENTED_EDGE('',*,*,#1081,.T.);
#1416=ORIENTED_EDGE('',*,*,#1082,.F.);
#1417=ORIENTED_EDGE('',*,*,#1081,.F.);
#1418=ORIENTED_EDGE('',*,*,#1083,.T.);
#1419=ORIENTED_EDGE('',*,*,#1084,.T.);
#1420=ORIENTED_EDGE('',*,*,#1085,.T.);
#1421=ORIENTED_EDGE('',*,*,#1086,.T.);
#1422=ORIENTED_EDGE('',*,*,#1087,.F.);
#1423=ORIENTED_EDGE('',*,*,#1088,.T.);
#1424=ORIENTED_EDGE('',*,*,#1089,.F.);
#1425=ORIENTED_EDGE('',*,*,#1088,.F.);
#1426=ORIENTED_EDGE('',*,*,#1089,.T.);
#1427=ORIENTED_EDGE('',*,*,#1090,.F.);
#1428=ORIENTED_EDGE('',*,*,#1091,.F.);
#1429=ORIENTED_EDGE('',*,*,#1092,.F.);
#1430=ORIENTED_EDGE('',*,*,#1085,.F.);
#1431=ORIENTED_EDGE('',*,*,#1084,.F.);
#1432=ORIENTED_EDGE('',*,*,#1083,.F.);
#1433=ORIENTED_EDGE('',*,*,#1093,.F.);
#1434=ORIENTED_EDGE('',*,*,#1094,.T.);
#1435=ORIENTED_EDGE('',*,*,#1095,.T.);
#1436=ORIENTED_EDGE('',*,*,#1096,.T.);
#1437=ORIENTED_EDGE('',*,*,#1097,.T.);
#1438=ORIENTED_EDGE('',*,*,#1098,.T.);
#1439=ORIENTED_EDGE('',*,*,#1099,.T.);
#1440=ORIENTED_EDGE('',*,*,#1100,.T.);
#1441=ORIENTED_EDGE('',*,*,#1101,.T.);
#1442=ORIENTED_EDGE('',*,*,#1102,.T.);
#1443=ORIENTED_EDGE('',*,*,#1103,.F.);
#1444=ORIENTED_EDGE('',*,*,#1104,.T.);
#1445=ORIENTED_EDGE('',*,*,#1105,.F.);
#1446=ORIENTED_EDGE('',*,*,#1104,.F.);
#1447=ORIENTED_EDGE('',*,*,#1105,.T.);
#1448=ORIENTED_EDGE('',*,*,#1106,.F.);
#1449=ORIENTED_EDGE('',*,*,#1107,.F.);
#1450=ORIENTED_EDGE('',*,*,#1108,.F.);
#1451=ORIENTED_EDGE('',*,*,#1109,.T.);
#1452=ORIENTED_EDGE('',*,*,#1110,.F.);
#1453=ORIENTED_EDGE('',*,*,#1111,.T.);
#1454=ORIENTED_EDGE('',*,*,#1112,.F.);
#1455=ORIENTED_EDGE('',*,*,#1101,.F.);
#1456=ORIENTED_EDGE('',*,*,#1100,.F.);
#1457=ORIENTED_EDGE('',*,*,#1099,.F.);
#1458=ORIENTED_EDGE('',*,*,#1113,.F.);
#1459=ORIENTED_EDGE('',*,*,#1109,.F.);
#1460=ORIENTED_EDGE('',*,*,#1114,.F.);
#1461=ORIENTED_EDGE('',*,*,#1097,.F.);
#1462=ORIENTED_EDGE('',*,*,#1096,.F.);
#1463=ORIENTED_EDGE('',*,*,#1095,.F.);
#1464=ORIENTED_EDGE('',*,*,#1115,.F.);
#1465=ORIENTED_EDGE('',*,*,#1116,.T.);
#1466=ORIENTED_EDGE('',*,*,#1029,.T.);
#1467=ORIENTED_EDGE('',*,*,#1045,.F.);
#1468=ORIENTED_EDGE('',*,*,#1051,.T.);
#1469=ORIENTED_EDGE('',*,*,#1057,.T.);
#1470=ORIENTED_EDGE('',*,*,#1056,.T.);
#1471=ORIENTED_EDGE('',*,*,#1041,.F.);
#1472=ORIENTED_EDGE('',*,*,#1117,.F.);
#1473=ORIENTED_EDGE('',*,*,#1118,.F.);
#1474=ORIENTED_EDGE('',*,*,#1094,.F.);
#1475=ORIENTED_EDGE('',*,*,#1119,.F.);
#1476=ORIENTED_EDGE('',*,*,#1120,.F.);
#1477=ORIENTED_EDGE('',*,*,#1121,.F.);
#1478=ORIENTED_EDGE('',*,*,#1122,.F.);
#1479=ORIENTED_EDGE('',*,*,#1123,.F.);
#1480=ORIENTED_EDGE('',*,*,#1124,.T.);
#1481=ORIENTED_EDGE('',*,*,#1125,.F.);
#1482=ORIENTED_EDGE('',*,*,#1126,.F.);
#1483=ORIENTED_EDGE('',*,*,#1127,.F.);
#1484=ORIENTED_EDGE('',*,*,#1111,.F.);
#1485=ORIENTED_EDGE('',*,*,#1128,.F.);
#1486=ORIENTED_EDGE('',*,*,#1129,.T.);
#1487=ORIENTED_EDGE('',*,*,#1130,.F.);
#1488=ORIENTED_EDGE('',*,*,#1116,.F.);
#1489=ORIENTED_EDGE('',*,*,#1131,.F.);
#1490=ORIENTED_EDGE('',*,*,#1132,.F.);
#1491=ORIENTED_EDGE('',*,*,#1079,.F.);
#1492=ORIENTED_EDGE('',*,*,#1031,.F.);
#1493=ORIENTED_EDGE('',*,*,#1021,.T.);
#1494=ORIENTED_EDGE('',*,*,#1030,.T.);
#1495=ORIENTED_EDGE('',*,*,#1087,.T.);
#1496=ORIENTED_EDGE('',*,*,#1133,.T.);
#1497=ORIENTED_EDGE('',*,*,#1134,.T.);
#1498=ORIENTED_EDGE('',*,*,#1103,.T.);
#1499=ORIENTED_EDGE('',*,*,#1112,.T.);
#1500=ORIENTED_EDGE('',*,*,#1127,.T.);
#1501=ORIENTED_EDGE('',*,*,#1135,.T.);
#1502=ORIENTED_EDGE('',*,*,#1136,.F.);
#1503=ORIENTED_EDGE('',*,*,#1137,.T.);
#1504=ORIENTED_EDGE('',*,*,#1123,.T.);
#1505=ORIENTED_EDGE('',*,*,#1138,.T.);
#1506=ORIENTED_EDGE('',*,*,#1139,.T.);
#1507=ORIENTED_EDGE('',*,*,#1140,.T.);
#1508=ORIENTED_EDGE('',*,*,#1141,.T.);
#1509=ORIENTED_EDGE('',*,*,#1142,.T.);
#1510=ORIENTED_EDGE('',*,*,#1143,.T.);
#1511=ORIENTED_EDGE('',*,*,#1144,.T.);
#1512=ORIENTED_EDGE('',*,*,#1145,.T.);
#1513=ORIENTED_EDGE('',*,*,#1146,.T.);
#1514=ORIENTED_EDGE('',*,*,#1147,.F.);
#1515=ORIENTED_EDGE('',*,*,#1148,.T.);
#1516=ORIENTED_EDGE('',*,*,#1149,.T.);
#1517=ORIENTED_EDGE('',*,*,#1150,.T.);
#1518=ORIENTED_EDGE('',*,*,#1151,.F.);
#1519=ORIENTED_EDGE('',*,*,#1152,.T.);
#1520=ORIENTED_EDGE('',*,*,#1153,.T.);
#1521=ORIENTED_EDGE('',*,*,#1154,.T.);
#1522=ORIENTED_EDGE('',*,*,#1155,.F.);
#1523=ORIENTED_EDGE('',*,*,#1156,.T.);
#1524=ORIENTED_EDGE('',*,*,#1157,.F.);
#1525=ORIENTED_EDGE('',*,*,#1158,.T.);
#1526=ORIENTED_EDGE('',*,*,#1128,.T.);
#1527=ORIENTED_EDGE('',*,*,#1110,.T.);
#1528=ORIENTED_EDGE('',*,*,#1102,.F.);
#1529=ORIENTED_EDGE('',*,*,#1159,.T.);
#1530=ORIENTED_EDGE('',*,*,#1160,.T.);
#1531=ORIENTED_EDGE('',*,*,#1161,.T.);
#1532=ORIENTED_EDGE('',*,*,#1162,.T.);
#1533=ORIENTED_EDGE('',*,*,#1163,.T.);
#1534=ORIENTED_EDGE('',*,*,#1164,.T.);
#1535=ORIENTED_EDGE('',*,*,#1165,.T.);
#1536=ORIENTED_EDGE('',*,*,#1166,.T.);
#1537=ORIENTED_EDGE('',*,*,#1167,.T.);
#1538=ORIENTED_EDGE('',*,*,#1168,.T.);
#1539=ORIENTED_EDGE('',*,*,#1106,.T.);
#1540=ORIENTED_EDGE('',*,*,#1113,.T.);
#1541=ORIENTED_EDGE('',*,*,#1108,.T.);
#1542=ORIENTED_EDGE('',*,*,#1169,.F.);
#1543=ORIENTED_EDGE('',*,*,#1170,.F.);
#1544=ORIENTED_EDGE('',*,*,#1171,.T.);
#1545=ORIENTED_EDGE('',*,*,#1166,.F.);
#1546=ORIENTED_EDGE('',*,*,#1172,.F.);
#1547=ORIENTED_EDGE('',*,*,#1173,.T.);
#1548=ORIENTED_EDGE('',*,*,#1174,.T.);
#1549=ORIENTED_EDGE('',*,*,#1175,.T.);
#1550=ORIENTED_EDGE('',*,*,#1176,.T.);
#1551=ORIENTED_EDGE('',*,*,#1177,.T.);
#1552=ORIENTED_EDGE('',*,*,#1157,.T.);
#1553=ORIENTED_EDGE('',*,*,#1178,.T.);
#1554=ORIENTED_EDGE('',*,*,#1179,.T.);
#1555=ORIENTED_EDGE('',*,*,#1180,.T.);
#1556=ORIENTED_EDGE('',*,*,#1181,.T.);
#1557=ORIENTED_EDGE('',*,*,#1182,.T.);
#1558=ORIENTED_EDGE('',*,*,#1183,.T.);
#1559=ORIENTED_EDGE('',*,*,#1184,.T.);
#1560=ORIENTED_EDGE('',*,*,#1180,.F.);
#1561=ORIENTED_EDGE('',*,*,#1185,.T.);
#1562=ORIENTED_EDGE('',*,*,#1186,.T.);
#1563=ORIENTED_EDGE('',*,*,#1187,.T.);
#1564=ORIENTED_EDGE('',*,*,#1186,.F.);
#1565=ORIENTED_EDGE('',*,*,#1188,.T.);
#1566=ORIENTED_EDGE('',*,*,#1092,.T.);
#1567=ORIENTED_EDGE('',*,*,#1189,.T.);
#1568=ORIENTED_EDGE('',*,*,#1190,.T.);
#1569=ORIENTED_EDGE('',*,*,#1090,.T.);
#1570=ORIENTED_EDGE('',*,*,#1118,.T.);
#1571=ORIENTED_EDGE('',*,*,#1191,.T.);
#1572=ORIENTED_EDGE('',*,*,#1192,.T.);
#1573=ORIENTED_EDGE('',*,*,#1193,.T.);
#1574=ORIENTED_EDGE('',*,*,#1194,.T.);
#1575=ORIENTED_EDGE('',*,*,#1195,.T.);
#1576=ORIENTED_EDGE('',*,*,#1196,.T.);
#1577=ORIENTED_EDGE('',*,*,#1197,.F.);
#1578=ORIENTED_EDGE('',*,*,#1198,.T.);
#1579=ORIENTED_EDGE('',*,*,#1199,.T.);
#1580=ORIENTED_EDGE('',*,*,#1200,.T.);
#1581=ORIENTED_EDGE('',*,*,#1201,.F.);
#1582=ORIENTED_EDGE('',*,*,#1202,.F.);
#1583=ORIENTED_EDGE('',*,*,#1203,.F.);
#1584=ORIENTED_EDGE('',*,*,#1185,.F.);
#1585=ORIENTED_EDGE('',*,*,#1183,.F.);
#1586=ORIENTED_EDGE('',*,*,#1204,.T.);
#1587=ORIENTED_EDGE('',*,*,#1119,.T.);
#1588=ORIENTED_EDGE('',*,*,#1093,.T.);
#1589=ORIENTED_EDGE('',*,*,#1086,.F.);
#1590=ORIENTED_EDGE('',*,*,#1134,.F.);
#1591=ORIENTED_EDGE('',*,*,#1205,.T.);
#1592=ORIENTED_EDGE('',*,*,#1206,.F.);
#1593=ORIENTED_EDGE('',*,*,#1205,.F.);
#1594=ORIENTED_EDGE('',*,*,#1206,.T.);
#1595=ORIENTED_EDGE('',*,*,#1133,.F.);
#1596=ORIENTED_EDGE('',*,*,#1207,.T.);
#1597=ORIENTED_EDGE('',*,*,#1208,.F.);
#1598=ORIENTED_EDGE('',*,*,#1207,.F.);
#1599=ORIENTED_EDGE('',*,*,#1208,.T.);
#1600=ORIENTED_EDGE('',*,*,#1209,.F.);
#1601=ORIENTED_EDGE('',*,*,#1120,.T.);
#1602=ORIENTED_EDGE('',*,*,#1204,.F.);
#1603=ORIENTED_EDGE('',*,*,#1182,.F.);
#1604=ORIENTED_EDGE('',*,*,#1181,.F.);
#1605=ORIENTED_EDGE('',*,*,#1184,.F.);
#1606=ORIENTED_EDGE('',*,*,#1187,.F.);
#1607=ORIENTED_EDGE('',*,*,#1188,.F.);
#1608=ORIENTED_EDGE('',*,*,#1203,.T.);
#1609=ORIENTED_EDGE('',*,*,#1210,.F.);
#1610=ORIENTED_EDGE('',*,*,#1211,.T.);
#1611=ORIENTED_EDGE('',*,*,#1212,.T.);
#1612=ORIENTED_EDGE('',*,*,#1213,.F.);
#1613=ORIENTED_EDGE('',*,*,#1121,.T.);
#1614=ORIENTED_EDGE('',*,*,#1209,.T.);
#1615=ORIENTED_EDGE('',*,*,#1114,.T.);
#1616=ORIENTED_EDGE('',*,*,#1130,.T.);
#1617=ORIENTED_EDGE('',*,*,#1214,.T.);
#1618=ORIENTED_EDGE('',*,*,#1176,.F.);
#1619=ORIENTED_EDGE('',*,*,#1215,.T.);
#1620=ORIENTED_EDGE('',*,*,#1216,.F.);
#1621=ORIENTED_EDGE('',*,*,#1217,.T.);
#1622=ORIENTED_EDGE('',*,*,#1218,.T.);
#1623=ORIENTED_EDGE('',*,*,#1219,.T.);
#1624=ORIENTED_EDGE('',*,*,#1220,.F.);
#1625=ORIENTED_EDGE('',*,*,#1221,.T.);
#1626=ORIENTED_EDGE('',*,*,#1222,.T.);
#1627=ORIENTED_EDGE('',*,*,#1223,.T.);
#1628=ORIENTED_EDGE('',*,*,#1131,.T.);
#1629=ORIENTED_EDGE('',*,*,#1115,.T.);
#1630=ORIENTED_EDGE('',*,*,#1098,.F.);
#1631=ORIENTED_EDGE('',*,*,#1224,.T.);
#1632=ORIENTED_EDGE('',*,*,#1225,.T.);
#1633=ORIENTED_EDGE('',*,*,#1226,.T.);
#1634=ORIENTED_EDGE('',*,*,#1227,.T.);
#1635=ORIENTED_EDGE('',*,*,#1228,.T.);
#1636=ORIENTED_EDGE('',*,*,#1170,.T.);
#1637=ORIENTED_EDGE('',*,*,#1229,.T.);
#1638=ORIENTED_EDGE('',*,*,#1230,.T.);
#1639=ORIENTED_EDGE('',*,*,#1231,.T.);
#1640=ORIENTED_EDGE('',*,*,#1232,.T.);
#1641=ORIENTED_EDGE('',*,*,#1233,.T.);
#1642=ORIENTED_EDGE('',*,*,#1197,.T.);
#1643=ORIENTED_EDGE('',*,*,#1234,.F.);
#1644=ORIENTED_EDGE('',*,*,#1235,.T.);
#1645=ORIENTED_EDGE('',*,*,#1236,.T.);
#1646=ORIENTED_EDGE('',*,*,#1235,.F.);
#1647=ORIENTED_EDGE('',*,*,#1236,.F.);
#1648=ORIENTED_EDGE('',*,*,#1198,.F.);
#1649=ORIENTED_EDGE('',*,*,#1233,.F.);
#1650=ORIENTED_EDGE('',*,*,#1232,.F.);
#1651=ORIENTED_EDGE('',*,*,#1231,.F.);
#1652=ORIENTED_EDGE('',*,*,#1196,.F.);
#1653=ORIENTED_EDGE('',*,*,#1237,.F.);
#1654=ORIENTED_EDGE('',*,*,#1193,.F.);
#1655=ORIENTED_EDGE('',*,*,#1238,.F.);
#1656=ORIENTED_EDGE('',*,*,#1239,.T.);
#1657=ORIENTED_EDGE('',*,*,#1240,.T.);
#1658=ORIENTED_EDGE('',*,*,#1241,.T.);
#1659=ORIENTED_EDGE('',*,*,#1220,.T.);
#1660=ORIENTED_EDGE('',*,*,#1242,.T.);
#1661=ORIENTED_EDGE('',*,*,#1243,.T.);
#1662=ORIENTED_EDGE('',*,*,#1244,.T.);
#1663=ORIENTED_EDGE('',*,*,#1151,.T.);
#1664=ORIENTED_EDGE('',*,*,#1245,.F.);
#1665=ORIENTED_EDGE('',*,*,#1246,.T.);
#1666=ORIENTED_EDGE('',*,*,#1247,.T.);
#1667=ORIENTED_EDGE('',*,*,#1246,.F.);
#1668=ORIENTED_EDGE('',*,*,#1247,.F.);
#1669=ORIENTED_EDGE('',*,*,#1221,.F.);
#1670=ORIENTED_EDGE('',*,*,#1241,.F.);
#1671=ORIENTED_EDGE('',*,*,#1240,.F.);
#1672=ORIENTED_EDGE('',*,*,#1239,.F.);
#1673=ORIENTED_EDGE('',*,*,#1219,.F.);
#1674=ORIENTED_EDGE('',*,*,#1248,.F.);
#1675=ORIENTED_EDGE('',*,*,#1249,.F.);
#1676=ORIENTED_EDGE('',*,*,#1250,.F.);
#1677=ORIENTED_EDGE('',*,*,#1251,.F.);
#1678=ORIENTED_EDGE('',*,*,#1252,.F.);
#1679=ORIENTED_EDGE('',*,*,#1150,.F.);
#1680=ORIENTED_EDGE('',*,*,#1253,.F.);
#1681=ORIENTED_EDGE('',*,*,#1152,.F.);
#1682=ORIENTED_EDGE('',*,*,#1244,.F.);
#1683=ORIENTED_EDGE('',*,*,#1243,.F.);
#1684=ORIENTED_EDGE('',*,*,#1242,.F.);
#1685=ORIENTED_EDGE('',*,*,#1254,.F.);
#1686=ORIENTED_EDGE('',*,*,#1250,.T.);
#1687=ORIENTED_EDGE('',*,*,#1252,.T.);
#1688=ORIENTED_EDGE('',*,*,#1255,.F.);
#1689=ORIENTED_EDGE('',*,*,#1226,.F.);
#1690=ORIENTED_EDGE('',*,*,#1256,.T.);
#1691=ORIENTED_EDGE('',*,*,#1161,.F.);
#1692=ORIENTED_EDGE('',*,*,#1257,.F.);
#1693=ORIENTED_EDGE('',*,*,#1258,.T.);
#1694=ORIENTED_EDGE('',*,*,#1216,.T.);
#1695=ORIENTED_EDGE('',*,*,#1259,.T.);
#1696=ORIENTED_EDGE('',*,*,#1260,.T.);
#1697=ORIENTED_EDGE('',*,*,#1261,.T.);
#1698=ORIENTED_EDGE('',*,*,#1262,.T.);
#1699=ORIENTED_EDGE('',*,*,#1263,.T.);
#1700=ORIENTED_EDGE('',*,*,#1155,.T.);
#1701=ORIENTED_EDGE('',*,*,#1264,.T.);
#1702=ORIENTED_EDGE('',*,*,#1201,.T.);
#1703=ORIENTED_EDGE('',*,*,#1265,.T.);
#1704=ORIENTED_EDGE('',*,*,#1266,.T.);
#1705=ORIENTED_EDGE('',*,*,#1267,.T.);
#1706=ORIENTED_EDGE('',*,*,#1268,.T.);
#1707=ORIENTED_EDGE('',*,*,#1202,.T.);
#1708=ORIENTED_EDGE('',*,*,#1264,.F.);
#1709=ORIENTED_EDGE('',*,*,#1269,.T.);
#1710=ORIENTED_EDGE('',*,*,#1210,.T.);
#1711=ORIENTED_EDGE('',*,*,#1268,.F.);
#1712=ORIENTED_EDGE('',*,*,#1270,.F.);
#1713=ORIENTED_EDGE('',*,*,#1271,.T.);
#1714=ORIENTED_EDGE('',*,*,#1272,.T.);
#1715=ORIENTED_EDGE('',*,*,#1271,.F.);
#1716=ORIENTED_EDGE('',*,*,#1272,.F.);
#1717=ORIENTED_EDGE('',*,*,#1273,.F.);
#1718=ORIENTED_EDGE('',*,*,#1274,.T.);
#1719=ORIENTED_EDGE('',*,*,#1275,.T.);
#1720=ORIENTED_EDGE('',*,*,#1274,.F.);
#1721=ORIENTED_EDGE('',*,*,#1275,.F.);
#1722=ORIENTED_EDGE('',*,*,#1211,.F.);
#1723=ORIENTED_EDGE('',*,*,#1269,.F.);
#1724=ORIENTED_EDGE('',*,*,#1267,.F.);
#1725=ORIENTED_EDGE('',*,*,#1266,.F.);
#1726=ORIENTED_EDGE('',*,*,#1265,.F.);
#1727=ORIENTED_EDGE('',*,*,#1200,.F.);
#1728=ORIENTED_EDGE('',*,*,#1276,.F.);
#1729=ORIENTED_EDGE('',*,*,#1039,.F.);
#1730=ORIENTED_EDGE('',*,*,#1277,.T.);
#1731=ORIENTED_EDGE('',*,*,#1278,.F.);
#1732=ORIENTED_EDGE('',*,*,#1279,.F.);
#1733=ORIENTED_EDGE('',*,*,#1280,.F.);
#1734=ORIENTED_EDGE('',*,*,#1281,.F.);
#1735=ORIENTED_EDGE('',*,*,#1222,.F.);
#1736=ORIENTED_EDGE('',*,*,#1248,.T.);
#1737=ORIENTED_EDGE('',*,*,#1218,.F.);
#1738=ORIENTED_EDGE('',*,*,#1282,.T.);
#1739=ORIENTED_EDGE('',*,*,#1153,.F.);
#1740=ORIENTED_EDGE('',*,*,#1253,.T.);
#1741=ORIENTED_EDGE('',*,*,#1149,.F.);
#1742=ORIENTED_EDGE('',*,*,#1283,.T.);
#1743=ORIENTED_EDGE('',*,*,#1284,.T.);
#1744=ORIENTED_EDGE('',*,*,#1285,.F.);
#1745=ORIENTED_EDGE('',*,*,#1145,.F.);
#1746=ORIENTED_EDGE('',*,*,#1286,.F.);
#1747=ORIENTED_EDGE('',*,*,#1212,.F.);
#1748=ORIENTED_EDGE('',*,*,#1276,.T.);
#1749=ORIENTED_EDGE('',*,*,#1199,.F.);
#1750=ORIENTED_EDGE('',*,*,#1238,.T.);
#1751=ORIENTED_EDGE('',*,*,#1192,.F.);
#1752=ORIENTED_EDGE('',*,*,#1287,.F.);
#1753=ORIENTED_EDGE('',*,*,#1234,.T.);
#1754=ORIENTED_EDGE('',*,*,#1245,.T.);
#1755=ORIENTED_EDGE('',*,*,#1273,.T.);
#1756=ORIENTED_EDGE('',*,*,#1270,.T.);
#1757=ORIENTED_EDGE('',*,*,#1156,.F.);
#1758=ORIENTED_EDGE('',*,*,#1263,.F.);
#1759=ORIENTED_EDGE('',*,*,#1262,.F.);
#1760=ORIENTED_EDGE('',*,*,#1261,.F.);
#1761=ORIENTED_EDGE('',*,*,#1154,.F.);
#1762=ORIENTED_EDGE('',*,*,#1282,.F.);
#1763=ORIENTED_EDGE('',*,*,#1217,.F.);
#1764=ORIENTED_EDGE('',*,*,#1258,.F.);
#1765=ORIENTED_EDGE('',*,*,#1260,.F.);
#1766=ORIENTED_EDGE('',*,*,#1259,.F.);
#1767=ORIENTED_EDGE('',*,*,#1215,.F.);
#1768=ORIENTED_EDGE('',*,*,#1175,.F.);
#1769=ORIENTED_EDGE('',*,*,#1174,.F.);
#1770=ORIENTED_EDGE('',*,*,#1173,.F.);
#1771=ORIENTED_EDGE('',*,*,#1214,.F.);
#1772=ORIENTED_EDGE('',*,*,#1129,.F.);
#1773=ORIENTED_EDGE('',*,*,#1158,.F.);
#1774=ORIENTED_EDGE('',*,*,#1177,.F.);
#1775=ORIENTED_EDGE('',*,*,#1179,.F.);
#1776=ORIENTED_EDGE('',*,*,#1178,.F.);
#1777=ORIENTED_EDGE('',*,*,#1288,.F.);
#1778=ORIENTED_EDGE('',*,*,#1289,.T.);
#1779=ORIENTED_EDGE('',*,*,#1279,.T.);
#1780=ORIENTED_EDGE('',*,*,#1290,.F.);
#1781=ORIENTED_EDGE('',*,*,#1288,.T.);
#1782=ORIENTED_EDGE('',*,*,#1291,.T.);
#1783=ORIENTED_EDGE('',*,*,#1292,.T.);
#1784=ORIENTED_EDGE('',*,*,#1037,.T.);
#1785=ORIENTED_EDGE('',*,*,#1070,.F.);
#1786=ORIENTED_EDGE('',*,*,#1080,.F.);
#1787=ORIENTED_EDGE('',*,*,#1132,.T.);
#1788=ORIENTED_EDGE('',*,*,#1223,.F.);
#1789=ORIENTED_EDGE('',*,*,#1281,.T.);
#1790=ORIENTED_EDGE('',*,*,#1293,.F.);
#1791=ORIENTED_EDGE('',*,*,#1076,.F.);
#1792=ORIENTED_EDGE('',*,*,#1063,.F.);
#1793=ORIENTED_EDGE('',*,*,#1292,.F.);
#1794=ORIENTED_EDGE('',*,*,#1294,.F.);
#1795=ORIENTED_EDGE('',*,*,#1277,.F.);
#1796=ORIENTED_EDGE('',*,*,#1038,.F.);
#1797=ORIENTED_EDGE('',*,*,#1291,.F.);
#1798=ORIENTED_EDGE('',*,*,#1290,.T.);
#1799=ORIENTED_EDGE('',*,*,#1278,.T.);
#1800=ORIENTED_EDGE('',*,*,#1294,.T.);
#1801=ORIENTED_EDGE('',*,*,#1078,.F.);
#1802=ORIENTED_EDGE('',*,*,#1295,.F.);
#1803=ORIENTED_EDGE('',*,*,#1075,.F.);
#1804=ORIENTED_EDGE('',*,*,#1067,.F.);
#1805=ORIENTED_EDGE('',*,*,#1071,.F.);
#1806=ORIENTED_EDGE('',*,*,#1065,.F.);
#1807=ORIENTED_EDGE('',*,*,#1077,.F.);
#1808=ORIENTED_EDGE('',*,*,#1059,.F.);
#1809=ORIENTED_EDGE('',*,*,#1295,.T.);
#1810=ORIENTED_EDGE('',*,*,#1074,.T.);
#1811=ORIENTED_EDGE('',*,*,#1082,.T.);
#1812=ORIENTED_EDGE('',*,*,#1296,.T.);
#1813=ORIENTED_EDGE('',*,*,#1147,.T.);
#1814=ORIENTED_EDGE('',*,*,#1297,.T.);
#1815=ORIENTED_EDGE('',*,*,#1298,.T.);
#1816=ORIENTED_EDGE('',*,*,#1297,.F.);
#1817=ORIENTED_EDGE('',*,*,#1146,.F.);
#1818=ORIENTED_EDGE('',*,*,#1285,.T.);
#1819=ORIENTED_EDGE('',*,*,#1299,.T.);
#1820=ORIENTED_EDGE('',*,*,#1300,.T.);
#1821=ORIENTED_EDGE('',*,*,#1301,.T.);
#1822=ORIENTED_EDGE('',*,*,#1302,.T.);
#1823=ORIENTED_EDGE('',*,*,#1136,.T.);
#1824=ORIENTED_EDGE('',*,*,#1300,.F.);
#1825=ORIENTED_EDGE('',*,*,#1135,.F.);
#1826=ORIENTED_EDGE('',*,*,#1126,.T.);
#1827=ORIENTED_EDGE('',*,*,#1303,.F.);
#1828=ORIENTED_EDGE('',*,*,#1296,.F.);
#1829=ORIENTED_EDGE('',*,*,#1304,.T.);
#1830=ORIENTED_EDGE('',*,*,#1283,.F.);
#1831=ORIENTED_EDGE('',*,*,#1148,.F.);
#1832=ORIENTED_EDGE('',*,*,#1298,.F.);
#1833=ORIENTED_EDGE('',*,*,#1299,.F.);
#1834=ORIENTED_EDGE('',*,*,#1284,.F.);
#1835=ORIENTED_EDGE('',*,*,#1304,.F.);
#1836=ORIENTED_EDGE('',*,*,#1302,.F.);
#1837=ORIENTED_EDGE('',*,*,#1305,.F.);
#1838=ORIENTED_EDGE('',*,*,#1124,.F.);
#1839=ORIENTED_EDGE('',*,*,#1137,.F.);
#1840=ORIENTED_EDGE('',*,*,#1301,.F.);
#1841=ORIENTED_EDGE('',*,*,#1303,.T.);
#1842=ORIENTED_EDGE('',*,*,#1125,.T.);
#1843=ORIENTED_EDGE('',*,*,#1305,.T.);
#1844=ORIENTED_EDGE('',*,*,#1049,.F.);
#1845=ORIENTED_EDGE('',*,*,#1306,.T.);
#1846=ORIENTED_EDGE('',*,*,#1307,.T.);
#1847=ORIENTED_EDGE('',*,*,#1306,.F.);
#1848=ORIENTED_EDGE('',*,*,#1307,.F.);
#1849=ORIENTED_EDGE('',*,*,#1048,.F.);
#1850=ORIENTED_EDGE('',*,*,#1308,.T.);
#1851=ORIENTED_EDGE('',*,*,#1194,.F.);
#1852=ORIENTED_EDGE('',*,*,#1237,.T.);
#1853=ORIENTED_EDGE('',*,*,#1195,.F.);
#1854=ORIENTED_EDGE('',*,*,#1308,.F.);
#1855=ORIENTED_EDGE('',*,*,#1047,.F.);
#1856=ORIENTED_EDGE('',*,*,#1309,.T.);
#1857=ORIENTED_EDGE('',*,*,#1189,.F.);
#1858=ORIENTED_EDGE('',*,*,#1091,.T.);
#1859=ORIENTED_EDGE('',*,*,#1190,.F.);
#1860=ORIENTED_EDGE('',*,*,#1309,.F.);
#1861=ORIENTED_EDGE('',*,*,#1310,.F.);
#1862=ORIENTED_EDGE('',*,*,#1143,.F.);
#1863=ORIENTED_EDGE('',*,*,#1311,.T.);
#1864=ORIENTED_EDGE('',*,*,#1312,.T.);
#1865=ORIENTED_EDGE('',*,*,#1311,.F.);
#1866=ORIENTED_EDGE('',*,*,#1142,.F.);
#1867=ORIENTED_EDGE('',*,*,#1312,.F.);
#1868=ORIENTED_EDGE('',*,*,#1168,.F.);
#1869=ORIENTED_EDGE('',*,*,#1313,.T.);
#1870=ORIENTED_EDGE('',*,*,#1314,.F.);
#1871=ORIENTED_EDGE('',*,*,#1313,.F.);
#1872=ORIENTED_EDGE('',*,*,#1314,.T.);
#1873=ORIENTED_EDGE('',*,*,#1315,.F.);
#1874=ORIENTED_EDGE('',*,*,#1140,.F.);
#1875=ORIENTED_EDGE('',*,*,#1316,.T.);
#1876=ORIENTED_EDGE('',*,*,#1317,.F.);
#1877=ORIENTED_EDGE('',*,*,#1316,.F.);
#1878=ORIENTED_EDGE('',*,*,#1139,.F.);
#1879=ORIENTED_EDGE('',*,*,#1317,.T.);
#1880=ORIENTED_EDGE('',*,*,#1310,.T.);
#1881=ORIENTED_EDGE('',*,*,#1141,.F.);
#1882=ORIENTED_EDGE('',*,*,#1315,.T.);
#1883=ORIENTED_EDGE('',*,*,#1138,.F.);
#1884=ORIENTED_EDGE('',*,*,#1122,.T.);
#1885=ORIENTED_EDGE('',*,*,#1213,.T.);
#1886=ORIENTED_EDGE('',*,*,#1286,.T.);
#1887=ORIENTED_EDGE('',*,*,#1144,.F.);
#1888=ORIENTED_EDGE('',*,*,#1167,.F.);
#1889=ORIENTED_EDGE('',*,*,#1318,.T.);
#1890=ORIENTED_EDGE('',*,*,#1319,.T.);
#1891=ORIENTED_EDGE('',*,*,#1318,.F.);
#1892=ORIENTED_EDGE('',*,*,#1319,.F.);
#1893=ORIENTED_EDGE('',*,*,#1163,.F.);
#1894=ORIENTED_EDGE('',*,*,#1171,.F.);
#1895=ORIENTED_EDGE('',*,*,#1228,.F.);
#1896=ORIENTED_EDGE('',*,*,#1320,.T.);
#1897=ORIENTED_EDGE('',*,*,#1107,.T.);
#1898=ORIENTED_EDGE('',*,*,#1172,.T.);
#1899=ORIENTED_EDGE('',*,*,#1165,.F.);
#1900=ORIENTED_EDGE('',*,*,#1321,.F.);
#1901=ORIENTED_EDGE('',*,*,#1229,.F.);
#1902=ORIENTED_EDGE('',*,*,#1169,.T.);
#1903=ORIENTED_EDGE('',*,*,#1164,.F.);
#1904=ORIENTED_EDGE('',*,*,#1320,.F.);
#1905=ORIENTED_EDGE('',*,*,#1230,.F.);
#1906=ORIENTED_EDGE('',*,*,#1321,.T.);
#1907=ORIENTED_EDGE('',*,*,#1159,.F.);
#1908=ORIENTED_EDGE('',*,*,#1322,.F.);
#1909=ORIENTED_EDGE('',*,*,#1224,.F.);
#1910=ORIENTED_EDGE('',*,*,#1323,.T.);
#1911=ORIENTED_EDGE('',*,*,#1249,.T.);
#1912=ORIENTED_EDGE('',*,*,#1257,.T.);
#1913=ORIENTED_EDGE('',*,*,#1160,.F.);
#1914=ORIENTED_EDGE('',*,*,#1323,.F.);
#1915=ORIENTED_EDGE('',*,*,#1227,.F.);
#1916=ORIENTED_EDGE('',*,*,#1255,.T.);
#1917=ORIENTED_EDGE('',*,*,#1251,.T.);
#1918=ORIENTED_EDGE('',*,*,#1254,.T.);
#1919=ORIENTED_EDGE('',*,*,#1162,.F.);
#1920=ORIENTED_EDGE('',*,*,#1256,.F.);
#1921=ORIENTED_EDGE('',*,*,#1225,.F.);
#1922=ORIENTED_EDGE('',*,*,#1322,.T.);
#1923=ORIENTED_EDGE('',*,*,#1117,.T.);
#1924=ORIENTED_EDGE('',*,*,#1040,.T.);
#1925=ORIENTED_EDGE('',*,*,#1287,.T.);
#1926=ORIENTED_EDGE('',*,*,#1191,.F.);
#1927=ORIENTED_EDGE('',*,*,#1061,.F.);
#1928=ORIENTED_EDGE('',*,*,#1293,.T.);
#1929=ORIENTED_EDGE('',*,*,#1280,.T.);
#1930=ORIENTED_EDGE('',*,*,#1289,.F.);
#1931=ORIENTED_EDGE('',*,*,#1036,.F.);
#1932=PLANE('',#2119);
#1933=PLANE('',#2120);
#1934=PLANE('',#2121);
#1935=PLANE('',#2122);
#1936=PLANE('',#2123);
#1937=PLANE('',#2129);
#1938=PLANE('',#2130);
#1939=PLANE('',#2131);
#1940=PLANE('',#2132);
#1941=PLANE('',#2139);
#1942=PLANE('',#2145);
#1943=PLANE('',#2148);
#1944=PLANE('',#2151);
#1945=PLANE('',#2157);
#1946=PLANE('',#2163);
#1947=PLANE('',#2166);
#1948=PLANE('',#2174);
#1949=PLANE('',#2181);
#1950=PLANE('',#2182);
#1951=PLANE('',#2185);
#1952=PLANE('',#2188);
#1953=PLANE('',#2192);
#1954=PLANE('',#2199);
#1955=PLANE('',#2202);
#1956=PLANE('',#2207);
#1957=PLANE('',#2208);
#1958=PLANE('',#2214);
#1959=PLANE('',#2217);
#1960=PLANE('',#2220);
#1961=PLANE('',#2226);
#1962=PLANE('',#2234);
#1963=PLANE('',#2235);
#1964=PLANE('',#2236);
#1965=PLANE('',#2239);
#1966=PLANE('',#2242);
#1967=PLANE('',#2248);
#1968=PLANE('',#2252);
#1969=PLANE('',#2255);
#1970=PLANE('',#2261);
#1971=PLANE('',#2262);
#1972=PLANE('',#2264);
#1973=PLANE('',#2265);
#1974=PLANE('',#2268);
#1975=PLANE('',#2269);
#1976=PLANE('',#2270);
#1977=PLANE('',#2271);
#1978=PLANE('',#2272);
#1979=PLANE('',#2273);
#1980=PLANE('',#2274);
#1981=PLANE('',#2275);
#1982=PLANE('',#2276);
#1983=PLANE('',#2277);
#1984=PLANE('',#2280);
#1985=PLANE('',#2285);
#1986=PLANE('',#2288);
#1987=PLANE('',#2291);
#1988=PLANE('',#2295);
#1989=PLANE('',#2296);
#1990=PLANE('',#2297);
#1991=PLANE('',#2298);
#1992=PLANE('',#2299);
#1993=PLANE('',#2300);
#1994=PLANE('',#2301);
#1995=PLANE('',#2302);
#1996=ADVANCED_FACE('',(#187),#1932,.F.);
#1997=ADVANCED_FACE('',(#188),#1933,.F.);
#1998=ADVANCED_FACE('',(#189),#1934,.F.);
#1999=ADVANCED_FACE('',(#190),#1935,.F.);
#2000=ADVANCED_FACE('',(#191,#82,#83,#84,#85),#1936,.T.);
#2001=ADVANCED_FACE('',(#192),#1937,.F.);
#2002=ADVANCED_FACE('',(#193),#1938,.F.);
#2003=ADVANCED_FACE('',(#194),#1939,.F.);
#2004=ADVANCED_FACE('',(#195),#1940,.F.);
#2005=ADVANCED_FACE('',(#196),#73,.T.);
#2006=ADVANCED_FACE('',(#197),#74,.T.);
#2007=ADVANCED_FACE('',(#198),#75,.T.);
#2008=ADVANCED_FACE('',(#199),#76,.T.);
#2009=ADVANCED_FACE('',(#200),#69,.T.);
#2010=ADVANCED_FACE('',(#201),#77,.T.);
#2011=ADVANCED_FACE('',(#202),#78,.T.);
#2012=ADVANCED_FACE('',(#203),#79,.T.);
#2013=ADVANCED_FACE('',(#204),#37,.T.);
#2014=ADVANCED_FACE('',(#205),#70,.T.);
#2015=ADVANCED_FACE('',(#206),#1941,.T.);
#2016=ADVANCED_FACE('',(#207),#38,.F.);
#2017=ADVANCED_FACE('',(#208),#1942,.F.);
#2018=ADVANCED_FACE('',(#209),#39,.T.);
#2019=ADVANCED_FACE('',(#210),#1943,.T.);
#2020=ADVANCED_FACE('',(#211),#1944,.T.);
#2021=ADVANCED_FACE('',(#212),#40,.F.);
#2022=ADVANCED_FACE('',(#213),#1945,.F.);
#2023=ADVANCED_FACE('',(#214),#41,.T.);
#2024=ADVANCED_FACE('',(#215),#42,.T.);
#2025=ADVANCED_FACE('',(#216),#1946,.T.);
#2026=ADVANCED_FACE('',(#217),#43,.T.);
#2027=ADVANCED_FACE('',(#218,#86,#87,#88,#89),#1947,.T.);
#2028=ADVANCED_FACE('',(#219,#90,#91,#92,#93),#1948,.T.);
#2029=ADVANCED_FACE('',(#220),#1949,.T.);
#2030=ADVANCED_FACE('',(#221),#1950,.T.);
#2031=ADVANCED_FACE('',(#222),#1951,.T.);
#2032=ADVANCED_FACE('',(#223),#1952,.T.);
#2033=ADVANCED_FACE('',(#224),#80,.T.);
#2034=ADVANCED_FACE('',(#225),#71,.F.);
#2035=ADVANCED_FACE('',(#226),#1953,.T.);
#2036=ADVANCED_FACE('',(#227),#44,.F.);
#2037=ADVANCED_FACE('',(#228),#1954,.F.);
#2038=ADVANCED_FACE('',(#229),#45,.F.);
#2039=ADVANCED_FACE('',(#230),#1955,.F.);
#2040=ADVANCED_FACE('',(#231),#46,.T.);
#2041=ADVANCED_FACE('',(#232),#47,.F.);
#2042=ADVANCED_FACE('',(#233,#94,#95),#1956,.T.);
#2043=ADVANCED_FACE('',(#234),#1957,.T.);
#2044=ADVANCED_FACE('',(#235),#48,.F.);
#2045=ADVANCED_FACE('',(#236),#1958,.T.);
#2046=ADVANCED_FACE('',(#237),#49,.T.);
#2047=ADVANCED_FACE('',(#238),#1959,.T.);
#2048=ADVANCED_FACE('',(#239),#1960,.T.);
#2049=ADVANCED_FACE('',(#240),#50,.F.);
#2050=ADVANCED_FACE('',(#241),#1961,.T.);
#2051=ADVANCED_FACE('',(#242),#51,.T.);
#2052=ADVANCED_FACE('',(#243),#52,.T.);
#2053=ADVANCED_FACE('',(#244),#53,.T.);
#2054=ADVANCED_FACE('',(#245),#1962,.F.);
#2055=ADVANCED_FACE('',(#246),#1963,.F.);
#2056=ADVANCED_FACE('',(#247),#1964,.T.);
#2057=ADVANCED_FACE('',(#248),#1965,.T.);
#2058=ADVANCED_FACE('',(#249),#1966,.T.);
#2059=ADVANCED_FACE('',(#250),#81,.T.);
#2060=ADVANCED_FACE('',(#251),#72,.F.);
#2061=ADVANCED_FACE('',(#252),#54,.F.);
#2062=ADVANCED_FACE('',(#253),#1967,.T.);
#2063=ADVANCED_FACE('',(#254),#55,.F.);
#2064=ADVANCED_FACE('',(#255),#1968,.T.);
#2065=ADVANCED_FACE('',(#256),#56,.T.);
#2066=ADVANCED_FACE('',(#257,#96,#97,#98,#99),#1969,.T.);
#2067=ADVANCED_FACE('',(#258),#57,.T.);
#2068=ADVANCED_FACE('',(#259),#1970,.T.);
#2069=ADVANCED_FACE('',(#260),#1971,.T.);
#2070=ADVANCED_FACE('',(#261),#58,.F.);
#2071=ADVANCED_FACE('',(#262),#1972,.T.);
#2072=ADVANCED_FACE('',(#263),#1973,.T.);
#2073=ADVANCED_FACE('',(#264),#59,.T.);
#2074=ADVANCED_FACE('',(#265),#1974,.T.);
#2075=ADVANCED_FACE('',(#266),#1975,.T.);
#2076=ADVANCED_FACE('',(#267),#1976,.T.);
#2077=ADVANCED_FACE('',(#268),#1977,.F.);
#2078=ADVANCED_FACE('',(#269),#1978,.T.);
#2079=ADVANCED_FACE('',(#270),#1979,.T.);
#2080=ADVANCED_FACE('',(#271),#1980,.F.);
#2081=ADVANCED_FACE('',(#272),#1981,.F.);
#2082=ADVANCED_FACE('',(#273),#1982,.T.);
#2083=ADVANCED_FACE('',(#274),#1983,.T.);
#2084=ADVANCED_FACE('',(#275),#60,.F.);
#2085=ADVANCED_FACE('',(#276),#1984,.T.);
#2086=ADVANCED_FACE('',(#277),#61,.F.);
#2087=ADVANCED_FACE('',(#278),#62,.F.);
#2088=ADVANCED_FACE('',(#279),#63,.F.);
#2089=ADVANCED_FACE('',(#280),#1985,.T.);
#2090=ADVANCED_FACE('',(#281),#64,.F.);
#2091=ADVANCED_FACE('',(#282),#1986,.F.);
#2092=ADVANCED_FACE('',(#283),#65,.F.);
#2093=ADVANCED_FACE('',(#284),#1987,.F.);
#2094=ADVANCED_FACE('',(#285),#66,.T.);
#2095=ADVANCED_FACE('',(#286),#67,.F.);
#2096=ADVANCED_FACE('',(#287),#1988,.T.);
#2097=ADVANCED_FACE('',(#288),#1989,.T.);
#2098=ADVANCED_FACE('',(#289),#1990,.T.);
#2099=ADVANCED_FACE('',(#290),#1991,.T.);
#2100=ADVANCED_FACE('',(#291),#1992,.F.);
#2101=ADVANCED_FACE('',(#292),#1993,.F.);
#2102=ADVANCED_FACE('',(#293),#1994,.F.);
#2103=ADVANCED_FACE('',(#294),#1995,.T.);
#2104=ADVANCED_FACE('',(#295),#68,.T.);
#2105=CLOSED_SHELL('',(#1996,#1997,#1998,#1999,#2000,#2001,#2002,#2003,
#2004,#2005,#2006,#2007,#2008,#2009,#2010,#2011,#2012,#2013,#2014,#2015,
#2016,#2017,#2018,#2019,#2020,#2021,#2022,#2023,#2024,#2025,#2026,#2027,
#2028,#2029,#2030,#2031,#2032,#2033,#2034,#2035,#2036,#2037,#2038,#2039,
#2040,#2041,#2042,#2043,#2044,#2045,#2046,#2047,#2048,#2049,#2050,#2051,
#2052,#2053,#2054,#2055,#2056,#2057,#2058,#2059,#2060,#2061,#2062,#2063,
#2064,#2065,#2066,#2067,#2068,#2069,#2070,#2071,#2072,#2073,#2074,#2075,
#2076,#2077,#2078,#2079,#2080,#2081,#2082,#2083,#2084,#2085,#2086,#2087,
#2088,#2089,#2090,#2091,#2092,#2093,#2094,#2095,#2096,#2097,#2098,#2099,
#2100,#2101,#2102,#2103,#2104));
#2106=DERIVED_UNIT_ELEMENT(#2108,1.);
#2107=DERIVED_UNIT_ELEMENT(#3887,-3.);
#2108=(
MASS_UNIT()
NAMED_UNIT(*)
SI_UNIT(.KILO.,.GRAM.)
);
#2109=DERIVED_UNIT((#2106,#2107));
#2110=MEASURE_REPRESENTATION_ITEM('density measure',
POSITIVE_RATIO_MEASURE(7850.),#2109);
#2111=PROPERTY_DEFINITION_REPRESENTATION(#2116,#2113);
#2112=PROPERTY_DEFINITION_REPRESENTATION(#2117,#2114);
#2113=REPRESENTATION('material name',(#2115),#3884);
#2114=REPRESENTATION('density',(#2110),#3884);
#2115=DESCRIPTIVE_REPRESENTATION_ITEM('Steel','Steel');
#2116=PROPERTY_DEFINITION('material property','material name',#3894);
#2117=PROPERTY_DEFINITION('material property','density of part',#3894);
#2118=AXIS2_PLACEMENT_3D('',#2871,#2304,#2305);
#2119=AXIS2_PLACEMENT_3D('',#2872,#2306,#2307);
#2120=AXIS2_PLACEMENT_3D('',#2881,#2312,#2313);
#2121=AXIS2_PLACEMENT_3D('',#2887,#2317,#2318);
#2122=AXIS2_PLACEMENT_3D('',#2893,#2322,#2323);
#2123=AXIS2_PLACEMENT_3D('',#2895,#2325,#2326);
#2124=AXIS2_PLACEMENT_3D('',#2906,#2329,#2330);
#2125=AXIS2_PLACEMENT_3D('',#2932,#2341,#2342);
#2126=AXIS2_PLACEMENT_3D('',#2934,#2343,#2344);
#2127=AXIS2_PLACEMENT_3D('',#2936,#2345,#2346);
#2128=AXIS2_PLACEMENT_3D('',#2938,#2347,#2348);
#2129=AXIS2_PLACEMENT_3D('',#2939,#2349,#2350);
#2130=AXIS2_PLACEMENT_3D('',#2945,#2354,#2355);
#2131=AXIS2_PLACEMENT_3D('',#2949,#2358,#2359);
#2132=AXIS2_PLACEMENT_3D('',#2953,#2362,#2363);
#2133=AXIS2_PLACEMENT_3D('',#3157,#2371,#2372);
#2134=AXIS2_PLACEMENT_3D('',#3162,#2375,#2376);
#2135=AXIS2_PLACEMENT_3D('',#3239,#2377,#2378);
#2136=AXIS2_PLACEMENT_3D('',#3241,#2379,#2380);
#2137=AXIS2_PLACEMENT_3D('',#3243,#2382,#2383);
#2138=AXIS2_PLACEMENT_3D('',#3246,#2385,#2386);
#2139=AXIS2_PLACEMENT_3D('',#3247,#2387,#2388);
#2140=AXIS2_PLACEMENT_3D('',#3250,#2389,#2390);
#2141=AXIS2_PLACEMENT_3D('',#3254,#2392,#2393);
#2142=AXIS2_PLACEMENT_3D('',#3256,#2395,#2396);
#2143=AXIS2_PLACEMENT_3D('',#3258,#2397,#2398);
#2144=AXIS2_PLACEMENT_3D('',#3261,#2400,#2401);
#2145=AXIS2_PLACEMENT_3D('',#3262,#2402,#2403);
#2146=AXIS2_PLACEMENT_3D('',#3263,#2404,#2405);
#2147=AXIS2_PLACEMENT_3D('',#3289,#2409,#2410);
#2148=AXIS2_PLACEMENT_3D('',#3290,#2411,#2412);
#2149=AXIS2_PLACEMENT_3D('',#3293,#2413,#2414);
#2150=AXIS2_PLACEMENT_3D('',#3297,#2416,#2417);
#2151=AXIS2_PLACEMENT_3D('',#3299,#2419,#2420);
#2152=AXIS2_PLACEMENT_3D('',#3302,#2421,#2422);
#2153=AXIS2_PLACEMENT_3D('',#3306,#2424,#2425);
#2154=AXIS2_PLACEMENT_3D('',#3308,#2427,#2428);
#2155=AXIS2_PLACEMENT_3D('',#3310,#2429,#2430);
#2156=AXIS2_PLACEMENT_3D('',#3313,#2432,#2433);
#2157=AXIS2_PLACEMENT_3D('',#3314,#2434,#2435);
#2158=AXIS2_PLACEMENT_3D('',#3315,#2436,#2437);
#2159=AXIS2_PLACEMENT_3D('',#3320,#2439,#2440);
#2160=AXIS2_PLACEMENT_3D('',#3323,#2442,#2443);
#2161=AXIS2_PLACEMENT_3D('',#3324,#2444,#2445);
#2162=AXIS2_PLACEMENT_3D('',#3328,#2447,#2448);
#2163=AXIS2_PLACEMENT_3D('',#3330,#2450,#2451);
#2164=AXIS2_PLACEMENT_3D('',#3332,#2453,#2454);
#2165=AXIS2_PLACEMENT_3D('',#3337,#2457,#2458);
#2166=AXIS2_PLACEMENT_3D('',#3338,#2459,#2460);
#2167=AXIS2_PLACEMENT_3D('',#3345,#2464,#2465);
#2168=AXIS2_PLACEMENT_3D('',#3347,#2466,#2467);
#2169=AXIS2_PLACEMENT_3D('',#3349,#2468,#2469);
#2170=AXIS2_PLACEMENT_3D('',#3362,#2476,#2477);
#2171=AXIS2_PLACEMENT_3D('',#3366,#2480,#2481);
#2172=AXIS2_PLACEMENT_3D('',#3368,#2482,#2483);
#2173=AXIS2_PLACEMENT_3D('',#3370,#2484,#2485);
#2174=AXIS2_PLACEMENT_3D('',#3371,#2486,#2487);
#2175=AXIS2_PLACEMENT_3D('',#3380,#2492,#2493);
#2176=AXIS2_PLACEMENT_3D('',#3382,#2494,#2495);
#2177=AXIS2_PLACEMENT_3D('',#3386,#2497,#2498);
#2178=AXIS2_PLACEMENT_3D('',#3388,#2499,#2500);
#2179=AXIS2_PLACEMENT_3D('',#3435,#2524,#2525);
#2180=AXIS2_PLACEMENT_3D('',#3437,#2526,#2527);
#2181=AXIS2_PLACEMENT_3D('',#3438,#2528,#2529);
#2182=AXIS2_PLACEMENT_3D('',#3445,#2534,#2535);
#2183=AXIS2_PLACEMENT_3D('',#3448,#2536,#2537);
#2184=AXIS2_PLACEMENT_3D('',#3452,#2539,#2540);
#2185=AXIS2_PLACEMENT_3D('',#3454,#2542,#2543);
#2186=AXIS2_PLACEMENT_3D('',#3456,#2544,#2545);
#2187=AXIS2_PLACEMENT_3D('',#3458,#2546,#2547);
#2188=AXIS2_PLACEMENT_3D('',#3460,#2549,#2550);
#2189=AXIS2_PLACEMENT_3D('',#3467,#2553,#2554);
#2190=AXIS2_PLACEMENT_3D('',#3499,#2557,#2558);
#2191=AXIS2_PLACEMENT_3D('',#3514,#2559,#2560);
#2192=AXIS2_PLACEMENT_3D('',#3515,#2561,#2562);
#2193=AXIS2_PLACEMENT_3D('',#3517,#2563,#2564);
#2194=AXIS2_PLACEMENT_3D('',#3518,#2565,#2566);
#2195=AXIS2_PLACEMENT_3D('',#3526,#2570,#2571);
#2196=AXIS2_PLACEMENT_3D('',#3528,#2572,#2573);
#2197=AXIS2_PLACEMENT_3D('',#3548,#2582,#2583);
#2198=AXIS2_PLACEMENT_3D('',#3551,#2585,#2586);
#2199=AXIS2_PLACEMENT_3D('',#3552,#2587,#2588);
#2200=AXIS2_PLACEMENT_3D('',#3553,#2589,#2590);
#2201=AXIS2_PLACEMENT_3D('',#3556,#2592,#2593);
#2202=AXIS2_PLACEMENT_3D('',#3557,#2594,#2595);
#2203=AXIS2_PLACEMENT_3D('',#3558,#2596,#2597);
#2204=AXIS2_PLACEMENT_3D('',#3560,#2599,#2600);
#2205=AXIS2_PLACEMENT_3D('',#3562,#2601,#2602);
#2206=AXIS2_PLACEMENT_3D('',#3566,#2604,#2605);
#2207=AXIS2_PLACEMENT_3D('',#3568,#2607,#2608);
#2208=AXIS2_PLACEMENT_3D('',#3600,#2626,#2627);
#2209=AXIS2_PLACEMENT_3D('',#3602,#2628,#2629);
#2210=AXIS2_PLACEMENT_3D('',#3605,#2631,#2632);
#2211=AXIS2_PLACEMENT_3D('',#3606,#2633,#2634);
#2212=AXIS2_PLACEMENT_3D('',#3608,#2635,#2636);
#2213=AXIS2_PLACEMENT_3D('',#3611,#2638,#2639);
#2214=AXIS2_PLACEMENT_3D('',#3612,#2640,#2641);
#2215=AXIS2_PLACEMENT_3D('',#3613,#2642,#2643);
#2216=AXIS2_PLACEMENT_3D('',#3632,#2644,#2645);
#2217=AXIS2_PLACEMENT_3D('',#3633,#2646,#2647);
#2218=AXIS2_PLACEMENT_3D('',#3635,#2648,#2649);
#2219=AXIS2_PLACEMENT_3D('',#3638,#2651,#2652);
#2220=AXIS2_PLACEMENT_3D('',#3639,#2653,#2654);
#2221=AXIS2_PLACEMENT_3D('',#3641,#2655,#2656);
#2222=AXIS2_PLACEMENT_3D('',#3644,#2658,#2659);
#2223=AXIS2_PLACEMENT_3D('',#3645,#2660,#2661);
#2224=AXIS2_PLACEMENT_3D('',#3647,#2662,#2663);
#2225=AXIS2_PLACEMENT_3D('',#3650,#2665,#2666);
#2226=AXIS2_PLACEMENT_3D('',#3651,#2667,#2668);
#2227=AXIS2_PLACEMENT_3D('',#3652,#2669,#2670);
#2228=AXIS2_PLACEMENT_3D('',#3653,#2671,#2672);
#2229=AXIS2_PLACEMENT_3D('',#3654,#2673,#2674);
#2230=AXIS2_PLACEMENT_3D('',#3659,#2676,#2677);
#2231=AXIS2_PLACEMENT_3D('',#3662,#2679,#2680);
#2232=AXIS2_PLACEMENT_3D('',#3663,#2681,#2682);
#2233=AXIS2_PLACEMENT_3D('',#3664,#2683,#2684);
#2234=AXIS2_PLACEMENT_3D('',#3665,#2685,#2686);
#2235=AXIS2_PLACEMENT_3D('',#3667,#2688,#2689);
#2236=AXIS2_PLACEMENT_3D('',#3671,#2693,#2694);
#2237=AXIS2_PLACEMENT_3D('',#3673,#2695,#2696);
#2238=AXIS2_PLACEMENT_3D('',#3675,#2697,#2698);
#2239=AXIS2_PLACEMENT_3D('',#3677,#2700,#2701);
#2240=AXIS2_PLACEMENT_3D('',#3679,#2702,#2703);
#2241=AXIS2_PLACEMENT_3D('',#3682,#2705,#2706);
#2242=AXIS2_PLACEMENT_3D('',#3683,#2707,#2708);
#2243=AXIS2_PLACEMENT_3D('',#3687,#2710,#2711);
#2244=AXIS2_PLACEMENT_3D('',#3714,#2714,#2715);
#2245=AXIS2_PLACEMENT_3D('',#3728,#2716,#2717);
#2246=AXIS2_PLACEMENT_3D('',#3730,#2718,#2719);
#2247=AXIS2_PLACEMENT_3D('',#3733,#2721,#2722);
#2248=AXIS2_PLACEMENT_3D('',#3734,#2723,#2724);
#2249=AXIS2_PLACEMENT_3D('',#3735,#2725,#2726);
#2250=AXIS2_PLACEMENT_3D('',#3737,#2727,#2728);
#2251=AXIS2_PLACEMENT_3D('',#3740,#2730,#2731);
#2252=AXIS2_PLACEMENT_3D('',#3741,#2732,#2733);
#2253=AXIS2_PLACEMENT_3D('',#3742,#2734,#2735);
#2254=AXIS2_PLACEMENT_3D('',#3743,#2736,#2737);
#2255=AXIS2_PLACEMENT_3D('',#3744,#2738,#2739);
#2256=AXIS2_PLACEMENT_3D('',#3752,#2743,#2744);
#2257=AXIS2_PLACEMENT_3D('',#3753,#2745,#2746);
#2258=AXIS2_PLACEMENT_3D('',#3754,#2747,#2748);
#2259=AXIS2_PLACEMENT_3D('',#3760,#2752,#2753);
#2260=AXIS2_PLACEMENT_3D('',#3762,#2755,#2756);
#2261=AXIS2_PLACEMENT_3D('',#3763,#2757,#2758);
#2262=AXIS2_PLACEMENT_3D('',#3768,#2762,#2763);
#2263=AXIS2_PLACEMENT_3D('',#3772,#2766,#2767);
#2264=AXIS2_PLACEMENT_3D('',#3774,#2769,#2770);
#2265=AXIS2_PLACEMENT_3D('',#3776,#2772,#2773);
#2266=AXIS2_PLACEMENT_3D('',#3777,#2774,#2775);
#2267=AXIS2_PLACEMENT_3D('',#3778,#2776,#2777);
#2268=AXIS2_PLACEMENT_3D('',#3779,#2778,#2779);
#2269=AXIS2_PLACEMENT_3D('',#3780,#2780,#2781);
#2270=AXIS2_PLACEMENT_3D('',#3781,#2782,#2783);
#2271=AXIS2_PLACEMENT_3D('',#3787,#2787,#2788);
#2272=AXIS2_PLACEMENT_3D('',#3789,#2790,#2791);
#2273=AXIS2_PLACEMENT_3D('',#3795,#2795,#2796);
#2274=AXIS2_PLACEMENT_3D('',#3797,#2798,#2799);
#2275=AXIS2_PLACEMENT_3D('',#3799,#2801,#2802);
#2276=AXIS2_PLACEMENT_3D('',#3800,#2803,#2804);
#2277=AXIS2_PLACEMENT_3D('',#3802,#2806,#2807);
#2278=AXIS2_PLACEMENT_3D('',#3803,#2808,#2809);
#2279=AXIS2_PLACEMENT_3D('',#3806,#2811,#2812);
#2280=AXIS2_PLACEMENT_3D('',#3807,#2813,#2814);
#2281=AXIS2_PLACEMENT_3D('',#3808,#2815,#2816);
#2282=AXIS2_PLACEMENT_3D('',#3810,#2818,#2819);
#2283=AXIS2_PLACEMENT_3D('',#3812,#2821,#2822);
#2284=AXIS2_PLACEMENT_3D('',#3834,#2824,#2825);
#2285=AXIS2_PLACEMENT_3D('',#3835,#2826,#2827);
#2286=AXIS2_PLACEMENT_3D('',#3836,#2828,#2829);
#2287=AXIS2_PLACEMENT_3D('',#3839,#2831,#2832);
#2288=AXIS2_PLACEMENT_3D('',#3840,#2833,#2834);
#2289=AXIS2_PLACEMENT_3D('',#3841,#2835,#2836);
#2290=AXIS2_PLACEMENT_3D('',#3862,#2838,#2839);
#2291=AXIS2_PLACEMENT_3D('',#3863,#2840,#2841);
#2292=AXIS2_PLACEMENT_3D('',#3864,#2842,#2843);
#2293=AXIS2_PLACEMENT_3D('',#3865,#2844,#2845);
#2294=AXIS2_PLACEMENT_3D('',#3868,#2847,#2848);
#2295=AXIS2_PLACEMENT_3D('',#3869,#2849,#2850);
#2296=AXIS2_PLACEMENT_3D('',#3870,#2851,#2852);
#2297=AXIS2_PLACEMENT_3D('',#3872,#2854,#2855);
#2298=AXIS2_PLACEMENT_3D('',#3874,#2857,#2858);
#2299=AXIS2_PLACEMENT_3D('',#3875,#2859,#2860);
#2300=AXIS2_PLACEMENT_3D('',#3878,#2863,#2864);
#2301=AXIS2_PLACEMENT_3D('',#3879,#2865,#2866);
#2302=AXIS2_PLACEMENT_3D('',#3880,#2867,#2868);
#2303=AXIS2_PLACEMENT_3D('',#3881,#2869,#2870);
#2304=DIRECTION('axis',(0.,0.,1.));
#2305=DIRECTION('refdir',(1.,0.,0.));
#2306=DIRECTION('center_axis',(0.,-1.,0.));
#2307=DIRECTION('ref_axis',(-1.,0.,0.));
#2308=DIRECTION('',(-1.,0.,3.46372576322737E-15));
#2309=DIRECTION('',(2.77555756156289E-17,0.,-1.));
#2310=DIRECTION('',(-1.,0.,0.));
#2311=DIRECTION('',(0.,0.,-1.));
#2312=DIRECTION('center_axis',(1.,0.,0.));
#2313=DIRECTION('ref_axis',(0.,-1.,-6.66432899673065E-17));
#2314=DIRECTION('',(0.,-1.,1.11022302462516E-16));
#2315=DIRECTION('',(0.,-1.,0.));
#2316=DIRECTION('',(0.,0.,-1.));
#2317=DIRECTION('center_axis',(0.,1.,0.));
#2318=DIRECTION('ref_axis',(1.,0.,0.));
#2319=DIRECTION('',(1.,0.,-3.46372576322737E-15));
#2320=DIRECTION('',(1.,0.,0.));
#2321=DIRECTION('',(-2.77555756156289E-17,0.,1.));
#2322=DIRECTION('center_axis',(-3.46372576322737E-15,-1.11022302462516E-16,
-1.));
#2323=DIRECTION('ref_axis',(-1.,0.,3.46372576322737E-15));
#2324=DIRECTION('',(6.4533759485817E-32,1.,-1.11022302462516E-16));
#2325=DIRECTION('center_axis',(0.,0.,1.));
#2326=DIRECTION('ref_axis',(0.,1.,0.));
#2327=DIRECTION('',(-6.14522715747974E-32,-1.,0.));
#2328=DIRECTION('',(1.,0.,0.));
#2329=DIRECTION('center_axis',(0.,0.,1.));
#2330=DIRECTION('ref_axis',(-1.,0.,0.));
#2331=DIRECTION('',(1.,0.,0.));
#2332=DIRECTION('',(0.,-1.,0.));
#2333=DIRECTION('',(1.,-4.03717463500057E-16,0.));
#2334=DIRECTION('',(6.14522715747974E-32,1.,0.));
#2335=DIRECTION('',(1.,0.,0.));
#2336=DIRECTION('',(-6.14522715747974E-32,-1.,0.));
#2337=DIRECTION('',(1.,0.,0.));
#2338=DIRECTION('',(0.,-1.,0.));
#2339=DIRECTION('',(-1.,1.56328863995273E-11,0.));
#2340=DIRECTION('',(-6.14522715747974E-32,-1.,0.));
#2341=DIRECTION('center_axis',(0.,0.,1.));
#2342=DIRECTION('ref_axis',(-1.,0.,0.));
#2343=DIRECTION('center_axis',(0.,0.,-1.));
#2344=DIRECTION('ref_axis',(-1.,0.,0.));
#2345=DIRECTION('center_axis',(0.,0.,-1.));
#2346=DIRECTION('ref_axis',(1.,0.,0.));
#2347=DIRECTION('center_axis',(0.,0.,-1.));
#2348=DIRECTION('ref_axis',(-1.,0.,0.));
#2349=DIRECTION('center_axis',(-1.56328863995273E-11,-1.,0.));
#2350=DIRECTION('ref_axis',(-1.,1.56328863995273E-11,1.04182698134966E-27));
#2351=DIRECTION('',(-1.,1.56328863995273E-11,-1.37755575617364E-16));
#2352=DIRECTION('',(2.77555756156289E-17,-4.33899760552617E-28,-1.));
#2353=DIRECTION('',(0.,0.,-1.));
#2354=DIRECTION('center_axis',(1.,0.,0.));
#2355=DIRECTION('ref_axis',(0.,-1.,-6.66432899673065E-17));
#2356=DIRECTION('',(0.,1.,-1.11022302462516E-16));
#2357=DIRECTION('',(0.,0.,1.));
#2358=DIRECTION('center_axis',(0.,1.,0.));
#2359=DIRECTION('ref_axis',(1.,0.,0.));
#2360=DIRECTION('',(1.,0.,1.37755575615629E-16));
#2361=DIRECTION('',(-2.77555756156289E-17,0.,1.));
#2362=DIRECTION('center_axis',(1.37755575615629E-16,-1.11022302462516E-16,
-1.));
#2363=DIRECTION('ref_axis',(-1.,0.,-1.37755575615629E-16));
#2364=DIRECTION('',(6.4533759485817E-32,1.,-1.11022302462516E-16));
#2365=DIRECTION('',(-0.26938068442779,-0.173969110897231,0.947189946795701));
#2366=DIRECTION('',(0.361010689926292,-0.0099044918112331,-0.932509079205615));
#2367=DIRECTION('',(-0.326632176459566,-0.132492347229538,-0.935818999180341));
#2368=DIRECTION('',(-0.326632176459566,0.132492347229538,0.935818999180341));
#2369=DIRECTION('',(0.361010689926292,0.00990449181123378,0.932509079205615));
#2370=DIRECTION('',(-0.26938068442779,0.173969110897231,-0.947189946795701));
#2371=DIRECTION('center_axis',(0.,0.,-1.));
#2372=DIRECTION('ref_axis',(-1.,0.,0.));
#2373=DIRECTION('',(0.214715835476425,0.232157511176487,-0.948683298050514));
#2374=DIRECTION('',(0.214715835476425,-0.232157511176487,0.948683298050514));
#2375=DIRECTION('center_axis',(0.,0.,1.));
#2376=DIRECTION('ref_axis',(-1.,0.,0.));
#2377=DIRECTION('center_axis',(-1.,0.,0.));
#2378=DIRECTION('ref_axis',(0.,-2.22044604925031E-16,1.));
#2379=DIRECTION('center_axis',(1.,-6.14522715747974E-32,2.77555756156289E-17));
#2380=DIRECTION('ref_axis',(0.,-2.22044604925031E-16,1.));
#2381=DIRECTION('',(1.,0.,0.));
#2382=DIRECTION('center_axis',(0.,0.,-1.));
#2383=DIRECTION('ref_axis',(-1.,0.,0.));
#2384=DIRECTION('',(-0.316227766016838,3.87267321454039E-17,0.948683298050514));
#2385=DIRECTION('center_axis',(0.,0.,1.));
#2386=DIRECTION('ref_axis',(-1.,0.,0.));
#2387=DIRECTION('center_axis',(0.707106781186547,7.85398704273653E-18,-0.707106781186548));
#2388=DIRECTION('ref_axis',(-0.707106781186548,0.,-0.707106781186547));
#2389=DIRECTION('center_axis',(0.707106781186547,7.85398704273653E-18,-0.707106781186548));
#2390=DIRECTION('ref_axis',(-0.707106781186548,0.,-0.707106781186547));
#2391=DIRECTION('',(0.,1.,1.11072149945406E-17));
#2392=DIRECTION('center_axis',(0.707106781186547,7.85398704273653E-18,-0.707106781186548));
#2393=DIRECTION('ref_axis',(-0.707106781186548,0.,-0.707106781186547));
#2394=DIRECTION('',(0.,-1.,-1.11072149945406E-17));
#2395=DIRECTION('center_axis',(-1.,0.,0.));
#2396=DIRECTION('ref_axis',(0.,1.,0.));
#2397=DIRECTION('center_axis',(1.,-6.14522715747974E-32,2.77555756156289E-17));
#2398=DIRECTION('ref_axis',(0.,1.,0.));
#2399=DIRECTION('',(1.,0.,0.));
#2400=DIRECTION('center_axis',(-1.,0.,0.));
#2401=DIRECTION('ref_axis',(0.,1.,0.));
#2402=DIRECTION('center_axis',(1.,0.,0.));
#2403=DIRECTION('ref_axis',(0.,1.,0.));
#2404=DIRECTION('center_axis',(-1.,0.,0.));
#2405=DIRECTION('ref_axis',(0.,1.,0.));
#2406=DIRECTION('',(-1.,0.,0.));
#2407=DIRECTION('',(-1.,0.,0.));
#2408=DIRECTION('',(1.,0.,0.));
#2409=DIRECTION('center_axis',(1.,0.,0.));
#2410=DIRECTION('ref_axis',(0.,1.,0.));
#2411=DIRECTION('center_axis',(0.707106781186548,8.11332506808772E-14,0.707106781186547));
#2412=DIRECTION('ref_axis',(0.707106781186547,0.,-0.707106781186548));
#2413=DIRECTION('center_axis',(0.707106781186548,8.11332506808772E-14,0.707106781186547));
#2414=DIRECTION('ref_axis',(0.707106781186547,0.,-0.707106781186548));
#2415=DIRECTION('',(0.,-1.,1.14739743472313E-13));
#2416=DIRECTION('center_axis',(0.707106781186548,8.11332506808772E-14,0.707106781186547));
#2417=DIRECTION('ref_axis',(0.707106781186547,0.,-0.707106781186548));
#2418=DIRECTION('',(0.,1.,-1.14739743472313E-13));
#2419=DIRECTION('center_axis',(0.707106781186548,0.,-0.707106781186547));
#2420=DIRECTION('ref_axis',(-0.707106781186547,0.,-0.707106781186548));
#2421=DIRECTION('center_axis',(0.707106781186548,0.,-0.707106781186547));
#2422=DIRECTION('ref_axis',(-0.707106781186547,0.,-0.707106781186548));
#2423=DIRECTION('',(0.,1.,0.));
#2424=DIRECTION('center_axis',(0.707106781186548,0.,-0.707106781186547));
#2425=DIRECTION('ref_axis',(-0.707106781186547,0.,-0.707106781186548));
#2426=DIRECTION('',(0.,-1.,0.));
#2427=DIRECTION('center_axis',(-1.,0.,0.));
#2428=DIRECTION('ref_axis',(0.,1.,0.));
#2429=DIRECTION('center_axis',(1.,-6.14522715747974E-32,2.77555756156289E-17));
#2430=DIRECTION('ref_axis',(0.,1.,0.));
#2431=DIRECTION('',(1.,0.,0.));
#2432=DIRECTION('center_axis',(-1.,0.,0.));
#2433=DIRECTION('ref_axis',(0.,1.,0.));
#2434=DIRECTION('center_axis',(1.,0.,0.));
#2435=DIRECTION('ref_axis',(0.,1.,0.));
#2436=DIRECTION('center_axis',(-1.,0.,0.));
#2437=DIRECTION('ref_axis',(0.,1.,0.));
#2438=DIRECTION('',(1.,0.,0.));
#2439=DIRECTION('center_axis',(-1.,0.,0.));
#2440=DIRECTION('ref_axis',(0.,1.,0.));
#2441=DIRECTION('',(-1.,0.,0.));
#2442=DIRECTION('center_axis',(-1.,0.,0.));
#2443=DIRECTION('ref_axis',(0.,1.,0.));
#2444=DIRECTION('center_axis',(-1.,0.,0.));
#2445=DIRECTION('ref_axis',(0.,1.,0.));
#2446=DIRECTION('',(1.,0.,0.));
#2447=DIRECTION('center_axis',(1.,0.,0.));
#2448=DIRECTION('ref_axis',(0.,1.,0.));
#2449=DIRECTION('',(-1.,0.,0.));
#2450=DIRECTION('center_axis',(1.,0.,0.));
#2451=DIRECTION('ref_axis',(0.,1.,0.));
#2452=DIRECTION('',(0.,1.1438661465845E-13,1.));
#2453=DIRECTION('center_axis',(-1.,0.,0.));
#2454=DIRECTION('ref_axis',(0.,1.,0.));
#2455=DIRECTION('',(-1.,0.,0.));
#2456=DIRECTION('',(1.,0.,0.));
#2457=DIRECTION('center_axis',(1.,0.,0.));
#2458=DIRECTION('ref_axis',(0.,1.,0.));
#2459=DIRECTION('center_axis',(-1.,6.14522715747974E-32,-2.77555756156289E-17));
#2460=DIRECTION('ref_axis',(-2.77555756156289E-17,0.,1.));
#2461=DIRECTION('',(-2.77555756156289E-17,0.,1.));
#2462=DIRECTION('',(6.11439844291374E-32,1.,1.11072149945406E-17));
#2463=DIRECTION('',(6.11439844291374E-32,1.,1.11072149945406E-17));
#2464=DIRECTION('center_axis',(1.,0.,0.));
#2465=DIRECTION('ref_axis',(0.,1.,0.));
#2466=DIRECTION('center_axis',(-1.,6.14522715747974E-32,-2.77555756156289E-17));
#2467=DIRECTION('ref_axis',(0.,-1.11022302462516E-16,1.));
#2468=DIRECTION('center_axis',(1.,-6.14522715747974E-32,2.77555756156289E-17));
#2469=DIRECTION('ref_axis',(0.,2.22044604925031E-16,-1.));
#2470=DIRECTION('',(6.14522715747974E-32,1.,0.));
#2471=DIRECTION('',(0.,0.,-1.));
#2472=DIRECTION('',(0.,1.,3.82152937824134E-16));
#2473=DIRECTION('',(0.,0.,-1.));
#2474=DIRECTION('',(6.14522715747974E-32,1.,0.));
#2475=DIRECTION('',(6.14522715747974E-32,1.,0.));
#2476=DIRECTION('center_axis',(-1.,6.14522715747974E-32,-2.77555756156289E-17));
#2477=DIRECTION('ref_axis',(0.,1.,0.));
#2478=DIRECTION('',(-3.24611989763844E-30,-1.,1.14739743472313E-13));
#2479=DIRECTION('',(-3.24611989763844E-30,-1.,1.14739743472313E-13));
#2480=DIRECTION('center_axis',(-1.,6.14522715747974E-32,-2.77555756156289E-17));
#2481=DIRECTION('ref_axis',(0.,0.,-1.));
#2482=DIRECTION('center_axis',(1.,-6.14522715747974E-32,2.77555756156289E-17));
#2483=DIRECTION('ref_axis',(0.,1.,0.));
#2484=DIRECTION('center_axis',(1.,-6.14522715747974E-32,2.77555756156289E-17));
#2485=DIRECTION('ref_axis',(0.,1.,0.));
#2486=DIRECTION('center_axis',(0.,0.,-1.));
#2487=DIRECTION('ref_axis',(0.,-1.,0.));
#2488=DIRECTION('',(1.,-1.48029736616687E-15,0.));
#2489=DIRECTION('',(0.,-1.,0.));
#2490=DIRECTION('',(-1.,0.,0.));
#2491=DIRECTION('',(1.,0.,0.));
#2492=DIRECTION('center_axis',(0.,0.,1.));
#2493=DIRECTION('ref_axis',(1.,-2.40058539118284E-16,2.17243394914286E-30));
#2494=DIRECTION('center_axis',(0.,0.,1.));
#2495=DIRECTION('ref_axis',(1.,-2.40058539118284E-16,2.17243394914286E-30));
#2496=DIRECTION('',(1.,0.,0.));
#2497=DIRECTION('center_axis',(0.,0.,1.));
#2498=DIRECTION('ref_axis',(-1.,-2.40058539118284E-16,2.17243394914286E-30));
#2499=DIRECTION('center_axis',(0.,0.,1.));
#2500=DIRECTION('ref_axis',(-1.,-2.40058539118284E-16,2.17243394914286E-30));
#2501=DIRECTION('',(1.,0.,0.));
#2502=DIRECTION('',(-6.14522715747974E-32,-1.,0.));
#2503=DIRECTION('',(-1.,0.,0.));
#2504=DIRECTION('',(0.,1.,0.));
#2505=DIRECTION('',(1.,1.48029736616687E-15,0.));
#2506=DIRECTION('',(-6.14522715747974E-32,-1.,0.));
#2507=DIRECTION('',(-1.,0.,0.));
#2508=DIRECTION('',(0.,1.,0.));
#2509=DIRECTION('',(1.,0.,0.));
#2510=DIRECTION('',(-6.14522715747974E-32,-1.,0.));
#2511=DIRECTION('',(-1.,0.,0.));
#2512=DIRECTION('',(0.,1.,0.));
#2513=DIRECTION('',(-1.,0.,0.));
#2514=DIRECTION('',(0.,-1.,0.));
#2515=DIRECTION('',(-1.,0.,0.));
#2516=DIRECTION('',(0.,-1.,0.));
#2517=DIRECTION('',(1.,0.,0.));
#2518=DIRECTION('',(0.,1.,0.));
#2519=DIRECTION('',(-1.,0.,0.));
#2520=DIRECTION('',(0.,1.,0.));
#2521=DIRECTION('',(-1.,0.,0.));
#2522=DIRECTION('',(0.,-1.,0.));
#2523=DIRECTION('',(1.,0.,0.));
#2524=DIRECTION('center_axis',(0.,0.,1.));
#2525=DIRECTION('ref_axis',(1.,0.,0.));
#2526=DIRECTION('center_axis',(0.,0.,1.));
#2527=DIRECTION('ref_axis',(-1.,0.,0.));
#2528=DIRECTION('center_axis',(0.,1.,-1.1438661465845E-13));
#2529=DIRECTION('ref_axis',(1.,0.,0.));
#2530=DIRECTION('',(0.,1.1438661465845E-13,1.));
#2531=DIRECTION('',(-1.,0.,0.));
#2532=DIRECTION('',(0.,1.1438661465845E-13,1.));
#2533=DIRECTION('',(0.,1.1438661465845E-13,1.));
#2534=DIRECTION('center_axis',(0.707106781186548,8.11332506808772E-14,0.707106781186547));
#2535=DIRECTION('ref_axis',(0.707106781186547,0.,-0.707106781186548));
#2536=DIRECTION('center_axis',(0.707106781186548,8.11332506808772E-14,0.707106781186547));
#2537=DIRECTION('ref_axis',(0.707106781186547,0.,-0.707106781186548));
#2538=DIRECTION('',(0.,-1.,1.14739743472313E-13));
#2539=DIRECTION('center_axis',(0.707106781186548,8.11332506808772E-14,0.707106781186547));
#2540=DIRECTION('ref_axis',(0.707106781186547,0.,-0.707106781186548));
#2541=DIRECTION('',(0.,1.,-1.14739743472313E-13));
#2542=DIRECTION('center_axis',(0.707106781186548,0.,-0.707106781186547));
#2543=DIRECTION('ref_axis',(-0.707106781186547,0.,-0.707106781186548));
#2544=DIRECTION('center_axis',(0.707106781186548,0.,-0.707106781186547));
#2545=DIRECTION('ref_axis',(-0.707106781186547,0.,-0.707106781186548));
#2546=DIRECTION('center_axis',(0.707106781186548,0.,-0.707106781186547));
#2547=DIRECTION('ref_axis',(-0.707106781186547,0.,-0.707106781186548));
#2548=DIRECTION('',(0.,1.,0.));
#2549=DIRECTION('center_axis',(0.707106781186547,7.85398704273653E-18,-0.707106781186548));
#2550=DIRECTION('ref_axis',(-0.707106781186548,0.,-0.707106781186547));
#2551=DIRECTION('',(-0.707106781186548,2.61690799473945E-16,-0.707106781186547));
#2552=DIRECTION('',(0.,1.,1.11072149945406E-17));
#2553=DIRECTION('center_axis',(0.707106781186547,7.85398704273653E-18,-0.707106781186548));
#2554=DIRECTION('ref_axis',(-0.707106781186548,0.,-0.707106781186547));
#2555=DIRECTION('',(0.,-1.,-1.11072149945406E-17));
#2556=DIRECTION('',(-0.707106781186548,0.,-0.707106781186547));
#2557=DIRECTION('center_axis',(1.,0.,0.));
#2558=DIRECTION('ref_axis',(0.,-1.11022302462516E-16,1.));
#2559=DIRECTION('center_axis',(1.,0.,0.));
#2560=DIRECTION('ref_axis',(0.,-1.11022302462516E-16,1.));
#2561=DIRECTION('center_axis',(0.,1.11072149945406E-17,-1.));
#2562=DIRECTION('ref_axis',(0.,-1.,-1.11072149945406E-17));
#2563=DIRECTION('center_axis',(0.,-1.11072149945406E-17,1.));
#2564=DIRECTION('ref_axis',(-1.,0.,0.));
#2565=DIRECTION('center_axis',(0.,-1.11072149945406E-17,1.));
#2566=DIRECTION('ref_axis',(-1.,0.,0.));
#2567=DIRECTION('',(1.,0.,0.));
#2568=DIRECTION('',(-6.11439844291374E-32,-1.,-1.11072149945406E-17));
#2569=DIRECTION('',(-1.,0.,0.));
#2570=DIRECTION('center_axis',(0.,-1.11072149945406E-17,1.));
#2571=DIRECTION('ref_axis',(1.,0.,0.));
#2572=DIRECTION('center_axis',(0.,-1.11072149945406E-17,1.));
#2573=DIRECTION('ref_axis',(1.,0.,0.));
#2574=DIRECTION('',(-1.,0.,0.));
#2575=DIRECTION('',(0.,1.,1.11072149945406E-17));
#2576=DIRECTION('',(1.,0.,0.));
#2577=DIRECTION('',(-6.11439844291374E-32,-1.,-1.11072149945406E-17));
#2578=DIRECTION('',(-1.,0.,0.));
#2579=DIRECTION('',(0.,1.,1.11072149945406E-17));
#2580=DIRECTION('',(1.,0.,0.));
#2581=DIRECTION('',(-1.,0.,0.));
#2582=DIRECTION('center_axis',(-1.,0.,0.));
#2583=DIRECTION('ref_axis',(0.,1.,0.));
#2584=DIRECTION('',(1.,0.,0.));
#2585=DIRECTION('center_axis',(-1.,0.,0.));
#2586=DIRECTION('ref_axis',(0.,1.,0.));
#2587=DIRECTION('center_axis',(1.,0.,0.));
#2588=DIRECTION('ref_axis',(0.,1.,0.));
#2589=DIRECTION('center_axis',(-1.,0.,0.));
#2590=DIRECTION('ref_axis',(0.,1.,0.));
#2591=DIRECTION('',(1.,0.,0.));
#2592=DIRECTION('center_axis',(-1.,0.,0.));
#2593=DIRECTION('ref_axis',(0.,1.,0.));
#2594=DIRECTION('center_axis',(1.,0.,0.));
#2595=DIRECTION('ref_axis',(0.,1.,0.));
#2596=DIRECTION('center_axis',(-1.,0.,0.));
#2597=DIRECTION('ref_axis',(0.,1.,0.));
#2598=DIRECTION('',(1.,0.,0.));
#2599=DIRECTION('center_axis',(-1.,0.,0.));
#2600=DIRECTION('ref_axis',(0.,-1.11022302462516E-16,1.));
#2601=DIRECTION('center_axis',(-1.,0.,0.));
#2602=DIRECTION('ref_axis',(0.,-1.11022302462516E-16,1.));
#2603=DIRECTION('',(1.,0.,0.));
#2604=DIRECTION('center_axis',(1.,-6.14522715747974E-32,2.77555756156289E-17));
#2605=DIRECTION('ref_axis',(0.,-1.11022302462516E-16,1.));
#2606=DIRECTION('',(1.,0.,0.));
#2607=DIRECTION('center_axis',(0.,1.14739743472313E-13,1.));
#2608=DIRECTION('ref_axis',(0.,1.,-1.14739743472313E-13));
#2609=DIRECTION('',(1.,0.,0.));
#2610=DIRECTION('',(1.,0.,0.));
#2611=DIRECTION('',(0.,-1.,1.14739743472313E-13));
#2612=DIRECTION('',(1.,0.,0.));
#2613=DIRECTION('',(3.24611989763844E-30,1.,-1.14739743472313E-13));
#2614=DIRECTION('',(-1.,0.,0.));
#2615=DIRECTION('',(0.,-1.,1.14739743472313E-13));
#2616=DIRECTION('',(1.,0.,0.));
#2617=DIRECTION('',(3.24611989763844E-30,1.,-1.14739743472313E-13));
#2618=DIRECTION('',(-1.,0.,0.));
#2619=DIRECTION('',(0.,1.,-1.14739743472313E-13));
#2620=DIRECTION('',(1.,0.,0.));
#2621=DIRECTION('',(0.,-1.,1.14739743472313E-13));
#2622=DIRECTION('',(-1.,0.,0.));
#2623=DIRECTION('',(0.,-1.,1.14739743472313E-13));
#2624=DIRECTION('',(0.,1.,-1.14739743472313E-13));
#2625=DIRECTION('',(1.,0.,0.));
#2626=DIRECTION('center_axis',(-0.707106781186547,7.85398704273653E-18,
-0.707106781186548));
#2627=DIRECTION('ref_axis',(-0.707106781186548,0.,0.707106781186547));
#2628=DIRECTION('center_axis',(-0.707106781186547,7.85398704273653E-18,
-0.707106781186548));
#2629=DIRECTION('ref_axis',(0.707106781186548,0.,-0.707106781186547));
#2630=DIRECTION('',(0.,-1.,-1.11072149945406E-17));
#2631=DIRECTION('center_axis',(-0.707106781186547,7.85398704273653E-18,
-0.707106781186548));
#2632=DIRECTION('ref_axis',(0.707106781186548,0.,-0.707106781186547));
#2633=DIRECTION('center_axis',(-1.,0.,0.));
#2634=DIRECTION('ref_axis',(0.,1.,0.));
#2635=DIRECTION('center_axis',(-1.,6.14522715747974E-32,-2.77555756156289E-17));
#2636=DIRECTION('ref_axis',(0.,1.,0.));
#2637=DIRECTION('',(-1.,0.,0.));
#2638=DIRECTION('center_axis',(-1.,0.,0.));
#2639=DIRECTION('ref_axis',(0.,1.,0.));
#2640=DIRECTION('center_axis',(1.,0.,0.));
#2641=DIRECTION('ref_axis',(0.,1.,0.));
#2642=DIRECTION('center_axis',(-1.,0.,0.));
#2643=DIRECTION('ref_axis',(0.,1.,0.));
#2644=DIRECTION('center_axis',(1.,0.,0.));
#2645=DIRECTION('ref_axis',(0.,1.,0.));
#2646=DIRECTION('center_axis',(-0.707106781186548,8.11332506808772E-14,
0.707106781186547));
#2647=DIRECTION('ref_axis',(0.707106781186547,0.,0.707106781186548));
#2648=DIRECTION('center_axis',(-0.707106781186548,8.11332506808772E-14,
0.707106781186547));
#2649=DIRECTION('ref_axis',(-0.707106781186547,0.,-0.707106781186548));
#2650=DIRECTION('',(0.,1.,-1.14739743472313E-13));
#2651=DIRECTION('center_axis',(-0.707106781186548,8.11332506808772E-14,
0.707106781186547));
#2652=DIRECTION('ref_axis',(-0.707106781186547,0.,-0.707106781186548));
#2653=DIRECTION('center_axis',(-0.707106781186548,0.,-0.707106781186547));
#2654=DIRECTION('ref_axis',(-0.707106781186547,0.,0.707106781186548));
#2655=DIRECTION('center_axis',(-0.707106781186548,0.,-0.707106781186547));
#2656=DIRECTION('ref_axis',(0.707106781186547,0.,-0.707106781186548));
#2657=DIRECTION('',(0.,-1.,0.));
#2658=DIRECTION('center_axis',(-0.707106781186548,0.,-0.707106781186547));
#2659=DIRECTION('ref_axis',(0.707106781186547,0.,-0.707106781186548));
#2660=DIRECTION('center_axis',(-1.,0.,0.));
#2661=DIRECTION('ref_axis',(0.,1.,0.));
#2662=DIRECTION('center_axis',(-1.,6.14522715747974E-32,-2.77555756156289E-17));
#2663=DIRECTION('ref_axis',(0.,1.,0.));
#2664=DIRECTION('',(-1.,0.,0.));
#2665=DIRECTION('center_axis',(-1.,0.,0.));
#2666=DIRECTION('ref_axis',(0.,1.,0.));
#2667=DIRECTION('center_axis',(1.,0.,0.));
#2668=DIRECTION('ref_axis',(0.,1.,0.));
#2669=DIRECTION('center_axis',(-1.,0.,0.));
#2670=DIRECTION('ref_axis',(0.,1.,0.));
#2671=DIRECTION('center_axis',(1.,0.,0.));
#2672=DIRECTION('ref_axis',(0.,1.,0.));
#2673=DIRECTION('center_axis',(-1.,0.,0.));
#2674=DIRECTION('ref_axis',(0.,1.,0.));
#2675=DIRECTION('',(1.,0.,0.));
#2676=DIRECTION('center_axis',(-1.,0.,0.));
#2677=DIRECTION('ref_axis',(0.,1.,0.));
#2678=DIRECTION('',(-1.,0.,0.));
#2679=DIRECTION('center_axis',(1.,0.,0.));
#2680=DIRECTION('ref_axis',(0.,1.,0.));
#2681=DIRECTION('center_axis',(-1.,0.,0.));
#2682=DIRECTION('ref_axis',(0.,1.,0.));
#2683=DIRECTION('center_axis',(1.,0.,0.));
#2684=DIRECTION('ref_axis',(0.,1.,0.));
#2685=DIRECTION('center_axis',(1.,0.,0.));
#2686=DIRECTION('ref_axis',(0.,1.,0.));
#2687=DIRECTION('',(0.,-1.1438661465845E-13,-1.));
#2688=DIRECTION('center_axis',(1.,0.,0.));
#2689=DIRECTION('ref_axis',(0.,-1.,1.14739743472313E-13));
#2690=DIRECTION('',(0.,-1.1438661465845E-13,-1.));
#2691=DIRECTION('',(0.,-1.1438661465845E-13,-1.));
#2692=DIRECTION('',(0.,-1.1438661465845E-13,-1.));
#2693=DIRECTION('center_axis',(-0.707106781186548,8.11332506808772E-14,
0.707106781186547));
#2694=DIRECTION('ref_axis',(0.707106781186547,0.,0.707106781186548));
#2695=DIRECTION('center_axis',(-0.707106781186548,8.11332506808772E-14,
0.707106781186547));
#2696=DIRECTION('ref_axis',(-0.707106781186547,0.,-0.707106781186548));
#2697=DIRECTION('center_axis',(-0.707106781186548,8.11332506808772E-14,
0.707106781186547));
#2698=DIRECTION('ref_axis',(-0.707106781186547,0.,-0.707106781186548));
#2699=DIRECTION('',(0.,1.,-1.14739743472313E-13));
#2700=DIRECTION('center_axis',(-0.707106781186548,0.,-0.707106781186547));
#2701=DIRECTION('ref_axis',(-0.707106781186547,0.,0.707106781186548));
#2702=DIRECTION('center_axis',(-0.707106781186548,0.,-0.707106781186547));
#2703=DIRECTION('ref_axis',(0.707106781186547,0.,-0.707106781186548));
#2704=DIRECTION('',(0.,-1.,0.));
#2705=DIRECTION('center_axis',(-0.707106781186548,0.,-0.707106781186547));
#2706=DIRECTION('ref_axis',(0.707106781186547,0.,-0.707106781186548));
#2707=DIRECTION('center_axis',(-0.707106781186547,7.85398704273653E-18,
-0.707106781186548));
#2708=DIRECTION('ref_axis',(-0.707106781186548,0.,0.707106781186547));
#2709=DIRECTION('',(-0.707106781186548,-2.61690799473945E-16,0.707106781186547));
#2710=DIRECTION('center_axis',(-0.707106781186547,7.85398704273653E-18,
-0.707106781186548));
#2711=DIRECTION('ref_axis',(0.707106781186548,0.,-0.707106781186547));
#2712=DIRECTION('',(0.,-1.,-1.11072149945406E-17));
#2713=DIRECTION('',(-0.707106781186548,-2.61690799473945E-16,0.707106781186547));
#2714=DIRECTION('center_axis',(-1.,0.,0.));
#2715=DIRECTION('ref_axis',(0.,-1.11022302462516E-16,1.));
#2716=DIRECTION('center_axis',(-1.,0.,0.));
#2717=DIRECTION('ref_axis',(0.,1.,0.));
#2718=DIRECTION('center_axis',(-1.,6.14522715747974E-32,-2.77555756156289E-17));
#2719=DIRECTION('ref_axis',(0.,1.,0.));
#2720=DIRECTION('',(-1.,0.,0.));
#2721=DIRECTION('center_axis',(-1.,0.,0.));
#2722=DIRECTION('ref_axis',(0.,1.,0.));
#2723=DIRECTION('center_axis',(1.,0.,0.));
#2724=DIRECTION('ref_axis',(0.,1.,0.));
#2725=DIRECTION('center_axis',(-1.,0.,0.));
#2726=DIRECTION('ref_axis',(0.,1.,0.));
#2727=DIRECTION('center_axis',(-1.,6.14522715747974E-32,-2.77555756156289E-17));
#2728=DIRECTION('ref_axis',(0.,1.,0.));
#2729=DIRECTION('',(-1.,0.,0.));
#2730=DIRECTION('center_axis',(-1.,0.,0.));
#2731=DIRECTION('ref_axis',(0.,1.,0.));
#2732=DIRECTION('center_axis',(1.,0.,0.));
#2733=DIRECTION('ref_axis',(0.,1.,0.));
#2734=DIRECTION('center_axis',(-1.,0.,0.));
#2735=DIRECTION('ref_axis',(0.,1.,0.));
#2736=DIRECTION('center_axis',(1.,0.,0.));
#2737=DIRECTION('ref_axis',(0.,1.,0.));
#2738=DIRECTION('center_axis',(1.,-6.14522715747974E-32,2.77555756156289E-17));
#2739=DIRECTION('ref_axis',(2.77555756156289E-17,0.,-1.));
#2740=DIRECTION('',(0.,0.,1.));
#2741=DIRECTION('',(0.,1.,-1.66533453693774E-15));
#2742=DIRECTION('',(0.,0.,1.));
#2743=DIRECTION('center_axis',(-1.,6.14522715747974E-32,-2.77555756156289E-17));
#2744=DIRECTION('ref_axis',(0.,-2.22044604925031E-16,1.));
#2745=DIRECTION('center_axis',(1.,-6.14522715747974E-32,2.77555756156289E-17));
#2746=DIRECTION('ref_axis',(0.,0.,-1.));
#2747=DIRECTION('center_axis',(1.,-6.14522715747974E-32,2.77555756156289E-17));
#2748=DIRECTION('ref_axis',(0.,1.,0.));
#2749=DIRECTION('',(0.,0.,-1.));
#2750=DIRECTION('',(0.,1.,3.82152937824134E-16));
#2751=DIRECTION('',(0.,0.,-1.));
#2752=DIRECTION('center_axis',(-1.,6.14522715747974E-32,-2.77555756156289E-17));
#2753=DIRECTION('ref_axis',(0.,2.22044604925031E-16,-1.));
#2754=DIRECTION('',(2.77555756156289E-17,0.,-1.));
#2755=DIRECTION('center_axis',(-1.,0.,0.));
#2756=DIRECTION('ref_axis',(0.,-1.,5.58327757611932E-14));
#2757=DIRECTION('center_axis',(0.,-1.,0.));
#2758=DIRECTION('ref_axis',(1.,0.,1.21115239050017E-15));
#2759=DIRECTION('',(0.554700196225229,0.,0.832050294337844));
#2760=DIRECTION('',(1.,0.,0.));
#2761=DIRECTION('',(1.,0.,1.21115239050017E-15));
#2762=DIRECTION('center_axis',(-0.832050294337843,0.,0.554700196225229));
#2763=DIRECTION('ref_axis',(0.554700196225229,0.,0.832050294337844));
#2764=DIRECTION('',(0.,1.,0.));
#2765=DIRECTION('',(-0.554700196225229,2.23942156223033E-16,-0.832050294337844));
#2766=DIRECTION('center_axis',(-1.,0.,0.));
#2767=DIRECTION('ref_axis',(0.,0.,-1.));
#2768=DIRECTION('',(1.,0.,0.));
#2769=DIRECTION('center_axis',(4.03717463500057E-16,1.,0.));
#2770=DIRECTION('ref_axis',(-1.,4.03717463500057E-16,1.21115239050017E-15));
#2771=DIRECTION('',(-1.,4.03717463500057E-16,1.21115239050017E-15));
#2772=DIRECTION('center_axis',(0.,0.,1.));
#2773=DIRECTION('ref_axis',(1.,0.,0.));
#2774=DIRECTION('center_axis',(0.,0.,1.));
#2775=DIRECTION('ref_axis',(1.83697019872103E-16,-1.,0.));
#2776=DIRECTION('center_axis',(0.,0.,1.));
#2777=DIRECTION('ref_axis',(-1.,0.,0.));
#2778=DIRECTION('center_axis',(0.,0.,1.));
#2779=DIRECTION('ref_axis',(-1.,0.,0.));
#2780=DIRECTION('center_axis',(0.,0.,1.));
#2781=DIRECTION('ref_axis',(-1.,0.,0.));
#2782=DIRECTION('center_axis',(-0.707106781186547,0.,-0.707106781186548));
#2783=DIRECTION('ref_axis',(-0.707106781186548,0.,0.707106781186547));
#2784=DIRECTION('',(-0.707106781186547,-1.04672830578918E-15,0.707106781186548));
#2785=DIRECTION('',(0.707106781186548,0.,-0.707106781186547));
#2786=DIRECTION('',(0.,-1.,0.));
#2787=DIRECTION('center_axis',(0.,-1.,0.));
#2788=DIRECTION('ref_axis',(-1.,0.,0.));
#2789=DIRECTION('',(-1.,0.,0.));
#2790=DIRECTION('center_axis',(0.6,0.,-0.8));
#2791=DIRECTION('ref_axis',(-0.8,0.,-0.6));
#2792=DIRECTION('',(-0.8,1.1842378929335E-15,-0.6));
#2793=DIRECTION('',(0.,1.,0.));
#2794=DIRECTION('',(0.8,0.,0.6));
#2795=DIRECTION('center_axis',(-1.48029736616687E-15,-1.,0.));
#2796=DIRECTION('ref_axis',(-1.,1.48029736616687E-15,5.65699987333998E-31));
#2797=DIRECTION('',(-1.,1.48029736616687E-15,5.65699987333998E-31));
#2798=DIRECTION('center_axis',(-1.48029736616687E-15,1.,0.));
#2799=DIRECTION('ref_axis',(1.,1.48029736616687E-15,5.65699987333998E-31));
#2800=DIRECTION('',(1.,1.48029736616687E-15,5.65699987333998E-31));
#2801=DIRECTION('center_axis',(0.,0.,1.));
#2802=DIRECTION('ref_axis',(1.,0.,0.));
#2803=DIRECTION('center_axis',(0.,1.,0.));
#2804=DIRECTION('ref_axis',(1.,0.,0.));
#2805=DIRECTION('',(1.,0.,0.));
#2806=DIRECTION('center_axis',(0.,0.,-1.));
#2807=DIRECTION('ref_axis',(-1.,0.,0.));
#2808=DIRECTION('center_axis',(0.,0.,-1.));
#2809=DIRECTION('ref_axis',(-1.,0.,0.));
#2810=DIRECTION('',(0.,0.,-1.));
#2811=DIRECTION('center_axis',(0.,6.66432899673065E-17,-1.));
#2812=DIRECTION('ref_axis',(-1.,0.,0.));
#2813=DIRECTION('center_axis',(0.,-6.66432899673065E-17,1.));
#2814=DIRECTION('ref_axis',(-1.,0.,0.));
#2815=DIRECTION('center_axis',(0.,0.,1.));
#2816=DIRECTION('ref_axis',(1.,0.,0.));
#2817=DIRECTION('',(0.,0.,-1.));
#2818=DIRECTION('center_axis',(0.,0.,-1.));
#2819=DIRECTION('ref_axis',(-1.,0.,0.));
#2820=DIRECTION('',(0.,0.,-1.));
#2821=DIRECTION('center_axis',(-2.17243394914286E-30,1.80992016124237E-14,
1.));
#2822=DIRECTION('ref_axis',(-1.,-2.40058539118284E-16,2.17243394914286E-30));
#2823=DIRECTION('',(-2.17243394914286E-30,1.80992016124237E-14,1.));
#2824=DIRECTION('center_axis',(-2.26417302511668E-30,1.84813545502478E-14,
1.));
#2825=DIRECTION('ref_axis',(-1.,-2.40058539118284E-16,2.17243394914286E-30));
#2826=DIRECTION('center_axis',(2.26417302511668E-30,-1.84813545502478E-14,
-1.));
#2827=DIRECTION('ref_axis',(-1.,-2.40058539118284E-16,2.17243394914286E-30));
#2828=DIRECTION('center_axis',(0.,0.,-1.));
#2829=DIRECTION('ref_axis',(-1.,0.,0.));
#2830=DIRECTION('',(0.,0.,1.));
#2831=DIRECTION('center_axis',(0.,3.82152937824134E-16,-1.));
#2832=DIRECTION('ref_axis',(-1.,0.,0.));
#2833=DIRECTION('center_axis',(0.,-3.82152937824134E-16,1.));
#2834=DIRECTION('ref_axis',(-1.,0.,0.));
#2835=DIRECTION('center_axis',(-2.17243394914286E-30,-1.80992016124237E-14,
-1.));
#2836=DIRECTION('ref_axis',(1.,-2.40058539118284E-16,2.17243394914286E-30));
#2837=DIRECTION('',(2.17243394914286E-30,1.80992016124237E-14,1.));
#2838=DIRECTION('center_axis',(-2.26417302511668E-30,-1.84813545502478E-14,
-1.));
#2839=DIRECTION('ref_axis',(1.,-2.40058539118284E-16,2.17243394914286E-30));
#2840=DIRECTION('center_axis',(2.26417302511668E-30,1.84813545502478E-14,
1.));
#2841=DIRECTION('ref_axis',(1.,-2.40058539118284E-16,2.17243394914286E-30));
#2842=DIRECTION('center_axis',(-1.,0.,0.));
#2843=DIRECTION('ref_axis',(0.,2.22044604925031E-16,-1.));
#2844=DIRECTION('center_axis',(0.,0.,1.));
#2845=DIRECTION('ref_axis',(1.,0.,0.));
#2846=DIRECTION('',(0.,0.,1.));
#2847=DIRECTION('center_axis',(0.,-3.82152937824134E-16,1.));
#2848=DIRECTION('ref_axis',(1.,0.,0.));
#2849=DIRECTION('center_axis',(0.,3.82152937824134E-16,-1.));
#2850=DIRECTION('ref_axis',(1.,0.,0.));
#2851=DIRECTION('center_axis',(-1.,0.,0.));
#2852=DIRECTION('ref_axis',(0.,1.,-1.14739743472313E-13));
#2853=DIRECTION('',(0.,-1.1438661465845E-13,-1.));
#2854=DIRECTION('center_axis',(1.,0.,0.));
#2855=DIRECTION('ref_axis',(0.,-1.,1.14739743472313E-13));
#2856=DIRECTION('',(0.,1.1438661465845E-13,1.));
#2857=DIRECTION('center_axis',(0.,-1.,1.1438661465845E-13));
#2858=DIRECTION('ref_axis',(-1.,0.,0.));
#2859=DIRECTION('center_axis',(-1.,0.,0.));
#2860=DIRECTION('ref_axis',(0.,1.,-1.14739743472313E-13));
#2861=DIRECTION('',(0.,1.1438661465845E-13,1.));
#2862=DIRECTION('',(0.,-1.1438661465845E-13,-1.));
#2863=DIRECTION('center_axis',(0.,-1.,1.1438661465845E-13));
#2864=DIRECTION('ref_axis',(-1.,0.,0.));
#2865=DIRECTION('center_axis',(0.,1.,-1.1438661465845E-13));
#2866=DIRECTION('ref_axis',(1.,0.,0.));
#2867=DIRECTION('center_axis',(0.,1.,0.));
#2868=DIRECTION('ref_axis',(0.,0.,-1.));
#2869=DIRECTION('center_axis',(-1.,0.,0.));
#2870=DIRECTION('ref_axis',(0.,-2.22044604925031E-16,1.));
#2871=CARTESIAN_POINT('',(0.,0.,0.));
#2872=CARTESIAN_POINT('Origin',(-20.155,-7.83999999999999,5.48380000000001));
#2873=CARTESIAN_POINT('',(-26.,-7.83999999999999,5.04880000000003));
#2874=CARTESIAN_POINT('',(-20.055,-7.83999999999999,5.04880000000001));
#2875=CARTESIAN_POINT('',(-21.61625,-7.83999999999999,5.04880000000001));
#2876=CARTESIAN_POINT('',(-26.,-7.83999999999999,5.48380000000001));
#2877=CARTESIAN_POINT('',(-26.,-7.83999999999999,4.61285000000008));
#2878=CARTESIAN_POINT('',(-20.055,-7.83999999999999,5.48380000000001));
#2879=CARTESIAN_POINT('',(-10.0775,-7.83999999999999,5.48380000000001));
#2880=CARTESIAN_POINT('',(-20.055,-7.83999999999999,5.48380000000001));
#2881=CARTESIAN_POINT('Origin',(-20.055,1.20000000000001,5.48380000000001));
#2882=CARTESIAN_POINT('',(-20.055,1.30000000000001,5.04880000000001));
#2883=CARTESIAN_POINT('',(-20.055,-1.03499999999999,5.04880000000001));
#2884=CARTESIAN_POINT('',(-20.055,1.30000000000001,5.48380000000001));
#2885=CARTESIAN_POINT('',(-20.055,-3.84939019108053,5.48380000000001));
#2886=CARTESIAN_POINT('',(-20.055,1.30000000000001,5.48380000000001));
#2887=CARTESIAN_POINT('Origin',(-26.,1.30000000000001,5.48380000000001));
#2888=CARTESIAN_POINT('',(-26.,1.30000000000001,5.04880000000003));
#2889=CARTESIAN_POINT('',(-24.53875,1.30000000000001,5.04880000000002));
#2890=CARTESIAN_POINT('',(-26.,1.30000000000001,5.48380000000001));
#2891=CARTESIAN_POINT('',(-13.,1.30000000000001,5.48380000000001));
#2892=CARTESIAN_POINT('',(-26.,1.30000000000001,4.61285000000008));
#2893=CARTESIAN_POINT('Origin',(-23.0775,-3.26999999999999,5.04880000000002));
#2894=CARTESIAN_POINT('',(-26.,-11.28,5.04880000000003));
#2895=CARTESIAN_POINT('Origin',(0.,-8.89878038216107,5.48380000000001));
#2896=CARTESIAN_POINT('',(-26.,-8.89878038216107,5.48380000000001));
#2897=CARTESIAN_POINT('',(-26.,-14.0943901910805,5.48380000000001));
#2898=CARTESIAN_POINT('',(-2.24434394521439,-8.89878038222942,5.4838));
#2899=CARTESIAN_POINT('',(0.,-8.89878038216107,5.48380000000001));
#2900=CARTESIAN_POINT('',(-1.69747772452872,-8.16463387092737,5.48380000000001));
#2901=CARTESIAN_POINT('Ctrl Pts',(-1.69747772452872,-8.16463387092737,5.48380000000001));
#2902=CARTESIAN_POINT('Ctrl Pts',(-1.91793460860206,-8.36852813138208,5.48380000000001));
#2903=CARTESIAN_POINT('Ctrl Pts',(-2.10587166451679,-8.61640223362234,5.48380000000001));
#2904=CARTESIAN_POINT('Ctrl Pts',(-2.24434394518737,-8.89878038224267,5.48380000000001));
#2905=CARTESIAN_POINT('',(1.69747772452872,-8.16463387092737,5.48380000000001));
#2906=CARTESIAN_POINT('Origin',(-2.22044604925031E-15,-10.0000001490116,
5.48380000000001));
#2907=CARTESIAN_POINT('',(2.24434394521439,-8.89878038222942,5.4838));
#2908=CARTESIAN_POINT('Ctrl Pts',(2.24434394518736,-8.89878038224266,5.48380000000001));
#2909=CARTESIAN_POINT('Ctrl Pts',(2.10587166451679,-8.61640223362234,5.48380000000001));
#2910=CARTESIAN_POINT('Ctrl Pts',(1.91793460860205,-8.36852813138208,5.48380000000001));
#2911=CARTESIAN_POINT('Ctrl Pts',(1.69747772452872,-8.16463387092737,5.48380000000001));
#2912=CARTESIAN_POINT('',(22.25,-8.89878038216107,5.48380000000001));
#2913=CARTESIAN_POINT('',(0.,-8.89878038216107,5.48380000000001));
#2914=CARTESIAN_POINT('',(22.25,-4.89878038216107,5.48380000000001));
#2915=CARTESIAN_POINT('',(22.25,-6.89878038216107,5.48380000000001));
#2916=CARTESIAN_POINT('',(26.,-4.89878038216107,5.48380000000001));
#2917=CARTESIAN_POINT('',(13.,-4.89878038216106,5.48380000000001));
#2918=CARTESIAN_POINT('',(26.,16.09,5.48380000000001));
#2919=CARTESIAN_POINT('',(26.,-1.6,5.48380000000001));
#2920=CARTESIAN_POINT('',(-26.,16.09,5.48380000000001));
#2921=CARTESIAN_POINT('',(0.,16.09,5.48380000000001));
#2922=CARTESIAN_POINT('',(-26.,11.332215,5.48380000000001));
#2923=CARTESIAN_POINT('',(-26.,-14.0943901910805,5.48380000000001));
#2924=CARTESIAN_POINT('',(-21.5,11.332215,5.48380000000001));
#2925=CARTESIAN_POINT('',(-13.,11.332215,5.48380000000001));
#2926=CARTESIAN_POINT('',(-21.5,2.13221499999844,5.48380000000001));
#2927=CARTESIAN_POINT('',(-21.5,1.16671730891947,5.48380000000001));
#2928=CARTESIAN_POINT('',(-26.,2.13221500006879,5.48380000000001));
#2929=CARTESIAN_POINT('',(-10.7999999999146,2.13221499983117,5.48380000000001));
#2930=CARTESIAN_POINT('',(-26.,-14.0943901910805,5.48380000000001));
#2931=CARTESIAN_POINT('',(2.5,13.,5.48380000000001));
#2932=CARTESIAN_POINT('Origin',(0.,13.,5.48380000000001));
#2933=CARTESIAN_POINT('',(-22.5,14.5,5.48380000000001));
#2934=CARTESIAN_POINT('Origin',(-24.,14.5,5.48380000000001));
#2935=CARTESIAN_POINT('',(22.5,14.5,5.48380000000001));
#2936=CARTESIAN_POINT('Origin',(24.,14.5,5.48380000000001));
#2937=CARTESIAN_POINT('',(-9.630002,-5.86999999999999,5.48380000000001));
#2938=CARTESIAN_POINT('Origin',(-11.130002,-5.86999999999999,5.48380000000001));
#2939=CARTESIAN_POINT('Origin',(-21.6000000000016,2.132215,5.48380000000001));
#2940=CARTESIAN_POINT('',(-26.,2.13221500006879,4.80880000000001));
#2941=CARTESIAN_POINT('',(-21.5,2.13221499999844,4.80880000000001));
#2942=CARTESIAN_POINT('',(-22.7000000000367,2.1322150000172,4.80880000000001));
#2943=CARTESIAN_POINT('',(-26.,2.13221500006879,4.61285000000008));
#2944=CARTESIAN_POINT('',(-21.5,2.13221499999844,5.48380000000001));
#2945=CARTESIAN_POINT('Origin',(-21.5,11.232215,5.48380000000001));
#2946=CARTESIAN_POINT('',(-21.5,11.332215,4.80880000000001));
#2947=CARTESIAN_POINT('',(-21.5,8.982215,4.80880000000001));
#2948=CARTESIAN_POINT('',(-21.5,11.332215,5.48380000000001));
#2949=CARTESIAN_POINT('Origin',(-26.,11.332215,5.48380000000001));
#2950=CARTESIAN_POINT('',(-26.,11.332215,4.80880000000001));
#2951=CARTESIAN_POINT('',(-24.9,11.332215,4.80880000000001));
#2952=CARTESIAN_POINT('',(-26.,11.332215,4.61285000000008));
#2953=CARTESIAN_POINT('Origin',(-23.8,6.732215,4.80880000000001));
#2954=CARTESIAN_POINT('',(-26.,-6.2788925,4.80880000000001));
#2955=CARTESIAN_POINT('Ctrl Pts',(2.24434394518716,-8.89878038224224,5.4838));
#2956=CARTESIAN_POINT('Ctrl Pts',(2.31255167667456,-9.0378722845762,5.48379999999888));
#2957=CARTESIAN_POINT('Ctrl Pts',(2.45121741962099,-9.4028141134651,5.47651421371131));
#2958=CARTESIAN_POINT('Ctrl Pts',(2.50011116661905,-9.78339681670322,5.44702451644215));
#2959=CARTESIAN_POINT('Ctrl Pts',(2.50037022792909,-10.3151729005469,5.38822133671424));
#2960=CARTESIAN_POINT('Ctrl Pts',(2.43697773272815,-10.6476121816501,5.33469702769571));
#2961=CARTESIAN_POINT('Ctrl Pts',(2.29047302164343,-10.9957593182912,5.26155940796189));
#2962=CARTESIAN_POINT('Ctrl Pts',(2.26998188746696,-11.0407516085803,5.25180972227106));
#2963=CARTESIAN_POINT('Ctrl Pts',(2.24814331605362,-11.0849835720984,5.24190000011826));
#2964=CARTESIAN_POINT('Ctrl Pts',(1.96108595738078,-9.0817116135526,6.47978499045412));
#2965=CARTESIAN_POINT('Ctrl Pts',(2.02110991433096,-9.21122017307911,6.47822977871321));
#2966=CARTESIAN_POINT('Ctrl Pts',(2.14002673587023,-9.55360744888938,6.46802446610605));
#2967=CARTESIAN_POINT('Ctrl Pts',(2.16704881920623,-9.91014384698984,6.43917788257914));
#2968=CARTESIAN_POINT('Ctrl Pts',(2.13659731924095,-10.4011898623355,6.38450125158429));
#2969=CARTESIAN_POINT('Ctrl Pts',(2.05355024595792,-10.7005292568042,6.33663337265135));
#2970=CARTESIAN_POINT('Ctrl Pts',(1.89855869537193,-10.9985071397926,6.27415504208586));
#2971=CARTESIAN_POINT('Ctrl Pts',(1.87729856992046,-11.0368804628505,6.26584858115625));
#2972=CARTESIAN_POINT('Ctrl Pts',(1.854974468399,-11.0741968066894,6.25747524590306));
#2973=CARTESIAN_POINT('Ctrl Pts',(1.6778279695744,-9.26464284486296,7.47576998090824));
#2974=CARTESIAN_POINT('Ctrl Pts',(1.72981605480982,-9.3848078198115,7.47261977592784));
#2975=CARTESIAN_POINT('Ctrl Pts',(1.8286491802868,-9.70418379615997,7.45958344853403));
#2976=CARTESIAN_POINT('Ctrl Pts',(1.83409004245451,-10.0370428422638,7.43130803382835));
#2977=CARTESIAN_POINT('Ctrl Pts',(1.77283218430315,-10.4871256653273,7.38078752244099));
#2978=CARTESIAN_POINT('Ctrl Pts',(1.66989909961144,-10.7527386657284,7.33869983441614));
#2979=CARTESIAN_POINT('Ctrl Pts',(1.50669119863656,-11.001377038953,7.28672803620601));
#2980=CARTESIAN_POINT('Ctrl Pts',(1.4845696582993,-11.0328911562643,7.27990926980408));
#2981=CARTESIAN_POINT('Ctrl Pts',(1.46180562074438,-11.0634100412805,7.27305049168787));
#2982=CARTESIAN_POINT('Ctrl Pts',(1.39456998176802,-9.44757407617332,8.47175497136236));
#2983=CARTESIAN_POINT('Ctrl Pts',(1.43837429246622,-9.55815570831441,8.46704955464218));
#2984=CARTESIAN_POINT('Ctrl Pts',(1.51745849653603,-9.85497713158425,8.45109370092877));
#2985=CARTESIAN_POINT('Ctrl Pts',(1.50102769504169,-10.1637898725504,8.42346139996533));
#2986=CARTESIAN_POINT('Ctrl Pts',(1.40905927561502,-10.573142627116,8.37706743731105));
#2987=CARTESIAN_POINT('Ctrl Pts',(1.28647161284121,-10.8056557408824,8.34063617937179));
#2988=CARTESIAN_POINT('Ctrl Pts',(1.11477687236506,-11.0041248604544,8.29932367032998));
#2989=CARTESIAN_POINT('Ctrl Pts',(1.09188634075279,-11.0290200105345,8.29394812868928));
#2990=CARTESIAN_POINT('Ctrl Pts',(1.06863677308976,-11.0526232758715,8.28862573747267));
#2991=CARTESIAN_POINT('',(1.39456998176816,-9.44757407617366,8.47175497136235));
#2992=CARTESIAN_POINT('',(2.24434394521439,-8.89878038222942,5.4838));
#2993=CARTESIAN_POINT('',(1.06863677308976,-11.0526232758715,8.28862573747267));
#2994=CARTESIAN_POINT('Ctrl Pts',(1.39456998176802,-9.44757407617332,8.47175497136236));
#2995=CARTESIAN_POINT('Ctrl Pts',(1.43837429246622,-9.55815570831441,8.46704955464218));
#2996=CARTESIAN_POINT('Ctrl Pts',(1.51745849653603,-9.85497713158425,8.45109370092877));
#2997=CARTESIAN_POINT('Ctrl Pts',(1.50102769504169,-10.1637898725504,8.42346139996533));
#2998=CARTESIAN_POINT('Ctrl Pts',(1.40905927561502,-10.573142627116,8.37706743731105));
#2999=CARTESIAN_POINT('Ctrl Pts',(1.28647161284121,-10.8056557408824,8.34063617937179));
#3000=CARTESIAN_POINT('Ctrl Pts',(1.11477687236506,-11.0041248604544,8.29932367032998));
#3001=CARTESIAN_POINT('Ctrl Pts',(1.09188634075279,-11.0290200105345,8.29394812868928));
#3002=CARTESIAN_POINT('Ctrl Pts',(1.06863677308976,-11.0526232758715,8.28862573747267));
#3003=CARTESIAN_POINT('',(2.24814331623504,-11.0849835721837,5.24190000009915));
#3004=CARTESIAN_POINT('',(1.06863677308976,-11.0526232758715,8.28862573747267));
#3005=CARTESIAN_POINT('Ctrl Pts',(2.24814331605362,-11.0849835720984,5.24190000011826));
#3006=CARTESIAN_POINT('Ctrl Pts',(2.26998188746696,-11.0407516085803,5.25180972227106));
#3007=CARTESIAN_POINT('Ctrl Pts',(2.29047302164343,-10.9957593182912,5.26155940796189));
#3008=CARTESIAN_POINT('Ctrl Pts',(2.43697773272815,-10.6476121816501,5.33469702769571));
#3009=CARTESIAN_POINT('Ctrl Pts',(2.50037022792909,-10.3151729005469,5.38822133671424));
#3010=CARTESIAN_POINT('Ctrl Pts',(2.50011116661905,-9.78339681670322,5.44702451644215));
#3011=CARTESIAN_POINT('Ctrl Pts',(2.45121741962099,-9.4028141134651,5.47651421371131));
#3012=CARTESIAN_POINT('Ctrl Pts',(2.31255167667456,-9.0378722845762,5.48379999999888));
#3013=CARTESIAN_POINT('Ctrl Pts',(2.24434394518716,-8.89878038224224,5.4838));
#3014=CARTESIAN_POINT('Ctrl Pts',(1.73484675833931,-11.7878720993448,5.11062299189974));
#3015=CARTESIAN_POINT('Ctrl Pts',(1.5201690300644,-11.9955685907027,5.07947044801433));
#3016=CARTESIAN_POINT('Ctrl Pts',(1.25167688444156,-12.1770739904269,5.0592335595413));
#3017=CARTESIAN_POINT('Ctrl Pts',(0.650147691955925,-12.4283560101328,5.03485054012112));
#3018=CARTESIAN_POINT('Ctrl Pts',(0.314796725863801,-12.4919234457252,5.03046694738116));
#3019=CARTESIAN_POINT('Ctrl Pts',(-0.314796725863779,-12.4919234457252,
5.03046694738116));
#3020=CARTESIAN_POINT('Ctrl Pts',(-0.650147691955919,-12.4283560101328,
5.03485054012112));
#3021=CARTESIAN_POINT('Ctrl Pts',(-1.25167688444151,-12.1770739904269,5.0592335595413));
#3022=CARTESIAN_POINT('Ctrl Pts',(-1.5201690300643,-11.9955685907028,5.07947044801431));
#3023=CARTESIAN_POINT('Ctrl Pts',(-1.73484675833931,-11.7878720993448,5.11062299189974));
#3024=CARTESIAN_POINT('Ctrl Pts',(1.37474185059451,-11.6418021530427,6.14234319172328));
#3025=CARTESIAN_POINT('Ctrl Pts',(1.20399077823368,-11.7933007082364,6.11687110763112));
#3026=CARTESIAN_POINT('Ctrl Pts',(0.992171145371051,-11.9273640213957,6.09931719736653));
#3027=CARTESIAN_POINT('Ctrl Pts',(0.51603721755622,-12.1135394582562,6.07735370358591));
#3028=CARTESIAN_POINT('Ctrl Pts',(0.249959040209849,-12.1612511131868,6.07301679741872));
#3029=CARTESIAN_POINT('Ctrl Pts',(-0.249959040209827,-12.1612511131868,
6.07301679741872));
#3030=CARTESIAN_POINT('Ctrl Pts',(-0.516037217556215,-12.1135394582562,
6.07735370358591));
#3031=CARTESIAN_POINT('Ctrl Pts',(-0.992171145371002,-11.9273640213957,
6.09931719736653));
#3032=CARTESIAN_POINT('Ctrl Pts',(-1.20399077823358,-11.7933007082365,6.1168711076311));
#3033=CARTESIAN_POINT('Ctrl Pts',(-1.37474185059452,-11.6418021530427,6.14234319172328));
#3034=CARTESIAN_POINT('Ctrl Pts',(1.01463694284972,-11.4957322067406,7.17406339154682));
#3035=CARTESIAN_POINT('Ctrl Pts',(0.888070173572467,-11.5920072860083,7.15417428522635));
#3036=CARTESIAN_POINT('Ctrl Pts',(0.732665551602315,-11.6775956949013,7.139314894266));
#3037=CARTESIAN_POINT('Ctrl Pts',(0.381973253970197,-11.7991121810206,7.11990349526044));
#3038=CARTESIAN_POINT('Ctrl Pts',(0.185092327895155,-11.8307627003108,7.11554354948871));
#3039=CARTESIAN_POINT('Ctrl Pts',(-0.18509232789518,-11.8307627003108,7.11554354948871));
#3040=CARTESIAN_POINT('Ctrl Pts',(-0.381973253970207,-11.7991121810206,
7.11990349526044));
#3041=CARTESIAN_POINT('Ctrl Pts',(-0.73266555160236,-11.6775956949013,7.13931489426601));
#3042=CARTESIAN_POINT('Ctrl Pts',(-0.888070173572563,-11.5920072860082,
7.15417428522637));
#3043=CARTESIAN_POINT('Ctrl Pts',(-1.01463694284973,-11.4957322067406,7.17406339154682));
#3044=CARTESIAN_POINT('Ctrl Pts',(0.654532035104925,-11.3496622604385,8.20578359137036));
#3045=CARTESIAN_POINT('Ctrl Pts',(0.571891921741747,-11.389739403542,8.19157494484314));
#3046=CARTESIAN_POINT('Ctrl Pts',(0.473159812531808,-11.4278857258701,8.17939853209123));
#3047=CARTESIAN_POINT('Ctrl Pts',(0.247862779570492,-11.484295629144,8.16240665872524));
#3048=CARTESIAN_POINT('Ctrl Pts',(0.120254642241202,-11.5000903677724,8.15809339952627));
#3049=CARTESIAN_POINT('Ctrl Pts',(-0.120254642241228,-11.5000903677724,
8.15809339952627));
#3050=CARTESIAN_POINT('Ctrl Pts',(-0.247862779570503,-11.484295629144,8.16240665872524));
#3051=CARTESIAN_POINT('Ctrl Pts',(-0.473159812531854,-11.42788572587,8.17939853209124));
#3052=CARTESIAN_POINT('Ctrl Pts',(-0.571891921741845,-11.3897394035419,
8.19157494484316));
#3053=CARTESIAN_POINT('Ctrl Pts',(-0.654532035104932,-11.3496622604385,
8.20578359137036));
#3054=CARTESIAN_POINT('',(-0.65453203510493,-11.3496622604385,8.20578359137036));
#3055=CARTESIAN_POINT('',(-1.73484675833931,-11.7878720993448,5.11062299189974));
#3056=CARTESIAN_POINT('',(-0.65453203510493,-11.3496622604385,8.20578359137036));
#3057=CARTESIAN_POINT('',(1.7348467583393,-11.7878720993448,5.11062299189974));
#3058=CARTESIAN_POINT('Ctrl Pts',(-1.73484675833931,-11.7878720993448,5.11062299189974));
#3059=CARTESIAN_POINT('Ctrl Pts',(-1.5201690300643,-11.9955685907028,5.07947044801431));
#3060=CARTESIAN_POINT('Ctrl Pts',(-1.25167688444151,-12.1770739904269,5.0592335595413));
#3061=CARTESIAN_POINT('Ctrl Pts',(-0.650147691955919,-12.4283560101328,
5.03485054012112));
#3062=CARTESIAN_POINT('Ctrl Pts',(-0.314796725863779,-12.4919234457252,
5.03046694738116));
#3063=CARTESIAN_POINT('Ctrl Pts',(0.314796725863801,-12.4919234457252,5.03046694738116));
#3064=CARTESIAN_POINT('Ctrl Pts',(0.650147691955925,-12.4283560101328,5.03485054012112));
#3065=CARTESIAN_POINT('Ctrl Pts',(1.25167688444156,-12.1770739904269,5.0592335595413));
#3066=CARTESIAN_POINT('Ctrl Pts',(1.5201690300644,-11.9955685907027,5.07947044801433));
#3067=CARTESIAN_POINT('Ctrl Pts',(1.73484675833931,-11.7878720993448,5.11062299189974));
#3068=CARTESIAN_POINT('',(0.654532035104924,-11.3496622604385,8.20578359137036));
#3069=CARTESIAN_POINT('',(1.7348467583393,-11.7878720993448,5.11062299189974));
#3070=CARTESIAN_POINT('Ctrl Pts',(0.654532035104925,-11.3496622604385,8.20578359137036));
#3071=CARTESIAN_POINT('Ctrl Pts',(0.571891921741747,-11.389739403542,8.19157494484314));
#3072=CARTESIAN_POINT('Ctrl Pts',(0.473159812531808,-11.4278857258701,8.17939853209123));
#3073=CARTESIAN_POINT('Ctrl Pts',(0.247862779570492,-11.484295629144,8.16240665872524));
#3074=CARTESIAN_POINT('Ctrl Pts',(0.120254642241202,-11.5000903677724,8.15809339952627));
#3075=CARTESIAN_POINT('Ctrl Pts',(-0.120254642241228,-11.5000903677724,
8.15809339952627));
#3076=CARTESIAN_POINT('Ctrl Pts',(-0.247862779570503,-11.484295629144,8.16240665872524));
#3077=CARTESIAN_POINT('Ctrl Pts',(-0.473159812531854,-11.42788572587,8.17939853209124));
#3078=CARTESIAN_POINT('Ctrl Pts',(-0.571891921741845,-11.3897394035419,
8.19157494484316));
#3079=CARTESIAN_POINT('Ctrl Pts',(-0.654532035104932,-11.3496622604385,
8.20578359137036));
#3080=CARTESIAN_POINT('Ctrl Pts',(-2.24814331605363,-11.0849835720984,5.24190000011826));
#3081=CARTESIAN_POINT('Ctrl Pts',(-2.26998188746697,-11.0407516085803,5.25180972227106));
#3082=CARTESIAN_POINT('Ctrl Pts',(-2.29048290520962,-10.9958299097393,5.26155848923164));
#3083=CARTESIAN_POINT('Ctrl Pts',(-2.41888753048309,-10.6897950399182,5.32571690977029));
#3084=CARTESIAN_POINT('Ctrl Pts',(-2.52622296135493,-10.2051336816769,5.40703872084532));
#3085=CARTESIAN_POINT('Ctrl Pts',(-2.4793905256485,-9.51932750675951,5.47079082567663));
#3086=CARTESIAN_POINT('Ctrl Pts',(-2.34014133308848,-9.09413420256801,5.48379999999842));
#3087=CARTESIAN_POINT('Ctrl Pts',(-2.24434394518716,-8.89878038224224,5.4838));
#3088=CARTESIAN_POINT('Ctrl Pts',(-1.85497446839901,-11.0741968066894,6.25747524590306));
#3089=CARTESIAN_POINT('Ctrl Pts',(-1.87731183603122,-11.036917590807,6.26584216188235));
#3090=CARTESIAN_POINT('Ctrl Pts',(-1.89854663970342,-10.9985182353465,6.2741645166774));
#3091=CARTESIAN_POINT('Ctrl Pts',(-2.03460745017338,-10.7370346423975,6.32887698417153));
#3092=CARTESIAN_POINT('Ctrl Pts',(-2.16844723282604,-10.3031489903595,6.40114597531146));
#3093=CARTESIAN_POINT('Ctrl Pts',(-2.16197562868234,-9.66346781297846,6.46191368664275));
#3094=CARTESIAN_POINT('Ctrl Pts',(-2.04566461630955,-9.26388417168796,6.47754035938259));
#3095=CARTESIAN_POINT('Ctrl Pts',(-1.96108595738078,-9.0817116135526,6.47978499045412));
#3096=CARTESIAN_POINT('Ctrl Pts',(-1.46180562074439,-11.0634100412805,7.27305049168787));
#3097=CARTESIAN_POINT('Ctrl Pts',(-1.48455639218855,-11.0328540283078,7.27991568907799));
#3098=CARTESIAN_POINT('Ctrl Pts',(-1.50672468082462,-11.0015157482178,7.28671513539371));
#3099=CARTESIAN_POINT('Ctrl Pts',(-1.64953876842791,-10.7821618799692,7.33241871851755));
#3100=CARTESIAN_POINT('Ctrl Pts',(-1.81045151984653,-10.4011681920909,7.39527396838341));
#3101=CARTESIAN_POINT('Ctrl Pts',(-1.84426542506373,-9.80696453154961,7.45316236351503));
#3102=CARTESIAN_POINT('Ctrl Pts',(-1.75056961467679,-9.4331354079568,7.47140587978682));
#3103=CARTESIAN_POINT('Ctrl Pts',(-1.6778279695744,-9.26464284486296,7.47576998090824));
#3104=CARTESIAN_POINT('Ctrl Pts',(-1.06863677308977,-11.0526232758715,8.28862573747267));
#3105=CARTESIAN_POINT('Ctrl Pts',(-1.0918863407528,-11.0290200105345,8.29394812868928));
#3106=CARTESIAN_POINT('Ctrl Pts',(-1.11478841531842,-11.004204073825,8.29932116283947));
#3107=CARTESIAN_POINT('Ctrl Pts',(-1.2652586881182,-10.8294014824485,8.33557879291879));
#3108=CARTESIAN_POINT('Ctrl Pts',(-1.45267579131764,-10.4991835007736,8.38938122284955));
#3109=CARTESIAN_POINT('Ctrl Pts',(-1.52685052809758,-9.95110483776856,8.44428522448114));
#3110=CARTESIAN_POINT('Ctrl Pts',(-1.45609289789785,-9.60288537707675,8.46514623917099));
#3111=CARTESIAN_POINT('Ctrl Pts',(-1.39456998176803,-9.44757407617332,8.47175497136236));
#3112=CARTESIAN_POINT('',(-2.24814331623505,-11.0849835721837,5.24190000009915));
#3113=CARTESIAN_POINT('',(-1.06863677308977,-11.0526232758715,8.28862573747267));
#3114=CARTESIAN_POINT('',(-2.24814331623505,-11.0849835721837,5.24190000009915));
#3115=CARTESIAN_POINT('',(-1.39456998176816,-9.44757407617366,8.47175497136235));
#3116=CARTESIAN_POINT('Ctrl Pts',(-1.06863677308977,-11.0526232758715,8.28862573747267));
#3117=CARTESIAN_POINT('Ctrl Pts',(-1.0918863407528,-11.0290200105345,8.29394812868928));
#3118=CARTESIAN_POINT('Ctrl Pts',(-1.11478841531842,-11.004204073825,8.29932116283947));
#3119=CARTESIAN_POINT('Ctrl Pts',(-1.2652586881182,-10.8294014824485,8.33557879291879));
#3120=CARTESIAN_POINT('Ctrl Pts',(-1.45267579131764,-10.4991835007736,8.38938122284955));
#3121=CARTESIAN_POINT('Ctrl Pts',(-1.52685052809758,-9.95110483776856,8.44428522448114));
#3122=CARTESIAN_POINT('Ctrl Pts',(-1.45609289789785,-9.60288537707675,8.46514623917099));
#3123=CARTESIAN_POINT('Ctrl Pts',(-1.39456998176803,-9.44757407617332,8.47175497136236));
#3124=CARTESIAN_POINT('',(-1.39456998176816,-9.44757407617366,8.47175497136235));
#3125=CARTESIAN_POINT('Ctrl Pts',(-2.24434394518716,-8.89878038224224,5.4838));
#3126=CARTESIAN_POINT('Ctrl Pts',(-2.34014133308848,-9.09413420256801,5.48379999999842));
#3127=CARTESIAN_POINT('Ctrl Pts',(-2.4793905256485,-9.51932750675951,5.47079082567663));
#3128=CARTESIAN_POINT('Ctrl Pts',(-2.52622296135493,-10.2051336816769,5.40703872084532));
#3129=CARTESIAN_POINT('Ctrl Pts',(-2.41888753048309,-10.6897950399182,5.32571690977029));
#3130=CARTESIAN_POINT('Ctrl Pts',(-2.29048290520962,-10.9958299097393,5.26155848923164));
#3131=CARTESIAN_POINT('Ctrl Pts',(-2.26998188746697,-11.0407516085803,5.25180972227106));
#3132=CARTESIAN_POINT('Ctrl Pts',(-2.24814331605363,-11.0849835720984,5.24190000011826));
#3133=CARTESIAN_POINT('Ctrl Pts',(-1.73484675833935,-11.7878720993448,5.11062299189974));
#3134=CARTESIAN_POINT('Ctrl Pts',(-1.94043591646112,-11.5889686213444,5.14045666548209));
#3135=CARTESIAN_POINT('Ctrl Pts',(-2.11728939031687,-11.3500158381615,5.18252221286511));
#3136=CARTESIAN_POINT('Ctrl Pts',(-2.24814331605363,-11.0849835720984,5.24190000011837));
#3137=CARTESIAN_POINT('Ctrl Pts',(-1.37474185059455,-11.6418021530427,6.14234319172325));
#3138=CARTESIAN_POINT('Ctrl Pts',(-1.55444754125944,-11.4885181112833,6.16956464878052));
#3139=CARTESIAN_POINT('Ctrl Pts',(-1.72130237299702,-11.298027566045,6.20725969200506));
#3140=CARTESIAN_POINT('Ctrl Pts',(-1.85497446839901,-11.0741968066894,6.25747524590314));
#3141=CARTESIAN_POINT('Ctrl Pts',(-1.01463694284975,-11.4957322067406,7.17406339154675));
#3142=CARTESIAN_POINT('Ctrl Pts',(-1.16845916605777,-11.3880676012223,7.19867263207894));
#3143=CARTESIAN_POINT('Ctrl Pts',(-1.32531535567718,-11.2460392939285,7.231997171145));
#3144=CARTESIAN_POINT('Ctrl Pts',(-1.46180562074439,-11.0634100412805,7.2730504916879));
#3145=CARTESIAN_POINT('Ctrl Pts',(-0.654532035104946,-11.3496622604385,
8.20578359137025));
#3146=CARTESIAN_POINT('Ctrl Pts',(-0.782470790856092,-11.2876170911613,
8.22778061537737));
#3147=CARTESIAN_POINT('Ctrl Pts',(-0.929328338357337,-11.194051021812,8.25673465028495));
#3148=CARTESIAN_POINT('Ctrl Pts',(-1.06863677308977,-11.0526232758715,8.28862573747267));
#3149=CARTESIAN_POINT('Ctrl Pts',(-2.24814331605363,-11.0849835720984,5.24190000011837));
#3150=CARTESIAN_POINT('Ctrl Pts',(-2.11728939031687,-11.3500158381615,5.18252221286511));
#3151=CARTESIAN_POINT('Ctrl Pts',(-1.94043591646112,-11.5889686213444,5.14045666548209));
#3152=CARTESIAN_POINT('Ctrl Pts',(-1.73484675833935,-11.7878720993448,5.11062299189974));
#3153=CARTESIAN_POINT('Ctrl Pts',(-0.654532035104946,-11.3496622604385,
8.20578359137025));
#3154=CARTESIAN_POINT('Ctrl Pts',(-0.782470790856092,-11.2876170911613,
8.22778061537737));
#3155=CARTESIAN_POINT('Ctrl Pts',(-0.929328338357337,-11.194051021812,8.25673465028495));
#3156=CARTESIAN_POINT('Ctrl Pts',(-1.06863677308977,-11.0526232758715,8.28862573747267));
#3157=CARTESIAN_POINT('Origin',(-2.22044604925031E-15,-10.0000001490116,
6.98380000000001));
#3158=CARTESIAN_POINT('',(1.01848663471723,-8.89878038216107,8.48380000000001));
#3159=CARTESIAN_POINT('',(1.01848663471723,-8.89878038216107,8.48380000000001));
#3160=CARTESIAN_POINT('',(-1.01848663471723,-8.89878038216107,8.48380000000001));
#3161=CARTESIAN_POINT('',(-1.69747772452872,-8.16463387092737,5.48380000000001));
#3162=CARTESIAN_POINT('Origin',(-2.22044604925031E-15,-10.0000001490116,
8.48380000000001));
#3163=CARTESIAN_POINT('Ctrl Pts',(-2.24434394518737,-8.89878038224267,5.48380000000001));
#3164=CARTESIAN_POINT('Ctrl Pts',(-2.10587166451679,-8.61640223362234,5.48380000000001));
#3165=CARTESIAN_POINT('Ctrl Pts',(-1.91793460860206,-8.36852813138208,5.48380000000001));
#3166=CARTESIAN_POINT('Ctrl Pts',(-1.69747772452872,-8.16463387092737,5.48380000000001));
#3167=CARTESIAN_POINT('Ctrl Pts',(-1.96108595738097,-9.081711613553,6.47978499045412));
#3168=CARTESIAN_POINT('Ctrl Pts',(-1.83912792057081,-8.81862688934883,6.4829692325263));
#3169=CARTESIAN_POINT('Ctrl Pts',(-1.66830821380806,-8.59169780253004,6.4838));
#3170=CARTESIAN_POINT('Ctrl Pts',(-1.47114736125823,-8.40934937467194,6.4838));
#3171=CARTESIAN_POINT('Ctrl Pts',(-1.67782796957456,-9.26464284486333,7.47576998090823));
#3172=CARTESIAN_POINT('Ctrl Pts',(-1.57238417662483,-9.02085154507532,7.48213846505259));
#3173=CARTESIAN_POINT('Ctrl Pts',(-1.41868181901407,-8.814867473678,7.48380000000001));
#3174=CARTESIAN_POINT('Ctrl Pts',(-1.24481699798773,-8.6540648784165,7.48380000000001));
#3175=CARTESIAN_POINT('Ctrl Pts',(-1.39456998176816,-9.44757407617366,8.47175497136235));
#3176=CARTESIAN_POINT('Ctrl Pts',(-1.30564043267884,-9.2230762008018,8.48130769757888));
#3177=CARTESIAN_POINT('Ctrl Pts',(-1.16905542422007,-9.03803714482596,8.48380000000001));
#3178=CARTESIAN_POINT('Ctrl Pts',(-1.01848663471723,-8.89878038216107,8.48380000000001));
#3179=CARTESIAN_POINT('Ctrl Pts',(-1.39456998176816,-9.44757407617366,8.47175497136235));
#3180=CARTESIAN_POINT('Ctrl Pts',(-1.30564043267884,-9.2230762008018,8.48130769757888));
#3181=CARTESIAN_POINT('Ctrl Pts',(-1.16905542422007,-9.03803714482596,8.48380000000001));
#3182=CARTESIAN_POINT('Ctrl Pts',(-1.01848663471723,-8.89878038216107,8.48380000000001));
#3183=CARTESIAN_POINT('Ctrl Pts',(2.24814331605362,-11.0849835720984,5.24190000011837));
#3184=CARTESIAN_POINT('Ctrl Pts',(2.12506402457378,-11.3342690508694,5.18605012061629));
#3185=CARTESIAN_POINT('Ctrl Pts',(1.95912831211577,-11.5629719094347,5.14509776142578));
#3186=CARTESIAN_POINT('Ctrl Pts',(1.75910395155434,-11.7641595228439,5.11420235364286));
#3187=CARTESIAN_POINT('Ctrl Pts',(1.74706175687748,-11.7760543278475,5.11239554781916));
#3188=CARTESIAN_POINT('Ctrl Pts',(1.73484675833934,-11.7878720993448,5.11062299189974));
#3189=CARTESIAN_POINT('Ctrl Pts',(1.854974468399,-11.0741968066894,6.25747524590314));
#3190=CARTESIAN_POINT('Ctrl Pts',(1.72902523419619,-11.2848390633838,6.21023744631566));
#3191=CARTESIAN_POINT('Ctrl Pts',(1.57192313852172,-11.4677985481538,6.17367882783362));
#3192=CARTESIAN_POINT('Ctrl Pts',(1.39600171234078,-11.6235018469805,6.14560714879887));
#3193=CARTESIAN_POINT('Ctrl Pts',(1.3854053634638,-11.6326984724873,6.14395992625966));
#3194=CARTESIAN_POINT('Ctrl Pts',(1.37474185059454,-11.6418021530427,6.14234319172325));
#3195=CARTESIAN_POINT('Ctrl Pts',(1.46180562074438,-11.0634100412805,7.2730504916879));
#3196=CARTESIAN_POINT('Ctrl Pts',(1.33364408430083,-11.2350781356942,7.23444212092084));
#3197=CARTESIAN_POINT('Ctrl Pts',(1.18515443316733,-11.372552099135,7.2022831195876));
#3198=CARTESIAN_POINT('Ctrl Pts',(1.03286083720206,-11.482853274916,7.17701009682822));
#3199=CARTESIAN_POINT('Ctrl Pts',(1.02378985910353,-11.4893317265993,7.17552615741333));
#3200=CARTESIAN_POINT('Ctrl Pts',(1.01463694284974,-11.4957322067406,7.17406339154675));
#3201=CARTESIAN_POINT('Ctrl Pts',(1.06863677308976,-11.0526232758715,8.28862573747267));
#3202=CARTESIAN_POINT('Ctrl Pts',(0.937605293923244,-11.1856481482087,8.25862944662021));
#3203=CARTESIAN_POINT('Ctrl Pts',(0.797949259573279,-11.2773787378541,8.23086418599544));
#3204=CARTESIAN_POINT('Ctrl Pts',(0.669758597988493,-11.3421955990526,8.20841489198422));
#3205=CARTESIAN_POINT('Ctrl Pts',(0.662133465689848,-11.3459758712391,8.20709053585383));
#3206=CARTESIAN_POINT('Ctrl Pts',(0.654532035104938,-11.3496622604385,8.20578359137025));
#3207=CARTESIAN_POINT('Ctrl Pts',(1.73484675833934,-11.7878720993448,5.11062299189974));
#3208=CARTESIAN_POINT('Ctrl Pts',(1.74706175687748,-11.7760543278475,5.11239554781916));
#3209=CARTESIAN_POINT('Ctrl Pts',(1.75910395155434,-11.7641595228439,5.11420235364286));
#3210=CARTESIAN_POINT('Ctrl Pts',(1.95912831211577,-11.5629719094347,5.14509776142578));
#3211=CARTESIAN_POINT('Ctrl Pts',(2.12506402457378,-11.3342690508694,5.18605012061629));
#3212=CARTESIAN_POINT('Ctrl Pts',(2.24814331605362,-11.0849835720984,5.24190000011837));
#3213=CARTESIAN_POINT('Ctrl Pts',(1.06863677308976,-11.0526232758715,8.28862573747267));
#3214=CARTESIAN_POINT('Ctrl Pts',(0.937605293923244,-11.1856481482087,8.25862944662021));
#3215=CARTESIAN_POINT('Ctrl Pts',(0.797949259573279,-11.2773787378541,8.23086418599544));
#3216=CARTESIAN_POINT('Ctrl Pts',(0.669758597988493,-11.3421955990526,8.20841489198422));
#3217=CARTESIAN_POINT('Ctrl Pts',(0.662133465689848,-11.3459758712391,8.20709053585383));
#3218=CARTESIAN_POINT('Ctrl Pts',(0.654532035104938,-11.3496622604385,8.20578359137025));
#3219=CARTESIAN_POINT('Ctrl Pts',(1.69747772452872,-8.16463387092737,5.48380000000001));
#3220=CARTESIAN_POINT('Ctrl Pts',(1.91793460860205,-8.36852813138208,5.48380000000001));
#3221=CARTESIAN_POINT('Ctrl Pts',(2.10587166451679,-8.61640223362234,5.48380000000001));
#3222=CARTESIAN_POINT('Ctrl Pts',(2.24434394518736,-8.89878038224266,5.48380000000001));
#3223=CARTESIAN_POINT('Ctrl Pts',(1.47114736125822,-8.40934937467194,6.4838));
#3224=CARTESIAN_POINT('Ctrl Pts',(1.66830821380806,-8.59169780253004,6.4838));
#3225=CARTESIAN_POINT('Ctrl Pts',(1.8391279205708,-8.81862688934883,6.4829692325263));
#3226=CARTESIAN_POINT('Ctrl Pts',(1.96108595738096,-9.081711613553,6.47978499045412));
#3227=CARTESIAN_POINT('Ctrl Pts',(1.24481699798773,-8.6540648784165,7.48380000000001));
#3228=CARTESIAN_POINT('Ctrl Pts',(1.41868181901406,-8.814867473678,7.48380000000001));
#3229=CARTESIAN_POINT('Ctrl Pts',(1.57238417662482,-9.02085154507532,7.48213846505259));
#3230=CARTESIAN_POINT('Ctrl Pts',(1.67782796957456,-9.26464284486333,7.47576998090823));
#3231=CARTESIAN_POINT('Ctrl Pts',(1.01848663471723,-8.89878038216107,8.48380000000001));
#3232=CARTESIAN_POINT('Ctrl Pts',(1.16905542422007,-9.03803714482596,8.48380000000001));
#3233=CARTESIAN_POINT('Ctrl Pts',(1.30564043267884,-9.22307620080181,8.48130769757888));
#3234=CARTESIAN_POINT('Ctrl Pts',(1.39456998176815,-9.44757407617366,8.47175497136235));
#3235=CARTESIAN_POINT('Ctrl Pts',(1.01848663471723,-8.89878038216107,8.48380000000001));
#3236=CARTESIAN_POINT('Ctrl Pts',(1.16905542422007,-9.03803714482596,8.48380000000001));
#3237=CARTESIAN_POINT('Ctrl Pts',(1.30564043267884,-9.22307620080181,8.48130769757888));
#3238=CARTESIAN_POINT('Ctrl Pts',(1.39456998176815,-9.44757407617366,8.47175497136235));
#3239=CARTESIAN_POINT('Origin',(0.,-8.89878038216107,-4.5162));
#3240=CARTESIAN_POINT('',(-26.,-11.0849835726365,5.24189999999783));
#3241=CARTESIAN_POINT('Origin',(-26.,-8.89878038216107,-4.5162));
#3242=CARTESIAN_POINT('',(0.,-11.0849835726365,5.24189999999783));
#3243=CARTESIAN_POINT('Origin',(0.,13.,6.98380000000001));
#3244=CARTESIAN_POINT('',(1.5,13.,8.48380000000001));
#3245=CARTESIAN_POINT('',(2.,13.,6.98380000000001));
#3246=CARTESIAN_POINT('Origin',(0.,13.,8.48380000000001));
#3247=CARTESIAN_POINT('Origin',(-21.50005,13.0956098089195,0.983850000000005));
#3248=CARTESIAN_POINT('',(-20.0001,7.10121961783893,2.48380000000001));
#3249=CARTESIAN_POINT('',(-23.,10.0767249245366,-0.516099999999995));
#3250=CARTESIAN_POINT('Origin',(-20.0001,10.1012196178389,2.48380000000001));
#3251=CARTESIAN_POINT('',(-23.,10.1257143111413,-0.516099999999995));
#3252=CARTESIAN_POINT('',(-23.,13.0956098089195,-0.516099999999995));
#3253=CARTESIAN_POINT('',(-20.0001,13.1012196178389,2.48380000000001));
#3254=CARTESIAN_POINT('Origin',(-20.0001,10.1012196178389,2.48380000000001));
#3255=CARTESIAN_POINT('',(-20.0001,13.0956098089195,2.48380000000001));
#3256=CARTESIAN_POINT('Origin',(-26.,10.1012196178389,2.48380000000001));
#3257=CARTESIAN_POINT('',(-26.,8.60121961783893,2.48380000000001));
#3258=CARTESIAN_POINT('Origin',(-26.,10.1012196178389,2.48380000000001));
#3259=CARTESIAN_POINT('',(-24.,8.60121961783893,2.48380000000001));
#3260=CARTESIAN_POINT('',(-26.,8.60121961783893,2.48380000000001));
#3261=CARTESIAN_POINT('Origin',(-24.,10.1012196178389,2.48380000000001));
#3262=CARTESIAN_POINT('Origin',(-24.,10.1012196178389,2.48380000000001));
#3263=CARTESIAN_POINT('Origin',(-26.,10.1012196178389,2.48380000000001));
#3264=CARTESIAN_POINT('',(-24.541676510919,13.1012196178389,2.4838));
#3265=CARTESIAN_POINT('',(-26.,13.1012196178389,2.48380000000001));
#3266=CARTESIAN_POINT('',(-26.,13.1012196178389,2.48380000000001));
#3267=CARTESIAN_POINT('',(-23.458323489081,13.1012196178389,2.4838));
#3268=CARTESIAN_POINT('Ctrl Pts',(-23.458323489081,13.1012196178389,2.48380000000001));
#3269=CARTESIAN_POINT('Ctrl Pts',(-23.458323489081,13.1012196178389,2.62117011550381));
#3270=CARTESIAN_POINT('Ctrl Pts',(-23.4879013559888,13.0889186914266,2.78287177607311));
#3271=CARTESIAN_POINT('Ctrl Pts',(-23.5719281211656,13.0620671104005,2.97119221065721));
#3272=CARTESIAN_POINT('Ctrl Pts',(-23.6158923846566,13.049222303807,3.04244496560949));
#3273=CARTESIAN_POINT('Ctrl Pts',(-23.7037738026522,13.0289328370848,3.14006287752282));
#3274=CARTESIAN_POINT('Ctrl Pts',(-23.7558732120781,13.0188276231163,3.18270375342206));
#3275=CARTESIAN_POINT('Ctrl Pts',(-23.8727758506658,13.0042446852168,3.24099742217283));
#3276=CARTESIAN_POINT('Ctrl Pts',(-23.9376806108416,13.,3.25650453343961));
#3277=CARTESIAN_POINT('Ctrl Pts',(-24.0623193891584,13.,3.25650453343961));
#3278=CARTESIAN_POINT('Ctrl Pts',(-24.1272241493342,13.0042446852168,3.24099742217283));
#3279=CARTESIAN_POINT('Ctrl Pts',(-24.2441267879219,13.0188276231163,3.18270375342206));
#3280=CARTESIAN_POINT('Ctrl Pts',(-24.2962261973478,13.0289328370848,3.14006287752282));
#3281=CARTESIAN_POINT('Ctrl Pts',(-24.3841076153434,13.049222303807,3.04244496560949));
#3282=CARTESIAN_POINT('Ctrl Pts',(-24.4280718788344,13.0620671104005,2.97119221065721));
#3283=CARTESIAN_POINT('Ctrl Pts',(-24.5120986440112,13.0889186914266,2.78287177607311));
#3284=CARTESIAN_POINT('Ctrl Pts',(-24.541676510919,13.1012196178389,2.62117011550381));
#3285=CARTESIAN_POINT('Ctrl Pts',(-24.541676510919,13.1012196178389,2.48380000000001));
#3286=CARTESIAN_POINT('',(-26.,13.1012196178389,2.48380000000001));
#3287=CARTESIAN_POINT('',(-26.,7.10121961783893,2.48380000000001));
#3288=CARTESIAN_POINT('',(-26.,7.10121961783893,2.48380000000001));
#3289=CARTESIAN_POINT('Origin',(-26.,10.1012196178389,2.48380000000001));
#3290=CARTESIAN_POINT('Origin',(-22.25005,-45.6699999999996,5.74994999999926));
#3291=CARTESIAN_POINT('',(-21.5001,-34.0719237886449,4.99999999999793));
#3292=CARTESIAN_POINT('',(-23.,-36.6455053064648,6.49989999999822));
#3293=CARTESIAN_POINT('Origin',(-20.0001000000019,-36.6699999999995,3.50000000000012));
#3294=CARTESIAN_POINT('',(-23.,-36.6944946935335,6.49989999999823));
#3295=CARTESIAN_POINT('',(-23.,-45.6699999999995,6.49989999999926));
#3296=CARTESIAN_POINT('',(-21.5001,-39.2680762113537,4.99999999999852));
#3297=CARTESIAN_POINT('Origin',(-20.0001000000019,-36.6699999999995,3.50000000000012));
#3298=CARTESIAN_POINT('',(-21.5001,-45.6699999999996,4.99999999999926));
#3299=CARTESIAN_POINT('Origin',(-22.25005,-24.9705933815569,1.25005000000029));
#3300=CARTESIAN_POINT('',(-21.5001,-39.2680762113529,2.00000000000029));
#3301=CARTESIAN_POINT('',(-23.,-36.6944946933233,0.500100000000291));
#3302=CARTESIAN_POINT('Origin',(-20.0001000000002,-36.6699999999995,3.50000000000012));
#3303=CARTESIAN_POINT('',(-23.,-36.6455053066757,0.500100000000291));
#3304=CARTESIAN_POINT('',(-23.,-24.9705933815569,0.500100000000291));
#3305=CARTESIAN_POINT('',(-21.5001,-34.0719237886461,2.00000000000029));
#3306=CARTESIAN_POINT('Origin',(-20.0001000000002,-36.6699999999995,3.50000000000012));
#3307=CARTESIAN_POINT('',(-21.5001,-24.9705933815569,2.00000000000029));
#3308=CARTESIAN_POINT('Origin',(-26.,-36.6699999999995,3.50000000000012));
#3309=CARTESIAN_POINT('',(-26.,-38.1699999999995,3.50000000000012));
#3310=CARTESIAN_POINT('Origin',(-26.,-36.6699999999995,3.50000000000012));
#3311=CARTESIAN_POINT('',(-24.,-38.1699999999995,3.50000000000012));
#3312=CARTESIAN_POINT('',(-26.,-38.1699999999995,3.50000000000012));
#3313=CARTESIAN_POINT('Origin',(-24.,-36.6699999999995,3.50000000000012));
#3314=CARTESIAN_POINT('Origin',(-24.,-36.6699999999995,3.50000000000012));
#3315=CARTESIAN_POINT('Origin',(-26.,-36.6699999999995,3.50000000000012));
#3316=CARTESIAN_POINT('',(-24.405,-34.06,2.02084483572475));
#3317=CARTESIAN_POINT('',(-23.,-34.06,2.02084483572475));
#3318=CARTESIAN_POINT('',(-26.,-34.06,2.02084483572475));
#3319=CARTESIAN_POINT('',(-24.405,-34.0599999999996,4.97915516427489));
#3320=CARTESIAN_POINT('Origin',(-24.405,-36.6699999999995,3.50000000000012));
#3321=CARTESIAN_POINT('',(-23.,-34.0599999999996,4.97915516427489));
#3322=CARTESIAN_POINT('',(-26.,-34.0599999999996,4.97915516427489));
#3323=CARTESIAN_POINT('Origin',(-23.,-36.6699999999995,3.50000000000012));
#3324=CARTESIAN_POINT('Origin',(-26.,-36.6699999999995,3.50000000000012));
#3325=CARTESIAN_POINT('',(-26.,-39.2680762113529,2.00000000000029));
#3326=CARTESIAN_POINT('',(-26.,-39.2680762113529,2.00000000000029));
#3327=CARTESIAN_POINT('',(-26.,-34.0719237886461,2.00000000000029));
#3328=CARTESIAN_POINT('Origin',(-26.,-36.6699999999995,3.50000000000012));
#3329=CARTESIAN_POINT('',(-26.,-34.0719237886461,2.00000000000029));
#3330=CARTESIAN_POINT('Origin',(-23.,-36.6699999999995,3.50000000000012));
#3331=CARTESIAN_POINT('',(-23.,-34.0599999999997,4.24999999999887));
#3332=CARTESIAN_POINT('Origin',(-26.,-36.6699999999995,3.50000000000012));
#3333=CARTESIAN_POINT('',(-26.,-39.2680762113537,4.99999999999852));
#3334=CARTESIAN_POINT('',(-26.,-39.2680762113537,4.99999999999852));
#3335=CARTESIAN_POINT('',(-26.,-34.0719237886449,4.99999999999793));
#3336=CARTESIAN_POINT('',(-26.,-34.0719237886449,4.99999999999793));
#3337=CARTESIAN_POINT('Origin',(-26.,-36.6699999999995,3.50000000000012));
#3338=CARTESIAN_POINT('Origin',(-26.,-19.29,3.74190000000015));
#3339=CARTESIAN_POINT('',(-26.,16.09,2.48380000000001));
#3340=CARTESIAN_POINT('',(-26.,16.09,4.61285000000008));
#3341=CARTESIAN_POINT('',(-26.,-1.6,2.48380000000001));
#3342=CARTESIAN_POINT('',(-26.,-4.89878038216107,2.48380000000001));
#3343=CARTESIAN_POINT('',(-26.,-1.6,2.48380000000001));
#3344=CARTESIAN_POINT('',(-26.,-10.8920613222245,2.28312809401117));
#3345=CARTESIAN_POINT('Origin',(-26.,-7.89878038216107,2.48380000000001));
#3346=CARTESIAN_POINT('',(-26.,-11.0849835726498,2.24190000000015));
#3347=CARTESIAN_POINT('Origin',(-26.,-8.89878038218528,-7.51619999999999));
#3348=CARTESIAN_POINT('',(-26.,-13.2711867631143,2.00000000000029));
#3349=CARTESIAN_POINT('Origin',(-26.,-13.2711867631143,12.0000000000003));
#3350=CARTESIAN_POINT('',(-26.,-16.1699999999999,2.00000000000029));
#3351=CARTESIAN_POINT('',(-26.,-16.2805933815572,2.00000000000029));
#3352=CARTESIAN_POINT('',(-26.,-16.1699999999999,-0.999999999999715));
#3353=CARTESIAN_POINT('',(-26.,-16.1699999999999,2.00000000000029));
#3354=CARTESIAN_POINT('',(-26.,-24.1700000000001,-0.999999999999718));
#3355=CARTESIAN_POINT('',(-26.,-16.1699999999999,-0.999999999999715));
#3356=CARTESIAN_POINT('',(-26.,-24.1700000000001,2.00000000000028));
#3357=CARTESIAN_POINT('',(-26.,-24.1700000000001,2.00000000000028));
#3358=CARTESIAN_POINT('',(-26.,-16.2805933815572,2.00000000000029));
#3359=CARTESIAN_POINT('',(-26.,-49.0719237886461,2.00000000000029));
#3360=CARTESIAN_POINT('',(-26.,-16.2805933815572,2.00000000000029));
#3361=CARTESIAN_POINT('',(-26.,-49.0719237886459,4.99999999999965));
#3362=CARTESIAN_POINT('Origin',(-26.,-51.6699999999995,3.50000000000012));
#3363=CARTESIAN_POINT('',(-26.,-36.9799999999999,4.99999999999826));
#3364=CARTESIAN_POINT('',(-26.,-13.2711867631118,4.99999999999554));
#3365=CARTESIAN_POINT('',(-26.,-36.9799999999999,4.99999999999826));
#3366=CARTESIAN_POINT('Origin',(-26.,-13.2711867631118,14.9999999999955));
#3367=CARTESIAN_POINT('',(-26.,-53.1699999999995,3.50000000000012));
#3368=CARTESIAN_POINT('Origin',(-26.,-51.6699999999995,3.50000000000012));
#3369=CARTESIAN_POINT('',(-26.,-9.39878038216107,2.48380000000001));
#3370=CARTESIAN_POINT('Origin',(-26.,-7.89878038216107,2.48380000000001));
#3371=CARTESIAN_POINT('Origin',(0.,-13.2711867631143,2.00000000000029));
#3372=CARTESIAN_POINT('',(-21.,-24.1700000000001,2.00000000000029));
#3373=CARTESIAN_POINT('',(-11.5,-24.1700000000001,2.00000000000029));
#3374=CARTESIAN_POINT('',(-21.,-16.1699999999999,2.00000000000029));
#3375=CARTESIAN_POINT('',(-21.,-14.7205933815571,2.00000000000029));
#3376=CARTESIAN_POINT('',(-13.,-16.1699999999999,2.00000000000029));
#3377=CARTESIAN_POINT('',(-25.4460110656855,-13.2711867631143,2.00000000000029));
#3378=CARTESIAN_POINT('',(0.,-13.2711867631143,2.00000000000029));
#3379=CARTESIAN_POINT('',(-25.5,-13.6699999999999,2.00000000000027));
#3380=CARTESIAN_POINT('Origin',(-24.,-13.6699999999999,2.0000000000003));
#3381=CARTESIAN_POINT('',(-22.5539889343145,-13.2711867631143,2.00000000000029));
#3382=CARTESIAN_POINT('Origin',(-24.,-13.6699999999999,2.0000000000003));
#3383=CARTESIAN_POINT('',(22.5539889343145,-13.2711867631146,2.00000000000016));
#3384=CARTESIAN_POINT('',(0.,-13.2711867631143,2.00000000000029));
#3385=CARTESIAN_POINT('',(25.5,-13.6699999999999,2.00000000000027));
#3386=CARTESIAN_POINT('Origin',(24.,-13.6699999999999,2.0000000000003));
#3387=CARTESIAN_POINT('',(25.4460110656855,-13.2711867631144,2.00000000000016));
#3388=CARTESIAN_POINT('Origin',(24.,-13.6699999999999,2.0000000000003));
#3389=CARTESIAN_POINT('',(26.,-13.2711867631143,2.00000000000029));
#3390=CARTESIAN_POINT('',(0.,-13.2711867631143,2.00000000000029));
#3391=CARTESIAN_POINT('',(26.,-16.1699999999999,2.00000000000029));
#3392=CARTESIAN_POINT('',(26.,-36.98,2.00000000000029));
#3393=CARTESIAN_POINT('',(21.5,-16.1699999999999,2.00000000000029));
#3394=CARTESIAN_POINT('',(13.,-16.1699999999999,2.00000000000029));
#3395=CARTESIAN_POINT('',(21.5,-24.1700000000001,2.00000000000029));
#3396=CARTESIAN_POINT('',(21.5,-14.7205933815571,2.00000000000029));
#3397=CARTESIAN_POINT('',(26.,-24.1700000000001,2.00000000000028));
#3398=CARTESIAN_POINT('',(11.5,-24.1700000000001,2.00000000000029));
#3399=CARTESIAN_POINT('',(26.,-34.0719237886461,2.00000000000029));
#3400=CARTESIAN_POINT('',(26.,-36.98,2.00000000000029));
#3401=CARTESIAN_POINT('',(21.5001,-34.0719237886461,2.00000000000029));
#3402=CARTESIAN_POINT('',(26.,-34.0719237886461,2.00000000000029));
#3403=CARTESIAN_POINT('',(21.5001,-39.2680762113529,2.00000000000029));
#3404=CARTESIAN_POINT('',(21.5001,-24.9705933815569,2.00000000000029));
#3405=CARTESIAN_POINT('',(26.,-39.2680762113529,2.00000000000029));
#3406=CARTESIAN_POINT('',(26.,-39.2680762113529,2.00000000000029));
#3407=CARTESIAN_POINT('',(26.,-49.0719237886461,2.00000000000029));
#3408=CARTESIAN_POINT('',(26.,-36.98,2.00000000000029));
#3409=CARTESIAN_POINT('',(21.5001,-49.0719237886461,2.00000000000029));
#3410=CARTESIAN_POINT('',(26.,-49.0719237886461,2.00000000000029));
#3411=CARTESIAN_POINT('',(21.5001,-54.2680762113529,2.00000000000029));
#3412=CARTESIAN_POINT('',(21.5001,-32.4705933815569,2.00000000000029));
#3413=CARTESIAN_POINT('',(-21.5001,-54.2680762113529,2.00000000000029));
#3414=CARTESIAN_POINT('',(26.,-54.2680762113529,2.00000000000029));
#3415=CARTESIAN_POINT('',(-21.5001,-49.0719237886461,2.00000000000029));
#3416=CARTESIAN_POINT('',(-21.5001,-32.4705933815569,2.00000000000029));
#3417=CARTESIAN_POINT('',(-26.,-49.0719237886461,2.00000000000029));
#3418=CARTESIAN_POINT('',(3.15500000000001,-29.26,2.00000000000029));
#3419=CARTESIAN_POINT('',(3.15500000000001,-34.06,2.00000000000029));
#3420=CARTESIAN_POINT('',(3.15500000000001,-23.165593381557,2.00000000000029));
#3421=CARTESIAN_POINT('',(24.405,-34.06,2.00000000000029));
#3422=CARTESIAN_POINT('',(11.7025,-34.06,2.00000000000029));
#3423=CARTESIAN_POINT('',(24.405,-29.26,2.00000000000029));
#3424=CARTESIAN_POINT('',(24.405,-21.765593381557,2.00000000000029));
#3425=CARTESIAN_POINT('',(2.07750000000001,-29.26,2.00000000000029));
#3426=CARTESIAN_POINT('',(-3.15500000000001,-34.06,2.00000000000029));
#3427=CARTESIAN_POINT('',(-3.15500000000001,-29.26,2.00000000000029));
#3428=CARTESIAN_POINT('',(-3.15500000000001,-23.165593381557,2.00000000000029));
#3429=CARTESIAN_POINT('',(-24.405,-29.26,2.00000000000029));
#3430=CARTESIAN_POINT('',(-2.07750000000001,-29.26,2.00000000000029));
#3431=CARTESIAN_POINT('',(-24.405,-34.06,2.00000000000029));
#3432=CARTESIAN_POINT('',(-24.405,-21.765593381557,2.00000000000029));
#3433=CARTESIAN_POINT('',(-11.7025,-34.06,2.00000000000029));
#3434=CARTESIAN_POINT('',(-25.5,-26.6700000000001,2.00000000000028));
#3435=CARTESIAN_POINT('Origin',(-24.,-26.6700000000001,2.00000000000029));
#3436=CARTESIAN_POINT('',(25.5,-26.6700000000001,2.00000000000028));
#3437=CARTESIAN_POINT('Origin',(24.,-26.6700000000001,2.00000000000029));
#3438=CARTESIAN_POINT('Origin',(-23.405,-34.0599999999996,4.99999999999793));
#3439=CARTESIAN_POINT('',(-24.405,-34.0599999999996,4.99999999999793));
#3440=CARTESIAN_POINT('',(-24.405,-34.0599999999996,4.99999999999793));
#3441=CARTESIAN_POINT('',(-3.15500000000001,-34.0599999999996,4.99999999999793));
#3442=CARTESIAN_POINT('',(-11.7025,-34.0599999999997,4.99999999999793));
#3443=CARTESIAN_POINT('',(-3.15500000000001,-34.0599999999996,4.99999999999793));
#3444=CARTESIAN_POINT('',(-24.405,-34.0599999999996,4.99999999999793));
#3445=CARTESIAN_POINT('Origin',(-22.25005,-53.1699999999996,5.74995000000012));
#3446=CARTESIAN_POINT('',(-21.5001,-49.0719237886459,4.99999999999965));
#3447=CARTESIAN_POINT('',(-23.,-51.6455053066756,6.49989999999994));
#3448=CARTESIAN_POINT('Origin',(-20.0001000000002,-51.6699999999995,3.50000000000012));
#3449=CARTESIAN_POINT('',(-23.,-51.6944946933227,6.49989999999995));
#3450=CARTESIAN_POINT('',(-23.,-53.1699999999995,6.49990000000012));
#3451=CARTESIAN_POINT('',(-21.5001,-54.2680762113527,5.00000000000025));
#3452=CARTESIAN_POINT('Origin',(-20.0001000000002,-51.6699999999995,3.50000000000012));
#3453=CARTESIAN_POINT('',(-21.5001,-53.1699999999996,5.00000000000012));
#3454=CARTESIAN_POINT('Origin',(-22.25005,-32.4705933815569,1.25005000000029));
#3455=CARTESIAN_POINT('',(-23.,-51.6455053066757,0.500100000000291));
#3456=CARTESIAN_POINT('Origin',(-20.0001000000002,-51.6699999999995,3.50000000000012));
#3457=CARTESIAN_POINT('',(-23.,-51.6944946933233,0.500100000000291));
#3458=CARTESIAN_POINT('Origin',(-20.0001000000002,-51.6699999999995,3.50000000000012));
#3459=CARTESIAN_POINT('',(-23.,-32.4705933815569,0.500100000000291));
#3460=CARTESIAN_POINT('Origin',(-21.50005,4.09560980891946,0.983850000000005));
#3461=CARTESIAN_POINT('',(-20.0001,-7.92327507546345,2.4838));
#3462=CARTESIAN_POINT('',(-23.,-7.92327507546345,-0.516099999999995));
#3463=CARTESIAN_POINT('',(-20.0001,-7.92327507546345,2.4838));
#3464=CARTESIAN_POINT('',(-23.,-7.87428568885869,-0.516099999999995));
#3465=CARTESIAN_POINT('',(-23.,4.09560980891946,-0.516099999999995));
#3466=CARTESIAN_POINT('',(-20.0001,-4.89878038216107,2.4838));
#3467=CARTESIAN_POINT('Origin',(-20.0001,-7.89878038216107,2.48380000000001));
#3468=CARTESIAN_POINT('',(-20.0001,4.09560980891946,2.4838));
#3469=CARTESIAN_POINT('Ctrl Pts',(-20.0001,-8.89878038218528,2.4838));
#3470=CARTESIAN_POINT('Ctrl Pts',(-20.0001,-8.57361194661134,2.4838));
#3471=CARTESIAN_POINT('Ctrl Pts',(-20.0001,-8.24844351103739,2.4838));
#3472=CARTESIAN_POINT('Ctrl Pts',(-20.0001,-7.92327507546345,2.4838));
#3473=CARTESIAN_POINT('Ctrl Pts',(-21.0000666666667,-8.89878038218528,1.48383333333334));
#3474=CARTESIAN_POINT('Ctrl Pts',(-21.0000666666667,-8.57361194661134,1.48383333333334));
#3475=CARTESIAN_POINT('Ctrl Pts',(-21.0000666666667,-8.24844351103739,1.48383333333334));
#3476=CARTESIAN_POINT('Ctrl Pts',(-21.0000666666667,-7.92327507546345,1.48383333333334));
#3477=CARTESIAN_POINT('Ctrl Pts',(-22.0000333333333,-8.89878038218528,0.483866666666671));
#3478=CARTESIAN_POINT('Ctrl Pts',(-22.0000333333333,-8.57361194661134,0.483866666666671));
#3479=CARTESIAN_POINT('Ctrl Pts',(-22.0000333333333,-8.24844351103739,0.483866666666671));
#3480=CARTESIAN_POINT('Ctrl Pts',(-22.0000333333333,-7.92327507546345,0.483866666666671));
#3481=CARTESIAN_POINT('Ctrl Pts',(-23.,-8.89878038218528,-0.516099999999995));
#3482=CARTESIAN_POINT('Ctrl Pts',(-23.,-8.57361194661134,-0.516099999999995));
#3483=CARTESIAN_POINT('Ctrl Pts',(-23.,-8.24844351103739,-0.516099999999995));
#3484=CARTESIAN_POINT('Ctrl Pts',(-23.,-7.92327507546345,-0.516099999999995));
#3485=CARTESIAN_POINT('',(-22.8285271247376,-8.89878038218528,-0.344627124737621));
#3486=CARTESIAN_POINT('Ctrl Pts',(-22.8285271247376,-8.89878038218528,-0.344627124737621));
#3487=CARTESIAN_POINT('Ctrl Pts',(-22.8752502090208,-8.76663046196816,-0.391350209020819));
#3488=CARTESIAN_POINT('Ctrl Pts',(-22.9135155038752,-8.62893588613702,-0.429615503875153));
#3489=CARTESIAN_POINT('Ctrl Pts',(-22.9419808264163,-8.48643436467457,-0.458080826416327));
#3490=CARTESIAN_POINT('Ctrl Pts',(-22.9786851482806,-8.30268722102834,-0.494785148280624));
#3491=CARTESIAN_POINT('Ctrl Pts',(-22.9984413497477,-8.11416519334222,-0.514541349747689));
#3492=CARTESIAN_POINT('Ctrl Pts',(-23.,-7.92327507546345,-0.516099999999995));
#3493=CARTESIAN_POINT('',(-20.0001,-8.89878038218528,2.4838));
#3494=CARTESIAN_POINT('Ctrl Pts',(-20.0001,-7.92327507546345,2.4838));
#3495=CARTESIAN_POINT('Ctrl Pts',(-20.0001,-8.24844351103739,2.4838));
#3496=CARTESIAN_POINT('Ctrl Pts',(-20.0001,-8.57361194661134,2.4838));
#3497=CARTESIAN_POINT('Ctrl Pts',(-20.0001,-8.89878038218528,2.4838));
#3498=CARTESIAN_POINT('',(-20.0001,-8.89878038218528,2.4838));
#3499=CARTESIAN_POINT('Origin',(-21.50005,-8.89878038218528,-7.51619999999999));
#3500=CARTESIAN_POINT('',(-20.0001,-10.8920613222245,2.28312809401117));
#3501=CARTESIAN_POINT('Ctrl Pts',(-22.8285271247378,-8.89878038218489,-0.344627124737759));
#3502=CARTESIAN_POINT('Ctrl Pts',(-22.8098218188413,-8.95168697675758,-0.32592181884134));
#3503=CARTESIAN_POINT('Ctrl Pts',(-22.7891716701304,-9.00370254794298,-0.305858411320372));
#3504=CARTESIAN_POINT('Ctrl Pts',(-22.6498729168033,-9.32103231204493,-0.173366640541019));
#3505=CARTESIAN_POINT('Ctrl Pts',(-22.4847536095445,-9.55718354437854,-0.0277625994856216));
#3506=CARTESIAN_POINT('Ctrl Pts',(-22.0576553377563,-10.0381770385101,0.348524838931042));
#3507=CARTESIAN_POINT('Ctrl Pts',(-21.7396625759234,-10.2828622722627,0.628418511607546));
#3508=CARTESIAN_POINT('Ctrl Pts',(-21.0744723580349,-10.6503614732893,1.23676859787841));
#3509=CARTESIAN_POINT('Ctrl Pts',(-20.7271388623802,-10.772500337134,1.5654838631519));
#3510=CARTESIAN_POINT('Ctrl Pts',(-20.408436953372,-10.836898118784,1.87761177366941));
#3511=CARTESIAN_POINT('Ctrl Pts',(-20.2750414077176,-10.8638523885242,2.00825571322735));
#3512=CARTESIAN_POINT('Ctrl Pts',(-20.1382639210179,-10.8827361879738,2.14403165956816));
#3513=CARTESIAN_POINT('Ctrl Pts',(-20.0001,-10.8920613222245,2.28312809401117));
#3514=CARTESIAN_POINT('Origin',(-20.0001,-8.89878038218528,-7.51619999999999));
#3515=CARTESIAN_POINT('Origin',(0.,16.09,2.48380000000001));
#3516=CARTESIAN_POINT('',(-22.5,14.5,2.4838));
#3517=CARTESIAN_POINT('Origin',(-24.,14.5,2.4838));
#3518=CARTESIAN_POINT('Origin',(-24.,14.5,2.4838));
#3519=CARTESIAN_POINT('',(26.,16.09,2.48380000000001));
#3520=CARTESIAN_POINT('',(0.,16.09,2.48380000000001));
#3521=CARTESIAN_POINT('',(26.,13.1012196178389,2.48380000000001));
#3522=CARTESIAN_POINT('',(26.,-14.0943901910926,2.48380000000001));
#3523=CARTESIAN_POINT('',(24.541676510919,13.1012196178389,2.4838));
#3524=CARTESIAN_POINT('',(26.,13.1012196178389,2.48380000000001));
#3525=CARTESIAN_POINT('',(22.5,14.5,2.4838));
#3526=CARTESIAN_POINT('Origin',(24.,14.5,2.4838));
#3527=CARTESIAN_POINT('',(23.458323489081,13.1012196178389,2.4838));
#3528=CARTESIAN_POINT('Origin',(24.,14.5,2.4838));
#3529=CARTESIAN_POINT('',(20.0001,13.1012196178389,2.48380000000001));
#3530=CARTESIAN_POINT('',(26.,13.1012196178389,2.48380000000001));
#3531=CARTESIAN_POINT('',(20.0001,7.10121961783893,2.48380000000001));
#3532=CARTESIAN_POINT('',(20.0001,13.0956098089195,2.48380000000001));
#3533=CARTESIAN_POINT('',(26.,7.10121961783893,2.48380000000001));
#3534=CARTESIAN_POINT('',(26.,7.10121961783893,2.48380000000001));
#3535=CARTESIAN_POINT('',(26.,-4.89878038216107,2.48380000000001));
#3536=CARTESIAN_POINT('',(26.,-14.0943901910926,2.48380000000001));
#3537=CARTESIAN_POINT('',(20.0001,-4.89878038216107,2.4838));
#3538=CARTESIAN_POINT('',(26.,-4.89878038216107,2.48380000000001));
#3539=CARTESIAN_POINT('',(20.0001,-7.92327507546345,2.4838));
#3540=CARTESIAN_POINT('',(20.0001,4.09560980891946,2.4838));
#3541=CARTESIAN_POINT('',(20.0001,-8.89878038218528,2.4838));
#3542=CARTESIAN_POINT('Ctrl Pts',(20.0001,-8.89878038218528,2.4838));
#3543=CARTESIAN_POINT('Ctrl Pts',(20.0001,-8.57361194661134,2.4838));
#3544=CARTESIAN_POINT('Ctrl Pts',(20.0001,-8.24844351103739,2.4838));
#3545=CARTESIAN_POINT('Ctrl Pts',(20.0001,-7.92327507546345,2.4838));
#3546=CARTESIAN_POINT('',(0.,-8.89878038218528,2.4838));
#3547=CARTESIAN_POINT('',(-26.,-4.89878038216107,2.48380000000001));
#3548=CARTESIAN_POINT('Origin',(-26.,-7.89878038216107,2.48380000000001));
#3549=CARTESIAN_POINT('',(-24.,-9.39878038216107,2.48380000000001));
#3550=CARTESIAN_POINT('',(-26.,-9.39878038216107,2.48380000000001));
#3551=CARTESIAN_POINT('Origin',(-24.,-7.89878038216107,2.48380000000001));
#3552=CARTESIAN_POINT('Origin',(-24.,-7.89878038216107,2.48380000000001));
#3553=CARTESIAN_POINT('Origin',(-26.,-51.6699999999995,3.50000000000012));
#3554=CARTESIAN_POINT('',(-24.,-53.1699999999995,3.50000000000012));
#3555=CARTESIAN_POINT('',(-26.,-53.1699999999995,3.50000000000012));
#3556=CARTESIAN_POINT('Origin',(-24.,-51.6699999999995,3.50000000000012));
#3557=CARTESIAN_POINT('Origin',(-24.,-51.6699999999995,3.50000000000012));
#3558=CARTESIAN_POINT('Origin',(-26.,-7.89878038216107,2.48380000000001));
#3559=CARTESIAN_POINT('',(-26.,-10.8920613222245,2.28312809401117));
#3560=CARTESIAN_POINT('Origin',(0.,-8.89878038218528,-7.51619999999999));
#3561=CARTESIAN_POINT('',(20.0001,-10.8920613222245,2.28312809401117));
#3562=CARTESIAN_POINT('Origin',(20.0001,-8.89878038218528,-7.51619999999999));
#3563=CARTESIAN_POINT('',(26.,-10.8920613222245,2.28312809401117));
#3564=CARTESIAN_POINT('',(26.,-10.8920613222245,2.28312809401117));
#3565=CARTESIAN_POINT('',(26.,-11.0849835726498,2.24190000000015));
#3566=CARTESIAN_POINT('Origin',(26.,-8.89878038218528,-7.51619999999999));
#3567=CARTESIAN_POINT('',(0.,-11.0849835726498,2.24190000000015));
#3568=CARTESIAN_POINT('Origin',(0.,-54.67,5.00000000000029));
#3569=CARTESIAN_POINT('',(-26.,-49.0719237886459,4.99999999999965));
#3570=CARTESIAN_POINT('',(21.5001,-54.2680762113527,5.00000000000025));
#3571=CARTESIAN_POINT('',(26.,-54.2680762113527,5.00000000000025));
#3572=CARTESIAN_POINT('',(21.5001,-49.0719237886459,4.99999999999965));
#3573=CARTESIAN_POINT('',(21.5001,-53.1699999999996,5.00000000000012));
#3574=CARTESIAN_POINT('',(26.,-49.0719237886459,4.99999999999965));
#3575=CARTESIAN_POINT('',(26.,-49.0719237886459,4.99999999999965));
#3576=CARTESIAN_POINT('',(26.,-39.2680762113537,4.99999999999852));
#3577=CARTESIAN_POINT('',(26.,-16.2805933815558,4.99999999999589));
#3578=CARTESIAN_POINT('',(21.5001,-39.2680762113537,4.99999999999852));
#3579=CARTESIAN_POINT('',(26.,-39.2680762113537,4.99999999999852));
#3580=CARTESIAN_POINT('',(21.5001,-34.0719237886449,4.99999999999793));
#3581=CARTESIAN_POINT('',(21.5001,-45.6699999999996,4.99999999999926));
#3582=CARTESIAN_POINT('',(26.,-34.0719237886449,4.99999999999793));
#3583=CARTESIAN_POINT('',(26.,-34.0719237886449,4.99999999999793));
#3584=CARTESIAN_POINT('',(26.,-13.2711867631118,4.99999999999554));
#3585=CARTESIAN_POINT('',(26.,-16.2805933815558,4.99999999999589));
#3586=CARTESIAN_POINT('',(0.,-13.2711867631118,4.99999999999554));
#3587=CARTESIAN_POINT('',(3.15500000000001,-34.0599999999996,4.99999999999793));
#3588=CARTESIAN_POINT('',(3.15500000000001,-29.2599999999996,4.99999999999738));
#3589=CARTESIAN_POINT('',(3.15500000000001,-43.8649999999998,4.99999999999905));
#3590=CARTESIAN_POINT('',(24.405,-29.2599999999996,4.99999999999738));
#3591=CARTESIAN_POINT('',(2.07750000000001,-29.2599999999996,4.99999999999738));
#3592=CARTESIAN_POINT('',(24.405,-34.0599999999996,4.99999999999793));
#3593=CARTESIAN_POINT('',(24.405,-42.4649999999998,4.99999999999889));
#3594=CARTESIAN_POINT('',(11.7025,-34.0599999999997,4.99999999999793));
#3595=CARTESIAN_POINT('',(-3.15500000000001,-29.2599999999996,4.99999999999738));
#3596=CARTESIAN_POINT('',(-3.15500000000001,-43.8649999999998,4.99999999999905));
#3597=CARTESIAN_POINT('',(-24.405,-29.2599999999996,4.99999999999738));
#3598=CARTESIAN_POINT('',(-24.405,-42.4649999999998,4.99999999999889));
#3599=CARTESIAN_POINT('',(-2.07750000000001,-29.2599999999996,4.99999999999738));
#3600=CARTESIAN_POINT('Origin',(21.50005,13.0956098089195,0.983850000000005));
#3601=CARTESIAN_POINT('',(23.,10.1257143111413,-0.516099999999995));
#3602=CARTESIAN_POINT('Origin',(20.0001,10.1012196178389,2.48380000000001));
#3603=CARTESIAN_POINT('',(23.,10.0767249245366,-0.516099999999995));
#3604=CARTESIAN_POINT('',(23.,13.0956098089195,-0.516099999999995));
#3605=CARTESIAN_POINT('Origin',(20.0001,10.1012196178389,2.48380000000001));
#3606=CARTESIAN_POINT('Origin',(26.,10.1012196178389,2.48380000000001));
#3607=CARTESIAN_POINT('',(26.,8.60121961783893,2.48380000000001));
#3608=CARTESIAN_POINT('Origin',(26.,10.1012196178389,2.48380000000001));
#3609=CARTESIAN_POINT('',(24.,8.60121961783893,2.48380000000001));
#3610=CARTESIAN_POINT('',(26.,8.60121961783893,2.48380000000001));
#3611=CARTESIAN_POINT('Origin',(24.,10.1012196178389,2.48380000000001));
#3612=CARTESIAN_POINT('Origin',(24.,10.1012196178389,2.48380000000001));
#3613=CARTESIAN_POINT('Origin',(26.,10.1012196178389,2.48380000000001));
#3614=CARTESIAN_POINT('Ctrl Pts',(24.541676510919,13.1012196178389,2.48380000000001));
#3615=CARTESIAN_POINT('Ctrl Pts',(24.541676510919,13.1012196178389,2.62117011550381));
#3616=CARTESIAN_POINT('Ctrl Pts',(24.5120986440112,13.0889186914266,2.78287177607311));
#3617=CARTESIAN_POINT('Ctrl Pts',(24.4280718788344,13.0620671104005,2.97119221065721));
#3618=CARTESIAN_POINT('Ctrl Pts',(24.3841076153434,13.049222303807,3.04244496560949));
#3619=CARTESIAN_POINT('Ctrl Pts',(24.2962261973478,13.0289328370848,3.14006287752282));
#3620=CARTESIAN_POINT('Ctrl Pts',(24.2441267879219,13.0188276231163,3.18270375342206));
#3621=CARTESIAN_POINT('Ctrl Pts',(24.1272241493342,13.0042446852168,3.24099742217283));
#3622=CARTESIAN_POINT('Ctrl Pts',(24.0623193891584,13.,3.25650453343961));
#3623=CARTESIAN_POINT('Ctrl Pts',(23.9376806108416,13.,3.25650453343961));
#3624=CARTESIAN_POINT('Ctrl Pts',(23.8727758506658,13.0042446852168,3.24099742217283));
#3625=CARTESIAN_POINT('Ctrl Pts',(23.7558732120781,13.0188276231163,3.18270375342206));
#3626=CARTESIAN_POINT('Ctrl Pts',(23.7037738026522,13.0289328370848,3.14006287752282));
#3627=CARTESIAN_POINT('Ctrl Pts',(23.6158923846566,13.049222303807,3.04244496560949));
#3628=CARTESIAN_POINT('Ctrl Pts',(23.5719281211656,13.0620671104005,2.97119221065721));
#3629=CARTESIAN_POINT('Ctrl Pts',(23.4879013559888,13.0889186914266,2.78287177607311));
#3630=CARTESIAN_POINT('Ctrl Pts',(23.458323489081,13.1012196178389,2.62117011550381));
#3631=CARTESIAN_POINT('Ctrl Pts',(23.458323489081,13.1012196178389,2.48380000000001));
#3632=CARTESIAN_POINT('Origin',(26.,10.1012196178389,2.48380000000001));
#3633=CARTESIAN_POINT('Origin',(22.25005,-45.6699999999996,5.74994999999926));
#3634=CARTESIAN_POINT('',(23.,-36.6944946935335,6.49989999999823));
#3635=CARTESIAN_POINT('Origin',(20.0001000000019,-36.6699999999995,3.50000000000012));
#3636=CARTESIAN_POINT('',(23.,-36.6455053064648,6.49989999999822));
#3637=CARTESIAN_POINT('',(23.,-45.6699999999995,6.49989999999926));
#3638=CARTESIAN_POINT('Origin',(20.0001000000019,-36.6699999999995,3.50000000000012));
#3639=CARTESIAN_POINT('Origin',(22.25005,-24.9705933815569,1.25005000000029));
#3640=CARTESIAN_POINT('',(23.,-36.6455053066757,0.500100000000291));
#3641=CARTESIAN_POINT('Origin',(20.0001000000002,-36.6699999999995,3.50000000000012));
#3642=CARTESIAN_POINT('',(23.,-36.6944946933233,0.500100000000291));
#3643=CARTESIAN_POINT('',(23.,-24.9705933815569,0.500100000000291));
#3644=CARTESIAN_POINT('Origin',(20.0001000000002,-36.6699999999995,3.50000000000012));
#3645=CARTESIAN_POINT('Origin',(26.,-36.6699999999995,3.50000000000012));
#3646=CARTESIAN_POINT('',(26.,-38.1699999999995,3.50000000000012));
#3647=CARTESIAN_POINT('Origin',(26.,-36.6699999999995,3.50000000000012));
#3648=CARTESIAN_POINT('',(24.,-38.1699999999995,3.50000000000012));
#3649=CARTESIAN_POINT('',(26.,-38.1699999999995,3.50000000000012));
#3650=CARTESIAN_POINT('Origin',(24.,-36.6699999999995,3.50000000000012));
#3651=CARTESIAN_POINT('Origin',(24.,-36.6699999999995,3.50000000000012));
#3652=CARTESIAN_POINT('Origin',(26.,-36.6699999999995,3.50000000000012));
#3653=CARTESIAN_POINT('Origin',(26.,-36.6699999999995,3.50000000000012));
#3654=CARTESIAN_POINT('Origin',(26.,-36.6699999999995,3.50000000000012));
#3655=CARTESIAN_POINT('',(23.,-34.06,2.02084483572475));
#3656=CARTESIAN_POINT('',(24.405,-34.06,2.02084483572475));
#3657=CARTESIAN_POINT('',(26.,-34.06,2.02084483572475));
#3658=CARTESIAN_POINT('',(23.,-34.0599999999996,4.97915516427489));
#3659=CARTESIAN_POINT('Origin',(23.,-36.6699999999995,3.50000000000012));
#3660=CARTESIAN_POINT('',(24.405,-34.0599999999996,4.97915516427489));
#3661=CARTESIAN_POINT('',(26.,-34.0599999999996,4.97915516427489));
#3662=CARTESIAN_POINT('Origin',(24.405,-36.6699999999995,3.50000000000012));
#3663=CARTESIAN_POINT('Origin',(26.,-36.6699999999995,3.50000000000012));
#3664=CARTESIAN_POINT('Origin',(26.,-36.6699999999995,3.50000000000012));
#3665=CARTESIAN_POINT('Origin',(23.,-36.6699999999995,3.50000000000012));
#3666=CARTESIAN_POINT('',(23.,-34.0599999999997,4.24999999999887));
#3667=CARTESIAN_POINT('Origin',(24.405,-30.2599999999996,4.99999999999749));
#3668=CARTESIAN_POINT('',(24.405,-34.0599999999996,4.99999999999793));
#3669=CARTESIAN_POINT('',(24.405,-29.2599999999996,4.99999999999738));
#3670=CARTESIAN_POINT('',(24.405,-34.0599999999996,4.99999999999793));
#3671=CARTESIAN_POINT('Origin',(22.25005,-53.1699999999996,5.74995000000012));
#3672=CARTESIAN_POINT('',(23.,-51.6455053066756,6.49989999999994));
#3673=CARTESIAN_POINT('Origin',(20.0001000000002,-51.6699999999995,3.50000000000012));
#3674=CARTESIAN_POINT('',(23.,-51.6944946933227,6.49989999999995));
#3675=CARTESIAN_POINT('Origin',(20.0001000000002,-51.6699999999995,3.50000000000012));
#3676=CARTESIAN_POINT('',(23.,-53.1699999999995,6.49990000000012));
#3677=CARTESIAN_POINT('Origin',(22.25005,-32.4705933815569,1.25005000000029));
#3678=CARTESIAN_POINT('',(23.,-51.6455053066757,0.500100000000291));
#3679=CARTESIAN_POINT('Origin',(20.0001000000002,-51.6699999999995,3.50000000000012));
#3680=CARTESIAN_POINT('',(23.,-51.6944946933233,0.500100000000291));
#3681=CARTESIAN_POINT('',(23.,-32.4705933815569,0.500100000000291));
#3682=CARTESIAN_POINT('Origin',(20.0001000000002,-51.6699999999995,3.50000000000012));
#3683=CARTESIAN_POINT('Origin',(21.50005,4.09560980891946,0.983850000000005));
#3684=CARTESIAN_POINT('',(23.,-7.92327507546345,-0.516099999999995));
#3685=CARTESIAN_POINT('',(23.,-7.92327507546345,-0.516099999999995));
#3686=CARTESIAN_POINT('',(23.,-7.87428568885869,-0.516099999999995));
#3687=CARTESIAN_POINT('Origin',(20.0001,-7.89878038216107,2.48380000000001));
#3688=CARTESIAN_POINT('',(23.,4.09560980891946,-0.516099999999995));
#3689=CARTESIAN_POINT('Ctrl Pts',(20.0001,-7.92327507546345,2.4838));
#3690=CARTESIAN_POINT('Ctrl Pts',(20.0001,-8.24844351103739,2.4838));
#3691=CARTESIAN_POINT('Ctrl Pts',(20.0001,-8.57361194661134,2.4838));
#3692=CARTESIAN_POINT('Ctrl Pts',(20.0001,-8.89878038218528,2.4838));
#3693=CARTESIAN_POINT('Ctrl Pts',(21.0000666666667,-7.92327507546345,1.48383333333334));
#3694=CARTESIAN_POINT('Ctrl Pts',(21.0000666666667,-8.24844351103739,1.48383333333334));
#3695=CARTESIAN_POINT('Ctrl Pts',(21.0000666666667,-8.57361194661134,1.48383333333334));
#3696=CARTESIAN_POINT('Ctrl Pts',(21.0000666666667,-8.89878038218528,1.48383333333334));
#3697=CARTESIAN_POINT('Ctrl Pts',(22.0000333333333,-7.92327507546345,0.483866666666671));
#3698=CARTESIAN_POINT('Ctrl Pts',(22.0000333333333,-8.24844351103739,0.483866666666671));
#3699=CARTESIAN_POINT('Ctrl Pts',(22.0000333333333,-8.57361194661134,0.483866666666671));
#3700=CARTESIAN_POINT('Ctrl Pts',(22.0000333333333,-8.89878038218528,0.483866666666671));
#3701=CARTESIAN_POINT('Ctrl Pts',(23.,-7.92327507546345,-0.516099999999995));
#3702=CARTESIAN_POINT('Ctrl Pts',(23.,-8.24844351103739,-0.516099999999995));
#3703=CARTESIAN_POINT('Ctrl Pts',(23.,-8.57361194661134,-0.516099999999995));
#3704=CARTESIAN_POINT('Ctrl Pts',(23.,-8.89878038218528,-0.516099999999995));
#3705=CARTESIAN_POINT('',(22.8285271247376,-8.89878038218528,-0.344627124737621));
#3706=CARTESIAN_POINT('Ctrl Pts',(23.,-7.92327507546345,-0.516099999999995));
#3707=CARTESIAN_POINT('Ctrl Pts',(22.9977019782292,-8.2047170770094,-0.513801978229178));
#3708=CARTESIAN_POINT('Ctrl Pts',(22.9558924598598,-8.47917430217942,-0.471992459859759));
#3709=CARTESIAN_POINT('Ctrl Pts',(22.8798795116519,-8.73953597344202,-0.395979511651887));
#3710=CARTESIAN_POINT('Ctrl Pts',(22.8641051611766,-8.79356671885642,-0.38020516117664));
#3711=CARTESIAN_POINT('Ctrl Pts',(22.8469564294862,-8.84665234217145,-0.36305642948624));
#3712=CARTESIAN_POINT('Ctrl Pts',(22.8285271247376,-8.89878038218528,-0.344627124737621));
#3713=CARTESIAN_POINT('',(23.,-8.89878038218528,-0.516099999999995));
#3714=CARTESIAN_POINT('Origin',(21.50005,-8.89878038218528,-7.51619999999999));
#3715=CARTESIAN_POINT('Ctrl Pts',(20.0001,-10.8920613222245,2.28312809401117));
#3716=CARTESIAN_POINT('Ctrl Pts',(20.1382639210179,-10.8827361879738,2.14403165956816));
#3717=CARTESIAN_POINT('Ctrl Pts',(20.2750414077176,-10.8638523885242,2.00825571322735));
#3718=CARTESIAN_POINT('Ctrl Pts',(20.408436953372,-10.836898118784,1.87761177366941));
#3719=CARTESIAN_POINT('Ctrl Pts',(20.7271388623802,-10.772500337134,1.5654838631519));
#3720=CARTESIAN_POINT('Ctrl Pts',(21.0744723580349,-10.6503614732893,1.23676859787841));
#3721=CARTESIAN_POINT('Ctrl Pts',(21.7396625759234,-10.2828622722627,0.628418511607546));
#3722=CARTESIAN_POINT('Ctrl Pts',(22.0576553377563,-10.0381770385101,0.348524838931042));
#3723=CARTESIAN_POINT('Ctrl Pts',(22.4847536095445,-9.55718354437854,-0.0277625994856207));
#3724=CARTESIAN_POINT('Ctrl Pts',(22.6498729168033,-9.32103231204493,-0.173366640541018));
#3725=CARTESIAN_POINT('Ctrl Pts',(22.7891716701304,-9.00370254794298,-0.305858411320372));
#3726=CARTESIAN_POINT('Ctrl Pts',(22.8098218188413,-8.95168697675757,-0.325921818841342));
#3727=CARTESIAN_POINT('Ctrl Pts',(22.8285271247378,-8.89878038218488,-0.344627124737761));
#3728=CARTESIAN_POINT('Origin',(26.,-7.89878038216107,2.48380000000001));
#3729=CARTESIAN_POINT('',(26.,-9.39878038216107,2.48380000000001));
#3730=CARTESIAN_POINT('Origin',(26.,-7.89878038216107,2.48380000000001));
#3731=CARTESIAN_POINT('',(24.,-9.39878038216107,2.48380000000001));
#3732=CARTESIAN_POINT('',(26.,-9.39878038216107,2.48380000000001));
#3733=CARTESIAN_POINT('Origin',(24.,-7.89878038216107,2.48380000000001));
#3734=CARTESIAN_POINT('Origin',(24.,-7.89878038216107,2.48380000000001));
#3735=CARTESIAN_POINT('Origin',(26.,-51.6699999999995,3.50000000000012));
#3736=CARTESIAN_POINT('',(26.,-53.1699999999995,3.50000000000012));
#3737=CARTESIAN_POINT('Origin',(26.,-51.6699999999995,3.50000000000012));
#3738=CARTESIAN_POINT('',(24.,-53.1699999999995,3.50000000000012));
#3739=CARTESIAN_POINT('',(26.,-53.1699999999995,3.50000000000012));
#3740=CARTESIAN_POINT('Origin',(24.,-51.6699999999995,3.50000000000012));
#3741=CARTESIAN_POINT('Origin',(24.,-51.6699999999995,3.50000000000012));
#3742=CARTESIAN_POINT('Origin',(26.,-7.89878038216107,2.48380000000001));
#3743=CARTESIAN_POINT('Origin',(26.,-7.89878038216107,2.48380000000001));
#3744=CARTESIAN_POINT('Origin',(26.,-19.29,3.74190000000015));
#3745=CARTESIAN_POINT('',(26.,-4.89878038216107,8.48380000000001));
#3746=CARTESIAN_POINT('',(26.,-4.89878038216107,5.48380000000001));
#3747=CARTESIAN_POINT('',(26.,-8.89878038216107,8.48380000000001));
#3748=CARTESIAN_POINT('',(26.,-8.89878038216107,8.48380000000001));
#3749=CARTESIAN_POINT('',(26.,-8.89878038216107,5.48380000000001));
#3750=CARTESIAN_POINT('',(26.,-8.89878038216107,5.48380000000001));
#3751=CARTESIAN_POINT('',(26.,-11.0849835726365,5.24189999999783));
#3752=CARTESIAN_POINT('Origin',(26.,-8.89878038216107,-4.5162));
#3753=CARTESIAN_POINT('Origin',(26.,-13.2711867631118,14.9999999999955));
#3754=CARTESIAN_POINT('Origin',(26.,-51.6699999999995,3.50000000000012));
#3755=CARTESIAN_POINT('',(26.,-24.1700000000001,-0.999999999999718));
#3756=CARTESIAN_POINT('',(26.,-24.1700000000001,2.00000000000028));
#3757=CARTESIAN_POINT('',(26.,-16.1699999999999,-0.999999999999715));
#3758=CARTESIAN_POINT('',(26.,-16.1699999999999,-0.999999999999715));
#3759=CARTESIAN_POINT('',(26.,-16.1699999999999,2.00000000000029));
#3760=CARTESIAN_POINT('Origin',(26.,-13.2711867631143,12.0000000000003));
#3761=CARTESIAN_POINT('',(26.,16.09,3.11285000000008));
#3762=CARTESIAN_POINT('Origin',(26.,-51.6699999999995,3.50000000000012));
#3763=CARTESIAN_POINT('Origin',(23.25,-8.89878038216107,5.48380000000001));
#3764=CARTESIAN_POINT('',(24.25,-8.89878038216107,8.48380000000001));
#3765=CARTESIAN_POINT('',(23.1538461538462,-8.89878038216107,6.83956923076924));
#3766=CARTESIAN_POINT('',(0.,-8.89878038216107,5.48380000000001));
#3767=CARTESIAN_POINT('',(23.25,-8.89878038216107,8.48380000000001));
#3768=CARTESIAN_POINT('Origin',(22.75,-6.89878038216107,6.2338));
#3769=CARTESIAN_POINT('',(24.25,-4.89878038216107,8.48380000000001));
#3770=CARTESIAN_POINT('',(24.25,-5.89878038216107,8.48380000000001));
#3771=CARTESIAN_POINT('',(23.5769230769231,-4.89878038216107,7.47418461538462));
#3772=CARTESIAN_POINT('Origin',(0.,-13.2711867631118,14.9999999999955));
#3773=CARTESIAN_POINT('',(0.,-11.0849835726365,5.24189999999783));
#3774=CARTESIAN_POINT('Origin',(26.,-4.89878038216107,5.48380000000001));
#3775=CARTESIAN_POINT('',(26.,-4.89878038216107,8.48380000000001));
#3776=CARTESIAN_POINT('Origin',(24.625,-6.89878038216107,8.48380000000001));
#3777=CARTESIAN_POINT('Origin',(-2.22044604925031E-15,-10.0000001490116,
5.48380000000001));
#3778=CARTESIAN_POINT('Origin',(-2.22044604925031E-15,-10.0000001490116,
8.48380000000001));
#3779=CARTESIAN_POINT('Origin',(-2.22044604925031E-15,-10.0000001490116,
8.48380000000001));
#3780=CARTESIAN_POINT('Origin',(0.,13.,8.48380000000001));
#3781=CARTESIAN_POINT('Origin',(23.75,-18.17,-0.249999999999717));
#3782=CARTESIAN_POINT('',(24.5,-24.1700000000001,-0.999999999999718));
#3783=CARTESIAN_POINT('',(22.25,-24.1700000000001,1.25000000000029));
#3784=CARTESIAN_POINT('',(24.5,-16.1699999999999,-0.999999999999715));
#3785=CARTESIAN_POINT('',(23.75,-16.1699999999999,-0.249999999999718));
#3786=CARTESIAN_POINT('',(24.5,-18.17,-0.999999999999718));
#3787=CARTESIAN_POINT('Origin',(26.,-16.1699999999999,2.00000000000029));
#3788=CARTESIAN_POINT('',(23.,-16.1699999999999,-0.999999999999715));
#3789=CARTESIAN_POINT('Origin',(-24.,-18.17,-0.249999999999717));
#3790=CARTESIAN_POINT('',(-25.,-24.1700000000001,-0.999999999999718));
#3791=CARTESIAN_POINT('',(-23.14,-24.1700000000001,0.395000000000281));
#3792=CARTESIAN_POINT('',(-25.,-16.1699999999999,-0.999999999999715));
#3793=CARTESIAN_POINT('',(-25.,-18.17,-0.999999999999718));
#3794=CARTESIAN_POINT('',(-23.1,-16.1699999999999,0.42500000000029));
#3795=CARTESIAN_POINT('Origin',(-23.,-24.1700000000001,2.00000000000028));
#3796=CARTESIAN_POINT('',(-26.,-24.1700000000001,-0.999999999999718));
#3797=CARTESIAN_POINT('Origin',(23.,-24.1700000000001,2.00000000000028));
#3798=CARTESIAN_POINT('',(26.,-24.1700000000001,-0.999999999999718));
#3799=CARTESIAN_POINT('Origin',(24.5,-20.17,-0.999999999999718));
#3800=CARTESIAN_POINT('Origin',(-26.,-16.1699999999999,2.00000000000029));
#3801=CARTESIAN_POINT('',(-23.,-16.1699999999999,-0.999999999999715));
#3802=CARTESIAN_POINT('Origin',(-24.5,-20.17,-0.999999999999718));
#3803=CARTESIAN_POINT('Origin',(-11.130002,-5.86999999999999,5.48380000000001));
#3804=CARTESIAN_POINT('',(-9.630002,-5.86999999999999,3.48380000000001));
#3805=CARTESIAN_POINT('',(-9.630002,-5.86999999999999,5.48380000000001));
#3806=CARTESIAN_POINT('Origin',(-11.130002,-5.86999999999999,3.48380000000001));
#3807=CARTESIAN_POINT('Origin',(-11.130002,-5.86999999999999,3.48380000000001));
#3808=CARTESIAN_POINT('Origin',(24.,14.5,5.48380000000001));
#3809=CARTESIAN_POINT('',(22.5,14.5,5.48380000000001));
#3810=CARTESIAN_POINT('Origin',(-24.,14.5,5.48380000000001));
#3811=CARTESIAN_POINT('',(-22.5,14.5,5.48380000000001));
#3812=CARTESIAN_POINT('Origin',(24.,-13.6699999999999,2.00000000000016));
#3813=CARTESIAN_POINT('Ctrl Pts',(25.4460110656855,-13.2711867631144,2.00000000000029));
#3814=CARTESIAN_POINT('Ctrl Pts',(25.429657826669,-13.21189343383,2.00000000000029));
#3815=CARTESIAN_POINT('Ctrl Pts',(25.4095568908856,-13.1533111841551,2.0005317312343));
#3816=CARTESIAN_POINT('Ctrl Pts',(25.3094469337426,-12.9115030023217,2.0047631991449));
#3817=CARTESIAN_POINT('Ctrl Pts',(25.194109691768,-12.7429045080625,2.01307289501585));
#3818=CARTESIAN_POINT('Ctrl Pts',(24.9279644123061,-12.4765291643529,2.03072931658413));
#3819=CARTESIAN_POINT('Ctrl Pts',(24.759324316702,-12.361006303361,2.04120980732838));
#3820=CARTESIAN_POINT('Ctrl Pts',(24.389648500036,-12.2077373991454,2.05640879448485));
#3821=CARTESIAN_POINT('Ctrl Pts',(24.1885964436595,-12.1699999999999,2.06081554086374));
#3822=CARTESIAN_POINT('Ctrl Pts',(24.,-12.1699999999999,2.06081554086374));
#3823=CARTESIAN_POINT('Ctrl Pts',(23.8114035563405,-12.1699999999999,2.06081554086374));
#3824=CARTESIAN_POINT('Ctrl Pts',(23.6103514999641,-12.2077373991454,2.05640879448485));
#3825=CARTESIAN_POINT('Ctrl Pts',(23.2406756832981,-12.361006303361,2.04120980732838));
#3826=CARTESIAN_POINT('Ctrl Pts',(23.072035587694,-12.4765291643529,2.03072931658413));
#3827=CARTESIAN_POINT('Ctrl Pts',(22.805890308232,-12.7429045080625,2.01307289501585));
#3828=CARTESIAN_POINT('Ctrl Pts',(22.6905530662575,-12.9115030023217,2.0047631991449));
#3829=CARTESIAN_POINT('Ctrl Pts',(22.5904431091144,-13.1533111841551,2.0005317312343));
#3830=CARTESIAN_POINT('Ctrl Pts',(22.570342173331,-13.2118934338302,2.00000000000029));
#3831=CARTESIAN_POINT('Ctrl Pts',(22.5539889343145,-13.2711867631146,2.00000000000029));
#3832=CARTESIAN_POINT('',(25.5,-13.6699999999999,4.00000000000016));
#3833=CARTESIAN_POINT('',(25.5,-13.6699999999999,2.00000000000016));
#3834=CARTESIAN_POINT('Origin',(24.,-13.6699999999999,4.00000000000016));
#3835=CARTESIAN_POINT('Origin',(24.,-13.6699999999999,4.00000000000016));
#3836=CARTESIAN_POINT('Origin',(24.,-26.6700000000001,2.00000000000028));
#3837=CARTESIAN_POINT('',(25.5,-26.6700000000001,4.00000000000028));
#3838=CARTESIAN_POINT('',(25.5,-26.6700000000001,2.00000000000028));
#3839=CARTESIAN_POINT('Origin',(24.,-26.6700000000001,4.00000000000028));
#3840=CARTESIAN_POINT('Origin',(24.,-26.6700000000001,4.00000000000028));
#3841=CARTESIAN_POINT('Origin',(-24.,-13.6699999999999,2.00000000000016));
#3842=CARTESIAN_POINT('Ctrl Pts',(-22.5539889343145,-13.2711867631143,2.00000000000029));
#3843=CARTESIAN_POINT('Ctrl Pts',(-22.570342173331,-13.2118934338299,2.00000000000029));
#3844=CARTESIAN_POINT('Ctrl Pts',(-22.5904431091144,-13.1533111841551,2.0005317312343));
#3845=CARTESIAN_POINT('Ctrl Pts',(-22.6905530662575,-12.9115030023217,2.0047631991449));
#3846=CARTESIAN_POINT('Ctrl Pts',(-22.805890308232,-12.7429045080625,2.01307289501585));
#3847=CARTESIAN_POINT('Ctrl Pts',(-23.072035587694,-12.4765291643529,2.03072931658413));
#3848=CARTESIAN_POINT('Ctrl Pts',(-23.2406756832981,-12.361006303361,2.04120980732838));
#3849=CARTESIAN_POINT('Ctrl Pts',(-23.6103514999641,-12.2077373991454,2.05640879448485));
#3850=CARTESIAN_POINT('Ctrl Pts',(-23.8114035563405,-12.1699999999999,2.06081554086374));
#3851=CARTESIAN_POINT('Ctrl Pts',(-24.1885964436595,-12.1699999999999,2.06081554086374));
#3852=CARTESIAN_POINT('Ctrl Pts',(-24.389648500036,-12.2077373991454,2.05640879448485));
#3853=CARTESIAN_POINT('Ctrl Pts',(-24.759324316702,-12.361006303361,2.04120980732838));
#3854=CARTESIAN_POINT('Ctrl Pts',(-24.9279644123061,-12.4765291643529,2.03072931658413));
#3855=CARTESIAN_POINT('Ctrl Pts',(-25.194109691768,-12.7429045080625,2.01307289501585));
#3856=CARTESIAN_POINT('Ctrl Pts',(-25.3094469337426,-12.9115030023217,2.0047631991449));
#3857=CARTESIAN_POINT('Ctrl Pts',(-25.4095568908856,-13.1533111841551,2.0005317312343));
#3858=CARTESIAN_POINT('Ctrl Pts',(-25.429657826669,-13.21189343383,2.00000000000029));
#3859=CARTESIAN_POINT('Ctrl Pts',(-25.4460110656855,-13.2711867631143,2.00000000000029));
#3860=CARTESIAN_POINT('',(-25.5,-13.6699999999999,4.00000000000016));
#3861=CARTESIAN_POINT('',(-25.5,-13.6699999999999,2.00000000000016));
#3862=CARTESIAN_POINT('Origin',(-24.,-13.6699999999999,4.00000000000016));
#3863=CARTESIAN_POINT('Origin',(-24.,-13.6699999999999,4.00000000000016));
#3864=CARTESIAN_POINT('Origin',(0.,-13.2711867631143,12.0000000000003));
#3865=CARTESIAN_POINT('Origin',(-24.,-26.6700000000001,2.00000000000028));
#3866=CARTESIAN_POINT('',(-25.5,-26.6700000000001,4.00000000000028));
#3867=CARTESIAN_POINT('',(-25.5,-26.6700000000001,2.00000000000028));
#3868=CARTESIAN_POINT('Origin',(-24.,-26.6700000000001,4.00000000000028));
#3869=CARTESIAN_POINT('Origin',(-24.,-26.6700000000001,4.00000000000028));
#3870=CARTESIAN_POINT('Origin',(-3.15500000000001,-33.0599999999996,4.99999999999781));
#3871=CARTESIAN_POINT('',(-3.15500000000001,-29.2599999999996,4.99999999999738));
#3872=CARTESIAN_POINT('Origin',(-24.405,-30.2599999999996,4.99999999999749));
#3873=CARTESIAN_POINT('',(-24.405,-29.2599999999996,4.99999999999738));
#3874=CARTESIAN_POINT('Origin',(-4.15500000000001,-29.2599999999996,4.99999999999738));
#3875=CARTESIAN_POINT('Origin',(3.15500000000001,-33.0599999999996,4.99999999999781));
#3876=CARTESIAN_POINT('',(3.15500000000001,-29.2599999999996,4.99999999999738));
#3877=CARTESIAN_POINT('',(3.15500000000001,-34.0599999999996,4.99999999999793));
#3878=CARTESIAN_POINT('Origin',(23.405,-34.0599999999996,4.99999999999793));
#3879=CARTESIAN_POINT('Origin',(4.15500000000001,-29.2599999999996,4.99999999999738));
#3880=CARTESIAN_POINT('Origin',(0.,16.09,5.48380000000001));
#3881=CARTESIAN_POINT('Origin',(0.,-8.89878038216107,-4.5162));
#3882=UNCERTAINTY_MEASURE_WITH_UNIT(LENGTH_MEASURE(0.01),#3886,
'DISTANCE_ACCURACY_VALUE',
'Maximum model space distance between geometric entities at asserted c
onnectivities');
#3883=UNCERTAINTY_MEASURE_WITH_UNIT(LENGTH_MEASURE(0.01),#3886,
'DISTANCE_ACCURACY_VALUE',
'Maximum model space distance between geometric entities at asserted c
onnectivities');
#3884=(
GEOMETRIC_REPRESENTATION_CONTEXT(3)
GLOBAL_UNCERTAINTY_ASSIGNED_CONTEXT((#3882))
GLOBAL_UNIT_ASSIGNED_CONTEXT((#3886,#3888,#3889))
REPRESENTATION_CONTEXT('','3D')
);
#3885=(
GEOMETRIC_REPRESENTATION_CONTEXT(3)
GLOBAL_UNCERTAINTY_ASSIGNED_CONTEXT((#3883))
GLOBAL_UNIT_ASSIGNED_CONTEXT((#3886,#3888,#3889))
REPRESENTATION_CONTEXT('','3D')
);
#3886=(
LENGTH_UNIT()
NAMED_UNIT(*)
SI_UNIT(.MILLI.,.METRE.)
);
#3887=(
LENGTH_UNIT()
NAMED_UNIT(*)
SI_UNIT($,.METRE.)
);
#3888=(
NAMED_UNIT(*)
PLANE_ANGLE_UNIT()
SI_UNIT($,.RADIAN.)
);
#3889=(
NAMED_UNIT(*)
SI_UNIT($,.STERADIAN.)
SOLID_ANGLE_UNIT()
);
#3890=SHAPE_DEFINITION_REPRESENTATION(#3891,#3892);
#3891=PRODUCT_DEFINITION_SHAPE('',$,#3894);
#3892=SHAPE_REPRESENTATION('',(#2118),#3884);
#3893=PRODUCT_DEFINITION_CONTEXT('part definition',#3898,'design');
#3894=PRODUCT_DEFINITION('Core Plate','Core Plate',#3895,#3893);
#3895=PRODUCT_DEFINITION_FORMATION('',$,#3900);
#3896=PRODUCT_RELATED_PRODUCT_CATEGORY('Core Plate','Core Plate',(#3900));
#3897=APPLICATION_PROTOCOL_DEFINITION('international standard',
'automotive_design',2009,#3898);
#3898=APPLICATION_CONTEXT(
'Core Data for Automotive Mechanical Design Process');
#3899=PRODUCT_CONTEXT('part definition',#3898,'mechanical');
#3900=PRODUCT('Core Plate','Core Plate',$,(#3899));
#3901=PRESENTATION_STYLE_ASSIGNMENT((#3902));
#3902=SURFACE_STYLE_USAGE(.BOTH.,#3903);
#3903=SURFACE_SIDE_STYLE('',(#3904));
#3904=SURFACE_STYLE_FILL_AREA(#3905);
#3905=FILL_AREA_STYLE('Steel - Satin',(#3906));
#3906=FILL_AREA_STYLE_COLOUR('Steel - Satin',#3907);
#3907=COLOUR_RGB('Steel - Satin',0.627450980392157,0.627450980392157,0.627450980392157);
ENDSEC;
END-ISO-10303-21;
