ISO-10303-21;
HEADER;
/* Generated by software containing ST-Developer
 * from STEP Tools, Inc. (www.steptools.com) 
 */

FILE_DESCRIPTION(
/* description */ (''),
/* implementation_level */ '2;1');

FILE_NAME(
/* name */ 'Front Shell.step',
/* time_stamp */ '2026-06-21T02:03:51+03:00',
/* author */ (''),
/* organization */ (''),
/* preprocessor_version */ 'ST-DEVELOPER v20.1',
/* originating_system */ 'Autodesk Translation Framework v15.8.0.0',
/* authorisation */ '');

FILE_SCHEMA (('AUTOMOTIVE_DESIGN { 1 0 10303 214 3 1 1 }'));
ENDSEC;

DATA;
#10=MECHANICAL_DESIGN_GEOMETRIC_PRESENTATION_REPRESENTATION('',(#13),#2791);
#11=SHAPE_REPRESENTATION_RELATIONSHIP('SRR','None',#2798,#12);
#12=ADVANCED_BREP_SHAPE_REPRESENTATION('',(#14),#2790);
#13=STYLED_ITEM('',(#2807),#14);
#14=MANIFOLD_SOLID_BREP('Body1',#1613);
#15=FACE_BOUND('',#155,.T.);
#16=FACE_BOUND('',#156,.T.);
#17=FACE_BOUND('',#157,.T.);
#18=FACE_BOUND('',#166,.T.);
#19=FACE_BOUND('',#167,.T.);
#20=FACE_BOUND('',#190,.T.);
#21=FACE_BOUND('',#206,.T.);
#22=FACE_BOUND('',#207,.T.);
#23=FACE_BOUND('',#216,.T.);
#24=FACE_BOUND('',#225,.T.);
#25=FACE_BOUND('',#226,.T.);
#26=FACE_BOUND('',#227,.T.);
#27=FACE_BOUND('',#230,.T.);
#28=FACE_BOUND('',#231,.T.);
#29=PLANE('',#1639);
#30=PLANE('',#1655);
#31=PLANE('',#1668);
#32=PLANE('',#1686);
#33=PLANE('',#1689);
#34=PLANE('',#1695);
#35=PLANE('',#1696);
#36=PLANE('',#1702);
#37=PLANE('',#1707);
#38=PLANE('',#1708);
#39=PLANE('',#1712);
#40=PLANE('',#1716);
#41=PLANE('',#1720);
#42=PLANE('',#1721);
#43=PLANE('',#1736);
#44=PLANE('',#1740);
#45=PLANE('',#1743);
#46=PLANE('',#1746);
#47=PLANE('',#1749);
#48=PLANE('',#1752);
#49=PLANE('',#1761);
#50=PLANE('',#1763);
#51=PLANE('',#1764);
#52=PLANE('',#1765);
#53=PLANE('',#1766);
#54=PLANE('',#1767);
#55=PLANE('',#1768);
#56=PLANE('',#1771);
#57=PLANE('',#1774);
#58=PLANE('',#1775);
#59=PLANE('',#1778);
#60=PLANE('',#1786);
#61=PLANE('',#1793);
#62=PLANE('',#1797);
#63=PLANE('',#1800);
#64=B_SPLINE_CURVE_WITH_KNOTS('',3,(#2317,#2318,#2319,#2320,#2321,#2322),
 .UNSPECIFIED.,.F.,.F.,(4,2,4),(0.,0.182348381199496,0.333384426249062),
 .UNSPECIFIED.);
#65=B_SPLINE_CURVE_WITH_KNOTS('',3,(#2324,#2325,#2326,#2327,#2328,#2329),
 .UNSPECIFIED.,.F.,.F.,(4,2,4),(0.714317848405528,0.884360547404054,1.05440324640258),
 .UNSPECIFIED.);
#66=B_SPLINE_CURVE_WITH_KNOTS('',3,(#2618,#2619,#2620,#2621,#2622,#2623),
 .UNSPECIFIED.,.F.,.F.,(4,2,4),(0.,0.170042698998526,0.340085397997051),
 .UNSPECIFIED.);
#67=B_SPLINE_CURVE_WITH_KNOTS('',3,(#2626,#2627,#2628,#2629,#2630,#2631),
 .UNSPECIFIED.,.F.,.F.,(4,2,4),(0.7210679026443,0.891110601642826,1.06115330064135),
 .UNSPECIFIED.);
#68=FACE_OUTER_BOUND('',#150,.T.);
#69=FACE_OUTER_BOUND('',#151,.T.);
#70=FACE_OUTER_BOUND('',#152,.T.);
#71=FACE_OUTER_BOUND('',#153,.T.);
#72=FACE_OUTER_BOUND('',#154,.T.);
#73=FACE_OUTER_BOUND('',#158,.T.);
#74=FACE_OUTER_BOUND('',#159,.T.);
#75=FACE_OUTER_BOUND('',#160,.T.);
#76=FACE_OUTER_BOUND('',#161,.T.);
#77=FACE_OUTER_BOUND('',#162,.T.);
#78=FACE_OUTER_BOUND('',#163,.T.);
#79=FACE_OUTER_BOUND('',#164,.T.);
#80=FACE_OUTER_BOUND('',#165,.T.);
#81=FACE_OUTER_BOUND('',#168,.T.);
#82=FACE_OUTER_BOUND('',#169,.T.);
#83=FACE_OUTER_BOUND('',#170,.T.);
#84=FACE_OUTER_BOUND('',#171,.T.);
#85=FACE_OUTER_BOUND('',#172,.T.);
#86=FACE_OUTER_BOUND('',#173,.T.);
#87=FACE_OUTER_BOUND('',#174,.T.);
#88=FACE_OUTER_BOUND('',#175,.T.);
#89=FACE_OUTER_BOUND('',#176,.T.);
#90=FACE_OUTER_BOUND('',#177,.T.);
#91=FACE_OUTER_BOUND('',#178,.T.);
#92=FACE_OUTER_BOUND('',#179,.T.);
#93=FACE_OUTER_BOUND('',#180,.T.);
#94=FACE_OUTER_BOUND('',#181,.T.);
#95=FACE_OUTER_BOUND('',#182,.T.);
#96=FACE_OUTER_BOUND('',#183,.T.);
#97=FACE_OUTER_BOUND('',#184,.T.);
#98=FACE_OUTER_BOUND('',#185,.T.);
#99=FACE_OUTER_BOUND('',#186,.T.);
#100=FACE_OUTER_BOUND('',#187,.T.);
#101=FACE_OUTER_BOUND('',#188,.T.);
#102=FACE_OUTER_BOUND('',#189,.T.);
#103=FACE_OUTER_BOUND('',#191,.T.);
#104=FACE_OUTER_BOUND('',#192,.T.);
#105=FACE_OUTER_BOUND('',#193,.T.);
#106=FACE_OUTER_BOUND('',#194,.T.);
#107=FACE_OUTER_BOUND('',#195,.T.);
#108=FACE_OUTER_BOUND('',#196,.T.);
#109=FACE_OUTER_BOUND('',#197,.T.);
#110=FACE_OUTER_BOUND('',#198,.T.);
#111=FACE_OUTER_BOUND('',#199,.T.);
#112=FACE_OUTER_BOUND('',#200,.T.);
#113=FACE_OUTER_BOUND('',#201,.T.);
#114=FACE_OUTER_BOUND('',#202,.T.);
#115=FACE_OUTER_BOUND('',#203,.T.);
#116=FACE_OUTER_BOUND('',#204,.T.);
#117=FACE_OUTER_BOUND('',#205,.T.);
#118=FACE_OUTER_BOUND('',#208,.T.);
#119=FACE_OUTER_BOUND('',#209,.T.);
#120=FACE_OUTER_BOUND('',#210,.T.);
#121=FACE_OUTER_BOUND('',#211,.T.);
#122=FACE_OUTER_BOUND('',#212,.T.);
#123=FACE_OUTER_BOUND('',#213,.T.);
#124=FACE_OUTER_BOUND('',#214,.T.);
#125=FACE_OUTER_BOUND('',#215,.T.);
#126=FACE_OUTER_BOUND('',#217,.T.);
#127=FACE_OUTER_BOUND('',#218,.T.);
#128=FACE_OUTER_BOUND('',#219,.T.);
#129=FACE_OUTER_BOUND('',#220,.T.);
#130=FACE_OUTER_BOUND('',#221,.T.);
#131=FACE_OUTER_BOUND('',#222,.T.);
#132=FACE_OUTER_BOUND('',#223,.T.);
#133=FACE_OUTER_BOUND('',#224,.T.);
#134=FACE_OUTER_BOUND('',#228,.T.);
#135=FACE_OUTER_BOUND('',#229,.T.);
#136=FACE_OUTER_BOUND('',#232,.T.);
#137=FACE_OUTER_BOUND('',#233,.T.);
#138=FACE_OUTER_BOUND('',#234,.T.);
#139=FACE_OUTER_BOUND('',#235,.T.);
#140=FACE_OUTER_BOUND('',#236,.T.);
#141=FACE_OUTER_BOUND('',#237,.T.);
#142=FACE_OUTER_BOUND('',#238,.T.);
#143=FACE_OUTER_BOUND('',#239,.T.);
#144=FACE_OUTER_BOUND('',#240,.T.);
#145=FACE_OUTER_BOUND('',#241,.T.);
#146=FACE_OUTER_BOUND('',#242,.T.);
#147=FACE_OUTER_BOUND('',#243,.T.);
#148=FACE_OUTER_BOUND('',#244,.T.);
#149=FACE_OUTER_BOUND('',#245,.T.);
#150=EDGE_LOOP('',(#1012,#1013,#1014,#1015));
#151=EDGE_LOOP('',(#1016,#1017,#1018,#1019));
#152=EDGE_LOOP('',(#1020,#1021,#1022,#1023));
#153=EDGE_LOOP('',(#1024,#1025,#1026,#1027,#1028));
#154=EDGE_LOOP('',(#1029,#1030,#1031,#1032,#1033,#1034,#1035,#1036,#1037,
#1038,#1039,#1040,#1041,#1042,#1043,#1044,#1045,#1046,#1047,#1048,#1049,
#1050,#1051,#1052,#1053,#1054));
#155=EDGE_LOOP('',(#1055,#1056,#1057,#1058));
#156=EDGE_LOOP('',(#1059));
#157=EDGE_LOOP('',(#1060));
#158=EDGE_LOOP('',(#1061,#1062,#1063,#1064));
#159=EDGE_LOOP('',(#1065,#1066,#1067,#1068));
#160=EDGE_LOOP('',(#1069,#1070,#1071,#1072));
#161=EDGE_LOOP('',(#1073,#1074,#1075,#1076));
#162=EDGE_LOOP('',(#1077,#1078,#1079,#1080));
#163=EDGE_LOOP('',(#1081,#1082,#1083,#1084));
#164=EDGE_LOOP('',(#1085,#1086,#1087,#1088));
#165=EDGE_LOOP('',(#1089,#1090,#1091,#1092,#1093,#1094,#1095,#1096,#1097,
#1098,#1099,#1100,#1101,#1102,#1103,#1104,#1105));
#166=EDGE_LOOP('',(#1106));
#167=EDGE_LOOP('',(#1107));
#168=EDGE_LOOP('',(#1108,#1109,#1110,#1111));
#169=EDGE_LOOP('',(#1112,#1113,#1114,#1115));
#170=EDGE_LOOP('',(#1116,#1117,#1118,#1119));
#171=EDGE_LOOP('',(#1120,#1121,#1122,#1123));
#172=EDGE_LOOP('',(#1124,#1125,#1126,#1127));
#173=EDGE_LOOP('',(#1128,#1129,#1130,#1131,#1132,#1133,#1134,#1135,#1136,
#1137));
#174=EDGE_LOOP('',(#1138,#1139,#1140,#1141));
#175=EDGE_LOOP('',(#1142,#1143,#1144,#1145));
#176=EDGE_LOOP('',(#1146,#1147,#1148,#1149,#1150,#1151,#1152,#1153));
#177=EDGE_LOOP('',(#1154,#1155,#1156,#1157));
#178=EDGE_LOOP('',(#1158,#1159,#1160,#1161));
#179=EDGE_LOOP('',(#1162,#1163,#1164,#1165));
#180=EDGE_LOOP('',(#1166,#1167,#1168,#1169));
#181=EDGE_LOOP('',(#1170,#1171,#1172,#1173));
#182=EDGE_LOOP('',(#1174,#1175,#1176,#1177));
#183=EDGE_LOOP('',(#1178,#1179,#1180,#1181));
#184=EDGE_LOOP('',(#1182,#1183,#1184,#1185));
#185=EDGE_LOOP('',(#1186,#1187,#1188,#1189));
#186=EDGE_LOOP('',(#1190,#1191,#1192,#1193));
#187=EDGE_LOOP('',(#1194,#1195,#1196,#1197));
#188=EDGE_LOOP('',(#1198,#1199,#1200,#1201));
#189=EDGE_LOOP('',(#1202,#1203,#1204,#1205,#1206,#1207,#1208,#1209,#1210,
#1211,#1212,#1213));
#190=EDGE_LOOP('',(#1214,#1215,#1216,#1217,#1218,#1219,#1220,#1221));
#191=EDGE_LOOP('',(#1222,#1223,#1224,#1225,#1226));
#192=EDGE_LOOP('',(#1227,#1228,#1229,#1230,#1231));
#193=EDGE_LOOP('',(#1232,#1233,#1234,#1235));
#194=EDGE_LOOP('',(#1236,#1237,#1238,#1239));
#195=EDGE_LOOP('',(#1240,#1241,#1242,#1243));
#196=EDGE_LOOP('',(#1244,#1245,#1246,#1247));
#197=EDGE_LOOP('',(#1248,#1249,#1250,#1251));
#198=EDGE_LOOP('',(#1252,#1253,#1254,#1255));
#199=EDGE_LOOP('',(#1256,#1257,#1258,#1259));
#200=EDGE_LOOP('',(#1260,#1261,#1262,#1263));
#201=EDGE_LOOP('',(#1264,#1265,#1266,#1267));
#202=EDGE_LOOP('',(#1268,#1269,#1270,#1271));
#203=EDGE_LOOP('',(#1272,#1273,#1274,#1275));
#204=EDGE_LOOP('',(#1276,#1277,#1278,#1279));
#205=EDGE_LOOP('',(#1280,#1281,#1282,#1283,#1284,#1285,#1286,#1287,#1288,
#1289,#1290,#1291,#1292,#1293,#1294,#1295,#1296,#1297,#1298));
#206=EDGE_LOOP('',(#1299));
#207=EDGE_LOOP('',(#1300));
#208=EDGE_LOOP('',(#1301,#1302,#1303,#1304));
#209=EDGE_LOOP('',(#1305,#1306,#1307,#1308));
#210=EDGE_LOOP('',(#1309,#1310,#1311,#1312,#1313));
#211=EDGE_LOOP('',(#1314,#1315,#1316,#1317));
#212=EDGE_LOOP('',(#1318,#1319,#1320,#1321));
#213=EDGE_LOOP('',(#1322,#1323,#1324,#1325));
#214=EDGE_LOOP('',(#1326,#1327,#1328,#1329));
#215=EDGE_LOOP('',(#1330,#1331,#1332,#1333));
#216=EDGE_LOOP('',(#1334,#1335,#1336,#1337,#1338,#1339,#1340));
#217=EDGE_LOOP('',(#1341,#1342,#1343,#1344));
#218=EDGE_LOOP('',(#1345,#1346,#1347,#1348));
#219=EDGE_LOOP('',(#1349,#1350,#1351,#1352));
#220=EDGE_LOOP('',(#1353,#1354,#1355,#1356));
#221=EDGE_LOOP('',(#1357,#1358,#1359,#1360));
#222=EDGE_LOOP('',(#1361,#1362,#1363,#1364));
#223=EDGE_LOOP('',(#1365,#1366,#1367,#1368));
#224=EDGE_LOOP('',(#1369,#1370,#1371,#1372,#1373,#1374,#1375,#1376,#1377,
#1378,#1379,#1380,#1381,#1382,#1383,#1384,#1385,#1386,#1387,#1388,#1389,
#1390,#1391,#1392));
#225=EDGE_LOOP('',(#1393,#1394,#1395,#1396,#1397,#1398,#1399));
#226=EDGE_LOOP('',(#1400));
#227=EDGE_LOOP('',(#1401));
#228=EDGE_LOOP('',(#1402,#1403,#1404,#1405));
#229=EDGE_LOOP('',(#1406,#1407,#1408,#1409,#1410,#1411));
#230=EDGE_LOOP('',(#1412,#1413,#1414,#1415,#1416,#1417,#1418,#1419));
#231=EDGE_LOOP('',(#1420,#1421,#1422,#1423,#1424,#1425,#1426,#1427));
#232=EDGE_LOOP('',(#1428,#1429,#1430,#1431));
#233=EDGE_LOOP('',(#1432,#1433,#1434,#1435));
#234=EDGE_LOOP('',(#1436,#1437,#1438,#1439));
#235=EDGE_LOOP('',(#1440,#1441,#1442,#1443));
#236=EDGE_LOOP('',(#1444,#1445,#1446,#1447));
#237=EDGE_LOOP('',(#1448,#1449,#1450,#1451));
#238=EDGE_LOOP('',(#1452,#1453,#1454,#1455));
#239=EDGE_LOOP('',(#1456,#1457,#1458,#1459));
#240=EDGE_LOOP('',(#1460,#1461,#1462,#1463));
#241=EDGE_LOOP('',(#1464,#1465,#1466,#1467));
#242=EDGE_LOOP('',(#1468,#1469,#1470,#1471));
#243=EDGE_LOOP('',(#1472,#1473,#1474,#1475));
#244=EDGE_LOOP('',(#1476,#1477,#1478,#1479));
#245=EDGE_LOOP('',(#1480,#1481,#1482,#1483));
#246=LINE('',#2297,#386);
#247=LINE('',#2300,#387);
#248=LINE('',#2305,#388);
#249=LINE('',#2311,#389);
#250=LINE('',#2335,#390);
#251=LINE('',#2343,#391);
#252=LINE('',#2347,#392);
#253=LINE('',#2351,#393);
#254=LINE('',#2357,#394);
#255=LINE('',#2365,#395);
#256=LINE('',#2367,#396);
#257=LINE('',#2369,#397);
#258=LINE('',#2371,#398);
#259=LINE('',#2373,#399);
#260=LINE('',#2374,#400);
#261=LINE('',#2377,#401);
#262=LINE('',#2379,#402);
#263=LINE('',#2381,#403);
#264=LINE('',#2382,#404);
#265=LINE('',#2391,#405);
#266=LINE('',#2392,#406);
#267=LINE('',#2395,#407);
#268=LINE('',#2396,#408);
#269=LINE('',#2400,#409);
#270=LINE('',#2403,#410);
#271=LINE('',#2406,#411);
#272=LINE('',#2414,#412);
#273=LINE('',#2417,#413);
#274=LINE('',#2422,#414);
#275=LINE('',#2426,#415);
#276=LINE('',#2434,#416);
#277=LINE('',#2436,#417);
#278=LINE('',#2438,#418);
#279=LINE('',#2440,#419);
#280=LINE('',#2452,#420);
#281=LINE('',#2460,#421);
#282=LINE('',#2463,#422);
#283=LINE('',#2467,#423);
#284=LINE('',#2470,#424);
#285=LINE('',#2473,#425);
#286=LINE('',#2475,#426);
#287=LINE('',#2480,#427);
#288=LINE('',#2481,#428);
#289=LINE('',#2484,#429);
#290=LINE('',#2488,#430);
#291=LINE('',#2491,#431);
#292=LINE('',#2492,#432);
#293=LINE('',#2498,#433);
#294=LINE('',#2501,#434);
#295=LINE('',#2504,#435);
#296=LINE('',#2506,#436);
#297=LINE('',#2507,#437);
#298=LINE('',#2510,#438);
#299=LINE('',#2514,#439);
#300=LINE('',#2518,#440);
#301=LINE('',#2522,#441);
#302=LINE('',#2525,#442);
#303=LINE('',#2528,#443);
#304=LINE('',#2529,#444);
#305=LINE('',#2533,#445);
#306=LINE('',#2536,#446);
#307=LINE('',#2539,#447);
#308=LINE('',#2541,#448);
#309=LINE('',#2547,#449);
#310=LINE('',#2550,#450);
#311=LINE('',#2553,#451);
#312=LINE('',#2555,#452);
#313=LINE('',#2556,#453);
#314=LINE('',#2562,#454);
#315=LINE('',#2565,#455);
#316=LINE('',#2568,#456);
#317=LINE('',#2570,#457);
#318=LINE('',#2571,#458);
#319=LINE('',#2576,#459);
#320=LINE('',#2579,#460);
#321=LINE('',#2580,#461);
#322=LINE('',#2587,#462);
#323=LINE('',#2591,#463);
#324=LINE('',#2596,#464);
#325=LINE('',#2599,#465);
#326=LINE('',#2602,#466);
#327=LINE('',#2606,#467);
#328=LINE('',#2610,#468);
#329=LINE('',#2614,#469);
#330=LINE('',#2625,#470);
#331=LINE('',#2635,#471);
#332=LINE('',#2637,#472);
#333=LINE('',#2639,#473);
#334=LINE('',#2642,#474);
#335=LINE('',#2645,#475);
#336=LINE('',#2648,#476);
#337=LINE('',#2649,#477);
#338=LINE('',#2652,#478);
#339=LINE('',#2656,#479);
#340=LINE('',#2657,#480);
#341=LINE('',#2660,#481);
#342=LINE('',#2664,#482);
#343=LINE('',#2665,#483);
#344=LINE('',#2668,#484);
#345=LINE('',#2671,#485);
#346=LINE('',#2676,#486);
#347=LINE('',#2677,#487);
#348=LINE('',#2682,#488);
#349=LINE('',#2687,#489);
#350=LINE('',#2688,#490);
#351=LINE('',#2697,#491);
#352=LINE('',#2699,#492);
#353=LINE('',#2701,#493);
#354=LINE('',#2704,#494);
#355=LINE('',#2706,#495);
#356=LINE('',#2707,#496);
#357=LINE('',#2710,#497);
#358=LINE('',#2711,#498);
#359=LINE('',#2714,#499);
#360=LINE('',#2715,#500);
#361=LINE('',#2717,#501);
#362=LINE('',#2719,#502);
#363=LINE('',#2721,#503);
#364=LINE('',#2726,#504);
#365=LINE('',#2727,#505);
#366=LINE('',#2730,#506);
#367=LINE('',#2731,#507);
#368=LINE('',#2735,#508);
#369=LINE('',#2738,#509);
#370=LINE('',#2739,#510);
#371=LINE('',#2742,#511);
#372=LINE('',#2743,#512);
#373=LINE('',#2746,#513);
#374=LINE('',#2755,#514);
#375=LINE('',#2762,#515);
#376=LINE('',#2764,#516);
#377=LINE('',#2766,#517);
#378=LINE('',#2768,#518);
#379=LINE('',#2770,#519);
#380=LINE('',#2772,#520);
#381=LINE('',#2775,#521);
#382=LINE('',#2777,#522);
#383=LINE('',#2781,#523);
#384=LINE('',#2783,#524);
#385=LINE('',#2785,#525);
#386=VECTOR('',#1807,3.00000000000001);
#387=VECTOR('',#1810,3.00000000000001);
#388=VECTOR('',#1815,10.);
#389=VECTOR('',#1822,10.);
#390=VECTOR('',#1835,10.);
#391=VECTOR('',#1842,10.);
#392=VECTOR('',#1845,10.);
#393=VECTOR('',#1848,10.);
#394=VECTOR('',#1853,10.);
#395=VECTOR('',#1860,10.);
#396=VECTOR('',#1861,10.);
#397=VECTOR('',#1862,10.);
#398=VECTOR('',#1863,10.);
#399=VECTOR('',#1864,10.);
#400=VECTOR('',#1865,10.);
#401=VECTOR('',#1866,10.);
#402=VECTOR('',#1867,10.);
#403=VECTOR('',#1868,10.);
#404=VECTOR('',#1869,10.);
#405=VECTOR('',#1878,10.);
#406=VECTOR('',#1879,10.);
#407=VECTOR('',#1882,10.);
#408=VECTOR('',#1883,10.);
#409=VECTOR('',#1888,10.);
#410=VECTOR('',#1891,10.);
#411=VECTOR('',#1894,10.);
#412=VECTOR('',#1903,10.);
#413=VECTOR('',#1906,10.);
#414=VECTOR('',#1911,10.);
#415=VECTOR('',#1916,10.);
#416=VECTOR('',#1923,10.);
#417=VECTOR('',#1924,10.);
#418=VECTOR('',#1925,10.);
#419=VECTOR('',#1926,10.);
#420=VECTOR('',#1937,10.);
#421=VECTOR('',#1946,3.);
#422=VECTOR('',#1949,3.);
#423=VECTOR('',#1954,10.);
#424=VECTOR('',#1957,10.);
#425=VECTOR('',#1960,10.);
#426=VECTOR('',#1963,10.);
#427=VECTOR('',#1968,10.);
#428=VECTOR('',#1969,10.);
#429=VECTOR('',#1972,10.);
#430=VECTOR('',#1975,10.);
#431=VECTOR('',#1978,10.);
#432=VECTOR('',#1979,10.);
#433=VECTOR('',#1984,10.);
#434=VECTOR('',#1987,10.);
#435=VECTOR('',#1990,10.);
#436=VECTOR('',#1991,10.);
#437=VECTOR('',#1992,10.);
#438=VECTOR('',#1995,10.);
#439=VECTOR('',#1998,10.);
#440=VECTOR('',#2001,10.);
#441=VECTOR('',#2006,10.);
#442=VECTOR('',#2009,10.);
#443=VECTOR('',#2012,10.);
#444=VECTOR('',#2013,10.);
#445=VECTOR('',#2018,10.);
#446=VECTOR('',#2021,10.);
#447=VECTOR('',#2026,10.);
#448=VECTOR('',#2029,10.);
#449=VECTOR('',#2034,10.);
#450=VECTOR('',#2037,10.);
#451=VECTOR('',#2040,10.);
#452=VECTOR('',#2041,10.);
#453=VECTOR('',#2042,10.);
#454=VECTOR('',#2047,10.);
#455=VECTOR('',#2050,10.);
#456=VECTOR('',#2053,10.);
#457=VECTOR('',#2054,10.);
#458=VECTOR('',#2055,10.);
#459=VECTOR('',#2060,10.);
#460=VECTOR('',#2065,10.);
#461=VECTOR('',#2066,10.);
#462=VECTOR('',#2073,10.);
#463=VECTOR('',#2076,10.);
#464=VECTOR('',#2081,10.);
#465=VECTOR('',#2084,10.);
#466=VECTOR('',#2085,10.);
#467=VECTOR('',#2088,10.);
#468=VECTOR('',#2091,10.);
#469=VECTOR('',#2094,10.);
#470=VECTOR('',#2099,10.);
#471=VECTOR('',#2106,10.);
#472=VECTOR('',#2109,10.);
#473=VECTOR('',#2112,10.);
#474=VECTOR('',#2115,10.);
#475=VECTOR('',#2118,10.);
#476=VECTOR('',#2121,10.);
#477=VECTOR('',#2122,10.);
#478=VECTOR('',#2125,10.);
#479=VECTOR('',#2130,10.);
#480=VECTOR('',#2131,10.);
#481=VECTOR('',#2134,10.);
#482=VECTOR('',#2139,10.);
#483=VECTOR('',#2140,10.);
#484=VECTOR('',#2143,10.);
#485=VECTOR('',#2148,10.);
#486=VECTOR('',#2153,10.);
#487=VECTOR('',#2154,10.);
#488=VECTOR('',#2159,10.);
#489=VECTOR('',#2164,10.);
#490=VECTOR('',#2165,10.);
#491=VECTOR('',#2176,10.);
#492=VECTOR('',#2179,10.);
#493=VECTOR('',#2182,10.);
#494=VECTOR('',#2185,10.);
#495=VECTOR('',#2186,10.);
#496=VECTOR('',#2187,10.);
#497=VECTOR('',#2190,10.);
#498=VECTOR('',#2191,10.);
#499=VECTOR('',#2194,10.);
#500=VECTOR('',#2195,10.);
#501=VECTOR('',#2198,10.);
#502=VECTOR('',#2201,10.);
#503=VECTOR('',#2204,10.);
#504=VECTOR('',#2209,10.);
#505=VECTOR('',#2210,10.);
#506=VECTOR('',#2213,10.);
#507=VECTOR('',#2214,10.);
#508=VECTOR('',#2219,10.);
#509=VECTOR('',#2222,10.);
#510=VECTOR('',#2223,10.);
#511=VECTOR('',#2226,10.);
#512=VECTOR('',#2227,10.);
#513=VECTOR('',#2230,10.);
#514=VECTOR('',#2241,10.);
#515=VECTOR('',#2250,10.);
#516=VECTOR('',#2253,10.);
#517=VECTOR('',#2256,1.25);
#518=VECTOR('',#2259,1.25);
#519=VECTOR('',#2262,1.25);
#520=VECTOR('',#2265,1.25);
#521=VECTOR('',#2270,10.);
#522=VECTOR('',#2273,10.);
#523=VECTOR('',#2280,10.);
#524=VECTOR('',#2283,10.);
#525=VECTOR('',#2286,10.);
#526=CIRCLE('',#1628,3.00000000000001);
#527=CIRCLE('',#1629,3.00000000000001);
#528=CIRCLE('',#1631,5.49999973297166);
#529=CIRCLE('',#1632,5.49999973297166);
#530=CIRCLE('',#1634,3.);
#531=CIRCLE('',#1635,3.);
#532=CIRCLE('',#1637,5.49999973297091);
#533=CIRCLE('',#1638,5.49999973297091);
#534=CIRCLE('',#1640,0.999999999966661);
#535=CIRCLE('',#1641,0.999999999998506);
#536=CIRCLE('',#1642,5.49999973297166);
#537=CIRCLE('',#1643,1.55);
#538=CIRCLE('',#1644,1.25);
#539=CIRCLE('',#1645,1.25);
#540=CIRCLE('',#1646,5.49999973297166);
#541=CIRCLE('',#1647,3.);
#542=CIRCLE('',#1648,3.);
#543=CIRCLE('',#1649,5.49999973297166);
#544=CIRCLE('',#1650,3.);
#545=CIRCLE('',#1651,1.25);
#546=CIRCLE('',#1652,1.25);
#547=CIRCLE('',#1654,3.);
#548=CIRCLE('',#1657,3.);
#549=CIRCLE('',#1659,3.);
#550=CIRCLE('',#1661,5.49999973297166);
#551=CIRCLE('',#1663,3.);
#552=CIRCLE('',#1664,3.);
#553=CIRCLE('',#1666,5.49999973297166);
#554=CIRCLE('',#1667,5.49999973297166);
#555=CIRCLE('',#1669,3.);
#556=CIRCLE('',#1670,5.49999973297166);
#557=CIRCLE('',#1671,3.);
#558=CIRCLE('',#1672,5.49999973297091);
#559=CIRCLE('',#1673,3.);
#560=CIRCLE('',#1674,3.);
#561=CIRCLE('',#1675,5.49999973297166);
#562=CIRCLE('',#1676,0.999999999966661);
#563=CIRCLE('',#1677,0.999999999998506);
#564=CIRCLE('',#1678,1.25);
#565=CIRCLE('',#1679,1.25);
#566=CIRCLE('',#1681,3.);
#567=CIRCLE('',#1683,3.);
#568=CIRCLE('',#1685,3.);
#569=CIRCLE('',#1688,3.);
#570=CIRCLE('',#1690,1.);
#571=CIRCLE('',#1691,1.);
#572=CIRCLE('',#1693,0.625);
#573=CIRCLE('',#1694,0.625);
#574=CIRCLE('',#1697,0.625);
#575=CIRCLE('',#1698,0.625);
#576=CIRCLE('',#1699,0.625);
#577=CIRCLE('',#1701,0.625);
#578=CIRCLE('',#1704,0.625);
#579=CIRCLE('',#1706,0.625);
#580=CIRCLE('',#1710,1.);
#581=CIRCLE('',#1711,1.);
#582=CIRCLE('',#1714,1.);
#583=CIRCLE('',#1715,1.);
#584=CIRCLE('',#1718,1.);
#585=CIRCLE('',#1719,1.);
#586=CIRCLE('',#1722,1.);
#587=CIRCLE('',#1723,1.);
#588=CIRCLE('',#1724,1.);
#589=CIRCLE('',#1725,1.);
#590=CIRCLE('',#1726,1.);
#591=CIRCLE('',#1727,1.);
#592=CIRCLE('',#1728,1.);
#593=CIRCLE('',#1729,1.);
#594=CIRCLE('',#1730,1.);
#595=CIRCLE('',#1731,1.);
#596=CIRCLE('',#1734,5.49999973297091);
#597=CIRCLE('',#1739,1.);
#598=CIRCLE('',#1742,1.);
#599=CIRCLE('',#1745,1.);
#600=CIRCLE('',#1748,1.);
#601=CIRCLE('',#1751,1.);
#602=CIRCLE('',#1753,0.999999999998506);
#603=CIRCLE('',#1754,0.999999999966661);
#604=CIRCLE('',#1755,5.49999973297166);
#605=CIRCLE('',#1756,5.49999973297166);
#606=CIRCLE('',#1757,1.25);
#607=CIRCLE('',#1758,1.25);
#608=CIRCLE('',#1760,1.);
#609=CIRCLE('',#1770,1.25);
#610=CIRCLE('',#1773,1.25);
#611=CIRCLE('',#1777,1.55);
#612=CIRCLE('',#1779,5.49999973297166);
#613=CIRCLE('',#1780,5.49999973297166);
#614=CIRCLE('',#1781,0.999999999998506);
#615=CIRCLE('',#1782,0.999999999966661);
#616=CIRCLE('',#1783,1.25);
#617=CIRCLE('',#1784,1.25);
#618=VERTEX_POINT('',#2293);
#619=VERTEX_POINT('',#2294);
#620=VERTEX_POINT('',#2296);
#621=VERTEX_POINT('',#2298);
#622=VERTEX_POINT('',#2302);
#623=VERTEX_POINT('',#2304);
#624=VERTEX_POINT('',#2308);
#625=VERTEX_POINT('',#2310);
#626=VERTEX_POINT('',#2314);
#627=VERTEX_POINT('',#2316);
#628=VERTEX_POINT('',#2323);
#629=VERTEX_POINT('',#2332);
#630=VERTEX_POINT('',#2334);
#631=VERTEX_POINT('',#2336);
#632=VERTEX_POINT('',#2338);
#633=VERTEX_POINT('',#2340);
#634=VERTEX_POINT('',#2342);
#635=VERTEX_POINT('',#2344);
#636=VERTEX_POINT('',#2346);
#637=VERTEX_POINT('',#2348);
#638=VERTEX_POINT('',#2350);
#639=VERTEX_POINT('',#2352);
#640=VERTEX_POINT('',#2354);
#641=VERTEX_POINT('',#2356);
#642=VERTEX_POINT('',#2358);
#643=VERTEX_POINT('',#2360);
#644=VERTEX_POINT('',#2362);
#645=VERTEX_POINT('',#2364);
#646=VERTEX_POINT('',#2366);
#647=VERTEX_POINT('',#2368);
#648=VERTEX_POINT('',#2370);
#649=VERTEX_POINT('',#2372);
#650=VERTEX_POINT('',#2375);
#651=VERTEX_POINT('',#2376);
#652=VERTEX_POINT('',#2378);
#653=VERTEX_POINT('',#2380);
#654=VERTEX_POINT('',#2383);
#655=VERTEX_POINT('',#2385);
#656=VERTEX_POINT('',#2388);
#657=VERTEX_POINT('',#2389);
#658=VERTEX_POINT('',#2394);
#659=VERTEX_POINT('',#2398);
#660=VERTEX_POINT('',#2402);
#661=VERTEX_POINT('',#2404);
#662=VERTEX_POINT('',#2410);
#663=VERTEX_POINT('',#2411);
#664=VERTEX_POINT('',#2413);
#665=VERTEX_POINT('',#2415);
#666=VERTEX_POINT('',#2419);
#667=VERTEX_POINT('',#2421);
#668=VERTEX_POINT('',#2425);
#669=VERTEX_POINT('',#2427);
#670=VERTEX_POINT('',#2429);
#671=VERTEX_POINT('',#2431);
#672=VERTEX_POINT('',#2433);
#673=VERTEX_POINT('',#2435);
#674=VERTEX_POINT('',#2437);
#675=VERTEX_POINT('',#2439);
#676=VERTEX_POINT('',#2441);
#677=VERTEX_POINT('',#2443);
#678=VERTEX_POINT('',#2445);
#679=VERTEX_POINT('',#2447);
#680=VERTEX_POINT('',#2449);
#681=VERTEX_POINT('',#2451);
#682=VERTEX_POINT('',#2454);
#683=VERTEX_POINT('',#2456);
#684=VERTEX_POINT('',#2459);
#685=VERTEX_POINT('',#2461);
#686=VERTEX_POINT('',#2465);
#687=VERTEX_POINT('',#2469);
#688=VERTEX_POINT('',#2471);
#689=VERTEX_POINT('',#2477);
#690=VERTEX_POINT('',#2478);
#691=VERTEX_POINT('',#2483);
#692=VERTEX_POINT('',#2485);
#693=VERTEX_POINT('',#2487);
#694=VERTEX_POINT('',#2490);
#695=VERTEX_POINT('',#2494);
#696=VERTEX_POINT('',#2495);
#697=VERTEX_POINT('',#2497);
#698=VERTEX_POINT('',#2499);
#699=VERTEX_POINT('',#2503);
#700=VERTEX_POINT('',#2505);
#701=VERTEX_POINT('',#2509);
#702=VERTEX_POINT('',#2511);
#703=VERTEX_POINT('',#2513);
#704=VERTEX_POINT('',#2515);
#705=VERTEX_POINT('',#2517);
#706=VERTEX_POINT('',#2521);
#707=VERTEX_POINT('',#2523);
#708=VERTEX_POINT('',#2527);
#709=VERTEX_POINT('',#2531);
#710=VERTEX_POINT('',#2535);
#711=VERTEX_POINT('',#2543);
#712=VERTEX_POINT('',#2544);
#713=VERTEX_POINT('',#2546);
#714=VERTEX_POINT('',#2548);
#715=VERTEX_POINT('',#2552);
#716=VERTEX_POINT('',#2554);
#717=VERTEX_POINT('',#2558);
#718=VERTEX_POINT('',#2559);
#719=VERTEX_POINT('',#2561);
#720=VERTEX_POINT('',#2563);
#721=VERTEX_POINT('',#2567);
#722=VERTEX_POINT('',#2569);
#723=VERTEX_POINT('',#2573);
#724=VERTEX_POINT('',#2575);
#725=VERTEX_POINT('',#2582);
#726=VERTEX_POINT('',#2584);
#727=VERTEX_POINT('',#2586);
#728=VERTEX_POINT('',#2588);
#729=VERTEX_POINT('',#2590);
#730=VERTEX_POINT('',#2593);
#731=VERTEX_POINT('',#2595);
#732=VERTEX_POINT('',#2597);
#733=VERTEX_POINT('',#2600);
#734=VERTEX_POINT('',#2601);
#735=VERTEX_POINT('',#2603);
#736=VERTEX_POINT('',#2605);
#737=VERTEX_POINT('',#2607);
#738=VERTEX_POINT('',#2609);
#739=VERTEX_POINT('',#2611);
#740=VERTEX_POINT('',#2613);
#741=VERTEX_POINT('',#2617);
#742=VERTEX_POINT('',#2624);
#743=VERTEX_POINT('',#2641);
#744=VERTEX_POINT('',#2643);
#745=VERTEX_POINT('',#2647);
#746=VERTEX_POINT('',#2651);
#747=VERTEX_POINT('',#2655);
#748=VERTEX_POINT('',#2659);
#749=VERTEX_POINT('',#2663);
#750=VERTEX_POINT('',#2667);
#751=VERTEX_POINT('',#2673);
#752=VERTEX_POINT('',#2674);
#753=VERTEX_POINT('',#2679);
#754=VERTEX_POINT('',#2681);
#755=VERTEX_POINT('',#2683);
#756=VERTEX_POINT('',#2686);
#757=VERTEX_POINT('',#2690);
#758=VERTEX_POINT('',#2692);
#759=VERTEX_POINT('',#2695);
#760=VERTEX_POINT('',#2703);
#761=VERTEX_POINT('',#2705);
#762=VERTEX_POINT('',#2709);
#763=VERTEX_POINT('',#2713);
#764=VERTEX_POINT('',#2723);
#765=VERTEX_POINT('',#2724);
#766=VERTEX_POINT('',#2729);
#767=VERTEX_POINT('',#2733);
#768=VERTEX_POINT('',#2737);
#769=VERTEX_POINT('',#2741);
#770=VERTEX_POINT('',#2745);
#771=VERTEX_POINT('',#2750);
#772=VERTEX_POINT('',#2752);
#773=VERTEX_POINT('',#2754);
#774=VERTEX_POINT('',#2757);
#775=VERTEX_POINT('',#2759);
#776=EDGE_CURVE('',#618,#619,#526,.F.);
#777=EDGE_CURVE('',#618,#620,#246,.T.);
#778=EDGE_CURVE('',#620,#621,#527,.T.);
#779=EDGE_CURVE('',#621,#619,#247,.T.);
#780=EDGE_CURVE('',#622,#621,#528,.T.);
#781=EDGE_CURVE('',#623,#622,#248,.T.);
#782=EDGE_CURVE('',#619,#623,#529,.T.);
#783=EDGE_CURVE('',#618,#624,#530,.T.);
#784=EDGE_CURVE('',#624,#625,#249,.T.);
#785=EDGE_CURVE('',#625,#620,#531,.T.);
#786=EDGE_CURVE('',#624,#626,#532,.T.);
#787=EDGE_CURVE('',#627,#626,#64,.T.);
#788=EDGE_CURVE('',#628,#627,#65,.T.);
#789=EDGE_CURVE('',#625,#628,#533,.T.);
#790=EDGE_CURVE('',#623,#629,#534,.T.);
#791=EDGE_CURVE('',#629,#630,#250,.T.);
#792=EDGE_CURVE('',#630,#631,#535,.T.);
#793=EDGE_CURVE('',#631,#632,#536,.T.);
#794=EDGE_CURVE('',#632,#633,#537,.F.);
#795=EDGE_CURVE('',#633,#634,#251,.F.);
#796=EDGE_CURVE('',#635,#634,#538,.T.);
#797=EDGE_CURVE('',#635,#636,#252,.F.);
#798=EDGE_CURVE('',#637,#636,#539,.T.);
#799=EDGE_CURVE('',#637,#638,#253,.F.);
#800=EDGE_CURVE('',#638,#639,#540,.T.);
#801=EDGE_CURVE('',#640,#639,#541,.T.);
#802=EDGE_CURVE('',#640,#641,#254,.T.);
#803=EDGE_CURVE('',#642,#641,#542,.T.);
#804=EDGE_CURVE('',#642,#643,#543,.T.);
#805=EDGE_CURVE('',#644,#643,#544,.T.);
#806=EDGE_CURVE('',#644,#645,#255,.T.);
#807=EDGE_CURVE('',#646,#645,#256,.F.);
#808=EDGE_CURVE('',#647,#646,#257,.T.);
#809=EDGE_CURVE('',#648,#647,#258,.T.);
#810=EDGE_CURVE('',#649,#648,#259,.T.);
#811=EDGE_CURVE('',#626,#649,#260,.T.);
#812=EDGE_CURVE('',#650,#651,#261,.F.);
#813=EDGE_CURVE('',#651,#652,#262,.F.);
#814=EDGE_CURVE('',#652,#653,#263,.F.);
#815=EDGE_CURVE('',#653,#650,#264,.F.);
#816=EDGE_CURVE('',#654,#654,#545,.T.);
#817=EDGE_CURVE('',#655,#655,#546,.T.);
#818=EDGE_CURVE('',#656,#657,#547,.T.);
#819=EDGE_CURVE('',#657,#640,#265,.T.);
#820=EDGE_CURVE('',#639,#656,#266,.T.);
#821=EDGE_CURVE('',#658,#657,#267,.T.);
#822=EDGE_CURVE('',#641,#658,#268,.T.);
#823=EDGE_CURVE('',#658,#659,#548,.T.);
#824=EDGE_CURVE('',#659,#642,#269,.T.);
#825=EDGE_CURVE('',#643,#660,#270,.T.);
#826=EDGE_CURVE('',#660,#661,#549,.T.);
#827=EDGE_CURVE('',#661,#644,#271,.T.);
#828=EDGE_CURVE('',#660,#659,#550,.T.);
#829=EDGE_CURVE('',#662,#663,#551,.T.);
#830=EDGE_CURVE('',#663,#664,#272,.T.);
#831=EDGE_CURVE('',#664,#665,#552,.T.);
#832=EDGE_CURVE('',#665,#662,#273,.T.);
#833=EDGE_CURVE('',#666,#665,#553,.T.);
#834=EDGE_CURVE('',#666,#667,#274,.T.);
#835=EDGE_CURVE('',#662,#667,#554,.T.);
#836=EDGE_CURVE('',#664,#668,#275,.T.);
#837=EDGE_CURVE('',#669,#668,#555,.T.);
#838=EDGE_CURVE('',#669,#670,#556,.T.);
#839=EDGE_CURVE('',#671,#670,#557,.T.);
#840=EDGE_CURVE('',#671,#672,#276,.T.);
#841=EDGE_CURVE('',#673,#672,#277,.T.);
#842=EDGE_CURVE('',#673,#674,#278,.T.);
#843=EDGE_CURVE('',#675,#674,#279,.T.);
#844=EDGE_CURVE('',#675,#676,#558,.T.);
#845=EDGE_CURVE('',#677,#676,#559,.T.);
#846=EDGE_CURVE('',#678,#677,#560,.T.);
#847=EDGE_CURVE('',#678,#679,#561,.T.);
#848=EDGE_CURVE('',#679,#680,#562,.T.);
#849=EDGE_CURVE('',#680,#681,#280,.T.);
#850=EDGE_CURVE('',#681,#666,#563,.T.);
#851=EDGE_CURVE('',#682,#682,#564,.T.);
#852=EDGE_CURVE('',#683,#683,#565,.T.);
#853=EDGE_CURVE('',#676,#684,#281,.T.);
#854=EDGE_CURVE('',#684,#685,#566,.T.);
#855=EDGE_CURVE('',#685,#677,#282,.T.);
#856=EDGE_CURVE('',#685,#686,#567,.T.);
#857=EDGE_CURVE('',#686,#678,#283,.T.);
#858=EDGE_CURVE('',#668,#687,#284,.T.);
#859=EDGE_CURVE('',#687,#688,#568,.T.);
#860=EDGE_CURVE('',#688,#669,#285,.T.);
#861=EDGE_CURVE('',#687,#663,#286,.T.);
#862=EDGE_CURVE('',#689,#690,#569,.T.);
#863=EDGE_CURVE('',#690,#671,#287,.T.);
#864=EDGE_CURVE('',#670,#689,#288,.T.);
#865=EDGE_CURVE('',#691,#661,#289,.T.);
#866=EDGE_CURVE('',#692,#691,#570,.T.);
#867=EDGE_CURVE('',#693,#692,#290,.T.);
#868=EDGE_CURVE('',#672,#693,#571,.T.);
#869=EDGE_CURVE('',#694,#690,#291,.T.);
#870=EDGE_CURVE('',#645,#694,#292,.T.);
#871=EDGE_CURVE('',#695,#696,#572,.T.);
#872=EDGE_CURVE('',#696,#697,#293,.T.);
#873=EDGE_CURVE('',#697,#698,#573,.F.);
#874=EDGE_CURVE('',#698,#695,#294,.T.);
#875=EDGE_CURVE('',#699,#696,#295,.T.);
#876=EDGE_CURVE('',#700,#699,#296,.T.);
#877=EDGE_CURVE('',#697,#700,#297,.T.);
#878=EDGE_CURVE('',#695,#701,#298,.T.);
#879=EDGE_CURVE('',#702,#701,#574,.T.);
#880=EDGE_CURVE('',#702,#703,#299,.T.);
#881=EDGE_CURVE('',#704,#703,#575,.T.);
#882=EDGE_CURVE('',#704,#705,#300,.T.);
#883=EDGE_CURVE('',#699,#705,#576,.T.);
#884=EDGE_CURVE('',#701,#706,#301,.T.);
#885=EDGE_CURVE('',#706,#707,#577,.F.);
#886=EDGE_CURVE('',#707,#702,#302,.T.);
#887=EDGE_CURVE('',#708,#707,#303,.T.);
#888=EDGE_CURVE('',#703,#708,#304,.T.);
#889=EDGE_CURVE('',#708,#709,#578,.F.);
#890=EDGE_CURVE('',#709,#704,#305,.T.);
#891=EDGE_CURVE('',#705,#710,#306,.T.);
#892=EDGE_CURVE('',#710,#700,#579,.F.);
#893=EDGE_CURVE('',#710,#709,#307,.T.);
#894=EDGE_CURVE('',#706,#698,#308,.T.);
#895=EDGE_CURVE('',#711,#712,#580,.T.);
#896=EDGE_CURVE('',#712,#713,#309,.T.);
#897=EDGE_CURVE('',#713,#714,#581,.T.);
#898=EDGE_CURVE('',#714,#711,#310,.T.);
#899=EDGE_CURVE('',#715,#712,#311,.T.);
#900=EDGE_CURVE('',#716,#715,#312,.T.);
#901=EDGE_CURVE('',#716,#713,#313,.T.);
#902=EDGE_CURVE('',#717,#718,#582,.T.);
#903=EDGE_CURVE('',#718,#719,#314,.T.);
#904=EDGE_CURVE('',#719,#720,#583,.T.);
#905=EDGE_CURVE('',#720,#717,#315,.T.);
#906=EDGE_CURVE('',#721,#718,#316,.T.);
#907=EDGE_CURVE('',#721,#722,#317,.T.);
#908=EDGE_CURVE('',#722,#719,#318,.T.);
#909=EDGE_CURVE('',#715,#723,#584,.T.);
#910=EDGE_CURVE('',#723,#724,#319,.T.);
#911=EDGE_CURVE('',#724,#716,#585,.T.);
#912=EDGE_CURVE('',#720,#724,#320,.T.);
#913=EDGE_CURVE('',#717,#723,#321,.T.);
#914=EDGE_CURVE('',#674,#725,#586,.T.);
#915=EDGE_CURVE('',#726,#673,#587,.T.);
#916=EDGE_CURVE('',#727,#726,#322,.T.);
#917=EDGE_CURVE('',#728,#727,#588,.T.);
#918=EDGE_CURVE('',#729,#728,#323,.T.);
#919=EDGE_CURVE('',#649,#729,#589,.T.);
#920=EDGE_CURVE('',#730,#648,#590,.T.);
#921=EDGE_CURVE('',#730,#731,#324,.T.);
#922=EDGE_CURVE('',#732,#731,#591,.T.);
#923=EDGE_CURVE('',#732,#725,#325,.T.);
#924=EDGE_CURVE('',#733,#734,#326,.T.);
#925=EDGE_CURVE('',#735,#734,#592,.T.);
#926=EDGE_CURVE('',#735,#736,#327,.T.);
#927=EDGE_CURVE('',#737,#736,#593,.T.);
#928=EDGE_CURVE('',#737,#738,#328,.T.);
#929=EDGE_CURVE('',#739,#738,#594,.T.);
#930=EDGE_CURVE('',#739,#740,#329,.T.);
#931=EDGE_CURVE('',#733,#740,#595,.T.);
#932=EDGE_CURVE('',#741,#675,#66,.T.);
#933=EDGE_CURVE('',#725,#742,#330,.T.);
#934=EDGE_CURVE('',#742,#741,#67,.T.);
#935=EDGE_CURVE('',#742,#684,#596,.T.);
#936=EDGE_CURVE('',#693,#726,#331,.T.);
#937=EDGE_CURVE('',#727,#692,#332,.T.);
#938=EDGE_CURVE('',#691,#728,#333,.T.);
#939=EDGE_CURVE('',#734,#743,#334,.T.);
#940=EDGE_CURVE('',#743,#744,#597,.T.);
#941=EDGE_CURVE('',#744,#735,#335,.T.);
#942=EDGE_CURVE('',#745,#733,#336,.T.);
#943=EDGE_CURVE('',#743,#745,#337,.T.);
#944=EDGE_CURVE('',#740,#746,#338,.T.);
#945=EDGE_CURVE('',#746,#745,#598,.T.);
#946=EDGE_CURVE('',#747,#739,#339,.T.);
#947=EDGE_CURVE('',#746,#747,#340,.T.);
#948=EDGE_CURVE('',#738,#748,#341,.T.);
#949=EDGE_CURVE('',#748,#747,#599,.T.);
#950=EDGE_CURVE('',#749,#737,#342,.T.);
#951=EDGE_CURVE('',#748,#749,#343,.T.);
#952=EDGE_CURVE('',#736,#750,#344,.T.);
#953=EDGE_CURVE('',#750,#749,#600,.T.);
#954=EDGE_CURVE('',#750,#744,#345,.T.);
#955=EDGE_CURVE('',#751,#752,#601,.T.);
#956=EDGE_CURVE('',#752,#732,#346,.T.);
#957=EDGE_CURVE('',#731,#751,#347,.T.);
#958=EDGE_CURVE('',#667,#753,#602,.T.);
#959=EDGE_CURVE('',#753,#754,#348,.T.);
#960=EDGE_CURVE('',#754,#755,#603,.T.);
#961=EDGE_CURVE('',#755,#686,#604,.T.);
#962=EDGE_CURVE('',#756,#752,#349,.T.);
#963=EDGE_CURVE('',#756,#694,#350,.F.);
#964=EDGE_CURVE('',#689,#688,#605,.T.);
#965=EDGE_CURVE('',#757,#757,#606,.T.);
#966=EDGE_CURVE('',#758,#758,#607,.T.);
#967=EDGE_CURVE('',#647,#759,#608,.T.);
#968=EDGE_CURVE('',#759,#730,#351,.T.);
#969=EDGE_CURVE('',#751,#759,#352,.T.);
#970=EDGE_CURVE('',#729,#628,#353,.T.);
#971=EDGE_CURVE('',#652,#760,#354,.T.);
#972=EDGE_CURVE('',#760,#761,#355,.F.);
#973=EDGE_CURVE('',#653,#761,#356,.T.);
#974=EDGE_CURVE('',#761,#762,#357,.F.);
#975=EDGE_CURVE('',#650,#762,#358,.F.);
#976=EDGE_CURVE('',#762,#763,#359,.F.);
#977=EDGE_CURVE('',#651,#763,#360,.F.);
#978=EDGE_CURVE('',#763,#760,#361,.F.);
#979=EDGE_CURVE('',#714,#722,#362,.T.);
#980=EDGE_CURVE('',#711,#721,#363,.T.);
#981=EDGE_CURVE('',#764,#765,#609,.T.);
#982=EDGE_CURVE('',#765,#635,#364,.T.);
#983=EDGE_CURVE('',#634,#764,#365,.T.);
#984=EDGE_CURVE('',#766,#765,#366,.T.);
#985=EDGE_CURVE('',#636,#766,#367,.T.);
#986=EDGE_CURVE('',#766,#767,#610,.T.);
#987=EDGE_CURVE('',#767,#637,#368,.T.);
#988=EDGE_CURVE('',#768,#767,#369,.T.);
#989=EDGE_CURVE('',#638,#768,#370,.T.);
#990=EDGE_CURVE('',#769,#633,#371,.T.);
#991=EDGE_CURVE('',#764,#769,#372,.T.);
#992=EDGE_CURVE('',#770,#632,#373,.T.);
#993=EDGE_CURVE('',#769,#770,#611,.T.);
#994=EDGE_CURVE('',#656,#768,#612,.T.);
#995=EDGE_CURVE('',#770,#771,#613,.T.);
#996=EDGE_CURVE('',#771,#772,#614,.T.);
#997=EDGE_CURVE('',#772,#773,#374,.T.);
#998=EDGE_CURVE('',#773,#622,#615,.T.);
#999=EDGE_CURVE('',#774,#774,#616,.T.);
#1000=EDGE_CURVE('',#775,#775,#617,.T.);
#1001=EDGE_CURVE('',#631,#771,#375,.T.);
#1002=EDGE_CURVE('',#646,#756,#376,.T.);
#1003=EDGE_CURVE('',#757,#683,#377,.T.);
#1004=EDGE_CURVE('',#775,#655,#378,.T.);
#1005=EDGE_CURVE('',#758,#682,#379,.T.);
#1006=EDGE_CURVE('',#774,#654,#380,.T.);
#1007=EDGE_CURVE('',#630,#772,#381,.T.);
#1008=EDGE_CURVE('',#629,#773,#382,.T.);
#1009=EDGE_CURVE('',#681,#753,#383,.T.);
#1010=EDGE_CURVE('',#680,#754,#384,.T.);
#1011=EDGE_CURVE('',#679,#755,#385,.T.);
#1012=ORIENTED_EDGE('',*,*,#776,.F.);
#1013=ORIENTED_EDGE('',*,*,#777,.T.);
#1014=ORIENTED_EDGE('',*,*,#778,.T.);
#1015=ORIENTED_EDGE('',*,*,#779,.T.);
#1016=ORIENTED_EDGE('',*,*,#779,.F.);
#1017=ORIENTED_EDGE('',*,*,#780,.F.);
#1018=ORIENTED_EDGE('',*,*,#781,.F.);
#1019=ORIENTED_EDGE('',*,*,#782,.F.);
#1020=ORIENTED_EDGE('',*,*,#777,.F.);
#1021=ORIENTED_EDGE('',*,*,#783,.T.);
#1022=ORIENTED_EDGE('',*,*,#784,.T.);
#1023=ORIENTED_EDGE('',*,*,#785,.T.);
#1024=ORIENTED_EDGE('',*,*,#784,.F.);
#1025=ORIENTED_EDGE('',*,*,#786,.T.);
#1026=ORIENTED_EDGE('',*,*,#787,.F.);
#1027=ORIENTED_EDGE('',*,*,#788,.F.);
#1028=ORIENTED_EDGE('',*,*,#789,.F.);
#1029=ORIENTED_EDGE('',*,*,#776,.T.);
#1030=ORIENTED_EDGE('',*,*,#782,.T.);
#1031=ORIENTED_EDGE('',*,*,#790,.T.);
#1032=ORIENTED_EDGE('',*,*,#791,.T.);
#1033=ORIENTED_EDGE('',*,*,#792,.T.);
#1034=ORIENTED_EDGE('',*,*,#793,.T.);
#1035=ORIENTED_EDGE('',*,*,#794,.T.);
#1036=ORIENTED_EDGE('',*,*,#795,.T.);
#1037=ORIENTED_EDGE('',*,*,#796,.F.);
#1038=ORIENTED_EDGE('',*,*,#797,.T.);
#1039=ORIENTED_EDGE('',*,*,#798,.F.);
#1040=ORIENTED_EDGE('',*,*,#799,.T.);
#1041=ORIENTED_EDGE('',*,*,#800,.T.);
#1042=ORIENTED_EDGE('',*,*,#801,.F.);
#1043=ORIENTED_EDGE('',*,*,#802,.T.);
#1044=ORIENTED_EDGE('',*,*,#803,.F.);
#1045=ORIENTED_EDGE('',*,*,#804,.T.);
#1046=ORIENTED_EDGE('',*,*,#805,.F.);
#1047=ORIENTED_EDGE('',*,*,#806,.T.);
#1048=ORIENTED_EDGE('',*,*,#807,.F.);
#1049=ORIENTED_EDGE('',*,*,#808,.F.);
#1050=ORIENTED_EDGE('',*,*,#809,.F.);
#1051=ORIENTED_EDGE('',*,*,#810,.F.);
#1052=ORIENTED_EDGE('',*,*,#811,.F.);
#1053=ORIENTED_EDGE('',*,*,#786,.F.);
#1054=ORIENTED_EDGE('',*,*,#783,.F.);
#1055=ORIENTED_EDGE('',*,*,#812,.T.);
#1056=ORIENTED_EDGE('',*,*,#813,.T.);
#1057=ORIENTED_EDGE('',*,*,#814,.T.);
#1058=ORIENTED_EDGE('',*,*,#815,.T.);
#1059=ORIENTED_EDGE('',*,*,#816,.T.);
#1060=ORIENTED_EDGE('',*,*,#817,.T.);
#1061=ORIENTED_EDGE('',*,*,#818,.T.);
#1062=ORIENTED_EDGE('',*,*,#819,.T.);
#1063=ORIENTED_EDGE('',*,*,#801,.T.);
#1064=ORIENTED_EDGE('',*,*,#820,.T.);
#1065=ORIENTED_EDGE('',*,*,#819,.F.);
#1066=ORIENTED_EDGE('',*,*,#821,.F.);
#1067=ORIENTED_EDGE('',*,*,#822,.F.);
#1068=ORIENTED_EDGE('',*,*,#802,.F.);
#1069=ORIENTED_EDGE('',*,*,#803,.T.);
#1070=ORIENTED_EDGE('',*,*,#822,.T.);
#1071=ORIENTED_EDGE('',*,*,#823,.T.);
#1072=ORIENTED_EDGE('',*,*,#824,.T.);
#1073=ORIENTED_EDGE('',*,*,#805,.T.);
#1074=ORIENTED_EDGE('',*,*,#825,.T.);
#1075=ORIENTED_EDGE('',*,*,#826,.T.);
#1076=ORIENTED_EDGE('',*,*,#827,.T.);
#1077=ORIENTED_EDGE('',*,*,#824,.F.);
#1078=ORIENTED_EDGE('',*,*,#828,.F.);
#1079=ORIENTED_EDGE('',*,*,#825,.F.);
#1080=ORIENTED_EDGE('',*,*,#804,.F.);
#1081=ORIENTED_EDGE('',*,*,#829,.T.);
#1082=ORIENTED_EDGE('',*,*,#830,.T.);
#1083=ORIENTED_EDGE('',*,*,#831,.T.);
#1084=ORIENTED_EDGE('',*,*,#832,.T.);
#1085=ORIENTED_EDGE('',*,*,#832,.F.);
#1086=ORIENTED_EDGE('',*,*,#833,.F.);
#1087=ORIENTED_EDGE('',*,*,#834,.T.);
#1088=ORIENTED_EDGE('',*,*,#835,.F.);
#1089=ORIENTED_EDGE('',*,*,#831,.F.);
#1090=ORIENTED_EDGE('',*,*,#836,.T.);
#1091=ORIENTED_EDGE('',*,*,#837,.F.);
#1092=ORIENTED_EDGE('',*,*,#838,.T.);
#1093=ORIENTED_EDGE('',*,*,#839,.F.);
#1094=ORIENTED_EDGE('',*,*,#840,.T.);
#1095=ORIENTED_EDGE('',*,*,#841,.F.);
#1096=ORIENTED_EDGE('',*,*,#842,.T.);
#1097=ORIENTED_EDGE('',*,*,#843,.F.);
#1098=ORIENTED_EDGE('',*,*,#844,.T.);
#1099=ORIENTED_EDGE('',*,*,#845,.F.);
#1100=ORIENTED_EDGE('',*,*,#846,.F.);
#1101=ORIENTED_EDGE('',*,*,#847,.T.);
#1102=ORIENTED_EDGE('',*,*,#848,.T.);
#1103=ORIENTED_EDGE('',*,*,#849,.T.);
#1104=ORIENTED_EDGE('',*,*,#850,.T.);
#1105=ORIENTED_EDGE('',*,*,#833,.T.);
#1106=ORIENTED_EDGE('',*,*,#851,.T.);
#1107=ORIENTED_EDGE('',*,*,#852,.T.);
#1108=ORIENTED_EDGE('',*,*,#845,.T.);
#1109=ORIENTED_EDGE('',*,*,#853,.T.);
#1110=ORIENTED_EDGE('',*,*,#854,.T.);
#1111=ORIENTED_EDGE('',*,*,#855,.T.);
#1112=ORIENTED_EDGE('',*,*,#855,.F.);
#1113=ORIENTED_EDGE('',*,*,#856,.T.);
#1114=ORIENTED_EDGE('',*,*,#857,.T.);
#1115=ORIENTED_EDGE('',*,*,#846,.T.);
#1116=ORIENTED_EDGE('',*,*,#837,.T.);
#1117=ORIENTED_EDGE('',*,*,#858,.T.);
#1118=ORIENTED_EDGE('',*,*,#859,.T.);
#1119=ORIENTED_EDGE('',*,*,#860,.T.);
#1120=ORIENTED_EDGE('',*,*,#830,.F.);
#1121=ORIENTED_EDGE('',*,*,#861,.F.);
#1122=ORIENTED_EDGE('',*,*,#858,.F.);
#1123=ORIENTED_EDGE('',*,*,#836,.F.);
#1124=ORIENTED_EDGE('',*,*,#862,.T.);
#1125=ORIENTED_EDGE('',*,*,#863,.T.);
#1126=ORIENTED_EDGE('',*,*,#839,.T.);
#1127=ORIENTED_EDGE('',*,*,#864,.T.);
#1128=ORIENTED_EDGE('',*,*,#827,.F.);
#1129=ORIENTED_EDGE('',*,*,#865,.F.);
#1130=ORIENTED_EDGE('',*,*,#866,.F.);
#1131=ORIENTED_EDGE('',*,*,#867,.F.);
#1132=ORIENTED_EDGE('',*,*,#868,.F.);
#1133=ORIENTED_EDGE('',*,*,#840,.F.);
#1134=ORIENTED_EDGE('',*,*,#863,.F.);
#1135=ORIENTED_EDGE('',*,*,#869,.F.);
#1136=ORIENTED_EDGE('',*,*,#870,.F.);
#1137=ORIENTED_EDGE('',*,*,#806,.F.);
#1138=ORIENTED_EDGE('',*,*,#871,.T.);
#1139=ORIENTED_EDGE('',*,*,#872,.T.);
#1140=ORIENTED_EDGE('',*,*,#873,.T.);
#1141=ORIENTED_EDGE('',*,*,#874,.T.);
#1142=ORIENTED_EDGE('',*,*,#872,.F.);
#1143=ORIENTED_EDGE('',*,*,#875,.F.);
#1144=ORIENTED_EDGE('',*,*,#876,.F.);
#1145=ORIENTED_EDGE('',*,*,#877,.F.);
#1146=ORIENTED_EDGE('',*,*,#871,.F.);
#1147=ORIENTED_EDGE('',*,*,#878,.T.);
#1148=ORIENTED_EDGE('',*,*,#879,.F.);
#1149=ORIENTED_EDGE('',*,*,#880,.T.);
#1150=ORIENTED_EDGE('',*,*,#881,.F.);
#1151=ORIENTED_EDGE('',*,*,#882,.T.);
#1152=ORIENTED_EDGE('',*,*,#883,.F.);
#1153=ORIENTED_EDGE('',*,*,#875,.T.);
#1154=ORIENTED_EDGE('',*,*,#879,.T.);
#1155=ORIENTED_EDGE('',*,*,#884,.T.);
#1156=ORIENTED_EDGE('',*,*,#885,.T.);
#1157=ORIENTED_EDGE('',*,*,#886,.T.);
#1158=ORIENTED_EDGE('',*,*,#886,.F.);
#1159=ORIENTED_EDGE('',*,*,#887,.F.);
#1160=ORIENTED_EDGE('',*,*,#888,.F.);
#1161=ORIENTED_EDGE('',*,*,#880,.F.);
#1162=ORIENTED_EDGE('',*,*,#881,.T.);
#1163=ORIENTED_EDGE('',*,*,#888,.T.);
#1164=ORIENTED_EDGE('',*,*,#889,.T.);
#1165=ORIENTED_EDGE('',*,*,#890,.T.);
#1166=ORIENTED_EDGE('',*,*,#883,.T.);
#1167=ORIENTED_EDGE('',*,*,#891,.T.);
#1168=ORIENTED_EDGE('',*,*,#892,.T.);
#1169=ORIENTED_EDGE('',*,*,#876,.T.);
#1170=ORIENTED_EDGE('',*,*,#890,.F.);
#1171=ORIENTED_EDGE('',*,*,#893,.F.);
#1172=ORIENTED_EDGE('',*,*,#891,.F.);
#1173=ORIENTED_EDGE('',*,*,#882,.F.);
#1174=ORIENTED_EDGE('',*,*,#874,.F.);
#1175=ORIENTED_EDGE('',*,*,#894,.F.);
#1176=ORIENTED_EDGE('',*,*,#884,.F.);
#1177=ORIENTED_EDGE('',*,*,#878,.F.);
#1178=ORIENTED_EDGE('',*,*,#895,.T.);
#1179=ORIENTED_EDGE('',*,*,#896,.T.);
#1180=ORIENTED_EDGE('',*,*,#897,.T.);
#1181=ORIENTED_EDGE('',*,*,#898,.T.);
#1182=ORIENTED_EDGE('',*,*,#896,.F.);
#1183=ORIENTED_EDGE('',*,*,#899,.F.);
#1184=ORIENTED_EDGE('',*,*,#900,.F.);
#1185=ORIENTED_EDGE('',*,*,#901,.T.);
#1186=ORIENTED_EDGE('',*,*,#902,.T.);
#1187=ORIENTED_EDGE('',*,*,#903,.T.);
#1188=ORIENTED_EDGE('',*,*,#904,.T.);
#1189=ORIENTED_EDGE('',*,*,#905,.T.);
#1190=ORIENTED_EDGE('',*,*,#903,.F.);
#1191=ORIENTED_EDGE('',*,*,#906,.F.);
#1192=ORIENTED_EDGE('',*,*,#907,.T.);
#1193=ORIENTED_EDGE('',*,*,#908,.T.);
#1194=ORIENTED_EDGE('',*,*,#909,.T.);
#1195=ORIENTED_EDGE('',*,*,#910,.T.);
#1196=ORIENTED_EDGE('',*,*,#911,.T.);
#1197=ORIENTED_EDGE('',*,*,#900,.T.);
#1198=ORIENTED_EDGE('',*,*,#905,.F.);
#1199=ORIENTED_EDGE('',*,*,#912,.T.);
#1200=ORIENTED_EDGE('',*,*,#910,.F.);
#1201=ORIENTED_EDGE('',*,*,#913,.F.);
#1202=ORIENTED_EDGE('',*,*,#914,.F.);
#1203=ORIENTED_EDGE('',*,*,#842,.F.);
#1204=ORIENTED_EDGE('',*,*,#915,.F.);
#1205=ORIENTED_EDGE('',*,*,#916,.F.);
#1206=ORIENTED_EDGE('',*,*,#917,.F.);
#1207=ORIENTED_EDGE('',*,*,#918,.F.);
#1208=ORIENTED_EDGE('',*,*,#919,.F.);
#1209=ORIENTED_EDGE('',*,*,#810,.T.);
#1210=ORIENTED_EDGE('',*,*,#920,.F.);
#1211=ORIENTED_EDGE('',*,*,#921,.T.);
#1212=ORIENTED_EDGE('',*,*,#922,.F.);
#1213=ORIENTED_EDGE('',*,*,#923,.T.);
#1214=ORIENTED_EDGE('',*,*,#924,.T.);
#1215=ORIENTED_EDGE('',*,*,#925,.F.);
#1216=ORIENTED_EDGE('',*,*,#926,.T.);
#1217=ORIENTED_EDGE('',*,*,#927,.F.);
#1218=ORIENTED_EDGE('',*,*,#928,.T.);
#1219=ORIENTED_EDGE('',*,*,#929,.F.);
#1220=ORIENTED_EDGE('',*,*,#930,.T.);
#1221=ORIENTED_EDGE('',*,*,#931,.F.);
#1222=ORIENTED_EDGE('',*,*,#932,.T.);
#1223=ORIENTED_EDGE('',*,*,#843,.T.);
#1224=ORIENTED_EDGE('',*,*,#914,.T.);
#1225=ORIENTED_EDGE('',*,*,#933,.T.);
#1226=ORIENTED_EDGE('',*,*,#934,.T.);
#1227=ORIENTED_EDGE('',*,*,#853,.F.);
#1228=ORIENTED_EDGE('',*,*,#844,.F.);
#1229=ORIENTED_EDGE('',*,*,#932,.F.);
#1230=ORIENTED_EDGE('',*,*,#934,.F.);
#1231=ORIENTED_EDGE('',*,*,#935,.T.);
#1232=ORIENTED_EDGE('',*,*,#868,.T.);
#1233=ORIENTED_EDGE('',*,*,#936,.T.);
#1234=ORIENTED_EDGE('',*,*,#915,.T.);
#1235=ORIENTED_EDGE('',*,*,#841,.T.);
#1236=ORIENTED_EDGE('',*,*,#936,.F.);
#1237=ORIENTED_EDGE('',*,*,#867,.T.);
#1238=ORIENTED_EDGE('',*,*,#937,.F.);
#1239=ORIENTED_EDGE('',*,*,#916,.T.);
#1240=ORIENTED_EDGE('',*,*,#866,.T.);
#1241=ORIENTED_EDGE('',*,*,#938,.T.);
#1242=ORIENTED_EDGE('',*,*,#917,.T.);
#1243=ORIENTED_EDGE('',*,*,#937,.T.);
#1244=ORIENTED_EDGE('',*,*,#925,.T.);
#1245=ORIENTED_EDGE('',*,*,#939,.T.);
#1246=ORIENTED_EDGE('',*,*,#940,.T.);
#1247=ORIENTED_EDGE('',*,*,#941,.T.);
#1248=ORIENTED_EDGE('',*,*,#939,.F.);
#1249=ORIENTED_EDGE('',*,*,#924,.F.);
#1250=ORIENTED_EDGE('',*,*,#942,.F.);
#1251=ORIENTED_EDGE('',*,*,#943,.F.);
#1252=ORIENTED_EDGE('',*,*,#931,.T.);
#1253=ORIENTED_EDGE('',*,*,#944,.T.);
#1254=ORIENTED_EDGE('',*,*,#945,.T.);
#1255=ORIENTED_EDGE('',*,*,#942,.T.);
#1256=ORIENTED_EDGE('',*,*,#944,.F.);
#1257=ORIENTED_EDGE('',*,*,#930,.F.);
#1258=ORIENTED_EDGE('',*,*,#946,.F.);
#1259=ORIENTED_EDGE('',*,*,#947,.F.);
#1260=ORIENTED_EDGE('',*,*,#929,.T.);
#1261=ORIENTED_EDGE('',*,*,#948,.T.);
#1262=ORIENTED_EDGE('',*,*,#949,.T.);
#1263=ORIENTED_EDGE('',*,*,#946,.T.);
#1264=ORIENTED_EDGE('',*,*,#948,.F.);
#1265=ORIENTED_EDGE('',*,*,#928,.F.);
#1266=ORIENTED_EDGE('',*,*,#950,.F.);
#1267=ORIENTED_EDGE('',*,*,#951,.F.);
#1268=ORIENTED_EDGE('',*,*,#927,.T.);
#1269=ORIENTED_EDGE('',*,*,#952,.T.);
#1270=ORIENTED_EDGE('',*,*,#953,.T.);
#1271=ORIENTED_EDGE('',*,*,#950,.T.);
#1272=ORIENTED_EDGE('',*,*,#941,.F.);
#1273=ORIENTED_EDGE('',*,*,#954,.F.);
#1274=ORIENTED_EDGE('',*,*,#952,.F.);
#1275=ORIENTED_EDGE('',*,*,#926,.F.);
#1276=ORIENTED_EDGE('',*,*,#955,.T.);
#1277=ORIENTED_EDGE('',*,*,#956,.T.);
#1278=ORIENTED_EDGE('',*,*,#922,.T.);
#1279=ORIENTED_EDGE('',*,*,#957,.T.);
#1280=ORIENTED_EDGE('',*,*,#829,.F.);
#1281=ORIENTED_EDGE('',*,*,#835,.T.);
#1282=ORIENTED_EDGE('',*,*,#958,.T.);
#1283=ORIENTED_EDGE('',*,*,#959,.T.);
#1284=ORIENTED_EDGE('',*,*,#960,.T.);
#1285=ORIENTED_EDGE('',*,*,#961,.T.);
#1286=ORIENTED_EDGE('',*,*,#856,.F.);
#1287=ORIENTED_EDGE('',*,*,#854,.F.);
#1288=ORIENTED_EDGE('',*,*,#935,.F.);
#1289=ORIENTED_EDGE('',*,*,#933,.F.);
#1290=ORIENTED_EDGE('',*,*,#923,.F.);
#1291=ORIENTED_EDGE('',*,*,#956,.F.);
#1292=ORIENTED_EDGE('',*,*,#962,.F.);
#1293=ORIENTED_EDGE('',*,*,#963,.T.);
#1294=ORIENTED_EDGE('',*,*,#869,.T.);
#1295=ORIENTED_EDGE('',*,*,#862,.F.);
#1296=ORIENTED_EDGE('',*,*,#964,.T.);
#1297=ORIENTED_EDGE('',*,*,#859,.F.);
#1298=ORIENTED_EDGE('',*,*,#861,.T.);
#1299=ORIENTED_EDGE('',*,*,#965,.T.);
#1300=ORIENTED_EDGE('',*,*,#966,.T.);
#1301=ORIENTED_EDGE('',*,*,#967,.T.);
#1302=ORIENTED_EDGE('',*,*,#968,.T.);
#1303=ORIENTED_EDGE('',*,*,#920,.T.);
#1304=ORIENTED_EDGE('',*,*,#809,.T.);
#1305=ORIENTED_EDGE('',*,*,#957,.F.);
#1306=ORIENTED_EDGE('',*,*,#921,.F.);
#1307=ORIENTED_EDGE('',*,*,#968,.F.);
#1308=ORIENTED_EDGE('',*,*,#969,.F.);
#1309=ORIENTED_EDGE('',*,*,#788,.T.);
#1310=ORIENTED_EDGE('',*,*,#787,.T.);
#1311=ORIENTED_EDGE('',*,*,#811,.T.);
#1312=ORIENTED_EDGE('',*,*,#919,.T.);
#1313=ORIENTED_EDGE('',*,*,#970,.T.);
#1314=ORIENTED_EDGE('',*,*,#814,.F.);
#1315=ORIENTED_EDGE('',*,*,#971,.T.);
#1316=ORIENTED_EDGE('',*,*,#972,.T.);
#1317=ORIENTED_EDGE('',*,*,#973,.F.);
#1318=ORIENTED_EDGE('',*,*,#815,.F.);
#1319=ORIENTED_EDGE('',*,*,#973,.T.);
#1320=ORIENTED_EDGE('',*,*,#974,.T.);
#1321=ORIENTED_EDGE('',*,*,#975,.F.);
#1322=ORIENTED_EDGE('',*,*,#812,.F.);
#1323=ORIENTED_EDGE('',*,*,#975,.T.);
#1324=ORIENTED_EDGE('',*,*,#976,.T.);
#1325=ORIENTED_EDGE('',*,*,#977,.F.);
#1326=ORIENTED_EDGE('',*,*,#813,.F.);
#1327=ORIENTED_EDGE('',*,*,#977,.T.);
#1328=ORIENTED_EDGE('',*,*,#978,.T.);
#1329=ORIENTED_EDGE('',*,*,#971,.F.);
#1330=ORIENTED_EDGE('',*,*,#978,.F.);
#1331=ORIENTED_EDGE('',*,*,#976,.F.);
#1332=ORIENTED_EDGE('',*,*,#974,.F.);
#1333=ORIENTED_EDGE('',*,*,#972,.F.);
#1334=ORIENTED_EDGE('',*,*,#908,.F.);
#1335=ORIENTED_EDGE('',*,*,#979,.F.);
#1336=ORIENTED_EDGE('',*,*,#897,.F.);
#1337=ORIENTED_EDGE('',*,*,#901,.F.);
#1338=ORIENTED_EDGE('',*,*,#911,.F.);
#1339=ORIENTED_EDGE('',*,*,#912,.F.);
#1340=ORIENTED_EDGE('',*,*,#904,.F.);
#1341=ORIENTED_EDGE('',*,*,#898,.F.);
#1342=ORIENTED_EDGE('',*,*,#979,.T.);
#1343=ORIENTED_EDGE('',*,*,#907,.F.);
#1344=ORIENTED_EDGE('',*,*,#980,.F.);
#1345=ORIENTED_EDGE('',*,*,#981,.T.);
#1346=ORIENTED_EDGE('',*,*,#982,.T.);
#1347=ORIENTED_EDGE('',*,*,#796,.T.);
#1348=ORIENTED_EDGE('',*,*,#983,.T.);
#1349=ORIENTED_EDGE('',*,*,#982,.F.);
#1350=ORIENTED_EDGE('',*,*,#984,.F.);
#1351=ORIENTED_EDGE('',*,*,#985,.F.);
#1352=ORIENTED_EDGE('',*,*,#797,.F.);
#1353=ORIENTED_EDGE('',*,*,#798,.T.);
#1354=ORIENTED_EDGE('',*,*,#985,.T.);
#1355=ORIENTED_EDGE('',*,*,#986,.T.);
#1356=ORIENTED_EDGE('',*,*,#987,.T.);
#1357=ORIENTED_EDGE('',*,*,#987,.F.);
#1358=ORIENTED_EDGE('',*,*,#988,.F.);
#1359=ORIENTED_EDGE('',*,*,#989,.F.);
#1360=ORIENTED_EDGE('',*,*,#799,.F.);
#1361=ORIENTED_EDGE('',*,*,#983,.F.);
#1362=ORIENTED_EDGE('',*,*,#795,.F.);
#1363=ORIENTED_EDGE('',*,*,#990,.F.);
#1364=ORIENTED_EDGE('',*,*,#991,.F.);
#1365=ORIENTED_EDGE('',*,*,#992,.F.);
#1366=ORIENTED_EDGE('',*,*,#993,.F.);
#1367=ORIENTED_EDGE('',*,*,#990,.T.);
#1368=ORIENTED_EDGE('',*,*,#794,.F.);
#1369=ORIENTED_EDGE('',*,*,#785,.F.);
#1370=ORIENTED_EDGE('',*,*,#789,.T.);
#1371=ORIENTED_EDGE('',*,*,#970,.F.);
#1372=ORIENTED_EDGE('',*,*,#918,.T.);
#1373=ORIENTED_EDGE('',*,*,#938,.F.);
#1374=ORIENTED_EDGE('',*,*,#865,.T.);
#1375=ORIENTED_EDGE('',*,*,#826,.F.);
#1376=ORIENTED_EDGE('',*,*,#828,.T.);
#1377=ORIENTED_EDGE('',*,*,#823,.F.);
#1378=ORIENTED_EDGE('',*,*,#821,.T.);
#1379=ORIENTED_EDGE('',*,*,#818,.F.);
#1380=ORIENTED_EDGE('',*,*,#994,.T.);
#1381=ORIENTED_EDGE('',*,*,#988,.T.);
#1382=ORIENTED_EDGE('',*,*,#986,.F.);
#1383=ORIENTED_EDGE('',*,*,#984,.T.);
#1384=ORIENTED_EDGE('',*,*,#981,.F.);
#1385=ORIENTED_EDGE('',*,*,#991,.T.);
#1386=ORIENTED_EDGE('',*,*,#993,.T.);
#1387=ORIENTED_EDGE('',*,*,#995,.T.);
#1388=ORIENTED_EDGE('',*,*,#996,.T.);
#1389=ORIENTED_EDGE('',*,*,#997,.T.);
#1390=ORIENTED_EDGE('',*,*,#998,.T.);
#1391=ORIENTED_EDGE('',*,*,#780,.T.);
#1392=ORIENTED_EDGE('',*,*,#778,.F.);
#1393=ORIENTED_EDGE('',*,*,#913,.T.);
#1394=ORIENTED_EDGE('',*,*,#909,.F.);
#1395=ORIENTED_EDGE('',*,*,#899,.T.);
#1396=ORIENTED_EDGE('',*,*,#895,.F.);
#1397=ORIENTED_EDGE('',*,*,#980,.T.);
#1398=ORIENTED_EDGE('',*,*,#906,.T.);
#1399=ORIENTED_EDGE('',*,*,#902,.F.);
#1400=ORIENTED_EDGE('',*,*,#999,.T.);
#1401=ORIENTED_EDGE('',*,*,#1000,.T.);
#1402=ORIENTED_EDGE('',*,*,#992,.T.);
#1403=ORIENTED_EDGE('',*,*,#793,.F.);
#1404=ORIENTED_EDGE('',*,*,#1001,.T.);
#1405=ORIENTED_EDGE('',*,*,#995,.F.);
#1406=ORIENTED_EDGE('',*,*,#969,.T.);
#1407=ORIENTED_EDGE('',*,*,#967,.F.);
#1408=ORIENTED_EDGE('',*,*,#808,.T.);
#1409=ORIENTED_EDGE('',*,*,#1002,.T.);
#1410=ORIENTED_EDGE('',*,*,#962,.T.);
#1411=ORIENTED_EDGE('',*,*,#955,.F.);
#1412=ORIENTED_EDGE('',*,*,#893,.T.);
#1413=ORIENTED_EDGE('',*,*,#889,.F.);
#1414=ORIENTED_EDGE('',*,*,#887,.T.);
#1415=ORIENTED_EDGE('',*,*,#885,.F.);
#1416=ORIENTED_EDGE('',*,*,#894,.T.);
#1417=ORIENTED_EDGE('',*,*,#873,.F.);
#1418=ORIENTED_EDGE('',*,*,#877,.T.);
#1419=ORIENTED_EDGE('',*,*,#892,.F.);
#1420=ORIENTED_EDGE('',*,*,#943,.T.);
#1421=ORIENTED_EDGE('',*,*,#945,.F.);
#1422=ORIENTED_EDGE('',*,*,#947,.T.);
#1423=ORIENTED_EDGE('',*,*,#949,.F.);
#1424=ORIENTED_EDGE('',*,*,#951,.T.);
#1425=ORIENTED_EDGE('',*,*,#953,.F.);
#1426=ORIENTED_EDGE('',*,*,#954,.T.);
#1427=ORIENTED_EDGE('',*,*,#940,.F.);
#1428=ORIENTED_EDGE('',*,*,#965,.F.);
#1429=ORIENTED_EDGE('',*,*,#1003,.T.);
#1430=ORIENTED_EDGE('',*,*,#852,.F.);
#1431=ORIENTED_EDGE('',*,*,#1003,.F.);
#1432=ORIENTED_EDGE('',*,*,#1000,.F.);
#1433=ORIENTED_EDGE('',*,*,#1004,.T.);
#1434=ORIENTED_EDGE('',*,*,#817,.F.);
#1435=ORIENTED_EDGE('',*,*,#1004,.F.);
#1436=ORIENTED_EDGE('',*,*,#966,.F.);
#1437=ORIENTED_EDGE('',*,*,#1005,.T.);
#1438=ORIENTED_EDGE('',*,*,#851,.F.);
#1439=ORIENTED_EDGE('',*,*,#1005,.F.);
#1440=ORIENTED_EDGE('',*,*,#999,.F.);
#1441=ORIENTED_EDGE('',*,*,#1006,.T.);
#1442=ORIENTED_EDGE('',*,*,#816,.F.);
#1443=ORIENTED_EDGE('',*,*,#1006,.F.);
#1444=ORIENTED_EDGE('',*,*,#820,.F.);
#1445=ORIENTED_EDGE('',*,*,#800,.F.);
#1446=ORIENTED_EDGE('',*,*,#989,.T.);
#1447=ORIENTED_EDGE('',*,*,#994,.F.);
#1448=ORIENTED_EDGE('',*,*,#792,.F.);
#1449=ORIENTED_EDGE('',*,*,#1007,.T.);
#1450=ORIENTED_EDGE('',*,*,#996,.F.);
#1451=ORIENTED_EDGE('',*,*,#1001,.F.);
#1452=ORIENTED_EDGE('',*,*,#791,.F.);
#1453=ORIENTED_EDGE('',*,*,#1008,.T.);
#1454=ORIENTED_EDGE('',*,*,#997,.F.);
#1455=ORIENTED_EDGE('',*,*,#1007,.F.);
#1456=ORIENTED_EDGE('',*,*,#790,.F.);
#1457=ORIENTED_EDGE('',*,*,#781,.T.);
#1458=ORIENTED_EDGE('',*,*,#998,.F.);
#1459=ORIENTED_EDGE('',*,*,#1008,.F.);
#1460=ORIENTED_EDGE('',*,*,#860,.F.);
#1461=ORIENTED_EDGE('',*,*,#964,.F.);
#1462=ORIENTED_EDGE('',*,*,#864,.F.);
#1463=ORIENTED_EDGE('',*,*,#838,.F.);
#1464=ORIENTED_EDGE('',*,*,#958,.F.);
#1465=ORIENTED_EDGE('',*,*,#834,.F.);
#1466=ORIENTED_EDGE('',*,*,#850,.F.);
#1467=ORIENTED_EDGE('',*,*,#1009,.T.);
#1468=ORIENTED_EDGE('',*,*,#959,.F.);
#1469=ORIENTED_EDGE('',*,*,#1009,.F.);
#1470=ORIENTED_EDGE('',*,*,#849,.F.);
#1471=ORIENTED_EDGE('',*,*,#1010,.T.);
#1472=ORIENTED_EDGE('',*,*,#960,.F.);
#1473=ORIENTED_EDGE('',*,*,#1010,.F.);
#1474=ORIENTED_EDGE('',*,*,#848,.F.);
#1475=ORIENTED_EDGE('',*,*,#1011,.T.);
#1476=ORIENTED_EDGE('',*,*,#857,.F.);
#1477=ORIENTED_EDGE('',*,*,#961,.F.);
#1478=ORIENTED_EDGE('',*,*,#1011,.F.);
#1479=ORIENTED_EDGE('',*,*,#847,.F.);
#1480=ORIENTED_EDGE('',*,*,#870,.T.);
#1481=ORIENTED_EDGE('',*,*,#963,.F.);
#1482=ORIENTED_EDGE('',*,*,#1002,.F.);
#1483=ORIENTED_EDGE('',*,*,#807,.T.);
#1484=CYLINDRICAL_SURFACE('',#1627,3.00000000000001);
#1485=CYLINDRICAL_SURFACE('',#1630,5.49999973297166);
#1486=CYLINDRICAL_SURFACE('',#1633,3.);
#1487=CYLINDRICAL_SURFACE('',#1636,5.49999973297091);
#1488=CYLINDRICAL_SURFACE('',#1653,3.);
#1489=CYLINDRICAL_SURFACE('',#1656,3.);
#1490=CYLINDRICAL_SURFACE('',#1658,3.);
#1491=CYLINDRICAL_SURFACE('',#1660,5.49999973297166);
#1492=CYLINDRICAL_SURFACE('',#1662,3.);
#1493=CYLINDRICAL_SURFACE('',#1665,5.49999973297166);
#1494=CYLINDRICAL_SURFACE('',#1680,3.);
#1495=CYLINDRICAL_SURFACE('',#1682,3.);
#1496=CYLINDRICAL_SURFACE('',#1684,3.);
#1497=CYLINDRICAL_SURFACE('',#1687,3.);
#1498=CYLINDRICAL_SURFACE('',#1692,0.625);
#1499=CYLINDRICAL_SURFACE('',#1700,0.625);
#1500=CYLINDRICAL_SURFACE('',#1703,0.625);
#1501=CYLINDRICAL_SURFACE('',#1705,0.625);
#1502=CYLINDRICAL_SURFACE('',#1709,1.);
#1503=CYLINDRICAL_SURFACE('',#1713,1.);
#1504=CYLINDRICAL_SURFACE('',#1717,1.);
#1505=CYLINDRICAL_SURFACE('',#1732,1.);
#1506=CYLINDRICAL_SURFACE('',#1733,5.49999973297091);
#1507=CYLINDRICAL_SURFACE('',#1735,1.);
#1508=CYLINDRICAL_SURFACE('',#1737,1.);
#1509=CYLINDRICAL_SURFACE('',#1738,1.);
#1510=CYLINDRICAL_SURFACE('',#1741,1.);
#1511=CYLINDRICAL_SURFACE('',#1744,1.);
#1512=CYLINDRICAL_SURFACE('',#1747,1.);
#1513=CYLINDRICAL_SURFACE('',#1750,1.);
#1514=CYLINDRICAL_SURFACE('',#1759,1.);
#1515=CYLINDRICAL_SURFACE('',#1762,1.);
#1516=CYLINDRICAL_SURFACE('',#1769,1.25);
#1517=CYLINDRICAL_SURFACE('',#1772,1.25);
#1518=CYLINDRICAL_SURFACE('',#1776,1.55);
#1519=CYLINDRICAL_SURFACE('',#1785,5.49999973297166);
#1520=CYLINDRICAL_SURFACE('',#1787,1.25);
#1521=CYLINDRICAL_SURFACE('',#1788,1.25);
#1522=CYLINDRICAL_SURFACE('',#1789,1.25);
#1523=CYLINDRICAL_SURFACE('',#1790,1.25);
#1524=CYLINDRICAL_SURFACE('',#1791,5.49999973297166);
#1525=CYLINDRICAL_SURFACE('',#1792,0.999999999998506);
#1526=CYLINDRICAL_SURFACE('',#1794,0.999999999966661);
#1527=CYLINDRICAL_SURFACE('',#1795,5.49999973297166);
#1528=CYLINDRICAL_SURFACE('',#1796,0.999999999998506);
#1529=CYLINDRICAL_SURFACE('',#1798,0.999999999966661);
#1530=CYLINDRICAL_SURFACE('',#1799,5.49999973297166);
#1531=ADVANCED_FACE('',(#68),#1484,.F.);
#1532=ADVANCED_FACE('',(#69),#1485,.T.);
#1533=ADVANCED_FACE('',(#70),#1486,.T.);
#1534=ADVANCED_FACE('',(#71),#1487,.F.);
#1535=ADVANCED_FACE('',(#72,#15,#16,#17),#29,.F.);
#1536=ADVANCED_FACE('',(#73),#1488,.T.);
#1537=ADVANCED_FACE('',(#74),#30,.T.);
#1538=ADVANCED_FACE('',(#75),#1489,.F.);
#1539=ADVANCED_FACE('',(#76),#1490,.F.);
#1540=ADVANCED_FACE('',(#77),#1491,.T.);
#1541=ADVANCED_FACE('',(#78),#1492,.T.);
#1542=ADVANCED_FACE('',(#79),#1493,.F.);
#1543=ADVANCED_FACE('',(#80,#18,#19),#31,.T.);
#1544=ADVANCED_FACE('',(#81),#1494,.T.);
#1545=ADVANCED_FACE('',(#82),#1495,.F.);
#1546=ADVANCED_FACE('',(#83),#1496,.F.);
#1547=ADVANCED_FACE('',(#84),#32,.T.);
#1548=ADVANCED_FACE('',(#85),#1497,.F.);
#1549=ADVANCED_FACE('',(#86),#33,.T.);
#1550=ADVANCED_FACE('',(#87),#1498,.T.);
#1551=ADVANCED_FACE('',(#88),#34,.F.);
#1552=ADVANCED_FACE('',(#89),#35,.T.);
#1553=ADVANCED_FACE('',(#90),#1499,.T.);
#1554=ADVANCED_FACE('',(#91),#36,.T.);
#1555=ADVANCED_FACE('',(#92),#1500,.T.);
#1556=ADVANCED_FACE('',(#93),#1501,.T.);
#1557=ADVANCED_FACE('',(#94),#37,.T.);
#1558=ADVANCED_FACE('',(#95),#38,.T.);
#1559=ADVANCED_FACE('',(#96),#1502,.F.);
#1560=ADVANCED_FACE('',(#97),#39,.F.);
#1561=ADVANCED_FACE('',(#98),#1503,.F.);
#1562=ADVANCED_FACE('',(#99),#40,.F.);
#1563=ADVANCED_FACE('',(#100),#1504,.F.);
#1564=ADVANCED_FACE('',(#101),#41,.F.);
#1565=ADVANCED_FACE('',(#102,#20),#42,.T.);
#1566=ADVANCED_FACE('',(#103),#1505,.T.);
#1567=ADVANCED_FACE('',(#104),#1506,.F.);
#1568=ADVANCED_FACE('',(#105),#1507,.T.);
#1569=ADVANCED_FACE('',(#106),#43,.T.);
#1570=ADVANCED_FACE('',(#107),#1508,.T.);
#1571=ADVANCED_FACE('',(#108),#1509,.F.);
#1572=ADVANCED_FACE('',(#109),#44,.F.);
#1573=ADVANCED_FACE('',(#110),#1510,.F.);
#1574=ADVANCED_FACE('',(#111),#45,.F.);
#1575=ADVANCED_FACE('',(#112),#1511,.F.);
#1576=ADVANCED_FACE('',(#113),#46,.F.);
#1577=ADVANCED_FACE('',(#114),#1512,.F.);
#1578=ADVANCED_FACE('',(#115),#47,.F.);
#1579=ADVANCED_FACE('',(#116),#1513,.F.);
#1580=ADVANCED_FACE('',(#117,#21,#22),#48,.F.);
#1581=ADVANCED_FACE('',(#118),#1514,.F.);
#1582=ADVANCED_FACE('',(#119),#49,.T.);
#1583=ADVANCED_FACE('',(#120),#1515,.T.);
#1584=ADVANCED_FACE('',(#121),#50,.F.);
#1585=ADVANCED_FACE('',(#122),#51,.F.);
#1586=ADVANCED_FACE('',(#123),#52,.F.);
#1587=ADVANCED_FACE('',(#124),#53,.F.);
#1588=ADVANCED_FACE('',(#125,#23),#54,.F.);
#1589=ADVANCED_FACE('',(#126),#55,.F.);
#1590=ADVANCED_FACE('',(#127),#1516,.F.);
#1591=ADVANCED_FACE('',(#128),#56,.F.);
#1592=ADVANCED_FACE('',(#129),#1517,.F.);
#1593=ADVANCED_FACE('',(#130),#57,.F.);
#1594=ADVANCED_FACE('',(#131),#58,.F.);
#1595=ADVANCED_FACE('',(#132),#1518,.F.);
#1596=ADVANCED_FACE('',(#133,#24,#25,#26),#59,.T.);
#1597=ADVANCED_FACE('',(#134),#1519,.F.);
#1598=ADVANCED_FACE('',(#135,#27,#28),#60,.F.);
#1599=ADVANCED_FACE('',(#136),#1520,.F.);
#1600=ADVANCED_FACE('',(#137),#1521,.F.);
#1601=ADVANCED_FACE('',(#138),#1522,.F.);
#1602=ADVANCED_FACE('',(#139),#1523,.F.);
#1603=ADVANCED_FACE('',(#140),#1524,.F.);
#1604=ADVANCED_FACE('',(#141),#1525,.T.);
#1605=ADVANCED_FACE('',(#142),#61,.T.);
#1606=ADVANCED_FACE('',(#143),#1526,.F.);
#1607=ADVANCED_FACE('',(#144),#1527,.T.);
#1608=ADVANCED_FACE('',(#145),#1528,.T.);
#1609=ADVANCED_FACE('',(#146),#62,.T.);
#1610=ADVANCED_FACE('',(#147),#1529,.F.);
#1611=ADVANCED_FACE('',(#148),#1530,.T.);
#1612=ADVANCED_FACE('',(#149),#63,.F.);
#1613=CLOSED_SHELL('',(#1531,#1532,#1533,#1534,#1535,#1536,#1537,#1538,
#1539,#1540,#1541,#1542,#1543,#1544,#1545,#1546,#1547,#1548,#1549,#1550,
#1551,#1552,#1553,#1554,#1555,#1556,#1557,#1558,#1559,#1560,#1561,#1562,
#1563,#1564,#1565,#1566,#1567,#1568,#1569,#1570,#1571,#1572,#1573,#1574,
#1575,#1576,#1577,#1578,#1579,#1580,#1581,#1582,#1583,#1584,#1585,#1586,
#1587,#1588,#1589,#1590,#1591,#1592,#1593,#1594,#1595,#1596,#1597,#1598,
#1599,#1600,#1601,#1602,#1603,#1604,#1605,#1606,#1607,#1608,#1609,#1610,
#1611,#1612));
#1614=DERIVED_UNIT_ELEMENT(#1616,1.);
#1615=DERIVED_UNIT_ELEMENT(#2793,-3.);
#1616=(
MASS_UNIT()
NAMED_UNIT(*)
SI_UNIT(.KILO.,.GRAM.)
);
#1617=DERIVED_UNIT((#1614,#1615));
#1618=MEASURE_REPRESENTATION_ITEM('density measure',
POSITIVE_RATIO_MEASURE(7850.),#1617);
#1619=PROPERTY_DEFINITION_REPRESENTATION(#1624,#1621);
#1620=PROPERTY_DEFINITION_REPRESENTATION(#1625,#1622);
#1621=REPRESENTATION('material name',(#1623),#2790);
#1622=REPRESENTATION('density',(#1618),#2790);
#1623=DESCRIPTIVE_REPRESENTATION_ITEM('Steel','Steel');
#1624=PROPERTY_DEFINITION('material property','material name',#2800);
#1625=PROPERTY_DEFINITION('material property','density of part',#2800);
#1626=AXIS2_PLACEMENT_3D('',#2291,#1801,#1802);
#1627=AXIS2_PLACEMENT_3D('',#2292,#1803,#1804);
#1628=AXIS2_PLACEMENT_3D('',#2295,#1805,#1806);
#1629=AXIS2_PLACEMENT_3D('',#2299,#1808,#1809);
#1630=AXIS2_PLACEMENT_3D('',#2301,#1811,#1812);
#1631=AXIS2_PLACEMENT_3D('',#2303,#1813,#1814);
#1632=AXIS2_PLACEMENT_3D('',#2306,#1816,#1817);
#1633=AXIS2_PLACEMENT_3D('',#2307,#1818,#1819);
#1634=AXIS2_PLACEMENT_3D('',#2309,#1820,#1821);
#1635=AXIS2_PLACEMENT_3D('',#2312,#1823,#1824);
#1636=AXIS2_PLACEMENT_3D('',#2313,#1825,#1826);
#1637=AXIS2_PLACEMENT_3D('',#2315,#1827,#1828);
#1638=AXIS2_PLACEMENT_3D('',#2330,#1829,#1830);
#1639=AXIS2_PLACEMENT_3D('',#2331,#1831,#1832);
#1640=AXIS2_PLACEMENT_3D('',#2333,#1833,#1834);
#1641=AXIS2_PLACEMENT_3D('',#2337,#1836,#1837);
#1642=AXIS2_PLACEMENT_3D('',#2339,#1838,#1839);
#1643=AXIS2_PLACEMENT_3D('',#2341,#1840,#1841);
#1644=AXIS2_PLACEMENT_3D('',#2345,#1843,#1844);
#1645=AXIS2_PLACEMENT_3D('',#2349,#1846,#1847);
#1646=AXIS2_PLACEMENT_3D('',#2353,#1849,#1850);
#1647=AXIS2_PLACEMENT_3D('',#2355,#1851,#1852);
#1648=AXIS2_PLACEMENT_3D('',#2359,#1854,#1855);
#1649=AXIS2_PLACEMENT_3D('',#2361,#1856,#1857);
#1650=AXIS2_PLACEMENT_3D('',#2363,#1858,#1859);
#1651=AXIS2_PLACEMENT_3D('',#2384,#1870,#1871);
#1652=AXIS2_PLACEMENT_3D('',#2386,#1872,#1873);
#1653=AXIS2_PLACEMENT_3D('',#2387,#1874,#1875);
#1654=AXIS2_PLACEMENT_3D('',#2390,#1876,#1877);
#1655=AXIS2_PLACEMENT_3D('',#2393,#1880,#1881);
#1656=AXIS2_PLACEMENT_3D('',#2397,#1884,#1885);
#1657=AXIS2_PLACEMENT_3D('',#2399,#1886,#1887);
#1658=AXIS2_PLACEMENT_3D('',#2401,#1889,#1890);
#1659=AXIS2_PLACEMENT_3D('',#2405,#1892,#1893);
#1660=AXIS2_PLACEMENT_3D('',#2407,#1895,#1896);
#1661=AXIS2_PLACEMENT_3D('',#2408,#1897,#1898);
#1662=AXIS2_PLACEMENT_3D('',#2409,#1899,#1900);
#1663=AXIS2_PLACEMENT_3D('',#2412,#1901,#1902);
#1664=AXIS2_PLACEMENT_3D('',#2416,#1904,#1905);
#1665=AXIS2_PLACEMENT_3D('',#2418,#1907,#1908);
#1666=AXIS2_PLACEMENT_3D('',#2420,#1909,#1910);
#1667=AXIS2_PLACEMENT_3D('',#2423,#1912,#1913);
#1668=AXIS2_PLACEMENT_3D('',#2424,#1914,#1915);
#1669=AXIS2_PLACEMENT_3D('',#2428,#1917,#1918);
#1670=AXIS2_PLACEMENT_3D('',#2430,#1919,#1920);
#1671=AXIS2_PLACEMENT_3D('',#2432,#1921,#1922);
#1672=AXIS2_PLACEMENT_3D('',#2442,#1927,#1928);
#1673=AXIS2_PLACEMENT_3D('',#2444,#1929,#1930);
#1674=AXIS2_PLACEMENT_3D('',#2446,#1931,#1932);
#1675=AXIS2_PLACEMENT_3D('',#2448,#1933,#1934);
#1676=AXIS2_PLACEMENT_3D('',#2450,#1935,#1936);
#1677=AXIS2_PLACEMENT_3D('',#2453,#1938,#1939);
#1678=AXIS2_PLACEMENT_3D('',#2455,#1940,#1941);
#1679=AXIS2_PLACEMENT_3D('',#2457,#1942,#1943);
#1680=AXIS2_PLACEMENT_3D('',#2458,#1944,#1945);
#1681=AXIS2_PLACEMENT_3D('',#2462,#1947,#1948);
#1682=AXIS2_PLACEMENT_3D('',#2464,#1950,#1951);
#1683=AXIS2_PLACEMENT_3D('',#2466,#1952,#1953);
#1684=AXIS2_PLACEMENT_3D('',#2468,#1955,#1956);
#1685=AXIS2_PLACEMENT_3D('',#2472,#1958,#1959);
#1686=AXIS2_PLACEMENT_3D('',#2474,#1961,#1962);
#1687=AXIS2_PLACEMENT_3D('',#2476,#1964,#1965);
#1688=AXIS2_PLACEMENT_3D('',#2479,#1966,#1967);
#1689=AXIS2_PLACEMENT_3D('',#2482,#1970,#1971);
#1690=AXIS2_PLACEMENT_3D('',#2486,#1973,#1974);
#1691=AXIS2_PLACEMENT_3D('',#2489,#1976,#1977);
#1692=AXIS2_PLACEMENT_3D('',#2493,#1980,#1981);
#1693=AXIS2_PLACEMENT_3D('',#2496,#1982,#1983);
#1694=AXIS2_PLACEMENT_3D('',#2500,#1985,#1986);
#1695=AXIS2_PLACEMENT_3D('',#2502,#1988,#1989);
#1696=AXIS2_PLACEMENT_3D('',#2508,#1993,#1994);
#1697=AXIS2_PLACEMENT_3D('',#2512,#1996,#1997);
#1698=AXIS2_PLACEMENT_3D('',#2516,#1999,#2000);
#1699=AXIS2_PLACEMENT_3D('',#2519,#2002,#2003);
#1700=AXIS2_PLACEMENT_3D('',#2520,#2004,#2005);
#1701=AXIS2_PLACEMENT_3D('',#2524,#2007,#2008);
#1702=AXIS2_PLACEMENT_3D('',#2526,#2010,#2011);
#1703=AXIS2_PLACEMENT_3D('',#2530,#2014,#2015);
#1704=AXIS2_PLACEMENT_3D('',#2532,#2016,#2017);
#1705=AXIS2_PLACEMENT_3D('',#2534,#2019,#2020);
#1706=AXIS2_PLACEMENT_3D('',#2537,#2022,#2023);
#1707=AXIS2_PLACEMENT_3D('',#2538,#2024,#2025);
#1708=AXIS2_PLACEMENT_3D('',#2540,#2027,#2028);
#1709=AXIS2_PLACEMENT_3D('',#2542,#2030,#2031);
#1710=AXIS2_PLACEMENT_3D('',#2545,#2032,#2033);
#1711=AXIS2_PLACEMENT_3D('',#2549,#2035,#2036);
#1712=AXIS2_PLACEMENT_3D('',#2551,#2038,#2039);
#1713=AXIS2_PLACEMENT_3D('',#2557,#2043,#2044);
#1714=AXIS2_PLACEMENT_3D('',#2560,#2045,#2046);
#1715=AXIS2_PLACEMENT_3D('',#2564,#2048,#2049);
#1716=AXIS2_PLACEMENT_3D('',#2566,#2051,#2052);
#1717=AXIS2_PLACEMENT_3D('',#2572,#2056,#2057);
#1718=AXIS2_PLACEMENT_3D('',#2574,#2058,#2059);
#1719=AXIS2_PLACEMENT_3D('',#2577,#2061,#2062);
#1720=AXIS2_PLACEMENT_3D('',#2578,#2063,#2064);
#1721=AXIS2_PLACEMENT_3D('',#2581,#2067,#2068);
#1722=AXIS2_PLACEMENT_3D('',#2583,#2069,#2070);
#1723=AXIS2_PLACEMENT_3D('',#2585,#2071,#2072);
#1724=AXIS2_PLACEMENT_3D('',#2589,#2074,#2075);
#1725=AXIS2_PLACEMENT_3D('',#2592,#2077,#2078);
#1726=AXIS2_PLACEMENT_3D('',#2594,#2079,#2080);
#1727=AXIS2_PLACEMENT_3D('',#2598,#2082,#2083);
#1728=AXIS2_PLACEMENT_3D('',#2604,#2086,#2087);
#1729=AXIS2_PLACEMENT_3D('',#2608,#2089,#2090);
#1730=AXIS2_PLACEMENT_3D('',#2612,#2092,#2093);
#1731=AXIS2_PLACEMENT_3D('',#2615,#2095,#2096);
#1732=AXIS2_PLACEMENT_3D('',#2616,#2097,#2098);
#1733=AXIS2_PLACEMENT_3D('',#2632,#2100,#2101);
#1734=AXIS2_PLACEMENT_3D('',#2633,#2102,#2103);
#1735=AXIS2_PLACEMENT_3D('',#2634,#2104,#2105);
#1736=AXIS2_PLACEMENT_3D('',#2636,#2107,#2108);
#1737=AXIS2_PLACEMENT_3D('',#2638,#2110,#2111);
#1738=AXIS2_PLACEMENT_3D('',#2640,#2113,#2114);
#1739=AXIS2_PLACEMENT_3D('',#2644,#2116,#2117);
#1740=AXIS2_PLACEMENT_3D('',#2646,#2119,#2120);
#1741=AXIS2_PLACEMENT_3D('',#2650,#2123,#2124);
#1742=AXIS2_PLACEMENT_3D('',#2653,#2126,#2127);
#1743=AXIS2_PLACEMENT_3D('',#2654,#2128,#2129);
#1744=AXIS2_PLACEMENT_3D('',#2658,#2132,#2133);
#1745=AXIS2_PLACEMENT_3D('',#2661,#2135,#2136);
#1746=AXIS2_PLACEMENT_3D('',#2662,#2137,#2138);
#1747=AXIS2_PLACEMENT_3D('',#2666,#2141,#2142);
#1748=AXIS2_PLACEMENT_3D('',#2669,#2144,#2145);
#1749=AXIS2_PLACEMENT_3D('',#2670,#2146,#2147);
#1750=AXIS2_PLACEMENT_3D('',#2672,#2149,#2150);
#1751=AXIS2_PLACEMENT_3D('',#2675,#2151,#2152);
#1752=AXIS2_PLACEMENT_3D('',#2678,#2155,#2156);
#1753=AXIS2_PLACEMENT_3D('',#2680,#2157,#2158);
#1754=AXIS2_PLACEMENT_3D('',#2684,#2160,#2161);
#1755=AXIS2_PLACEMENT_3D('',#2685,#2162,#2163);
#1756=AXIS2_PLACEMENT_3D('',#2689,#2166,#2167);
#1757=AXIS2_PLACEMENT_3D('',#2691,#2168,#2169);
#1758=AXIS2_PLACEMENT_3D('',#2693,#2170,#2171);
#1759=AXIS2_PLACEMENT_3D('',#2694,#2172,#2173);
#1760=AXIS2_PLACEMENT_3D('',#2696,#2174,#2175);
#1761=AXIS2_PLACEMENT_3D('',#2698,#2177,#2178);
#1762=AXIS2_PLACEMENT_3D('',#2700,#2180,#2181);
#1763=AXIS2_PLACEMENT_3D('',#2702,#2183,#2184);
#1764=AXIS2_PLACEMENT_3D('',#2708,#2188,#2189);
#1765=AXIS2_PLACEMENT_3D('',#2712,#2192,#2193);
#1766=AXIS2_PLACEMENT_3D('',#2716,#2196,#2197);
#1767=AXIS2_PLACEMENT_3D('',#2718,#2199,#2200);
#1768=AXIS2_PLACEMENT_3D('',#2720,#2202,#2203);
#1769=AXIS2_PLACEMENT_3D('',#2722,#2205,#2206);
#1770=AXIS2_PLACEMENT_3D('',#2725,#2207,#2208);
#1771=AXIS2_PLACEMENT_3D('',#2728,#2211,#2212);
#1772=AXIS2_PLACEMENT_3D('',#2732,#2215,#2216);
#1773=AXIS2_PLACEMENT_3D('',#2734,#2217,#2218);
#1774=AXIS2_PLACEMENT_3D('',#2736,#2220,#2221);
#1775=AXIS2_PLACEMENT_3D('',#2740,#2224,#2225);
#1776=AXIS2_PLACEMENT_3D('',#2744,#2228,#2229);
#1777=AXIS2_PLACEMENT_3D('',#2747,#2231,#2232);
#1778=AXIS2_PLACEMENT_3D('',#2748,#2233,#2234);
#1779=AXIS2_PLACEMENT_3D('',#2749,#2235,#2236);
#1780=AXIS2_PLACEMENT_3D('',#2751,#2237,#2238);
#1781=AXIS2_PLACEMENT_3D('',#2753,#2239,#2240);
#1782=AXIS2_PLACEMENT_3D('',#2756,#2242,#2243);
#1783=AXIS2_PLACEMENT_3D('',#2758,#2244,#2245);
#1784=AXIS2_PLACEMENT_3D('',#2760,#2246,#2247);
#1785=AXIS2_PLACEMENT_3D('',#2761,#2248,#2249);
#1786=AXIS2_PLACEMENT_3D('',#2763,#2251,#2252);
#1787=AXIS2_PLACEMENT_3D('',#2765,#2254,#2255);
#1788=AXIS2_PLACEMENT_3D('',#2767,#2257,#2258);
#1789=AXIS2_PLACEMENT_3D('',#2769,#2260,#2261);
#1790=AXIS2_PLACEMENT_3D('',#2771,#2263,#2264);
#1791=AXIS2_PLACEMENT_3D('',#2773,#2266,#2267);
#1792=AXIS2_PLACEMENT_3D('',#2774,#2268,#2269);
#1793=AXIS2_PLACEMENT_3D('',#2776,#2271,#2272);
#1794=AXIS2_PLACEMENT_3D('',#2778,#2274,#2275);
#1795=AXIS2_PLACEMENT_3D('',#2779,#2276,#2277);
#1796=AXIS2_PLACEMENT_3D('',#2780,#2278,#2279);
#1797=AXIS2_PLACEMENT_3D('',#2782,#2281,#2282);
#1798=AXIS2_PLACEMENT_3D('',#2784,#2284,#2285);
#1799=AXIS2_PLACEMENT_3D('',#2786,#2287,#2288);
#1800=AXIS2_PLACEMENT_3D('',#2787,#2289,#2290);
#1801=DIRECTION('axis',(0.,0.,1.));
#1802=DIRECTION('refdir',(1.,0.,0.));
#1803=DIRECTION('center_axis',(1.,0.,0.));
#1804=DIRECTION('ref_axis',(0.,-0.938840489559265,-0.344352341598137));
#1805=DIRECTION('center_axis',(1.,-5.47110028150876E-17,2.02471383418807E-32));
#1806=DIRECTION('ref_axis',(0.,-0.938840489559265,-0.344352341598137));
#1807=DIRECTION('',(-1.,0.,0.));
#1808=DIRECTION('center_axis',(-1.,5.47110028150876E-17,-2.02471383418807E-32));
#1809=DIRECTION('ref_axis',(0.,-0.938840489559265,-0.344352341598137));
#1810=DIRECTION('',(1.,0.,0.));
#1811=DIRECTION('center_axis',(-1.,0.,-2.21491751253144E-16));
#1812=DIRECTION('ref_axis',(-1.94488700847123E-30,-1.,8.78085525744209E-15));
#1813=DIRECTION('center_axis',(-1.,5.47110028150876E-17,-2.02471383418807E-32));
#1814=DIRECTION('ref_axis',(-1.94488700847123E-30,-1.,8.78085525744209E-15));
#1815=DIRECTION('',(-1.,0.,-2.21491751253144E-16));
#1816=DIRECTION('center_axis',(1.,-5.47110028150876E-17,2.02471383418807E-32));
#1817=DIRECTION('ref_axis',(-1.94488700847123E-30,-1.,8.78085525744209E-15));
#1818=DIRECTION('center_axis',(-1.,0.,-2.21491751253144E-16));
#1819=DIRECTION('ref_axis',(0.,-0.568796454121162,-0.822478324200215));
#1820=DIRECTION('center_axis',(-1.,5.47110028150876E-17,-2.02471383418807E-32));
#1821=DIRECTION('ref_axis',(0.,-0.568796454121162,-0.822478324200215));
#1822=DIRECTION('',(-1.,0.,-2.21491751253144E-16));
#1823=DIRECTION('center_axis',(1.,-5.47110028150876E-17,2.02471383418807E-32));
#1824=DIRECTION('ref_axis',(0.,-0.568796454121162,-0.822478324200215));
#1825=DIRECTION('center_axis',(-1.,0.,-2.21491751253144E-16));
#1826=DIRECTION('ref_axis',(-2.17221553765345E-16,-0.195414518191268,0.98072073806975));
#1827=DIRECTION('center_axis',(1.,0.,0.));
#1828=DIRECTION('ref_axis',(1.50672855598826E-29,1.,-6.80263959024917E-14));
#1829=DIRECTION('center_axis',(1.,-5.47110028150876E-17,2.02471383418807E-32));
#1830=DIRECTION('ref_axis',(1.50672855598826E-29,1.,-6.80263959024917E-14));
#1831=DIRECTION('center_axis',(-1.,5.47110028150876E-17,-2.02471383418807E-32));
#1832=DIRECTION('ref_axis',(5.47110028150876E-17,1.,-2.27827016511621E-16));
#1833=DIRECTION('center_axis',(-1.,5.47110028150876E-17,-2.02471383418807E-32));
#1834=DIRECTION('ref_axis',(-2.19897069501865E-16,0.119781602760206,0.992800265733343));
#1835=DIRECTION('',(5.43170981333566E-17,0.992800265733343,-0.119781602760205));
#1836=DIRECTION('center_axis',(1.,-5.47110028150876E-17,2.02471383418807E-32));
#1837=DIRECTION('ref_axis',(2.19897069501865E-16,-0.119781602760209,-0.992800265733343));
#1838=DIRECTION('center_axis',(-1.,5.47110028150876E-17,-2.02471383418807E-32));
#1839=DIRECTION('ref_axis',(0.,1.,3.25197124708159E-45));
#1840=DIRECTION('center_axis',(1.,-5.47110028150876E-17,2.02471383418807E-32));
#1841=DIRECTION('ref_axis',(0.,-1.,-8.88178419700125E-16));
#1842=DIRECTION('',(-5.47110028150876E-17,-1.,1.7239487960018E-16));
#1843=DIRECTION('center_axis',(1.,-5.47110028150876E-17,2.02471383418807E-32));
#1844=DIRECTION('ref_axis',(0.,0.707106781186548,0.707106781186547));
#1845=DIRECTION('',(1.4265029286325E-32,6.30808536718839E-16,1.));
#1846=DIRECTION('center_axis',(1.,-5.47110028150876E-17,2.02471383418807E-32));
#1847=DIRECTION('ref_axis',(0.,0.707106781186548,-0.707106781186547));
#1848=DIRECTION('',(5.47110028150876E-17,1.,-1.7239487960018E-16));
#1849=DIRECTION('center_axis',(-1.,5.47110028150876E-17,-2.02471383418807E-32));
#1850=DIRECTION('ref_axis',(0.,1.,3.25197124708159E-45));
#1851=DIRECTION('center_axis',(-1.,5.47110028150876E-17,-2.02471383418807E-32));
#1852=DIRECTION('ref_axis',(0.,-0.568796454121213,-0.822478324200179));
#1853=DIRECTION('',(5.47110028150876E-17,1.,1.21180358263327E-32));
#1854=DIRECTION('center_axis',(1.,-5.47110028150876E-17,2.02471383418807E-32));
#1855=DIRECTION('ref_axis',(0.,0.568796454121213,0.822478324200179));
#1856=DIRECTION('center_axis',(1.,-5.47110028150876E-17,2.02471383418807E-32));
#1857=DIRECTION('ref_axis',(0.,-1.,-3.25197124708159E-45));
#1858=DIRECTION('center_axis',(1.,-5.47110028150876E-17,2.02471383418807E-32));
#1859=DIRECTION('ref_axis',(0.,-0.568796454121207,0.822478324200183));
#1860=DIRECTION('',(5.47110028150876E-17,1.,-1.04098516274434E-14));
#1861=DIRECTION('',(0.,3.70074341541719E-16,1.));
#1862=DIRECTION('',(5.47110028150876E-17,1.,-2.27827016511621E-16));
#1863=DIRECTION('',(8.09885533675312E-33,-2.22044604925016E-16,-1.));
#1864=DIRECTION('',(0.,1.,-2.27827016511621E-16));
#1865=DIRECTION('',(0.,3.70074341541719E-16,1.));
#1866=DIRECTION('',(-2.02471383418807E-32,0.,1.));
#1867=DIRECTION('',(5.47110028150876E-17,1.,0.));
#1868=DIRECTION('',(2.89244833455439E-33,-3.1720657846433E-16,-1.));
#1869=DIRECTION('',(-5.47110028150876E-17,-1.,2.01858731750028E-16));
#1870=DIRECTION('center_axis',(-1.,5.47110028150876E-17,-2.02471383418807E-32));
#1871=DIRECTION('ref_axis',(0.,-1.,0.));
#1872=DIRECTION('center_axis',(-1.,5.47110028150876E-17,-2.02471383418807E-32));
#1873=DIRECTION('ref_axis',(0.,-1.,0.));
#1874=DIRECTION('center_axis',(-1.,0.,-2.21491751253144E-16));
#1875=DIRECTION('ref_axis',(0.,-0.568796454121213,-0.822478324200179));
#1876=DIRECTION('center_axis',(1.,-5.47110028150876E-17,2.02471383418807E-32));
#1877=DIRECTION('ref_axis',(0.,-0.568796454121213,-0.822478324200179));
#1878=DIRECTION('',(1.,0.,2.21491751253144E-16));
#1879=DIRECTION('',(-1.,0.,-2.21491751253144E-16));
#1880=DIRECTION('center_axis',(2.21491751253144E-16,3.25197124708159E-45,
-1.));
#1881=DIRECTION('ref_axis',(1.46821325339781E-29,-1.,0.));
#1882=DIRECTION('',(-5.47110028150876E-17,-1.,-1.21180358263327E-32));
#1883=DIRECTION('',(-1.,0.,-2.21491751253144E-16));
#1884=DIRECTION('center_axis',(-1.,0.,-2.21491751253144E-16));
#1885=DIRECTION('ref_axis',(0.,0.568796454121213,0.822478324200179));
#1886=DIRECTION('center_axis',(-1.,5.47110028150876E-17,-2.02471383418807E-32));
#1887=DIRECTION('ref_axis',(0.,0.568796454121213,0.822478324200179));
#1888=DIRECTION('',(1.,0.,2.21491751253144E-16));
#1889=DIRECTION('center_axis',(-1.,0.,-2.21491751253144E-16));
#1890=DIRECTION('ref_axis',(0.,-0.568796454121207,0.822478324200183));
#1891=DIRECTION('',(-1.,0.,-2.21491751253144E-16));
#1892=DIRECTION('center_axis',(-1.,5.47110028150876E-17,-2.02471383418807E-32));
#1893=DIRECTION('ref_axis',(0.,-0.568796454121207,0.822478324200183));
#1894=DIRECTION('',(1.,0.,2.21491751253144E-16));
#1895=DIRECTION('center_axis',(-1.,0.,-2.21491751253144E-16));
#1896=DIRECTION('ref_axis',(0.,-1.,-3.25197124708159E-45));
#1897=DIRECTION('center_axis',(-1.,5.47110028150876E-17,-2.02471383418807E-32));
#1898=DIRECTION('ref_axis',(0.,-1.,-3.25197124708159E-45));
#1899=DIRECTION('center_axis',(-1.,0.,-2.21491751253144E-16));
#1900=DIRECTION('ref_axis',(0.,-0.568796454121213,-0.822478324200179));
#1901=DIRECTION('center_axis',(1.,-5.47110028150876E-17,2.02471383418807E-32));
#1902=DIRECTION('ref_axis',(0.,-0.568796454121213,-0.822478324200179));
#1903=DIRECTION('',(1.,0.,2.21491751253144E-16));
#1904=DIRECTION('center_axis',(-1.,5.47110028150876E-17,-2.02471383418807E-32));
#1905=DIRECTION('ref_axis',(0.,-0.568796454121213,-0.822478324200179));
#1906=DIRECTION('',(-1.,0.,-2.21491751253144E-16));
#1907=DIRECTION('center_axis',(-1.,0.,-2.21491751253144E-16));
#1908=DIRECTION('ref_axis',(0.,1.,3.25197124708159E-45));
#1909=DIRECTION('center_axis',(-1.,5.47110028150876E-17,-2.02471383418807E-32));
#1910=DIRECTION('ref_axis',(0.,1.,3.25197124708159E-45));
#1911=DIRECTION('',(-1.,0.,-2.21491751253144E-16));
#1912=DIRECTION('center_axis',(1.,-5.47110028150876E-17,2.02471383418807E-32));
#1913=DIRECTION('ref_axis',(0.,1.,3.25197124708159E-45));
#1914=DIRECTION('center_axis',(1.,-5.47110028150876E-17,2.02471383418807E-32));
#1915=DIRECTION('ref_axis',(-5.47110028150876E-17,-1.,2.27827016511621E-16));
#1916=DIRECTION('',(5.47110028150876E-17,1.,1.21180358263327E-32));
#1917=DIRECTION('center_axis',(1.,-5.47110028150876E-17,2.02471383418807E-32));
#1918=DIRECTION('ref_axis',(0.,0.568796454121213,0.822478324200179));
#1919=DIRECTION('center_axis',(1.,-5.47110028150876E-17,2.02471383418807E-32));
#1920=DIRECTION('ref_axis',(0.,-1.,-3.25197124708159E-45));
#1921=DIRECTION('center_axis',(1.,-5.47110028150876E-17,2.02471383418807E-32));
#1922=DIRECTION('ref_axis',(0.,-0.568796454121207,0.822478324200183));
#1923=DIRECTION('',(5.47110028150876E-17,1.,-1.04098516274434E-14));
#1924=DIRECTION('',(0.,-3.70074341541719E-16,-1.));
#1925=DIRECTION('',(-5.47110028150876E-17,-1.,2.27827016511621E-16));
#1926=DIRECTION('',(0.,3.70074341541719E-16,1.));
#1927=DIRECTION('center_axis',(-1.,5.47110028150876E-17,-2.02471383418807E-32));
#1928=DIRECTION('ref_axis',(1.50672855598826E-29,1.,-6.80263959024917E-14));
#1929=DIRECTION('center_axis',(-1.,5.47110028150876E-17,-2.02471383418807E-32));
#1930=DIRECTION('ref_axis',(0.,0.155521747575772,0.987832468605369));
#1931=DIRECTION('center_axis',(1.,-5.47110028150876E-17,2.02471383418807E-32));
#1932=DIRECTION('ref_axis',(0.,0.568796454121157,0.822478324200218));
#1933=DIRECTION('center_axis',(1.,-5.47110028150876E-17,2.02471383418807E-32));
#1934=DIRECTION('ref_axis',(-1.94488700847123E-30,-1.,8.78085525744209E-15));
#1935=DIRECTION('center_axis',(-1.,5.47110028150876E-17,-2.02471383418807E-32));
#1936=DIRECTION('ref_axis',(-2.19897069501865E-16,0.119781602760206,0.992800265733343));
#1937=DIRECTION('',(5.43170981333566E-17,0.992800265733343,-0.119781602760205));
#1938=DIRECTION('center_axis',(1.,-5.47110028150876E-17,2.02471383418807E-32));
#1939=DIRECTION('ref_axis',(2.19897069501865E-16,-0.119781602760209,-0.992800265733343));
#1940=DIRECTION('center_axis',(-1.,5.47110028150876E-17,-2.02471383418807E-32));
#1941=DIRECTION('ref_axis',(0.,-1.,0.));
#1942=DIRECTION('center_axis',(-1.,5.47110028150876E-17,-2.02471383418807E-32));
#1943=DIRECTION('ref_axis',(0.,-1.,0.));
#1944=DIRECTION('center_axis',(-1.,0.,0.));
#1945=DIRECTION('ref_axis',(0.,0.155521747575772,0.987832468605369));
#1946=DIRECTION('',(-1.,0.,0.));
#1947=DIRECTION('center_axis',(1.,-5.47110028150876E-17,2.02471383418807E-32));
#1948=DIRECTION('ref_axis',(0.,0.155521747575772,0.987832468605369));
#1949=DIRECTION('',(1.,0.,0.));
#1950=DIRECTION('center_axis',(-1.,0.,-2.21491751253144E-16));
#1951=DIRECTION('ref_axis',(0.,0.568796454121157,0.822478324200218));
#1952=DIRECTION('center_axis',(-1.,5.47110028150876E-17,-2.02471383418807E-32));
#1953=DIRECTION('ref_axis',(0.,0.568796454121157,0.822478324200218));
#1954=DIRECTION('',(1.,0.,2.21491751253144E-16));
#1955=DIRECTION('center_axis',(-1.,0.,-2.21491751253144E-16));
#1956=DIRECTION('ref_axis',(0.,0.568796454121213,0.822478324200179));
#1957=DIRECTION('',(-1.,0.,-2.21491751253144E-16));
#1958=DIRECTION('center_axis',(-1.,5.47110028150876E-17,-2.02471383418807E-32));
#1959=DIRECTION('ref_axis',(0.,0.568796454121213,0.822478324200179));
#1960=DIRECTION('',(1.,0.,2.21491751253144E-16));
#1961=DIRECTION('center_axis',(2.21491751253144E-16,3.25197124708159E-45,
-1.));
#1962=DIRECTION('ref_axis',(1.46821325339781E-29,-1.,0.));
#1963=DIRECTION('',(-5.47110028150876E-17,-1.,-1.21180358263327E-32));
#1964=DIRECTION('center_axis',(-1.,0.,-2.21491751253144E-16));
#1965=DIRECTION('ref_axis',(0.,-0.568796454121207,0.822478324200183));
#1966=DIRECTION('center_axis',(-1.,5.47110028150876E-17,-2.02471383418807E-32));
#1967=DIRECTION('ref_axis',(0.,-0.568796454121207,0.822478324200183));
#1968=DIRECTION('',(1.,0.,2.21491751253144E-16));
#1969=DIRECTION('',(-1.,0.,-2.21491751253144E-16));
#1970=DIRECTION('center_axis',(2.21491751253144E-16,-1.04098516274434E-14,
-1.));
#1971=DIRECTION('ref_axis',(1.23706811420343E-29,-1.,1.04098516274434E-14));
#1972=DIRECTION('',(-5.47110028150876E-17,-1.,1.04098516274434E-14));
#1973=DIRECTION('center_axis',(-2.21491751253144E-16,1.04098516274434E-14,
1.));
#1974=DIRECTION('ref_axis',(-0.707106781186548,0.707106781186548,0.));
#1975=DIRECTION('',(-1.,-8.45363205944459E-32,-2.21491751253144E-16));
#1976=DIRECTION('center_axis',(-2.21491751253144E-16,1.04098516274434E-14,
1.));
#1977=DIRECTION('ref_axis',(0.707106781186551,0.707106781186544,0.));
#1978=DIRECTION('',(-5.47110028150876E-17,-1.,1.04098516274434E-14));
#1979=DIRECTION('',(1.,8.45363205944459E-32,2.21491751253144E-16));
#1980=DIRECTION('center_axis',(0.,0.,1.));
#1981=DIRECTION('ref_axis',(0.707106781186555,0.70710678118654,0.));
#1982=DIRECTION('center_axis',(0.,0.,1.));
#1983=DIRECTION('ref_axis',(0.707106781186555,0.70710678118654,0.));
#1984=DIRECTION('',(0.,0.,1.));
#1985=DIRECTION('center_axis',(6.93889390390713E-18,2.27827016511621E-16,
1.));
#1986=DIRECTION('ref_axis',(0.707106781186555,0.70710678118654,0.));
#1987=DIRECTION('',(0.,0.,-1.));
#1988=DIRECTION('center_axis',(0.,-1.,0.));
#1989=DIRECTION('ref_axis',(0.,0.,-1.));
#1990=DIRECTION('',(1.,0.,0.));
#1991=DIRECTION('',(0.,0.,-1.));
#1992=DIRECTION('',(-1.,-2.32264231093129E-16,6.93889390390718E-18));
#1993=DIRECTION('center_axis',(0.,0.,-1.));
#1994=DIRECTION('ref_axis',(-1.,0.,0.));
#1995=DIRECTION('',(-5.92118946466757E-15,-1.,0.));
#1996=DIRECTION('center_axis',(0.,0.,1.));
#1997=DIRECTION('ref_axis',(0.70710678118655,-0.707106781186545,0.));
#1998=DIRECTION('',(-1.,-5.5743415462351E-16,0.));
#1999=DIRECTION('center_axis',(0.,0.,1.));
#2000=DIRECTION('ref_axis',(-0.707106781186547,-0.707106781186547,0.));
#2001=DIRECTION('',(0.,1.,0.));
#2002=DIRECTION('center_axis',(0.,0.,1.));
#2003=DIRECTION('ref_axis',(-0.707106781186547,0.707106781186547,0.));
#2004=DIRECTION('center_axis',(0.,0.,-1.));
#2005=DIRECTION('ref_axis',(0.70710678118655,-0.707106781186545,0.));
#2006=DIRECTION('',(0.,0.,1.));
#2007=DIRECTION('center_axis',(6.93889390390713E-18,2.27827016511621E-16,
1.));
#2008=DIRECTION('ref_axis',(0.70710678118655,-0.707106781186545,0.));
#2009=DIRECTION('',(0.,0.,-1.));
#2010=DIRECTION('center_axis',(5.5743415462351E-16,-1.,0.));
#2011=DIRECTION('ref_axis',(-1.,-5.5743415462351E-16,0.));
#2012=DIRECTION('',(1.,5.5743415462351E-16,-6.93889390390725E-18));
#2013=DIRECTION('',(0.,0.,1.));
#2014=DIRECTION('center_axis',(0.,0.,-1.));
#2015=DIRECTION('ref_axis',(-0.707106781186547,-0.707106781186547,0.));
#2016=DIRECTION('center_axis',(6.93889390390713E-18,2.27827016511621E-16,
1.));
#2017=DIRECTION('ref_axis',(-0.707106781186547,-0.707106781186547,0.));
#2018=DIRECTION('',(0.,0.,-1.));
#2019=DIRECTION('center_axis',(0.,0.,-1.));
#2020=DIRECTION('ref_axis',(-0.707106781186547,0.707106781186547,0.));
#2021=DIRECTION('',(0.,0.,1.));
#2022=DIRECTION('center_axis',(6.93889390390713E-18,2.27827016511621E-16,
1.));
#2023=DIRECTION('ref_axis',(-0.707106781186547,0.707106781186547,0.));
#2024=DIRECTION('center_axis',(-1.,0.,0.));
#2025=DIRECTION('ref_axis',(0.,1.,0.));
#2026=DIRECTION('',(0.,-1.,2.27827016511621E-16));
#2027=DIRECTION('center_axis',(1.,-5.92118946466757E-15,0.));
#2028=DIRECTION('ref_axis',(-5.92118946466757E-15,-1.,0.));
#2029=DIRECTION('',(5.92118946466757E-15,1.,-2.27827016511621E-16));
#2030=DIRECTION('center_axis',(1.,0.,0.));
#2031=DIRECTION('ref_axis',(0.,0.707106781186547,-0.707106781186548));
#2032=DIRECTION('center_axis',(-1.,5.47110028150876E-17,-2.02471383418807E-32));
#2033=DIRECTION('ref_axis',(0.,0.707106781186547,-0.707106781186548));
#2034=DIRECTION('',(1.,0.,0.));
#2035=DIRECTION('center_axis',(1.,0.,0.));
#2036=DIRECTION('ref_axis',(0.,0.707106781186547,-0.707106781186548));
#2037=DIRECTION('',(-1.,0.,0.));
#2038=DIRECTION('center_axis',(0.,0.,-1.));
#2039=DIRECTION('ref_axis',(0.,1.,0.));
#2040=DIRECTION('',(5.47110028150876E-17,1.,0.));
#2041=DIRECTION('',(-1.,0.,0.));
#2042=DIRECTION('',(0.,1.,0.));
#2043=DIRECTION('center_axis',(1.,0.,0.));
#2044=DIRECTION('ref_axis',(0.,-0.707106781186548,0.707106781186547));
#2045=DIRECTION('center_axis',(-1.,5.47110028150876E-17,-2.02471383418807E-32));
#2046=DIRECTION('ref_axis',(0.,-0.707106781186548,0.707106781186547));
#2047=DIRECTION('',(1.,0.,0.));
#2048=DIRECTION('center_axis',(1.,0.,0.));
#2049=DIRECTION('ref_axis',(0.,-0.707106781186548,0.707106781186547));
#2050=DIRECTION('',(-1.,0.,0.));
#2051=DIRECTION('center_axis',(0.,0.,1.));
#2052=DIRECTION('ref_axis',(0.,-1.,0.));
#2053=DIRECTION('',(-5.47110028150876E-17,-1.,0.));
#2054=DIRECTION('',(1.,0.,0.));
#2055=DIRECTION('',(0.,-1.,0.));
#2056=DIRECTION('center_axis',(1.,0.,0.));
#2057=DIRECTION('ref_axis',(0.,-0.707106781186548,-0.707106781186547));
#2058=DIRECTION('center_axis',(-1.,5.47110028150876E-17,-2.02471383418807E-32));
#2059=DIRECTION('ref_axis',(0.,-0.707106781186548,-0.707106781186547));
#2060=DIRECTION('',(1.,0.,0.));
#2061=DIRECTION('center_axis',(1.,0.,0.));
#2062=DIRECTION('ref_axis',(0.,-0.707106781186548,-0.707106781186547));
#2063=DIRECTION('center_axis',(0.,-1.,1.85037170770859E-16));
#2064=DIRECTION('ref_axis',(0.,-1.85037170770859E-16,-1.));
#2065=DIRECTION('',(0.,-1.85037170770859E-16,-1.));
#2066=DIRECTION('',(1.01235691709403E-32,-1.85037170770859E-16,-1.));
#2067=DIRECTION('center_axis',(6.93889390390713E-18,2.27827016511621E-16,
1.));
#2068=DIRECTION('ref_axis',(1.,0.,-6.93889390390713E-18));
#2069=DIRECTION('center_axis',(-6.93889390390713E-18,-2.27827016511621E-16,
-1.));
#2070=DIRECTION('ref_axis',(-0.707106781186548,-0.707106781186548,0.));
#2071=DIRECTION('center_axis',(-6.93889390390713E-18,-2.27827016511621E-16,
-1.));
#2072=DIRECTION('ref_axis',(0.707106781186551,0.707106781186544,0.));
#2073=DIRECTION('',(1.,0.,-6.93889390390713E-18));
#2074=DIRECTION('center_axis',(-6.93889390390713E-18,-2.27827016511621E-16,
-1.));
#2075=DIRECTION('ref_axis',(-0.707106781186548,0.707106781186548,0.));
#2076=DIRECTION('',(5.47110028150876E-17,1.,-2.27827016511621E-16));
#2077=DIRECTION('center_axis',(-6.93889390390713E-18,-2.27827016511621E-16,
-1.));
#2078=DIRECTION('ref_axis',(-0.707106781186551,-0.707106781186544,0.));
#2079=DIRECTION('center_axis',(6.93889390390713E-18,2.27827016511621E-16,
1.));
#2080=DIRECTION('ref_axis',(-0.707106781186548,0.707106781186548,0.));
#2081=DIRECTION('',(1.,-1.66129962329932E-31,-6.93889390390713E-18));
#2082=DIRECTION('center_axis',(6.93889390390713E-18,2.27827016511621E-16,
1.));
#2083=DIRECTION('ref_axis',(0.707106781186544,0.707106781186551,0.));
#2084=DIRECTION('',(0.,-1.,2.27827016511621E-16));
#2085=DIRECTION('',(0.,1.,-2.27827016511621E-16));
#2086=DIRECTION('center_axis',(6.93889390390713E-18,2.27827016511621E-16,
1.));
#2087=DIRECTION('ref_axis',(-0.707106781186548,0.707106781186548,0.));
#2088=DIRECTION('',(1.,0.,-6.93889390390713E-18));
#2089=DIRECTION('center_axis',(6.93889390390713E-18,2.27827016511621E-16,
1.));
#2090=DIRECTION('ref_axis',(0.707106781186548,0.707106781186548,0.));
#2091=DIRECTION('',(0.,-1.,2.27827016511621E-16));
#2092=DIRECTION('center_axis',(6.93889390390713E-18,2.27827016511621E-16,
1.));
#2093=DIRECTION('ref_axis',(0.707106781186548,-0.707106781186548,0.));
#2094=DIRECTION('',(-1.,0.,6.93889390390713E-18));
#2095=DIRECTION('center_axis',(6.93889390390713E-18,2.27827016511621E-16,
1.));
#2096=DIRECTION('ref_axis',(-0.707106781186548,-0.707106781186548,0.));
#2097=DIRECTION('center_axis',(0.,-3.70074341541719E-16,-1.));
#2098=DIRECTION('ref_axis',(0.707106781186548,-0.707106781186548,0.));
#2099=DIRECTION('',(0.,-3.70074341541719E-16,-1.));
#2100=DIRECTION('center_axis',(-1.,0.,-2.21491751253144E-16));
#2101=DIRECTION('ref_axis',(-2.17512123551859E-16,-0.188711272181867,0.982032614403158));
#2102=DIRECTION('center_axis',(-1.,0.,0.));
#2103=DIRECTION('ref_axis',(1.50672855598826E-29,1.,-6.80263959024917E-14));
#2104=DIRECTION('center_axis',(0.,-3.70074341541719E-16,-1.));
#2105=DIRECTION('ref_axis',(0.707106781186551,0.707106781186544,0.));
#2106=DIRECTION('',(0.,3.70074341541719E-16,1.));
#2107=DIRECTION('center_axis',(-2.56790659251628E-33,1.,-3.70074341541719E-16));
#2108=DIRECTION('ref_axis',(1.,0.,-6.93889390390713E-18));
#2109=DIRECTION('',(0.,-3.70074341541719E-16,-1.));
#2110=DIRECTION('center_axis',(0.,-3.70074341541719E-16,-1.));
#2111=DIRECTION('ref_axis',(-0.707106781186548,0.707106781186548,0.));
#2112=DIRECTION('',(0.,3.70074341541719E-16,1.));
#2113=DIRECTION('center_axis',(0.,0.,-1.));
#2114=DIRECTION('ref_axis',(-0.707106781186548,0.707106781186548,0.));
#2115=DIRECTION('',(0.,0.,-1.));
#2116=DIRECTION('center_axis',(-6.93889390390713E-18,-2.27827016511621E-16,
-1.));
#2117=DIRECTION('ref_axis',(-0.707106781186548,0.707106781186548,0.));
#2118=DIRECTION('',(0.,0.,1.));
#2119=DIRECTION('center_axis',(-1.,0.,0.));
#2120=DIRECTION('ref_axis',(0.,1.,0.));
#2121=DIRECTION('',(0.,0.,1.));
#2122=DIRECTION('',(0.,-1.,2.27827016511621E-16));
#2123=DIRECTION('center_axis',(0.,0.,-1.));
#2124=DIRECTION('ref_axis',(-0.707106781186548,-0.707106781186548,0.));
#2125=DIRECTION('',(0.,0.,-1.));
#2126=DIRECTION('center_axis',(-6.93889390390713E-18,-2.27827016511621E-16,
-1.));
#2127=DIRECTION('ref_axis',(-0.707106781186548,-0.707106781186548,0.));
#2128=DIRECTION('center_axis',(0.,-1.,0.));
#2129=DIRECTION('ref_axis',(-1.,0.,0.));
#2130=DIRECTION('',(0.,0.,1.));
#2131=DIRECTION('',(1.,0.,-6.93889390390713E-18));
#2132=DIRECTION('center_axis',(0.,0.,-1.));
#2133=DIRECTION('ref_axis',(0.707106781186548,-0.707106781186548,0.));
#2134=DIRECTION('',(0.,0.,-1.));
#2135=DIRECTION('center_axis',(-6.93889390390713E-18,-2.27827016511621E-16,
-1.));
#2136=DIRECTION('ref_axis',(0.707106781186548,-0.707106781186548,0.));
#2137=DIRECTION('center_axis',(1.,0.,0.));
#2138=DIRECTION('ref_axis',(0.,-1.,0.));
#2139=DIRECTION('',(0.,0.,1.));
#2140=DIRECTION('',(0.,1.,-2.27827016511621E-16));
#2141=DIRECTION('center_axis',(0.,0.,-1.));
#2142=DIRECTION('ref_axis',(0.707106781186548,0.707106781186548,0.));
#2143=DIRECTION('',(0.,0.,-1.));
#2144=DIRECTION('center_axis',(-6.93889390390713E-18,-2.27827016511621E-16,
-1.));
#2145=DIRECTION('ref_axis',(0.707106781186548,0.707106781186548,0.));
#2146=DIRECTION('center_axis',(0.,1.,0.));
#2147=DIRECTION('ref_axis',(1.,0.,0.));
#2148=DIRECTION('',(-1.,0.,6.93889390390713E-18));
#2149=DIRECTION('center_axis',(8.09885533675312E-33,-2.22044604925016E-16,
-1.));
#2150=DIRECTION('ref_axis',(0.707106781186544,0.707106781186551,0.));
#2151=DIRECTION('center_axis',(-6.93889390390713E-18,-2.27827016511621E-16,
-1.));
#2152=DIRECTION('ref_axis',(0.707106781186544,0.707106781186551,0.));
#2153=DIRECTION('',(-8.09885533675312E-33,2.22044604925016E-16,1.));
#2154=DIRECTION('',(8.09885533675312E-33,-2.22044604925016E-16,-1.));
#2155=DIRECTION('center_axis',(1.,-5.47110028150876E-17,2.02471383418807E-32));
#2156=DIRECTION('ref_axis',(-5.47110028150876E-17,-1.,2.27827016511621E-16));
#2157=DIRECTION('center_axis',(-1.,5.47110028150876E-17,-2.02471383418807E-32));
#2158=DIRECTION('ref_axis',(2.19897069501865E-16,-0.119781602760209,-0.992800265733343));
#2159=DIRECTION('',(-5.43170981333566E-17,-0.992800265733343,0.119781602760205));
#2160=DIRECTION('center_axis',(1.,-5.47110028150876E-17,2.02471383418807E-32));
#2161=DIRECTION('ref_axis',(-2.19897069501865E-16,0.119781602760206,0.992800265733343));
#2162=DIRECTION('center_axis',(-1.,5.47110028150876E-17,-2.02471383418807E-32));
#2163=DIRECTION('ref_axis',(-1.94488700847123E-30,-1.,8.78085525744209E-15));
#2164=DIRECTION('',(-5.47110028150876E-17,-1.,2.27827016511621E-16));
#2165=DIRECTION('',(0.,3.70074341541719E-16,1.));
#2166=DIRECTION('center_axis',(-1.,5.47110028150876E-17,-2.02471383418807E-32));
#2167=DIRECTION('ref_axis',(0.,-1.,-3.25197124708159E-45));
#2168=DIRECTION('center_axis',(1.,-5.47110028150876E-17,2.02471383418807E-32));
#2169=DIRECTION('ref_axis',(0.,-1.,0.));
#2170=DIRECTION('center_axis',(1.,-5.47110028150876E-17,2.02471383418807E-32));
#2171=DIRECTION('ref_axis',(0.,-1.,0.));
#2172=DIRECTION('center_axis',(-8.09885533675312E-33,2.22044604925016E-16,
1.));
#2173=DIRECTION('ref_axis',(-0.707106781186548,0.707106781186548,0.));
#2174=DIRECTION('center_axis',(-6.93889390390713E-18,-2.27827016511621E-16,
-1.));
#2175=DIRECTION('ref_axis',(-0.707106781186548,0.707106781186548,0.));
#2176=DIRECTION('',(-8.09885533675312E-33,2.22044604925016E-16,1.));
#2177=DIRECTION('center_axis',(-1.64589218374422E-31,-1.,2.22044604925016E-16));
#2178=DIRECTION('ref_axis',(0.,-2.22044604925016E-16,-1.));
#2179=DIRECTION('',(-1.,1.66129962329932E-31,6.93889390390713E-18));
#2180=DIRECTION('center_axis',(0.,-3.70074341541719E-16,-1.));
#2181=DIRECTION('ref_axis',(-0.707106781186551,-0.707106781186544,0.));
#2182=DIRECTION('',(0.,-3.70074341541719E-16,-1.));
#2183=DIRECTION('center_axis',(0.,-1.,3.1720657846433E-16));
#2184=DIRECTION('ref_axis',(0.,3.1720657846433E-16,1.));
#2185=DIRECTION('',(-1.,0.,0.));
#2186=DIRECTION('',(0.,-3.1720657846433E-16,-1.));
#2187=DIRECTION('',(-1.,0.,0.));
#2188=DIRECTION('center_axis',(0.,2.01858731750028E-16,1.));
#2189=DIRECTION('ref_axis',(0.,1.,-2.01858731750028E-16));
#2190=DIRECTION('',(0.,-1.,2.01858731750028E-16));
#2191=DIRECTION('',(1.,0.,0.));
#2192=DIRECTION('center_axis',(0.,1.,0.));
#2193=DIRECTION('ref_axis',(0.,0.,-1.));
#2194=DIRECTION('',(0.,0.,1.));
#2195=DIRECTION('',(1.,0.,0.));
#2196=DIRECTION('center_axis',(0.,0.,-1.));
#2197=DIRECTION('ref_axis',(0.,-1.,0.));
#2198=DIRECTION('',(0.,1.,0.));
#2199=DIRECTION('center_axis',(-1.,0.,0.));
#2200=DIRECTION('ref_axis',(0.,0.,1.));
#2201=DIRECTION('',(0.,0.,1.));
#2202=DIRECTION('center_axis',(0.,1.,0.));
#2203=DIRECTION('ref_axis',(0.,0.,1.));
#2204=DIRECTION('',(-2.02471383418807E-32,0.,1.));
#2205=DIRECTION('center_axis',(1.,0.,0.));
#2206=DIRECTION('ref_axis',(0.,0.707106781186548,0.707106781186547));
#2207=DIRECTION('center_axis',(-1.,5.47110028150876E-17,-2.02471383418807E-32));
#2208=DIRECTION('ref_axis',(0.,0.707106781186548,0.707106781186547));
#2209=DIRECTION('',(1.,0.,0.));
#2210=DIRECTION('',(-1.,0.,0.));
#2211=DIRECTION('center_axis',(0.,1.,-6.30808536718839E-16));
#2212=DIRECTION('ref_axis',(3.93735624723619E-32,6.30808536718839E-16,1.));
#2213=DIRECTION('',(1.4265029286325E-32,6.30808536718839E-16,1.));
#2214=DIRECTION('',(-1.,0.,0.));
#2215=DIRECTION('center_axis',(-1.,0.,0.));
#2216=DIRECTION('ref_axis',(0.,0.707106781186548,-0.707106781186547));
#2217=DIRECTION('center_axis',(-1.,5.47110028150876E-17,-2.02471383418807E-32));
#2218=DIRECTION('ref_axis',(0.,0.707106781186548,-0.707106781186547));
#2219=DIRECTION('',(1.,0.,0.));
#2220=DIRECTION('center_axis',(0.,-1.7239487960018E-16,-1.));
#2221=DIRECTION('ref_axis',(-6.90917165821751E-34,1.,-1.7239487960018E-16));
#2222=DIRECTION('',(5.47110028150876E-17,1.,-1.7239487960018E-16));
#2223=DIRECTION('',(-1.,0.,-2.21491751253144E-16));
#2224=DIRECTION('center_axis',(0.,1.7239487960018E-16,1.));
#2225=DIRECTION('ref_axis',(-1.84487593001384E-32,-1.,1.7239487960018E-16));
#2226=DIRECTION('',(1.,0.,0.));
#2227=DIRECTION('',(-5.47110028150876E-17,-1.,1.7239487960018E-16));
#2228=DIRECTION('center_axis',(1.,0.,0.));
#2229=DIRECTION('ref_axis',(0.,-1.,-8.88178419700125E-16));
#2230=DIRECTION('',(1.,0.,0.));
#2231=DIRECTION('center_axis',(1.,-5.47110028150876E-17,2.02471383418807E-32));
#2232=DIRECTION('ref_axis',(0.,-1.,-8.88178419700125E-16));
#2233=DIRECTION('center_axis',(-1.,5.47110028150876E-17,-2.02471383418807E-32));
#2234=DIRECTION('ref_axis',(5.47110028150876E-17,1.,-2.27827016511621E-16));
#2235=DIRECTION('center_axis',(1.,-5.47110028150876E-17,2.02471383418807E-32));
#2236=DIRECTION('ref_axis',(0.,1.,3.25197124708159E-45));
#2237=DIRECTION('center_axis',(1.,-5.47110028150876E-17,2.02471383418807E-32));
#2238=DIRECTION('ref_axis',(0.,1.,3.25197124708159E-45));
#2239=DIRECTION('center_axis',(-1.,5.47110028150876E-17,-2.02471383418807E-32));
#2240=DIRECTION('ref_axis',(2.19897069501865E-16,-0.119781602760209,-0.992800265733343));
#2241=DIRECTION('',(-5.43170981333566E-17,-0.992800265733343,0.119781602760205));
#2242=DIRECTION('center_axis',(1.,-5.47110028150876E-17,2.02471383418807E-32));
#2243=DIRECTION('ref_axis',(-2.19897069501865E-16,0.119781602760206,0.992800265733343));
#2244=DIRECTION('center_axis',(1.,-5.47110028150876E-17,2.02471383418807E-32));
#2245=DIRECTION('ref_axis',(0.,-1.,0.));
#2246=DIRECTION('center_axis',(1.,-5.47110028150876E-17,2.02471383418807E-32));
#2247=DIRECTION('ref_axis',(0.,-1.,0.));
#2248=DIRECTION('center_axis',(-1.,0.,-2.21491751253144E-16));
#2249=DIRECTION('ref_axis',(0.,1.,3.25197124708159E-45));
#2250=DIRECTION('',(-1.,0.,-2.21491751253144E-16));
#2251=DIRECTION('center_axis',(6.93889390390713E-18,2.27827016511621E-16,
1.));
#2252=DIRECTION('ref_axis',(1.,0.,-6.93889390390713E-18));
#2253=DIRECTION('',(1.,0.,-6.93889390390713E-18));
#2254=DIRECTION('center_axis',(1.,0.,0.));
#2255=DIRECTION('ref_axis',(0.,-1.,0.));
#2256=DIRECTION('',(1.,0.,0.));
#2257=DIRECTION('center_axis',(1.,0.,0.));
#2258=DIRECTION('ref_axis',(0.,-1.,0.));
#2259=DIRECTION('',(1.,0.,0.));
#2260=DIRECTION('center_axis',(1.,0.,0.));
#2261=DIRECTION('ref_axis',(0.,-1.,0.));
#2262=DIRECTION('',(1.,0.,0.));
#2263=DIRECTION('center_axis',(1.,0.,0.));
#2264=DIRECTION('ref_axis',(0.,-1.,0.));
#2265=DIRECTION('',(1.,0.,0.));
#2266=DIRECTION('center_axis',(-1.,0.,-2.21491751253144E-16));
#2267=DIRECTION('ref_axis',(0.,1.,3.25197124708159E-45));
#2268=DIRECTION('center_axis',(-1.,0.,-2.21491751253144E-16));
#2269=DIRECTION('ref_axis',(2.19897069501865E-16,-0.119781602760209,-0.992800265733343));
#2270=DIRECTION('',(-1.,0.,-2.21491751253144E-16));
#2271=DIRECTION('center_axis',(2.19897069501865E-16,-0.119781602760205,
-0.992800265733343));
#2272=DIRECTION('ref_axis',(-2.65968586621621E-17,-0.992800265733343,0.119781602760205));
#2273=DIRECTION('',(-1.,0.,-2.21491751253144E-16));
#2274=DIRECTION('center_axis',(-1.,0.,-2.21491751253144E-16));
#2275=DIRECTION('ref_axis',(-2.19897069501865E-16,0.119781602760206,0.992800265733343));
#2276=DIRECTION('center_axis',(-1.,0.,-2.21491751253144E-16));
#2277=DIRECTION('ref_axis',(0.,-1.,-3.25197124708159E-45));
#2278=DIRECTION('center_axis',(-1.,0.,-2.21491751253144E-16));
#2279=DIRECTION('ref_axis',(2.19897069501865E-16,-0.119781602760209,-0.992800265733343));
#2280=DIRECTION('',(-1.,0.,-2.21491751253144E-16));
#2281=DIRECTION('center_axis',(2.19897069501865E-16,-0.119781602760205,
-0.992800265733343));
#2282=DIRECTION('ref_axis',(-2.65968586621621E-17,-0.992800265733343,0.119781602760205));
#2283=DIRECTION('',(-1.,0.,-2.21491751253144E-16));
#2284=DIRECTION('center_axis',(-1.,0.,-2.21491751253144E-16));
#2285=DIRECTION('ref_axis',(-2.19897069501865E-16,0.119781602760206,0.992800265733343));
#2286=DIRECTION('',(-1.,0.,-2.21491751253144E-16));
#2287=DIRECTION('center_axis',(-1.,0.,-2.21491751253144E-16));
#2288=DIRECTION('ref_axis',(-1.94488700847123E-30,-1.,8.78085525744209E-15));
#2289=DIRECTION('center_axis',(-2.56790659251628E-33,1.,-3.70074341541719E-16));
#2290=DIRECTION('ref_axis',(1.,0.,-6.93889390390713E-18));
#2291=CARTESIAN_POINT('',(0.,0.,0.));
#2292=CARTESIAN_POINT('Origin',(28.4800013160704,-44.6501439105563,0.573005188367786));
#2293=CARTESIAN_POINT('',(-26.4800013160713,-44.1835786678289,3.53650259418388));
#2294=CARTESIAN_POINT('',(-26.4800013160713,-41.8336224418785,1.6060622131622));
#2295=CARTESIAN_POINT('Origin',(-26.4800013160713,-44.6501439105563,0.573005188367786));
#2296=CARTESIAN_POINT('',(-28.4800013160713,-44.1835786678289,3.53650259418388));
#2297=CARTESIAN_POINT('',(28.4800013160704,-44.1835786678289,3.5365025941839));
#2298=CARTESIAN_POINT('',(-28.4800013160713,-41.8336224418785,1.6060622131622));
#2299=CARTESIAN_POINT('Origin',(-28.4800013160713,-44.6501439105563,0.573005188367786));
#2300=CARTESIAN_POINT('',(28.4800013160704,-41.8336224418784,1.6060622131622));
#2301=CARTESIAN_POINT('Origin',(28.4800013160704,-36.6699999999995,3.50000000000012));
#2302=CARTESIAN_POINT('',(-28.4800013160713,-31.2517089508873,2.55547939683751));
#2303=CARTESIAN_POINT('Origin',(-28.4800013160713,-36.6699999999995,3.50000000000011));
#2304=CARTESIAN_POINT('',(-26.4800013160713,-31.2517089508873,2.55547939683751));
#2305=CARTESIAN_POINT('',(28.4800013160704,-31.2517089508873,2.55547939683752));
#2306=CARTESIAN_POINT('Origin',(-26.4800013160713,-36.6699999999995,3.50000000000011));
#2307=CARTESIAN_POINT('Origin',(28.4800013160704,-43.7170134251016,6.5));
#2308=CARTESIAN_POINT('',(-26.4800019999945,-46.5239499514813,5.44117643732513));
#2309=CARTESIAN_POINT('Origin',(-26.4800013160713,-43.7170134251016,6.49999999999999));
#2310=CARTESIAN_POINT('',(-28.4800013160713,-46.5239499514813,5.44117643732513));
#2311=CARTESIAN_POINT('',(28.4800013160704,-46.5239499514813,5.44117643732514));
#2312=CARTESIAN_POINT('Origin',(-28.4800013160713,-43.7170134251016,6.49999999999999));
#2313=CARTESIAN_POINT('Origin',(28.4800013160704,-51.6699999999995,3.50000000000012));
#2314=CARTESIAN_POINT('',(-26.4800019999945,-56.1699997329711,6.66227757572544));
#2315=CARTESIAN_POINT('Origin',(-26.4800019999945,-51.6699999999995,3.50000000000011));
#2316=CARTESIAN_POINT('',(-27.4800013160713,-57.1699997329711,3.50000000000011));
#2317=CARTESIAN_POINT('Ctrl Pts',(-27.4800013160713,-57.1699997329711,3.50000000000011));
#2318=CARTESIAN_POINT('Ctrl Pts',(-27.2415915793772,-57.1699997329711,4.05912037956994));
#2319=CARTESIAN_POINT('Ctrl Pts',(-26.9591842781378,-57.0633962574108,4.72312092868293));
#2320=CARTESIAN_POINT('Ctrl Pts',(-26.6185939270638,-56.7228059063368,5.72459125864433));
#2321=CARTESIAN_POINT('Ctrl Pts',(-26.4800013160713,-56.4594651399864,6.25036109367075));
#2322=CARTESIAN_POINT('Ctrl Pts',(-26.4800013160713,-56.1699997329711,6.66227757572544));
#2323=CARTESIAN_POINT('',(-28.4800013160713,-56.1699997329711,6.66227757572544));
#2324=CARTESIAN_POINT('Ctrl Pts',(-28.4800013160713,-56.1699997329711,6.66227757572545));
#2325=CARTESIAN_POINT('Ctrl Pts',(-28.4800013160713,-56.4958919996776,6.1985247652783));
#2326=CARTESIAN_POINT('Ctrl Pts',(-28.3314004661419,-56.7539480692315,5.6745328421415));
#2327=CARTESIAN_POINT('Ctrl Pts',(-27.9448287999252,-57.0918891920903,4.58543214137166));
#2328=CARTESIAN_POINT('Ctrl Pts',(-27.7023221002116,-57.1699997329711,4.02138844217728));
#2329=CARTESIAN_POINT('Ctrl Pts',(-27.4800013160713,-57.1699997329711,3.50000000000011));
#2330=CARTESIAN_POINT('Origin',(-28.4800013160713,-51.6699999999995,3.50000000000011));
#2331=CARTESIAN_POINT('Origin',(-26.4800013160713,-57.1699997329711,19.455));
#2332=CARTESIAN_POINT('',(-26.4800013160713,-30.1467834732233,3.37654863544899));
#2333=CARTESIAN_POINT('Origin',(-26.4800013160713,-30.2665650759795,2.38374836974875));
#2334=CARTESIAN_POINT('',(-26.4800013160713,-14.5185617178913,1.49099973426814));
#2335=CARTESIAN_POINT('',(-26.4800013160713,-36.6064394828286,4.1559077641843));
#2336=CARTESIAN_POINT('',(-26.4800013160713,-13.3987801151327,2.4838));
#2337=CARTESIAN_POINT('Origin',(-26.4800013160713,-14.3987801151312,2.4838));
#2338=CARTESIAN_POINT('',(-26.4800013160713,-7.73553305917628,7.98137650007952));
#2339=CARTESIAN_POINT('Origin',(-26.4800013160713,-7.89878038216107,2.4838));
#2340=CARTESIAN_POINT('',(-26.4800013160713,-6.48999999999999,8.60880000000001));
#2341=CARTESIAN_POINT('Origin',(-26.4800013160713,-6.48999999999999,7.05880000000001));
#2342=CARTESIAN_POINT('',(-26.4800013160713,0.250000000000004,8.60880000000001));
#2343=CARTESIAN_POINT('',(-26.4800013160713,-28.6099998664856,8.60880000000002));
#2344=CARTESIAN_POINT('',(-26.4800013160713,1.5,7.35880000000001));
#2345=CARTESIAN_POINT('Origin',(-26.4800013160713,0.250000000000006,7.35880000000001));
#2346=CARTESIAN_POINT('',(-26.4800013160713,1.5,6.09880000000001));
#2347=CARTESIAN_POINT('',(-26.4800013160713,1.50000000000001,12.9269));
#2348=CARTESIAN_POINT('',(-26.4800013160713,0.250000000000004,4.84880000000001));
#2349=CARTESIAN_POINT('Origin',(-26.4800013160713,0.250000000000006,6.09880000000001));
#2350=CARTESIAN_POINT('',(-26.4800013160713,-2.93322179699773,4.84879999999998));
#2351=CARTESIAN_POINT('',(-26.4800013160713,-31.8299998664856,4.84880000000002));
#2352=CARTESIAN_POINT('',(-26.4800013160713,-2.75273033364213,4.42497643732518));
#2353=CARTESIAN_POINT('Origin',(-26.4800013160713,-7.89878038216107,2.4838));
#2354=CARTESIAN_POINT('',(-26.4800013160713,0.0542061927375892,2.4838));
#2355=CARTESIAN_POINT('Origin',(-26.4800013160713,0.0542061927375903,5.4838));
#2356=CARTESIAN_POINT('',(-26.4800013160713,2.14823304294027,2.4838));
#2357=CARTESIAN_POINT('',(-26.4800013160713,-26.2843899240519,2.4838));
#2358=CARTESIAN_POINT('',(-26.4800013160713,4.95516956931999,0.542623562674808));
#2359=CARTESIAN_POINT('Origin',(-26.4800013160713,2.14823304294027,-0.516200000000004));
#2360=CARTESIAN_POINT('',(-26.4800013160713,15.2472696663579,0.542623562674792));
#2361=CARTESIAN_POINT('Origin',(-26.4800013160713,10.1012196178389,2.4838));
#2362=CARTESIAN_POINT('',(-26.4800013160713,18.0542061927376,2.48379999999997));
#2363=CARTESIAN_POINT('Origin',(-26.4800013160713,18.0542061927376,-0.51620000000003));
#2364=CARTESIAN_POINT('',(-26.4800013160713,22.0000002670284,2.48379999999993));
#2365=CARTESIAN_POINT('',(-26.4800013160713,-16.5849997329714,2.48380000000033));
#2366=CARTESIAN_POINT('',(-26.4800013160713,22.0000002670283,17.455));
#2367=CARTESIAN_POINT('',(-26.4800013160713,22.0000002670283,19.455));
#2368=CARTESIAN_POINT('',(-26.4800013160713,-23.71,17.455));
#2369=CARTESIAN_POINT('',(-26.4800013160713,-36.8774997329713,17.455));
#2370=CARTESIAN_POINT('',(-26.4800019999945,-23.71,19.455));
#2371=CARTESIAN_POINT('',(-26.4800013160713,-23.71,15.8412500000001));
#2372=CARTESIAN_POINT('',(-26.4800019999945,-56.1699997329711,19.455));
#2373=CARTESIAN_POINT('',(-26.4800019999945,-36.8774997329713,19.455));
#2374=CARTESIAN_POINT('',(-26.4800013160713,-56.1699997329711,19.455));
#2375=CARTESIAN_POINT('',(-26.4800013160713,9.582215,7.69880000000001));
#2376=CARTESIAN_POINT('',(-26.4800013160713,9.582215,3.99880000000001));
#2377=CARTESIAN_POINT('',(-26.4800013160713,9.58221500000001,13.5269));
#2378=CARTESIAN_POINT('',(-26.4800013160713,3.882215,3.99880000000001));
#2379=CARTESIAN_POINT('',(-26.4800013160713,-23.8438923664856,3.99880000000001));
#2380=CARTESIAN_POINT('',(-26.4800013160713,3.882215,7.69880000000001));
#2381=CARTESIAN_POINT('',(-26.4800013160713,3.88221500000001,11.7769));
#2382=CARTESIAN_POINT('',(-26.4800013160713,-26.5938923664856,7.69880000000002));
#2383=CARTESIAN_POINT('',(-26.4800013160713,-35.4199999999995,3.50000000000011));
#2384=CARTESIAN_POINT('Origin',(-26.4800013160713,-36.6699999999995,3.50000000000011));
#2385=CARTESIAN_POINT('',(-26.4800013160713,11.3512196178389,2.48380000000001));
#2386=CARTESIAN_POINT('Origin',(-26.4800013160713,10.1012196178389,2.48380000000001));
#2387=CARTESIAN_POINT('Origin',(28.4800013160704,0.0542061927375903,5.48380000000001));
#2388=CARTESIAN_POINT('',(-28.4800013160713,-2.75273033364213,4.42497643732518));
#2389=CARTESIAN_POINT('',(-28.4800013160713,0.0542061927375892,2.4838));
#2390=CARTESIAN_POINT('Origin',(-28.4800013160713,0.0542061927375903,5.4838));
#2391=CARTESIAN_POINT('',(28.4800013160704,0.0542061927375903,2.48380000000001));
#2392=CARTESIAN_POINT('',(28.4800013160704,-2.75273033364213,4.4249764373252));
#2393=CARTESIAN_POINT('Origin',(28.4800013160704,4.60121988486727,2.48380000000001));
#2394=CARTESIAN_POINT('',(-28.4800013160713,2.14823304294027,2.4838));
#2395=CARTESIAN_POINT('',(-28.4800013160713,-26.2843899240519,2.4838));
#2396=CARTESIAN_POINT('',(28.4800013160704,2.14823304294027,2.48380000000001));
#2397=CARTESIAN_POINT('Origin',(28.4800013160704,2.14823304294027,-0.516199999999991));
#2398=CARTESIAN_POINT('',(-28.4800013160713,4.95516956931999,0.542623562674807));
#2399=CARTESIAN_POINT('Origin',(-28.4800013160713,2.14823304294027,-0.516200000000004));
#2400=CARTESIAN_POINT('',(28.4800013160704,4.95516956931999,0.54262356267482));
#2401=CARTESIAN_POINT('Origin',(28.4800013160704,18.0542061927376,-0.516200000000018));
#2402=CARTESIAN_POINT('',(-28.4800013160713,15.2472696663579,0.542623562674791));
#2403=CARTESIAN_POINT('',(28.4800013160704,15.2472696663579,0.542623562674803));
#2404=CARTESIAN_POINT('',(-28.4800013160713,18.0542061927376,2.48379999999997));
#2405=CARTESIAN_POINT('Origin',(-28.4800013160713,18.0542061927376,-0.51620000000003));
#2406=CARTESIAN_POINT('',(28.4800013160704,18.0542061927376,2.48379999999998));
#2407=CARTESIAN_POINT('Origin',(28.4800013160704,10.1012196178389,2.48380000000001));
#2408=CARTESIAN_POINT('Origin',(-28.4800013160713,10.1012196178389,2.4838));
#2409=CARTESIAN_POINT('Origin',(28.4800013160704,0.0542061927375903,5.48380000000001));
#2410=CARTESIAN_POINT('',(26.4800013160704,-2.75273033364213,4.4249764373252));
#2411=CARTESIAN_POINT('',(26.4800013160704,0.0542061927375892,2.48380000000001));
#2412=CARTESIAN_POINT('Origin',(26.4800013160704,0.0542061927375903,5.48380000000001));
#2413=CARTESIAN_POINT('',(28.4800013160704,0.0542061927375892,2.48380000000001));
#2414=CARTESIAN_POINT('',(28.4800013160704,0.0542061927375903,2.48380000000001));
#2415=CARTESIAN_POINT('',(28.4800013160704,-2.75273033364213,4.4249764373252));
#2416=CARTESIAN_POINT('Origin',(28.4800013160704,0.0542061927375903,5.48380000000001));
#2417=CARTESIAN_POINT('',(28.4800013160704,-2.75273033364213,4.4249764373252));
#2418=CARTESIAN_POINT('Origin',(28.4800013160704,-7.89878038216107,2.48380000000001));
#2419=CARTESIAN_POINT('',(28.4800013160704,-13.3987801151327,2.48380000000001));
#2420=CARTESIAN_POINT('Origin',(28.4800013160704,-7.89878038216107,2.48380000000001));
#2421=CARTESIAN_POINT('',(26.4800013160704,-13.3987801151327,2.48380000000001));
#2422=CARTESIAN_POINT('',(28.4800013160704,-13.3987801151327,2.48380000000001));
#2423=CARTESIAN_POINT('Origin',(26.4800013160704,-7.89878038216107,2.48380000000001));
#2424=CARTESIAN_POINT('Origin',(28.4800013160704,24.0000002670283,19.455));
#2425=CARTESIAN_POINT('',(28.4800013160704,2.14823304294027,2.48380000000001));
#2426=CARTESIAN_POINT('',(28.4800013160704,14.3006100759478,2.48380000000001));
#2427=CARTESIAN_POINT('',(28.4800013160704,4.95516956931999,0.54262356267482));
#2428=CARTESIAN_POINT('Origin',(28.4800013160704,2.14823304294027,-0.516199999999991));
#2429=CARTESIAN_POINT('',(28.4800013160704,15.2472696663579,0.542623562674804));
#2430=CARTESIAN_POINT('Origin',(28.4800013160704,10.1012196178389,2.48380000000001));
#2431=CARTESIAN_POINT('',(28.4800013160704,18.0542061927376,2.48379999999998));
#2432=CARTESIAN_POINT('Origin',(28.4800013160704,18.0542061927376,-0.516200000000018));
#2433=CARTESIAN_POINT('',(28.4800013160704,23.0000002670283,2.48379999999993));
#2434=CARTESIAN_POINT('',(28.4800013160704,24.0000002670283,2.48379999999992));
#2435=CARTESIAN_POINT('',(28.4800013160704,23.0000002670283,19.455));
#2436=CARTESIAN_POINT('',(28.4800013160704,23.0000002670283,19.455));
#2437=CARTESIAN_POINT('',(28.4800013160704,-56.1699997329711,19.455));
#2438=CARTESIAN_POINT('',(28.4800013160704,24.0000002670283,19.455));
#2439=CARTESIAN_POINT('',(28.4800013160704,-56.1699997329711,6.66227757572545));
#2440=CARTESIAN_POINT('',(28.4800013160704,-56.1699997329711,19.455));
#2441=CARTESIAN_POINT('',(28.4800013160704,-46.5063775581213,5.39393778683774));
#2442=CARTESIAN_POINT('Origin',(28.4800013160704,-51.6699999999995,3.50000000000012));
#2443=CARTESIAN_POINT('',(28.4800013160704,-44.1564213321708,3.46349740581602));
#2444=CARTESIAN_POINT('Origin',(28.4800013160704,-43.6898560894435,6.42699481163213));
#2445=CARTESIAN_POINT('',(28.4800013160704,-41.8160500485184,1.55882356267479));
#2446=CARTESIAN_POINT('Origin',(28.4800013160704,-44.6229865748981,0.499999999999908));
#2447=CARTESIAN_POINT('',(28.4800013160704,-31.2517089508873,2.55547939683752));
#2448=CARTESIAN_POINT('Origin',(28.4800013160704,-36.6699999999995,3.50000000000012));
#2449=CARTESIAN_POINT('',(28.4800013160704,-30.1467834732233,3.37654863544901));
#2450=CARTESIAN_POINT('Origin',(28.4800013160704,-30.2665650759795,2.38374836974876));
#2451=CARTESIAN_POINT('',(28.4800013160704,-14.5185617178913,1.49099973426815));
#2452=CARTESIAN_POINT('',(28.4800013160704,3.39626185784848,-0.670428253951962));
#2453=CARTESIAN_POINT('Origin',(28.4800013160704,-14.3987801151312,2.48380000000001));
#2454=CARTESIAN_POINT('',(28.4800013160704,-35.4199999999995,3.50000000000011));
#2455=CARTESIAN_POINT('Origin',(28.4800013160704,-36.6699999999995,3.50000000000011));
#2456=CARTESIAN_POINT('',(28.4800013160704,11.3512196178389,2.48380000000001));
#2457=CARTESIAN_POINT('Origin',(28.4800013160704,10.1012196178389,2.48380000000001));
#2458=CARTESIAN_POINT('Origin',(28.4800013160704,-43.6898560894435,6.42699481163213));
#2459=CARTESIAN_POINT('',(26.4800019999937,-46.5063775581213,5.39393778683774));
#2460=CARTESIAN_POINT('',(28.4800013160704,-46.5063775581213,5.39393778683774));
#2461=CARTESIAN_POINT('',(26.4800013160704,-44.1564213321708,3.46349740581602));
#2462=CARTESIAN_POINT('Origin',(26.4800013160704,-43.6898560894435,6.42699481163213));
#2463=CARTESIAN_POINT('',(28.4800013160704,-44.1564213321708,3.46349740581602));
#2464=CARTESIAN_POINT('Origin',(28.4800013160704,-44.6229865748981,0.499999999999908));
#2465=CARTESIAN_POINT('',(26.4800013160704,-41.8160500485184,1.55882356267479));
#2466=CARTESIAN_POINT('Origin',(26.4800013160704,-44.6229865748981,0.499999999999908));
#2467=CARTESIAN_POINT('',(28.4800013160704,-41.8160500485184,1.55882356267479));
#2468=CARTESIAN_POINT('Origin',(28.4800013160704,2.14823304294027,-0.516199999999991));
#2469=CARTESIAN_POINT('',(26.4800013160704,2.14823304294027,2.48380000000001));
#2470=CARTESIAN_POINT('',(28.4800013160704,2.14823304294027,2.48380000000001));
#2471=CARTESIAN_POINT('',(26.4800013160704,4.95516956931999,0.54262356267482));
#2472=CARTESIAN_POINT('Origin',(26.4800013160704,2.14823304294027,-0.516199999999992));
#2473=CARTESIAN_POINT('',(28.4800013160704,4.95516956931999,0.54262356267482));
#2474=CARTESIAN_POINT('Origin',(28.4800013160704,4.60121988486727,2.48380000000001));
#2475=CARTESIAN_POINT('',(26.4800013160704,14.3006100759478,2.48380000000001));
#2476=CARTESIAN_POINT('Origin',(28.4800013160704,18.0542061927376,-0.516200000000018));
#2477=CARTESIAN_POINT('',(26.4800013160704,15.2472696663579,0.542623562674803));
#2478=CARTESIAN_POINT('',(26.4800013160704,18.0542061927376,2.48379999999998));
#2479=CARTESIAN_POINT('Origin',(26.4800013160704,18.0542061927376,-0.516200000000018));
#2480=CARTESIAN_POINT('',(28.4800013160704,18.0542061927376,2.48379999999998));
#2481=CARTESIAN_POINT('',(28.4800013160704,15.2472696663579,0.542623562674803));
#2482=CARTESIAN_POINT('Origin',(28.4800013160704,24.0000002670284,2.48379999999992));
#2483=CARTESIAN_POINT('',(-28.4800013160713,23.0000002670283,2.48379999999992));
#2484=CARTESIAN_POINT('',(-28.4800013160713,-16.5849997329714,2.48380000000033));
#2485=CARTESIAN_POINT('',(-27.4800013160713,24.0000002670283,2.48379999999991));
#2486=CARTESIAN_POINT('Origin',(-27.4800013160713,23.0000002670283,2.48379999999992));
#2487=CARTESIAN_POINT('',(27.4800013160704,24.0000002670283,2.48379999999992));
#2488=CARTESIAN_POINT('',(-4.22225705002376E-13,24.0000002670283,2.48379999999992));
#2489=CARTESIAN_POINT('Origin',(27.4800013160704,23.0000002670283,2.48379999999992));
#2490=CARTESIAN_POINT('',(26.4800013160704,22.0000002670284,2.48379999999994));
#2491=CARTESIAN_POINT('',(26.4800013160704,24.0000002670283,2.48379999999992));
#2492=CARTESIAN_POINT('',(-4.22225705002376E-13,22.0000002670283,2.48379999999994));
#2493=CARTESIAN_POINT('Origin',(23.872,-17.525,17.455));
#2494=CARTESIAN_POINT('',(24.497,-17.525,15.455));
#2495=CARTESIAN_POINT('',(23.872,-16.9,15.455));
#2496=CARTESIAN_POINT('Origin',(23.872,-17.525,15.455));
#2497=CARTESIAN_POINT('',(23.872,-16.9,17.455));
#2498=CARTESIAN_POINT('',(23.872,-16.9,17.455));
#2499=CARTESIAN_POINT('',(24.497,-17.525,17.455));
#2500=CARTESIAN_POINT('Origin',(23.872,-17.525,17.455));
#2501=CARTESIAN_POINT('',(24.497,-17.525,17.455));
#2502=CARTESIAN_POINT('Origin',(-23.303,-16.9,17.455));
#2503=CARTESIAN_POINT('',(-22.678,-16.9,15.455));
#2504=CARTESIAN_POINT('',(-11.353,-16.9,15.455));
#2505=CARTESIAN_POINT('',(-22.678,-16.9,17.455));
#2506=CARTESIAN_POINT('',(-22.678,-16.9,17.455));
#2507=CARTESIAN_POINT('',(-11.6515000000002,-16.9,17.455));
#2508=CARTESIAN_POINT('Origin',(0.597000000000008,-17.45,15.455));
#2509=CARTESIAN_POINT('',(24.497,-17.575,15.455));
#2510=CARTESIAN_POINT('',(24.497,-18.2,15.455));
#2511=CARTESIAN_POINT('',(23.872,-18.2,15.455));
#2512=CARTESIAN_POINT('Origin',(23.872,-17.575,15.455));
#2513=CARTESIAN_POINT('',(-22.678,-18.2,15.455));
#2514=CARTESIAN_POINT('',(-23.303,-18.2,15.455));
#2515=CARTESIAN_POINT('',(-23.303,-17.575,15.455));
#2516=CARTESIAN_POINT('Origin',(-22.678,-17.575,15.455));
#2517=CARTESIAN_POINT('',(-23.303,-17.525,15.455));
#2518=CARTESIAN_POINT('',(-23.303,-16.7,15.455));
#2519=CARTESIAN_POINT('Origin',(-22.678,-17.525,15.455));
#2520=CARTESIAN_POINT('Origin',(23.872,-17.575,17.455));
#2521=CARTESIAN_POINT('',(24.497,-17.575,17.455));
#2522=CARTESIAN_POINT('',(24.497,-17.575,17.455));
#2523=CARTESIAN_POINT('',(23.872,-18.2,17.455));
#2524=CARTESIAN_POINT('Origin',(23.872,-17.575,17.455));
#2525=CARTESIAN_POINT('',(23.872,-18.2,17.455));
#2526=CARTESIAN_POINT('Origin',(24.497,-18.2,17.455));
#2527=CARTESIAN_POINT('',(-22.678,-18.2,17.455));
#2528=CARTESIAN_POINT('',(12.2484999999998,-18.2,17.455));
#2529=CARTESIAN_POINT('',(-22.678,-18.2,17.455));
#2530=CARTESIAN_POINT('Origin',(-22.678,-17.575,17.455));
#2531=CARTESIAN_POINT('',(-23.303,-17.575,17.455));
#2532=CARTESIAN_POINT('Origin',(-22.678,-17.575,17.455));
#2533=CARTESIAN_POINT('',(-23.303,-17.575,17.455));
#2534=CARTESIAN_POINT('Origin',(-22.678,-17.525,17.455));
#2535=CARTESIAN_POINT('',(-23.303,-17.525,17.455));
#2536=CARTESIAN_POINT('',(-23.303,-17.525,17.455));
#2537=CARTESIAN_POINT('Origin',(-22.678,-17.525,17.455));
#2538=CARTESIAN_POINT('Origin',(-23.303,-18.2,17.455));
#2539=CARTESIAN_POINT('',(-23.303,-17.3924998664857,17.455));
#2540=CARTESIAN_POINT('Origin',(24.497,-16.7,17.455));
#2541=CARTESIAN_POINT('',(24.497,-16.6424998664858,17.455));
#2542=CARTESIAN_POINT('Origin',(-28.4800013160713,8.232215,5.34880000000001));
#2543=CARTESIAN_POINT('',(-28.4800013160713,9.232215,5.34880000000001));
#2544=CARTESIAN_POINT('',(-28.4800013160713,8.232215,4.34880000000001));
#2545=CARTESIAN_POINT('Origin',(-28.4800013160713,8.232215,5.34880000000001));
#2546=CARTESIAN_POINT('',(-27.4,8.232215,4.34880000000001));
#2547=CARTESIAN_POINT('',(-28.4800013160713,8.232215,4.34880000000001));
#2548=CARTESIAN_POINT('',(-27.4,9.232215,5.34880000000001));
#2549=CARTESIAN_POINT('Origin',(-27.4,8.232215,5.34880000000001));
#2550=CARTESIAN_POINT('',(-28.4800013160713,9.232215,5.34880000000001));
#2551=CARTESIAN_POINT('Origin',(-28.4800013160713,4.232215,4.34880000000001));
#2552=CARTESIAN_POINT('',(-28.4800013160713,5.232215,4.34880000000001));
#2553=CARTESIAN_POINT('',(-28.4800013160713,-26.4688923664856,4.34880000000001));
#2554=CARTESIAN_POINT('',(-27.4,5.232215,4.34880000000001));
#2555=CARTESIAN_POINT('',(-28.4800013160713,5.232215,4.34880000000001));
#2556=CARTESIAN_POINT('',(-27.4,4.982215,4.34880000000001));
#2557=CARTESIAN_POINT('Origin',(-28.4800013160713,5.232215,6.34880000000001));
#2558=CARTESIAN_POINT('',(-28.4800013160713,4.232215,6.34880000000001));
#2559=CARTESIAN_POINT('',(-28.4800013160713,5.232215,7.34880000000001));
#2560=CARTESIAN_POINT('Origin',(-28.4800013160713,5.232215,6.34880000000001));
#2561=CARTESIAN_POINT('',(-27.4,5.232215,7.34880000000001));
#2562=CARTESIAN_POINT('',(-28.4800013160713,5.232215,7.34880000000001));
#2563=CARTESIAN_POINT('',(-27.4,4.232215,6.34880000000001));
#2564=CARTESIAN_POINT('Origin',(-27.4,5.232215,6.34880000000001));
#2565=CARTESIAN_POINT('',(-28.4800013160713,4.232215,6.34880000000001));
#2566=CARTESIAN_POINT('Origin',(-28.4800013160713,9.232215,7.34880000000001));
#2567=CARTESIAN_POINT('',(-28.4800013160713,9.232215,7.34880000000001));
#2568=CARTESIAN_POINT('',(-28.4800013160713,-23.9688923664856,7.34880000000001));
#2569=CARTESIAN_POINT('',(-27.4,9.232215,7.34880000000001));
#2570=CARTESIAN_POINT('',(-28.4800013160713,9.232215,7.34880000000001));
#2571=CARTESIAN_POINT('',(-27.4,7.482215,7.34880000000001));
#2572=CARTESIAN_POINT('Origin',(-28.4800013160713,5.232215,5.34880000000001));
#2573=CARTESIAN_POINT('',(-28.4800013160713,4.232215,5.34880000000001));
#2574=CARTESIAN_POINT('Origin',(-28.4800013160713,5.232215,5.34880000000001));
#2575=CARTESIAN_POINT('',(-27.4,4.232215,5.34880000000001));
#2576=CARTESIAN_POINT('',(-28.4800013160713,4.232215,5.34880000000001));
#2577=CARTESIAN_POINT('Origin',(-27.4,5.232215,5.34880000000001));
#2578=CARTESIAN_POINT('Origin',(-28.4800013160713,4.232215,7.34880000000001));
#2579=CARTESIAN_POINT('',(-27.4,4.232215,6.59880000000001));
#2580=CARTESIAN_POINT('',(-28.4800013160713,4.232215,13.4019));
#2581=CARTESIAN_POINT('Origin',(-4.2619064527516E-13,-16.5849997329714,
19.455));
#2582=CARTESIAN_POINT('',(26.4800019999937,-56.1699997329711,19.455));
#2583=CARTESIAN_POINT('Origin',(27.4800013160704,-56.1699997329711,19.455));
#2584=CARTESIAN_POINT('',(27.4800013160704,24.0000002670283,19.455));
#2585=CARTESIAN_POINT('Origin',(27.4800013160704,23.0000002670283,19.455));
#2586=CARTESIAN_POINT('',(-27.4800013160713,24.0000002670283,19.455));
#2587=CARTESIAN_POINT('',(-28.4800013160713,24.0000002670283,19.455));
#2588=CARTESIAN_POINT('',(-28.4800013160713,23.0000002670283,19.455));
#2589=CARTESIAN_POINT('Origin',(-27.4800013160713,23.0000002670283,19.455));
#2590=CARTESIAN_POINT('',(-28.4800013160713,-56.1699997329711,19.455));
#2591=CARTESIAN_POINT('',(-28.4800013160713,-57.1699997329711,19.455));
#2592=CARTESIAN_POINT('Origin',(-27.4800013160713,-56.1699997329711,19.455));
#2593=CARTESIAN_POINT('',(-25.4800013160713,-22.71,19.455));
#2594=CARTESIAN_POINT('Origin',(-25.4800013160713,-23.71,19.455));
#2595=CARTESIAN_POINT('',(25.4800013160704,-22.71,19.455));
#2596=CARTESIAN_POINT('',(-4.28453513987015E-13,-22.71,19.455));
#2597=CARTESIAN_POINT('',(26.4800019999937,-23.71,19.455));
#2598=CARTESIAN_POINT('Origin',(25.4800013160704,-23.71,19.455));
#2599=CARTESIAN_POINT('',(26.4800019999937,-36.8774997329713,19.455));
#2600=CARTESIAN_POINT('',(-20.4004402327146,-13.7,19.455));
#2601=CARTESIAN_POINT('',(-20.4004402327146,14.9,19.455));
#2602=CARTESIAN_POINT('',(-20.4004402327146,-15.6424998664857,19.455));
#2603=CARTESIAN_POINT('',(-19.4004402327146,15.9,19.455));
#2604=CARTESIAN_POINT('Origin',(-19.4004402327146,14.9,19.455));
#2605=CARTESIAN_POINT('',(19.3995597672854,15.9,19.455));
#2606=CARTESIAN_POINT('',(-10.2002201163575,15.9,19.455));
#2607=CARTESIAN_POINT('',(20.3995597672854,14.9,19.455));
#2608=CARTESIAN_POINT('Origin',(19.3995597672854,14.9,19.455));
#2609=CARTESIAN_POINT('',(20.3995597672854,-13.7,19.455));
#2610=CARTESIAN_POINT('',(20.3995597672854,-0.342499866485699,19.455));
#2611=CARTESIAN_POINT('',(19.3995597672854,-14.7,19.455));
#2612=CARTESIAN_POINT('Origin',(19.3995597672854,-13.7,19.455));
#2613=CARTESIAN_POINT('',(-19.4004402327146,-14.7,19.455));
#2614=CARTESIAN_POINT('',(10.1997798836425,-14.7,19.455));
#2615=CARTESIAN_POINT('Origin',(-19.4004402327146,-13.7,19.455));
#2616=CARTESIAN_POINT('Origin',(27.4800013160704,-56.1699997329711,19.455));
#2617=CARTESIAN_POINT('',(27.4800013160704,-57.1699997329711,3.50000000000012));
#2618=CARTESIAN_POINT('Ctrl Pts',(27.4800013160704,-57.1699997329711,3.50000000000012));
#2619=CARTESIAN_POINT('Ctrl Pts',(27.7023221002107,-57.1699997329711,4.02138844217729));
#2620=CARTESIAN_POINT('Ctrl Pts',(27.9448287999243,-57.0918891920903,4.58543214137168));
#2621=CARTESIAN_POINT('Ctrl Pts',(28.3314004661411,-56.7539480692315,5.67453284214152));
#2622=CARTESIAN_POINT('Ctrl Pts',(28.4800013160704,-56.4958919996776,6.19852476527831));
#2623=CARTESIAN_POINT('Ctrl Pts',(28.4800013160704,-56.1699997329711,6.66227757572545));
#2624=CARTESIAN_POINT('',(26.4800019999937,-56.1699997329711,6.66227757572545));
#2625=CARTESIAN_POINT('',(26.4800013160704,-56.1699997329711,19.455));
#2626=CARTESIAN_POINT('Ctrl Pts',(26.4800013160704,-56.1699997329711,6.66227757572546));
#2627=CARTESIAN_POINT('Ctrl Pts',(26.4800013160704,-56.4958919996776,6.19852476527831));
#2628=CARTESIAN_POINT('Ctrl Pts',(26.6286021659997,-56.7539480692315,5.67453284214152));
#2629=CARTESIAN_POINT('Ctrl Pts',(27.0151738322165,-57.0918891920903,4.58543214137167));
#2630=CARTESIAN_POINT('Ctrl Pts',(27.2576805319301,-57.1699997329711,4.02138844217729));
#2631=CARTESIAN_POINT('Ctrl Pts',(27.4800013160704,-57.1699997329711,3.50000000000012));
#2632=CARTESIAN_POINT('Origin',(28.4800013160704,-51.6699999999995,3.50000000000012));
#2633=CARTESIAN_POINT('Origin',(26.4800019999937,-51.6699999999995,3.50000000000012));
#2634=CARTESIAN_POINT('Origin',(27.4800013160704,23.0000002670283,19.455));
#2635=CARTESIAN_POINT('',(27.4800013160704,24.0000002670283,19.455));
#2636=CARTESIAN_POINT('Origin',(-28.4800013160713,24.0000002670283,19.455));
#2637=CARTESIAN_POINT('',(-27.4800013160713,24.0000002670283,19.455));
#2638=CARTESIAN_POINT('Origin',(-27.4800013160713,23.0000002670283,19.455));
#2639=CARTESIAN_POINT('',(-28.4800013160713,23.0000002670283,19.455));
#2640=CARTESIAN_POINT('Origin',(-19.4004402327146,14.9,19.455));
#2641=CARTESIAN_POINT('',(-20.4004402327146,14.9,17.455));
#2642=CARTESIAN_POINT('',(-20.4004402327146,14.9,19.455));
#2643=CARTESIAN_POINT('',(-19.4004402327146,15.9,17.455));
#2644=CARTESIAN_POINT('Origin',(-19.4004402327146,14.9,17.455));
#2645=CARTESIAN_POINT('',(-19.4004402327146,15.9,19.455));
#2646=CARTESIAN_POINT('Origin',(-20.4004402327146,-14.7,19.455));
#2647=CARTESIAN_POINT('',(-20.4004402327146,-13.7,17.455));
#2648=CARTESIAN_POINT('',(-20.4004402327146,-13.7,19.455));
#2649=CARTESIAN_POINT('',(-20.4004402327146,-15.6424998664857,17.455));
#2650=CARTESIAN_POINT('Origin',(-19.4004402327146,-13.7,19.455));
#2651=CARTESIAN_POINT('',(-19.4004402327146,-14.7,17.455));
#2652=CARTESIAN_POINT('',(-19.4004402327146,-14.7,19.455));
#2653=CARTESIAN_POINT('Origin',(-19.4004402327146,-13.7,17.455));
#2654=CARTESIAN_POINT('Origin',(20.3995597672854,-14.7,19.455));
#2655=CARTESIAN_POINT('',(19.3995597672854,-14.7,17.455));
#2656=CARTESIAN_POINT('',(19.3995597672854,-14.7,19.455));
#2657=CARTESIAN_POINT('',(10.1997798836425,-14.7,17.455));
#2658=CARTESIAN_POINT('Origin',(19.3995597672854,-13.7,19.455));
#2659=CARTESIAN_POINT('',(20.3995597672854,-13.7,17.455));
#2660=CARTESIAN_POINT('',(20.3995597672854,-13.7,19.455));
#2661=CARTESIAN_POINT('Origin',(19.3995597672854,-13.7,17.455));
#2662=CARTESIAN_POINT('Origin',(20.3995597672854,15.9,19.455));
#2663=CARTESIAN_POINT('',(20.3995597672854,14.9,17.455));
#2664=CARTESIAN_POINT('',(20.3995597672854,14.9,19.455));
#2665=CARTESIAN_POINT('',(20.3995597672854,-0.3424998664857,17.455));
#2666=CARTESIAN_POINT('Origin',(19.3995597672854,14.9,19.455));
#2667=CARTESIAN_POINT('',(19.3995597672854,15.9,17.455));
#2668=CARTESIAN_POINT('',(19.3995597672854,15.9,19.455));
#2669=CARTESIAN_POINT('Origin',(19.3995597672854,14.9,17.455));
#2670=CARTESIAN_POINT('Origin',(-20.4004402327146,15.9,19.455));
#2671=CARTESIAN_POINT('',(-10.2002201163575,15.9,17.455));
#2672=CARTESIAN_POINT('Origin',(25.4800013160704,-23.71,15.8412500000001));
#2673=CARTESIAN_POINT('',(25.4800013160704,-22.71,17.455));
#2674=CARTESIAN_POINT('',(26.4800013160704,-23.71,17.455));
#2675=CARTESIAN_POINT('Origin',(25.4800013160704,-23.71,17.455));
#2676=CARTESIAN_POINT('',(26.4800013160704,-23.71,15.8412500000001));
#2677=CARTESIAN_POINT('',(25.4800013160704,-22.71,15.8412500000001));
#2678=CARTESIAN_POINT('Origin',(26.4800013160704,24.0000002670283,19.455));
#2679=CARTESIAN_POINT('',(26.4800013160704,-14.5185617178913,1.49099973426815));
#2680=CARTESIAN_POINT('Origin',(26.4800013160704,-14.3987801151312,2.48380000000001));
#2681=CARTESIAN_POINT('',(26.4800013160704,-30.1467834732233,3.37654863544901));
#2682=CARTESIAN_POINT('',(26.4800013160704,3.39626185784848,-0.670428253951963));
#2683=CARTESIAN_POINT('',(26.4800013160704,-31.2517089508873,2.55547939683752));
#2684=CARTESIAN_POINT('Origin',(26.4800013160704,-30.2665650759795,2.38374836974876));
#2685=CARTESIAN_POINT('Origin',(26.4800013160704,-36.6699999999995,3.50000000000012));
#2686=CARTESIAN_POINT('',(26.4800013160704,22.0000002670283,17.455));
#2687=CARTESIAN_POINT('',(26.4800013160704,3.70750026702845,17.455));
#2688=CARTESIAN_POINT('',(26.4800013160704,22.0000002670283,19.455));
#2689=CARTESIAN_POINT('Origin',(26.4800013160704,10.1012196178389,2.48380000000001));
#2690=CARTESIAN_POINT('',(26.4800013160704,11.3512196178389,2.48380000000001));
#2691=CARTESIAN_POINT('Origin',(26.4800013160704,10.1012196178389,2.48380000000001));
#2692=CARTESIAN_POINT('',(26.4800013160704,-35.4199999999995,3.50000000000011));
#2693=CARTESIAN_POINT('Origin',(26.4800013160704,-36.6699999999995,3.50000000000011));
#2694=CARTESIAN_POINT('Origin',(-25.4800013160713,-23.71,15.8412500000001));
#2695=CARTESIAN_POINT('',(-25.4800013160713,-22.71,17.455));
#2696=CARTESIAN_POINT('Origin',(-25.4800013160713,-23.71,17.455));
#2697=CARTESIAN_POINT('',(-25.4800013160713,-22.71,15.8412500000001));
#2698=CARTESIAN_POINT('Origin',(-4.30766533554561E-13,-22.71,12.2275000000001));
#2699=CARTESIAN_POINT('',(-4.28467391774823E-13,-22.71,17.455));
#2700=CARTESIAN_POINT('Origin',(-27.4800013160713,-56.1699997329711,19.455));
#2701=CARTESIAN_POINT('',(-28.4800013160713,-56.1699997329711,19.455));
#2702=CARTESIAN_POINT('Origin',(-26.4,3.882215,4.09880000000001));
#2703=CARTESIAN_POINT('',(-27.4,3.882215,3.99880000000001));
#2704=CARTESIAN_POINT('',(-26.4,3.882215,3.99880000000001));
#2705=CARTESIAN_POINT('',(-27.4,3.882215,7.69880000000001));
#2706=CARTESIAN_POINT('',(-27.4,3.882215,4.97380000000001));
#2707=CARTESIAN_POINT('',(-26.4,3.882215,7.69880000000001));
#2708=CARTESIAN_POINT('Origin',(-26.4,3.982215,7.69880000000001));
#2709=CARTESIAN_POINT('',(-27.4,9.582215,7.69880000000001));
#2710=CARTESIAN_POINT('',(-27.4,4.857215,7.69880000000001));
#2711=CARTESIAN_POINT('',(-26.4,9.582215,7.69880000000001));
#2712=CARTESIAN_POINT('Origin',(-26.4,9.582215,7.59880000000001));
#2713=CARTESIAN_POINT('',(-27.4,9.582215,3.99880000000001));
#2714=CARTESIAN_POINT('',(-27.4,9.582215,6.72380000000001));
#2715=CARTESIAN_POINT('',(-26.4,9.582215,3.99880000000001));
#2716=CARTESIAN_POINT('Origin',(-26.4,9.482215,3.99880000000001));
#2717=CARTESIAN_POINT('',(-27.4,7.607215,3.99880000000001));
#2718=CARTESIAN_POINT('Origin',(-27.4,5.732215,5.84880000000001));
#2719=CARTESIAN_POINT('',(-27.4,9.232215,5.09880000000001));
#2720=CARTESIAN_POINT('Origin',(-28.4800013160713,9.232215,4.34880000000001));
#2721=CARTESIAN_POINT('',(-28.4800013160713,9.232215,11.9019));
#2722=CARTESIAN_POINT('Origin',(-28.4800013160713,0.250000000000006,7.35880000000001));
#2723=CARTESIAN_POINT('',(-28.4800013160713,0.250000000000004,8.60880000000001));
#2724=CARTESIAN_POINT('',(-28.4800013160713,1.5,7.35880000000001));
#2725=CARTESIAN_POINT('Origin',(-28.4800013160713,0.250000000000006,7.35880000000001));
#2726=CARTESIAN_POINT('',(-28.4800013160713,1.50000000000001,7.35880000000001));
#2727=CARTESIAN_POINT('',(-28.4800013160713,0.250000000000006,8.60880000000001));
#2728=CARTESIAN_POINT('Origin',(-28.4800013160713,1.5,6.39880000000001));
#2729=CARTESIAN_POINT('',(-28.4800013160713,1.5,6.09880000000001));
#2730=CARTESIAN_POINT('',(-28.4800013160713,1.50000000000001,12.9269));
#2731=CARTESIAN_POINT('',(-28.4800013160713,1.5,6.09880000000001));
#2732=CARTESIAN_POINT('Origin',(-28.4800013160713,0.250000000000006,6.09880000000001));
#2733=CARTESIAN_POINT('',(-28.4800013160713,0.250000000000004,4.84880000000001));
#2734=CARTESIAN_POINT('Origin',(-28.4800013160713,0.250000000000006,6.09880000000001));
#2735=CARTESIAN_POINT('',(-28.4800013160713,0.250000000000006,4.84880000000001));
#2736=CARTESIAN_POINT('Origin',(-28.4800013160713,-6.48999999999999,4.84880000000001));
#2737=CARTESIAN_POINT('',(-28.4800013160713,-2.93322179699773,4.84879999999998));
#2738=CARTESIAN_POINT('',(-28.4800013160713,-31.8299998664856,4.84880000000002));
#2739=CARTESIAN_POINT('',(28.4800013160704,-2.93322179699783,4.84880000000001));
#2740=CARTESIAN_POINT('Origin',(-28.4800013160713,-0.0499999999999933,8.60880000000001));
#2741=CARTESIAN_POINT('',(-28.4800013160713,-6.48999999999999,8.60880000000001));
#2742=CARTESIAN_POINT('',(-28.4800013160713,-6.48999999999999,8.60880000000001));
#2743=CARTESIAN_POINT('',(-28.4800013160713,-28.6099998664856,8.60880000000002));
#2744=CARTESIAN_POINT('Origin',(-28.4800013160713,-6.48999999999999,7.05880000000001));
#2745=CARTESIAN_POINT('',(-28.4800013160713,-7.73553305917628,7.98137650007952));
#2746=CARTESIAN_POINT('',(-28.4800013160713,-7.73553305917628,7.98137650007952));
#2747=CARTESIAN_POINT('Origin',(-28.4800013160713,-6.48999999999999,7.05880000000001));
#2748=CARTESIAN_POINT('Origin',(-28.4800013160713,-57.1699997329711,19.455));
#2749=CARTESIAN_POINT('Origin',(-28.4800013160713,-7.89878038216107,2.4838));
#2750=CARTESIAN_POINT('',(-28.4800013160713,-13.3987801151327,2.4838));
#2751=CARTESIAN_POINT('Origin',(-28.4800013160713,-7.89878038216107,2.4838));
#2752=CARTESIAN_POINT('',(-28.4800013160713,-14.5185617178913,1.49099973426814));
#2753=CARTESIAN_POINT('Origin',(-28.4800013160713,-14.3987801151312,2.4838));
#2754=CARTESIAN_POINT('',(-28.4800013160713,-30.1467834732233,3.37654863544899));
#2755=CARTESIAN_POINT('',(-28.4800013160713,-36.6064394828286,4.1559077641843));
#2756=CARTESIAN_POINT('Origin',(-28.4800013160713,-30.2665650759795,2.38374836974875));
#2757=CARTESIAN_POINT('',(-28.4800013160713,-35.4199999999995,3.50000000000011));
#2758=CARTESIAN_POINT('Origin',(-28.4800013160713,-36.6699999999995,3.50000000000011));
#2759=CARTESIAN_POINT('',(-28.4800013160713,11.3512196178389,2.48380000000001));
#2760=CARTESIAN_POINT('Origin',(-28.4800013160713,10.1012196178389,2.48380000000001));
#2761=CARTESIAN_POINT('Origin',(28.4800013160704,-7.89878038216107,2.48380000000001));
#2762=CARTESIAN_POINT('',(28.4800013160704,-13.3987801151327,2.48380000000001));
#2763=CARTESIAN_POINT('Origin',(-4.26204523062967E-13,-16.5849997329714,
17.455));
#2764=CARTESIAN_POINT('',(-14.2400006580358,22.0000002670283,17.455));
#2765=CARTESIAN_POINT('Origin',(-28.4800013160713,10.1012196178389,2.48380000000001));
#2766=CARTESIAN_POINT('',(-28.4800013160713,11.3512196178389,2.48380000000001));
#2767=CARTESIAN_POINT('Origin',(-28.4800013160713,10.1012196178389,2.48380000000001));
#2768=CARTESIAN_POINT('',(-28.4800013160713,11.3512196178389,2.48380000000001));
#2769=CARTESIAN_POINT('Origin',(-28.4800013160713,-36.6699999999995,3.50000000000011));
#2770=CARTESIAN_POINT('',(-28.4800013160713,-35.4199999999995,3.50000000000011));
#2771=CARTESIAN_POINT('Origin',(-28.4800013160713,-36.6699999999995,3.50000000000011));
#2772=CARTESIAN_POINT('',(-28.4800013160713,-35.4199999999995,3.50000000000011));
#2773=CARTESIAN_POINT('Origin',(28.4800013160704,-7.89878038216107,2.48380000000001));
#2774=CARTESIAN_POINT('Origin',(28.4800013160704,-14.3987801151312,2.48380000000001));
#2775=CARTESIAN_POINT('',(28.4800013160704,-14.5185617178913,1.49099973426815));
#2776=CARTESIAN_POINT('Origin',(28.4800013160704,-14.5185617178913,1.49099973426815));
#2777=CARTESIAN_POINT('',(28.4800013160704,-30.1467834732233,3.37654863544901));
#2778=CARTESIAN_POINT('Origin',(28.4800013160704,-30.2665650759795,2.38374836974876));
#2779=CARTESIAN_POINT('Origin',(28.4800013160704,10.1012196178389,2.48380000000001));
#2780=CARTESIAN_POINT('Origin',(28.4800013160704,-14.3987801151312,2.48380000000001));
#2781=CARTESIAN_POINT('',(28.4800013160704,-14.5185617178913,1.49099973426815));
#2782=CARTESIAN_POINT('Origin',(28.4800013160704,-14.5185617178913,1.49099973426815));
#2783=CARTESIAN_POINT('',(28.4800013160704,-30.1467834732233,3.37654863544901));
#2784=CARTESIAN_POINT('Origin',(28.4800013160704,-30.2665650759795,2.38374836974876));
#2785=CARTESIAN_POINT('',(28.4800013160704,-31.2517089508873,2.55547939683752));
#2786=CARTESIAN_POINT('Origin',(28.4800013160704,-36.6699999999995,3.50000000000012));
#2787=CARTESIAN_POINT('Origin',(-28.4800013160713,22.0000002670283,19.455));
#2788=UNCERTAINTY_MEASURE_WITH_UNIT(LENGTH_MEASURE(0.01),#2792,
'DISTANCE_ACCURACY_VALUE',
'Maximum model space distance between geometric entities at asserted c
onnectivities');
#2789=UNCERTAINTY_MEASURE_WITH_UNIT(LENGTH_MEASURE(0.01),#2792,
'DISTANCE_ACCURACY_VALUE',
'Maximum model space distance between geometric entities at asserted c
onnectivities');
#2790=(
GEOMETRIC_REPRESENTATION_CONTEXT(3)
GLOBAL_UNCERTAINTY_ASSIGNED_CONTEXT((#2788))
GLOBAL_UNIT_ASSIGNED_CONTEXT((#2792,#2794,#2795))
REPRESENTATION_CONTEXT('','3D')
);
#2791=(
GEOMETRIC_REPRESENTATION_CONTEXT(3)
GLOBAL_UNCERTAINTY_ASSIGNED_CONTEXT((#2789))
GLOBAL_UNIT_ASSIGNED_CONTEXT((#2792,#2794,#2795))
REPRESENTATION_CONTEXT('','3D')
);
#2792=(
LENGTH_UNIT()
NAMED_UNIT(*)
SI_UNIT(.MILLI.,.METRE.)
);
#2793=(
LENGTH_UNIT()
NAMED_UNIT(*)
SI_UNIT($,.METRE.)
);
#2794=(
NAMED_UNIT(*)
PLANE_ANGLE_UNIT()
SI_UNIT($,.RADIAN.)
);
#2795=(
NAMED_UNIT(*)
SI_UNIT($,.STERADIAN.)
SOLID_ANGLE_UNIT()
);
#2796=SHAPE_DEFINITION_REPRESENTATION(#2797,#2798);
#2797=PRODUCT_DEFINITION_SHAPE('',$,#2800);
#2798=SHAPE_REPRESENTATION('',(#1626),#2790);
#2799=PRODUCT_DEFINITION_CONTEXT('part definition',#2804,'design');
#2800=PRODUCT_DEFINITION('Front Shell','Front Shell',#2801,#2799);
#2801=PRODUCT_DEFINITION_FORMATION('',$,#2806);
#2802=PRODUCT_RELATED_PRODUCT_CATEGORY('Front Shell','Front Shell',(#2806));
#2803=APPLICATION_PROTOCOL_DEFINITION('international standard',
'automotive_design',2009,#2804);
#2804=APPLICATION_CONTEXT(
'Core Data for Automotive Mechanical Design Process');
#2805=PRODUCT_CONTEXT('part definition',#2804,'mechanical');
#2806=PRODUCT('Front Shell','Front Shell',$,(#2805));
#2807=PRESENTATION_STYLE_ASSIGNMENT((#2808));
#2808=SURFACE_STYLE_USAGE(.BOTH.,#2809);
#2809=SURFACE_SIDE_STYLE('',(#2810));
#2810=SURFACE_STYLE_FILL_AREA(#2811);
#2811=FILL_AREA_STYLE('Steel - Satin',(#2812));
#2812=FILL_AREA_STYLE_COLOUR('Steel - Satin',#2813);
#2813=COLOUR_RGB('Steel - Satin',0.627450980392157,0.627450980392157,0.627450980392157);
ENDSEC;
END-ISO-10303-21;
