#VRML V2.0 utf8
# 3D model generated by easyeda2kicad.py (https://github.com/uPesy/easyeda2kicad.py)

Shape{
    appearance Appearance {
        material  Material 	{
            diffuseColor 0.20784313725490197 0.20784313725490197 0.20784313725490197
            specularColor 0.01568627450980392 0.01568627450980392 0.01568627450980392
            ambientIntensity 0.298
            transparency 0.0
            shininess 0.5
        }
    }
    geometry IndexedFaceSet {
        ccw TRUE
        solid FALSE
        coord DEF co Coordinate {
            point [
                -1.2863 1.6019 0.3661, -1.2863 1.553 0.3661, -1.2643 1.553 0.3661, 0.2176 1.5301 0.3661, 0.2176 1.6023 0.3661, -1.0638 1.6023 0.3661, -1.4811 1.5049 0.3661, -1.4742 1.4986 0.3661, -1.4583 1.5069 0.3661, -1.2111 1.4589 0.3661, -1.2129 1.4595 0.3661, -1.2129 1.4588 0.3661, -1.1006 1.4592 0.3661, -1.1006 1.5069 0.3661, -1.1058 1.5069 0.3661, -1.0855 1.5618 0.3661, -1.1058 1.5618 0.3661, -1.0799 1.5467 0.3661, -1.1058 1.5301 0.3661, -1.072 1.5467 0.3661, -1.0638 1.5301 0.3661, -1.1058 1.5884 0.3661, -1.1007 1.6019 0.3661, -1.1058 1.6023 0.3661, -1.093 1.6019 0.3661, -1.1217 1.5467 0.3661, -1.1232 1.5301 0.3661, -1.1138 1.5467 0.3661, -1.1085 1.5618 0.3661, -1.2665 1.4841 0.3661, -1.2863 1.4841 0.3661, -1.2863 1.4655 0.3661, -1.2637 1.4655 0.3661, -1.2637 1.4592 0.3661, -1.2629 1.4588 0.3661, -1.2934 1.4592 0.3661, -1.2863 1.4904 0.3661, -1.2665 1.4904 0.3661, -1.2629 1.5069 0.3661, -1.265 1.5144 0.3661, -1.265 1.508 0.3661, -1.2629 1.5301 0.3661, -1.2934 1.5144 0.3661, -1.316 1.5301 0.3661, -1.2934 1.5069 0.3661, -1.316 1.5069 0.3661, -1.316 1.4588 0.3661, -1.2863 1.5069 0.3661, -1.2863 1.508 0.3661, -1.0344 1.5069 0.3661, -1.0316 1.5144 0.3661, -1.024 1.5144 0.3661, -1.0447 1.4592 0.3661, -1.0526 1.4592 0.3661, -1.0638 1.4588 0.3661, -1.0583 1.4998 0.3661, -1.0564 1.4944 0.3661, -1.0556 1.4875 0.3661, -1.0558 1.4838 0.3661, -1.2538 1.5806 0.3661, -1.2231 1.5548 0.3661, -1.2521 1.5855 0.3661, -1.2495 1.5894 0.3661, -1.2546 1.5737 0.3661, -1.2546 1.5732 0.3661, -1.2261 1.5534 0.3661, -1.2323 1.5522 0.3661, -1.2362 1.5963 0.3661, -1.2409 1.5953 0.3661, -1.2231 1.5941 0.3661, -1.2272 1.5956 0.3661, -1.2337 1.5964 0.3661, -1.2452 1.5932 0.3661, -1.2488 1.5902 0.3661, -1.2537 1.5664 0.3661, -1.252 1.5619 0.3661, -1.2492 1.5579 0.3661, -1.2441 1.5542 0.3661, -1.2402 1.5527 0.3661, -1.235 1.5521 0.3661, -1.2478 1.5566 0.3661, -1.2216 1.5936 0.3661, -1.2207 1.5558 0.3661, -1.2207 1.5931 0.3661, -1.2129 1.5301 0.3661, -1.2129 1.6023 0.3661, -1.2231 1.5481 0.3661, -1.2231 1.5301 0.3661, -1.2217 1.5485 0.3661, -1.2207 1.549 0.3661, -1.2281 1.6023 0.3661, -1.2262 1.6022 0.3661, -1.2231 1.6023 0.3661, -1.2231 1.6012 0.3661, -1.2207 1.6005 0.3661, -1.2596 1.7717 0.3661, -1.2338 1.6028 0.3661, -1.2231 1.7717 0.3661, -1.2333 1.6028 0.3661, -1.2382 1.6023 0.3661, -1.2596 1.6023 0.3661, -1.2409 1.6021 0.3661, -1.2468 1.6 0.3661, -1.2579 1.5897 0.3661, -1.2541 1.5947 0.3661, -1.2522 1.5964 0.3661, -1.2596 1.5301 0.3661, -1.2596 1.5605 0.3661, -1.2629 1.6023 0.3661, -1.2606 1.5836 0.3661, -1.2596 1.586 0.3661, -1.2613 1.5657 0.3661, -1.262 1.5732 0.3661, -1.2619 1.5765 0.3661, -1.2452 1.5471 0.3661, -1.2504 1.5496 0.3661, -1.255 1.5533 0.3661, -1.2562 1.5547 0.3661, -1.2593 1.5596 0.3661, -1.2276 1.5466 0.3661, -1.236 1.5458 0.3661, -1.2392 1.5459 0.3661, -1.1232 1.4588 0.3661, -1.1232 1.4592 0.3661, -1.1406 1.4592 0.3661, -1.1679 1.469 0.3661, -1.167 1.4658 0.3661, -1.1668 1.4658 0.3661, -1.1665 1.4671 0.3661, -1.166 1.4689 0.3661, -1.1748 1.489 0.3661, -1.1552 1.4986 0.3661, -1.1748 1.5069 0.3661, -1.1748 1.4705 0.3661, -1.1859 1.4986 0.3661, -1.1877 1.4588 0.3661, -1.1748 1.4496 0.3661, -1.1748 1.4497 0.3661, -1.1748 1.4588 0.3661, -1.1735 1.4521 0.3661, -1.1707 1.4588 0.3661, -1.1845 1.4412 0.3661, -1.1845 1.4474 0.3661, -1.1704 1.4593 0.3661, -1.1877 -0.0009 0.3661, -1.18 1.4407 0.3661, -1.1815 1.4407 0.3661, -1.1831 1.4469 0.3661, -1.1805 1.4466 0.3661, -1.1789 1.4468 0.3661, -1.1774 1.4473 0.3661, -1.1761 1.4482 0.3661, -1.1406 1.5069 0.3661, -1.1481 1.4986 0.3661, -1.1638 1.4588 0.3661, -1.166 1.4533 0.3661, -1.1691 1.4472 0.3661, -1.1716 1.4441 0.3661, -1.1232 -0.0009 0.3661, -1.1721 1.4437 0.3661, -1.1745 1.442 0.3661, -1.1748 -0.0009 0.3661, -1.1748 1.4419 0.3661, -1.1772 1.441 0.3661, -1.0759 1.5133 0.3661, -1.0693 1.5108 0.3661, -1.1006 1.5144 0.3661, -1.0848 1.5144 0.3661, -1.064 1.5071 0.3661, -1.0638 1.5069 0.3661, -1.0616 1.5047 0.3661, -1.0762 1.4603 0.3661, -1.0854 1.4592 0.3661, -1.0572 1.4773 0.3661, -1.06 1.4717 0.3661, -1.0638 1.4671 0.3661, -1.064 1.4669 0.3661, -1.1058 1.4588 0.3661, -1.0645 1.4664 0.3661, -1.0698 1.4627 0.3661, -1.1877 1.5069 0.3661, -1.1914 1.4978 0.3661, -1.1914 1.4911 0.3661, -1.1918 1.4764 0.3661, -1.1905 1.4745 0.3661, -1.2116 1.4964 0.3661, -1.2096 1.4976 0.3661, -1.2129 1.5069 0.3661, -1.1898 1.4725 0.3661, -1.1895 1.4699 0.3661, -1.1898 1.4672 0.3661, -1.1907 1.465 0.3661, -1.192 1.4631 0.3661, -1.2058 1.4989 0.3661, -1.2007 1.4995 0.3661, -1.1968 1.4992 0.3661, -1.1782 1.4986 0.3661, -1.1939 1.4614 0.3661, -1.1955 1.4604 0.3661, -1.1992 1.459 0.3661, -1.2014 1.4939 0.3661, -1.2034 1.4937 0.3661, -1.2089 1.4886 0.3661, -1.2053 1.4933 0.3661, -1.2068 1.4924 0.3661, -1.2089 1.4877 0.3661, -1.2086 1.4866 0.3661, -1.2081 1.4857 0.3661, -1.2074 1.4849 0.3661, -1.205 1.4834 0.3661, -1.1968 1.4934 0.3661, -1.2007 1.4815 0.3661, -1.193 1.492 0.3661, -1.198 1.4805 0.3661, -1.1934 1.4779 0.3661, -1.2079 1.4915 0.3661, -1.2085 1.4906 0.3661, -1.2088 1.4897 0.3661, -1.2161 1.4677 0.3661, -1.2231 1.5069 0.3661, -1.2231 1.4588 0.3661, -1.2161 1.4606 0.3661, -1.2158 1.4904 0.3661, -1.215 1.4927 0.3661, -1.2137 1.4945 0.3661, -1.2129 1.4952 0.3661, -1.2134 1.4661 0.3661, -1.2129 1.4659 0.3661, -1.2129 1.4805 0.3661, -1.2141 1.4817 0.3661, -1.215 1.4832 0.3661, -1.2158 1.4853 0.3661, -1.216 1.488 0.3661, -1.213 1.4806 0.3661, -1.2091 1.4644 0.3661, -1.2056 1.4765 0.3661, -1.2097 1.4784 0.3661, -1.2047 1.4639 0.3661, -1.2044 1.4639 0.3661, -1.2011 1.4746 0.3661, -1.2009 1.4643 0.3661, -1.1966 1.4693 0.3661, -1.1966 1.4701 0.3661, -1.1991 1.465 0.3661, -1.1985 1.4654 0.3661, -1.1977 1.4661 0.3661, -1.1971 1.467 0.3661, -1.1967 1.4679 0.3661, -1.197 1.4712 0.3661, -1.1975 1.4721 0.3661, -1.1984 1.473 0.3661, -1.2015 1.4588 0.3661, -1.2054 1.4583 0.3661, -1.21 1.4588 0.3661, -1.2129 -0.0009 0.3661, -1.2557 1.476 0.3661, -1.2543 1.478 0.3661, -1.2533 1.4891 0.3661, -1.2358 1.4613 0.3661, -1.2382 1.4597 0.3661, -1.2324 1.4592 0.3661, -1.2409 1.4588 0.3661, -1.2487 1.4588 0.3661, -1.2514 1.4598 0.3661, -1.2596 1.4588 0.3661, -1.2596 1.5069 0.3661, -1.2533 1.4958 0.3661, -1.2515 1.4969 0.3661, -1.2327 1.4983 0.3661, -1.2304 1.497 0.3661, -1.2285 1.4952 0.3661, -1.2271 1.493 0.3661, -1.2522 1.4798 0.3661, -1.2492 1.4813 0.3661, -1.2488 1.492 0.3661, -1.244 1.4826 0.3661, -1.238 1.4937 0.3661, -1.2403 1.4939 0.3661, -1.2445 1.4935 0.3661, -1.2537 1.4614 0.3661, -1.2545 1.4622 0.3661, -1.2559 1.4643 0.3661, -1.2324 1.4653 0.3661, -1.2325 1.4653 0.3661, -1.2336 1.4637 0.3661, -1.2568 1.4666 0.3661, -1.2571 1.4698 0.3661, -1.2571 1.4706 0.3661, -1.2566 1.4736 0.3661, -1.2463 1.4988 0.3661, -1.2397 1.4995 0.3661, -1.2356 1.4991 0.3661, -1.226 1.4899 0.3661, -1.2255 1.4846 0.3661, -1.2255 1.4592 0.3661, -1.2324 1.4843 0.3661, -1.2326 1.4873 0.3661, -1.2333 1.4898 0.3661, -1.2341 1.4912 0.3661, -1.2352 1.4923 0.3661, -1.2364 1.4931 0.3661, -1.2411 1.4587 0.3661, -1.2231 -0.0009 0.3661, -1.2596 -0.0009 0.3661, -1.2446 1.4583 0.3661, -1.2486 1.4588 0.3661, -1.416 1.608 0.3661, -1.4076 1.6023 0.3661, -1.316 1.6023 0.3661, -1.3985 1.5963 0.3661, -1.3856 1.5812 0.3661, -1.3638 1.5589 0.3661, -1.3532 1.5499 0.3661, -1.3452 1.5387 0.3661, -1.3774 1.5653 0.3661, -1.3755 1.5647 0.3661, -1.4357 1.615 0.3661, -1.316 1.7717 0.3661, -1.4894 1.6073 0.3661, -1.4713 1.6143 0.3661, -1.7657 1.7717 0.3661, -1.4519 1.6167 0.3661, -1.4974 1.6023 0.3661, -1.7657 1.6023 0.3661, -1.4989 1.6014 0.3661, -1.5797 1.554 0.3661, -1.5703 1.5661 0.3661, -1.5407 1.583 0.3661, -1.5252 1.5849 0.3661, -1.5081 1.5935 0.3661, -1.5207 1.5847 0.3661, -1.5162 1.5841 0.3661, -1.5677 1.5686 0.3661, -1.5552 1.5773 0.3661, -1.7657 1.5301 0.3661, -1.7657 1.5069 0.3661, -1.5887 1.5214 0.3661, -1.5886 1.5251 0.3661, -1.5877 1.5301 0.3661, -1.586 1.5398 0.3661, -1.56 1.4682 0.3661, -1.5723 1.4786 0.3661, -1.7657 1.4588 0.3661, -1.5459 1.4613 0.3661, -1.5812 1.4914 0.3661, -1.5868 1.506 0.3661, -1.5869 1.5069 0.3661, -1.5409 1.4598 0.3661, -1.5404 1.4588 0.3661, -1.5369 1.4514 0.3661, -1.4669 1.4588 0.3661, -1.467 1.4585 0.3661, -1.7657 -0.0009 0.3661, -1.4941 1.4343 0.3661, -1.5036 1.4331 0.3661, -1.5311 1.4442 0.3661, -1.5234 1.4384 0.3661, -1.4716 1.4498 0.3661, -1.4776 1.4431 0.3661, -1.4854 1.4377 0.3661, -1.5051 1.4332 0.3661, -1.5144 1.4346 0.3661, -1.3394 1.5069 0.3661, -1.3403 1.5 0.3661, -1.3531 1.4767 0.3661, -1.3637 1.4677 0.3661, -1.4192 1.4802 0.3661, -1.4168 1.4819 0.3661, -1.4095 1.5053 0.3661, -1.4141 1.4829 0.3661, -1.4111 1.4833 0.3661, -1.3453 1.4875 0.3661, -1.4107 1.4833 0.3661, -1.4095 1.483 0.3661, -1.4087 1.4829 0.3661, -1.4232 1.4712 0.3661, -1.4232 1.4727 0.3661, -1.4644 1.4763 0.3661, -1.4224 1.4757 0.3661, -1.4209 1.4784 0.3661, -1.4141 1.4594 0.3661, -1.4167 1.4604 0.3661, -1.4192 1.4622 0.3661, -1.4201 1.4631 0.3661, -1.4218 1.4656 0.3661, -1.4229 1.4683 0.3661, -1.4646 1.4682 0.3661, -1.4644 1.4724 0.3661, -1.3757 1.4618 0.3661, -1.3887 1.459 0.3661, -1.4119 1.459 0.3661, -1.3911 1.4829 0.3661, -1.387 1.4835 0.3661, -1.3798 1.486 0.3661, -1.3735 1.4902 0.3661, -1.3702 1.4935 0.3661, -1.366 1.4998 0.3661, -1.3636 1.5069 0.3661, -1.3636 1.5069 0.3661, -1.4105 1.5069 0.3661, -1.3629 1.5135 0.3661, -1.5217 1.5075 0.3661, -1.513 1.5108 0.3661, -1.563 1.5301 0.3661, -1.3631 1.517 0.3661, -1.3649 1.5246 0.3661, -1.4217 1.5261 0.3661, -1.5036 1.512 0.3661, -1.3679 1.5301 0.3661, -1.5609 1.5069 0.3661, -1.5225 1.5069 0.3661, -1.5635 1.516 0.3661, -1.564 1.5222 0.3661, -1.4989 1.5117 0.3661, -1.4894 1.5093 0.3661, -1.4849 1.5069 0.3661, -1.5607 1.5064 0.3661, -1.5362 1.4945 0.3661, -1.5297 1.5019 0.3661, -1.5561 1.4986 0.3661, -1.5491 1.4914 0.3661, -1.5405 1.4861 0.3661, -1.4051 1.5678 0.3661, -1.414 1.5783 0.3661, -1.504 1.5555 0.3661, -1.4148 1.5791 0.3661, -1.4259 1.5868 0.3661, -1.498 1.5679 0.3661, -1.5067 1.557 0.3661, -1.5155 1.5602 0.3661, -1.3869 1.5434 0.3661, -1.3934 1.5441 0.3661, -1.3966 1.5441 0.3661, -1.399 1.5551 0.3661, -1.3686 1.5313 0.3661, -1.3738 1.5369 0.3661, -1.38 1.541 0.3661, -1.5387 1.5588 0.3661, -1.5474 1.5542 0.3661, -1.529 1.5611 0.3661, -1.554 1.5482 0.3661, -1.5595 1.5404 0.3661, -1.4892 1.5784 0.3661, -1.4382 1.5915 0.3661, -1.4788 1.5861 0.3661, -1.4515 1.5931 0.3661, -1.4659 1.5913 0.3661, -1.5248 1.5614 0.3661, -1.5628 1.5317 0.3661, -1.3417 1.5301 0.3661, -1.3404 1.5268 0.3661, -1.3385 1.5139 0.3661, -1.1335 1.4841 0.3661, -1.1335 1.4655 0.3661, -1.1232 1.4655 0.3661, -1.111 1.4592 0.3661, -1.111 1.4655 0.3661, -1.1138 1.4841 0.3661, -1.1232 1.4841 0.3661, -1.1335 1.5069 0.3661, -1.1335 1.4904 0.3661, -1.1232 1.4904 0.3661, -1.1335 1.508 0.3661, -1.1232 1.5069 0.3661, -1.1138 1.4904 0.3661, -1.1232 1.5144 0.3661, -1.1122 1.5144 0.3661, -1.1122 1.508 0.3661, -1.1232 1.508 0.3661, -1.1877 1.5716 0.3661, -1.2026 1.5716 0.3661, -1.1877 1.553 0.3661, -1.2026 1.553 0.3661, -1.1813 1.6019 0.3661, -1.1748 1.6023 0.3661, -1.1877 1.6023 0.3661, -1.1829 1.5716 0.3661, -1.18 1.553 0.3661, -1.1829 1.5779 0.3661, -1.1813 1.5955 0.3661, -1.1877 1.5779 0.3661, -1.1877 1.5955 0.3661, -1.2026 1.5955 0.3661, -1.2026 1.5779 0.3661, -1.1748 1.5301 0.3661, -1.18 1.5467 0.3661, -1.1877 1.5301 0.3661, -1.1877 1.5467 0.3661, -1.2097 1.5467 0.3661, -1.2097 1.6019 0.3661, -1.1877 1.6019 0.3661, 1.7776 -0.0009 0.3661, 1.6963 -0.0009 0.3661, 1.7776 -1.7716 0.3661, 1.6963 -1.7716 0.3661, 1.7776 1.6023 0.3661, 1.6963 1.6023 0.3661, 1.7776 1.5301 0.3661, 1.6963 1.5301 0.3661, 1.7776 1.5069 0.3661, 1.6963 1.5069 0.3661, 1.7776 1.4588 0.3661, 1.6963 1.4588 0.3661, 1.6119 -1.5005 0.3661, 1.615 -1.5234 0.3661, 1.6031 -1.5676 0.3661, 1.5891 -1.5859 0.3661, 1.5707 -1.5999 0.3661, 1.5494 -1.6088 0.3661, 1.6119 -1.5462 0.3661, 1.5265 -1.435 0.3661, 1.5494 -1.438 0.3661, 1.5707 -1.4468 0.3661, 1.5891 -1.4608 0.3661, 1.6031 -1.4792 0.3661, 0.2176 -1.7716 0.3661, 1.464 -1.5859 0.3661, 1.45 -1.5676 0.3661, 1.4411 -1.5462 0.3661, 1.4381 -1.5234 0.3661, 1.4411 -1.5005 0.3661, 1.45 -1.4792 0.3661, 0.2176 -0.0009 0.3661, 1.5265 -1.6118 0.3661, 1.5037 -1.6088 0.3661, 1.4823 -1.5999 0.3661, 1.464 -1.4608 0.3661, 1.4823 -1.4468 0.3661, 1.5037 -1.438 0.3661, 0.2176 1.5069 0.3661, 0.2176 1.4588 0.3661, -1.0211 1.5069 0.3661, -1.003 1.4592 0.3661, -1.0108 1.4592 0.3661, -1.0165 1.4743 0.3661, -1.0394 1.4743 0.3661, -1.1058 -0.0009 0.3661, -1.0638 -0.0009 0.3661, -1.1539 1.6019 0.3661, -1.1232 1.6023 0.3661, -1.1449 1.6008 0.3661, -1.1384 1.5983 0.3661, -1.1247 1.575 0.3661, -1.1255 1.5819 0.3661, -1.1274 1.5873 0.3661, -1.1452 1.5478 0.3661, -1.1406 1.5144 0.3661, -1.1249 1.5713 0.3661, -1.1263 1.5648 0.3661, -1.129 1.5592 0.3661, -1.133 1.5544 0.3661, -1.1545 1.5467 0.3661, -1.1696 1.5467 0.3661, -1.1696 1.6019 0.3661, -1.133 1.5946 0.3661, -1.1307 1.5922 0.3661, -1.1336 1.5539 0.3661, -1.1389 1.5502 0.3661, -1.2129 1.7717 0.3661, -1.1877 1.7717 0.3661, -1.1748 1.7717 0.3661, -1.1232 1.7717 0.3661, -1.1058 1.7717 0.3661, -1.0638 1.7717 0.3661, 0.2176 1.7717 0.3661, 1.6963 1.7717 0.3661, 1.7776 1.7717 0.3661, -1.316 -0.0009 0.3661, -1.2629 -0.0009 0.3661, -1.2934 1.5467 0.3661, -1.2934 1.6019 0.3661, -1.2643 1.5467 0.3661, -1.2629 1.7717 0.3661, -1.0638 -1.7716 0.3661, -1.1058 -1.7716 0.3661, -1.1232 -1.7716 0.3661, -1.1748 -1.7716 0.3661, -1.1877 -1.7716 0.3661, -1.2129 -1.7716 0.3661, -1.2231 -1.7716 0.3661, -1.2596 -1.7716 0.3661, -1.2629 -1.7716 0.3661, -1.316 -1.7716 0.3661, -1.7657 -1.7716 0.3661, 1.2446 -1.6377 0.0197, 1.2399 -1.6491 0.0197, 1.0493 -1.1811 0.0197, -1.5161 1.6492 0.0197, -1.7657 1.7717 0.0197, -1.5177 1.6615 0.0197, -1.5177 1.7717 0.0197, -1.6432 -1.522 0.0197, -1.7657 -1.7716 0.0197, -1.6555 -1.5236 0.0197, -1.7657 -1.5236 0.0197, -1.6318 -1.1235 0.0197, -1.6221 -1.116 0.0197, -1.6432 -1.2338 0.0197, 1.2521 -1.628 0.0197, 1.6551 1.5221 0.0197, 1.7776 1.7717 0.0197, 1.6674 1.5237 0.0197, 1.7776 1.5237 0.0197, 1.6438 1.1236 0.0197, 1.634 1.1161 0.0197, 1.6551 1.2339 0.0197, -1.6098 -1.4641 0.0197, -1.6555 -1.3267 0.0197, -1.6432 -1.3251 0.0197, 1.1123 -1.6205 0.0197, 1.1009 -1.6157 0.0197, 0.0808 -1.6205 0.0197, 0.071 -1.628 0.0197, -0.0802 -1.6157 0.0197, 0.0635 -1.6377 0.0197, -0.0688 -1.6205 0.0197, 1.6217 1.4642 0.0197, 1.6674 1.3268 0.0197, 1.6551 1.3252 0.0197, 1.2382 -1.6614 0.0197, 1.2382 -1.7716 0.0197, 1.1359 -1.7716 0.0197, 0.1166 -1.6157 0.0197, 0.1044 -1.6141 0.0197, 0.0922 -1.6157 0.0197, -0.8562 -1.6205 0.0197, -1.1751 -1.1811 0.0197, -0.8676 -1.6157 0.0197, -0.8799 -1.6141 0.0197, 1.1871 -1.0433 0.0197, 1.6551 -1.2338 0.0197, 1.6438 -1.2386 0.0197, 1.634 -1.2461 0.0197, 1.6265 -1.2559 0.0197, 1.6217 -1.2673 0.0197, 1.7776 -1.5236 0.0197, 1.7776 -1.7716 0.0197, 1.5296 -1.7716 0.0197, -1.3192 1.6492 0.0197, -1.4582 1.6158 0.0197, -1.3208 1.6615 0.0197, -1.4468 1.6206 0.0197, -1.4232 1.7717 0.0197, -1.3208 1.7717 0.0197, -1.4232 1.6615 0.0197, -1.4248 1.6492 0.0197, -1.5113 1.6378 0.0197, -1.5038 1.6281 0.0197, -1.1751 1.1812 0.0197, -1.2736 1.6142 0.0197, -1.2613 1.6158 0.0197, -1.6145 -1.4527 0.0197, -1.6221 -1.4429 0.0197, -1.6318 -1.4354 0.0197, -1.6318 -1.5172 0.0197, -1.6221 -1.5097 0.0197, -1.6082 -1.2795 0.0197, -1.6098 -1.2673 0.0197, -1.6098 -1.0949 0.0197, -1.6145 -1.1062 0.0197, 1.0886 -1.6141 0.0197, 1.0764 -1.6157 0.0197, 1.065 -1.6205 0.0197, -0.0468 -1.6491 0.0197, -0.0516 -1.6377 0.0197, -0.0591 -1.628 0.0197, -0.2657 -1.6205 0.0197, -0.2771 -1.6157 0.0197, -0.1161 -1.6205 0.0197, -0.2893 -1.6141 0.0197, -0.1047 -1.6157 0.0197, -0.6374 -1.6491 0.0197, -0.6421 -1.6377 0.0197, -0.5271 -1.6377 0.0197, -0.6708 -1.6157 0.0197, -0.683 -1.6141 0.0197, -0.6952 -1.6157 0.0197, -0.7066 -1.6205 0.0197, -0.3227 -1.628 0.0197, -0.4453 -1.6377 0.0197, -0.3129 -1.6205 0.0197, -0.4528 -1.628 0.0197, -0.4625 -1.6205 0.0197, -0.8921 -1.6157 0.0197, -0.9035 -1.6205 0.0197, -0.9133 -1.628 0.0197, -1.0645 -1.6157 0.0197, -1.0767 -1.6141 0.0197, 1.6201 -1.2795 0.0197, 1.6217 -1.2917 0.0197, 1.4587 -1.6205 0.0197, 1.6265 -1.3031 0.0197, 1.634 -1.3129 0.0197, 1.5296 -1.6614 0.0197, 1.528 -1.6491 0.0197, 1.6674 -1.5236 0.0197, 1.6551 -1.522 0.0197, 1.4414 -1.6377 0.0197, 1.3311 -1.6491 0.0197, 1.4489 -1.628 0.0197, 1.4351 -1.6614 0.0197, 1.4351 -1.7716 0.0197, 1.3327 -1.7716 0.0197, 1.6265 1.4528 0.0197, 1.634 1.443 0.0197, 1.6438 1.4355 0.0197, 1.6438 1.5173 0.0197, 1.634 1.5098 0.0197, 1.1871 1.1812 0.0197, 1.6201 1.2796 0.0197, 1.6217 1.2673 0.0197, 1.6217 1.095 0.0197, 1.6265 1.1063 0.0197, -1.437 1.6281 0.0197, -1.4295 1.6378 0.0197, -1.494 1.6206 0.0197, -1.4826 1.6158 0.0197, -1.4704 1.6142 0.0197, -1.1101 1.6281 0.0197, -1.1003 1.6206 0.0197, -1.0889 1.6158 0.0197, -1.0767 1.6142 0.0197, -1.0358 1.6378 0.0197, -1.0311 1.6492 0.0197, -0.9133 1.6281 0.0197, -1.7657 -1.4291 0.0197, -1.7657 -1.3267 0.0197, -1.6555 -1.4291 0.0197, -1.6432 -1.4307 0.0197, -1.6145 -1.5 0.0197, -1.6098 -1.4886 0.0197, -1.6082 -1.4763 0.0197, -1.6221 1.443 0.0197, -1.6145 1.4528 0.0197, 1.1359 -1.6614 0.0197, 1.1343 -1.6491 0.0197, 1.1296 -1.6377 0.0197, 1.122 -1.628 0.0197, 1.0414 -1.6614 0.0197, 1.0414 -1.7716 0.0197, 0.939 -1.7716 0.0197, 0.9252 -1.628 0.0197, 0.9154 -1.6205 0.0197, 0.904 -1.6157 0.0197, 0.8918 -1.6141 0.0197, -0.7239 -1.6377 0.0197, -0.8342 -1.6491 0.0197, -0.839 -1.6377 0.0197, -1.0311 -1.6491 0.0197, -0.9208 -1.6377 0.0197, -1.0889 -1.6157 0.0197, -1.1003 -1.6205 0.0197, -1.1101 -1.628 0.0197, -1.2499 -1.6205 0.0197, -1.2613 -1.6157 0.0197, -1.2736 -1.6141 0.0197, 1.6674 -1.3267 0.0197, 1.7776 -1.3267 0.0197, 1.7776 -1.4291 0.0197, 1.6438 -1.3204 0.0197, 1.6551 -1.4307 0.0197, 1.6438 -1.4354 0.0197, 1.4367 -1.6491 0.0197, 1.3327 -1.6614 0.0197, 1.3264 -1.6377 0.0197, 1.3189 -1.628 0.0197, 1.3091 -1.6205 0.0197, 1.2977 -1.6157 0.0197, 1.2855 -1.6141 0.0197, 1.2733 -1.6157 0.0197, 1.2619 -1.6205 0.0197, 1.7776 1.4292 0.0197, 1.7776 1.3268 0.0197, 1.6674 1.4292 0.0197, 1.6551 1.4308 0.0197, 1.6265 1.5 0.0197, 1.6217 1.4887 0.0197, 1.6201 1.4764 0.0197, -1.3145 1.6378 0.0197, -1.307 1.6281 0.0197, -1.2972 1.6206 0.0197, -1.2858 1.6158 0.0197, 0.7072 1.6158 0.0197, 0.7186 1.6206 0.0197, 0.8462 1.6492 0.0197, 0.7283 1.6281 0.0197, 0.7359 1.6378 0.0197, -1.6318 -1.3204 0.0197, -1.6221 -1.3129 0.0197, -1.6145 -1.3031 0.0197, -1.6098 -1.2917 0.0197, -1.6145 -1.059 0.0197, -1.6221 -1.0492 0.0197, -1.6221 -0.9192 0.0197, -1.6318 -1.0417 0.0197, -1.6432 -1.037 0.0197, -1.6318 -0.9267 0.0197, -1.6098 1.4642 0.0197, -1.6082 1.4764 0.0197, -1.6098 1.4887 0.0197, 1.0477 -1.6377 0.0197, 1.043 -1.6491 0.0197, 0.9374 -1.6491 0.0197, 0.939 -1.6614 0.0197, 0.9327 -1.6377 0.0197, 1.0552 -1.628 0.0197, 0.8509 -1.6377 0.0197, 0.8462 -1.6491 0.0197, 0.7072 -1.6157 0.0197, 0.6949 -1.6141 0.0197, 0.1453 -1.6377 0.0197, 0.1378 -1.628 0.0197, 0.2776 -1.6205 0.0197, 0.4647 -1.628 0.0197, 0.4572 -1.6377 0.0197, 0.3469 -1.6491 0.0197, 0.539 -1.6377 0.0197, 0.6713 -1.6205 0.0197, 0.6615 -1.628 0.0197, 0.5315 -1.628 0.0197, 0.5217 -1.6205 0.0197, 0.5103 -1.6157 0.0197, 0.0571 -1.6614 0.0197, 0.0571 -1.7716 0.0197, -0.0452 -1.7716 0.0197, -0.6496 -1.628 0.0197, -0.5098 -1.6205 0.0197, -0.5196 -1.628 0.0197, -0.2437 -1.6491 0.0197, -0.2484 -1.6377 0.0197, -0.1334 -1.6377 0.0197, -0.7164 -1.628 0.0197, -0.8465 -1.628 0.0197, -0.3366 -1.6614 0.0197, -0.3366 -1.7716 0.0197, -0.4389 -1.7716 0.0197, -0.9271 -1.6614 0.0197, -0.9271 -1.7716 0.0197, -1.0295 -1.7716 0.0197, -1.0358 -1.6377 0.0197, -1.0433 -1.628 0.0197, -1.0531 -1.6205 0.0197, -1.4468 -1.6205 0.0197, -1.4582 -1.6157 0.0197, -1.4704 -1.6141 0.0197, -1.4826 -1.6157 0.0197, -1.494 -1.6205 0.0197, -1.5038 -1.628 0.0197, -1.5113 -1.6377 0.0197, -1.5161 -1.6491 0.0197, -1.5177 -1.6614 0.0197, -1.5177 -1.7716 0.0197, 1.6551 -1.3251 0.0197, 1.6674 -1.4291 0.0197, 1.6217 -1.4641 0.0197, 1.6265 -1.4527 0.0197, 1.634 -1.4429 0.0197, 1.6265 -1.5 0.0197, 1.4946 -1.6157 0.0197, 1.6217 -1.4886 0.0197, 1.4823 -1.6141 0.0197, 1.6438 1.3205 0.0197, 1.634 1.313 0.0197, 1.6265 1.3032 0.0197, 1.6217 1.2918 0.0197, 1.6265 1.0591 0.0197, 1.634 1.0493 0.0197, 1.634 0.9193 0.0197, 1.6438 1.0418 0.0197, 1.6551 1.0371 0.0197, 1.6438 0.9268 0.0197, 1.6217 -0.7012 0.0197, 1.6265 -0.7125 0.0197, 1.6551 -0.8401 0.0197, 1.634 -0.7223 0.0197, 1.6438 -0.7298 0.0197, 0.7422 1.6615 0.0197, 0.7422 1.7717 0.0197, 0.8445 1.7717 0.0197, -1.6145 -1.2559 0.0197, -1.6221 -1.2461 0.0197, -1.6318 -1.2386 0.0197, -1.6082 -1.0826 0.0197, -1.6098 -1.0704 0.0197, -1.6098 0.7013 0.0197, -1.6145 0.7126 0.0197, -1.6432 0.8402 0.0197, -1.6221 0.7224 0.0197, -1.6318 0.7299 0.0197, -1.7657 1.5237 0.0197, -1.6555 1.5237 0.0197, -1.6432 1.5221 0.0197, 0.4745 -1.6205 0.0197, 0.3422 -1.6377 0.0197, 0.3346 -1.628 0.0197, 0.3249 -1.6205 0.0197, 0.3135 -1.6157 0.0197, 0.3012 -1.6141 0.0197, 0.0588 -1.6491 0.0197, -0.0452 -1.6614 0.0197, -0.1259 -1.628 0.0197, -0.2559 -1.628 0.0197, -0.7303 -1.6614 0.0197, -0.7303 -1.7716 0.0197, -0.8326 -1.7716 0.0197, -0.3302 -1.6377 0.0197, -0.3349 -1.6491 0.0197, -0.4405 -1.6491 0.0197, -0.4389 -1.6614 0.0197, -0.9255 -1.6491 0.0197, -1.0295 -1.6614 0.0197, -1.124 -1.6614 0.0197, -1.124 -1.7716 0.0197, -1.2263 -1.7716 0.0197, -1.1176 -1.6377 0.0197, -1.2279 -1.6491 0.0197, -1.2327 -1.6377 0.0197, -1.2402 -1.628 0.0197, -1.4295 -1.6377 0.0197, -1.307 -1.628 0.0197, -1.4248 -1.6491 0.0197, -1.3145 -1.6377 0.0197, -1.2858 -1.6157 0.0197, -1.2972 -1.6205 0.0197, -1.437 -1.628 0.0197, 1.6201 -1.4763 0.0197, 1.4701 -1.6157 0.0197, 1.6265 1.256 0.0197, 1.634 1.2462 0.0197, 1.6438 1.2387 0.0197, 1.6201 1.0827 0.0197, 1.6217 1.0705 0.0197, 1.6201 0.4922 0.0197, 1.6217 0.4799 0.0197, 1.6201 -0.8858 0.0197, 1.6217 -0.898 0.0197, 1.6265 -0.9094 0.0197, 1.634 -0.9192 0.0197, 1.6551 -1.037 0.0197, 1.6551 -0.9314 0.0197, 1.6674 -0.933 0.0197, 1.6674 -1.1299 0.0197, 1.7776 -1.1299 0.0197, 1.7776 -1.2322 0.0197, -1.2263 1.6615 0.0197, -1.2263 1.7717 0.0197, -1.124 1.7717 0.0197, -1.0295 1.6615 0.0197, -1.0295 1.7717 0.0197, -0.9271 1.7717 0.0197, 0.7406 1.6492 0.0197, 0.8445 1.6615 0.0197, 0.939 1.6615 0.0197, 0.939 1.7717 0.0197, 1.0414 1.7717 0.0197, -1.6221 0.9193 0.0197, -1.6145 0.9095 0.0197, -1.6098 0.8981 0.0197, -1.6432 1.0371 0.0197, -1.6318 0.9268 0.0197, 0.4981 -1.6141 0.0197, 0.4859 -1.6157 0.0197, 0.15 -1.6491 0.0197, 0.2678 -1.628 0.0197, 0.2603 -1.6377 0.0197, 0.254 -1.6614 0.0197, 0.254 -1.7716 0.0197, 0.1516 -1.7716 0.0197, -0.6594 -1.6205 0.0197, -0.4984 -1.6157 0.0197, -0.4862 -1.6141 0.0197, -0.7287 -1.6491 0.0197, -0.8326 -1.6614 0.0197, -1.1224 -1.6491 0.0197, -1.2263 -1.6614 0.0197, -1.3208 -1.6614 0.0197, -1.3208 -1.7716 0.0197, -1.4232 -1.7716 0.0197, 1.6438 -1.5172 0.0197, 1.5233 -1.6377 0.0197, 1.634 -1.5097 0.0197, 1.5157 -1.628 0.0197, 1.506 -1.6205 0.0197, 1.634 -1.0492 0.0197, 1.6265 -1.059 0.0197, 1.6217 -1.0704 0.0197, 1.6201 -1.0826 0.0197, 1.6217 -1.0949 0.0197, 1.6438 -1.1235 0.0197, 1.634 -1.116 0.0197, 1.6265 -1.1062 0.0197, 1.6551 -1.1283 0.0197, 1.6674 -1.2322 0.0197, -1.2499 1.6206 0.0197, -1.2402 1.6281 0.0197, -1.2327 1.6378 0.0197, -1.2279 1.6492 0.0197, -1.124 1.6615 0.0197, -1.1224 1.6492 0.0197, -1.1176 1.6378 0.0197, -1.0645 1.6158 0.0197, -1.0531 1.6206 0.0197, -1.0433 1.6281 0.0197, -0.9271 1.6615 0.0197, -0.9255 1.6492 0.0197, -0.9208 1.6378 0.0197, -0.9035 1.6206 0.0197, -0.8921 1.6158 0.0197, -0.8799 1.6142 0.0197, 1.0414 1.6615 0.0197, 1.043 1.6492 0.0197, 0.9374 1.6492 0.0197, 1.0477 1.6378 0.0197, 1.0552 1.6281 0.0197, -1.6555 0.9331 0.0197, -1.7657 0.9331 0.0197, -1.7657 1.0355 0.0197, -1.6098 1.0705 0.0197, -1.6082 1.0827 0.0197, -1.6098 1.095 0.0197, -1.6145 1.1063 0.0197, -1.6221 1.1161 0.0197, -1.6432 1.2339 0.0197, -1.6432 1.1284 0.0197, -1.6555 1.13 0.0197, 0.8796 -1.6157 0.0197, 0.8682 -1.6205 0.0197, 0.8584 -1.628 0.0197, 0.7359 -1.6377 0.0197, 0.7283 -1.628 0.0197, 0.7186 -1.6205 0.0197, 0.2556 -1.6491 0.0197, 0.1516 -1.6614 0.0197, 0.4508 -1.6614 0.0197, 0.4508 -1.7716 0.0197, 0.3485 -1.7716 0.0197, 0.6477 -1.6614 0.0197, 0.6477 -1.7716 0.0197, 0.5453 -1.7716 0.0197, -0.0925 -1.6141 0.0197, -0.4739 -1.6157 0.0197, -0.3015 -1.6157 0.0197, -0.5334 -1.6614 0.0197, -0.5334 -1.7716 0.0197, -0.6358 -1.7716 0.0197, -1.3192 -1.6491 0.0197, -1.4232 -1.6614 0.0197, 1.6674 -0.7362 0.0197, 1.7776 -0.7362 0.0197, 1.7776 -0.8385 0.0197, 1.6265 0.9095 0.0197, 1.6217 0.8981 0.0197, 1.634 0.7224 0.0197, 1.6265 0.7126 0.0197, 1.7776 -0.933 0.0197, 1.7776 -1.0354 0.0197, 1.6674 -1.0354 0.0197, 1.6438 -1.0417 0.0197, 1.6438 -0.9267 0.0197, -0.3015 1.6158 0.0197, -0.3129 1.6206 0.0197, -0.3227 1.6281 0.0197, 1.0764 1.6158 0.0197, 1.0886 1.6142 0.0197, 1.1009 1.6158 0.0197, 1.1123 1.6206 0.0197, 1.1359 1.6615 0.0197, 1.1359 1.7717 0.0197, 1.2382 1.7717 0.0197, -1.7657 -1.2322 0.0197, -1.7657 -1.1299 0.0197, -1.6555 -1.2322 0.0197, -1.6555 -1.1299 0.0197, -1.6432 -1.1283 0.0197, -1.7657 -1.0354 0.0197, -1.7657 -0.933 0.0197, -1.6555 -1.0354 0.0197, -1.6555 -0.933 0.0197, -1.6432 -0.9314 0.0197, -1.6555 0.7363 0.0197, -1.7657 0.7363 0.0197, -1.7657 0.8386 0.0197, -1.6145 -0.9094 0.0197, -1.6098 -0.898 0.0197, -1.6098 -0.6767 0.0197, -1.6082 -0.6889 0.0197, -1.6221 -0.4587 0.0197, -1.6318 -0.4512 0.0197, -1.6221 -0.3286 0.0197, -1.6432 0.9315 0.0197, -1.6555 1.0355 0.0197, -1.6318 1.0418 0.0197, -1.6221 1.0493 0.0197, -1.6145 1.0591 0.0197, -1.6221 1.2462 0.0197, -1.6145 1.256 0.0197, -1.6098 1.2673 0.0197, -1.6082 1.2796 0.0197, -1.6145 1.5 0.0197, -1.6221 1.5098 0.0197, -1.6318 1.5173 0.0197, 0.6827 -1.6157 0.0197, 0.4525 -1.6491 0.0197, 0.3485 -1.6614 0.0197, 0.654 -1.6377 0.0197, 0.6493 -1.6491 0.0197, 0.5437 -1.6491 0.0197, 0.5453 -1.6614 0.0197, -0.5318 -1.6491 0.0197, -0.6358 -1.6614 0.0197, -0.1397 -1.6614 0.0197, -0.1397 -1.7716 0.0197, -0.2421 -1.7716 0.0197, 1.7776 1.2323 0.0197, 1.7776 1.13 0.0197, 1.6674 1.2323 0.0197, 1.6674 1.13 0.0197, 1.6551 1.1284 0.0197, 1.7776 1.0355 0.0197, 1.7776 0.9331 0.0197, 1.6674 1.0355 0.0197, 1.6674 0.9331 0.0197, 1.6551 0.9315 0.0197, 1.6551 -0.7346 0.0197, 1.6674 -0.8385 0.0197, 1.6217 0.5044 0.0197, -0.7239 1.6378 0.0197, -0.7164 1.6281 0.0197, -0.7066 1.6206 0.0197, -0.6952 1.6158 0.0197, -0.683 1.6142 0.0197, -0.6708 1.6158 0.0197, -0.4625 1.6206 0.0197, -0.4739 1.6158 0.0197, -0.4862 1.6142 0.0197, -0.4528 1.6281 0.0197, -0.4453 1.6378 0.0197, -0.3302 1.6378 0.0197, -0.3349 1.6492 0.0197, 0.2678 1.6281 0.0197, 0.2776 1.6206 0.0197, 0.1378 1.6281 0.0197, 0.289 1.6158 0.0197, 0.128 1.6206 0.0197, 1.065 1.6206 0.0197, 0.9327 1.6378 0.0197, 0.9252 1.6281 0.0197, 0.9154 1.6206 0.0197, 1.2733 1.6158 0.0197, 1.2855 1.6142 0.0197, 1.2382 1.6615 0.0197, 1.2399 1.6492 0.0197, 1.1343 1.6492 0.0197, 1.2446 1.6378 0.0197, 1.2521 1.6281 0.0197, -1.6432 0.7347 0.0197, -1.6555 0.8386 0.0197, -1.6221 -0.5255 0.0197, -1.6145 -0.5157 0.0197, -1.7657 1.13 0.0197, -1.7657 1.2323 0.0197, -1.6555 1.2323 0.0197, -1.6318 1.2387 0.0197, -1.6318 1.1236 0.0197, -1.6432 1.4308 0.0197, -1.6318 1.4355 0.0197, -1.6221 1.313 0.0197, -1.6145 1.3032 0.0197, -1.6098 1.2918 0.0197, -1.7657 1.3268 0.0197, -1.7657 1.4292 0.0197, -1.6555 1.3268 0.0197, -1.6555 1.4292 0.0197, -1.6432 1.3252 0.0197, -1.6318 1.3205 0.0197, 0.8445 -1.7716 0.0197, 0.7422 -1.7716 0.0197, 0.8445 -1.6614 0.0197, 0.7422 -1.6614 0.0197, 0.7406 -1.6491 0.0197, 0.128 -1.6205 0.0197, 0.289 -1.6157 0.0197, -0.1381 -1.6491 0.0197, -0.2421 -1.6614 0.0197, 1.6265 0.5158 0.0197, 1.6217 0.6768 0.0197, 1.634 0.5256 0.0197, 1.6265 0.6654 0.0197, 1.634 0.6556 0.0197, 1.6438 0.6481 0.0197, 1.6438 0.5331 0.0197, 1.6551 0.6434 0.0197, 1.6201 0.689 0.0197, 1.6217 0.7013 0.0197, 1.6265 0.2717 0.0197, 1.634 0.2619 0.0197, 1.6217 0.1107 0.0197, -0.1047 1.6158 0.0197, -0.0925 1.6142 0.0197, -0.0802 1.6158 0.0197, -0.0516 1.6378 0.0197, 0.0588 1.6492 0.0197, -0.0591 1.6281 0.0197, 0.0635 1.6378 0.0197, 0.071 1.6281 0.0197, -0.0688 1.6206 0.0197, 0.0922 1.6158 0.0197, 0.0808 1.6206 0.0197, 0.1044 1.6142 0.0197, 0.1166 1.6158 0.0197, 0.4572 1.6378 0.0197, 0.4647 1.6281 0.0197, 0.4745 1.6206 0.0197, 0.4859 1.6158 0.0197, 0.8796 1.6158 0.0197, 0.8918 1.6142 0.0197, 0.904 1.6158 0.0197, 1.5296 1.7717 0.0197, 1.5296 1.6615 0.0197, 1.528 1.6492 0.0197, 1.3327 1.6615 0.0197, 1.3327 1.7717 0.0197, 1.4351 1.7717 0.0197, 1.4701 1.6158 0.0197, 1.3311 1.6492 0.0197, 1.4587 1.6206 0.0197, 1.4489 1.6281 0.0197, -1.6221 -0.7223 0.0197, -1.6145 -0.7125 0.0197, -1.6098 -0.7012 0.0197, -1.6082 -0.2952 0.0197, -1.6098 -0.283 0.0197, 1.6551 0.8402 0.0197, 1.6438 0.7299 0.0197, 1.6438 0.845 0.0197, 1.634 0.8525 0.0197, 1.634 0.3287 0.0197, 1.6265 0.4686 0.0197, 1.634 0.4588 0.0197, 1.6438 0.4513 0.0197, 1.6438 0.3362 0.0197, 1.6551 0.341 0.0197, 1.6265 0.3189 0.0197, 1.6217 0.3076 0.0197, 1.6201 0.2953 0.0197, 1.6217 0.2831 0.0197, 1.6201 -0.0984 0.0197, 1.6217 -0.1106 0.0197, 1.6265 -0.5157 0.0197, 1.634 -0.5255 0.0197, -0.6594 1.6206 0.0197, -0.6496 1.6281 0.0197, -0.4984 1.6158 0.0197, -0.6421 1.6378 0.0197, -0.5098 1.6206 0.0197, -0.4389 1.6615 0.0197, -0.4389 1.7717 0.0197, -0.3366 1.7717 0.0197, -0.0452 1.6615 0.0197, -0.0452 1.7717 0.0197, 0.0571 1.7717 0.0197, 0.1453 1.6378 0.0197, 0.2556 1.6492 0.0197, 0.2603 1.6378 0.0197, 0.3346 1.6281 0.0197, 0.3422 1.6378 0.0197, 0.3469 1.6492 0.0197, 0.6713 1.6206 0.0197, 0.6615 1.6281 0.0197, 0.654 1.6378 0.0197, 1.2619 1.6206 0.0197, 1.1296 1.6378 0.0197, 1.122 1.6281 0.0197, 1.2977 1.6158 0.0197, 1.3091 1.6206 0.0197, 1.3189 1.6281 0.0197, 1.4351 1.6615 0.0197, 1.4367 1.6492 0.0197, 1.4414 1.6378 0.0197, -1.6221 -0.8524 0.0197, -1.6318 -0.8449 0.0197, -1.6432 -0.8401 0.0197, -1.6318 -0.7298 0.0197, -1.6145 -0.6653 0.0197, -1.6221 -0.6555 0.0197, -1.6318 -0.648 0.0197, -1.6145 0.5158 0.0197, -1.6221 0.5256 0.0197, 1.6201 0.8859 0.0197, 1.6217 0.8736 0.0197, 1.6265 0.8623 0.0197, 1.6217 -0.0861 0.0197, 1.6217 -0.3075 0.0197, 1.6265 -0.3188 0.0197, -0.8326 1.6615 0.0197, -0.8326 1.7717 0.0197, -0.7303 1.7717 0.0197, -0.4405 1.6492 0.0197, -0.3366 1.6615 0.0197, -0.2893 1.6142 0.0197, -0.2771 1.6158 0.0197, -0.2657 1.6206 0.0197, -0.2559 1.6281 0.0197, -0.2421 1.6615 0.0197, -0.2421 1.7717 0.0197, -0.1397 1.7717 0.0197, -0.2484 1.6378 0.0197, -0.2437 1.6492 0.0197, -0.1161 1.6206 0.0197, -0.1259 1.6281 0.0197, -0.0468 1.6492 0.0197, 0.0571 1.6615 0.0197, 0.1516 1.6615 0.0197, 0.1516 1.7717 0.0197, 0.254 1.7717 0.0197, 0.3012 1.6142 0.0197, 0.3135 1.6158 0.0197, 0.3249 1.6206 0.0197, 0.8682 1.6206 0.0197, 0.8584 1.6281 0.0197, 1.4946 1.6158 0.0197, 1.4823 1.6142 0.0197, 1.3264 1.6378 0.0197, 1.506 1.6206 0.0197, 1.5157 1.6281 0.0197, 1.5233 1.6378 0.0197, -1.6098 0.0862 0.0197, -1.6098 -0.0861 0.0197, -1.6145 -0.0748 0.0197, -1.6145 -0.3188 0.0197, -1.6098 -0.4798 0.0197, -1.6145 -0.4685 0.0197, -1.6098 -0.3075 0.0197, -1.6082 0.0985 0.0197, -1.6098 0.1107 0.0197, -1.6098 0.3076 0.0197, -1.6145 0.3189 0.0197, 1.6674 0.4449 0.0197, 1.7776 0.4449 0.0197, 1.7776 0.3426 0.0197, 1.6674 0.2481 0.0197, 1.7776 0.2481 0.0197, 1.7776 0.1457 0.0197, 1.6438 0.2544 0.0197, 1.6551 0.2497 0.0197, 1.6265 0.1221 0.0197, 1.634 0.1319 0.0197, 1.6217 -0.4798 0.0197, 1.6201 -0.4921 0.0197, 1.6217 -0.5043 0.0197, -0.8465 1.6281 0.0197, -0.8562 1.6206 0.0197, -0.8676 1.6158 0.0197, -0.839 1.6378 0.0197, -0.8342 1.6492 0.0197, -0.7287 1.6492 0.0197, -0.7303 1.6615 0.0197, -0.6358 1.6615 0.0197, -0.6358 1.7717 0.0197, -0.5334 1.7717 0.0197, -0.1397 1.6615 0.0197, -0.1381 1.6492 0.0197, -0.1334 1.6378 0.0197, 0.15 1.6492 0.0197, 0.254 1.6615 0.0197, 0.4981 1.6142 0.0197, 0.5103 1.6158 0.0197, 0.5217 1.6206 0.0197, 0.5315 1.6281 0.0197, 0.6827 1.6158 0.0197, 0.6949 1.6142 0.0197, 0.8509 1.6378 0.0197, -1.6082 -0.8858 0.0197, -1.6098 -0.8735 0.0197, -1.6145 -0.8622 0.0197, -1.6221 0.0651 0.0197, -1.6318 -0.0575 0.0197, -1.6318 0.0576 0.0197, -1.6432 0.0528 0.0197, -1.6221 -0.065 0.0197, -1.6145 0.0749 0.0197, -1.6082 -0.4921 0.0197, -1.6098 -0.5043 0.0197, -1.6145 -0.2716 0.0197, -1.6221 -0.2618 0.0197, -1.6098 -0.1106 0.0197, -1.6098 0.4799 0.0197, -1.6082 0.4922 0.0197, -1.6098 0.5044 0.0197, 1.7776 0.6418 0.0197, 1.7776 0.5394 0.0197, 1.6674 0.6418 0.0197, 1.6674 0.5394 0.0197, 1.6551 0.5378 0.0197, 1.6551 0.4465 0.0197, 1.6674 0.3426 0.0197, 1.6674 0.1457 0.0197, 1.6551 0.1441 0.0197, 1.6438 0.1394 0.0197, 1.634 -0.065 0.0197, 1.6265 -0.0748 0.0197, 1.6217 0.0862 0.0197, 1.6201 0.0985 0.0197, 1.6217 -0.283 0.0197, 1.6201 -0.2952 0.0197, -0.5334 1.6615 0.0197, -0.5318 1.6492 0.0197, -0.6374 1.6492 0.0197, -0.5271 1.6378 0.0197, -0.5196 1.6281 0.0197, -1.7657 -0.6417 0.0197, -1.7657 -0.5393 0.0197, -1.6555 -0.6417 0.0197, -1.6555 -0.5393 0.0197, -1.6432 -0.6433 0.0197, -1.6432 -0.5377 0.0197, -1.6318 -0.533 0.0197, -1.7657 -0.4448 0.0197, -1.7657 -0.3425 0.0197, -1.6555 -0.4448 0.0197, -1.6555 -0.3425 0.0197, -1.6432 -0.4464 0.0197, -1.6432 -0.3409 0.0197, -1.6318 -0.3361 0.0197, -1.6555 -0.0511 0.0197, -1.7657 -0.0511 0.0197, -1.7657 0.0512 0.0197, -1.6318 0.845 0.0197, -1.6221 0.8525 0.0197, -1.6082 0.689 0.0197, 1.7776 0.8386 0.0197, 1.7776 0.7363 0.0197, 1.6674 0.8386 0.0197, 1.6674 0.7363 0.0197, 1.6551 0.7347 0.0197, 1.6438 -0.0575 0.0197, 1.6265 0.0749 0.0197, 1.634 0.0651 0.0197, 1.6551 -0.3409 0.0197, 1.6438 -0.3361 0.0197, 1.634 -0.3286 0.0197, 0.3485 1.7717 0.0197, 0.4508 1.7717 0.0197, 0.3485 1.6615 0.0197, 0.4508 1.6615 0.0197, 0.4525 1.6492 0.0197, 0.5453 1.6615 0.0197, 0.5453 1.7717 0.0197, 0.6477 1.7717 0.0197, -1.7657 -0.8385 0.0197, -1.7657 -0.7362 0.0197, -1.6555 -0.8385 0.0197, -1.6555 -0.7362 0.0197, -1.6432 -0.7346 0.0197, -1.6432 -0.0527 0.0197, -1.6555 0.0512 0.0197, -1.6082 -0.0984 0.0197, -1.6432 0.341 0.0197, -1.6318 0.3362 0.0197, -1.6221 0.3287 0.0197, 1.6265 -0.122 0.0197, 1.634 -0.2618 0.0197, 1.6265 -0.2716 0.0197, 1.6438 -0.4512 0.0197, 1.634 -0.4587 0.0197, 1.6265 -0.4685 0.0197, 1.6265 -0.6653 0.0197, 1.6217 -0.6767 0.0197, 1.6201 -0.6889 0.0197, 1.6438 -0.8449 0.0197, 1.634 -0.8524 0.0197, 1.6265 -0.8622 0.0197, 1.6217 -0.8735 0.0197, 0.539 1.6378 0.0197, 0.5437 1.6492 0.0197, 0.6493 1.6492 0.0197, 0.6477 1.6615 0.0197, -1.6555 -0.248 0.0197, -1.7657 -0.248 0.0197, -1.7657 -0.1456 0.0197, -1.6318 -0.2543 0.0197, -1.6432 -0.2496 0.0197, -1.6145 -0.122 0.0197, -1.6221 -0.1318 0.0197, -1.6145 0.1221 0.0197, -1.6221 0.1319 0.0197, -1.6432 0.2497 0.0197, -1.6318 0.1394 0.0197, -1.6318 0.2544 0.0197, -1.6221 0.2619 0.0197, -1.6318 0.4513 0.0197, -1.6221 0.4588 0.0197, -1.6145 0.4686 0.0197, -1.6145 0.6654 0.0197, -1.6098 0.6768 0.0197, -1.6145 0.8623 0.0197, -1.6098 0.8736 0.0197, -1.6082 0.8859 0.0197, 1.6674 0.0512 0.0197, 1.7776 0.0512 0.0197, 1.7776 -0.0511 0.0197, 1.7776 -0.3425 0.0197, 1.7776 -0.4448 0.0197, 1.6674 -0.3425 0.0197, 1.6674 -0.4448 0.0197, 1.6551 -0.4464 0.0197, 1.6551 -0.6433 0.0197, 1.6438 -0.648 0.0197, 1.634 -0.6555 0.0197, -1.6555 -0.1456 0.0197, -1.6432 -0.144 0.0197, -1.6318 -0.1393 0.0197, -1.6145 0.2717 0.0197, -1.6098 0.2831 0.0197, -1.6082 0.2953 0.0197, -1.7657 0.3426 0.0197, -1.7657 0.4449 0.0197, -1.6555 0.3426 0.0197, -1.6555 0.4449 0.0197, -1.6432 0.4465 0.0197, -1.6432 0.6434 0.0197, -1.6318 0.6481 0.0197, -1.6221 0.6556 0.0197, 1.6438 0.0576 0.0197, 1.6551 0.0528 0.0197, 1.6551 -0.0527 0.0197, 1.6674 -0.0511 0.0197, 1.6674 -0.1456 0.0197, 1.7776 -0.1456 0.0197, 1.7776 -0.248 0.0197, 1.7776 -0.5393 0.0197, 1.7776 -0.6417 0.0197, 1.6674 -0.5393 0.0197, 1.6674 -0.6417 0.0197, 1.6551 -0.5377 0.0197, 1.6438 -0.533 0.0197, -1.6555 0.1457 0.0197, -1.7657 0.1457 0.0197, -1.7657 0.2481 0.0197, -1.7657 0.5394 0.0197, -1.7657 0.6418 0.0197, -1.6555 0.5394 0.0197, -1.6555 0.6418 0.0197, -1.6432 0.5378 0.0197, -1.6318 0.5331 0.0197, 1.634 -0.1318 0.0197, 1.6438 -0.1393 0.0197, 1.6438 -0.2543 0.0197, 1.6551 -0.144 0.0197, 1.6551 -0.2496 0.0197, 1.6674 -0.248 0.0197, -1.6432 0.1441 0.0197, -1.6555 0.2481 0.0197, 0.939 1.7717 0.0799, 0.8445 1.7717 0.0799, -0.2421 1.7717 0.0799, -0.3366 1.7717 0.0799, 1.0414 1.7717 0.0799, -0.1397 1.7717 0.0799, 1.4351 1.7717 0.0799, 1.3327 1.7717 0.0799, 1.5296 1.7717 0.0799, 1.2382 1.7717 0.0799, 1.1359 1.7717 0.0799, 0.5453 1.7717 0.0799, 0.4508 1.7717 0.0799, 0.254 1.7717 0.0799, -0.5334 1.7717 0.0799, -0.4389 1.7717 0.0799, -0.8326 1.7717 0.0799, -0.9271 1.7717 0.0799, 0.6477 1.7717 0.0799, 0.1516 1.7717 0.0799, 0.0571 1.7717 0.0799, -0.7303 1.7717 0.0799, 0.7422 1.7717 0.0799, 0.3485 1.7717 0.0799, -0.6358 1.7717 0.0799, -1.2263 1.7717 0.0799, -1.3208 1.7717 0.0799, -0.0452 1.7717 0.0799, -1.124 1.7717 0.0799, -1.0295 1.7717 0.0799, -1.5177 1.7717 0.0799, -1.4232 1.7717 0.0799, -1.7657 0.8386 0.0799, -1.7657 1.2323 0.0799, -1.7657 0.7363 0.0799, -1.7657 0.6418 0.0799, -1.7657 1.0355 0.0799, -1.7657 1.13 0.0799, -1.7657 0.4449 0.0799, -1.7657 1.5237 0.0799, -1.7657 1.4292 0.0799, -1.7657 0.9331 0.0799, -1.7657 0.3426 0.0799, -1.7657 0.2481 0.0799, -1.7657 1.3268 0.0799, -1.7657 0.5394 0.0799, -1.7657 0.1457 0.0799, -1.7657 0.0512 0.0799, -1.7657 -0.1456 0.0799, -1.7657 -1.1299 0.0799, -1.7657 -0.248 0.0799, -1.7657 -0.3425 0.0799, -1.7657 -1.2322 0.0799, -1.7657 -1.3267 0.0799, -1.7657 -0.0511 0.0799, -1.7657 -0.5393 0.0799, -1.7657 -1.5236 0.0799, -1.7657 -1.4291 0.0799, -1.7657 -0.6417 0.0799, -1.7657 -0.7362 0.0799, -1.7657 -0.4448 0.0799, -1.7657 -0.8385 0.0799, -1.7657 -0.933 0.0799, -1.7657 -1.0354 0.0799, -0.9271 -1.7716 0.0799, -0.8326 -1.7716 0.0799, 1.0414 -1.7716 0.0799, 1.1359 -1.7716 0.0799, -1.4232 -1.7716 0.0799, -1.3208 -1.7716 0.0799, -1.5177 -1.7716 0.0799, -1.2263 -1.7716 0.0799, -1.0295 -1.7716 0.0799, -0.5334 -1.7716 0.0799, -0.4389 -1.7716 0.0799, -1.124 -1.7716 0.0799, -0.6358 -1.7716 0.0799, 1.3327 -1.7716 0.0799, 1.2382 -1.7716 0.0799, -0.7303 -1.7716 0.0799, -0.1397 -1.7716 0.0799, -0.0452 -1.7716 0.0799, 1.5296 -1.7716 0.0799, 1.4351 -1.7716 0.0799, -0.2421 -1.7716 0.0799, -0.3366 -1.7716 0.0799, 0.254 -1.7716 0.0799, 0.3485 -1.7716 0.0799, 0.939 -1.7716 0.0799, 0.1516 -1.7716 0.0799, 0.0571 -1.7716 0.0799, 0.6477 -1.7716 0.0799, 0.7422 -1.7716 0.0799, 0.5453 -1.7716 0.0799, 0.4508 -1.7716 0.0799, 0.8445 -1.7716 0.0799, 1.7776 1.5237 0.0799, 1.7776 1.4292 0.0799, 1.7776 1.3268 0.0799, 1.7776 -1.2322 0.0799, 1.7776 -1.0354 0.0799, 1.7776 -1.1299 0.0799, 1.7776 -1.5236 0.0799, 1.7776 -1.4291 0.0799, 1.7776 0.1457 0.0799, 1.7776 -0.8385 0.0799, 1.7776 0.2481 0.0799, 1.7776 0.3426 0.0799, 1.7776 -1.3267 0.0799, 1.7776 -0.7362 0.0799, 1.7776 -0.6417 0.0799, 1.7776 -0.933 0.0799, 1.7776 0.5394 0.0799, 1.7776 -0.248 0.0799, 1.7776 0.6418 0.0799, 1.7776 0.7363 0.0799, 1.7776 0.4449 0.0799, 1.7776 -0.5393 0.0799, 1.7776 -0.4448 0.0799, 1.7776 -0.1456 0.0799, 1.7776 -0.0511 0.0799, 1.7776 -0.3425 0.0799, 1.7776 0.0512 0.0799, 1.7776 0.9331 0.0799, 1.7776 1.0355 0.0799, 1.7776 1.13 0.0799, 1.7776 0.8386 0.0799, 1.7776 1.2323 0.0799
            ]
        }
        coordIndex [
            0,1,2,-1,3,4,5,-1,6,7,8,-1,9,10,11,-1,12,13,14,-1,15,16,17,-1,17,16,18,-1,17,18,19,-1,19,18,20,-1,21,22,23,-1,23,22,24,-1,23,24,5,-1,25,26,27,-1,27,26,18,-1,27,18,28,-1,28,18,16,-1,29,30,31,-1,32,33,34,-1,34,33,35,-1,36,37,38,-1,38,37,29,-1,38,29,32,-1,32,29,31,-1,39,40,38,-1,39,41,42,-1,42,41,43,-1,42,43,44,-1,44,43,45,-1,44,45,35,-1,35,45,46,-1,35,46,34,-1,36,38,47,-1,47,38,40,-1,47,40,48,-1,49,50,20,-1,20,50,51,-1,52,53,54,-1,49,55,56,-1,56,57,49,-1,49,57,58,-1,49,58,53,-1,59,60,61,-1,61,60,62,-1,59,63,60,-1,60,63,64,-1,60,64,65,-1,65,64,66,-1,60,67,68,-1,69,70,60,-1,60,70,71,-1,60,71,67,-1,68,72,60,-1,60,72,73,-1,60,73,62,-1,74,75,76,-1,77,78,64,-1,64,78,79,-1,64,79,66,-1,74,76,64,-1,64,76,80,-1,64,80,77,-1,69,60,81,-1,81,60,82,-1,81,82,83,-1,83,82,84,-1,83,84,85,-1,86,87,88,-1,88,87,84,-1,88,84,89,-1,89,84,82,-1,90,91,92,-1,92,91,93,-1,92,93,85,-1,85,93,94,-1,85,94,83,-1,95,96,97,-1,97,96,98,-1,97,98,90,-1,99,100,101,-1,101,100,102,-1,103,104,100,-1,100,104,105,-1,100,105,102,-1,41,106,107,-1,108,109,100,-1,100,109,110,-1,100,110,103,-1,107,111,41,-1,41,111,112,-1,41,112,108,-1,108,112,113,-1,108,113,109,-1,114,115,106,-1,106,115,116,-1,116,117,106,-1,106,117,118,-1,106,118,107,-1,86,119,87,-1,87,119,120,-1,87,120,106,-1,106,120,121,-1,106,121,114,-1,122,123,124,-1,125,126,127,-1,127,128,125,-1,125,128,129,-1,125,129,130,-1,130,129,131,-1,130,131,132,-1,133,134,135,-1,136,137,138,-1,138,137,139,-1,138,139,140,-1,141,142,135,-1,135,142,138,-1,135,138,133,-1,133,138,140,-1,133,140,143,-1,144,145,146,-1,142,147,138,-1,138,147,148,-1,138,148,149,-1,149,150,138,-1,138,150,151,-1,138,151,136,-1,132,131,152,-1,152,131,153,-1,152,153,124,-1,124,153,154,-1,124,154,122,-1,122,154,155,-1,122,155,156,-1,156,157,158,-1,157,159,158,-1,158,159,160,-1,158,160,161,-1,161,160,162,-1,161,162,144,-1,144,162,163,-1,144,163,145,-1,20,164,165,-1,14,13,18,-1,18,13,166,-1,18,166,20,-1,20,166,167,-1,20,167,164,-1,165,168,20,-1,20,168,169,-1,20,169,49,-1,49,169,170,-1,49,170,55,-1,54,171,172,-1,58,173,53,-1,53,173,174,-1,53,174,54,-1,54,174,175,-1,54,175,176,-1,54,172,177,-1,176,178,54,-1,54,178,179,-1,54,179,171,-1,180,181,182,-1,183,184,182,-1,185,186,187,-1,188,189,135,-1,189,190,135,-1,135,190,191,-1,135,191,192,-1,186,193,187,-1,187,193,194,-1,187,194,180,-1,180,194,195,-1,180,195,181,-1,184,188,182,-1,182,188,135,-1,182,135,180,-1,180,135,134,-1,180,134,132,-1,132,134,196,-1,132,196,130,-1,192,197,135,-1,135,197,198,-1,135,198,199,-1,200,201,202,-1,202,201,203,-1,202,203,204,-1,202,205,200,-1,200,205,206,-1,200,206,207,-1,207,208,200,-1,200,208,209,-1,200,209,210,-1,210,209,211,-1,210,211,212,-1,212,211,213,-1,212,213,182,-1,182,213,214,-1,182,214,183,-1,215,216,204,-1,204,216,217,-1,204,217,202,-1,218,219,220,-1,11,10,220,-1,220,10,221,-1,220,221,218,-1,222,223,219,-1,219,223,224,-1,219,224,187,-1,187,224,225,-1,187,225,185,-1,226,227,228,-1,229,230,218,-1,218,230,231,-1,218,231,219,-1,219,231,232,-1,219,232,222,-1,226,228,218,-1,218,228,233,-1,218,233,229,-1,234,235,227,-1,227,235,236,-1,227,236,228,-1,234,237,235,-1,235,237,238,-1,235,238,239,-1,239,238,240,-1,239,241,242,-1,240,243,239,-1,239,243,244,-1,239,244,245,-1,245,246,239,-1,239,246,247,-1,239,247,241,-1,242,248,239,-1,239,248,249,-1,239,249,250,-1,199,251,135,-1,135,251,144,-1,135,144,141,-1,141,144,146,-1,251,252,144,-1,144,252,253,-1,144,253,254,-1,255,256,257,-1,258,259,260,-1,260,259,261,-1,260,261,220,-1,262,263,264,-1,265,266,267,-1,268,269,219,-1,219,269,270,-1,219,270,271,-1,256,272,257,-1,257,272,273,-1,257,273,274,-1,274,273,275,-1,276,277,275,-1,275,277,278,-1,275,278,274,-1,263,279,264,-1,264,279,280,-1,264,280,281,-1,282,283,260,-1,260,283,284,-1,260,284,258,-1,281,285,264,-1,264,285,286,-1,264,286,287,-1,266,265,257,-1,257,265,288,-1,257,288,255,-1,267,289,265,-1,265,289,290,-1,265,290,219,-1,219,290,291,-1,219,291,268,-1,271,292,219,-1,219,292,293,-1,219,293,220,-1,220,293,294,-1,220,294,260,-1,295,296,275,-1,275,296,297,-1,275,297,298,-1,298,299,275,-1,275,299,300,-1,275,300,276,-1,261,301,302,-1,302,301,303,-1,303,301,304,-1,303,304,305,-1,306,307,308,-1,308,307,309,-1,308,309,310,-1,311,312,308,-1,308,312,313,-1,308,313,43,-1,310,314,308,-1,308,314,315,-1,308,315,311,-1,316,306,317,-1,318,319,320,-1,320,319,317,-1,317,319,321,-1,317,321,316,-1,318,320,322,-1,322,320,323,-1,322,323,324,-1,323,325,326,-1,323,327,324,-1,324,327,328,-1,324,328,329,-1,329,328,330,-1,329,330,331,-1,326,332,323,-1,323,332,333,-1,323,333,327,-1,334,335,336,-1,336,337,334,-1,334,337,338,-1,334,338,323,-1,323,338,339,-1,323,339,325,-1,340,341,342,-1,340,342,343,-1,341,344,342,-1,342,344,345,-1,342,345,335,-1,335,345,346,-1,335,346,336,-1,347,343,348,-1,348,343,342,-1,348,342,349,-1,46,350,351,-1,352,353,354,-1,349,342,355,-1,355,342,352,-1,355,352,356,-1,357,358,352,-1,352,358,359,-1,352,359,353,-1,354,360,352,-1,352,360,361,-1,352,361,356,-1,45,362,363,-1,364,365,46,-1,366,367,368,-1,368,367,369,-1,368,369,370,-1,45,363,46,-1,46,363,371,-1,46,371,364,-1,370,372,368,-1,368,372,373,-1,368,373,374,-1,375,376,377,-1,377,376,378,-1,377,378,368,-1,368,378,379,-1,368,379,366,-1,380,381,350,-1,350,381,382,-1,350,382,383,-1,383,384,350,-1,350,384,385,-1,350,385,386,-1,386,385,375,-1,386,375,387,-1,387,375,377,-1,365,388,46,-1,46,388,389,-1,46,389,350,-1,350,389,390,-1,350,390,380,-1,374,391,368,-1,368,391,392,-1,368,392,393,-1,393,394,368,-1,368,394,395,-1,368,395,396,-1,396,397,368,-1,368,397,398,-1,368,398,399,-1,399,398,400,-1,401,402,403,-1,400,404,399,-1,399,404,405,-1,399,405,406,-1,402,407,403,-1,403,407,406,-1,403,406,408,-1,408,406,405,-1,409,410,411,-1,411,410,401,-1,411,401,412,-1,412,401,403,-1,407,413,406,-1,406,413,414,-1,406,414,8,-1,8,414,415,-1,8,415,6,-1,416,417,409,-1,409,417,418,-1,409,418,410,-1,416,419,417,-1,417,419,420,-1,417,420,421,-1,422,423,424,-1,423,425,424,-1,424,425,426,-1,424,426,427,-1,408,424,403,-1,403,424,428,-1,403,428,429,-1,430,431,408,-1,408,431,432,-1,408,432,424,-1,424,432,433,-1,424,433,422,-1,434,435,408,-1,408,435,436,-1,408,436,430,-1,437,438,439,-1,439,438,440,-1,439,440,441,-1,427,426,442,-1,442,426,443,-1,442,443,444,-1,444,443,445,-1,444,445,446,-1,429,447,403,-1,403,447,439,-1,403,439,448,-1,448,439,441,-1,313,449,43,-1,43,449,450,-1,43,450,45,-1,45,450,451,-1,45,451,362,-1,452,453,454,-1,123,122,455,-1,455,122,177,-1,455,177,456,-1,172,12,177,-1,177,12,14,-1,177,14,456,-1,456,14,457,-1,456,457,454,-1,454,457,458,-1,454,458,452,-1,459,460,461,-1,462,459,463,-1,463,459,461,-1,463,461,14,-1,14,461,464,-1,14,464,457,-1,26,465,18,-1,18,465,466,-1,18,466,14,-1,14,466,467,-1,14,467,463,-1,463,467,468,-1,463,468,462,-1,469,470,471,-1,471,470,472,-1,473,474,475,-1,469,471,476,-1,476,471,477,-1,476,477,478,-1,478,477,479,-1,478,479,480,-1,479,481,480,-1,480,481,482,-1,480,482,483,-1,473,479,474,-1,474,479,477,-1,474,477,484,-1,484,477,485,-1,484,485,486,-1,486,485,487,-1,486,487,84,-1,84,487,488,-1,84,488,85,-1,85,488,489,-1,85,489,475,-1,475,489,490,-1,475,490,473,-1,491,492,493,-1,493,492,494,-1,495,496,497,-1,497,496,498,-1,497,498,499,-1,499,498,500,-1,499,500,501,-1,501,500,502,-1,492,503,504,-1,505,506,494,-1,494,506,507,-1,494,507,508,-1,492,504,494,-1,494,504,509,-1,494,509,505,-1,510,511,492,-1,492,511,512,-1,512,513,492,-1,492,513,514,-1,492,514,503,-1,515,516,517,-1,517,518,515,-1,515,518,519,-1,515,519,520,-1,520,521,522,-1,508,523,494,-1,494,523,524,-1,494,524,515,-1,515,524,525,-1,515,525,516,-1,521,526,522,-1,522,526,527,-1,522,527,492,-1,492,527,528,-1,492,528,510,-1,496,4,498,-1,498,4,3,-1,498,3,500,-1,500,3,529,-1,500,529,502,-1,502,529,530,-1,24,19,5,-1,5,19,20,-1,5,20,3,-1,3,20,51,-1,3,51,529,-1,529,51,531,-1,529,531,530,-1,530,531,532,-1,530,532,54,-1,54,532,533,-1,54,533,52,-1,52,533,534,-1,52,534,535,-1,156,158,122,-1,122,158,536,-1,122,536,177,-1,177,536,537,-1,177,537,54,-1,54,537,522,-1,54,522,530,-1,530,522,492,-1,530,492,502,-1,502,492,491,-1,502,491,501,-1,474,538,539,-1,539,538,540,-1,539,540,541,-1,542,539,543,-1,543,539,544,-1,545,484,26,-1,26,484,546,-1,26,546,465,-1,21,23,25,-1,25,23,539,-1,25,539,26,-1,26,539,542,-1,26,542,547,-1,547,548,26,-1,26,548,549,-1,26,549,550,-1,545,551,484,-1,484,551,552,-1,484,552,474,-1,474,552,553,-1,474,553,538,-1,541,554,539,-1,539,554,555,-1,539,555,544,-1,550,556,26,-1,26,556,557,-1,26,557,545,-1,261,302,220,-1,220,302,254,-1,220,254,11,-1,11,254,253,-1,11,253,9,-1,90,92,97,-1,97,92,85,-1,97,85,558,-1,558,85,475,-1,558,475,559,-1,559,475,474,-1,559,474,560,-1,560,474,539,-1,560,539,561,-1,561,539,23,-1,561,23,562,-1,562,23,5,-1,562,5,563,-1,563,5,4,-1,563,4,564,-1,564,4,496,-1,564,496,565,-1,565,496,495,-1,565,495,566,-1,32,34,38,-1,38,34,264,-1,38,264,265,-1,265,264,287,-1,265,287,288,-1,39,38,41,-1,41,38,265,-1,41,265,106,-1,106,265,219,-1,106,219,87,-1,87,219,187,-1,87,187,84,-1,84,187,180,-1,84,180,486,-1,486,180,132,-1,486,132,484,-1,484,132,152,-1,484,152,546,-1,357,352,351,-1,351,352,567,-1,351,567,46,-1,46,567,568,-1,46,568,34,-1,34,568,303,-1,34,303,264,-1,264,303,305,-1,264,305,262,-1,569,570,308,-1,308,570,0,-1,308,0,108,-1,108,0,2,-1,108,2,41,-1,41,2,571,-1,41,571,43,-1,43,571,569,-1,43,569,308,-1,306,308,317,-1,317,308,108,-1,317,108,572,-1,572,108,100,-1,572,100,95,-1,95,100,99,-1,95,99,96,-1,520,522,515,-1,515,522,537,-1,515,537,573,-1,573,537,536,-1,573,536,574,-1,574,536,158,-1,574,158,575,-1,575,158,161,-1,575,161,576,-1,576,161,144,-1,576,144,577,-1,577,144,254,-1,577,254,578,-1,578,254,302,-1,578,302,579,-1,579,302,303,-1,579,303,580,-1,580,303,568,-1,580,568,581,-1,581,568,567,-1,581,567,582,-1,582,567,352,-1,582,352,583,-1,584,585,586,-1,587,588,589,-1,589,588,590,-1,591,592,593,-1,593,592,594,-1,595,596,597,-1,584,586,598,-1,599,600,601,-1,601,600,602,-1,603,604,605,-1,606,607,608,-1,609,610,586,-1,611,612,613,-1,613,612,614,-1,613,614,615,-1,616,617,618,-1,619,620,621,-1,622,623,586,-1,586,623,624,-1,586,625,626,-1,626,625,627,-1,626,627,628,-1,629,630,631,-1,631,632,629,-1,629,632,633,-1,629,633,634,-1,635,636,637,-1,638,639,640,-1,640,639,641,-1,642,643,644,-1,644,643,640,-1,644,640,645,-1,587,646,588,-1,588,646,647,-1,588,647,648,-1,649,650,648,-1,606,651,607,-1,607,651,652,-1,607,652,653,-1,591,654,592,-1,592,654,655,-1,592,655,626,-1,656,657,626,-1,658,626,659,-1,659,626,596,-1,610,660,586,-1,586,660,661,-1,586,661,662,-1,663,664,614,-1,614,664,665,-1,614,665,615,-1,666,667,668,-1,668,667,669,-1,668,669,670,-1,671,672,673,-1,586,674,675,-1,586,675,625,-1,625,675,676,-1,625,676,677,-1,678,679,680,-1,680,679,681,-1,680,681,682,-1,628,683,626,-1,626,683,684,-1,626,684,685,-1,626,686,687,-1,634,688,629,-1,629,688,689,-1,629,689,690,-1,690,689,691,-1,690,691,692,-1,637,693,635,-1,635,693,694,-1,635,694,695,-1,695,694,696,-1,697,698,699,-1,699,698,690,-1,700,701,702,-1,616,703,617,-1,617,703,704,-1,617,704,705,-1,599,706,600,-1,600,706,707,-1,600,707,708,-1,709,710,708,-1,711,708,712,-1,712,708,604,-1,641,713,640,-1,640,713,714,-1,640,714,645,-1,647,715,648,-1,648,715,716,-1,648,716,717,-1,718,719,648,-1,648,719,720,-1,648,720,721,-1,722,723,724,-1,725,726,727,-1,727,726,607,-1,727,607,728,-1,728,607,653,-1,655,729,626,-1,626,729,730,-1,626,730,731,-1,648,732,733,-1,621,734,619,-1,619,734,735,-1,619,735,585,-1,585,735,736,-1,585,736,586,-1,586,736,737,-1,586,737,609,-1,738,739,740,-1,741,742,586,-1,586,742,743,-1,586,743,744,-1,745,746,747,-1,748,685,749,-1,687,750,626,-1,626,750,751,-1,626,751,752,-1,753,754,626,-1,626,754,755,-1,756,757,758,-1,759,760,692,-1,692,760,761,-1,697,762,698,-1,698,762,700,-1,698,700,763,-1,763,700,702,-1,698,764,690,-1,690,764,765,-1,690,765,629,-1,629,765,766,-1,629,766,767,-1,767,768,629,-1,629,768,769,-1,629,769,586,-1,586,769,770,-1,586,770,598,-1,771,772,773,-1,773,772,617,-1,773,617,774,-1,774,617,705,-1,707,775,708,-1,708,775,776,-1,708,776,777,-1,638,778,639,-1,639,778,779,-1,639,779,717,-1,717,779,780,-1,717,780,648,-1,648,780,781,-1,648,781,649,-1,782,783,784,-1,784,783,785,-1,784,785,786,-1,608,787,606,-1,606,787,788,-1,606,788,731,-1,731,788,789,-1,731,789,626,-1,626,789,790,-1,626,790,656,-1,791,792,793,-1,792,794,793,-1,793,794,795,-1,793,795,796,-1,733,797,648,-1,648,797,798,-1,648,798,799,-1,800,801,802,-1,802,801,738,-1,802,738,803,-1,803,738,740,-1,741,586,804,-1,804,586,662,-1,804,662,802,-1,802,662,805,-1,802,805,800,-1,806,807,808,-1,586,808,809,-1,810,811,812,-1,813,814,815,-1,816,817,818,-1,816,819,817,-1,817,819,820,-1,817,820,821,-1,822,823,824,-1,825,826,672,-1,672,826,827,-1,672,827,673,-1,828,829,830,-1,677,831,625,-1,625,831,745,-1,625,745,832,-1,832,745,747,-1,833,834,835,-1,836,837,838,-1,748,839,685,-1,685,839,840,-1,685,840,626,-1,626,840,841,-1,626,841,686,-1,842,843,626,-1,626,843,844,-1,626,844,845,-1,845,846,626,-1,626,846,847,-1,626,847,592,-1,592,847,848,-1,848,849,592,-1,592,849,850,-1,592,850,851,-1,759,852,760,-1,760,852,756,-1,760,756,853,-1,853,756,758,-1,854,690,855,-1,855,690,692,-1,855,692,856,-1,856,692,761,-1,857,858,859,-1,859,858,860,-1,618,861,616,-1,616,861,862,-1,616,862,777,-1,777,862,863,-1,777,863,708,-1,708,863,864,-1,708,864,709,-1,865,866,867,-1,866,868,867,-1,867,868,869,-1,867,869,870,-1,871,872,873,-1,873,872,874,-1,873,874,875,-1,876,877,878,-1,657,879,626,-1,626,879,880,-1,626,880,596,-1,596,880,881,-1,596,881,597,-1,658,882,626,-1,626,882,883,-1,626,883,791,-1,884,885,886,-1,886,885,887,-1,886,887,888,-1,889,588,890,-1,890,588,891,-1,813,815,892,-1,892,815,893,-1,892,893,894,-1,894,895,892,-1,892,895,896,-1,892,896,897,-1,614,898,663,-1,663,898,822,-1,663,822,899,-1,899,822,824,-1,668,900,666,-1,666,900,830,-1,666,830,901,-1,901,830,829,-1,902,903,904,-1,678,905,679,-1,679,905,906,-1,679,906,907,-1,907,906,833,-1,907,833,908,-1,908,833,835,-1,749,909,748,-1,748,909,836,-1,748,836,910,-1,910,836,838,-1,911,912,913,-1,914,915,752,-1,752,915,916,-1,752,916,626,-1,626,916,917,-1,626,917,753,-1,918,919,920,-1,920,919,921,-1,755,922,626,-1,626,922,923,-1,626,923,842,-1,842,923,919,-1,842,919,924,-1,924,919,918,-1,854,925,690,-1,690,925,859,-1,690,859,926,-1,926,859,860,-1,710,927,708,-1,708,927,928,-1,708,928,604,-1,604,928,929,-1,604,929,605,-1,711,930,708,-1,708,930,931,-1,708,931,865,-1,932,933,629,-1,934,935,629,-1,629,935,936,-1,629,936,937,-1,938,939,940,-1,941,942,943,-1,944,945,946,-1,947,948,949,-1,786,950,784,-1,784,950,876,-1,784,876,951,-1,951,876,878,-1,952,953,954,-1,955,648,956,-1,956,648,957,-1,958,955,959,-1,960,961,586,-1,810,812,962,-1,962,812,963,-1,962,963,964,-1,965,966,967,-1,825,968,826,-1,826,968,674,-1,826,674,969,-1,969,674,586,-1,969,586,970,-1,745,971,746,-1,746,971,902,-1,746,902,972,-1,972,902,904,-1,914,973,915,-1,915,973,911,-1,915,911,974,-1,974,911,913,-1,975,976,977,-1,696,694,978,-1,978,694,979,-1,978,979,980,-1,980,979,981,-1,980,981,857,-1,857,981,982,-1,857,982,858,-1,629,983,984,-1,984,985,629,-1,629,985,986,-1,629,986,987,-1,988,630,989,-1,989,630,629,-1,989,629,990,-1,990,629,987,-1,988,991,630,-1,630,991,941,-1,630,941,992,-1,992,941,943,-1,650,993,648,-1,648,993,994,-1,648,994,718,-1,718,994,995,-1,718,995,996,-1,946,997,944,-1,944,997,998,-1,944,998,996,-1,996,998,999,-1,996,999,718,-1,721,1000,648,-1,648,1000,1001,-1,648,1001,724,-1,724,1001,1002,-1,724,1002,722,-1,949,1003,947,-1,947,1003,1004,-1,947,1004,723,-1,723,1004,1005,-1,723,1005,724,-1,724,1006,648,-1,648,1006,1007,-1,648,1007,1008,-1,954,1009,952,-1,952,1009,1010,-1,952,1010,1011,-1,1011,1010,1012,-1,1011,1012,1013,-1,1014,1015,1016,-1,648,1017,1018,-1,1018,1019,648,-1,648,1019,1020,-1,648,1020,1021,-1,1022,1023,1024,-1,744,1025,586,-1,586,1025,1026,-1,586,1026,808,-1,808,1026,1027,-1,808,1027,806,-1,1028,1029,807,-1,807,1029,1030,-1,807,1030,808,-1,964,1031,962,-1,962,1031,965,-1,962,965,1032,-1,1032,965,967,-1,1033,1034,1035,-1,1036,1037,1038,-1,1039,586,613,-1,613,586,624,-1,613,624,611,-1,682,1040,680,-1,680,1040,970,-1,680,970,1041,-1,1041,970,586,-1,1041,586,669,-1,669,586,1039,-1,669,1039,670,-1,1042,1043,1044,-1,921,1045,920,-1,920,1045,975,-1,920,975,1046,-1,1046,975,977,-1,1047,1048,1049,-1,865,867,708,-1,708,867,1050,-1,708,1050,1051,-1,708,1052,1053,-1,1054,1055,940,-1,940,1055,1056,-1,940,1056,938,-1,983,629,1057,-1,1057,629,937,-1,1057,937,938,-1,938,937,1058,-1,938,1058,939,-1,1059,648,1060,-1,1060,648,1061,-1,1062,1063,708,-1,708,1063,1064,-1,708,1064,1065,-1,1066,1067,1068,-1,1069,1070,1071,-1,1071,1070,1072,-1,1071,1072,597,-1,597,1072,1073,-1,597,1073,595,-1,1074,1075,1076,-1,1076,1075,1077,-1,1076,1077,795,-1,795,1077,1078,-1,795,1078,796,-1,1079,1080,1081,-1,791,793,626,-1,626,793,1082,-1,626,1082,1083,-1,1084,648,1085,-1,1085,648,626,-1,1086,1087,1088,-1,959,1089,958,-1,958,1089,1014,-1,958,1014,1090,-1,1090,1014,1016,-1,958,1091,955,-1,955,1091,1092,-1,955,1092,648,-1,648,1092,1093,-1,648,1093,1017,-1,1094,1095,648,-1,648,1095,1096,-1,648,1096,1097,-1,799,1098,648,-1,648,1098,1099,-1,648,1099,588,-1,588,1099,1100,-1,588,1100,891,-1,821,960,817,-1,817,960,586,-1,817,586,1101,-1,1101,586,809,-1,814,1102,815,-1,815,1102,1033,-1,815,1033,1103,-1,1103,1033,1035,-1,818,1104,816,-1,816,1104,1105,-1,816,1105,1106,-1,1106,1105,1036,-1,1106,1036,1107,-1,1107,1036,1038,-1,673,1108,671,-1,671,1108,1042,-1,671,1042,1109,-1,1109,1042,1044,-1,1110,1111,1112,-1,1113,1114,1115,-1,1115,1114,1116,-1,1115,1116,605,-1,605,1116,1117,-1,605,1117,603,-1,1118,1119,1120,-1,1120,1119,1121,-1,1120,1121,869,-1,869,1121,1122,-1,869,1122,870,-1,875,1123,873,-1,873,1123,1047,-1,873,1047,1124,-1,1124,1047,1049,-1,932,629,1125,-1,1126,1127,648,-1,648,1127,1128,-1,1128,1129,648,-1,648,1129,1130,-1,648,1130,1131,-1,1132,1061,1133,-1,1133,1061,648,-1,1133,648,1134,-1,1134,648,1131,-1,1132,1135,1061,-1,1061,1135,1136,-1,1061,1136,1137,-1,1137,1136,1138,-1,1139,1140,1141,-1,1141,1140,1142,-1,1141,1142,1143,-1,1013,1144,1011,-1,1011,1144,1062,-1,1011,1062,1145,-1,1145,1062,708,-1,1145,708,1146,-1,1146,708,1147,-1,1148,1149,708,-1,1068,1150,1066,-1,1066,1150,1151,-1,1066,1151,1152,-1,1152,1151,1153,-1,1152,1153,1154,-1,888,1155,886,-1,886,1155,1079,-1,886,1079,1156,-1,1156,1079,1081,-1,1084,1157,1158,-1,1159,1160,1024,-1,1024,1160,1161,-1,1024,1161,1022,-1,1094,648,1162,-1,1162,648,1021,-1,1162,1021,1022,-1,1022,1021,1163,-1,1022,1163,1023,-1,1164,1165,1166,-1,1166,1165,732,-1,1166,732,1167,-1,1167,732,648,-1,1167,648,1168,-1,1168,648,1097,-1,1169,1170,1171,-1,1171,1170,1172,-1,1171,1172,1173,-1,1173,1172,1164,-1,1173,1164,1174,-1,1174,1164,1166,-1,1175,1176,1177,-1,1177,1176,1178,-1,1177,1178,807,-1,807,1178,1179,-1,807,1179,1028,-1,811,1180,812,-1,812,1180,622,-1,812,622,1181,-1,1181,622,586,-1,1181,586,897,-1,897,586,961,-1,897,961,892,-1,830,1182,828,-1,828,1182,1110,-1,828,1110,1183,-1,1183,1110,1112,-1,1184,1185,1186,-1,1186,1185,1187,-1,1187,1188,1186,-1,1186,1188,1189,-1,1186,1189,1190,-1,1190,1189,1191,-1,1184,1125,1185,-1,1185,1125,629,-1,1185,629,1192,-1,1192,629,708,-1,1192,708,1193,-1,1193,708,1053,-1,1194,1195,1196,-1,1197,1198,648,-1,648,1198,1199,-1,1200,1201,1202,-1,1202,1201,1203,-1,1202,1203,1204,-1,1199,1205,1206,-1,1206,1205,1202,-1,1206,1202,1207,-1,1207,1202,1204,-1,1199,1206,648,-1,648,1206,1208,-1,648,1208,1142,-1,1142,1208,1209,-1,1142,1209,1143,-1,1210,1211,648,-1,648,1211,1212,-1,648,1212,1213,-1,1214,1215,708,-1,708,1215,1216,-1,708,1216,1147,-1,1217,600,1218,-1,1218,600,1219,-1,1220,1221,1222,-1,1223,1224,1225,-1,1225,1224,1226,-1,1227,1228,626,-1,626,1228,1229,-1,626,1229,1085,-1,1230,1231,648,-1,1232,1233,1234,-1,1234,1233,1052,-1,1234,1052,1235,-1,1236,933,1237,-1,1237,1238,1236,-1,1236,1238,1239,-1,1236,1239,1240,-1,1240,1239,1241,-1,1236,1242,933,-1,933,1242,1243,-1,933,1243,629,-1,629,1243,1244,-1,629,1244,1245,-1,1246,1247,629,-1,1248,1249,629,-1,1131,1250,1134,-1,1134,1250,1251,-1,1134,1251,1252,-1,1252,1251,1253,-1,1252,1253,1254,-1,1255,1256,1257,-1,1258,1259,1260,-1,1261,1262,1141,-1,1141,1262,1263,-1,1141,1263,1139,-1,1264,1265,1210,-1,1210,1265,1266,-1,1267,648,1268,-1,1268,648,1269,-1,1154,1270,1152,-1,1152,1270,1148,-1,1152,1148,1271,-1,1271,1148,708,-1,1271,708,1272,-1,1272,708,1065,-1,1149,1273,708,-1,708,1273,1274,-1,708,1274,1275,-1,1222,1276,1220,-1,1220,1276,1277,-1,1220,1277,1224,-1,1224,1277,1278,-1,1224,1278,1226,-1,1279,1280,1227,-1,1227,1280,1281,-1,1227,1281,1282,-1,1084,1283,1157,-1,1157,1283,1284,-1,1157,1284,1285,-1,1286,1287,648,-1,1051,1288,708,-1,708,1288,1289,-1,708,1289,1052,-1,1052,1289,1290,-1,1052,1290,1235,-1,1246,629,1291,-1,629,1292,1293,-1,1294,1295,1296,-1,1136,1297,1138,-1,1138,1297,1255,-1,1138,1255,1298,-1,1298,1255,1257,-1,1059,1299,648,-1,648,1299,1300,-1,648,1300,1197,-1,1197,1300,1301,-1,1197,1301,1302,-1,1303,1304,1305,-1,1302,1306,1197,-1,1197,1306,1307,-1,1197,1307,1308,-1,1308,1307,1309,-1,1200,1310,1201,-1,1201,1310,1258,-1,1201,1258,1311,-1,1311,1258,1260,-1,1312,1313,1314,-1,1142,1315,648,-1,648,1315,1316,-1,648,1316,1210,-1,1210,1316,1317,-1,1210,1317,1264,-1,1214,708,1318,-1,1318,708,648,-1,1318,648,1319,-1,1320,708,1321,-1,1321,708,1275,-1,1321,1275,1223,-1,1223,1275,1322,-1,1223,1322,1224,-1,1320,1323,708,-1,708,1323,1324,-1,708,1324,600,-1,600,1324,1325,-1,600,1325,1219,-1,1326,1327,1328,-1,1329,1330,1088,-1,1088,1330,1331,-1,1088,1331,1086,-1,1230,648,1332,-1,1333,1334,648,-1,648,1335,1336,-1,1337,1338,1339,-1,1340,1341,1342,-1,1195,1343,1196,-1,1196,1343,1344,-1,1196,1344,1345,-1,1345,1344,1346,-1,1347,1348,629,-1,629,1348,1349,-1,629,1349,1248,-1,1350,1126,1351,-1,1351,1126,648,-1,1351,648,1352,-1,1352,648,1008,-1,1350,1353,1126,-1,1126,1353,1354,-1,1126,1354,1355,-1,1355,1354,1294,-1,1355,1294,1356,-1,1356,1294,1296,-1,1357,1358,1359,-1,1305,1360,1303,-1,1303,1360,1361,-1,1303,1361,1307,-1,1307,1361,1362,-1,1307,1362,1309,-1,1261,1363,1262,-1,1262,1363,1312,-1,1262,1312,1364,-1,1364,1312,1314,-1,1213,1365,648,-1,648,1365,1366,-1,648,1366,1269,-1,1269,1366,1367,-1,1269,1367,1368,-1,1267,1369,648,-1,648,1369,1370,-1,648,1370,1319,-1,1319,1370,782,-1,1319,782,1371,-1,1371,782,784,-1,1083,1372,626,-1,626,1372,1373,-1,626,1373,1227,-1,1227,1373,1374,-1,1227,1374,1279,-1,1375,1376,1377,-1,1377,1376,1378,-1,1328,1379,1326,-1,1326,1379,1376,-1,1326,1376,1380,-1,1380,1376,1375,-1,1329,1332,1330,-1,1330,1332,648,-1,1330,648,1381,-1,1381,648,1084,-1,1381,1084,1382,-1,1382,1084,1158,-1,1383,1384,1385,-1,1333,648,1326,-1,1386,1387,648,-1,648,1387,1388,-1,648,1388,1286,-1,1389,1390,1391,-1,1391,1390,1392,-1,1391,1392,1191,-1,1191,1392,1393,-1,1191,1393,1190,-1,1239,1394,1241,-1,1241,1394,1337,-1,1241,1337,1395,-1,1395,1337,1339,-1,1342,1396,1340,-1,1340,1396,1397,-1,1340,1397,1344,-1,1344,1397,1398,-1,1344,1398,1346,-1,1399,1400,1401,-1,1401,1400,1291,-1,1401,1291,1402,-1,1402,1291,629,-1,1402,629,1196,-1,1196,629,1245,-1,1196,1245,1194,-1,1247,1403,629,-1,629,1403,1404,-1,629,1404,1292,-1,1359,1405,1357,-1,1357,1405,1406,-1,1357,1406,1407,-1,1407,1406,1408,-1,1407,1408,1253,-1,1253,1408,1409,-1,1253,1409,1254,-1,1410,1411,1412,-1,1412,1411,1413,-1,1412,1413,1414,-1,1414,1413,1415,-1,1414,1415,1285,-1,1285,1415,1416,-1,1285,1416,1157,-1,1417,1418,1419,-1,1419,1418,1420,-1,1419,1420,1421,-1,1421,1420,1422,-1,1421,1422,1087,-1,1087,1422,1423,-1,1087,1423,1088,-1,1424,1425,1426,-1,886,1427,884,-1,884,1427,1428,-1,884,1428,1429,-1,1430,1431,1432,-1,1432,1431,1433,-1,1432,1433,1232,-1,1232,1433,1434,-1,1232,1434,1233,-1,1399,1401,1435,-1,1435,1401,1436,-1,1435,1436,1437,-1,1438,1347,1439,-1,1439,1347,629,-1,1439,629,1440,-1,1440,629,1293,-1,1441,1442,1443,-1,1443,1442,1444,-1,1443,1444,1266,-1,1266,1444,1445,-1,1266,1445,1210,-1,1446,1447,1448,-1,1449,1450,1451,-1,1451,1450,1452,-1,1451,1452,1281,-1,1281,1452,1453,-1,1281,1453,1282,-1,1376,1454,1378,-1,1378,1454,1424,-1,1378,1424,1455,-1,1455,1424,1426,-1,1327,1326,1456,-1,1456,1326,648,-1,1456,648,1385,-1,1385,648,1231,-1,1385,1231,1383,-1,1457,1386,1458,-1,1458,1386,648,-1,1458,648,1459,-1,1459,648,1336,-1,1460,1461,1247,-1,1247,1461,1462,-1,1247,1462,1403,-1,1463,1464,1438,-1,1438,1464,1465,-1,1438,1465,1347,-1,1249,1466,629,-1,629,1466,1467,-1,629,1467,1468,-1,873,1469,871,-1,871,1469,1470,-1,871,1470,1468,-1,1468,1470,1471,-1,1468,1471,629,-1,629,1471,1472,-1,629,1472,934,-1,1368,1473,1269,-1,1269,1473,1474,-1,1269,1474,1475,-1,1475,1474,1446,-1,1475,1446,1476,-1,1476,1446,1448,-1,1477,1478,1479,-1,1384,1480,1385,-1,1385,1480,1481,-1,1385,1481,1482,-1,1482,1481,1483,-1,1484,1485,1486,-1,1486,1485,1487,-1,1484,1486,1334,-1,1334,1486,1488,-1,1334,1488,1489,-1,1490,1491,1457,-1,1457,1491,1492,-1,1457,1492,1386,-1,1287,1493,648,-1,648,1493,1494,-1,648,1494,1429,-1,1428,1495,1429,-1,1429,1495,1496,-1,1429,1496,648,-1,648,1496,1497,-1,648,1497,957,-1,1498,1499,1500,-1,1501,1502,1503,-1,1503,1502,1504,-1,1503,1504,1438,-1,1438,1504,1505,-1,1438,1505,1463,-1,1506,1507,1249,-1,1249,1507,1508,-1,1249,1508,1466,-1,1479,1509,1477,-1,1477,1509,1510,-1,1477,1510,1481,-1,1481,1510,1511,-1,1481,1511,1483,-1,1489,1512,1334,-1,1334,1512,1513,-1,1334,1513,648,-1,648,1513,1514,-1,648,1514,1335,-1,1515,1516,1517,-1,1517,1516,1518,-1,1517,1518,1457,-1,1457,1518,1519,-1,1457,1519,1490,-1,1520,1521,1287,-1,1287,1521,1522,-1,1287,1522,1493,-1,1437,1523,1435,-1,1435,1523,1524,-1,1435,1524,1525,-1,1525,1524,1498,-1,1525,1498,1526,-1,1526,1498,1500,-1,1527,1528,1529,-1,1530,1531,1532,-1,1532,1531,1533,-1,1532,1533,1534,-1,1534,1533,1506,-1,1534,1506,1535,-1,1535,1506,1249,-1,1536,1537,1538,-1,1539,1540,1541,-1,1541,1540,1542,-1,1541,1542,1543,-1,1543,1542,1520,-1,1543,1520,1544,-1,1544,1520,1287,-1,1460,1545,1461,-1,1461,1545,1546,-1,1461,1546,1547,-1,1547,1546,1548,-1,1547,1548,1549,-1,1549,1548,1527,-1,1549,1527,1550,-1,1550,1527,1529,-1,1487,1551,1486,-1,1486,1551,1536,-1,1486,1536,1552,-1,1552,1536,1538,-1,566,600,1217,-1,1553,1554,320,-1,1555,1556,320,-1,1557,954,953,-1,1558,1305,1304,-1,1222,1221,1559,-1,1559,1221,1560,-1,1217,1561,566,-1,566,1561,1559,-1,566,1559,320,-1,320,1559,1560,-1,320,1560,1562,-1,953,1553,1557,-1,1557,1553,320,-1,1557,320,1563,-1,1563,320,1562,-1,1563,1562,1067,-1,1067,1562,1068,-1,1564,1565,320,-1,1566,1314,1313,-1,1567,320,1568,-1,1568,320,1556,-1,1568,1556,1256,-1,1256,1556,1257,-1,1569,1570,320,-1,1571,1448,1447,-1,1572,1573,320,-1,1574,1296,1295,-1,1447,1564,1571,-1,1571,1564,320,-1,1571,320,1575,-1,1575,320,1554,-1,1575,1554,877,-1,877,1554,878,-1,1313,1572,1566,-1,1566,1572,320,-1,1566,320,1576,-1,1576,320,1565,-1,1576,1565,1441,-1,1441,1565,1442,-1,1295,1569,1574,-1,1574,1569,320,-1,1574,320,1577,-1,1577,320,1567,-1,1577,1567,1358,-1,1358,1567,1359,-1,1578,1579,320,-1,1304,1555,1558,-1,1558,1555,320,-1,1558,320,1580,-1,1580,320,1573,-1,1580,1573,1259,-1,1259,1573,1260,-1,1581,946,945,-1,945,1578,1581,-1,1581,1578,320,-1,1581,320,1582,-1,1582,320,1570,-1,1582,1570,948,-1,948,1570,949,-1,590,588,1583,-1,1583,588,320,-1,1583,320,1584,-1,1584,320,1579,-1,1584,1579,642,-1,642,1579,643,-1,1585,1081,1080,-1,1586,1160,1159,-1,1587,1588,583,-1,583,320,1589,-1,1589,320,1590,-1,1591,1516,1515,-1,588,889,320,-1,320,889,1592,-1,320,1592,1593,-1,1080,1587,1585,-1,1585,1587,583,-1,1585,583,1594,-1,1594,583,1589,-1,1594,1589,1015,-1,1015,1589,1016,-1,1595,1596,583,-1,1170,1169,1593,-1,1593,1169,1597,-1,1593,1597,320,-1,320,1597,1586,-1,320,1586,1590,-1,1590,1586,1159,-1,1515,1595,1591,-1,1591,1595,583,-1,1591,583,1598,-1,1598,583,1588,-1,1598,1588,1539,-1,1539,1588,1540,-1,1538,1537,1596,-1,1596,1537,1599,-1,1596,1599,583,-1,583,1599,1600,-1,1601,1479,1478,-1,1602,1070,1069,-1,1603,1604,583,-1,1605,1606,583,-1,1478,1603,1601,-1,1601,1603,583,-1,1601,583,1607,-1,1607,583,1600,-1,1607,1600,1425,-1,1425,1600,1426,-1,1608,1411,1410,-1,594,592,1609,-1,1609,592,583,-1,1609,583,1610,-1,1610,583,1606,-1,1610,1606,725,-1,725,1606,726,-1,1611,1612,583,-1,1410,1611,1608,-1,1608,1611,583,-1,1608,583,1613,-1,1613,583,1604,-1,1613,1604,1417,-1,1417,1604,1418,-1,1450,1449,1612,-1,1612,1449,1614,-1,1612,1614,583,-1,583,1614,1615,-1,1069,1605,1602,-1,1602,1605,583,-1,1602,583,1616,-1,1616,583,1615,-1,1616,1615,1074,-1,1074,1615,1075,-1,583,592,851,-1,1617,1618,493,-1,1619,1620,493,-1,977,976,1621,-1,1621,976,1622,-1,851,1623,583,-1,583,1623,1621,-1,583,1621,493,-1,493,1621,1622,-1,493,1622,1624,-1,1625,838,837,-1,1626,1627,493,-1,837,1617,1625,-1,1625,1617,493,-1,1625,493,1628,-1,1628,493,1624,-1,1628,1624,912,-1,912,1624,913,-1,1629,1044,1043,-1,1630,493,1631,-1,1631,493,1620,-1,1631,1620,620,-1,620,1620,621,-1,1043,1626,1629,-1,1629,1626,493,-1,1629,493,1632,-1,1632,493,1618,-1,1632,1618,903,-1,903,1618,904,-1,1633,1634,493,-1,637,636,1635,-1,1635,636,493,-1,1635,493,1636,-1,1636,493,1630,-1,1636,1630,701,-1,701,1630,702,-1,1637,1112,1111,-1,1111,1633,1637,-1,1637,1633,493,-1,1637,493,1638,-1,1638,493,1627,-1,1638,1627,834,-1,834,1627,835,-1,1639,1640,493,-1,1641,740,739,-1,1642,967,966,-1,966,1639,1642,-1,1642,1639,493,-1,1642,493,1643,-1,1643,493,1634,-1,1643,1634,823,-1,823,1634,824,-1,1644,1645,493,-1,1646,1038,1037,-1,1037,1644,1646,-1,1646,1644,493,-1,1646,493,1647,-1,1647,493,1640,-1,1647,1640,1034,-1,1034,1640,1035,-1,739,1619,1641,-1,1641,1619,493,-1,1641,493,1648,-1,1648,493,1645,-1,1648,1645,1175,-1,1175,1645,1176,-1,602,600,1649,-1,1649,600,566,-1,1649,566,1650,-1,1651,772,771,-1,1652,943,942,-1,566,493,1653,-1,1653,493,1654,-1,636,635,493,-1,493,635,1655,-1,493,1655,1656,-1,1657,1342,1341,-1,1658,1049,1048,-1,1659,1660,566,-1,758,757,1656,-1,1656,757,1661,-1,1656,1661,493,-1,493,1661,1652,-1,493,1652,1654,-1,1654,1652,942,-1,1662,1663,566,-1,1048,1662,1658,-1,1658,1662,566,-1,1658,566,1664,-1,1664,566,1653,-1,1664,1653,1054,-1,1054,1653,1055,-1,1665,1390,1389,-1,1666,1529,1528,-1,1667,1668,566,-1,1389,1667,1665,-1,1665,1667,566,-1,1665,566,1669,-1,1669,566,1660,-1,1669,1660,1338,-1,1338,1660,1339,-1,1531,1530,1663,-1,1663,1530,1670,-1,1663,1670,566,-1,566,1670,1671,-1,566,1672,1673,-1,1528,1672,1666,-1,1666,1672,566,-1,1666,566,1674,-1,1674,566,1671,-1,1674,1671,1501,-1,1501,1671,1502,-1,1341,1659,1657,-1,1657,1659,566,-1,1657,566,1675,-1,1675,566,1673,-1,1675,1673,1499,-1,1499,1673,1500,-1,1676,1119,1118,-1,1677,1678,566,-1,1118,1677,1676,-1,1676,1677,566,-1,1676,566,1679,-1,1679,566,1668,-1,1679,1668,1430,-1,1430,1668,1431,-1,771,1650,1651,-1,1651,1650,566,-1,1651,566,1680,-1,1680,566,1678,-1,1680,1678,1113,-1,1113,1678,1114,-1,
        ]
    }
}
Shape{
    appearance Appearance {
        material  Material 	{
            diffuseColor 0.6666666666666666 0.6666666666666666 0.6666666666666666
            specularColor 0.4666666666666667 0.4666666666666667 0.4666666666666667
            ambientIntensity 0.6667
            transparency 0.0
            shininess 0.5
        }
    }
    geometry IndexedFaceSet {
        ccw TRUE
        solid FALSE
        coord DEF co Coordinate {
            point [
                -1.7657 1.5237 0.0799, -1.7661 1.5237 0.0799, -1.7657 1.4292 0.0799, -1.7661 1.4292 0.0799, -1.7657 1.5237 0.0197, -1.6555 1.5237 0.0197, -1.6555 1.5237 0.0, -1.7661 1.5237 0.0, -1.7657 1.4292 0.0197, -1.7661 1.4292 0.0, -1.6555 1.4292 0.0197, -1.6555 1.4292 0.0, -1.6432 1.4308 0.0, -1.6432 1.4308 0.0197, -1.6318 1.4355 0.0, -1.6318 1.4355 0.0197, -1.6221 1.443 0.0, -1.6221 1.443 0.0197, -1.6145 1.4528 0.0, -1.6145 1.4528 0.0197, -1.6098 1.4642 0.0, -1.6098 1.4642 0.0197, -1.6082 1.4764 0.0, -1.6082 1.4764 0.0197, -1.6098 1.4887 0.0, -1.6098 1.4887 0.0197, -1.6145 1.5 0.0, -1.6145 1.5 0.0197, -1.6221 1.5098 0.0, -1.6221 1.5098 0.0197, -1.6318 1.5173 0.0, -1.6318 1.5173 0.0197, -1.6432 1.5221 0.0, -1.6432 1.5221 0.0197, -1.7657 1.3268 0.0799, -1.7661 1.3268 0.0799, -1.7657 1.2323 0.0799, -1.7661 1.2323 0.0799, -1.7657 1.3268 0.0197, -1.6555 1.3268 0.0197, -1.6555 1.3268 0.0, -1.7661 1.3268 0.0, -1.7657 1.2323 0.0197, -1.7661 1.2323 0.0, -1.6555 1.2323 0.0197, -1.6555 1.2323 0.0, -1.6432 1.2339 0.0, -1.6432 1.2339 0.0197, -1.6318 1.2387 0.0, -1.6318 1.2387 0.0197, -1.6221 1.2462 0.0, -1.6221 1.2462 0.0197, -1.6145 1.256 0.0, -1.6145 1.256 0.0197, -1.6098 1.2673 0.0, -1.6098 1.2673 0.0197, -1.6082 1.2796 0.0, -1.6082 1.2796 0.0197, -1.6098 1.2918 0.0, -1.6098 1.2918 0.0197, -1.6145 1.3032 0.0, -1.6145 1.3032 0.0197, -1.6221 1.313 0.0, -1.6221 1.313 0.0197, -1.6318 1.3205 0.0, -1.6318 1.3205 0.0197, -1.6432 1.3252 0.0, -1.6432 1.3252 0.0197, -1.7657 1.13 0.0799, -1.7661 1.13 0.0799, -1.7657 1.0355 0.0799, -1.7661 1.0355 0.0799, -1.7657 1.13 0.0197, -1.6555 1.13 0.0197, -1.6555 1.13 0.0, -1.7661 1.13 0.0, -1.7657 1.0355 0.0197, -1.7661 1.0355 0.0, -1.6555 1.0355 0.0197, -1.6555 1.0355 0.0, -1.6432 1.0371 0.0, -1.6432 1.0371 0.0197, -1.6318 1.0418 0.0, -1.6318 1.0418 0.0197, -1.6221 1.0493 0.0, -1.6221 1.0493 0.0197, -1.6145 1.0591 0.0, -1.6145 1.0591 0.0197, -1.6098 1.0705 0.0, -1.6098 1.0705 0.0197, -1.6082 1.0827 0.0, -1.6082 1.0827 0.0197, -1.6098 1.095 0.0, -1.6098 1.095 0.0197, -1.6145 1.1063 0.0, -1.6145 1.1063 0.0197, -1.6221 1.1161 0.0, -1.6221 1.1161 0.0197, -1.6318 1.1236 0.0, -1.6318 1.1236 0.0197, -1.6432 1.1284 0.0, -1.6432 1.1284 0.0197, -1.7657 0.9331 0.0799, -1.7661 0.9331 0.0799, -1.7657 0.8386 0.0799, -1.7661 0.8386 0.0799, -1.7657 0.9331 0.0197, -1.6555 0.9331 0.0197, -1.6555 0.9331 0.0, -1.7661 0.9331 0.0, -1.7657 0.8386 0.0197, -1.7661 0.8386 0.0, -1.6555 0.8386 0.0197, -1.6555 0.8386 0.0, -1.6432 0.8402 0.0, -1.6432 0.8402 0.0197, -1.6318 0.845 0.0, -1.6318 0.845 0.0197, -1.6221 0.8525 0.0, -1.6221 0.8525 0.0197, -1.6145 0.8623 0.0, -1.6145 0.8623 0.0197, -1.6098 0.8736 0.0, -1.6098 0.8736 0.0197, -1.6082 0.8859 0.0, -1.6082 0.8859 0.0197, -1.6098 0.8981 0.0, -1.6098 0.8981 0.0197, -1.6145 0.9095 0.0, -1.6145 0.9095 0.0197, -1.6221 0.9193 0.0, -1.6221 0.9193 0.0197, -1.6318 0.9268 0.0, -1.6318 0.9268 0.0197, -1.6432 0.9315 0.0, -1.6432 0.9315 0.0197, -1.7657 0.7363 0.0799, -1.7661 0.7363 0.0799, -1.7657 0.6418 0.0799, -1.7661 0.6418 0.0799, -1.7657 0.7363 0.0197, -1.6555 0.7363 0.0197, -1.6555 0.7363 0.0, -1.7661 0.7363 0.0, -1.7657 0.6418 0.0197, -1.7661 0.6418 0.0, -1.6555 0.6418 0.0197, -1.6555 0.6418 0.0, -1.6432 0.6434 0.0, -1.6432 0.6434 0.0197, -1.6318 0.6481 0.0, -1.6318 0.6481 0.0197, -1.6221 0.6556 0.0, -1.6221 0.6556 0.0197, -1.6145 0.6654 0.0, -1.6145 0.6654 0.0197, -1.6098 0.6768 0.0, -1.6098 0.6768 0.0197, -1.6082 0.689 0.0, -1.6082 0.689 0.0197, -1.6098 0.7013 0.0, -1.6098 0.7013 0.0197, -1.6145 0.7126 0.0, -1.6145 0.7126 0.0197, -1.6221 0.7224 0.0, -1.6221 0.7224 0.0197, -1.6318 0.7299 0.0, -1.6318 0.7299 0.0197, -1.6432 0.7347 0.0, -1.6432 0.7347 0.0197, -1.7657 0.5394 0.0799, -1.7661 0.5394 0.0799, -1.7657 0.4449 0.0799, -1.7661 0.4449 0.0799, -1.7657 0.5394 0.0197, -1.6555 0.5394 0.0197, -1.6555 0.5394 0.0, -1.7661 0.5394 0.0, -1.7657 0.4449 0.0197, -1.7661 0.4449 0.0, -1.6555 0.4449 0.0197, -1.6555 0.4449 0.0, -1.6432 0.4465 0.0, -1.6432 0.4465 0.0197, -1.6318 0.4513 0.0, -1.6318 0.4513 0.0197, -1.6221 0.4588 0.0, -1.6221 0.4588 0.0197, -1.6145 0.4686 0.0, -1.6145 0.4686 0.0197, -1.6098 0.4799 0.0, -1.6098 0.4799 0.0197, -1.6082 0.4922 0.0, -1.6082 0.4922 0.0197, -1.6098 0.5044 0.0, -1.6098 0.5044 0.0197, -1.6145 0.5158 0.0, -1.6145 0.5158 0.0197, -1.6221 0.5256 0.0, -1.6221 0.5256 0.0197, -1.6318 0.5331 0.0, -1.6318 0.5331 0.0197, -1.6432 0.5378 0.0, -1.6432 0.5378 0.0197, -1.7657 0.3426 0.0799, -1.7661 0.3426 0.0799, -1.7657 0.2481 0.0799, -1.7661 0.2481 0.0799, -1.7657 0.3426 0.0197, -1.6555 0.3426 0.0197, -1.6555 0.3426 0.0, -1.7661 0.3426 0.0, -1.7657 0.2481 0.0197, -1.7661 0.2481 0.0, -1.6555 0.2481 0.0197, -1.6555 0.2481 0.0, -1.6432 0.2497 0.0, -1.6432 0.2497 0.0197, -1.6318 0.2544 0.0, -1.6318 0.2544 0.0197, -1.6221 0.2619 0.0, -1.6221 0.2619 0.0197, -1.6145 0.2717 0.0, -1.6145 0.2717 0.0197, -1.6098 0.2831 0.0, -1.6098 0.2831 0.0197, -1.6082 0.2953 0.0, -1.6082 0.2953 0.0197, -1.6098 0.3076 0.0, -1.6098 0.3076 0.0197, -1.6145 0.3189 0.0, -1.6145 0.3189 0.0197, -1.6221 0.3287 0.0, -1.6221 0.3287 0.0197, -1.6318 0.3362 0.0, -1.6318 0.3362 0.0197, -1.6432 0.341 0.0, -1.6432 0.341 0.0197, -1.7657 0.1457 0.0799, -1.7661 0.1457 0.0799, -1.7657 0.0512 0.0799, -1.7661 0.0512 0.0799, -1.7657 0.1457 0.0197, -1.6555 0.1457 0.0197, -1.6555 0.1457 0.0, -1.7661 0.1457 0.0, -1.7657 0.0512 0.0197, -1.7661 0.0512 0.0, -1.6555 0.0512 0.0197, -1.6555 0.0512 0.0, -1.6432 0.0528 0.0, -1.6432 0.0528 0.0197, -1.6318 0.0576 0.0, -1.6318 0.0576 0.0197, -1.6221 0.0651 0.0, -1.6221 0.0651 0.0197, -1.6145 0.0749 0.0, -1.6145 0.0749 0.0197, -1.6098 0.0862 0.0, -1.6098 0.0862 0.0197, -1.6082 0.0985 0.0, -1.6082 0.0985 0.0197, -1.6098 0.1107 0.0, -1.6098 0.1107 0.0197, -1.6145 0.1221 0.0, -1.6145 0.1221 0.0197, -1.6221 0.1319 0.0, -1.6221 0.1319 0.0197, -1.6318 0.1394 0.0, -1.6318 0.1394 0.0197, -1.6432 0.1441 0.0, -1.6432 0.1441 0.0197, -1.7657 -0.0511 0.0799, -1.7661 -0.0511 0.0799, -1.7657 -0.1456 0.0799, -1.7661 -0.1456 0.0799, -1.7657 -0.0511 0.0197, -1.6555 -0.0511 0.0197, -1.6555 -0.0511 0.0, -1.7661 -0.0511 0.0, -1.7657 -0.1456 0.0197, -1.7661 -0.1456 0.0, -1.6555 -0.1456 0.0197, -1.6555 -0.1456 0.0, -1.6432 -0.144 0.0, -1.6432 -0.144 0.0197, -1.6318 -0.1393 0.0, -1.6318 -0.1393 0.0197, -1.6221 -0.1318 0.0, -1.6221 -0.1318 0.0197, -1.6145 -0.122 0.0, -1.6145 -0.122 0.0197, -1.6098 -0.1106 0.0, -1.6098 -0.1106 0.0197, -1.6082 -0.0984 0.0, -1.6082 -0.0984 0.0197, -1.6098 -0.0861 0.0, -1.6098 -0.0861 0.0197, -1.6145 -0.0748 0.0, -1.6145 -0.0748 0.0197, -1.6221 -0.065 0.0, -1.6221 -0.065 0.0197, -1.6318 -0.0575 0.0, -1.6318 -0.0575 0.0197, -1.6432 -0.0527 0.0, -1.6432 -0.0527 0.0197, -1.7657 -0.248 0.0799, -1.7661 -0.248 0.0799, -1.7657 -0.3425 0.0799, -1.7661 -0.3425 0.0799, -1.7657 -0.248 0.0197, -1.6555 -0.248 0.0197, -1.6555 -0.248 0.0, -1.7661 -0.248 0.0, -1.7657 -0.3425 0.0197, -1.7661 -0.3425 0.0, -1.6555 -0.3425 0.0197, -1.6555 -0.3425 0.0, -1.6432 -0.3409 0.0, -1.6432 -0.3409 0.0197, -1.6318 -0.3361 0.0, -1.6318 -0.3361 0.0197, -1.6221 -0.3286 0.0, -1.6221 -0.3286 0.0197, -1.6145 -0.3188 0.0, -1.6145 -0.3188 0.0197, -1.6098 -0.3075 0.0, -1.6098 -0.3075 0.0197, -1.6082 -0.2952 0.0, -1.6082 -0.2952 0.0197, -1.6098 -0.283 0.0, -1.6098 -0.283 0.0197, -1.6145 -0.2716 0.0, -1.6145 -0.2716 0.0197, -1.6221 -0.2618 0.0, -1.6221 -0.2618 0.0197, -1.6318 -0.2543 0.0, -1.6318 -0.2543 0.0197, -1.6432 -0.2496 0.0, -1.6432 -0.2496 0.0197, -1.7657 -0.4448 0.0799, -1.7661 -0.4448 0.0799, -1.7657 -0.5393 0.0799, -1.7661 -0.5393 0.0799, -1.7657 -0.4448 0.0197, -1.6555 -0.4448 0.0197, -1.6555 -0.4448 0.0, -1.7661 -0.4448 0.0, -1.7657 -0.5393 0.0197, -1.7661 -0.5393 0.0, -1.6555 -0.5393 0.0197, -1.6555 -0.5393 0.0, -1.6432 -0.5377 0.0, -1.6432 -0.5377 0.0197, -1.6318 -0.533 0.0, -1.6318 -0.533 0.0197, -1.6221 -0.5255 0.0, -1.6221 -0.5255 0.0197, -1.6145 -0.5157 0.0, -1.6145 -0.5157 0.0197, -1.6098 -0.5043 0.0, -1.6098 -0.5043 0.0197, -1.6082 -0.4921 0.0, -1.6082 -0.4921 0.0197, -1.6098 -0.4798 0.0, -1.6098 -0.4798 0.0197, -1.6145 -0.4685 0.0, -1.6145 -0.4685 0.0197, -1.6221 -0.4587 0.0, -1.6221 -0.4587 0.0197, -1.6318 -0.4512 0.0, -1.6318 -0.4512 0.0197, -1.6432 -0.4464 0.0, -1.6432 -0.4464 0.0197, -1.7657 -0.6417 0.0799, -1.7661 -0.6417 0.0799, -1.7657 -0.7362 0.0799, -1.7661 -0.7362 0.0799, -1.7657 -0.6417 0.0197, -1.6555 -0.6417 0.0197, -1.6555 -0.6417 0.0, -1.7661 -0.6417 0.0, -1.7657 -0.7362 0.0197, -1.7661 -0.7362 0.0, -1.6555 -0.7362 0.0197, -1.6555 -0.7362 0.0, -1.6432 -0.7346 0.0, -1.6432 -0.7346 0.0197, -1.6318 -0.7298 0.0, -1.6318 -0.7298 0.0197, -1.6221 -0.7223 0.0, -1.6221 -0.7223 0.0197, -1.6145 -0.7125 0.0, -1.6145 -0.7125 0.0197, -1.6098 -0.7012 0.0, -1.6098 -0.7012 0.0197, -1.6082 -0.6889 0.0, -1.6082 -0.6889 0.0197, -1.6098 -0.6767 0.0, -1.6098 -0.6767 0.0197, -1.6145 -0.6653 0.0, -1.6145 -0.6653 0.0197, -1.6221 -0.6555 0.0, -1.6221 -0.6555 0.0197, -1.6318 -0.648 0.0, -1.6318 -0.648 0.0197, -1.6432 -0.6433 0.0, -1.6432 -0.6433 0.0197, -1.7657 -0.8385 0.0799, -1.7661 -0.8385 0.0799, -1.7657 -0.933 0.0799, -1.7661 -0.933 0.0799, -1.7657 -0.8385 0.0197, -1.6555 -0.8385 0.0197, -1.6555 -0.8385 0.0, -1.7661 -0.8385 0.0, -1.7657 -0.933 0.0197, -1.7661 -0.933 0.0, -1.6555 -0.933 0.0197, -1.6555 -0.933 0.0, -1.6432 -0.9314 0.0, -1.6432 -0.9314 0.0197, -1.6318 -0.9267 0.0, -1.6318 -0.9267 0.0197, -1.6221 -0.9192 0.0, -1.6221 -0.9192 0.0197, -1.6145 -0.9094 0.0, -1.6145 -0.9094 0.0197, -1.6098 -0.898 0.0, -1.6098 -0.898 0.0197, -1.6082 -0.8858 0.0, -1.6082 -0.8858 0.0197, -1.6098 -0.8735 0.0, -1.6098 -0.8735 0.0197, -1.6145 -0.8622 0.0, -1.6145 -0.8622 0.0197, -1.6221 -0.8524 0.0, -1.6221 -0.8524 0.0197, -1.6318 -0.8449 0.0, -1.6318 -0.8449 0.0197, -1.6432 -0.8401 0.0, -1.6432 -0.8401 0.0197, -1.7657 -1.0354 0.0799, -1.7661 -1.0354 0.0799, -1.7657 -1.1299 0.0799, -1.7661 -1.1299 0.0799, -1.7657 -1.0354 0.0197, -1.6555 -1.0354 0.0197, -1.6555 -1.0354 0.0, -1.7661 -1.0354 0.0, -1.7657 -1.1299 0.0197, -1.7661 -1.1299 0.0, -1.6555 -1.1299 0.0197, -1.6555 -1.1299 0.0, -1.6432 -1.1283 0.0, -1.6432 -1.1283 0.0197, -1.6318 -1.1235 0.0, -1.6318 -1.1235 0.0197, -1.6221 -1.116 0.0, -1.6221 -1.116 0.0197, -1.6145 -1.1062 0.0, -1.6145 -1.1062 0.0197, -1.6098 -1.0949 0.0, -1.6098 -1.0949 0.0197, -1.6082 -1.0826 0.0, -1.6082 -1.0826 0.0197, -1.6098 -1.0704 0.0, -1.6098 -1.0704 0.0197, -1.6145 -1.059 0.0, -1.6145 -1.059 0.0197, -1.6221 -1.0492 0.0, -1.6221 -1.0492 0.0197, -1.6318 -1.0417 0.0, -1.6318 -1.0417 0.0197, -1.6432 -1.037 0.0, -1.6432 -1.037 0.0197, -1.7657 -1.2322 0.0799, -1.7661 -1.2322 0.0799, -1.7657 -1.3267 0.0799, -1.7661 -1.3267 0.0799, -1.7657 -1.2322 0.0197, -1.6555 -1.2322 0.0197, -1.6555 -1.2322 0.0, -1.7661 -1.2322 0.0, -1.7657 -1.3267 0.0197, -1.7661 -1.3267 0.0, -1.6555 -1.3267 0.0197, -1.6555 -1.3267 0.0, -1.6432 -1.3251 0.0, -1.6432 -1.3251 0.0197, -1.6318 -1.3204 0.0, -1.6318 -1.3204 0.0197, -1.6221 -1.3129 0.0, -1.6221 -1.3129 0.0197, -1.6145 -1.3031 0.0, -1.6145 -1.3031 0.0197, -1.6098 -1.2917 0.0, -1.6098 -1.2917 0.0197, -1.6082 -1.2795 0.0, -1.6082 -1.2795 0.0197, -1.6098 -1.2673 0.0, -1.6098 -1.2673 0.0197, -1.6145 -1.2559 0.0, -1.6145 -1.2559 0.0197, -1.6221 -1.2461 0.0, -1.6221 -1.2461 0.0197, -1.6318 -1.2386 0.0, -1.6318 -1.2386 0.0197, -1.6432 -1.2338 0.0, -1.6432 -1.2338 0.0197, -1.7657 -1.4291 0.0799, -1.7661 -1.4291 0.0799, -1.7657 -1.5236 0.0799, -1.7661 -1.5236 0.0799, -1.7657 -1.4291 0.0197, -1.6555 -1.4291 0.0197, -1.6555 -1.4291 0.0, -1.7661 -1.4291 0.0, -1.7657 -1.5236 0.0197, -1.7661 -1.5236 0.0, -1.6555 -1.5236 0.0197, -1.6555 -1.5236 0.0, -1.6432 -1.522 0.0, -1.6432 -1.522 0.0197, -1.6318 -1.5172 0.0, -1.6318 -1.5172 0.0197, -1.6221 -1.5097 0.0, -1.6221 -1.5097 0.0197, -1.6145 -1.5 0.0, -1.6145 -1.5 0.0197, -1.6098 -1.4886 0.0, -1.6098 -1.4886 0.0197, -1.6082 -1.4763 0.0, -1.6082 -1.4763 0.0197, -1.6098 -1.4641 0.0, -1.6098 -1.4641 0.0197, -1.6145 -1.4527 0.0, -1.6145 -1.4527 0.0197, -1.6221 -1.4429 0.0, -1.6221 -1.4429 0.0197, -1.6318 -1.4354 0.0, -1.6318 -1.4354 0.0197, -1.6432 -1.4307 0.0, -1.6432 -1.4307 0.0197, 1.5296 1.7717 0.0799, 1.5296 1.7721 0.0799, 1.4351 1.7717 0.0799, 1.4351 1.7721 0.0799, 1.5296 1.7717 0.0197, 1.5296 1.6615 0.0197, 1.5296 1.6615 0.0, 1.5296 1.7721 0.0, 1.4351 1.7717 0.0197, 1.4351 1.7721 0.0, 1.4351 1.6615 0.0197, 1.4351 1.6615 0.0, 1.4367 1.6492 0.0, 1.4367 1.6492 0.0197, 1.4414 1.6378 0.0, 1.4414 1.6378 0.0197, 1.4489 1.6281 0.0, 1.4489 1.6281 0.0197, 1.4587 1.6206 0.0, 1.4587 1.6206 0.0197, 1.4701 1.6158 0.0, 1.4701 1.6158 0.0197, 1.4823 1.6142 0.0, 1.4823 1.6142 0.0197, 1.4946 1.6158 0.0, 1.4946 1.6158 0.0197, 1.506 1.6206 0.0, 1.506 1.6206 0.0197, 1.5157 1.6281 0.0, 1.5157 1.6281 0.0197, 1.5233 1.6378 0.0, 1.5233 1.6378 0.0197, 1.528 1.6492 0.0, 1.528 1.6492 0.0197, 1.7776 -1.5236 0.0799, 1.778 -1.5236 0.0799, 1.7776 -1.4291 0.0799, 1.778 -1.4291 0.0799, 1.7776 -1.5236 0.0197, 1.6674 -1.5236 0.0197, 1.6674 -1.5236 0.0, 1.778 -1.5236 0.0, 1.7776 -1.4291 0.0197, 1.778 -1.4291 0.0, 1.6674 -1.4291 0.0197, 1.6674 -1.4291 0.0, 1.6551 -1.4307 0.0, 1.6551 -1.4307 0.0197, 1.6438 -1.4354 0.0, 1.6438 -1.4354 0.0197, 1.634 -1.4429 0.0, 1.634 -1.4429 0.0197, 1.6265 -1.4527 0.0, 1.6265 -1.4527 0.0197, 1.6217 -1.4641 0.0, 1.6217 -1.4641 0.0197, 1.6201 -1.4763 0.0, 1.6201 -1.4763 0.0197, 1.6217 -1.4886 0.0, 1.6217 -1.4886 0.0197, 1.6265 -1.5 0.0, 1.6265 -1.5 0.0197, 1.634 -1.5097 0.0, 1.634 -1.5097 0.0197, 1.6438 -1.5172 0.0, 1.6438 -1.5172 0.0197, 1.6551 -1.522 0.0, 1.6551 -1.522 0.0197, -1.5177 -1.7716 0.0799, -1.5177 -1.772 0.0799, -1.4232 -1.7716 0.0799, -1.4232 -1.772 0.0799, -1.5177 -1.7716 0.0197, -1.5177 -1.6614 0.0197, -1.5177 -1.6614 0.0, -1.5177 -1.772 0.0, -1.4232 -1.7716 0.0197, -1.4232 -1.772 0.0, -1.4232 -1.6614 0.0197, -1.4232 -1.6614 0.0, -1.4248 -1.6491 0.0, -1.4248 -1.6491 0.0197, -1.4295 -1.6377 0.0, -1.4295 -1.6377 0.0197, -1.437 -1.628 0.0, -1.437 -1.628 0.0197, -1.4468 -1.6205 0.0, -1.4468 -1.6205 0.0197, -1.4582 -1.6157 0.0, -1.4582 -1.6157 0.0197, -1.4704 -1.6141 0.0, -1.4704 -1.6141 0.0197, -1.4826 -1.6157 0.0, -1.4826 -1.6157 0.0197, -1.494 -1.6205 0.0, -1.494 -1.6205 0.0197, -1.5038 -1.628 0.0, -1.5038 -1.628 0.0197, -1.5113 -1.6377 0.0, -1.5113 -1.6377 0.0197, -1.5161 -1.6491 0.0, -1.5161 -1.6491 0.0197, 1.3327 1.7717 0.0799, 1.3327 1.7721 0.0799, 1.2382 1.7717 0.0799, 1.2382 1.7721 0.0799, 1.3327 1.7717 0.0197, 1.3327 1.6615 0.0197, 1.3327 1.6615 0.0, 1.3327 1.7721 0.0, 1.2382 1.7717 0.0197, 1.2382 1.7721 0.0, 1.2382 1.6615 0.0197, 1.2382 1.6615 0.0, 1.2399 1.6492 0.0, 1.2399 1.6492 0.0197, 1.2446 1.6378 0.0, 1.2446 1.6378 0.0197, 1.2521 1.6281 0.0, 1.2521 1.6281 0.0197, 1.2619 1.6206 0.0, 1.2619 1.6206 0.0197, 1.2733 1.6158 0.0, 1.2733 1.6158 0.0197, 1.2855 1.6142 0.0, 1.2855 1.6142 0.0197, 1.2977 1.6158 0.0, 1.2977 1.6158 0.0197, 1.3091 1.6206 0.0, 1.3091 1.6206 0.0197, 1.3189 1.6281 0.0, 1.3189 1.6281 0.0197, 1.3264 1.6378 0.0, 1.3264 1.6378 0.0197, 1.3311 1.6492 0.0, 1.3311 1.6492 0.0197, 1.1359 1.7717 0.0799, 1.1359 1.7721 0.0799, 1.0414 1.7717 0.0799, 1.0414 1.7721 0.0799, 1.1359 1.7717 0.0197, 1.1359 1.6615 0.0197, 1.1359 1.6615 0.0, 1.1359 1.7721 0.0, 1.0414 1.7717 0.0197, 1.0414 1.7721 0.0, 1.0414 1.6615 0.0197, 1.0414 1.6615 0.0, 1.043 1.6492 0.0, 1.043 1.6492 0.0197, 1.0477 1.6378 0.0, 1.0477 1.6378 0.0197, 1.0552 1.6281 0.0, 1.0552 1.6281 0.0197, 1.065 1.6206 0.0, 1.065 1.6206 0.0197, 1.0764 1.6158 0.0, 1.0764 1.6158 0.0197, 1.0886 1.6142 0.0, 1.0886 1.6142 0.0197, 1.1009 1.6158 0.0, 1.1009 1.6158 0.0197, 1.1123 1.6206 0.0, 1.1123 1.6206 0.0197, 1.122 1.6281 0.0, 1.122 1.6281 0.0197, 1.1296 1.6378 0.0, 1.1296 1.6378 0.0197, 1.1343 1.6492 0.0, 1.1343 1.6492 0.0197, 0.939 1.7717 0.0799, 0.939 1.7721 0.0799, 0.8445 1.7717 0.0799, 0.8445 1.7721 0.0799, 0.939 1.7717 0.0197, 0.939 1.6615 0.0197, 0.939 1.6615 0.0, 0.939 1.7721 0.0, 0.8445 1.7717 0.0197, 0.8445 1.7721 0.0, 0.8445 1.6615 0.0197, 0.8445 1.6615 0.0, 0.8462 1.6492 0.0, 0.8462 1.6492 0.0197, 0.8509 1.6378 0.0, 0.8509 1.6378 0.0197, 0.8584 1.6281 0.0, 0.8584 1.6281 0.0197, 0.8682 1.6206 0.0, 0.8682 1.6206 0.0197, 0.8796 1.6158 0.0, 0.8796 1.6158 0.0197, 0.8918 1.6142 0.0, 0.8918 1.6142 0.0197, 0.904 1.6158 0.0, 0.904 1.6158 0.0197, 0.9154 1.6206 0.0, 0.9154 1.6206 0.0197, 0.9252 1.6281 0.0, 0.9252 1.6281 0.0197, 0.9327 1.6378 0.0, 0.9327 1.6378 0.0197, 0.9374 1.6492 0.0, 0.9374 1.6492 0.0197, 0.7422 1.7717 0.0799, 0.7422 1.7721 0.0799, 0.6477 1.7717 0.0799, 0.6477 1.7721 0.0799, 0.7422 1.7717 0.0197, 0.7422 1.6615 0.0197, 0.7422 1.6615 0.0, 0.7422 1.7721 0.0, 0.6477 1.7717 0.0197, 0.6477 1.7721 0.0, 0.6477 1.6615 0.0197, 0.6477 1.6615 0.0, 0.6493 1.6492 0.0, 0.6493 1.6492 0.0197, 0.654 1.6378 0.0, 0.654 1.6378 0.0197, 0.6615 1.6281 0.0, 0.6615 1.6281 0.0197, 0.6713 1.6206 0.0, 0.6713 1.6206 0.0197, 0.6827 1.6158 0.0, 0.6827 1.6158 0.0197, 0.6949 1.6142 0.0, 0.6949 1.6142 0.0197, 0.7072 1.6158 0.0, 0.7072 1.6158 0.0197, 0.7186 1.6206 0.0, 0.7186 1.6206 0.0197, 0.7283 1.6281 0.0, 0.7283 1.6281 0.0197, 0.7359 1.6378 0.0, 0.7359 1.6378 0.0197, 0.7406 1.6492 0.0, 0.7406 1.6492 0.0197, 0.5453 1.7717 0.0799, 0.5453 1.7721 0.0799, 0.4508 1.7717 0.0799, 0.4508 1.7721 0.0799, 0.5453 1.7717 0.0197, 0.5453 1.6615 0.0197, 0.5453 1.6615 0.0, 0.5453 1.7721 0.0, 0.4508 1.7717 0.0197, 0.4508 1.7721 0.0, 0.4508 1.6615 0.0197, 0.4508 1.6615 0.0, 0.4525 1.6492 0.0, 0.4525 1.6492 0.0197, 0.4572 1.6378 0.0, 0.4572 1.6378 0.0197, 0.4647 1.6281 0.0, 0.4647 1.6281 0.0197, 0.4745 1.6206 0.0, 0.4745 1.6206 0.0197, 0.4859 1.6158 0.0, 0.4859 1.6158 0.0197, 0.4981 1.6142 0.0, 0.4981 1.6142 0.0197, 0.5103 1.6158 0.0, 0.5103 1.6158 0.0197, 0.5217 1.6206 0.0, 0.5217 1.6206 0.0197, 0.5315 1.6281 0.0, 0.5315 1.6281 0.0197, 0.539 1.6378 0.0, 0.539 1.6378 0.0197, 0.5437 1.6492 0.0, 0.5437 1.6492 0.0197, 0.3485 1.7717 0.0799, 0.3485 1.7721 0.0799, 0.254 1.7717 0.0799, 0.254 1.7721 0.0799, 0.3485 1.7717 0.0197, 0.3485 1.6615 0.0197, 0.3485 1.6615 0.0, 0.3485 1.7721 0.0, 0.254 1.7717 0.0197, 0.254 1.7721 0.0, 0.254 1.6615 0.0197, 0.254 1.6615 0.0, 0.2556 1.6492 0.0, 0.2556 1.6492 0.0197, 0.2603 1.6378 0.0, 0.2603 1.6378 0.0197, 0.2678 1.6281 0.0, 0.2678 1.6281 0.0197, 0.2776 1.6206 0.0, 0.2776 1.6206 0.0197, 0.289 1.6158 0.0, 0.289 1.6158 0.0197, 0.3012 1.6142 0.0, 0.3012 1.6142 0.0197, 0.3135 1.6158 0.0, 0.3135 1.6158 0.0197, 0.3249 1.6206 0.0, 0.3249 1.6206 0.0197, 0.3346 1.6281 0.0, 0.3346 1.6281 0.0197, 0.3422 1.6378 0.0, 0.3422 1.6378 0.0197, 0.3469 1.6492 0.0, 0.3469 1.6492 0.0197, 0.1516 1.7717 0.0799, 0.1516 1.7721 0.0799, 0.0571 1.7717 0.0799, 0.0571 1.7721 0.0799, 0.1516 1.7717 0.0197, 0.1516 1.6615 0.0197, 0.1516 1.6615 0.0, 0.1516 1.7721 0.0, 0.0571 1.7717 0.0197, 0.0571 1.7721 0.0, 0.0571 1.6615 0.0197, 0.0571 1.6615 0.0, 0.0588 1.6492 0.0, 0.0588 1.6492 0.0197, 0.0635 1.6378 0.0, 0.0635 1.6378 0.0197, 0.071 1.6281 0.0, 0.071 1.6281 0.0197, 0.0808 1.6206 0.0, 0.0808 1.6206 0.0197, 0.0922 1.6158 0.0, 0.0922 1.6158 0.0197, 0.1044 1.6142 0.0, 0.1044 1.6142 0.0197, 0.1166 1.6158 0.0, 0.1166 1.6158 0.0197, 0.128 1.6206 0.0, 0.128 1.6206 0.0197, 0.1378 1.6281 0.0, 0.1378 1.6281 0.0197, 0.1453 1.6378 0.0, 0.1453 1.6378 0.0197, 0.15 1.6492 0.0, 0.15 1.6492 0.0197, -0.0452 1.7717 0.0799, -0.0452 1.7721 0.0799, -0.1397 1.7717 0.0799, -0.1397 1.7721 0.0799, -0.0452 1.7717 0.0197, -0.0452 1.6615 0.0197, -0.0452 1.6615 0.0, -0.0452 1.7721 0.0, -0.1397 1.7717 0.0197, -0.1397 1.7721 0.0, -0.1397 1.6615 0.0197, -0.1397 1.6615 0.0, -0.1381 1.6492 0.0, -0.1381 1.6492 0.0197, -0.1334 1.6378 0.0, -0.1334 1.6378 0.0197, -0.1259 1.6281 0.0, -0.1259 1.6281 0.0197, -0.1161 1.6206 0.0, -0.1161 1.6206 0.0197, -0.1047 1.6158 0.0, -0.1047 1.6158 0.0197, -0.0925 1.6142 0.0, -0.0925 1.6142 0.0197, -0.0802 1.6158 0.0, -0.0802 1.6158 0.0197, -0.0688 1.6206 0.0, -0.0688 1.6206 0.0197, -0.0591 1.6281 0.0, -0.0591 1.6281 0.0197, -0.0516 1.6378 0.0, -0.0516 1.6378 0.0197, -0.0468 1.6492 0.0, -0.0468 1.6492 0.0197, -0.2421 1.7717 0.0799, -0.2421 1.7721 0.0799, -0.3366 1.7717 0.0799, -0.3366 1.7721 0.0799, -0.2421 1.7717 0.0197, -0.2421 1.6615 0.0197, -0.2421 1.6615 0.0, -0.2421 1.7721 0.0, -0.3366 1.7717 0.0197, -0.3366 1.7721 0.0, -0.3366 1.6615 0.0197, -0.3366 1.6615 0.0, -0.3349 1.6492 0.0, -0.3349 1.6492 0.0197, -0.3302 1.6378 0.0, -0.3302 1.6378 0.0197, -0.3227 1.6281 0.0, -0.3227 1.6281 0.0197, -0.3129 1.6206 0.0, -0.3129 1.6206 0.0197, -0.3015 1.6158 0.0, -0.3015 1.6158 0.0197, -0.2893 1.6142 0.0, -0.2893 1.6142 0.0197, -0.2771 1.6158 0.0, -0.2771 1.6158 0.0197, -0.2657 1.6206 0.0, -0.2657 1.6206 0.0197, -0.2559 1.6281 0.0, -0.2559 1.6281 0.0197, -0.2484 1.6378 0.0, -0.2484 1.6378 0.0197, -0.2437 1.6492 0.0, -0.2437 1.6492 0.0197, -0.4389 1.7717 0.0799, -0.4389 1.7721 0.0799, -0.5334 1.7717 0.0799, -0.5334 1.7721 0.0799, -0.4389 1.7717 0.0197, -0.4389 1.6615 0.0197, -0.4389 1.6615 0.0, -0.4389 1.7721 0.0, -0.5334 1.7717 0.0197, -0.5334 1.7721 0.0, -0.5334 1.6615 0.0197, -0.5334 1.6615 0.0, -0.5318 1.6492 0.0, -0.5318 1.6492 0.0197, -0.5271 1.6378 0.0, -0.5271 1.6378 0.0197, -0.5196 1.6281 0.0, -0.5196 1.6281 0.0197, -0.5098 1.6206 0.0, -0.5098 1.6206 0.0197, -0.4984 1.6158 0.0, -0.4984 1.6158 0.0197, -0.4862 1.6142 0.0, -0.4862 1.6142 0.0197, -0.4739 1.6158 0.0, -0.4739 1.6158 0.0197, -0.4625 1.6206 0.0, -0.4625 1.6206 0.0197, -0.4528 1.6281 0.0, -0.4528 1.6281 0.0197, -0.4453 1.6378 0.0, -0.4453 1.6378 0.0197, -0.4405 1.6492 0.0, -0.4405 1.6492 0.0197, -0.6358 1.7717 0.0799, -0.6358 1.7721 0.0799, -0.7303 1.7717 0.0799, -0.7303 1.7721 0.0799, -0.6358 1.7717 0.0197, -0.6358 1.6615 0.0197, -0.6358 1.6615 0.0, -0.6358 1.7721 0.0, -0.7303 1.7717 0.0197, -0.7303 1.7721 0.0, -0.7303 1.6615 0.0197, -0.7303 1.6615 0.0, -0.7287 1.6492 0.0, -0.7287 1.6492 0.0197, -0.7239 1.6378 0.0, -0.7239 1.6378 0.0197, -0.7164 1.6281 0.0, -0.7164 1.6281 0.0197, -0.7066 1.6206 0.0, -0.7066 1.6206 0.0197, -0.6952 1.6158 0.0, -0.6952 1.6158 0.0197, -0.683 1.6142 0.0, -0.683 1.6142 0.0197, -0.6708 1.6158 0.0, -0.6708 1.6158 0.0197, -0.6594 1.6206 0.0, -0.6594 1.6206 0.0197, -0.6496 1.6281 0.0, -0.6496 1.6281 0.0197, -0.6421 1.6378 0.0, -0.6421 1.6378 0.0197, -0.6374 1.6492 0.0, -0.6374 1.6492 0.0197, -0.8326 1.7717 0.0799, -0.8326 1.7721 0.0799, -0.9271 1.7717 0.0799, -0.9271 1.7721 0.0799, -0.8326 1.7717 0.0197, -0.8326 1.6615 0.0197, -0.8326 1.6615 0.0, -0.8326 1.7721 0.0, -0.9271 1.7717 0.0197, -0.9271 1.7721 0.0, -0.9271 1.6615 0.0197, -0.9271 1.6615 0.0, -0.9255 1.6492 0.0, -0.9255 1.6492 0.0197, -0.9208 1.6378 0.0, -0.9208 1.6378 0.0197, -0.9133 1.6281 0.0, -0.9133 1.6281 0.0197, -0.9035 1.6206 0.0, -0.9035 1.6206 0.0197, -0.8921 1.6158 0.0, -0.8921 1.6158 0.0197, -0.8799 1.6142 0.0, -0.8799 1.6142 0.0197, -0.8676 1.6158 0.0, -0.8676 1.6158 0.0197, -0.8562 1.6206 0.0, -0.8562 1.6206 0.0197, -0.8465 1.6281 0.0, -0.8465 1.6281 0.0197, -0.839 1.6378 0.0, -0.839 1.6378 0.0197, -0.8342 1.6492 0.0, -0.8342 1.6492 0.0197, -1.0295 1.7717 0.0799, -1.0295 1.7721 0.0799, -1.124 1.7717 0.0799, -1.124 1.7721 0.0799, -1.0295 1.7717 0.0197, -1.0295 1.6615 0.0197, -1.0295 1.6615 0.0, -1.0295 1.7721 0.0, -1.124 1.7717 0.0197, -1.124 1.7721 0.0, -1.124 1.6615 0.0197, -1.124 1.6615 0.0, -1.1224 1.6492 0.0, -1.1224 1.6492 0.0197, -1.1176 1.6378 0.0, -1.1176 1.6378 0.0197, -1.1101 1.6281 0.0, -1.1101 1.6281 0.0197, -1.1003 1.6206 0.0, -1.1003 1.6206 0.0197, -1.0889 1.6158 0.0, -1.0889 1.6158 0.0197, -1.0767 1.6142 0.0, -1.0767 1.6142 0.0197, -1.0645 1.6158 0.0, -1.0645 1.6158 0.0197, -1.0531 1.6206 0.0, -1.0531 1.6206 0.0197, -1.0433 1.6281 0.0, -1.0433 1.6281 0.0197, -1.0358 1.6378 0.0, -1.0358 1.6378 0.0197, -1.0311 1.6492 0.0, -1.0311 1.6492 0.0197, -1.2263 1.7717 0.0799, -1.2263 1.7721 0.0799, -1.3208 1.7717 0.0799, -1.3208 1.7721 0.0799, -1.2263 1.7717 0.0197, -1.2263 1.6615 0.0197, -1.2263 1.6615 0.0, -1.2263 1.7721 0.0, -1.3208 1.7717 0.0197, -1.3208 1.7721 0.0, -1.3208 1.6615 0.0197, -1.3208 1.6615 0.0, -1.3192 1.6492 0.0, -1.3192 1.6492 0.0197, -1.3145 1.6378 0.0, -1.3145 1.6378 0.0197, -1.307 1.6281 0.0, -1.307 1.6281 0.0197, -1.2972 1.6206 0.0, -1.2972 1.6206 0.0197, -1.2858 1.6158 0.0, -1.2858 1.6158 0.0197, -1.2736 1.6142 0.0, -1.2736 1.6142 0.0197, -1.2613 1.6158 0.0, -1.2613 1.6158 0.0197, -1.2499 1.6206 0.0, -1.2499 1.6206 0.0197, -1.2402 1.6281 0.0, -1.2402 1.6281 0.0197, -1.2327 1.6378 0.0, -1.2327 1.6378 0.0197, -1.2279 1.6492 0.0, -1.2279 1.6492 0.0197, -1.4232 1.7717 0.0799, -1.4232 1.7721 0.0799, -1.5177 1.7717 0.0799, -1.5177 1.7721 0.0799, -1.4232 1.7717 0.0197, -1.4232 1.6615 0.0197, -1.4232 1.6615 0.0, -1.4232 1.7721 0.0, -1.5177 1.7717 0.0197, -1.5177 1.7721 0.0, -1.5177 1.6615 0.0197, -1.5177 1.6615 0.0, -1.5161 1.6492 0.0, -1.5161 1.6492 0.0197, -1.5113 1.6378 0.0, -1.5113 1.6378 0.0197, -1.5038 1.6281 0.0, -1.5038 1.6281 0.0197, -1.494 1.6206 0.0, -1.494 1.6206 0.0197, -1.4826 1.6158 0.0, -1.4826 1.6158 0.0197, -1.4704 1.6142 0.0, -1.4704 1.6142 0.0197, -1.4582 1.6158 0.0, -1.4582 1.6158 0.0197, -1.4468 1.6206 0.0, -1.4468 1.6206 0.0197, -1.437 1.6281 0.0, -1.437 1.6281 0.0197, -1.4295 1.6378 0.0, -1.4295 1.6378 0.0197, -1.4248 1.6492 0.0, -1.4248 1.6492 0.0197, 1.7776 -1.3267 0.0799, 1.778 -1.3267 0.0799, 1.7776 -1.2322 0.0799, 1.778 -1.2322 0.0799, 1.7776 -1.3267 0.0197, 1.6674 -1.3267 0.0197, 1.6674 -1.3267 0.0, 1.778 -1.3267 0.0, 1.7776 -1.2322 0.0197, 1.778 -1.2322 0.0, 1.6674 -1.2322 0.0197, 1.6674 -1.2322 0.0, 1.6551 -1.2338 0.0, 1.6551 -1.2338 0.0197, 1.6438 -1.2386 0.0, 1.6438 -1.2386 0.0197, 1.634 -1.2461 0.0, 1.634 -1.2461 0.0197, 1.6265 -1.2559 0.0, 1.6265 -1.2559 0.0197, 1.6217 -1.2673 0.0, 1.6217 -1.2673 0.0197, 1.6201 -1.2795 0.0, 1.6201 -1.2795 0.0197, 1.6217 -1.2917 0.0, 1.6217 -1.2917 0.0197, 1.6265 -1.3031 0.0, 1.6265 -1.3031 0.0197, 1.634 -1.3129 0.0, 1.634 -1.3129 0.0197, 1.6438 -1.3204 0.0, 1.6438 -1.3204 0.0197, 1.6551 -1.3251 0.0, 1.6551 -1.3251 0.0197, 1.7776 -1.1299 0.0799, 1.778 -1.1299 0.0799, 1.7776 -1.0354 0.0799, 1.778 -1.0354 0.0799, 1.7776 -1.1299 0.0197, 1.6674 -1.1299 0.0197, 1.6674 -1.1299 0.0, 1.778 -1.1299 0.0, 1.7776 -1.0354 0.0197, 1.778 -1.0354 0.0, 1.6674 -1.0354 0.0197, 1.6674 -1.0354 0.0, 1.6551 -1.037 0.0, 1.6551 -1.037 0.0197, 1.6438 -1.0417 0.0, 1.6438 -1.0417 0.0197, 1.634 -1.0492 0.0, 1.634 -1.0492 0.0197, 1.6265 -1.059 0.0, 1.6265 -1.059 0.0197, 1.6217 -1.0704 0.0, 1.6217 -1.0704 0.0197, 1.6201 -1.0826 0.0, 1.6201 -1.0826 0.0197, 1.6217 -1.0949 0.0, 1.6217 -1.0949 0.0197, 1.6265 -1.1062 0.0, 1.6265 -1.1062 0.0197, 1.634 -1.116 0.0, 1.634 -1.116 0.0197, 1.6438 -1.1235 0.0, 1.6438 -1.1235 0.0197, 1.6551 -1.1283 0.0, 1.6551 -1.1283 0.0197, 1.7776 -0.933 0.0799, 1.778 -0.933 0.0799, 1.7776 -0.8385 0.0799, 1.778 -0.8385 0.0799, 1.7776 -0.933 0.0197, 1.6674 -0.933 0.0197, 1.6674 -0.933 0.0, 1.778 -0.933 0.0, 1.7776 -0.8385 0.0197, 1.778 -0.8385 0.0, 1.6674 -0.8385 0.0197, 1.6674 -0.8385 0.0, 1.6551 -0.8401 0.0, 1.6551 -0.8401 0.0197, 1.6438 -0.8449 0.0, 1.6438 -0.8449 0.0197, 1.634 -0.8524 0.0, 1.634 -0.8524 0.0197, 1.6265 -0.8622 0.0, 1.6265 -0.8622 0.0197, 1.6217 -0.8735 0.0, 1.6217 -0.8735 0.0197, 1.6201 -0.8858 0.0, 1.6201 -0.8858 0.0197, 1.6217 -0.898 0.0, 1.6217 -0.898 0.0197, 1.6265 -0.9094 0.0, 1.6265 -0.9094 0.0197, 1.634 -0.9192 0.0, 1.634 -0.9192 0.0197, 1.6438 -0.9267 0.0, 1.6438 -0.9267 0.0197, 1.6551 -0.9314 0.0, 1.6551 -0.9314 0.0197, 1.7776 -0.7362 0.0799, 1.778 -0.7362 0.0799, 1.7776 -0.6417 0.0799, 1.778 -0.6417 0.0799, 1.7776 -0.7362 0.0197, 1.6674 -0.7362 0.0197, 1.6674 -0.7362 0.0, 1.778 -0.7362 0.0, 1.7776 -0.6417 0.0197, 1.778 -0.6417 0.0, 1.6674 -0.6417 0.0197, 1.6674 -0.6417 0.0, 1.6551 -0.6433 0.0, 1.6551 -0.6433 0.0197, 1.6438 -0.648 0.0, 1.6438 -0.648 0.0197, 1.634 -0.6555 0.0, 1.634 -0.6555 0.0197, 1.6265 -0.6653 0.0, 1.6265 -0.6653 0.0197, 1.6217 -0.6767 0.0, 1.6217 -0.6767 0.0197, 1.6201 -0.6889 0.0, 1.6201 -0.6889 0.0197, 1.6217 -0.7012 0.0, 1.6217 -0.7012 0.0197, 1.6265 -0.7125 0.0, 1.6265 -0.7125 0.0197, 1.634 -0.7223 0.0, 1.634 -0.7223 0.0197, 1.6438 -0.7298 0.0, 1.6438 -0.7298 0.0197, 1.6551 -0.7346 0.0, 1.6551 -0.7346 0.0197, 1.7776 -0.5393 0.0799, 1.778 -0.5393 0.0799, 1.7776 -0.4448 0.0799, 1.778 -0.4448 0.0799, 1.7776 -0.5393 0.0197, 1.6674 -0.5393 0.0197, 1.6674 -0.5393 0.0, 1.778 -0.5393 0.0, 1.7776 -0.4448 0.0197, 1.778 -0.4448 0.0, 1.6674 -0.4448 0.0197, 1.6674 -0.4448 0.0, 1.6551 -0.4464 0.0, 1.6551 -0.4464 0.0197, 1.6438 -0.4512 0.0, 1.6438 -0.4512 0.0197, 1.634 -0.4587 0.0, 1.634 -0.4587 0.0197, 1.6265 -0.4685 0.0, 1.6265 -0.4685 0.0197, 1.6217 -0.4798 0.0, 1.6217 -0.4798 0.0197, 1.6201 -0.4921 0.0, 1.6201 -0.4921 0.0197, 1.6217 -0.5043 0.0, 1.6217 -0.5043 0.0197, 1.6265 -0.5157 0.0, 1.6265 -0.5157 0.0197, 1.634 -0.5255 0.0, 1.634 -0.5255 0.0197, 1.6438 -0.533 0.0, 1.6438 -0.533 0.0197, 1.6551 -0.5377 0.0, 1.6551 -0.5377 0.0197, 1.7776 -0.3425 0.0799, 1.778 -0.3425 0.0799, 1.7776 -0.248 0.0799, 1.778 -0.248 0.0799, 1.7776 -0.3425 0.0197, 1.6674 -0.3425 0.0197, 1.6674 -0.3425 0.0, 1.778 -0.3425 0.0, 1.7776 -0.248 0.0197, 1.778 -0.248 0.0, 1.6674 -0.248 0.0197, 1.6674 -0.248 0.0, 1.6551 -0.2496 0.0, 1.6551 -0.2496 0.0197, 1.6438 -0.2543 0.0, 1.6438 -0.2543 0.0197, 1.634 -0.2618 0.0, 1.634 -0.2618 0.0197, 1.6265 -0.2716 0.0, 1.6265 -0.2716 0.0197, 1.6217 -0.283 0.0, 1.6217 -0.283 0.0197, 1.6201 -0.2952 0.0, 1.6201 -0.2952 0.0197, 1.6217 -0.3075 0.0, 1.6217 -0.3075 0.0197, 1.6265 -0.3188 0.0, 1.6265 -0.3188 0.0197, 1.634 -0.3286 0.0, 1.634 -0.3286 0.0197, 1.6438 -0.3361 0.0, 1.6438 -0.3361 0.0197, 1.6551 -0.3409 0.0, 1.6551 -0.3409 0.0197, 1.7776 -0.1456 0.0799, 1.778 -0.1456 0.0799, 1.7776 -0.0511 0.0799, 1.778 -0.0511 0.0799, 1.7776 -0.1456 0.0197, 1.6674 -0.1456 0.0197, 1.6674 -0.1456 0.0, 1.778 -0.1456 0.0, 1.7776 -0.0511 0.0197, 1.778 -0.0511 0.0, 1.6674 -0.0511 0.0197, 1.6674 -0.0511 0.0, 1.6551 -0.0527 0.0, 1.6551 -0.0527 0.0197, 1.6438 -0.0575 0.0, 1.6438 -0.0575 0.0197, 1.634 -0.065 0.0, 1.634 -0.065 0.0197, 1.6265 -0.0748 0.0, 1.6265 -0.0748 0.0197, 1.6217 -0.0861 0.0, 1.6217 -0.0861 0.0197, 1.6201 -0.0984 0.0, 1.6201 -0.0984 0.0197, 1.6217 -0.1106 0.0, 1.6217 -0.1106 0.0197, 1.6265 -0.122 0.0, 1.6265 -0.122 0.0197, 1.634 -0.1318 0.0, 1.634 -0.1318 0.0197, 1.6438 -0.1393 0.0, 1.6438 -0.1393 0.0197, 1.6551 -0.144 0.0, 1.6551 -0.144 0.0197, 1.7776 0.0512 0.0799, 1.778 0.0512 0.0799, 1.7776 0.1457 0.0799, 1.778 0.1457 0.0799, 1.7776 0.0512 0.0197, 1.6674 0.0512 0.0197, 1.6674 0.0512 0.0, 1.778 0.0512 0.0, 1.7776 0.1457 0.0197, 1.778 0.1457 0.0, 1.6674 0.1457 0.0197, 1.6674 0.1457 0.0, 1.6551 0.1441 0.0, 1.6551 0.1441 0.0197, 1.6438 0.1394 0.0, 1.6438 0.1394 0.0197, 1.634 0.1319 0.0, 1.634 0.1319 0.0197, 1.6265 0.1221 0.0, 1.6265 0.1221 0.0197, 1.6217 0.1107 0.0, 1.6217 0.1107 0.0197, 1.6201 0.0985 0.0, 1.6201 0.0985 0.0197, 1.6217 0.0862 0.0, 1.6217 0.0862 0.0197, 1.6265 0.0749 0.0, 1.6265 0.0749 0.0197, 1.634 0.0651 0.0, 1.634 0.0651 0.0197, 1.6438 0.0576 0.0, 1.6438 0.0576 0.0197, 1.6551 0.0528 0.0, 1.6551 0.0528 0.0197, 1.7776 0.2481 0.0799, 1.778 0.2481 0.0799, 1.7776 0.3426 0.0799, 1.778 0.3426 0.0799, 1.7776 0.2481 0.0197, 1.6674 0.2481 0.0197, 1.6674 0.2481 0.0, 1.778 0.2481 0.0, 1.7776 0.3426 0.0197, 1.778 0.3426 0.0, 1.6674 0.3426 0.0197, 1.6674 0.3426 0.0, 1.6551 0.341 0.0, 1.6551 0.341 0.0197, 1.6438 0.3362 0.0, 1.6438 0.3362 0.0197, 1.634 0.3287 0.0, 1.634 0.3287 0.0197, 1.6265 0.3189 0.0, 1.6265 0.3189 0.0197, 1.6217 0.3076 0.0, 1.6217 0.3076 0.0197, 1.6201 0.2953 0.0, 1.6201 0.2953 0.0197, 1.6217 0.2831 0.0, 1.6217 0.2831 0.0197, 1.6265 0.2717 0.0, 1.6265 0.2717 0.0197, 1.634 0.2619 0.0, 1.634 0.2619 0.0197, 1.6438 0.2544 0.0, 1.6438 0.2544 0.0197, 1.6551 0.2497 0.0, 1.6551 0.2497 0.0197, 1.7776 0.4449 0.0799, 1.778 0.4449 0.0799, 1.7776 0.5394 0.0799, 1.778 0.5394 0.0799, 1.7776 0.4449 0.0197, 1.6674 0.4449 0.0197, 1.6674 0.4449 0.0, 1.778 0.4449 0.0, 1.7776 0.5394 0.0197, 1.778 0.5394 0.0, 1.6674 0.5394 0.0197, 1.6674 0.5394 0.0, 1.6551 0.5378 0.0, 1.6551 0.5378 0.0197, 1.6438 0.5331 0.0, 1.6438 0.5331 0.0197, 1.634 0.5256 0.0, 1.634 0.5256 0.0197, 1.6265 0.5158 0.0, 1.6265 0.5158 0.0197, 1.6217 0.5044 0.0, 1.6217 0.5044 0.0197, 1.6201 0.4922 0.0, 1.6201 0.4922 0.0197, 1.6217 0.4799 0.0, 1.6217 0.4799 0.0197, 1.6265 0.4686 0.0, 1.6265 0.4686 0.0197, 1.634 0.4588 0.0, 1.634 0.4588 0.0197, 1.6438 0.4513 0.0, 1.6438 0.4513 0.0197, 1.6551 0.4465 0.0, 1.6551 0.4465 0.0197, 1.7776 0.6418 0.0799, 1.778 0.6418 0.0799, 1.7776 0.7363 0.0799, 1.778 0.7363 0.0799, 1.7776 0.6418 0.0197, 1.6674 0.6418 0.0197, 1.6674 0.6418 0.0, 1.778 0.6418 0.0, 1.7776 0.7363 0.0197, 1.778 0.7363 0.0, 1.6674 0.7363 0.0197, 1.6674 0.7363 0.0, 1.6551 0.7347 0.0, 1.6551 0.7347 0.0197, 1.6438 0.7299 0.0, 1.6438 0.7299 0.0197, 1.634 0.7224 0.0, 1.634 0.7224 0.0197, 1.6265 0.7126 0.0, 1.6265 0.7126 0.0197, 1.6217 0.7013 0.0, 1.6217 0.7013 0.0197, 1.6201 0.689 0.0, 1.6201 0.689 0.0197, 1.6217 0.6768 0.0, 1.6217 0.6768 0.0197, 1.6265 0.6654 0.0, 1.6265 0.6654 0.0197, 1.634 0.6556 0.0, 1.634 0.6556 0.0197, 1.6438 0.6481 0.0, 1.6438 0.6481 0.0197, 1.6551 0.6434 0.0, 1.6551 0.6434 0.0197, 1.7776 0.8386 0.0799, 1.778 0.8386 0.0799, 1.7776 0.9331 0.0799, 1.778 0.9331 0.0799, 1.7776 0.8386 0.0197, 1.6674 0.8386 0.0197, 1.6674 0.8386 0.0, 1.778 0.8386 0.0, 1.7776 0.9331 0.0197, 1.778 0.9331 0.0, 1.6674 0.9331 0.0197, 1.6674 0.9331 0.0, 1.6551 0.9315 0.0, 1.6551 0.9315 0.0197, 1.6438 0.9268 0.0, 1.6438 0.9268 0.0197, 1.634 0.9193 0.0, 1.634 0.9193 0.0197, 1.6265 0.9095 0.0, 1.6265 0.9095 0.0197, 1.6217 0.8981 0.0, 1.6217 0.8981 0.0197, 1.6201 0.8859 0.0, 1.6201 0.8859 0.0197, 1.6217 0.8736 0.0, 1.6217 0.8736 0.0197, 1.6265 0.8623 0.0, 1.6265 0.8623 0.0197, 1.634 0.8525 0.0, 1.634 0.8525 0.0197, 1.6438 0.845 0.0, 1.6438 0.845 0.0197, 1.6551 0.8402 0.0, 1.6551 0.8402 0.0197, 1.7776 1.0355 0.0799, 1.778 1.0355 0.0799, 1.7776 1.13 0.0799, 1.778 1.13 0.0799, 1.7776 1.0355 0.0197, 1.6674 1.0355 0.0197, 1.6674 1.0355 0.0, 1.778 1.0355 0.0, 1.7776 1.13 0.0197, 1.778 1.13 0.0, 1.6674 1.13 0.0197, 1.6674 1.13 0.0, 1.6551 1.1284 0.0, 1.6551 1.1284 0.0197, 1.6438 1.1236 0.0, 1.6438 1.1236 0.0197, 1.634 1.1161 0.0, 1.634 1.1161 0.0197, 1.6265 1.1063 0.0, 1.6265 1.1063 0.0197, 1.6217 1.095 0.0, 1.6217 1.095 0.0197, 1.6201 1.0827 0.0, 1.6201 1.0827 0.0197, 1.6217 1.0705 0.0, 1.6217 1.0705 0.0197, 1.6265 1.0591 0.0, 1.6265 1.0591 0.0197, 1.634 1.0493 0.0, 1.634 1.0493 0.0197, 1.6438 1.0418 0.0, 1.6438 1.0418 0.0197, 1.6551 1.0371 0.0, 1.6551 1.0371 0.0197, 1.7776 1.2323 0.0799, 1.778 1.2323 0.0799, 1.7776 1.3268 0.0799, 1.778 1.3268 0.0799, 1.7776 1.2323 0.0197, 1.6674 1.2323 0.0197, 1.6674 1.2323 0.0, 1.778 1.2323 0.0, 1.7776 1.3268 0.0197, 1.778 1.3268 0.0, 1.6674 1.3268 0.0197, 1.6674 1.3268 0.0, 1.6551 1.3252 0.0, 1.6551 1.3252 0.0197, 1.6438 1.3205 0.0, 1.6438 1.3205 0.0197, 1.634 1.313 0.0, 1.634 1.313 0.0197, 1.6265 1.3032 0.0, 1.6265 1.3032 0.0197, 1.6217 1.2918 0.0, 1.6217 1.2918 0.0197, 1.6201 1.2796 0.0, 1.6201 1.2796 0.0197, 1.6217 1.2673 0.0, 1.6217 1.2673 0.0197, 1.6265 1.256 0.0, 1.6265 1.256 0.0197, 1.634 1.2462 0.0, 1.634 1.2462 0.0197, 1.6438 1.2387 0.0, 1.6438 1.2387 0.0197, 1.6551 1.2339 0.0, 1.6551 1.2339 0.0197, 1.7776 1.4292 0.0799, 1.778 1.4292 0.0799, 1.7776 1.5237 0.0799, 1.778 1.5237 0.0799, 1.7776 1.4292 0.0197, 1.6674 1.4292 0.0197, 1.6674 1.4292 0.0, 1.778 1.4292 0.0, 1.7776 1.5237 0.0197, 1.778 1.5237 0.0, 1.6674 1.5237 0.0197, 1.6674 1.5237 0.0, 1.6551 1.5221 0.0, 1.6551 1.5221 0.0197, 1.6438 1.5173 0.0, 1.6438 1.5173 0.0197, 1.634 1.5098 0.0, 1.634 1.5098 0.0197, 1.6265 1.5 0.0, 1.6265 1.5 0.0197, 1.6217 1.4887 0.0, 1.6217 1.4887 0.0197, 1.6201 1.4764 0.0, 1.6201 1.4764 0.0197, 1.6217 1.4642 0.0, 1.6217 1.4642 0.0197, 1.6265 1.4528 0.0, 1.6265 1.4528 0.0197, 1.634 1.443 0.0, 1.634 1.443 0.0197, 1.6438 1.4355 0.0, 1.6438 1.4355 0.0197, 1.6551 1.4308 0.0, 1.6551 1.4308 0.0197, -1.3208 -1.7716 0.0799, -1.3208 -1.772 0.0799, -1.2263 -1.7716 0.0799, -1.2263 -1.772 0.0799, -1.3208 -1.7716 0.0197, -1.3208 -1.6614 0.0197, -1.3208 -1.6614 0.0, -1.3208 -1.772 0.0, -1.2263 -1.7716 0.0197, -1.2263 -1.772 0.0, -1.2263 -1.6614 0.0197, -1.2263 -1.6614 0.0, -1.2279 -1.6491 0.0, -1.2279 -1.6491 0.0197, -1.2327 -1.6377 0.0, -1.2327 -1.6377 0.0197, -1.2402 -1.628 0.0, -1.2402 -1.628 0.0197, -1.2499 -1.6205 0.0, -1.2499 -1.6205 0.0197, -1.2613 -1.6157 0.0, -1.2613 -1.6157 0.0197, -1.2736 -1.6141 0.0, -1.2736 -1.6141 0.0197, -1.2858 -1.6157 0.0, -1.2858 -1.6157 0.0197, -1.2972 -1.6205 0.0, -1.2972 -1.6205 0.0197, -1.307 -1.628 0.0, -1.307 -1.628 0.0197, -1.3145 -1.6377 0.0, -1.3145 -1.6377 0.0197, -1.3192 -1.6491 0.0, -1.3192 -1.6491 0.0197, -1.124 -1.7716 0.0799, -1.124 -1.772 0.0799, -1.0295 -1.7716 0.0799, -1.0295 -1.772 0.0799, -1.124 -1.7716 0.0197, -1.124 -1.6614 0.0197, -1.124 -1.6614 0.0, -1.124 -1.772 0.0, -1.0295 -1.7716 0.0197, -1.0295 -1.772 0.0, -1.0295 -1.6614 0.0197, -1.0295 -1.6614 0.0, -1.0311 -1.6491 0.0, -1.0311 -1.6491 0.0197, -1.0358 -1.6377 0.0, -1.0358 -1.6377 0.0197, -1.0433 -1.628 0.0, -1.0433 -1.628 0.0197, -1.0531 -1.6205 0.0, -1.0531 -1.6205 0.0197, -1.0645 -1.6157 0.0, -1.0645 -1.6157 0.0197, -1.0767 -1.6141 0.0, -1.0767 -1.6141 0.0197, -1.0889 -1.6157 0.0, -1.0889 -1.6157 0.0197, -1.1003 -1.6205 0.0, -1.1003 -1.6205 0.0197, -1.1101 -1.628 0.0, -1.1101 -1.628 0.0197, -1.1176 -1.6377 0.0, -1.1176 -1.6377 0.0197, -1.1224 -1.6491 0.0, -1.1224 -1.6491 0.0197, -0.9271 -1.7716 0.0799, -0.9271 -1.772 0.0799, -0.8326 -1.7716 0.0799, -0.8326 -1.772 0.0799, -0.9271 -1.7716 0.0197, -0.9271 -1.6614 0.0197, -0.9271 -1.6614 0.0, -0.9271 -1.772 0.0, -0.8326 -1.7716 0.0197, -0.8326 -1.772 0.0, -0.8326 -1.6614 0.0197, -0.8326 -1.6614 0.0, -0.8342 -1.6491 0.0, -0.8342 -1.6491 0.0197, -0.839 -1.6377 0.0, -0.839 -1.6377 0.0197, -0.8465 -1.628 0.0, -0.8465 -1.628 0.0197, -0.8562 -1.6205 0.0, -0.8562 -1.6205 0.0197, -0.8676 -1.6157 0.0, -0.8676 -1.6157 0.0197, -0.8799 -1.6141 0.0, -0.8799 -1.6141 0.0197, -0.8921 -1.6157 0.0, -0.8921 -1.6157 0.0197, -0.9035 -1.6205 0.0, -0.9035 -1.6205 0.0197, -0.9133 -1.628 0.0, -0.9133 -1.628 0.0197, -0.9208 -1.6377 0.0, -0.9208 -1.6377 0.0197, -0.9255 -1.6491 0.0, -0.9255 -1.6491 0.0197, -0.7303 -1.7716 0.0799, -0.7303 -1.772 0.0799, -0.6358 -1.7716 0.0799, -0.6358 -1.772 0.0799, -0.7303 -1.7716 0.0197, -0.7303 -1.6614 0.0197, -0.7303 -1.6614 0.0, -0.7303 -1.772 0.0, -0.6358 -1.7716 0.0197, -0.6358 -1.772 0.0, -0.6358 -1.6614 0.0197, -0.6358 -1.6614 0.0, -0.6374 -1.6491 0.0, -0.6374 -1.6491 0.0197, -0.6421 -1.6377 0.0, -0.6421 -1.6377 0.0197, -0.6496 -1.628 0.0, -0.6496 -1.628 0.0197, -0.6594 -1.6205 0.0, -0.6594 -1.6205 0.0197, -0.6708 -1.6157 0.0, -0.6708 -1.6157 0.0197, -0.683 -1.6141 0.0, -0.683 -1.6141 0.0197, -0.6952 -1.6157 0.0, -0.6952 -1.6157 0.0197, -0.7066 -1.6205 0.0, -0.7066 -1.6205 0.0197, -0.7164 -1.628 0.0, -0.7164 -1.628 0.0197, -0.7239 -1.6377 0.0, -0.7239 -1.6377 0.0197, -0.7287 -1.6491 0.0, -0.7287 -1.6491 0.0197, -0.5334 -1.7716 0.0799, -0.5334 -1.772 0.0799, -0.4389 -1.7716 0.0799, -0.4389 -1.772 0.0799, -0.5334 -1.7716 0.0197, -0.5334 -1.6614 0.0197, -0.5334 -1.6614 0.0, -0.5334 -1.772 0.0, -0.4389 -1.7716 0.0197, -0.4389 -1.772 0.0, -0.4389 -1.6614 0.0197, -0.4389 -1.6614 0.0, -0.4405 -1.6491 0.0, -0.4405 -1.6491 0.0197, -0.4453 -1.6377 0.0, -0.4453 -1.6377 0.0197, -0.4528 -1.628 0.0, -0.4528 -1.628 0.0197, -0.4625 -1.6205 0.0, -0.4625 -1.6205 0.0197, -0.4739 -1.6157 0.0, -0.4739 -1.6157 0.0197, -0.4862 -1.6141 0.0, -0.4862 -1.6141 0.0197, -0.4984 -1.6157 0.0, -0.4984 -1.6157 0.0197, -0.5098 -1.6205 0.0, -0.5098 -1.6205 0.0197, -0.5196 -1.628 0.0, -0.5196 -1.628 0.0197, -0.5271 -1.6377 0.0, -0.5271 -1.6377 0.0197, -0.5318 -1.6491 0.0, -0.5318 -1.6491 0.0197, -0.3366 -1.7716 0.0799, -0.3366 -1.772 0.0799, -0.2421 -1.7716 0.0799, -0.2421 -1.772 0.0799, -0.3366 -1.7716 0.0197, -0.3366 -1.6614 0.0197, -0.3366 -1.6614 0.0, -0.3366 -1.772 0.0, -0.2421 -1.7716 0.0197, -0.2421 -1.772 0.0, -0.2421 -1.6614 0.0197, -0.2421 -1.6614 0.0, -0.2437 -1.6491 0.0, -0.2437 -1.6491 0.0197, -0.2484 -1.6377 0.0, -0.2484 -1.6377 0.0197, -0.2559 -1.628 0.0, -0.2559 -1.628 0.0197, -0.2657 -1.6205 0.0, -0.2657 -1.6205 0.0197, -0.2771 -1.6157 0.0, -0.2771 -1.6157 0.0197, -0.2893 -1.6141 0.0, -0.2893 -1.6141 0.0197, -0.3015 -1.6157 0.0, -0.3015 -1.6157 0.0197, -0.3129 -1.6205 0.0, -0.3129 -1.6205 0.0197, -0.3227 -1.628 0.0, -0.3227 -1.628 0.0197, -0.3302 -1.6377 0.0, -0.3302 -1.6377 0.0197, -0.3349 -1.6491 0.0, -0.3349 -1.6491 0.0197, -0.1397 -1.7716 0.0799, -0.1397 -1.772 0.0799, -0.0452 -1.7716 0.0799, -0.0452 -1.772 0.0799, -0.1397 -1.7716 0.0197, -0.1397 -1.6614 0.0197, -0.1397 -1.6614 0.0, -0.1397 -1.772 0.0, -0.0452 -1.7716 0.0197, -0.0452 -1.772 0.0, -0.0452 -1.6614 0.0197, -0.0452 -1.6614 0.0, -0.0468 -1.6491 0.0, -0.0468 -1.6491 0.0197, -0.0516 -1.6377 0.0, -0.0516 -1.6377 0.0197, -0.0591 -1.628 0.0, -0.0591 -1.628 0.0197, -0.0688 -1.6205 0.0, -0.0688 -1.6205 0.0197, -0.0802 -1.6157 0.0, -0.0802 -1.6157 0.0197, -0.0925 -1.6141 0.0, -0.0925 -1.6141 0.0197, -0.1047 -1.6157 0.0, -0.1047 -1.6157 0.0197, -0.1161 -1.6205 0.0, -0.1161 -1.6205 0.0197, -0.1259 -1.628 0.0, -0.1259 -1.628 0.0197, -0.1334 -1.6377 0.0, -0.1334 -1.6377 0.0197, -0.1381 -1.6491 0.0, -0.1381 -1.6491 0.0197, 0.0571 -1.7716 0.0799, 0.0571 -1.772 0.0799, 0.1516 -1.7716 0.0799, 0.1516 -1.772 0.0799, 0.0571 -1.7716 0.0197, 0.0571 -1.6614 0.0197, 0.0571 -1.6614 0.0, 0.0571 -1.772 0.0, 0.1516 -1.7716 0.0197, 0.1516 -1.772 0.0, 0.1516 -1.6614 0.0197, 0.1516 -1.6614 0.0, 0.15 -1.6491 0.0, 0.15 -1.6491 0.0197, 0.1453 -1.6377 0.0, 0.1453 -1.6377 0.0197, 0.1378 -1.628 0.0, 0.1378 -1.628 0.0197, 0.128 -1.6205 0.0, 0.128 -1.6205 0.0197, 0.1166 -1.6157 0.0, 0.1166 -1.6157 0.0197, 0.1044 -1.6141 0.0, 0.1044 -1.6141 0.0197, 0.0922 -1.6157 0.0, 0.0922 -1.6157 0.0197, 0.0808 -1.6205 0.0, 0.0808 -1.6205 0.0197, 0.071 -1.628 0.0, 0.071 -1.628 0.0197, 0.0635 -1.6377 0.0, 0.0635 -1.6377 0.0197, 0.0588 -1.6491 0.0, 0.0588 -1.6491 0.0197, 0.254 -1.7716 0.0799, 0.254 -1.772 0.0799, 0.3485 -1.7716 0.0799, 0.3485 -1.772 0.0799, 0.254 -1.7716 0.0197, 0.254 -1.6614 0.0197, 0.254 -1.6614 0.0, 0.254 -1.772 0.0, 0.3485 -1.7716 0.0197, 0.3485 -1.772 0.0, 0.3485 -1.6614 0.0197, 0.3485 -1.6614 0.0, 0.3469 -1.6491 0.0, 0.3469 -1.6491 0.0197, 0.3422 -1.6377 0.0, 0.3422 -1.6377 0.0197, 0.3346 -1.628 0.0, 0.3346 -1.628 0.0197, 0.3249 -1.6205 0.0, 0.3249 -1.6205 0.0197, 0.3135 -1.6157 0.0, 0.3135 -1.6157 0.0197, 0.3012 -1.6141 0.0, 0.3012 -1.6141 0.0197, 0.289 -1.6157 0.0, 0.289 -1.6157 0.0197, 0.2776 -1.6205 0.0, 0.2776 -1.6205 0.0197, 0.2678 -1.628 0.0, 0.2678 -1.628 0.0197, 0.2603 -1.6377 0.0, 0.2603 -1.6377 0.0197, 0.2556 -1.6491 0.0, 0.2556 -1.6491 0.0197, 0.4508 -1.7716 0.0799, 0.4508 -1.772 0.0799, 0.5453 -1.7716 0.0799, 0.5453 -1.772 0.0799, 0.4508 -1.7716 0.0197, 0.4508 -1.6614 0.0197, 0.4508 -1.6614 0.0, 0.4508 -1.772 0.0, 0.5453 -1.7716 0.0197, 0.5453 -1.772 0.0, 0.5453 -1.6614 0.0197, 0.5453 -1.6614 0.0, 0.5437 -1.6491 0.0, 0.5437 -1.6491 0.0197, 0.539 -1.6377 0.0, 0.539 -1.6377 0.0197, 0.5315 -1.628 0.0, 0.5315 -1.628 0.0197, 0.5217 -1.6205 0.0, 0.5217 -1.6205 0.0197, 0.5103 -1.6157 0.0, 0.5103 -1.6157 0.0197, 0.4981 -1.6141 0.0, 0.4981 -1.6141 0.0197, 0.4859 -1.6157 0.0, 0.4859 -1.6157 0.0197, 0.4745 -1.6205 0.0, 0.4745 -1.6205 0.0197, 0.4647 -1.628 0.0, 0.4647 -1.628 0.0197, 0.4572 -1.6377 0.0, 0.4572 -1.6377 0.0197, 0.4525 -1.6491 0.0, 0.4525 -1.6491 0.0197, 0.6477 -1.7716 0.0799, 0.6477 -1.772 0.0799, 0.7422 -1.7716 0.0799, 0.7422 -1.772 0.0799, 0.6477 -1.7716 0.0197, 0.6477 -1.6614 0.0197, 0.6477 -1.6614 0.0, 0.6477 -1.772 0.0, 0.7422 -1.7716 0.0197, 0.7422 -1.772 0.0, 0.7422 -1.6614 0.0197, 0.7422 -1.6614 0.0, 0.7406 -1.6491 0.0, 0.7406 -1.6491 0.0197, 0.7359 -1.6377 0.0, 0.7359 -1.6377 0.0197, 0.7283 -1.628 0.0, 0.7283 -1.628 0.0197, 0.7186 -1.6205 0.0, 0.7186 -1.6205 0.0197, 0.7072 -1.6157 0.0, 0.7072 -1.6157 0.0197, 0.6949 -1.6141 0.0, 0.6949 -1.6141 0.0197, 0.6827 -1.6157 0.0, 0.6827 -1.6157 0.0197, 0.6713 -1.6205 0.0, 0.6713 -1.6205 0.0197, 0.6615 -1.628 0.0, 0.6615 -1.628 0.0197, 0.654 -1.6377 0.0, 0.654 -1.6377 0.0197, 0.6493 -1.6491 0.0, 0.6493 -1.6491 0.0197, 0.8445 -1.7716 0.0799, 0.8445 -1.772 0.0799, 0.939 -1.7716 0.0799, 0.939 -1.772 0.0799, 0.8445 -1.7716 0.0197, 0.8445 -1.6614 0.0197, 0.8445 -1.6614 0.0, 0.8445 -1.772 0.0, 0.939 -1.7716 0.0197, 0.939 -1.772 0.0, 0.939 -1.6614 0.0197, 0.939 -1.6614 0.0, 0.9374 -1.6491 0.0, 0.9374 -1.6491 0.0197, 0.9327 -1.6377 0.0, 0.9327 -1.6377 0.0197, 0.9252 -1.628 0.0, 0.9252 -1.628 0.0197, 0.9154 -1.6205 0.0, 0.9154 -1.6205 0.0197, 0.904 -1.6157 0.0, 0.904 -1.6157 0.0197, 0.8918 -1.6141 0.0, 0.8918 -1.6141 0.0197, 0.8796 -1.6157 0.0, 0.8796 -1.6157 0.0197, 0.8682 -1.6205 0.0, 0.8682 -1.6205 0.0197, 0.8584 -1.628 0.0, 0.8584 -1.628 0.0197, 0.8509 -1.6377 0.0, 0.8509 -1.6377 0.0197, 0.8462 -1.6491 0.0, 0.8462 -1.6491 0.0197, 1.0414 -1.7716 0.0799, 1.0414 -1.772 0.0799, 1.1359 -1.7716 0.0799, 1.1359 -1.772 0.0799, 1.0414 -1.7716 0.0197, 1.0414 -1.6614 0.0197, 1.0414 -1.6614 0.0, 1.0414 -1.772 0.0, 1.1359 -1.7716 0.0197, 1.1359 -1.772 0.0, 1.1359 -1.6614 0.0197, 1.1359 -1.6614 0.0, 1.1343 -1.6491 0.0, 1.1343 -1.6491 0.0197, 1.1296 -1.6377 0.0, 1.1296 -1.6377 0.0197, 1.122 -1.628 0.0, 1.122 -1.628 0.0197, 1.1123 -1.6205 0.0, 1.1123 -1.6205 0.0197, 1.1009 -1.6157 0.0, 1.1009 -1.6157 0.0197, 1.0886 -1.6141 0.0, 1.0886 -1.6141 0.0197, 1.0764 -1.6157 0.0, 1.0764 -1.6157 0.0197, 1.065 -1.6205 0.0, 1.065 -1.6205 0.0197, 1.0552 -1.628 0.0, 1.0552 -1.628 0.0197, 1.0477 -1.6377 0.0, 1.0477 -1.6377 0.0197, 1.043 -1.6491 0.0, 1.043 -1.6491 0.0197, 1.2382 -1.7716 0.0799, 1.2382 -1.772 0.0799, 1.3327 -1.7716 0.0799, 1.3327 -1.772 0.0799, 1.2382 -1.7716 0.0197, 1.2382 -1.6614 0.0197, 1.2382 -1.6614 0.0, 1.2382 -1.772 0.0, 1.3327 -1.7716 0.0197, 1.3327 -1.772 0.0, 1.3327 -1.6614 0.0197, 1.3327 -1.6614 0.0, 1.3311 -1.6491 0.0, 1.3311 -1.6491 0.0197, 1.3264 -1.6377 0.0, 1.3264 -1.6377 0.0197, 1.3189 -1.628 0.0, 1.3189 -1.628 0.0197, 1.3091 -1.6205 0.0, 1.3091 -1.6205 0.0197, 1.2977 -1.6157 0.0, 1.2977 -1.6157 0.0197, 1.2855 -1.6141 0.0, 1.2855 -1.6141 0.0197, 1.2733 -1.6157 0.0, 1.2733 -1.6157 0.0197, 1.2619 -1.6205 0.0, 1.2619 -1.6205 0.0197, 1.2521 -1.628 0.0, 1.2521 -1.628 0.0197, 1.2446 -1.6377 0.0, 1.2446 -1.6377 0.0197, 1.2399 -1.6491 0.0, 1.2399 -1.6491 0.0197, 1.4351 -1.7716 0.0799, 1.4351 -1.772 0.0799, 1.5296 -1.7716 0.0799, 1.5296 -1.772 0.0799, 1.4351 -1.7716 0.0197, 1.4351 -1.6614 0.0197, 1.4351 -1.6614 0.0, 1.4351 -1.772 0.0, 1.5296 -1.7716 0.0197, 1.5296 -1.772 0.0, 1.5296 -1.6614 0.0197, 1.5296 -1.6614 0.0, 1.528 -1.6491 0.0, 1.528 -1.6491 0.0197, 1.5233 -1.6377 0.0, 1.5233 -1.6377 0.0197, 1.5157 -1.628 0.0, 1.5157 -1.628 0.0197, 1.506 -1.6205 0.0, 1.506 -1.6205 0.0197, 1.4946 -1.6157 0.0, 1.4946 -1.6157 0.0197, 1.4823 -1.6141 0.0, 1.4823 -1.6141 0.0197, 1.4701 -1.6157 0.0, 1.4701 -1.6157 0.0197, 1.4587 -1.6205 0.0, 1.4587 -1.6205 0.0197, 1.4489 -1.628 0.0, 1.4489 -1.628 0.0197, 1.4414 -1.6377 0.0, 1.4414 -1.6377 0.0197, 1.4367 -1.6491 0.0, 1.4367 -1.6491 0.0197, -1.1751 -1.1811 0.0, 1.0493 -1.1811 0.0, -1.1751 -1.1811 0.0197, 1.0493 -1.1811 0.0197, -1.1751 1.1812 0.0, -1.1751 1.1812 0.0197, 1.1871 1.1812 0.0, 1.1871 1.1812 0.0197, 1.1871 -1.0433 0.0, 1.1871 -1.0433 0.0197
            ]
        }
        coordIndex [
            0,1,2,-1,2,1,3,-1,1,0,4,-1,5,6,4,-1,4,6,7,-1,4,7,1,-1,2,3,8,-1,8,3,9,-1,8,9,10,-1,10,9,11,-1,10,11,12,-1,10,12,13,-1,13,12,14,-1,13,14,15,-1,15,14,16,-1,15,16,17,-1,17,16,18,-1,17,18,19,-1,19,18,20,-1,19,20,21,-1,21,20,22,-1,21,22,23,-1,23,22,24,-1,23,24,25,-1,25,24,26,-1,25,26,27,-1,27,26,28,-1,27,28,29,-1,29,28,30,-1,29,30,31,-1,31,30,32,-1,31,32,33,-1,33,32,6,-1,33,6,5,-1,3,1,9,-1,9,1,7,-1,20,18,6,-1,6,18,16,-1,6,16,14,-1,9,7,11,-1,11,7,6,-1,11,6,12,-1,12,6,14,-1,26,24,6,-1,6,24,22,-1,6,22,20,-1,32,30,6,-1,6,30,28,-1,6,28,26,-1,34,35,36,-1,36,35,37,-1,35,34,38,-1,39,40,38,-1,38,40,41,-1,38,41,35,-1,36,37,42,-1,42,37,43,-1,42,43,44,-1,44,43,45,-1,44,45,46,-1,44,46,47,-1,47,46,48,-1,47,48,49,-1,49,48,50,-1,49,50,51,-1,51,50,52,-1,51,52,53,-1,53,52,54,-1,53,54,55,-1,55,54,56,-1,55,56,57,-1,57,56,58,-1,57,58,59,-1,59,58,60,-1,59,60,61,-1,61,60,62,-1,61,62,63,-1,63,62,64,-1,63,64,65,-1,65,64,66,-1,65,66,67,-1,67,66,40,-1,67,40,39,-1,37,35,43,-1,43,35,41,-1,66,52,40,-1,40,52,50,-1,40,50,48,-1,43,41,45,-1,45,41,40,-1,45,40,46,-1,46,40,48,-1,66,64,52,-1,52,64,62,-1,52,62,60,-1,60,58,52,-1,52,58,56,-1,52,56,54,-1,68,69,70,-1,70,69,71,-1,69,68,72,-1,73,74,72,-1,72,74,75,-1,72,75,69,-1,70,71,76,-1,76,71,77,-1,76,77,78,-1,78,77,79,-1,78,79,80,-1,78,80,81,-1,81,80,82,-1,81,82,83,-1,83,82,84,-1,83,84,85,-1,85,84,86,-1,85,86,87,-1,87,86,88,-1,87,88,89,-1,89,88,90,-1,89,90,91,-1,91,90,92,-1,91,92,93,-1,93,92,94,-1,93,94,95,-1,95,94,96,-1,95,96,97,-1,97,96,98,-1,97,98,99,-1,99,98,100,-1,99,100,101,-1,101,100,74,-1,101,74,73,-1,71,69,77,-1,77,69,75,-1,100,86,74,-1,74,86,84,-1,74,84,82,-1,77,75,79,-1,79,75,74,-1,79,74,80,-1,80,74,82,-1,100,98,86,-1,86,98,96,-1,86,96,94,-1,94,92,86,-1,86,92,90,-1,86,90,88,-1,102,103,104,-1,104,103,105,-1,103,102,106,-1,107,108,106,-1,106,108,109,-1,106,109,103,-1,104,105,110,-1,110,105,111,-1,110,111,112,-1,112,111,113,-1,112,113,114,-1,112,114,115,-1,115,114,116,-1,115,116,117,-1,117,116,118,-1,117,118,119,-1,119,118,120,-1,119,120,121,-1,121,120,122,-1,121,122,123,-1,123,122,124,-1,123,124,125,-1,125,124,126,-1,125,126,127,-1,127,126,128,-1,127,128,129,-1,129,128,130,-1,129,130,131,-1,131,130,132,-1,131,132,133,-1,133,132,134,-1,133,134,135,-1,135,134,108,-1,135,108,107,-1,105,103,111,-1,111,103,109,-1,134,120,108,-1,108,120,118,-1,108,118,116,-1,111,109,113,-1,113,109,108,-1,113,108,114,-1,114,108,116,-1,134,132,120,-1,120,132,130,-1,120,130,128,-1,128,126,120,-1,120,126,124,-1,120,124,122,-1,136,137,138,-1,138,137,139,-1,137,136,140,-1,141,142,140,-1,140,142,143,-1,140,143,137,-1,138,139,144,-1,144,139,145,-1,144,145,146,-1,146,145,147,-1,146,147,148,-1,146,148,149,-1,149,148,150,-1,149,150,151,-1,151,150,152,-1,151,152,153,-1,153,152,154,-1,153,154,155,-1,155,154,156,-1,155,156,157,-1,157,156,158,-1,157,158,159,-1,159,158,160,-1,159,160,161,-1,161,160,162,-1,161,162,163,-1,163,162,164,-1,163,164,165,-1,165,164,166,-1,165,166,167,-1,167,166,168,-1,167,168,169,-1,169,168,142,-1,169,142,141,-1,139,137,145,-1,145,137,143,-1,145,143,147,-1,147,143,142,-1,147,142,168,-1,168,166,147,-1,147,166,164,-1,147,164,162,-1,162,160,147,-1,147,160,158,-1,147,158,148,-1,148,158,150,-1,156,154,158,-1,158,154,152,-1,158,152,150,-1,170,171,172,-1,172,171,173,-1,171,170,174,-1,175,176,174,-1,174,176,177,-1,174,177,171,-1,172,173,178,-1,178,173,179,-1,178,179,180,-1,180,179,181,-1,180,181,182,-1,180,182,183,-1,183,182,184,-1,183,184,185,-1,185,184,186,-1,185,186,187,-1,187,186,188,-1,187,188,189,-1,189,188,190,-1,189,190,191,-1,191,190,192,-1,191,192,193,-1,193,192,194,-1,193,194,195,-1,195,194,196,-1,195,196,197,-1,197,196,198,-1,197,198,199,-1,199,198,200,-1,199,200,201,-1,201,200,202,-1,201,202,203,-1,203,202,176,-1,203,176,175,-1,173,171,179,-1,179,171,177,-1,179,177,181,-1,181,177,176,-1,181,176,202,-1,202,200,181,-1,181,200,198,-1,181,198,196,-1,196,194,181,-1,181,194,192,-1,181,192,182,-1,182,192,184,-1,190,188,192,-1,192,188,186,-1,192,186,184,-1,204,205,206,-1,206,205,207,-1,205,204,208,-1,209,210,208,-1,208,210,211,-1,208,211,205,-1,206,207,212,-1,212,207,213,-1,212,213,214,-1,214,213,215,-1,214,215,216,-1,214,216,217,-1,217,216,218,-1,217,218,219,-1,219,218,220,-1,219,220,221,-1,221,220,222,-1,221,222,223,-1,223,222,224,-1,223,224,225,-1,225,224,226,-1,225,226,227,-1,227,226,228,-1,227,228,229,-1,229,228,230,-1,229,230,231,-1,231,230,232,-1,231,232,233,-1,233,232,234,-1,233,234,235,-1,235,234,236,-1,235,236,237,-1,237,236,210,-1,237,210,209,-1,207,205,213,-1,213,205,211,-1,215,213,211,-1,211,210,215,-1,215,210,236,-1,215,236,234,-1,234,232,215,-1,215,232,230,-1,215,230,228,-1,228,226,215,-1,215,226,224,-1,215,224,222,-1,222,220,215,-1,215,220,218,-1,215,218,216,-1,238,239,240,-1,240,239,241,-1,239,238,242,-1,243,244,242,-1,242,244,245,-1,242,245,239,-1,240,241,246,-1,246,241,247,-1,246,247,248,-1,248,247,249,-1,248,249,250,-1,248,250,251,-1,251,250,252,-1,251,252,253,-1,253,252,254,-1,253,254,255,-1,255,254,256,-1,255,256,257,-1,257,256,258,-1,257,258,259,-1,259,258,260,-1,259,260,261,-1,261,260,262,-1,261,262,263,-1,263,262,264,-1,263,264,265,-1,265,264,266,-1,265,266,267,-1,267,266,268,-1,267,268,269,-1,269,268,270,-1,269,270,271,-1,271,270,244,-1,271,244,243,-1,241,239,247,-1,247,239,245,-1,266,264,256,-1,254,252,244,-1,247,245,249,-1,249,245,244,-1,249,244,250,-1,250,244,252,-1,266,256,268,-1,264,262,256,-1,256,262,260,-1,256,260,258,-1,254,244,256,-1,256,244,270,-1,256,270,268,-1,272,273,274,-1,274,273,275,-1,273,272,276,-1,277,278,276,-1,276,278,279,-1,276,279,273,-1,274,275,280,-1,280,275,281,-1,280,281,282,-1,282,281,283,-1,282,283,284,-1,282,284,285,-1,285,284,286,-1,285,286,287,-1,287,286,288,-1,287,288,289,-1,289,288,290,-1,289,290,291,-1,291,290,292,-1,291,292,293,-1,293,292,294,-1,293,294,295,-1,295,294,296,-1,295,296,297,-1,297,296,298,-1,297,298,299,-1,299,298,300,-1,299,300,301,-1,301,300,302,-1,301,302,303,-1,303,302,304,-1,303,304,305,-1,305,304,278,-1,305,278,277,-1,275,273,281,-1,281,273,279,-1,300,298,290,-1,288,286,278,-1,281,279,283,-1,283,279,278,-1,283,278,284,-1,284,278,286,-1,300,290,302,-1,298,296,290,-1,290,296,294,-1,290,294,292,-1,288,278,290,-1,290,278,304,-1,290,304,302,-1,306,307,308,-1,308,307,309,-1,307,306,310,-1,311,312,310,-1,310,312,313,-1,310,313,307,-1,308,309,314,-1,314,309,315,-1,314,315,316,-1,316,315,317,-1,316,317,318,-1,316,318,319,-1,319,318,320,-1,319,320,321,-1,321,320,322,-1,321,322,323,-1,323,322,324,-1,323,324,325,-1,325,324,326,-1,325,326,327,-1,327,326,328,-1,327,328,329,-1,329,328,330,-1,329,330,331,-1,331,330,332,-1,331,332,333,-1,333,332,334,-1,333,334,335,-1,335,334,336,-1,335,336,337,-1,337,336,338,-1,337,338,339,-1,339,338,312,-1,339,312,311,-1,309,307,315,-1,315,307,313,-1,315,313,317,-1,317,313,312,-1,317,312,318,-1,326,324,312,-1,332,330,312,-1,312,330,328,-1,312,328,326,-1,324,322,312,-1,312,322,320,-1,312,320,318,-1,332,312,334,-1,334,312,338,-1,334,338,336,-1,340,341,342,-1,342,341,343,-1,341,340,344,-1,345,346,344,-1,344,346,347,-1,344,347,341,-1,342,343,348,-1,348,343,349,-1,348,349,350,-1,350,349,351,-1,350,351,352,-1,350,352,353,-1,353,352,354,-1,353,354,355,-1,355,354,356,-1,355,356,357,-1,357,356,358,-1,357,358,359,-1,359,358,360,-1,359,360,361,-1,361,360,362,-1,361,362,363,-1,363,362,364,-1,363,364,365,-1,365,364,366,-1,365,366,367,-1,367,366,368,-1,367,368,369,-1,369,368,370,-1,369,370,371,-1,371,370,372,-1,371,372,373,-1,373,372,346,-1,373,346,345,-1,343,341,349,-1,349,341,347,-1,349,347,351,-1,351,347,346,-1,366,364,362,-1,356,354,346,-1,346,354,352,-1,346,352,351,-1,370,368,358,-1,358,368,366,-1,358,366,360,-1,360,366,362,-1,356,346,358,-1,358,346,372,-1,358,372,370,-1,374,375,376,-1,376,375,377,-1,375,374,378,-1,379,380,378,-1,378,380,381,-1,378,381,375,-1,376,377,382,-1,382,377,383,-1,382,383,384,-1,384,383,385,-1,384,385,386,-1,384,386,387,-1,387,386,388,-1,387,388,389,-1,389,388,390,-1,389,390,391,-1,391,390,392,-1,391,392,393,-1,393,392,394,-1,393,394,395,-1,395,394,396,-1,395,396,397,-1,397,396,398,-1,397,398,399,-1,399,398,400,-1,399,400,401,-1,401,400,402,-1,401,402,403,-1,403,402,404,-1,403,404,405,-1,405,404,406,-1,405,406,407,-1,407,406,380,-1,407,380,379,-1,377,375,383,-1,383,375,381,-1,383,381,385,-1,385,381,380,-1,400,398,396,-1,390,388,380,-1,380,388,386,-1,380,386,385,-1,404,402,392,-1,392,402,400,-1,392,400,394,-1,394,400,396,-1,390,380,392,-1,392,380,406,-1,392,406,404,-1,408,409,410,-1,410,409,411,-1,409,408,412,-1,413,414,412,-1,412,414,415,-1,412,415,409,-1,410,411,416,-1,416,411,417,-1,416,417,418,-1,418,417,419,-1,418,419,420,-1,418,420,421,-1,421,420,422,-1,421,422,423,-1,423,422,424,-1,423,424,425,-1,425,424,426,-1,425,426,427,-1,427,426,428,-1,427,428,429,-1,429,428,430,-1,429,430,431,-1,431,430,432,-1,431,432,433,-1,433,432,434,-1,433,434,435,-1,435,434,436,-1,435,436,437,-1,437,436,438,-1,437,438,439,-1,439,438,440,-1,439,440,441,-1,441,440,414,-1,441,414,413,-1,411,409,417,-1,417,409,415,-1,428,426,414,-1,414,426,424,-1,414,424,422,-1,417,415,419,-1,419,415,414,-1,419,414,420,-1,420,414,422,-1,434,432,414,-1,414,432,430,-1,414,430,428,-1,434,414,436,-1,436,414,440,-1,436,440,438,-1,442,443,444,-1,444,443,445,-1,443,442,446,-1,447,448,446,-1,446,448,449,-1,446,449,443,-1,444,445,450,-1,450,445,451,-1,450,451,452,-1,452,451,453,-1,452,453,454,-1,452,454,455,-1,455,454,456,-1,455,456,457,-1,457,456,458,-1,457,458,459,-1,459,458,460,-1,459,460,461,-1,461,460,462,-1,461,462,463,-1,463,462,464,-1,463,464,465,-1,465,464,466,-1,465,466,467,-1,467,466,468,-1,467,468,469,-1,469,468,470,-1,469,470,471,-1,471,470,472,-1,471,472,473,-1,473,472,474,-1,473,474,475,-1,475,474,448,-1,475,448,447,-1,445,443,451,-1,451,443,449,-1,462,460,448,-1,448,460,458,-1,448,458,456,-1,451,449,453,-1,453,449,448,-1,453,448,454,-1,454,448,456,-1,468,466,448,-1,448,466,464,-1,448,464,462,-1,468,448,470,-1,470,448,474,-1,470,474,472,-1,476,477,478,-1,478,477,479,-1,477,476,480,-1,481,482,480,-1,480,482,483,-1,480,483,477,-1,478,479,484,-1,484,479,485,-1,484,485,486,-1,486,485,487,-1,486,487,488,-1,486,488,489,-1,489,488,490,-1,489,490,491,-1,491,490,492,-1,491,492,493,-1,493,492,494,-1,493,494,495,-1,495,494,496,-1,495,496,497,-1,497,496,498,-1,497,498,499,-1,499,498,500,-1,499,500,501,-1,501,500,502,-1,501,502,503,-1,503,502,504,-1,503,504,505,-1,505,504,506,-1,505,506,507,-1,507,506,508,-1,507,508,509,-1,509,508,482,-1,509,482,481,-1,479,477,485,-1,485,477,483,-1,496,494,482,-1,482,494,492,-1,482,492,490,-1,485,483,487,-1,487,483,482,-1,487,482,488,-1,488,482,490,-1,502,500,482,-1,482,500,498,-1,482,498,496,-1,502,482,504,-1,504,482,508,-1,504,508,506,-1,510,511,512,-1,512,511,513,-1,511,510,514,-1,515,516,514,-1,514,516,517,-1,514,517,511,-1,512,513,518,-1,518,513,519,-1,518,519,520,-1,520,519,521,-1,520,521,522,-1,520,522,523,-1,523,522,524,-1,523,524,525,-1,525,524,526,-1,525,526,527,-1,527,526,528,-1,527,528,529,-1,529,528,530,-1,529,530,531,-1,531,530,532,-1,531,532,533,-1,533,532,534,-1,533,534,535,-1,535,534,536,-1,535,536,537,-1,537,536,538,-1,537,538,539,-1,539,538,540,-1,539,540,541,-1,541,540,542,-1,541,542,543,-1,543,542,516,-1,543,516,515,-1,513,511,519,-1,519,511,517,-1,530,528,516,-1,516,528,526,-1,516,526,524,-1,519,517,521,-1,521,517,516,-1,521,516,522,-1,522,516,524,-1,536,534,516,-1,516,534,532,-1,516,532,530,-1,536,516,538,-1,538,516,542,-1,538,542,540,-1,544,545,546,-1,546,545,547,-1,545,544,548,-1,549,550,548,-1,548,550,551,-1,548,551,545,-1,546,547,552,-1,552,547,553,-1,552,553,554,-1,554,553,555,-1,554,555,556,-1,554,556,557,-1,557,556,558,-1,557,558,559,-1,559,558,560,-1,559,560,561,-1,561,560,562,-1,561,562,563,-1,563,562,564,-1,563,564,565,-1,565,564,566,-1,565,566,567,-1,567,566,568,-1,567,568,569,-1,569,568,570,-1,569,570,571,-1,571,570,572,-1,571,572,573,-1,573,572,574,-1,573,574,575,-1,575,574,576,-1,575,576,577,-1,577,576,550,-1,577,550,549,-1,547,545,553,-1,553,545,551,-1,555,553,551,-1,551,550,555,-1,555,550,576,-1,555,576,574,-1,574,572,555,-1,555,572,570,-1,555,570,556,-1,556,570,558,-1,566,564,562,-1,570,568,558,-1,558,568,566,-1,558,566,560,-1,560,566,562,-1,578,579,580,-1,580,579,581,-1,579,578,582,-1,583,584,582,-1,582,584,585,-1,582,585,579,-1,580,581,586,-1,586,581,587,-1,586,587,588,-1,588,587,589,-1,588,589,590,-1,588,590,591,-1,591,590,592,-1,591,592,593,-1,593,592,594,-1,593,594,595,-1,595,594,596,-1,595,596,597,-1,597,596,598,-1,597,598,599,-1,599,598,600,-1,599,600,601,-1,601,600,602,-1,601,602,603,-1,603,602,604,-1,603,604,605,-1,605,604,606,-1,605,606,607,-1,607,606,608,-1,607,608,609,-1,609,608,610,-1,609,610,611,-1,611,610,584,-1,611,584,583,-1,581,579,587,-1,587,579,585,-1,610,596,584,-1,584,596,594,-1,584,594,592,-1,587,585,589,-1,589,585,584,-1,589,584,590,-1,590,584,592,-1,610,608,596,-1,596,608,606,-1,596,606,604,-1,604,602,596,-1,596,602,600,-1,596,600,598,-1,612,613,614,-1,614,613,615,-1,613,612,616,-1,617,618,616,-1,616,618,619,-1,616,619,613,-1,614,615,620,-1,620,615,621,-1,620,621,622,-1,622,621,623,-1,622,623,624,-1,622,624,625,-1,625,624,626,-1,625,626,627,-1,627,626,628,-1,627,628,629,-1,629,628,630,-1,629,630,631,-1,631,630,632,-1,631,632,633,-1,633,632,634,-1,633,634,635,-1,635,634,636,-1,635,636,637,-1,637,636,638,-1,637,638,639,-1,639,638,640,-1,639,640,641,-1,641,640,642,-1,641,642,643,-1,643,642,644,-1,643,644,645,-1,645,644,618,-1,645,618,617,-1,615,613,621,-1,621,613,619,-1,623,621,619,-1,619,618,623,-1,623,618,644,-1,623,644,624,-1,624,644,626,-1,638,636,640,-1,640,636,642,-1,642,636,644,-1,644,636,634,-1,644,634,632,-1,632,630,644,-1,644,630,628,-1,644,628,626,-1,646,647,648,-1,648,647,649,-1,647,646,650,-1,651,652,650,-1,650,652,653,-1,650,653,647,-1,648,649,654,-1,654,649,655,-1,654,655,656,-1,656,655,657,-1,656,657,658,-1,656,658,659,-1,659,658,660,-1,659,660,661,-1,661,660,662,-1,661,662,663,-1,663,662,664,-1,663,664,665,-1,665,664,666,-1,665,666,667,-1,667,666,668,-1,667,668,669,-1,669,668,670,-1,669,670,671,-1,671,670,672,-1,671,672,673,-1,673,672,674,-1,673,674,675,-1,675,674,676,-1,675,676,677,-1,677,676,678,-1,677,678,679,-1,679,678,652,-1,679,652,651,-1,649,647,655,-1,655,647,653,-1,657,655,653,-1,653,652,657,-1,657,652,678,-1,657,678,676,-1,676,674,657,-1,657,674,672,-1,657,672,658,-1,658,672,660,-1,668,666,664,-1,672,670,660,-1,660,670,668,-1,660,668,662,-1,662,668,664,-1,680,681,682,-1,682,681,683,-1,681,680,684,-1,685,686,684,-1,684,686,687,-1,684,687,681,-1,682,683,688,-1,688,683,689,-1,688,689,690,-1,690,689,691,-1,690,691,692,-1,690,692,693,-1,693,692,694,-1,693,694,695,-1,695,694,696,-1,695,696,697,-1,697,696,698,-1,697,698,699,-1,699,698,700,-1,699,700,701,-1,701,700,702,-1,701,702,703,-1,703,702,704,-1,703,704,705,-1,705,704,706,-1,705,706,707,-1,707,706,708,-1,707,708,709,-1,709,708,710,-1,709,710,711,-1,711,710,712,-1,711,712,713,-1,713,712,686,-1,713,686,685,-1,683,681,689,-1,689,681,687,-1,691,689,687,-1,687,686,691,-1,691,686,712,-1,691,712,710,-1,710,708,691,-1,691,708,706,-1,691,706,692,-1,692,706,694,-1,702,700,698,-1,706,704,694,-1,694,704,702,-1,694,702,696,-1,696,702,698,-1,714,715,716,-1,716,715,717,-1,715,714,718,-1,719,720,718,-1,718,720,721,-1,718,721,715,-1,716,717,722,-1,722,717,723,-1,722,723,724,-1,724,723,725,-1,724,725,726,-1,724,726,727,-1,727,726,728,-1,727,728,729,-1,729,728,730,-1,729,730,731,-1,731,730,732,-1,731,732,733,-1,733,732,734,-1,733,734,735,-1,735,734,736,-1,735,736,737,-1,737,736,738,-1,737,738,739,-1,739,738,740,-1,739,740,741,-1,741,740,742,-1,741,742,743,-1,743,742,744,-1,743,744,745,-1,745,744,746,-1,745,746,747,-1,747,746,720,-1,747,720,719,-1,717,715,723,-1,723,715,721,-1,725,723,721,-1,721,720,725,-1,725,720,746,-1,725,746,744,-1,744,742,725,-1,725,742,740,-1,725,740,726,-1,726,740,728,-1,736,734,732,-1,740,738,728,-1,728,738,736,-1,728,736,730,-1,730,736,732,-1,748,749,750,-1,750,749,751,-1,749,748,752,-1,753,754,752,-1,752,754,755,-1,752,755,749,-1,750,751,756,-1,756,751,757,-1,756,757,758,-1,758,757,759,-1,758,759,760,-1,758,760,761,-1,761,760,762,-1,761,762,763,-1,763,762,764,-1,763,764,765,-1,765,764,766,-1,765,766,767,-1,767,766,768,-1,767,768,769,-1,769,768,770,-1,769,770,771,-1,771,770,772,-1,771,772,773,-1,773,772,774,-1,773,774,775,-1,775,774,776,-1,775,776,777,-1,777,776,778,-1,777,778,779,-1,779,778,780,-1,779,780,781,-1,781,780,754,-1,781,754,753,-1,751,749,757,-1,757,749,755,-1,768,766,780,-1,757,755,759,-1,759,755,754,-1,759,754,760,-1,760,754,762,-1,780,766,754,-1,754,766,764,-1,754,764,762,-1,774,780,776,-1,776,780,778,-1,774,772,780,-1,780,772,770,-1,780,770,768,-1,782,783,784,-1,784,783,785,-1,783,782,786,-1,787,788,786,-1,786,788,789,-1,786,789,783,-1,784,785,790,-1,790,785,791,-1,790,791,792,-1,792,791,793,-1,792,793,794,-1,792,794,795,-1,795,794,796,-1,795,796,797,-1,797,796,798,-1,797,798,799,-1,799,798,800,-1,799,800,801,-1,801,800,802,-1,801,802,803,-1,803,802,804,-1,803,804,805,-1,805,804,806,-1,805,806,807,-1,807,806,808,-1,807,808,809,-1,809,808,810,-1,809,810,811,-1,811,810,812,-1,811,812,813,-1,813,812,814,-1,813,814,815,-1,815,814,788,-1,815,788,787,-1,785,783,791,-1,791,783,789,-1,802,800,814,-1,791,789,793,-1,793,789,788,-1,793,788,794,-1,794,788,796,-1,814,800,788,-1,788,800,798,-1,788,798,796,-1,808,814,810,-1,810,814,812,-1,808,806,814,-1,814,806,804,-1,814,804,802,-1,816,817,818,-1,818,817,819,-1,817,816,820,-1,821,822,820,-1,820,822,823,-1,820,823,817,-1,818,819,824,-1,824,819,825,-1,824,825,826,-1,826,825,827,-1,826,827,828,-1,826,828,829,-1,829,828,830,-1,829,830,831,-1,831,830,832,-1,831,832,833,-1,833,832,834,-1,833,834,835,-1,835,834,836,-1,835,836,837,-1,837,836,838,-1,837,838,839,-1,839,838,840,-1,839,840,841,-1,841,840,842,-1,841,842,843,-1,843,842,844,-1,843,844,845,-1,845,844,846,-1,845,846,847,-1,847,846,848,-1,847,848,849,-1,849,848,822,-1,849,822,821,-1,819,817,825,-1,825,817,823,-1,844,842,834,-1,832,830,822,-1,825,823,827,-1,827,823,822,-1,827,822,828,-1,828,822,830,-1,844,834,846,-1,842,840,834,-1,834,840,838,-1,834,838,836,-1,832,822,834,-1,834,822,848,-1,834,848,846,-1,850,851,852,-1,852,851,853,-1,851,850,854,-1,855,856,854,-1,854,856,857,-1,854,857,851,-1,852,853,858,-1,858,853,859,-1,858,859,860,-1,860,859,861,-1,860,861,862,-1,860,862,863,-1,863,862,864,-1,863,864,865,-1,865,864,866,-1,865,866,867,-1,867,866,868,-1,867,868,869,-1,869,868,870,-1,869,870,871,-1,871,870,872,-1,871,872,873,-1,873,872,874,-1,873,874,875,-1,875,874,876,-1,875,876,877,-1,877,876,878,-1,877,878,879,-1,879,878,880,-1,879,880,881,-1,881,880,882,-1,881,882,883,-1,883,882,856,-1,883,856,855,-1,853,851,859,-1,859,851,857,-1,861,859,857,-1,872,870,868,-1,857,856,861,-1,861,856,882,-1,861,882,880,-1,872,868,874,-1,874,868,876,-1,876,868,866,-1,876,866,864,-1,880,878,861,-1,861,878,876,-1,861,876,862,-1,862,876,864,-1,884,885,886,-1,886,885,887,-1,885,884,888,-1,889,890,888,-1,888,890,891,-1,888,891,885,-1,886,887,892,-1,892,887,893,-1,892,893,894,-1,894,893,895,-1,894,895,896,-1,894,896,897,-1,897,896,898,-1,897,898,899,-1,899,898,900,-1,899,900,901,-1,901,900,902,-1,901,902,903,-1,903,902,904,-1,903,904,905,-1,905,904,906,-1,905,906,907,-1,907,906,908,-1,907,908,909,-1,909,908,910,-1,909,910,911,-1,911,910,912,-1,911,912,913,-1,913,912,914,-1,913,914,915,-1,915,914,916,-1,915,916,917,-1,917,916,890,-1,917,890,889,-1,887,885,893,-1,893,885,891,-1,895,893,891,-1,906,904,902,-1,891,890,895,-1,895,890,916,-1,895,916,914,-1,906,902,908,-1,908,902,910,-1,910,902,900,-1,910,900,898,-1,914,912,895,-1,895,912,910,-1,895,910,896,-1,896,910,898,-1,918,919,920,-1,920,919,921,-1,919,918,922,-1,923,924,922,-1,922,924,925,-1,922,925,919,-1,920,921,926,-1,926,921,927,-1,926,927,928,-1,928,927,929,-1,928,929,930,-1,928,930,931,-1,931,930,932,-1,931,932,933,-1,933,932,934,-1,933,934,935,-1,935,934,936,-1,935,936,937,-1,937,936,938,-1,937,938,939,-1,939,938,940,-1,939,940,941,-1,941,940,942,-1,941,942,943,-1,943,942,944,-1,943,944,945,-1,945,944,946,-1,945,946,947,-1,947,946,948,-1,947,948,949,-1,949,948,950,-1,949,950,951,-1,951,950,924,-1,951,924,923,-1,921,919,927,-1,927,919,925,-1,934,932,924,-1,948,946,936,-1,936,946,944,-1,927,925,929,-1,929,925,924,-1,929,924,930,-1,930,924,932,-1,934,924,936,-1,936,924,950,-1,936,950,948,-1,944,942,936,-1,936,942,940,-1,936,940,938,-1,952,953,954,-1,954,953,955,-1,953,952,956,-1,957,958,956,-1,956,958,959,-1,956,959,953,-1,954,955,960,-1,960,955,961,-1,960,961,962,-1,962,961,963,-1,962,963,964,-1,962,964,965,-1,965,964,966,-1,965,966,967,-1,967,966,968,-1,967,968,969,-1,969,968,970,-1,969,970,971,-1,971,970,972,-1,971,972,973,-1,973,972,974,-1,973,974,975,-1,975,974,976,-1,975,976,977,-1,977,976,978,-1,977,978,979,-1,979,978,980,-1,979,980,981,-1,981,980,982,-1,981,982,983,-1,983,982,984,-1,983,984,985,-1,985,984,958,-1,985,958,957,-1,955,953,961,-1,961,953,959,-1,961,959,963,-1,963,959,958,-1,963,958,964,-1,964,958,966,-1,970,984,982,-1,978,976,974,-1,984,970,958,-1,958,970,968,-1,958,968,966,-1,982,980,970,-1,970,980,978,-1,970,978,972,-1,972,978,974,-1,986,987,988,-1,988,987,989,-1,987,986,990,-1,991,992,990,-1,990,992,993,-1,990,993,987,-1,988,989,994,-1,994,989,995,-1,994,995,996,-1,996,995,997,-1,996,997,998,-1,996,998,999,-1,999,998,1000,-1,999,1000,1001,-1,1001,1000,1002,-1,1001,1002,1003,-1,1003,1002,1004,-1,1003,1004,1005,-1,1005,1004,1006,-1,1005,1006,1007,-1,1007,1006,1008,-1,1007,1008,1009,-1,1009,1008,1010,-1,1009,1010,1011,-1,1011,1010,1012,-1,1011,1012,1013,-1,1013,1012,1014,-1,1013,1014,1015,-1,1015,1014,1016,-1,1015,1016,1017,-1,1017,1016,1018,-1,1017,1018,1019,-1,1019,1018,992,-1,1019,992,991,-1,989,987,995,-1,995,987,993,-1,995,993,997,-1,997,993,992,-1,997,992,998,-1,998,992,1000,-1,1004,1018,1016,-1,1012,1010,1008,-1,1018,1004,992,-1,992,1004,1002,-1,992,1002,1000,-1,1016,1014,1004,-1,1004,1014,1012,-1,1004,1012,1006,-1,1006,1012,1008,-1,1020,1021,1022,-1,1022,1021,1023,-1,1021,1020,1024,-1,1025,1026,1024,-1,1024,1026,1027,-1,1024,1027,1021,-1,1022,1023,1028,-1,1028,1023,1029,-1,1028,1029,1030,-1,1030,1029,1031,-1,1030,1031,1032,-1,1030,1032,1033,-1,1033,1032,1034,-1,1033,1034,1035,-1,1035,1034,1036,-1,1035,1036,1037,-1,1037,1036,1038,-1,1037,1038,1039,-1,1039,1038,1040,-1,1039,1040,1041,-1,1041,1040,1042,-1,1041,1042,1043,-1,1043,1042,1044,-1,1043,1044,1045,-1,1045,1044,1046,-1,1045,1046,1047,-1,1047,1046,1048,-1,1047,1048,1049,-1,1049,1048,1050,-1,1049,1050,1051,-1,1051,1050,1052,-1,1051,1052,1053,-1,1053,1052,1026,-1,1053,1026,1025,-1,1023,1021,1029,-1,1029,1021,1027,-1,1029,1027,1031,-1,1031,1027,1026,-1,1031,1026,1032,-1,1032,1026,1034,-1,1052,1038,1026,-1,1026,1038,1036,-1,1026,1036,1034,-1,1044,1042,1046,-1,1046,1042,1048,-1,1052,1050,1038,-1,1038,1050,1048,-1,1038,1048,1040,-1,1040,1048,1042,-1,1054,1055,1056,-1,1056,1055,1057,-1,1055,1054,1058,-1,1059,1060,1058,-1,1058,1060,1061,-1,1058,1061,1055,-1,1056,1057,1062,-1,1062,1057,1063,-1,1062,1063,1064,-1,1064,1063,1065,-1,1064,1065,1066,-1,1064,1066,1067,-1,1067,1066,1068,-1,1067,1068,1069,-1,1069,1068,1070,-1,1069,1070,1071,-1,1071,1070,1072,-1,1071,1072,1073,-1,1073,1072,1074,-1,1073,1074,1075,-1,1075,1074,1076,-1,1075,1076,1077,-1,1077,1076,1078,-1,1077,1078,1079,-1,1079,1078,1080,-1,1079,1080,1081,-1,1081,1080,1082,-1,1081,1082,1083,-1,1083,1082,1084,-1,1083,1084,1085,-1,1085,1084,1086,-1,1085,1086,1087,-1,1087,1086,1060,-1,1087,1060,1059,-1,1057,1055,1063,-1,1063,1055,1061,-1,1063,1061,1065,-1,1065,1061,1060,-1,1065,1060,1066,-1,1066,1060,1068,-1,1086,1072,1060,-1,1060,1072,1070,-1,1060,1070,1068,-1,1078,1076,1080,-1,1080,1076,1082,-1,1086,1084,1072,-1,1072,1084,1082,-1,1072,1082,1074,-1,1074,1082,1076,-1,1088,1089,1090,-1,1090,1089,1091,-1,1089,1088,1092,-1,1093,1094,1092,-1,1092,1094,1095,-1,1092,1095,1089,-1,1090,1091,1096,-1,1096,1091,1097,-1,1096,1097,1098,-1,1098,1097,1099,-1,1098,1099,1100,-1,1098,1100,1101,-1,1101,1100,1102,-1,1101,1102,1103,-1,1103,1102,1104,-1,1103,1104,1105,-1,1105,1104,1106,-1,1105,1106,1107,-1,1107,1106,1108,-1,1107,1108,1109,-1,1109,1108,1110,-1,1109,1110,1111,-1,1111,1110,1112,-1,1111,1112,1113,-1,1113,1112,1114,-1,1113,1114,1115,-1,1115,1114,1116,-1,1115,1116,1117,-1,1117,1116,1118,-1,1117,1118,1119,-1,1119,1118,1120,-1,1119,1120,1121,-1,1121,1120,1094,-1,1121,1094,1093,-1,1091,1089,1097,-1,1097,1089,1095,-1,1097,1095,1099,-1,1099,1095,1094,-1,1099,1094,1100,-1,1100,1094,1102,-1,1120,1106,1094,-1,1094,1106,1104,-1,1094,1104,1102,-1,1112,1110,1114,-1,1114,1110,1116,-1,1120,1118,1106,-1,1106,1118,1116,-1,1106,1116,1108,-1,1108,1116,1110,-1,1122,1123,1124,-1,1124,1123,1125,-1,1123,1122,1126,-1,1127,1128,1126,-1,1126,1128,1129,-1,1126,1129,1123,-1,1124,1125,1130,-1,1130,1125,1131,-1,1130,1131,1132,-1,1132,1131,1133,-1,1132,1133,1134,-1,1132,1134,1135,-1,1135,1134,1136,-1,1135,1136,1137,-1,1137,1136,1138,-1,1137,1138,1139,-1,1139,1138,1140,-1,1139,1140,1141,-1,1141,1140,1142,-1,1141,1142,1143,-1,1143,1142,1144,-1,1143,1144,1145,-1,1145,1144,1146,-1,1145,1146,1147,-1,1147,1146,1148,-1,1147,1148,1149,-1,1149,1148,1150,-1,1149,1150,1151,-1,1151,1150,1152,-1,1151,1152,1153,-1,1153,1152,1154,-1,1153,1154,1155,-1,1155,1154,1128,-1,1155,1128,1127,-1,1125,1123,1131,-1,1131,1123,1129,-1,1131,1129,1133,-1,1133,1129,1128,-1,1133,1128,1134,-1,1134,1128,1136,-1,1154,1140,1128,-1,1128,1140,1138,-1,1128,1138,1136,-1,1146,1144,1148,-1,1148,1144,1150,-1,1154,1152,1140,-1,1140,1152,1150,-1,1140,1150,1142,-1,1142,1150,1144,-1,1156,1157,1158,-1,1158,1157,1159,-1,1157,1156,1160,-1,1161,1162,1160,-1,1160,1162,1163,-1,1160,1163,1157,-1,1158,1159,1164,-1,1164,1159,1165,-1,1164,1165,1166,-1,1166,1165,1167,-1,1166,1167,1168,-1,1166,1168,1169,-1,1169,1168,1170,-1,1169,1170,1171,-1,1171,1170,1172,-1,1171,1172,1173,-1,1173,1172,1174,-1,1173,1174,1175,-1,1175,1174,1176,-1,1175,1176,1177,-1,1177,1176,1178,-1,1177,1178,1179,-1,1179,1178,1180,-1,1179,1180,1181,-1,1181,1180,1182,-1,1181,1182,1183,-1,1183,1182,1184,-1,1183,1184,1185,-1,1185,1184,1186,-1,1185,1186,1187,-1,1187,1186,1188,-1,1187,1188,1189,-1,1189,1188,1162,-1,1189,1162,1161,-1,1159,1157,1165,-1,1165,1157,1163,-1,1188,1174,1162,-1,1162,1174,1172,-1,1162,1172,1170,-1,1165,1163,1167,-1,1167,1163,1162,-1,1167,1162,1168,-1,1168,1162,1170,-1,1188,1186,1174,-1,1174,1186,1184,-1,1174,1184,1182,-1,1182,1180,1174,-1,1174,1180,1178,-1,1174,1178,1176,-1,1190,1191,1192,-1,1192,1191,1193,-1,1191,1190,1194,-1,1195,1196,1194,-1,1194,1196,1197,-1,1194,1197,1191,-1,1192,1193,1198,-1,1198,1193,1199,-1,1198,1199,1200,-1,1200,1199,1201,-1,1200,1201,1202,-1,1200,1202,1203,-1,1203,1202,1204,-1,1203,1204,1205,-1,1205,1204,1206,-1,1205,1206,1207,-1,1207,1206,1208,-1,1207,1208,1209,-1,1209,1208,1210,-1,1209,1210,1211,-1,1211,1210,1212,-1,1211,1212,1213,-1,1213,1212,1214,-1,1213,1214,1215,-1,1215,1214,1216,-1,1215,1216,1217,-1,1217,1216,1218,-1,1217,1218,1219,-1,1219,1218,1220,-1,1219,1220,1221,-1,1221,1220,1222,-1,1221,1222,1223,-1,1223,1222,1196,-1,1223,1196,1195,-1,1193,1191,1199,-1,1199,1191,1197,-1,1222,1208,1196,-1,1196,1208,1206,-1,1196,1206,1204,-1,1199,1197,1201,-1,1201,1197,1196,-1,1201,1196,1202,-1,1202,1196,1204,-1,1222,1220,1208,-1,1208,1220,1218,-1,1208,1218,1216,-1,1216,1214,1208,-1,1208,1214,1212,-1,1208,1212,1210,-1,1224,1225,1226,-1,1226,1225,1227,-1,1225,1224,1228,-1,1229,1230,1228,-1,1228,1230,1231,-1,1228,1231,1225,-1,1226,1227,1232,-1,1232,1227,1233,-1,1232,1233,1234,-1,1234,1233,1235,-1,1234,1235,1236,-1,1234,1236,1237,-1,1237,1236,1238,-1,1237,1238,1239,-1,1239,1238,1240,-1,1239,1240,1241,-1,1241,1240,1242,-1,1241,1242,1243,-1,1243,1242,1244,-1,1243,1244,1245,-1,1245,1244,1246,-1,1245,1246,1247,-1,1247,1246,1248,-1,1247,1248,1249,-1,1249,1248,1250,-1,1249,1250,1251,-1,1251,1250,1252,-1,1251,1252,1253,-1,1253,1252,1254,-1,1253,1254,1255,-1,1255,1254,1256,-1,1255,1256,1257,-1,1257,1256,1230,-1,1257,1230,1229,-1,1227,1225,1233,-1,1233,1225,1231,-1,1256,1242,1230,-1,1230,1242,1240,-1,1230,1240,1238,-1,1233,1231,1235,-1,1235,1231,1230,-1,1235,1230,1236,-1,1236,1230,1238,-1,1256,1254,1242,-1,1242,1254,1252,-1,1242,1252,1250,-1,1250,1248,1242,-1,1242,1248,1246,-1,1242,1246,1244,-1,1258,1259,1260,-1,1260,1259,1261,-1,1259,1258,1262,-1,1263,1264,1262,-1,1262,1264,1265,-1,1262,1265,1259,-1,1260,1261,1266,-1,1266,1261,1267,-1,1266,1267,1268,-1,1268,1267,1269,-1,1268,1269,1270,-1,1268,1270,1271,-1,1271,1270,1272,-1,1271,1272,1273,-1,1273,1272,1274,-1,1273,1274,1275,-1,1275,1274,1276,-1,1275,1276,1277,-1,1277,1276,1278,-1,1277,1278,1279,-1,1279,1278,1280,-1,1279,1280,1281,-1,1281,1280,1282,-1,1281,1282,1283,-1,1283,1282,1284,-1,1283,1284,1285,-1,1285,1284,1286,-1,1285,1286,1287,-1,1287,1286,1288,-1,1287,1288,1289,-1,1289,1288,1290,-1,1289,1290,1291,-1,1291,1290,1264,-1,1291,1264,1263,-1,1261,1259,1267,-1,1267,1259,1265,-1,1267,1265,1269,-1,1269,1265,1264,-1,1269,1264,1290,-1,1290,1288,1269,-1,1269,1288,1286,-1,1269,1286,1284,-1,1284,1282,1269,-1,1269,1282,1280,-1,1269,1280,1270,-1,1270,1280,1272,-1,1278,1276,1280,-1,1280,1276,1274,-1,1280,1274,1272,-1,1292,1293,1294,-1,1294,1293,1295,-1,1293,1292,1296,-1,1297,1298,1296,-1,1296,1298,1299,-1,1296,1299,1293,-1,1294,1295,1300,-1,1300,1295,1301,-1,1300,1301,1302,-1,1302,1301,1303,-1,1302,1303,1304,-1,1302,1304,1305,-1,1305,1304,1306,-1,1305,1306,1307,-1,1307,1306,1308,-1,1307,1308,1309,-1,1309,1308,1310,-1,1309,1310,1311,-1,1311,1310,1312,-1,1311,1312,1313,-1,1313,1312,1314,-1,1313,1314,1315,-1,1315,1314,1316,-1,1315,1316,1317,-1,1317,1316,1318,-1,1317,1318,1319,-1,1319,1318,1320,-1,1319,1320,1321,-1,1321,1320,1322,-1,1321,1322,1323,-1,1323,1322,1324,-1,1323,1324,1325,-1,1325,1324,1298,-1,1325,1298,1297,-1,1295,1293,1301,-1,1301,1293,1299,-1,1301,1299,1303,-1,1303,1299,1298,-1,1303,1298,1324,-1,1324,1322,1303,-1,1303,1322,1320,-1,1303,1320,1318,-1,1318,1316,1303,-1,1303,1316,1314,-1,1303,1314,1304,-1,1304,1314,1306,-1,1312,1310,1314,-1,1314,1310,1308,-1,1314,1308,1306,-1,1326,1327,1328,-1,1328,1327,1329,-1,1327,1326,1330,-1,1331,1332,1330,-1,1330,1332,1333,-1,1330,1333,1327,-1,1328,1329,1334,-1,1334,1329,1335,-1,1334,1335,1336,-1,1336,1335,1337,-1,1336,1337,1338,-1,1336,1338,1339,-1,1339,1338,1340,-1,1339,1340,1341,-1,1341,1340,1342,-1,1341,1342,1343,-1,1343,1342,1344,-1,1343,1344,1345,-1,1345,1344,1346,-1,1345,1346,1347,-1,1347,1346,1348,-1,1347,1348,1349,-1,1349,1348,1350,-1,1349,1350,1351,-1,1351,1350,1352,-1,1351,1352,1353,-1,1353,1352,1354,-1,1353,1354,1355,-1,1355,1354,1356,-1,1355,1356,1357,-1,1357,1356,1358,-1,1357,1358,1359,-1,1359,1358,1332,-1,1359,1332,1331,-1,1329,1327,1335,-1,1335,1327,1333,-1,1335,1333,1337,-1,1337,1333,1332,-1,1337,1332,1338,-1,1338,1332,1340,-1,1358,1356,1344,-1,1352,1350,1348,-1,1356,1354,1344,-1,1344,1354,1352,-1,1344,1352,1346,-1,1346,1352,1348,-1,1358,1344,1332,-1,1332,1344,1342,-1,1332,1342,1340,-1,1360,1361,1362,-1,1362,1361,1363,-1,1361,1360,1364,-1,1365,1366,1364,-1,1364,1366,1367,-1,1364,1367,1361,-1,1362,1363,1368,-1,1368,1363,1369,-1,1368,1369,1370,-1,1370,1369,1371,-1,1370,1371,1372,-1,1370,1372,1373,-1,1373,1372,1374,-1,1373,1374,1375,-1,1375,1374,1376,-1,1375,1376,1377,-1,1377,1376,1378,-1,1377,1378,1379,-1,1379,1378,1380,-1,1379,1380,1381,-1,1381,1380,1382,-1,1381,1382,1383,-1,1383,1382,1384,-1,1383,1384,1385,-1,1385,1384,1386,-1,1385,1386,1387,-1,1387,1386,1388,-1,1387,1388,1389,-1,1389,1388,1390,-1,1389,1390,1391,-1,1391,1390,1392,-1,1391,1392,1393,-1,1393,1392,1366,-1,1393,1366,1365,-1,1363,1361,1369,-1,1369,1361,1367,-1,1369,1367,1371,-1,1371,1367,1366,-1,1388,1386,1378,-1,1388,1378,1390,-1,1386,1384,1378,-1,1378,1384,1382,-1,1378,1382,1380,-1,1376,1374,1366,-1,1366,1374,1372,-1,1366,1372,1371,-1,1376,1366,1378,-1,1378,1366,1392,-1,1378,1392,1390,-1,1394,1395,1396,-1,1396,1395,1397,-1,1395,1394,1398,-1,1399,1400,1398,-1,1398,1400,1401,-1,1398,1401,1395,-1,1396,1397,1402,-1,1402,1397,1403,-1,1402,1403,1404,-1,1404,1403,1405,-1,1404,1405,1406,-1,1404,1406,1407,-1,1407,1406,1408,-1,1407,1408,1409,-1,1409,1408,1410,-1,1409,1410,1411,-1,1411,1410,1412,-1,1411,1412,1413,-1,1413,1412,1414,-1,1413,1414,1415,-1,1415,1414,1416,-1,1415,1416,1417,-1,1417,1416,1418,-1,1417,1418,1419,-1,1419,1418,1420,-1,1419,1420,1421,-1,1421,1420,1422,-1,1421,1422,1423,-1,1423,1422,1424,-1,1423,1424,1425,-1,1425,1424,1426,-1,1425,1426,1427,-1,1427,1426,1400,-1,1427,1400,1399,-1,1397,1395,1403,-1,1403,1395,1401,-1,1422,1420,1412,-1,1410,1408,1400,-1,1403,1401,1405,-1,1405,1401,1400,-1,1405,1400,1406,-1,1406,1400,1408,-1,1422,1412,1424,-1,1420,1418,1412,-1,1412,1418,1416,-1,1412,1416,1414,-1,1410,1400,1412,-1,1412,1400,1426,-1,1412,1426,1424,-1,1428,1429,1430,-1,1430,1429,1431,-1,1429,1428,1432,-1,1433,1434,1432,-1,1432,1434,1435,-1,1432,1435,1429,-1,1430,1431,1436,-1,1436,1431,1437,-1,1436,1437,1438,-1,1438,1437,1439,-1,1438,1439,1440,-1,1438,1440,1441,-1,1441,1440,1442,-1,1441,1442,1443,-1,1443,1442,1444,-1,1443,1444,1445,-1,1445,1444,1446,-1,1445,1446,1447,-1,1447,1446,1448,-1,1447,1448,1449,-1,1449,1448,1450,-1,1449,1450,1451,-1,1451,1450,1452,-1,1451,1452,1453,-1,1453,1452,1454,-1,1453,1454,1455,-1,1455,1454,1456,-1,1455,1456,1457,-1,1457,1456,1458,-1,1457,1458,1459,-1,1459,1458,1460,-1,1459,1460,1461,-1,1461,1460,1434,-1,1461,1434,1433,-1,1431,1429,1437,-1,1437,1429,1435,-1,1444,1442,1434,-1,1454,1452,1450,-1,1437,1435,1439,-1,1439,1435,1434,-1,1439,1434,1440,-1,1440,1434,1442,-1,1458,1456,1446,-1,1446,1456,1454,-1,1446,1454,1448,-1,1448,1454,1450,-1,1444,1434,1446,-1,1446,1434,1460,-1,1446,1460,1458,-1,1462,1463,1464,-1,1464,1463,1465,-1,1463,1462,1466,-1,1467,1468,1466,-1,1466,1468,1469,-1,1466,1469,1463,-1,1464,1465,1470,-1,1470,1465,1471,-1,1470,1471,1472,-1,1472,1471,1473,-1,1472,1473,1474,-1,1472,1474,1475,-1,1475,1474,1476,-1,1475,1476,1477,-1,1477,1476,1478,-1,1477,1478,1479,-1,1479,1478,1480,-1,1479,1480,1481,-1,1481,1480,1482,-1,1481,1482,1483,-1,1483,1482,1484,-1,1483,1484,1485,-1,1485,1484,1486,-1,1485,1486,1487,-1,1487,1486,1488,-1,1487,1488,1489,-1,1489,1488,1490,-1,1489,1490,1491,-1,1491,1490,1492,-1,1491,1492,1493,-1,1493,1492,1494,-1,1493,1494,1495,-1,1495,1494,1468,-1,1495,1468,1467,-1,1465,1463,1471,-1,1471,1463,1469,-1,1471,1469,1473,-1,1473,1469,1468,-1,1488,1486,1484,-1,1478,1476,1468,-1,1468,1476,1474,-1,1468,1474,1473,-1,1492,1490,1480,-1,1480,1490,1488,-1,1480,1488,1482,-1,1482,1488,1484,-1,1478,1468,1480,-1,1480,1468,1494,-1,1480,1494,1492,-1,1496,1497,1498,-1,1498,1497,1499,-1,1497,1496,1500,-1,1501,1502,1500,-1,1500,1502,1503,-1,1500,1503,1497,-1,1498,1499,1504,-1,1504,1499,1505,-1,1504,1505,1506,-1,1506,1505,1507,-1,1506,1507,1508,-1,1506,1508,1509,-1,1509,1508,1510,-1,1509,1510,1511,-1,1511,1510,1512,-1,1511,1512,1513,-1,1513,1512,1514,-1,1513,1514,1515,-1,1515,1514,1516,-1,1515,1516,1517,-1,1517,1516,1518,-1,1517,1518,1519,-1,1519,1518,1520,-1,1519,1520,1521,-1,1521,1520,1522,-1,1521,1522,1523,-1,1523,1522,1524,-1,1523,1524,1525,-1,1525,1524,1526,-1,1525,1526,1527,-1,1527,1526,1528,-1,1527,1528,1529,-1,1529,1528,1502,-1,1529,1502,1501,-1,1499,1497,1505,-1,1505,1497,1503,-1,1505,1503,1507,-1,1507,1503,1502,-1,1522,1520,1518,-1,1512,1510,1502,-1,1502,1510,1508,-1,1502,1508,1507,-1,1526,1524,1514,-1,1514,1524,1522,-1,1514,1522,1516,-1,1516,1522,1518,-1,1512,1502,1514,-1,1514,1502,1528,-1,1514,1528,1526,-1,1530,1531,1532,-1,1532,1531,1533,-1,1531,1530,1534,-1,1535,1536,1534,-1,1534,1536,1537,-1,1534,1537,1531,-1,1532,1533,1538,-1,1538,1533,1539,-1,1538,1539,1540,-1,1540,1539,1541,-1,1540,1541,1542,-1,1540,1542,1543,-1,1543,1542,1544,-1,1543,1544,1545,-1,1545,1544,1546,-1,1545,1546,1547,-1,1547,1546,1548,-1,1547,1548,1549,-1,1549,1548,1550,-1,1549,1550,1551,-1,1551,1550,1552,-1,1551,1552,1553,-1,1553,1552,1554,-1,1553,1554,1555,-1,1555,1554,1556,-1,1555,1556,1557,-1,1557,1556,1558,-1,1557,1558,1559,-1,1559,1558,1560,-1,1559,1560,1561,-1,1561,1560,1562,-1,1561,1562,1563,-1,1563,1562,1536,-1,1563,1536,1535,-1,1533,1531,1539,-1,1539,1531,1537,-1,1550,1548,1536,-1,1536,1548,1546,-1,1536,1546,1544,-1,1539,1537,1541,-1,1541,1537,1536,-1,1541,1536,1542,-1,1542,1536,1544,-1,1556,1554,1536,-1,1536,1554,1552,-1,1536,1552,1550,-1,1556,1536,1558,-1,1558,1536,1562,-1,1558,1562,1560,-1,1564,1565,1566,-1,1566,1565,1567,-1,1565,1564,1568,-1,1569,1570,1568,-1,1568,1570,1571,-1,1568,1571,1565,-1,1566,1567,1572,-1,1572,1567,1573,-1,1572,1573,1574,-1,1574,1573,1575,-1,1574,1575,1576,-1,1574,1576,1577,-1,1577,1576,1578,-1,1577,1578,1579,-1,1579,1578,1580,-1,1579,1580,1581,-1,1581,1580,1582,-1,1581,1582,1583,-1,1583,1582,1584,-1,1583,1584,1585,-1,1585,1584,1586,-1,1585,1586,1587,-1,1587,1586,1588,-1,1587,1588,1589,-1,1589,1588,1590,-1,1589,1590,1591,-1,1591,1590,1592,-1,1591,1592,1593,-1,1593,1592,1594,-1,1593,1594,1595,-1,1595,1594,1596,-1,1595,1596,1597,-1,1597,1596,1570,-1,1597,1570,1569,-1,1567,1565,1573,-1,1573,1565,1571,-1,1584,1582,1570,-1,1570,1582,1580,-1,1570,1580,1578,-1,1573,1571,1575,-1,1575,1571,1570,-1,1575,1570,1576,-1,1576,1570,1578,-1,1590,1588,1570,-1,1570,1588,1586,-1,1570,1586,1584,-1,1590,1570,1592,-1,1592,1570,1596,-1,1592,1596,1594,-1,1598,1599,1600,-1,1600,1599,1601,-1,1599,1598,1602,-1,1603,1604,1602,-1,1602,1604,1605,-1,1602,1605,1599,-1,1600,1601,1606,-1,1606,1601,1607,-1,1606,1607,1608,-1,1608,1607,1609,-1,1608,1609,1610,-1,1608,1610,1611,-1,1611,1610,1612,-1,1611,1612,1613,-1,1613,1612,1614,-1,1613,1614,1615,-1,1615,1614,1616,-1,1615,1616,1617,-1,1617,1616,1618,-1,1617,1618,1619,-1,1619,1618,1620,-1,1619,1620,1621,-1,1621,1620,1622,-1,1621,1622,1623,-1,1623,1622,1624,-1,1623,1624,1625,-1,1625,1624,1626,-1,1625,1626,1627,-1,1627,1626,1628,-1,1627,1628,1629,-1,1629,1628,1630,-1,1629,1630,1631,-1,1631,1630,1604,-1,1631,1604,1603,-1,1601,1599,1607,-1,1607,1599,1605,-1,1618,1616,1604,-1,1604,1616,1614,-1,1604,1614,1612,-1,1607,1605,1609,-1,1609,1605,1604,-1,1609,1604,1610,-1,1610,1604,1612,-1,1624,1622,1604,-1,1604,1622,1620,-1,1604,1620,1618,-1,1624,1604,1626,-1,1626,1604,1630,-1,1626,1630,1628,-1,1632,1633,1634,-1,1634,1633,1635,-1,1633,1632,1636,-1,1637,1638,1636,-1,1636,1638,1639,-1,1636,1639,1633,-1,1634,1635,1640,-1,1640,1635,1641,-1,1640,1641,1642,-1,1642,1641,1643,-1,1642,1643,1644,-1,1642,1644,1645,-1,1645,1644,1646,-1,1645,1646,1647,-1,1647,1646,1648,-1,1647,1648,1649,-1,1649,1648,1650,-1,1649,1650,1651,-1,1651,1650,1652,-1,1651,1652,1653,-1,1653,1652,1654,-1,1653,1654,1655,-1,1655,1654,1656,-1,1655,1656,1657,-1,1657,1656,1658,-1,1657,1658,1659,-1,1659,1658,1660,-1,1659,1660,1661,-1,1661,1660,1662,-1,1661,1662,1663,-1,1663,1662,1664,-1,1663,1664,1665,-1,1665,1664,1638,-1,1665,1638,1637,-1,1635,1633,1641,-1,1641,1633,1639,-1,1652,1650,1638,-1,1638,1650,1648,-1,1638,1648,1646,-1,1641,1639,1643,-1,1643,1639,1638,-1,1643,1638,1644,-1,1644,1638,1646,-1,1658,1656,1638,-1,1638,1656,1654,-1,1638,1654,1652,-1,1658,1638,1660,-1,1660,1638,1664,-1,1660,1664,1662,-1,1666,1667,1668,-1,1668,1667,1669,-1,1667,1666,1670,-1,1671,1672,1670,-1,1670,1672,1673,-1,1670,1673,1667,-1,1668,1669,1674,-1,1674,1669,1675,-1,1674,1675,1676,-1,1676,1675,1677,-1,1676,1677,1678,-1,1676,1678,1679,-1,1679,1678,1680,-1,1679,1680,1681,-1,1681,1680,1682,-1,1681,1682,1683,-1,1683,1682,1684,-1,1683,1684,1685,-1,1685,1684,1686,-1,1685,1686,1687,-1,1687,1686,1688,-1,1687,1688,1689,-1,1689,1688,1690,-1,1689,1690,1691,-1,1691,1690,1692,-1,1691,1692,1693,-1,1693,1692,1694,-1,1693,1694,1695,-1,1695,1694,1696,-1,1695,1696,1697,-1,1697,1696,1698,-1,1697,1698,1699,-1,1699,1698,1672,-1,1699,1672,1671,-1,1669,1667,1675,-1,1675,1667,1673,-1,1675,1673,1677,-1,1677,1673,1672,-1,1677,1672,1678,-1,1678,1672,1680,-1,1698,1696,1690,-1,1690,1696,1694,-1,1690,1694,1692,-1,1698,1690,1672,-1,1672,1690,1688,-1,1672,1688,1686,-1,1686,1684,1672,-1,1672,1684,1682,-1,1672,1682,1680,-1,1700,1701,1702,-1,1702,1701,1703,-1,1701,1700,1704,-1,1705,1706,1704,-1,1704,1706,1707,-1,1704,1707,1701,-1,1702,1703,1708,-1,1708,1703,1709,-1,1708,1709,1710,-1,1710,1709,1711,-1,1710,1711,1712,-1,1710,1712,1713,-1,1713,1712,1714,-1,1713,1714,1715,-1,1715,1714,1716,-1,1715,1716,1717,-1,1717,1716,1718,-1,1717,1718,1719,-1,1719,1718,1720,-1,1719,1720,1721,-1,1721,1720,1722,-1,1721,1722,1723,-1,1723,1722,1724,-1,1723,1724,1725,-1,1725,1724,1726,-1,1725,1726,1727,-1,1727,1726,1728,-1,1727,1728,1729,-1,1729,1728,1730,-1,1729,1730,1731,-1,1731,1730,1732,-1,1731,1732,1733,-1,1733,1732,1706,-1,1733,1706,1705,-1,1703,1701,1709,-1,1709,1701,1707,-1,1711,1709,1707,-1,1707,1706,1711,-1,1711,1706,1732,-1,1711,1732,1712,-1,1712,1732,1714,-1,1726,1724,1728,-1,1728,1724,1730,-1,1730,1724,1732,-1,1732,1724,1722,-1,1732,1722,1720,-1,1720,1718,1732,-1,1732,1718,1716,-1,1732,1716,1714,-1,1734,1735,1736,-1,1736,1735,1737,-1,1735,1734,1738,-1,1739,1740,1738,-1,1738,1740,1741,-1,1738,1741,1735,-1,1736,1737,1742,-1,1742,1737,1743,-1,1742,1743,1744,-1,1744,1743,1745,-1,1744,1745,1746,-1,1744,1746,1747,-1,1747,1746,1748,-1,1747,1748,1749,-1,1749,1748,1750,-1,1749,1750,1751,-1,1751,1750,1752,-1,1751,1752,1753,-1,1753,1752,1754,-1,1753,1754,1755,-1,1755,1754,1756,-1,1755,1756,1757,-1,1757,1756,1758,-1,1757,1758,1759,-1,1759,1758,1760,-1,1759,1760,1761,-1,1761,1760,1762,-1,1761,1762,1763,-1,1763,1762,1764,-1,1763,1764,1765,-1,1765,1764,1766,-1,1765,1766,1767,-1,1767,1766,1740,-1,1767,1740,1739,-1,1737,1735,1743,-1,1743,1735,1741,-1,1743,1741,1745,-1,1745,1741,1740,-1,1745,1740,1746,-1,1746,1740,1748,-1,1766,1764,1758,-1,1758,1764,1762,-1,1758,1762,1760,-1,1766,1758,1740,-1,1740,1758,1756,-1,1740,1756,1754,-1,1754,1752,1740,-1,1740,1752,1750,-1,1740,1750,1748,-1,1768,1769,1770,-1,1770,1769,1771,-1,1769,1768,1772,-1,1773,1774,1772,-1,1772,1774,1775,-1,1772,1775,1769,-1,1770,1771,1776,-1,1776,1771,1777,-1,1776,1777,1778,-1,1778,1777,1779,-1,1778,1779,1780,-1,1778,1780,1781,-1,1781,1780,1782,-1,1781,1782,1783,-1,1783,1782,1784,-1,1783,1784,1785,-1,1785,1784,1786,-1,1785,1786,1787,-1,1787,1786,1788,-1,1787,1788,1789,-1,1789,1788,1790,-1,1789,1790,1791,-1,1791,1790,1792,-1,1791,1792,1793,-1,1793,1792,1794,-1,1793,1794,1795,-1,1795,1794,1796,-1,1795,1796,1797,-1,1797,1796,1798,-1,1797,1798,1799,-1,1799,1798,1800,-1,1799,1800,1801,-1,1801,1800,1774,-1,1801,1774,1773,-1,1771,1769,1777,-1,1777,1769,1775,-1,1777,1775,1779,-1,1779,1775,1774,-1,1774,1800,1779,-1,1779,1800,1798,-1,1779,1798,1796,-1,1796,1794,1779,-1,1779,1794,1792,-1,1779,1792,1780,-1,1788,1786,1790,-1,1790,1786,1784,-1,1790,1784,1792,-1,1792,1784,1782,-1,1792,1782,1780,-1,1802,1803,1804,-1,1804,1803,1805,-1,1803,1802,1806,-1,1807,1808,1806,-1,1806,1808,1809,-1,1806,1809,1803,-1,1804,1805,1810,-1,1810,1805,1811,-1,1810,1811,1812,-1,1812,1811,1813,-1,1812,1813,1814,-1,1812,1814,1815,-1,1815,1814,1816,-1,1815,1816,1817,-1,1817,1816,1818,-1,1817,1818,1819,-1,1819,1818,1820,-1,1819,1820,1821,-1,1821,1820,1822,-1,1821,1822,1823,-1,1823,1822,1824,-1,1823,1824,1825,-1,1825,1824,1826,-1,1825,1826,1827,-1,1827,1826,1828,-1,1827,1828,1829,-1,1829,1828,1830,-1,1829,1830,1831,-1,1831,1830,1832,-1,1831,1832,1833,-1,1833,1832,1834,-1,1833,1834,1835,-1,1835,1834,1808,-1,1835,1808,1807,-1,1805,1803,1811,-1,1811,1803,1809,-1,1811,1809,1813,-1,1813,1809,1808,-1,1808,1834,1813,-1,1813,1834,1832,-1,1813,1832,1830,-1,1830,1828,1813,-1,1813,1828,1826,-1,1813,1826,1814,-1,1822,1820,1824,-1,1824,1820,1818,-1,1824,1818,1826,-1,1826,1818,1816,-1,1826,1816,1814,-1,1836,1837,1838,-1,1838,1837,1839,-1,1837,1836,1840,-1,1841,1842,1840,-1,1840,1842,1843,-1,1840,1843,1837,-1,1838,1839,1844,-1,1844,1839,1845,-1,1844,1845,1846,-1,1846,1845,1847,-1,1846,1847,1848,-1,1846,1848,1849,-1,1849,1848,1850,-1,1849,1850,1851,-1,1851,1850,1852,-1,1851,1852,1853,-1,1853,1852,1854,-1,1853,1854,1855,-1,1855,1854,1856,-1,1855,1856,1857,-1,1857,1856,1858,-1,1857,1858,1859,-1,1859,1858,1860,-1,1859,1860,1861,-1,1861,1860,1862,-1,1861,1862,1863,-1,1863,1862,1864,-1,1863,1864,1865,-1,1865,1864,1866,-1,1865,1866,1867,-1,1867,1866,1868,-1,1867,1868,1869,-1,1869,1868,1842,-1,1869,1842,1841,-1,1839,1837,1845,-1,1845,1837,1843,-1,1845,1843,1847,-1,1847,1843,1842,-1,1847,1842,1848,-1,1848,1842,1850,-1,1868,1866,1860,-1,1860,1866,1864,-1,1860,1864,1862,-1,1868,1860,1842,-1,1842,1860,1858,-1,1842,1858,1856,-1,1856,1854,1842,-1,1842,1854,1852,-1,1842,1852,1850,-1,1870,1871,1872,-1,1872,1871,1873,-1,1871,1870,1874,-1,1875,1876,1874,-1,1874,1876,1877,-1,1874,1877,1871,-1,1872,1873,1878,-1,1878,1873,1879,-1,1878,1879,1880,-1,1880,1879,1881,-1,1880,1881,1882,-1,1880,1882,1883,-1,1883,1882,1884,-1,1883,1884,1885,-1,1885,1884,1886,-1,1885,1886,1887,-1,1887,1886,1888,-1,1887,1888,1889,-1,1889,1888,1890,-1,1889,1890,1891,-1,1891,1890,1892,-1,1891,1892,1893,-1,1893,1892,1894,-1,1893,1894,1895,-1,1895,1894,1896,-1,1895,1896,1897,-1,1897,1896,1898,-1,1897,1898,1899,-1,1899,1898,1900,-1,1899,1900,1901,-1,1901,1900,1902,-1,1901,1902,1903,-1,1903,1902,1876,-1,1903,1876,1875,-1,1873,1871,1879,-1,1879,1871,1877,-1,1886,1884,1876,-1,1902,1900,1898,-1,1876,1894,1892,-1,1879,1877,1881,-1,1881,1877,1876,-1,1881,1876,1882,-1,1882,1876,1884,-1,1902,1898,1876,-1,1876,1898,1896,-1,1876,1896,1894,-1,1892,1890,1876,-1,1876,1890,1888,-1,1876,1888,1886,-1,1904,1905,1906,-1,1906,1905,1907,-1,1905,1904,1908,-1,1909,1910,1908,-1,1908,1910,1911,-1,1908,1911,1905,-1,1906,1907,1912,-1,1912,1907,1913,-1,1912,1913,1914,-1,1914,1913,1915,-1,1914,1915,1916,-1,1914,1916,1917,-1,1917,1916,1918,-1,1917,1918,1919,-1,1919,1918,1920,-1,1919,1920,1921,-1,1921,1920,1922,-1,1921,1922,1923,-1,1923,1922,1924,-1,1923,1924,1925,-1,1925,1924,1926,-1,1925,1926,1927,-1,1927,1926,1928,-1,1927,1928,1929,-1,1929,1928,1930,-1,1929,1930,1931,-1,1931,1930,1932,-1,1931,1932,1933,-1,1933,1932,1934,-1,1933,1934,1935,-1,1935,1934,1936,-1,1935,1936,1937,-1,1937,1936,1910,-1,1937,1910,1909,-1,1907,1905,1913,-1,1913,1905,1911,-1,1920,1918,1910,-1,1936,1934,1932,-1,1910,1928,1926,-1,1913,1911,1915,-1,1915,1911,1910,-1,1915,1910,1916,-1,1916,1910,1918,-1,1936,1932,1910,-1,1910,1932,1930,-1,1910,1930,1928,-1,1926,1924,1910,-1,1910,1924,1922,-1,1910,1922,1920,-1,1938,1939,1940,-1,1940,1939,1941,-1,1939,1938,1942,-1,1943,1944,1942,-1,1942,1944,1945,-1,1942,1945,1939,-1,1940,1941,1946,-1,1946,1941,1947,-1,1946,1947,1948,-1,1948,1947,1949,-1,1948,1949,1950,-1,1948,1950,1951,-1,1951,1950,1952,-1,1951,1952,1953,-1,1953,1952,1954,-1,1953,1954,1955,-1,1955,1954,1956,-1,1955,1956,1957,-1,1957,1956,1958,-1,1957,1958,1959,-1,1959,1958,1960,-1,1959,1960,1961,-1,1961,1960,1962,-1,1961,1962,1963,-1,1963,1962,1964,-1,1963,1964,1965,-1,1965,1964,1966,-1,1965,1966,1967,-1,1967,1966,1968,-1,1967,1968,1969,-1,1969,1968,1970,-1,1969,1970,1971,-1,1971,1970,1944,-1,1971,1944,1943,-1,1941,1939,1947,-1,1947,1939,1945,-1,1949,1947,1945,-1,1945,1944,1949,-1,1949,1944,1970,-1,1949,1970,1968,-1,1968,1966,1949,-1,1949,1966,1964,-1,1949,1964,1962,-1,1962,1960,1949,-1,1949,1960,1958,-1,1949,1958,1956,-1,1956,1954,1949,-1,1949,1954,1952,-1,1949,1952,1950,-1,1972,1973,1974,-1,1974,1973,1975,-1,1973,1972,1976,-1,1977,1978,1976,-1,1976,1978,1979,-1,1976,1979,1973,-1,1974,1975,1980,-1,1980,1975,1981,-1,1980,1981,1982,-1,1982,1981,1983,-1,1982,1983,1984,-1,1982,1984,1985,-1,1985,1984,1986,-1,1985,1986,1987,-1,1987,1986,1988,-1,1987,1988,1989,-1,1989,1988,1990,-1,1989,1990,1991,-1,1991,1990,1992,-1,1991,1992,1993,-1,1993,1992,1994,-1,1993,1994,1995,-1,1995,1994,1996,-1,1995,1996,1997,-1,1997,1996,1998,-1,1997,1998,1999,-1,1999,1998,2000,-1,1999,2000,2001,-1,2001,2000,2002,-1,2001,2002,2003,-1,2003,2002,2004,-1,2003,2004,2005,-1,2005,2004,1978,-1,2005,1978,1977,-1,1975,1973,1981,-1,1981,1973,1979,-1,1984,1983,1996,-1,1996,1983,1998,-1,1981,1979,1983,-1,1983,1979,1978,-1,1983,1978,2004,-1,2004,2002,1983,-1,1983,2002,2000,-1,1983,2000,1998,-1,1992,1990,1994,-1,1994,1990,1988,-1,1994,1988,1996,-1,1996,1988,1986,-1,1996,1986,1984,-1,2006,2007,2008,-1,2008,2007,2009,-1,2007,2006,2010,-1,2011,2012,2010,-1,2010,2012,2013,-1,2010,2013,2007,-1,2008,2009,2014,-1,2014,2009,2015,-1,2014,2015,2016,-1,2016,2015,2017,-1,2016,2017,2018,-1,2016,2018,2019,-1,2019,2018,2020,-1,2019,2020,2021,-1,2021,2020,2022,-1,2021,2022,2023,-1,2023,2022,2024,-1,2023,2024,2025,-1,2025,2024,2026,-1,2025,2026,2027,-1,2027,2026,2028,-1,2027,2028,2029,-1,2029,2028,2030,-1,2029,2030,2031,-1,2031,2030,2032,-1,2031,2032,2033,-1,2033,2032,2034,-1,2033,2034,2035,-1,2035,2034,2036,-1,2035,2036,2037,-1,2037,2036,2038,-1,2037,2038,2039,-1,2039,2038,2012,-1,2039,2012,2011,-1,2009,2007,2015,-1,2015,2007,2013,-1,2018,2017,2030,-1,2030,2017,2032,-1,2015,2013,2017,-1,2017,2013,2012,-1,2017,2012,2038,-1,2038,2036,2017,-1,2017,2036,2034,-1,2017,2034,2032,-1,2026,2024,2028,-1,2028,2024,2022,-1,2028,2022,2030,-1,2030,2022,2020,-1,2030,2020,2018,-1,2040,2041,2042,-1,2042,2041,2043,-1,2041,2040,2044,-1,2045,2046,2044,-1,2044,2046,2047,-1,2044,2047,2041,-1,2042,2043,2048,-1,2048,2043,2049,-1,2048,2049,2050,-1,2050,2049,2051,-1,2050,2051,2052,-1,2050,2052,2053,-1,2053,2052,2054,-1,2053,2054,2055,-1,2055,2054,2056,-1,2055,2056,2057,-1,2057,2056,2058,-1,2057,2058,2059,-1,2059,2058,2060,-1,2059,2060,2061,-1,2061,2060,2062,-1,2061,2062,2063,-1,2063,2062,2064,-1,2063,2064,2065,-1,2065,2064,2066,-1,2065,2066,2067,-1,2067,2066,2068,-1,2067,2068,2069,-1,2069,2068,2070,-1,2069,2070,2071,-1,2071,2070,2072,-1,2071,2072,2073,-1,2073,2072,2046,-1,2073,2046,2045,-1,2043,2041,2049,-1,2049,2041,2047,-1,2049,2047,2051,-1,2051,2047,2046,-1,2051,2046,2052,-1,2060,2058,2046,-1,2058,2056,2046,-1,2046,2056,2054,-1,2046,2054,2052,-1,2072,2070,2064,-1,2064,2070,2068,-1,2064,2068,2066,-1,2072,2064,2046,-1,2046,2064,2062,-1,2046,2062,2060,-1,2074,2075,2076,-1,2076,2075,2077,-1,2075,2074,2078,-1,2079,2080,2078,-1,2078,2080,2081,-1,2078,2081,2075,-1,2076,2077,2082,-1,2082,2077,2083,-1,2082,2083,2084,-1,2084,2083,2085,-1,2084,2085,2086,-1,2084,2086,2087,-1,2087,2086,2088,-1,2087,2088,2089,-1,2089,2088,2090,-1,2089,2090,2091,-1,2091,2090,2092,-1,2091,2092,2093,-1,2093,2092,2094,-1,2093,2094,2095,-1,2095,2094,2096,-1,2095,2096,2097,-1,2097,2096,2098,-1,2097,2098,2099,-1,2099,2098,2100,-1,2099,2100,2101,-1,2101,2100,2102,-1,2101,2102,2103,-1,2103,2102,2104,-1,2103,2104,2105,-1,2105,2104,2106,-1,2105,2106,2107,-1,2107,2106,2080,-1,2107,2080,2079,-1,2077,2075,2083,-1,2083,2075,2081,-1,2083,2081,2085,-1,2085,2081,2080,-1,2085,2080,2086,-1,2094,2092,2080,-1,2092,2090,2080,-1,2080,2090,2088,-1,2080,2088,2086,-1,2106,2104,2098,-1,2098,2104,2102,-1,2098,2102,2100,-1,2106,2098,2080,-1,2080,2098,2096,-1,2080,2096,2094,-1,2108,2109,2110,-1,2110,2109,2111,-1,2109,2108,2112,-1,2113,2114,2112,-1,2112,2114,2115,-1,2112,2115,2109,-1,2110,2111,2116,-1,2116,2111,2117,-1,2116,2117,2118,-1,2118,2117,2119,-1,2118,2119,2120,-1,2118,2120,2121,-1,2121,2120,2122,-1,2121,2122,2123,-1,2123,2122,2124,-1,2123,2124,2125,-1,2125,2124,2126,-1,2125,2126,2127,-1,2127,2126,2128,-1,2127,2128,2129,-1,2129,2128,2130,-1,2129,2130,2131,-1,2131,2130,2132,-1,2131,2132,2133,-1,2133,2132,2134,-1,2133,2134,2135,-1,2135,2134,2136,-1,2135,2136,2137,-1,2137,2136,2138,-1,2137,2138,2139,-1,2139,2138,2140,-1,2139,2140,2141,-1,2141,2140,2114,-1,2141,2114,2113,-1,2111,2109,2117,-1,2117,2109,2115,-1,2117,2115,2119,-1,2119,2115,2114,-1,2119,2114,2120,-1,2128,2126,2114,-1,2126,2124,2114,-1,2114,2124,2122,-1,2114,2122,2120,-1,2140,2138,2132,-1,2132,2138,2136,-1,2132,2136,2134,-1,2140,2132,2114,-1,2114,2132,2130,-1,2114,2130,2128,-1,2142,2143,2144,-1,2144,2143,2145,-1,2143,2142,2146,-1,2147,2148,2146,-1,2146,2148,2149,-1,2146,2149,2143,-1,2144,2145,2150,-1,2150,2145,2151,-1,2150,2151,2152,-1,2152,2151,2153,-1,2152,2153,2154,-1,2152,2154,2155,-1,2155,2154,2156,-1,2155,2156,2157,-1,2157,2156,2158,-1,2157,2158,2159,-1,2159,2158,2160,-1,2159,2160,2161,-1,2161,2160,2162,-1,2161,2162,2163,-1,2163,2162,2164,-1,2163,2164,2165,-1,2165,2164,2166,-1,2165,2166,2167,-1,2167,2166,2168,-1,2167,2168,2169,-1,2169,2168,2170,-1,2169,2170,2171,-1,2171,2170,2172,-1,2171,2172,2173,-1,2173,2172,2174,-1,2173,2174,2175,-1,2175,2174,2148,-1,2175,2148,2147,-1,2145,2143,2151,-1,2151,2143,2149,-1,2151,2149,2153,-1,2153,2149,2148,-1,2153,2148,2154,-1,2162,2160,2148,-1,2160,2158,2148,-1,2148,2158,2156,-1,2148,2156,2154,-1,2174,2172,2166,-1,2166,2172,2170,-1,2166,2170,2168,-1,2174,2166,2148,-1,2148,2166,2164,-1,2148,2164,2162,-1,2176,2177,2178,-1,2178,2177,2179,-1,2180,2176,2181,-1,2181,2176,2178,-1,2182,2180,2183,-1,2183,2180,2181,-1,2184,2182,2185,-1,2185,2182,2183,-1,2177,2184,2179,-1,2179,2184,2185,-1,2177,2176,2184,-1,2184,2176,2180,-1,2184,2180,2182,-1,
        ]
    }
}
Shape{
    appearance Appearance {
        material  Material 	{
            diffuseColor 0.34901960784313724 0.34901960784313724 0.34901960784313724
            specularColor 0.023529411764705882 0.023529411764705882 0.023529411764705882
            ambientIntensity 0.498
            transparency 0.0
            shininess 0.5
        }
    }
    geometry IndexedFaceSet {
        ccw TRUE
        solid FALSE
        coord DEF co Coordinate {
            point [
                1.5265 -1.435 0.3583, 1.5265 -1.435 0.3661, 1.5037 -1.438 0.3583, 1.5037 -1.438 0.3661, 1.4823 -1.4468 0.3583, 1.4823 -1.4468 0.3661, 1.464 -1.4608 0.3583, 1.464 -1.4608 0.3661, 1.45 -1.4792 0.3583, 1.45 -1.4792 0.3661, 1.4411 -1.5005 0.3583, 1.4411 -1.5005 0.3661, 1.4381 -1.5234 0.3583, 1.4381 -1.5234 0.3661, 1.4411 -1.5462 0.3583, 1.4411 -1.5462 0.3661, 1.45 -1.5676 0.3583, 1.45 -1.5676 0.3661, 1.464 -1.5859 0.3583, 1.464 -1.5859 0.3661, 1.4823 -1.5999 0.3583, 1.4823 -1.5999 0.3661, 1.5037 -1.6088 0.3583, 1.5037 -1.6088 0.3661, 1.5265 -1.6118 0.3583, 1.5265 -1.6118 0.3661, 1.5494 -1.6088 0.3583, 1.5494 -1.6088 0.3661, 1.5707 -1.5999 0.3583, 1.5707 -1.5999 0.3661, 1.5891 -1.5859 0.3583, 1.5891 -1.5859 0.3661, 1.6031 -1.5676 0.3583, 1.6031 -1.5676 0.3661, 1.6119 -1.5462 0.3583, 1.6119 -1.5462 0.3661, 1.615 -1.5234 0.3583, 1.615 -1.5234 0.3661, 1.6119 -1.5005 0.3583, 1.6119 -1.5005 0.3661, 1.6031 -1.4792 0.3583, 1.6031 -1.4792 0.3661, 1.5891 -1.4608 0.3583, 1.5891 -1.4608 0.3661, 1.5707 -1.4468 0.3583, 1.5707 -1.4468 0.3661, 1.5494 -1.438 0.3583, 1.5494 -1.438 0.3661, 1.5265 -1.5234 0.3583
            ]
        }
        coordIndex [
            0,1,2,-1,2,1,3,-1,2,3,4,-1,4,3,5,-1,4,5,6,-1,6,5,7,-1,6,7,8,-1,8,7,9,-1,8,9,10,-1,10,9,11,-1,10,11,12,-1,12,11,13,-1,12,13,14,-1,14,13,15,-1,14,15,16,-1,16,15,17,-1,16,17,18,-1,18,17,19,-1,18,19,20,-1,20,19,21,-1,20,21,22,-1,22,21,23,-1,22,23,24,-1,24,23,25,-1,24,25,26,-1,26,25,27,-1,26,27,28,-1,28,27,29,-1,28,29,30,-1,30,29,31,-1,30,31,32,-1,32,31,33,-1,32,33,34,-1,34,33,35,-1,34,35,36,-1,36,35,37,-1,36,37,38,-1,38,37,39,-1,38,39,40,-1,40,39,41,-1,40,41,42,-1,42,41,43,-1,42,43,44,-1,44,43,45,-1,44,45,46,-1,46,45,47,-1,46,47,0,-1,0,47,1,-1,44,46,48,-1,48,46,0,-1,48,0,2,-1,38,40,48,-1,48,40,42,-1,48,42,44,-1,32,34,48,-1,48,34,36,-1,48,36,38,-1,26,28,48,-1,48,28,30,-1,48,30,32,-1,20,22,48,-1,48,22,24,-1,48,24,26,-1,14,16,48,-1,48,16,18,-1,48,18,20,-1,8,10,48,-1,48,10,12,-1,48,12,14,-1,2,4,48,-1,48,4,6,-1,48,6,8,-1,
        ]
    }
}
Shape{
    appearance Appearance {
        material  Material 	{
            diffuseColor 1.0 1.0 1.0
            specularColor 0.5019607843137255 0.5019607843137255 0.5019607843137255
            ambientIntensity 1.0
            transparency 0.0
            shininess 0.5
        }
    }
    geometry IndexedFaceSet {
        ccw TRUE
        solid FALSE
        coord DEF co Coordinate {
            point [
                -1.0675 1.5011 0.3701, -1.0616 1.5047 0.3701, -1.0692 1.5028 0.3701, -1.064 1.5071 0.3701, -1.0734 1.5056 0.3701, -1.0693 1.5108 0.3701, -1.0783 1.5073 0.3701, -1.0759 1.5133 0.3701, -1.0851 1.508 0.3701, -1.0848 1.5144 0.3701, -1.0934 1.508 0.3701, -1.1006 1.5144 0.3701, -1.0934 1.4655 0.3701, -1.1006 1.4592 0.3701, -1.0854 1.4655 0.3701, -1.0854 1.4592 0.3701, -1.0785 1.4662 0.3701, -1.0762 1.4603 0.3701, -1.0737 1.4679 0.3701, -1.0698 1.4627 0.3701, -1.0701 1.4703 0.3701, -1.0645 1.4664 0.3701, -1.069 1.4713 0.3701, -1.064 1.4669 0.3701, -1.0661 1.4749 0.3701, -1.06 1.4717 0.3701, -1.0643 1.479 0.3701, -1.0572 1.4773 0.3701, -1.0633 1.4842 0.3701, -1.0558 1.4838 0.3701, -1.0631 1.4873 0.3701, -1.0556 1.4875 0.3701, -1.0639 1.4939 0.3701, -1.0564 1.4944 0.3701, -1.0654 1.498 0.3701, -1.0583 1.4998 0.3701, -1.064 1.4669 0.3661, -1.0638 1.4671 0.3661, -1.06 1.4717 0.3661, -1.0572 1.4773 0.3661, -1.0558 1.4838 0.3661, -1.0556 1.4875 0.3661, -1.064 1.5071 0.3661, -1.0638 1.5069 0.3661, -1.0616 1.5047 0.3661, -1.0583 1.4998 0.3661, -1.0564 1.4944 0.3661, -1.0693 1.5108 0.3661, -1.0759 1.5133 0.3661, -1.0848 1.5144 0.3661, -1.1006 1.5144 0.3661, -1.1006 1.4592 0.3661, -1.1006 1.5069 0.3661, -1.0854 1.4592 0.3661, -1.0762 1.4603 0.3661, -1.0698 1.4627 0.3661, -1.0645 1.4664 0.3661, -1.0692 1.5028 0.3661, -1.0675 1.5011 0.3661, -1.0654 1.498 0.3661, -1.0639 1.4939 0.3661, -1.0631 1.4873 0.3661, -1.0851 1.508 0.3661, -1.0783 1.5073 0.3661, -1.0734 1.5056 0.3661, -1.0934 1.508 0.3661, -1.0934 1.4655 0.3661, -1.0854 1.4655 0.3661, -1.069 1.4713 0.3661, -1.0701 1.4703 0.3661, -1.0737 1.4679 0.3661, -1.0785 1.4662 0.3661, -1.0633 1.4842 0.3661, -1.0643 1.479 0.3661, -1.0661 1.4749 0.3661
            ]
        }
        coordIndex [
            0,1,2,-1,2,1,3,-1,2,3,4,-1,4,3,5,-1,4,5,6,-1,6,5,7,-1,6,7,8,-1,8,7,9,-1,8,9,10,-1,10,9,11,-1,10,11,12,-1,12,11,13,-1,12,13,14,-1,14,13,15,-1,14,15,16,-1,16,15,17,-1,16,17,18,-1,18,17,19,-1,18,19,20,-1,20,19,21,-1,20,21,22,-1,22,21,23,-1,22,23,24,-1,24,23,25,-1,24,25,26,-1,26,25,27,-1,26,27,28,-1,28,27,29,-1,28,29,30,-1,30,29,31,-1,30,31,32,-1,32,31,33,-1,32,33,34,-1,34,33,35,-1,34,35,0,-1,0,35,1,-1,23,36,37,-1,23,37,25,-1,37,38,25,-1,25,38,39,-1,25,39,27,-1,27,39,40,-1,27,40,29,-1,29,40,41,-1,29,41,31,-1,42,3,43,-1,43,3,1,-1,43,1,44,-1,44,1,35,-1,44,35,45,-1,45,35,33,-1,45,33,46,-1,46,33,31,-1,46,31,41,-1,3,42,47,-1,3,47,5,-1,5,47,48,-1,5,48,7,-1,7,48,49,-1,7,49,9,-1,11,9,50,-1,50,9,49,-1,51,13,52,-1,52,13,11,-1,52,11,50,-1,15,13,53,-1,53,13,51,-1,15,53,54,-1,15,54,17,-1,17,54,55,-1,17,55,19,-1,19,55,56,-1,19,56,21,-1,21,56,36,-1,21,36,23,-1,2,57,58,-1,2,58,0,-1,0,58,59,-1,0,59,34,-1,34,59,60,-1,34,60,32,-1,32,60,61,-1,32,61,30,-1,8,62,63,-1,8,63,6,-1,6,63,64,-1,6,64,4,-1,4,64,57,-1,4,57,2,-1,8,10,62,-1,62,10,65,-1,10,12,65,-1,65,12,66,-1,12,14,66,-1,66,14,67,-1,22,68,69,-1,22,69,20,-1,20,69,70,-1,20,70,18,-1,18,70,71,-1,18,71,16,-1,16,71,67,-1,16,67,14,-1,30,61,72,-1,30,72,28,-1,28,72,73,-1,28,73,26,-1,26,73,74,-1,26,74,24,-1,24,74,68,-1,24,68,22,-1,
        ]
    }
}
Shape{
    appearance Appearance {
        material  Material 	{
            diffuseColor 0.20784313725490197 0.20784313725490197 0.20784313725490197
            specularColor 0.01568627450980392 0.01568627450980392 0.01568627450980392
            ambientIntensity 0.298
            transparency 0.0
            shininess 0.5
        }
    }
    geometry IndexedFaceSet {
        ccw TRUE
        solid FALSE
        coord DEF co Coordinate {
            point [
                -1.0934 1.508 0.3661, -1.0934 1.4655 0.3661, -1.0851 1.508 0.3661, -1.0854 1.4655 0.3661, -1.0785 1.4662 0.3661, -1.0737 1.4679 0.3661, -1.0701 1.4703 0.3661, -1.069 1.4713 0.3661, -1.0661 1.4749 0.3661, -1.0643 1.479 0.3661, -1.0633 1.4842 0.3661, -1.0631 1.4873 0.3661, -1.0639 1.4939 0.3661, -1.0654 1.498 0.3661, -1.0675 1.5011 0.3661, -1.0692 1.5028 0.3661, -1.0783 1.5073 0.3661, -1.0734 1.5056 0.3661
            ]
        }
        coordIndex [
            0,1,2,-1,2,1,3,-1,2,3,4,-1,4,5,2,-1,2,5,6,-1,2,6,7,-1,7,8,2,-1,2,8,9,-1,2,9,10,-1,10,11,2,-1,2,11,12,-1,2,12,13,-1,13,14,2,-1,2,14,15,-1,2,15,16,-1,16,15,17,-1,
        ]
    }
}
Shape{
    appearance Appearance {
        material  Material 	{
            diffuseColor 1.0 1.0 1.0
            specularColor 0.5019607843137255 0.5019607843137255 0.5019607843137255
            ambientIntensity 1.0
            transparency 0.0
            shininess 0.5
        }
    }
    geometry IndexedFaceSet {
        ccw TRUE
        solid FALSE
        coord DEF co Coordinate {
            point [
                -1.166 1.4689 0.3701, -1.166 1.4689 0.3661, -1.1665 1.4671 0.3661, -1.1665 1.4671 0.3701, -1.1668 1.4658 0.3661, -1.1668 1.4658 0.3701, -1.167 1.4658 0.3701, -1.167 1.4658 0.3661, -1.1679 1.469 0.3701, -1.1679 1.469 0.3661, -1.1782 1.4986 0.3701, -1.1748 1.489 0.3661, -1.1782 1.4986 0.3661, -1.1859 1.4986 0.3701, -1.1859 1.4986 0.3661, -1.1704 1.4593 0.3701, -1.1748 1.4705 0.3661, -1.1704 1.4593 0.3661, -1.1735 1.4521 0.3661, -1.1735 1.4521 0.3701, -1.1707 1.4588 0.3661, -1.1748 1.4497 0.3661, -1.1748 1.4496 0.3661, -1.1761 1.4482 0.3701, -1.1748 1.4497 0.3701, -1.1761 1.4482 0.3661, -1.1774 1.4473 0.3661, -1.1774 1.4473 0.3701, -1.1789 1.4468 0.3661, -1.1789 1.4468 0.3701, -1.1805 1.4466 0.3661, -1.1805 1.4466 0.3701, -1.1831 1.4469 0.3661, -1.1831 1.4469 0.3701, -1.1845 1.4474 0.3661, -1.1845 1.4474 0.3701, -1.1845 1.4412 0.3701, -1.1845 1.4412 0.3661, -1.1815 1.4407 0.3661, -1.1815 1.4407 0.3701, -1.18 1.4407 0.3661, -1.18 1.4407 0.3701, -1.1772 1.441 0.3661, -1.1772 1.441 0.3701, -1.1748 1.4419 0.3661, -1.1745 1.442 0.3701, -1.1745 1.442 0.3661, -1.1721 1.4437 0.3661, -1.1721 1.4437 0.3701, -1.1716 1.4441 0.3661, -1.1716 1.4441 0.3701, -1.1691 1.4472 0.3661, -1.1691 1.4472 0.3701, -1.166 1.4533 0.3661, -1.166 1.4533 0.3701, -1.1481 1.4986 0.3661, -1.1481 1.4986 0.3701, -1.1638 1.4588 0.3661, -1.1552 1.4986 0.3701, -1.1552 1.4986 0.3661, -1.2054 1.4583 0.3701, -1.2054 1.4583 0.3661, -1.1992 1.459 0.3701, -1.2015 1.4588 0.3661, -1.1992 1.459 0.3661, -1.1955 1.4604 0.3661, -1.1955 1.4604 0.3701, -1.1939 1.4614 0.3661, -1.1939 1.4614 0.3701, -1.192 1.4631 0.3661, -1.192 1.4631 0.3701, -1.1907 1.465 0.3661, -1.1907 1.465 0.3701, -1.1898 1.4672 0.3661, -1.1898 1.4672 0.3701, -1.1895 1.4699 0.3661, -1.1895 1.4699 0.3701, -1.1898 1.4725 0.3661, -1.1898 1.4725 0.3701, -1.1905 1.4745 0.3661, -1.1905 1.4745 0.3701, -1.1918 1.4764 0.3661, -1.1918 1.4764 0.3701, -1.1934 1.4779 0.3661, -1.1934 1.4779 0.3701, -1.198 1.4805 0.3661, -1.198 1.4805 0.3701, -1.2007 1.4815 0.3661, -1.2007 1.4815 0.3701, -1.205 1.4834 0.3661, -1.205 1.4834 0.3701, -1.2074 1.4849 0.3661, -1.2074 1.4849 0.3701, -1.2081 1.4857 0.3661, -1.2081 1.4857 0.3701, -1.2086 1.4866 0.3661, -1.2086 1.4866 0.3701, -1.2089 1.4877 0.3661, -1.2089 1.4877 0.3701, -1.2089 1.4886 0.3661, -1.2089 1.4886 0.3701, -1.2088 1.4897 0.3661, -1.2088 1.4897 0.3701, -1.2085 1.4906 0.3661, -1.2085 1.4906 0.3701, -1.2079 1.4915 0.3661, -1.2079 1.4915 0.3701, -1.2068 1.4924 0.3661, -1.2068 1.4924 0.3701, -1.2053 1.4933 0.3661, -1.2053 1.4933 0.3701, -1.2034 1.4937 0.3661, -1.2034 1.4937 0.3701, -1.2014 1.4939 0.3661, -1.2014 1.4939 0.3701, -1.1968 1.4934 0.3661, -1.1968 1.4934 0.3701, -1.193 1.492 0.3661, -1.193 1.492 0.3701, -1.1914 1.4911 0.3661, -1.1914 1.4911 0.3701, -1.1914 1.4978 0.3701, -1.1914 1.4978 0.3661, -1.1968 1.4992 0.3661, -1.1968 1.4992 0.3701, -1.2007 1.4995 0.3661, -1.2007 1.4995 0.3701, -1.2058 1.4989 0.3661, -1.2058 1.4989 0.3701, -1.2096 1.4976 0.3661, -1.2096 1.4976 0.3701, -1.2116 1.4964 0.3661, -1.2116 1.4964 0.3701, -1.2129 1.4952 0.3661, -1.2137 1.4945 0.3701, -1.2137 1.4945 0.3661, -1.215 1.4927 0.3661, -1.215 1.4927 0.3701, -1.2158 1.4904 0.3661, -1.2158 1.4904 0.3701, -1.216 1.488 0.3661, -1.216 1.488 0.3701, -1.2158 1.4853 0.3661, -1.2158 1.4853 0.3701, -1.215 1.4832 0.3661, -1.215 1.4832 0.3701, -1.2141 1.4817 0.3661, -1.2141 1.4817 0.3701, -1.2056 1.4765 0.3661, -1.2056 1.4765 0.3701, -1.2097 1.4784 0.3701, -1.213 1.4806 0.3661, -1.213 1.4806 0.3701, -1.2129 1.4805 0.3661, -1.2097 1.4784 0.3661, -1.2011 1.4746 0.3661, -1.2011 1.4746 0.3701, -1.1984 1.473 0.3661, -1.1984 1.473 0.3701, -1.1975 1.4721 0.3661, -1.1975 1.4721 0.3701, -1.197 1.4712 0.3661, -1.197 1.4712 0.3701, -1.1966 1.4701 0.3661, -1.1966 1.4701 0.3701, -1.1966 1.4693 0.3661, -1.1966 1.4693 0.3701, -1.1967 1.4679 0.3661, -1.1967 1.4679 0.3701, -1.1971 1.467 0.3661, -1.1971 1.467 0.3701, -1.1977 1.4661 0.3661, -1.1977 1.4661 0.3701, -1.1985 1.4654 0.3661, -1.1985 1.4654 0.3701, -1.1991 1.465 0.3661, -1.1991 1.465 0.3701, -1.2009 1.4643 0.3661, -1.2009 1.4643 0.3701, -1.2044 1.4639 0.3661, -1.2044 1.4639 0.3701, -1.2047 1.4639 0.3661, -1.2047 1.4639 0.3701, -1.2161 1.4677 0.3661, -1.2161 1.4677 0.3701, -1.2134 1.4661 0.3701, -1.2091 1.4644 0.3661, -1.2091 1.4644 0.3701, -1.2129 1.4659 0.3661, -1.2134 1.4661 0.3661, -1.2161 1.4606 0.3701, -1.2161 1.4606 0.3661, -1.2129 1.4595 0.3661, -1.2111 1.4589 0.3701, -1.21 1.4588 0.3661, -1.2111 1.4589 0.3661, -1.2324 1.4592 0.3701, -1.2255 1.4592 0.3701, -1.2324 1.4653 0.3701, -1.2255 1.4846 0.3701, -1.2324 1.4843 0.3701, -1.2472 1.4761 0.3701, -1.2455 1.4769 0.3701, -1.2416 1.4777 0.3701, -1.2324 1.479 0.3701, -1.2324 1.4752 0.3701, -1.2325 1.4653 0.3701, -1.2362 1.4663 0.3701, -1.2336 1.4637 0.3701, -1.2381 1.465 0.3701, -1.2324 1.4747 0.3701, -1.2328 1.4717 0.3701, -1.2338 1.4692 0.3701, -1.2353 1.4672 0.3701, -1.2326 1.4873 0.3701, -1.226 1.4899 0.3701, -1.2333 1.4898 0.3701, -1.2271 1.493 0.3701, -1.2341 1.4912 0.3701, -1.2285 1.4952 0.3701, -1.2352 1.4923 0.3701, -1.2304 1.497 0.3701, -1.2364 1.4931 0.3701, -1.2327 1.4983 0.3701, -1.238 1.4937 0.3701, -1.2356 1.4991 0.3701, -1.2403 1.4939 0.3701, -1.2397 1.4995 0.3701, -1.2445 1.4935 0.3701, -1.2463 1.4988 0.3701, -1.2488 1.492 0.3701, -1.2515 1.4969 0.3701, -1.2533 1.4891 0.3701, -1.2533 1.4958 0.3701, -1.2487 1.4663 0.3701, -1.2537 1.4614 0.3701, -1.2481 1.4657 0.3701, -1.2514 1.4598 0.3701, -1.2467 1.4648 0.3701, -1.2487 1.4588 0.3701, -1.2452 1.4642 0.3701, -1.2446 1.4583 0.3701, -1.2428 1.464 0.3701, -1.2411 1.4587 0.3701, -1.2402 1.4642 0.3701, -1.2382 1.4597 0.3701, -1.2358 1.4613 0.3701, -1.25 1.4714 0.3701, -1.2571 1.4706 0.3701, -1.2501 1.4703 0.3701, -1.2571 1.4698 0.3701, -1.2499 1.4687 0.3701, -1.2568 1.4666 0.3701, -1.2495 1.4675 0.3701, -1.2559 1.4643 0.3701, -1.2545 1.4622 0.3701, -1.244 1.4826 0.3701, -1.2492 1.4813 0.3701, -1.2483 1.4753 0.3701, -1.2522 1.4798 0.3701, -1.2491 1.4743 0.3701, -1.2543 1.478 0.3701, -1.2497 1.473 0.3701, -1.2557 1.476 0.3701, -1.2566 1.4736 0.3701, -1.2403 1.4939 0.3661, -1.238 1.4937 0.3661, -1.2364 1.4931 0.3661, -1.2352 1.4923 0.3661, -1.2341 1.4912 0.3661, -1.2333 1.4898 0.3661, -1.2326 1.4873 0.3661, -1.2324 1.4843 0.3661, -1.244 1.4826 0.3661, -1.2492 1.4813 0.3661, -1.2522 1.4798 0.3661, -1.2543 1.478 0.3661, -1.2557 1.476 0.3661, -1.2566 1.4736 0.3661, -1.2571 1.4706 0.3661, -1.2571 1.4698 0.3661, -1.2568 1.4666 0.3661, -1.2559 1.4643 0.3661, -1.2545 1.4622 0.3661, -1.2537 1.4614 0.3661, -1.2446 1.4583 0.3661, -1.2486 1.4588 0.3661, -1.2487 1.4588 0.3661, -1.2514 1.4598 0.3661, -1.2411 1.4587 0.3661, -1.2409 1.4588 0.3661, -1.2382 1.4597 0.3661, -1.2358 1.4613 0.3661, -1.2336 1.4637 0.3661, -1.2325 1.4653 0.3661, -1.2324 1.4653 0.3661, -1.2324 1.4592 0.3661, -1.2255 1.4592 0.3661, -1.2255 1.4846 0.3661, -1.226 1.4899 0.3661, -1.2271 1.493 0.3661, -1.2285 1.4952 0.3661, -1.2304 1.497 0.3661, -1.2327 1.4983 0.3661, -1.2356 1.4991 0.3661, -1.2397 1.4995 0.3661, -1.2463 1.4988 0.3661, -1.2515 1.4969 0.3661, -1.2533 1.4958 0.3661, -1.2533 1.4891 0.3661, -1.2488 1.492 0.3661, -1.2445 1.4935 0.3661, -1.2353 1.4672 0.3661, -1.2362 1.4663 0.3661, -1.2381 1.465 0.3661, -1.2402 1.4642 0.3661, -1.2428 1.464 0.3661, -1.2324 1.4752 0.3661, -1.2324 1.4747 0.3661, -1.2328 1.4717 0.3661, -1.2338 1.4692 0.3661, -1.2324 1.479 0.3661, -1.2416 1.4777 0.3661, -1.2483 1.4753 0.3661, -1.2472 1.4761 0.3661, -1.2455 1.4769 0.3661, -1.2501 1.4703 0.3661, -1.25 1.4714 0.3661, -1.2497 1.473 0.3661, -1.2491 1.4743 0.3661, -1.2481 1.4657 0.3661, -1.2487 1.4663 0.3661, -1.2495 1.4675 0.3661, -1.2499 1.4687 0.3661, -1.2452 1.4642 0.3661, -1.2467 1.4648 0.3661
            ]
        }
        coordIndex [
            0,1,2,-1,0,2,3,-1,3,2,4,-1,3,4,5,-1,6,5,7,-1,7,5,4,-1,8,6,9,-1,9,6,7,-1,8,9,10,-1,10,9,11,-1,10,11,12,-1,13,10,14,-1,14,10,12,-1,13,14,15,-1,15,14,16,-1,15,16,17,-1,18,19,20,-1,20,19,15,-1,20,15,17,-1,19,18,21,-1,22,23,21,-1,21,23,24,-1,21,24,19,-1,22,25,23,-1,23,25,26,-1,23,26,27,-1,27,26,28,-1,27,28,29,-1,29,28,30,-1,29,30,31,-1,31,30,32,-1,31,32,33,-1,33,32,34,-1,33,34,35,-1,36,35,37,-1,37,35,34,-1,36,37,38,-1,36,38,39,-1,39,38,40,-1,39,40,41,-1,41,40,42,-1,41,42,43,-1,43,42,44,-1,43,44,45,-1,44,46,45,-1,45,46,47,-1,45,47,48,-1,48,47,49,-1,48,49,50,-1,50,49,51,-1,50,51,52,-1,52,51,53,-1,52,53,54,-1,55,56,57,-1,57,56,54,-1,57,54,53,-1,58,56,59,-1,59,56,55,-1,0,58,1,-1,1,58,59,-1,3,5,54,-1,56,58,54,-1,54,58,0,-1,54,0,3,-1,10,13,8,-1,8,13,15,-1,8,15,6,-1,52,24,50,-1,50,24,23,-1,35,36,33,-1,33,36,39,-1,33,39,31,-1,31,39,41,-1,31,41,29,-1,29,41,43,-1,29,43,27,-1,27,43,45,-1,27,45,23,-1,23,45,48,-1,23,48,50,-1,5,6,54,-1,54,6,15,-1,54,15,52,-1,52,15,19,-1,52,19,24,-1,60,61,62,-1,62,61,63,-1,63,64,62,-1,62,64,65,-1,62,65,66,-1,66,65,67,-1,66,67,68,-1,68,67,69,-1,68,69,70,-1,70,69,71,-1,70,71,72,-1,72,71,73,-1,72,73,74,-1,74,73,75,-1,74,75,76,-1,76,75,77,-1,76,77,78,-1,78,77,79,-1,78,79,80,-1,80,79,81,-1,80,81,82,-1,82,81,83,-1,82,83,84,-1,84,83,85,-1,84,85,86,-1,86,85,87,-1,86,87,88,-1,88,87,89,-1,88,89,90,-1,90,89,91,-1,90,91,92,-1,92,91,93,-1,92,93,94,-1,94,93,95,-1,94,95,96,-1,96,95,97,-1,96,97,98,-1,98,97,99,-1,98,99,100,-1,100,99,101,-1,100,101,102,-1,102,101,103,-1,102,103,104,-1,104,103,105,-1,104,105,106,-1,106,105,107,-1,106,107,108,-1,108,107,109,-1,108,109,110,-1,110,109,111,-1,110,111,112,-1,112,111,113,-1,112,113,114,-1,114,113,115,-1,114,115,116,-1,116,115,117,-1,116,117,118,-1,118,117,119,-1,118,119,120,-1,121,120,122,-1,122,120,119,-1,121,122,123,-1,121,123,124,-1,124,123,125,-1,124,125,126,-1,126,125,127,-1,126,127,128,-1,128,127,129,-1,128,129,130,-1,130,129,131,-1,130,131,132,-1,131,133,132,-1,132,133,134,-1,133,135,134,-1,134,135,136,-1,134,136,137,-1,137,136,138,-1,137,138,139,-1,139,138,140,-1,139,140,141,-1,141,140,142,-1,141,142,143,-1,143,142,144,-1,143,144,145,-1,145,144,146,-1,145,146,147,-1,148,149,150,-1,147,146,151,-1,147,151,152,-1,152,151,153,-1,152,153,150,-1,150,153,154,-1,150,154,148,-1,149,148,155,-1,149,155,156,-1,156,155,157,-1,156,157,158,-1,158,157,159,-1,158,159,160,-1,160,159,161,-1,160,161,162,-1,162,161,163,-1,162,163,164,-1,164,163,165,-1,164,165,166,-1,166,165,167,-1,166,167,168,-1,168,167,169,-1,168,169,170,-1,170,169,171,-1,170,171,172,-1,172,171,173,-1,172,173,174,-1,174,173,175,-1,174,175,176,-1,176,175,177,-1,176,177,178,-1,178,177,179,-1,178,179,180,-1,180,179,181,-1,180,181,182,-1,183,184,185,-1,182,181,186,-1,182,186,187,-1,187,186,188,-1,187,188,185,-1,185,188,189,-1,185,189,183,-1,190,184,191,-1,191,184,183,-1,191,192,190,-1,190,192,193,-1,61,60,194,-1,194,60,193,-1,194,193,195,-1,195,193,192,-1,106,108,130,-1,130,108,128,-1,156,88,149,-1,149,88,90,-1,66,68,172,-1,172,68,70,-1,172,70,170,-1,170,70,72,-1,170,72,168,-1,168,72,74,-1,168,74,166,-1,166,74,76,-1,166,76,164,-1,164,76,78,-1,164,78,162,-1,162,78,80,-1,162,80,160,-1,160,80,82,-1,160,82,158,-1,158,82,84,-1,158,84,156,-1,156,84,86,-1,156,86,88,-1,60,182,193,-1,193,182,187,-1,193,187,190,-1,190,187,185,-1,190,185,184,-1,108,110,128,-1,128,110,112,-1,128,112,126,-1,126,112,114,-1,126,114,124,-1,124,114,116,-1,124,116,121,-1,121,116,118,-1,121,118,120,-1,172,174,66,-1,66,174,176,-1,66,176,62,-1,62,176,178,-1,62,178,60,-1,60,178,180,-1,60,180,182,-1,130,132,106,-1,106,132,134,-1,106,134,104,-1,104,134,137,-1,104,137,102,-1,102,137,139,-1,102,139,100,-1,100,139,141,-1,100,141,98,-1,98,141,143,-1,98,143,96,-1,96,143,145,-1,96,145,94,-1,94,145,147,-1,94,147,92,-1,92,147,152,-1,92,152,90,-1,90,152,150,-1,90,150,149,-1,196,197,198,-1,198,197,199,-1,200,201,202,-1,203,204,199,-1,199,204,205,-1,206,207,208,-1,208,207,209,-1,205,210,199,-1,199,210,211,-1,199,211,198,-1,198,211,212,-1,198,212,206,-1,206,212,213,-1,206,213,207,-1,202,203,200,-1,200,203,199,-1,200,199,214,-1,214,199,215,-1,214,215,216,-1,216,215,217,-1,216,217,218,-1,218,217,219,-1,218,219,220,-1,220,219,221,-1,220,221,222,-1,222,221,223,-1,222,223,224,-1,224,223,225,-1,224,225,226,-1,226,225,227,-1,226,227,228,-1,228,227,229,-1,228,229,230,-1,230,229,231,-1,230,231,232,-1,232,231,233,-1,234,235,236,-1,236,235,237,-1,236,237,238,-1,238,237,239,-1,238,239,240,-1,240,239,241,-1,240,241,242,-1,242,241,243,-1,242,243,244,-1,244,243,245,-1,244,245,209,-1,209,245,246,-1,209,246,208,-1,247,248,249,-1,249,248,250,-1,249,250,251,-1,251,250,252,-1,251,252,253,-1,253,252,254,-1,253,254,234,-1,234,254,255,-1,234,255,235,-1,200,256,201,-1,201,256,257,-1,201,257,258,-1,258,257,259,-1,258,259,260,-1,260,259,261,-1,260,261,262,-1,262,261,263,-1,262,263,247,-1,247,263,264,-1,247,264,248,-1,226,265,266,-1,226,266,224,-1,224,266,267,-1,224,267,222,-1,222,267,268,-1,222,268,220,-1,220,268,269,-1,220,269,218,-1,218,269,270,-1,218,270,216,-1,216,270,271,-1,216,271,214,-1,214,271,272,-1,214,272,200,-1,256,200,273,-1,273,200,272,-1,256,273,274,-1,256,274,257,-1,257,274,275,-1,257,275,259,-1,259,275,276,-1,259,276,261,-1,261,276,277,-1,261,277,263,-1,263,277,278,-1,263,278,264,-1,264,278,279,-1,264,279,248,-1,248,279,280,-1,248,280,250,-1,250,280,281,-1,250,281,252,-1,252,281,282,-1,252,282,254,-1,254,282,283,-1,254,283,255,-1,255,283,284,-1,255,284,235,-1,285,241,286,-1,286,241,239,-1,286,239,287,-1,287,239,237,-1,287,237,288,-1,288,237,235,-1,288,235,284,-1,241,285,289,-1,241,289,243,-1,243,289,290,-1,243,290,245,-1,290,291,245,-1,245,291,292,-1,245,292,246,-1,246,292,293,-1,246,293,208,-1,208,293,294,-1,208,294,206,-1,198,206,295,-1,295,206,294,-1,196,198,296,-1,296,198,295,-1,197,196,297,-1,297,196,296,-1,199,197,298,-1,298,197,297,-1,199,298,299,-1,199,299,215,-1,215,299,300,-1,215,300,217,-1,217,300,301,-1,217,301,219,-1,219,301,302,-1,219,302,221,-1,221,302,303,-1,221,303,223,-1,223,303,304,-1,223,304,225,-1,225,304,305,-1,225,305,227,-1,227,305,306,-1,227,306,229,-1,229,306,307,-1,229,307,231,-1,231,307,308,-1,231,308,233,-1,232,233,309,-1,309,233,308,-1,232,309,310,-1,232,310,230,-1,230,310,311,-1,230,311,228,-1,228,311,265,-1,228,265,226,-1,213,312,313,-1,213,313,207,-1,207,313,314,-1,207,314,209,-1,209,314,315,-1,209,315,244,-1,244,315,316,-1,244,316,242,-1,205,317,318,-1,205,318,210,-1,210,318,319,-1,210,319,211,-1,211,319,320,-1,211,320,212,-1,212,320,312,-1,212,312,213,-1,205,204,317,-1,317,204,321,-1,204,203,321,-1,321,203,322,-1,258,323,324,-1,258,324,201,-1,201,324,325,-1,201,325,202,-1,202,325,322,-1,202,322,203,-1,249,326,327,-1,249,327,247,-1,247,327,328,-1,247,328,262,-1,262,328,329,-1,262,329,260,-1,260,329,323,-1,260,323,258,-1,236,330,331,-1,236,331,234,-1,234,331,332,-1,234,332,253,-1,253,332,333,-1,253,333,251,-1,251,333,326,-1,251,326,249,-1,242,316,334,-1,242,334,240,-1,240,334,335,-1,240,335,238,-1,238,335,330,-1,238,330,236,-1,
        ]
    }
}
Shape{
    appearance Appearance {
        material  Material 	{
            diffuseColor 0.20784313725490197 0.20784313725490197 0.20784313725490197
            specularColor 0.01568627450980392 0.01568627450980392 0.01568627450980392
            ambientIntensity 0.298
            transparency 0.0
            shininess 0.5
        }
    }
    geometry IndexedFaceSet {
        ccw TRUE
        solid FALSE
        coord DEF co Coordinate {
            point [
                -1.2324 1.479 0.3661, -1.2416 1.4777 0.3661, -1.2324 1.4752 0.3661, -1.2455 1.4769 0.3661, -1.2472 1.4761 0.3661, -1.2483 1.4753 0.3661, -1.2324 1.4747 0.3661, -1.2328 1.4717 0.3661, -1.2491 1.4743 0.3661, -1.2338 1.4692 0.3661, -1.2487 1.4663 0.3661, -1.2481 1.4657 0.3661, -1.2362 1.4663 0.3661, -1.2495 1.4675 0.3661, -1.2381 1.465 0.3661, -1.2402 1.4642 0.3661, -1.2428 1.464 0.3661, -1.2497 1.473 0.3661, -1.25 1.4714 0.3661, -1.2353 1.4672 0.3661, -1.2501 1.4703 0.3661, -1.2499 1.4687 0.3661, -1.2467 1.4648 0.3661, -1.2452 1.4642 0.3661
            ]
        }
        coordIndex [
            0,1,2,-1,2,1,3,-1,3,4,2,-1,2,4,5,-1,2,5,6,-1,6,5,7,-1,7,5,8,-1,7,8,9,-1,10,11,12,-1,10,12,13,-1,14,12,15,-1,15,12,16,-1,8,17,9,-1,9,17,18,-1,9,18,19,-1,19,18,20,-1,19,20,12,-1,12,20,21,-1,12,21,13,-1,11,22,12,-1,12,22,23,-1,12,23,16,-1,
        ]
    }
}
Shape{
    appearance Appearance {
        material  Material 	{
            diffuseColor 1.0 1.0 1.0
            specularColor 0.5019607843137255 0.5019607843137255 0.5019607843137255
            ambientIntensity 1.0
            transparency 0.0
            shininess 0.5
        }
    }
    geometry IndexedFaceSet {
        ccw TRUE
        solid FALSE
        coord DEF co Coordinate {
            point [
                -1.5369 1.4514 0.3701, -1.5311 1.4442 0.3701, -1.5405 1.4861 0.3701, -1.5474 1.5542 0.3701, -1.5387 1.5588 0.3701, -1.5407 1.583 0.3701, -1.5162 1.5841 0.3701, -1.504 1.5555 0.3701, -1.498 1.5679 0.3701, -1.5491 1.4914 0.3701, -1.5459 1.4613 0.3701, -1.5409 1.4598 0.3701, -1.5252 1.5849 0.3701, -1.5008 1.4869 0.3701, -1.4971 1.4856 0.3701, -1.4644 1.4763 0.3701, -1.494 1.4835 0.3701, -1.4914 1.4807 0.3701, -1.4095 1.5053 0.3701, -1.4217 1.5261 0.3701, -1.4742 1.4986 0.3701, -1.504 1.4873 0.3701, -1.5079 1.4868 0.3701, -1.513 1.5108 0.3701, -1.5113 1.4854 0.3701, -1.5217 1.5075 0.3701, -1.5144 1.4832 0.3701, -1.5297 1.5019 0.3701, -1.5159 1.4816 0.3701, -1.5362 1.4945 0.3701, -1.5179 1.4784 0.3701, -1.5191 1.4747 0.3701, -1.5193 1.4708 0.3701, -1.4894 1.5093 0.3701, -1.4989 1.5117 0.3701, -1.5036 1.512 0.3701, -1.4897 1.4774 0.3701, -1.4888 1.4738 0.3701, -1.4644 1.4724 0.3701, -1.4888 1.4702 0.3701, -1.4646 1.4682 0.3701, -1.5081 1.5935 0.3701, -1.4892 1.5784 0.3701, -1.4989 1.6014 0.3701, -1.4788 1.5861 0.3701, -1.4894 1.6073 0.3701, -1.529 1.5611 0.3701, -1.5248 1.5614 0.3701, -1.5207 1.5847 0.3701, -1.5155 1.5602 0.3701, -1.5067 1.557 0.3701, -1.4811 1.5049 0.3701, -1.3637 1.4677 0.3701, -1.3798 1.486 0.3701, -1.3757 1.4618 0.3701, -1.387 1.4835 0.3701, -1.3887 1.459 0.3701, -1.3911 1.4829 0.3701, -1.4119 1.459 0.3701, -1.4087 1.4829 0.3701, -1.4141 1.4594 0.3701, -1.5186 1.4672 0.3701, -1.517 1.4639 0.3701, -1.3966 1.5441 0.3701, -1.3934 1.5441 0.3701, -1.3774 1.5653 0.3701, -1.3869 1.5434 0.3701, -1.3755 1.5647 0.3701, -1.38 1.541 0.3701, -1.3638 1.5589 0.3701, -1.3738 1.5369 0.3701, -1.3532 1.5499 0.3701, -1.3686 1.5313 0.3701, -1.3452 1.5387 0.3701, -1.3649 1.5246 0.3701, -1.3404 1.5268 0.3701, -1.3631 1.517 0.3701, -1.3385 1.5139 0.3701, -1.3629 1.5135 0.3701, -1.3403 1.5 0.3701, -1.3636 1.5069 0.3701, -1.3453 1.4875 0.3701, -1.366 1.4998 0.3701, -1.3531 1.4767 0.3701, -1.3702 1.4935 0.3701, -1.3735 1.4902 0.3701, -1.3985 1.5963 0.3701, -1.414 1.5783 0.3701, -1.3856 1.5812 0.3701, -1.4051 1.5678 0.3701, -1.399 1.5551 0.3701, -1.5628 1.5317 0.3701, -1.5886 1.5251 0.3701, -1.564 1.5222 0.3701, -1.5887 1.5214 0.3701, -1.5635 1.516 0.3701, -1.5868 1.506 0.3701, -1.5607 1.5064 0.3701, -1.5812 1.4914 0.3701, -1.5561 1.4986 0.3701, -1.5723 1.4786 0.3701, -1.56 1.4682 0.3701, -1.467 1.4585 0.3701, -1.4898 1.4664 0.3701, -1.4716 1.4498 0.3701, -1.4916 1.4631 0.3701, -1.4776 1.4431 0.3701, -1.4937 1.4607 0.3701, -1.4854 1.4377 0.3701, -1.4967 1.4585 0.3701, -1.4941 1.4343 0.3701, -1.5001 1.4572 0.3701, -1.5036 1.4331 0.3701, -1.504 1.4567 0.3701, -1.5051 1.4332 0.3701, -1.5047 1.4567 0.3701, -1.5144 1.4346 0.3701, -1.5082 1.4573 0.3701, -1.5234 1.4384 0.3701, -1.5118 1.4588 0.3701, -1.5148 1.4611 0.3701, -1.4713 1.6143 0.3701, -1.4659 1.5913 0.3701, -1.4519 1.6167 0.3701, -1.4515 1.5931 0.3701, -1.4357 1.615 0.3701, -1.4382 1.5915 0.3701, -1.416 1.608 0.3701, -1.4259 1.5868 0.3701, -1.4148 1.5791 0.3701, -1.5552 1.5773 0.3701, -1.5677 1.5686 0.3701, -1.554 1.5482 0.3701, -1.5703 1.5661 0.3701, -1.5595 1.5404 0.3701, -1.5797 1.554 0.3701, -1.586 1.5398 0.3701, -1.4107 1.4833 0.3701, -1.4201 1.4631 0.3701, -1.4192 1.4622 0.3701, -1.4095 1.483 0.3701, -1.4167 1.4604 0.3701, -1.4232 1.4712 0.3701, -1.4229 1.4683 0.3701, -1.4218 1.4656 0.3701, -1.4141 1.4829 0.3701, -1.4168 1.4819 0.3701, -1.4232 1.4727 0.3701, -1.4192 1.4802 0.3701, -1.4209 1.4784 0.3701, -1.4224 1.4757 0.3701, -1.4111 1.4833 0.3701, -1.3385 1.5139 0.3661, -1.3404 1.5268 0.3661, -1.3417 1.5301 0.3661, -1.3452 1.5387 0.3661, -1.3532 1.5499 0.3661, -1.3638 1.5589 0.3661, -1.3755 1.5647 0.3661, -1.3774 1.5653 0.3661, -1.3856 1.5812 0.3661, -1.3985 1.5963 0.3661, -1.4076 1.6023 0.3661, -1.416 1.608 0.3661, -1.4357 1.615 0.3661, -1.4519 1.6167 0.3661, -1.4989 1.6014 0.3661, -1.4974 1.6023 0.3661, -1.4894 1.6073 0.3661, -1.4713 1.6143 0.3661, -1.5081 1.5935 0.3661, -1.5162 1.5841 0.3661, -1.5207 1.5847 0.3661, -1.5252 1.5849 0.3661, -1.5407 1.583 0.3661, -1.5552 1.5773 0.3661, -1.5677 1.5686 0.3661, -1.5703 1.5661 0.3661, -1.586 1.5398 0.3661, -1.5797 1.554 0.3661, -1.5877 1.5301 0.3661, -1.5886 1.5251 0.3661, -1.5887 1.5214 0.3661, -1.5869 1.5069 0.3661, -1.5868 1.506 0.3661, -1.5812 1.4914 0.3661, -1.5723 1.4786 0.3661, -1.56 1.4682 0.3661, -1.5459 1.4613 0.3661, -1.5409 1.4598 0.3661, -1.5404 1.4588 0.3661, -1.5369 1.4514 0.3661, -1.5311 1.4442 0.3661, -1.5234 1.4384 0.3661, -1.5144 1.4346 0.3661, -1.5051 1.4332 0.3661, -1.5036 1.4331 0.3661, -1.4644 1.4724 0.3661, -1.4941 1.4343 0.3661, -1.4854 1.4377 0.3661, -1.4776 1.4431 0.3661, -1.4716 1.4498 0.3661, -1.467 1.4585 0.3661, -1.4669 1.4588 0.3661, -1.4646 1.4682 0.3661, -1.4644 1.4763 0.3661, -1.4095 1.5053 0.3661, -1.4217 1.5261 0.3661, -1.4105 1.5069 0.3661, -1.4742 1.4986 0.3661, -1.4583 1.5069 0.3661, -1.4811 1.5049 0.3661, -1.4849 1.5069 0.3661, -1.4894 1.5093 0.3661, -1.4989 1.5117 0.3661, -1.5036 1.512 0.3661, -1.513 1.5108 0.3661, -1.5217 1.5075 0.3661, -1.5225 1.5069 0.3661, -1.5297 1.5019 0.3661, -1.5362 1.4945 0.3661, -1.5405 1.4861 0.3661, -1.564 1.5222 0.3661, -1.5491 1.4914 0.3661, -1.5561 1.4986 0.3661, -1.5607 1.5064 0.3661, -1.5609 1.5069 0.3661, -1.5635 1.516 0.3661, -1.563 1.5301 0.3661, -1.5628 1.5317 0.3661, -1.5595 1.5404 0.3661, -1.554 1.5482 0.3661, -1.5474 1.5542 0.3661, -1.5387 1.5588 0.3661, -1.529 1.5611 0.3661, -1.5248 1.5614 0.3661, -1.5155 1.5602 0.3661, -1.5067 1.557 0.3661, -1.504 1.5555 0.3661, -1.498 1.5679 0.3661, -1.4892 1.5784 0.3661, -1.4788 1.5861 0.3661, -1.4659 1.5913 0.3661, -1.4515 1.5931 0.3661, -1.4382 1.5915 0.3661, -1.4259 1.5868 0.3661, -1.4148 1.5791 0.3661, -1.414 1.5783 0.3661, -1.4051 1.5678 0.3661, -1.399 1.5551 0.3661, -1.3966 1.5441 0.3661, -1.3934 1.5441 0.3661, -1.3869 1.5434 0.3661, -1.38 1.541 0.3661, -1.3738 1.5369 0.3661, -1.3686 1.5313 0.3661, -1.3679 1.5301 0.3661, -1.3649 1.5246 0.3661, -1.3631 1.517 0.3661, -1.3629 1.5135 0.3661, -1.3636 1.5069 0.3661, -1.3636 1.5069 0.3661, -1.366 1.4998 0.3661, -1.3702 1.4935 0.3661, -1.3735 1.4902 0.3661, -1.3798 1.486 0.3661, -1.387 1.4835 0.3661, -1.3911 1.4829 0.3661, -1.4087 1.4829 0.3661, -1.4095 1.483 0.3661, -1.4107 1.4833 0.3661, -1.4111 1.4833 0.3661, -1.4141 1.4829 0.3661, -1.4168 1.4819 0.3661, -1.4192 1.4802 0.3661, -1.4209 1.4784 0.3661, -1.4224 1.4757 0.3661, -1.4232 1.4727 0.3661, -1.4232 1.4712 0.3661, -1.4229 1.4683 0.3661, -1.4218 1.4656 0.3661, -1.4201 1.4631 0.3661, -1.4192 1.4622 0.3661, -1.4167 1.4604 0.3661, -1.4141 1.4594 0.3661, -1.4119 1.459 0.3661, -1.3887 1.459 0.3661, -1.3757 1.4618 0.3661, -1.3637 1.4677 0.3661, -1.3531 1.4767 0.3661, -1.3394 1.5069 0.3661, -1.3403 1.5 0.3661, -1.3453 1.4875 0.3661, -1.504 1.4873 0.3661, -1.5008 1.4869 0.3661, -1.4971 1.4856 0.3661, -1.494 1.4835 0.3661, -1.4914 1.4807 0.3661, -1.4897 1.4774 0.3661, -1.4888 1.4738 0.3661, -1.4888 1.4702 0.3661, -1.4898 1.4664 0.3661, -1.4916 1.4631 0.3661, -1.4937 1.4607 0.3661, -1.4967 1.4585 0.3661, -1.5001 1.4572 0.3661, -1.504 1.4567 0.3661, -1.5047 1.4567 0.3661, -1.5082 1.4573 0.3661, -1.5118 1.4588 0.3661, -1.5148 1.4611 0.3661, -1.517 1.4639 0.3661, -1.5186 1.4672 0.3661, -1.5193 1.4708 0.3661, -1.5191 1.4747 0.3661, -1.5179 1.4784 0.3661, -1.5159 1.4816 0.3661, -1.5144 1.4832 0.3661, -1.5113 1.4854 0.3661, -1.5079 1.4868 0.3661
            ]
        }
        coordIndex [
            0,1,2,-1,3,4,5,-1,6,7,8,-1,9,10,2,-1,2,10,11,-1,2,11,0,-1,5,4,12,-1,13,14,15,-1,15,14,16,-1,15,16,17,-1,18,19,15,-1,15,19,20,-1,15,20,13,-1,13,20,21,-1,22,23,24,-1,24,23,25,-1,24,25,26,-1,26,25,27,-1,26,27,28,-1,28,27,29,-1,28,29,30,-1,30,29,2,-1,30,2,31,-1,31,2,32,-1,33,34,22,-1,22,34,35,-1,22,35,23,-1,17,36,15,-1,15,36,37,-1,15,37,38,-1,38,37,39,-1,38,39,40,-1,6,8,41,-1,41,8,42,-1,41,42,43,-1,43,42,44,-1,43,44,45,-1,4,46,12,-1,12,46,47,-1,12,47,48,-1,48,47,49,-1,48,49,6,-1,6,49,50,-1,6,50,7,-1,21,20,22,-1,22,20,51,-1,22,51,33,-1,52,53,54,-1,54,53,55,-1,54,55,56,-1,56,55,57,-1,56,57,58,-1,58,57,59,-1,58,59,60,-1,32,2,61,-1,61,2,1,-1,61,1,62,-1,63,64,65,-1,65,64,66,-1,65,66,67,-1,67,66,68,-1,67,68,69,-1,69,68,70,-1,69,70,71,-1,71,70,72,-1,71,72,73,-1,73,72,74,-1,73,74,75,-1,75,74,76,-1,75,76,77,-1,77,76,78,-1,77,78,79,-1,79,78,80,-1,79,80,81,-1,81,80,82,-1,81,82,83,-1,83,82,84,-1,83,84,52,-1,52,84,85,-1,52,85,53,-1,86,87,88,-1,88,87,89,-1,88,89,65,-1,65,89,90,-1,65,90,63,-1,91,92,93,-1,93,92,94,-1,93,94,95,-1,95,94,96,-1,95,96,97,-1,97,96,98,-1,97,98,99,-1,99,98,100,-1,99,100,9,-1,9,100,101,-1,9,101,10,-1,40,39,102,-1,102,39,103,-1,102,103,104,-1,104,103,105,-1,104,105,106,-1,106,105,107,-1,106,107,108,-1,108,107,109,-1,108,109,110,-1,110,109,111,-1,110,111,112,-1,112,111,113,-1,112,113,114,-1,114,113,115,-1,114,115,116,-1,116,115,117,-1,116,117,118,-1,118,117,119,-1,118,119,1,-1,1,119,120,-1,1,120,62,-1,45,44,121,-1,121,44,122,-1,121,122,123,-1,123,122,124,-1,123,124,125,-1,125,124,126,-1,125,126,127,-1,127,126,128,-1,127,128,86,-1,86,128,129,-1,86,129,87,-1,5,130,3,-1,3,130,131,-1,3,131,132,-1,132,131,133,-1,132,133,134,-1,134,133,135,-1,134,135,91,-1,91,135,136,-1,91,136,92,-1,137,138,139,-1,59,140,60,-1,60,140,137,-1,60,137,141,-1,141,137,139,-1,142,143,137,-1,137,143,144,-1,137,144,138,-1,145,146,147,-1,146,148,147,-1,147,148,149,-1,147,149,150,-1,142,137,147,-1,147,137,151,-1,147,151,145,-1,77,152,153,-1,77,153,75,-1,75,153,154,-1,75,154,73,-1,154,155,73,-1,73,155,156,-1,73,156,71,-1,71,156,157,-1,71,157,69,-1,69,157,158,-1,69,158,67,-1,67,158,159,-1,67,159,65,-1,65,159,160,-1,65,160,88,-1,88,160,161,-1,88,161,86,-1,86,161,127,-1,127,161,162,-1,162,163,127,-1,127,163,164,-1,127,164,125,-1,125,164,165,-1,125,165,123,-1,166,43,167,-1,167,43,45,-1,167,45,168,-1,168,45,121,-1,168,121,169,-1,169,121,123,-1,169,123,165,-1,43,166,170,-1,43,170,41,-1,41,170,171,-1,41,171,6,-1,6,171,172,-1,6,172,48,-1,48,172,173,-1,48,173,12,-1,12,173,174,-1,12,174,5,-1,5,174,175,-1,5,175,130,-1,130,175,176,-1,130,176,131,-1,131,176,177,-1,131,177,133,-1,178,135,179,-1,179,135,133,-1,179,133,177,-1,180,92,178,-1,178,92,136,-1,178,136,135,-1,180,181,92,-1,92,181,182,-1,92,182,94,-1,182,183,94,-1,94,183,96,-1,183,184,96,-1,96,184,185,-1,96,185,98,-1,98,185,186,-1,98,186,100,-1,100,186,187,-1,100,187,101,-1,101,187,188,-1,101,188,10,-1,10,188,189,-1,10,189,11,-1,11,189,190,-1,11,190,0,-1,190,191,0,-1,0,191,192,-1,0,192,1,-1,1,192,193,-1,1,193,118,-1,118,193,194,-1,118,194,116,-1,116,194,195,-1,116,195,114,-1,114,195,196,-1,114,196,112,-1,197,38,40,-1,112,196,198,-1,112,198,110,-1,110,198,199,-1,110,199,108,-1,108,199,200,-1,108,200,106,-1,106,200,201,-1,106,201,104,-1,104,201,202,-1,104,202,102,-1,102,202,203,-1,102,203,40,-1,40,203,204,-1,40,204,197,-1,15,38,205,-1,205,38,197,-1,18,15,206,-1,206,15,205,-1,207,19,208,-1,208,19,18,-1,208,18,206,-1,209,20,210,-1,210,20,19,-1,210,19,207,-1,20,209,211,-1,20,211,51,-1,51,211,212,-1,51,212,33,-1,212,213,33,-1,33,213,214,-1,33,214,34,-1,34,214,215,-1,34,215,35,-1,35,215,216,-1,35,216,23,-1,23,216,217,-1,23,217,25,-1,25,217,218,-1,25,218,27,-1,218,219,27,-1,27,219,220,-1,27,220,29,-1,29,220,221,-1,29,221,2,-1,222,93,95,-1,2,221,223,-1,2,223,9,-1,9,223,224,-1,9,224,99,-1,99,224,225,-1,99,225,97,-1,97,225,226,-1,97,226,95,-1,95,226,227,-1,95,227,222,-1,222,228,93,-1,93,228,91,-1,228,229,91,-1,91,229,230,-1,91,230,134,-1,134,230,231,-1,134,231,132,-1,132,231,232,-1,132,232,3,-1,3,232,233,-1,3,233,4,-1,4,233,234,-1,4,234,46,-1,46,234,235,-1,46,235,47,-1,47,235,236,-1,47,236,49,-1,49,236,237,-1,49,237,50,-1,50,237,238,-1,50,238,7,-1,7,238,239,-1,7,239,8,-1,8,239,240,-1,8,240,42,-1,42,240,241,-1,42,241,44,-1,44,241,242,-1,44,242,122,-1,122,242,243,-1,122,243,124,-1,124,243,244,-1,124,244,126,-1,126,244,245,-1,126,245,128,-1,128,245,246,-1,128,246,129,-1,129,246,247,-1,129,247,87,-1,87,247,248,-1,87,248,89,-1,89,248,249,-1,89,249,90,-1,90,249,250,-1,90,250,63,-1,64,63,251,-1,251,63,250,-1,64,251,252,-1,64,252,66,-1,66,252,253,-1,66,253,68,-1,68,253,254,-1,68,254,70,-1,70,254,255,-1,70,255,72,-1,72,255,256,-1,72,256,74,-1,256,257,74,-1,74,257,258,-1,74,258,76,-1,76,258,259,-1,76,259,78,-1,259,260,78,-1,78,260,80,-1,260,261,80,-1,80,261,262,-1,80,262,82,-1,82,262,263,-1,82,263,84,-1,84,263,264,-1,84,264,85,-1,85,264,265,-1,85,265,53,-1,53,265,266,-1,53,266,55,-1,55,266,267,-1,55,267,57,-1,59,57,268,-1,268,57,267,-1,59,268,269,-1,59,269,140,-1,140,269,270,-1,140,270,137,-1,137,270,271,-1,137,271,151,-1,151,271,272,-1,151,272,145,-1,145,272,273,-1,145,273,146,-1,146,273,274,-1,146,274,148,-1,148,274,275,-1,148,275,149,-1,149,275,276,-1,149,276,150,-1,150,276,277,-1,150,277,147,-1,147,277,278,-1,147,278,142,-1,142,278,279,-1,142,279,143,-1,143,279,280,-1,143,280,144,-1,144,280,281,-1,144,281,138,-1,138,281,282,-1,138,282,139,-1,139,282,283,-1,139,283,141,-1,141,283,284,-1,141,284,60,-1,60,284,285,-1,60,285,58,-1,56,58,286,-1,286,58,285,-1,56,286,287,-1,56,287,54,-1,54,287,288,-1,54,288,52,-1,52,288,289,-1,52,289,83,-1,152,77,290,-1,290,77,79,-1,290,79,291,-1,291,79,81,-1,291,81,292,-1,292,81,83,-1,292,83,289,-1,21,293,294,-1,21,294,13,-1,13,294,295,-1,13,295,14,-1,14,295,296,-1,14,296,16,-1,16,296,297,-1,16,297,17,-1,17,297,298,-1,17,298,36,-1,36,298,299,-1,36,299,37,-1,37,299,300,-1,37,300,39,-1,39,300,301,-1,39,301,103,-1,103,301,302,-1,103,302,105,-1,105,302,303,-1,105,303,107,-1,107,303,304,-1,107,304,109,-1,109,304,305,-1,109,305,111,-1,111,305,306,-1,111,306,113,-1,113,306,307,-1,113,307,115,-1,115,307,308,-1,115,308,117,-1,117,308,309,-1,117,309,119,-1,119,309,310,-1,119,310,120,-1,120,310,311,-1,120,311,62,-1,62,311,312,-1,62,312,61,-1,61,312,313,-1,61,313,32,-1,32,313,314,-1,32,314,31,-1,31,314,315,-1,31,315,30,-1,30,315,316,-1,30,316,28,-1,28,316,317,-1,28,317,26,-1,26,317,318,-1,26,318,24,-1,24,318,319,-1,24,319,22,-1,22,319,293,-1,22,293,21,-1,
        ]
    }
}
Shape{
    appearance Appearance {
        material  Material 	{
            diffuseColor 0.20784313725490197 0.20784313725490197 0.20784313725490197
            specularColor 0.01568627450980392 0.01568627450980392 0.01568627450980392
            ambientIntensity 0.298
            transparency 0.0
            shininess 0.5
        }
    }
    geometry IndexedFaceSet {
        ccw TRUE
        solid FALSE
        coord DEF co Coordinate {
            point [
                -1.5047 1.4567 0.3661, -1.5144 1.4832 0.3661, -1.5159 1.4816 0.3661, -1.5001 1.4572 0.3661, -1.4967 1.4585 0.3661, -1.5008 1.4869 0.3661, -1.504 1.4873 0.3661, -1.5079 1.4868 0.3661, -1.5113 1.4854 0.3661, -1.5186 1.4672 0.3661, -1.517 1.4639 0.3661, -1.5148 1.4611 0.3661, -1.504 1.4567 0.3661, -1.5179 1.4784 0.3661, -1.5191 1.4747 0.3661, -1.5193 1.4708 0.3661, -1.5118 1.4588 0.3661, -1.5082 1.4573 0.3661, -1.4937 1.4607 0.3661, -1.4916 1.4631 0.3661, -1.4898 1.4664 0.3661, -1.4888 1.4702 0.3661, -1.4888 1.4738 0.3661, -1.4897 1.4774 0.3661, -1.4914 1.4807 0.3661, -1.494 1.4835 0.3661, -1.4971 1.4856 0.3661
            ]
        }
        coordIndex [
            0,1,2,-1,3,4,5,-1,6,7,0,-1,0,7,8,-1,0,8,1,-1,9,10,2,-1,2,10,11,-1,6,0,5,-1,5,0,12,-1,5,12,3,-1,13,14,2,-1,2,14,15,-1,2,15,9,-1,11,16,2,-1,2,16,17,-1,2,17,0,-1,4,18,5,-1,5,18,19,-1,5,19,20,-1,20,21,5,-1,5,21,22,-1,5,22,23,-1,23,24,5,-1,5,24,25,-1,5,25,26,-1,
        ]
    }
}
Shape{
    appearance Appearance {
        material  Material 	{
            diffuseColor 1.0 1.0 1.0
            specularColor 0.5019607843137255 0.5019607843137255 0.5019607843137255
            ambientIntensity 1.0
            transparency 0.0
            shininess 0.5
        }
    }
    geometry IndexedFaceSet {
        ccw TRUE
        solid FALSE
        coord DEF co Coordinate {
            point [
                -1.1366 1.5886 0.3701, -1.1307 1.5922 0.3701, -1.1383 1.5903 0.3701, -1.133 1.5946 0.3701, -1.1425 1.5931 0.3701, -1.1384 1.5983 0.3701, -1.1473 1.5948 0.3701, -1.1449 1.6008 0.3701, -1.1542 1.5955 0.3701, -1.1539 1.6019 0.3701, -1.1625 1.5955 0.3701, -1.1696 1.6019 0.3701, -1.1625 1.553 0.3701, -1.1696 1.5467 0.3701, -1.1545 1.553 0.3701, -1.1545 1.5467 0.3701, -1.1475 1.5537 0.3701, -1.1452 1.5478 0.3701, -1.1428 1.5554 0.3701, -1.1389 1.5502 0.3701, -1.1391 1.5578 0.3701, -1.1336 1.5539 0.3701, -1.1381 1.5588 0.3701, -1.133 1.5544 0.3701, -1.1352 1.5624 0.3701, -1.129 1.5592 0.3701, -1.1334 1.5665 0.3701, -1.1263 1.5648 0.3701, -1.1324 1.5717 0.3701, -1.1249 1.5713 0.3701, -1.1322 1.5748 0.3701, -1.1247 1.575 0.3701, -1.1329 1.5814 0.3701, -1.1255 1.5819 0.3701, -1.1345 1.5855 0.3701, -1.1274 1.5873 0.3701, -1.133 1.5544 0.3661, -1.129 1.5592 0.3661, -1.1263 1.5648 0.3661, -1.1249 1.5713 0.3661, -1.1247 1.575 0.3661, -1.1255 1.5819 0.3661, -1.1274 1.5873 0.3661, -1.1307 1.5922 0.3661, -1.133 1.5946 0.3661, -1.1384 1.5983 0.3661, -1.1449 1.6008 0.3661, -1.1539 1.6019 0.3661, -1.1696 1.6019 0.3661, -1.1696 1.5467 0.3661, -1.1545 1.5467 0.3661, -1.1452 1.5478 0.3661, -1.1389 1.5502 0.3661, -1.1336 1.5539 0.3661, -1.1383 1.5903 0.3661, -1.1366 1.5886 0.3661, -1.1345 1.5855 0.3661, -1.1329 1.5814 0.3661, -1.1322 1.5748 0.3661, -1.1542 1.5955 0.3661, -1.1473 1.5948 0.3661, -1.1425 1.5931 0.3661, -1.1625 1.5955 0.3661, -1.1625 1.553 0.3661, -1.1545 1.553 0.3661, -1.1381 1.5588 0.3661, -1.1391 1.5578 0.3661, -1.1428 1.5554 0.3661, -1.1475 1.5537 0.3661, -1.1324 1.5717 0.3661, -1.1334 1.5665 0.3661, -1.1352 1.5624 0.3661
            ]
        }
        coordIndex [
            0,1,2,-1,2,1,3,-1,2,3,4,-1,4,3,5,-1,4,5,6,-1,6,5,7,-1,6,7,8,-1,8,7,9,-1,8,9,10,-1,10,9,11,-1,10,11,12,-1,12,11,13,-1,12,13,14,-1,14,13,15,-1,14,15,16,-1,16,15,17,-1,16,17,18,-1,18,17,19,-1,18,19,20,-1,20,19,21,-1,20,21,22,-1,22,21,23,-1,22,23,24,-1,24,23,25,-1,24,25,26,-1,26,25,27,-1,26,27,28,-1,28,27,29,-1,28,29,30,-1,30,29,31,-1,30,31,32,-1,32,31,33,-1,32,33,34,-1,34,33,35,-1,34,35,0,-1,0,35,1,-1,23,36,37,-1,23,37,25,-1,25,37,38,-1,25,38,27,-1,27,38,39,-1,27,39,29,-1,29,39,40,-1,29,40,31,-1,31,40,41,-1,31,41,33,-1,33,41,42,-1,33,42,35,-1,35,42,43,-1,35,43,1,-1,1,43,44,-1,1,44,3,-1,3,44,45,-1,3,45,5,-1,5,45,46,-1,5,46,7,-1,7,46,47,-1,7,47,9,-1,11,9,48,-1,48,9,47,-1,13,11,49,-1,49,11,48,-1,15,13,50,-1,50,13,49,-1,15,50,51,-1,15,51,17,-1,17,51,52,-1,17,52,19,-1,19,52,53,-1,19,53,21,-1,21,53,36,-1,21,36,23,-1,2,54,55,-1,2,55,0,-1,0,55,56,-1,0,56,34,-1,34,56,57,-1,34,57,32,-1,32,57,58,-1,32,58,30,-1,8,59,60,-1,8,60,6,-1,6,60,61,-1,6,61,4,-1,4,61,54,-1,4,54,2,-1,8,10,59,-1,59,10,62,-1,10,12,62,-1,62,12,63,-1,12,14,63,-1,63,14,64,-1,22,65,66,-1,22,66,20,-1,20,66,67,-1,20,67,18,-1,18,67,68,-1,18,68,16,-1,16,68,64,-1,16,64,14,-1,30,58,69,-1,30,69,28,-1,28,69,70,-1,28,70,26,-1,26,70,71,-1,26,71,24,-1,24,71,65,-1,24,65,22,-1,
        ]
    }
}
Shape{
    appearance Appearance {
        material  Material 	{
            diffuseColor 0.20784313725490197 0.20784313725490197 0.20784313725490197
            specularColor 0.01568627450980392 0.01568627450980392 0.01568627450980392
            ambientIntensity 0.298
            transparency 0.0
            shininess 0.5
        }
    }
    geometry IndexedFaceSet {
        ccw TRUE
        solid FALSE
        coord DEF co Coordinate {
            point [
                -1.1625 1.5955 0.3661, -1.1625 1.553 0.3661, -1.1542 1.5955 0.3661, -1.1545 1.553 0.3661, -1.1475 1.5537 0.3661, -1.1428 1.5554 0.3661, -1.1391 1.5578 0.3661, -1.1381 1.5588 0.3661, -1.1352 1.5624 0.3661, -1.1334 1.5665 0.3661, -1.1324 1.5717 0.3661, -1.1322 1.5748 0.3661, -1.1329 1.5814 0.3661, -1.1345 1.5855 0.3661, -1.1366 1.5886 0.3661, -1.1383 1.5903 0.3661, -1.1473 1.5948 0.3661, -1.1425 1.5931 0.3661
            ]
        }
        coordIndex [
            0,1,2,-1,2,1,3,-1,2,3,4,-1,4,5,2,-1,2,5,6,-1,2,6,7,-1,7,8,2,-1,2,8,9,-1,2,9,10,-1,10,11,2,-1,2,11,12,-1,2,12,13,-1,13,14,2,-1,2,14,15,-1,2,15,16,-1,16,15,17,-1,
        ]
    }
}
Shape{
    appearance Appearance {
        material  Material 	{
            diffuseColor 1.0 1.0 1.0
            specularColor 0.5019607843137255 0.5019607843137255 0.5019607843137255
            ambientIntensity 1.0
            transparency 0.0
            shininess 0.5
        }
    }
    geometry IndexedFaceSet {
        ccw TRUE
        solid FALSE
        coord DEF co Coordinate {
            point [
                -1.235 1.5521 0.3701, -1.235 1.5521 0.3661, -1.2402 1.5527 0.3661, -1.2402 1.5527 0.3701, -1.2441 1.5542 0.3661, -1.2441 1.5542 0.3701, -1.2478 1.5566 0.3661, -1.2478 1.5566 0.3701, -1.2492 1.5579 0.3661, -1.2492 1.5579 0.3701, -1.252 1.5619 0.3661, -1.252 1.5619 0.3701, -1.2537 1.5664 0.3661, -1.2537 1.5664 0.3701, -1.2546 1.5732 0.3661, -1.2546 1.5732 0.3701, -1.2546 1.5737 0.3661, -1.2546 1.5737 0.3701, -1.2538 1.5806 0.3661, -1.2538 1.5806 0.3701, -1.2521 1.5855 0.3661, -1.2521 1.5855 0.3701, -1.2495 1.5894 0.3661, -1.2495 1.5894 0.3701, -1.2488 1.5902 0.3661, -1.2488 1.5902 0.3701, -1.2452 1.5932 0.3661, -1.2452 1.5932 0.3701, -1.2409 1.5953 0.3661, -1.2409 1.5953 0.3701, -1.2362 1.5963 0.3661, -1.2362 1.5963 0.3701, -1.2337 1.5964 0.3661, -1.2337 1.5964 0.3701, -1.2207 1.5931 0.3661, -1.2207 1.5931 0.3701, -1.2216 1.5936 0.3701, -1.2272 1.5956 0.3661, -1.2272 1.5956 0.3701, -1.2231 1.5941 0.3661, -1.2216 1.5936 0.3661, -1.2207 1.6005 0.3701, -1.2207 1.6005 0.3661, -1.2338 1.6028 0.3661, -1.2338 1.6028 0.3701, -1.2333 1.6028 0.3701, -1.2231 1.6012 0.3661, -1.2262 1.6022 0.3701, -1.2262 1.6022 0.3661, -1.2281 1.6023 0.3661, -1.2333 1.6028 0.3661, -1.2409 1.6021 0.3701, -1.2382 1.6023 0.3661, -1.2409 1.6021 0.3661, -1.2468 1.6 0.3661, -1.2468 1.6 0.3701, -1.2522 1.5964 0.3661, -1.2522 1.5964 0.3701, -1.2541 1.5947 0.3661, -1.2541 1.5947 0.3701, -1.2579 1.5897 0.3661, -1.2596 1.586 0.3661, -1.2606 1.5836 0.3701, -1.2579 1.5897 0.3701, -1.2606 1.5836 0.3661, -1.2619 1.5765 0.3661, -1.2619 1.5765 0.3701, -1.262 1.5732 0.3661, -1.262 1.5732 0.3701, -1.2613 1.5657 0.3661, -1.2613 1.5657 0.3701, -1.2596 1.5605 0.3661, -1.2593 1.5596 0.3701, -1.2593 1.5596 0.3661, -1.2562 1.5547 0.3661, -1.2562 1.5547 0.3701, -1.255 1.5533 0.3661, -1.255 1.5533 0.3701, -1.2504 1.5496 0.3661, -1.2504 1.5496 0.3701, -1.2452 1.5471 0.3661, -1.2452 1.5471 0.3701, -1.2392 1.5459 0.3661, -1.2392 1.5459 0.3701, -1.236 1.5458 0.3661, -1.236 1.5458 0.3701, -1.2207 1.549 0.3661, -1.2207 1.549 0.3701, -1.2217 1.5485 0.3701, -1.2276 1.5466 0.3661, -1.2276 1.5466 0.3701, -1.2231 1.5481 0.3661, -1.2217 1.5485 0.3661, -1.2207 1.5558 0.3701, -1.2207 1.5558 0.3661, -1.2231 1.5548 0.3661, -1.2261 1.5534 0.3701, -1.2261 1.5534 0.3661, -1.2323 1.5522 0.3661, -1.2323 1.5522 0.3701, -1.0372 1.4805 0.3701, -1.0394 1.4743 0.3701, -1.0187 1.4805 0.3701, -1.0165 1.4743 0.3701, -1.0289 1.5035 0.3701, -1.0316 1.5144 0.3701, -1.0526 1.4592 0.3701, -1.0447 1.4592 0.3701, -1.0284 1.5051 0.3701, -1.028 1.5073 0.3701, -1.024 1.5144 0.3701, -1.0278 1.5073 0.3701, -1.0274 1.505 0.3701, -1.027 1.5035 0.3701, -1.003 1.4592 0.3701, -1.0108 1.4592 0.3701, -1.0316 1.5144 0.3661, -1.024 1.5144 0.3661, -1.0526 1.4592 0.3661, -1.0344 1.5069 0.3661, -1.0447 1.4592 0.3661, -1.0394 1.4743 0.3661, -1.0165 1.4743 0.3661, -1.0108 1.4592 0.3661, -1.003 1.4592 0.3661, -1.0211 1.5069 0.3661, -1.0289 1.5035 0.3661, -1.0284 1.5051 0.3661, -1.028 1.5073 0.3661, -1.0372 1.4805 0.3661, -1.0187 1.4805 0.3661, -1.027 1.5035 0.3661, -1.0278 1.5073 0.3661, -1.0274 1.505 0.3661
            ]
        }
        coordIndex [
            0,1,2,-1,0,2,3,-1,3,2,4,-1,3,4,5,-1,5,4,6,-1,5,6,7,-1,7,6,8,-1,7,8,9,-1,9,8,10,-1,9,10,11,-1,11,10,12,-1,11,12,13,-1,13,12,14,-1,13,14,15,-1,15,14,16,-1,15,16,17,-1,17,16,18,-1,17,18,19,-1,19,18,20,-1,19,20,21,-1,21,20,22,-1,21,22,23,-1,23,22,24,-1,23,24,25,-1,25,24,26,-1,25,26,27,-1,27,26,28,-1,27,28,29,-1,29,28,30,-1,29,30,31,-1,31,30,32,-1,31,32,33,-1,34,35,36,-1,33,32,37,-1,33,37,38,-1,38,37,39,-1,38,39,36,-1,36,39,40,-1,36,40,34,-1,41,35,42,-1,42,35,34,-1,43,44,45,-1,41,42,46,-1,41,46,47,-1,46,48,47,-1,47,48,49,-1,47,49,45,-1,45,49,50,-1,45,50,43,-1,44,43,51,-1,51,43,52,-1,52,53,51,-1,51,53,54,-1,51,54,55,-1,55,54,56,-1,55,56,57,-1,57,56,58,-1,57,58,59,-1,59,58,60,-1,61,62,60,-1,60,62,63,-1,60,63,59,-1,61,64,62,-1,62,64,65,-1,62,65,66,-1,66,65,67,-1,66,67,68,-1,68,67,69,-1,68,69,70,-1,70,69,71,-1,70,71,72,-1,71,73,72,-1,72,73,74,-1,72,74,75,-1,75,74,76,-1,75,76,77,-1,77,76,78,-1,77,78,79,-1,79,78,80,-1,79,80,81,-1,81,80,82,-1,81,82,83,-1,83,82,84,-1,83,84,85,-1,86,87,88,-1,85,84,89,-1,85,89,90,-1,90,89,91,-1,90,91,88,-1,88,91,92,-1,88,92,86,-1,93,87,94,-1,94,87,86,-1,93,94,95,-1,93,95,96,-1,95,97,96,-1,96,97,98,-1,96,98,99,-1,99,98,1,-1,99,1,0,-1,36,35,41,-1,11,13,70,-1,19,21,63,-1,70,13,68,-1,63,21,59,-1,36,41,38,-1,38,41,47,-1,38,47,33,-1,33,47,45,-1,33,45,31,-1,31,45,44,-1,31,44,29,-1,29,44,51,-1,29,51,27,-1,51,55,27,-1,27,55,57,-1,27,57,25,-1,25,57,59,-1,25,59,23,-1,23,59,21,-1,70,72,11,-1,11,72,75,-1,11,75,9,-1,9,75,77,-1,9,77,7,-1,7,77,79,-1,7,79,5,-1,5,79,81,-1,5,81,3,-1,3,81,83,-1,3,83,0,-1,0,83,85,-1,0,85,99,-1,99,85,90,-1,99,90,96,-1,96,90,88,-1,96,88,93,-1,93,88,87,-1,13,15,68,-1,68,15,17,-1,68,17,66,-1,66,17,19,-1,66,19,62,-1,62,19,63,-1,100,101,102,-1,102,101,103,-1,104,105,100,-1,100,105,106,-1,100,106,101,-1,101,106,107,-1,104,108,105,-1,105,108,109,-1,105,109,110,-1,110,109,111,-1,110,111,112,-1,112,113,110,-1,110,113,102,-1,110,102,114,-1,114,102,103,-1,114,103,115,-1,105,110,116,-1,116,110,117,-1,118,106,119,-1,119,106,105,-1,119,105,116,-1,107,106,120,-1,120,106,118,-1,101,107,121,-1,121,107,120,-1,103,101,122,-1,122,101,121,-1,115,103,123,-1,123,103,122,-1,114,115,124,-1,124,115,123,-1,114,124,110,-1,110,124,125,-1,110,125,117,-1,104,126,127,-1,104,127,108,-1,108,127,128,-1,108,128,109,-1,104,100,126,-1,126,100,129,-1,100,102,129,-1,129,102,130,-1,102,113,130,-1,130,113,131,-1,111,132,133,-1,111,133,112,-1,112,133,131,-1,112,131,113,-1,111,109,132,-1,132,109,128,-1,
        ]
    }
}
Shape{
    appearance Appearance {
        material  Material 	{
            diffuseColor 0.20784313725490197 0.20784313725490197 0.20784313725490197
            specularColor 0.01568627450980392 0.01568627450980392 0.01568627450980392
            ambientIntensity 0.298
            transparency 0.0
            shininess 0.5
        }
    }
    geometry IndexedFaceSet {
        ccw TRUE
        solid FALSE
        coord DEF co Coordinate {
            point [
                -1.0278 1.5073 0.3661, -1.028 1.5073 0.3661, -1.0274 1.505 0.3661, -1.0284 1.5051 0.3661, -1.027 1.5035 0.3661, -1.0289 1.5035 0.3661, -1.0187 1.4805 0.3661, -1.0372 1.4805 0.3661
            ]
        }
        coordIndex [
            0,1,2,-1,2,1,3,-1,2,3,4,-1,4,3,5,-1,4,5,6,-1,6,5,7,-1,
        ]
    }
}
Shape{
    appearance Appearance {
        material  Material 	{
            diffuseColor 1.0 1.0 1.0
            specularColor 0.5019607843137255 0.5019607843137255 0.5019607843137255
            ambientIntensity 1.0
            transparency 0.0
            shininess 0.5
        }
    }
    geometry IndexedFaceSet {
        ccw TRUE
        solid FALSE
        coord DEF co Coordinate {
            point [
                -1.111 1.4655 0.3701, -1.111 1.4655 0.3661, -1.1335 1.4655 0.3701, -1.1232 1.4655 0.3661, -1.1335 1.4655 0.3661, -1.1335 1.4841 0.3701, -1.1335 1.4841 0.3661, -1.1138 1.4841 0.3701, -1.1232 1.4841 0.3661, -1.1138 1.4841 0.3661, -1.1138 1.4904 0.3701, -1.1138 1.4904 0.3661, -1.1335 1.4904 0.3661, -1.1335 1.4904 0.3701, -1.1232 1.4904 0.3661, -1.1335 1.508 0.3661, -1.1335 1.508 0.3701, -1.1335 1.5069 0.3661, -1.1122 1.508 0.3661, -1.1122 1.508 0.3701, -1.1232 1.508 0.3661, -1.1122 1.5144 0.3701, -1.1122 1.5144 0.3661, -1.1406 1.5144 0.3661, -1.1406 1.5144 0.3701, -1.1232 1.5144 0.3661, -1.1406 1.4592 0.3661, -1.1406 1.4592 0.3701, -1.1406 1.5069 0.3661, -1.111 1.4592 0.3661, -1.111 1.4592 0.3701, -1.1232 1.4592 0.3661, -1.2863 1.4655 0.3701, -1.2637 1.4655 0.3701, -1.2863 1.4655 0.3661, -1.2637 1.4655 0.3661, -1.2863 1.4841 0.3701, -1.2863 1.4841 0.3661, -1.2665 1.4841 0.3701, -1.2665 1.4841 0.3661, -1.2665 1.4904 0.3701, -1.2665 1.4904 0.3661, -1.2863 1.4904 0.3701, -1.2863 1.4904 0.3661, -1.2863 1.508 0.3661, -1.2863 1.508 0.3701, -1.2863 1.5069 0.3661, -1.265 1.508 0.3701, -1.265 1.508 0.3661, -1.265 1.5144 0.3701, -1.265 1.5144 0.3661, -1.2934 1.5144 0.3701, -1.2934 1.5144 0.3661, -1.2934 1.4592 0.3661, -1.2934 1.4592 0.3701, -1.2934 1.5069 0.3661, -1.2637 1.4592 0.3701, -1.2637 1.4592 0.3661, -1.1062 1.568 0.3701, -1.1085 1.5618 0.3701, -1.0877 1.568 0.3701, -1.0855 1.5618 0.3701, -1.098 1.591 0.3701, -1.1007 1.6019 0.3701, -1.1217 1.5467 0.3701, -1.1138 1.5467 0.3701, -1.0975 1.5926 0.3701, -1.0971 1.5948 0.3701, -1.093 1.6019 0.3701, -1.0969 1.5948 0.3701, -1.0965 1.5925 0.3701, -1.0961 1.591 0.3701, -1.072 1.5467 0.3701, -1.0799 1.5467 0.3701, -1.1007 1.6019 0.3661, -1.093 1.6019 0.3661, -1.1217 1.5467 0.3661, -1.1058 1.5884 0.3661, -1.1138 1.5467 0.3661, -1.1085 1.5618 0.3661, -1.0855 1.5618 0.3661, -1.1058 1.5618 0.3661, -1.0799 1.5467 0.3661, -1.072 1.5467 0.3661, -1.098 1.591 0.3661, -1.0975 1.5926 0.3661, -1.0971 1.5948 0.3661, -1.1062 1.568 0.3661, -1.0877 1.568 0.3661, -1.0961 1.591 0.3661, -1.0969 1.5948 0.3661, -1.0965 1.5925 0.3661
            ]
        }
        coordIndex [
            0,1,2,-1,2,1,3,-1,2,3,4,-1,5,2,6,-1,6,2,4,-1,5,6,7,-1,7,6,8,-1,7,8,9,-1,10,7,11,-1,11,7,9,-1,12,13,14,-1,14,13,10,-1,14,10,11,-1,15,16,17,-1,17,16,13,-1,17,13,12,-1,18,19,20,-1,20,19,16,-1,20,16,15,-1,21,19,22,-1,22,19,18,-1,23,24,25,-1,25,24,21,-1,25,21,22,-1,26,27,28,-1,28,27,24,-1,28,24,23,-1,29,30,31,-1,31,30,27,-1,31,27,26,-1,0,30,1,-1,1,30,29,-1,27,30,0,-1,0,2,27,-1,27,2,5,-1,27,5,24,-1,19,21,16,-1,16,21,24,-1,16,24,13,-1,13,24,5,-1,13,5,10,-1,10,5,7,-1,32,33,34,-1,34,33,35,-1,36,32,37,-1,37,32,34,-1,38,36,39,-1,39,36,37,-1,40,38,41,-1,41,38,39,-1,42,40,43,-1,43,40,41,-1,44,45,46,-1,46,45,42,-1,46,42,43,-1,47,45,48,-1,48,45,44,-1,49,47,50,-1,50,47,48,-1,51,49,52,-1,52,49,50,-1,53,54,55,-1,55,54,51,-1,55,51,52,-1,56,54,57,-1,57,54,53,-1,33,56,35,-1,35,56,57,-1,54,56,33,-1,33,32,54,-1,54,32,36,-1,54,36,51,-1,47,49,45,-1,45,49,51,-1,45,51,42,-1,42,51,36,-1,42,36,40,-1,40,36,38,-1,58,59,60,-1,60,59,61,-1,62,63,58,-1,58,63,64,-1,58,64,59,-1,59,64,65,-1,62,66,63,-1,63,66,67,-1,63,67,68,-1,68,67,69,-1,68,69,70,-1,70,71,68,-1,68,71,60,-1,68,60,72,-1,72,60,61,-1,72,61,73,-1,63,68,74,-1,74,68,75,-1,76,64,77,-1,77,64,63,-1,77,63,74,-1,65,64,78,-1,78,64,76,-1,59,65,79,-1,79,65,78,-1,80,61,81,-1,81,61,59,-1,81,59,79,-1,73,61,82,-1,82,61,80,-1,72,73,83,-1,83,73,82,-1,68,72,75,-1,75,72,83,-1,62,84,85,-1,62,85,66,-1,66,85,86,-1,66,86,67,-1,62,58,84,-1,84,58,87,-1,58,60,87,-1,87,60,88,-1,60,71,88,-1,88,71,89,-1,69,90,91,-1,69,91,70,-1,70,91,89,-1,70,89,71,-1,69,67,90,-1,90,67,86,-1,
        ]
    }
}
Shape{
    appearance Appearance {
        material  Material 	{
            diffuseColor 0.20784313725490197 0.20784313725490197 0.20784313725490197
            specularColor 0.01568627450980392 0.01568627450980392 0.01568627450980392
            ambientIntensity 0.298
            transparency 0.0
            shininess 0.5
        }
    }
    geometry IndexedFaceSet {
        ccw TRUE
        solid FALSE
        coord DEF co Coordinate {
            point [
                -1.0969 1.5948 0.3661, -1.0971 1.5948 0.3661, -1.0965 1.5925 0.3661, -1.0975 1.5926 0.3661, -1.0961 1.591 0.3661, -1.098 1.591 0.3661, -1.0877 1.568 0.3661, -1.1062 1.568 0.3661
            ]
        }
        coordIndex [
            0,1,2,-1,2,1,3,-1,2,3,4,-1,4,3,5,-1,4,5,6,-1,6,5,7,-1,
        ]
    }
}
Shape{
    appearance Appearance {
        material  Material 	{
            diffuseColor 1.0 1.0 1.0
            specularColor 0.5019607843137255 0.5019607843137255 0.5019607843137255
            ambientIntensity 1.0
            transparency 0.0
            shininess 0.5
        }
    }
    geometry IndexedFaceSet {
        ccw TRUE
        solid FALSE
        coord DEF co Coordinate {
            point [
                -1.2026 1.553 0.3661, -1.2026 1.553 0.3701, -1.1877 1.553 0.3661, -1.18 1.553 0.3701, -1.18 1.553 0.3661, -1.2026 1.5716 0.3701, -1.2026 1.5716 0.3661, -1.1829 1.5716 0.3701, -1.1877 1.5716 0.3661, -1.1829 1.5716 0.3661, -1.1829 1.5779 0.3701, -1.1829 1.5779 0.3661, -1.2026 1.5779 0.3661, -1.2026 1.5779 0.3701, -1.1877 1.5779 0.3661, -1.2026 1.5955 0.3701, -1.2026 1.5955 0.3661, -1.1813 1.5955 0.3701, -1.1877 1.5955 0.3661, -1.1813 1.5955 0.3661, -1.1813 1.6019 0.3701, -1.1813 1.6019 0.3661, -1.2097 1.6019 0.3661, -1.2097 1.6019 0.3701, -1.1877 1.6019 0.3661, -1.2097 1.5467 0.3701, -1.2097 1.5467 0.3661, -1.18 1.5467 0.3701, -1.1877 1.5467 0.3661, -1.18 1.5467 0.3661, -1.2863 1.553 0.3701, -1.2643 1.553 0.3701, -1.2863 1.553 0.3661, -1.2643 1.553 0.3661, -1.2863 1.6019 0.3701, -1.2863 1.6019 0.3661, -1.2934 1.6019 0.3701, -1.2934 1.6019 0.3661, -1.2934 1.5467 0.3701, -1.2934 1.5467 0.3661, -1.2643 1.5467 0.3701, -1.2643 1.5467 0.3661
            ]
        }
        coordIndex [
            0,1,2,-1,2,1,3,-1,2,3,4,-1,5,1,6,-1,6,1,0,-1,5,6,7,-1,7,6,8,-1,7,8,9,-1,10,7,11,-1,11,7,9,-1,12,13,14,-1,14,13,10,-1,14,10,11,-1,15,13,16,-1,16,13,12,-1,15,16,17,-1,17,16,18,-1,17,18,19,-1,20,17,21,-1,21,17,19,-1,22,23,24,-1,24,23,20,-1,24,20,21,-1,25,23,26,-1,26,23,22,-1,25,26,27,-1,27,26,28,-1,27,28,29,-1,3,27,4,-1,4,27,29,-1,25,27,3,-1,3,1,25,-1,25,1,5,-1,25,5,23,-1,17,20,15,-1,15,20,23,-1,15,23,13,-1,13,23,5,-1,13,5,10,-1,10,5,7,-1,30,31,32,-1,32,31,33,-1,34,30,35,-1,35,30,32,-1,36,34,37,-1,37,34,35,-1,38,36,39,-1,39,36,37,-1,40,38,41,-1,41,38,39,-1,31,40,33,-1,33,40,41,-1,34,36,30,-1,30,36,38,-1,30,38,31,-1,31,38,40,-1,
        ]
    }
}