ISO-10303-21;
HEADER;
/* Generated by software containing ST-Developer
 * from STEP Tools, Inc. (www.steptools.com) 
 */

FILE_DESCRIPTION(
/* description */ ('KiCad electronic assembly'),
/* implementation_level */ '2;1');

FILE_NAME(
/* name */ 'Empty Module.step',
/* time_stamp */ '2026-06-19T20:45:05+03:00',
/* author */ (''),
/* organization */ (''),
/* preprocessor_version */ 'ST-DEVELOPER v20.1',
/* originating_system */ 'Autodesk Translation Framework v15.8.0.0',
/* authorisation */ '');

FILE_SCHEMA (('AUTOMOTIVE_DESIGN { 1 0 10303 214 3 1 1 }'));
ENDSEC;

DATA;
#10=MECHANICAL_DESIGN_GEOMETRIC_PRESENTATION_REPRESENTATION('',(#7494,#7495,
#7496,#7497,#7498,#7499,#7500,#7501,#7502,#7503,#7504,#7505,#7506,#7507,
#7508,#7509,#7510,#7511,#7512,#7513,#7514,#7515,#7516,#7517,#7518,#7519,
#7520,#7521,#7522,#7523,#7524,#7525,#7526,#7527,#7528,#7529,#7530,#7531,
#7532,#7533,#7534,#7535,#7536,#7537,#7538,#7539,#7540,#7541,#7542,#7543,
#7544,#7545,#7546,#7547,#7548,#7549,#7550,#7551,#7552,#7553,#7554,#7555,
#7556,#7557,#7558,#7559,#7560,#7561,#7562,#7563,#7564,#7565,#7566,#7567,
#7568,#7569,#7570,#7571,#7572,#7573,#7574,#7575,#7576,#7577,#7578,#7579,
#7580,#7581,#7582,#7583,#7584,#7585,#7586,#7587,#7588,#7589,#7590,#7591,
#7592,#7593,#7594,#7595,#7596,#7597,#7598,#7599,#7600,#7601,#7602,#7603,
#7604,#7605,#7606,#7607,#7608,#7609,#7610,#7611,#7612,#7613,#7614,#7615,
#7616,#7617,#7618,#7619,#7620,#7621,#7622,#7623,#7624,#7625,#7626,#7627,
#7628,#7629,#7630,#7631,#7632,#7633,#7634,#7635,#7636,#7637,#7638,#7639,
#7640,#7641,#7642,#7643,#7644,#7645,#7646,#7647,#7648,#7649,#7650,#7651,
#7652,#7653,#7654,#7655,#7656,#7657,#7658,#7659,#7660,#7661,#7662,#7663,
#7664,#7665,#7666,#7667,#7668,#7669,#7670,#7671,#7672,#7673,#7674,#7675,
#7676,#7677,#7678,#7679,#7680,#7681,#7682,#7683,#7684,#7685,#7686,#7687,
#7688,#7689,#7690,#7691,#7692,#7693,#7694,#7695,#7696,#7697,#7698,#7699,
#7700,#7701,#7702,#7703,#7704,#7705,#7706,#7707,#7708,#7709,#7710,#7711,
#7712,#7713,#7714,#7715,#7716,#7717,#7718,#7719,#7720,#7721,#7722,#7723,
#7724,#7725,#7726,#7727,#7728,#7729,#7730,#7731,#7732,#7733,#7734,#7735,
#7736,#7737,#7738,#7739,#7740,#7741,#7742,#7743,#7744,#7745,#7746,#7747,
#7748,#7749,#7750,#7751,#7752,#7753,#7754,#7755,#7756,#7757,#7758,#7759,
#7760,#7761,#7762,#7763,#7764,#7765,#7766,#7767,#7768,#7769,#7770,#7771,
#7772,#7773,#7774,#7775,#7776,#7777,#7778,#7779,#7780,#7781,#7782,#7783,
#7784,#7785,#7786,#7787,#7788,#7789,#7790,#7791,#7792,#7793,#7794,#7795,
#7796,#7797,#7798,#7799,#7800,#7801,#7802,#7803,#7804,#7805,#7806,#7807,
#7808,#7809,#7810,#7811,#7812,#7813,#7814,#7815,#7816,#7817,#7818,#7819,
#7820,#7821,#7822,#7823,#7824,#7825,#7826,#7827,#7828,#7829,#7830,#7831,
#7832,#7833,#7834,#7835,#7836,#7837,#7838,#7839,#7840,#7841,#7842,#7843,
#7844,#7845,#7846,#7847,#7848,#7849,#7850,#7851,#7852,#7853,#7854,#7855,
#7856,#7857,#7858,#7859,#7860,#7861,#7862,#7863,#7864),#13325);
#11=ITEM_DEFINED_TRANSFORMATION($,$,#8368,#8932);
#12=ITEM_DEFINED_TRANSFORMATION($,$,#8804,#8933);
#13=ITEM_DEFINED_TRANSFORMATION($,$,#8737,#8934);
#14=ITEM_DEFINED_TRANSFORMATION($,$,#8804,#8935);
#15=ITEM_DEFINED_TRANSFORMATION($,$,#8847,#8936);
#16=ITEM_DEFINED_TRANSFORMATION($,$,#8880,#8937);
#17=ITEM_DEFINED_TRANSFORMATION($,$,#8880,#8938);
#18=(
REPRESENTATION_RELATIONSHIP($,$,#13350,#13349)
REPRESENTATION_RELATIONSHIP_WITH_TRANSFORMATION(#11)
SHAPE_REPRESENTATION_RELATIONSHIP()
);
#19=(
REPRESENTATION_RELATIONSHIP($,$,#13352,#13349)
REPRESENTATION_RELATIONSHIP_WITH_TRANSFORMATION(#12)
SHAPE_REPRESENTATION_RELATIONSHIP()
);
#20=(
REPRESENTATION_RELATIONSHIP($,$,#13351,#13349)
REPRESENTATION_RELATIONSHIP_WITH_TRANSFORMATION(#13)
SHAPE_REPRESENTATION_RELATIONSHIP()
);
#21=(
REPRESENTATION_RELATIONSHIP($,$,#13352,#13349)
REPRESENTATION_RELATIONSHIP_WITH_TRANSFORMATION(#14)
SHAPE_REPRESENTATION_RELATIONSHIP()
);
#22=(
REPRESENTATION_RELATIONSHIP($,$,#13353,#13349)
REPRESENTATION_RELATIONSHIP_WITH_TRANSFORMATION(#15)
SHAPE_REPRESENTATION_RELATIONSHIP()
);
#23=(
REPRESENTATION_RELATIONSHIP($,$,#13354,#13349)
REPRESENTATION_RELATIONSHIP_WITH_TRANSFORMATION(#16)
SHAPE_REPRESENTATION_RELATIONSHIP()
);
#24=(
REPRESENTATION_RELATIONSHIP($,$,#13354,#13349)
REPRESENTATION_RELATIONSHIP_WITH_TRANSFORMATION(#17)
SHAPE_REPRESENTATION_RELATIONSHIP()
);
#25=CONTEXT_DEPENDENT_SHAPE_REPRESENTATION(#18,#13342);
#26=CONTEXT_DEPENDENT_SHAPE_REPRESENTATION(#19,#13343);
#27=CONTEXT_DEPENDENT_SHAPE_REPRESENTATION(#20,#13344);
#28=CONTEXT_DEPENDENT_SHAPE_REPRESENTATION(#21,#13345);
#29=CONTEXT_DEPENDENT_SHAPE_REPRESENTATION(#22,#13346);
#30=CONTEXT_DEPENDENT_SHAPE_REPRESENTATION(#23,#13347);
#31=CONTEXT_DEPENDENT_SHAPE_REPRESENTATION(#24,#13348);
#32=NEXT_ASSEMBLY_USAGE_OCCURRENCE(
'PinHeader_2x07_P2.54mm_Horizontal:1',
'PinHeader_2x07_P2.54mm_Horizontal:1',
'PinHeader_2x07_P2.54mm_Horizontal:1',#13356,#13357,
'PinHeader_2x07_P2.54mm_Horizontal:1');
#33=NEXT_ASSEMBLY_USAGE_OCCURRENCE('R_0805_2012Metric:1',
'R_0805_2012Metric:1','R_0805_2012Metric:1',#13356,#13359,
'R_0805_2012Metric:1');
#34=NEXT_ASSEMBLY_USAGE_OCCURRENCE('empty_PCB:1','empty_PCB:1',
'empty_PCB:1',#13356,#13358,'empty_PCB:1');
#35=NEXT_ASSEMBLY_USAGE_OCCURRENCE('R_0805_2012Metric:2',
'R_0805_2012Metric:2','R_0805_2012Metric:2',#13356,#13359,
'R_0805_2012Metric:2');
#36=NEXT_ASSEMBLY_USAGE_OCCURRENCE('Case:1','Case:1','Case:1',#13356,#13360,
'Case:1');
#37=NEXT_ASSEMBLY_USAGE_OCCURRENCE(
'Raised Cheese Head Screw DIN 7985 - M2 x 5 - H Steel 4.6 Plain v1:1',
'Raised Cheese Head Screw DIN 7985 - M2 x 5 - H Steel 4.6 Plain v1:1',
'Raised Cheese Head Screw DIN 7985 - M2 x 5 - H Steel 4.6 Plain v1:1',#13356,
#13361,
'Raised Cheese Head Screw DIN 7985 - M2 x 5 - H Steel 4.6 Plain v1:1');
#38=NEXT_ASSEMBLY_USAGE_OCCURRENCE(
'Raised Cheese Head Screw DIN 7985 - M2 x 5 - H Steel 4.6 Plain v1:2',
'Raised Cheese Head Screw DIN 7985 - M2 x 5 - H Steel 4.6 Plain v1:2',
'Raised Cheese Head Screw DIN 7985 - M2 x 5 - H Steel 4.6 Plain v1:2',#13356,
#13361,
'Raised Cheese Head Screw DIN 7985 - M2 x 5 - H Steel 4.6 Plain v1:2');
#39=SPHERICAL_SURFACE('',#8925,3.20000000000003);
#40=ELLIPSE('',#8885,0.251219465564634,0.25);
#41=ELLIPSE('',#8893,0.251219465564641,0.25);
#42=ELLIPSE('',#8901,0.251219465564624,0.25);
#43=ELLIPSE('',#8905,0.251219465564636,0.25);
#44=B_SPLINE_CURVE_WITH_KNOTS('',3,(#13146,#13147,#13148,#13149,#13150,
#13151,#13152,#13153,#13154,#13155,#13156),.UNSPECIFIED.,.F.,.F.,(4,2,3,
2,4),(-0.0188024726193969,-0.00941342609598966,0.,0.00941342609599075,0.0188024726193991),
 .UNSPECIFIED.);
#45=B_SPLINE_CURVE_WITH_KNOTS('',3,(#13182,#13183,#13184,#13185,#13186,
#13187,#13188,#13189,#13190,#13191,#13192),.UNSPECIFIED.,.F.,.F.,(4,2,3,
2,4),(-0.0188024726194677,-0.00941342609599002,0.,0.00943183574445199,0.01880264685935),
 .UNSPECIFIED.);
#46=B_SPLINE_CURVE_WITH_KNOTS('',3,(#13217,#13218,#13219,#13220,#13221,
#13222,#13223,#13224,#13225,#13226,#13227),.UNSPECIFIED.,.F.,.F.,(4,2,3,
2,4),(-0.0188024726192929,-0.00941342609599,0.,0.00941342609599022,0.0188024726192933),
 .UNSPECIFIED.);
#47=B_SPLINE_CURVE_WITH_KNOTS('',3,(#13241,#13242,#13243,#13244,#13245,
#13246,#13247,#13248,#13249,#13250,#13251),.UNSPECIFIED.,.F.,.F.,(4,2,3,
2,4),(-0.0188024726194159,-0.0094134260959898,0.,0.00941342609599048,0.0188024726194172),
 .UNSPECIFIED.);
#48=CONICAL_SURFACE('',#8881,0.920000000000006,0.785398163397452);
#49=CONICAL_SURFACE('',#8929,1.95225084115637,0.0872664625997131);
#50=SHAPE_REPRESENTATION_RELATIONSHIP('SRR','None',#13350,#55);
#51=SHAPE_REPRESENTATION_RELATIONSHIP('SRR','None',#13351,#56);
#52=SHAPE_REPRESENTATION_RELATIONSHIP('SRR','None',#13352,#57);
#53=SHAPE_REPRESENTATION_RELATIONSHIP('SRR','None',#13353,#58);
#54=SHAPE_REPRESENTATION_RELATIONSHIP('SRR','None',#13354,#59);
#55=ADVANCED_BREP_SHAPE_REPRESENTATION('',(#60),#13320);
#56=ADVANCED_BREP_SHAPE_REPRESENTATION('',(#61),#13321);
#57=ADVANCED_BREP_SHAPE_REPRESENTATION('',(#62),#13322);
#58=ADVANCED_BREP_SHAPE_REPRESENTATION('',(#63),#13323);
#59=ADVANCED_BREP_SHAPE_REPRESENTATION('',(#64),#13324);
#60=MANIFOLD_SOLID_BREP('Body1',#8306);
#61=MANIFOLD_SOLID_BREP('Body1',#8307);
#62=MANIFOLD_SOLID_BREP('Body1',#8308);
#63=MANIFOLD_SOLID_BREP('Body1',#8309);
#64=MANIFOLD_SOLID_BREP('Body1',#8310);
#65=CYLINDRICAL_SURFACE('',#8555,0.64);
#66=CYLINDRICAL_SURFACE('',#8561,0.64);
#67=CYLINDRICAL_SURFACE('',#8566,0.64);
#68=CYLINDRICAL_SURFACE('',#8570,0.64);
#69=CYLINDRICAL_SURFACE('',#8576,0.64);
#70=CYLINDRICAL_SURFACE('',#8580,0.64);
#71=CYLINDRICAL_SURFACE('',#8585,0.64);
#72=CYLINDRICAL_SURFACE('',#8591,0.64);
#73=CYLINDRICAL_SURFACE('',#8596,0.64);
#74=CYLINDRICAL_SURFACE('',#8600,0.64);
#75=CYLINDRICAL_SURFACE('',#8605,0.64);
#76=CYLINDRICAL_SURFACE('',#8610,0.64);
#77=CYLINDRICAL_SURFACE('',#8615,0.64);
#78=CYLINDRICAL_SURFACE('',#8620,0.64);
#79=CYLINDRICAL_SURFACE('',#8738,0.999999252925);
#80=CYLINDRICAL_SURFACE('',#8783,0.999999252925);
#81=CYLINDRICAL_SURFACE('',#8784,0.999999252925);
#82=CYLINDRICAL_SURFACE('',#8787,0.999999252925);
#83=CYLINDRICAL_SURFACE('',#8788,1.1);
#84=CYLINDRICAL_SURFACE('',#8789,1.1);
#85=CYLINDRICAL_SURFACE('',#8790,0.5);
#86=CYLINDRICAL_SURFACE('',#8791,0.5);
#87=CYLINDRICAL_SURFACE('',#8792,0.5);
#88=CYLINDRICAL_SURFACE('',#8793,0.5);
#89=CYLINDRICAL_SURFACE('',#8794,0.5);
#90=CYLINDRICAL_SURFACE('',#8795,0.5);
#91=CYLINDRICAL_SURFACE('',#8796,0.5);
#92=CYLINDRICAL_SURFACE('',#8797,0.5);
#93=CYLINDRICAL_SURFACE('',#8798,0.5);
#94=CYLINDRICAL_SURFACE('',#8799,0.5);
#95=CYLINDRICAL_SURFACE('',#8800,0.5);
#96=CYLINDRICAL_SURFACE('',#8801,0.5);
#97=CYLINDRICAL_SURFACE('',#8802,0.5);
#98=CYLINDRICAL_SURFACE('',#8803,0.5);
#99=CYLINDRICAL_SURFACE('',#8811,0.045);
#100=CYLINDRICAL_SURFACE('',#8813,0.045);
#101=CYLINDRICAL_SURFACE('',#8819,0.045);
#102=CYLINDRICAL_SURFACE('',#8822,0.045);
#103=CYLINDRICAL_SURFACE('',#8838,0.045);
#104=CYLINDRICAL_SURFACE('',#8840,0.045);
#105=CYLINDRICAL_SURFACE('',#8842,0.045);
#106=CYLINDRICAL_SURFACE('',#8844,0.045);
#107=CYLINDRICAL_SURFACE('',#8856,1.);
#108=CYLINDRICAL_SURFACE('',#8862,1.);
#109=CYLINDRICAL_SURFACE('',#8873,0.999999252925);
#110=CYLINDRICAL_SURFACE('',#8877,0.99999925292528);
#111=CYLINDRICAL_SURFACE('',#8884,0.25);
#112=CYLINDRICAL_SURFACE('',#8892,0.25);
#113=CYLINDRICAL_SURFACE('',#8900,0.25);
#114=CYLINDRICAL_SURFACE('',#8904,0.25);
#115=CYLINDRICAL_SURFACE('',#8918,0.900000000000003);
#116=CYLINDRICAL_SURFACE('',#8923,0.96675);
#117=CIRCLE('',#8417,0.64);
#118=CIRCLE('',#8420,0.64);
#119=CIRCLE('',#8423,0.64);
#120=CIRCLE('',#8426,0.64);
#121=CIRCLE('',#8429,0.64);
#122=CIRCLE('',#8432,0.64);
#123=CIRCLE('',#8434,0.64);
#124=CIRCLE('',#8437,0.64);
#125=CIRCLE('',#8441,0.64);
#126=CIRCLE('',#8444,0.64);
#127=CIRCLE('',#8447,0.64);
#128=CIRCLE('',#8450,0.64);
#129=CIRCLE('',#8453,0.64);
#130=CIRCLE('',#8456,0.64);
#131=CIRCLE('',#8459,0.64);
#132=CIRCLE('',#8462,0.64);
#133=CIRCLE('',#8465,0.64);
#134=CIRCLE('',#8468,0.64);
#135=CIRCLE('',#8471,0.64);
#136=CIRCLE('',#8474,0.64);
#137=CIRCLE('',#8476,0.64);
#138=CIRCLE('',#8479,0.64);
#139=CIRCLE('',#8483,0.64);
#140=CIRCLE('',#8486,0.64);
#141=CIRCLE('',#8488,0.64);
#142=CIRCLE('',#8491,0.64);
#143=CIRCLE('',#8494,0.64);
#144=CIRCLE('',#8497,0.64);
#145=CIRCLE('',#8739,0.999999252925);
#146=CIRCLE('',#8740,0.999999252925);
#147=CIRCLE('',#8744,0.999999252925);
#148=CIRCLE('',#8745,0.999999252925);
#149=CIRCLE('',#8746,0.999999252925);
#150=CIRCLE('',#8747,1.1);
#151=CIRCLE('',#8748,1.1);
#152=CIRCLE('',#8749,0.5);
#153=CIRCLE('',#8750,0.5);
#154=CIRCLE('',#8751,0.5);
#155=CIRCLE('',#8752,0.5);
#156=CIRCLE('',#8753,0.5);
#157=CIRCLE('',#8754,0.5);
#158=CIRCLE('',#8755,0.5);
#159=CIRCLE('',#8756,0.5);
#160=CIRCLE('',#8757,0.5);
#161=CIRCLE('',#8758,0.5);
#162=CIRCLE('',#8759,0.5);
#163=CIRCLE('',#8760,0.5);
#164=CIRCLE('',#8761,0.5);
#165=CIRCLE('',#8762,0.5);
#166=CIRCLE('',#8764,0.999999252925);
#167=CIRCLE('',#8765,0.999999252925);
#168=CIRCLE('',#8766,0.999999252925);
#169=CIRCLE('',#8767,1.1);
#170=CIRCLE('',#8768,1.1);
#171=CIRCLE('',#8769,0.5);
#172=CIRCLE('',#8770,0.5);
#173=CIRCLE('',#8771,0.5);
#174=CIRCLE('',#8772,0.5);
#175=CIRCLE('',#8773,0.5);
#176=CIRCLE('',#8774,0.5);
#177=CIRCLE('',#8775,0.5);
#178=CIRCLE('',#8776,0.5);
#179=CIRCLE('',#8777,0.5);
#180=CIRCLE('',#8778,0.5);
#181=CIRCLE('',#8779,0.5);
#182=CIRCLE('',#8780,0.5);
#183=CIRCLE('',#8781,0.5);
#184=CIRCLE('',#8782,0.5);
#185=CIRCLE('',#8807,0.045);
#186=CIRCLE('',#8808,0.045);
#187=CIRCLE('',#8809,0.045);
#188=CIRCLE('',#8810,0.045);
#189=CIRCLE('',#8812,0.045);
#190=CIRCLE('',#8814,0.045);
#191=CIRCLE('',#8816,0.045);
#192=CIRCLE('',#8817,0.045);
#193=CIRCLE('',#8826,0.045);
#194=CIRCLE('',#8827,0.045);
#195=CIRCLE('',#8828,0.045);
#196=CIRCLE('',#8829,0.045);
#197=CIRCLE('',#8833,0.045);
#198=CIRCLE('',#8834,0.045);
#199=CIRCLE('',#8835,0.045);
#200=CIRCLE('',#8836,0.045);
#201=CIRCLE('',#8855,0.999999252925);
#202=CIRCLE('',#8857,1.);
#203=CIRCLE('',#8858,1.);
#204=CIRCLE('',#8860,1.);
#205=CIRCLE('',#8863,1.);
#206=CIRCLE('',#8867,0.99999925292528);
#207=CIRCLE('',#8874,0.999999252925);
#208=CIRCLE('',#8878,0.99999925292528);
#209=CIRCLE('',#8882,0.96675);
#210=CIRCLE('',#8883,0.82000000000001);
#211=CIRCLE('',#8887,3.19989298501959);
#212=CIRCLE('',#8889,3.11011410971544);
#213=CIRCLE('',#8891,3.19989298501958);
#214=CIRCLE('',#8895,3.1998929850196);
#215=CIRCLE('',#8897,3.11011410971534);
#216=CIRCLE('',#8899,3.19989298501953);
#217=CIRCLE('',#8903,3.19989298501953);
#218=CIRCLE('',#8907,3.19989298501957);
#219=CIRCLE('',#8909,3.19989298501953);
#220=CIRCLE('',#8911,3.11011410971534);
#221=CIRCLE('',#8913,3.19989298501952);
#222=CIRCLE('',#8915,3.11011410971531);
#223=CIRCLE('',#8916,3.11011410971531);
#224=CIRCLE('',#8919,0.900000000000002);
#225=CIRCLE('',#8920,0.900000000000004);
#226=CIRCLE('',#8922,0.96675);
#227=CIRCLE('',#8926,3.20000000000003);
#228=CIRCLE('',#8927,1.90450168231273);
#229=CIRCLE('',#8928,1.90450168231273);
#230=CIRCLE('',#8930,2.);
#231=FACE_BOUND('',#738,.T.);
#232=FACE_BOUND('',#739,.T.);
#233=FACE_BOUND('',#740,.T.);
#234=FACE_BOUND('',#741,.T.);
#235=FACE_BOUND('',#742,.T.);
#236=FACE_BOUND('',#743,.T.);
#237=FACE_BOUND('',#744,.T.);
#238=FACE_BOUND('',#745,.T.);
#239=FACE_BOUND('',#746,.T.);
#240=FACE_BOUND('',#747,.T.);
#241=FACE_BOUND('',#748,.T.);
#242=FACE_BOUND('',#749,.T.);
#243=FACE_BOUND('',#750,.T.);
#244=FACE_BOUND('',#751,.T.);
#245=FACE_BOUND('',#753,.T.);
#246=FACE_BOUND('',#754,.T.);
#247=FACE_BOUND('',#755,.T.);
#248=FACE_BOUND('',#756,.T.);
#249=FACE_BOUND('',#757,.T.);
#250=FACE_BOUND('',#758,.T.);
#251=FACE_BOUND('',#759,.T.);
#252=FACE_BOUND('',#760,.T.);
#253=FACE_BOUND('',#761,.T.);
#254=FACE_BOUND('',#762,.T.);
#255=FACE_BOUND('',#763,.T.);
#256=FACE_BOUND('',#764,.T.);
#257=FACE_BOUND('',#765,.T.);
#258=FACE_BOUND('',#766,.T.);
#259=FACE_BOUND('',#1106,.T.);
#260=FACE_BOUND('',#1107,.T.);
#261=FACE_BOUND('',#1108,.T.);
#262=FACE_BOUND('',#1109,.T.);
#263=FACE_BOUND('',#1110,.T.);
#264=FACE_BOUND('',#1111,.T.);
#265=FACE_BOUND('',#1112,.T.);
#266=FACE_BOUND('',#1113,.T.);
#267=FACE_BOUND('',#1114,.T.);
#268=FACE_BOUND('',#1115,.T.);
#269=FACE_BOUND('',#1116,.T.);
#270=FACE_BOUND('',#1117,.T.);
#271=FACE_BOUND('',#1118,.T.);
#272=FACE_BOUND('',#1119,.T.);
#273=FACE_BOUND('',#1120,.T.);
#274=FACE_BOUND('',#1121,.T.);
#275=FACE_BOUND('',#1123,.T.);
#276=FACE_BOUND('',#1124,.T.);
#277=FACE_BOUND('',#1125,.T.);
#278=FACE_BOUND('',#1126,.T.);
#279=FACE_BOUND('',#1127,.T.);
#280=FACE_BOUND('',#1128,.T.);
#281=FACE_BOUND('',#1129,.T.);
#282=FACE_BOUND('',#1130,.T.);
#283=FACE_BOUND('',#1131,.T.);
#284=FACE_BOUND('',#1132,.T.);
#285=FACE_BOUND('',#1133,.T.);
#286=FACE_BOUND('',#1134,.T.);
#287=FACE_BOUND('',#1135,.T.);
#288=FACE_BOUND('',#1136,.T.);
#289=FACE_BOUND('',#1137,.T.);
#290=FACE_BOUND('',#1138,.T.);
#291=FACE_BOUND('',#1230,.T.);
#292=FACE_BOUND('',#1236,.T.);
#293=FACE_OUTER_BOUND('',#734,.T.);
#294=FACE_OUTER_BOUND('',#735,.T.);
#295=FACE_OUTER_BOUND('',#736,.T.);
#296=FACE_OUTER_BOUND('',#737,.T.);
#297=FACE_OUTER_BOUND('',#752,.T.);
#298=FACE_OUTER_BOUND('',#767,.T.);
#299=FACE_OUTER_BOUND('',#768,.T.);
#300=FACE_OUTER_BOUND('',#769,.T.);
#301=FACE_OUTER_BOUND('',#770,.T.);
#302=FACE_OUTER_BOUND('',#771,.T.);
#303=FACE_OUTER_BOUND('',#772,.T.);
#304=FACE_OUTER_BOUND('',#773,.T.);
#305=FACE_OUTER_BOUND('',#774,.T.);
#306=FACE_OUTER_BOUND('',#775,.T.);
#307=FACE_OUTER_BOUND('',#776,.T.);
#308=FACE_OUTER_BOUND('',#777,.T.);
#309=FACE_OUTER_BOUND('',#778,.T.);
#310=FACE_OUTER_BOUND('',#779,.T.);
#311=FACE_OUTER_BOUND('',#780,.T.);
#312=FACE_OUTER_BOUND('',#781,.T.);
#313=FACE_OUTER_BOUND('',#782,.T.);
#314=FACE_OUTER_BOUND('',#783,.T.);
#315=FACE_OUTER_BOUND('',#784,.T.);
#316=FACE_OUTER_BOUND('',#785,.T.);
#317=FACE_OUTER_BOUND('',#786,.T.);
#318=FACE_OUTER_BOUND('',#787,.T.);
#319=FACE_OUTER_BOUND('',#788,.T.);
#320=FACE_OUTER_BOUND('',#789,.T.);
#321=FACE_OUTER_BOUND('',#790,.T.);
#322=FACE_OUTER_BOUND('',#791,.T.);
#323=FACE_OUTER_BOUND('',#792,.T.);
#324=FACE_OUTER_BOUND('',#793,.T.);
#325=FACE_OUTER_BOUND('',#794,.T.);
#326=FACE_OUTER_BOUND('',#795,.T.);
#327=FACE_OUTER_BOUND('',#796,.T.);
#328=FACE_OUTER_BOUND('',#797,.T.);
#329=FACE_OUTER_BOUND('',#798,.T.);
#330=FACE_OUTER_BOUND('',#799,.T.);
#331=FACE_OUTER_BOUND('',#800,.T.);
#332=FACE_OUTER_BOUND('',#801,.T.);
#333=FACE_OUTER_BOUND('',#802,.T.);
#334=FACE_OUTER_BOUND('',#803,.T.);
#335=FACE_OUTER_BOUND('',#804,.T.);
#336=FACE_OUTER_BOUND('',#805,.T.);
#337=FACE_OUTER_BOUND('',#806,.T.);
#338=FACE_OUTER_BOUND('',#807,.T.);
#339=FACE_OUTER_BOUND('',#808,.T.);
#340=FACE_OUTER_BOUND('',#809,.T.);
#341=FACE_OUTER_BOUND('',#810,.T.);
#342=FACE_OUTER_BOUND('',#811,.T.);
#343=FACE_OUTER_BOUND('',#812,.T.);
#344=FACE_OUTER_BOUND('',#813,.T.);
#345=FACE_OUTER_BOUND('',#814,.T.);
#346=FACE_OUTER_BOUND('',#815,.T.);
#347=FACE_OUTER_BOUND('',#816,.T.);
#348=FACE_OUTER_BOUND('',#817,.T.);
#349=FACE_OUTER_BOUND('',#818,.T.);
#350=FACE_OUTER_BOUND('',#819,.T.);
#351=FACE_OUTER_BOUND('',#820,.T.);
#352=FACE_OUTER_BOUND('',#821,.T.);
#353=FACE_OUTER_BOUND('',#822,.T.);
#354=FACE_OUTER_BOUND('',#823,.T.);
#355=FACE_OUTER_BOUND('',#824,.T.);
#356=FACE_OUTER_BOUND('',#825,.T.);
#357=FACE_OUTER_BOUND('',#826,.T.);
#358=FACE_OUTER_BOUND('',#827,.T.);
#359=FACE_OUTER_BOUND('',#828,.T.);
#360=FACE_OUTER_BOUND('',#829,.T.);
#361=FACE_OUTER_BOUND('',#830,.T.);
#362=FACE_OUTER_BOUND('',#831,.T.);
#363=FACE_OUTER_BOUND('',#832,.T.);
#364=FACE_OUTER_BOUND('',#833,.T.);
#365=FACE_OUTER_BOUND('',#834,.T.);
#366=FACE_OUTER_BOUND('',#835,.T.);
#367=FACE_OUTER_BOUND('',#836,.T.);
#368=FACE_OUTER_BOUND('',#837,.T.);
#369=FACE_OUTER_BOUND('',#838,.T.);
#370=FACE_OUTER_BOUND('',#839,.T.);
#371=FACE_OUTER_BOUND('',#840,.T.);
#372=FACE_OUTER_BOUND('',#841,.T.);
#373=FACE_OUTER_BOUND('',#842,.T.);
#374=FACE_OUTER_BOUND('',#843,.T.);
#375=FACE_OUTER_BOUND('',#844,.T.);
#376=FACE_OUTER_BOUND('',#845,.T.);
#377=FACE_OUTER_BOUND('',#846,.T.);
#378=FACE_OUTER_BOUND('',#847,.T.);
#379=FACE_OUTER_BOUND('',#848,.T.);
#380=FACE_OUTER_BOUND('',#849,.T.);
#381=FACE_OUTER_BOUND('',#850,.T.);
#382=FACE_OUTER_BOUND('',#851,.T.);
#383=FACE_OUTER_BOUND('',#852,.T.);
#384=FACE_OUTER_BOUND('',#853,.T.);
#385=FACE_OUTER_BOUND('',#854,.T.);
#386=FACE_OUTER_BOUND('',#855,.T.);
#387=FACE_OUTER_BOUND('',#856,.T.);
#388=FACE_OUTER_BOUND('',#857,.T.);
#389=FACE_OUTER_BOUND('',#858,.T.);
#390=FACE_OUTER_BOUND('',#859,.T.);
#391=FACE_OUTER_BOUND('',#860,.T.);
#392=FACE_OUTER_BOUND('',#861,.T.);
#393=FACE_OUTER_BOUND('',#862,.T.);
#394=FACE_OUTER_BOUND('',#863,.T.);
#395=FACE_OUTER_BOUND('',#864,.T.);
#396=FACE_OUTER_BOUND('',#865,.T.);
#397=FACE_OUTER_BOUND('',#866,.T.);
#398=FACE_OUTER_BOUND('',#867,.T.);
#399=FACE_OUTER_BOUND('',#868,.T.);
#400=FACE_OUTER_BOUND('',#869,.T.);
#401=FACE_OUTER_BOUND('',#870,.T.);
#402=FACE_OUTER_BOUND('',#871,.T.);
#403=FACE_OUTER_BOUND('',#872,.T.);
#404=FACE_OUTER_BOUND('',#873,.T.);
#405=FACE_OUTER_BOUND('',#874,.T.);
#406=FACE_OUTER_BOUND('',#875,.T.);
#407=FACE_OUTER_BOUND('',#876,.T.);
#408=FACE_OUTER_BOUND('',#877,.T.);
#409=FACE_OUTER_BOUND('',#878,.T.);
#410=FACE_OUTER_BOUND('',#879,.T.);
#411=FACE_OUTER_BOUND('',#880,.T.);
#412=FACE_OUTER_BOUND('',#881,.T.);
#413=FACE_OUTER_BOUND('',#882,.T.);
#414=FACE_OUTER_BOUND('',#883,.T.);
#415=FACE_OUTER_BOUND('',#884,.T.);
#416=FACE_OUTER_BOUND('',#885,.T.);
#417=FACE_OUTER_BOUND('',#886,.T.);
#418=FACE_OUTER_BOUND('',#887,.T.);
#419=FACE_OUTER_BOUND('',#888,.T.);
#420=FACE_OUTER_BOUND('',#889,.T.);
#421=FACE_OUTER_BOUND('',#890,.T.);
#422=FACE_OUTER_BOUND('',#891,.T.);
#423=FACE_OUTER_BOUND('',#892,.T.);
#424=FACE_OUTER_BOUND('',#893,.T.);
#425=FACE_OUTER_BOUND('',#894,.T.);
#426=FACE_OUTER_BOUND('',#895,.T.);
#427=FACE_OUTER_BOUND('',#896,.T.);
#428=FACE_OUTER_BOUND('',#897,.T.);
#429=FACE_OUTER_BOUND('',#898,.T.);
#430=FACE_OUTER_BOUND('',#899,.T.);
#431=FACE_OUTER_BOUND('',#900,.T.);
#432=FACE_OUTER_BOUND('',#901,.T.);
#433=FACE_OUTER_BOUND('',#902,.T.);
#434=FACE_OUTER_BOUND('',#903,.T.);
#435=FACE_OUTER_BOUND('',#904,.T.);
#436=FACE_OUTER_BOUND('',#905,.T.);
#437=FACE_OUTER_BOUND('',#906,.T.);
#438=FACE_OUTER_BOUND('',#907,.T.);
#439=FACE_OUTER_BOUND('',#908,.T.);
#440=FACE_OUTER_BOUND('',#909,.T.);
#441=FACE_OUTER_BOUND('',#910,.T.);
#442=FACE_OUTER_BOUND('',#911,.T.);
#443=FACE_OUTER_BOUND('',#912,.T.);
#444=FACE_OUTER_BOUND('',#913,.T.);
#445=FACE_OUTER_BOUND('',#914,.T.);
#446=FACE_OUTER_BOUND('',#915,.T.);
#447=FACE_OUTER_BOUND('',#916,.T.);
#448=FACE_OUTER_BOUND('',#917,.T.);
#449=FACE_OUTER_BOUND('',#918,.T.);
#450=FACE_OUTER_BOUND('',#919,.T.);
#451=FACE_OUTER_BOUND('',#920,.T.);
#452=FACE_OUTER_BOUND('',#921,.T.);
#453=FACE_OUTER_BOUND('',#922,.T.);
#454=FACE_OUTER_BOUND('',#923,.T.);
#455=FACE_OUTER_BOUND('',#924,.T.);
#456=FACE_OUTER_BOUND('',#925,.T.);
#457=FACE_OUTER_BOUND('',#926,.T.);
#458=FACE_OUTER_BOUND('',#927,.T.);
#459=FACE_OUTER_BOUND('',#928,.T.);
#460=FACE_OUTER_BOUND('',#929,.T.);
#461=FACE_OUTER_BOUND('',#930,.T.);
#462=FACE_OUTER_BOUND('',#931,.T.);
#463=FACE_OUTER_BOUND('',#932,.T.);
#464=FACE_OUTER_BOUND('',#933,.T.);
#465=FACE_OUTER_BOUND('',#934,.T.);
#466=FACE_OUTER_BOUND('',#935,.T.);
#467=FACE_OUTER_BOUND('',#936,.T.);
#468=FACE_OUTER_BOUND('',#937,.T.);
#469=FACE_OUTER_BOUND('',#938,.T.);
#470=FACE_OUTER_BOUND('',#939,.T.);
#471=FACE_OUTER_BOUND('',#940,.T.);
#472=FACE_OUTER_BOUND('',#941,.T.);
#473=FACE_OUTER_BOUND('',#942,.T.);
#474=FACE_OUTER_BOUND('',#943,.T.);
#475=FACE_OUTER_BOUND('',#944,.T.);
#476=FACE_OUTER_BOUND('',#945,.T.);
#477=FACE_OUTER_BOUND('',#946,.T.);
#478=FACE_OUTER_BOUND('',#947,.T.);
#479=FACE_OUTER_BOUND('',#948,.T.);
#480=FACE_OUTER_BOUND('',#949,.T.);
#481=FACE_OUTER_BOUND('',#950,.T.);
#482=FACE_OUTER_BOUND('',#951,.T.);
#483=FACE_OUTER_BOUND('',#952,.T.);
#484=FACE_OUTER_BOUND('',#953,.T.);
#485=FACE_OUTER_BOUND('',#954,.T.);
#486=FACE_OUTER_BOUND('',#955,.T.);
#487=FACE_OUTER_BOUND('',#956,.T.);
#488=FACE_OUTER_BOUND('',#957,.T.);
#489=FACE_OUTER_BOUND('',#958,.T.);
#490=FACE_OUTER_BOUND('',#959,.T.);
#491=FACE_OUTER_BOUND('',#960,.T.);
#492=FACE_OUTER_BOUND('',#961,.T.);
#493=FACE_OUTER_BOUND('',#962,.T.);
#494=FACE_OUTER_BOUND('',#963,.T.);
#495=FACE_OUTER_BOUND('',#964,.T.);
#496=FACE_OUTER_BOUND('',#965,.T.);
#497=FACE_OUTER_BOUND('',#966,.T.);
#498=FACE_OUTER_BOUND('',#967,.T.);
#499=FACE_OUTER_BOUND('',#968,.T.);
#500=FACE_OUTER_BOUND('',#969,.T.);
#501=FACE_OUTER_BOUND('',#970,.T.);
#502=FACE_OUTER_BOUND('',#971,.T.);
#503=FACE_OUTER_BOUND('',#972,.T.);
#504=FACE_OUTER_BOUND('',#973,.T.);
#505=FACE_OUTER_BOUND('',#974,.T.);
#506=FACE_OUTER_BOUND('',#975,.T.);
#507=FACE_OUTER_BOUND('',#976,.T.);
#508=FACE_OUTER_BOUND('',#977,.T.);
#509=FACE_OUTER_BOUND('',#978,.T.);
#510=FACE_OUTER_BOUND('',#979,.T.);
#511=FACE_OUTER_BOUND('',#980,.T.);
#512=FACE_OUTER_BOUND('',#981,.T.);
#513=FACE_OUTER_BOUND('',#982,.T.);
#514=FACE_OUTER_BOUND('',#983,.T.);
#515=FACE_OUTER_BOUND('',#984,.T.);
#516=FACE_OUTER_BOUND('',#985,.T.);
#517=FACE_OUTER_BOUND('',#986,.T.);
#518=FACE_OUTER_BOUND('',#987,.T.);
#519=FACE_OUTER_BOUND('',#988,.T.);
#520=FACE_OUTER_BOUND('',#989,.T.);
#521=FACE_OUTER_BOUND('',#990,.T.);
#522=FACE_OUTER_BOUND('',#991,.T.);
#523=FACE_OUTER_BOUND('',#992,.T.);
#524=FACE_OUTER_BOUND('',#993,.T.);
#525=FACE_OUTER_BOUND('',#994,.T.);
#526=FACE_OUTER_BOUND('',#995,.T.);
#527=FACE_OUTER_BOUND('',#996,.T.);
#528=FACE_OUTER_BOUND('',#997,.T.);
#529=FACE_OUTER_BOUND('',#998,.T.);
#530=FACE_OUTER_BOUND('',#999,.T.);
#531=FACE_OUTER_BOUND('',#1000,.T.);
#532=FACE_OUTER_BOUND('',#1001,.T.);
#533=FACE_OUTER_BOUND('',#1002,.T.);
#534=FACE_OUTER_BOUND('',#1003,.T.);
#535=FACE_OUTER_BOUND('',#1004,.T.);
#536=FACE_OUTER_BOUND('',#1005,.T.);
#537=FACE_OUTER_BOUND('',#1006,.T.);
#538=FACE_OUTER_BOUND('',#1007,.T.);
#539=FACE_OUTER_BOUND('',#1008,.T.);
#540=FACE_OUTER_BOUND('',#1009,.T.);
#541=FACE_OUTER_BOUND('',#1010,.T.);
#542=FACE_OUTER_BOUND('',#1011,.T.);
#543=FACE_OUTER_BOUND('',#1012,.T.);
#544=FACE_OUTER_BOUND('',#1013,.T.);
#545=FACE_OUTER_BOUND('',#1014,.T.);
#546=FACE_OUTER_BOUND('',#1015,.T.);
#547=FACE_OUTER_BOUND('',#1016,.T.);
#548=FACE_OUTER_BOUND('',#1017,.T.);
#549=FACE_OUTER_BOUND('',#1018,.T.);
#550=FACE_OUTER_BOUND('',#1019,.T.);
#551=FACE_OUTER_BOUND('',#1020,.T.);
#552=FACE_OUTER_BOUND('',#1021,.T.);
#553=FACE_OUTER_BOUND('',#1022,.T.);
#554=FACE_OUTER_BOUND('',#1023,.T.);
#555=FACE_OUTER_BOUND('',#1024,.T.);
#556=FACE_OUTER_BOUND('',#1025,.T.);
#557=FACE_OUTER_BOUND('',#1026,.T.);
#558=FACE_OUTER_BOUND('',#1027,.T.);
#559=FACE_OUTER_BOUND('',#1028,.T.);
#560=FACE_OUTER_BOUND('',#1029,.T.);
#561=FACE_OUTER_BOUND('',#1030,.T.);
#562=FACE_OUTER_BOUND('',#1031,.T.);
#563=FACE_OUTER_BOUND('',#1032,.T.);
#564=FACE_OUTER_BOUND('',#1033,.T.);
#565=FACE_OUTER_BOUND('',#1034,.T.);
#566=FACE_OUTER_BOUND('',#1035,.T.);
#567=FACE_OUTER_BOUND('',#1036,.T.);
#568=FACE_OUTER_BOUND('',#1037,.T.);
#569=FACE_OUTER_BOUND('',#1038,.T.);
#570=FACE_OUTER_BOUND('',#1039,.T.);
#571=FACE_OUTER_BOUND('',#1040,.T.);
#572=FACE_OUTER_BOUND('',#1041,.T.);
#573=FACE_OUTER_BOUND('',#1042,.T.);
#574=FACE_OUTER_BOUND('',#1043,.T.);
#575=FACE_OUTER_BOUND('',#1044,.T.);
#576=FACE_OUTER_BOUND('',#1045,.T.);
#577=FACE_OUTER_BOUND('',#1046,.T.);
#578=FACE_OUTER_BOUND('',#1047,.T.);
#579=FACE_OUTER_BOUND('',#1048,.T.);
#580=FACE_OUTER_BOUND('',#1049,.T.);
#581=FACE_OUTER_BOUND('',#1050,.T.);
#582=FACE_OUTER_BOUND('',#1051,.T.);
#583=FACE_OUTER_BOUND('',#1052,.T.);
#584=FACE_OUTER_BOUND('',#1053,.T.);
#585=FACE_OUTER_BOUND('',#1054,.T.);
#586=FACE_OUTER_BOUND('',#1055,.T.);
#587=FACE_OUTER_BOUND('',#1056,.T.);
#588=FACE_OUTER_BOUND('',#1057,.T.);
#589=FACE_OUTER_BOUND('',#1058,.T.);
#590=FACE_OUTER_BOUND('',#1059,.T.);
#591=FACE_OUTER_BOUND('',#1060,.T.);
#592=FACE_OUTER_BOUND('',#1061,.T.);
#593=FACE_OUTER_BOUND('',#1062,.T.);
#594=FACE_OUTER_BOUND('',#1063,.T.);
#595=FACE_OUTER_BOUND('',#1064,.T.);
#596=FACE_OUTER_BOUND('',#1065,.T.);
#597=FACE_OUTER_BOUND('',#1066,.T.);
#598=FACE_OUTER_BOUND('',#1067,.T.);
#599=FACE_OUTER_BOUND('',#1068,.T.);
#600=FACE_OUTER_BOUND('',#1069,.T.);
#601=FACE_OUTER_BOUND('',#1070,.T.);
#602=FACE_OUTER_BOUND('',#1071,.T.);
#603=FACE_OUTER_BOUND('',#1072,.T.);
#604=FACE_OUTER_BOUND('',#1073,.T.);
#605=FACE_OUTER_BOUND('',#1074,.T.);
#606=FACE_OUTER_BOUND('',#1075,.T.);
#607=FACE_OUTER_BOUND('',#1076,.T.);
#608=FACE_OUTER_BOUND('',#1077,.T.);
#609=FACE_OUTER_BOUND('',#1078,.T.);
#610=FACE_OUTER_BOUND('',#1079,.T.);
#611=FACE_OUTER_BOUND('',#1080,.T.);
#612=FACE_OUTER_BOUND('',#1081,.T.);
#613=FACE_OUTER_BOUND('',#1082,.T.);
#614=FACE_OUTER_BOUND('',#1083,.T.);
#615=FACE_OUTER_BOUND('',#1084,.T.);
#616=FACE_OUTER_BOUND('',#1085,.T.);
#617=FACE_OUTER_BOUND('',#1086,.T.);
#618=FACE_OUTER_BOUND('',#1087,.T.);
#619=FACE_OUTER_BOUND('',#1088,.T.);
#620=FACE_OUTER_BOUND('',#1089,.T.);
#621=FACE_OUTER_BOUND('',#1090,.T.);
#622=FACE_OUTER_BOUND('',#1091,.T.);
#623=FACE_OUTER_BOUND('',#1092,.T.);
#624=FACE_OUTER_BOUND('',#1093,.T.);
#625=FACE_OUTER_BOUND('',#1094,.T.);
#626=FACE_OUTER_BOUND('',#1095,.T.);
#627=FACE_OUTER_BOUND('',#1096,.T.);
#628=FACE_OUTER_BOUND('',#1097,.T.);
#629=FACE_OUTER_BOUND('',#1098,.T.);
#630=FACE_OUTER_BOUND('',#1099,.T.);
#631=FACE_OUTER_BOUND('',#1100,.T.);
#632=FACE_OUTER_BOUND('',#1101,.T.);
#633=FACE_OUTER_BOUND('',#1102,.T.);
#634=FACE_OUTER_BOUND('',#1103,.T.);
#635=FACE_OUTER_BOUND('',#1104,.T.);
#636=FACE_OUTER_BOUND('',#1105,.T.);
#637=FACE_OUTER_BOUND('',#1122,.T.);
#638=FACE_OUTER_BOUND('',#1139,.T.);
#639=FACE_OUTER_BOUND('',#1140,.T.);
#640=FACE_OUTER_BOUND('',#1141,.T.);
#641=FACE_OUTER_BOUND('',#1142,.T.);
#642=FACE_OUTER_BOUND('',#1143,.T.);
#643=FACE_OUTER_BOUND('',#1144,.T.);
#644=FACE_OUTER_BOUND('',#1145,.T.);
#645=FACE_OUTER_BOUND('',#1146,.T.);
#646=FACE_OUTER_BOUND('',#1147,.T.);
#647=FACE_OUTER_BOUND('',#1148,.T.);
#648=FACE_OUTER_BOUND('',#1149,.T.);
#649=FACE_OUTER_BOUND('',#1150,.T.);
#650=FACE_OUTER_BOUND('',#1151,.T.);
#651=FACE_OUTER_BOUND('',#1152,.T.);
#652=FACE_OUTER_BOUND('',#1153,.T.);
#653=FACE_OUTER_BOUND('',#1154,.T.);
#654=FACE_OUTER_BOUND('',#1155,.T.);
#655=FACE_OUTER_BOUND('',#1156,.T.);
#656=FACE_OUTER_BOUND('',#1157,.T.);
#657=FACE_OUTER_BOUND('',#1158,.T.);
#658=FACE_OUTER_BOUND('',#1159,.T.);
#659=FACE_OUTER_BOUND('',#1160,.T.);
#660=FACE_OUTER_BOUND('',#1161,.T.);
#661=FACE_OUTER_BOUND('',#1162,.T.);
#662=FACE_OUTER_BOUND('',#1163,.T.);
#663=FACE_OUTER_BOUND('',#1164,.T.);
#664=FACE_OUTER_BOUND('',#1165,.T.);
#665=FACE_OUTER_BOUND('',#1166,.T.);
#666=FACE_OUTER_BOUND('',#1167,.T.);
#667=FACE_OUTER_BOUND('',#1168,.T.);
#668=FACE_OUTER_BOUND('',#1169,.T.);
#669=FACE_OUTER_BOUND('',#1170,.T.);
#670=FACE_OUTER_BOUND('',#1171,.T.);
#671=FACE_OUTER_BOUND('',#1172,.T.);
#672=FACE_OUTER_BOUND('',#1173,.T.);
#673=FACE_OUTER_BOUND('',#1174,.T.);
#674=FACE_OUTER_BOUND('',#1175,.T.);
#675=FACE_OUTER_BOUND('',#1176,.T.);
#676=FACE_OUTER_BOUND('',#1177,.T.);
#677=FACE_OUTER_BOUND('',#1178,.T.);
#678=FACE_OUTER_BOUND('',#1179,.T.);
#679=FACE_OUTER_BOUND('',#1180,.T.);
#680=FACE_OUTER_BOUND('',#1181,.T.);
#681=FACE_OUTER_BOUND('',#1182,.T.);
#682=FACE_OUTER_BOUND('',#1183,.T.);
#683=FACE_OUTER_BOUND('',#1184,.T.);
#684=FACE_OUTER_BOUND('',#1185,.T.);
#685=FACE_OUTER_BOUND('',#1186,.T.);
#686=FACE_OUTER_BOUND('',#1187,.T.);
#687=FACE_OUTER_BOUND('',#1188,.T.);
#688=FACE_OUTER_BOUND('',#1189,.T.);
#689=FACE_OUTER_BOUND('',#1190,.T.);
#690=FACE_OUTER_BOUND('',#1191,.T.);
#691=FACE_OUTER_BOUND('',#1192,.T.);
#692=FACE_OUTER_BOUND('',#1193,.T.);
#693=FACE_OUTER_BOUND('',#1194,.T.);
#694=FACE_OUTER_BOUND('',#1195,.T.);
#695=FACE_OUTER_BOUND('',#1196,.T.);
#696=FACE_OUTER_BOUND('',#1197,.T.);
#697=FACE_OUTER_BOUND('',#1198,.T.);
#698=FACE_OUTER_BOUND('',#1199,.T.);
#699=FACE_OUTER_BOUND('',#1200,.T.);
#700=FACE_OUTER_BOUND('',#1201,.T.);
#701=FACE_OUTER_BOUND('',#1202,.T.);
#702=FACE_OUTER_BOUND('',#1203,.T.);
#703=FACE_OUTER_BOUND('',#1204,.T.);
#704=FACE_OUTER_BOUND('',#1205,.T.);
#705=FACE_OUTER_BOUND('',#1206,.T.);
#706=FACE_OUTER_BOUND('',#1207,.T.);
#707=FACE_OUTER_BOUND('',#1208,.T.);
#708=FACE_OUTER_BOUND('',#1209,.T.);
#709=FACE_OUTER_BOUND('',#1210,.T.);
#710=FACE_OUTER_BOUND('',#1211,.T.);
#711=FACE_OUTER_BOUND('',#1212,.T.);
#712=FACE_OUTER_BOUND('',#1213,.T.);
#713=FACE_OUTER_BOUND('',#1214,.T.);
#714=FACE_OUTER_BOUND('',#1215,.T.);
#715=FACE_OUTER_BOUND('',#1216,.T.);
#716=FACE_OUTER_BOUND('',#1217,.T.);
#717=FACE_OUTER_BOUND('',#1218,.T.);
#718=FACE_OUTER_BOUND('',#1219,.T.);
#719=FACE_OUTER_BOUND('',#1220,.T.);
#720=FACE_OUTER_BOUND('',#1221,.T.);
#721=FACE_OUTER_BOUND('',#1222,.T.);
#722=FACE_OUTER_BOUND('',#1223,.T.);
#723=FACE_OUTER_BOUND('',#1224,.T.);
#724=FACE_OUTER_BOUND('',#1225,.T.);
#725=FACE_OUTER_BOUND('',#1226,.T.);
#726=FACE_OUTER_BOUND('',#1227,.T.);
#727=FACE_OUTER_BOUND('',#1228,.T.);
#728=FACE_OUTER_BOUND('',#1229,.T.);
#729=FACE_OUTER_BOUND('',#1231,.T.);
#730=FACE_OUTER_BOUND('',#1232,.T.);
#731=FACE_OUTER_BOUND('',#1233,.T.);
#732=FACE_OUTER_BOUND('',#1234,.T.);
#733=FACE_OUTER_BOUND('',#1235,.T.);
#734=EDGE_LOOP('',(#4936,#4937,#4938,#4939));
#735=EDGE_LOOP('',(#4940,#4941,#4942,#4943));
#736=EDGE_LOOP('',(#4944,#4945,#4946,#4947));
#737=EDGE_LOOP('',(#4948,#4949,#4950,#4951,#4952,#4953,#4954,#4955,#4956,
#4957,#4958,#4959,#4960,#4961,#4962,#4963,#4964,#4965,#4966,#4967,#4968,
#4969,#4970,#4971,#4972,#4973,#4974,#4975,#4976,#4977,#4978,#4979,#4980,
#4981,#4982,#4983,#4984,#4985,#4986,#4987,#4988,#4989,#4990,#4991));
#738=EDGE_LOOP('',(#4992,#4993,#4994,#4995));
#739=EDGE_LOOP('',(#4996,#4997,#4998,#4999));
#740=EDGE_LOOP('',(#5000,#5001,#5002,#5003));
#741=EDGE_LOOP('',(#5004,#5005,#5006,#5007));
#742=EDGE_LOOP('',(#5008,#5009,#5010,#5011));
#743=EDGE_LOOP('',(#5012,#5013,#5014,#5015));
#744=EDGE_LOOP('',(#5016,#5017,#5018,#5019));
#745=EDGE_LOOP('',(#5020,#5021,#5022,#5023));
#746=EDGE_LOOP('',(#5024,#5025,#5026,#5027));
#747=EDGE_LOOP('',(#5028,#5029,#5030,#5031));
#748=EDGE_LOOP('',(#5032,#5033,#5034,#5035));
#749=EDGE_LOOP('',(#5036,#5037,#5038,#5039));
#750=EDGE_LOOP('',(#5040,#5041,#5042,#5043));
#751=EDGE_LOOP('',(#5044,#5045,#5046,#5047));
#752=EDGE_LOOP('',(#5048,#5049,#5050,#5051,#5052,#5053,#5054,#5055,#5056,
#5057,#5058,#5059,#5060,#5061,#5062,#5063,#5064,#5065,#5066,#5067,#5068,
#5069,#5070,#5071,#5072,#5073,#5074,#5075,#5076,#5077,#5078,#5079,#5080,
#5081,#5082,#5083,#5084,#5085,#5086,#5087,#5088,#5089,#5090,#5091));
#753=EDGE_LOOP('',(#5092,#5093,#5094,#5095));
#754=EDGE_LOOP('',(#5096,#5097,#5098,#5099));
#755=EDGE_LOOP('',(#5100,#5101,#5102,#5103));
#756=EDGE_LOOP('',(#5104,#5105,#5106,#5107));
#757=EDGE_LOOP('',(#5108,#5109,#5110,#5111));
#758=EDGE_LOOP('',(#5112,#5113,#5114,#5115));
#759=EDGE_LOOP('',(#5116,#5117,#5118,#5119));
#760=EDGE_LOOP('',(#5120,#5121,#5122,#5123));
#761=EDGE_LOOP('',(#5124,#5125,#5126,#5127));
#762=EDGE_LOOP('',(#5128,#5129,#5130,#5131));
#763=EDGE_LOOP('',(#5132,#5133,#5134,#5135));
#764=EDGE_LOOP('',(#5136,#5137,#5138,#5139));
#765=EDGE_LOOP('',(#5140,#5141,#5142,#5143));
#766=EDGE_LOOP('',(#5144,#5145,#5146,#5147));
#767=EDGE_LOOP('',(#5148,#5149,#5150,#5151));
#768=EDGE_LOOP('',(#5152,#5153,#5154,#5155));
#769=EDGE_LOOP('',(#5156,#5157,#5158,#5159));
#770=EDGE_LOOP('',(#5160,#5161,#5162,#5163));
#771=EDGE_LOOP('',(#5164,#5165,#5166,#5167));
#772=EDGE_LOOP('',(#5168,#5169,#5170,#5171));
#773=EDGE_LOOP('',(#5172,#5173,#5174,#5175));
#774=EDGE_LOOP('',(#5176,#5177,#5178,#5179));
#775=EDGE_LOOP('',(#5180,#5181,#5182,#5183));
#776=EDGE_LOOP('',(#5184,#5185,#5186,#5187));
#777=EDGE_LOOP('',(#5188,#5189,#5190,#5191));
#778=EDGE_LOOP('',(#5192,#5193,#5194,#5195));
#779=EDGE_LOOP('',(#5196,#5197,#5198,#5199));
#780=EDGE_LOOP('',(#5200,#5201,#5202,#5203));
#781=EDGE_LOOP('',(#5204,#5205,#5206,#5207));
#782=EDGE_LOOP('',(#5208,#5209,#5210,#5211));
#783=EDGE_LOOP('',(#5212,#5213,#5214,#5215));
#784=EDGE_LOOP('',(#5216,#5217,#5218,#5219));
#785=EDGE_LOOP('',(#5220,#5221,#5222,#5223));
#786=EDGE_LOOP('',(#5224,#5225,#5226,#5227));
#787=EDGE_LOOP('',(#5228,#5229,#5230,#5231));
#788=EDGE_LOOP('',(#5232,#5233,#5234,#5235));
#789=EDGE_LOOP('',(#5236,#5237,#5238,#5239));
#790=EDGE_LOOP('',(#5240,#5241,#5242,#5243));
#791=EDGE_LOOP('',(#5244,#5245,#5246,#5247));
#792=EDGE_LOOP('',(#5248,#5249,#5250,#5251));
#793=EDGE_LOOP('',(#5252,#5253,#5254,#5255));
#794=EDGE_LOOP('',(#5256,#5257,#5258,#5259));
#795=EDGE_LOOP('',(#5260,#5261,#5262,#5263));
#796=EDGE_LOOP('',(#5264,#5265,#5266,#5267));
#797=EDGE_LOOP('',(#5268,#5269,#5270,#5271));
#798=EDGE_LOOP('',(#5272,#5273,#5274,#5275));
#799=EDGE_LOOP('',(#5276,#5277,#5278,#5279));
#800=EDGE_LOOP('',(#5280,#5281,#5282,#5283));
#801=EDGE_LOOP('',(#5284,#5285,#5286,#5287));
#802=EDGE_LOOP('',(#5288,#5289,#5290,#5291));
#803=EDGE_LOOP('',(#5292,#5293,#5294,#5295));
#804=EDGE_LOOP('',(#5296,#5297,#5298,#5299));
#805=EDGE_LOOP('',(#5300,#5301,#5302,#5303));
#806=EDGE_LOOP('',(#5304,#5305,#5306,#5307));
#807=EDGE_LOOP('',(#5308,#5309,#5310,#5311));
#808=EDGE_LOOP('',(#5312,#5313,#5314,#5315));
#809=EDGE_LOOP('',(#5316,#5317,#5318,#5319,#5320,#5321,#5322));
#810=EDGE_LOOP('',(#5323,#5324,#5325,#5326));
#811=EDGE_LOOP('',(#5327,#5328,#5329,#5330,#5331,#5332,#5333));
#812=EDGE_LOOP('',(#5334,#5335,#5336,#5337));
#813=EDGE_LOOP('',(#5338,#5339,#5340,#5341,#5342,#5343,#5344));
#814=EDGE_LOOP('',(#5345,#5346,#5347,#5348));
#815=EDGE_LOOP('',(#5349,#5350,#5351,#5352,#5353,#5354,#5355));
#816=EDGE_LOOP('',(#5356,#5357,#5358,#5359));
#817=EDGE_LOOP('',(#5360,#5361,#5362,#5363,#5364,#5365,#5366));
#818=EDGE_LOOP('',(#5367,#5368,#5369,#5370));
#819=EDGE_LOOP('',(#5371,#5372,#5373,#5374,#5375,#5376,#5377));
#820=EDGE_LOOP('',(#5378,#5379,#5380,#5381,#5382,#5383,#5384));
#821=EDGE_LOOP('',(#5385,#5386,#5387,#5388));
#822=EDGE_LOOP('',(#5389,#5390,#5391,#5392,#5393,#5394,#5395));
#823=EDGE_LOOP('',(#5396,#5397,#5398,#5399));
#824=EDGE_LOOP('',(#5400,#5401,#5402,#5403));
#825=EDGE_LOOP('',(#5404,#5405,#5406,#5407,#5408,#5409,#5410));
#826=EDGE_LOOP('',(#5411,#5412,#5413,#5414));
#827=EDGE_LOOP('',(#5415,#5416,#5417,#5418,#5419,#5420,#5421));
#828=EDGE_LOOP('',(#5422,#5423,#5424,#5425));
#829=EDGE_LOOP('',(#5426,#5427,#5428,#5429,#5430,#5431,#5432));
#830=EDGE_LOOP('',(#5433,#5434,#5435,#5436));
#831=EDGE_LOOP('',(#5437,#5438,#5439,#5440,#5441,#5442,#5443));
#832=EDGE_LOOP('',(#5444,#5445,#5446,#5447));
#833=EDGE_LOOP('',(#5448,#5449,#5450,#5451,#5452,#5453,#5454));
#834=EDGE_LOOP('',(#5455,#5456,#5457,#5458));
#835=EDGE_LOOP('',(#5459,#5460,#5461,#5462,#5463,#5464,#5465));
#836=EDGE_LOOP('',(#5466,#5467,#5468,#5469));
#837=EDGE_LOOP('',(#5470,#5471,#5472,#5473,#5474,#5475,#5476));
#838=EDGE_LOOP('',(#5477,#5478,#5479,#5480));
#839=EDGE_LOOP('',(#5481,#5482,#5483,#5484,#5485,#5486,#5487));
#840=EDGE_LOOP('',(#5488,#5489,#5490,#5491));
#841=EDGE_LOOP('',(#5492,#5493,#5494,#5495,#5496,#5497,#5498));
#842=EDGE_LOOP('',(#5499,#5500,#5501,#5502));
#843=EDGE_LOOP('',(#5503,#5504,#5505,#5506,#5507,#5508,#5509));
#844=EDGE_LOOP('',(#5510,#5511,#5512,#5513));
#845=EDGE_LOOP('',(#5514,#5515,#5516,#5517,#5518,#5519,#5520));
#846=EDGE_LOOP('',(#5521,#5522,#5523,#5524));
#847=EDGE_LOOP('',(#5525,#5526,#5527,#5528,#5529,#5530,#5531));
#848=EDGE_LOOP('',(#5532,#5533,#5534,#5535,#5536,#5537,#5538));
#849=EDGE_LOOP('',(#5539,#5540,#5541,#5542));
#850=EDGE_LOOP('',(#5543,#5544,#5545,#5546,#5547,#5548,#5549));
#851=EDGE_LOOP('',(#5550,#5551,#5552,#5553));
#852=EDGE_LOOP('',(#5554,#5555,#5556,#5557));
#853=EDGE_LOOP('',(#5558,#5559,#5560,#5561,#5562,#5563,#5564));
#854=EDGE_LOOP('',(#5565,#5566,#5567,#5568));
#855=EDGE_LOOP('',(#5569,#5570,#5571,#5572,#5573,#5574,#5575));
#856=EDGE_LOOP('',(#5576,#5577,#5578,#5579,#5580,#5581,#5582));
#857=EDGE_LOOP('',(#5583,#5584,#5585,#5586));
#858=EDGE_LOOP('',(#5587,#5588,#5589,#5590,#5591,#5592,#5593));
#859=EDGE_LOOP('',(#5594,#5595,#5596,#5597));
#860=EDGE_LOOP('',(#5598,#5599,#5600,#5601,#5602,#5603,#5604));
#861=EDGE_LOOP('',(#5605,#5606,#5607,#5608));
#862=EDGE_LOOP('',(#5609,#5610,#5611,#5612,#5613,#5614,#5615));
#863=EDGE_LOOP('',(#5616,#5617,#5618,#5619));
#864=EDGE_LOOP('',(#5620,#5621,#5622,#5623));
#865=EDGE_LOOP('',(#5624,#5625,#5626,#5627));
#866=EDGE_LOOP('',(#5628,#5629,#5630,#5631));
#867=EDGE_LOOP('',(#5632,#5633,#5634,#5635));
#868=EDGE_LOOP('',(#5636,#5637,#5638,#5639));
#869=EDGE_LOOP('',(#5640,#5641,#5642,#5643));
#870=EDGE_LOOP('',(#5644,#5645,#5646,#5647));
#871=EDGE_LOOP('',(#5648,#5649,#5650,#5651));
#872=EDGE_LOOP('',(#5652,#5653,#5654,#5655));
#873=EDGE_LOOP('',(#5656,#5657,#5658,#5659));
#874=EDGE_LOOP('',(#5660,#5661,#5662,#5663));
#875=EDGE_LOOP('',(#5664,#5665,#5666,#5667));
#876=EDGE_LOOP('',(#5668,#5669,#5670,#5671));
#877=EDGE_LOOP('',(#5672,#5673,#5674,#5675));
#878=EDGE_LOOP('',(#5676,#5677,#5678,#5679));
#879=EDGE_LOOP('',(#5680,#5681,#5682,#5683));
#880=EDGE_LOOP('',(#5684,#5685,#5686,#5687));
#881=EDGE_LOOP('',(#5688,#5689,#5690,#5691));
#882=EDGE_LOOP('',(#5692,#5693,#5694,#5695));
#883=EDGE_LOOP('',(#5696,#5697,#5698,#5699));
#884=EDGE_LOOP('',(#5700,#5701,#5702,#5703));
#885=EDGE_LOOP('',(#5704,#5705,#5706,#5707));
#886=EDGE_LOOP('',(#5708,#5709,#5710,#5711));
#887=EDGE_LOOP('',(#5712,#5713,#5714,#5715));
#888=EDGE_LOOP('',(#5716,#5717,#5718,#5719));
#889=EDGE_LOOP('',(#5720,#5721,#5722,#5723));
#890=EDGE_LOOP('',(#5724,#5725,#5726,#5727));
#891=EDGE_LOOP('',(#5728,#5729,#5730,#5731));
#892=EDGE_LOOP('',(#5732,#5733,#5734,#5735));
#893=EDGE_LOOP('',(#5736,#5737,#5738,#5739));
#894=EDGE_LOOP('',(#5740,#5741,#5742,#5743));
#895=EDGE_LOOP('',(#5744,#5745,#5746,#5747));
#896=EDGE_LOOP('',(#5748,#5749,#5750,#5751));
#897=EDGE_LOOP('',(#5752,#5753,#5754,#5755));
#898=EDGE_LOOP('',(#5756,#5757,#5758,#5759));
#899=EDGE_LOOP('',(#5760,#5761,#5762,#5763));
#900=EDGE_LOOP('',(#5764,#5765,#5766,#5767));
#901=EDGE_LOOP('',(#5768,#5769,#5770,#5771));
#902=EDGE_LOOP('',(#5772,#5773,#5774,#5775));
#903=EDGE_LOOP('',(#5776,#5777,#5778,#5779));
#904=EDGE_LOOP('',(#5780,#5781,#5782,#5783));
#905=EDGE_LOOP('',(#5784,#5785,#5786,#5787));
#906=EDGE_LOOP('',(#5788,#5789,#5790,#5791));
#907=EDGE_LOOP('',(#5792,#5793,#5794,#5795));
#908=EDGE_LOOP('',(#5796,#5797,#5798,#5799));
#909=EDGE_LOOP('',(#5800,#5801,#5802,#5803));
#910=EDGE_LOOP('',(#5804,#5805,#5806,#5807));
#911=EDGE_LOOP('',(#5808,#5809,#5810,#5811));
#912=EDGE_LOOP('',(#5812,#5813,#5814,#5815));
#913=EDGE_LOOP('',(#5816,#5817,#5818,#5819));
#914=EDGE_LOOP('',(#5820,#5821,#5822,#5823));
#915=EDGE_LOOP('',(#5824,#5825,#5826,#5827));
#916=EDGE_LOOP('',(#5828,#5829,#5830,#5831));
#917=EDGE_LOOP('',(#5832,#5833,#5834,#5835));
#918=EDGE_LOOP('',(#5836,#5837,#5838,#5839));
#919=EDGE_LOOP('',(#5840,#5841,#5842,#5843));
#920=EDGE_LOOP('',(#5844,#5845,#5846,#5847));
#921=EDGE_LOOP('',(#5848,#5849,#5850,#5851));
#922=EDGE_LOOP('',(#5852,#5853,#5854,#5855));
#923=EDGE_LOOP('',(#5856,#5857,#5858,#5859));
#924=EDGE_LOOP('',(#5860,#5861,#5862,#5863));
#925=EDGE_LOOP('',(#5864,#5865,#5866,#5867));
#926=EDGE_LOOP('',(#5868,#5869,#5870,#5871));
#927=EDGE_LOOP('',(#5872,#5873,#5874,#5875));
#928=EDGE_LOOP('',(#5876,#5877,#5878,#5879));
#929=EDGE_LOOP('',(#5880,#5881,#5882,#5883));
#930=EDGE_LOOP('',(#5884,#5885,#5886,#5887));
#931=EDGE_LOOP('',(#5888,#5889,#5890,#5891));
#932=EDGE_LOOP('',(#5892,#5893,#5894,#5895));
#933=EDGE_LOOP('',(#5896,#5897,#5898,#5899));
#934=EDGE_LOOP('',(#5900,#5901,#5902,#5903));
#935=EDGE_LOOP('',(#5904,#5905,#5906,#5907));
#936=EDGE_LOOP('',(#5908,#5909,#5910,#5911));
#937=EDGE_LOOP('',(#5912,#5913,#5914,#5915));
#938=EDGE_LOOP('',(#5916,#5917,#5918,#5919));
#939=EDGE_LOOP('',(#5920,#5921,#5922,#5923));
#940=EDGE_LOOP('',(#5924,#5925,#5926,#5927));
#941=EDGE_LOOP('',(#5928,#5929,#5930,#5931));
#942=EDGE_LOOP('',(#5932,#5933,#5934,#5935));
#943=EDGE_LOOP('',(#5936,#5937,#5938,#5939));
#944=EDGE_LOOP('',(#5940,#5941,#5942,#5943));
#945=EDGE_LOOP('',(#5944,#5945,#5946,#5947));
#946=EDGE_LOOP('',(#5948,#5949,#5950,#5951));
#947=EDGE_LOOP('',(#5952,#5953,#5954,#5955));
#948=EDGE_LOOP('',(#5956,#5957,#5958,#5959));
#949=EDGE_LOOP('',(#5960,#5961,#5962,#5963));
#950=EDGE_LOOP('',(#5964,#5965,#5966,#5967));
#951=EDGE_LOOP('',(#5968,#5969,#5970,#5971));
#952=EDGE_LOOP('',(#5972,#5973,#5974,#5975));
#953=EDGE_LOOP('',(#5976,#5977,#5978,#5979));
#954=EDGE_LOOP('',(#5980,#5981,#5982,#5983));
#955=EDGE_LOOP('',(#5984,#5985,#5986,#5987));
#956=EDGE_LOOP('',(#5988,#5989,#5990,#5991));
#957=EDGE_LOOP('',(#5992,#5993,#5994,#5995));
#958=EDGE_LOOP('',(#5996,#5997,#5998,#5999));
#959=EDGE_LOOP('',(#6000,#6001,#6002,#6003));
#960=EDGE_LOOP('',(#6004,#6005,#6006,#6007));
#961=EDGE_LOOP('',(#6008,#6009,#6010,#6011));
#962=EDGE_LOOP('',(#6012,#6013,#6014,#6015));
#963=EDGE_LOOP('',(#6016,#6017,#6018,#6019));
#964=EDGE_LOOP('',(#6020,#6021,#6022,#6023));
#965=EDGE_LOOP('',(#6024,#6025,#6026,#6027));
#966=EDGE_LOOP('',(#6028,#6029,#6030,#6031));
#967=EDGE_LOOP('',(#6032,#6033,#6034,#6035));
#968=EDGE_LOOP('',(#6036,#6037,#6038,#6039));
#969=EDGE_LOOP('',(#6040,#6041,#6042,#6043));
#970=EDGE_LOOP('',(#6044,#6045,#6046,#6047));
#971=EDGE_LOOP('',(#6048,#6049,#6050,#6051));
#972=EDGE_LOOP('',(#6052,#6053,#6054,#6055));
#973=EDGE_LOOP('',(#6056,#6057,#6058,#6059));
#974=EDGE_LOOP('',(#6060,#6061,#6062,#6063));
#975=EDGE_LOOP('',(#6064,#6065,#6066,#6067));
#976=EDGE_LOOP('',(#6068,#6069,#6070,#6071));
#977=EDGE_LOOP('',(#6072,#6073,#6074,#6075));
#978=EDGE_LOOP('',(#6076,#6077,#6078,#6079));
#979=EDGE_LOOP('',(#6080,#6081,#6082,#6083));
#980=EDGE_LOOP('',(#6084,#6085,#6086,#6087));
#981=EDGE_LOOP('',(#6088,#6089,#6090,#6091));
#982=EDGE_LOOP('',(#6092,#6093,#6094,#6095));
#983=EDGE_LOOP('',(#6096,#6097,#6098,#6099));
#984=EDGE_LOOP('',(#6100,#6101,#6102,#6103));
#985=EDGE_LOOP('',(#6104,#6105,#6106,#6107));
#986=EDGE_LOOP('',(#6108,#6109,#6110,#6111));
#987=EDGE_LOOP('',(#6112,#6113,#6114,#6115));
#988=EDGE_LOOP('',(#6116,#6117,#6118,#6119));
#989=EDGE_LOOP('',(#6120,#6121,#6122,#6123));
#990=EDGE_LOOP('',(#6124,#6125,#6126,#6127));
#991=EDGE_LOOP('',(#6128,#6129,#6130,#6131));
#992=EDGE_LOOP('',(#6132,#6133,#6134,#6135));
#993=EDGE_LOOP('',(#6136,#6137,#6138,#6139));
#994=EDGE_LOOP('',(#6140,#6141,#6142,#6143));
#995=EDGE_LOOP('',(#6144,#6145,#6146,#6147));
#996=EDGE_LOOP('',(#6148,#6149,#6150,#6151));
#997=EDGE_LOOP('',(#6152,#6153,#6154,#6155));
#998=EDGE_LOOP('',(#6156,#6157,#6158,#6159));
#999=EDGE_LOOP('',(#6160,#6161,#6162,#6163));
#1000=EDGE_LOOP('',(#6164,#6165,#6166,#6167));
#1001=EDGE_LOOP('',(#6168,#6169,#6170,#6171));
#1002=EDGE_LOOP('',(#6172,#6173,#6174,#6175));
#1003=EDGE_LOOP('',(#6176,#6177,#6178,#6179));
#1004=EDGE_LOOP('',(#6180,#6181,#6182,#6183));
#1005=EDGE_LOOP('',(#6184,#6185,#6186,#6187));
#1006=EDGE_LOOP('',(#6188,#6189,#6190,#6191));
#1007=EDGE_LOOP('',(#6192,#6193,#6194,#6195));
#1008=EDGE_LOOP('',(#6196,#6197,#6198,#6199));
#1009=EDGE_LOOP('',(#6200,#6201,#6202,#6203));
#1010=EDGE_LOOP('',(#6204,#6205,#6206,#6207));
#1011=EDGE_LOOP('',(#6208,#6209,#6210,#6211));
#1012=EDGE_LOOP('',(#6212,#6213,#6214,#6215));
#1013=EDGE_LOOP('',(#6216,#6217,#6218,#6219));
#1014=EDGE_LOOP('',(#6220,#6221,#6222,#6223));
#1015=EDGE_LOOP('',(#6224,#6225,#6226,#6227));
#1016=EDGE_LOOP('',(#6228,#6229,#6230,#6231));
#1017=EDGE_LOOP('',(#6232,#6233,#6234,#6235));
#1018=EDGE_LOOP('',(#6236,#6237,#6238,#6239));
#1019=EDGE_LOOP('',(#6240,#6241,#6242,#6243));
#1020=EDGE_LOOP('',(#6244,#6245,#6246,#6247));
#1021=EDGE_LOOP('',(#6248,#6249,#6250,#6251));
#1022=EDGE_LOOP('',(#6252,#6253,#6254,#6255));
#1023=EDGE_LOOP('',(#6256,#6257,#6258,#6259));
#1024=EDGE_LOOP('',(#6260,#6261,#6262,#6263));
#1025=EDGE_LOOP('',(#6264,#6265,#6266,#6267));
#1026=EDGE_LOOP('',(#6268,#6269,#6270,#6271));
#1027=EDGE_LOOP('',(#6272,#6273,#6274,#6275));
#1028=EDGE_LOOP('',(#6276,#6277,#6278,#6279));
#1029=EDGE_LOOP('',(#6280,#6281,#6282,#6283));
#1030=EDGE_LOOP('',(#6284,#6285,#6286,#6287));
#1031=EDGE_LOOP('',(#6288,#6289,#6290,#6291));
#1032=EDGE_LOOP('',(#6292,#6293,#6294,#6295));
#1033=EDGE_LOOP('',(#6296,#6297,#6298,#6299));
#1034=EDGE_LOOP('',(#6300,#6301,#6302,#6303));
#1035=EDGE_LOOP('',(#6304,#6305,#6306,#6307));
#1036=EDGE_LOOP('',(#6308,#6309,#6310,#6311));
#1037=EDGE_LOOP('',(#6312,#6313,#6314,#6315));
#1038=EDGE_LOOP('',(#6316,#6317,#6318,#6319));
#1039=EDGE_LOOP('',(#6320,#6321,#6322,#6323));
#1040=EDGE_LOOP('',(#6324,#6325,#6326,#6327));
#1041=EDGE_LOOP('',(#6328,#6329,#6330,#6331));
#1042=EDGE_LOOP('',(#6332,#6333,#6334,#6335));
#1043=EDGE_LOOP('',(#6336,#6337,#6338,#6339));
#1044=EDGE_LOOP('',(#6340,#6341,#6342,#6343));
#1045=EDGE_LOOP('',(#6344,#6345,#6346,#6347));
#1046=EDGE_LOOP('',(#6348,#6349,#6350,#6351));
#1047=EDGE_LOOP('',(#6352,#6353,#6354,#6355));
#1048=EDGE_LOOP('',(#6356,#6357,#6358,#6359));
#1049=EDGE_LOOP('',(#6360,#6361,#6362,#6363));
#1050=EDGE_LOOP('',(#6364,#6365,#6366,#6367));
#1051=EDGE_LOOP('',(#6368,#6369,#6370,#6371));
#1052=EDGE_LOOP('',(#6372,#6373,#6374,#6375));
#1053=EDGE_LOOP('',(#6376,#6377,#6378,#6379));
#1054=EDGE_LOOP('',(#6380,#6381,#6382,#6383));
#1055=EDGE_LOOP('',(#6384,#6385,#6386,#6387));
#1056=EDGE_LOOP('',(#6388,#6389,#6390,#6391));
#1057=EDGE_LOOP('',(#6392,#6393,#6394,#6395));
#1058=EDGE_LOOP('',(#6396,#6397,#6398,#6399));
#1059=EDGE_LOOP('',(#6400,#6401,#6402,#6403));
#1060=EDGE_LOOP('',(#6404,#6405,#6406,#6407));
#1061=EDGE_LOOP('',(#6408,#6409,#6410,#6411));
#1062=EDGE_LOOP('',(#6412,#6413,#6414,#6415));
#1063=EDGE_LOOP('',(#6416,#6417,#6418,#6419));
#1064=EDGE_LOOP('',(#6420,#6421,#6422,#6423));
#1065=EDGE_LOOP('',(#6424,#6425,#6426,#6427));
#1066=EDGE_LOOP('',(#6428,#6429,#6430,#6431));
#1067=EDGE_LOOP('',(#6432,#6433,#6434,#6435));
#1068=EDGE_LOOP('',(#6436,#6437,#6438,#6439));
#1069=EDGE_LOOP('',(#6440,#6441,#6442,#6443));
#1070=EDGE_LOOP('',(#6444,#6445,#6446,#6447));
#1071=EDGE_LOOP('',(#6448,#6449,#6450,#6451));
#1072=EDGE_LOOP('',(#6452,#6453,#6454,#6455));
#1073=EDGE_LOOP('',(#6456,#6457,#6458,#6459));
#1074=EDGE_LOOP('',(#6460,#6461,#6462,#6463));
#1075=EDGE_LOOP('',(#6464,#6465,#6466,#6467));
#1076=EDGE_LOOP('',(#6468,#6469,#6470,#6471));
#1077=EDGE_LOOP('',(#6472,#6473,#6474,#6475));
#1078=EDGE_LOOP('',(#6476,#6477,#6478,#6479));
#1079=EDGE_LOOP('',(#6480,#6481,#6482,#6483));
#1080=EDGE_LOOP('',(#6484,#6485,#6486,#6487));
#1081=EDGE_LOOP('',(#6488,#6489,#6490,#6491));
#1082=EDGE_LOOP('',(#6492,#6493,#6494,#6495));
#1083=EDGE_LOOP('',(#6496,#6497,#6498,#6499));
#1084=EDGE_LOOP('',(#6500,#6501,#6502,#6503));
#1085=EDGE_LOOP('',(#6504,#6505,#6506,#6507));
#1086=EDGE_LOOP('',(#6508,#6509,#6510,#6511));
#1087=EDGE_LOOP('',(#6512,#6513,#6514,#6515));
#1088=EDGE_LOOP('',(#6516,#6517,#6518,#6519));
#1089=EDGE_LOOP('',(#6520,#6521,#6522,#6523));
#1090=EDGE_LOOP('',(#6524,#6525,#6526,#6527));
#1091=EDGE_LOOP('',(#6528,#6529,#6530,#6531));
#1092=EDGE_LOOP('',(#6532,#6533,#6534,#6535));
#1093=EDGE_LOOP('',(#6536,#6537,#6538,#6539));
#1094=EDGE_LOOP('',(#6540,#6541,#6542,#6543));
#1095=EDGE_LOOP('',(#6544,#6545,#6546,#6547));
#1096=EDGE_LOOP('',(#6548,#6549,#6550,#6551));
#1097=EDGE_LOOP('',(#6552,#6553,#6554,#6555));
#1098=EDGE_LOOP('',(#6556,#6557,#6558,#6559));
#1099=EDGE_LOOP('',(#6560,#6561,#6562,#6563));
#1100=EDGE_LOOP('',(#6564,#6565,#6566,#6567));
#1101=EDGE_LOOP('',(#6568,#6569,#6570,#6571));
#1102=EDGE_LOOP('',(#6572,#6573,#6574,#6575));
#1103=EDGE_LOOP('',(#6576,#6577,#6578,#6579));
#1104=EDGE_LOOP('',(#6580,#6581,#6582,#6583));
#1105=EDGE_LOOP('',(#6584,#6585,#6586,#6587,#6588,#6589,#6590,#6591));
#1106=EDGE_LOOP('',(#6592));
#1107=EDGE_LOOP('',(#6593));
#1108=EDGE_LOOP('',(#6594));
#1109=EDGE_LOOP('',(#6595));
#1110=EDGE_LOOP('',(#6596));
#1111=EDGE_LOOP('',(#6597));
#1112=EDGE_LOOP('',(#6598));
#1113=EDGE_LOOP('',(#6599));
#1114=EDGE_LOOP('',(#6600));
#1115=EDGE_LOOP('',(#6601));
#1116=EDGE_LOOP('',(#6602));
#1117=EDGE_LOOP('',(#6603));
#1118=EDGE_LOOP('',(#6604));
#1119=EDGE_LOOP('',(#6605));
#1120=EDGE_LOOP('',(#6606));
#1121=EDGE_LOOP('',(#6607));
#1122=EDGE_LOOP('',(#6608,#6609,#6610,#6611,#6612,#6613,#6614,#6615));
#1123=EDGE_LOOP('',(#6616));
#1124=EDGE_LOOP('',(#6617));
#1125=EDGE_LOOP('',(#6618));
#1126=EDGE_LOOP('',(#6619));
#1127=EDGE_LOOP('',(#6620));
#1128=EDGE_LOOP('',(#6621));
#1129=EDGE_LOOP('',(#6622));
#1130=EDGE_LOOP('',(#6623));
#1131=EDGE_LOOP('',(#6624));
#1132=EDGE_LOOP('',(#6625));
#1133=EDGE_LOOP('',(#6626));
#1134=EDGE_LOOP('',(#6627));
#1135=EDGE_LOOP('',(#6628));
#1136=EDGE_LOOP('',(#6629));
#1137=EDGE_LOOP('',(#6630));
#1138=EDGE_LOOP('',(#6631));
#1139=EDGE_LOOP('',(#6632,#6633,#6634,#6635));
#1140=EDGE_LOOP('',(#6636,#6637,#6638,#6639));
#1141=EDGE_LOOP('',(#6640,#6641,#6642,#6643));
#1142=EDGE_LOOP('',(#6644,#6645,#6646,#6647));
#1143=EDGE_LOOP('',(#6648,#6649,#6650,#6651));
#1144=EDGE_LOOP('',(#6652,#6653,#6654,#6655));
#1145=EDGE_LOOP('',(#6656,#6657,#6658,#6659));
#1146=EDGE_LOOP('',(#6660,#6661,#6662,#6663));
#1147=EDGE_LOOP('',(#6664,#6665,#6666,#6667));
#1148=EDGE_LOOP('',(#6668,#6669,#6670,#6671));
#1149=EDGE_LOOP('',(#6672,#6673,#6674,#6675));
#1150=EDGE_LOOP('',(#6676,#6677,#6678,#6679));
#1151=EDGE_LOOP('',(#6680,#6681,#6682,#6683));
#1152=EDGE_LOOP('',(#6684,#6685,#6686,#6687));
#1153=EDGE_LOOP('',(#6688,#6689,#6690,#6691));
#1154=EDGE_LOOP('',(#6692,#6693,#6694,#6695));
#1155=EDGE_LOOP('',(#6696,#6697,#6698,#6699));
#1156=EDGE_LOOP('',(#6700,#6701,#6702,#6703));
#1157=EDGE_LOOP('',(#6704,#6705,#6706,#6707));
#1158=EDGE_LOOP('',(#6708,#6709,#6710,#6711));
#1159=EDGE_LOOP('',(#6712,#6713,#6714,#6715));
#1160=EDGE_LOOP('',(#6716,#6717,#6718,#6719));
#1161=EDGE_LOOP('',(#6720,#6721,#6722,#6723,#6724,#6725,#6726,#6727,#6728,
#6729));
#1162=EDGE_LOOP('',(#6730,#6731,#6732,#6733));
#1163=EDGE_LOOP('',(#6734,#6735,#6736,#6737));
#1164=EDGE_LOOP('',(#6738,#6739,#6740,#6741,#6742,#6743,#6744,#6745,#6746,
#6747));
#1165=EDGE_LOOP('',(#6748,#6749,#6750,#6751));
#1166=EDGE_LOOP('',(#6752,#6753,#6754,#6755));
#1167=EDGE_LOOP('',(#6756,#6757,#6758,#6759,#6760,#6761,#6762,#6763));
#1168=EDGE_LOOP('',(#6764,#6765,#6766,#6767));
#1169=EDGE_LOOP('',(#6768,#6769,#6770,#6771));
#1170=EDGE_LOOP('',(#6772,#6773,#6774,#6775,#6776,#6777,#6778,#6779));
#1171=EDGE_LOOP('',(#6780,#6781,#6782,#6783));
#1172=EDGE_LOOP('',(#6784,#6785,#6786,#6787,#6788,#6789,#6790,#6791,#6792,
#6793));
#1173=EDGE_LOOP('',(#6794,#6795,#6796,#6797));
#1174=EDGE_LOOP('',(#6798,#6799,#6800,#6801));
#1175=EDGE_LOOP('',(#6802,#6803,#6804,#6805,#6806,#6807,#6808,#6809,#6810,
#6811));
#1176=EDGE_LOOP('',(#6812,#6813,#6814,#6815));
#1177=EDGE_LOOP('',(#6816,#6817,#6818,#6819));
#1178=EDGE_LOOP('',(#6820,#6821,#6822,#6823));
#1179=EDGE_LOOP('',(#6824,#6825,#6826,#6827));
#1180=EDGE_LOOP('',(#6828,#6829,#6830,#6831));
#1181=EDGE_LOOP('',(#6832,#6833,#6834,#6835));
#1182=EDGE_LOOP('',(#6836,#6837,#6838,#6839));
#1183=EDGE_LOOP('',(#6840,#6841,#6842,#6843));
#1184=EDGE_LOOP('',(#6844,#6845,#6846,#6847));
#1185=EDGE_LOOP('',(#6848,#6849,#6850,#6851));
#1186=EDGE_LOOP('',(#6852,#6853,#6854,#6855));
#1187=EDGE_LOOP('',(#6856,#6857,#6858,#6859));
#1188=EDGE_LOOP('',(#6860,#6861,#6862,#6863));
#1189=EDGE_LOOP('',(#6864,#6865,#6866,#6867));
#1190=EDGE_LOOP('',(#6868,#6869,#6870,#6871));
#1191=EDGE_LOOP('',(#6872,#6873,#6874,#6875,#6876,#6877,#6878,#6879,#6880,
#6881));
#1192=EDGE_LOOP('',(#6882,#6883,#6884,#6885,#6886,#6887,#6888));
#1193=EDGE_LOOP('',(#6889,#6890,#6891,#6892));
#1194=EDGE_LOOP('',(#6893,#6894,#6895,#6896,#6897,#6898,#6899,#6900,#6901,
#6902));
#1195=EDGE_LOOP('',(#6903,#6904,#6905,#6906));
#1196=EDGE_LOOP('',(#6907,#6908,#6909,#6910));
#1197=EDGE_LOOP('',(#6911,#6912,#6913,#6914));
#1198=EDGE_LOOP('',(#6915,#6916,#6917,#6918));
#1199=EDGE_LOOP('',(#6919,#6920,#6921,#6922,#6923,#6924,#6925));
#1200=EDGE_LOOP('',(#6926,#6927,#6928,#6929,#6930,#6931));
#1201=EDGE_LOOP('',(#6932,#6933,#6934,#6935,#6936,#6937));
#1202=EDGE_LOOP('',(#6938,#6939,#6940,#6941));
#1203=EDGE_LOOP('',(#6942,#6943,#6944,#6945));
#1204=EDGE_LOOP('',(#6946,#6947,#6948,#6949,#6950,#6951,#6952,#6953,#6954,
#6955));
#1205=EDGE_LOOP('',(#6956,#6957,#6958,#6959));
#1206=EDGE_LOOP('',(#6960,#6961,#6962,#6963,#6964,#6965));
#1207=EDGE_LOOP('',(#6966,#6967,#6968,#6969,#6970,#6971));
#1208=EDGE_LOOP('',(#6972,#6973,#6974,#6975));
#1209=EDGE_LOOP('',(#6976,#6977,#6978,#6979,#6980,#6981,#6982,#6983));
#1210=EDGE_LOOP('',(#6984,#6985,#6986,#6987));
#1211=EDGE_LOOP('',(#6988,#6989,#6990,#6991));
#1212=EDGE_LOOP('',(#6992,#6993,#6994,#6995));
#1213=EDGE_LOOP('',(#6996,#6997,#6998,#6999));
#1214=EDGE_LOOP('',(#7000,#7001,#7002,#7003));
#1215=EDGE_LOOP('',(#7004,#7005,#7006,#7007));
#1216=EDGE_LOOP('',(#7008,#7009,#7010,#7011));
#1217=EDGE_LOOP('',(#7012,#7013,#7014,#7015));
#1218=EDGE_LOOP('',(#7016,#7017,#7018,#7019));
#1219=EDGE_LOOP('',(#7020,#7021,#7022,#7023));
#1220=EDGE_LOOP('',(#7024,#7025,#7026,#7027));
#1221=EDGE_LOOP('',(#7028,#7029,#7030,#7031));
#1222=EDGE_LOOP('',(#7032,#7033,#7034,#7035));
#1223=EDGE_LOOP('',(#7036,#7037,#7038,#7039));
#1224=EDGE_LOOP('',(#7040,#7041,#7042,#7043));
#1225=EDGE_LOOP('',(#7044,#7045,#7046,#7047));
#1226=EDGE_LOOP('',(#7048,#7049,#7050,#7051,#7052));
#1227=EDGE_LOOP('',(#7053,#7054,#7055,#7056,#7057,#7058,#7059,#7060,#7061,
#7062,#7063,#7064,#7065,#7066,#7067,#7068));
#1228=EDGE_LOOP('',(#7069,#7070,#7071,#7072));
#1229=EDGE_LOOP('',(#7073));
#1230=EDGE_LOOP('',(#7074));
#1231=EDGE_LOOP('',(#7075,#7076,#7077,#7078));
#1232=EDGE_LOOP('',(#7079));
#1233=EDGE_LOOP('',(#7080,#7081,#7082,#7083,#7084,#7085,#7086,#7087,#7088,
#7089,#7090,#7091,#7092,#7093,#7094,#7095,#7096,#7097,#7098,#7099,#7100));
#1234=EDGE_LOOP('',(#7101,#7102,#7103,#7104,#7105));
#1235=EDGE_LOOP('',(#7106));
#1236=EDGE_LOOP('',(#7107));
#1237=LINE('',#11052,#2201);
#1238=LINE('',#11054,#2202);
#1239=LINE('',#11056,#2203);
#1240=LINE('',#11057,#2204);
#1241=LINE('',#11061,#2205);
#1242=LINE('',#11062,#2206);
#1243=LINE('',#11063,#2207);
#1244=LINE('',#11066,#2208);
#1245=LINE('',#11068,#2209);
#1246=LINE('',#11069,#2210);
#1247=LINE('',#11072,#2211);
#1248=LINE('',#11074,#2212);
#1249=LINE('',#11076,#2213);
#1250=LINE('',#11078,#2214);
#1251=LINE('',#11080,#2215);
#1252=LINE('',#11082,#2216);
#1253=LINE('',#11084,#2217);
#1254=LINE('',#11086,#2218);
#1255=LINE('',#11088,#2219);
#1256=LINE('',#11090,#2220);
#1257=LINE('',#11092,#2221);
#1258=LINE('',#11094,#2222);
#1259=LINE('',#11096,#2223);
#1260=LINE('',#11098,#2224);
#1261=LINE('',#11100,#2225);
#1262=LINE('',#11102,#2226);
#1263=LINE('',#11104,#2227);
#1264=LINE('',#11106,#2228);
#1265=LINE('',#11108,#2229);
#1266=LINE('',#11110,#2230);
#1267=LINE('',#11112,#2231);
#1268=LINE('',#11114,#2232);
#1269=LINE('',#11116,#2233);
#1270=LINE('',#11118,#2234);
#1271=LINE('',#11120,#2235);
#1272=LINE('',#11122,#2236);
#1273=LINE('',#11124,#2237);
#1274=LINE('',#11126,#2238);
#1275=LINE('',#11128,#2239);
#1276=LINE('',#11130,#2240);
#1277=LINE('',#11132,#2241);
#1278=LINE('',#11134,#2242);
#1279=LINE('',#11136,#2243);
#1280=LINE('',#11138,#2244);
#1281=LINE('',#11140,#2245);
#1282=LINE('',#11142,#2246);
#1283=LINE('',#11144,#2247);
#1284=LINE('',#11146,#2248);
#1285=LINE('',#11148,#2249);
#1286=LINE('',#11150,#2250);
#1287=LINE('',#11151,#2251);
#1288=LINE('',#11154,#2252);
#1289=LINE('',#11156,#2253);
#1290=LINE('',#11158,#2254);
#1291=LINE('',#11159,#2255);
#1292=LINE('',#11162,#2256);
#1293=LINE('',#11164,#2257);
#1294=LINE('',#11166,#2258);
#1295=LINE('',#11167,#2259);
#1296=LINE('',#11170,#2260);
#1297=LINE('',#11172,#2261);
#1298=LINE('',#11174,#2262);
#1299=LINE('',#11175,#2263);
#1300=LINE('',#11178,#2264);
#1301=LINE('',#11180,#2265);
#1302=LINE('',#11182,#2266);
#1303=LINE('',#11183,#2267);
#1304=LINE('',#11186,#2268);
#1305=LINE('',#11188,#2269);
#1306=LINE('',#11190,#2270);
#1307=LINE('',#11191,#2271);
#1308=LINE('',#11194,#2272);
#1309=LINE('',#11196,#2273);
#1310=LINE('',#11198,#2274);
#1311=LINE('',#11199,#2275);
#1312=LINE('',#11202,#2276);
#1313=LINE('',#11204,#2277);
#1314=LINE('',#11206,#2278);
#1315=LINE('',#11207,#2279);
#1316=LINE('',#11210,#2280);
#1317=LINE('',#11212,#2281);
#1318=LINE('',#11214,#2282);
#1319=LINE('',#11215,#2283);
#1320=LINE('',#11218,#2284);
#1321=LINE('',#11220,#2285);
#1322=LINE('',#11222,#2286);
#1323=LINE('',#11223,#2287);
#1324=LINE('',#11226,#2288);
#1325=LINE('',#11228,#2289);
#1326=LINE('',#11230,#2290);
#1327=LINE('',#11231,#2291);
#1328=LINE('',#11234,#2292);
#1329=LINE('',#11236,#2293);
#1330=LINE('',#11238,#2294);
#1331=LINE('',#11239,#2295);
#1332=LINE('',#11242,#2296);
#1333=LINE('',#11244,#2297);
#1334=LINE('',#11246,#2298);
#1335=LINE('',#11247,#2299);
#1336=LINE('',#11250,#2300);
#1337=LINE('',#11252,#2301);
#1338=LINE('',#11254,#2302);
#1339=LINE('',#11255,#2303);
#1340=LINE('',#11258,#2304);
#1341=LINE('',#11260,#2305);
#1342=LINE('',#11262,#2306);
#1343=LINE('',#11263,#2307);
#1344=LINE('',#11266,#2308);
#1345=LINE('',#11268,#2309);
#1346=LINE('',#11270,#2310);
#1347=LINE('',#11272,#2311);
#1348=LINE('',#11274,#2312);
#1349=LINE('',#11276,#2313);
#1350=LINE('',#11278,#2314);
#1351=LINE('',#11280,#2315);
#1352=LINE('',#11282,#2316);
#1353=LINE('',#11284,#2317);
#1354=LINE('',#11286,#2318);
#1355=LINE('',#11288,#2319);
#1356=LINE('',#11290,#2320);
#1357=LINE('',#11292,#2321);
#1358=LINE('',#11294,#2322);
#1359=LINE('',#11296,#2323);
#1360=LINE('',#11298,#2324);
#1361=LINE('',#11300,#2325);
#1362=LINE('',#11302,#2326);
#1363=LINE('',#11304,#2327);
#1364=LINE('',#11306,#2328);
#1365=LINE('',#11308,#2329);
#1366=LINE('',#11310,#2330);
#1367=LINE('',#11312,#2331);
#1368=LINE('',#11314,#2332);
#1369=LINE('',#11316,#2333);
#1370=LINE('',#11318,#2334);
#1371=LINE('',#11320,#2335);
#1372=LINE('',#11322,#2336);
#1373=LINE('',#11324,#2337);
#1374=LINE('',#11326,#2338);
#1375=LINE('',#11328,#2339);
#1376=LINE('',#11330,#2340);
#1377=LINE('',#11332,#2341);
#1378=LINE('',#11334,#2342);
#1379=LINE('',#11336,#2343);
#1380=LINE('',#11338,#2344);
#1381=LINE('',#11340,#2345);
#1382=LINE('',#11342,#2346);
#1383=LINE('',#11344,#2347);
#1384=LINE('',#11345,#2348);
#1385=LINE('',#11348,#2349);
#1386=LINE('',#11350,#2350);
#1387=LINE('',#11352,#2351);
#1388=LINE('',#11353,#2352);
#1389=LINE('',#11356,#2353);
#1390=LINE('',#11358,#2354);
#1391=LINE('',#11360,#2355);
#1392=LINE('',#11361,#2356);
#1393=LINE('',#11364,#2357);
#1394=LINE('',#11366,#2358);
#1395=LINE('',#11368,#2359);
#1396=LINE('',#11369,#2360);
#1397=LINE('',#11372,#2361);
#1398=LINE('',#11374,#2362);
#1399=LINE('',#11376,#2363);
#1400=LINE('',#11377,#2364);
#1401=LINE('',#11380,#2365);
#1402=LINE('',#11382,#2366);
#1403=LINE('',#11384,#2367);
#1404=LINE('',#11385,#2368);
#1405=LINE('',#11388,#2369);
#1406=LINE('',#11390,#2370);
#1407=LINE('',#11392,#2371);
#1408=LINE('',#11393,#2372);
#1409=LINE('',#11396,#2373);
#1410=LINE('',#11398,#2374);
#1411=LINE('',#11400,#2375);
#1412=LINE('',#11401,#2376);
#1413=LINE('',#11404,#2377);
#1414=LINE('',#11406,#2378);
#1415=LINE('',#11408,#2379);
#1416=LINE('',#11409,#2380);
#1417=LINE('',#11412,#2381);
#1418=LINE('',#11414,#2382);
#1419=LINE('',#11416,#2383);
#1420=LINE('',#11417,#2384);
#1421=LINE('',#11420,#2385);
#1422=LINE('',#11422,#2386);
#1423=LINE('',#11424,#2387);
#1424=LINE('',#11425,#2388);
#1425=LINE('',#11428,#2389);
#1426=LINE('',#11430,#2390);
#1427=LINE('',#11432,#2391);
#1428=LINE('',#11433,#2392);
#1429=LINE('',#11436,#2393);
#1430=LINE('',#11438,#2394);
#1431=LINE('',#11440,#2395);
#1432=LINE('',#11441,#2396);
#1433=LINE('',#11444,#2397);
#1434=LINE('',#11446,#2398);
#1435=LINE('',#11448,#2399);
#1436=LINE('',#11449,#2400);
#1437=LINE('',#11452,#2401);
#1438=LINE('',#11454,#2402);
#1439=LINE('',#11456,#2403);
#1440=LINE('',#11457,#2404);
#1441=LINE('',#11459,#2405);
#1442=LINE('',#11461,#2406);
#1443=LINE('',#11463,#2407);
#1444=LINE('',#11465,#2408);
#1445=LINE('',#11467,#2409);
#1446=LINE('',#11469,#2410);
#1447=LINE('',#11471,#2411);
#1448=LINE('',#11473,#2412);
#1449=LINE('',#11475,#2413);
#1450=LINE('',#11477,#2414);
#1451=LINE('',#11479,#2415);
#1452=LINE('',#11481,#2416);
#1453=LINE('',#11483,#2417);
#1454=LINE('',#11485,#2418);
#1455=LINE('',#11487,#2419);
#1456=LINE('',#11489,#2420);
#1457=LINE('',#11491,#2421);
#1458=LINE('',#11493,#2422);
#1459=LINE('',#11495,#2423);
#1460=LINE('',#11497,#2424);
#1461=LINE('',#11499,#2425);
#1462=LINE('',#11501,#2426);
#1463=LINE('',#11503,#2427);
#1464=LINE('',#11505,#2428);
#1465=LINE('',#11507,#2429);
#1466=LINE('',#11509,#2430);
#1467=LINE('',#11511,#2431);
#1468=LINE('',#11513,#2432);
#1469=LINE('',#11515,#2433);
#1470=LINE('',#11517,#2434);
#1471=LINE('',#11519,#2435);
#1472=LINE('',#11521,#2436);
#1473=LINE('',#11523,#2437);
#1474=LINE('',#11525,#2438);
#1475=LINE('',#11527,#2439);
#1476=LINE('',#11529,#2440);
#1477=LINE('',#11531,#2441);
#1478=LINE('',#11533,#2442);
#1479=LINE('',#11535,#2443);
#1480=LINE('',#11537,#2444);
#1481=LINE('',#11541,#2445);
#1482=LINE('',#11543,#2446);
#1483=LINE('',#11544,#2447);
#1484=LINE('',#11549,#2448);
#1485=LINE('',#11551,#2449);
#1486=LINE('',#11553,#2450);
#1487=LINE('',#11554,#2451);
#1488=LINE('',#11557,#2452);
#1489=LINE('',#11558,#2453);
#1490=LINE('',#11563,#2454);
#1491=LINE('',#11565,#2455);
#1492=LINE('',#11566,#2456);
#1493=LINE('',#11569,#2457);
#1494=LINE('',#11571,#2458);
#1495=LINE('',#11572,#2459);
#1496=LINE('',#11578,#2460);
#1497=LINE('',#11580,#2461);
#1498=LINE('',#11581,#2462);
#1499=LINE('',#11582,#2463);
#1500=LINE('',#11585,#2464);
#1501=LINE('',#11586,#2465);
#1502=LINE('',#11591,#2466);
#1503=LINE('',#11593,#2467);
#1504=LINE('',#11594,#2468);
#1505=LINE('',#11597,#2469);
#1506=LINE('',#11599,#2470);
#1507=LINE('',#11600,#2471);
#1508=LINE('',#11606,#2472);
#1509=LINE('',#11608,#2473);
#1510=LINE('',#11609,#2474);
#1511=LINE('',#11610,#2475);
#1512=LINE('',#11613,#2476);
#1513=LINE('',#11614,#2477);
#1514=LINE('',#11619,#2478);
#1515=LINE('',#11621,#2479);
#1516=LINE('',#11622,#2480);
#1517=LINE('',#11627,#2481);
#1518=LINE('',#11629,#2482);
#1519=LINE('',#11631,#2483);
#1520=LINE('',#11633,#2484);
#1521=LINE('',#11634,#2485);
#1522=LINE('',#11637,#2486);
#1523=LINE('',#11638,#2487);
#1524=LINE('',#11644,#2488);
#1525=LINE('',#11646,#2489);
#1526=LINE('',#11647,#2490);
#1527=LINE('',#11648,#2491);
#1528=LINE('',#11650,#2492);
#1529=LINE('',#11653,#2493);
#1530=LINE('',#11655,#2494);
#1531=LINE('',#11656,#2495);
#1532=LINE('',#11662,#2496);
#1533=LINE('',#11664,#2497);
#1534=LINE('',#11665,#2498);
#1535=LINE('',#11666,#2499);
#1536=LINE('',#11669,#2500);
#1537=LINE('',#11670,#2501);
#1538=LINE('',#11675,#2502);
#1539=LINE('',#11677,#2503);
#1540=LINE('',#11678,#2504);
#1541=LINE('',#11681,#2505);
#1542=LINE('',#11683,#2506);
#1543=LINE('',#11684,#2507);
#1544=LINE('',#11689,#2508);
#1545=LINE('',#11691,#2509);
#1546=LINE('',#11693,#2510);
#1547=LINE('',#11694,#2511);
#1548=LINE('',#11697,#2512);
#1549=LINE('',#11698,#2513);
#1550=LINE('',#11703,#2514);
#1551=LINE('',#11705,#2515);
#1552=LINE('',#11706,#2516);
#1553=LINE('',#11709,#2517);
#1554=LINE('',#11711,#2518);
#1555=LINE('',#11712,#2519);
#1556=LINE('',#11717,#2520);
#1557=LINE('',#11719,#2521);
#1558=LINE('',#11721,#2522);
#1559=LINE('',#11722,#2523);
#1560=LINE('',#11725,#2524);
#1561=LINE('',#11726,#2525);
#1562=LINE('',#11731,#2526);
#1563=LINE('',#11733,#2527);
#1564=LINE('',#11734,#2528);
#1565=LINE('',#11737,#2529);
#1566=LINE('',#11739,#2530);
#1567=LINE('',#11740,#2531);
#1568=LINE('',#11746,#2532);
#1569=LINE('',#11748,#2533);
#1570=LINE('',#11749,#2534);
#1571=LINE('',#11750,#2535);
#1572=LINE('',#11753,#2536);
#1573=LINE('',#11754,#2537);
#1574=LINE('',#11759,#2538);
#1575=LINE('',#11761,#2539);
#1576=LINE('',#11762,#2540);
#1577=LINE('',#11765,#2541);
#1578=LINE('',#11767,#2542);
#1579=LINE('',#11768,#2543);
#1580=LINE('',#11774,#2544);
#1581=LINE('',#11776,#2545);
#1582=LINE('',#11777,#2546);
#1583=LINE('',#11778,#2547);
#1584=LINE('',#11781,#2548);
#1585=LINE('',#11782,#2549);
#1586=LINE('',#11787,#2550);
#1587=LINE('',#11789,#2551);
#1588=LINE('',#11790,#2552);
#1589=LINE('',#11793,#2553);
#1590=LINE('',#11795,#2554);
#1591=LINE('',#11796,#2555);
#1592=LINE('',#11801,#2556);
#1593=LINE('',#11803,#2557);
#1594=LINE('',#11805,#2558);
#1595=LINE('',#11806,#2559);
#1596=LINE('',#11809,#2560);
#1597=LINE('',#11810,#2561);
#1598=LINE('',#11815,#2562);
#1599=LINE('',#11817,#2563);
#1600=LINE('',#11818,#2564);
#1601=LINE('',#11823,#2565);
#1602=LINE('',#11825,#2566);
#1603=LINE('',#11827,#2567);
#1604=LINE('',#11829,#2568);
#1605=LINE('',#11830,#2569);
#1606=LINE('',#11833,#2570);
#1607=LINE('',#11834,#2571);
#1608=LINE('',#11840,#2572);
#1609=LINE('',#11842,#2573);
#1610=LINE('',#11843,#2574);
#1611=LINE('',#11844,#2575);
#1612=LINE('',#11846,#2576);
#1613=LINE('',#11849,#2577);
#1614=LINE('',#11851,#2578);
#1615=LINE('',#11852,#2579);
#1616=LINE('',#11857,#2580);
#1617=LINE('',#11859,#2581);
#1618=LINE('',#11861,#2582);
#1619=LINE('',#11862,#2583);
#1620=LINE('',#11865,#2584);
#1621=LINE('',#11866,#2585);
#1622=LINE('',#11871,#2586);
#1623=LINE('',#11873,#2587);
#1624=LINE('',#11874,#2588);
#1625=LINE('',#11879,#2589);
#1626=LINE('',#11881,#2590);
#1627=LINE('',#11883,#2591);
#1628=LINE('',#11885,#2592);
#1629=LINE('',#11886,#2593);
#1630=LINE('',#11889,#2594);
#1631=LINE('',#11890,#2595);
#1632=LINE('',#11896,#2596);
#1633=LINE('',#11898,#2597);
#1634=LINE('',#11899,#2598);
#1635=LINE('',#11900,#2599);
#1636=LINE('',#11902,#2600);
#1637=LINE('',#11907,#2601);
#1638=LINE('',#11909,#2602);
#1639=LINE('',#11911,#2603);
#1640=LINE('',#11913,#2604);
#1641=LINE('',#11914,#2605);
#1642=LINE('',#11917,#2606);
#1643=LINE('',#11918,#2607);
#1644=LINE('',#11924,#2608);
#1645=LINE('',#11926,#2609);
#1646=LINE('',#11927,#2610);
#1647=LINE('',#11928,#2611);
#1648=LINE('',#11930,#2612);
#1649=LINE('',#11933,#2613);
#1650=LINE('',#11935,#2614);
#1651=LINE('',#11936,#2615);
#1652=LINE('',#11939,#2616);
#1653=LINE('',#11940,#2617);
#1654=LINE('',#11943,#2618);
#1655=LINE('',#11944,#2619);
#1656=LINE('',#11946,#2620);
#1657=LINE('',#11949,#2621);
#1658=LINE('',#11951,#2622);
#1659=LINE('',#11952,#2623);
#1660=LINE('',#11955,#2624);
#1661=LINE('',#11956,#2625);
#1662=LINE('',#11959,#2626);
#1663=LINE('',#11960,#2627);
#1664=LINE('',#11962,#2628);
#1665=LINE('',#11965,#2629);
#1666=LINE('',#11967,#2630);
#1667=LINE('',#11968,#2631);
#1668=LINE('',#11971,#2632);
#1669=LINE('',#11972,#2633);
#1670=LINE('',#11975,#2634);
#1671=LINE('',#11976,#2635);
#1672=LINE('',#11978,#2636);
#1673=LINE('',#11981,#2637);
#1674=LINE('',#11983,#2638);
#1675=LINE('',#11984,#2639);
#1676=LINE('',#11987,#2640);
#1677=LINE('',#11988,#2641);
#1678=LINE('',#11991,#2642);
#1679=LINE('',#11992,#2643);
#1680=LINE('',#11994,#2644);
#1681=LINE('',#11997,#2645);
#1682=LINE('',#11999,#2646);
#1683=LINE('',#12000,#2647);
#1684=LINE('',#12003,#2648);
#1685=LINE('',#12004,#2649);
#1686=LINE('',#12007,#2650);
#1687=LINE('',#12008,#2651);
#1688=LINE('',#12010,#2652);
#1689=LINE('',#12013,#2653);
#1690=LINE('',#12015,#2654);
#1691=LINE('',#12016,#2655);
#1692=LINE('',#12019,#2656);
#1693=LINE('',#12020,#2657);
#1694=LINE('',#12023,#2658);
#1695=LINE('',#12024,#2659);
#1696=LINE('',#12026,#2660);
#1697=LINE('',#12029,#2661);
#1698=LINE('',#12031,#2662);
#1699=LINE('',#12032,#2663);
#1700=LINE('',#12035,#2664);
#1701=LINE('',#12036,#2665);
#1702=LINE('',#12039,#2666);
#1703=LINE('',#12040,#2667);
#1704=LINE('',#12042,#2668);
#1705=LINE('',#12045,#2669);
#1706=LINE('',#12047,#2670);
#1707=LINE('',#12048,#2671);
#1708=LINE('',#12051,#2672);
#1709=LINE('',#12052,#2673);
#1710=LINE('',#12055,#2674);
#1711=LINE('',#12056,#2675);
#1712=LINE('',#12058,#2676);
#1713=LINE('',#12061,#2677);
#1714=LINE('',#12063,#2678);
#1715=LINE('',#12064,#2679);
#1716=LINE('',#12067,#2680);
#1717=LINE('',#12068,#2681);
#1718=LINE('',#12071,#2682);
#1719=LINE('',#12072,#2683);
#1720=LINE('',#12074,#2684);
#1721=LINE('',#12077,#2685);
#1722=LINE('',#12079,#2686);
#1723=LINE('',#12080,#2687);
#1724=LINE('',#12083,#2688);
#1725=LINE('',#12084,#2689);
#1726=LINE('',#12087,#2690);
#1727=LINE('',#12088,#2691);
#1728=LINE('',#12090,#2692);
#1729=LINE('',#12093,#2693);
#1730=LINE('',#12095,#2694);
#1731=LINE('',#12096,#2695);
#1732=LINE('',#12099,#2696);
#1733=LINE('',#12100,#2697);
#1734=LINE('',#12103,#2698);
#1735=LINE('',#12104,#2699);
#1736=LINE('',#12106,#2700);
#1737=LINE('',#12109,#2701);
#1738=LINE('',#12111,#2702);
#1739=LINE('',#12112,#2703);
#1740=LINE('',#12115,#2704);
#1741=LINE('',#12116,#2705);
#1742=LINE('',#12119,#2706);
#1743=LINE('',#12120,#2707);
#1744=LINE('',#12122,#2708);
#1745=LINE('',#12125,#2709);
#1746=LINE('',#12127,#2710);
#1747=LINE('',#12128,#2711);
#1748=LINE('',#12131,#2712);
#1749=LINE('',#12132,#2713);
#1750=LINE('',#12135,#2714);
#1751=LINE('',#12136,#2715);
#1752=LINE('',#12138,#2716);
#1753=LINE('',#12141,#2717);
#1754=LINE('',#12143,#2718);
#1755=LINE('',#12144,#2719);
#1756=LINE('',#12147,#2720);
#1757=LINE('',#12148,#2721);
#1758=LINE('',#12151,#2722);
#1759=LINE('',#12152,#2723);
#1760=LINE('',#12154,#2724);
#1761=LINE('',#12156,#2725);
#1762=LINE('',#12158,#2726);
#1763=LINE('',#12161,#2727);
#1764=LINE('',#12163,#2728);
#1765=LINE('',#12164,#2729);
#1766=LINE('',#12166,#2730);
#1767=LINE('',#12169,#2731);
#1768=LINE('',#12171,#2732);
#1769=LINE('',#12172,#2733);
#1770=LINE('',#12174,#2734);
#1771=LINE('',#12176,#2735);
#1772=LINE('',#12178,#2736);
#1773=LINE('',#12181,#2737);
#1774=LINE('',#12183,#2738);
#1775=LINE('',#12184,#2739);
#1776=LINE('',#12187,#2740);
#1777=LINE('',#12189,#2741);
#1778=LINE('',#12190,#2742);
#1779=LINE('',#12192,#2743);
#1780=LINE('',#12194,#2744);
#1781=LINE('',#12196,#2745);
#1782=LINE('',#12199,#2746);
#1783=LINE('',#12201,#2747);
#1784=LINE('',#12202,#2748);
#1785=LINE('',#12205,#2749);
#1786=LINE('',#12207,#2750);
#1787=LINE('',#12208,#2751);
#1788=LINE('',#12210,#2752);
#1789=LINE('',#12212,#2753);
#1790=LINE('',#12215,#2754);
#1791=LINE('',#12217,#2755);
#1792=LINE('',#12218,#2756);
#1793=LINE('',#12220,#2757);
#1794=LINE('',#12223,#2758);
#1795=LINE('',#12225,#2759);
#1796=LINE('',#12226,#2760);
#1797=LINE('',#12228,#2761);
#1798=LINE('',#12230,#2762);
#1799=LINE('',#12232,#2763);
#1800=LINE('',#12235,#2764);
#1801=LINE('',#12237,#2765);
#1802=LINE('',#12238,#2766);
#1803=LINE('',#12241,#2767);
#1804=LINE('',#12243,#2768);
#1805=LINE('',#12244,#2769);
#1806=LINE('',#12246,#2770);
#1807=LINE('',#12248,#2771);
#1808=LINE('',#12251,#2772);
#1809=LINE('',#12253,#2773);
#1810=LINE('',#12254,#2774);
#1811=LINE('',#12256,#2775);
#1812=LINE('',#12259,#2776);
#1813=LINE('',#12261,#2777);
#1814=LINE('',#12262,#2778);
#1815=LINE('',#12264,#2779);
#1816=LINE('',#12266,#2780);
#1817=LINE('',#12269,#2781);
#1818=LINE('',#12271,#2782);
#1819=LINE('',#12272,#2783);
#1820=LINE('',#12274,#2784);
#1821=LINE('',#12277,#2785);
#1822=LINE('',#12279,#2786);
#1823=LINE('',#12280,#2787);
#1824=LINE('',#12282,#2788);
#1825=LINE('',#12284,#2789);
#1826=LINE('',#12286,#2790);
#1827=LINE('',#12289,#2791);
#1828=LINE('',#12291,#2792);
#1829=LINE('',#12292,#2793);
#1830=LINE('',#12295,#2794);
#1831=LINE('',#12297,#2795);
#1832=LINE('',#12298,#2796);
#1833=LINE('',#12300,#2797);
#1834=LINE('',#12302,#2798);
#1835=LINE('',#12304,#2799);
#1836=LINE('',#12307,#2800);
#1837=LINE('',#12309,#2801);
#1838=LINE('',#12310,#2802);
#1839=LINE('',#12313,#2803);
#1840=LINE('',#12315,#2804);
#1841=LINE('',#12316,#2805);
#1842=LINE('',#12318,#2806);
#1843=LINE('',#12320,#2807);
#1844=LINE('',#12323,#2808);
#1845=LINE('',#12325,#2809);
#1846=LINE('',#12326,#2810);
#1847=LINE('',#12328,#2811);
#1848=LINE('',#12331,#2812);
#1849=LINE('',#12333,#2813);
#1850=LINE('',#12334,#2814);
#1851=LINE('',#12336,#2815);
#1852=LINE('',#12338,#2816);
#1853=LINE('',#12341,#2817);
#1854=LINE('',#12343,#2818);
#1855=LINE('',#12344,#2819);
#1856=LINE('',#12346,#2820);
#1857=LINE('',#12349,#2821);
#1858=LINE('',#12351,#2822);
#1859=LINE('',#12352,#2823);
#1860=LINE('',#12354,#2824);
#1861=LINE('',#12356,#2825);
#1862=LINE('',#12359,#2826);
#1863=LINE('',#12361,#2827);
#1864=LINE('',#12362,#2828);
#1865=LINE('',#12364,#2829);
#1866=LINE('',#12367,#2830);
#1867=LINE('',#12369,#2831);
#1868=LINE('',#12370,#2832);
#1869=LINE('',#12372,#2833);
#1870=LINE('',#12374,#2834);
#1871=LINE('',#12377,#2835);
#1872=LINE('',#12379,#2836);
#1873=LINE('',#12380,#2837);
#1874=LINE('',#12382,#2838);
#1875=LINE('',#12385,#2839);
#1876=LINE('',#12387,#2840);
#1877=LINE('',#12388,#2841);
#1878=LINE('',#12390,#2842);
#1879=LINE('',#12392,#2843);
#1880=LINE('',#12395,#2844);
#1881=LINE('',#12397,#2845);
#1882=LINE('',#12398,#2846);
#1883=LINE('',#12400,#2847);
#1884=LINE('',#12403,#2848);
#1885=LINE('',#12405,#2849);
#1886=LINE('',#12406,#2850);
#1887=LINE('',#12409,#2851);
#1888=LINE('',#12411,#2852);
#1889=LINE('',#12412,#2853);
#1890=LINE('',#12415,#2854);
#1891=LINE('',#12416,#2855);
#1892=LINE('',#12419,#2856);
#1893=LINE('',#12420,#2857);
#1894=LINE('',#12422,#2858);
#1895=LINE('',#12425,#2859);
#1896=LINE('',#12427,#2860);
#1897=LINE('',#12428,#2861);
#1898=LINE('',#12431,#2862);
#1899=LINE('',#12432,#2863);
#1900=LINE('',#12435,#2864);
#1901=LINE('',#12436,#2865);
#1902=LINE('',#12438,#2866);
#1903=LINE('',#12441,#2867);
#1904=LINE('',#12443,#2868);
#1905=LINE('',#12444,#2869);
#1906=LINE('',#12447,#2870);
#1907=LINE('',#12448,#2871);
#1908=LINE('',#12451,#2872);
#1909=LINE('',#12452,#2873);
#1910=LINE('',#12454,#2874);
#1911=LINE('',#12457,#2875);
#1912=LINE('',#12459,#2876);
#1913=LINE('',#12460,#2877);
#1914=LINE('',#12463,#2878);
#1915=LINE('',#12464,#2879);
#1916=LINE('',#12467,#2880);
#1917=LINE('',#12468,#2881);
#1918=LINE('',#12470,#2882);
#1919=LINE('',#12473,#2883);
#1920=LINE('',#12475,#2884);
#1921=LINE('',#12476,#2885);
#1922=LINE('',#12479,#2886);
#1923=LINE('',#12480,#2887);
#1924=LINE('',#12483,#2888);
#1925=LINE('',#12484,#2889);
#1926=LINE('',#12486,#2890);
#1927=LINE('',#12489,#2891);
#1928=LINE('',#12491,#2892);
#1929=LINE('',#12492,#2893);
#1930=LINE('',#12495,#2894);
#1931=LINE('',#12496,#2895);
#1932=LINE('',#12499,#2896);
#1933=LINE('',#12500,#2897);
#1934=LINE('',#12502,#2898);
#1935=LINE('',#12505,#2899);
#1936=LINE('',#12507,#2900);
#1937=LINE('',#12508,#2901);
#1938=LINE('',#12511,#2902);
#1939=LINE('',#12512,#2903);
#1940=LINE('',#12515,#2904);
#1941=LINE('',#12516,#2905);
#1942=LINE('',#12518,#2906);
#1943=LINE('',#12521,#2907);
#1944=LINE('',#12523,#2908);
#1945=LINE('',#12524,#2909);
#1946=LINE('',#12527,#2910);
#1947=LINE('',#12528,#2911);
#1948=LINE('',#12531,#2912);
#1949=LINE('',#12532,#2913);
#1950=LINE('',#12534,#2914);
#1951=LINE('',#12537,#2915);
#1952=LINE('',#12539,#2916);
#1953=LINE('',#12540,#2917);
#1954=LINE('',#12543,#2918);
#1955=LINE('',#12544,#2919);
#1956=LINE('',#12547,#2920);
#1957=LINE('',#12548,#2921);
#1958=LINE('',#12550,#2922);
#1959=LINE('',#12553,#2923);
#1960=LINE('',#12555,#2924);
#1961=LINE('',#12556,#2925);
#1962=LINE('',#12559,#2926);
#1963=LINE('',#12560,#2927);
#1964=LINE('',#12563,#2928);
#1965=LINE('',#12564,#2929);
#1966=LINE('',#12566,#2930);
#1967=LINE('',#12569,#2931);
#1968=LINE('',#12571,#2932);
#1969=LINE('',#12572,#2933);
#1970=LINE('',#12575,#2934);
#1971=LINE('',#12576,#2935);
#1972=LINE('',#12579,#2936);
#1973=LINE('',#12580,#2937);
#1974=LINE('',#12582,#2938);
#1975=LINE('',#12585,#2939);
#1976=LINE('',#12587,#2940);
#1977=LINE('',#12588,#2941);
#1978=LINE('',#12591,#2942);
#1979=LINE('',#12592,#2943);
#1980=LINE('',#12595,#2944);
#1981=LINE('',#12596,#2945);
#1982=LINE('',#12598,#2946);
#1983=LINE('',#12601,#2947);
#1984=LINE('',#12603,#2948);
#1985=LINE('',#12604,#2949);
#1986=LINE('',#12607,#2950);
#1987=LINE('',#12608,#2951);
#1988=LINE('',#12611,#2952);
#1989=LINE('',#12612,#2953);
#1990=LINE('',#12614,#2954);
#1991=LINE('',#12617,#2955);
#1992=LINE('',#12619,#2956);
#1993=LINE('',#12620,#2957);
#1994=LINE('',#12623,#2958);
#1995=LINE('',#12624,#2959);
#1996=LINE('',#12627,#2960);
#1997=LINE('',#12628,#2961);
#1998=LINE('',#12630,#2962);
#1999=LINE('',#12632,#2963);
#2000=LINE('',#12634,#2964);
#2001=LINE('',#12637,#2965);
#2002=LINE('',#12639,#2966);
#2003=LINE('',#12642,#2967);
#2004=LINE('',#12644,#2968);
#2005=LINE('',#12647,#2969);
#2006=LINE('',#12649,#2970);
#2007=LINE('',#12652,#2971);
#2008=LINE('',#12654,#2972);
#2009=LINE('',#12657,#2973);
#2010=LINE('',#12659,#2974);
#2011=LINE('',#12662,#2975);
#2012=LINE('',#12664,#2976);
#2013=LINE('',#12667,#2977);
#2014=LINE('',#12669,#2978);
#2015=LINE('',#12672,#2979);
#2016=LINE('',#12674,#2980);
#2017=LINE('',#12677,#2981);
#2018=LINE('',#12679,#2982);
#2019=LINE('',#12682,#2983);
#2020=LINE('',#12684,#2984);
#2021=LINE('',#12687,#2985);
#2022=LINE('',#12689,#2986);
#2023=LINE('',#12692,#2987);
#2024=LINE('',#12694,#2988);
#2025=LINE('',#12697,#2989);
#2026=LINE('',#12699,#2990);
#2027=LINE('',#12719,#2991);
#2028=LINE('',#12723,#2992);
#2029=LINE('',#12728,#2993);
#2030=LINE('',#12729,#2994);
#2031=LINE('',#12730,#2995);
#2032=LINE('',#12733,#2996);
#2033=LINE('',#12735,#2997);
#2034=LINE('',#12736,#2998);
#2035=LINE('',#12741,#2999);
#2036=LINE('',#12745,#3000);
#2037=LINE('',#12783,#3001);
#2038=LINE('',#12787,#3002);
#2039=LINE('',#12822,#3003);
#2040=LINE('',#12824,#3004);
#2041=LINE('',#12826,#3005);
#2042=LINE('',#12828,#3006);
#2043=LINE('',#12831,#3007);
#2044=LINE('',#12833,#3008);
#2045=LINE('',#12835,#3009);
#2046=LINE('',#12837,#3010);
#2047=LINE('',#12839,#3011);
#2048=LINE('',#12841,#3012);
#2049=LINE('',#12843,#3013);
#2050=LINE('',#12845,#3014);
#2051=LINE('',#12847,#3015);
#2052=LINE('',#12849,#3016);
#2053=LINE('',#12851,#3017);
#2054=LINE('',#12853,#3018);
#2055=LINE('',#12855,#3019);
#2056=LINE('',#12857,#3020);
#2057=LINE('',#12859,#3021);
#2058=LINE('',#12861,#3022);
#2059=LINE('',#12866,#3023);
#2060=LINE('',#12868,#3024);
#2061=LINE('',#12870,#3025);
#2062=LINE('',#12871,#3026);
#2063=LINE('',#12875,#3027);
#2064=LINE('',#12879,#3028);
#2065=LINE('',#12881,#3029);
#2066=LINE('',#12883,#3030);
#2067=LINE('',#12887,#3031);
#2068=LINE('',#12893,#3032);
#2069=LINE('',#12896,#3033);
#2070=LINE('',#12900,#3034);
#2071=LINE('',#12902,#3035);
#2072=LINE('',#12906,#3036);
#2073=LINE('',#12908,#3037);
#2074=LINE('',#12910,#3038);
#2075=LINE('',#12913,#3039);
#2076=LINE('',#12915,#3040);
#2077=LINE('',#12918,#3041);
#2078=LINE('',#12920,#3042);
#2079=LINE('',#12922,#3043);
#2080=LINE('',#12924,#3044);
#2081=LINE('',#12925,#3045);
#2082=LINE('',#12927,#3046);
#2083=LINE('',#12929,#3047);
#2084=LINE('',#12932,#3048);
#2085=LINE('',#12934,#3049);
#2086=LINE('',#12936,#3050);
#2087=LINE('',#12938,#3051);
#2088=LINE('',#12939,#3052);
#2089=LINE('',#12941,#3053);
#2090=LINE('',#12945,#3054);
#2091=LINE('',#12949,#3055);
#2092=LINE('',#12953,#3056);
#2093=LINE('',#12958,#3057);
#2094=LINE('',#12960,#3058);
#2095=LINE('',#12961,#3059);
#2096=LINE('',#12964,#3060);
#2097=LINE('',#12965,#3061);
#2098=LINE('',#12969,#3062);
#2099=LINE('',#12974,#3063);
#2100=LINE('',#12978,#3064);
#2101=LINE('',#12982,#3065);
#2102=LINE('',#12983,#3066);
#2103=LINE('',#12985,#3067);
#2104=LINE('',#12987,#3068);
#2105=LINE('',#12989,#3069);
#2106=LINE('',#12991,#3070);
#2107=LINE('',#12993,#3071);
#2108=LINE('',#12995,#3072);
#2109=LINE('',#12997,#3073);
#2110=LINE('',#12999,#3074);
#2111=LINE('',#13005,#3075);
#2112=LINE('',#13007,#3076);
#2113=LINE('',#13009,#3077);
#2114=LINE('',#13010,#3078);
#2115=LINE('',#13013,#3079);
#2116=LINE('',#13015,#3080);
#2117=LINE('',#13016,#3081);
#2118=LINE('',#13019,#3082);
#2119=LINE('',#13021,#3083);
#2120=LINE('',#13022,#3084);
#2121=LINE('',#13025,#3085);
#2122=LINE('',#13027,#3086);
#2123=LINE('',#13028,#3087);
#2124=LINE('',#13031,#3088);
#2125=LINE('',#13033,#3089);
#2126=LINE('',#13034,#3090);
#2127=LINE('',#13037,#3091);
#2128=LINE('',#13039,#3092);
#2129=LINE('',#13041,#3093);
#2130=LINE('',#13043,#3094);
#2131=LINE('',#13044,#3095);
#2132=LINE('',#13047,#3096);
#2133=LINE('',#13051,#3097);
#2134=LINE('',#13053,#3098);
#2135=LINE('',#13054,#3099);
#2136=LINE('',#13060,#3100);
#2137=LINE('',#13063,#3101);
#2138=LINE('',#13066,#3102);
#2139=LINE('',#13070,#3103);
#2140=LINE('',#13072,#3104);
#2141=LINE('',#13074,#3105);
#2142=LINE('',#13076,#3106);
#2143=LINE('',#13078,#3107);
#2144=LINE('',#13080,#3108);
#2145=LINE('',#13081,#3109);
#2146=LINE('',#13084,#3110);
#2147=LINE('',#13085,#3111);
#2148=LINE('',#13089,#3112);
#2149=LINE('',#13091,#3113);
#2150=LINE('',#13092,#3114);
#2151=LINE('',#13096,#3115);
#2152=LINE('',#13097,#3116);
#2153=LINE('',#13098,#3117);
#2154=LINE('',#13100,#3118);
#2155=LINE('',#13102,#3119);
#2156=LINE('',#13105,#3120);
#2157=LINE('',#13108,#3121);
#2158=LINE('',#13109,#3122);
#2159=LINE('',#13112,#3123);
#2160=LINE('',#13113,#3124);
#2161=LINE('',#13115,#3125);
#2162=LINE('',#13119,#3126);
#2163=LINE('',#13121,#3127);
#2164=LINE('',#13122,#3128);
#2165=LINE('',#13126,#3129);
#2166=LINE('',#13128,#3130);
#2167=LINE('',#13131,#3131);
#2168=LINE('',#13132,#3132);
#2169=LINE('',#13141,#3133);
#2170=LINE('',#13158,#3134);
#2171=LINE('',#13161,#3135);
#2172=LINE('',#13166,#3136);
#2173=LINE('',#13167,#3137);
#2174=LINE('',#13172,#3138);
#2175=LINE('',#13173,#3139);
#2176=LINE('',#13178,#3140);
#2177=LINE('',#13179,#3141);
#2178=LINE('',#13195,#3142);
#2179=LINE('',#13200,#3143);
#2180=LINE('',#13201,#3144);
#2181=LINE('',#13206,#3145);
#2182=LINE('',#13207,#3146);
#2183=LINE('',#13212,#3147);
#2184=LINE('',#13213,#3148);
#2185=LINE('',#13229,#3149);
#2186=LINE('',#13232,#3150);
#2187=LINE('',#13237,#3151);
#2188=LINE('',#13238,#3152);
#2189=LINE('',#13254,#3153);
#2190=LINE('',#13259,#3154);
#2191=LINE('',#13260,#3155);
#2192=LINE('',#13265,#3156);
#2193=LINE('',#13266,#3157);
#2194=LINE('',#13269,#3158);
#2195=LINE('',#13274,#3159);
#2196=LINE('',#13275,#3160);
#2197=LINE('',#13279,#3161);
#2198=LINE('',#13286,#3162);
#2199=LINE('',#13292,#3163);
#2200=LINE('',#13303,#3164);
#2201=VECTOR('',#8945,1.);
#2202=VECTOR('',#8946,1.00000000000064);
#2203=VECTOR('',#8947,1.);
#2204=VECTOR('',#8948,1.00000000000064);
#2205=VECTOR('',#8951,1.);
#2206=VECTOR('',#8952,1.);
#2207=VECTOR('',#8953,1.);
#2208=VECTOR('',#8956,1.);
#2209=VECTOR('',#8957,1.);
#2210=VECTOR('',#8958,1.);
#2211=VECTOR('',#8961,1.00000000000064);
#2212=VECTOR('',#8962,1.00000000000064);
#2213=VECTOR('',#8963,1.);
#2214=VECTOR('',#8964,1.00000000000064);
#2215=VECTOR('',#8965,1.00000000000064);
#2216=VECTOR('',#8966,1.);
#2217=VECTOR('',#8967,1.00000000000064);
#2218=VECTOR('',#8968,1.00000000000064);
#2219=VECTOR('',#8969,1.);
#2220=VECTOR('',#8970,1.00000000000064);
#2221=VECTOR('',#8971,1.00000000000064);
#2222=VECTOR('',#8972,1.);
#2223=VECTOR('',#8973,1.00000000000064);
#2224=VECTOR('',#8974,1.00000000000064);
#2225=VECTOR('',#8975,1.);
#2226=VECTOR('',#8976,1.00000000000064);
#2227=VECTOR('',#8977,1.00000000000064);
#2228=VECTOR('',#8978,1.);
#2229=VECTOR('',#8979,1.00000000000064);
#2230=VECTOR('',#8980,1.);
#2231=VECTOR('',#8981,1.00000000000064);
#2232=VECTOR('',#8982,1.);
#2233=VECTOR('',#8983,1.00000000000064);
#2234=VECTOR('',#8984,1.00000000000064);
#2235=VECTOR('',#8985,1.);
#2236=VECTOR('',#8986,1.00000000000064);
#2237=VECTOR('',#8987,1.00000000000064);
#2238=VECTOR('',#8988,1.);
#2239=VECTOR('',#8989,1.00000000000064);
#2240=VECTOR('',#8990,1.00000000000064);
#2241=VECTOR('',#8991,1.);
#2242=VECTOR('',#8992,1.00000000000064);
#2243=VECTOR('',#8993,1.00000000000064);
#2244=VECTOR('',#8994,1.);
#2245=VECTOR('',#8995,1.00000000000064);
#2246=VECTOR('',#8996,1.00000000000064);
#2247=VECTOR('',#8997,1.);
#2248=VECTOR('',#8998,1.00000000000064);
#2249=VECTOR('',#8999,1.00000000000064);
#2250=VECTOR('',#9000,1.);
#2251=VECTOR('',#9001,1.00000000000064);
#2252=VECTOR('',#9002,1.);
#2253=VECTOR('',#9003,1.);
#2254=VECTOR('',#9004,1.);
#2255=VECTOR('',#9005,1.);
#2256=VECTOR('',#9006,1.);
#2257=VECTOR('',#9007,1.);
#2258=VECTOR('',#9008,1.);
#2259=VECTOR('',#9009,1.);
#2260=VECTOR('',#9010,1.);
#2261=VECTOR('',#9011,1.);
#2262=VECTOR('',#9012,1.);
#2263=VECTOR('',#9013,1.);
#2264=VECTOR('',#9014,1.);
#2265=VECTOR('',#9015,1.);
#2266=VECTOR('',#9016,1.);
#2267=VECTOR('',#9017,1.);
#2268=VECTOR('',#9018,1.);
#2269=VECTOR('',#9019,1.);
#2270=VECTOR('',#9020,1.);
#2271=VECTOR('',#9021,1.);
#2272=VECTOR('',#9022,1.);
#2273=VECTOR('',#9023,1.);
#2274=VECTOR('',#9024,1.);
#2275=VECTOR('',#9025,1.);
#2276=VECTOR('',#9026,1.);
#2277=VECTOR('',#9027,1.);
#2278=VECTOR('',#9028,1.);
#2279=VECTOR('',#9029,1.);
#2280=VECTOR('',#9030,1.);
#2281=VECTOR('',#9031,1.);
#2282=VECTOR('',#9032,1.);
#2283=VECTOR('',#9033,1.);
#2284=VECTOR('',#9034,1.);
#2285=VECTOR('',#9035,1.);
#2286=VECTOR('',#9036,1.);
#2287=VECTOR('',#9037,1.);
#2288=VECTOR('',#9038,1.);
#2289=VECTOR('',#9039,1.);
#2290=VECTOR('',#9040,1.);
#2291=VECTOR('',#9041,1.);
#2292=VECTOR('',#9042,1.);
#2293=VECTOR('',#9043,1.);
#2294=VECTOR('',#9044,1.);
#2295=VECTOR('',#9045,1.);
#2296=VECTOR('',#9046,1.);
#2297=VECTOR('',#9047,1.);
#2298=VECTOR('',#9048,1.);
#2299=VECTOR('',#9049,1.);
#2300=VECTOR('',#9050,1.);
#2301=VECTOR('',#9051,1.);
#2302=VECTOR('',#9052,1.);
#2303=VECTOR('',#9053,1.);
#2304=VECTOR('',#9054,1.);
#2305=VECTOR('',#9055,1.);
#2306=VECTOR('',#9056,1.);
#2307=VECTOR('',#9057,1.);
#2308=VECTOR('',#9060,1.00000000000064);
#2309=VECTOR('',#9061,1.);
#2310=VECTOR('',#9062,1.00000000000064);
#2311=VECTOR('',#9063,1.00000000000064);
#2312=VECTOR('',#9064,1.);
#2313=VECTOR('',#9065,1.00000000000064);
#2314=VECTOR('',#9066,1.00000000000064);
#2315=VECTOR('',#9067,1.);
#2316=VECTOR('',#9068,1.00000000000064);
#2317=VECTOR('',#9069,1.00000000000064);
#2318=VECTOR('',#9070,1.);
#2319=VECTOR('',#9071,1.00000000000064);
#2320=VECTOR('',#9072,1.00000000000064);
#2321=VECTOR('',#9073,1.);
#2322=VECTOR('',#9074,1.00000000000064);
#2323=VECTOR('',#9075,1.00000000000064);
#2324=VECTOR('',#9076,1.);
#2325=VECTOR('',#9077,1.00000000000064);
#2326=VECTOR('',#9078,1.00000000000064);
#2327=VECTOR('',#9079,1.);
#2328=VECTOR('',#9080,1.00000000000064);
#2329=VECTOR('',#9081,1.);
#2330=VECTOR('',#9082,1.00000000000064);
#2331=VECTOR('',#9083,1.);
#2332=VECTOR('',#9084,1.00000000000064);
#2333=VECTOR('',#9085,1.00000000000064);
#2334=VECTOR('',#9086,1.);
#2335=VECTOR('',#9087,1.00000000000064);
#2336=VECTOR('',#9088,1.00000000000064);
#2337=VECTOR('',#9089,1.);
#2338=VECTOR('',#9090,1.00000000000064);
#2339=VECTOR('',#9091,1.00000000000064);
#2340=VECTOR('',#9092,1.);
#2341=VECTOR('',#9093,1.00000000000064);
#2342=VECTOR('',#9094,1.00000000000064);
#2343=VECTOR('',#9095,1.);
#2344=VECTOR('',#9096,1.00000000000064);
#2345=VECTOR('',#9097,1.00000000000064);
#2346=VECTOR('',#9098,1.);
#2347=VECTOR('',#9099,1.00000000000064);
#2348=VECTOR('',#9100,1.00000000000064);
#2349=VECTOR('',#9101,1.);
#2350=VECTOR('',#9102,1.);
#2351=VECTOR('',#9103,1.);
#2352=VECTOR('',#9104,1.);
#2353=VECTOR('',#9105,1.);
#2354=VECTOR('',#9106,1.);
#2355=VECTOR('',#9107,1.);
#2356=VECTOR('',#9108,1.);
#2357=VECTOR('',#9109,1.);
#2358=VECTOR('',#9110,1.);
#2359=VECTOR('',#9111,1.);
#2360=VECTOR('',#9112,1.);
#2361=VECTOR('',#9113,1.);
#2362=VECTOR('',#9114,1.);
#2363=VECTOR('',#9115,1.);
#2364=VECTOR('',#9116,1.);
#2365=VECTOR('',#9117,1.);
#2366=VECTOR('',#9118,1.);
#2367=VECTOR('',#9119,1.);
#2368=VECTOR('',#9120,1.);
#2369=VECTOR('',#9121,1.);
#2370=VECTOR('',#9122,1.);
#2371=VECTOR('',#9123,1.);
#2372=VECTOR('',#9124,1.);
#2373=VECTOR('',#9125,1.);
#2374=VECTOR('',#9126,1.);
#2375=VECTOR('',#9127,1.);
#2376=VECTOR('',#9128,1.);
#2377=VECTOR('',#9129,1.);
#2378=VECTOR('',#9130,1.);
#2379=VECTOR('',#9131,1.);
#2380=VECTOR('',#9132,1.);
#2381=VECTOR('',#9133,1.);
#2382=VECTOR('',#9134,1.);
#2383=VECTOR('',#9135,1.);
#2384=VECTOR('',#9136,1.);
#2385=VECTOR('',#9137,1.);
#2386=VECTOR('',#9138,1.);
#2387=VECTOR('',#9139,1.);
#2388=VECTOR('',#9140,1.);
#2389=VECTOR('',#9141,1.);
#2390=VECTOR('',#9142,1.);
#2391=VECTOR('',#9143,1.);
#2392=VECTOR('',#9144,1.);
#2393=VECTOR('',#9145,1.);
#2394=VECTOR('',#9146,1.);
#2395=VECTOR('',#9147,1.);
#2396=VECTOR('',#9148,1.);
#2397=VECTOR('',#9149,1.);
#2398=VECTOR('',#9150,1.);
#2399=VECTOR('',#9151,1.);
#2400=VECTOR('',#9152,1.);
#2401=VECTOR('',#9153,1.);
#2402=VECTOR('',#9154,1.);
#2403=VECTOR('',#9155,1.);
#2404=VECTOR('',#9156,1.);
#2405=VECTOR('',#9159,1.);
#2406=VECTOR('',#9162,1.);
#2407=VECTOR('',#9165,1.);
#2408=VECTOR('',#9168,1.);
#2409=VECTOR('',#9171,1.);
#2410=VECTOR('',#9174,1.);
#2411=VECTOR('',#9177,1.);
#2412=VECTOR('',#9180,1.);
#2413=VECTOR('',#9183,1.);
#2414=VECTOR('',#9186,1.);
#2415=VECTOR('',#9189,1.);
#2416=VECTOR('',#9192,1.);
#2417=VECTOR('',#9195,1.);
#2418=VECTOR('',#9198,1.);
#2419=VECTOR('',#9201,1.);
#2420=VECTOR('',#9204,1.);
#2421=VECTOR('',#9207,1.);
#2422=VECTOR('',#9210,1.);
#2423=VECTOR('',#9213,1.);
#2424=VECTOR('',#9216,1.);
#2425=VECTOR('',#9219,1.);
#2426=VECTOR('',#9222,1.);
#2427=VECTOR('',#9225,1.);
#2428=VECTOR('',#9228,1.);
#2429=VECTOR('',#9231,1.);
#2430=VECTOR('',#9234,1.);
#2431=VECTOR('',#9237,1.);
#2432=VECTOR('',#9240,1.);
#2433=VECTOR('',#9243,1.);
#2434=VECTOR('',#9246,1.);
#2435=VECTOR('',#9249,1.);
#2436=VECTOR('',#9252,1.);
#2437=VECTOR('',#9255,1.);
#2438=VECTOR('',#9258,1.);
#2439=VECTOR('',#9261,1.);
#2440=VECTOR('',#9264,1.);
#2441=VECTOR('',#9267,1.);
#2442=VECTOR('',#9270,1.);
#2443=VECTOR('',#9273,1.);
#2444=VECTOR('',#9276,1.);
#2445=VECTOR('',#9281,1.);
#2446=VECTOR('',#9282,1.);
#2447=VECTOR('',#9283,1.);
#2448=VECTOR('',#9288,1.);
#2449=VECTOR('',#9289,1.);
#2450=VECTOR('',#9290,1.);
#2451=VECTOR('',#9291,1.);
#2452=VECTOR('',#9294,1.);
#2453=VECTOR('',#9295,1.);
#2454=VECTOR('',#9300,1.);
#2455=VECTOR('',#9301,1.);
#2456=VECTOR('',#9302,1.);
#2457=VECTOR('',#9305,1.);
#2458=VECTOR('',#9306,1.);
#2459=VECTOR('',#9307,1.);
#2460=VECTOR('',#9312,1.);
#2461=VECTOR('',#9313,1.);
#2462=VECTOR('',#9314,1.);
#2463=VECTOR('',#9315,1.);
#2464=VECTOR('',#9318,1.);
#2465=VECTOR('',#9319,1.);
#2466=VECTOR('',#9324,1.);
#2467=VECTOR('',#9325,1.);
#2468=VECTOR('',#9326,1.);
#2469=VECTOR('',#9329,1.);
#2470=VECTOR('',#9330,1.);
#2471=VECTOR('',#9331,1.);
#2472=VECTOR('',#9336,1.);
#2473=VECTOR('',#9337,1.);
#2474=VECTOR('',#9338,1.);
#2475=VECTOR('',#9339,1.);
#2476=VECTOR('',#9342,1.);
#2477=VECTOR('',#9343,1.);
#2478=VECTOR('',#9348,1.);
#2479=VECTOR('',#9349,1.);
#2480=VECTOR('',#9350,1.);
#2481=VECTOR('',#9355,1.);
#2482=VECTOR('',#9356,1.);
#2483=VECTOR('',#9357,1.);
#2484=VECTOR('',#9358,1.);
#2485=VECTOR('',#9359,1.);
#2486=VECTOR('',#9362,1.);
#2487=VECTOR('',#9363,1.);
#2488=VECTOR('',#9368,1.);
#2489=VECTOR('',#9369,1.);
#2490=VECTOR('',#9370,1.);
#2491=VECTOR('',#9371,1.);
#2492=VECTOR('',#9374,1.);
#2493=VECTOR('',#9377,1.);
#2494=VECTOR('',#9378,1.);
#2495=VECTOR('',#9379,1.);
#2496=VECTOR('',#9384,1.);
#2497=VECTOR('',#9385,1.);
#2498=VECTOR('',#9386,1.);
#2499=VECTOR('',#9387,1.);
#2500=VECTOR('',#9390,1.);
#2501=VECTOR('',#9391,1.);
#2502=VECTOR('',#9396,1.);
#2503=VECTOR('',#9397,1.);
#2504=VECTOR('',#9398,1.);
#2505=VECTOR('',#9401,1.);
#2506=VECTOR('',#9402,1.);
#2507=VECTOR('',#9403,1.);
#2508=VECTOR('',#9408,1.);
#2509=VECTOR('',#9409,1.);
#2510=VECTOR('',#9410,1.);
#2511=VECTOR('',#9411,1.);
#2512=VECTOR('',#9414,1.);
#2513=VECTOR('',#9415,1.);
#2514=VECTOR('',#9420,1.);
#2515=VECTOR('',#9421,1.);
#2516=VECTOR('',#9422,1.);
#2517=VECTOR('',#9425,1.);
#2518=VECTOR('',#9426,1.);
#2519=VECTOR('',#9427,1.);
#2520=VECTOR('',#9432,1.);
#2521=VECTOR('',#9433,1.);
#2522=VECTOR('',#9434,1.);
#2523=VECTOR('',#9435,1.);
#2524=VECTOR('',#9438,1.);
#2525=VECTOR('',#9439,1.);
#2526=VECTOR('',#9444,1.);
#2527=VECTOR('',#9445,1.);
#2528=VECTOR('',#9446,1.);
#2529=VECTOR('',#9449,1.);
#2530=VECTOR('',#9450,1.);
#2531=VECTOR('',#9451,1.);
#2532=VECTOR('',#9456,1.);
#2533=VECTOR('',#9457,1.);
#2534=VECTOR('',#9458,1.);
#2535=VECTOR('',#9459,1.);
#2536=VECTOR('',#9462,1.);
#2537=VECTOR('',#9463,1.);
#2538=VECTOR('',#9468,1.);
#2539=VECTOR('',#9469,1.);
#2540=VECTOR('',#9470,1.);
#2541=VECTOR('',#9473,1.);
#2542=VECTOR('',#9474,1.);
#2543=VECTOR('',#9475,1.);
#2544=VECTOR('',#9480,1.);
#2545=VECTOR('',#9481,1.);
#2546=VECTOR('',#9482,1.);
#2547=VECTOR('',#9483,1.);
#2548=VECTOR('',#9486,1.);
#2549=VECTOR('',#9487,1.);
#2550=VECTOR('',#9492,1.);
#2551=VECTOR('',#9493,1.);
#2552=VECTOR('',#9494,1.);
#2553=VECTOR('',#9497,1.);
#2554=VECTOR('',#9498,1.);
#2555=VECTOR('',#9499,1.);
#2556=VECTOR('',#9504,1.);
#2557=VECTOR('',#9505,1.);
#2558=VECTOR('',#9506,1.);
#2559=VECTOR('',#9507,1.);
#2560=VECTOR('',#9510,1.);
#2561=VECTOR('',#9511,1.);
#2562=VECTOR('',#9516,1.);
#2563=VECTOR('',#9517,1.);
#2564=VECTOR('',#9518,1.);
#2565=VECTOR('',#9523,1.);
#2566=VECTOR('',#9524,1.);
#2567=VECTOR('',#9525,1.);
#2568=VECTOR('',#9526,1.);
#2569=VECTOR('',#9527,1.);
#2570=VECTOR('',#9530,1.);
#2571=VECTOR('',#9531,1.);
#2572=VECTOR('',#9536,1.);
#2573=VECTOR('',#9537,1.);
#2574=VECTOR('',#9538,1.);
#2575=VECTOR('',#9539,1.);
#2576=VECTOR('',#9542,1.);
#2577=VECTOR('',#9545,1.);
#2578=VECTOR('',#9546,1.);
#2579=VECTOR('',#9547,1.);
#2580=VECTOR('',#9552,1.);
#2581=VECTOR('',#9553,1.);
#2582=VECTOR('',#9554,1.);
#2583=VECTOR('',#9555,1.);
#2584=VECTOR('',#9558,1.);
#2585=VECTOR('',#9559,1.);
#2586=VECTOR('',#9564,1.);
#2587=VECTOR('',#9565,1.);
#2588=VECTOR('',#9566,1.);
#2589=VECTOR('',#9571,1.);
#2590=VECTOR('',#9572,1.);
#2591=VECTOR('',#9573,1.);
#2592=VECTOR('',#9574,1.);
#2593=VECTOR('',#9575,1.);
#2594=VECTOR('',#9578,1.);
#2595=VECTOR('',#9579,1.);
#2596=VECTOR('',#9584,1.);
#2597=VECTOR('',#9585,1.);
#2598=VECTOR('',#9586,1.);
#2599=VECTOR('',#9587,1.);
#2600=VECTOR('',#9590,1.);
#2601=VECTOR('',#9595,1.);
#2602=VECTOR('',#9596,1.);
#2603=VECTOR('',#9597,1.);
#2604=VECTOR('',#9598,1.);
#2605=VECTOR('',#9599,1.);
#2606=VECTOR('',#9602,1.);
#2607=VECTOR('',#9603,1.);
#2608=VECTOR('',#9608,1.);
#2609=VECTOR('',#9609,1.);
#2610=VECTOR('',#9610,1.);
#2611=VECTOR('',#9611,1.);
#2612=VECTOR('',#9614,1.);
#2613=VECTOR('',#9617,1.);
#2614=VECTOR('',#9618,1.);
#2615=VECTOR('',#9619,1.);
#2616=VECTOR('',#9622,1.);
#2617=VECTOR('',#9623,1.);
#2618=VECTOR('',#9626,1.);
#2619=VECTOR('',#9627,1.);
#2620=VECTOR('',#9630,1.);
#2621=VECTOR('',#9633,1.);
#2622=VECTOR('',#9634,1.);
#2623=VECTOR('',#9635,1.);
#2624=VECTOR('',#9638,1.);
#2625=VECTOR('',#9639,1.);
#2626=VECTOR('',#9642,1.);
#2627=VECTOR('',#9643,1.);
#2628=VECTOR('',#9646,1.);
#2629=VECTOR('',#9649,1.);
#2630=VECTOR('',#9650,1.);
#2631=VECTOR('',#9651,1.);
#2632=VECTOR('',#9654,1.);
#2633=VECTOR('',#9655,1.);
#2634=VECTOR('',#9658,1.);
#2635=VECTOR('',#9659,1.);
#2636=VECTOR('',#9662,1.);
#2637=VECTOR('',#9665,1.);
#2638=VECTOR('',#9666,1.);
#2639=VECTOR('',#9667,1.);
#2640=VECTOR('',#9670,1.);
#2641=VECTOR('',#9671,1.);
#2642=VECTOR('',#9674,1.);
#2643=VECTOR('',#9675,1.);
#2644=VECTOR('',#9678,1.);
#2645=VECTOR('',#9681,1.);
#2646=VECTOR('',#9682,1.);
#2647=VECTOR('',#9683,1.);
#2648=VECTOR('',#9686,1.);
#2649=VECTOR('',#9687,1.);
#2650=VECTOR('',#9690,1.);
#2651=VECTOR('',#9691,1.);
#2652=VECTOR('',#9694,1.);
#2653=VECTOR('',#9697,1.);
#2654=VECTOR('',#9698,1.);
#2655=VECTOR('',#9699,1.);
#2656=VECTOR('',#9702,1.);
#2657=VECTOR('',#9703,1.);
#2658=VECTOR('',#9706,1.);
#2659=VECTOR('',#9707,1.);
#2660=VECTOR('',#9710,1.);
#2661=VECTOR('',#9713,1.);
#2662=VECTOR('',#9714,1.);
#2663=VECTOR('',#9715,1.);
#2664=VECTOR('',#9718,1.);
#2665=VECTOR('',#9719,1.);
#2666=VECTOR('',#9722,1.);
#2667=VECTOR('',#9723,1.);
#2668=VECTOR('',#9726,1.);
#2669=VECTOR('',#9729,1.);
#2670=VECTOR('',#9730,1.);
#2671=VECTOR('',#9731,1.);
#2672=VECTOR('',#9734,1.);
#2673=VECTOR('',#9735,1.);
#2674=VECTOR('',#9738,1.);
#2675=VECTOR('',#9739,1.);
#2676=VECTOR('',#9742,1.);
#2677=VECTOR('',#9745,1.);
#2678=VECTOR('',#9746,1.);
#2679=VECTOR('',#9747,1.);
#2680=VECTOR('',#9750,1.);
#2681=VECTOR('',#9751,1.);
#2682=VECTOR('',#9754,1.);
#2683=VECTOR('',#9755,1.);
#2684=VECTOR('',#9758,1.);
#2685=VECTOR('',#9761,1.);
#2686=VECTOR('',#9762,1.);
#2687=VECTOR('',#9763,1.);
#2688=VECTOR('',#9766,1.);
#2689=VECTOR('',#9767,1.);
#2690=VECTOR('',#9770,1.);
#2691=VECTOR('',#9771,1.);
#2692=VECTOR('',#9774,1.);
#2693=VECTOR('',#9777,1.);
#2694=VECTOR('',#9778,1.);
#2695=VECTOR('',#9779,1.);
#2696=VECTOR('',#9782,1.);
#2697=VECTOR('',#9783,1.);
#2698=VECTOR('',#9786,1.);
#2699=VECTOR('',#9787,1.);
#2700=VECTOR('',#9790,1.);
#2701=VECTOR('',#9793,1.);
#2702=VECTOR('',#9794,1.);
#2703=VECTOR('',#9795,1.);
#2704=VECTOR('',#9798,1.);
#2705=VECTOR('',#9799,1.);
#2706=VECTOR('',#9802,1.);
#2707=VECTOR('',#9803,1.);
#2708=VECTOR('',#9806,1.);
#2709=VECTOR('',#9809,1.);
#2710=VECTOR('',#9810,1.);
#2711=VECTOR('',#9811,1.);
#2712=VECTOR('',#9814,1.);
#2713=VECTOR('',#9815,1.);
#2714=VECTOR('',#9818,1.);
#2715=VECTOR('',#9819,1.);
#2716=VECTOR('',#9822,1.);
#2717=VECTOR('',#9825,1.);
#2718=VECTOR('',#9826,1.);
#2719=VECTOR('',#9827,1.);
#2720=VECTOR('',#9830,1.);
#2721=VECTOR('',#9831,1.);
#2722=VECTOR('',#9834,1.);
#2723=VECTOR('',#9835,1.);
#2724=VECTOR('',#9838,1.);
#2725=VECTOR('',#9841,1.);
#2726=VECTOR('',#9844,1.);
#2727=VECTOR('',#9847,1.00000000000065);
#2728=VECTOR('',#9848,1.);
#2729=VECTOR('',#9849,1.00000000000065);
#2730=VECTOR('',#9852,1.);
#2731=VECTOR('',#9855,1.00000000000065);
#2732=VECTOR('',#9856,1.00000000000065);
#2733=VECTOR('',#9857,1.);
#2734=VECTOR('',#9860,1.);
#2735=VECTOR('',#9863,1.);
#2736=VECTOR('',#9866,1.);
#2737=VECTOR('',#9869,1.00000000000065);
#2738=VECTOR('',#9870,1.00000000000065);
#2739=VECTOR('',#9871,1.);
#2740=VECTOR('',#9874,1.00000000000065);
#2741=VECTOR('',#9875,1.);
#2742=VECTOR('',#9876,1.00000000000065);
#2743=VECTOR('',#9879,1.);
#2744=VECTOR('',#9882,1.);
#2745=VECTOR('',#9885,1.);
#2746=VECTOR('',#9888,1.00000000000065);
#2747=VECTOR('',#9889,1.00000000000065);
#2748=VECTOR('',#9890,1.);
#2749=VECTOR('',#9893,1.00000000000065);
#2750=VECTOR('',#9894,1.);
#2751=VECTOR('',#9895,1.00000000000065);
#2752=VECTOR('',#9898,1.);
#2753=VECTOR('',#9901,1.);
#2754=VECTOR('',#9904,1.00000000000065);
#2755=VECTOR('',#9905,1.);
#2756=VECTOR('',#9906,1.00000000000065);
#2757=VECTOR('',#9909,1.);
#2758=VECTOR('',#9912,1.00000000000065);
#2759=VECTOR('',#9913,1.00000000000065);
#2760=VECTOR('',#9914,1.);
#2761=VECTOR('',#9917,1.);
#2762=VECTOR('',#9920,1.);
#2763=VECTOR('',#9923,1.);
#2764=VECTOR('',#9926,1.00000000000065);
#2765=VECTOR('',#9927,1.00000000000065);
#2766=VECTOR('',#9928,1.);
#2767=VECTOR('',#9931,1.00000000000065);
#2768=VECTOR('',#9932,1.);
#2769=VECTOR('',#9933,1.00000000000065);
#2770=VECTOR('',#9936,1.);
#2771=VECTOR('',#9939,1.);
#2772=VECTOR('',#9942,1.00000000000065);
#2773=VECTOR('',#9943,1.);
#2774=VECTOR('',#9944,1.00000000000065);
#2775=VECTOR('',#9947,1.);
#2776=VECTOR('',#9950,1.00000000000065);
#2777=VECTOR('',#9951,1.00000000000065);
#2778=VECTOR('',#9952,1.);
#2779=VECTOR('',#9955,1.);
#2780=VECTOR('',#9958,1.);
#2781=VECTOR('',#9961,1.00000000000065);
#2782=VECTOR('',#9962,1.);
#2783=VECTOR('',#9963,1.00000000000065);
#2784=VECTOR('',#9966,1.);
#2785=VECTOR('',#9969,1.00000000000065);
#2786=VECTOR('',#9970,1.00000000000065);
#2787=VECTOR('',#9971,1.);
#2788=VECTOR('',#9974,1.);
#2789=VECTOR('',#9977,1.);
#2790=VECTOR('',#9980,1.);
#2791=VECTOR('',#9983,1.00000000000065);
#2792=VECTOR('',#9984,1.00000000000065);
#2793=VECTOR('',#9985,1.);
#2794=VECTOR('',#9988,1.00000000000065);
#2795=VECTOR('',#9989,1.);
#2796=VECTOR('',#9990,1.00000000000065);
#2797=VECTOR('',#9993,1.);
#2798=VECTOR('',#9996,1.);
#2799=VECTOR('',#9999,1.);
#2800=VECTOR('',#10002,1.00000000000065);
#2801=VECTOR('',#10003,1.00000000000065);
#2802=VECTOR('',#10004,1.);
#2803=VECTOR('',#10007,1.00000000000065);
#2804=VECTOR('',#10008,1.);
#2805=VECTOR('',#10009,1.00000000000065);
#2806=VECTOR('',#10012,1.);
#2807=VECTOR('',#10015,1.);
#2808=VECTOR('',#10018,1.00000000000065);
#2809=VECTOR('',#10019,1.);
#2810=VECTOR('',#10020,1.00000000000065);
#2811=VECTOR('',#10023,1.);
#2812=VECTOR('',#10026,1.00000000000065);
#2813=VECTOR('',#10027,1.00000000000065);
#2814=VECTOR('',#10028,1.);
#2815=VECTOR('',#10031,1.);
#2816=VECTOR('',#10034,1.);
#2817=VECTOR('',#10037,1.00000000000065);
#2818=VECTOR('',#10038,1.);
#2819=VECTOR('',#10039,1.00000000000065);
#2820=VECTOR('',#10042,1.);
#2821=VECTOR('',#10045,1.00000000000065);
#2822=VECTOR('',#10046,1.00000000000065);
#2823=VECTOR('',#10047,1.);
#2824=VECTOR('',#10050,1.);
#2825=VECTOR('',#10053,1.);
#2826=VECTOR('',#10056,1.00000000000065);
#2827=VECTOR('',#10057,1.);
#2828=VECTOR('',#10058,1.00000000000065);
#2829=VECTOR('',#10061,1.);
#2830=VECTOR('',#10064,1.00000000000065);
#2831=VECTOR('',#10065,1.00000000000065);
#2832=VECTOR('',#10066,1.);
#2833=VECTOR('',#10069,1.);
#2834=VECTOR('',#10072,1.);
#2835=VECTOR('',#10075,1.00000000000065);
#2836=VECTOR('',#10076,1.);
#2837=VECTOR('',#10077,1.00000000000065);
#2838=VECTOR('',#10080,1.);
#2839=VECTOR('',#10083,1.00000000000065);
#2840=VECTOR('',#10084,1.00000000000065);
#2841=VECTOR('',#10085,1.);
#2842=VECTOR('',#10088,1.);
#2843=VECTOR('',#10091,1.);
#2844=VECTOR('',#10094,1.00000000000065);
#2845=VECTOR('',#10095,1.);
#2846=VECTOR('',#10096,1.00000000000065);
#2847=VECTOR('',#10099,1.);
#2848=VECTOR('',#10102,1.00000000000065);
#2849=VECTOR('',#10103,1.00000000000065);
#2850=VECTOR('',#10104,1.);
#2851=VECTOR('',#10107,1.00000000000065);
#2852=VECTOR('',#10108,1.00000000000065);
#2853=VECTOR('',#10109,1.);
#2854=VECTOR('',#10112,1.);
#2855=VECTOR('',#10113,1.00000000000065);
#2856=VECTOR('',#10116,1.);
#2857=VECTOR('',#10117,1.00000000000065);
#2858=VECTOR('',#10120,1.);
#2859=VECTOR('',#10123,1.00000000000065);
#2860=VECTOR('',#10124,1.);
#2861=VECTOR('',#10125,1.00000000000065);
#2862=VECTOR('',#10128,1.00000000000065);
#2863=VECTOR('',#10129,1.);
#2864=VECTOR('',#10132,1.00000000000065);
#2865=VECTOR('',#10133,1.);
#2866=VECTOR('',#10136,1.);
#2867=VECTOR('',#10139,1.00000000000065);
#2868=VECTOR('',#10140,1.);
#2869=VECTOR('',#10141,1.00000000000065);
#2870=VECTOR('',#10144,1.00000000000065);
#2871=VECTOR('',#10145,1.);
#2872=VECTOR('',#10148,1.00000000000065);
#2873=VECTOR('',#10149,1.);
#2874=VECTOR('',#10152,1.);
#2875=VECTOR('',#10155,1.00000000000065);
#2876=VECTOR('',#10156,1.);
#2877=VECTOR('',#10157,1.00000000000065);
#2878=VECTOR('',#10160,1.);
#2879=VECTOR('',#10161,1.00000000000065);
#2880=VECTOR('',#10164,1.00000000000065);
#2881=VECTOR('',#10165,1.);
#2882=VECTOR('',#10168,1.);
#2883=VECTOR('',#10171,1.00000000000065);
#2884=VECTOR('',#10172,1.);
#2885=VECTOR('',#10173,1.00000000000065);
#2886=VECTOR('',#10176,1.00000000000065);
#2887=VECTOR('',#10177,1.);
#2888=VECTOR('',#10180,1.00000000000065);
#2889=VECTOR('',#10181,1.);
#2890=VECTOR('',#10184,1.);
#2891=VECTOR('',#10187,1.00000000000065);
#2892=VECTOR('',#10188,1.00000000000065);
#2893=VECTOR('',#10189,1.);
#2894=VECTOR('',#10192,1.);
#2895=VECTOR('',#10193,1.00000000000065);
#2896=VECTOR('',#10196,1.);
#2897=VECTOR('',#10197,1.00000000000065);
#2898=VECTOR('',#10200,1.);
#2899=VECTOR('',#10203,1.00000000000065);
#2900=VECTOR('',#10204,1.00000000000065);
#2901=VECTOR('',#10205,1.);
#2902=VECTOR('',#10208,1.);
#2903=VECTOR('',#10209,1.00000000000065);
#2904=VECTOR('',#10212,1.);
#2905=VECTOR('',#10213,1.00000000000065);
#2906=VECTOR('',#10216,1.);
#2907=VECTOR('',#10219,1.00000000000065);
#2908=VECTOR('',#10220,1.);
#2909=VECTOR('',#10221,1.00000000000065);
#2910=VECTOR('',#10224,1.00000000000065);
#2911=VECTOR('',#10225,1.);
#2912=VECTOR('',#10228,1.00000000000065);
#2913=VECTOR('',#10229,1.);
#2914=VECTOR('',#10232,1.);
#2915=VECTOR('',#10235,1.00000000000065);
#2916=VECTOR('',#10236,1.);
#2917=VECTOR('',#10237,1.00000000000065);
#2918=VECTOR('',#10240,1.00000000000065);
#2919=VECTOR('',#10241,1.);
#2920=VECTOR('',#10244,1.00000000000065);
#2921=VECTOR('',#10245,1.);
#2922=VECTOR('',#10248,1.);
#2923=VECTOR('',#10251,1.00000000000065);
#2924=VECTOR('',#10252,1.00000000000065);
#2925=VECTOR('',#10253,1.);
#2926=VECTOR('',#10256,1.);
#2927=VECTOR('',#10257,1.00000000000065);
#2928=VECTOR('',#10260,1.);
#2929=VECTOR('',#10261,1.00000000000065);
#2930=VECTOR('',#10264,1.);
#2931=VECTOR('',#10267,1.00000000000065);
#2932=VECTOR('',#10268,1.);
#2933=VECTOR('',#10269,1.00000000000065);
#2934=VECTOR('',#10272,1.);
#2935=VECTOR('',#10273,1.00000000000065);
#2936=VECTOR('',#10276,1.00000000000065);
#2937=VECTOR('',#10277,1.);
#2938=VECTOR('',#10280,1.);
#2939=VECTOR('',#10283,1.00000000000065);
#2940=VECTOR('',#10284,1.00000000000065);
#2941=VECTOR('',#10285,1.);
#2942=VECTOR('',#10288,1.);
#2943=VECTOR('',#10289,1.00000000000065);
#2944=VECTOR('',#10292,1.);
#2945=VECTOR('',#10293,1.00000000000065);
#2946=VECTOR('',#10296,1.);
#2947=VECTOR('',#10299,1.00000000000065);
#2948=VECTOR('',#10300,1.);
#2949=VECTOR('',#10301,1.00000000000065);
#2950=VECTOR('',#10304,1.);
#2951=VECTOR('',#10305,1.00000000000065);
#2952=VECTOR('',#10308,1.00000000000065);
#2953=VECTOR('',#10309,1.);
#2954=VECTOR('',#10312,1.);
#2955=VECTOR('',#10315,1.00000000000065);
#2956=VECTOR('',#10316,1.);
#2957=VECTOR('',#10317,1.00000000000065);
#2958=VECTOR('',#10320,1.);
#2959=VECTOR('',#10321,1.00000000000065);
#2960=VECTOR('',#10324,1.00000000000065);
#2961=VECTOR('',#10325,1.);
#2962=VECTOR('',#10328,1.);
#2963=VECTOR('',#10331,1.);
#2964=VECTOR('',#10334,1.);
#2965=VECTOR('',#10339,1.);
#2966=VECTOR('',#10342,1.);
#2967=VECTOR('',#10347,1.);
#2968=VECTOR('',#10350,1.);
#2969=VECTOR('',#10355,1.);
#2970=VECTOR('',#10358,1.);
#2971=VECTOR('',#10363,1.);
#2972=VECTOR('',#10366,1.);
#2973=VECTOR('',#10371,1.);
#2974=VECTOR('',#10374,1.);
#2975=VECTOR('',#10379,1.);
#2976=VECTOR('',#10382,1.);
#2977=VECTOR('',#10387,1.);
#2978=VECTOR('',#10390,1.);
#2979=VECTOR('',#10395,1.);
#2980=VECTOR('',#10398,1.);
#2981=VECTOR('',#10403,1.);
#2982=VECTOR('',#10406,1.);
#2983=VECTOR('',#10411,1.);
#2984=VECTOR('',#10414,1.);
#2985=VECTOR('',#10419,1.);
#2986=VECTOR('',#10422,1.);
#2987=VECTOR('',#10427,1.);
#2988=VECTOR('',#10430,1.);
#2989=VECTOR('',#10435,1.);
#2990=VECTOR('',#10438,1.);
#2991=VECTOR('',#10473,1.);
#2992=VECTOR('',#10476,1.);
#2993=VECTOR('',#10481,1.);
#2994=VECTOR('',#10482,1.);
#2995=VECTOR('',#10483,1.);
#2996=VECTOR('',#10486,1.);
#2997=VECTOR('',#10487,1.);
#2998=VECTOR('',#10488,1.);
#2999=VECTOR('',#10493,1.);
#3000=VECTOR('',#10496,1.);
#3001=VECTOR('',#10535,1.);
#3002=VECTOR('',#10538,1.);
#3003=VECTOR('',#10575,1.);
#3004=VECTOR('',#10578,1.);
#3005=VECTOR('',#10581,1.);
#3006=VECTOR('',#10584,1.);
#3007=VECTOR('',#10589,1.1);
#3008=VECTOR('',#10592,1.1);
#3009=VECTOR('',#10595,0.5);
#3010=VECTOR('',#10598,0.5);
#3011=VECTOR('',#10601,0.5);
#3012=VECTOR('',#10604,0.5);
#3013=VECTOR('',#10607,0.5);
#3014=VECTOR('',#10610,0.5);
#3015=VECTOR('',#10613,0.5);
#3016=VECTOR('',#10616,0.5);
#3017=VECTOR('',#10619,0.5);
#3018=VECTOR('',#10622,0.5);
#3019=VECTOR('',#10625,0.5);
#3020=VECTOR('',#10628,0.5);
#3021=VECTOR('',#10631,0.5);
#3022=VECTOR('',#10634,0.5);
#3023=VECTOR('',#10639,1.);
#3024=VECTOR('',#10640,1.);
#3025=VECTOR('',#10641,1.);
#3026=VECTOR('',#10642,1.);
#3027=VECTOR('',#10645,1.);
#3028=VECTOR('',#10648,1.);
#3029=VECTOR('',#10649,1.);
#3030=VECTOR('',#10650,1.);
#3031=VECTOR('',#10653,1.);
#3032=VECTOR('',#10662,1.);
#3033=VECTOR('',#10665,1.);
#3034=VECTOR('',#10670,1.);
#3035=VECTOR('',#10671,1.);
#3036=VECTOR('',#10674,1.);
#3037=VECTOR('',#10675,1.);
#3038=VECTOR('',#10676,1.);
#3039=VECTOR('',#10681,1.);
#3040=VECTOR('',#10684,1.);
#3041=VECTOR('',#10687,1.);
#3042=VECTOR('',#10688,1.);
#3043=VECTOR('',#10689,1.);
#3044=VECTOR('',#10690,1.);
#3045=VECTOR('',#10691,1.);
#3046=VECTOR('',#10694,1.);
#3047=VECTOR('',#10697,1.);
#3048=VECTOR('',#10700,1.);
#3049=VECTOR('',#10701,1.);
#3050=VECTOR('',#10702,1.);
#3051=VECTOR('',#10703,1.);
#3052=VECTOR('',#10704,1.);
#3053=VECTOR('',#10707,1.);
#3054=VECTOR('',#10710,1.);
#3055=VECTOR('',#10713,1.);
#3056=VECTOR('',#10716,1.);
#3057=VECTOR('',#10723,1.);
#3058=VECTOR('',#10724,1.);
#3059=VECTOR('',#10725,1.);
#3060=VECTOR('',#10728,1.);
#3061=VECTOR('',#10729,1.);
#3062=VECTOR('',#10732,1.);
#3063=VECTOR('',#10737,1.);
#3064=VECTOR('',#10740,1.);
#3065=VECTOR('',#10745,1.);
#3066=VECTOR('',#10746,1.);
#3067=VECTOR('',#10749,1.);
#3068=VECTOR('',#10752,1.);
#3069=VECTOR('',#10755,1.);
#3070=VECTOR('',#10758,1.);
#3071=VECTOR('',#10761,1.);
#3072=VECTOR('',#10764,1.);
#3073=VECTOR('',#10767,1.);
#3074=VECTOR('',#10770,1.);
#3075=VECTOR('',#10777,10.);
#3076=VECTOR('',#10778,10.);
#3077=VECTOR('',#10779,10.);
#3078=VECTOR('',#10780,10.);
#3079=VECTOR('',#10783,10.);
#3080=VECTOR('',#10784,10.);
#3081=VECTOR('',#10785,10.);
#3082=VECTOR('',#10788,10.);
#3083=VECTOR('',#10789,10.);
#3084=VECTOR('',#10790,10.);
#3085=VECTOR('',#10793,10.);
#3086=VECTOR('',#10794,10.);
#3087=VECTOR('',#10795,10.);
#3088=VECTOR('',#10798,10.);
#3089=VECTOR('',#10799,10.);
#3090=VECTOR('',#10800,10.);
#3091=VECTOR('',#10803,10.);
#3092=VECTOR('',#10804,10.);
#3093=VECTOR('',#10805,10.);
#3094=VECTOR('',#10806,10.);
#3095=VECTOR('',#10807,10.);
#3096=VECTOR('',#10810,10.);
#3097=VECTOR('',#10813,10.);
#3098=VECTOR('',#10814,10.);
#3099=VECTOR('',#10815,10.);
#3100=VECTOR('',#10820,10.);
#3101=VECTOR('',#10823,10.);
#3102=VECTOR('',#10826,10.);
#3103=VECTOR('',#10829,10.);
#3104=VECTOR('',#10830,10.);
#3105=VECTOR('',#10831,10.);
#3106=VECTOR('',#10832,10.);
#3107=VECTOR('',#10833,10.);
#3108=VECTOR('',#10834,10.);
#3109=VECTOR('',#10835,10.);
#3110=VECTOR('',#10838,10.);
#3111=VECTOR('',#10839,10.);
#3112=VECTOR('',#10844,10.);
#3113=VECTOR('',#10847,10.);
#3114=VECTOR('',#10848,10.);
#3115=VECTOR('',#10851,10.);
#3116=VECTOR('',#10852,10.);
#3117=VECTOR('',#10853,10.);
#3118=VECTOR('',#10856,10.);
#3119=VECTOR('',#10857,10.);
#3120=VECTOR('',#10860,10.);
#3121=VECTOR('',#10863,10.);
#3122=VECTOR('',#10864,10.);
#3123=VECTOR('',#10867,10.);
#3124=VECTOR('',#10868,10.);
#3125=VECTOR('',#10871,10.);
#3126=VECTOR('',#10876,10.);
#3127=VECTOR('',#10877,10.);
#3128=VECTOR('',#10878,10.);
#3129=VECTOR('',#10883,10.);
#3130=VECTOR('',#10886,10.);
#3131=VECTOR('',#10889,10.);
#3132=VECTOR('',#10890,10.);
#3133=VECTOR('',#10903,0.920000000000006);
#3134=VECTOR('',#10908,10.);
#3135=VECTOR('',#10911,10.);
#3136=VECTOR('',#10916,10.);
#3137=VECTOR('',#10917,10.);
#3138=VECTOR('',#10922,10.);
#3139=VECTOR('',#10923,10.);
#3140=VECTOR('',#10928,10.);
#3141=VECTOR('',#10929,10.);
#3142=VECTOR('',#10934,10.);
#3143=VECTOR('',#10939,10.);
#3144=VECTOR('',#10940,10.);
#3145=VECTOR('',#10945,10.);
#3146=VECTOR('',#10946,10.);
#3147=VECTOR('',#10951,10.);
#3148=VECTOR('',#10952,10.);
#3149=VECTOR('',#10955,10.);
#3150=VECTOR('',#10958,10.);
#3151=VECTOR('',#10963,10.);
#3152=VECTOR('',#10964,10.);
#3153=VECTOR('',#10969,10.);
#3154=VECTOR('',#10974,10.);
#3155=VECTOR('',#10975,10.);
#3156=VECTOR('',#10980,10.);
#3157=VECTOR('',#10981,10.);
#3158=VECTOR('',#10986,10.);
#3159=VECTOR('',#10991,10.);
#3160=VECTOR('',#10992,10.);
#3161=VECTOR('',#10997,10.);
#3162=VECTOR('',#11006,0.900000000000003);
#3163=VECTOR('',#11015,1.00000000000002);
#3164=VECTOR('',#11030,1.95225084115637);
#3165=VERTEX_POINT('',#11050);
#3166=VERTEX_POINT('',#11051);
#3167=VERTEX_POINT('',#11053);
#3168=VERTEX_POINT('',#11055);
#3169=VERTEX_POINT('',#11059);
#3170=VERTEX_POINT('',#11060);
#3171=VERTEX_POINT('',#11065);
#3172=VERTEX_POINT('',#11067);
#3173=VERTEX_POINT('',#11071);
#3174=VERTEX_POINT('',#11073);
#3175=VERTEX_POINT('',#11075);
#3176=VERTEX_POINT('',#11077);
#3177=VERTEX_POINT('',#11079);
#3178=VERTEX_POINT('',#11081);
#3179=VERTEX_POINT('',#11083);
#3180=VERTEX_POINT('',#11085);
#3181=VERTEX_POINT('',#11087);
#3182=VERTEX_POINT('',#11089);
#3183=VERTEX_POINT('',#11091);
#3184=VERTEX_POINT('',#11093);
#3185=VERTEX_POINT('',#11095);
#3186=VERTEX_POINT('',#11097);
#3187=VERTEX_POINT('',#11099);
#3188=VERTEX_POINT('',#11101);
#3189=VERTEX_POINT('',#11103);
#3190=VERTEX_POINT('',#11105);
#3191=VERTEX_POINT('',#11107);
#3192=VERTEX_POINT('',#11109);
#3193=VERTEX_POINT('',#11111);
#3194=VERTEX_POINT('',#11113);
#3195=VERTEX_POINT('',#11115);
#3196=VERTEX_POINT('',#11117);
#3197=VERTEX_POINT('',#11119);
#3198=VERTEX_POINT('',#11121);
#3199=VERTEX_POINT('',#11123);
#3200=VERTEX_POINT('',#11125);
#3201=VERTEX_POINT('',#11127);
#3202=VERTEX_POINT('',#11129);
#3203=VERTEX_POINT('',#11131);
#3204=VERTEX_POINT('',#11133);
#3205=VERTEX_POINT('',#11135);
#3206=VERTEX_POINT('',#11137);
#3207=VERTEX_POINT('',#11139);
#3208=VERTEX_POINT('',#11141);
#3209=VERTEX_POINT('',#11143);
#3210=VERTEX_POINT('',#11145);
#3211=VERTEX_POINT('',#11147);
#3212=VERTEX_POINT('',#11149);
#3213=VERTEX_POINT('',#11152);
#3214=VERTEX_POINT('',#11153);
#3215=VERTEX_POINT('',#11155);
#3216=VERTEX_POINT('',#11157);
#3217=VERTEX_POINT('',#11160);
#3218=VERTEX_POINT('',#11161);
#3219=VERTEX_POINT('',#11163);
#3220=VERTEX_POINT('',#11165);
#3221=VERTEX_POINT('',#11168);
#3222=VERTEX_POINT('',#11169);
#3223=VERTEX_POINT('',#11171);
#3224=VERTEX_POINT('',#11173);
#3225=VERTEX_POINT('',#11176);
#3226=VERTEX_POINT('',#11177);
#3227=VERTEX_POINT('',#11179);
#3228=VERTEX_POINT('',#11181);
#3229=VERTEX_POINT('',#11184);
#3230=VERTEX_POINT('',#11185);
#3231=VERTEX_POINT('',#11187);
#3232=VERTEX_POINT('',#11189);
#3233=VERTEX_POINT('',#11192);
#3234=VERTEX_POINT('',#11193);
#3235=VERTEX_POINT('',#11195);
#3236=VERTEX_POINT('',#11197);
#3237=VERTEX_POINT('',#11200);
#3238=VERTEX_POINT('',#11201);
#3239=VERTEX_POINT('',#11203);
#3240=VERTEX_POINT('',#11205);
#3241=VERTEX_POINT('',#11208);
#3242=VERTEX_POINT('',#11209);
#3243=VERTEX_POINT('',#11211);
#3244=VERTEX_POINT('',#11213);
#3245=VERTEX_POINT('',#11216);
#3246=VERTEX_POINT('',#11217);
#3247=VERTEX_POINT('',#11219);
#3248=VERTEX_POINT('',#11221);
#3249=VERTEX_POINT('',#11224);
#3250=VERTEX_POINT('',#11225);
#3251=VERTEX_POINT('',#11227);
#3252=VERTEX_POINT('',#11229);
#3253=VERTEX_POINT('',#11232);
#3254=VERTEX_POINT('',#11233);
#3255=VERTEX_POINT('',#11235);
#3256=VERTEX_POINT('',#11237);
#3257=VERTEX_POINT('',#11240);
#3258=VERTEX_POINT('',#11241);
#3259=VERTEX_POINT('',#11243);
#3260=VERTEX_POINT('',#11245);
#3261=VERTEX_POINT('',#11248);
#3262=VERTEX_POINT('',#11249);
#3263=VERTEX_POINT('',#11251);
#3264=VERTEX_POINT('',#11253);
#3265=VERTEX_POINT('',#11256);
#3266=VERTEX_POINT('',#11257);
#3267=VERTEX_POINT('',#11259);
#3268=VERTEX_POINT('',#11261);
#3269=VERTEX_POINT('',#11265);
#3270=VERTEX_POINT('',#11267);
#3271=VERTEX_POINT('',#11269);
#3272=VERTEX_POINT('',#11271);
#3273=VERTEX_POINT('',#11273);
#3274=VERTEX_POINT('',#11275);
#3275=VERTEX_POINT('',#11277);
#3276=VERTEX_POINT('',#11279);
#3277=VERTEX_POINT('',#11281);
#3278=VERTEX_POINT('',#11283);
#3279=VERTEX_POINT('',#11285);
#3280=VERTEX_POINT('',#11287);
#3281=VERTEX_POINT('',#11289);
#3282=VERTEX_POINT('',#11291);
#3283=VERTEX_POINT('',#11293);
#3284=VERTEX_POINT('',#11295);
#3285=VERTEX_POINT('',#11297);
#3286=VERTEX_POINT('',#11299);
#3287=VERTEX_POINT('',#11301);
#3288=VERTEX_POINT('',#11303);
#3289=VERTEX_POINT('',#11305);
#3290=VERTEX_POINT('',#11307);
#3291=VERTEX_POINT('',#11309);
#3292=VERTEX_POINT('',#11311);
#3293=VERTEX_POINT('',#11313);
#3294=VERTEX_POINT('',#11315);
#3295=VERTEX_POINT('',#11317);
#3296=VERTEX_POINT('',#11319);
#3297=VERTEX_POINT('',#11321);
#3298=VERTEX_POINT('',#11323);
#3299=VERTEX_POINT('',#11325);
#3300=VERTEX_POINT('',#11327);
#3301=VERTEX_POINT('',#11329);
#3302=VERTEX_POINT('',#11331);
#3303=VERTEX_POINT('',#11333);
#3304=VERTEX_POINT('',#11335);
#3305=VERTEX_POINT('',#11337);
#3306=VERTEX_POINT('',#11339);
#3307=VERTEX_POINT('',#11341);
#3308=VERTEX_POINT('',#11343);
#3309=VERTEX_POINT('',#11346);
#3310=VERTEX_POINT('',#11347);
#3311=VERTEX_POINT('',#11349);
#3312=VERTEX_POINT('',#11351);
#3313=VERTEX_POINT('',#11354);
#3314=VERTEX_POINT('',#11355);
#3315=VERTEX_POINT('',#11357);
#3316=VERTEX_POINT('',#11359);
#3317=VERTEX_POINT('',#11362);
#3318=VERTEX_POINT('',#11363);
#3319=VERTEX_POINT('',#11365);
#3320=VERTEX_POINT('',#11367);
#3321=VERTEX_POINT('',#11370);
#3322=VERTEX_POINT('',#11371);
#3323=VERTEX_POINT('',#11373);
#3324=VERTEX_POINT('',#11375);
#3325=VERTEX_POINT('',#11378);
#3326=VERTEX_POINT('',#11379);
#3327=VERTEX_POINT('',#11381);
#3328=VERTEX_POINT('',#11383);
#3329=VERTEX_POINT('',#11386);
#3330=VERTEX_POINT('',#11387);
#3331=VERTEX_POINT('',#11389);
#3332=VERTEX_POINT('',#11391);
#3333=VERTEX_POINT('',#11394);
#3334=VERTEX_POINT('',#11395);
#3335=VERTEX_POINT('',#11397);
#3336=VERTEX_POINT('',#11399);
#3337=VERTEX_POINT('',#11402);
#3338=VERTEX_POINT('',#11403);
#3339=VERTEX_POINT('',#11405);
#3340=VERTEX_POINT('',#11407);
#3341=VERTEX_POINT('',#11410);
#3342=VERTEX_POINT('',#11411);
#3343=VERTEX_POINT('',#11413);
#3344=VERTEX_POINT('',#11415);
#3345=VERTEX_POINT('',#11418);
#3346=VERTEX_POINT('',#11419);
#3347=VERTEX_POINT('',#11421);
#3348=VERTEX_POINT('',#11423);
#3349=VERTEX_POINT('',#11426);
#3350=VERTEX_POINT('',#11427);
#3351=VERTEX_POINT('',#11429);
#3352=VERTEX_POINT('',#11431);
#3353=VERTEX_POINT('',#11434);
#3354=VERTEX_POINT('',#11435);
#3355=VERTEX_POINT('',#11437);
#3356=VERTEX_POINT('',#11439);
#3357=VERTEX_POINT('',#11442);
#3358=VERTEX_POINT('',#11443);
#3359=VERTEX_POINT('',#11445);
#3360=VERTEX_POINT('',#11447);
#3361=VERTEX_POINT('',#11450);
#3362=VERTEX_POINT('',#11451);
#3363=VERTEX_POINT('',#11453);
#3364=VERTEX_POINT('',#11455);
#3365=VERTEX_POINT('',#11540);
#3366=VERTEX_POINT('',#11542);
#3367=VERTEX_POINT('',#11546);
#3368=VERTEX_POINT('',#11548);
#3369=VERTEX_POINT('',#11550);
#3370=VERTEX_POINT('',#11552);
#3371=VERTEX_POINT('',#11556);
#3372=VERTEX_POINT('',#11560);
#3373=VERTEX_POINT('',#11562);
#3374=VERTEX_POINT('',#11564);
#3375=VERTEX_POINT('',#11568);
#3376=VERTEX_POINT('',#11570);
#3377=VERTEX_POINT('',#11574);
#3378=VERTEX_POINT('',#11575);
#3379=VERTEX_POINT('',#11577);
#3380=VERTEX_POINT('',#11579);
#3381=VERTEX_POINT('',#11584);
#3382=VERTEX_POINT('',#11588);
#3383=VERTEX_POINT('',#11590);
#3384=VERTEX_POINT('',#11592);
#3385=VERTEX_POINT('',#11596);
#3386=VERTEX_POINT('',#11598);
#3387=VERTEX_POINT('',#11602);
#3388=VERTEX_POINT('',#11603);
#3389=VERTEX_POINT('',#11605);
#3390=VERTEX_POINT('',#11607);
#3391=VERTEX_POINT('',#11612);
#3392=VERTEX_POINT('',#11616);
#3393=VERTEX_POINT('',#11618);
#3394=VERTEX_POINT('',#11620);
#3395=VERTEX_POINT('',#11624);
#3396=VERTEX_POINT('',#11625);
#3397=VERTEX_POINT('',#11628);
#3398=VERTEX_POINT('',#11630);
#3399=VERTEX_POINT('',#11632);
#3400=VERTEX_POINT('',#11636);
#3401=VERTEX_POINT('',#11640);
#3402=VERTEX_POINT('',#11641);
#3403=VERTEX_POINT('',#11643);
#3404=VERTEX_POINT('',#11645);
#3405=VERTEX_POINT('',#11652);
#3406=VERTEX_POINT('',#11654);
#3407=VERTEX_POINT('',#11658);
#3408=VERTEX_POINT('',#11659);
#3409=VERTEX_POINT('',#11661);
#3410=VERTEX_POINT('',#11663);
#3411=VERTEX_POINT('',#11668);
#3412=VERTEX_POINT('',#11672);
#3413=VERTEX_POINT('',#11674);
#3414=VERTEX_POINT('',#11676);
#3415=VERTEX_POINT('',#11680);
#3416=VERTEX_POINT('',#11682);
#3417=VERTEX_POINT('',#11686);
#3418=VERTEX_POINT('',#11688);
#3419=VERTEX_POINT('',#11690);
#3420=VERTEX_POINT('',#11692);
#3421=VERTEX_POINT('',#11696);
#3422=VERTEX_POINT('',#11700);
#3423=VERTEX_POINT('',#11702);
#3424=VERTEX_POINT('',#11704);
#3425=VERTEX_POINT('',#11708);
#3426=VERTEX_POINT('',#11710);
#3427=VERTEX_POINT('',#11714);
#3428=VERTEX_POINT('',#11716);
#3429=VERTEX_POINT('',#11718);
#3430=VERTEX_POINT('',#11720);
#3431=VERTEX_POINT('',#11724);
#3432=VERTEX_POINT('',#11728);
#3433=VERTEX_POINT('',#11730);
#3434=VERTEX_POINT('',#11732);
#3435=VERTEX_POINT('',#11736);
#3436=VERTEX_POINT('',#11738);
#3437=VERTEX_POINT('',#11742);
#3438=VERTEX_POINT('',#11743);
#3439=VERTEX_POINT('',#11745);
#3440=VERTEX_POINT('',#11747);
#3441=VERTEX_POINT('',#11752);
#3442=VERTEX_POINT('',#11756);
#3443=VERTEX_POINT('',#11758);
#3444=VERTEX_POINT('',#11760);
#3445=VERTEX_POINT('',#11764);
#3446=VERTEX_POINT('',#11766);
#3447=VERTEX_POINT('',#11770);
#3448=VERTEX_POINT('',#11771);
#3449=VERTEX_POINT('',#11773);
#3450=VERTEX_POINT('',#11775);
#3451=VERTEX_POINT('',#11780);
#3452=VERTEX_POINT('',#11784);
#3453=VERTEX_POINT('',#11786);
#3454=VERTEX_POINT('',#11788);
#3455=VERTEX_POINT('',#11792);
#3456=VERTEX_POINT('',#11794);
#3457=VERTEX_POINT('',#11798);
#3458=VERTEX_POINT('',#11800);
#3459=VERTEX_POINT('',#11802);
#3460=VERTEX_POINT('',#11804);
#3461=VERTEX_POINT('',#11808);
#3462=VERTEX_POINT('',#11812);
#3463=VERTEX_POINT('',#11814);
#3464=VERTEX_POINT('',#11816);
#3465=VERTEX_POINT('',#11820);
#3466=VERTEX_POINT('',#11821);
#3467=VERTEX_POINT('',#11824);
#3468=VERTEX_POINT('',#11826);
#3469=VERTEX_POINT('',#11828);
#3470=VERTEX_POINT('',#11832);
#3471=VERTEX_POINT('',#11836);
#3472=VERTEX_POINT('',#11837);
#3473=VERTEX_POINT('',#11839);
#3474=VERTEX_POINT('',#11841);
#3475=VERTEX_POINT('',#11848);
#3476=VERTEX_POINT('',#11850);
#3477=VERTEX_POINT('',#11854);
#3478=VERTEX_POINT('',#11856);
#3479=VERTEX_POINT('',#11858);
#3480=VERTEX_POINT('',#11860);
#3481=VERTEX_POINT('',#11864);
#3482=VERTEX_POINT('',#11868);
#3483=VERTEX_POINT('',#11870);
#3484=VERTEX_POINT('',#11872);
#3485=VERTEX_POINT('',#11876);
#3486=VERTEX_POINT('',#11877);
#3487=VERTEX_POINT('',#11880);
#3488=VERTEX_POINT('',#11882);
#3489=VERTEX_POINT('',#11884);
#3490=VERTEX_POINT('',#11888);
#3491=VERTEX_POINT('',#11892);
#3492=VERTEX_POINT('',#11893);
#3493=VERTEX_POINT('',#11895);
#3494=VERTEX_POINT('',#11897);
#3495=VERTEX_POINT('',#11904);
#3496=VERTEX_POINT('',#11905);
#3497=VERTEX_POINT('',#11908);
#3498=VERTEX_POINT('',#11910);
#3499=VERTEX_POINT('',#11912);
#3500=VERTEX_POINT('',#11916);
#3501=VERTEX_POINT('',#11920);
#3502=VERTEX_POINT('',#11921);
#3503=VERTEX_POINT('',#11923);
#3504=VERTEX_POINT('',#11925);
#3505=VERTEX_POINT('',#11932);
#3506=VERTEX_POINT('',#11934);
#3507=VERTEX_POINT('',#11938);
#3508=VERTEX_POINT('',#11942);
#3509=VERTEX_POINT('',#11948);
#3510=VERTEX_POINT('',#11950);
#3511=VERTEX_POINT('',#11954);
#3512=VERTEX_POINT('',#11958);
#3513=VERTEX_POINT('',#11964);
#3514=VERTEX_POINT('',#11966);
#3515=VERTEX_POINT('',#11970);
#3516=VERTEX_POINT('',#11974);
#3517=VERTEX_POINT('',#11980);
#3518=VERTEX_POINT('',#11982);
#3519=VERTEX_POINT('',#11986);
#3520=VERTEX_POINT('',#11990);
#3521=VERTEX_POINT('',#11996);
#3522=VERTEX_POINT('',#11998);
#3523=VERTEX_POINT('',#12002);
#3524=VERTEX_POINT('',#12006);
#3525=VERTEX_POINT('',#12012);
#3526=VERTEX_POINT('',#12014);
#3527=VERTEX_POINT('',#12018);
#3528=VERTEX_POINT('',#12022);
#3529=VERTEX_POINT('',#12028);
#3530=VERTEX_POINT('',#12030);
#3531=VERTEX_POINT('',#12034);
#3532=VERTEX_POINT('',#12038);
#3533=VERTEX_POINT('',#12044);
#3534=VERTEX_POINT('',#12046);
#3535=VERTEX_POINT('',#12050);
#3536=VERTEX_POINT('',#12054);
#3537=VERTEX_POINT('',#12060);
#3538=VERTEX_POINT('',#12062);
#3539=VERTEX_POINT('',#12066);
#3540=VERTEX_POINT('',#12070);
#3541=VERTEX_POINT('',#12076);
#3542=VERTEX_POINT('',#12078);
#3543=VERTEX_POINT('',#12082);
#3544=VERTEX_POINT('',#12086);
#3545=VERTEX_POINT('',#12092);
#3546=VERTEX_POINT('',#12094);
#3547=VERTEX_POINT('',#12098);
#3548=VERTEX_POINT('',#12102);
#3549=VERTEX_POINT('',#12108);
#3550=VERTEX_POINT('',#12110);
#3551=VERTEX_POINT('',#12114);
#3552=VERTEX_POINT('',#12118);
#3553=VERTEX_POINT('',#12124);
#3554=VERTEX_POINT('',#12126);
#3555=VERTEX_POINT('',#12130);
#3556=VERTEX_POINT('',#12134);
#3557=VERTEX_POINT('',#12140);
#3558=VERTEX_POINT('',#12142);
#3559=VERTEX_POINT('',#12146);
#3560=VERTEX_POINT('',#12150);
#3561=VERTEX_POINT('',#12160);
#3562=VERTEX_POINT('',#12162);
#3563=VERTEX_POINT('',#12168);
#3564=VERTEX_POINT('',#12170);
#3565=VERTEX_POINT('',#12180);
#3566=VERTEX_POINT('',#12182);
#3567=VERTEX_POINT('',#12186);
#3568=VERTEX_POINT('',#12188);
#3569=VERTEX_POINT('',#12198);
#3570=VERTEX_POINT('',#12200);
#3571=VERTEX_POINT('',#12204);
#3572=VERTEX_POINT('',#12206);
#3573=VERTEX_POINT('',#12214);
#3574=VERTEX_POINT('',#12216);
#3575=VERTEX_POINT('',#12222);
#3576=VERTEX_POINT('',#12224);
#3577=VERTEX_POINT('',#12234);
#3578=VERTEX_POINT('',#12236);
#3579=VERTEX_POINT('',#12240);
#3580=VERTEX_POINT('',#12242);
#3581=VERTEX_POINT('',#12250);
#3582=VERTEX_POINT('',#12252);
#3583=VERTEX_POINT('',#12258);
#3584=VERTEX_POINT('',#12260);
#3585=VERTEX_POINT('',#12268);
#3586=VERTEX_POINT('',#12270);
#3587=VERTEX_POINT('',#12276);
#3588=VERTEX_POINT('',#12278);
#3589=VERTEX_POINT('',#12288);
#3590=VERTEX_POINT('',#12290);
#3591=VERTEX_POINT('',#12294);
#3592=VERTEX_POINT('',#12296);
#3593=VERTEX_POINT('',#12306);
#3594=VERTEX_POINT('',#12308);
#3595=VERTEX_POINT('',#12312);
#3596=VERTEX_POINT('',#12314);
#3597=VERTEX_POINT('',#12322);
#3598=VERTEX_POINT('',#12324);
#3599=VERTEX_POINT('',#12330);
#3600=VERTEX_POINT('',#12332);
#3601=VERTEX_POINT('',#12340);
#3602=VERTEX_POINT('',#12342);
#3603=VERTEX_POINT('',#12348);
#3604=VERTEX_POINT('',#12350);
#3605=VERTEX_POINT('',#12358);
#3606=VERTEX_POINT('',#12360);
#3607=VERTEX_POINT('',#12366);
#3608=VERTEX_POINT('',#12368);
#3609=VERTEX_POINT('',#12376);
#3610=VERTEX_POINT('',#12378);
#3611=VERTEX_POINT('',#12384);
#3612=VERTEX_POINT('',#12386);
#3613=VERTEX_POINT('',#12394);
#3614=VERTEX_POINT('',#12396);
#3615=VERTEX_POINT('',#12402);
#3616=VERTEX_POINT('',#12404);
#3617=VERTEX_POINT('',#12408);
#3618=VERTEX_POINT('',#12410);
#3619=VERTEX_POINT('',#12414);
#3620=VERTEX_POINT('',#12418);
#3621=VERTEX_POINT('',#12424);
#3622=VERTEX_POINT('',#12426);
#3623=VERTEX_POINT('',#12430);
#3624=VERTEX_POINT('',#12434);
#3625=VERTEX_POINT('',#12440);
#3626=VERTEX_POINT('',#12442);
#3627=VERTEX_POINT('',#12446);
#3628=VERTEX_POINT('',#12450);
#3629=VERTEX_POINT('',#12456);
#3630=VERTEX_POINT('',#12458);
#3631=VERTEX_POINT('',#12462);
#3632=VERTEX_POINT('',#12466);
#3633=VERTEX_POINT('',#12472);
#3634=VERTEX_POINT('',#12474);
#3635=VERTEX_POINT('',#12478);
#3636=VERTEX_POINT('',#12482);
#3637=VERTEX_POINT('',#12488);
#3638=VERTEX_POINT('',#12490);
#3639=VERTEX_POINT('',#12494);
#3640=VERTEX_POINT('',#12498);
#3641=VERTEX_POINT('',#12504);
#3642=VERTEX_POINT('',#12506);
#3643=VERTEX_POINT('',#12510);
#3644=VERTEX_POINT('',#12514);
#3645=VERTEX_POINT('',#12520);
#3646=VERTEX_POINT('',#12522);
#3647=VERTEX_POINT('',#12526);
#3648=VERTEX_POINT('',#12530);
#3649=VERTEX_POINT('',#12536);
#3650=VERTEX_POINT('',#12538);
#3651=VERTEX_POINT('',#12542);
#3652=VERTEX_POINT('',#12546);
#3653=VERTEX_POINT('',#12552);
#3654=VERTEX_POINT('',#12554);
#3655=VERTEX_POINT('',#12558);
#3656=VERTEX_POINT('',#12562);
#3657=VERTEX_POINT('',#12568);
#3658=VERTEX_POINT('',#12570);
#3659=VERTEX_POINT('',#12574);
#3660=VERTEX_POINT('',#12578);
#3661=VERTEX_POINT('',#12584);
#3662=VERTEX_POINT('',#12586);
#3663=VERTEX_POINT('',#12590);
#3664=VERTEX_POINT('',#12594);
#3665=VERTEX_POINT('',#12600);
#3666=VERTEX_POINT('',#12602);
#3667=VERTEX_POINT('',#12606);
#3668=VERTEX_POINT('',#12610);
#3669=VERTEX_POINT('',#12616);
#3670=VERTEX_POINT('',#12618);
#3671=VERTEX_POINT('',#12622);
#3672=VERTEX_POINT('',#12626);
#3673=VERTEX_POINT('',#12717);
#3674=VERTEX_POINT('',#12718);
#3675=VERTEX_POINT('',#12720);
#3676=VERTEX_POINT('',#12722);
#3677=VERTEX_POINT('',#12726);
#3678=VERTEX_POINT('',#12727);
#3679=VERTEX_POINT('',#12732);
#3680=VERTEX_POINT('',#12734);
#3681=VERTEX_POINT('',#12738);
#3682=VERTEX_POINT('',#12740);
#3683=VERTEX_POINT('',#12742);
#3684=VERTEX_POINT('',#12744);
#3685=VERTEX_POINT('',#12747);
#3686=VERTEX_POINT('',#12749);
#3687=VERTEX_POINT('',#12751);
#3688=VERTEX_POINT('',#12753);
#3689=VERTEX_POINT('',#12755);
#3690=VERTEX_POINT('',#12757);
#3691=VERTEX_POINT('',#12759);
#3692=VERTEX_POINT('',#12761);
#3693=VERTEX_POINT('',#12763);
#3694=VERTEX_POINT('',#12765);
#3695=VERTEX_POINT('',#12767);
#3696=VERTEX_POINT('',#12769);
#3697=VERTEX_POINT('',#12771);
#3698=VERTEX_POINT('',#12773);
#3699=VERTEX_POINT('',#12775);
#3700=VERTEX_POINT('',#12777);
#3701=VERTEX_POINT('',#12780);
#3702=VERTEX_POINT('',#12782);
#3703=VERTEX_POINT('',#12784);
#3704=VERTEX_POINT('',#12786);
#3705=VERTEX_POINT('',#12789);
#3706=VERTEX_POINT('',#12791);
#3707=VERTEX_POINT('',#12793);
#3708=VERTEX_POINT('',#12795);
#3709=VERTEX_POINT('',#12797);
#3710=VERTEX_POINT('',#12799);
#3711=VERTEX_POINT('',#12801);
#3712=VERTEX_POINT('',#12803);
#3713=VERTEX_POINT('',#12805);
#3714=VERTEX_POINT('',#12807);
#3715=VERTEX_POINT('',#12809);
#3716=VERTEX_POINT('',#12811);
#3717=VERTEX_POINT('',#12813);
#3718=VERTEX_POINT('',#12815);
#3719=VERTEX_POINT('',#12817);
#3720=VERTEX_POINT('',#12819);
#3721=VERTEX_POINT('',#12864);
#3722=VERTEX_POINT('',#12865);
#3723=VERTEX_POINT('',#12867);
#3724=VERTEX_POINT('',#12869);
#3725=VERTEX_POINT('',#12873);
#3726=VERTEX_POINT('',#12874);
#3727=VERTEX_POINT('',#12876);
#3728=VERTEX_POINT('',#12878);
#3729=VERTEX_POINT('',#12880);
#3730=VERTEX_POINT('',#12882);
#3731=VERTEX_POINT('',#12884);
#3732=VERTEX_POINT('',#12886);
#3733=VERTEX_POINT('',#12891);
#3734=VERTEX_POINT('',#12895);
#3735=VERTEX_POINT('',#12899);
#3736=VERTEX_POINT('',#12901);
#3737=VERTEX_POINT('',#12903);
#3738=VERTEX_POINT('',#12905);
#3739=VERTEX_POINT('',#12907);
#3740=VERTEX_POINT('',#12909);
#3741=VERTEX_POINT('',#12917);
#3742=VERTEX_POINT('',#12919);
#3743=VERTEX_POINT('',#12921);
#3744=VERTEX_POINT('',#12923);
#3745=VERTEX_POINT('',#12931);
#3746=VERTEX_POINT('',#12933);
#3747=VERTEX_POINT('',#12935);
#3748=VERTEX_POINT('',#12937);
#3749=VERTEX_POINT('',#12943);
#3750=VERTEX_POINT('',#12944);
#3751=VERTEX_POINT('',#12946);
#3752=VERTEX_POINT('',#12948);
#3753=VERTEX_POINT('',#12950);
#3754=VERTEX_POINT('',#12952);
#3755=VERTEX_POINT('',#12957);
#3756=VERTEX_POINT('',#12959);
#3757=VERTEX_POINT('',#12963);
#3758=VERTEX_POINT('',#12967);
#3759=VERTEX_POINT('',#12968);
#3760=VERTEX_POINT('',#12971);
#3761=VERTEX_POINT('',#12973);
#3762=VERTEX_POINT('',#12975);
#3763=VERTEX_POINT('',#12977);
#3764=VERTEX_POINT('',#12981);
#3765=VERTEX_POINT('',#13003);
#3766=VERTEX_POINT('',#13004);
#3767=VERTEX_POINT('',#13006);
#3768=VERTEX_POINT('',#13008);
#3769=VERTEX_POINT('',#13012);
#3770=VERTEX_POINT('',#13014);
#3771=VERTEX_POINT('',#13018);
#3772=VERTEX_POINT('',#13020);
#3773=VERTEX_POINT('',#13024);
#3774=VERTEX_POINT('',#13026);
#3775=VERTEX_POINT('',#13030);
#3776=VERTEX_POINT('',#13032);
#3777=VERTEX_POINT('',#13036);
#3778=VERTEX_POINT('',#13038);
#3779=VERTEX_POINT('',#13040);
#3780=VERTEX_POINT('',#13042);
#3781=VERTEX_POINT('',#13046);
#3782=VERTEX_POINT('',#13048);
#3783=VERTEX_POINT('',#13050);
#3784=VERTEX_POINT('',#13052);
#3785=VERTEX_POINT('',#13056);
#3786=VERTEX_POINT('',#13057);
#3787=VERTEX_POINT('',#13059);
#3788=VERTEX_POINT('',#13061);
#3789=VERTEX_POINT('',#13065);
#3790=VERTEX_POINT('',#13067);
#3791=VERTEX_POINT('',#13069);
#3792=VERTEX_POINT('',#13071);
#3793=VERTEX_POINT('',#13073);
#3794=VERTEX_POINT('',#13075);
#3795=VERTEX_POINT('',#13077);
#3796=VERTEX_POINT('',#13079);
#3797=VERTEX_POINT('',#13083);
#3798=VERTEX_POINT('',#13087);
#3799=VERTEX_POINT('',#13094);
#3800=VERTEX_POINT('',#13095);
#3801=VERTEX_POINT('',#13101);
#3802=VERTEX_POINT('',#13103);
#3803=VERTEX_POINT('',#13107);
#3804=VERTEX_POINT('',#13111);
#3805=VERTEX_POINT('',#13118);
#3806=VERTEX_POINT('',#13120);
#3807=VERTEX_POINT('',#13124);
#3808=VERTEX_POINT('',#13130);
#3809=VERTEX_POINT('',#13138);
#3810=VERTEX_POINT('',#13140);
#3811=VERTEX_POINT('',#13144);
#3812=VERTEX_POINT('',#13145);
#3813=VERTEX_POINT('',#13157);
#3814=VERTEX_POINT('',#13159);
#3815=VERTEX_POINT('',#13163);
#3816=VERTEX_POINT('',#13165);
#3817=VERTEX_POINT('',#13169);
#3818=VERTEX_POINT('',#13171);
#3819=VERTEX_POINT('',#13175);
#3820=VERTEX_POINT('',#13177);
#3821=VERTEX_POINT('',#13181);
#3822=VERTEX_POINT('',#13193);
#3823=VERTEX_POINT('',#13197);
#3824=VERTEX_POINT('',#13199);
#3825=VERTEX_POINT('',#13203);
#3826=VERTEX_POINT('',#13205);
#3827=VERTEX_POINT('',#13209);
#3828=VERTEX_POINT('',#13211);
#3829=VERTEX_POINT('',#13215);
#3830=VERTEX_POINT('',#13216);
#3831=VERTEX_POINT('',#13228);
#3832=VERTEX_POINT('',#13230);
#3833=VERTEX_POINT('',#13234);
#3834=VERTEX_POINT('',#13236);
#3835=VERTEX_POINT('',#13240);
#3836=VERTEX_POINT('',#13252);
#3837=VERTEX_POINT('',#13256);
#3838=VERTEX_POINT('',#13258);
#3839=VERTEX_POINT('',#13262);
#3840=VERTEX_POINT('',#13264);
#3841=VERTEX_POINT('',#13271);
#3842=VERTEX_POINT('',#13273);
#3843=VERTEX_POINT('',#13277);
#3844=VERTEX_POINT('',#13283);
#3845=VERTEX_POINT('',#13285);
#3846=VERTEX_POINT('',#13289);
#3847=VERTEX_POINT('',#13295);
#3848=VERTEX_POINT('',#13297);
#3849=VERTEX_POINT('',#13301);
#3850=EDGE_CURVE('',#3165,#3166,#1237,.T.);
#3851=EDGE_CURVE('',#3166,#3167,#1238,.T.);
#3852=EDGE_CURVE('',#3168,#3167,#1239,.T.);
#3853=EDGE_CURVE('',#3165,#3168,#1240,.T.);
#3854=EDGE_CURVE('',#3169,#3170,#1241,.T.);
#3855=EDGE_CURVE('',#3170,#3166,#1242,.T.);
#3856=EDGE_CURVE('',#3169,#3165,#1243,.T.);
#3857=EDGE_CURVE('',#3167,#3171,#1244,.T.);
#3858=EDGE_CURVE('',#3172,#3171,#1245,.T.);
#3859=EDGE_CURVE('',#3168,#3172,#1246,.T.);
#3860=EDGE_CURVE('',#3172,#3173,#1247,.T.);
#3861=EDGE_CURVE('',#3173,#3174,#1248,.T.);
#3862=EDGE_CURVE('',#3174,#3175,#1249,.T.);
#3863=EDGE_CURVE('',#3175,#3176,#1250,.T.);
#3864=EDGE_CURVE('',#3176,#3177,#1251,.T.);
#3865=EDGE_CURVE('',#3177,#3178,#1252,.T.);
#3866=EDGE_CURVE('',#3178,#3179,#1253,.T.);
#3867=EDGE_CURVE('',#3179,#3180,#1254,.T.);
#3868=EDGE_CURVE('',#3180,#3181,#1255,.T.);
#3869=EDGE_CURVE('',#3181,#3182,#1256,.T.);
#3870=EDGE_CURVE('',#3182,#3183,#1257,.T.);
#3871=EDGE_CURVE('',#3183,#3184,#1258,.T.);
#3872=EDGE_CURVE('',#3184,#3185,#1259,.T.);
#3873=EDGE_CURVE('',#3185,#3186,#1260,.T.);
#3874=EDGE_CURVE('',#3186,#3187,#1261,.T.);
#3875=EDGE_CURVE('',#3187,#3188,#1262,.T.);
#3876=EDGE_CURVE('',#3188,#3189,#1263,.T.);
#3877=EDGE_CURVE('',#3189,#3190,#1264,.T.);
#3878=EDGE_CURVE('',#3190,#3191,#1265,.T.);
#3879=EDGE_CURVE('',#3191,#3192,#1266,.T.);
#3880=EDGE_CURVE('',#3192,#3193,#1267,.T.);
#3881=EDGE_CURVE('',#3193,#3194,#1268,.T.);
#3882=EDGE_CURVE('',#3194,#3195,#1269,.T.);
#3883=EDGE_CURVE('',#3195,#3196,#1270,.T.);
#3884=EDGE_CURVE('',#3196,#3197,#1271,.T.);
#3885=EDGE_CURVE('',#3197,#3198,#1272,.T.);
#3886=EDGE_CURVE('',#3198,#3199,#1273,.T.);
#3887=EDGE_CURVE('',#3199,#3200,#1274,.T.);
#3888=EDGE_CURVE('',#3200,#3201,#1275,.T.);
#3889=EDGE_CURVE('',#3201,#3202,#1276,.T.);
#3890=EDGE_CURVE('',#3202,#3203,#1277,.T.);
#3891=EDGE_CURVE('',#3203,#3204,#1278,.T.);
#3892=EDGE_CURVE('',#3204,#3205,#1279,.T.);
#3893=EDGE_CURVE('',#3205,#3206,#1280,.T.);
#3894=EDGE_CURVE('',#3206,#3207,#1281,.T.);
#3895=EDGE_CURVE('',#3207,#3208,#1282,.T.);
#3896=EDGE_CURVE('',#3208,#3209,#1283,.T.);
#3897=EDGE_CURVE('',#3209,#3210,#1284,.T.);
#3898=EDGE_CURVE('',#3210,#3211,#1285,.T.);
#3899=EDGE_CURVE('',#3211,#3212,#1286,.T.);
#3900=EDGE_CURVE('',#3212,#3169,#1287,.T.);
#3901=EDGE_CURVE('',#3213,#3214,#1288,.T.);
#3902=EDGE_CURVE('',#3213,#3215,#1289,.T.);
#3903=EDGE_CURVE('',#3216,#3215,#1290,.T.);
#3904=EDGE_CURVE('',#3214,#3216,#1291,.T.);
#3905=EDGE_CURVE('',#3217,#3218,#1292,.T.);
#3906=EDGE_CURVE('',#3219,#3217,#1293,.T.);
#3907=EDGE_CURVE('',#3220,#3219,#1294,.T.);
#3908=EDGE_CURVE('',#3220,#3218,#1295,.T.);
#3909=EDGE_CURVE('',#3221,#3222,#1296,.T.);
#3910=EDGE_CURVE('',#3223,#3221,#1297,.T.);
#3911=EDGE_CURVE('',#3224,#3223,#1298,.T.);
#3912=EDGE_CURVE('',#3224,#3222,#1299,.T.);
#3913=EDGE_CURVE('',#3225,#3226,#1300,.T.);
#3914=EDGE_CURVE('',#3227,#3225,#1301,.T.);
#3915=EDGE_CURVE('',#3227,#3228,#1302,.T.);
#3916=EDGE_CURVE('',#3226,#3228,#1303,.T.);
#3917=EDGE_CURVE('',#3229,#3230,#1304,.T.);
#3918=EDGE_CURVE('',#3231,#3229,#1305,.T.);
#3919=EDGE_CURVE('',#3232,#3231,#1306,.T.);
#3920=EDGE_CURVE('',#3232,#3230,#1307,.T.);
#3921=EDGE_CURVE('',#3233,#3234,#1308,.T.);
#3922=EDGE_CURVE('',#3233,#3235,#1309,.T.);
#3923=EDGE_CURVE('',#3236,#3235,#1310,.T.);
#3924=EDGE_CURVE('',#3234,#3236,#1311,.T.);
#3925=EDGE_CURVE('',#3237,#3238,#1312,.T.);
#3926=EDGE_CURVE('',#3237,#3239,#1313,.T.);
#3927=EDGE_CURVE('',#3240,#3239,#1314,.T.);
#3928=EDGE_CURVE('',#3238,#3240,#1315,.T.);
#3929=EDGE_CURVE('',#3241,#3242,#1316,.T.);
#3930=EDGE_CURVE('',#3243,#3241,#1317,.T.);
#3931=EDGE_CURVE('',#3244,#3243,#1318,.T.);
#3932=EDGE_CURVE('',#3244,#3242,#1319,.T.);
#3933=EDGE_CURVE('',#3245,#3246,#1320,.T.);
#3934=EDGE_CURVE('',#3247,#3245,#1321,.T.);
#3935=EDGE_CURVE('',#3248,#3247,#1322,.T.);
#3936=EDGE_CURVE('',#3248,#3246,#1323,.T.);
#3937=EDGE_CURVE('',#3249,#3250,#1324,.T.);
#3938=EDGE_CURVE('',#3249,#3251,#1325,.T.);
#3939=EDGE_CURVE('',#3252,#3251,#1326,.T.);
#3940=EDGE_CURVE('',#3250,#3252,#1327,.T.);
#3941=EDGE_CURVE('',#3253,#3254,#1328,.T.);
#3942=EDGE_CURVE('',#3255,#3253,#1329,.T.);
#3943=EDGE_CURVE('',#3255,#3256,#1330,.T.);
#3944=EDGE_CURVE('',#3254,#3256,#1331,.T.);
#3945=EDGE_CURVE('',#3257,#3258,#1332,.T.);
#3946=EDGE_CURVE('',#3257,#3259,#1333,.T.);
#3947=EDGE_CURVE('',#3260,#3259,#1334,.T.);
#3948=EDGE_CURVE('',#3258,#3260,#1335,.T.);
#3949=EDGE_CURVE('',#3261,#3262,#1336,.T.);
#3950=EDGE_CURVE('',#3263,#3261,#1337,.T.);
#3951=EDGE_CURVE('',#3263,#3264,#1338,.T.);
#3952=EDGE_CURVE('',#3262,#3264,#1339,.T.);
#3953=EDGE_CURVE('',#3265,#3266,#1340,.T.);
#3954=EDGE_CURVE('',#3267,#3265,#1341,.T.);
#3955=EDGE_CURVE('',#3267,#3268,#1342,.T.);
#3956=EDGE_CURVE('',#3266,#3268,#1343,.T.);
#3957=EDGE_CURVE('',#3269,#3170,#1344,.T.);
#3958=EDGE_CURVE('',#3270,#3269,#1345,.T.);
#3959=EDGE_CURVE('',#3271,#3270,#1346,.T.);
#3960=EDGE_CURVE('',#3272,#3271,#1347,.T.);
#3961=EDGE_CURVE('',#3273,#3272,#1348,.T.);
#3962=EDGE_CURVE('',#3274,#3273,#1349,.T.);
#3963=EDGE_CURVE('',#3275,#3274,#1350,.T.);
#3964=EDGE_CURVE('',#3276,#3275,#1351,.T.);
#3965=EDGE_CURVE('',#3277,#3276,#1352,.T.);
#3966=EDGE_CURVE('',#3278,#3277,#1353,.T.);
#3967=EDGE_CURVE('',#3279,#3278,#1354,.T.);
#3968=EDGE_CURVE('',#3280,#3279,#1355,.T.);
#3969=EDGE_CURVE('',#3281,#3280,#1356,.T.);
#3970=EDGE_CURVE('',#3282,#3281,#1357,.T.);
#3971=EDGE_CURVE('',#3283,#3282,#1358,.T.);
#3972=EDGE_CURVE('',#3284,#3283,#1359,.T.);
#3973=EDGE_CURVE('',#3285,#3284,#1360,.T.);
#3974=EDGE_CURVE('',#3286,#3285,#1361,.T.);
#3975=EDGE_CURVE('',#3287,#3286,#1362,.T.);
#3976=EDGE_CURVE('',#3288,#3287,#1363,.T.);
#3977=EDGE_CURVE('',#3289,#3288,#1364,.T.);
#3978=EDGE_CURVE('',#3290,#3289,#1365,.T.);
#3979=EDGE_CURVE('',#3291,#3290,#1366,.T.);
#3980=EDGE_CURVE('',#3292,#3291,#1367,.T.);
#3981=EDGE_CURVE('',#3293,#3292,#1368,.T.);
#3982=EDGE_CURVE('',#3294,#3293,#1369,.T.);
#3983=EDGE_CURVE('',#3295,#3294,#1370,.T.);
#3984=EDGE_CURVE('',#3296,#3295,#1371,.T.);
#3985=EDGE_CURVE('',#3297,#3296,#1372,.T.);
#3986=EDGE_CURVE('',#3298,#3297,#1373,.T.);
#3987=EDGE_CURVE('',#3299,#3298,#1374,.T.);
#3988=EDGE_CURVE('',#3300,#3299,#1375,.T.);
#3989=EDGE_CURVE('',#3301,#3300,#1376,.T.);
#3990=EDGE_CURVE('',#3302,#3301,#1377,.T.);
#3991=EDGE_CURVE('',#3303,#3302,#1378,.T.);
#3992=EDGE_CURVE('',#3304,#3303,#1379,.T.);
#3993=EDGE_CURVE('',#3305,#3304,#1380,.T.);
#3994=EDGE_CURVE('',#3306,#3305,#1381,.T.);
#3995=EDGE_CURVE('',#3307,#3306,#1382,.T.);
#3996=EDGE_CURVE('',#3308,#3307,#1383,.T.);
#3997=EDGE_CURVE('',#3171,#3308,#1384,.T.);
#3998=EDGE_CURVE('',#3309,#3310,#1385,.T.);
#3999=EDGE_CURVE('',#3310,#3311,#1386,.T.);
#4000=EDGE_CURVE('',#3311,#3312,#1387,.T.);
#4001=EDGE_CURVE('',#3309,#3312,#1388,.T.);
#4002=EDGE_CURVE('',#3313,#3314,#1389,.T.);
#4003=EDGE_CURVE('',#3315,#3314,#1390,.T.);
#4004=EDGE_CURVE('',#3315,#3316,#1391,.T.);
#4005=EDGE_CURVE('',#3316,#3313,#1392,.T.);
#4006=EDGE_CURVE('',#3317,#3318,#1393,.T.);
#4007=EDGE_CURVE('',#3319,#3318,#1394,.T.);
#4008=EDGE_CURVE('',#3319,#3320,#1395,.T.);
#4009=EDGE_CURVE('',#3320,#3317,#1396,.T.);
#4010=EDGE_CURVE('',#3321,#3322,#1397,.T.);
#4011=EDGE_CURVE('',#3322,#3323,#1398,.T.);
#4012=EDGE_CURVE('',#3324,#3323,#1399,.T.);
#4013=EDGE_CURVE('',#3324,#3321,#1400,.T.);
#4014=EDGE_CURVE('',#3325,#3326,#1401,.T.);
#4015=EDGE_CURVE('',#3327,#3326,#1402,.T.);
#4016=EDGE_CURVE('',#3327,#3328,#1403,.T.);
#4017=EDGE_CURVE('',#3328,#3325,#1404,.T.);
#4018=EDGE_CURVE('',#3329,#3330,#1405,.T.);
#4019=EDGE_CURVE('',#3330,#3331,#1406,.T.);
#4020=EDGE_CURVE('',#3331,#3332,#1407,.T.);
#4021=EDGE_CURVE('',#3329,#3332,#1408,.T.);
#4022=EDGE_CURVE('',#3333,#3334,#1409,.T.);
#4023=EDGE_CURVE('',#3334,#3335,#1410,.T.);
#4024=EDGE_CURVE('',#3335,#3336,#1411,.T.);
#4025=EDGE_CURVE('',#3333,#3336,#1412,.T.);
#4026=EDGE_CURVE('',#3337,#3338,#1413,.T.);
#4027=EDGE_CURVE('',#3339,#3338,#1414,.T.);
#4028=EDGE_CURVE('',#3339,#3340,#1415,.T.);
#4029=EDGE_CURVE('',#3340,#3337,#1416,.T.);
#4030=EDGE_CURVE('',#3341,#3342,#1417,.T.);
#4031=EDGE_CURVE('',#3343,#3342,#1418,.T.);
#4032=EDGE_CURVE('',#3343,#3344,#1419,.T.);
#4033=EDGE_CURVE('',#3344,#3341,#1420,.T.);
#4034=EDGE_CURVE('',#3345,#3346,#1421,.T.);
#4035=EDGE_CURVE('',#3346,#3347,#1422,.T.);
#4036=EDGE_CURVE('',#3347,#3348,#1423,.T.);
#4037=EDGE_CURVE('',#3345,#3348,#1424,.T.);
#4038=EDGE_CURVE('',#3349,#3350,#1425,.T.);
#4039=EDGE_CURVE('',#3350,#3351,#1426,.T.);
#4040=EDGE_CURVE('',#3352,#3351,#1427,.T.);
#4041=EDGE_CURVE('',#3352,#3349,#1428,.T.);
#4042=EDGE_CURVE('',#3353,#3354,#1429,.T.);
#4043=EDGE_CURVE('',#3354,#3355,#1430,.T.);
#4044=EDGE_CURVE('',#3355,#3356,#1431,.T.);
#4045=EDGE_CURVE('',#3353,#3356,#1432,.T.);
#4046=EDGE_CURVE('',#3357,#3358,#1433,.T.);
#4047=EDGE_CURVE('',#3358,#3359,#1434,.T.);
#4048=EDGE_CURVE('',#3360,#3359,#1435,.T.);
#4049=EDGE_CURVE('',#3360,#3357,#1436,.T.);
#4050=EDGE_CURVE('',#3361,#3362,#1437,.T.);
#4051=EDGE_CURVE('',#3362,#3363,#1438,.T.);
#4052=EDGE_CURVE('',#3364,#3363,#1439,.T.);
#4053=EDGE_CURVE('',#3364,#3361,#1440,.T.);
#4054=EDGE_CURVE('',#3212,#3269,#1441,.T.);
#4055=EDGE_CURVE('',#3173,#3308,#1442,.T.);
#4056=EDGE_CURVE('',#3211,#3270,#1443,.T.);
#4057=EDGE_CURVE('',#3174,#3307,#1444,.T.);
#4058=EDGE_CURVE('',#3210,#3271,#1445,.T.);
#4059=EDGE_CURVE('',#3175,#3306,#1446,.T.);
#4060=EDGE_CURVE('',#3209,#3272,#1447,.T.);
#4061=EDGE_CURVE('',#3176,#3305,#1448,.T.);
#4062=EDGE_CURVE('',#3208,#3273,#1449,.T.);
#4063=EDGE_CURVE('',#3177,#3304,#1450,.T.);
#4064=EDGE_CURVE('',#3207,#3274,#1451,.T.);
#4065=EDGE_CURVE('',#3178,#3303,#1452,.T.);
#4066=EDGE_CURVE('',#3206,#3275,#1453,.T.);
#4067=EDGE_CURVE('',#3179,#3302,#1454,.T.);
#4068=EDGE_CURVE('',#3205,#3276,#1455,.T.);
#4069=EDGE_CURVE('',#3180,#3301,#1456,.T.);
#4070=EDGE_CURVE('',#3204,#3277,#1457,.T.);
#4071=EDGE_CURVE('',#3181,#3300,#1458,.T.);
#4072=EDGE_CURVE('',#3203,#3278,#1459,.T.);
#4073=EDGE_CURVE('',#3182,#3299,#1460,.T.);
#4074=EDGE_CURVE('',#3202,#3279,#1461,.T.);
#4075=EDGE_CURVE('',#3183,#3298,#1462,.T.);
#4076=EDGE_CURVE('',#3201,#3280,#1463,.T.);
#4077=EDGE_CURVE('',#3184,#3297,#1464,.T.);
#4078=EDGE_CURVE('',#3200,#3281,#1465,.T.);
#4079=EDGE_CURVE('',#3185,#3296,#1466,.T.);
#4080=EDGE_CURVE('',#3199,#3282,#1467,.T.);
#4081=EDGE_CURVE('',#3186,#3295,#1468,.T.);
#4082=EDGE_CURVE('',#3198,#3283,#1469,.T.);
#4083=EDGE_CURVE('',#3187,#3294,#1470,.T.);
#4084=EDGE_CURVE('',#3197,#3284,#1471,.T.);
#4085=EDGE_CURVE('',#3188,#3293,#1472,.T.);
#4086=EDGE_CURVE('',#3196,#3285,#1473,.T.);
#4087=EDGE_CURVE('',#3189,#3292,#1474,.T.);
#4088=EDGE_CURVE('',#3195,#3286,#1475,.T.);
#4089=EDGE_CURVE('',#3190,#3291,#1476,.T.);
#4090=EDGE_CURVE('',#3194,#3287,#1477,.T.);
#4091=EDGE_CURVE('',#3191,#3290,#1478,.T.);
#4092=EDGE_CURVE('',#3193,#3288,#1479,.T.);
#4093=EDGE_CURVE('',#3192,#3289,#1480,.T.);
#4094=EDGE_CURVE('',#3365,#3214,#1481,.T.);
#4095=EDGE_CURVE('',#3365,#3366,#1482,.T.);
#4096=EDGE_CURVE('',#3366,#3213,#1483,.T.);
#4097=EDGE_CURVE('',#3367,#3365,#117,.T.);
#4098=EDGE_CURVE('',#3216,#3368,#1484,.T.);
#4099=EDGE_CURVE('',#3368,#3369,#1485,.T.);
#4100=EDGE_CURVE('',#3369,#3370,#1486,.T.);
#4101=EDGE_CURVE('',#3370,#3367,#1487,.T.);
#4102=EDGE_CURVE('',#3215,#3371,#1488,.T.);
#4103=EDGE_CURVE('',#3368,#3371,#1489,.T.);
#4104=EDGE_CURVE('',#3372,#3366,#118,.T.);
#4105=EDGE_CURVE('',#3373,#3372,#1490,.T.);
#4106=EDGE_CURVE('',#3374,#3373,#1491,.T.);
#4107=EDGE_CURVE('',#3371,#3374,#1492,.T.);
#4108=EDGE_CURVE('',#3217,#3375,#1493,.T.);
#4109=EDGE_CURVE('',#3218,#3376,#1494,.T.);
#4110=EDGE_CURVE('',#3375,#3376,#1495,.T.);
#4111=EDGE_CURVE('',#3377,#3378,#119,.T.);
#4112=EDGE_CURVE('',#3379,#3377,#1496,.T.);
#4113=EDGE_CURVE('',#3380,#3379,#1497,.T.);
#4114=EDGE_CURVE('',#3376,#3380,#1498,.T.);
#4115=EDGE_CURVE('',#3378,#3220,#1499,.T.);
#4116=EDGE_CURVE('',#3381,#3219,#1500,.T.);
#4117=EDGE_CURVE('',#3381,#3378,#1501,.T.);
#4118=EDGE_CURVE('',#3382,#3381,#120,.T.);
#4119=EDGE_CURVE('',#3375,#3383,#1502,.T.);
#4120=EDGE_CURVE('',#3383,#3384,#1503,.T.);
#4121=EDGE_CURVE('',#3384,#3382,#1504,.T.);
#4122=EDGE_CURVE('',#3221,#3385,#1505,.T.);
#4123=EDGE_CURVE('',#3222,#3386,#1506,.T.);
#4124=EDGE_CURVE('',#3385,#3386,#1507,.T.);
#4125=EDGE_CURVE('',#3387,#3388,#121,.T.);
#4126=EDGE_CURVE('',#3389,#3387,#1508,.T.);
#4127=EDGE_CURVE('',#3390,#3389,#1509,.T.);
#4128=EDGE_CURVE('',#3386,#3390,#1510,.T.);
#4129=EDGE_CURVE('',#3388,#3224,#1511,.T.);
#4130=EDGE_CURVE('',#3391,#3223,#1512,.T.);
#4131=EDGE_CURVE('',#3391,#3388,#1513,.T.);
#4132=EDGE_CURVE('',#3392,#3391,#122,.T.);
#4133=EDGE_CURVE('',#3385,#3393,#1514,.T.);
#4134=EDGE_CURVE('',#3393,#3394,#1515,.T.);
#4135=EDGE_CURVE('',#3394,#3392,#1516,.T.);
#4136=EDGE_CURVE('',#3395,#3396,#123,.T.);
#4137=EDGE_CURVE('',#3396,#3225,#1517,.T.);
#4138=EDGE_CURVE('',#3226,#3397,#1518,.T.);
#4139=EDGE_CURVE('',#3397,#3398,#1519,.T.);
#4140=EDGE_CURVE('',#3398,#3399,#1520,.T.);
#4141=EDGE_CURVE('',#3399,#3395,#1521,.T.);
#4142=EDGE_CURVE('',#3228,#3400,#1522,.T.);
#4143=EDGE_CURVE('',#3397,#3400,#1523,.T.);
#4144=EDGE_CURVE('',#3401,#3402,#124,.T.);
#4145=EDGE_CURVE('',#3403,#3401,#1524,.T.);
#4146=EDGE_CURVE('',#3404,#3403,#1525,.T.);
#4147=EDGE_CURVE('',#3400,#3404,#1526,.T.);
#4148=EDGE_CURVE('',#3402,#3227,#1527,.T.);
#4149=EDGE_CURVE('',#3396,#3402,#1528,.T.);
#4150=EDGE_CURVE('',#3229,#3405,#1529,.T.);
#4151=EDGE_CURVE('',#3230,#3406,#1530,.T.);
#4152=EDGE_CURVE('',#3405,#3406,#1531,.T.);
#4153=EDGE_CURVE('',#3407,#3408,#125,.T.);
#4154=EDGE_CURVE('',#3409,#3407,#1532,.T.);
#4155=EDGE_CURVE('',#3410,#3409,#1533,.T.);
#4156=EDGE_CURVE('',#3406,#3410,#1534,.T.);
#4157=EDGE_CURVE('',#3408,#3232,#1535,.T.);
#4158=EDGE_CURVE('',#3411,#3231,#1536,.T.);
#4159=EDGE_CURVE('',#3411,#3408,#1537,.T.);
#4160=EDGE_CURVE('',#3412,#3411,#126,.T.);
#4161=EDGE_CURVE('',#3405,#3413,#1538,.T.);
#4162=EDGE_CURVE('',#3413,#3414,#1539,.T.);
#4163=EDGE_CURVE('',#3414,#3412,#1540,.T.);
#4164=EDGE_CURVE('',#3415,#3234,#1541,.T.);
#4165=EDGE_CURVE('',#3415,#3416,#1542,.T.);
#4166=EDGE_CURVE('',#3416,#3233,#1543,.T.);
#4167=EDGE_CURVE('',#3417,#3415,#127,.T.);
#4168=EDGE_CURVE('',#3236,#3418,#1544,.T.);
#4169=EDGE_CURVE('',#3418,#3419,#1545,.T.);
#4170=EDGE_CURVE('',#3419,#3420,#1546,.T.);
#4171=EDGE_CURVE('',#3420,#3417,#1547,.T.);
#4172=EDGE_CURVE('',#3235,#3421,#1548,.T.);
#4173=EDGE_CURVE('',#3418,#3421,#1549,.T.);
#4174=EDGE_CURVE('',#3422,#3416,#128,.T.);
#4175=EDGE_CURVE('',#3423,#3422,#1550,.T.);
#4176=EDGE_CURVE('',#3424,#3423,#1551,.T.);
#4177=EDGE_CURVE('',#3421,#3424,#1552,.T.);
#4178=EDGE_CURVE('',#3425,#3238,#1553,.T.);
#4179=EDGE_CURVE('',#3425,#3426,#1554,.T.);
#4180=EDGE_CURVE('',#3426,#3237,#1555,.T.);
#4181=EDGE_CURVE('',#3427,#3425,#129,.T.);
#4182=EDGE_CURVE('',#3240,#3428,#1556,.T.);
#4183=EDGE_CURVE('',#3428,#3429,#1557,.T.);
#4184=EDGE_CURVE('',#3429,#3430,#1558,.T.);
#4185=EDGE_CURVE('',#3430,#3427,#1559,.T.);
#4186=EDGE_CURVE('',#3239,#3431,#1560,.T.);
#4187=EDGE_CURVE('',#3428,#3431,#1561,.T.);
#4188=EDGE_CURVE('',#3432,#3426,#130,.T.);
#4189=EDGE_CURVE('',#3433,#3432,#1562,.T.);
#4190=EDGE_CURVE('',#3434,#3433,#1563,.T.);
#4191=EDGE_CURVE('',#3431,#3434,#1564,.T.);
#4192=EDGE_CURVE('',#3241,#3435,#1565,.T.);
#4193=EDGE_CURVE('',#3242,#3436,#1566,.T.);
#4194=EDGE_CURVE('',#3435,#3436,#1567,.T.);
#4195=EDGE_CURVE('',#3437,#3438,#131,.T.);
#4196=EDGE_CURVE('',#3439,#3437,#1568,.T.);
#4197=EDGE_CURVE('',#3440,#3439,#1569,.T.);
#4198=EDGE_CURVE('',#3436,#3440,#1570,.T.);
#4199=EDGE_CURVE('',#3438,#3244,#1571,.T.);
#4200=EDGE_CURVE('',#3441,#3243,#1572,.T.);
#4201=EDGE_CURVE('',#3441,#3438,#1573,.T.);
#4202=EDGE_CURVE('',#3442,#3441,#132,.T.);
#4203=EDGE_CURVE('',#3435,#3443,#1574,.T.);
#4204=EDGE_CURVE('',#3443,#3444,#1575,.T.);
#4205=EDGE_CURVE('',#3444,#3442,#1576,.T.);
#4206=EDGE_CURVE('',#3245,#3445,#1577,.T.);
#4207=EDGE_CURVE('',#3246,#3446,#1578,.T.);
#4208=EDGE_CURVE('',#3445,#3446,#1579,.T.);
#4209=EDGE_CURVE('',#3447,#3448,#133,.T.);
#4210=EDGE_CURVE('',#3449,#3447,#1580,.T.);
#4211=EDGE_CURVE('',#3450,#3449,#1581,.T.);
#4212=EDGE_CURVE('',#3446,#3450,#1582,.T.);
#4213=EDGE_CURVE('',#3448,#3248,#1583,.T.);
#4214=EDGE_CURVE('',#3451,#3247,#1584,.T.);
#4215=EDGE_CURVE('',#3451,#3448,#1585,.T.);
#4216=EDGE_CURVE('',#3452,#3451,#134,.T.);
#4217=EDGE_CURVE('',#3445,#3453,#1586,.T.);
#4218=EDGE_CURVE('',#3453,#3454,#1587,.T.);
#4219=EDGE_CURVE('',#3454,#3452,#1588,.T.);
#4220=EDGE_CURVE('',#3455,#3250,#1589,.T.);
#4221=EDGE_CURVE('',#3455,#3456,#1590,.T.);
#4222=EDGE_CURVE('',#3456,#3249,#1591,.T.);
#4223=EDGE_CURVE('',#3457,#3455,#135,.T.);
#4224=EDGE_CURVE('',#3252,#3458,#1592,.T.);
#4225=EDGE_CURVE('',#3458,#3459,#1593,.T.);
#4226=EDGE_CURVE('',#3459,#3460,#1594,.T.);
#4227=EDGE_CURVE('',#3460,#3457,#1595,.T.);
#4228=EDGE_CURVE('',#3251,#3461,#1596,.T.);
#4229=EDGE_CURVE('',#3458,#3461,#1597,.T.);
#4230=EDGE_CURVE('',#3462,#3456,#136,.T.);
#4231=EDGE_CURVE('',#3463,#3462,#1598,.T.);
#4232=EDGE_CURVE('',#3464,#3463,#1599,.T.);
#4233=EDGE_CURVE('',#3461,#3464,#1600,.T.);
#4234=EDGE_CURVE('',#3465,#3466,#137,.T.);
#4235=EDGE_CURVE('',#3466,#3253,#1601,.T.);
#4236=EDGE_CURVE('',#3254,#3467,#1602,.T.);
#4237=EDGE_CURVE('',#3467,#3468,#1603,.T.);
#4238=EDGE_CURVE('',#3468,#3469,#1604,.T.);
#4239=EDGE_CURVE('',#3469,#3465,#1605,.T.);
#4240=EDGE_CURVE('',#3256,#3470,#1606,.T.);
#4241=EDGE_CURVE('',#3467,#3470,#1607,.T.);
#4242=EDGE_CURVE('',#3471,#3472,#138,.T.);
#4243=EDGE_CURVE('',#3473,#3471,#1608,.T.);
#4244=EDGE_CURVE('',#3474,#3473,#1609,.T.);
#4245=EDGE_CURVE('',#3470,#3474,#1610,.T.);
#4246=EDGE_CURVE('',#3472,#3255,#1611,.T.);
#4247=EDGE_CURVE('',#3466,#3472,#1612,.T.);
#4248=EDGE_CURVE('',#3475,#3258,#1613,.T.);
#4249=EDGE_CURVE('',#3475,#3476,#1614,.T.);
#4250=EDGE_CURVE('',#3476,#3257,#1615,.T.);
#4251=EDGE_CURVE('',#3477,#3475,#139,.T.);
#4252=EDGE_CURVE('',#3260,#3478,#1616,.T.);
#4253=EDGE_CURVE('',#3478,#3479,#1617,.T.);
#4254=EDGE_CURVE('',#3479,#3480,#1618,.T.);
#4255=EDGE_CURVE('',#3480,#3477,#1619,.T.);
#4256=EDGE_CURVE('',#3259,#3481,#1620,.T.);
#4257=EDGE_CURVE('',#3478,#3481,#1621,.T.);
#4258=EDGE_CURVE('',#3482,#3476,#140,.T.);
#4259=EDGE_CURVE('',#3483,#3482,#1622,.T.);
#4260=EDGE_CURVE('',#3484,#3483,#1623,.T.);
#4261=EDGE_CURVE('',#3481,#3484,#1624,.T.);
#4262=EDGE_CURVE('',#3485,#3486,#141,.T.);
#4263=EDGE_CURVE('',#3486,#3261,#1625,.T.);
#4264=EDGE_CURVE('',#3262,#3487,#1626,.T.);
#4265=EDGE_CURVE('',#3487,#3488,#1627,.T.);
#4266=EDGE_CURVE('',#3488,#3489,#1628,.T.);
#4267=EDGE_CURVE('',#3489,#3485,#1629,.T.);
#4268=EDGE_CURVE('',#3264,#3490,#1630,.T.);
#4269=EDGE_CURVE('',#3487,#3490,#1631,.T.);
#4270=EDGE_CURVE('',#3491,#3492,#142,.T.);
#4271=EDGE_CURVE('',#3493,#3491,#1632,.T.);
#4272=EDGE_CURVE('',#3494,#3493,#1633,.T.);
#4273=EDGE_CURVE('',#3490,#3494,#1634,.T.);
#4274=EDGE_CURVE('',#3492,#3263,#1635,.T.);
#4275=EDGE_CURVE('',#3486,#3492,#1636,.T.);
#4276=EDGE_CURVE('',#3495,#3496,#143,.T.);
#4277=EDGE_CURVE('',#3496,#3265,#1637,.T.);
#4278=EDGE_CURVE('',#3266,#3497,#1638,.T.);
#4279=EDGE_CURVE('',#3497,#3498,#1639,.T.);
#4280=EDGE_CURVE('',#3498,#3499,#1640,.T.);
#4281=EDGE_CURVE('',#3499,#3495,#1641,.T.);
#4282=EDGE_CURVE('',#3268,#3500,#1642,.T.);
#4283=EDGE_CURVE('',#3497,#3500,#1643,.T.);
#4284=EDGE_CURVE('',#3501,#3502,#144,.T.);
#4285=EDGE_CURVE('',#3503,#3501,#1644,.T.);
#4286=EDGE_CURVE('',#3504,#3503,#1645,.T.);
#4287=EDGE_CURVE('',#3500,#3504,#1646,.T.);
#4288=EDGE_CURVE('',#3502,#3267,#1647,.T.);
#4289=EDGE_CURVE('',#3496,#3502,#1648,.T.);
#4290=EDGE_CURVE('',#3310,#3505,#1649,.T.);
#4291=EDGE_CURVE('',#3309,#3506,#1650,.T.);
#4292=EDGE_CURVE('',#3505,#3506,#1651,.T.);
#4293=EDGE_CURVE('',#3505,#3507,#1652,.T.);
#4294=EDGE_CURVE('',#3507,#3311,#1653,.T.);
#4295=EDGE_CURVE('',#3507,#3508,#1654,.T.);
#4296=EDGE_CURVE('',#3508,#3312,#1655,.T.);
#4297=EDGE_CURVE('',#3506,#3508,#1656,.T.);
#4298=EDGE_CURVE('',#3509,#3313,#1657,.T.);
#4299=EDGE_CURVE('',#3509,#3510,#1658,.T.);
#4300=EDGE_CURVE('',#3510,#3314,#1659,.T.);
#4301=EDGE_CURVE('',#3511,#3510,#1660,.T.);
#4302=EDGE_CURVE('',#3315,#3511,#1661,.T.);
#4303=EDGE_CURVE('',#3316,#3512,#1662,.T.);
#4304=EDGE_CURVE('',#3512,#3511,#1663,.T.);
#4305=EDGE_CURVE('',#3512,#3509,#1664,.T.);
#4306=EDGE_CURVE('',#3513,#3317,#1665,.T.);
#4307=EDGE_CURVE('',#3513,#3514,#1666,.T.);
#4308=EDGE_CURVE('',#3514,#3318,#1667,.T.);
#4309=EDGE_CURVE('',#3515,#3514,#1668,.T.);
#4310=EDGE_CURVE('',#3319,#3515,#1669,.T.);
#4311=EDGE_CURVE('',#3320,#3516,#1670,.T.);
#4312=EDGE_CURVE('',#3516,#3515,#1671,.T.);
#4313=EDGE_CURVE('',#3516,#3513,#1672,.T.);
#4314=EDGE_CURVE('',#3321,#3517,#1673,.T.);
#4315=EDGE_CURVE('',#3517,#3518,#1674,.T.);
#4316=EDGE_CURVE('',#3518,#3322,#1675,.T.);
#4317=EDGE_CURVE('',#3518,#3519,#1676,.T.);
#4318=EDGE_CURVE('',#3519,#3323,#1677,.T.);
#4319=EDGE_CURVE('',#3520,#3519,#1678,.T.);
#4320=EDGE_CURVE('',#3324,#3520,#1679,.T.);
#4321=EDGE_CURVE('',#3517,#3520,#1680,.T.);
#4322=EDGE_CURVE('',#3521,#3325,#1681,.T.);
#4323=EDGE_CURVE('',#3521,#3522,#1682,.T.);
#4324=EDGE_CURVE('',#3522,#3326,#1683,.T.);
#4325=EDGE_CURVE('',#3523,#3522,#1684,.T.);
#4326=EDGE_CURVE('',#3327,#3523,#1685,.T.);
#4327=EDGE_CURVE('',#3328,#3524,#1686,.T.);
#4328=EDGE_CURVE('',#3524,#3523,#1687,.T.);
#4329=EDGE_CURVE('',#3524,#3521,#1688,.T.);
#4330=EDGE_CURVE('',#3330,#3525,#1689,.T.);
#4331=EDGE_CURVE('',#3329,#3526,#1690,.T.);
#4332=EDGE_CURVE('',#3525,#3526,#1691,.T.);
#4333=EDGE_CURVE('',#3525,#3527,#1692,.T.);
#4334=EDGE_CURVE('',#3527,#3331,#1693,.T.);
#4335=EDGE_CURVE('',#3527,#3528,#1694,.T.);
#4336=EDGE_CURVE('',#3528,#3332,#1695,.T.);
#4337=EDGE_CURVE('',#3526,#3528,#1696,.T.);
#4338=EDGE_CURVE('',#3334,#3529,#1697,.T.);
#4339=EDGE_CURVE('',#3333,#3530,#1698,.T.);
#4340=EDGE_CURVE('',#3529,#3530,#1699,.T.);
#4341=EDGE_CURVE('',#3529,#3531,#1700,.T.);
#4342=EDGE_CURVE('',#3531,#3335,#1701,.T.);
#4343=EDGE_CURVE('',#3531,#3532,#1702,.T.);
#4344=EDGE_CURVE('',#3532,#3336,#1703,.T.);
#4345=EDGE_CURVE('',#3530,#3532,#1704,.T.);
#4346=EDGE_CURVE('',#3533,#3337,#1705,.T.);
#4347=EDGE_CURVE('',#3533,#3534,#1706,.T.);
#4348=EDGE_CURVE('',#3534,#3338,#1707,.T.);
#4349=EDGE_CURVE('',#3535,#3534,#1708,.T.);
#4350=EDGE_CURVE('',#3339,#3535,#1709,.T.);
#4351=EDGE_CURVE('',#3340,#3536,#1710,.T.);
#4352=EDGE_CURVE('',#3536,#3535,#1711,.T.);
#4353=EDGE_CURVE('',#3536,#3533,#1712,.T.);
#4354=EDGE_CURVE('',#3537,#3341,#1713,.T.);
#4355=EDGE_CURVE('',#3537,#3538,#1714,.T.);
#4356=EDGE_CURVE('',#3538,#3342,#1715,.T.);
#4357=EDGE_CURVE('',#3539,#3538,#1716,.T.);
#4358=EDGE_CURVE('',#3343,#3539,#1717,.T.);
#4359=EDGE_CURVE('',#3344,#3540,#1718,.T.);
#4360=EDGE_CURVE('',#3540,#3539,#1719,.T.);
#4361=EDGE_CURVE('',#3540,#3537,#1720,.T.);
#4362=EDGE_CURVE('',#3346,#3541,#1721,.T.);
#4363=EDGE_CURVE('',#3345,#3542,#1722,.T.);
#4364=EDGE_CURVE('',#3541,#3542,#1723,.T.);
#4365=EDGE_CURVE('',#3541,#3543,#1724,.T.);
#4366=EDGE_CURVE('',#3543,#3347,#1725,.T.);
#4367=EDGE_CURVE('',#3543,#3544,#1726,.T.);
#4368=EDGE_CURVE('',#3544,#3348,#1727,.T.);
#4369=EDGE_CURVE('',#3542,#3544,#1728,.T.);
#4370=EDGE_CURVE('',#3349,#3545,#1729,.T.);
#4371=EDGE_CURVE('',#3545,#3546,#1730,.T.);
#4372=EDGE_CURVE('',#3546,#3350,#1731,.T.);
#4373=EDGE_CURVE('',#3546,#3547,#1732,.T.);
#4374=EDGE_CURVE('',#3547,#3351,#1733,.T.);
#4375=EDGE_CURVE('',#3548,#3547,#1734,.T.);
#4376=EDGE_CURVE('',#3352,#3548,#1735,.T.);
#4377=EDGE_CURVE('',#3545,#3548,#1736,.T.);
#4378=EDGE_CURVE('',#3354,#3549,#1737,.T.);
#4379=EDGE_CURVE('',#3353,#3550,#1738,.T.);
#4380=EDGE_CURVE('',#3549,#3550,#1739,.T.);
#4381=EDGE_CURVE('',#3549,#3551,#1740,.T.);
#4382=EDGE_CURVE('',#3551,#3355,#1741,.T.);
#4383=EDGE_CURVE('',#3551,#3552,#1742,.T.);
#4384=EDGE_CURVE('',#3552,#3356,#1743,.T.);
#4385=EDGE_CURVE('',#3550,#3552,#1744,.T.);
#4386=EDGE_CURVE('',#3357,#3553,#1745,.T.);
#4387=EDGE_CURVE('',#3553,#3554,#1746,.T.);
#4388=EDGE_CURVE('',#3554,#3358,#1747,.T.);
#4389=EDGE_CURVE('',#3554,#3555,#1748,.T.);
#4390=EDGE_CURVE('',#3555,#3359,#1749,.T.);
#4391=EDGE_CURVE('',#3556,#3555,#1750,.T.);
#4392=EDGE_CURVE('',#3360,#3556,#1751,.T.);
#4393=EDGE_CURVE('',#3553,#3556,#1752,.T.);
#4394=EDGE_CURVE('',#3361,#3557,#1753,.T.);
#4395=EDGE_CURVE('',#3557,#3558,#1754,.T.);
#4396=EDGE_CURVE('',#3558,#3362,#1755,.T.);
#4397=EDGE_CURVE('',#3558,#3559,#1756,.T.);
#4398=EDGE_CURVE('',#3559,#3363,#1757,.T.);
#4399=EDGE_CURVE('',#3560,#3559,#1758,.T.);
#4400=EDGE_CURVE('',#3364,#3560,#1759,.T.);
#4401=EDGE_CURVE('',#3557,#3560,#1760,.T.);
#4402=EDGE_CURVE('',#3367,#3372,#1761,.T.);
#4403=EDGE_CURVE('',#3370,#3373,#1762,.T.);
#4404=EDGE_CURVE('',#3369,#3561,#1763,.T.);
#4405=EDGE_CURVE('',#3561,#3562,#1764,.T.);
#4406=EDGE_CURVE('',#3370,#3562,#1765,.T.);
#4407=EDGE_CURVE('',#3369,#3374,#1766,.T.);
#4408=EDGE_CURVE('',#3563,#3374,#1767,.T.);
#4409=EDGE_CURVE('',#3564,#3373,#1768,.T.);
#4410=EDGE_CURVE('',#3563,#3564,#1769,.T.);
#4411=EDGE_CURVE('',#3383,#3380,#1770,.T.);
#4412=EDGE_CURVE('',#3382,#3377,#1771,.T.);
#4413=EDGE_CURVE('',#3384,#3379,#1772,.T.);
#4414=EDGE_CURVE('',#3565,#3380,#1773,.T.);
#4415=EDGE_CURVE('',#3566,#3379,#1774,.T.);
#4416=EDGE_CURVE('',#3565,#3566,#1775,.T.);
#4417=EDGE_CURVE('',#3383,#3567,#1776,.T.);
#4418=EDGE_CURVE('',#3567,#3568,#1777,.T.);
#4419=EDGE_CURVE('',#3384,#3568,#1778,.T.);
#4420=EDGE_CURVE('',#3393,#3390,#1779,.T.);
#4421=EDGE_CURVE('',#3392,#3387,#1780,.T.);
#4422=EDGE_CURVE('',#3394,#3389,#1781,.T.);
#4423=EDGE_CURVE('',#3569,#3390,#1782,.T.);
#4424=EDGE_CURVE('',#3570,#3389,#1783,.T.);
#4425=EDGE_CURVE('',#3569,#3570,#1784,.T.);
#4426=EDGE_CURVE('',#3393,#3571,#1785,.T.);
#4427=EDGE_CURVE('',#3571,#3572,#1786,.T.);
#4428=EDGE_CURVE('',#3394,#3572,#1787,.T.);
#4429=EDGE_CURVE('',#3395,#3401,#1788,.T.);
#4430=EDGE_CURVE('',#3399,#3403,#1789,.T.);
#4431=EDGE_CURVE('',#3398,#3573,#1790,.T.);
#4432=EDGE_CURVE('',#3573,#3574,#1791,.T.);
#4433=EDGE_CURVE('',#3399,#3574,#1792,.T.);
#4434=EDGE_CURVE('',#3398,#3404,#1793,.T.);
#4435=EDGE_CURVE('',#3575,#3404,#1794,.T.);
#4436=EDGE_CURVE('',#3576,#3403,#1795,.T.);
#4437=EDGE_CURVE('',#3575,#3576,#1796,.T.);
#4438=EDGE_CURVE('',#3413,#3410,#1797,.T.);
#4439=EDGE_CURVE('',#3412,#3407,#1798,.T.);
#4440=EDGE_CURVE('',#3414,#3409,#1799,.T.);
#4441=EDGE_CURVE('',#3577,#3410,#1800,.T.);
#4442=EDGE_CURVE('',#3578,#3409,#1801,.T.);
#4443=EDGE_CURVE('',#3577,#3578,#1802,.T.);
#4444=EDGE_CURVE('',#3579,#3413,#1803,.T.);
#4445=EDGE_CURVE('',#3579,#3580,#1804,.T.);
#4446=EDGE_CURVE('',#3414,#3580,#1805,.T.);
#4447=EDGE_CURVE('',#3417,#3422,#1806,.T.);
#4448=EDGE_CURVE('',#3420,#3423,#1807,.T.);
#4449=EDGE_CURVE('',#3581,#3419,#1808,.T.);
#4450=EDGE_CURVE('',#3581,#3582,#1809,.T.);
#4451=EDGE_CURVE('',#3420,#3582,#1810,.T.);
#4452=EDGE_CURVE('',#3419,#3424,#1811,.T.);
#4453=EDGE_CURVE('',#3583,#3424,#1812,.T.);
#4454=EDGE_CURVE('',#3584,#3423,#1813,.T.);
#4455=EDGE_CURVE('',#3583,#3584,#1814,.T.);
#4456=EDGE_CURVE('',#3427,#3432,#1815,.T.);
#4457=EDGE_CURVE('',#3430,#3433,#1816,.T.);
#4458=EDGE_CURVE('',#3585,#3429,#1817,.T.);
#4459=EDGE_CURVE('',#3585,#3586,#1818,.T.);
#4460=EDGE_CURVE('',#3430,#3586,#1819,.T.);
#4461=EDGE_CURVE('',#3429,#3434,#1820,.T.);
#4462=EDGE_CURVE('',#3587,#3434,#1821,.T.);
#4463=EDGE_CURVE('',#3588,#3433,#1822,.T.);
#4464=EDGE_CURVE('',#3587,#3588,#1823,.T.);
#4465=EDGE_CURVE('',#3443,#3440,#1824,.T.);
#4466=EDGE_CURVE('',#3442,#3437,#1825,.T.);
#4467=EDGE_CURVE('',#3444,#3439,#1826,.T.);
#4468=EDGE_CURVE('',#3589,#3440,#1827,.T.);
#4469=EDGE_CURVE('',#3590,#3439,#1828,.T.);
#4470=EDGE_CURVE('',#3589,#3590,#1829,.T.);
#4471=EDGE_CURVE('',#3591,#3443,#1830,.T.);
#4472=EDGE_CURVE('',#3591,#3592,#1831,.T.);
#4473=EDGE_CURVE('',#3444,#3592,#1832,.T.);
#4474=EDGE_CURVE('',#3453,#3450,#1833,.T.);
#4475=EDGE_CURVE('',#3452,#3447,#1834,.T.);
#4476=EDGE_CURVE('',#3454,#3449,#1835,.T.);
#4477=EDGE_CURVE('',#3593,#3450,#1836,.T.);
#4478=EDGE_CURVE('',#3594,#3449,#1837,.T.);
#4479=EDGE_CURVE('',#3593,#3594,#1838,.T.);
#4480=EDGE_CURVE('',#3595,#3453,#1839,.T.);
#4481=EDGE_CURVE('',#3595,#3596,#1840,.T.);
#4482=EDGE_CURVE('',#3454,#3596,#1841,.T.);
#4483=EDGE_CURVE('',#3457,#3462,#1842,.T.);
#4484=EDGE_CURVE('',#3460,#3463,#1843,.T.);
#4485=EDGE_CURVE('',#3459,#3597,#1844,.T.);
#4486=EDGE_CURVE('',#3597,#3598,#1845,.T.);
#4487=EDGE_CURVE('',#3460,#3598,#1846,.T.);
#4488=EDGE_CURVE('',#3459,#3464,#1847,.T.);
#4489=EDGE_CURVE('',#3599,#3464,#1848,.T.);
#4490=EDGE_CURVE('',#3600,#3463,#1849,.T.);
#4491=EDGE_CURVE('',#3599,#3600,#1850,.T.);
#4492=EDGE_CURVE('',#3465,#3471,#1851,.T.);
#4493=EDGE_CURVE('',#3469,#3473,#1852,.T.);
#4494=EDGE_CURVE('',#3468,#3601,#1853,.T.);
#4495=EDGE_CURVE('',#3601,#3602,#1854,.T.);
#4496=EDGE_CURVE('',#3469,#3602,#1855,.T.);
#4497=EDGE_CURVE('',#3468,#3474,#1856,.T.);
#4498=EDGE_CURVE('',#3603,#3474,#1857,.T.);
#4499=EDGE_CURVE('',#3604,#3473,#1858,.T.);
#4500=EDGE_CURVE('',#3603,#3604,#1859,.T.);
#4501=EDGE_CURVE('',#3477,#3482,#1860,.T.);
#4502=EDGE_CURVE('',#3480,#3483,#1861,.T.);
#4503=EDGE_CURVE('',#3605,#3479,#1862,.T.);
#4504=EDGE_CURVE('',#3605,#3606,#1863,.T.);
#4505=EDGE_CURVE('',#3480,#3606,#1864,.T.);
#4506=EDGE_CURVE('',#3479,#3484,#1865,.T.);
#4507=EDGE_CURVE('',#3607,#3484,#1866,.T.);
#4508=EDGE_CURVE('',#3608,#3483,#1867,.T.);
#4509=EDGE_CURVE('',#3607,#3608,#1868,.T.);
#4510=EDGE_CURVE('',#3485,#3491,#1869,.T.);
#4511=EDGE_CURVE('',#3489,#3493,#1870,.T.);
#4512=EDGE_CURVE('',#3488,#3609,#1871,.T.);
#4513=EDGE_CURVE('',#3609,#3610,#1872,.T.);
#4514=EDGE_CURVE('',#3489,#3610,#1873,.T.);
#4515=EDGE_CURVE('',#3488,#3494,#1874,.T.);
#4516=EDGE_CURVE('',#3611,#3494,#1875,.T.);
#4517=EDGE_CURVE('',#3612,#3493,#1876,.T.);
#4518=EDGE_CURVE('',#3611,#3612,#1877,.T.);
#4519=EDGE_CURVE('',#3495,#3501,#1878,.T.);
#4520=EDGE_CURVE('',#3499,#3503,#1879,.T.);
#4521=EDGE_CURVE('',#3613,#3498,#1880,.T.);
#4522=EDGE_CURVE('',#3613,#3614,#1881,.T.);
#4523=EDGE_CURVE('',#3499,#3614,#1882,.T.);
#4524=EDGE_CURVE('',#3498,#3504,#1883,.T.);
#4525=EDGE_CURVE('',#3615,#3504,#1884,.T.);
#4526=EDGE_CURVE('',#3616,#3503,#1885,.T.);
#4527=EDGE_CURVE('',#3615,#3616,#1886,.T.);
#4528=EDGE_CURVE('',#3505,#3617,#1887,.T.);
#4529=EDGE_CURVE('',#3506,#3618,#1888,.T.);
#4530=EDGE_CURVE('',#3617,#3618,#1889,.T.);
#4531=EDGE_CURVE('',#3617,#3619,#1890,.T.);
#4532=EDGE_CURVE('',#3507,#3619,#1891,.T.);
#4533=EDGE_CURVE('',#3619,#3620,#1892,.T.);
#4534=EDGE_CURVE('',#3508,#3620,#1893,.T.);
#4535=EDGE_CURVE('',#3618,#3620,#1894,.T.);
#4536=EDGE_CURVE('',#3509,#3621,#1895,.T.);
#4537=EDGE_CURVE('',#3621,#3622,#1896,.T.);
#4538=EDGE_CURVE('',#3510,#3622,#1897,.T.);
#4539=EDGE_CURVE('',#3511,#3623,#1898,.T.);
#4540=EDGE_CURVE('',#3623,#3622,#1899,.T.);
#4541=EDGE_CURVE('',#3512,#3624,#1900,.T.);
#4542=EDGE_CURVE('',#3624,#3623,#1901,.T.);
#4543=EDGE_CURVE('',#3624,#3621,#1902,.T.);
#4544=EDGE_CURVE('',#3513,#3625,#1903,.T.);
#4545=EDGE_CURVE('',#3625,#3626,#1904,.T.);
#4546=EDGE_CURVE('',#3514,#3626,#1905,.T.);
#4547=EDGE_CURVE('',#3515,#3627,#1906,.T.);
#4548=EDGE_CURVE('',#3627,#3626,#1907,.T.);
#4549=EDGE_CURVE('',#3516,#3628,#1908,.T.);
#4550=EDGE_CURVE('',#3628,#3627,#1909,.T.);
#4551=EDGE_CURVE('',#3628,#3625,#1910,.T.);
#4552=EDGE_CURVE('',#3517,#3629,#1911,.T.);
#4553=EDGE_CURVE('',#3629,#3630,#1912,.T.);
#4554=EDGE_CURVE('',#3518,#3630,#1913,.T.);
#4555=EDGE_CURVE('',#3630,#3631,#1914,.T.);
#4556=EDGE_CURVE('',#3519,#3631,#1915,.T.);
#4557=EDGE_CURVE('',#3520,#3632,#1916,.T.);
#4558=EDGE_CURVE('',#3632,#3631,#1917,.T.);
#4559=EDGE_CURVE('',#3629,#3632,#1918,.T.);
#4560=EDGE_CURVE('',#3521,#3633,#1919,.T.);
#4561=EDGE_CURVE('',#3633,#3634,#1920,.T.);
#4562=EDGE_CURVE('',#3522,#3634,#1921,.T.);
#4563=EDGE_CURVE('',#3523,#3635,#1922,.T.);
#4564=EDGE_CURVE('',#3635,#3634,#1923,.T.);
#4565=EDGE_CURVE('',#3524,#3636,#1924,.T.);
#4566=EDGE_CURVE('',#3636,#3635,#1925,.T.);
#4567=EDGE_CURVE('',#3636,#3633,#1926,.T.);
#4568=EDGE_CURVE('',#3525,#3637,#1927,.T.);
#4569=EDGE_CURVE('',#3526,#3638,#1928,.T.);
#4570=EDGE_CURVE('',#3637,#3638,#1929,.T.);
#4571=EDGE_CURVE('',#3637,#3639,#1930,.T.);
#4572=EDGE_CURVE('',#3527,#3639,#1931,.T.);
#4573=EDGE_CURVE('',#3639,#3640,#1932,.T.);
#4574=EDGE_CURVE('',#3528,#3640,#1933,.T.);
#4575=EDGE_CURVE('',#3638,#3640,#1934,.T.);
#4576=EDGE_CURVE('',#3529,#3641,#1935,.T.);
#4577=EDGE_CURVE('',#3530,#3642,#1936,.T.);
#4578=EDGE_CURVE('',#3641,#3642,#1937,.T.);
#4579=EDGE_CURVE('',#3641,#3643,#1938,.T.);
#4580=EDGE_CURVE('',#3531,#3643,#1939,.T.);
#4581=EDGE_CURVE('',#3643,#3644,#1940,.T.);
#4582=EDGE_CURVE('',#3532,#3644,#1941,.T.);
#4583=EDGE_CURVE('',#3642,#3644,#1942,.T.);
#4584=EDGE_CURVE('',#3533,#3645,#1943,.T.);
#4585=EDGE_CURVE('',#3645,#3646,#1944,.T.);
#4586=EDGE_CURVE('',#3534,#3646,#1945,.T.);
#4587=EDGE_CURVE('',#3535,#3647,#1946,.T.);
#4588=EDGE_CURVE('',#3647,#3646,#1947,.T.);
#4589=EDGE_CURVE('',#3536,#3648,#1948,.T.);
#4590=EDGE_CURVE('',#3648,#3647,#1949,.T.);
#4591=EDGE_CURVE('',#3648,#3645,#1950,.T.);
#4592=EDGE_CURVE('',#3537,#3649,#1951,.T.);
#4593=EDGE_CURVE('',#3649,#3650,#1952,.T.);
#4594=EDGE_CURVE('',#3538,#3650,#1953,.T.);
#4595=EDGE_CURVE('',#3539,#3651,#1954,.T.);
#4596=EDGE_CURVE('',#3651,#3650,#1955,.T.);
#4597=EDGE_CURVE('',#3540,#3652,#1956,.T.);
#4598=EDGE_CURVE('',#3652,#3651,#1957,.T.);
#4599=EDGE_CURVE('',#3652,#3649,#1958,.T.);
#4600=EDGE_CURVE('',#3541,#3653,#1959,.T.);
#4601=EDGE_CURVE('',#3542,#3654,#1960,.T.);
#4602=EDGE_CURVE('',#3653,#3654,#1961,.T.);
#4603=EDGE_CURVE('',#3653,#3655,#1962,.T.);
#4604=EDGE_CURVE('',#3543,#3655,#1963,.T.);
#4605=EDGE_CURVE('',#3655,#3656,#1964,.T.);
#4606=EDGE_CURVE('',#3544,#3656,#1965,.T.);
#4607=EDGE_CURVE('',#3654,#3656,#1966,.T.);
#4608=EDGE_CURVE('',#3545,#3657,#1967,.T.);
#4609=EDGE_CURVE('',#3657,#3658,#1968,.T.);
#4610=EDGE_CURVE('',#3546,#3658,#1969,.T.);
#4611=EDGE_CURVE('',#3658,#3659,#1970,.T.);
#4612=EDGE_CURVE('',#3547,#3659,#1971,.T.);
#4613=EDGE_CURVE('',#3548,#3660,#1972,.T.);
#4614=EDGE_CURVE('',#3660,#3659,#1973,.T.);
#4615=EDGE_CURVE('',#3657,#3660,#1974,.T.);
#4616=EDGE_CURVE('',#3549,#3661,#1975,.T.);
#4617=EDGE_CURVE('',#3550,#3662,#1976,.T.);
#4618=EDGE_CURVE('',#3661,#3662,#1977,.T.);
#4619=EDGE_CURVE('',#3661,#3663,#1978,.T.);
#4620=EDGE_CURVE('',#3551,#3663,#1979,.T.);
#4621=EDGE_CURVE('',#3663,#3664,#1980,.T.);
#4622=EDGE_CURVE('',#3552,#3664,#1981,.T.);
#4623=EDGE_CURVE('',#3662,#3664,#1982,.T.);
#4624=EDGE_CURVE('',#3553,#3665,#1983,.T.);
#4625=EDGE_CURVE('',#3665,#3666,#1984,.T.);
#4626=EDGE_CURVE('',#3554,#3666,#1985,.T.);
#4627=EDGE_CURVE('',#3666,#3667,#1986,.T.);
#4628=EDGE_CURVE('',#3555,#3667,#1987,.T.);
#4629=EDGE_CURVE('',#3556,#3668,#1988,.T.);
#4630=EDGE_CURVE('',#3668,#3667,#1989,.T.);
#4631=EDGE_CURVE('',#3665,#3668,#1990,.T.);
#4632=EDGE_CURVE('',#3557,#3669,#1991,.T.);
#4633=EDGE_CURVE('',#3669,#3670,#1992,.T.);
#4634=EDGE_CURVE('',#3558,#3670,#1993,.T.);
#4635=EDGE_CURVE('',#3670,#3671,#1994,.T.);
#4636=EDGE_CURVE('',#3559,#3671,#1995,.T.);
#4637=EDGE_CURVE('',#3560,#3672,#1996,.T.);
#4638=EDGE_CURVE('',#3672,#3671,#1997,.T.);
#4639=EDGE_CURVE('',#3669,#3672,#1998,.T.);
#4640=EDGE_CURVE('',#3562,#3564,#1999,.T.);
#4641=EDGE_CURVE('',#3561,#3563,#2000,.T.);
#4642=EDGE_CURVE('',#3567,#3565,#2001,.T.);
#4643=EDGE_CURVE('',#3568,#3566,#2002,.T.);
#4644=EDGE_CURVE('',#3571,#3569,#2003,.T.);
#4645=EDGE_CURVE('',#3572,#3570,#2004,.T.);
#4646=EDGE_CURVE('',#3574,#3576,#2005,.T.);
#4647=EDGE_CURVE('',#3573,#3575,#2006,.T.);
#4648=EDGE_CURVE('',#3579,#3577,#2007,.T.);
#4649=EDGE_CURVE('',#3580,#3578,#2008,.T.);
#4650=EDGE_CURVE('',#3582,#3584,#2009,.T.);
#4651=EDGE_CURVE('',#3581,#3583,#2010,.T.);
#4652=EDGE_CURVE('',#3586,#3588,#2011,.T.);
#4653=EDGE_CURVE('',#3585,#3587,#2012,.T.);
#4654=EDGE_CURVE('',#3591,#3589,#2013,.T.);
#4655=EDGE_CURVE('',#3592,#3590,#2014,.T.);
#4656=EDGE_CURVE('',#3595,#3593,#2015,.T.);
#4657=EDGE_CURVE('',#3596,#3594,#2016,.T.);
#4658=EDGE_CURVE('',#3598,#3600,#2017,.T.);
#4659=EDGE_CURVE('',#3597,#3599,#2018,.T.);
#4660=EDGE_CURVE('',#3602,#3604,#2019,.T.);
#4661=EDGE_CURVE('',#3601,#3603,#2020,.T.);
#4662=EDGE_CURVE('',#3606,#3608,#2021,.T.);
#4663=EDGE_CURVE('',#3605,#3607,#2022,.T.);
#4664=EDGE_CURVE('',#3610,#3612,#2023,.T.);
#4665=EDGE_CURVE('',#3609,#3611,#2024,.T.);
#4666=EDGE_CURVE('',#3614,#3616,#2025,.T.);
#4667=EDGE_CURVE('',#3613,#3615,#2026,.T.);
#4668=EDGE_CURVE('',#3673,#3674,#2027,.T.);
#4669=EDGE_CURVE('',#3674,#3675,#145,.T.);
#4670=EDGE_CURVE('',#3676,#3675,#2028,.T.);
#4671=EDGE_CURVE('',#3673,#3676,#146,.T.);
#4672=EDGE_CURVE('',#3677,#3678,#2029,.T.);
#4673=EDGE_CURVE('',#3678,#3674,#2030,.T.);
#4674=EDGE_CURVE('',#3677,#3673,#2031,.T.);
#4675=EDGE_CURVE('',#3675,#3679,#2032,.T.);
#4676=EDGE_CURVE('',#3680,#3679,#2033,.T.);
#4677=EDGE_CURVE('',#3676,#3680,#2034,.T.);
#4678=EDGE_CURVE('',#3680,#3681,#147,.T.);
#4679=EDGE_CURVE('',#3681,#3682,#2035,.T.);
#4680=EDGE_CURVE('',#3682,#3683,#148,.T.);
#4681=EDGE_CURVE('',#3683,#3684,#2036,.T.);
#4682=EDGE_CURVE('',#3684,#3677,#149,.T.);
#4683=EDGE_CURVE('',#3685,#3685,#150,.T.);
#4684=EDGE_CURVE('',#3686,#3686,#151,.T.);
#4685=EDGE_CURVE('',#3687,#3687,#152,.T.);
#4686=EDGE_CURVE('',#3688,#3688,#153,.T.);
#4687=EDGE_CURVE('',#3689,#3689,#154,.T.);
#4688=EDGE_CURVE('',#3690,#3690,#155,.T.);
#4689=EDGE_CURVE('',#3691,#3691,#156,.T.);
#4690=EDGE_CURVE('',#3692,#3692,#157,.T.);
#4691=EDGE_CURVE('',#3693,#3693,#158,.T.);
#4692=EDGE_CURVE('',#3694,#3694,#159,.T.);
#4693=EDGE_CURVE('',#3695,#3695,#160,.T.);
#4694=EDGE_CURVE('',#3696,#3696,#161,.T.);
#4695=EDGE_CURVE('',#3697,#3697,#162,.T.);
#4696=EDGE_CURVE('',#3698,#3698,#163,.T.);
#4697=EDGE_CURVE('',#3699,#3699,#164,.T.);
#4698=EDGE_CURVE('',#3700,#3700,#165,.T.);
#4699=EDGE_CURVE('',#3701,#3678,#166,.T.);
#4700=EDGE_CURVE('',#3702,#3701,#2037,.T.);
#4701=EDGE_CURVE('',#3703,#3702,#167,.T.);
#4702=EDGE_CURVE('',#3704,#3703,#2038,.T.);
#4703=EDGE_CURVE('',#3679,#3704,#168,.T.);
#4704=EDGE_CURVE('',#3705,#3705,#169,.T.);
#4705=EDGE_CURVE('',#3706,#3706,#170,.T.);
#4706=EDGE_CURVE('',#3707,#3707,#171,.T.);
#4707=EDGE_CURVE('',#3708,#3708,#172,.T.);
#4708=EDGE_CURVE('',#3709,#3709,#173,.T.);
#4709=EDGE_CURVE('',#3710,#3710,#174,.T.);
#4710=EDGE_CURVE('',#3711,#3711,#175,.T.);
#4711=EDGE_CURVE('',#3712,#3712,#176,.T.);
#4712=EDGE_CURVE('',#3713,#3713,#177,.T.);
#4713=EDGE_CURVE('',#3714,#3714,#178,.T.);
#4714=EDGE_CURVE('',#3715,#3715,#179,.T.);
#4715=EDGE_CURVE('',#3716,#3716,#180,.T.);
#4716=EDGE_CURVE('',#3717,#3717,#181,.T.);
#4717=EDGE_CURVE('',#3718,#3718,#182,.T.);
#4718=EDGE_CURVE('',#3719,#3719,#183,.T.);
#4719=EDGE_CURVE('',#3720,#3720,#184,.T.);
#4720=EDGE_CURVE('',#3684,#3701,#2039,.T.);
#4721=EDGE_CURVE('',#3681,#3704,#2040,.T.);
#4722=EDGE_CURVE('',#3683,#3702,#2041,.T.);
#4723=EDGE_CURVE('',#3682,#3703,#2042,.T.);
#4724=EDGE_CURVE('',#3705,#3685,#2043,.T.);
#4725=EDGE_CURVE('',#3706,#3686,#2044,.T.);
#4726=EDGE_CURVE('',#3707,#3687,#2045,.T.);
#4727=EDGE_CURVE('',#3708,#3688,#2046,.T.);
#4728=EDGE_CURVE('',#3709,#3689,#2047,.T.);
#4729=EDGE_CURVE('',#3710,#3690,#2048,.T.);
#4730=EDGE_CURVE('',#3711,#3691,#2049,.T.);
#4731=EDGE_CURVE('',#3712,#3692,#2050,.T.);
#4732=EDGE_CURVE('',#3713,#3693,#2051,.T.);
#4733=EDGE_CURVE('',#3714,#3694,#2052,.T.);
#4734=EDGE_CURVE('',#3715,#3695,#2053,.T.);
#4735=EDGE_CURVE('',#3716,#3696,#2054,.T.);
#4736=EDGE_CURVE('',#3717,#3697,#2055,.T.);
#4737=EDGE_CURVE('',#3718,#3698,#2056,.T.);
#4738=EDGE_CURVE('',#3719,#3699,#2057,.T.);
#4739=EDGE_CURVE('',#3720,#3700,#2058,.T.);
#4740=EDGE_CURVE('',#3721,#3722,#2059,.T.);
#4741=EDGE_CURVE('',#3722,#3723,#2060,.T.);
#4742=EDGE_CURVE('',#3724,#3723,#2061,.T.);
#4743=EDGE_CURVE('',#3721,#3724,#2062,.T.);
#4744=EDGE_CURVE('',#3725,#3726,#2063,.T.);
#4745=EDGE_CURVE('',#3727,#3726,#185,.T.);
#4746=EDGE_CURVE('',#3728,#3727,#2064,.T.);
#4747=EDGE_CURVE('',#3728,#3729,#2065,.T.);
#4748=EDGE_CURVE('',#3729,#3730,#2066,.T.);
#4749=EDGE_CURVE('',#3730,#3731,#186,.T.);
#4750=EDGE_CURVE('',#3732,#3731,#2067,.T.);
#4751=EDGE_CURVE('',#3722,#3732,#187,.T.);
#4752=EDGE_CURVE('',#3721,#3725,#188,.T.);
#4753=EDGE_CURVE('',#3724,#3733,#189,.T.);
#4754=EDGE_CURVE('',#3725,#3733,#2068,.T.);
#4755=EDGE_CURVE('',#3732,#3734,#2069,.T.);
#4756=EDGE_CURVE('',#3723,#3734,#190,.T.);
#4757=EDGE_CURVE('',#3733,#3735,#2070,.T.);
#4758=EDGE_CURVE('',#3734,#3736,#2071,.T.);
#4759=EDGE_CURVE('',#3737,#3736,#191,.T.);
#4760=EDGE_CURVE('',#3738,#3737,#2072,.T.);
#4761=EDGE_CURVE('',#3739,#3738,#2073,.T.);
#4762=EDGE_CURVE('',#3739,#3740,#2074,.T.);
#4763=EDGE_CURVE('',#3740,#3735,#192,.T.);
#4764=EDGE_CURVE('',#3726,#3735,#2075,.T.);
#4765=EDGE_CURVE('',#3727,#3740,#2076,.T.);
#4766=EDGE_CURVE('',#3727,#3741,#2077,.T.);
#4767=EDGE_CURVE('',#3741,#3742,#2078,.T.);
#4768=EDGE_CURVE('',#3742,#3743,#2079,.T.);
#4769=EDGE_CURVE('',#3744,#3743,#2080,.T.);
#4770=EDGE_CURVE('',#3730,#3744,#2081,.T.);
#4771=EDGE_CURVE('',#3731,#3736,#2082,.T.);
#4772=EDGE_CURVE('',#3730,#3737,#2083,.T.);
#4773=EDGE_CURVE('',#3737,#3745,#2084,.T.);
#4774=EDGE_CURVE('',#3745,#3746,#2085,.T.);
#4775=EDGE_CURVE('',#3747,#3746,#2086,.T.);
#4776=EDGE_CURVE('',#3748,#3747,#2087,.T.);
#4777=EDGE_CURVE('',#3740,#3748,#2088,.T.);
#4778=EDGE_CURVE('',#3741,#3748,#2089,.T.);
#4779=EDGE_CURVE('',#3749,#3750,#2090,.T.);
#4780=EDGE_CURVE('',#3751,#3750,#193,.T.);
#4781=EDGE_CURVE('',#3751,#3752,#2091,.T.);
#4782=EDGE_CURVE('',#3752,#3753,#194,.T.);
#4783=EDGE_CURVE('',#3754,#3753,#2092,.T.);
#4784=EDGE_CURVE('',#3744,#3754,#195,.T.);
#4785=EDGE_CURVE('',#3741,#3749,#196,.T.);
#4786=EDGE_CURVE('',#3744,#3755,#2093,.T.);
#4787=EDGE_CURVE('',#3756,#3755,#2094,.T.);
#4788=EDGE_CURVE('',#3730,#3756,#2095,.T.);
#4789=EDGE_CURVE('',#3756,#3757,#2096,.T.);
#4790=EDGE_CURVE('',#3737,#3757,#2097,.T.);
#4791=EDGE_CURVE('',#3758,#3759,#2098,.T.);
#4792=EDGE_CURVE('',#3748,#3758,#197,.T.);
#4793=EDGE_CURVE('',#3745,#3760,#198,.T.);
#4794=EDGE_CURVE('',#3760,#3761,#2099,.T.);
#4795=EDGE_CURVE('',#3762,#3761,#199,.T.);
#4796=EDGE_CURVE('',#3763,#3762,#2100,.T.);
#4797=EDGE_CURVE('',#3763,#3759,#200,.T.);
#4798=EDGE_CURVE('',#3757,#3764,#2101,.T.);
#4799=EDGE_CURVE('',#3745,#3764,#2102,.T.);
#4800=EDGE_CURVE('',#3749,#3758,#2103,.T.);
#4801=EDGE_CURVE('',#3750,#3759,#2104,.T.);
#4802=EDGE_CURVE('',#3751,#3763,#2105,.T.);
#4803=EDGE_CURVE('',#3752,#3762,#2106,.T.);
#4804=EDGE_CURVE('',#3753,#3761,#2107,.T.);
#4805=EDGE_CURVE('',#3754,#3760,#2108,.T.);
#4806=EDGE_CURVE('',#3744,#3745,#2109,.T.);
#4807=EDGE_CURVE('',#3755,#3764,#2110,.T.);
#4808=EDGE_CURVE('',#3765,#3766,#2111,.T.);
#4809=EDGE_CURVE('',#3766,#3767,#2112,.T.);
#4810=EDGE_CURVE('',#3767,#3768,#2113,.T.);
#4811=EDGE_CURVE('',#3768,#3765,#2114,.T.);
#4812=EDGE_CURVE('',#3769,#3766,#2115,.T.);
#4813=EDGE_CURVE('',#3770,#3769,#2116,.T.);
#4814=EDGE_CURVE('',#3767,#3770,#2117,.F.);
#4815=EDGE_CURVE('',#3769,#3771,#2118,.T.);
#4816=EDGE_CURVE('',#3771,#3772,#2119,.T.);
#4817=EDGE_CURVE('',#3772,#3770,#2120,.T.);
#4818=EDGE_CURVE('',#3773,#3771,#2121,.T.);
#4819=EDGE_CURVE('',#3774,#3773,#2122,.F.);
#4820=EDGE_CURVE('',#3772,#3774,#2123,.F.);
#4821=EDGE_CURVE('',#3775,#3768,#2124,.F.);
#4822=EDGE_CURVE('',#3776,#3775,#2125,.F.);
#4823=EDGE_CURVE('',#3765,#3776,#2126,.T.);
#4824=EDGE_CURVE('',#3777,#3774,#2127,.T.);
#4825=EDGE_CURVE('',#3778,#3777,#2128,.T.);
#4826=EDGE_CURVE('',#3778,#3779,#2129,.F.);
#4827=EDGE_CURVE('',#3779,#3780,#2130,.F.);
#4828=EDGE_CURVE('',#3775,#3780,#2131,.T.);
#4829=EDGE_CURVE('',#3781,#3773,#2132,.T.);
#4830=EDGE_CURVE('',#3782,#3781,#201,.T.);
#4831=EDGE_CURVE('',#3783,#3782,#2133,.T.);
#4832=EDGE_CURVE('',#3783,#3784,#2134,.T.);
#4833=EDGE_CURVE('',#3784,#3777,#2135,.T.);
#4834=EDGE_CURVE('',#3785,#3786,#202,.T.);
#4835=EDGE_CURVE('',#3786,#3787,#2136,.T.);
#4836=EDGE_CURVE('',#3787,#3788,#203,.T.);
#4837=EDGE_CURVE('',#3788,#3785,#2137,.T.);
#4838=EDGE_CURVE('',#3787,#3789,#2138,.T.);
#4839=EDGE_CURVE('',#3790,#3789,#204,.T.);
#4840=EDGE_CURVE('',#3790,#3791,#2139,.T.);
#4841=EDGE_CURVE('',#3791,#3792,#2140,.T.);
#4842=EDGE_CURVE('',#3792,#3793,#2141,.T.);
#4843=EDGE_CURVE('',#3793,#3794,#2142,.T.);
#4844=EDGE_CURVE('',#3794,#3795,#2143,.T.);
#4845=EDGE_CURVE('',#3795,#3796,#2144,.T.);
#4846=EDGE_CURVE('',#3796,#3788,#2145,.T.);
#4847=EDGE_CURVE('',#3797,#3786,#2146,.T.);
#4848=EDGE_CURVE('',#3789,#3797,#2147,.T.);
#4849=EDGE_CURVE('',#3797,#3798,#205,.T.);
#4850=EDGE_CURVE('',#3798,#3790,#2148,.T.);
#4851=EDGE_CURVE('',#3783,#3796,#2149,.T.);
#4852=EDGE_CURVE('',#3784,#3795,#2150,.T.);
#4853=EDGE_CURVE('',#3799,#3800,#2151,.T.);
#4854=EDGE_CURVE('',#3799,#3792,#2152,.T.);
#4855=EDGE_CURVE('',#3800,#3791,#2153,.T.);
#4856=EDGE_CURVE('',#3780,#3799,#2154,.T.);
#4857=EDGE_CURVE('',#3801,#3800,#2155,.T.);
#4858=EDGE_CURVE('',#3802,#3801,#206,.T.);
#4859=EDGE_CURVE('',#3776,#3802,#2156,.T.);
#4860=EDGE_CURVE('',#3779,#3803,#2157,.F.);
#4861=EDGE_CURVE('',#3803,#3793,#2158,.T.);
#4862=EDGE_CURVE('',#3804,#3778,#2159,.F.);
#4863=EDGE_CURVE('',#3794,#3804,#2160,.F.);
#4864=EDGE_CURVE('',#3803,#3804,#2161,.F.);
#4865=EDGE_CURVE('',#3802,#3805,#2162,.T.);
#4866=EDGE_CURVE('',#3806,#3805,#2163,.T.);
#4867=EDGE_CURVE('',#3781,#3806,#2164,.T.);
#4868=EDGE_CURVE('',#3807,#3806,#207,.T.);
#4869=EDGE_CURVE('',#3782,#3807,#2165,.T.);
#4870=EDGE_CURVE('',#3785,#3807,#2166,.T.);
#4871=EDGE_CURVE('',#3808,#3798,#2167,.T.);
#4872=EDGE_CURVE('',#3801,#3808,#2168,.T.);
#4873=EDGE_CURVE('',#3805,#3808,#208,.T.);
#4874=EDGE_CURVE('',#3809,#3809,#209,.T.);
#4875=EDGE_CURVE('',#3809,#3810,#2169,.T.);
#4876=EDGE_CURVE('',#3810,#3810,#210,.T.);
#4877=EDGE_CURVE('',#3811,#3812,#44,.T.);
#4878=EDGE_CURVE('',#3813,#3811,#2170,.T.);
#4879=EDGE_CURVE('',#3814,#3813,#40,.T.);
#4880=EDGE_CURVE('',#3812,#3814,#2171,.T.);
#4881=EDGE_CURVE('',#3812,#3815,#211,.T.);
#4882=EDGE_CURVE('',#3816,#3814,#2172,.T.);
#4883=EDGE_CURVE('',#3815,#3816,#2173,.F.);
#4884=EDGE_CURVE('',#3815,#3817,#212,.T.);
#4885=EDGE_CURVE('',#3818,#3816,#2174,.F.);
#4886=EDGE_CURVE('',#3817,#3818,#2175,.T.);
#4887=EDGE_CURVE('',#3817,#3819,#213,.T.);
#4888=EDGE_CURVE('',#3820,#3818,#2176,.T.);
#4889=EDGE_CURVE('',#3820,#3819,#2177,.T.);
#4890=EDGE_CURVE('',#3819,#3821,#45,.T.);
#4891=EDGE_CURVE('',#3822,#3820,#41,.T.);
#4892=EDGE_CURVE('',#3821,#3822,#2178,.T.);
#4893=EDGE_CURVE('',#3821,#3823,#214,.T.);
#4894=EDGE_CURVE('',#3824,#3822,#2179,.T.);
#4895=EDGE_CURVE('',#3823,#3824,#2180,.F.);
#4896=EDGE_CURVE('',#3823,#3825,#215,.T.);
#4897=EDGE_CURVE('',#3826,#3824,#2181,.F.);
#4898=EDGE_CURVE('',#3825,#3826,#2182,.T.);
#4899=EDGE_CURVE('',#3825,#3827,#216,.T.);
#4900=EDGE_CURVE('',#3828,#3826,#2183,.T.);
#4901=EDGE_CURVE('',#3828,#3827,#2184,.T.);
#4902=EDGE_CURVE('',#3829,#3830,#46,.T.);
#4903=EDGE_CURVE('',#3831,#3829,#2185,.T.);
#4904=EDGE_CURVE('',#3832,#3831,#42,.T.);
#4905=EDGE_CURVE('',#3830,#3832,#2186,.T.);
#4906=EDGE_CURVE('',#3830,#3833,#217,.T.);
#4907=EDGE_CURVE('',#3834,#3832,#2187,.T.);
#4908=EDGE_CURVE('',#3833,#3834,#2188,.F.);
#4909=EDGE_CURVE('',#3827,#3835,#47,.T.);
#4910=EDGE_CURVE('',#3836,#3828,#43,.T.);
#4911=EDGE_CURVE('',#3835,#3836,#2189,.T.);
#4912=EDGE_CURVE('',#3835,#3837,#218,.T.);
#4913=EDGE_CURVE('',#3838,#3836,#2190,.T.);
#4914=EDGE_CURVE('',#3837,#3838,#2191,.F.);
#4915=EDGE_CURVE('',#3839,#3811,#219,.T.);
#4916=EDGE_CURVE('',#3839,#3840,#2192,.T.);
#4917=EDGE_CURVE('',#3813,#3840,#2193,.T.);
#4918=EDGE_CURVE('',#3833,#3839,#220,.T.);
#4919=EDGE_CURVE('',#3840,#3834,#2194,.F.);
#4920=EDGE_CURVE('',#3841,#3829,#221,.T.);
#4921=EDGE_CURVE('',#3841,#3842,#2195,.T.);
#4922=EDGE_CURVE('',#3831,#3842,#2196,.T.);
#4923=EDGE_CURVE('',#3837,#3843,#222,.T.);
#4924=EDGE_CURVE('',#3842,#3838,#2197,.F.);
#4925=EDGE_CURVE('',#3843,#3841,#223,.T.);
#4926=EDGE_CURVE('',#3844,#3844,#224,.T.);
#4927=EDGE_CURVE('',#3844,#3845,#2198,.T.);
#4928=EDGE_CURVE('',#3845,#3845,#225,.T.);
#4929=EDGE_CURVE('',#3846,#3846,#226,.T.);
#4930=EDGE_CURVE('',#3809,#3846,#2199,.T.);
#4931=EDGE_CURVE('',#3843,#3847,#227,.T.);
#4932=EDGE_CURVE('',#3848,#3847,#228,.T.);
#4933=EDGE_CURVE('',#3847,#3848,#229,.T.);
#4934=EDGE_CURVE('',#3849,#3849,#230,.T.);
#4935=EDGE_CURVE('',#3849,#3848,#2200,.T.);
#4936=ORIENTED_EDGE('',*,*,#3850,.T.);
#4937=ORIENTED_EDGE('',*,*,#3851,.T.);
#4938=ORIENTED_EDGE('',*,*,#3852,.F.);
#4939=ORIENTED_EDGE('',*,*,#3853,.F.);
#4940=ORIENTED_EDGE('',*,*,#3854,.T.);
#4941=ORIENTED_EDGE('',*,*,#3855,.T.);
#4942=ORIENTED_EDGE('',*,*,#3850,.F.);
#4943=ORIENTED_EDGE('',*,*,#3856,.F.);
#4944=ORIENTED_EDGE('',*,*,#3852,.T.);
#4945=ORIENTED_EDGE('',*,*,#3857,.T.);
#4946=ORIENTED_EDGE('',*,*,#3858,.F.);
#4947=ORIENTED_EDGE('',*,*,#3859,.F.);
#4948=ORIENTED_EDGE('',*,*,#3853,.T.);
#4949=ORIENTED_EDGE('',*,*,#3859,.T.);
#4950=ORIENTED_EDGE('',*,*,#3860,.T.);
#4951=ORIENTED_EDGE('',*,*,#3861,.T.);
#4952=ORIENTED_EDGE('',*,*,#3862,.T.);
#4953=ORIENTED_EDGE('',*,*,#3863,.T.);
#4954=ORIENTED_EDGE('',*,*,#3864,.T.);
#4955=ORIENTED_EDGE('',*,*,#3865,.T.);
#4956=ORIENTED_EDGE('',*,*,#3866,.T.);
#4957=ORIENTED_EDGE('',*,*,#3867,.T.);
#4958=ORIENTED_EDGE('',*,*,#3868,.T.);
#4959=ORIENTED_EDGE('',*,*,#3869,.T.);
#4960=ORIENTED_EDGE('',*,*,#3870,.T.);
#4961=ORIENTED_EDGE('',*,*,#3871,.T.);
#4962=ORIENTED_EDGE('',*,*,#3872,.T.);
#4963=ORIENTED_EDGE('',*,*,#3873,.T.);
#4964=ORIENTED_EDGE('',*,*,#3874,.T.);
#4965=ORIENTED_EDGE('',*,*,#3875,.T.);
#4966=ORIENTED_EDGE('',*,*,#3876,.T.);
#4967=ORIENTED_EDGE('',*,*,#3877,.T.);
#4968=ORIENTED_EDGE('',*,*,#3878,.T.);
#4969=ORIENTED_EDGE('',*,*,#3879,.T.);
#4970=ORIENTED_EDGE('',*,*,#3880,.T.);
#4971=ORIENTED_EDGE('',*,*,#3881,.T.);
#4972=ORIENTED_EDGE('',*,*,#3882,.T.);
#4973=ORIENTED_EDGE('',*,*,#3883,.T.);
#4974=ORIENTED_EDGE('',*,*,#3884,.T.);
#4975=ORIENTED_EDGE('',*,*,#3885,.T.);
#4976=ORIENTED_EDGE('',*,*,#3886,.T.);
#4977=ORIENTED_EDGE('',*,*,#3887,.T.);
#4978=ORIENTED_EDGE('',*,*,#3888,.T.);
#4979=ORIENTED_EDGE('',*,*,#3889,.T.);
#4980=ORIENTED_EDGE('',*,*,#3890,.T.);
#4981=ORIENTED_EDGE('',*,*,#3891,.T.);
#4982=ORIENTED_EDGE('',*,*,#3892,.T.);
#4983=ORIENTED_EDGE('',*,*,#3893,.T.);
#4984=ORIENTED_EDGE('',*,*,#3894,.T.);
#4985=ORIENTED_EDGE('',*,*,#3895,.T.);
#4986=ORIENTED_EDGE('',*,*,#3896,.T.);
#4987=ORIENTED_EDGE('',*,*,#3897,.T.);
#4988=ORIENTED_EDGE('',*,*,#3898,.T.);
#4989=ORIENTED_EDGE('',*,*,#3899,.T.);
#4990=ORIENTED_EDGE('',*,*,#3900,.T.);
#4991=ORIENTED_EDGE('',*,*,#3856,.T.);
#4992=ORIENTED_EDGE('',*,*,#3901,.F.);
#4993=ORIENTED_EDGE('',*,*,#3902,.T.);
#4994=ORIENTED_EDGE('',*,*,#3903,.F.);
#4995=ORIENTED_EDGE('',*,*,#3904,.F.);
#4996=ORIENTED_EDGE('',*,*,#3905,.F.);
#4997=ORIENTED_EDGE('',*,*,#3906,.F.);
#4998=ORIENTED_EDGE('',*,*,#3907,.F.);
#4999=ORIENTED_EDGE('',*,*,#3908,.T.);
#5000=ORIENTED_EDGE('',*,*,#3909,.F.);
#5001=ORIENTED_EDGE('',*,*,#3910,.F.);
#5002=ORIENTED_EDGE('',*,*,#3911,.F.);
#5003=ORIENTED_EDGE('',*,*,#3912,.T.);
#5004=ORIENTED_EDGE('',*,*,#3913,.F.);
#5005=ORIENTED_EDGE('',*,*,#3914,.F.);
#5006=ORIENTED_EDGE('',*,*,#3915,.T.);
#5007=ORIENTED_EDGE('',*,*,#3916,.F.);
#5008=ORIENTED_EDGE('',*,*,#3917,.F.);
#5009=ORIENTED_EDGE('',*,*,#3918,.F.);
#5010=ORIENTED_EDGE('',*,*,#3919,.F.);
#5011=ORIENTED_EDGE('',*,*,#3920,.T.);
#5012=ORIENTED_EDGE('',*,*,#3921,.F.);
#5013=ORIENTED_EDGE('',*,*,#3922,.T.);
#5014=ORIENTED_EDGE('',*,*,#3923,.F.);
#5015=ORIENTED_EDGE('',*,*,#3924,.F.);
#5016=ORIENTED_EDGE('',*,*,#3925,.F.);
#5017=ORIENTED_EDGE('',*,*,#3926,.T.);
#5018=ORIENTED_EDGE('',*,*,#3927,.F.);
#5019=ORIENTED_EDGE('',*,*,#3928,.F.);
#5020=ORIENTED_EDGE('',*,*,#3929,.F.);
#5021=ORIENTED_EDGE('',*,*,#3930,.F.);
#5022=ORIENTED_EDGE('',*,*,#3931,.F.);
#5023=ORIENTED_EDGE('',*,*,#3932,.T.);
#5024=ORIENTED_EDGE('',*,*,#3933,.F.);
#5025=ORIENTED_EDGE('',*,*,#3934,.F.);
#5026=ORIENTED_EDGE('',*,*,#3935,.F.);
#5027=ORIENTED_EDGE('',*,*,#3936,.T.);
#5028=ORIENTED_EDGE('',*,*,#3937,.F.);
#5029=ORIENTED_EDGE('',*,*,#3938,.T.);
#5030=ORIENTED_EDGE('',*,*,#3939,.F.);
#5031=ORIENTED_EDGE('',*,*,#3940,.F.);
#5032=ORIENTED_EDGE('',*,*,#3941,.F.);
#5033=ORIENTED_EDGE('',*,*,#3942,.F.);
#5034=ORIENTED_EDGE('',*,*,#3943,.T.);
#5035=ORIENTED_EDGE('',*,*,#3944,.F.);
#5036=ORIENTED_EDGE('',*,*,#3945,.F.);
#5037=ORIENTED_EDGE('',*,*,#3946,.T.);
#5038=ORIENTED_EDGE('',*,*,#3947,.F.);
#5039=ORIENTED_EDGE('',*,*,#3948,.F.);
#5040=ORIENTED_EDGE('',*,*,#3949,.F.);
#5041=ORIENTED_EDGE('',*,*,#3950,.F.);
#5042=ORIENTED_EDGE('',*,*,#3951,.T.);
#5043=ORIENTED_EDGE('',*,*,#3952,.F.);
#5044=ORIENTED_EDGE('',*,*,#3953,.F.);
#5045=ORIENTED_EDGE('',*,*,#3954,.F.);
#5046=ORIENTED_EDGE('',*,*,#3955,.T.);
#5047=ORIENTED_EDGE('',*,*,#3956,.F.);
#5048=ORIENTED_EDGE('',*,*,#3851,.F.);
#5049=ORIENTED_EDGE('',*,*,#3855,.F.);
#5050=ORIENTED_EDGE('',*,*,#3957,.F.);
#5051=ORIENTED_EDGE('',*,*,#3958,.F.);
#5052=ORIENTED_EDGE('',*,*,#3959,.F.);
#5053=ORIENTED_EDGE('',*,*,#3960,.F.);
#5054=ORIENTED_EDGE('',*,*,#3961,.F.);
#5055=ORIENTED_EDGE('',*,*,#3962,.F.);
#5056=ORIENTED_EDGE('',*,*,#3963,.F.);
#5057=ORIENTED_EDGE('',*,*,#3964,.F.);
#5058=ORIENTED_EDGE('',*,*,#3965,.F.);
#5059=ORIENTED_EDGE('',*,*,#3966,.F.);
#5060=ORIENTED_EDGE('',*,*,#3967,.F.);
#5061=ORIENTED_EDGE('',*,*,#3968,.F.);
#5062=ORIENTED_EDGE('',*,*,#3969,.F.);
#5063=ORIENTED_EDGE('',*,*,#3970,.F.);
#5064=ORIENTED_EDGE('',*,*,#3971,.F.);
#5065=ORIENTED_EDGE('',*,*,#3972,.F.);
#5066=ORIENTED_EDGE('',*,*,#3973,.F.);
#5067=ORIENTED_EDGE('',*,*,#3974,.F.);
#5068=ORIENTED_EDGE('',*,*,#3975,.F.);
#5069=ORIENTED_EDGE('',*,*,#3976,.F.);
#5070=ORIENTED_EDGE('',*,*,#3977,.F.);
#5071=ORIENTED_EDGE('',*,*,#3978,.F.);
#5072=ORIENTED_EDGE('',*,*,#3979,.F.);
#5073=ORIENTED_EDGE('',*,*,#3980,.F.);
#5074=ORIENTED_EDGE('',*,*,#3981,.F.);
#5075=ORIENTED_EDGE('',*,*,#3982,.F.);
#5076=ORIENTED_EDGE('',*,*,#3983,.F.);
#5077=ORIENTED_EDGE('',*,*,#3984,.F.);
#5078=ORIENTED_EDGE('',*,*,#3985,.F.);
#5079=ORIENTED_EDGE('',*,*,#3986,.F.);
#5080=ORIENTED_EDGE('',*,*,#3987,.F.);
#5081=ORIENTED_EDGE('',*,*,#3988,.F.);
#5082=ORIENTED_EDGE('',*,*,#3989,.F.);
#5083=ORIENTED_EDGE('',*,*,#3990,.F.);
#5084=ORIENTED_EDGE('',*,*,#3991,.F.);
#5085=ORIENTED_EDGE('',*,*,#3992,.F.);
#5086=ORIENTED_EDGE('',*,*,#3993,.F.);
#5087=ORIENTED_EDGE('',*,*,#3994,.F.);
#5088=ORIENTED_EDGE('',*,*,#3995,.F.);
#5089=ORIENTED_EDGE('',*,*,#3996,.F.);
#5090=ORIENTED_EDGE('',*,*,#3997,.F.);
#5091=ORIENTED_EDGE('',*,*,#3857,.F.);
#5092=ORIENTED_EDGE('',*,*,#3998,.T.);
#5093=ORIENTED_EDGE('',*,*,#3999,.T.);
#5094=ORIENTED_EDGE('',*,*,#4000,.T.);
#5095=ORIENTED_EDGE('',*,*,#4001,.F.);
#5096=ORIENTED_EDGE('',*,*,#4002,.T.);
#5097=ORIENTED_EDGE('',*,*,#4003,.F.);
#5098=ORIENTED_EDGE('',*,*,#4004,.T.);
#5099=ORIENTED_EDGE('',*,*,#4005,.T.);
#5100=ORIENTED_EDGE('',*,*,#4006,.T.);
#5101=ORIENTED_EDGE('',*,*,#4007,.F.);
#5102=ORIENTED_EDGE('',*,*,#4008,.T.);
#5103=ORIENTED_EDGE('',*,*,#4009,.T.);
#5104=ORIENTED_EDGE('',*,*,#4010,.T.);
#5105=ORIENTED_EDGE('',*,*,#4011,.T.);
#5106=ORIENTED_EDGE('',*,*,#4012,.F.);
#5107=ORIENTED_EDGE('',*,*,#4013,.T.);
#5108=ORIENTED_EDGE('',*,*,#4014,.T.);
#5109=ORIENTED_EDGE('',*,*,#4015,.F.);
#5110=ORIENTED_EDGE('',*,*,#4016,.T.);
#5111=ORIENTED_EDGE('',*,*,#4017,.T.);
#5112=ORIENTED_EDGE('',*,*,#4018,.T.);
#5113=ORIENTED_EDGE('',*,*,#4019,.T.);
#5114=ORIENTED_EDGE('',*,*,#4020,.T.);
#5115=ORIENTED_EDGE('',*,*,#4021,.F.);
#5116=ORIENTED_EDGE('',*,*,#4022,.T.);
#5117=ORIENTED_EDGE('',*,*,#4023,.T.);
#5118=ORIENTED_EDGE('',*,*,#4024,.T.);
#5119=ORIENTED_EDGE('',*,*,#4025,.F.);
#5120=ORIENTED_EDGE('',*,*,#4026,.T.);
#5121=ORIENTED_EDGE('',*,*,#4027,.F.);
#5122=ORIENTED_EDGE('',*,*,#4028,.T.);
#5123=ORIENTED_EDGE('',*,*,#4029,.T.);
#5124=ORIENTED_EDGE('',*,*,#4030,.T.);
#5125=ORIENTED_EDGE('',*,*,#4031,.F.);
#5126=ORIENTED_EDGE('',*,*,#4032,.T.);
#5127=ORIENTED_EDGE('',*,*,#4033,.T.);
#5128=ORIENTED_EDGE('',*,*,#4034,.T.);
#5129=ORIENTED_EDGE('',*,*,#4035,.T.);
#5130=ORIENTED_EDGE('',*,*,#4036,.T.);
#5131=ORIENTED_EDGE('',*,*,#4037,.F.);
#5132=ORIENTED_EDGE('',*,*,#4038,.T.);
#5133=ORIENTED_EDGE('',*,*,#4039,.T.);
#5134=ORIENTED_EDGE('',*,*,#4040,.F.);
#5135=ORIENTED_EDGE('',*,*,#4041,.T.);
#5136=ORIENTED_EDGE('',*,*,#4042,.T.);
#5137=ORIENTED_EDGE('',*,*,#4043,.T.);
#5138=ORIENTED_EDGE('',*,*,#4044,.T.);
#5139=ORIENTED_EDGE('',*,*,#4045,.F.);
#5140=ORIENTED_EDGE('',*,*,#4046,.T.);
#5141=ORIENTED_EDGE('',*,*,#4047,.T.);
#5142=ORIENTED_EDGE('',*,*,#4048,.F.);
#5143=ORIENTED_EDGE('',*,*,#4049,.T.);
#5144=ORIENTED_EDGE('',*,*,#4050,.T.);
#5145=ORIENTED_EDGE('',*,*,#4051,.T.);
#5146=ORIENTED_EDGE('',*,*,#4052,.F.);
#5147=ORIENTED_EDGE('',*,*,#4053,.T.);
#5148=ORIENTED_EDGE('',*,*,#4054,.T.);
#5149=ORIENTED_EDGE('',*,*,#3957,.T.);
#5150=ORIENTED_EDGE('',*,*,#3854,.F.);
#5151=ORIENTED_EDGE('',*,*,#3900,.F.);
#5152=ORIENTED_EDGE('',*,*,#3858,.T.);
#5153=ORIENTED_EDGE('',*,*,#3997,.T.);
#5154=ORIENTED_EDGE('',*,*,#4055,.F.);
#5155=ORIENTED_EDGE('',*,*,#3860,.F.);
#5156=ORIENTED_EDGE('',*,*,#4056,.T.);
#5157=ORIENTED_EDGE('',*,*,#3958,.T.);
#5158=ORIENTED_EDGE('',*,*,#4054,.F.);
#5159=ORIENTED_EDGE('',*,*,#3899,.F.);
#5160=ORIENTED_EDGE('',*,*,#4055,.T.);
#5161=ORIENTED_EDGE('',*,*,#3996,.T.);
#5162=ORIENTED_EDGE('',*,*,#4057,.F.);
#5163=ORIENTED_EDGE('',*,*,#3861,.F.);
#5164=ORIENTED_EDGE('',*,*,#4058,.T.);
#5165=ORIENTED_EDGE('',*,*,#3959,.T.);
#5166=ORIENTED_EDGE('',*,*,#4056,.F.);
#5167=ORIENTED_EDGE('',*,*,#3898,.F.);
#5168=ORIENTED_EDGE('',*,*,#4057,.T.);
#5169=ORIENTED_EDGE('',*,*,#3995,.T.);
#5170=ORIENTED_EDGE('',*,*,#4059,.F.);
#5171=ORIENTED_EDGE('',*,*,#3862,.F.);
#5172=ORIENTED_EDGE('',*,*,#4060,.T.);
#5173=ORIENTED_EDGE('',*,*,#3960,.T.);
#5174=ORIENTED_EDGE('',*,*,#4058,.F.);
#5175=ORIENTED_EDGE('',*,*,#3897,.F.);
#5176=ORIENTED_EDGE('',*,*,#4059,.T.);
#5177=ORIENTED_EDGE('',*,*,#3994,.T.);
#5178=ORIENTED_EDGE('',*,*,#4061,.F.);
#5179=ORIENTED_EDGE('',*,*,#3863,.F.);
#5180=ORIENTED_EDGE('',*,*,#4062,.T.);
#5181=ORIENTED_EDGE('',*,*,#3961,.T.);
#5182=ORIENTED_EDGE('',*,*,#4060,.F.);
#5183=ORIENTED_EDGE('',*,*,#3896,.F.);
#5184=ORIENTED_EDGE('',*,*,#4061,.T.);
#5185=ORIENTED_EDGE('',*,*,#3993,.T.);
#5186=ORIENTED_EDGE('',*,*,#4063,.F.);
#5187=ORIENTED_EDGE('',*,*,#3864,.F.);
#5188=ORIENTED_EDGE('',*,*,#4064,.T.);
#5189=ORIENTED_EDGE('',*,*,#3962,.T.);
#5190=ORIENTED_EDGE('',*,*,#4062,.F.);
#5191=ORIENTED_EDGE('',*,*,#3895,.F.);
#5192=ORIENTED_EDGE('',*,*,#4063,.T.);
#5193=ORIENTED_EDGE('',*,*,#3992,.T.);
#5194=ORIENTED_EDGE('',*,*,#4065,.F.);
#5195=ORIENTED_EDGE('',*,*,#3865,.F.);
#5196=ORIENTED_EDGE('',*,*,#4066,.T.);
#5197=ORIENTED_EDGE('',*,*,#3963,.T.);
#5198=ORIENTED_EDGE('',*,*,#4064,.F.);
#5199=ORIENTED_EDGE('',*,*,#3894,.F.);
#5200=ORIENTED_EDGE('',*,*,#4065,.T.);
#5201=ORIENTED_EDGE('',*,*,#3991,.T.);
#5202=ORIENTED_EDGE('',*,*,#4067,.F.);
#5203=ORIENTED_EDGE('',*,*,#3866,.F.);
#5204=ORIENTED_EDGE('',*,*,#4068,.T.);
#5205=ORIENTED_EDGE('',*,*,#3964,.T.);
#5206=ORIENTED_EDGE('',*,*,#4066,.F.);
#5207=ORIENTED_EDGE('',*,*,#3893,.F.);
#5208=ORIENTED_EDGE('',*,*,#4067,.T.);
#5209=ORIENTED_EDGE('',*,*,#3990,.T.);
#5210=ORIENTED_EDGE('',*,*,#4069,.F.);
#5211=ORIENTED_EDGE('',*,*,#3867,.F.);
#5212=ORIENTED_EDGE('',*,*,#4070,.T.);
#5213=ORIENTED_EDGE('',*,*,#3965,.T.);
#5214=ORIENTED_EDGE('',*,*,#4068,.F.);
#5215=ORIENTED_EDGE('',*,*,#3892,.F.);
#5216=ORIENTED_EDGE('',*,*,#4069,.T.);
#5217=ORIENTED_EDGE('',*,*,#3989,.T.);
#5218=ORIENTED_EDGE('',*,*,#4071,.F.);
#5219=ORIENTED_EDGE('',*,*,#3868,.F.);
#5220=ORIENTED_EDGE('',*,*,#4072,.T.);
#5221=ORIENTED_EDGE('',*,*,#3966,.T.);
#5222=ORIENTED_EDGE('',*,*,#4070,.F.);
#5223=ORIENTED_EDGE('',*,*,#3891,.F.);
#5224=ORIENTED_EDGE('',*,*,#4071,.T.);
#5225=ORIENTED_EDGE('',*,*,#3988,.T.);
#5226=ORIENTED_EDGE('',*,*,#4073,.F.);
#5227=ORIENTED_EDGE('',*,*,#3869,.F.);
#5228=ORIENTED_EDGE('',*,*,#4074,.T.);
#5229=ORIENTED_EDGE('',*,*,#3967,.T.);
#5230=ORIENTED_EDGE('',*,*,#4072,.F.);
#5231=ORIENTED_EDGE('',*,*,#3890,.F.);
#5232=ORIENTED_EDGE('',*,*,#4073,.T.);
#5233=ORIENTED_EDGE('',*,*,#3987,.T.);
#5234=ORIENTED_EDGE('',*,*,#4075,.F.);
#5235=ORIENTED_EDGE('',*,*,#3870,.F.);
#5236=ORIENTED_EDGE('',*,*,#4076,.T.);
#5237=ORIENTED_EDGE('',*,*,#3968,.T.);
#5238=ORIENTED_EDGE('',*,*,#4074,.F.);
#5239=ORIENTED_EDGE('',*,*,#3889,.F.);
#5240=ORIENTED_EDGE('',*,*,#4075,.T.);
#5241=ORIENTED_EDGE('',*,*,#3986,.T.);
#5242=ORIENTED_EDGE('',*,*,#4077,.F.);
#5243=ORIENTED_EDGE('',*,*,#3871,.F.);
#5244=ORIENTED_EDGE('',*,*,#4078,.T.);
#5245=ORIENTED_EDGE('',*,*,#3969,.T.);
#5246=ORIENTED_EDGE('',*,*,#4076,.F.);
#5247=ORIENTED_EDGE('',*,*,#3888,.F.);
#5248=ORIENTED_EDGE('',*,*,#4077,.T.);
#5249=ORIENTED_EDGE('',*,*,#3985,.T.);
#5250=ORIENTED_EDGE('',*,*,#4079,.F.);
#5251=ORIENTED_EDGE('',*,*,#3872,.F.);
#5252=ORIENTED_EDGE('',*,*,#4080,.T.);
#5253=ORIENTED_EDGE('',*,*,#3970,.T.);
#5254=ORIENTED_EDGE('',*,*,#4078,.F.);
#5255=ORIENTED_EDGE('',*,*,#3887,.F.);
#5256=ORIENTED_EDGE('',*,*,#4079,.T.);
#5257=ORIENTED_EDGE('',*,*,#3984,.T.);
#5258=ORIENTED_EDGE('',*,*,#4081,.F.);
#5259=ORIENTED_EDGE('',*,*,#3873,.F.);
#5260=ORIENTED_EDGE('',*,*,#4082,.T.);
#5261=ORIENTED_EDGE('',*,*,#3971,.T.);
#5262=ORIENTED_EDGE('',*,*,#4080,.F.);
#5263=ORIENTED_EDGE('',*,*,#3886,.F.);
#5264=ORIENTED_EDGE('',*,*,#4081,.T.);
#5265=ORIENTED_EDGE('',*,*,#3983,.T.);
#5266=ORIENTED_EDGE('',*,*,#4083,.F.);
#5267=ORIENTED_EDGE('',*,*,#3874,.F.);
#5268=ORIENTED_EDGE('',*,*,#4084,.T.);
#5269=ORIENTED_EDGE('',*,*,#3972,.T.);
#5270=ORIENTED_EDGE('',*,*,#4082,.F.);
#5271=ORIENTED_EDGE('',*,*,#3885,.F.);
#5272=ORIENTED_EDGE('',*,*,#4083,.T.);
#5273=ORIENTED_EDGE('',*,*,#3982,.T.);
#5274=ORIENTED_EDGE('',*,*,#4085,.F.);
#5275=ORIENTED_EDGE('',*,*,#3875,.F.);
#5276=ORIENTED_EDGE('',*,*,#4086,.T.);
#5277=ORIENTED_EDGE('',*,*,#3973,.T.);
#5278=ORIENTED_EDGE('',*,*,#4084,.F.);
#5279=ORIENTED_EDGE('',*,*,#3884,.F.);
#5280=ORIENTED_EDGE('',*,*,#4085,.T.);
#5281=ORIENTED_EDGE('',*,*,#3981,.T.);
#5282=ORIENTED_EDGE('',*,*,#4087,.F.);
#5283=ORIENTED_EDGE('',*,*,#3876,.F.);
#5284=ORIENTED_EDGE('',*,*,#4088,.T.);
#5285=ORIENTED_EDGE('',*,*,#3974,.T.);
#5286=ORIENTED_EDGE('',*,*,#4086,.F.);
#5287=ORIENTED_EDGE('',*,*,#3883,.F.);
#5288=ORIENTED_EDGE('',*,*,#4087,.T.);
#5289=ORIENTED_EDGE('',*,*,#3980,.T.);
#5290=ORIENTED_EDGE('',*,*,#4089,.F.);
#5291=ORIENTED_EDGE('',*,*,#3877,.F.);
#5292=ORIENTED_EDGE('',*,*,#4090,.T.);
#5293=ORIENTED_EDGE('',*,*,#3975,.T.);
#5294=ORIENTED_EDGE('',*,*,#4088,.F.);
#5295=ORIENTED_EDGE('',*,*,#3882,.F.);
#5296=ORIENTED_EDGE('',*,*,#4089,.T.);
#5297=ORIENTED_EDGE('',*,*,#3979,.T.);
#5298=ORIENTED_EDGE('',*,*,#4091,.F.);
#5299=ORIENTED_EDGE('',*,*,#3878,.F.);
#5300=ORIENTED_EDGE('',*,*,#4092,.T.);
#5301=ORIENTED_EDGE('',*,*,#3976,.T.);
#5302=ORIENTED_EDGE('',*,*,#4090,.F.);
#5303=ORIENTED_EDGE('',*,*,#3881,.F.);
#5304=ORIENTED_EDGE('',*,*,#4091,.T.);
#5305=ORIENTED_EDGE('',*,*,#3978,.T.);
#5306=ORIENTED_EDGE('',*,*,#4093,.F.);
#5307=ORIENTED_EDGE('',*,*,#3879,.F.);
#5308=ORIENTED_EDGE('',*,*,#4093,.T.);
#5309=ORIENTED_EDGE('',*,*,#3977,.T.);
#5310=ORIENTED_EDGE('',*,*,#4092,.F.);
#5311=ORIENTED_EDGE('',*,*,#3880,.F.);
#5312=ORIENTED_EDGE('',*,*,#4094,.F.);
#5313=ORIENTED_EDGE('',*,*,#4095,.T.);
#5314=ORIENTED_EDGE('',*,*,#4096,.T.);
#5315=ORIENTED_EDGE('',*,*,#3901,.T.);
#5316=ORIENTED_EDGE('',*,*,#4097,.T.);
#5317=ORIENTED_EDGE('',*,*,#4094,.T.);
#5318=ORIENTED_EDGE('',*,*,#3904,.T.);
#5319=ORIENTED_EDGE('',*,*,#4098,.T.);
#5320=ORIENTED_EDGE('',*,*,#4099,.T.);
#5321=ORIENTED_EDGE('',*,*,#4100,.T.);
#5322=ORIENTED_EDGE('',*,*,#4101,.T.);
#5323=ORIENTED_EDGE('',*,*,#4098,.F.);
#5324=ORIENTED_EDGE('',*,*,#3903,.T.);
#5325=ORIENTED_EDGE('',*,*,#4102,.T.);
#5326=ORIENTED_EDGE('',*,*,#4103,.F.);
#5327=ORIENTED_EDGE('',*,*,#4104,.F.);
#5328=ORIENTED_EDGE('',*,*,#4105,.F.);
#5329=ORIENTED_EDGE('',*,*,#4106,.F.);
#5330=ORIENTED_EDGE('',*,*,#4107,.F.);
#5331=ORIENTED_EDGE('',*,*,#4102,.F.);
#5332=ORIENTED_EDGE('',*,*,#3902,.F.);
#5333=ORIENTED_EDGE('',*,*,#4096,.F.);
#5334=ORIENTED_EDGE('',*,*,#4108,.F.);
#5335=ORIENTED_EDGE('',*,*,#3905,.T.);
#5336=ORIENTED_EDGE('',*,*,#4109,.T.);
#5337=ORIENTED_EDGE('',*,*,#4110,.F.);
#5338=ORIENTED_EDGE('',*,*,#4111,.F.);
#5339=ORIENTED_EDGE('',*,*,#4112,.F.);
#5340=ORIENTED_EDGE('',*,*,#4113,.F.);
#5341=ORIENTED_EDGE('',*,*,#4114,.F.);
#5342=ORIENTED_EDGE('',*,*,#4109,.F.);
#5343=ORIENTED_EDGE('',*,*,#3908,.F.);
#5344=ORIENTED_EDGE('',*,*,#4115,.F.);
#5345=ORIENTED_EDGE('',*,*,#4116,.F.);
#5346=ORIENTED_EDGE('',*,*,#4117,.T.);
#5347=ORIENTED_EDGE('',*,*,#4115,.T.);
#5348=ORIENTED_EDGE('',*,*,#3907,.T.);
#5349=ORIENTED_EDGE('',*,*,#4118,.T.);
#5350=ORIENTED_EDGE('',*,*,#4116,.T.);
#5351=ORIENTED_EDGE('',*,*,#3906,.T.);
#5352=ORIENTED_EDGE('',*,*,#4108,.T.);
#5353=ORIENTED_EDGE('',*,*,#4119,.T.);
#5354=ORIENTED_EDGE('',*,*,#4120,.T.);
#5355=ORIENTED_EDGE('',*,*,#4121,.T.);
#5356=ORIENTED_EDGE('',*,*,#4122,.F.);
#5357=ORIENTED_EDGE('',*,*,#3909,.T.);
#5358=ORIENTED_EDGE('',*,*,#4123,.T.);
#5359=ORIENTED_EDGE('',*,*,#4124,.F.);
#5360=ORIENTED_EDGE('',*,*,#4125,.F.);
#5361=ORIENTED_EDGE('',*,*,#4126,.F.);
#5362=ORIENTED_EDGE('',*,*,#4127,.F.);
#5363=ORIENTED_EDGE('',*,*,#4128,.F.);
#5364=ORIENTED_EDGE('',*,*,#4123,.F.);
#5365=ORIENTED_EDGE('',*,*,#3912,.F.);
#5366=ORIENTED_EDGE('',*,*,#4129,.F.);
#5367=ORIENTED_EDGE('',*,*,#4130,.F.);
#5368=ORIENTED_EDGE('',*,*,#4131,.T.);
#5369=ORIENTED_EDGE('',*,*,#4129,.T.);
#5370=ORIENTED_EDGE('',*,*,#3911,.T.);
#5371=ORIENTED_EDGE('',*,*,#4132,.T.);
#5372=ORIENTED_EDGE('',*,*,#4130,.T.);
#5373=ORIENTED_EDGE('',*,*,#3910,.T.);
#5374=ORIENTED_EDGE('',*,*,#4122,.T.);
#5375=ORIENTED_EDGE('',*,*,#4133,.T.);
#5376=ORIENTED_EDGE('',*,*,#4134,.T.);
#5377=ORIENTED_EDGE('',*,*,#4135,.T.);
#5378=ORIENTED_EDGE('',*,*,#4136,.T.);
#5379=ORIENTED_EDGE('',*,*,#4137,.T.);
#5380=ORIENTED_EDGE('',*,*,#3913,.T.);
#5381=ORIENTED_EDGE('',*,*,#4138,.T.);
#5382=ORIENTED_EDGE('',*,*,#4139,.T.);
#5383=ORIENTED_EDGE('',*,*,#4140,.T.);
#5384=ORIENTED_EDGE('',*,*,#4141,.T.);
#5385=ORIENTED_EDGE('',*,*,#4138,.F.);
#5386=ORIENTED_EDGE('',*,*,#3916,.T.);
#5387=ORIENTED_EDGE('',*,*,#4142,.T.);
#5388=ORIENTED_EDGE('',*,*,#4143,.F.);
#5389=ORIENTED_EDGE('',*,*,#4144,.F.);
#5390=ORIENTED_EDGE('',*,*,#4145,.F.);
#5391=ORIENTED_EDGE('',*,*,#4146,.F.);
#5392=ORIENTED_EDGE('',*,*,#4147,.F.);
#5393=ORIENTED_EDGE('',*,*,#4142,.F.);
#5394=ORIENTED_EDGE('',*,*,#3915,.F.);
#5395=ORIENTED_EDGE('',*,*,#4148,.F.);
#5396=ORIENTED_EDGE('',*,*,#4137,.F.);
#5397=ORIENTED_EDGE('',*,*,#4149,.T.);
#5398=ORIENTED_EDGE('',*,*,#4148,.T.);
#5399=ORIENTED_EDGE('',*,*,#3914,.T.);
#5400=ORIENTED_EDGE('',*,*,#4150,.F.);
#5401=ORIENTED_EDGE('',*,*,#3917,.T.);
#5402=ORIENTED_EDGE('',*,*,#4151,.T.);
#5403=ORIENTED_EDGE('',*,*,#4152,.F.);
#5404=ORIENTED_EDGE('',*,*,#4153,.F.);
#5405=ORIENTED_EDGE('',*,*,#4154,.F.);
#5406=ORIENTED_EDGE('',*,*,#4155,.F.);
#5407=ORIENTED_EDGE('',*,*,#4156,.F.);
#5408=ORIENTED_EDGE('',*,*,#4151,.F.);
#5409=ORIENTED_EDGE('',*,*,#3920,.F.);
#5410=ORIENTED_EDGE('',*,*,#4157,.F.);
#5411=ORIENTED_EDGE('',*,*,#4158,.F.);
#5412=ORIENTED_EDGE('',*,*,#4159,.T.);
#5413=ORIENTED_EDGE('',*,*,#4157,.T.);
#5414=ORIENTED_EDGE('',*,*,#3919,.T.);
#5415=ORIENTED_EDGE('',*,*,#4160,.T.);
#5416=ORIENTED_EDGE('',*,*,#4158,.T.);
#5417=ORIENTED_EDGE('',*,*,#3918,.T.);
#5418=ORIENTED_EDGE('',*,*,#4150,.T.);
#5419=ORIENTED_EDGE('',*,*,#4161,.T.);
#5420=ORIENTED_EDGE('',*,*,#4162,.T.);
#5421=ORIENTED_EDGE('',*,*,#4163,.T.);
#5422=ORIENTED_EDGE('',*,*,#4164,.F.);
#5423=ORIENTED_EDGE('',*,*,#4165,.T.);
#5424=ORIENTED_EDGE('',*,*,#4166,.T.);
#5425=ORIENTED_EDGE('',*,*,#3921,.T.);
#5426=ORIENTED_EDGE('',*,*,#4167,.T.);
#5427=ORIENTED_EDGE('',*,*,#4164,.T.);
#5428=ORIENTED_EDGE('',*,*,#3924,.T.);
#5429=ORIENTED_EDGE('',*,*,#4168,.T.);
#5430=ORIENTED_EDGE('',*,*,#4169,.T.);
#5431=ORIENTED_EDGE('',*,*,#4170,.T.);
#5432=ORIENTED_EDGE('',*,*,#4171,.T.);
#5433=ORIENTED_EDGE('',*,*,#4168,.F.);
#5434=ORIENTED_EDGE('',*,*,#3923,.T.);
#5435=ORIENTED_EDGE('',*,*,#4172,.T.);
#5436=ORIENTED_EDGE('',*,*,#4173,.F.);
#5437=ORIENTED_EDGE('',*,*,#4174,.F.);
#5438=ORIENTED_EDGE('',*,*,#4175,.F.);
#5439=ORIENTED_EDGE('',*,*,#4176,.F.);
#5440=ORIENTED_EDGE('',*,*,#4177,.F.);
#5441=ORIENTED_EDGE('',*,*,#4172,.F.);
#5442=ORIENTED_EDGE('',*,*,#3922,.F.);
#5443=ORIENTED_EDGE('',*,*,#4166,.F.);
#5444=ORIENTED_EDGE('',*,*,#4178,.F.);
#5445=ORIENTED_EDGE('',*,*,#4179,.T.);
#5446=ORIENTED_EDGE('',*,*,#4180,.T.);
#5447=ORIENTED_EDGE('',*,*,#3925,.T.);
#5448=ORIENTED_EDGE('',*,*,#4181,.T.);
#5449=ORIENTED_EDGE('',*,*,#4178,.T.);
#5450=ORIENTED_EDGE('',*,*,#3928,.T.);
#5451=ORIENTED_EDGE('',*,*,#4182,.T.);
#5452=ORIENTED_EDGE('',*,*,#4183,.T.);
#5453=ORIENTED_EDGE('',*,*,#4184,.T.);
#5454=ORIENTED_EDGE('',*,*,#4185,.T.);
#5455=ORIENTED_EDGE('',*,*,#4182,.F.);
#5456=ORIENTED_EDGE('',*,*,#3927,.T.);
#5457=ORIENTED_EDGE('',*,*,#4186,.T.);
#5458=ORIENTED_EDGE('',*,*,#4187,.F.);
#5459=ORIENTED_EDGE('',*,*,#4188,.F.);
#5460=ORIENTED_EDGE('',*,*,#4189,.F.);
#5461=ORIENTED_EDGE('',*,*,#4190,.F.);
#5462=ORIENTED_EDGE('',*,*,#4191,.F.);
#5463=ORIENTED_EDGE('',*,*,#4186,.F.);
#5464=ORIENTED_EDGE('',*,*,#3926,.F.);
#5465=ORIENTED_EDGE('',*,*,#4180,.F.);
#5466=ORIENTED_EDGE('',*,*,#4192,.F.);
#5467=ORIENTED_EDGE('',*,*,#3929,.T.);
#5468=ORIENTED_EDGE('',*,*,#4193,.T.);
#5469=ORIENTED_EDGE('',*,*,#4194,.F.);
#5470=ORIENTED_EDGE('',*,*,#4195,.F.);
#5471=ORIENTED_EDGE('',*,*,#4196,.F.);
#5472=ORIENTED_EDGE('',*,*,#4197,.F.);
#5473=ORIENTED_EDGE('',*,*,#4198,.F.);
#5474=ORIENTED_EDGE('',*,*,#4193,.F.);
#5475=ORIENTED_EDGE('',*,*,#3932,.F.);
#5476=ORIENTED_EDGE('',*,*,#4199,.F.);
#5477=ORIENTED_EDGE('',*,*,#4200,.F.);
#5478=ORIENTED_EDGE('',*,*,#4201,.T.);
#5479=ORIENTED_EDGE('',*,*,#4199,.T.);
#5480=ORIENTED_EDGE('',*,*,#3931,.T.);
#5481=ORIENTED_EDGE('',*,*,#4202,.T.);
#5482=ORIENTED_EDGE('',*,*,#4200,.T.);
#5483=ORIENTED_EDGE('',*,*,#3930,.T.);
#5484=ORIENTED_EDGE('',*,*,#4192,.T.);
#5485=ORIENTED_EDGE('',*,*,#4203,.T.);
#5486=ORIENTED_EDGE('',*,*,#4204,.T.);
#5487=ORIENTED_EDGE('',*,*,#4205,.T.);
#5488=ORIENTED_EDGE('',*,*,#4206,.F.);
#5489=ORIENTED_EDGE('',*,*,#3933,.T.);
#5490=ORIENTED_EDGE('',*,*,#4207,.T.);
#5491=ORIENTED_EDGE('',*,*,#4208,.F.);
#5492=ORIENTED_EDGE('',*,*,#4209,.F.);
#5493=ORIENTED_EDGE('',*,*,#4210,.F.);
#5494=ORIENTED_EDGE('',*,*,#4211,.F.);
#5495=ORIENTED_EDGE('',*,*,#4212,.F.);
#5496=ORIENTED_EDGE('',*,*,#4207,.F.);
#5497=ORIENTED_EDGE('',*,*,#3936,.F.);
#5498=ORIENTED_EDGE('',*,*,#4213,.F.);
#5499=ORIENTED_EDGE('',*,*,#4214,.F.);
#5500=ORIENTED_EDGE('',*,*,#4215,.T.);
#5501=ORIENTED_EDGE('',*,*,#4213,.T.);
#5502=ORIENTED_EDGE('',*,*,#3935,.T.);
#5503=ORIENTED_EDGE('',*,*,#4216,.T.);
#5504=ORIENTED_EDGE('',*,*,#4214,.T.);
#5505=ORIENTED_EDGE('',*,*,#3934,.T.);
#5506=ORIENTED_EDGE('',*,*,#4206,.T.);
#5507=ORIENTED_EDGE('',*,*,#4217,.T.);
#5508=ORIENTED_EDGE('',*,*,#4218,.T.);
#5509=ORIENTED_EDGE('',*,*,#4219,.T.);
#5510=ORIENTED_EDGE('',*,*,#4220,.F.);
#5511=ORIENTED_EDGE('',*,*,#4221,.T.);
#5512=ORIENTED_EDGE('',*,*,#4222,.T.);
#5513=ORIENTED_EDGE('',*,*,#3937,.T.);
#5514=ORIENTED_EDGE('',*,*,#4223,.T.);
#5515=ORIENTED_EDGE('',*,*,#4220,.T.);
#5516=ORIENTED_EDGE('',*,*,#3940,.T.);
#5517=ORIENTED_EDGE('',*,*,#4224,.T.);
#5518=ORIENTED_EDGE('',*,*,#4225,.T.);
#5519=ORIENTED_EDGE('',*,*,#4226,.T.);
#5520=ORIENTED_EDGE('',*,*,#4227,.T.);
#5521=ORIENTED_EDGE('',*,*,#4224,.F.);
#5522=ORIENTED_EDGE('',*,*,#3939,.T.);
#5523=ORIENTED_EDGE('',*,*,#4228,.T.);
#5524=ORIENTED_EDGE('',*,*,#4229,.F.);
#5525=ORIENTED_EDGE('',*,*,#4230,.F.);
#5526=ORIENTED_EDGE('',*,*,#4231,.F.);
#5527=ORIENTED_EDGE('',*,*,#4232,.F.);
#5528=ORIENTED_EDGE('',*,*,#4233,.F.);
#5529=ORIENTED_EDGE('',*,*,#4228,.F.);
#5530=ORIENTED_EDGE('',*,*,#3938,.F.);
#5531=ORIENTED_EDGE('',*,*,#4222,.F.);
#5532=ORIENTED_EDGE('',*,*,#4234,.T.);
#5533=ORIENTED_EDGE('',*,*,#4235,.T.);
#5534=ORIENTED_EDGE('',*,*,#3941,.T.);
#5535=ORIENTED_EDGE('',*,*,#4236,.T.);
#5536=ORIENTED_EDGE('',*,*,#4237,.T.);
#5537=ORIENTED_EDGE('',*,*,#4238,.T.);
#5538=ORIENTED_EDGE('',*,*,#4239,.T.);
#5539=ORIENTED_EDGE('',*,*,#4236,.F.);
#5540=ORIENTED_EDGE('',*,*,#3944,.T.);
#5541=ORIENTED_EDGE('',*,*,#4240,.T.);
#5542=ORIENTED_EDGE('',*,*,#4241,.F.);
#5543=ORIENTED_EDGE('',*,*,#4242,.F.);
#5544=ORIENTED_EDGE('',*,*,#4243,.F.);
#5545=ORIENTED_EDGE('',*,*,#4244,.F.);
#5546=ORIENTED_EDGE('',*,*,#4245,.F.);
#5547=ORIENTED_EDGE('',*,*,#4240,.F.);
#5548=ORIENTED_EDGE('',*,*,#3943,.F.);
#5549=ORIENTED_EDGE('',*,*,#4246,.F.);
#5550=ORIENTED_EDGE('',*,*,#4235,.F.);
#5551=ORIENTED_EDGE('',*,*,#4247,.T.);
#5552=ORIENTED_EDGE('',*,*,#4246,.T.);
#5553=ORIENTED_EDGE('',*,*,#3942,.T.);
#5554=ORIENTED_EDGE('',*,*,#4248,.F.);
#5555=ORIENTED_EDGE('',*,*,#4249,.T.);
#5556=ORIENTED_EDGE('',*,*,#4250,.T.);
#5557=ORIENTED_EDGE('',*,*,#3945,.T.);
#5558=ORIENTED_EDGE('',*,*,#4251,.T.);
#5559=ORIENTED_EDGE('',*,*,#4248,.T.);
#5560=ORIENTED_EDGE('',*,*,#3948,.T.);
#5561=ORIENTED_EDGE('',*,*,#4252,.T.);
#5562=ORIENTED_EDGE('',*,*,#4253,.T.);
#5563=ORIENTED_EDGE('',*,*,#4254,.T.);
#5564=ORIENTED_EDGE('',*,*,#4255,.T.);
#5565=ORIENTED_EDGE('',*,*,#4252,.F.);
#5566=ORIENTED_EDGE('',*,*,#3947,.T.);
#5567=ORIENTED_EDGE('',*,*,#4256,.T.);
#5568=ORIENTED_EDGE('',*,*,#4257,.F.);
#5569=ORIENTED_EDGE('',*,*,#4258,.F.);
#5570=ORIENTED_EDGE('',*,*,#4259,.F.);
#5571=ORIENTED_EDGE('',*,*,#4260,.F.);
#5572=ORIENTED_EDGE('',*,*,#4261,.F.);
#5573=ORIENTED_EDGE('',*,*,#4256,.F.);
#5574=ORIENTED_EDGE('',*,*,#3946,.F.);
#5575=ORIENTED_EDGE('',*,*,#4250,.F.);
#5576=ORIENTED_EDGE('',*,*,#4262,.T.);
#5577=ORIENTED_EDGE('',*,*,#4263,.T.);
#5578=ORIENTED_EDGE('',*,*,#3949,.T.);
#5579=ORIENTED_EDGE('',*,*,#4264,.T.);
#5580=ORIENTED_EDGE('',*,*,#4265,.T.);
#5581=ORIENTED_EDGE('',*,*,#4266,.T.);
#5582=ORIENTED_EDGE('',*,*,#4267,.T.);
#5583=ORIENTED_EDGE('',*,*,#4264,.F.);
#5584=ORIENTED_EDGE('',*,*,#3952,.T.);
#5585=ORIENTED_EDGE('',*,*,#4268,.T.);
#5586=ORIENTED_EDGE('',*,*,#4269,.F.);
#5587=ORIENTED_EDGE('',*,*,#4270,.F.);
#5588=ORIENTED_EDGE('',*,*,#4271,.F.);
#5589=ORIENTED_EDGE('',*,*,#4272,.F.);
#5590=ORIENTED_EDGE('',*,*,#4273,.F.);
#5591=ORIENTED_EDGE('',*,*,#4268,.F.);
#5592=ORIENTED_EDGE('',*,*,#3951,.F.);
#5593=ORIENTED_EDGE('',*,*,#4274,.F.);
#5594=ORIENTED_EDGE('',*,*,#4263,.F.);
#5595=ORIENTED_EDGE('',*,*,#4275,.T.);
#5596=ORIENTED_EDGE('',*,*,#4274,.T.);
#5597=ORIENTED_EDGE('',*,*,#3950,.T.);
#5598=ORIENTED_EDGE('',*,*,#4276,.T.);
#5599=ORIENTED_EDGE('',*,*,#4277,.T.);
#5600=ORIENTED_EDGE('',*,*,#3953,.T.);
#5601=ORIENTED_EDGE('',*,*,#4278,.T.);
#5602=ORIENTED_EDGE('',*,*,#4279,.T.);
#5603=ORIENTED_EDGE('',*,*,#4280,.T.);
#5604=ORIENTED_EDGE('',*,*,#4281,.T.);
#5605=ORIENTED_EDGE('',*,*,#4278,.F.);
#5606=ORIENTED_EDGE('',*,*,#3956,.T.);
#5607=ORIENTED_EDGE('',*,*,#4282,.T.);
#5608=ORIENTED_EDGE('',*,*,#4283,.F.);
#5609=ORIENTED_EDGE('',*,*,#4284,.F.);
#5610=ORIENTED_EDGE('',*,*,#4285,.F.);
#5611=ORIENTED_EDGE('',*,*,#4286,.F.);
#5612=ORIENTED_EDGE('',*,*,#4287,.F.);
#5613=ORIENTED_EDGE('',*,*,#4282,.F.);
#5614=ORIENTED_EDGE('',*,*,#3955,.F.);
#5615=ORIENTED_EDGE('',*,*,#4288,.F.);
#5616=ORIENTED_EDGE('',*,*,#4277,.F.);
#5617=ORIENTED_EDGE('',*,*,#4289,.T.);
#5618=ORIENTED_EDGE('',*,*,#4288,.T.);
#5619=ORIENTED_EDGE('',*,*,#3954,.T.);
#5620=ORIENTED_EDGE('',*,*,#4290,.F.);
#5621=ORIENTED_EDGE('',*,*,#3998,.F.);
#5622=ORIENTED_EDGE('',*,*,#4291,.T.);
#5623=ORIENTED_EDGE('',*,*,#4292,.F.);
#5624=ORIENTED_EDGE('',*,*,#3999,.F.);
#5625=ORIENTED_EDGE('',*,*,#4290,.T.);
#5626=ORIENTED_EDGE('',*,*,#4293,.T.);
#5627=ORIENTED_EDGE('',*,*,#4294,.T.);
#5628=ORIENTED_EDGE('',*,*,#4294,.F.);
#5629=ORIENTED_EDGE('',*,*,#4295,.T.);
#5630=ORIENTED_EDGE('',*,*,#4296,.T.);
#5631=ORIENTED_EDGE('',*,*,#4000,.F.);
#5632=ORIENTED_EDGE('',*,*,#4001,.T.);
#5633=ORIENTED_EDGE('',*,*,#4296,.F.);
#5634=ORIENTED_EDGE('',*,*,#4297,.F.);
#5635=ORIENTED_EDGE('',*,*,#4291,.F.);
#5636=ORIENTED_EDGE('',*,*,#4298,.F.);
#5637=ORIENTED_EDGE('',*,*,#4299,.T.);
#5638=ORIENTED_EDGE('',*,*,#4300,.T.);
#5639=ORIENTED_EDGE('',*,*,#4002,.F.);
#5640=ORIENTED_EDGE('',*,*,#4003,.T.);
#5641=ORIENTED_EDGE('',*,*,#4300,.F.);
#5642=ORIENTED_EDGE('',*,*,#4301,.F.);
#5643=ORIENTED_EDGE('',*,*,#4302,.F.);
#5644=ORIENTED_EDGE('',*,*,#4303,.F.);
#5645=ORIENTED_EDGE('',*,*,#4004,.F.);
#5646=ORIENTED_EDGE('',*,*,#4302,.T.);
#5647=ORIENTED_EDGE('',*,*,#4304,.F.);
#5648=ORIENTED_EDGE('',*,*,#4005,.F.);
#5649=ORIENTED_EDGE('',*,*,#4303,.T.);
#5650=ORIENTED_EDGE('',*,*,#4305,.T.);
#5651=ORIENTED_EDGE('',*,*,#4298,.T.);
#5652=ORIENTED_EDGE('',*,*,#4306,.F.);
#5653=ORIENTED_EDGE('',*,*,#4307,.T.);
#5654=ORIENTED_EDGE('',*,*,#4308,.T.);
#5655=ORIENTED_EDGE('',*,*,#4006,.F.);
#5656=ORIENTED_EDGE('',*,*,#4007,.T.);
#5657=ORIENTED_EDGE('',*,*,#4308,.F.);
#5658=ORIENTED_EDGE('',*,*,#4309,.F.);
#5659=ORIENTED_EDGE('',*,*,#4310,.F.);
#5660=ORIENTED_EDGE('',*,*,#4311,.F.);
#5661=ORIENTED_EDGE('',*,*,#4008,.F.);
#5662=ORIENTED_EDGE('',*,*,#4310,.T.);
#5663=ORIENTED_EDGE('',*,*,#4312,.F.);
#5664=ORIENTED_EDGE('',*,*,#4009,.F.);
#5665=ORIENTED_EDGE('',*,*,#4311,.T.);
#5666=ORIENTED_EDGE('',*,*,#4313,.T.);
#5667=ORIENTED_EDGE('',*,*,#4306,.T.);
#5668=ORIENTED_EDGE('',*,*,#4010,.F.);
#5669=ORIENTED_EDGE('',*,*,#4314,.T.);
#5670=ORIENTED_EDGE('',*,*,#4315,.T.);
#5671=ORIENTED_EDGE('',*,*,#4316,.T.);
#5672=ORIENTED_EDGE('',*,*,#4316,.F.);
#5673=ORIENTED_EDGE('',*,*,#4317,.T.);
#5674=ORIENTED_EDGE('',*,*,#4318,.T.);
#5675=ORIENTED_EDGE('',*,*,#4011,.F.);
#5676=ORIENTED_EDGE('',*,*,#4012,.T.);
#5677=ORIENTED_EDGE('',*,*,#4318,.F.);
#5678=ORIENTED_EDGE('',*,*,#4319,.F.);
#5679=ORIENTED_EDGE('',*,*,#4320,.F.);
#5680=ORIENTED_EDGE('',*,*,#4314,.F.);
#5681=ORIENTED_EDGE('',*,*,#4013,.F.);
#5682=ORIENTED_EDGE('',*,*,#4320,.T.);
#5683=ORIENTED_EDGE('',*,*,#4321,.F.);
#5684=ORIENTED_EDGE('',*,*,#4322,.F.);
#5685=ORIENTED_EDGE('',*,*,#4323,.T.);
#5686=ORIENTED_EDGE('',*,*,#4324,.T.);
#5687=ORIENTED_EDGE('',*,*,#4014,.F.);
#5688=ORIENTED_EDGE('',*,*,#4015,.T.);
#5689=ORIENTED_EDGE('',*,*,#4324,.F.);
#5690=ORIENTED_EDGE('',*,*,#4325,.F.);
#5691=ORIENTED_EDGE('',*,*,#4326,.F.);
#5692=ORIENTED_EDGE('',*,*,#4327,.F.);
#5693=ORIENTED_EDGE('',*,*,#4016,.F.);
#5694=ORIENTED_EDGE('',*,*,#4326,.T.);
#5695=ORIENTED_EDGE('',*,*,#4328,.F.);
#5696=ORIENTED_EDGE('',*,*,#4017,.F.);
#5697=ORIENTED_EDGE('',*,*,#4327,.T.);
#5698=ORIENTED_EDGE('',*,*,#4329,.T.);
#5699=ORIENTED_EDGE('',*,*,#4322,.T.);
#5700=ORIENTED_EDGE('',*,*,#4330,.F.);
#5701=ORIENTED_EDGE('',*,*,#4018,.F.);
#5702=ORIENTED_EDGE('',*,*,#4331,.T.);
#5703=ORIENTED_EDGE('',*,*,#4332,.F.);
#5704=ORIENTED_EDGE('',*,*,#4019,.F.);
#5705=ORIENTED_EDGE('',*,*,#4330,.T.);
#5706=ORIENTED_EDGE('',*,*,#4333,.T.);
#5707=ORIENTED_EDGE('',*,*,#4334,.T.);
#5708=ORIENTED_EDGE('',*,*,#4334,.F.);
#5709=ORIENTED_EDGE('',*,*,#4335,.T.);
#5710=ORIENTED_EDGE('',*,*,#4336,.T.);
#5711=ORIENTED_EDGE('',*,*,#4020,.F.);
#5712=ORIENTED_EDGE('',*,*,#4021,.T.);
#5713=ORIENTED_EDGE('',*,*,#4336,.F.);
#5714=ORIENTED_EDGE('',*,*,#4337,.F.);
#5715=ORIENTED_EDGE('',*,*,#4331,.F.);
#5716=ORIENTED_EDGE('',*,*,#4338,.F.);
#5717=ORIENTED_EDGE('',*,*,#4022,.F.);
#5718=ORIENTED_EDGE('',*,*,#4339,.T.);
#5719=ORIENTED_EDGE('',*,*,#4340,.F.);
#5720=ORIENTED_EDGE('',*,*,#4023,.F.);
#5721=ORIENTED_EDGE('',*,*,#4338,.T.);
#5722=ORIENTED_EDGE('',*,*,#4341,.T.);
#5723=ORIENTED_EDGE('',*,*,#4342,.T.);
#5724=ORIENTED_EDGE('',*,*,#4342,.F.);
#5725=ORIENTED_EDGE('',*,*,#4343,.T.);
#5726=ORIENTED_EDGE('',*,*,#4344,.T.);
#5727=ORIENTED_EDGE('',*,*,#4024,.F.);
#5728=ORIENTED_EDGE('',*,*,#4025,.T.);
#5729=ORIENTED_EDGE('',*,*,#4344,.F.);
#5730=ORIENTED_EDGE('',*,*,#4345,.F.);
#5731=ORIENTED_EDGE('',*,*,#4339,.F.);
#5732=ORIENTED_EDGE('',*,*,#4346,.F.);
#5733=ORIENTED_EDGE('',*,*,#4347,.T.);
#5734=ORIENTED_EDGE('',*,*,#4348,.T.);
#5735=ORIENTED_EDGE('',*,*,#4026,.F.);
#5736=ORIENTED_EDGE('',*,*,#4027,.T.);
#5737=ORIENTED_EDGE('',*,*,#4348,.F.);
#5738=ORIENTED_EDGE('',*,*,#4349,.F.);
#5739=ORIENTED_EDGE('',*,*,#4350,.F.);
#5740=ORIENTED_EDGE('',*,*,#4351,.F.);
#5741=ORIENTED_EDGE('',*,*,#4028,.F.);
#5742=ORIENTED_EDGE('',*,*,#4350,.T.);
#5743=ORIENTED_EDGE('',*,*,#4352,.F.);
#5744=ORIENTED_EDGE('',*,*,#4029,.F.);
#5745=ORIENTED_EDGE('',*,*,#4351,.T.);
#5746=ORIENTED_EDGE('',*,*,#4353,.T.);
#5747=ORIENTED_EDGE('',*,*,#4346,.T.);
#5748=ORIENTED_EDGE('',*,*,#4354,.F.);
#5749=ORIENTED_EDGE('',*,*,#4355,.T.);
#5750=ORIENTED_EDGE('',*,*,#4356,.T.);
#5751=ORIENTED_EDGE('',*,*,#4030,.F.);
#5752=ORIENTED_EDGE('',*,*,#4031,.T.);
#5753=ORIENTED_EDGE('',*,*,#4356,.F.);
#5754=ORIENTED_EDGE('',*,*,#4357,.F.);
#5755=ORIENTED_EDGE('',*,*,#4358,.F.);
#5756=ORIENTED_EDGE('',*,*,#4359,.F.);
#5757=ORIENTED_EDGE('',*,*,#4032,.F.);
#5758=ORIENTED_EDGE('',*,*,#4358,.T.);
#5759=ORIENTED_EDGE('',*,*,#4360,.F.);
#5760=ORIENTED_EDGE('',*,*,#4033,.F.);
#5761=ORIENTED_EDGE('',*,*,#4359,.T.);
#5762=ORIENTED_EDGE('',*,*,#4361,.T.);
#5763=ORIENTED_EDGE('',*,*,#4354,.T.);
#5764=ORIENTED_EDGE('',*,*,#4362,.F.);
#5765=ORIENTED_EDGE('',*,*,#4034,.F.);
#5766=ORIENTED_EDGE('',*,*,#4363,.T.);
#5767=ORIENTED_EDGE('',*,*,#4364,.F.);
#5768=ORIENTED_EDGE('',*,*,#4035,.F.);
#5769=ORIENTED_EDGE('',*,*,#4362,.T.);
#5770=ORIENTED_EDGE('',*,*,#4365,.T.);
#5771=ORIENTED_EDGE('',*,*,#4366,.T.);
#5772=ORIENTED_EDGE('',*,*,#4366,.F.);
#5773=ORIENTED_EDGE('',*,*,#4367,.T.);
#5774=ORIENTED_EDGE('',*,*,#4368,.T.);
#5775=ORIENTED_EDGE('',*,*,#4036,.F.);
#5776=ORIENTED_EDGE('',*,*,#4037,.T.);
#5777=ORIENTED_EDGE('',*,*,#4368,.F.);
#5778=ORIENTED_EDGE('',*,*,#4369,.F.);
#5779=ORIENTED_EDGE('',*,*,#4363,.F.);
#5780=ORIENTED_EDGE('',*,*,#4038,.F.);
#5781=ORIENTED_EDGE('',*,*,#4370,.T.);
#5782=ORIENTED_EDGE('',*,*,#4371,.T.);
#5783=ORIENTED_EDGE('',*,*,#4372,.T.);
#5784=ORIENTED_EDGE('',*,*,#4372,.F.);
#5785=ORIENTED_EDGE('',*,*,#4373,.T.);
#5786=ORIENTED_EDGE('',*,*,#4374,.T.);
#5787=ORIENTED_EDGE('',*,*,#4039,.F.);
#5788=ORIENTED_EDGE('',*,*,#4040,.T.);
#5789=ORIENTED_EDGE('',*,*,#4374,.F.);
#5790=ORIENTED_EDGE('',*,*,#4375,.F.);
#5791=ORIENTED_EDGE('',*,*,#4376,.F.);
#5792=ORIENTED_EDGE('',*,*,#4370,.F.);
#5793=ORIENTED_EDGE('',*,*,#4041,.F.);
#5794=ORIENTED_EDGE('',*,*,#4376,.T.);
#5795=ORIENTED_EDGE('',*,*,#4377,.F.);
#5796=ORIENTED_EDGE('',*,*,#4378,.F.);
#5797=ORIENTED_EDGE('',*,*,#4042,.F.);
#5798=ORIENTED_EDGE('',*,*,#4379,.T.);
#5799=ORIENTED_EDGE('',*,*,#4380,.F.);
#5800=ORIENTED_EDGE('',*,*,#4043,.F.);
#5801=ORIENTED_EDGE('',*,*,#4378,.T.);
#5802=ORIENTED_EDGE('',*,*,#4381,.T.);
#5803=ORIENTED_EDGE('',*,*,#4382,.T.);
#5804=ORIENTED_EDGE('',*,*,#4382,.F.);
#5805=ORIENTED_EDGE('',*,*,#4383,.T.);
#5806=ORIENTED_EDGE('',*,*,#4384,.T.);
#5807=ORIENTED_EDGE('',*,*,#4044,.F.);
#5808=ORIENTED_EDGE('',*,*,#4045,.T.);
#5809=ORIENTED_EDGE('',*,*,#4384,.F.);
#5810=ORIENTED_EDGE('',*,*,#4385,.F.);
#5811=ORIENTED_EDGE('',*,*,#4379,.F.);
#5812=ORIENTED_EDGE('',*,*,#4046,.F.);
#5813=ORIENTED_EDGE('',*,*,#4386,.T.);
#5814=ORIENTED_EDGE('',*,*,#4387,.T.);
#5815=ORIENTED_EDGE('',*,*,#4388,.T.);
#5816=ORIENTED_EDGE('',*,*,#4388,.F.);
#5817=ORIENTED_EDGE('',*,*,#4389,.T.);
#5818=ORIENTED_EDGE('',*,*,#4390,.T.);
#5819=ORIENTED_EDGE('',*,*,#4047,.F.);
#5820=ORIENTED_EDGE('',*,*,#4048,.T.);
#5821=ORIENTED_EDGE('',*,*,#4390,.F.);
#5822=ORIENTED_EDGE('',*,*,#4391,.F.);
#5823=ORIENTED_EDGE('',*,*,#4392,.F.);
#5824=ORIENTED_EDGE('',*,*,#4386,.F.);
#5825=ORIENTED_EDGE('',*,*,#4049,.F.);
#5826=ORIENTED_EDGE('',*,*,#4392,.T.);
#5827=ORIENTED_EDGE('',*,*,#4393,.F.);
#5828=ORIENTED_EDGE('',*,*,#4050,.F.);
#5829=ORIENTED_EDGE('',*,*,#4394,.T.);
#5830=ORIENTED_EDGE('',*,*,#4395,.T.);
#5831=ORIENTED_EDGE('',*,*,#4396,.T.);
#5832=ORIENTED_EDGE('',*,*,#4396,.F.);
#5833=ORIENTED_EDGE('',*,*,#4397,.T.);
#5834=ORIENTED_EDGE('',*,*,#4398,.T.);
#5835=ORIENTED_EDGE('',*,*,#4051,.F.);
#5836=ORIENTED_EDGE('',*,*,#4052,.T.);
#5837=ORIENTED_EDGE('',*,*,#4398,.F.);
#5838=ORIENTED_EDGE('',*,*,#4399,.F.);
#5839=ORIENTED_EDGE('',*,*,#4400,.F.);
#5840=ORIENTED_EDGE('',*,*,#4394,.F.);
#5841=ORIENTED_EDGE('',*,*,#4053,.F.);
#5842=ORIENTED_EDGE('',*,*,#4400,.T.);
#5843=ORIENTED_EDGE('',*,*,#4401,.F.);
#5844=ORIENTED_EDGE('',*,*,#4402,.T.);
#5845=ORIENTED_EDGE('',*,*,#4104,.T.);
#5846=ORIENTED_EDGE('',*,*,#4095,.F.);
#5847=ORIENTED_EDGE('',*,*,#4097,.F.);
#5848=ORIENTED_EDGE('',*,*,#4101,.F.);
#5849=ORIENTED_EDGE('',*,*,#4403,.T.);
#5850=ORIENTED_EDGE('',*,*,#4105,.T.);
#5851=ORIENTED_EDGE('',*,*,#4402,.F.);
#5852=ORIENTED_EDGE('',*,*,#4404,.T.);
#5853=ORIENTED_EDGE('',*,*,#4405,.T.);
#5854=ORIENTED_EDGE('',*,*,#4406,.F.);
#5855=ORIENTED_EDGE('',*,*,#4100,.F.);
#5856=ORIENTED_EDGE('',*,*,#4099,.F.);
#5857=ORIENTED_EDGE('',*,*,#4103,.T.);
#5858=ORIENTED_EDGE('',*,*,#4107,.T.);
#5859=ORIENTED_EDGE('',*,*,#4407,.F.);
#5860=ORIENTED_EDGE('',*,*,#4408,.T.);
#5861=ORIENTED_EDGE('',*,*,#4106,.T.);
#5862=ORIENTED_EDGE('',*,*,#4409,.F.);
#5863=ORIENTED_EDGE('',*,*,#4410,.F.);
#5864=ORIENTED_EDGE('',*,*,#4119,.F.);
#5865=ORIENTED_EDGE('',*,*,#4110,.T.);
#5866=ORIENTED_EDGE('',*,*,#4114,.T.);
#5867=ORIENTED_EDGE('',*,*,#4411,.F.);
#5868=ORIENTED_EDGE('',*,*,#4412,.T.);
#5869=ORIENTED_EDGE('',*,*,#4111,.T.);
#5870=ORIENTED_EDGE('',*,*,#4117,.F.);
#5871=ORIENTED_EDGE('',*,*,#4118,.F.);
#5872=ORIENTED_EDGE('',*,*,#4121,.F.);
#5873=ORIENTED_EDGE('',*,*,#4413,.T.);
#5874=ORIENTED_EDGE('',*,*,#4112,.T.);
#5875=ORIENTED_EDGE('',*,*,#4412,.F.);
#5876=ORIENTED_EDGE('',*,*,#4414,.T.);
#5877=ORIENTED_EDGE('',*,*,#4113,.T.);
#5878=ORIENTED_EDGE('',*,*,#4415,.F.);
#5879=ORIENTED_EDGE('',*,*,#4416,.F.);
#5880=ORIENTED_EDGE('',*,*,#4417,.T.);
#5881=ORIENTED_EDGE('',*,*,#4418,.T.);
#5882=ORIENTED_EDGE('',*,*,#4419,.F.);
#5883=ORIENTED_EDGE('',*,*,#4120,.F.);
#5884=ORIENTED_EDGE('',*,*,#4133,.F.);
#5885=ORIENTED_EDGE('',*,*,#4124,.T.);
#5886=ORIENTED_EDGE('',*,*,#4128,.T.);
#5887=ORIENTED_EDGE('',*,*,#4420,.F.);
#5888=ORIENTED_EDGE('',*,*,#4421,.T.);
#5889=ORIENTED_EDGE('',*,*,#4125,.T.);
#5890=ORIENTED_EDGE('',*,*,#4131,.F.);
#5891=ORIENTED_EDGE('',*,*,#4132,.F.);
#5892=ORIENTED_EDGE('',*,*,#4135,.F.);
#5893=ORIENTED_EDGE('',*,*,#4422,.T.);
#5894=ORIENTED_EDGE('',*,*,#4126,.T.);
#5895=ORIENTED_EDGE('',*,*,#4421,.F.);
#5896=ORIENTED_EDGE('',*,*,#4423,.T.);
#5897=ORIENTED_EDGE('',*,*,#4127,.T.);
#5898=ORIENTED_EDGE('',*,*,#4424,.F.);
#5899=ORIENTED_EDGE('',*,*,#4425,.F.);
#5900=ORIENTED_EDGE('',*,*,#4426,.T.);
#5901=ORIENTED_EDGE('',*,*,#4427,.T.);
#5902=ORIENTED_EDGE('',*,*,#4428,.F.);
#5903=ORIENTED_EDGE('',*,*,#4134,.F.);
#5904=ORIENTED_EDGE('',*,*,#4429,.T.);
#5905=ORIENTED_EDGE('',*,*,#4144,.T.);
#5906=ORIENTED_EDGE('',*,*,#4149,.F.);
#5907=ORIENTED_EDGE('',*,*,#4136,.F.);
#5908=ORIENTED_EDGE('',*,*,#4141,.F.);
#5909=ORIENTED_EDGE('',*,*,#4430,.T.);
#5910=ORIENTED_EDGE('',*,*,#4145,.T.);
#5911=ORIENTED_EDGE('',*,*,#4429,.F.);
#5912=ORIENTED_EDGE('',*,*,#4431,.T.);
#5913=ORIENTED_EDGE('',*,*,#4432,.T.);
#5914=ORIENTED_EDGE('',*,*,#4433,.F.);
#5915=ORIENTED_EDGE('',*,*,#4140,.F.);
#5916=ORIENTED_EDGE('',*,*,#4139,.F.);
#5917=ORIENTED_EDGE('',*,*,#4143,.T.);
#5918=ORIENTED_EDGE('',*,*,#4147,.T.);
#5919=ORIENTED_EDGE('',*,*,#4434,.F.);
#5920=ORIENTED_EDGE('',*,*,#4435,.T.);
#5921=ORIENTED_EDGE('',*,*,#4146,.T.);
#5922=ORIENTED_EDGE('',*,*,#4436,.F.);
#5923=ORIENTED_EDGE('',*,*,#4437,.F.);
#5924=ORIENTED_EDGE('',*,*,#4161,.F.);
#5925=ORIENTED_EDGE('',*,*,#4152,.T.);
#5926=ORIENTED_EDGE('',*,*,#4156,.T.);
#5927=ORIENTED_EDGE('',*,*,#4438,.F.);
#5928=ORIENTED_EDGE('',*,*,#4439,.T.);
#5929=ORIENTED_EDGE('',*,*,#4153,.T.);
#5930=ORIENTED_EDGE('',*,*,#4159,.F.);
#5931=ORIENTED_EDGE('',*,*,#4160,.F.);
#5932=ORIENTED_EDGE('',*,*,#4163,.F.);
#5933=ORIENTED_EDGE('',*,*,#4440,.T.);
#5934=ORIENTED_EDGE('',*,*,#4154,.T.);
#5935=ORIENTED_EDGE('',*,*,#4439,.F.);
#5936=ORIENTED_EDGE('',*,*,#4441,.T.);
#5937=ORIENTED_EDGE('',*,*,#4155,.T.);
#5938=ORIENTED_EDGE('',*,*,#4442,.F.);
#5939=ORIENTED_EDGE('',*,*,#4443,.F.);
#5940=ORIENTED_EDGE('',*,*,#4444,.F.);
#5941=ORIENTED_EDGE('',*,*,#4445,.T.);
#5942=ORIENTED_EDGE('',*,*,#4446,.F.);
#5943=ORIENTED_EDGE('',*,*,#4162,.F.);
#5944=ORIENTED_EDGE('',*,*,#4447,.T.);
#5945=ORIENTED_EDGE('',*,*,#4174,.T.);
#5946=ORIENTED_EDGE('',*,*,#4165,.F.);
#5947=ORIENTED_EDGE('',*,*,#4167,.F.);
#5948=ORIENTED_EDGE('',*,*,#4171,.F.);
#5949=ORIENTED_EDGE('',*,*,#4448,.T.);
#5950=ORIENTED_EDGE('',*,*,#4175,.T.);
#5951=ORIENTED_EDGE('',*,*,#4447,.F.);
#5952=ORIENTED_EDGE('',*,*,#4449,.F.);
#5953=ORIENTED_EDGE('',*,*,#4450,.T.);
#5954=ORIENTED_EDGE('',*,*,#4451,.F.);
#5955=ORIENTED_EDGE('',*,*,#4170,.F.);
#5956=ORIENTED_EDGE('',*,*,#4169,.F.);
#5957=ORIENTED_EDGE('',*,*,#4173,.T.);
#5958=ORIENTED_EDGE('',*,*,#4177,.T.);
#5959=ORIENTED_EDGE('',*,*,#4452,.F.);
#5960=ORIENTED_EDGE('',*,*,#4453,.T.);
#5961=ORIENTED_EDGE('',*,*,#4176,.T.);
#5962=ORIENTED_EDGE('',*,*,#4454,.F.);
#5963=ORIENTED_EDGE('',*,*,#4455,.F.);
#5964=ORIENTED_EDGE('',*,*,#4456,.T.);
#5965=ORIENTED_EDGE('',*,*,#4188,.T.);
#5966=ORIENTED_EDGE('',*,*,#4179,.F.);
#5967=ORIENTED_EDGE('',*,*,#4181,.F.);
#5968=ORIENTED_EDGE('',*,*,#4185,.F.);
#5969=ORIENTED_EDGE('',*,*,#4457,.T.);
#5970=ORIENTED_EDGE('',*,*,#4189,.T.);
#5971=ORIENTED_EDGE('',*,*,#4456,.F.);
#5972=ORIENTED_EDGE('',*,*,#4458,.F.);
#5973=ORIENTED_EDGE('',*,*,#4459,.T.);
#5974=ORIENTED_EDGE('',*,*,#4460,.F.);
#5975=ORIENTED_EDGE('',*,*,#4184,.F.);
#5976=ORIENTED_EDGE('',*,*,#4183,.F.);
#5977=ORIENTED_EDGE('',*,*,#4187,.T.);
#5978=ORIENTED_EDGE('',*,*,#4191,.T.);
#5979=ORIENTED_EDGE('',*,*,#4461,.F.);
#5980=ORIENTED_EDGE('',*,*,#4462,.T.);
#5981=ORIENTED_EDGE('',*,*,#4190,.T.);
#5982=ORIENTED_EDGE('',*,*,#4463,.F.);
#5983=ORIENTED_EDGE('',*,*,#4464,.F.);
#5984=ORIENTED_EDGE('',*,*,#4203,.F.);
#5985=ORIENTED_EDGE('',*,*,#4194,.T.);
#5986=ORIENTED_EDGE('',*,*,#4198,.T.);
#5987=ORIENTED_EDGE('',*,*,#4465,.F.);
#5988=ORIENTED_EDGE('',*,*,#4466,.T.);
#5989=ORIENTED_EDGE('',*,*,#4195,.T.);
#5990=ORIENTED_EDGE('',*,*,#4201,.F.);
#5991=ORIENTED_EDGE('',*,*,#4202,.F.);
#5992=ORIENTED_EDGE('',*,*,#4205,.F.);
#5993=ORIENTED_EDGE('',*,*,#4467,.T.);
#5994=ORIENTED_EDGE('',*,*,#4196,.T.);
#5995=ORIENTED_EDGE('',*,*,#4466,.F.);
#5996=ORIENTED_EDGE('',*,*,#4468,.T.);
#5997=ORIENTED_EDGE('',*,*,#4197,.T.);
#5998=ORIENTED_EDGE('',*,*,#4469,.F.);
#5999=ORIENTED_EDGE('',*,*,#4470,.F.);
#6000=ORIENTED_EDGE('',*,*,#4471,.F.);
#6001=ORIENTED_EDGE('',*,*,#4472,.T.);
#6002=ORIENTED_EDGE('',*,*,#4473,.F.);
#6003=ORIENTED_EDGE('',*,*,#4204,.F.);
#6004=ORIENTED_EDGE('',*,*,#4217,.F.);
#6005=ORIENTED_EDGE('',*,*,#4208,.T.);
#6006=ORIENTED_EDGE('',*,*,#4212,.T.);
#6007=ORIENTED_EDGE('',*,*,#4474,.F.);
#6008=ORIENTED_EDGE('',*,*,#4475,.T.);
#6009=ORIENTED_EDGE('',*,*,#4209,.T.);
#6010=ORIENTED_EDGE('',*,*,#4215,.F.);
#6011=ORIENTED_EDGE('',*,*,#4216,.F.);
#6012=ORIENTED_EDGE('',*,*,#4219,.F.);
#6013=ORIENTED_EDGE('',*,*,#4476,.T.);
#6014=ORIENTED_EDGE('',*,*,#4210,.T.);
#6015=ORIENTED_EDGE('',*,*,#4475,.F.);
#6016=ORIENTED_EDGE('',*,*,#4477,.T.);
#6017=ORIENTED_EDGE('',*,*,#4211,.T.);
#6018=ORIENTED_EDGE('',*,*,#4478,.F.);
#6019=ORIENTED_EDGE('',*,*,#4479,.F.);
#6020=ORIENTED_EDGE('',*,*,#4480,.F.);
#6021=ORIENTED_EDGE('',*,*,#4481,.T.);
#6022=ORIENTED_EDGE('',*,*,#4482,.F.);
#6023=ORIENTED_EDGE('',*,*,#4218,.F.);
#6024=ORIENTED_EDGE('',*,*,#4483,.T.);
#6025=ORIENTED_EDGE('',*,*,#4230,.T.);
#6026=ORIENTED_EDGE('',*,*,#4221,.F.);
#6027=ORIENTED_EDGE('',*,*,#4223,.F.);
#6028=ORIENTED_EDGE('',*,*,#4227,.F.);
#6029=ORIENTED_EDGE('',*,*,#4484,.T.);
#6030=ORIENTED_EDGE('',*,*,#4231,.T.);
#6031=ORIENTED_EDGE('',*,*,#4483,.F.);
#6032=ORIENTED_EDGE('',*,*,#4485,.T.);
#6033=ORIENTED_EDGE('',*,*,#4486,.T.);
#6034=ORIENTED_EDGE('',*,*,#4487,.F.);
#6035=ORIENTED_EDGE('',*,*,#4226,.F.);
#6036=ORIENTED_EDGE('',*,*,#4225,.F.);
#6037=ORIENTED_EDGE('',*,*,#4229,.T.);
#6038=ORIENTED_EDGE('',*,*,#4233,.T.);
#6039=ORIENTED_EDGE('',*,*,#4488,.F.);
#6040=ORIENTED_EDGE('',*,*,#4489,.T.);
#6041=ORIENTED_EDGE('',*,*,#4232,.T.);
#6042=ORIENTED_EDGE('',*,*,#4490,.F.);
#6043=ORIENTED_EDGE('',*,*,#4491,.F.);
#6044=ORIENTED_EDGE('',*,*,#4492,.T.);
#6045=ORIENTED_EDGE('',*,*,#4242,.T.);
#6046=ORIENTED_EDGE('',*,*,#4247,.F.);
#6047=ORIENTED_EDGE('',*,*,#4234,.F.);
#6048=ORIENTED_EDGE('',*,*,#4239,.F.);
#6049=ORIENTED_EDGE('',*,*,#4493,.T.);
#6050=ORIENTED_EDGE('',*,*,#4243,.T.);
#6051=ORIENTED_EDGE('',*,*,#4492,.F.);
#6052=ORIENTED_EDGE('',*,*,#4494,.T.);
#6053=ORIENTED_EDGE('',*,*,#4495,.T.);
#6054=ORIENTED_EDGE('',*,*,#4496,.F.);
#6055=ORIENTED_EDGE('',*,*,#4238,.F.);
#6056=ORIENTED_EDGE('',*,*,#4237,.F.);
#6057=ORIENTED_EDGE('',*,*,#4241,.T.);
#6058=ORIENTED_EDGE('',*,*,#4245,.T.);
#6059=ORIENTED_EDGE('',*,*,#4497,.F.);
#6060=ORIENTED_EDGE('',*,*,#4498,.T.);
#6061=ORIENTED_EDGE('',*,*,#4244,.T.);
#6062=ORIENTED_EDGE('',*,*,#4499,.F.);
#6063=ORIENTED_EDGE('',*,*,#4500,.F.);
#6064=ORIENTED_EDGE('',*,*,#4501,.T.);
#6065=ORIENTED_EDGE('',*,*,#4258,.T.);
#6066=ORIENTED_EDGE('',*,*,#4249,.F.);
#6067=ORIENTED_EDGE('',*,*,#4251,.F.);
#6068=ORIENTED_EDGE('',*,*,#4255,.F.);
#6069=ORIENTED_EDGE('',*,*,#4502,.T.);
#6070=ORIENTED_EDGE('',*,*,#4259,.T.);
#6071=ORIENTED_EDGE('',*,*,#4501,.F.);
#6072=ORIENTED_EDGE('',*,*,#4503,.F.);
#6073=ORIENTED_EDGE('',*,*,#4504,.T.);
#6074=ORIENTED_EDGE('',*,*,#4505,.F.);
#6075=ORIENTED_EDGE('',*,*,#4254,.F.);
#6076=ORIENTED_EDGE('',*,*,#4253,.F.);
#6077=ORIENTED_EDGE('',*,*,#4257,.T.);
#6078=ORIENTED_EDGE('',*,*,#4261,.T.);
#6079=ORIENTED_EDGE('',*,*,#4506,.F.);
#6080=ORIENTED_EDGE('',*,*,#4507,.T.);
#6081=ORIENTED_EDGE('',*,*,#4260,.T.);
#6082=ORIENTED_EDGE('',*,*,#4508,.F.);
#6083=ORIENTED_EDGE('',*,*,#4509,.F.);
#6084=ORIENTED_EDGE('',*,*,#4510,.T.);
#6085=ORIENTED_EDGE('',*,*,#4270,.T.);
#6086=ORIENTED_EDGE('',*,*,#4275,.F.);
#6087=ORIENTED_EDGE('',*,*,#4262,.F.);
#6088=ORIENTED_EDGE('',*,*,#4267,.F.);
#6089=ORIENTED_EDGE('',*,*,#4511,.T.);
#6090=ORIENTED_EDGE('',*,*,#4271,.T.);
#6091=ORIENTED_EDGE('',*,*,#4510,.F.);
#6092=ORIENTED_EDGE('',*,*,#4512,.T.);
#6093=ORIENTED_EDGE('',*,*,#4513,.T.);
#6094=ORIENTED_EDGE('',*,*,#4514,.F.);
#6095=ORIENTED_EDGE('',*,*,#4266,.F.);
#6096=ORIENTED_EDGE('',*,*,#4265,.F.);
#6097=ORIENTED_EDGE('',*,*,#4269,.T.);
#6098=ORIENTED_EDGE('',*,*,#4273,.T.);
#6099=ORIENTED_EDGE('',*,*,#4515,.F.);
#6100=ORIENTED_EDGE('',*,*,#4516,.T.);
#6101=ORIENTED_EDGE('',*,*,#4272,.T.);
#6102=ORIENTED_EDGE('',*,*,#4517,.F.);
#6103=ORIENTED_EDGE('',*,*,#4518,.F.);
#6104=ORIENTED_EDGE('',*,*,#4519,.T.);
#6105=ORIENTED_EDGE('',*,*,#4284,.T.);
#6106=ORIENTED_EDGE('',*,*,#4289,.F.);
#6107=ORIENTED_EDGE('',*,*,#4276,.F.);
#6108=ORIENTED_EDGE('',*,*,#4281,.F.);
#6109=ORIENTED_EDGE('',*,*,#4520,.T.);
#6110=ORIENTED_EDGE('',*,*,#4285,.T.);
#6111=ORIENTED_EDGE('',*,*,#4519,.F.);
#6112=ORIENTED_EDGE('',*,*,#4521,.F.);
#6113=ORIENTED_EDGE('',*,*,#4522,.T.);
#6114=ORIENTED_EDGE('',*,*,#4523,.F.);
#6115=ORIENTED_EDGE('',*,*,#4280,.F.);
#6116=ORIENTED_EDGE('',*,*,#4279,.F.);
#6117=ORIENTED_EDGE('',*,*,#4283,.T.);
#6118=ORIENTED_EDGE('',*,*,#4287,.T.);
#6119=ORIENTED_EDGE('',*,*,#4524,.F.);
#6120=ORIENTED_EDGE('',*,*,#4525,.T.);
#6121=ORIENTED_EDGE('',*,*,#4286,.T.);
#6122=ORIENTED_EDGE('',*,*,#4526,.F.);
#6123=ORIENTED_EDGE('',*,*,#4527,.F.);
#6124=ORIENTED_EDGE('',*,*,#4528,.F.);
#6125=ORIENTED_EDGE('',*,*,#4292,.T.);
#6126=ORIENTED_EDGE('',*,*,#4529,.T.);
#6127=ORIENTED_EDGE('',*,*,#4530,.F.);
#6128=ORIENTED_EDGE('',*,*,#4528,.T.);
#6129=ORIENTED_EDGE('',*,*,#4531,.T.);
#6130=ORIENTED_EDGE('',*,*,#4532,.F.);
#6131=ORIENTED_EDGE('',*,*,#4293,.F.);
#6132=ORIENTED_EDGE('',*,*,#4532,.T.);
#6133=ORIENTED_EDGE('',*,*,#4533,.T.);
#6134=ORIENTED_EDGE('',*,*,#4534,.F.);
#6135=ORIENTED_EDGE('',*,*,#4295,.F.);
#6136=ORIENTED_EDGE('',*,*,#4529,.F.);
#6137=ORIENTED_EDGE('',*,*,#4297,.T.);
#6138=ORIENTED_EDGE('',*,*,#4534,.T.);
#6139=ORIENTED_EDGE('',*,*,#4535,.F.);
#6140=ORIENTED_EDGE('',*,*,#4536,.T.);
#6141=ORIENTED_EDGE('',*,*,#4537,.T.);
#6142=ORIENTED_EDGE('',*,*,#4538,.F.);
#6143=ORIENTED_EDGE('',*,*,#4299,.F.);
#6144=ORIENTED_EDGE('',*,*,#4539,.F.);
#6145=ORIENTED_EDGE('',*,*,#4301,.T.);
#6146=ORIENTED_EDGE('',*,*,#4538,.T.);
#6147=ORIENTED_EDGE('',*,*,#4540,.F.);
#6148=ORIENTED_EDGE('',*,*,#4541,.F.);
#6149=ORIENTED_EDGE('',*,*,#4304,.T.);
#6150=ORIENTED_EDGE('',*,*,#4539,.T.);
#6151=ORIENTED_EDGE('',*,*,#4542,.F.);
#6152=ORIENTED_EDGE('',*,*,#4541,.T.);
#6153=ORIENTED_EDGE('',*,*,#4543,.T.);
#6154=ORIENTED_EDGE('',*,*,#4536,.F.);
#6155=ORIENTED_EDGE('',*,*,#4305,.F.);
#6156=ORIENTED_EDGE('',*,*,#4544,.T.);
#6157=ORIENTED_EDGE('',*,*,#4545,.T.);
#6158=ORIENTED_EDGE('',*,*,#4546,.F.);
#6159=ORIENTED_EDGE('',*,*,#4307,.F.);
#6160=ORIENTED_EDGE('',*,*,#4547,.F.);
#6161=ORIENTED_EDGE('',*,*,#4309,.T.);
#6162=ORIENTED_EDGE('',*,*,#4546,.T.);
#6163=ORIENTED_EDGE('',*,*,#4548,.F.);
#6164=ORIENTED_EDGE('',*,*,#4549,.F.);
#6165=ORIENTED_EDGE('',*,*,#4312,.T.);
#6166=ORIENTED_EDGE('',*,*,#4547,.T.);
#6167=ORIENTED_EDGE('',*,*,#4550,.F.);
#6168=ORIENTED_EDGE('',*,*,#4549,.T.);
#6169=ORIENTED_EDGE('',*,*,#4551,.T.);
#6170=ORIENTED_EDGE('',*,*,#4544,.F.);
#6171=ORIENTED_EDGE('',*,*,#4313,.F.);
#6172=ORIENTED_EDGE('',*,*,#4552,.T.);
#6173=ORIENTED_EDGE('',*,*,#4553,.T.);
#6174=ORIENTED_EDGE('',*,*,#4554,.F.);
#6175=ORIENTED_EDGE('',*,*,#4315,.F.);
#6176=ORIENTED_EDGE('',*,*,#4554,.T.);
#6177=ORIENTED_EDGE('',*,*,#4555,.T.);
#6178=ORIENTED_EDGE('',*,*,#4556,.F.);
#6179=ORIENTED_EDGE('',*,*,#4317,.F.);
#6180=ORIENTED_EDGE('',*,*,#4557,.F.);
#6181=ORIENTED_EDGE('',*,*,#4319,.T.);
#6182=ORIENTED_EDGE('',*,*,#4556,.T.);
#6183=ORIENTED_EDGE('',*,*,#4558,.F.);
#6184=ORIENTED_EDGE('',*,*,#4552,.F.);
#6185=ORIENTED_EDGE('',*,*,#4321,.T.);
#6186=ORIENTED_EDGE('',*,*,#4557,.T.);
#6187=ORIENTED_EDGE('',*,*,#4559,.F.);
#6188=ORIENTED_EDGE('',*,*,#4560,.T.);
#6189=ORIENTED_EDGE('',*,*,#4561,.T.);
#6190=ORIENTED_EDGE('',*,*,#4562,.F.);
#6191=ORIENTED_EDGE('',*,*,#4323,.F.);
#6192=ORIENTED_EDGE('',*,*,#4563,.F.);
#6193=ORIENTED_EDGE('',*,*,#4325,.T.);
#6194=ORIENTED_EDGE('',*,*,#4562,.T.);
#6195=ORIENTED_EDGE('',*,*,#4564,.F.);
#6196=ORIENTED_EDGE('',*,*,#4565,.F.);
#6197=ORIENTED_EDGE('',*,*,#4328,.T.);
#6198=ORIENTED_EDGE('',*,*,#4563,.T.);
#6199=ORIENTED_EDGE('',*,*,#4566,.F.);
#6200=ORIENTED_EDGE('',*,*,#4565,.T.);
#6201=ORIENTED_EDGE('',*,*,#4567,.T.);
#6202=ORIENTED_EDGE('',*,*,#4560,.F.);
#6203=ORIENTED_EDGE('',*,*,#4329,.F.);
#6204=ORIENTED_EDGE('',*,*,#4568,.F.);
#6205=ORIENTED_EDGE('',*,*,#4332,.T.);
#6206=ORIENTED_EDGE('',*,*,#4569,.T.);
#6207=ORIENTED_EDGE('',*,*,#4570,.F.);
#6208=ORIENTED_EDGE('',*,*,#4568,.T.);
#6209=ORIENTED_EDGE('',*,*,#4571,.T.);
#6210=ORIENTED_EDGE('',*,*,#4572,.F.);
#6211=ORIENTED_EDGE('',*,*,#4333,.F.);
#6212=ORIENTED_EDGE('',*,*,#4572,.T.);
#6213=ORIENTED_EDGE('',*,*,#4573,.T.);
#6214=ORIENTED_EDGE('',*,*,#4574,.F.);
#6215=ORIENTED_EDGE('',*,*,#4335,.F.);
#6216=ORIENTED_EDGE('',*,*,#4569,.F.);
#6217=ORIENTED_EDGE('',*,*,#4337,.T.);
#6218=ORIENTED_EDGE('',*,*,#4574,.T.);
#6219=ORIENTED_EDGE('',*,*,#4575,.F.);
#6220=ORIENTED_EDGE('',*,*,#4576,.F.);
#6221=ORIENTED_EDGE('',*,*,#4340,.T.);
#6222=ORIENTED_EDGE('',*,*,#4577,.T.);
#6223=ORIENTED_EDGE('',*,*,#4578,.F.);
#6224=ORIENTED_EDGE('',*,*,#4576,.T.);
#6225=ORIENTED_EDGE('',*,*,#4579,.T.);
#6226=ORIENTED_EDGE('',*,*,#4580,.F.);
#6227=ORIENTED_EDGE('',*,*,#4341,.F.);
#6228=ORIENTED_EDGE('',*,*,#4580,.T.);
#6229=ORIENTED_EDGE('',*,*,#4581,.T.);
#6230=ORIENTED_EDGE('',*,*,#4582,.F.);
#6231=ORIENTED_EDGE('',*,*,#4343,.F.);
#6232=ORIENTED_EDGE('',*,*,#4577,.F.);
#6233=ORIENTED_EDGE('',*,*,#4345,.T.);
#6234=ORIENTED_EDGE('',*,*,#4582,.T.);
#6235=ORIENTED_EDGE('',*,*,#4583,.F.);
#6236=ORIENTED_EDGE('',*,*,#4584,.T.);
#6237=ORIENTED_EDGE('',*,*,#4585,.T.);
#6238=ORIENTED_EDGE('',*,*,#4586,.F.);
#6239=ORIENTED_EDGE('',*,*,#4347,.F.);
#6240=ORIENTED_EDGE('',*,*,#4587,.F.);
#6241=ORIENTED_EDGE('',*,*,#4349,.T.);
#6242=ORIENTED_EDGE('',*,*,#4586,.T.);
#6243=ORIENTED_EDGE('',*,*,#4588,.F.);
#6244=ORIENTED_EDGE('',*,*,#4589,.F.);
#6245=ORIENTED_EDGE('',*,*,#4352,.T.);
#6246=ORIENTED_EDGE('',*,*,#4587,.T.);
#6247=ORIENTED_EDGE('',*,*,#4590,.F.);
#6248=ORIENTED_EDGE('',*,*,#4589,.T.);
#6249=ORIENTED_EDGE('',*,*,#4591,.T.);
#6250=ORIENTED_EDGE('',*,*,#4584,.F.);
#6251=ORIENTED_EDGE('',*,*,#4353,.F.);
#6252=ORIENTED_EDGE('',*,*,#4592,.T.);
#6253=ORIENTED_EDGE('',*,*,#4593,.T.);
#6254=ORIENTED_EDGE('',*,*,#4594,.F.);
#6255=ORIENTED_EDGE('',*,*,#4355,.F.);
#6256=ORIENTED_EDGE('',*,*,#4595,.F.);
#6257=ORIENTED_EDGE('',*,*,#4357,.T.);
#6258=ORIENTED_EDGE('',*,*,#4594,.T.);
#6259=ORIENTED_EDGE('',*,*,#4596,.F.);
#6260=ORIENTED_EDGE('',*,*,#4597,.F.);
#6261=ORIENTED_EDGE('',*,*,#4360,.T.);
#6262=ORIENTED_EDGE('',*,*,#4595,.T.);
#6263=ORIENTED_EDGE('',*,*,#4598,.F.);
#6264=ORIENTED_EDGE('',*,*,#4597,.T.);
#6265=ORIENTED_EDGE('',*,*,#4599,.T.);
#6266=ORIENTED_EDGE('',*,*,#4592,.F.);
#6267=ORIENTED_EDGE('',*,*,#4361,.F.);
#6268=ORIENTED_EDGE('',*,*,#4600,.F.);
#6269=ORIENTED_EDGE('',*,*,#4364,.T.);
#6270=ORIENTED_EDGE('',*,*,#4601,.T.);
#6271=ORIENTED_EDGE('',*,*,#4602,.F.);
#6272=ORIENTED_EDGE('',*,*,#4600,.T.);
#6273=ORIENTED_EDGE('',*,*,#4603,.T.);
#6274=ORIENTED_EDGE('',*,*,#4604,.F.);
#6275=ORIENTED_EDGE('',*,*,#4365,.F.);
#6276=ORIENTED_EDGE('',*,*,#4604,.T.);
#6277=ORIENTED_EDGE('',*,*,#4605,.T.);
#6278=ORIENTED_EDGE('',*,*,#4606,.F.);
#6279=ORIENTED_EDGE('',*,*,#4367,.F.);
#6280=ORIENTED_EDGE('',*,*,#4601,.F.);
#6281=ORIENTED_EDGE('',*,*,#4369,.T.);
#6282=ORIENTED_EDGE('',*,*,#4606,.T.);
#6283=ORIENTED_EDGE('',*,*,#4607,.F.);
#6284=ORIENTED_EDGE('',*,*,#4608,.T.);
#6285=ORIENTED_EDGE('',*,*,#4609,.T.);
#6286=ORIENTED_EDGE('',*,*,#4610,.F.);
#6287=ORIENTED_EDGE('',*,*,#4371,.F.);
#6288=ORIENTED_EDGE('',*,*,#4610,.T.);
#6289=ORIENTED_EDGE('',*,*,#4611,.T.);
#6290=ORIENTED_EDGE('',*,*,#4612,.F.);
#6291=ORIENTED_EDGE('',*,*,#4373,.F.);
#6292=ORIENTED_EDGE('',*,*,#4613,.F.);
#6293=ORIENTED_EDGE('',*,*,#4375,.T.);
#6294=ORIENTED_EDGE('',*,*,#4612,.T.);
#6295=ORIENTED_EDGE('',*,*,#4614,.F.);
#6296=ORIENTED_EDGE('',*,*,#4608,.F.);
#6297=ORIENTED_EDGE('',*,*,#4377,.T.);
#6298=ORIENTED_EDGE('',*,*,#4613,.T.);
#6299=ORIENTED_EDGE('',*,*,#4615,.F.);
#6300=ORIENTED_EDGE('',*,*,#4616,.F.);
#6301=ORIENTED_EDGE('',*,*,#4380,.T.);
#6302=ORIENTED_EDGE('',*,*,#4617,.T.);
#6303=ORIENTED_EDGE('',*,*,#4618,.F.);
#6304=ORIENTED_EDGE('',*,*,#4616,.T.);
#6305=ORIENTED_EDGE('',*,*,#4619,.T.);
#6306=ORIENTED_EDGE('',*,*,#4620,.F.);
#6307=ORIENTED_EDGE('',*,*,#4381,.F.);
#6308=ORIENTED_EDGE('',*,*,#4620,.T.);
#6309=ORIENTED_EDGE('',*,*,#4621,.T.);
#6310=ORIENTED_EDGE('',*,*,#4622,.F.);
#6311=ORIENTED_EDGE('',*,*,#4383,.F.);
#6312=ORIENTED_EDGE('',*,*,#4617,.F.);
#6313=ORIENTED_EDGE('',*,*,#4385,.T.);
#6314=ORIENTED_EDGE('',*,*,#4622,.T.);
#6315=ORIENTED_EDGE('',*,*,#4623,.F.);
#6316=ORIENTED_EDGE('',*,*,#4624,.T.);
#6317=ORIENTED_EDGE('',*,*,#4625,.T.);
#6318=ORIENTED_EDGE('',*,*,#4626,.F.);
#6319=ORIENTED_EDGE('',*,*,#4387,.F.);
#6320=ORIENTED_EDGE('',*,*,#4626,.T.);
#6321=ORIENTED_EDGE('',*,*,#4627,.T.);
#6322=ORIENTED_EDGE('',*,*,#4628,.F.);
#6323=ORIENTED_EDGE('',*,*,#4389,.F.);
#6324=ORIENTED_EDGE('',*,*,#4629,.F.);
#6325=ORIENTED_EDGE('',*,*,#4391,.T.);
#6326=ORIENTED_EDGE('',*,*,#4628,.T.);
#6327=ORIENTED_EDGE('',*,*,#4630,.F.);
#6328=ORIENTED_EDGE('',*,*,#4624,.F.);
#6329=ORIENTED_EDGE('',*,*,#4393,.T.);
#6330=ORIENTED_EDGE('',*,*,#4629,.T.);
#6331=ORIENTED_EDGE('',*,*,#4631,.F.);
#6332=ORIENTED_EDGE('',*,*,#4632,.T.);
#6333=ORIENTED_EDGE('',*,*,#4633,.T.);
#6334=ORIENTED_EDGE('',*,*,#4634,.F.);
#6335=ORIENTED_EDGE('',*,*,#4395,.F.);
#6336=ORIENTED_EDGE('',*,*,#4634,.T.);
#6337=ORIENTED_EDGE('',*,*,#4635,.T.);
#6338=ORIENTED_EDGE('',*,*,#4636,.F.);
#6339=ORIENTED_EDGE('',*,*,#4397,.F.);
#6340=ORIENTED_EDGE('',*,*,#4637,.F.);
#6341=ORIENTED_EDGE('',*,*,#4399,.T.);
#6342=ORIENTED_EDGE('',*,*,#4636,.T.);
#6343=ORIENTED_EDGE('',*,*,#4638,.F.);
#6344=ORIENTED_EDGE('',*,*,#4632,.F.);
#6345=ORIENTED_EDGE('',*,*,#4401,.T.);
#6346=ORIENTED_EDGE('',*,*,#4637,.T.);
#6347=ORIENTED_EDGE('',*,*,#4639,.F.);
#6348=ORIENTED_EDGE('',*,*,#4406,.T.);
#6349=ORIENTED_EDGE('',*,*,#4640,.T.);
#6350=ORIENTED_EDGE('',*,*,#4409,.T.);
#6351=ORIENTED_EDGE('',*,*,#4403,.F.);
#6352=ORIENTED_EDGE('',*,*,#4404,.F.);
#6353=ORIENTED_EDGE('',*,*,#4407,.T.);
#6354=ORIENTED_EDGE('',*,*,#4408,.F.);
#6355=ORIENTED_EDGE('',*,*,#4641,.F.);
#6356=ORIENTED_EDGE('',*,*,#4405,.F.);
#6357=ORIENTED_EDGE('',*,*,#4641,.T.);
#6358=ORIENTED_EDGE('',*,*,#4410,.T.);
#6359=ORIENTED_EDGE('',*,*,#4640,.F.);
#6360=ORIENTED_EDGE('',*,*,#4417,.F.);
#6361=ORIENTED_EDGE('',*,*,#4411,.T.);
#6362=ORIENTED_EDGE('',*,*,#4414,.F.);
#6363=ORIENTED_EDGE('',*,*,#4642,.F.);
#6364=ORIENTED_EDGE('',*,*,#4419,.T.);
#6365=ORIENTED_EDGE('',*,*,#4643,.T.);
#6366=ORIENTED_EDGE('',*,*,#4415,.T.);
#6367=ORIENTED_EDGE('',*,*,#4413,.F.);
#6368=ORIENTED_EDGE('',*,*,#4418,.F.);
#6369=ORIENTED_EDGE('',*,*,#4642,.T.);
#6370=ORIENTED_EDGE('',*,*,#4416,.T.);
#6371=ORIENTED_EDGE('',*,*,#4643,.F.);
#6372=ORIENTED_EDGE('',*,*,#4426,.F.);
#6373=ORIENTED_EDGE('',*,*,#4420,.T.);
#6374=ORIENTED_EDGE('',*,*,#4423,.F.);
#6375=ORIENTED_EDGE('',*,*,#4644,.F.);
#6376=ORIENTED_EDGE('',*,*,#4428,.T.);
#6377=ORIENTED_EDGE('',*,*,#4645,.T.);
#6378=ORIENTED_EDGE('',*,*,#4424,.T.);
#6379=ORIENTED_EDGE('',*,*,#4422,.F.);
#6380=ORIENTED_EDGE('',*,*,#4427,.F.);
#6381=ORIENTED_EDGE('',*,*,#4644,.T.);
#6382=ORIENTED_EDGE('',*,*,#4425,.T.);
#6383=ORIENTED_EDGE('',*,*,#4645,.F.);
#6384=ORIENTED_EDGE('',*,*,#4433,.T.);
#6385=ORIENTED_EDGE('',*,*,#4646,.T.);
#6386=ORIENTED_EDGE('',*,*,#4436,.T.);
#6387=ORIENTED_EDGE('',*,*,#4430,.F.);
#6388=ORIENTED_EDGE('',*,*,#4431,.F.);
#6389=ORIENTED_EDGE('',*,*,#4434,.T.);
#6390=ORIENTED_EDGE('',*,*,#4435,.F.);
#6391=ORIENTED_EDGE('',*,*,#4647,.F.);
#6392=ORIENTED_EDGE('',*,*,#4432,.F.);
#6393=ORIENTED_EDGE('',*,*,#4647,.T.);
#6394=ORIENTED_EDGE('',*,*,#4437,.T.);
#6395=ORIENTED_EDGE('',*,*,#4646,.F.);
#6396=ORIENTED_EDGE('',*,*,#4444,.T.);
#6397=ORIENTED_EDGE('',*,*,#4438,.T.);
#6398=ORIENTED_EDGE('',*,*,#4441,.F.);
#6399=ORIENTED_EDGE('',*,*,#4648,.F.);
#6400=ORIENTED_EDGE('',*,*,#4446,.T.);
#6401=ORIENTED_EDGE('',*,*,#4649,.T.);
#6402=ORIENTED_EDGE('',*,*,#4442,.T.);
#6403=ORIENTED_EDGE('',*,*,#4440,.F.);
#6404=ORIENTED_EDGE('',*,*,#4648,.T.);
#6405=ORIENTED_EDGE('',*,*,#4443,.T.);
#6406=ORIENTED_EDGE('',*,*,#4649,.F.);
#6407=ORIENTED_EDGE('',*,*,#4445,.F.);
#6408=ORIENTED_EDGE('',*,*,#4451,.T.);
#6409=ORIENTED_EDGE('',*,*,#4650,.T.);
#6410=ORIENTED_EDGE('',*,*,#4454,.T.);
#6411=ORIENTED_EDGE('',*,*,#4448,.F.);
#6412=ORIENTED_EDGE('',*,*,#4449,.T.);
#6413=ORIENTED_EDGE('',*,*,#4452,.T.);
#6414=ORIENTED_EDGE('',*,*,#4453,.F.);
#6415=ORIENTED_EDGE('',*,*,#4651,.F.);
#6416=ORIENTED_EDGE('',*,*,#4651,.T.);
#6417=ORIENTED_EDGE('',*,*,#4455,.T.);
#6418=ORIENTED_EDGE('',*,*,#4650,.F.);
#6419=ORIENTED_EDGE('',*,*,#4450,.F.);
#6420=ORIENTED_EDGE('',*,*,#4460,.T.);
#6421=ORIENTED_EDGE('',*,*,#4652,.T.);
#6422=ORIENTED_EDGE('',*,*,#4463,.T.);
#6423=ORIENTED_EDGE('',*,*,#4457,.F.);
#6424=ORIENTED_EDGE('',*,*,#4458,.T.);
#6425=ORIENTED_EDGE('',*,*,#4461,.T.);
#6426=ORIENTED_EDGE('',*,*,#4462,.F.);
#6427=ORIENTED_EDGE('',*,*,#4653,.F.);
#6428=ORIENTED_EDGE('',*,*,#4653,.T.);
#6429=ORIENTED_EDGE('',*,*,#4464,.T.);
#6430=ORIENTED_EDGE('',*,*,#4652,.F.);
#6431=ORIENTED_EDGE('',*,*,#4459,.F.);
#6432=ORIENTED_EDGE('',*,*,#4471,.T.);
#6433=ORIENTED_EDGE('',*,*,#4465,.T.);
#6434=ORIENTED_EDGE('',*,*,#4468,.F.);
#6435=ORIENTED_EDGE('',*,*,#4654,.F.);
#6436=ORIENTED_EDGE('',*,*,#4473,.T.);
#6437=ORIENTED_EDGE('',*,*,#4655,.T.);
#6438=ORIENTED_EDGE('',*,*,#4469,.T.);
#6439=ORIENTED_EDGE('',*,*,#4467,.F.);
#6440=ORIENTED_EDGE('',*,*,#4654,.T.);
#6441=ORIENTED_EDGE('',*,*,#4470,.T.);
#6442=ORIENTED_EDGE('',*,*,#4655,.F.);
#6443=ORIENTED_EDGE('',*,*,#4472,.F.);
#6444=ORIENTED_EDGE('',*,*,#4480,.T.);
#6445=ORIENTED_EDGE('',*,*,#4474,.T.);
#6446=ORIENTED_EDGE('',*,*,#4477,.F.);
#6447=ORIENTED_EDGE('',*,*,#4656,.F.);
#6448=ORIENTED_EDGE('',*,*,#4482,.T.);
#6449=ORIENTED_EDGE('',*,*,#4657,.T.);
#6450=ORIENTED_EDGE('',*,*,#4478,.T.);
#6451=ORIENTED_EDGE('',*,*,#4476,.F.);
#6452=ORIENTED_EDGE('',*,*,#4656,.T.);
#6453=ORIENTED_EDGE('',*,*,#4479,.T.);
#6454=ORIENTED_EDGE('',*,*,#4657,.F.);
#6455=ORIENTED_EDGE('',*,*,#4481,.F.);
#6456=ORIENTED_EDGE('',*,*,#4487,.T.);
#6457=ORIENTED_EDGE('',*,*,#4658,.T.);
#6458=ORIENTED_EDGE('',*,*,#4490,.T.);
#6459=ORIENTED_EDGE('',*,*,#4484,.F.);
#6460=ORIENTED_EDGE('',*,*,#4485,.F.);
#6461=ORIENTED_EDGE('',*,*,#4488,.T.);
#6462=ORIENTED_EDGE('',*,*,#4489,.F.);
#6463=ORIENTED_EDGE('',*,*,#4659,.F.);
#6464=ORIENTED_EDGE('',*,*,#4486,.F.);
#6465=ORIENTED_EDGE('',*,*,#4659,.T.);
#6466=ORIENTED_EDGE('',*,*,#4491,.T.);
#6467=ORIENTED_EDGE('',*,*,#4658,.F.);
#6468=ORIENTED_EDGE('',*,*,#4496,.T.);
#6469=ORIENTED_EDGE('',*,*,#4660,.T.);
#6470=ORIENTED_EDGE('',*,*,#4499,.T.);
#6471=ORIENTED_EDGE('',*,*,#4493,.F.);
#6472=ORIENTED_EDGE('',*,*,#4494,.F.);
#6473=ORIENTED_EDGE('',*,*,#4497,.T.);
#6474=ORIENTED_EDGE('',*,*,#4498,.F.);
#6475=ORIENTED_EDGE('',*,*,#4661,.F.);
#6476=ORIENTED_EDGE('',*,*,#4495,.F.);
#6477=ORIENTED_EDGE('',*,*,#4661,.T.);
#6478=ORIENTED_EDGE('',*,*,#4500,.T.);
#6479=ORIENTED_EDGE('',*,*,#4660,.F.);
#6480=ORIENTED_EDGE('',*,*,#4505,.T.);
#6481=ORIENTED_EDGE('',*,*,#4662,.T.);
#6482=ORIENTED_EDGE('',*,*,#4508,.T.);
#6483=ORIENTED_EDGE('',*,*,#4502,.F.);
#6484=ORIENTED_EDGE('',*,*,#4503,.T.);
#6485=ORIENTED_EDGE('',*,*,#4506,.T.);
#6486=ORIENTED_EDGE('',*,*,#4507,.F.);
#6487=ORIENTED_EDGE('',*,*,#4663,.F.);
#6488=ORIENTED_EDGE('',*,*,#4663,.T.);
#6489=ORIENTED_EDGE('',*,*,#4509,.T.);
#6490=ORIENTED_EDGE('',*,*,#4662,.F.);
#6491=ORIENTED_EDGE('',*,*,#4504,.F.);
#6492=ORIENTED_EDGE('',*,*,#4514,.T.);
#6493=ORIENTED_EDGE('',*,*,#4664,.T.);
#6494=ORIENTED_EDGE('',*,*,#4517,.T.);
#6495=ORIENTED_EDGE('',*,*,#4511,.F.);
#6496=ORIENTED_EDGE('',*,*,#4512,.F.);
#6497=ORIENTED_EDGE('',*,*,#4515,.T.);
#6498=ORIENTED_EDGE('',*,*,#4516,.F.);
#6499=ORIENTED_EDGE('',*,*,#4665,.F.);
#6500=ORIENTED_EDGE('',*,*,#4513,.F.);
#6501=ORIENTED_EDGE('',*,*,#4665,.T.);
#6502=ORIENTED_EDGE('',*,*,#4518,.T.);
#6503=ORIENTED_EDGE('',*,*,#4664,.F.);
#6504=ORIENTED_EDGE('',*,*,#4523,.T.);
#6505=ORIENTED_EDGE('',*,*,#4666,.T.);
#6506=ORIENTED_EDGE('',*,*,#4526,.T.);
#6507=ORIENTED_EDGE('',*,*,#4520,.F.);
#6508=ORIENTED_EDGE('',*,*,#4521,.T.);
#6509=ORIENTED_EDGE('',*,*,#4524,.T.);
#6510=ORIENTED_EDGE('',*,*,#4525,.F.);
#6511=ORIENTED_EDGE('',*,*,#4667,.F.);
#6512=ORIENTED_EDGE('',*,*,#4667,.T.);
#6513=ORIENTED_EDGE('',*,*,#4527,.T.);
#6514=ORIENTED_EDGE('',*,*,#4666,.F.);
#6515=ORIENTED_EDGE('',*,*,#4522,.F.);
#6516=ORIENTED_EDGE('',*,*,#4530,.T.);
#6517=ORIENTED_EDGE('',*,*,#4535,.T.);
#6518=ORIENTED_EDGE('',*,*,#4533,.F.);
#6519=ORIENTED_EDGE('',*,*,#4531,.F.);
#6520=ORIENTED_EDGE('',*,*,#4542,.T.);
#6521=ORIENTED_EDGE('',*,*,#4540,.T.);
#6522=ORIENTED_EDGE('',*,*,#4537,.F.);
#6523=ORIENTED_EDGE('',*,*,#4543,.F.);
#6524=ORIENTED_EDGE('',*,*,#4550,.T.);
#6525=ORIENTED_EDGE('',*,*,#4548,.T.);
#6526=ORIENTED_EDGE('',*,*,#4545,.F.);
#6527=ORIENTED_EDGE('',*,*,#4551,.F.);
#6528=ORIENTED_EDGE('',*,*,#4559,.T.);
#6529=ORIENTED_EDGE('',*,*,#4558,.T.);
#6530=ORIENTED_EDGE('',*,*,#4555,.F.);
#6531=ORIENTED_EDGE('',*,*,#4553,.F.);
#6532=ORIENTED_EDGE('',*,*,#4566,.T.);
#6533=ORIENTED_EDGE('',*,*,#4564,.T.);
#6534=ORIENTED_EDGE('',*,*,#4561,.F.);
#6535=ORIENTED_EDGE('',*,*,#4567,.F.);
#6536=ORIENTED_EDGE('',*,*,#4570,.T.);
#6537=ORIENTED_EDGE('',*,*,#4575,.T.);
#6538=ORIENTED_EDGE('',*,*,#4573,.F.);
#6539=ORIENTED_EDGE('',*,*,#4571,.F.);
#6540=ORIENTED_EDGE('',*,*,#4578,.T.);
#6541=ORIENTED_EDGE('',*,*,#4583,.T.);
#6542=ORIENTED_EDGE('',*,*,#4581,.F.);
#6543=ORIENTED_EDGE('',*,*,#4579,.F.);
#6544=ORIENTED_EDGE('',*,*,#4590,.T.);
#6545=ORIENTED_EDGE('',*,*,#4588,.T.);
#6546=ORIENTED_EDGE('',*,*,#4585,.F.);
#6547=ORIENTED_EDGE('',*,*,#4591,.F.);
#6548=ORIENTED_EDGE('',*,*,#4598,.T.);
#6549=ORIENTED_EDGE('',*,*,#4596,.T.);
#6550=ORIENTED_EDGE('',*,*,#4593,.F.);
#6551=ORIENTED_EDGE('',*,*,#4599,.F.);
#6552=ORIENTED_EDGE('',*,*,#4602,.T.);
#6553=ORIENTED_EDGE('',*,*,#4607,.T.);
#6554=ORIENTED_EDGE('',*,*,#4605,.F.);
#6555=ORIENTED_EDGE('',*,*,#4603,.F.);
#6556=ORIENTED_EDGE('',*,*,#4615,.T.);
#6557=ORIENTED_EDGE('',*,*,#4614,.T.);
#6558=ORIENTED_EDGE('',*,*,#4611,.F.);
#6559=ORIENTED_EDGE('',*,*,#4609,.F.);
#6560=ORIENTED_EDGE('',*,*,#4618,.T.);
#6561=ORIENTED_EDGE('',*,*,#4623,.T.);
#6562=ORIENTED_EDGE('',*,*,#4621,.F.);
#6563=ORIENTED_EDGE('',*,*,#4619,.F.);
#6564=ORIENTED_EDGE('',*,*,#4631,.T.);
#6565=ORIENTED_EDGE('',*,*,#4630,.T.);
#6566=ORIENTED_EDGE('',*,*,#4627,.F.);
#6567=ORIENTED_EDGE('',*,*,#4625,.F.);
#6568=ORIENTED_EDGE('',*,*,#4639,.T.);
#6569=ORIENTED_EDGE('',*,*,#4638,.T.);
#6570=ORIENTED_EDGE('',*,*,#4635,.F.);
#6571=ORIENTED_EDGE('',*,*,#4633,.F.);
#6572=ORIENTED_EDGE('',*,*,#4668,.T.);
#6573=ORIENTED_EDGE('',*,*,#4669,.T.);
#6574=ORIENTED_EDGE('',*,*,#4670,.F.);
#6575=ORIENTED_EDGE('',*,*,#4671,.F.);
#6576=ORIENTED_EDGE('',*,*,#4672,.T.);
#6577=ORIENTED_EDGE('',*,*,#4673,.T.);
#6578=ORIENTED_EDGE('',*,*,#4668,.F.);
#6579=ORIENTED_EDGE('',*,*,#4674,.F.);
#6580=ORIENTED_EDGE('',*,*,#4670,.T.);
#6581=ORIENTED_EDGE('',*,*,#4675,.T.);
#6582=ORIENTED_EDGE('',*,*,#4676,.F.);
#6583=ORIENTED_EDGE('',*,*,#4677,.F.);
#6584=ORIENTED_EDGE('',*,*,#4671,.T.);
#6585=ORIENTED_EDGE('',*,*,#4677,.T.);
#6586=ORIENTED_EDGE('',*,*,#4678,.T.);
#6587=ORIENTED_EDGE('',*,*,#4679,.T.);
#6588=ORIENTED_EDGE('',*,*,#4680,.T.);
#6589=ORIENTED_EDGE('',*,*,#4681,.T.);
#6590=ORIENTED_EDGE('',*,*,#4682,.T.);
#6591=ORIENTED_EDGE('',*,*,#4674,.T.);
#6592=ORIENTED_EDGE('',*,*,#4683,.F.);
#6593=ORIENTED_EDGE('',*,*,#4684,.F.);
#6594=ORIENTED_EDGE('',*,*,#4685,.F.);
#6595=ORIENTED_EDGE('',*,*,#4686,.F.);
#6596=ORIENTED_EDGE('',*,*,#4687,.F.);
#6597=ORIENTED_EDGE('',*,*,#4688,.F.);
#6598=ORIENTED_EDGE('',*,*,#4689,.F.);
#6599=ORIENTED_EDGE('',*,*,#4690,.F.);
#6600=ORIENTED_EDGE('',*,*,#4691,.F.);
#6601=ORIENTED_EDGE('',*,*,#4692,.F.);
#6602=ORIENTED_EDGE('',*,*,#4693,.F.);
#6603=ORIENTED_EDGE('',*,*,#4694,.F.);
#6604=ORIENTED_EDGE('',*,*,#4695,.F.);
#6605=ORIENTED_EDGE('',*,*,#4696,.F.);
#6606=ORIENTED_EDGE('',*,*,#4697,.F.);
#6607=ORIENTED_EDGE('',*,*,#4698,.F.);
#6608=ORIENTED_EDGE('',*,*,#4669,.F.);
#6609=ORIENTED_EDGE('',*,*,#4673,.F.);
#6610=ORIENTED_EDGE('',*,*,#4699,.F.);
#6611=ORIENTED_EDGE('',*,*,#4700,.F.);
#6612=ORIENTED_EDGE('',*,*,#4701,.F.);
#6613=ORIENTED_EDGE('',*,*,#4702,.F.);
#6614=ORIENTED_EDGE('',*,*,#4703,.F.);
#6615=ORIENTED_EDGE('',*,*,#4675,.F.);
#6616=ORIENTED_EDGE('',*,*,#4704,.T.);
#6617=ORIENTED_EDGE('',*,*,#4705,.T.);
#6618=ORIENTED_EDGE('',*,*,#4706,.T.);
#6619=ORIENTED_EDGE('',*,*,#4707,.T.);
#6620=ORIENTED_EDGE('',*,*,#4708,.T.);
#6621=ORIENTED_EDGE('',*,*,#4709,.T.);
#6622=ORIENTED_EDGE('',*,*,#4710,.T.);
#6623=ORIENTED_EDGE('',*,*,#4711,.T.);
#6624=ORIENTED_EDGE('',*,*,#4712,.T.);
#6625=ORIENTED_EDGE('',*,*,#4713,.T.);
#6626=ORIENTED_EDGE('',*,*,#4714,.T.);
#6627=ORIENTED_EDGE('',*,*,#4715,.T.);
#6628=ORIENTED_EDGE('',*,*,#4716,.T.);
#6629=ORIENTED_EDGE('',*,*,#4717,.T.);
#6630=ORIENTED_EDGE('',*,*,#4718,.T.);
#6631=ORIENTED_EDGE('',*,*,#4719,.T.);
#6632=ORIENTED_EDGE('',*,*,#4720,.T.);
#6633=ORIENTED_EDGE('',*,*,#4699,.T.);
#6634=ORIENTED_EDGE('',*,*,#4672,.F.);
#6635=ORIENTED_EDGE('',*,*,#4682,.F.);
#6636=ORIENTED_EDGE('',*,*,#4676,.T.);
#6637=ORIENTED_EDGE('',*,*,#4703,.T.);
#6638=ORIENTED_EDGE('',*,*,#4721,.F.);
#6639=ORIENTED_EDGE('',*,*,#4678,.F.);
#6640=ORIENTED_EDGE('',*,*,#4722,.T.);
#6641=ORIENTED_EDGE('',*,*,#4700,.T.);
#6642=ORIENTED_EDGE('',*,*,#4720,.F.);
#6643=ORIENTED_EDGE('',*,*,#4681,.F.);
#6644=ORIENTED_EDGE('',*,*,#4721,.T.);
#6645=ORIENTED_EDGE('',*,*,#4702,.T.);
#6646=ORIENTED_EDGE('',*,*,#4723,.F.);
#6647=ORIENTED_EDGE('',*,*,#4679,.F.);
#6648=ORIENTED_EDGE('',*,*,#4723,.T.);
#6649=ORIENTED_EDGE('',*,*,#4701,.T.);
#6650=ORIENTED_EDGE('',*,*,#4722,.F.);
#6651=ORIENTED_EDGE('',*,*,#4680,.F.);
#6652=ORIENTED_EDGE('',*,*,#4704,.F.);
#6653=ORIENTED_EDGE('',*,*,#4724,.T.);
#6654=ORIENTED_EDGE('',*,*,#4683,.T.);
#6655=ORIENTED_EDGE('',*,*,#4724,.F.);
#6656=ORIENTED_EDGE('',*,*,#4705,.F.);
#6657=ORIENTED_EDGE('',*,*,#4725,.T.);
#6658=ORIENTED_EDGE('',*,*,#4684,.T.);
#6659=ORIENTED_EDGE('',*,*,#4725,.F.);
#6660=ORIENTED_EDGE('',*,*,#4706,.F.);
#6661=ORIENTED_EDGE('',*,*,#4726,.T.);
#6662=ORIENTED_EDGE('',*,*,#4685,.T.);
#6663=ORIENTED_EDGE('',*,*,#4726,.F.);
#6664=ORIENTED_EDGE('',*,*,#4707,.F.);
#6665=ORIENTED_EDGE('',*,*,#4727,.T.);
#6666=ORIENTED_EDGE('',*,*,#4686,.T.);
#6667=ORIENTED_EDGE('',*,*,#4727,.F.);
#6668=ORIENTED_EDGE('',*,*,#4708,.F.);
#6669=ORIENTED_EDGE('',*,*,#4728,.T.);
#6670=ORIENTED_EDGE('',*,*,#4687,.T.);
#6671=ORIENTED_EDGE('',*,*,#4728,.F.);
#6672=ORIENTED_EDGE('',*,*,#4709,.F.);
#6673=ORIENTED_EDGE('',*,*,#4729,.T.);
#6674=ORIENTED_EDGE('',*,*,#4688,.T.);
#6675=ORIENTED_EDGE('',*,*,#4729,.F.);
#6676=ORIENTED_EDGE('',*,*,#4710,.F.);
#6677=ORIENTED_EDGE('',*,*,#4730,.T.);
#6678=ORIENTED_EDGE('',*,*,#4689,.T.);
#6679=ORIENTED_EDGE('',*,*,#4730,.F.);
#6680=ORIENTED_EDGE('',*,*,#4711,.F.);
#6681=ORIENTED_EDGE('',*,*,#4731,.T.);
#6682=ORIENTED_EDGE('',*,*,#4690,.T.);
#6683=ORIENTED_EDGE('',*,*,#4731,.F.);
#6684=ORIENTED_EDGE('',*,*,#4712,.F.);
#6685=ORIENTED_EDGE('',*,*,#4732,.T.);
#6686=ORIENTED_EDGE('',*,*,#4691,.T.);
#6687=ORIENTED_EDGE('',*,*,#4732,.F.);
#6688=ORIENTED_EDGE('',*,*,#4713,.F.);
#6689=ORIENTED_EDGE('',*,*,#4733,.T.);
#6690=ORIENTED_EDGE('',*,*,#4692,.T.);
#6691=ORIENTED_EDGE('',*,*,#4733,.F.);
#6692=ORIENTED_EDGE('',*,*,#4714,.F.);
#6693=ORIENTED_EDGE('',*,*,#4734,.T.);
#6694=ORIENTED_EDGE('',*,*,#4693,.T.);
#6695=ORIENTED_EDGE('',*,*,#4734,.F.);
#6696=ORIENTED_EDGE('',*,*,#4715,.F.);
#6697=ORIENTED_EDGE('',*,*,#4735,.T.);
#6698=ORIENTED_EDGE('',*,*,#4694,.T.);
#6699=ORIENTED_EDGE('',*,*,#4735,.F.);
#6700=ORIENTED_EDGE('',*,*,#4716,.F.);
#6701=ORIENTED_EDGE('',*,*,#4736,.T.);
#6702=ORIENTED_EDGE('',*,*,#4695,.T.);
#6703=ORIENTED_EDGE('',*,*,#4736,.F.);
#6704=ORIENTED_EDGE('',*,*,#4717,.F.);
#6705=ORIENTED_EDGE('',*,*,#4737,.T.);
#6706=ORIENTED_EDGE('',*,*,#4696,.T.);
#6707=ORIENTED_EDGE('',*,*,#4737,.F.);
#6708=ORIENTED_EDGE('',*,*,#4718,.F.);
#6709=ORIENTED_EDGE('',*,*,#4738,.T.);
#6710=ORIENTED_EDGE('',*,*,#4697,.T.);
#6711=ORIENTED_EDGE('',*,*,#4738,.F.);
#6712=ORIENTED_EDGE('',*,*,#4719,.F.);
#6713=ORIENTED_EDGE('',*,*,#4739,.T.);
#6714=ORIENTED_EDGE('',*,*,#4698,.T.);
#6715=ORIENTED_EDGE('',*,*,#4739,.F.);
#6716=ORIENTED_EDGE('',*,*,#4740,.T.);
#6717=ORIENTED_EDGE('',*,*,#4741,.T.);
#6718=ORIENTED_EDGE('',*,*,#4742,.F.);
#6719=ORIENTED_EDGE('',*,*,#4743,.F.);
#6720=ORIENTED_EDGE('',*,*,#4744,.T.);
#6721=ORIENTED_EDGE('',*,*,#4745,.F.);
#6722=ORIENTED_EDGE('',*,*,#4746,.F.);
#6723=ORIENTED_EDGE('',*,*,#4747,.T.);
#6724=ORIENTED_EDGE('',*,*,#4748,.T.);
#6725=ORIENTED_EDGE('',*,*,#4749,.T.);
#6726=ORIENTED_EDGE('',*,*,#4750,.F.);
#6727=ORIENTED_EDGE('',*,*,#4751,.F.);
#6728=ORIENTED_EDGE('',*,*,#4740,.F.);
#6729=ORIENTED_EDGE('',*,*,#4752,.T.);
#6730=ORIENTED_EDGE('',*,*,#4743,.T.);
#6731=ORIENTED_EDGE('',*,*,#4753,.T.);
#6732=ORIENTED_EDGE('',*,*,#4754,.F.);
#6733=ORIENTED_EDGE('',*,*,#4752,.F.);
#6734=ORIENTED_EDGE('',*,*,#4751,.T.);
#6735=ORIENTED_EDGE('',*,*,#4755,.T.);
#6736=ORIENTED_EDGE('',*,*,#4756,.F.);
#6737=ORIENTED_EDGE('',*,*,#4741,.F.);
#6738=ORIENTED_EDGE('',*,*,#4757,.F.);
#6739=ORIENTED_EDGE('',*,*,#4753,.F.);
#6740=ORIENTED_EDGE('',*,*,#4742,.T.);
#6741=ORIENTED_EDGE('',*,*,#4756,.T.);
#6742=ORIENTED_EDGE('',*,*,#4758,.T.);
#6743=ORIENTED_EDGE('',*,*,#4759,.F.);
#6744=ORIENTED_EDGE('',*,*,#4760,.F.);
#6745=ORIENTED_EDGE('',*,*,#4761,.F.);
#6746=ORIENTED_EDGE('',*,*,#4762,.T.);
#6747=ORIENTED_EDGE('',*,*,#4763,.T.);
#6748=ORIENTED_EDGE('',*,*,#4757,.T.);
#6749=ORIENTED_EDGE('',*,*,#4764,.F.);
#6750=ORIENTED_EDGE('',*,*,#4744,.F.);
#6751=ORIENTED_EDGE('',*,*,#4754,.T.);
#6752=ORIENTED_EDGE('',*,*,#4745,.T.);
#6753=ORIENTED_EDGE('',*,*,#4764,.T.);
#6754=ORIENTED_EDGE('',*,*,#4763,.F.);
#6755=ORIENTED_EDGE('',*,*,#4765,.F.);
#6756=ORIENTED_EDGE('',*,*,#4746,.T.);
#6757=ORIENTED_EDGE('',*,*,#4766,.T.);
#6758=ORIENTED_EDGE('',*,*,#4767,.T.);
#6759=ORIENTED_EDGE('',*,*,#4768,.T.);
#6760=ORIENTED_EDGE('',*,*,#4769,.F.);
#6761=ORIENTED_EDGE('',*,*,#4770,.F.);
#6762=ORIENTED_EDGE('',*,*,#4748,.F.);
#6763=ORIENTED_EDGE('',*,*,#4747,.F.);
#6764=ORIENTED_EDGE('',*,*,#4758,.F.);
#6765=ORIENTED_EDGE('',*,*,#4755,.F.);
#6766=ORIENTED_EDGE('',*,*,#4750,.T.);
#6767=ORIENTED_EDGE('',*,*,#4771,.T.);
#6768=ORIENTED_EDGE('',*,*,#4772,.T.);
#6769=ORIENTED_EDGE('',*,*,#4759,.T.);
#6770=ORIENTED_EDGE('',*,*,#4771,.F.);
#6771=ORIENTED_EDGE('',*,*,#4749,.F.);
#6772=ORIENTED_EDGE('',*,*,#4762,.F.);
#6773=ORIENTED_EDGE('',*,*,#4761,.T.);
#6774=ORIENTED_EDGE('',*,*,#4760,.T.);
#6775=ORIENTED_EDGE('',*,*,#4773,.T.);
#6776=ORIENTED_EDGE('',*,*,#4774,.T.);
#6777=ORIENTED_EDGE('',*,*,#4775,.F.);
#6778=ORIENTED_EDGE('',*,*,#4776,.F.);
#6779=ORIENTED_EDGE('',*,*,#4777,.F.);
#6780=ORIENTED_EDGE('',*,*,#4765,.T.);
#6781=ORIENTED_EDGE('',*,*,#4777,.T.);
#6782=ORIENTED_EDGE('',*,*,#4778,.F.);
#6783=ORIENTED_EDGE('',*,*,#4766,.F.);
#6784=ORIENTED_EDGE('',*,*,#4779,.T.);
#6785=ORIENTED_EDGE('',*,*,#4780,.F.);
#6786=ORIENTED_EDGE('',*,*,#4781,.T.);
#6787=ORIENTED_EDGE('',*,*,#4782,.T.);
#6788=ORIENTED_EDGE('',*,*,#4783,.F.);
#6789=ORIENTED_EDGE('',*,*,#4784,.F.);
#6790=ORIENTED_EDGE('',*,*,#4769,.T.);
#6791=ORIENTED_EDGE('',*,*,#4768,.F.);
#6792=ORIENTED_EDGE('',*,*,#4767,.F.);
#6793=ORIENTED_EDGE('',*,*,#4785,.T.);
#6794=ORIENTED_EDGE('',*,*,#4770,.T.);
#6795=ORIENTED_EDGE('',*,*,#4786,.T.);
#6796=ORIENTED_EDGE('',*,*,#4787,.F.);
#6797=ORIENTED_EDGE('',*,*,#4788,.F.);
#6798=ORIENTED_EDGE('',*,*,#4788,.T.);
#6799=ORIENTED_EDGE('',*,*,#4789,.T.);
#6800=ORIENTED_EDGE('',*,*,#4790,.F.);
#6801=ORIENTED_EDGE('',*,*,#4772,.F.);
#6802=ORIENTED_EDGE('',*,*,#4791,.F.);
#6803=ORIENTED_EDGE('',*,*,#4792,.F.);
#6804=ORIENTED_EDGE('',*,*,#4776,.T.);
#6805=ORIENTED_EDGE('',*,*,#4775,.T.);
#6806=ORIENTED_EDGE('',*,*,#4774,.F.);
#6807=ORIENTED_EDGE('',*,*,#4793,.T.);
#6808=ORIENTED_EDGE('',*,*,#4794,.T.);
#6809=ORIENTED_EDGE('',*,*,#4795,.F.);
#6810=ORIENTED_EDGE('',*,*,#4796,.F.);
#6811=ORIENTED_EDGE('',*,*,#4797,.T.);
#6812=ORIENTED_EDGE('',*,*,#4773,.F.);
#6813=ORIENTED_EDGE('',*,*,#4790,.T.);
#6814=ORIENTED_EDGE('',*,*,#4798,.T.);
#6815=ORIENTED_EDGE('',*,*,#4799,.F.);
#6816=ORIENTED_EDGE('',*,*,#4778,.T.);
#6817=ORIENTED_EDGE('',*,*,#4792,.T.);
#6818=ORIENTED_EDGE('',*,*,#4800,.F.);
#6819=ORIENTED_EDGE('',*,*,#4785,.F.);
#6820=ORIENTED_EDGE('',*,*,#4791,.T.);
#6821=ORIENTED_EDGE('',*,*,#4801,.F.);
#6822=ORIENTED_EDGE('',*,*,#4779,.F.);
#6823=ORIENTED_EDGE('',*,*,#4800,.T.);
#6824=ORIENTED_EDGE('',*,*,#4780,.T.);
#6825=ORIENTED_EDGE('',*,*,#4801,.T.);
#6826=ORIENTED_EDGE('',*,*,#4797,.F.);
#6827=ORIENTED_EDGE('',*,*,#4802,.F.);
#6828=ORIENTED_EDGE('',*,*,#4781,.F.);
#6829=ORIENTED_EDGE('',*,*,#4802,.T.);
#6830=ORIENTED_EDGE('',*,*,#4796,.T.);
#6831=ORIENTED_EDGE('',*,*,#4803,.F.);
#6832=ORIENTED_EDGE('',*,*,#4803,.T.);
#6833=ORIENTED_EDGE('',*,*,#4795,.T.);
#6834=ORIENTED_EDGE('',*,*,#4804,.F.);
#6835=ORIENTED_EDGE('',*,*,#4782,.F.);
#6836=ORIENTED_EDGE('',*,*,#4794,.F.);
#6837=ORIENTED_EDGE('',*,*,#4805,.F.);
#6838=ORIENTED_EDGE('',*,*,#4783,.T.);
#6839=ORIENTED_EDGE('',*,*,#4804,.T.);
#6840=ORIENTED_EDGE('',*,*,#4784,.T.);
#6841=ORIENTED_EDGE('',*,*,#4805,.T.);
#6842=ORIENTED_EDGE('',*,*,#4793,.F.);
#6843=ORIENTED_EDGE('',*,*,#4806,.F.);
#6844=ORIENTED_EDGE('',*,*,#4786,.F.);
#6845=ORIENTED_EDGE('',*,*,#4806,.T.);
#6846=ORIENTED_EDGE('',*,*,#4799,.T.);
#6847=ORIENTED_EDGE('',*,*,#4807,.F.);
#6848=ORIENTED_EDGE('',*,*,#4789,.F.);
#6849=ORIENTED_EDGE('',*,*,#4787,.T.);
#6850=ORIENTED_EDGE('',*,*,#4807,.T.);
#6851=ORIENTED_EDGE('',*,*,#4798,.F.);
#6852=ORIENTED_EDGE('',*,*,#4808,.T.);
#6853=ORIENTED_EDGE('',*,*,#4809,.T.);
#6854=ORIENTED_EDGE('',*,*,#4810,.T.);
#6855=ORIENTED_EDGE('',*,*,#4811,.T.);
#6856=ORIENTED_EDGE('',*,*,#4809,.F.);
#6857=ORIENTED_EDGE('',*,*,#4812,.F.);
#6858=ORIENTED_EDGE('',*,*,#4813,.F.);
#6859=ORIENTED_EDGE('',*,*,#4814,.F.);
#6860=ORIENTED_EDGE('',*,*,#4815,.T.);
#6861=ORIENTED_EDGE('',*,*,#4816,.T.);
#6862=ORIENTED_EDGE('',*,*,#4817,.T.);
#6863=ORIENTED_EDGE('',*,*,#4813,.T.);
#6864=ORIENTED_EDGE('',*,*,#4816,.F.);
#6865=ORIENTED_EDGE('',*,*,#4818,.F.);
#6866=ORIENTED_EDGE('',*,*,#4819,.F.);
#6867=ORIENTED_EDGE('',*,*,#4820,.F.);
#6868=ORIENTED_EDGE('',*,*,#4811,.F.);
#6869=ORIENTED_EDGE('',*,*,#4821,.F.);
#6870=ORIENTED_EDGE('',*,*,#4822,.F.);
#6871=ORIENTED_EDGE('',*,*,#4823,.F.);
#6872=ORIENTED_EDGE('',*,*,#4821,.T.);
#6873=ORIENTED_EDGE('',*,*,#4810,.F.);
#6874=ORIENTED_EDGE('',*,*,#4814,.T.);
#6875=ORIENTED_EDGE('',*,*,#4817,.F.);
#6876=ORIENTED_EDGE('',*,*,#4820,.T.);
#6877=ORIENTED_EDGE('',*,*,#4824,.F.);
#6878=ORIENTED_EDGE('',*,*,#4825,.F.);
#6879=ORIENTED_EDGE('',*,*,#4826,.T.);
#6880=ORIENTED_EDGE('',*,*,#4827,.T.);
#6881=ORIENTED_EDGE('',*,*,#4828,.F.);
#6882=ORIENTED_EDGE('',*,*,#4819,.T.);
#6883=ORIENTED_EDGE('',*,*,#4829,.F.);
#6884=ORIENTED_EDGE('',*,*,#4830,.F.);
#6885=ORIENTED_EDGE('',*,*,#4831,.F.);
#6886=ORIENTED_EDGE('',*,*,#4832,.T.);
#6887=ORIENTED_EDGE('',*,*,#4833,.T.);
#6888=ORIENTED_EDGE('',*,*,#4824,.T.);
#6889=ORIENTED_EDGE('',*,*,#4834,.T.);
#6890=ORIENTED_EDGE('',*,*,#4835,.T.);
#6891=ORIENTED_EDGE('',*,*,#4836,.T.);
#6892=ORIENTED_EDGE('',*,*,#4837,.T.);
#6893=ORIENTED_EDGE('',*,*,#4836,.F.);
#6894=ORIENTED_EDGE('',*,*,#4838,.T.);
#6895=ORIENTED_EDGE('',*,*,#4839,.F.);
#6896=ORIENTED_EDGE('',*,*,#4840,.T.);
#6897=ORIENTED_EDGE('',*,*,#4841,.T.);
#6898=ORIENTED_EDGE('',*,*,#4842,.T.);
#6899=ORIENTED_EDGE('',*,*,#4843,.T.);
#6900=ORIENTED_EDGE('',*,*,#4844,.T.);
#6901=ORIENTED_EDGE('',*,*,#4845,.T.);
#6902=ORIENTED_EDGE('',*,*,#4846,.T.);
#6903=ORIENTED_EDGE('',*,*,#4835,.F.);
#6904=ORIENTED_EDGE('',*,*,#4847,.F.);
#6905=ORIENTED_EDGE('',*,*,#4848,.F.);
#6906=ORIENTED_EDGE('',*,*,#4838,.F.);
#6907=ORIENTED_EDGE('',*,*,#4849,.T.);
#6908=ORIENTED_EDGE('',*,*,#4850,.T.);
#6909=ORIENTED_EDGE('',*,*,#4839,.T.);
#6910=ORIENTED_EDGE('',*,*,#4848,.T.);
#6911=ORIENTED_EDGE('',*,*,#4832,.F.);
#6912=ORIENTED_EDGE('',*,*,#4851,.T.);
#6913=ORIENTED_EDGE('',*,*,#4845,.F.);
#6914=ORIENTED_EDGE('',*,*,#4852,.F.);
#6915=ORIENTED_EDGE('',*,*,#4853,.F.);
#6916=ORIENTED_EDGE('',*,*,#4854,.T.);
#6917=ORIENTED_EDGE('',*,*,#4841,.F.);
#6918=ORIENTED_EDGE('',*,*,#4855,.F.);
#6919=ORIENTED_EDGE('',*,*,#4822,.T.);
#6920=ORIENTED_EDGE('',*,*,#4828,.T.);
#6921=ORIENTED_EDGE('',*,*,#4856,.T.);
#6922=ORIENTED_EDGE('',*,*,#4853,.T.);
#6923=ORIENTED_EDGE('',*,*,#4857,.F.);
#6924=ORIENTED_EDGE('',*,*,#4858,.F.);
#6925=ORIENTED_EDGE('',*,*,#4859,.F.);
#6926=ORIENTED_EDGE('',*,*,#4827,.F.);
#6927=ORIENTED_EDGE('',*,*,#4860,.T.);
#6928=ORIENTED_EDGE('',*,*,#4861,.T.);
#6929=ORIENTED_EDGE('',*,*,#4842,.F.);
#6930=ORIENTED_EDGE('',*,*,#4854,.F.);
#6931=ORIENTED_EDGE('',*,*,#4856,.F.);
#6932=ORIENTED_EDGE('',*,*,#4862,.T.);
#6933=ORIENTED_EDGE('',*,*,#4825,.T.);
#6934=ORIENTED_EDGE('',*,*,#4833,.F.);
#6935=ORIENTED_EDGE('',*,*,#4852,.T.);
#6936=ORIENTED_EDGE('',*,*,#4844,.F.);
#6937=ORIENTED_EDGE('',*,*,#4863,.T.);
#6938=ORIENTED_EDGE('',*,*,#4861,.F.);
#6939=ORIENTED_EDGE('',*,*,#4864,.T.);
#6940=ORIENTED_EDGE('',*,*,#4863,.F.);
#6941=ORIENTED_EDGE('',*,*,#4843,.F.);
#6942=ORIENTED_EDGE('',*,*,#4826,.F.);
#6943=ORIENTED_EDGE('',*,*,#4862,.F.);
#6944=ORIENTED_EDGE('',*,*,#4864,.F.);
#6945=ORIENTED_EDGE('',*,*,#4860,.F.);
#6946=ORIENTED_EDGE('',*,*,#4823,.T.);
#6947=ORIENTED_EDGE('',*,*,#4859,.T.);
#6948=ORIENTED_EDGE('',*,*,#4865,.T.);
#6949=ORIENTED_EDGE('',*,*,#4866,.F.);
#6950=ORIENTED_EDGE('',*,*,#4867,.F.);
#6951=ORIENTED_EDGE('',*,*,#4829,.T.);
#6952=ORIENTED_EDGE('',*,*,#4818,.T.);
#6953=ORIENTED_EDGE('',*,*,#4815,.F.);
#6954=ORIENTED_EDGE('',*,*,#4812,.T.);
#6955=ORIENTED_EDGE('',*,*,#4808,.F.);
#6956=ORIENTED_EDGE('',*,*,#4830,.T.);
#6957=ORIENTED_EDGE('',*,*,#4867,.T.);
#6958=ORIENTED_EDGE('',*,*,#4868,.F.);
#6959=ORIENTED_EDGE('',*,*,#4869,.F.);
#6960=ORIENTED_EDGE('',*,*,#4837,.F.);
#6961=ORIENTED_EDGE('',*,*,#4846,.F.);
#6962=ORIENTED_EDGE('',*,*,#4851,.F.);
#6963=ORIENTED_EDGE('',*,*,#4831,.T.);
#6964=ORIENTED_EDGE('',*,*,#4869,.T.);
#6965=ORIENTED_EDGE('',*,*,#4870,.F.);
#6966=ORIENTED_EDGE('',*,*,#4850,.F.);
#6967=ORIENTED_EDGE('',*,*,#4871,.F.);
#6968=ORIENTED_EDGE('',*,*,#4872,.F.);
#6969=ORIENTED_EDGE('',*,*,#4857,.T.);
#6970=ORIENTED_EDGE('',*,*,#4855,.T.);
#6971=ORIENTED_EDGE('',*,*,#4840,.F.);
#6972=ORIENTED_EDGE('',*,*,#4858,.T.);
#6973=ORIENTED_EDGE('',*,*,#4872,.T.);
#6974=ORIENTED_EDGE('',*,*,#4873,.F.);
#6975=ORIENTED_EDGE('',*,*,#4865,.F.);
#6976=ORIENTED_EDGE('',*,*,#4834,.F.);
#6977=ORIENTED_EDGE('',*,*,#4870,.T.);
#6978=ORIENTED_EDGE('',*,*,#4868,.T.);
#6979=ORIENTED_EDGE('',*,*,#4866,.T.);
#6980=ORIENTED_EDGE('',*,*,#4873,.T.);
#6981=ORIENTED_EDGE('',*,*,#4871,.T.);
#6982=ORIENTED_EDGE('',*,*,#4849,.F.);
#6983=ORIENTED_EDGE('',*,*,#4847,.T.);
#6984=ORIENTED_EDGE('',*,*,#4874,.F.);
#6985=ORIENTED_EDGE('',*,*,#4875,.T.);
#6986=ORIENTED_EDGE('',*,*,#4876,.F.);
#6987=ORIENTED_EDGE('',*,*,#4875,.F.);
#6988=ORIENTED_EDGE('',*,*,#4877,.F.);
#6989=ORIENTED_EDGE('',*,*,#4878,.F.);
#6990=ORIENTED_EDGE('',*,*,#4879,.F.);
#6991=ORIENTED_EDGE('',*,*,#4880,.F.);
#6992=ORIENTED_EDGE('',*,*,#4881,.F.);
#6993=ORIENTED_EDGE('',*,*,#4880,.T.);
#6994=ORIENTED_EDGE('',*,*,#4882,.F.);
#6995=ORIENTED_EDGE('',*,*,#4883,.F.);
#6996=ORIENTED_EDGE('',*,*,#4884,.F.);
#6997=ORIENTED_EDGE('',*,*,#4883,.T.);
#6998=ORIENTED_EDGE('',*,*,#4885,.F.);
#6999=ORIENTED_EDGE('',*,*,#4886,.F.);
#7000=ORIENTED_EDGE('',*,*,#4887,.F.);
#7001=ORIENTED_EDGE('',*,*,#4886,.T.);
#7002=ORIENTED_EDGE('',*,*,#4888,.F.);
#7003=ORIENTED_EDGE('',*,*,#4889,.T.);
#7004=ORIENTED_EDGE('',*,*,#4890,.F.);
#7005=ORIENTED_EDGE('',*,*,#4889,.F.);
#7006=ORIENTED_EDGE('',*,*,#4891,.F.);
#7007=ORIENTED_EDGE('',*,*,#4892,.F.);
#7008=ORIENTED_EDGE('',*,*,#4893,.F.);
#7009=ORIENTED_EDGE('',*,*,#4892,.T.);
#7010=ORIENTED_EDGE('',*,*,#4894,.F.);
#7011=ORIENTED_EDGE('',*,*,#4895,.F.);
#7012=ORIENTED_EDGE('',*,*,#4896,.F.);
#7013=ORIENTED_EDGE('',*,*,#4895,.T.);
#7014=ORIENTED_EDGE('',*,*,#4897,.F.);
#7015=ORIENTED_EDGE('',*,*,#4898,.F.);
#7016=ORIENTED_EDGE('',*,*,#4899,.F.);
#7017=ORIENTED_EDGE('',*,*,#4898,.T.);
#7018=ORIENTED_EDGE('',*,*,#4900,.F.);
#7019=ORIENTED_EDGE('',*,*,#4901,.T.);
#7020=ORIENTED_EDGE('',*,*,#4902,.F.);
#7021=ORIENTED_EDGE('',*,*,#4903,.F.);
#7022=ORIENTED_EDGE('',*,*,#4904,.F.);
#7023=ORIENTED_EDGE('',*,*,#4905,.F.);
#7024=ORIENTED_EDGE('',*,*,#4906,.F.);
#7025=ORIENTED_EDGE('',*,*,#4905,.T.);
#7026=ORIENTED_EDGE('',*,*,#4907,.F.);
#7027=ORIENTED_EDGE('',*,*,#4908,.F.);
#7028=ORIENTED_EDGE('',*,*,#4909,.F.);
#7029=ORIENTED_EDGE('',*,*,#4901,.F.);
#7030=ORIENTED_EDGE('',*,*,#4910,.F.);
#7031=ORIENTED_EDGE('',*,*,#4911,.F.);
#7032=ORIENTED_EDGE('',*,*,#4912,.F.);
#7033=ORIENTED_EDGE('',*,*,#4911,.T.);
#7034=ORIENTED_EDGE('',*,*,#4913,.F.);
#7035=ORIENTED_EDGE('',*,*,#4914,.F.);
#7036=ORIENTED_EDGE('',*,*,#4915,.F.);
#7037=ORIENTED_EDGE('',*,*,#4916,.T.);
#7038=ORIENTED_EDGE('',*,*,#4917,.F.);
#7039=ORIENTED_EDGE('',*,*,#4878,.T.);
#7040=ORIENTED_EDGE('',*,*,#4918,.F.);
#7041=ORIENTED_EDGE('',*,*,#4908,.T.);
#7042=ORIENTED_EDGE('',*,*,#4919,.F.);
#7043=ORIENTED_EDGE('',*,*,#4916,.F.);
#7044=ORIENTED_EDGE('',*,*,#4920,.F.);
#7045=ORIENTED_EDGE('',*,*,#4921,.T.);
#7046=ORIENTED_EDGE('',*,*,#4922,.F.);
#7047=ORIENTED_EDGE('',*,*,#4903,.T.);
#7048=ORIENTED_EDGE('',*,*,#4923,.F.);
#7049=ORIENTED_EDGE('',*,*,#4914,.T.);
#7050=ORIENTED_EDGE('',*,*,#4924,.F.);
#7051=ORIENTED_EDGE('',*,*,#4921,.F.);
#7052=ORIENTED_EDGE('',*,*,#4925,.F.);
#7053=ORIENTED_EDGE('',*,*,#4913,.T.);
#7054=ORIENTED_EDGE('',*,*,#4910,.T.);
#7055=ORIENTED_EDGE('',*,*,#4900,.T.);
#7056=ORIENTED_EDGE('',*,*,#4897,.T.);
#7057=ORIENTED_EDGE('',*,*,#4894,.T.);
#7058=ORIENTED_EDGE('',*,*,#4891,.T.);
#7059=ORIENTED_EDGE('',*,*,#4888,.T.);
#7060=ORIENTED_EDGE('',*,*,#4885,.T.);
#7061=ORIENTED_EDGE('',*,*,#4882,.T.);
#7062=ORIENTED_EDGE('',*,*,#4879,.T.);
#7063=ORIENTED_EDGE('',*,*,#4917,.T.);
#7064=ORIENTED_EDGE('',*,*,#4919,.T.);
#7065=ORIENTED_EDGE('',*,*,#4907,.T.);
#7066=ORIENTED_EDGE('',*,*,#4904,.T.);
#7067=ORIENTED_EDGE('',*,*,#4922,.T.);
#7068=ORIENTED_EDGE('',*,*,#4924,.T.);
#7069=ORIENTED_EDGE('',*,*,#4926,.F.);
#7070=ORIENTED_EDGE('',*,*,#4927,.T.);
#7071=ORIENTED_EDGE('',*,*,#4928,.T.);
#7072=ORIENTED_EDGE('',*,*,#4927,.F.);
#7073=ORIENTED_EDGE('',*,*,#4929,.F.);
#7074=ORIENTED_EDGE('',*,*,#4926,.T.);
#7075=ORIENTED_EDGE('',*,*,#4874,.T.);
#7076=ORIENTED_EDGE('',*,*,#4930,.T.);
#7077=ORIENTED_EDGE('',*,*,#4929,.T.);
#7078=ORIENTED_EDGE('',*,*,#4930,.F.);
#7079=ORIENTED_EDGE('',*,*,#4876,.T.);
#7080=ORIENTED_EDGE('',*,*,#4909,.T.);
#7081=ORIENTED_EDGE('',*,*,#4912,.T.);
#7082=ORIENTED_EDGE('',*,*,#4923,.T.);
#7083=ORIENTED_EDGE('',*,*,#4931,.T.);
#7084=ORIENTED_EDGE('',*,*,#4932,.F.);
#7085=ORIENTED_EDGE('',*,*,#4933,.F.);
#7086=ORIENTED_EDGE('',*,*,#4931,.F.);
#7087=ORIENTED_EDGE('',*,*,#4925,.T.);
#7088=ORIENTED_EDGE('',*,*,#4920,.T.);
#7089=ORIENTED_EDGE('',*,*,#4902,.T.);
#7090=ORIENTED_EDGE('',*,*,#4906,.T.);
#7091=ORIENTED_EDGE('',*,*,#4918,.T.);
#7092=ORIENTED_EDGE('',*,*,#4915,.T.);
#7093=ORIENTED_EDGE('',*,*,#4877,.T.);
#7094=ORIENTED_EDGE('',*,*,#4881,.T.);
#7095=ORIENTED_EDGE('',*,*,#4884,.T.);
#7096=ORIENTED_EDGE('',*,*,#4887,.T.);
#7097=ORIENTED_EDGE('',*,*,#4890,.T.);
#7098=ORIENTED_EDGE('',*,*,#4893,.T.);
#7099=ORIENTED_EDGE('',*,*,#4896,.T.);
#7100=ORIENTED_EDGE('',*,*,#4899,.T.);
#7101=ORIENTED_EDGE('',*,*,#4934,.F.);
#7102=ORIENTED_EDGE('',*,*,#4935,.T.);
#7103=ORIENTED_EDGE('',*,*,#4932,.T.);
#7104=ORIENTED_EDGE('',*,*,#4933,.T.);
#7105=ORIENTED_EDGE('',*,*,#4935,.F.);
#7106=ORIENTED_EDGE('',*,*,#4934,.T.);
#7107=ORIENTED_EDGE('',*,*,#4928,.F.);
#7108=PLANE('',#8369);
#7109=PLANE('',#8370);
#7110=PLANE('',#8371);
#7111=PLANE('',#8372);
#7112=PLANE('',#8373);
#7113=PLANE('',#8374);
#7114=PLANE('',#8375);
#7115=PLANE('',#8376);
#7116=PLANE('',#8377);
#7117=PLANE('',#8378);
#7118=PLANE('',#8379);
#7119=PLANE('',#8380);
#7120=PLANE('',#8381);
#7121=PLANE('',#8382);
#7122=PLANE('',#8383);
#7123=PLANE('',#8384);
#7124=PLANE('',#8385);
#7125=PLANE('',#8386);
#7126=PLANE('',#8387);
#7127=PLANE('',#8388);
#7128=PLANE('',#8389);
#7129=PLANE('',#8390);
#7130=PLANE('',#8391);
#7131=PLANE('',#8392);
#7132=PLANE('',#8393);
#7133=PLANE('',#8394);
#7134=PLANE('',#8395);
#7135=PLANE('',#8396);
#7136=PLANE('',#8397);
#7137=PLANE('',#8398);
#7138=PLANE('',#8399);
#7139=PLANE('',#8400);
#7140=PLANE('',#8401);
#7141=PLANE('',#8402);
#7142=PLANE('',#8403);
#7143=PLANE('',#8404);
#7144=PLANE('',#8405);
#7145=PLANE('',#8406);
#7146=PLANE('',#8407);
#7147=PLANE('',#8408);
#7148=PLANE('',#8409);
#7149=PLANE('',#8410);
#7150=PLANE('',#8411);
#7151=PLANE('',#8412);
#7152=PLANE('',#8413);
#7153=PLANE('',#8414);
#7154=PLANE('',#8415);
#7155=PLANE('',#8416);
#7156=PLANE('',#8418);
#7157=PLANE('',#8419);
#7158=PLANE('',#8421);
#7159=PLANE('',#8422);
#7160=PLANE('',#8424);
#7161=PLANE('',#8425);
#7162=PLANE('',#8427);
#7163=PLANE('',#8428);
#7164=PLANE('',#8430);
#7165=PLANE('',#8431);
#7166=PLANE('',#8433);
#7167=PLANE('',#8435);
#7168=PLANE('',#8436);
#7169=PLANE('',#8438);
#7170=PLANE('',#8439);
#7171=PLANE('',#8440);
#7172=PLANE('',#8442);
#7173=PLANE('',#8443);
#7174=PLANE('',#8445);
#7175=PLANE('',#8446);
#7176=PLANE('',#8448);
#7177=PLANE('',#8449);
#7178=PLANE('',#8451);
#7179=PLANE('',#8452);
#7180=PLANE('',#8454);
#7181=PLANE('',#8455);
#7182=PLANE('',#8457);
#7183=PLANE('',#8458);
#7184=PLANE('',#8460);
#7185=PLANE('',#8461);
#7186=PLANE('',#8463);
#7187=PLANE('',#8464);
#7188=PLANE('',#8466);
#7189=PLANE('',#8467);
#7190=PLANE('',#8469);
#7191=PLANE('',#8470);
#7192=PLANE('',#8472);
#7193=PLANE('',#8473);
#7194=PLANE('',#8475);
#7195=PLANE('',#8477);
#7196=PLANE('',#8478);
#7197=PLANE('',#8480);
#7198=PLANE('',#8481);
#7199=PLANE('',#8482);
#7200=PLANE('',#8484);
#7201=PLANE('',#8485);
#7202=PLANE('',#8487);
#7203=PLANE('',#8489);
#7204=PLANE('',#8490);
#7205=PLANE('',#8492);
#7206=PLANE('',#8493);
#7207=PLANE('',#8495);
#7208=PLANE('',#8496);
#7209=PLANE('',#8498);
#7210=PLANE('',#8499);
#7211=PLANE('',#8500);
#7212=PLANE('',#8501);
#7213=PLANE('',#8502);
#7214=PLANE('',#8503);
#7215=PLANE('',#8504);
#7216=PLANE('',#8505);
#7217=PLANE('',#8506);
#7218=PLANE('',#8507);
#7219=PLANE('',#8508);
#7220=PLANE('',#8509);
#7221=PLANE('',#8510);
#7222=PLANE('',#8511);
#7223=PLANE('',#8512);
#7224=PLANE('',#8513);
#7225=PLANE('',#8514);
#7226=PLANE('',#8515);
#7227=PLANE('',#8516);
#7228=PLANE('',#8517);
#7229=PLANE('',#8518);
#7230=PLANE('',#8519);
#7231=PLANE('',#8520);
#7232=PLANE('',#8521);
#7233=PLANE('',#8522);
#7234=PLANE('',#8523);
#7235=PLANE('',#8524);
#7236=PLANE('',#8525);
#7237=PLANE('',#8526);
#7238=PLANE('',#8527);
#7239=PLANE('',#8528);
#7240=PLANE('',#8529);
#7241=PLANE('',#8530);
#7242=PLANE('',#8531);
#7243=PLANE('',#8532);
#7244=PLANE('',#8533);
#7245=PLANE('',#8534);
#7246=PLANE('',#8535);
#7247=PLANE('',#8536);
#7248=PLANE('',#8537);
#7249=PLANE('',#8538);
#7250=PLANE('',#8539);
#7251=PLANE('',#8540);
#7252=PLANE('',#8541);
#7253=PLANE('',#8542);
#7254=PLANE('',#8543);
#7255=PLANE('',#8544);
#7256=PLANE('',#8545);
#7257=PLANE('',#8546);
#7258=PLANE('',#8547);
#7259=PLANE('',#8548);
#7260=PLANE('',#8549);
#7261=PLANE('',#8550);
#7262=PLANE('',#8551);
#7263=PLANE('',#8552);
#7264=PLANE('',#8553);
#7265=PLANE('',#8554);
#7266=PLANE('',#8556);
#7267=PLANE('',#8557);
#7268=PLANE('',#8558);
#7269=PLANE('',#8559);
#7270=PLANE('',#8560);
#7271=PLANE('',#8562);
#7272=PLANE('',#8563);
#7273=PLANE('',#8564);
#7274=PLANE('',#8565);
#7275=PLANE('',#8567);
#7276=PLANE('',#8568);
#7277=PLANE('',#8569);
#7278=PLANE('',#8571);
#7279=PLANE('',#8572);
#7280=PLANE('',#8573);
#7281=PLANE('',#8574);
#7282=PLANE('',#8575);
#7283=PLANE('',#8577);
#7284=PLANE('',#8578);
#7285=PLANE('',#8579);
#7286=PLANE('',#8581);
#7287=PLANE('',#8582);
#7288=PLANE('',#8583);
#7289=PLANE('',#8584);
#7290=PLANE('',#8586);
#7291=PLANE('',#8587);
#7292=PLANE('',#8588);
#7293=PLANE('',#8589);
#7294=PLANE('',#8590);
#7295=PLANE('',#8592);
#7296=PLANE('',#8593);
#7297=PLANE('',#8594);
#7298=PLANE('',#8595);
#7299=PLANE('',#8597);
#7300=PLANE('',#8598);
#7301=PLANE('',#8599);
#7302=PLANE('',#8601);
#7303=PLANE('',#8602);
#7304=PLANE('',#8603);
#7305=PLANE('',#8604);
#7306=PLANE('',#8606);
#7307=PLANE('',#8607);
#7308=PLANE('',#8608);
#7309=PLANE('',#8609);
#7310=PLANE('',#8611);
#7311=PLANE('',#8612);
#7312=PLANE('',#8613);
#7313=PLANE('',#8614);
#7314=PLANE('',#8616);
#7315=PLANE('',#8617);
#7316=PLANE('',#8618);
#7317=PLANE('',#8619);
#7318=PLANE('',#8621);
#7319=PLANE('',#8622);
#7320=PLANE('',#8623);
#7321=PLANE('',#8624);
#7322=PLANE('',#8625);
#7323=PLANE('',#8626);
#7324=PLANE('',#8627);
#7325=PLANE('',#8628);
#7326=PLANE('',#8629);
#7327=PLANE('',#8630);
#7328=PLANE('',#8631);
#7329=PLANE('',#8632);
#7330=PLANE('',#8633);
#7331=PLANE('',#8634);
#7332=PLANE('',#8635);
#7333=PLANE('',#8636);
#7334=PLANE('',#8637);
#7335=PLANE('',#8638);
#7336=PLANE('',#8639);
#7337=PLANE('',#8640);
#7338=PLANE('',#8641);
#7339=PLANE('',#8642);
#7340=PLANE('',#8643);
#7341=PLANE('',#8644);
#7342=PLANE('',#8645);
#7343=PLANE('',#8646);
#7344=PLANE('',#8647);
#7345=PLANE('',#8648);
#7346=PLANE('',#8649);
#7347=PLANE('',#8650);
#7348=PLANE('',#8651);
#7349=PLANE('',#8652);
#7350=PLANE('',#8653);
#7351=PLANE('',#8654);
#7352=PLANE('',#8655);
#7353=PLANE('',#8656);
#7354=PLANE('',#8657);
#7355=PLANE('',#8658);
#7356=PLANE('',#8659);
#7357=PLANE('',#8660);
#7358=PLANE('',#8661);
#7359=PLANE('',#8662);
#7360=PLANE('',#8663);
#7361=PLANE('',#8664);
#7362=PLANE('',#8665);
#7363=PLANE('',#8666);
#7364=PLANE('',#8667);
#7365=PLANE('',#8668);
#7366=PLANE('',#8669);
#7367=PLANE('',#8670);
#7368=PLANE('',#8671);
#7369=PLANE('',#8672);
#7370=PLANE('',#8673);
#7371=PLANE('',#8674);
#7372=PLANE('',#8675);
#7373=PLANE('',#8676);
#7374=PLANE('',#8677);
#7375=PLANE('',#8678);
#7376=PLANE('',#8679);
#7377=PLANE('',#8680);
#7378=PLANE('',#8681);
#7379=PLANE('',#8682);
#7380=PLANE('',#8683);
#7381=PLANE('',#8684);
#7382=PLANE('',#8685);
#7383=PLANE('',#8686);
#7384=PLANE('',#8687);
#7385=PLANE('',#8688);
#7386=PLANE('',#8689);
#7387=PLANE('',#8690);
#7388=PLANE('',#8691);
#7389=PLANE('',#8692);
#7390=PLANE('',#8693);
#7391=PLANE('',#8694);
#7392=PLANE('',#8695);
#7393=PLANE('',#8696);
#7394=PLANE('',#8697);
#7395=PLANE('',#8698);
#7396=PLANE('',#8699);
#7397=PLANE('',#8700);
#7398=PLANE('',#8701);
#7399=PLANE('',#8702);
#7400=PLANE('',#8703);
#7401=PLANE('',#8704);
#7402=PLANE('',#8705);
#7403=PLANE('',#8706);
#7404=PLANE('',#8707);
#7405=PLANE('',#8708);
#7406=PLANE('',#8709);
#7407=PLANE('',#8710);
#7408=PLANE('',#8711);
#7409=PLANE('',#8712);
#7410=PLANE('',#8713);
#7411=PLANE('',#8714);
#7412=PLANE('',#8715);
#7413=PLANE('',#8716);
#7414=PLANE('',#8717);
#7415=PLANE('',#8718);
#7416=PLANE('',#8719);
#7417=PLANE('',#8720);
#7418=PLANE('',#8721);
#7419=PLANE('',#8722);
#7420=PLANE('',#8723);
#7421=PLANE('',#8724);
#7422=PLANE('',#8725);
#7423=PLANE('',#8726);
#7424=PLANE('',#8727);
#7425=PLANE('',#8728);
#7426=PLANE('',#8729);
#7427=PLANE('',#8730);
#7428=PLANE('',#8731);
#7429=PLANE('',#8732);
#7430=PLANE('',#8733);
#7431=PLANE('',#8734);
#7432=PLANE('',#8735);
#7433=PLANE('',#8736);
#7434=PLANE('',#8741);
#7435=PLANE('',#8742);
#7436=PLANE('',#8743);
#7437=PLANE('',#8763);
#7438=PLANE('',#8785);
#7439=PLANE('',#8786);
#7440=PLANE('',#8805);
#7441=PLANE('',#8806);
#7442=PLANE('',#8815);
#7443=PLANE('',#8818);
#7444=PLANE('',#8820);
#7445=PLANE('',#8821);
#7446=PLANE('',#8823);
#7447=PLANE('',#8824);
#7448=PLANE('',#8825);
#7449=PLANE('',#8830);
#7450=PLANE('',#8831);
#7451=PLANE('',#8832);
#7452=PLANE('',#8837);
#7453=PLANE('',#8839);
#7454=PLANE('',#8841);
#7455=PLANE('',#8843);
#7456=PLANE('',#8845);
#7457=PLANE('',#8846);
#7458=PLANE('',#8848);
#7459=PLANE('',#8849);
#7460=PLANE('',#8850);
#7461=PLANE('',#8851);
#7462=PLANE('',#8852);
#7463=PLANE('',#8853);
#7464=PLANE('',#8854);
#7465=PLANE('',#8859);
#7466=PLANE('',#8861);
#7467=PLANE('',#8864);
#7468=PLANE('',#8865);
#7469=PLANE('',#8866);
#7470=PLANE('',#8868);
#7471=PLANE('',#8869);
#7472=PLANE('',#8870);
#7473=PLANE('',#8871);
#7474=PLANE('',#8872);
#7475=PLANE('',#8875);
#7476=PLANE('',#8876);
#7477=PLANE('',#8879);
#7478=PLANE('',#8886);
#7479=PLANE('',#8888);
#7480=PLANE('',#8890);
#7481=PLANE('',#8894);
#7482=PLANE('',#8896);
#7483=PLANE('',#8898);
#7484=PLANE('',#8902);
#7485=PLANE('',#8906);
#7486=PLANE('',#8908);
#7487=PLANE('',#8910);
#7488=PLANE('',#8912);
#7489=PLANE('',#8914);
#7490=PLANE('',#8917);
#7491=PLANE('',#8921);
#7492=PLANE('',#8924);
#7493=PLANE('',#8931);
#7494=STYLED_ITEM('',(#13384),#7865);
#7495=STYLED_ITEM('',(#13384),#7866);
#7496=STYLED_ITEM('',(#13384),#7867);
#7497=STYLED_ITEM('',(#13384),#7868);
#7498=STYLED_ITEM('',(#13384),#7869);
#7499=STYLED_ITEM('',(#13384),#7870);
#7500=STYLED_ITEM('',(#13384),#7871);
#7501=STYLED_ITEM('',(#13384),#7872);
#7502=STYLED_ITEM('',(#13384),#7873);
#7503=STYLED_ITEM('',(#13384),#7874);
#7504=STYLED_ITEM('',(#13384),#7875);
#7505=STYLED_ITEM('',(#13384),#7876);
#7506=STYLED_ITEM('',(#13384),#7877);
#7507=STYLED_ITEM('',(#13384),#7878);
#7508=STYLED_ITEM('',(#13384),#7879);
#7509=STYLED_ITEM('',(#13384),#7880);
#7510=STYLED_ITEM('',(#13384),#7881);
#7511=STYLED_ITEM('',(#13384),#7882);
#7512=STYLED_ITEM('',(#13384),#7883);
#7513=STYLED_ITEM('',(#13384),#7884);
#7514=STYLED_ITEM('',(#13384),#7885);
#7515=STYLED_ITEM('',(#13384),#7886);
#7516=STYLED_ITEM('',(#13384),#7887);
#7517=STYLED_ITEM('',(#13384),#7888);
#7518=STYLED_ITEM('',(#13384),#7889);
#7519=STYLED_ITEM('',(#13384),#7890);
#7520=STYLED_ITEM('',(#13384),#7891);
#7521=STYLED_ITEM('',(#13384),#7892);
#7522=STYLED_ITEM('',(#13384),#7893);
#7523=STYLED_ITEM('',(#13384),#7894);
#7524=STYLED_ITEM('',(#13384),#7895);
#7525=STYLED_ITEM('',(#13384),#7896);
#7526=STYLED_ITEM('',(#13384),#7897);
#7527=STYLED_ITEM('',(#13384),#7898);
#7528=STYLED_ITEM('',(#13384),#7899);
#7529=STYLED_ITEM('',(#13384),#7900);
#7530=STYLED_ITEM('',(#13384),#7901);
#7531=STYLED_ITEM('',(#13384),#7902);
#7532=STYLED_ITEM('',(#13384),#7903);
#7533=STYLED_ITEM('',(#13384),#7904);
#7534=STYLED_ITEM('',(#13384),#7905);
#7535=STYLED_ITEM('',(#13384),#7906);
#7536=STYLED_ITEM('',(#13384),#7907);
#7537=STYLED_ITEM('',(#13384),#7908);
#7538=STYLED_ITEM('',(#13384),#7909);
#7539=STYLED_ITEM('',(#13384),#7910);
#7540=STYLED_ITEM('',(#13385),#7911);
#7541=STYLED_ITEM('',(#13385),#7912);
#7542=STYLED_ITEM('',(#13385),#7913);
#7543=STYLED_ITEM('',(#13385),#7914);
#7544=STYLED_ITEM('',(#13385),#7915);
#7545=STYLED_ITEM('',(#13385),#7916);
#7546=STYLED_ITEM('',(#13385),#7917);
#7547=STYLED_ITEM('',(#13385),#7918);
#7548=STYLED_ITEM('',(#13385),#7919);
#7549=STYLED_ITEM('',(#13385),#7920);
#7550=STYLED_ITEM('',(#13385),#7921);
#7551=STYLED_ITEM('',(#13385),#7922);
#7552=STYLED_ITEM('',(#13385),#7923);
#7553=STYLED_ITEM('',(#13385),#7924);
#7554=STYLED_ITEM('',(#13385),#7925);
#7555=STYLED_ITEM('',(#13385),#7926);
#7556=STYLED_ITEM('',(#13385),#7927);
#7557=STYLED_ITEM('',(#13385),#7928);
#7558=STYLED_ITEM('',(#13385),#7929);
#7559=STYLED_ITEM('',(#13385),#7930);
#7560=STYLED_ITEM('',(#13385),#7931);
#7561=STYLED_ITEM('',(#13385),#7932);
#7562=STYLED_ITEM('',(#13385),#7933);
#7563=STYLED_ITEM('',(#13385),#7934);
#7564=STYLED_ITEM('',(#13385),#7935);
#7565=STYLED_ITEM('',(#13385),#7936);
#7566=STYLED_ITEM('',(#13385),#7937);
#7567=STYLED_ITEM('',(#13385),#7938);
#7568=STYLED_ITEM('',(#13385),#7939);
#7569=STYLED_ITEM('',(#13385),#7940);
#7570=STYLED_ITEM('',(#13385),#7941);
#7571=STYLED_ITEM('',(#13385),#7942);
#7572=STYLED_ITEM('',(#13385),#7943);
#7573=STYLED_ITEM('',(#13385),#7944);
#7574=STYLED_ITEM('',(#13385),#7945);
#7575=STYLED_ITEM('',(#13385),#7946);
#7576=STYLED_ITEM('',(#13385),#7947);
#7577=STYLED_ITEM('',(#13385),#7948);
#7578=STYLED_ITEM('',(#13385),#7949);
#7579=STYLED_ITEM('',(#13385),#7950);
#7580=STYLED_ITEM('',(#13385),#7951);
#7581=STYLED_ITEM('',(#13385),#7952);
#7582=STYLED_ITEM('',(#13385),#7953);
#7583=STYLED_ITEM('',(#13385),#7954);
#7584=STYLED_ITEM('',(#13385),#7955);
#7585=STYLED_ITEM('',(#13385),#7956);
#7586=STYLED_ITEM('',(#13385),#7957);
#7587=STYLED_ITEM('',(#13385),#7958);
#7588=STYLED_ITEM('',(#13385),#7959);
#7589=STYLED_ITEM('',(#13385),#7960);
#7590=STYLED_ITEM('',(#13385),#7961);
#7591=STYLED_ITEM('',(#13385),#7962);
#7592=STYLED_ITEM('',(#13385),#7963);
#7593=STYLED_ITEM('',(#13385),#7964);
#7594=STYLED_ITEM('',(#13385),#7965);
#7595=STYLED_ITEM('',(#13385),#7966);
#7596=STYLED_ITEM('',(#13385),#7967);
#7597=STYLED_ITEM('',(#13385),#7968);
#7598=STYLED_ITEM('',(#13385),#7969);
#7599=STYLED_ITEM('',(#13385),#7970);
#7600=STYLED_ITEM('',(#13385),#7971);
#7601=STYLED_ITEM('',(#13385),#7972);
#7602=STYLED_ITEM('',(#13385),#7973);
#7603=STYLED_ITEM('',(#13385),#7974);
#7604=STYLED_ITEM('',(#13385),#7975);
#7605=STYLED_ITEM('',(#13385),#7976);
#7606=STYLED_ITEM('',(#13385),#7977);
#7607=STYLED_ITEM('',(#13385),#7978);
#7608=STYLED_ITEM('',(#13385),#7979);
#7609=STYLED_ITEM('',(#13385),#7980);
#7610=STYLED_ITEM('',(#13385),#7981);
#7611=STYLED_ITEM('',(#13385),#7982);
#7612=STYLED_ITEM('',(#13385),#7983);
#7613=STYLED_ITEM('',(#13385),#7984);
#7614=STYLED_ITEM('',(#13385),#7985);
#7615=STYLED_ITEM('',(#13385),#7986);
#7616=STYLED_ITEM('',(#13385),#7987);
#7617=STYLED_ITEM('',(#13385),#7988);
#7618=STYLED_ITEM('',(#13385),#7989);
#7619=STYLED_ITEM('',(#13385),#7990);
#7620=STYLED_ITEM('',(#13385),#7991);
#7621=STYLED_ITEM('',(#13385),#7992);
#7622=STYLED_ITEM('',(#13385),#7993);
#7623=STYLED_ITEM('',(#13385),#7994);
#7624=STYLED_ITEM('',(#13385),#7995);
#7625=STYLED_ITEM('',(#13385),#7996);
#7626=STYLED_ITEM('',(#13385),#7997);
#7627=STYLED_ITEM('',(#13385),#7998);
#7628=STYLED_ITEM('',(#13385),#7999);
#7629=STYLED_ITEM('',(#13385),#8000);
#7630=STYLED_ITEM('',(#13385),#8001);
#7631=STYLED_ITEM('',(#13385),#8002);
#7632=STYLED_ITEM('',(#13385),#8003);
#7633=STYLED_ITEM('',(#13385),#8004);
#7634=STYLED_ITEM('',(#13385),#8005);
#7635=STYLED_ITEM('',(#13385),#8006);
#7636=STYLED_ITEM('',(#13385),#8007);
#7637=STYLED_ITEM('',(#13385),#8008);
#7638=STYLED_ITEM('',(#13385),#8009);
#7639=STYLED_ITEM('',(#13385),#8010);
#7640=STYLED_ITEM('',(#13385),#8011);
#7641=STYLED_ITEM('',(#13385),#8012);
#7642=STYLED_ITEM('',(#13385),#8013);
#7643=STYLED_ITEM('',(#13385),#8014);
#7644=STYLED_ITEM('',(#13385),#8015);
#7645=STYLED_ITEM('',(#13385),#8016);
#7646=STYLED_ITEM('',(#13385),#8017);
#7647=STYLED_ITEM('',(#13385),#8018);
#7648=STYLED_ITEM('',(#13385),#8019);
#7649=STYLED_ITEM('',(#13385),#8020);
#7650=STYLED_ITEM('',(#13385),#8021);
#7651=STYLED_ITEM('',(#13385),#8022);
#7652=STYLED_ITEM('',(#13385),#8023);
#7653=STYLED_ITEM('',(#13385),#8024);
#7654=STYLED_ITEM('',(#13385),#8025);
#7655=STYLED_ITEM('',(#13385),#8026);
#7656=STYLED_ITEM('',(#13385),#8027);
#7657=STYLED_ITEM('',(#13385),#8028);
#7658=STYLED_ITEM('',(#13385),#8029);
#7659=STYLED_ITEM('',(#13385),#8030);
#7660=STYLED_ITEM('',(#13385),#8031);
#7661=STYLED_ITEM('',(#13385),#8032);
#7662=STYLED_ITEM('',(#13385),#8033);
#7663=STYLED_ITEM('',(#13385),#8034);
#7664=STYLED_ITEM('',(#13385),#8035);
#7665=STYLED_ITEM('',(#13385),#8036);
#7666=STYLED_ITEM('',(#13385),#8037);
#7667=STYLED_ITEM('',(#13385),#8038);
#7668=STYLED_ITEM('',(#13385),#8039);
#7669=STYLED_ITEM('',(#13385),#8040);
#7670=STYLED_ITEM('',(#13385),#8041);
#7671=STYLED_ITEM('',(#13385),#8042);
#7672=STYLED_ITEM('',(#13385),#8043);
#7673=STYLED_ITEM('',(#13385),#8044);
#7674=STYLED_ITEM('',(#13385),#8045);
#7675=STYLED_ITEM('',(#13385),#8046);
#7676=STYLED_ITEM('',(#13385),#8047);
#7677=STYLED_ITEM('',(#13385),#8048);
#7678=STYLED_ITEM('',(#13385),#8049);
#7679=STYLED_ITEM('',(#13385),#8050);
#7680=STYLED_ITEM('',(#13385),#8051);
#7681=STYLED_ITEM('',(#13385),#8052);
#7682=STYLED_ITEM('',(#13385),#8053);
#7683=STYLED_ITEM('',(#13385),#8054);
#7684=STYLED_ITEM('',(#13385),#8055);
#7685=STYLED_ITEM('',(#13385),#8056);
#7686=STYLED_ITEM('',(#13385),#8057);
#7687=STYLED_ITEM('',(#13385),#8058);
#7688=STYLED_ITEM('',(#13385),#8059);
#7689=STYLED_ITEM('',(#13385),#8060);
#7690=STYLED_ITEM('',(#13385),#8061);
#7691=STYLED_ITEM('',(#13385),#8062);
#7692=STYLED_ITEM('',(#13385),#8063);
#7693=STYLED_ITEM('',(#13385),#8064);
#7694=STYLED_ITEM('',(#13385),#8065);
#7695=STYLED_ITEM('',(#13385),#8066);
#7696=STYLED_ITEM('',(#13385),#8067);
#7697=STYLED_ITEM('',(#13385),#8068);
#7698=STYLED_ITEM('',(#13385),#8069);
#7699=STYLED_ITEM('',(#13385),#8070);
#7700=STYLED_ITEM('',(#13385),#8071);
#7701=STYLED_ITEM('',(#13385),#8072);
#7702=STYLED_ITEM('',(#13385),#8073);
#7703=STYLED_ITEM('',(#13385),#8074);
#7704=STYLED_ITEM('',(#13385),#8075);
#7705=STYLED_ITEM('',(#13385),#8076);
#7706=STYLED_ITEM('',(#13385),#8077);
#7707=STYLED_ITEM('',(#13385),#8078);
#7708=STYLED_ITEM('',(#13385),#8079);
#7709=STYLED_ITEM('',(#13385),#8080);
#7710=STYLED_ITEM('',(#13385),#8081);
#7711=STYLED_ITEM('',(#13385),#8082);
#7712=STYLED_ITEM('',(#13385),#8083);
#7713=STYLED_ITEM('',(#13385),#8084);
#7714=STYLED_ITEM('',(#13385),#8085);
#7715=STYLED_ITEM('',(#13385),#8086);
#7716=STYLED_ITEM('',(#13385),#8087);
#7717=STYLED_ITEM('',(#13385),#8088);
#7718=STYLED_ITEM('',(#13385),#8089);
#7719=STYLED_ITEM('',(#13385),#8090);
#7720=STYLED_ITEM('',(#13385),#8091);
#7721=STYLED_ITEM('',(#13385),#8092);
#7722=STYLED_ITEM('',(#13385),#8093);
#7723=STYLED_ITEM('',(#13385),#8094);
#7724=STYLED_ITEM('',(#13385),#8095);
#7725=STYLED_ITEM('',(#13385),#8096);
#7726=STYLED_ITEM('',(#13385),#8097);
#7727=STYLED_ITEM('',(#13385),#8098);
#7728=STYLED_ITEM('',(#13385),#8099);
#7729=STYLED_ITEM('',(#13385),#8100);
#7730=STYLED_ITEM('',(#13385),#8101);
#7731=STYLED_ITEM('',(#13385),#8102);
#7732=STYLED_ITEM('',(#13385),#8103);
#7733=STYLED_ITEM('',(#13385),#8104);
#7734=STYLED_ITEM('',(#13385),#8105);
#7735=STYLED_ITEM('',(#13385),#8106);
#7736=STYLED_ITEM('',(#13385),#8107);
#7737=STYLED_ITEM('',(#13385),#8108);
#7738=STYLED_ITEM('',(#13385),#8109);
#7739=STYLED_ITEM('',(#13385),#8110);
#7740=STYLED_ITEM('',(#13385),#8111);
#7741=STYLED_ITEM('',(#13385),#8112);
#7742=STYLED_ITEM('',(#13385),#8113);
#7743=STYLED_ITEM('',(#13385),#8114);
#7744=STYLED_ITEM('',(#13385),#8115);
#7745=STYLED_ITEM('',(#13385),#8116);
#7746=STYLED_ITEM('',(#13385),#8117);
#7747=STYLED_ITEM('',(#13385),#8118);
#7748=STYLED_ITEM('',(#13385),#8119);
#7749=STYLED_ITEM('',(#13385),#8120);
#7750=STYLED_ITEM('',(#13385),#8121);
#7751=STYLED_ITEM('',(#13385),#8122);
#7752=STYLED_ITEM('',(#13385),#8123);
#7753=STYLED_ITEM('',(#13385),#8124);
#7754=STYLED_ITEM('',(#13385),#8125);
#7755=STYLED_ITEM('',(#13385),#8126);
#7756=STYLED_ITEM('',(#13385),#8127);
#7757=STYLED_ITEM('',(#13385),#8128);
#7758=STYLED_ITEM('',(#13385),#8129);
#7759=STYLED_ITEM('',(#13385),#8130);
#7760=STYLED_ITEM('',(#13385),#8131);
#7761=STYLED_ITEM('',(#13385),#8132);
#7762=STYLED_ITEM('',(#13385),#8133);
#7763=STYLED_ITEM('',(#13385),#8134);
#7764=STYLED_ITEM('',(#13385),#8135);
#7765=STYLED_ITEM('',(#13385),#8136);
#7766=STYLED_ITEM('',(#13385),#8137);
#7767=STYLED_ITEM('',(#13385),#8138);
#7768=STYLED_ITEM('',(#13385),#8139);
#7769=STYLED_ITEM('',(#13385),#8140);
#7770=STYLED_ITEM('',(#13385),#8141);
#7771=STYLED_ITEM('',(#13385),#8142);
#7772=STYLED_ITEM('',(#13385),#8143);
#7773=STYLED_ITEM('',(#13385),#8144);
#7774=STYLED_ITEM('',(#13385),#8145);
#7775=STYLED_ITEM('',(#13385),#8146);
#7776=STYLED_ITEM('',(#13385),#8147);
#7777=STYLED_ITEM('',(#13385),#8148);
#7778=STYLED_ITEM('',(#13385),#8149);
#7779=STYLED_ITEM('',(#13385),#8150);
#7780=STYLED_ITEM('',(#13385),#8151);
#7781=STYLED_ITEM('',(#13385),#8152);
#7782=STYLED_ITEM('',(#13385),#8153);
#7783=STYLED_ITEM('',(#13385),#8154);
#7784=STYLED_ITEM('',(#13385),#8155);
#7785=STYLED_ITEM('',(#13385),#8156);
#7786=STYLED_ITEM('',(#13385),#8157);
#7787=STYLED_ITEM('',(#13385),#8158);
#7788=STYLED_ITEM('',(#13385),#8159);
#7789=STYLED_ITEM('',(#13385),#8160);
#7790=STYLED_ITEM('',(#13385),#8161);
#7791=STYLED_ITEM('',(#13385),#8162);
#7792=STYLED_ITEM('',(#13385),#8163);
#7793=STYLED_ITEM('',(#13385),#8164);
#7794=STYLED_ITEM('',(#13385),#8165);
#7795=STYLED_ITEM('',(#13385),#8166);
#7796=STYLED_ITEM('',(#13385),#8167);
#7797=STYLED_ITEM('',(#13385),#8168);
#7798=STYLED_ITEM('',(#13385),#8169);
#7799=STYLED_ITEM('',(#13385),#8170);
#7800=STYLED_ITEM('',(#13385),#8171);
#7801=STYLED_ITEM('',(#13385),#8172);
#7802=STYLED_ITEM('',(#13385),#8173);
#7803=STYLED_ITEM('',(#13385),#8174);
#7804=STYLED_ITEM('',(#13385),#8175);
#7805=STYLED_ITEM('',(#13385),#8176);
#7806=STYLED_ITEM('',(#13385),#8177);
#7807=STYLED_ITEM('',(#13385),#8178);
#7808=STYLED_ITEM('',(#13385),#8179);
#7809=STYLED_ITEM('',(#13385),#8180);
#7810=STYLED_ITEM('',(#13385),#8181);
#7811=STYLED_ITEM('',(#13385),#8182);
#7812=STYLED_ITEM('',(#13385),#8183);
#7813=STYLED_ITEM('',(#13385),#8184);
#7814=STYLED_ITEM('',(#13385),#8185);
#7815=STYLED_ITEM('',(#13385),#8186);
#7816=STYLED_ITEM('',(#13385),#8187);
#7817=STYLED_ITEM('',(#13385),#8188);
#7818=STYLED_ITEM('',(#13385),#8189);
#7819=STYLED_ITEM('',(#13385),#8190);
#7820=STYLED_ITEM('',(#13385),#8191);
#7821=STYLED_ITEM('',(#13385),#8192);
#7822=STYLED_ITEM('',(#13385),#8193);
#7823=STYLED_ITEM('',(#13385),#8194);
#7824=STYLED_ITEM('',(#13385),#8195);
#7825=STYLED_ITEM('',(#13385),#8196);
#7826=STYLED_ITEM('',(#13385),#8197);
#7827=STYLED_ITEM('',(#13385),#8198);
#7828=STYLED_ITEM('',(#13385),#8199);
#7829=STYLED_ITEM('',(#13385),#8200);
#7830=STYLED_ITEM('',(#13385),#8201);
#7831=STYLED_ITEM('',(#13385),#8202);
#7832=STYLED_ITEM('',(#13385),#8203);
#7833=STYLED_ITEM('',(#13385),#8204);
#7834=STYLED_ITEM('',(#13383),#60);
#7835=STYLED_ITEM('',(#13386),#61);
#7836=STYLED_ITEM('',(#13387),#8231);
#7837=STYLED_ITEM('',(#13387),#8232);
#7838=STYLED_ITEM('',(#13387),#8233);
#7839=STYLED_ITEM('',(#13387),#8234);
#7840=STYLED_ITEM('',(#13387),#8235);
#7841=STYLED_ITEM('',(#13387),#8236);
#7842=STYLED_ITEM('',(#13387),#8237);
#7843=STYLED_ITEM('',(#13388),#8238);
#7844=STYLED_ITEM('',(#13387),#8239);
#7845=STYLED_ITEM('',(#13387),#8240);
#7846=STYLED_ITEM('',(#13388),#8241);
#7847=STYLED_ITEM('',(#13388),#8242);
#7848=STYLED_ITEM('',(#13387),#8243);
#7849=STYLED_ITEM('',(#13389),#8244);
#7850=STYLED_ITEM('',(#13389),#8245);
#7851=STYLED_ITEM('',(#13387),#8246);
#7852=STYLED_ITEM('',(#13389),#8247);
#7853=STYLED_ITEM('',(#13387),#8248);
#7854=STYLED_ITEM('',(#13387),#8249);
#7855=STYLED_ITEM('',(#13387),#8250);
#7856=STYLED_ITEM('',(#13387),#8251);
#7857=STYLED_ITEM('',(#13387),#8252);
#7858=STYLED_ITEM('',(#13387),#8253);
#7859=STYLED_ITEM('',(#13387),#8254);
#7860=STYLED_ITEM('',(#13389),#8255);
#7861=STYLED_ITEM('',(#13389),#8256);
#7862=STYLED_ITEM('',(#13383),#62);
#7863=STYLED_ITEM('',(#13383),#63);
#7864=STYLED_ITEM('',(#13383),#64);
#7865=ADVANCED_FACE('',(#293),#7108,.T.);
#7866=ADVANCED_FACE('',(#294),#7109,.T.);
#7867=ADVANCED_FACE('',(#295),#7110,.T.);
#7868=ADVANCED_FACE('',(#296,#231,#232,#233,#234,#235,#236,#237,#238,#239,
#240,#241,#242,#243,#244),#7111,.T.);
#7869=ADVANCED_FACE('',(#297,#245,#246,#247,#248,#249,#250,#251,#252,#253,
#254,#255,#256,#257,#258),#7112,.F.);
#7870=ADVANCED_FACE('',(#298),#7113,.T.);
#7871=ADVANCED_FACE('',(#299),#7114,.T.);
#7872=ADVANCED_FACE('',(#300),#7115,.T.);
#7873=ADVANCED_FACE('',(#301),#7116,.T.);
#7874=ADVANCED_FACE('',(#302),#7117,.T.);
#7875=ADVANCED_FACE('',(#303),#7118,.T.);
#7876=ADVANCED_FACE('',(#304),#7119,.T.);
#7877=ADVANCED_FACE('',(#305),#7120,.T.);
#7878=ADVANCED_FACE('',(#306),#7121,.T.);
#7879=ADVANCED_FACE('',(#307),#7122,.T.);
#7880=ADVANCED_FACE('',(#308),#7123,.T.);
#7881=ADVANCED_FACE('',(#309),#7124,.T.);
#7882=ADVANCED_FACE('',(#310),#7125,.T.);
#7883=ADVANCED_FACE('',(#311),#7126,.T.);
#7884=ADVANCED_FACE('',(#312),#7127,.T.);
#7885=ADVANCED_FACE('',(#313),#7128,.T.);
#7886=ADVANCED_FACE('',(#314),#7129,.T.);
#7887=ADVANCED_FACE('',(#315),#7130,.T.);
#7888=ADVANCED_FACE('',(#316),#7131,.T.);
#7889=ADVANCED_FACE('',(#317),#7132,.T.);
#7890=ADVANCED_FACE('',(#318),#7133,.T.);
#7891=ADVANCED_FACE('',(#319),#7134,.T.);
#7892=ADVANCED_FACE('',(#320),#7135,.T.);
#7893=ADVANCED_FACE('',(#321),#7136,.T.);
#7894=ADVANCED_FACE('',(#322),#7137,.T.);
#7895=ADVANCED_FACE('',(#323),#7138,.T.);
#7896=ADVANCED_FACE('',(#324),#7139,.T.);
#7897=ADVANCED_FACE('',(#325),#7140,.T.);
#7898=ADVANCED_FACE('',(#326),#7141,.T.);
#7899=ADVANCED_FACE('',(#327),#7142,.T.);
#7900=ADVANCED_FACE('',(#328),#7143,.T.);
#7901=ADVANCED_FACE('',(#329),#7144,.T.);
#7902=ADVANCED_FACE('',(#330),#7145,.T.);
#7903=ADVANCED_FACE('',(#331),#7146,.T.);
#7904=ADVANCED_FACE('',(#332),#7147,.T.);
#7905=ADVANCED_FACE('',(#333),#7148,.T.);
#7906=ADVANCED_FACE('',(#334),#7149,.T.);
#7907=ADVANCED_FACE('',(#335),#7150,.T.);
#7908=ADVANCED_FACE('',(#336),#7151,.T.);
#7909=ADVANCED_FACE('',(#337),#7152,.T.);
#7910=ADVANCED_FACE('',(#338),#7153,.T.);
#7911=ADVANCED_FACE('',(#339),#7154,.T.);
#7912=ADVANCED_FACE('',(#340),#7155,.T.);
#7913=ADVANCED_FACE('',(#341),#7156,.T.);
#7914=ADVANCED_FACE('',(#342),#7157,.F.);
#7915=ADVANCED_FACE('',(#343),#7158,.T.);
#7916=ADVANCED_FACE('',(#344),#7159,.F.);
#7917=ADVANCED_FACE('',(#345),#7160,.T.);
#7918=ADVANCED_FACE('',(#346),#7161,.T.);
#7919=ADVANCED_FACE('',(#347),#7162,.T.);
#7920=ADVANCED_FACE('',(#348),#7163,.F.);
#7921=ADVANCED_FACE('',(#349),#7164,.T.);
#7922=ADVANCED_FACE('',(#350),#7165,.T.);
#7923=ADVANCED_FACE('',(#351),#7166,.T.);
#7924=ADVANCED_FACE('',(#352),#7167,.T.);
#7925=ADVANCED_FACE('',(#353),#7168,.F.);
#7926=ADVANCED_FACE('',(#354),#7169,.T.);
#7927=ADVANCED_FACE('',(#355),#7170,.T.);
#7928=ADVANCED_FACE('',(#356),#7171,.F.);
#7929=ADVANCED_FACE('',(#357),#7172,.T.);
#7930=ADVANCED_FACE('',(#358),#7173,.T.);
#7931=ADVANCED_FACE('',(#359),#7174,.T.);
#7932=ADVANCED_FACE('',(#360),#7175,.T.);
#7933=ADVANCED_FACE('',(#361),#7176,.T.);
#7934=ADVANCED_FACE('',(#362),#7177,.F.);
#7935=ADVANCED_FACE('',(#363),#7178,.T.);
#7936=ADVANCED_FACE('',(#364),#7179,.T.);
#7937=ADVANCED_FACE('',(#365),#7180,.T.);
#7938=ADVANCED_FACE('',(#366),#7181,.F.);
#7939=ADVANCED_FACE('',(#367),#7182,.T.);
#7940=ADVANCED_FACE('',(#368),#7183,.F.);
#7941=ADVANCED_FACE('',(#369),#7184,.T.);
#7942=ADVANCED_FACE('',(#370),#7185,.T.);
#7943=ADVANCED_FACE('',(#371),#7186,.T.);
#7944=ADVANCED_FACE('',(#372),#7187,.F.);
#7945=ADVANCED_FACE('',(#373),#7188,.T.);
#7946=ADVANCED_FACE('',(#374),#7189,.T.);
#7947=ADVANCED_FACE('',(#375),#7190,.T.);
#7948=ADVANCED_FACE('',(#376),#7191,.T.);
#7949=ADVANCED_FACE('',(#377),#7192,.T.);
#7950=ADVANCED_FACE('',(#378),#7193,.F.);
#7951=ADVANCED_FACE('',(#379),#7194,.T.);
#7952=ADVANCED_FACE('',(#380),#7195,.T.);
#7953=ADVANCED_FACE('',(#381),#7196,.F.);
#7954=ADVANCED_FACE('',(#382),#7197,.T.);
#7955=ADVANCED_FACE('',(#383),#7198,.T.);
#7956=ADVANCED_FACE('',(#384),#7199,.T.);
#7957=ADVANCED_FACE('',(#385),#7200,.T.);
#7958=ADVANCED_FACE('',(#386),#7201,.F.);
#7959=ADVANCED_FACE('',(#387),#7202,.T.);
#7960=ADVANCED_FACE('',(#388),#7203,.T.);
#7961=ADVANCED_FACE('',(#389),#7204,.F.);
#7962=ADVANCED_FACE('',(#390),#7205,.T.);
#7963=ADVANCED_FACE('',(#391),#7206,.T.);
#7964=ADVANCED_FACE('',(#392),#7207,.T.);
#7965=ADVANCED_FACE('',(#393),#7208,.F.);
#7966=ADVANCED_FACE('',(#394),#7209,.T.);
#7967=ADVANCED_FACE('',(#395),#7210,.T.);
#7968=ADVANCED_FACE('',(#396),#7211,.T.);
#7969=ADVANCED_FACE('',(#397),#7212,.T.);
#7970=ADVANCED_FACE('',(#398),#7213,.F.);
#7971=ADVANCED_FACE('',(#399),#7214,.T.);
#7972=ADVANCED_FACE('',(#400),#7215,.F.);
#7973=ADVANCED_FACE('',(#401),#7216,.T.);
#7974=ADVANCED_FACE('',(#402),#7217,.T.);
#7975=ADVANCED_FACE('',(#403),#7218,.T.);
#7976=ADVANCED_FACE('',(#404),#7219,.F.);
#7977=ADVANCED_FACE('',(#405),#7220,.T.);
#7978=ADVANCED_FACE('',(#406),#7221,.T.);
#7979=ADVANCED_FACE('',(#407),#7222,.T.);
#7980=ADVANCED_FACE('',(#408),#7223,.T.);
#7981=ADVANCED_FACE('',(#409),#7224,.F.);
#7982=ADVANCED_FACE('',(#410),#7225,.T.);
#7983=ADVANCED_FACE('',(#411),#7226,.T.);
#7984=ADVANCED_FACE('',(#412),#7227,.F.);
#7985=ADVANCED_FACE('',(#413),#7228,.T.);
#7986=ADVANCED_FACE('',(#414),#7229,.T.);
#7987=ADVANCED_FACE('',(#415),#7230,.T.);
#7988=ADVANCED_FACE('',(#416),#7231,.T.);
#7989=ADVANCED_FACE('',(#417),#7232,.T.);
#7990=ADVANCED_FACE('',(#418),#7233,.F.);
#7991=ADVANCED_FACE('',(#419),#7234,.T.);
#7992=ADVANCED_FACE('',(#420),#7235,.T.);
#7993=ADVANCED_FACE('',(#421),#7236,.T.);
#7994=ADVANCED_FACE('',(#422),#7237,.F.);
#7995=ADVANCED_FACE('',(#423),#7238,.T.);
#7996=ADVANCED_FACE('',(#424),#7239,.F.);
#7997=ADVANCED_FACE('',(#425),#7240,.T.);
#7998=ADVANCED_FACE('',(#426),#7241,.T.);
#7999=ADVANCED_FACE('',(#427),#7242,.T.);
#8000=ADVANCED_FACE('',(#428),#7243,.F.);
#8001=ADVANCED_FACE('',(#429),#7244,.T.);
#8002=ADVANCED_FACE('',(#430),#7245,.T.);
#8003=ADVANCED_FACE('',(#431),#7246,.T.);
#8004=ADVANCED_FACE('',(#432),#7247,.T.);
#8005=ADVANCED_FACE('',(#433),#7248,.T.);
#8006=ADVANCED_FACE('',(#434),#7249,.F.);
#8007=ADVANCED_FACE('',(#435),#7250,.T.);
#8008=ADVANCED_FACE('',(#436),#7251,.T.);
#8009=ADVANCED_FACE('',(#437),#7252,.F.);
#8010=ADVANCED_FACE('',(#438),#7253,.T.);
#8011=ADVANCED_FACE('',(#439),#7254,.T.);
#8012=ADVANCED_FACE('',(#440),#7255,.T.);
#8013=ADVANCED_FACE('',(#441),#7256,.T.);
#8014=ADVANCED_FACE('',(#442),#7257,.F.);
#8015=ADVANCED_FACE('',(#443),#7258,.T.);
#8016=ADVANCED_FACE('',(#444),#7259,.T.);
#8017=ADVANCED_FACE('',(#445),#7260,.F.);
#8018=ADVANCED_FACE('',(#446),#7261,.T.);
#8019=ADVANCED_FACE('',(#447),#7262,.T.);
#8020=ADVANCED_FACE('',(#448),#7263,.T.);
#8021=ADVANCED_FACE('',(#449),#7264,.F.);
#8022=ADVANCED_FACE('',(#450),#7265,.T.);
#8023=ADVANCED_FACE('',(#451),#65,.T.);
#8024=ADVANCED_FACE('',(#452),#7266,.T.);
#8025=ADVANCED_FACE('',(#453),#7267,.T.);
#8026=ADVANCED_FACE('',(#454),#7268,.T.);
#8027=ADVANCED_FACE('',(#455),#7269,.F.);
#8028=ADVANCED_FACE('',(#456),#7270,.T.);
#8029=ADVANCED_FACE('',(#457),#66,.T.);
#8030=ADVANCED_FACE('',(#458),#7271,.T.);
#8031=ADVANCED_FACE('',(#459),#7272,.F.);
#8032=ADVANCED_FACE('',(#460),#7273,.T.);
#8033=ADVANCED_FACE('',(#461),#7274,.T.);
#8034=ADVANCED_FACE('',(#462),#67,.T.);
#8035=ADVANCED_FACE('',(#463),#7275,.T.);
#8036=ADVANCED_FACE('',(#464),#7276,.F.);
#8037=ADVANCED_FACE('',(#465),#7277,.T.);
#8038=ADVANCED_FACE('',(#466),#68,.T.);
#8039=ADVANCED_FACE('',(#467),#7278,.T.);
#8040=ADVANCED_FACE('',(#468),#7279,.T.);
#8041=ADVANCED_FACE('',(#469),#7280,.T.);
#8042=ADVANCED_FACE('',(#470),#7281,.F.);
#8043=ADVANCED_FACE('',(#471),#7282,.T.);
#8044=ADVANCED_FACE('',(#472),#69,.T.);
#8045=ADVANCED_FACE('',(#473),#7283,.T.);
#8046=ADVANCED_FACE('',(#474),#7284,.F.);
#8047=ADVANCED_FACE('',(#475),#7285,.T.);
#8048=ADVANCED_FACE('',(#476),#70,.T.);
#8049=ADVANCED_FACE('',(#477),#7286,.T.);
#8050=ADVANCED_FACE('',(#478),#7287,.T.);
#8051=ADVANCED_FACE('',(#479),#7288,.T.);
#8052=ADVANCED_FACE('',(#480),#7289,.F.);
#8053=ADVANCED_FACE('',(#481),#71,.T.);
#8054=ADVANCED_FACE('',(#482),#7290,.T.);
#8055=ADVANCED_FACE('',(#483),#7291,.T.);
#8056=ADVANCED_FACE('',(#484),#7292,.T.);
#8057=ADVANCED_FACE('',(#485),#7293,.F.);
#8058=ADVANCED_FACE('',(#486),#7294,.T.);
#8059=ADVANCED_FACE('',(#487),#72,.T.);
#8060=ADVANCED_FACE('',(#488),#7295,.T.);
#8061=ADVANCED_FACE('',(#489),#7296,.F.);
#8062=ADVANCED_FACE('',(#490),#7297,.T.);
#8063=ADVANCED_FACE('',(#491),#7298,.T.);
#8064=ADVANCED_FACE('',(#492),#73,.T.);
#8065=ADVANCED_FACE('',(#493),#7299,.T.);
#8066=ADVANCED_FACE('',(#494),#7300,.F.);
#8067=ADVANCED_FACE('',(#495),#7301,.T.);
#8068=ADVANCED_FACE('',(#496),#74,.T.);
#8069=ADVANCED_FACE('',(#497),#7302,.T.);
#8070=ADVANCED_FACE('',(#498),#7303,.T.);
#8071=ADVANCED_FACE('',(#499),#7304,.T.);
#8072=ADVANCED_FACE('',(#500),#7305,.F.);
#8073=ADVANCED_FACE('',(#501),#75,.T.);
#8074=ADVANCED_FACE('',(#502),#7306,.T.);
#8075=ADVANCED_FACE('',(#503),#7307,.T.);
#8076=ADVANCED_FACE('',(#504),#7308,.T.);
#8077=ADVANCED_FACE('',(#505),#7309,.F.);
#8078=ADVANCED_FACE('',(#506),#76,.T.);
#8079=ADVANCED_FACE('',(#507),#7310,.T.);
#8080=ADVANCED_FACE('',(#508),#7311,.T.);
#8081=ADVANCED_FACE('',(#509),#7312,.T.);
#8082=ADVANCED_FACE('',(#510),#7313,.F.);
#8083=ADVANCED_FACE('',(#511),#77,.T.);
#8084=ADVANCED_FACE('',(#512),#7314,.T.);
#8085=ADVANCED_FACE('',(#513),#7315,.T.);
#8086=ADVANCED_FACE('',(#514),#7316,.T.);
#8087=ADVANCED_FACE('',(#515),#7317,.F.);
#8088=ADVANCED_FACE('',(#516),#78,.T.);
#8089=ADVANCED_FACE('',(#517),#7318,.T.);
#8090=ADVANCED_FACE('',(#518),#7319,.T.);
#8091=ADVANCED_FACE('',(#519),#7320,.T.);
#8092=ADVANCED_FACE('',(#520),#7321,.F.);
#8093=ADVANCED_FACE('',(#521),#7322,.T.);
#8094=ADVANCED_FACE('',(#522),#7323,.T.);
#8095=ADVANCED_FACE('',(#523),#7324,.T.);
#8096=ADVANCED_FACE('',(#524),#7325,.F.);
#8097=ADVANCED_FACE('',(#525),#7326,.T.);
#8098=ADVANCED_FACE('',(#526),#7327,.F.);
#8099=ADVANCED_FACE('',(#527),#7328,.T.);
#8100=ADVANCED_FACE('',(#528),#7329,.T.);
#8101=ADVANCED_FACE('',(#529),#7330,.T.);
#8102=ADVANCED_FACE('',(#530),#7331,.F.);
#8103=ADVANCED_FACE('',(#531),#7332,.T.);
#8104=ADVANCED_FACE('',(#532),#7333,.T.);
#8105=ADVANCED_FACE('',(#533),#7334,.T.);
#8106=ADVANCED_FACE('',(#534),#7335,.T.);
#8107=ADVANCED_FACE('',(#535),#7336,.F.);
#8108=ADVANCED_FACE('',(#536),#7337,.T.);
#8109=ADVANCED_FACE('',(#537),#7338,.T.);
#8110=ADVANCED_FACE('',(#538),#7339,.F.);
#8111=ADVANCED_FACE('',(#539),#7340,.T.);
#8112=ADVANCED_FACE('',(#540),#7341,.T.);
#8113=ADVANCED_FACE('',(#541),#7342,.T.);
#8114=ADVANCED_FACE('',(#542),#7343,.T.);
#8115=ADVANCED_FACE('',(#543),#7344,.T.);
#8116=ADVANCED_FACE('',(#544),#7345,.F.);
#8117=ADVANCED_FACE('',(#545),#7346,.T.);
#8118=ADVANCED_FACE('',(#546),#7347,.T.);
#8119=ADVANCED_FACE('',(#547),#7348,.T.);
#8120=ADVANCED_FACE('',(#548),#7349,.F.);
#8121=ADVANCED_FACE('',(#549),#7350,.T.);
#8122=ADVANCED_FACE('',(#550),#7351,.F.);
#8123=ADVANCED_FACE('',(#551),#7352,.T.);
#8124=ADVANCED_FACE('',(#552),#7353,.T.);
#8125=ADVANCED_FACE('',(#553),#7354,.T.);
#8126=ADVANCED_FACE('',(#554),#7355,.F.);
#8127=ADVANCED_FACE('',(#555),#7356,.T.);
#8128=ADVANCED_FACE('',(#556),#7357,.T.);
#8129=ADVANCED_FACE('',(#557),#7358,.T.);
#8130=ADVANCED_FACE('',(#558),#7359,.T.);
#8131=ADVANCED_FACE('',(#559),#7360,.T.);
#8132=ADVANCED_FACE('',(#560),#7361,.F.);
#8133=ADVANCED_FACE('',(#561),#7362,.T.);
#8134=ADVANCED_FACE('',(#562),#7363,.T.);
#8135=ADVANCED_FACE('',(#563),#7364,.F.);
#8136=ADVANCED_FACE('',(#564),#7365,.T.);
#8137=ADVANCED_FACE('',(#565),#7366,.T.);
#8138=ADVANCED_FACE('',(#566),#7367,.T.);
#8139=ADVANCED_FACE('',(#567),#7368,.T.);
#8140=ADVANCED_FACE('',(#568),#7369,.F.);
#8141=ADVANCED_FACE('',(#569),#7370,.T.);
#8142=ADVANCED_FACE('',(#570),#7371,.T.);
#8143=ADVANCED_FACE('',(#571),#7372,.F.);
#8144=ADVANCED_FACE('',(#572),#7373,.T.);
#8145=ADVANCED_FACE('',(#573),#7374,.T.);
#8146=ADVANCED_FACE('',(#574),#7375,.T.);
#8147=ADVANCED_FACE('',(#575),#7376,.F.);
#8148=ADVANCED_FACE('',(#576),#7377,.T.);
#8149=ADVANCED_FACE('',(#577),#7378,.T.);
#8150=ADVANCED_FACE('',(#578),#7379,.T.);
#8151=ADVANCED_FACE('',(#579),#7380,.T.);
#8152=ADVANCED_FACE('',(#580),#7381,.T.);
#8153=ADVANCED_FACE('',(#581),#7382,.T.);
#8154=ADVANCED_FACE('',(#582),#7383,.T.);
#8155=ADVANCED_FACE('',(#583),#7384,.T.);
#8156=ADVANCED_FACE('',(#584),#7385,.T.);
#8157=ADVANCED_FACE('',(#585),#7386,.T.);
#8158=ADVANCED_FACE('',(#586),#7387,.T.);
#8159=ADVANCED_FACE('',(#587),#7388,.T.);
#8160=ADVANCED_FACE('',(#588),#7389,.T.);
#8161=ADVANCED_FACE('',(#589),#7390,.T.);
#8162=ADVANCED_FACE('',(#590),#7391,.T.);
#8163=ADVANCED_FACE('',(#591),#7392,.T.);
#8164=ADVANCED_FACE('',(#592),#7393,.T.);
#8165=ADVANCED_FACE('',(#593),#7394,.T.);
#8166=ADVANCED_FACE('',(#594),#7395,.T.);
#8167=ADVANCED_FACE('',(#595),#7396,.T.);
#8168=ADVANCED_FACE('',(#596),#7397,.T.);
#8169=ADVANCED_FACE('',(#597),#7398,.T.);
#8170=ADVANCED_FACE('',(#598),#7399,.T.);
#8171=ADVANCED_FACE('',(#599),#7400,.T.);
#8172=ADVANCED_FACE('',(#600),#7401,.T.);
#8173=ADVANCED_FACE('',(#601),#7402,.T.);
#8174=ADVANCED_FACE('',(#602),#7403,.T.);
#8175=ADVANCED_FACE('',(#603),#7404,.T.);
#8176=ADVANCED_FACE('',(#604),#7405,.T.);
#8177=ADVANCED_FACE('',(#605),#7406,.T.);
#8178=ADVANCED_FACE('',(#606),#7407,.T.);
#8179=ADVANCED_FACE('',(#607),#7408,.T.);
#8180=ADVANCED_FACE('',(#608),#7409,.T.);
#8181=ADVANCED_FACE('',(#609),#7410,.T.);
#8182=ADVANCED_FACE('',(#610),#7411,.T.);
#8183=ADVANCED_FACE('',(#611),#7412,.T.);
#8184=ADVANCED_FACE('',(#612),#7413,.T.);
#8185=ADVANCED_FACE('',(#613),#7414,.T.);
#8186=ADVANCED_FACE('',(#614),#7415,.T.);
#8187=ADVANCED_FACE('',(#615),#7416,.T.);
#8188=ADVANCED_FACE('',(#616),#7417,.T.);
#8189=ADVANCED_FACE('',(#617),#7418,.T.);
#8190=ADVANCED_FACE('',(#618),#7419,.T.);
#8191=ADVANCED_FACE('',(#619),#7420,.T.);
#8192=ADVANCED_FACE('',(#620),#7421,.T.);
#8193=ADVANCED_FACE('',(#621),#7422,.T.);
#8194=ADVANCED_FACE('',(#622),#7423,.T.);
#8195=ADVANCED_FACE('',(#623),#7424,.T.);
#8196=ADVANCED_FACE('',(#624),#7425,.T.);
#8197=ADVANCED_FACE('',(#625),#7426,.T.);
#8198=ADVANCED_FACE('',(#626),#7427,.T.);
#8199=ADVANCED_FACE('',(#627),#7428,.T.);
#8200=ADVANCED_FACE('',(#628),#7429,.T.);
#8201=ADVANCED_FACE('',(#629),#7430,.T.);
#8202=ADVANCED_FACE('',(#630),#7431,.T.);
#8203=ADVANCED_FACE('',(#631),#7432,.T.);
#8204=ADVANCED_FACE('',(#632),#7433,.T.);
#8205=ADVANCED_FACE('',(#633),#79,.T.);
#8206=ADVANCED_FACE('',(#634),#7434,.T.);
#8207=ADVANCED_FACE('',(#635),#7435,.T.);
#8208=ADVANCED_FACE('',(#636,#259,#260,#261,#262,#263,#264,#265,#266,#267,
#268,#269,#270,#271,#272,#273,#274),#7436,.F.);
#8209=ADVANCED_FACE('',(#637,#275,#276,#277,#278,#279,#280,#281,#282,#283,
#284,#285,#286,#287,#288,#289,#290),#7437,.T.);
#8210=ADVANCED_FACE('',(#638),#80,.T.);
#8211=ADVANCED_FACE('',(#639),#81,.T.);
#8212=ADVANCED_FACE('',(#640),#7438,.T.);
#8213=ADVANCED_FACE('',(#641),#7439,.T.);
#8214=ADVANCED_FACE('',(#642),#82,.T.);
#8215=ADVANCED_FACE('',(#643),#83,.F.);
#8216=ADVANCED_FACE('',(#644),#84,.F.);
#8217=ADVANCED_FACE('',(#645),#85,.F.);
#8218=ADVANCED_FACE('',(#646),#86,.F.);
#8219=ADVANCED_FACE('',(#647),#87,.F.);
#8220=ADVANCED_FACE('',(#648),#88,.F.);
#8221=ADVANCED_FACE('',(#649),#89,.F.);
#8222=ADVANCED_FACE('',(#650),#90,.F.);
#8223=ADVANCED_FACE('',(#651),#91,.F.);
#8224=ADVANCED_FACE('',(#652),#92,.F.);
#8225=ADVANCED_FACE('',(#653),#93,.F.);
#8226=ADVANCED_FACE('',(#654),#94,.F.);
#8227=ADVANCED_FACE('',(#655),#95,.F.);
#8228=ADVANCED_FACE('',(#656),#96,.F.);
#8229=ADVANCED_FACE('',(#657),#97,.F.);
#8230=ADVANCED_FACE('',(#658),#98,.F.);
#8231=ADVANCED_FACE('',(#659),#7440,.F.);
#8232=ADVANCED_FACE('',(#660),#7441,.F.);
#8233=ADVANCED_FACE('',(#661),#99,.T.);
#8234=ADVANCED_FACE('',(#662),#100,.T.);
#8235=ADVANCED_FACE('',(#663),#7442,.T.);
#8236=ADVANCED_FACE('',(#664),#7443,.F.);
#8237=ADVANCED_FACE('',(#665),#101,.T.);
#8238=ADVANCED_FACE('',(#666),#7444,.F.);
#8239=ADVANCED_FACE('',(#667),#7445,.T.);
#8240=ADVANCED_FACE('',(#668),#102,.T.);
#8241=ADVANCED_FACE('',(#669),#7446,.T.);
#8242=ADVANCED_FACE('',(#670),#7447,.F.);
#8243=ADVANCED_FACE('',(#671),#7448,.F.);
#8244=ADVANCED_FACE('',(#672),#7449,.F.);
#8245=ADVANCED_FACE('',(#673),#7450,.F.);
#8246=ADVANCED_FACE('',(#674),#7451,.T.);
#8247=ADVANCED_FACE('',(#675),#7452,.T.);
#8248=ADVANCED_FACE('',(#676),#103,.T.);
#8249=ADVANCED_FACE('',(#677),#7453,.F.);
#8250=ADVANCED_FACE('',(#678),#104,.T.);
#8251=ADVANCED_FACE('',(#679),#7454,.T.);
#8252=ADVANCED_FACE('',(#680),#105,.T.);
#8253=ADVANCED_FACE('',(#681),#7455,.T.);
#8254=ADVANCED_FACE('',(#682),#106,.T.);
#8255=ADVANCED_FACE('',(#683),#7456,.T.);
#8256=ADVANCED_FACE('',(#684),#7457,.T.);
#8257=ADVANCED_FACE('',(#685),#7458,.T.);
#8258=ADVANCED_FACE('',(#686),#7459,.F.);
#8259=ADVANCED_FACE('',(#687),#7460,.T.);
#8260=ADVANCED_FACE('',(#688),#7461,.F.);
#8261=ADVANCED_FACE('',(#689),#7462,.F.);
#8262=ADVANCED_FACE('',(#690),#7463,.F.);
#8263=ADVANCED_FACE('',(#691),#7464,.F.);
#8264=ADVANCED_FACE('',(#692),#107,.T.);
#8265=ADVANCED_FACE('',(#693),#7465,.T.);
#8266=ADVANCED_FACE('',(#694),#7466,.T.);
#8267=ADVANCED_FACE('',(#695),#108,.T.);
#8268=ADVANCED_FACE('',(#696),#7467,.T.);
#8269=ADVANCED_FACE('',(#697),#7468,.T.);
#8270=ADVANCED_FACE('',(#698),#7469,.F.);
#8271=ADVANCED_FACE('',(#699),#7470,.F.);
#8272=ADVANCED_FACE('',(#700),#7471,.F.);
#8273=ADVANCED_FACE('',(#701),#7472,.F.);
#8274=ADVANCED_FACE('',(#702),#7473,.F.);
#8275=ADVANCED_FACE('',(#703),#7474,.T.);
#8276=ADVANCED_FACE('',(#704),#109,.T.);
#8277=ADVANCED_FACE('',(#705),#7475,.T.);
#8278=ADVANCED_FACE('',(#706),#7476,.T.);
#8279=ADVANCED_FACE('',(#707),#110,.T.);
#8280=ADVANCED_FACE('',(#708),#7477,.T.);
#8281=ADVANCED_FACE('',(#709),#48,.T.);
#8282=ADVANCED_FACE('',(#710),#111,.T.);
#8283=ADVANCED_FACE('',(#711),#7478,.F.);
#8284=ADVANCED_FACE('',(#712),#7479,.F.);
#8285=ADVANCED_FACE('',(#713),#7480,.F.);
#8286=ADVANCED_FACE('',(#714),#112,.T.);
#8287=ADVANCED_FACE('',(#715),#7481,.F.);
#8288=ADVANCED_FACE('',(#716),#7482,.F.);
#8289=ADVANCED_FACE('',(#717),#7483,.F.);
#8290=ADVANCED_FACE('',(#718),#113,.T.);
#8291=ADVANCED_FACE('',(#719),#7484,.F.);
#8292=ADVANCED_FACE('',(#720),#114,.T.);
#8293=ADVANCED_FACE('',(#721),#7485,.F.);
#8294=ADVANCED_FACE('',(#722),#7486,.F.);
#8295=ADVANCED_FACE('',(#723),#7487,.F.);
#8296=ADVANCED_FACE('',(#724),#7488,.F.);
#8297=ADVANCED_FACE('',(#725),#7489,.F.);
#8298=ADVANCED_FACE('',(#726),#7490,.T.);
#8299=ADVANCED_FACE('',(#727),#115,.T.);
#8300=ADVANCED_FACE('',(#728,#291),#7491,.T.);
#8301=ADVANCED_FACE('',(#729),#116,.T.);
#8302=ADVANCED_FACE('',(#730),#7492,.T.);
#8303=ADVANCED_FACE('',(#731),#39,.T.);
#8304=ADVANCED_FACE('',(#732),#49,.T.);
#8305=ADVANCED_FACE('',(#733,#292),#7493,.T.);
#8306=CLOSED_SHELL('',(#7865,#7866,#7867,#7868,#7869,#7870,#7871,#7872,
#7873,#7874,#7875,#7876,#7877,#7878,#7879,#7880,#7881,#7882,#7883,#7884,
#7885,#7886,#7887,#7888,#7889,#7890,#7891,#7892,#7893,#7894,#7895,#7896,
#7897,#7898,#7899,#7900,#7901,#7902,#7903,#7904,#7905,#7906,#7907,#7908,
#7909,#7910,#7911,#7912,#7913,#7914,#7915,#7916,#7917,#7918,#7919,#7920,
#7921,#7922,#7923,#7924,#7925,#7926,#7927,#7928,#7929,#7930,#7931,#7932,
#7933,#7934,#7935,#7936,#7937,#7938,#7939,#7940,#7941,#7942,#7943,#7944,
#7945,#7946,#7947,#7948,#7949,#7950,#7951,#7952,#7953,#7954,#7955,#7956,
#7957,#7958,#7959,#7960,#7961,#7962,#7963,#7964,#7965,#7966,#7967,#7968,
#7969,#7970,#7971,#7972,#7973,#7974,#7975,#7976,#7977,#7978,#7979,#7980,
#7981,#7982,#7983,#7984,#7985,#7986,#7987,#7988,#7989,#7990,#7991,#7992,
#7993,#7994,#7995,#7996,#7997,#7998,#7999,#8000,#8001,#8002,#8003,#8004,
#8005,#8006,#8007,#8008,#8009,#8010,#8011,#8012,#8013,#8014,#8015,#8016,
#8017,#8018,#8019,#8020,#8021,#8022,#8023,#8024,#8025,#8026,#8027,#8028,
#8029,#8030,#8031,#8032,#8033,#8034,#8035,#8036,#8037,#8038,#8039,#8040,
#8041,#8042,#8043,#8044,#8045,#8046,#8047,#8048,#8049,#8050,#8051,#8052,
#8053,#8054,#8055,#8056,#8057,#8058,#8059,#8060,#8061,#8062,#8063,#8064,
#8065,#8066,#8067,#8068,#8069,#8070,#8071,#8072,#8073,#8074,#8075,#8076,
#8077,#8078,#8079,#8080,#8081,#8082,#8083,#8084,#8085,#8086,#8087,#8088,
#8089,#8090,#8091,#8092,#8093,#8094,#8095,#8096,#8097,#8098,#8099,#8100,
#8101,#8102,#8103,#8104,#8105,#8106,#8107,#8108,#8109,#8110,#8111,#8112,
#8113,#8114,#8115,#8116,#8117,#8118,#8119,#8120,#8121,#8122,#8123,#8124,
#8125,#8126,#8127,#8128,#8129,#8130,#8131,#8132,#8133,#8134,#8135,#8136,
#8137,#8138,#8139,#8140,#8141,#8142,#8143,#8144,#8145,#8146,#8147,#8148,
#8149,#8150,#8151,#8152,#8153,#8154,#8155,#8156,#8157,#8158,#8159,#8160,
#8161,#8162,#8163,#8164,#8165,#8166,#8167,#8168,#8169,#8170,#8171,#8172,
#8173,#8174,#8175,#8176,#8177,#8178,#8179,#8180,#8181,#8182,#8183,#8184,
#8185,#8186,#8187,#8188,#8189,#8190,#8191,#8192,#8193,#8194,#8195,#8196,
#8197,#8198,#8199,#8200,#8201,#8202,#8203,#8204));
#8307=CLOSED_SHELL('',(#8205,#8206,#8207,#8208,#8209,#8210,#8211,#8212,
#8213,#8214,#8215,#8216,#8217,#8218,#8219,#8220,#8221,#8222,#8223,#8224,
#8225,#8226,#8227,#8228,#8229,#8230));
#8308=CLOSED_SHELL('',(#8231,#8232,#8233,#8234,#8235,#8236,#8237,#8238,
#8239,#8240,#8241,#8242,#8243,#8244,#8245,#8246,#8247,#8248,#8249,#8250,
#8251,#8252,#8253,#8254,#8255,#8256));
#8309=CLOSED_SHELL('',(#8257,#8258,#8259,#8260,#8261,#8262,#8263,#8264,
#8265,#8266,#8267,#8268,#8269,#8270,#8271,#8272,#8273,#8274,#8275,#8276,
#8277,#8278,#8279,#8280));
#8310=CLOSED_SHELL('',(#8281,#8282,#8283,#8284,#8285,#8286,#8287,#8288,
#8289,#8290,#8291,#8292,#8293,#8294,#8295,#8296,#8297,#8298,#8299,#8300,
#8301,#8302,#8303,#8304,#8305));
#8311=DERIVED_UNIT_ELEMENT(#8321,1.);
#8312=DERIVED_UNIT_ELEMENT(#13327,-3.);
#8313=DERIVED_UNIT_ELEMENT(#8321,1.);
#8314=DERIVED_UNIT_ELEMENT(#13327,-3.);
#8315=DERIVED_UNIT_ELEMENT(#8321,1.);
#8316=DERIVED_UNIT_ELEMENT(#13327,-3.);
#8317=DERIVED_UNIT_ELEMENT(#8321,1.);
#8318=DERIVED_UNIT_ELEMENT(#13327,-3.);
#8319=DERIVED_UNIT_ELEMENT(#8321,1.);
#8320=DERIVED_UNIT_ELEMENT(#13327,-3.);
#8321=(
MASS_UNIT()
NAMED_UNIT(*)
SI_UNIT(.KILO.,.GRAM.)
);
#8322=DERIVED_UNIT((#8311,#8312));
#8323=DERIVED_UNIT((#8313,#8314));
#8324=DERIVED_UNIT((#8315,#8316));
#8325=DERIVED_UNIT((#8317,#8318));
#8326=DERIVED_UNIT((#8319,#8320));
#8327=MEASURE_REPRESENTATION_ITEM('density measure',
POSITIVE_RATIO_MEASURE(7850.),#8322);
#8328=MEASURE_REPRESENTATION_ITEM('density measure',
POSITIVE_RATIO_MEASURE(7850.),#8323);
#8329=MEASURE_REPRESENTATION_ITEM('density measure',
POSITIVE_RATIO_MEASURE(7850.),#8324);
#8330=MEASURE_REPRESENTATION_ITEM('density measure',
POSITIVE_RATIO_MEASURE(7850.),#8325);
#8331=MEASURE_REPRESENTATION_ITEM('density measure',
POSITIVE_RATIO_MEASURE(7750.),#8326);
#8332=PROPERTY_DEFINITION_REPRESENTATION(#8357,#8342);
#8333=PROPERTY_DEFINITION_REPRESENTATION(#8358,#8343);
#8334=PROPERTY_DEFINITION_REPRESENTATION(#8359,#8344);
#8335=PROPERTY_DEFINITION_REPRESENTATION(#8360,#8345);
#8336=PROPERTY_DEFINITION_REPRESENTATION(#8361,#8346);
#8337=PROPERTY_DEFINITION_REPRESENTATION(#8362,#8347);
#8338=PROPERTY_DEFINITION_REPRESENTATION(#8363,#8348);
#8339=PROPERTY_DEFINITION_REPRESENTATION(#8364,#8349);
#8340=PROPERTY_DEFINITION_REPRESENTATION(#8365,#8350);
#8341=PROPERTY_DEFINITION_REPRESENTATION(#8366,#8351);
#8342=REPRESENTATION('material name',(#8352),#13320);
#8343=REPRESENTATION('density',(#8327),#13320);
#8344=REPRESENTATION('material name',(#8353),#13321);
#8345=REPRESENTATION('density',(#8328),#13321);
#8346=REPRESENTATION('material name',(#8354),#13322);
#8347=REPRESENTATION('density',(#8329),#13322);
#8348=REPRESENTATION('material name',(#8355),#13323);
#8349=REPRESENTATION('density',(#8330),#13323);
#8350=REPRESENTATION('material name',(#8356),#13324);
#8351=REPRESENTATION('density',(#8331),#13324);
#8352=DESCRIPTIVE_REPRESENTATION_ITEM('Steel','Steel');
#8353=DESCRIPTIVE_REPRESENTATION_ITEM('Steel','Steel');
#8354=DESCRIPTIVE_REPRESENTATION_ITEM('Steel','Steel');
#8355=DESCRIPTIVE_REPRESENTATION_ITEM('Steel','Steel');
#8356=DESCRIPTIVE_REPRESENTATION_ITEM('Steel 4.6, Plain',
'Steel 4.6, Plain');
#8357=PROPERTY_DEFINITION('material property','material name',#13357);
#8358=PROPERTY_DEFINITION('material property','density of part',#13357);
#8359=PROPERTY_DEFINITION('material property','material name',#13358);
#8360=PROPERTY_DEFINITION('material property','density of part',#13358);
#8361=PROPERTY_DEFINITION('material property','material name',#13359);
#8362=PROPERTY_DEFINITION('material property','density of part',#13359);
#8363=PROPERTY_DEFINITION('material property','material name',#13360);
#8364=PROPERTY_DEFINITION('material property','density of part',#13360);
#8365=PROPERTY_DEFINITION('material property','material name',#13361);
#8366=PROPERTY_DEFINITION('material property','density of part',#13361);
#8367=AXIS2_PLACEMENT_3D('',#11047,#8939,#8940);
#8368=AXIS2_PLACEMENT_3D('',#11048,#8941,#8942);
#8369=AXIS2_PLACEMENT_3D('',#11049,#8943,#8944);
#8370=AXIS2_PLACEMENT_3D('',#11058,#8949,#8950);
#8371=AXIS2_PLACEMENT_3D('',#11064,#8954,#8955);
#8372=AXIS2_PLACEMENT_3D('',#11070,#8959,#8960);
#8373=AXIS2_PLACEMENT_3D('',#11264,#9058,#9059);
#8374=AXIS2_PLACEMENT_3D('',#11458,#9157,#9158);
#8375=AXIS2_PLACEMENT_3D('',#11460,#9160,#9161);
#8376=AXIS2_PLACEMENT_3D('',#11462,#9163,#9164);
#8377=AXIS2_PLACEMENT_3D('',#11464,#9166,#9167);
#8378=AXIS2_PLACEMENT_3D('',#11466,#9169,#9170);
#8379=AXIS2_PLACEMENT_3D('',#11468,#9172,#9173);
#8380=AXIS2_PLACEMENT_3D('',#11470,#9175,#9176);
#8381=AXIS2_PLACEMENT_3D('',#11472,#9178,#9179);
#8382=AXIS2_PLACEMENT_3D('',#11474,#9181,#9182);
#8383=AXIS2_PLACEMENT_3D('',#11476,#9184,#9185);
#8384=AXIS2_PLACEMENT_3D('',#11478,#9187,#9188);
#8385=AXIS2_PLACEMENT_3D('',#11480,#9190,#9191);
#8386=AXIS2_PLACEMENT_3D('',#11482,#9193,#9194);
#8387=AXIS2_PLACEMENT_3D('',#11484,#9196,#9197);
#8388=AXIS2_PLACEMENT_3D('',#11486,#9199,#9200);
#8389=AXIS2_PLACEMENT_3D('',#11488,#9202,#9203);
#8390=AXIS2_PLACEMENT_3D('',#11490,#9205,#9206);
#8391=AXIS2_PLACEMENT_3D('',#11492,#9208,#9209);
#8392=AXIS2_PLACEMENT_3D('',#11494,#9211,#9212);
#8393=AXIS2_PLACEMENT_3D('',#11496,#9214,#9215);
#8394=AXIS2_PLACEMENT_3D('',#11498,#9217,#9218);
#8395=AXIS2_PLACEMENT_3D('',#11500,#9220,#9221);
#8396=AXIS2_PLACEMENT_3D('',#11502,#9223,#9224);
#8397=AXIS2_PLACEMENT_3D('',#11504,#9226,#9227);
#8398=AXIS2_PLACEMENT_3D('',#11506,#9229,#9230);
#8399=AXIS2_PLACEMENT_3D('',#11508,#9232,#9233);
#8400=AXIS2_PLACEMENT_3D('',#11510,#9235,#9236);
#8401=AXIS2_PLACEMENT_3D('',#11512,#9238,#9239);
#8402=AXIS2_PLACEMENT_3D('',#11514,#9241,#9242);
#8403=AXIS2_PLACEMENT_3D('',#11516,#9244,#9245);
#8404=AXIS2_PLACEMENT_3D('',#11518,#9247,#9248);
#8405=AXIS2_PLACEMENT_3D('',#11520,#9250,#9251);
#8406=AXIS2_PLACEMENT_3D('',#11522,#9253,#9254);
#8407=AXIS2_PLACEMENT_3D('',#11524,#9256,#9257);
#8408=AXIS2_PLACEMENT_3D('',#11526,#9259,#9260);
#8409=AXIS2_PLACEMENT_3D('',#11528,#9262,#9263);
#8410=AXIS2_PLACEMENT_3D('',#11530,#9265,#9266);
#8411=AXIS2_PLACEMENT_3D('',#11532,#9268,#9269);
#8412=AXIS2_PLACEMENT_3D('',#11534,#9271,#9272);
#8413=AXIS2_PLACEMENT_3D('',#11536,#9274,#9275);
#8414=AXIS2_PLACEMENT_3D('',#11538,#9277,#9278);
#8415=AXIS2_PLACEMENT_3D('',#11539,#9279,#9280);
#8416=AXIS2_PLACEMENT_3D('',#11545,#9284,#9285);
#8417=AXIS2_PLACEMENT_3D('',#11547,#9286,#9287);
#8418=AXIS2_PLACEMENT_3D('',#11555,#9292,#9293);
#8419=AXIS2_PLACEMENT_3D('',#11559,#9296,#9297);
#8420=AXIS2_PLACEMENT_3D('',#11561,#9298,#9299);
#8421=AXIS2_PLACEMENT_3D('',#11567,#9303,#9304);
#8422=AXIS2_PLACEMENT_3D('',#11573,#9308,#9309);
#8423=AXIS2_PLACEMENT_3D('',#11576,#9310,#9311);
#8424=AXIS2_PLACEMENT_3D('',#11583,#9316,#9317);
#8425=AXIS2_PLACEMENT_3D('',#11587,#9320,#9321);
#8426=AXIS2_PLACEMENT_3D('',#11589,#9322,#9323);
#8427=AXIS2_PLACEMENT_3D('',#11595,#9327,#9328);
#8428=AXIS2_PLACEMENT_3D('',#11601,#9332,#9333);
#8429=AXIS2_PLACEMENT_3D('',#11604,#9334,#9335);
#8430=AXIS2_PLACEMENT_3D('',#11611,#9340,#9341);
#8431=AXIS2_PLACEMENT_3D('',#11615,#9344,#9345);
#8432=AXIS2_PLACEMENT_3D('',#11617,#9346,#9347);
#8433=AXIS2_PLACEMENT_3D('',#11623,#9351,#9352);
#8434=AXIS2_PLACEMENT_3D('',#11626,#9353,#9354);
#8435=AXIS2_PLACEMENT_3D('',#11635,#9360,#9361);
#8436=AXIS2_PLACEMENT_3D('',#11639,#9364,#9365);
#8437=AXIS2_PLACEMENT_3D('',#11642,#9366,#9367);
#8438=AXIS2_PLACEMENT_3D('',#11649,#9372,#9373);
#8439=AXIS2_PLACEMENT_3D('',#11651,#9375,#9376);
#8440=AXIS2_PLACEMENT_3D('',#11657,#9380,#9381);
#8441=AXIS2_PLACEMENT_3D('',#11660,#9382,#9383);
#8442=AXIS2_PLACEMENT_3D('',#11667,#9388,#9389);
#8443=AXIS2_PLACEMENT_3D('',#11671,#9392,#9393);
#8444=AXIS2_PLACEMENT_3D('',#11673,#9394,#9395);
#8445=AXIS2_PLACEMENT_3D('',#11679,#9399,#9400);
#8446=AXIS2_PLACEMENT_3D('',#11685,#9404,#9405);
#8447=AXIS2_PLACEMENT_3D('',#11687,#9406,#9407);
#8448=AXIS2_PLACEMENT_3D('',#11695,#9412,#9413);
#8449=AXIS2_PLACEMENT_3D('',#11699,#9416,#9417);
#8450=AXIS2_PLACEMENT_3D('',#11701,#9418,#9419);
#8451=AXIS2_PLACEMENT_3D('',#11707,#9423,#9424);
#8452=AXIS2_PLACEMENT_3D('',#11713,#9428,#9429);
#8453=AXIS2_PLACEMENT_3D('',#11715,#9430,#9431);
#8454=AXIS2_PLACEMENT_3D('',#11723,#9436,#9437);
#8455=AXIS2_PLACEMENT_3D('',#11727,#9440,#9441);
#8456=AXIS2_PLACEMENT_3D('',#11729,#9442,#9443);
#8457=AXIS2_PLACEMENT_3D('',#11735,#9447,#9448);
#8458=AXIS2_PLACEMENT_3D('',#11741,#9452,#9453);
#8459=AXIS2_PLACEMENT_3D('',#11744,#9454,#9455);
#8460=AXIS2_PLACEMENT_3D('',#11751,#9460,#9461);
#8461=AXIS2_PLACEMENT_3D('',#11755,#9464,#9465);
#8462=AXIS2_PLACEMENT_3D('',#11757,#9466,#9467);
#8463=AXIS2_PLACEMENT_3D('',#11763,#9471,#9472);
#8464=AXIS2_PLACEMENT_3D('',#11769,#9476,#9477);
#8465=AXIS2_PLACEMENT_3D('',#11772,#9478,#9479);
#8466=AXIS2_PLACEMENT_3D('',#11779,#9484,#9485);
#8467=AXIS2_PLACEMENT_3D('',#11783,#9488,#9489);
#8468=AXIS2_PLACEMENT_3D('',#11785,#9490,#9491);
#8469=AXIS2_PLACEMENT_3D('',#11791,#9495,#9496);
#8470=AXIS2_PLACEMENT_3D('',#11797,#9500,#9501);
#8471=AXIS2_PLACEMENT_3D('',#11799,#9502,#9503);
#8472=AXIS2_PLACEMENT_3D('',#11807,#9508,#9509);
#8473=AXIS2_PLACEMENT_3D('',#11811,#9512,#9513);
#8474=AXIS2_PLACEMENT_3D('',#11813,#9514,#9515);
#8475=AXIS2_PLACEMENT_3D('',#11819,#9519,#9520);
#8476=AXIS2_PLACEMENT_3D('',#11822,#9521,#9522);
#8477=AXIS2_PLACEMENT_3D('',#11831,#9528,#9529);
#8478=AXIS2_PLACEMENT_3D('',#11835,#9532,#9533);
#8479=AXIS2_PLACEMENT_3D('',#11838,#9534,#9535);
#8480=AXIS2_PLACEMENT_3D('',#11845,#9540,#9541);
#8481=AXIS2_PLACEMENT_3D('',#11847,#9543,#9544);
#8482=AXIS2_PLACEMENT_3D('',#11853,#9548,#9549);
#8483=AXIS2_PLACEMENT_3D('',#11855,#9550,#9551);
#8484=AXIS2_PLACEMENT_3D('',#11863,#9556,#9557);
#8485=AXIS2_PLACEMENT_3D('',#11867,#9560,#9561);
#8486=AXIS2_PLACEMENT_3D('',#11869,#9562,#9563);
#8487=AXIS2_PLACEMENT_3D('',#11875,#9567,#9568);
#8488=AXIS2_PLACEMENT_3D('',#11878,#9569,#9570);
#8489=AXIS2_PLACEMENT_3D('',#11887,#9576,#9577);
#8490=AXIS2_PLACEMENT_3D('',#11891,#9580,#9581);
#8491=AXIS2_PLACEMENT_3D('',#11894,#9582,#9583);
#8492=AXIS2_PLACEMENT_3D('',#11901,#9588,#9589);
#8493=AXIS2_PLACEMENT_3D('',#11903,#9591,#9592);
#8494=AXIS2_PLACEMENT_3D('',#11906,#9593,#9594);
#8495=AXIS2_PLACEMENT_3D('',#11915,#9600,#9601);
#8496=AXIS2_PLACEMENT_3D('',#11919,#9604,#9605);
#8497=AXIS2_PLACEMENT_3D('',#11922,#9606,#9607);
#8498=AXIS2_PLACEMENT_3D('',#11929,#9612,#9613);
#8499=AXIS2_PLACEMENT_3D('',#11931,#9615,#9616);
#8500=AXIS2_PLACEMENT_3D('',#11937,#9620,#9621);
#8501=AXIS2_PLACEMENT_3D('',#11941,#9624,#9625);
#8502=AXIS2_PLACEMENT_3D('',#11945,#9628,#9629);
#8503=AXIS2_PLACEMENT_3D('',#11947,#9631,#9632);
#8504=AXIS2_PLACEMENT_3D('',#11953,#9636,#9637);
#8505=AXIS2_PLACEMENT_3D('',#11957,#9640,#9641);
#8506=AXIS2_PLACEMENT_3D('',#11961,#9644,#9645);
#8507=AXIS2_PLACEMENT_3D('',#11963,#9647,#9648);
#8508=AXIS2_PLACEMENT_3D('',#11969,#9652,#9653);
#8509=AXIS2_PLACEMENT_3D('',#11973,#9656,#9657);
#8510=AXIS2_PLACEMENT_3D('',#11977,#9660,#9661);
#8511=AXIS2_PLACEMENT_3D('',#11979,#9663,#9664);
#8512=AXIS2_PLACEMENT_3D('',#11985,#9668,#9669);
#8513=AXIS2_PLACEMENT_3D('',#11989,#9672,#9673);
#8514=AXIS2_PLACEMENT_3D('',#11993,#9676,#9677);
#8515=AXIS2_PLACEMENT_3D('',#11995,#9679,#9680);
#8516=AXIS2_PLACEMENT_3D('',#12001,#9684,#9685);
#8517=AXIS2_PLACEMENT_3D('',#12005,#9688,#9689);
#8518=AXIS2_PLACEMENT_3D('',#12009,#9692,#9693);
#8519=AXIS2_PLACEMENT_3D('',#12011,#9695,#9696);
#8520=AXIS2_PLACEMENT_3D('',#12017,#9700,#9701);
#8521=AXIS2_PLACEMENT_3D('',#12021,#9704,#9705);
#8522=AXIS2_PLACEMENT_3D('',#12025,#9708,#9709);
#8523=AXIS2_PLACEMENT_3D('',#12027,#9711,#9712);
#8524=AXIS2_PLACEMENT_3D('',#12033,#9716,#9717);
#8525=AXIS2_PLACEMENT_3D('',#12037,#9720,#9721);
#8526=AXIS2_PLACEMENT_3D('',#12041,#9724,#9725);
#8527=AXIS2_PLACEMENT_3D('',#12043,#9727,#9728);
#8528=AXIS2_PLACEMENT_3D('',#12049,#9732,#9733);
#8529=AXIS2_PLACEMENT_3D('',#12053,#9736,#9737);
#8530=AXIS2_PLACEMENT_3D('',#12057,#9740,#9741);
#8531=AXIS2_PLACEMENT_3D('',#12059,#9743,#9744);
#8532=AXIS2_PLACEMENT_3D('',#12065,#9748,#9749);
#8533=AXIS2_PLACEMENT_3D('',#12069,#9752,#9753);
#8534=AXIS2_PLACEMENT_3D('',#12073,#9756,#9757);
#8535=AXIS2_PLACEMENT_3D('',#12075,#9759,#9760);
#8536=AXIS2_PLACEMENT_3D('',#12081,#9764,#9765);
#8537=AXIS2_PLACEMENT_3D('',#12085,#9768,#9769);
#8538=AXIS2_PLACEMENT_3D('',#12089,#9772,#9773);
#8539=AXIS2_PLACEMENT_3D('',#12091,#9775,#9776);
#8540=AXIS2_PLACEMENT_3D('',#12097,#9780,#9781);
#8541=AXIS2_PLACEMENT_3D('',#12101,#9784,#9785);
#8542=AXIS2_PLACEMENT_3D('',#12105,#9788,#9789);
#8543=AXIS2_PLACEMENT_3D('',#12107,#9791,#9792);
#8544=AXIS2_PLACEMENT_3D('',#12113,#9796,#9797);
#8545=AXIS2_PLACEMENT_3D('',#12117,#9800,#9801);
#8546=AXIS2_PLACEMENT_3D('',#12121,#9804,#9805);
#8547=AXIS2_PLACEMENT_3D('',#12123,#9807,#9808);
#8548=AXIS2_PLACEMENT_3D('',#12129,#9812,#9813);
#8549=AXIS2_PLACEMENT_3D('',#12133,#9816,#9817);
#8550=AXIS2_PLACEMENT_3D('',#12137,#9820,#9821);
#8551=AXIS2_PLACEMENT_3D('',#12139,#9823,#9824);
#8552=AXIS2_PLACEMENT_3D('',#12145,#9828,#9829);
#8553=AXIS2_PLACEMENT_3D('',#12149,#9832,#9833);
#8554=AXIS2_PLACEMENT_3D('',#12153,#9836,#9837);
#8555=AXIS2_PLACEMENT_3D('',#12155,#9839,#9840);
#8556=AXIS2_PLACEMENT_3D('',#12157,#9842,#9843);
#8557=AXIS2_PLACEMENT_3D('',#12159,#9845,#9846);
#8558=AXIS2_PLACEMENT_3D('',#12165,#9850,#9851);
#8559=AXIS2_PLACEMENT_3D('',#12167,#9853,#9854);
#8560=AXIS2_PLACEMENT_3D('',#12173,#9858,#9859);
#8561=AXIS2_PLACEMENT_3D('',#12175,#9861,#9862);
#8562=AXIS2_PLACEMENT_3D('',#12177,#9864,#9865);
#8563=AXIS2_PLACEMENT_3D('',#12179,#9867,#9868);
#8564=AXIS2_PLACEMENT_3D('',#12185,#9872,#9873);
#8565=AXIS2_PLACEMENT_3D('',#12191,#9877,#9878);
#8566=AXIS2_PLACEMENT_3D('',#12193,#9880,#9881);
#8567=AXIS2_PLACEMENT_3D('',#12195,#9883,#9884);
#8568=AXIS2_PLACEMENT_3D('',#12197,#9886,#9887);
#8569=AXIS2_PLACEMENT_3D('',#12203,#9891,#9892);
#8570=AXIS2_PLACEMENT_3D('',#12209,#9896,#9897);
#8571=AXIS2_PLACEMENT_3D('',#12211,#9899,#9900);
#8572=AXIS2_PLACEMENT_3D('',#12213,#9902,#9903);
#8573=AXIS2_PLACEMENT_3D('',#12219,#9907,#9908);
#8574=AXIS2_PLACEMENT_3D('',#12221,#9910,#9911);
#8575=AXIS2_PLACEMENT_3D('',#12227,#9915,#9916);
#8576=AXIS2_PLACEMENT_3D('',#12229,#9918,#9919);
#8577=AXIS2_PLACEMENT_3D('',#12231,#9921,#9922);
#8578=AXIS2_PLACEMENT_3D('',#12233,#9924,#9925);
#8579=AXIS2_PLACEMENT_3D('',#12239,#9929,#9930);
#8580=AXIS2_PLACEMENT_3D('',#12245,#9934,#9935);
#8581=AXIS2_PLACEMENT_3D('',#12247,#9937,#9938);
#8582=AXIS2_PLACEMENT_3D('',#12249,#9940,#9941);
#8583=AXIS2_PLACEMENT_3D('',#12255,#9945,#9946);
#8584=AXIS2_PLACEMENT_3D('',#12257,#9948,#9949);
#8585=AXIS2_PLACEMENT_3D('',#12263,#9953,#9954);
#8586=AXIS2_PLACEMENT_3D('',#12265,#9956,#9957);
#8587=AXIS2_PLACEMENT_3D('',#12267,#9959,#9960);
#8588=AXIS2_PLACEMENT_3D('',#12273,#9964,#9965);
#8589=AXIS2_PLACEMENT_3D('',#12275,#9967,#9968);
#8590=AXIS2_PLACEMENT_3D('',#12281,#9972,#9973);
#8591=AXIS2_PLACEMENT_3D('',#12283,#9975,#9976);
#8592=AXIS2_PLACEMENT_3D('',#12285,#9978,#9979);
#8593=AXIS2_PLACEMENT_3D('',#12287,#9981,#9982);
#8594=AXIS2_PLACEMENT_3D('',#12293,#9986,#9987);
#8595=AXIS2_PLACEMENT_3D('',#12299,#9991,#9992);
#8596=AXIS2_PLACEMENT_3D('',#12301,#9994,#9995);
#8597=AXIS2_PLACEMENT_3D('',#12303,#9997,#9998);
#8598=AXIS2_PLACEMENT_3D('',#12305,#10000,#10001);
#8599=AXIS2_PLACEMENT_3D('',#12311,#10005,#10006);
#8600=AXIS2_PLACEMENT_3D('',#12317,#10010,#10011);
#8601=AXIS2_PLACEMENT_3D('',#12319,#10013,#10014);
#8602=AXIS2_PLACEMENT_3D('',#12321,#10016,#10017);
#8603=AXIS2_PLACEMENT_3D('',#12327,#10021,#10022);
#8604=AXIS2_PLACEMENT_3D('',#12329,#10024,#10025);
#8605=AXIS2_PLACEMENT_3D('',#12335,#10029,#10030);
#8606=AXIS2_PLACEMENT_3D('',#12337,#10032,#10033);
#8607=AXIS2_PLACEMENT_3D('',#12339,#10035,#10036);
#8608=AXIS2_PLACEMENT_3D('',#12345,#10040,#10041);
#8609=AXIS2_PLACEMENT_3D('',#12347,#10043,#10044);
#8610=AXIS2_PLACEMENT_3D('',#12353,#10048,#10049);
#8611=AXIS2_PLACEMENT_3D('',#12355,#10051,#10052);
#8612=AXIS2_PLACEMENT_3D('',#12357,#10054,#10055);
#8613=AXIS2_PLACEMENT_3D('',#12363,#10059,#10060);
#8614=AXIS2_PLACEMENT_3D('',#12365,#10062,#10063);
#8615=AXIS2_PLACEMENT_3D('',#12371,#10067,#10068);
#8616=AXIS2_PLACEMENT_3D('',#12373,#10070,#10071);
#8617=AXIS2_PLACEMENT_3D('',#12375,#10073,#10074);
#8618=AXIS2_PLACEMENT_3D('',#12381,#10078,#10079);
#8619=AXIS2_PLACEMENT_3D('',#12383,#10081,#10082);
#8620=AXIS2_PLACEMENT_3D('',#12389,#10086,#10087);
#8621=AXIS2_PLACEMENT_3D('',#12391,#10089,#10090);
#8622=AXIS2_PLACEMENT_3D('',#12393,#10092,#10093);
#8623=AXIS2_PLACEMENT_3D('',#12399,#10097,#10098);
#8624=AXIS2_PLACEMENT_3D('',#12401,#10100,#10101);
#8625=AXIS2_PLACEMENT_3D('',#12407,#10105,#10106);
#8626=AXIS2_PLACEMENT_3D('',#12413,#10110,#10111);
#8627=AXIS2_PLACEMENT_3D('',#12417,#10114,#10115);
#8628=AXIS2_PLACEMENT_3D('',#12421,#10118,#10119);
#8629=AXIS2_PLACEMENT_3D('',#12423,#10121,#10122);
#8630=AXIS2_PLACEMENT_3D('',#12429,#10126,#10127);
#8631=AXIS2_PLACEMENT_3D('',#12433,#10130,#10131);
#8632=AXIS2_PLACEMENT_3D('',#12437,#10134,#10135);
#8633=AXIS2_PLACEMENT_3D('',#12439,#10137,#10138);
#8634=AXIS2_PLACEMENT_3D('',#12445,#10142,#10143);
#8635=AXIS2_PLACEMENT_3D('',#12449,#10146,#10147);
#8636=AXIS2_PLACEMENT_3D('',#12453,#10150,#10151);
#8637=AXIS2_PLACEMENT_3D('',#12455,#10153,#10154);
#8638=AXIS2_PLACEMENT_3D('',#12461,#10158,#10159);
#8639=AXIS2_PLACEMENT_3D('',#12465,#10162,#10163);
#8640=AXIS2_PLACEMENT_3D('',#12469,#10166,#10167);
#8641=AXIS2_PLACEMENT_3D('',#12471,#10169,#10170);
#8642=AXIS2_PLACEMENT_3D('',#12477,#10174,#10175);
#8643=AXIS2_PLACEMENT_3D('',#12481,#10178,#10179);
#8644=AXIS2_PLACEMENT_3D('',#12485,#10182,#10183);
#8645=AXIS2_PLACEMENT_3D('',#12487,#10185,#10186);
#8646=AXIS2_PLACEMENT_3D('',#12493,#10190,#10191);
#8647=AXIS2_PLACEMENT_3D('',#12497,#10194,#10195);
#8648=AXIS2_PLACEMENT_3D('',#12501,#10198,#10199);
#8649=AXIS2_PLACEMENT_3D('',#12503,#10201,#10202);
#8650=AXIS2_PLACEMENT_3D('',#12509,#10206,#10207);
#8651=AXIS2_PLACEMENT_3D('',#12513,#10210,#10211);
#8652=AXIS2_PLACEMENT_3D('',#12517,#10214,#10215);
#8653=AXIS2_PLACEMENT_3D('',#12519,#10217,#10218);
#8654=AXIS2_PLACEMENT_3D('',#12525,#10222,#10223);
#8655=AXIS2_PLACEMENT_3D('',#12529,#10226,#10227);
#8656=AXIS2_PLACEMENT_3D('',#12533,#10230,#10231);
#8657=AXIS2_PLACEMENT_3D('',#12535,#10233,#10234);
#8658=AXIS2_PLACEMENT_3D('',#12541,#10238,#10239);
#8659=AXIS2_PLACEMENT_3D('',#12545,#10242,#10243);
#8660=AXIS2_PLACEMENT_3D('',#12549,#10246,#10247);
#8661=AXIS2_PLACEMENT_3D('',#12551,#10249,#10250);
#8662=AXIS2_PLACEMENT_3D('',#12557,#10254,#10255);
#8663=AXIS2_PLACEMENT_3D('',#12561,#10258,#10259);
#8664=AXIS2_PLACEMENT_3D('',#12565,#10262,#10263);
#8665=AXIS2_PLACEMENT_3D('',#12567,#10265,#10266);
#8666=AXIS2_PLACEMENT_3D('',#12573,#10270,#10271);
#8667=AXIS2_PLACEMENT_3D('',#12577,#10274,#10275);
#8668=AXIS2_PLACEMENT_3D('',#12581,#10278,#10279);
#8669=AXIS2_PLACEMENT_3D('',#12583,#10281,#10282);
#8670=AXIS2_PLACEMENT_3D('',#12589,#10286,#10287);
#8671=AXIS2_PLACEMENT_3D('',#12593,#10290,#10291);
#8672=AXIS2_PLACEMENT_3D('',#12597,#10294,#10295);
#8673=AXIS2_PLACEMENT_3D('',#12599,#10297,#10298);
#8674=AXIS2_PLACEMENT_3D('',#12605,#10302,#10303);
#8675=AXIS2_PLACEMENT_3D('',#12609,#10306,#10307);
#8676=AXIS2_PLACEMENT_3D('',#12613,#10310,#10311);
#8677=AXIS2_PLACEMENT_3D('',#12615,#10313,#10314);
#8678=AXIS2_PLACEMENT_3D('',#12621,#10318,#10319);
#8679=AXIS2_PLACEMENT_3D('',#12625,#10322,#10323);
#8680=AXIS2_PLACEMENT_3D('',#12629,#10326,#10327);
#8681=AXIS2_PLACEMENT_3D('',#12631,#10329,#10330);
#8682=AXIS2_PLACEMENT_3D('',#12633,#10332,#10333);
#8683=AXIS2_PLACEMENT_3D('',#12635,#10335,#10336);
#8684=AXIS2_PLACEMENT_3D('',#12636,#10337,#10338);
#8685=AXIS2_PLACEMENT_3D('',#12638,#10340,#10341);
#8686=AXIS2_PLACEMENT_3D('',#12640,#10343,#10344);
#8687=AXIS2_PLACEMENT_3D('',#12641,#10345,#10346);
#8688=AXIS2_PLACEMENT_3D('',#12643,#10348,#10349);
#8689=AXIS2_PLACEMENT_3D('',#12645,#10351,#10352);
#8690=AXIS2_PLACEMENT_3D('',#12646,#10353,#10354);
#8691=AXIS2_PLACEMENT_3D('',#12648,#10356,#10357);
#8692=AXIS2_PLACEMENT_3D('',#12650,#10359,#10360);
#8693=AXIS2_PLACEMENT_3D('',#12651,#10361,#10362);
#8694=AXIS2_PLACEMENT_3D('',#12653,#10364,#10365);
#8695=AXIS2_PLACEMENT_3D('',#12655,#10367,#10368);
#8696=AXIS2_PLACEMENT_3D('',#12656,#10369,#10370);
#8697=AXIS2_PLACEMENT_3D('',#12658,#10372,#10373);
#8698=AXIS2_PLACEMENT_3D('',#12660,#10375,#10376);
#8699=AXIS2_PLACEMENT_3D('',#12661,#10377,#10378);
#8700=AXIS2_PLACEMENT_3D('',#12663,#10380,#10381);
#8701=AXIS2_PLACEMENT_3D('',#12665,#10383,#10384);
#8702=AXIS2_PLACEMENT_3D('',#12666,#10385,#10386);
#8703=AXIS2_PLACEMENT_3D('',#12668,#10388,#10389);
#8704=AXIS2_PLACEMENT_3D('',#12670,#10391,#10392);
#8705=AXIS2_PLACEMENT_3D('',#12671,#10393,#10394);
#8706=AXIS2_PLACEMENT_3D('',#12673,#10396,#10397);
#8707=AXIS2_PLACEMENT_3D('',#12675,#10399,#10400);
#8708=AXIS2_PLACEMENT_3D('',#12676,#10401,#10402);
#8709=AXIS2_PLACEMENT_3D('',#12678,#10404,#10405);
#8710=AXIS2_PLACEMENT_3D('',#12680,#10407,#10408);
#8711=AXIS2_PLACEMENT_3D('',#12681,#10409,#10410);
#8712=AXIS2_PLACEMENT_3D('',#12683,#10412,#10413);
#8713=AXIS2_PLACEMENT_3D('',#12685,#10415,#10416);
#8714=AXIS2_PLACEMENT_3D('',#12686,#10417,#10418);
#8715=AXIS2_PLACEMENT_3D('',#12688,#10420,#10421);
#8716=AXIS2_PLACEMENT_3D('',#12690,#10423,#10424);
#8717=AXIS2_PLACEMENT_3D('',#12691,#10425,#10426);
#8718=AXIS2_PLACEMENT_3D('',#12693,#10428,#10429);
#8719=AXIS2_PLACEMENT_3D('',#12695,#10431,#10432);
#8720=AXIS2_PLACEMENT_3D('',#12696,#10433,#10434);
#8721=AXIS2_PLACEMENT_3D('',#12698,#10436,#10437);
#8722=AXIS2_PLACEMENT_3D('',#12700,#10439,#10440);
#8723=AXIS2_PLACEMENT_3D('',#12701,#10441,#10442);
#8724=AXIS2_PLACEMENT_3D('',#12702,#10443,#10444);
#8725=AXIS2_PLACEMENT_3D('',#12703,#10445,#10446);
#8726=AXIS2_PLACEMENT_3D('',#12704,#10447,#10448);
#8727=AXIS2_PLACEMENT_3D('',#12705,#10449,#10450);
#8728=AXIS2_PLACEMENT_3D('',#12706,#10451,#10452);
#8729=AXIS2_PLACEMENT_3D('',#12707,#10453,#10454);
#8730=AXIS2_PLACEMENT_3D('',#12708,#10455,#10456);
#8731=AXIS2_PLACEMENT_3D('',#12709,#10457,#10458);
#8732=AXIS2_PLACEMENT_3D('',#12710,#10459,#10460);
#8733=AXIS2_PLACEMENT_3D('',#12711,#10461,#10462);
#8734=AXIS2_PLACEMENT_3D('',#12712,#10463,#10464);
#8735=AXIS2_PLACEMENT_3D('',#12713,#10465,#10466);
#8736=AXIS2_PLACEMENT_3D('',#12714,#10467,#10468);
#8737=AXIS2_PLACEMENT_3D('',#12715,#10469,#10470);
#8738=AXIS2_PLACEMENT_3D('',#12716,#10471,#10472);
#8739=AXIS2_PLACEMENT_3D('',#12721,#10474,#10475);
#8740=AXIS2_PLACEMENT_3D('',#12724,#10477,#10478);
#8741=AXIS2_PLACEMENT_3D('',#12725,#10479,#10480);
#8742=AXIS2_PLACEMENT_3D('',#12731,#10484,#10485);
#8743=AXIS2_PLACEMENT_3D('',#12737,#10489,#10490);
#8744=AXIS2_PLACEMENT_3D('',#12739,#10491,#10492);
#8745=AXIS2_PLACEMENT_3D('',#12743,#10494,#10495);
#8746=AXIS2_PLACEMENT_3D('',#12746,#10497,#10498);
#8747=AXIS2_PLACEMENT_3D('',#12748,#10499,#10500);
#8748=AXIS2_PLACEMENT_3D('',#12750,#10501,#10502);
#8749=AXIS2_PLACEMENT_3D('',#12752,#10503,#10504);
#8750=AXIS2_PLACEMENT_3D('',#12754,#10505,#10506);
#8751=AXIS2_PLACEMENT_3D('',#12756,#10507,#10508);
#8752=AXIS2_PLACEMENT_3D('',#12758,#10509,#10510);
#8753=AXIS2_PLACEMENT_3D('',#12760,#10511,#10512);
#8754=AXIS2_PLACEMENT_3D('',#12762,#10513,#10514);
#8755=AXIS2_PLACEMENT_3D('',#12764,#10515,#10516);
#8756=AXIS2_PLACEMENT_3D('',#12766,#10517,#10518);
#8757=AXIS2_PLACEMENT_3D('',#12768,#10519,#10520);
#8758=AXIS2_PLACEMENT_3D('',#12770,#10521,#10522);
#8759=AXIS2_PLACEMENT_3D('',#12772,#10523,#10524);
#8760=AXIS2_PLACEMENT_3D('',#12774,#10525,#10526);
#8761=AXIS2_PLACEMENT_3D('',#12776,#10527,#10528);
#8762=AXIS2_PLACEMENT_3D('',#12778,#10529,#10530);
#8763=AXIS2_PLACEMENT_3D('',#12779,#10531,#10532);
#8764=AXIS2_PLACEMENT_3D('',#12781,#10533,#10534);
#8765=AXIS2_PLACEMENT_3D('',#12785,#10536,#10537);
#8766=AXIS2_PLACEMENT_3D('',#12788,#10539,#10540);
#8767=AXIS2_PLACEMENT_3D('',#12790,#10541,#10542);
#8768=AXIS2_PLACEMENT_3D('',#12792,#10543,#10544);
#8769=AXIS2_PLACEMENT_3D('',#12794,#10545,#10546);
#8770=AXIS2_PLACEMENT_3D('',#12796,#10547,#10548);
#8771=AXIS2_PLACEMENT_3D('',#12798,#10549,#10550);
#8772=AXIS2_PLACEMENT_3D('',#12800,#10551,#10552);
#8773=AXIS2_PLACEMENT_3D('',#12802,#10553,#10554);
#8774=AXIS2_PLACEMENT_3D('',#12804,#10555,#10556);
#8775=AXIS2_PLACEMENT_3D('',#12806,#10557,#10558);
#8776=AXIS2_PLACEMENT_3D('',#12808,#10559,#10560);
#8777=AXIS2_PLACEMENT_3D('',#12810,#10561,#10562);
#8778=AXIS2_PLACEMENT_3D('',#12812,#10563,#10564);
#8779=AXIS2_PLACEMENT_3D('',#12814,#10565,#10566);
#8780=AXIS2_PLACEMENT_3D('',#12816,#10567,#10568);
#8781=AXIS2_PLACEMENT_3D('',#12818,#10569,#10570);
#8782=AXIS2_PLACEMENT_3D('',#12820,#10571,#10572);
#8783=AXIS2_PLACEMENT_3D('',#12821,#10573,#10574);
#8784=AXIS2_PLACEMENT_3D('',#12823,#10576,#10577);
#8785=AXIS2_PLACEMENT_3D('',#12825,#10579,#10580);
#8786=AXIS2_PLACEMENT_3D('',#12827,#10582,#10583);
#8787=AXIS2_PLACEMENT_3D('',#12829,#10585,#10586);
#8788=AXIS2_PLACEMENT_3D('',#12830,#10587,#10588);
#8789=AXIS2_PLACEMENT_3D('',#12832,#10590,#10591);
#8790=AXIS2_PLACEMENT_3D('',#12834,#10593,#10594);
#8791=AXIS2_PLACEMENT_3D('',#12836,#10596,#10597);
#8792=AXIS2_PLACEMENT_3D('',#12838,#10599,#10600);
#8793=AXIS2_PLACEMENT_3D('',#12840,#10602,#10603);
#8794=AXIS2_PLACEMENT_3D('',#12842,#10605,#10606);
#8795=AXIS2_PLACEMENT_3D('',#12844,#10608,#10609);
#8796=AXIS2_PLACEMENT_3D('',#12846,#10611,#10612);
#8797=AXIS2_PLACEMENT_3D('',#12848,#10614,#10615);
#8798=AXIS2_PLACEMENT_3D('',#12850,#10617,#10618);
#8799=AXIS2_PLACEMENT_3D('',#12852,#10620,#10621);
#8800=AXIS2_PLACEMENT_3D('',#12854,#10623,#10624);
#8801=AXIS2_PLACEMENT_3D('',#12856,#10626,#10627);
#8802=AXIS2_PLACEMENT_3D('',#12858,#10629,#10630);
#8803=AXIS2_PLACEMENT_3D('',#12860,#10632,#10633);
#8804=AXIS2_PLACEMENT_3D('',#12862,#10635,#10636);
#8805=AXIS2_PLACEMENT_3D('',#12863,#10637,#10638);
#8806=AXIS2_PLACEMENT_3D('',#12872,#10643,#10644);
#8807=AXIS2_PLACEMENT_3D('',#12877,#10646,#10647);
#8808=AXIS2_PLACEMENT_3D('',#12885,#10651,#10652);
#8809=AXIS2_PLACEMENT_3D('',#12888,#10654,#10655);
#8810=AXIS2_PLACEMENT_3D('',#12889,#10656,#10657);
#8811=AXIS2_PLACEMENT_3D('',#12890,#10658,#10659);
#8812=AXIS2_PLACEMENT_3D('',#12892,#10660,#10661);
#8813=AXIS2_PLACEMENT_3D('',#12894,#10663,#10664);
#8814=AXIS2_PLACEMENT_3D('',#12897,#10666,#10667);
#8815=AXIS2_PLACEMENT_3D('',#12898,#10668,#10669);
#8816=AXIS2_PLACEMENT_3D('',#12904,#10672,#10673);
#8817=AXIS2_PLACEMENT_3D('',#12911,#10677,#10678);
#8818=AXIS2_PLACEMENT_3D('',#12912,#10679,#10680);
#8819=AXIS2_PLACEMENT_3D('',#12914,#10682,#10683);
#8820=AXIS2_PLACEMENT_3D('',#12916,#10685,#10686);
#8821=AXIS2_PLACEMENT_3D('',#12926,#10692,#10693);
#8822=AXIS2_PLACEMENT_3D('',#12928,#10695,#10696);
#8823=AXIS2_PLACEMENT_3D('',#12930,#10698,#10699);
#8824=AXIS2_PLACEMENT_3D('',#12940,#10705,#10706);
#8825=AXIS2_PLACEMENT_3D('',#12942,#10708,#10709);
#8826=AXIS2_PLACEMENT_3D('',#12947,#10711,#10712);
#8827=AXIS2_PLACEMENT_3D('',#12951,#10714,#10715);
#8828=AXIS2_PLACEMENT_3D('',#12954,#10717,#10718);
#8829=AXIS2_PLACEMENT_3D('',#12955,#10719,#10720);
#8830=AXIS2_PLACEMENT_3D('',#12956,#10721,#10722);
#8831=AXIS2_PLACEMENT_3D('',#12962,#10726,#10727);
#8832=AXIS2_PLACEMENT_3D('',#12966,#10730,#10731);
#8833=AXIS2_PLACEMENT_3D('',#12970,#10733,#10734);
#8834=AXIS2_PLACEMENT_3D('',#12972,#10735,#10736);
#8835=AXIS2_PLACEMENT_3D('',#12976,#10738,#10739);
#8836=AXIS2_PLACEMENT_3D('',#12979,#10741,#10742);
#8837=AXIS2_PLACEMENT_3D('',#12980,#10743,#10744);
#8838=AXIS2_PLACEMENT_3D('',#12984,#10747,#10748);
#8839=AXIS2_PLACEMENT_3D('',#12986,#10750,#10751);
#8840=AXIS2_PLACEMENT_3D('',#12988,#10753,#10754);
#8841=AXIS2_PLACEMENT_3D('',#12990,#10756,#10757);
#8842=AXIS2_PLACEMENT_3D('',#12992,#10759,#10760);
#8843=AXIS2_PLACEMENT_3D('',#12994,#10762,#10763);
#8844=AXIS2_PLACEMENT_3D('',#12996,#10765,#10766);
#8845=AXIS2_PLACEMENT_3D('',#12998,#10768,#10769);
#8846=AXIS2_PLACEMENT_3D('',#13000,#10771,#10772);
#8847=AXIS2_PLACEMENT_3D('',#13001,#10773,#10774);
#8848=AXIS2_PLACEMENT_3D('',#13002,#10775,#10776);
#8849=AXIS2_PLACEMENT_3D('',#13011,#10781,#10782);
#8850=AXIS2_PLACEMENT_3D('',#13017,#10786,#10787);
#8851=AXIS2_PLACEMENT_3D('',#13023,#10791,#10792);
#8852=AXIS2_PLACEMENT_3D('',#13029,#10796,#10797);
#8853=AXIS2_PLACEMENT_3D('',#13035,#10801,#10802);
#8854=AXIS2_PLACEMENT_3D('',#13045,#10808,#10809);
#8855=AXIS2_PLACEMENT_3D('',#13049,#10811,#10812);
#8856=AXIS2_PLACEMENT_3D('',#13055,#10816,#10817);
#8857=AXIS2_PLACEMENT_3D('',#13058,#10818,#10819);
#8858=AXIS2_PLACEMENT_3D('',#13062,#10821,#10822);
#8859=AXIS2_PLACEMENT_3D('',#13064,#10824,#10825);
#8860=AXIS2_PLACEMENT_3D('',#13068,#10827,#10828);
#8861=AXIS2_PLACEMENT_3D('',#13082,#10836,#10837);
#8862=AXIS2_PLACEMENT_3D('',#13086,#10840,#10841);
#8863=AXIS2_PLACEMENT_3D('',#13088,#10842,#10843);
#8864=AXIS2_PLACEMENT_3D('',#13090,#10845,#10846);
#8865=AXIS2_PLACEMENT_3D('',#13093,#10849,#10850);
#8866=AXIS2_PLACEMENT_3D('',#13099,#10854,#10855);
#8867=AXIS2_PLACEMENT_3D('',#13104,#10858,#10859);
#8868=AXIS2_PLACEMENT_3D('',#13106,#10861,#10862);
#8869=AXIS2_PLACEMENT_3D('',#13110,#10865,#10866);
#8870=AXIS2_PLACEMENT_3D('',#13114,#10869,#10870);
#8871=AXIS2_PLACEMENT_3D('',#13116,#10872,#10873);
#8872=AXIS2_PLACEMENT_3D('',#13117,#10874,#10875);
#8873=AXIS2_PLACEMENT_3D('',#13123,#10879,#10880);
#8874=AXIS2_PLACEMENT_3D('',#13125,#10881,#10882);
#8875=AXIS2_PLACEMENT_3D('',#13127,#10884,#10885);
#8876=AXIS2_PLACEMENT_3D('',#13129,#10887,#10888);
#8877=AXIS2_PLACEMENT_3D('',#13133,#10891,#10892);
#8878=AXIS2_PLACEMENT_3D('',#13134,#10893,#10894);
#8879=AXIS2_PLACEMENT_3D('',#13135,#10895,#10896);
#8880=AXIS2_PLACEMENT_3D('',#13136,#10897,#10898);
#8881=AXIS2_PLACEMENT_3D('',#13137,#10899,#10900);
#8882=AXIS2_PLACEMENT_3D('',#13139,#10901,#10902);
#8883=AXIS2_PLACEMENT_3D('',#13142,#10904,#10905);
#8884=AXIS2_PLACEMENT_3D('',#13143,#10906,#10907);
#8885=AXIS2_PLACEMENT_3D('',#13160,#10909,#10910);
#8886=AXIS2_PLACEMENT_3D('',#13162,#10912,#10913);
#8887=AXIS2_PLACEMENT_3D('',#13164,#10914,#10915);
#8888=AXIS2_PLACEMENT_3D('',#13168,#10918,#10919);
#8889=AXIS2_PLACEMENT_3D('',#13170,#10920,#10921);
#8890=AXIS2_PLACEMENT_3D('',#13174,#10924,#10925);
#8891=AXIS2_PLACEMENT_3D('',#13176,#10926,#10927);
#8892=AXIS2_PLACEMENT_3D('',#13180,#10930,#10931);
#8893=AXIS2_PLACEMENT_3D('',#13194,#10932,#10933);
#8894=AXIS2_PLACEMENT_3D('',#13196,#10935,#10936);
#8895=AXIS2_PLACEMENT_3D('',#13198,#10937,#10938);
#8896=AXIS2_PLACEMENT_3D('',#13202,#10941,#10942);
#8897=AXIS2_PLACEMENT_3D('',#13204,#10943,#10944);
#8898=AXIS2_PLACEMENT_3D('',#13208,#10947,#10948);
#8899=AXIS2_PLACEMENT_3D('',#13210,#10949,#10950);
#8900=AXIS2_PLACEMENT_3D('',#13214,#10953,#10954);
#8901=AXIS2_PLACEMENT_3D('',#13231,#10956,#10957);
#8902=AXIS2_PLACEMENT_3D('',#13233,#10959,#10960);
#8903=AXIS2_PLACEMENT_3D('',#13235,#10961,#10962);
#8904=AXIS2_PLACEMENT_3D('',#13239,#10965,#10966);
#8905=AXIS2_PLACEMENT_3D('',#13253,#10967,#10968);
#8906=AXIS2_PLACEMENT_3D('',#13255,#10970,#10971);
#8907=AXIS2_PLACEMENT_3D('',#13257,#10972,#10973);
#8908=AXIS2_PLACEMENT_3D('',#13261,#10976,#10977);
#8909=AXIS2_PLACEMENT_3D('',#13263,#10978,#10979);
#8910=AXIS2_PLACEMENT_3D('',#13267,#10982,#10983);
#8911=AXIS2_PLACEMENT_3D('',#13268,#10984,#10985);
#8912=AXIS2_PLACEMENT_3D('',#13270,#10987,#10988);
#8913=AXIS2_PLACEMENT_3D('',#13272,#10989,#10990);
#8914=AXIS2_PLACEMENT_3D('',#13276,#10993,#10994);
#8915=AXIS2_PLACEMENT_3D('',#13278,#10995,#10996);
#8916=AXIS2_PLACEMENT_3D('',#13280,#10998,#10999);
#8917=AXIS2_PLACEMENT_3D('',#13281,#11000,#11001);
#8918=AXIS2_PLACEMENT_3D('',#13282,#11002,#11003);
#8919=AXIS2_PLACEMENT_3D('',#13284,#11004,#11005);
#8920=AXIS2_PLACEMENT_3D('',#13287,#11007,#11008);
#8921=AXIS2_PLACEMENT_3D('',#13288,#11009,#11010);
#8922=AXIS2_PLACEMENT_3D('',#13290,#11011,#11012);
#8923=AXIS2_PLACEMENT_3D('',#13291,#11013,#11014);
#8924=AXIS2_PLACEMENT_3D('',#13293,#11016,#11017);
#8925=AXIS2_PLACEMENT_3D('',#13294,#11018,#11019);
#8926=AXIS2_PLACEMENT_3D('',#13296,#11020,#11021);
#8927=AXIS2_PLACEMENT_3D('',#13298,#11022,#11023);
#8928=AXIS2_PLACEMENT_3D('',#13299,#11024,#11025);
#8929=AXIS2_PLACEMENT_3D('',#13300,#11026,#11027);
#8930=AXIS2_PLACEMENT_3D('',#13302,#11028,#11029);
#8931=AXIS2_PLACEMENT_3D('',#13304,#11031,#11032);
#8932=AXIS2_PLACEMENT_3D('',#13305,#11033,#11034);
#8933=AXIS2_PLACEMENT_3D('',#13306,#11035,#11036);
#8934=AXIS2_PLACEMENT_3D('',#13307,#11037,#11038);
#8935=AXIS2_PLACEMENT_3D('',#13308,#11039,#11040);
#8936=AXIS2_PLACEMENT_3D('',#13309,#11041,#11042);
#8937=AXIS2_PLACEMENT_3D('',#13310,#11043,#11044);
#8938=AXIS2_PLACEMENT_3D('',#13311,#11045,#11046);
#8939=DIRECTION('axis',(0.,0.,1.));
#8940=DIRECTION('refdir',(1.,0.,0.));
#8941=DIRECTION('axis',(0.,0.,1.));
#8942=DIRECTION('refdir',(1.,0.,0.));
#8943=DIRECTION('center_axis',(0.,0.707106781186548,-0.707106781186548));
#8944=DIRECTION('ref_axis',(0.,-0.707106781186548,-0.707106781186548));
#8945=DIRECTION('',(1.,0.,0.));
#8946=DIRECTION('',(0.,-0.707106781186548,-0.707106781186548));
#8947=DIRECTION('',(1.,0.,0.));
#8948=DIRECTION('',(0.,-0.707106781186548,-0.707106781186548));
#8949=DIRECTION('center_axis',(0.,1.,0.));
#8950=DIRECTION('ref_axis',(0.,0.,-1.));
#8951=DIRECTION('',(1.,0.,0.));
#8952=DIRECTION('',(0.,0.,-1.));
#8953=DIRECTION('',(0.,0.,-1.));
#8954=DIRECTION('center_axis',(0.,0.,-1.));
#8955=DIRECTION('ref_axis',(0.,-1.,0.));
#8956=DIRECTION('',(0.,-1.,0.));
#8957=DIRECTION('',(1.,0.,0.));
#8958=DIRECTION('',(0.,-1.,0.));
#8959=DIRECTION('center_axis',(-1.,-2.460442517194E-32,3.91698750653E-31));
#8960=DIRECTION('ref_axis',(-3.91698750653E-31,0.,-1.));
#8961=DIRECTION('',(0.,-0.707106781186548,0.707106781186548));
#8962=DIRECTION('',(0.,-0.707106781186548,-0.707106781186548));
#8963=DIRECTION('',(0.,-1.,0.));
#8964=DIRECTION('',(0.,-0.707106781186548,0.707106781186548));
#8965=DIRECTION('',(0.,-0.707106781186548,-0.707106781186548));
#8966=DIRECTION('',(0.,-1.,0.));
#8967=DIRECTION('',(0.,-0.707106781186548,0.707106781186548));
#8968=DIRECTION('',(0.,-0.707106781186548,-0.707106781186548));
#8969=DIRECTION('',(0.,-1.,0.));
#8970=DIRECTION('',(0.,-0.707106781186548,0.707106781186548));
#8971=DIRECTION('',(0.,-0.707106781186548,-0.707106781186548));
#8972=DIRECTION('',(0.,-1.,0.));
#8973=DIRECTION('',(0.,-0.707106781186548,0.707106781186548));
#8974=DIRECTION('',(0.,-0.707106781186548,-0.707106781186548));
#8975=DIRECTION('',(0.,-1.,0.));
#8976=DIRECTION('',(0.,-0.707106781186548,0.707106781186548));
#8977=DIRECTION('',(0.,-0.707106781186548,-0.707106781186548));
#8978=DIRECTION('',(0.,-1.,0.));
#8979=DIRECTION('',(0.,-0.707106781186548,0.707106781186548));
#8980=DIRECTION('',(0.,0.,1.));
#8981=DIRECTION('',(0.,0.707106781186548,0.707106781186548));
#8982=DIRECTION('',(0.,1.,0.));
#8983=DIRECTION('',(0.,0.707106781186548,-0.707106781186548));
#8984=DIRECTION('',(0.,0.707106781186548,0.707106781186548));
#8985=DIRECTION('',(0.,1.,0.));
#8986=DIRECTION('',(0.,0.707106781186548,-0.707106781186548));
#8987=DIRECTION('',(0.,0.707106781186548,0.707106781186548));
#8988=DIRECTION('',(0.,1.,0.));
#8989=DIRECTION('',(0.,0.707106781186548,-0.707106781186548));
#8990=DIRECTION('',(0.,0.707106781186548,0.707106781186548));
#8991=DIRECTION('',(0.,1.,0.));
#8992=DIRECTION('',(0.,0.707106781186548,-0.707106781186548));
#8993=DIRECTION('',(0.,0.707106781186548,0.707106781186548));
#8994=DIRECTION('',(0.,1.,0.));
#8995=DIRECTION('',(0.,0.707106781186548,-0.707106781186548));
#8996=DIRECTION('',(0.,0.707106781186548,0.707106781186548));
#8997=DIRECTION('',(0.,1.,0.));
#8998=DIRECTION('',(0.,0.707106781186548,-0.707106781186548));
#8999=DIRECTION('',(0.,0.707106781186548,0.707106781186548));
#9000=DIRECTION('',(0.,1.,0.));
#9001=DIRECTION('',(0.,0.707106781186548,-0.707106781186548));
#9002=DIRECTION('',(-2.460442517194E-32,1.,-1.694040268747E-48));
#9003=DIRECTION('',(-3.91698750653E-31,0.,-1.));
#9004=DIRECTION('',(2.460442517194E-32,-1.,0.));
#9005=DIRECTION('',(-3.91698750653E-31,0.,-1.));
#9006=DIRECTION('',(2.460442517194E-32,-1.,0.));
#9007=DIRECTION('',(-3.91698750653E-31,0.,-1.));
#9008=DIRECTION('',(-2.460442517194E-32,1.,-1.694040268747E-48));
#9009=DIRECTION('',(-3.91698750653E-31,0.,-1.));
#9010=DIRECTION('',(2.460442517194E-32,-1.,0.));
#9011=DIRECTION('',(-3.91698750653E-31,0.,-1.));
#9012=DIRECTION('',(-2.460442517194E-32,1.,-1.694040268747E-48));
#9013=DIRECTION('',(-3.91698750653E-31,0.,-1.));
#9014=DIRECTION('',(-3.91698750653E-31,0.,-1.));
#9015=DIRECTION('',(-2.460442517194E-32,1.,-1.694040268747E-48));
#9016=DIRECTION('',(-3.91698750653E-31,0.,-1.));
#9017=DIRECTION('',(2.460442517194E-32,-1.,0.));
#9018=DIRECTION('',(2.460442517194E-32,-1.,0.));
#9019=DIRECTION('',(-3.91698750653E-31,-1.161915124245E-33,-1.));
#9020=DIRECTION('',(-2.460442517194E-32,1.,-5.273436164778E-49));
#9021=DIRECTION('',(-3.91698750653E-31,-1.161915124245E-33,-1.));
#9022=DIRECTION('',(-2.460442517194E-32,1.,-5.273436164778E-49));
#9023=DIRECTION('',(-3.91698750653E-31,-1.161915124245E-33,-1.));
#9024=DIRECTION('',(2.460442517194E-32,-1.,0.));
#9025=DIRECTION('',(-3.91698750653E-31,-1.161915124245E-33,-1.));
#9026=DIRECTION('',(-2.460442517194E-32,1.,-5.273436164778E-49));
#9027=DIRECTION('',(-3.91698750653E-31,-1.161915124245E-33,-1.));
#9028=DIRECTION('',(2.460442517194E-32,-1.,0.));
#9029=DIRECTION('',(-3.91698750653E-31,-1.161915124245E-33,-1.));
#9030=DIRECTION('',(2.460442517194E-32,-1.,0.));
#9031=DIRECTION('',(-3.91698750653E-31,-1.161915124245E-33,-1.));
#9032=DIRECTION('',(-2.460442517194E-32,1.,-5.273436164778E-49));
#9033=DIRECTION('',(-3.91698750653E-31,-1.161915124245E-33,-1.));
#9034=DIRECTION('',(2.460442517194E-32,-1.,0.));
#9035=DIRECTION('',(-3.91698750653E-31,-1.161915124245E-33,-1.));
#9036=DIRECTION('',(-2.460442517194E-32,1.,-5.273436164778E-49));
#9037=DIRECTION('',(-3.91698750653E-31,-1.161915124245E-33,-1.));
#9038=DIRECTION('',(-2.460442517194E-32,1.,-1.694040268747E-48));
#9039=DIRECTION('',(-3.91698750653E-31,0.,-1.));
#9040=DIRECTION('',(2.460442517194E-32,-1.,0.));
#9041=DIRECTION('',(-3.91698750653E-31,0.,-1.));
#9042=DIRECTION('',(-3.91698750653E-31,0.,-1.));
#9043=DIRECTION('',(-2.460442517194E-32,1.,-1.694040268747E-48));
#9044=DIRECTION('',(-3.91698750653E-31,0.,-1.));
#9045=DIRECTION('',(2.460442517194E-32,-1.,0.));
#9046=DIRECTION('',(-2.460442517194E-32,1.,-5.273436164778E-49));
#9047=DIRECTION('',(-3.91698750653E-31,-1.161915124245E-33,-1.));
#9048=DIRECTION('',(2.460442517194E-32,-1.,0.));
#9049=DIRECTION('',(-3.91698750653E-31,-1.161915124245E-33,-1.));
#9050=DIRECTION('',(-3.91698750653E-31,0.,-1.));
#9051=DIRECTION('',(-2.460442517194E-32,1.,-1.694040268747E-48));
#9052=DIRECTION('',(-3.91698750653E-31,0.,-1.));
#9053=DIRECTION('',(2.460442517194E-32,-1.,0.));
#9054=DIRECTION('',(-3.91698750653E-31,-1.161915124245E-33,-1.));
#9055=DIRECTION('',(-2.460442517194E-32,1.,-5.273436164778E-49));
#9056=DIRECTION('',(-3.91698750653E-31,-1.161915124245E-33,-1.));
#9057=DIRECTION('',(2.460442517194E-32,-1.,0.));
#9058=DIRECTION('center_axis',(-1.,-2.460442517194E-32,3.91698750653E-31));
#9059=DIRECTION('ref_axis',(-3.91698750653E-31,0.,-1.));
#9060=DIRECTION('',(0.,0.707106781186548,-0.707106781186548));
#9061=DIRECTION('',(0.,1.,0.));
#9062=DIRECTION('',(0.,0.707106781186548,0.707106781186548));
#9063=DIRECTION('',(0.,0.707106781186548,-0.707106781186548));
#9064=DIRECTION('',(0.,1.,0.));
#9065=DIRECTION('',(0.,0.707106781186548,0.707106781186548));
#9066=DIRECTION('',(0.,0.707106781186548,-0.707106781186548));
#9067=DIRECTION('',(0.,1.,0.));
#9068=DIRECTION('',(0.,0.707106781186548,0.707106781186548));
#9069=DIRECTION('',(0.,0.707106781186548,-0.707106781186548));
#9070=DIRECTION('',(0.,1.,0.));
#9071=DIRECTION('',(0.,0.707106781186548,0.707106781186548));
#9072=DIRECTION('',(0.,0.707106781186548,-0.707106781186548));
#9073=DIRECTION('',(0.,1.,0.));
#9074=DIRECTION('',(0.,0.707106781186548,0.707106781186548));
#9075=DIRECTION('',(0.,0.707106781186548,-0.707106781186548));
#9076=DIRECTION('',(0.,1.,0.));
#9077=DIRECTION('',(0.,0.707106781186548,0.707106781186548));
#9078=DIRECTION('',(0.,0.707106781186548,-0.707106781186548));
#9079=DIRECTION('',(0.,1.,0.));
#9080=DIRECTION('',(0.,0.707106781186548,0.707106781186548));
#9081=DIRECTION('',(0.,0.,1.));
#9082=DIRECTION('',(0.,-0.707106781186548,0.707106781186548));
#9083=DIRECTION('',(0.,-1.,0.));
#9084=DIRECTION('',(0.,-0.707106781186548,-0.707106781186548));
#9085=DIRECTION('',(0.,-0.707106781186548,0.707106781186548));
#9086=DIRECTION('',(0.,-1.,0.));
#9087=DIRECTION('',(0.,-0.707106781186548,-0.707106781186548));
#9088=DIRECTION('',(0.,-0.707106781186548,0.707106781186548));
#9089=DIRECTION('',(0.,-1.,0.));
#9090=DIRECTION('',(0.,-0.707106781186548,-0.707106781186548));
#9091=DIRECTION('',(0.,-0.707106781186548,0.707106781186548));
#9092=DIRECTION('',(0.,-1.,0.));
#9093=DIRECTION('',(0.,-0.707106781186548,-0.707106781186548));
#9094=DIRECTION('',(0.,-0.707106781186548,0.707106781186548));
#9095=DIRECTION('',(0.,-1.,0.));
#9096=DIRECTION('',(0.,-0.707106781186548,-0.707106781186548));
#9097=DIRECTION('',(0.,-0.707106781186548,0.707106781186548));
#9098=DIRECTION('',(0.,-1.,0.));
#9099=DIRECTION('',(0.,-0.707106781186548,-0.707106781186548));
#9100=DIRECTION('',(0.,-0.707106781186548,0.707106781186548));
#9101=DIRECTION('',(-2.460442517194E-32,1.,-1.694040268747E-48));
#9102=DIRECTION('',(-3.91698750653E-31,0.,-1.));
#9103=DIRECTION('',(2.460442517194E-32,-1.,0.));
#9104=DIRECTION('',(-3.91698750653E-31,0.,-1.));
#9105=DIRECTION('',(2.460442517194E-32,-1.,0.));
#9106=DIRECTION('',(-3.91698750653E-31,0.,-1.));
#9107=DIRECTION('',(-2.460442517194E-32,1.,-1.694040268747E-48));
#9108=DIRECTION('',(-3.91698750653E-31,0.,-1.));
#9109=DIRECTION('',(2.460442517194E-32,-1.,0.));
#9110=DIRECTION('',(-3.91698750653E-31,0.,-1.));
#9111=DIRECTION('',(-2.460442517194E-32,1.,-1.694040268747E-48));
#9112=DIRECTION('',(-3.91698750653E-31,0.,-1.));
#9113=DIRECTION('',(-3.91698750653E-31,0.,-1.));
#9114=DIRECTION('',(2.460442517194E-32,-1.,0.));
#9115=DIRECTION('',(-3.91698750653E-31,0.,-1.));
#9116=DIRECTION('',(-2.460442517194E-32,1.,-1.694040268747E-48));
#9117=DIRECTION('',(2.460442517194E-32,-1.,0.));
#9118=DIRECTION('',(-3.91698750653E-31,-1.161915124245E-33,-1.));
#9119=DIRECTION('',(-2.460442517194E-32,1.,-5.273436164778E-49));
#9120=DIRECTION('',(-3.91698750653E-31,-1.161915124245E-33,-1.));
#9121=DIRECTION('',(-2.460442517194E-32,1.,-5.273436164778E-49));
#9122=DIRECTION('',(-3.91698750653E-31,-1.161915124245E-33,-1.));
#9123=DIRECTION('',(2.460442517194E-32,-1.,0.));
#9124=DIRECTION('',(-3.91698750653E-31,-1.161915124245E-33,-1.));
#9125=DIRECTION('',(-2.460442517194E-32,1.,-5.273436164778E-49));
#9126=DIRECTION('',(-3.91698750653E-31,-1.161915124245E-33,-1.));
#9127=DIRECTION('',(2.460442517194E-32,-1.,0.));
#9128=DIRECTION('',(-3.91698750653E-31,-1.161915124245E-33,-1.));
#9129=DIRECTION('',(2.460442517194E-32,-1.,0.));
#9130=DIRECTION('',(-3.91698750653E-31,-1.161915124245E-33,-1.));
#9131=DIRECTION('',(-2.460442517194E-32,1.,-5.273436164778E-49));
#9132=DIRECTION('',(-3.91698750653E-31,-1.161915124245E-33,-1.));
#9133=DIRECTION('',(2.460442517194E-32,-1.,0.));
#9134=DIRECTION('',(-3.91698750653E-31,-1.161915124245E-33,-1.));
#9135=DIRECTION('',(-2.460442517194E-32,1.,-5.273436164778E-49));
#9136=DIRECTION('',(-3.91698750653E-31,-1.161915124245E-33,-1.));
#9137=DIRECTION('',(-2.460442517194E-32,1.,-1.694040268747E-48));
#9138=DIRECTION('',(-3.91698750653E-31,0.,-1.));
#9139=DIRECTION('',(2.460442517194E-32,-1.,0.));
#9140=DIRECTION('',(-3.91698750653E-31,0.,-1.));
#9141=DIRECTION('',(-3.91698750653E-31,0.,-1.));
#9142=DIRECTION('',(2.460442517194E-32,-1.,0.));
#9143=DIRECTION('',(-3.91698750653E-31,0.,-1.));
#9144=DIRECTION('',(-2.460442517194E-32,1.,-1.694040268747E-48));
#9145=DIRECTION('',(-2.460442517194E-32,1.,-5.273436164778E-49));
#9146=DIRECTION('',(-3.91698750653E-31,-1.161915124245E-33,-1.));
#9147=DIRECTION('',(2.460442517194E-32,-1.,0.));
#9148=DIRECTION('',(-3.91698750653E-31,-1.161915124245E-33,-1.));
#9149=DIRECTION('',(-3.91698750653E-31,0.,-1.));
#9150=DIRECTION('',(2.460442517194E-32,-1.,0.));
#9151=DIRECTION('',(-3.91698750653E-31,0.,-1.));
#9152=DIRECTION('',(-2.460442517194E-32,1.,-1.694040268747E-48));
#9153=DIRECTION('',(-3.91698750653E-31,-1.161915124245E-33,-1.));
#9154=DIRECTION('',(2.460442517194E-32,-1.,0.));
#9155=DIRECTION('',(-3.91698750653E-31,-1.161915124245E-33,-1.));
#9156=DIRECTION('',(-2.460442517194E-32,1.,-5.273436164778E-49));
#9157=DIRECTION('center_axis',(0.,0.707106781186548,0.707106781186548));
#9158=DIRECTION('ref_axis',(0.,0.707106781186548,-0.707106781186548));
#9159=DIRECTION('',(1.,0.,0.));
#9160=DIRECTION('center_axis',(0.,-0.707106781186548,-0.707106781186548));
#9161=DIRECTION('ref_axis',(0.,-0.707106781186548,0.707106781186548));
#9162=DIRECTION('',(1.,0.,0.));
#9163=DIRECTION('center_axis',(0.,0.,1.));
#9164=DIRECTION('ref_axis',(0.,1.,0.));
#9165=DIRECTION('',(1.,0.,0.));
#9166=DIRECTION('center_axis',(0.,0.707106781186548,-0.707106781186548));
#9167=DIRECTION('ref_axis',(0.,-0.707106781186548,-0.707106781186548));
#9168=DIRECTION('',(1.,0.,0.));
#9169=DIRECTION('center_axis',(0.,-0.707106781186548,0.707106781186548));
#9170=DIRECTION('ref_axis',(0.,0.707106781186548,0.707106781186548));
#9171=DIRECTION('',(1.,0.,0.));
#9172=DIRECTION('center_axis',(0.,0.,-1.));
#9173=DIRECTION('ref_axis',(0.,-1.,0.));
#9174=DIRECTION('',(1.,0.,0.));
#9175=DIRECTION('center_axis',(0.,0.707106781186548,0.707106781186548));
#9176=DIRECTION('ref_axis',(0.,0.707106781186548,-0.707106781186548));
#9177=DIRECTION('',(1.,0.,0.));
#9178=DIRECTION('center_axis',(0.,-0.707106781186548,-0.707106781186548));
#9179=DIRECTION('ref_axis',(0.,-0.707106781186548,0.707106781186548));
#9180=DIRECTION('',(1.,0.,0.));
#9181=DIRECTION('center_axis',(0.,0.,1.));
#9182=DIRECTION('ref_axis',(0.,1.,0.));
#9183=DIRECTION('',(1.,0.,0.));
#9184=DIRECTION('center_axis',(0.,0.707106781186548,-0.707106781186548));
#9185=DIRECTION('ref_axis',(0.,-0.707106781186548,-0.707106781186548));
#9186=DIRECTION('',(1.,0.,0.));
#9187=DIRECTION('center_axis',(0.,-0.707106781186548,0.707106781186548));
#9188=DIRECTION('ref_axis',(0.,0.707106781186548,0.707106781186548));
#9189=DIRECTION('',(1.,0.,0.));
#9190=DIRECTION('center_axis',(0.,0.,-1.));
#9191=DIRECTION('ref_axis',(0.,-1.,0.));
#9192=DIRECTION('',(1.,0.,0.));
#9193=DIRECTION('center_axis',(0.,0.707106781186548,0.707106781186548));
#9194=DIRECTION('ref_axis',(0.,0.707106781186548,-0.707106781186548));
#9195=DIRECTION('',(1.,0.,0.));
#9196=DIRECTION('center_axis',(0.,-0.707106781186548,-0.707106781186548));
#9197=DIRECTION('ref_axis',(0.,-0.707106781186548,0.707106781186548));
#9198=DIRECTION('',(1.,0.,0.));
#9199=DIRECTION('center_axis',(0.,0.,1.));
#9200=DIRECTION('ref_axis',(0.,1.,0.));
#9201=DIRECTION('',(1.,0.,0.));
#9202=DIRECTION('center_axis',(0.,0.707106781186548,-0.707106781186548));
#9203=DIRECTION('ref_axis',(0.,-0.707106781186548,-0.707106781186548));
#9204=DIRECTION('',(1.,0.,0.));
#9205=DIRECTION('center_axis',(0.,-0.707106781186548,0.707106781186548));
#9206=DIRECTION('ref_axis',(0.,0.707106781186548,0.707106781186548));
#9207=DIRECTION('',(1.,0.,0.));
#9208=DIRECTION('center_axis',(0.,0.,-1.));
#9209=DIRECTION('ref_axis',(0.,-1.,0.));
#9210=DIRECTION('',(1.,0.,0.));
#9211=DIRECTION('center_axis',(0.,0.707106781186548,0.707106781186548));
#9212=DIRECTION('ref_axis',(0.,0.707106781186548,-0.707106781186548));
#9213=DIRECTION('',(1.,0.,0.));
#9214=DIRECTION('center_axis',(0.,-0.707106781186548,-0.707106781186548));
#9215=DIRECTION('ref_axis',(0.,-0.707106781186548,0.707106781186548));
#9216=DIRECTION('',(1.,0.,0.));
#9217=DIRECTION('center_axis',(0.,0.,1.));
#9218=DIRECTION('ref_axis',(0.,1.,0.));
#9219=DIRECTION('',(1.,0.,0.));
#9220=DIRECTION('center_axis',(0.,0.707106781186548,-0.707106781186548));
#9221=DIRECTION('ref_axis',(0.,-0.707106781186548,-0.707106781186548));
#9222=DIRECTION('',(1.,0.,0.));
#9223=DIRECTION('center_axis',(0.,-0.707106781186548,0.707106781186548));
#9224=DIRECTION('ref_axis',(0.,0.707106781186548,0.707106781186548));
#9225=DIRECTION('',(1.,0.,0.));
#9226=DIRECTION('center_axis',(0.,0.,-1.));
#9227=DIRECTION('ref_axis',(0.,-1.,0.));
#9228=DIRECTION('',(1.,0.,0.));
#9229=DIRECTION('center_axis',(0.,0.707106781186548,0.707106781186548));
#9230=DIRECTION('ref_axis',(0.,0.707106781186548,-0.707106781186548));
#9231=DIRECTION('',(1.,0.,0.));
#9232=DIRECTION('center_axis',(0.,-0.707106781186548,-0.707106781186548));
#9233=DIRECTION('ref_axis',(0.,-0.707106781186548,0.707106781186548));
#9234=DIRECTION('',(1.,0.,0.));
#9235=DIRECTION('center_axis',(0.,0.,1.));
#9236=DIRECTION('ref_axis',(0.,1.,0.));
#9237=DIRECTION('',(1.,0.,0.));
#9238=DIRECTION('center_axis',(0.,0.707106781186548,-0.707106781186548));
#9239=DIRECTION('ref_axis',(0.,-0.707106781186548,-0.707106781186548));
#9240=DIRECTION('',(1.,0.,0.));
#9241=DIRECTION('center_axis',(0.,-0.707106781186548,0.707106781186548));
#9242=DIRECTION('ref_axis',(0.,0.707106781186548,0.707106781186548));
#9243=DIRECTION('',(1.,0.,0.));
#9244=DIRECTION('center_axis',(0.,0.,-1.));
#9245=DIRECTION('ref_axis',(0.,-1.,0.));
#9246=DIRECTION('',(1.,0.,0.));
#9247=DIRECTION('center_axis',(0.,0.707106781186548,0.707106781186548));
#9248=DIRECTION('ref_axis',(0.,0.707106781186548,-0.707106781186548));
#9249=DIRECTION('',(1.,0.,0.));
#9250=DIRECTION('center_axis',(0.,-0.707106781186548,-0.707106781186548));
#9251=DIRECTION('ref_axis',(0.,-0.707106781186548,0.707106781186548));
#9252=DIRECTION('',(1.,0.,0.));
#9253=DIRECTION('center_axis',(0.,0.,1.));
#9254=DIRECTION('ref_axis',(0.,1.,0.));
#9255=DIRECTION('',(1.,0.,0.));
#9256=DIRECTION('center_axis',(0.,0.707106781186548,-0.707106781186548));
#9257=DIRECTION('ref_axis',(0.,-0.707106781186548,-0.707106781186548));
#9258=DIRECTION('',(1.,0.,0.));
#9259=DIRECTION('center_axis',(0.,-0.707106781186548,0.707106781186548));
#9260=DIRECTION('ref_axis',(0.,0.707106781186548,0.707106781186548));
#9261=DIRECTION('',(1.,0.,0.));
#9262=DIRECTION('center_axis',(0.,0.,-1.));
#9263=DIRECTION('ref_axis',(0.,-1.,0.));
#9264=DIRECTION('',(1.,0.,0.));
#9265=DIRECTION('center_axis',(0.,0.707106781186548,0.707106781186548));
#9266=DIRECTION('ref_axis',(0.,0.707106781186548,-0.707106781186548));
#9267=DIRECTION('',(1.,0.,0.));
#9268=DIRECTION('center_axis',(0.,-0.707106781186548,-0.707106781186548));
#9269=DIRECTION('ref_axis',(0.,-0.707106781186548,0.707106781186548));
#9270=DIRECTION('',(1.,0.,0.));
#9271=DIRECTION('center_axis',(0.,0.,1.));
#9272=DIRECTION('ref_axis',(0.,1.,0.));
#9273=DIRECTION('',(1.,0.,0.));
#9274=DIRECTION('center_axis',(0.,-1.,0.));
#9275=DIRECTION('ref_axis',(0.,0.,1.));
#9276=DIRECTION('',(1.,0.,0.));
#9277=DIRECTION('center_axis',(0.,-0.707106781186548,0.707106781186548));
#9278=DIRECTION('ref_axis',(0.,0.707106781186548,0.707106781186548));
#9279=DIRECTION('center_axis',(-6.885104028683E-17,0.,1.));
#9280=DIRECTION('ref_axis',(1.,0.,6.885104028683E-17));
#9281=DIRECTION('',(1.,0.,6.885104028683E-17));
#9282=DIRECTION('',(0.,-1.,0.));
#9283=DIRECTION('',(1.,0.,6.885104028683E-17));
#9284=DIRECTION('center_axis',(0.,1.,0.));
#9285=DIRECTION('ref_axis',(0.,0.,1.));
#9286=DIRECTION('center_axis',(0.,1.,0.));
#9287=DIRECTION('ref_axis',(0.,0.,-1.));
#9288=DIRECTION('',(-1.,0.,0.));
#9289=DIRECTION('',(0.,0.,-1.));
#9290=DIRECTION('',(-1.,0.,0.));
#9291=DIRECTION('',(0.,0.,1.));
#9292=DIRECTION('center_axis',(0.,0.,-1.));
#9293=DIRECTION('ref_axis',(-1.,0.,0.));
#9294=DIRECTION('',(-1.,0.,0.));
#9295=DIRECTION('',(0.,-1.,0.));
#9296=DIRECTION('center_axis',(0.,1.,0.));
#9297=DIRECTION('ref_axis',(0.,0.,1.));
#9298=DIRECTION('center_axis',(0.,1.,0.));
#9299=DIRECTION('ref_axis',(0.,0.,-1.));
#9300=DIRECTION('',(0.,0.,1.));
#9301=DIRECTION('',(-1.,0.,0.));
#9302=DIRECTION('',(0.,0.,-1.));
#9303=DIRECTION('center_axis',(0.,0.,-1.));
#9304=DIRECTION('ref_axis',(-1.,0.,0.));
#9305=DIRECTION('',(-1.,0.,0.));
#9306=DIRECTION('',(-1.,0.,0.));
#9307=DIRECTION('',(0.,-1.,0.));
#9308=DIRECTION('center_axis',(0.,1.,0.));
#9309=DIRECTION('ref_axis',(0.,0.,1.));
#9310=DIRECTION('center_axis',(0.,1.,0.));
#9311=DIRECTION('ref_axis',(0.,0.,-1.));
#9312=DIRECTION('',(0.,0.,1.));
#9313=DIRECTION('',(-1.,0.,0.));
#9314=DIRECTION('',(0.,0.,-1.));
#9315=DIRECTION('',(1.,0.,6.885104028683E-17));
#9316=DIRECTION('center_axis',(-6.885104028683E-17,0.,1.));
#9317=DIRECTION('ref_axis',(1.,0.,6.885104028683E-17));
#9318=DIRECTION('',(1.,0.,6.885104028683E-17));
#9319=DIRECTION('',(0.,-1.,0.));
#9320=DIRECTION('center_axis',(0.,1.,0.));
#9321=DIRECTION('ref_axis',(0.,0.,1.));
#9322=DIRECTION('center_axis',(0.,1.,0.));
#9323=DIRECTION('ref_axis',(0.,0.,-1.));
#9324=DIRECTION('',(0.,0.,-1.));
#9325=DIRECTION('',(-1.,0.,0.));
#9326=DIRECTION('',(0.,0.,1.));
#9327=DIRECTION('center_axis',(0.,0.,-1.));
#9328=DIRECTION('ref_axis',(-1.,0.,0.));
#9329=DIRECTION('',(-1.,0.,0.));
#9330=DIRECTION('',(-1.,0.,0.));
#9331=DIRECTION('',(0.,-1.,0.));
#9332=DIRECTION('center_axis',(0.,1.,0.));
#9333=DIRECTION('ref_axis',(0.,0.,1.));
#9334=DIRECTION('center_axis',(0.,1.,0.));
#9335=DIRECTION('ref_axis',(0.,0.,-1.));
#9336=DIRECTION('',(0.,0.,1.));
#9337=DIRECTION('',(-1.,0.,0.));
#9338=DIRECTION('',(0.,0.,-1.));
#9339=DIRECTION('',(1.,0.,6.885104028683E-17));
#9340=DIRECTION('center_axis',(-6.885104028683E-17,0.,1.));
#9341=DIRECTION('ref_axis',(1.,0.,6.885104028683E-17));
#9342=DIRECTION('',(1.,0.,6.885104028683E-17));
#9343=DIRECTION('',(0.,-1.,0.));
#9344=DIRECTION('center_axis',(0.,1.,0.));
#9345=DIRECTION('ref_axis',(0.,0.,1.));
#9346=DIRECTION('center_axis',(0.,1.,0.));
#9347=DIRECTION('ref_axis',(0.,0.,-1.));
#9348=DIRECTION('',(0.,0.,-1.));
#9349=DIRECTION('',(-1.,0.,0.));
#9350=DIRECTION('',(0.,0.,1.));
#9351=DIRECTION('center_axis',(0.,1.,0.));
#9352=DIRECTION('ref_axis',(0.,0.,1.));
#9353=DIRECTION('center_axis',(0.,1.,0.));
#9354=DIRECTION('ref_axis',(0.,0.,-1.));
#9355=DIRECTION('',(1.,0.,6.885104028683E-17));
#9356=DIRECTION('',(-1.,0.,0.));
#9357=DIRECTION('',(0.,0.,-1.));
#9358=DIRECTION('',(-1.,0.,0.));
#9359=DIRECTION('',(0.,0.,1.));
#9360=DIRECTION('center_axis',(0.,0.,-1.));
#9361=DIRECTION('ref_axis',(-1.,0.,0.));
#9362=DIRECTION('',(-1.,0.,0.));
#9363=DIRECTION('',(0.,-1.,0.));
#9364=DIRECTION('center_axis',(0.,1.,0.));
#9365=DIRECTION('ref_axis',(0.,0.,1.));
#9366=DIRECTION('center_axis',(0.,1.,0.));
#9367=DIRECTION('ref_axis',(0.,0.,-1.));
#9368=DIRECTION('',(0.,0.,1.));
#9369=DIRECTION('',(-1.,0.,0.));
#9370=DIRECTION('',(0.,0.,-1.));
#9371=DIRECTION('',(1.,0.,6.885104028683E-17));
#9372=DIRECTION('center_axis',(-6.885104028683E-17,0.,1.));
#9373=DIRECTION('ref_axis',(1.,0.,6.885104028683E-17));
#9374=DIRECTION('',(0.,-1.,0.));
#9375=DIRECTION('center_axis',(0.,0.,-1.));
#9376=DIRECTION('ref_axis',(-1.,0.,0.));
#9377=DIRECTION('',(-1.,0.,0.));
#9378=DIRECTION('',(-1.,0.,0.));
#9379=DIRECTION('',(0.,-1.,0.));
#9380=DIRECTION('center_axis',(1.223822766313E-33,1.,-1.161915124245E-33));
#9381=DIRECTION('ref_axis',(1.,-1.223822766313E-33,0.));
#9382=DIRECTION('center_axis',(0.,1.,0.));
#9383=DIRECTION('ref_axis',(0.,0.,-1.));
#9384=DIRECTION('',(0.,0.,1.));
#9385=DIRECTION('',(-1.,0.,0.));
#9386=DIRECTION('',(0.,0.,-1.));
#9387=DIRECTION('',(1.,0.,2.143287692327E-17));
#9388=DIRECTION('center_axis',(-2.143287692327E-17,0.,1.));
#9389=DIRECTION('ref_axis',(1.,0.,2.143287692327E-17));
#9390=DIRECTION('',(1.,0.,2.143287692327E-17));
#9391=DIRECTION('',(0.,-1.,0.));
#9392=DIRECTION('center_axis',(1.223822766313E-33,1.,-1.161915124245E-33));
#9393=DIRECTION('ref_axis',(1.,-1.223822766313E-33,0.));
#9394=DIRECTION('center_axis',(0.,1.,0.));
#9395=DIRECTION('ref_axis',(0.,0.,-1.));
#9396=DIRECTION('',(0.,0.,-1.));
#9397=DIRECTION('',(-1.,0.,0.));
#9398=DIRECTION('',(0.,0.,1.));
#9399=DIRECTION('center_axis',(-2.143287692327E-17,0.,1.));
#9400=DIRECTION('ref_axis',(1.,0.,2.143287692327E-17));
#9401=DIRECTION('',(1.,0.,2.143287692327E-17));
#9402=DIRECTION('',(0.,-1.,0.));
#9403=DIRECTION('',(1.,0.,2.143287692327E-17));
#9404=DIRECTION('center_axis',(1.223822766313E-33,1.,-1.161915124245E-33));
#9405=DIRECTION('ref_axis',(1.,-1.223822766313E-33,0.));
#9406=DIRECTION('center_axis',(0.,1.,0.));
#9407=DIRECTION('ref_axis',(0.,0.,-1.));
#9408=DIRECTION('',(-1.,0.,0.));
#9409=DIRECTION('',(0.,0.,-1.));
#9410=DIRECTION('',(-1.,0.,0.));
#9411=DIRECTION('',(0.,0.,1.));
#9412=DIRECTION('center_axis',(0.,0.,-1.));
#9413=DIRECTION('ref_axis',(-1.,0.,0.));
#9414=DIRECTION('',(-1.,0.,0.));
#9415=DIRECTION('',(0.,-1.,0.));
#9416=DIRECTION('center_axis',(1.223822766313E-33,1.,-1.161915124245E-33));
#9417=DIRECTION('ref_axis',(1.,-1.223822766313E-33,0.));
#9418=DIRECTION('center_axis',(0.,1.,0.));
#9419=DIRECTION('ref_axis',(0.,0.,-1.));
#9420=DIRECTION('',(0.,0.,1.));
#9421=DIRECTION('',(-1.,0.,0.));
#9422=DIRECTION('',(0.,0.,-1.));
#9423=DIRECTION('center_axis',(-2.143287692327E-17,0.,1.));
#9424=DIRECTION('ref_axis',(1.,0.,2.143287692327E-17));
#9425=DIRECTION('',(1.,0.,2.143287692327E-17));
#9426=DIRECTION('',(0.,-1.,0.));
#9427=DIRECTION('',(1.,0.,2.143287692327E-17));
#9428=DIRECTION('center_axis',(1.223822766313E-33,1.,-1.161915124245E-33));
#9429=DIRECTION('ref_axis',(1.,-1.223822766313E-33,0.));
#9430=DIRECTION('center_axis',(0.,1.,0.));
#9431=DIRECTION('ref_axis',(0.,0.,-1.));
#9432=DIRECTION('',(-1.,0.,0.));
#9433=DIRECTION('',(0.,0.,-1.));
#9434=DIRECTION('',(-1.,0.,0.));
#9435=DIRECTION('',(0.,0.,1.));
#9436=DIRECTION('center_axis',(0.,0.,-1.));
#9437=DIRECTION('ref_axis',(-1.,0.,0.));
#9438=DIRECTION('',(-1.,0.,0.));
#9439=DIRECTION('',(0.,-1.,0.));
#9440=DIRECTION('center_axis',(1.223822766313E-33,1.,-1.161915124245E-33));
#9441=DIRECTION('ref_axis',(1.,-1.223822766313E-33,0.));
#9442=DIRECTION('center_axis',(0.,1.,0.));
#9443=DIRECTION('ref_axis',(0.,0.,-1.));
#9444=DIRECTION('',(0.,0.,1.));
#9445=DIRECTION('',(-1.,0.,0.));
#9446=DIRECTION('',(0.,0.,-1.));
#9447=DIRECTION('center_axis',(0.,0.,-1.));
#9448=DIRECTION('ref_axis',(-1.,0.,0.));
#9449=DIRECTION('',(-1.,0.,0.));
#9450=DIRECTION('',(-1.,0.,0.));
#9451=DIRECTION('',(0.,-1.,0.));
#9452=DIRECTION('center_axis',(1.223822766313E-33,1.,-1.161915124245E-33));
#9453=DIRECTION('ref_axis',(1.,-1.223822766313E-33,0.));
#9454=DIRECTION('center_axis',(0.,1.,0.));
#9455=DIRECTION('ref_axis',(0.,0.,-1.));
#9456=DIRECTION('',(0.,0.,1.));
#9457=DIRECTION('',(-1.,0.,0.));
#9458=DIRECTION('',(0.,0.,-1.));
#9459=DIRECTION('',(1.,0.,2.143287692327E-17));
#9460=DIRECTION('center_axis',(-2.143287692327E-17,0.,1.));
#9461=DIRECTION('ref_axis',(1.,0.,2.143287692327E-17));
#9462=DIRECTION('',(1.,0.,2.143287692327E-17));
#9463=DIRECTION('',(0.,-1.,0.));
#9464=DIRECTION('center_axis',(1.223822766313E-33,1.,-1.161915124245E-33));
#9465=DIRECTION('ref_axis',(1.,-1.223822766313E-33,0.));
#9466=DIRECTION('center_axis',(0.,1.,0.));
#9467=DIRECTION('ref_axis',(0.,0.,-1.));
#9468=DIRECTION('',(0.,0.,-1.));
#9469=DIRECTION('',(-1.,0.,0.));
#9470=DIRECTION('',(0.,0.,1.));
#9471=DIRECTION('center_axis',(0.,0.,-1.));
#9472=DIRECTION('ref_axis',(-1.,0.,0.));
#9473=DIRECTION('',(-1.,0.,0.));
#9474=DIRECTION('',(-1.,0.,0.));
#9475=DIRECTION('',(0.,-1.,0.));
#9476=DIRECTION('center_axis',(1.223822766313E-33,1.,-1.161915124245E-33));
#9477=DIRECTION('ref_axis',(1.,-1.223822766313E-33,0.));
#9478=DIRECTION('center_axis',(0.,1.,0.));
#9479=DIRECTION('ref_axis',(0.,0.,-1.));
#9480=DIRECTION('',(0.,0.,1.));
#9481=DIRECTION('',(-1.,0.,0.));
#9482=DIRECTION('',(0.,0.,-1.));
#9483=DIRECTION('',(1.,0.,2.143287692327E-17));
#9484=DIRECTION('center_axis',(-2.143287692327E-17,0.,1.));
#9485=DIRECTION('ref_axis',(1.,0.,2.143287692327E-17));
#9486=DIRECTION('',(1.,0.,2.143287692327E-17));
#9487=DIRECTION('',(0.,-1.,0.));
#9488=DIRECTION('center_axis',(1.223822766313E-33,1.,-1.161915124245E-33));
#9489=DIRECTION('ref_axis',(1.,-1.223822766313E-33,0.));
#9490=DIRECTION('center_axis',(0.,1.,0.));
#9491=DIRECTION('ref_axis',(0.,0.,-1.));
#9492=DIRECTION('',(0.,0.,-1.));
#9493=DIRECTION('',(-1.,0.,0.));
#9494=DIRECTION('',(0.,0.,1.));
#9495=DIRECTION('center_axis',(-6.885104028683E-17,0.,1.));
#9496=DIRECTION('ref_axis',(1.,0.,6.885104028683E-17));
#9497=DIRECTION('',(1.,0.,6.885104028683E-17));
#9498=DIRECTION('',(0.,-1.,0.));
#9499=DIRECTION('',(1.,0.,6.885104028683E-17));
#9500=DIRECTION('center_axis',(0.,1.,0.));
#9501=DIRECTION('ref_axis',(0.,0.,1.));
#9502=DIRECTION('center_axis',(0.,1.,0.));
#9503=DIRECTION('ref_axis',(0.,0.,-1.));
#9504=DIRECTION('',(-1.,0.,0.));
#9505=DIRECTION('',(0.,0.,-1.));
#9506=DIRECTION('',(-1.,0.,0.));
#9507=DIRECTION('',(0.,0.,1.));
#9508=DIRECTION('center_axis',(0.,0.,-1.));
#9509=DIRECTION('ref_axis',(-1.,0.,0.));
#9510=DIRECTION('',(-1.,0.,0.));
#9511=DIRECTION('',(0.,-1.,0.));
#9512=DIRECTION('center_axis',(0.,1.,0.));
#9513=DIRECTION('ref_axis',(0.,0.,1.));
#9514=DIRECTION('center_axis',(0.,1.,0.));
#9515=DIRECTION('ref_axis',(0.,0.,-1.));
#9516=DIRECTION('',(0.,0.,1.));
#9517=DIRECTION('',(-1.,0.,0.));
#9518=DIRECTION('',(0.,0.,-1.));
#9519=DIRECTION('center_axis',(0.,1.,0.));
#9520=DIRECTION('ref_axis',(0.,0.,1.));
#9521=DIRECTION('center_axis',(0.,1.,0.));
#9522=DIRECTION('ref_axis',(0.,0.,-1.));
#9523=DIRECTION('',(1.,0.,6.885104028683E-17));
#9524=DIRECTION('',(-1.,0.,0.));
#9525=DIRECTION('',(0.,0.,-1.));
#9526=DIRECTION('',(-1.,0.,0.));
#9527=DIRECTION('',(0.,0.,1.));
#9528=DIRECTION('center_axis',(0.,0.,-1.));
#9529=DIRECTION('ref_axis',(-1.,0.,0.));
#9530=DIRECTION('',(-1.,0.,0.));
#9531=DIRECTION('',(0.,-1.,0.));
#9532=DIRECTION('center_axis',(0.,1.,0.));
#9533=DIRECTION('ref_axis',(0.,0.,1.));
#9534=DIRECTION('center_axis',(0.,1.,0.));
#9535=DIRECTION('ref_axis',(0.,0.,-1.));
#9536=DIRECTION('',(0.,0.,1.));
#9537=DIRECTION('',(-1.,0.,0.));
#9538=DIRECTION('',(0.,0.,-1.));
#9539=DIRECTION('',(1.,0.,6.885104028683E-17));
#9540=DIRECTION('center_axis',(-6.885104028683E-17,0.,1.));
#9541=DIRECTION('ref_axis',(1.,0.,6.885104028683E-17));
#9542=DIRECTION('',(0.,-1.,0.));
#9543=DIRECTION('center_axis',(-2.143287692327E-17,0.,1.));
#9544=DIRECTION('ref_axis',(1.,0.,2.143287692327E-17));
#9545=DIRECTION('',(1.,0.,2.143287692327E-17));
#9546=DIRECTION('',(0.,-1.,0.));
#9547=DIRECTION('',(1.,0.,2.143287692327E-17));
#9548=DIRECTION('center_axis',(1.223822766313E-33,1.,-1.161915124245E-33));
#9549=DIRECTION('ref_axis',(1.,-1.223822766313E-33,0.));
#9550=DIRECTION('center_axis',(0.,1.,0.));
#9551=DIRECTION('ref_axis',(0.,0.,-1.));
#9552=DIRECTION('',(-1.,0.,0.));
#9553=DIRECTION('',(0.,0.,-1.));
#9554=DIRECTION('',(-1.,0.,0.));
#9555=DIRECTION('',(0.,0.,1.));
#9556=DIRECTION('center_axis',(0.,0.,-1.));
#9557=DIRECTION('ref_axis',(-1.,0.,0.));
#9558=DIRECTION('',(-1.,0.,0.));
#9559=DIRECTION('',(0.,-1.,0.));
#9560=DIRECTION('center_axis',(1.223822766313E-33,1.,-1.161915124245E-33));
#9561=DIRECTION('ref_axis',(1.,-1.223822766313E-33,0.));
#9562=DIRECTION('center_axis',(0.,1.,0.));
#9563=DIRECTION('ref_axis',(0.,0.,-1.));
#9564=DIRECTION('',(0.,0.,1.));
#9565=DIRECTION('',(-1.,0.,0.));
#9566=DIRECTION('',(0.,0.,-1.));
#9567=DIRECTION('center_axis',(0.,1.,0.));
#9568=DIRECTION('ref_axis',(0.,0.,1.));
#9569=DIRECTION('center_axis',(0.,1.,0.));
#9570=DIRECTION('ref_axis',(0.,0.,-1.));
#9571=DIRECTION('',(1.,0.,6.885104028683E-17));
#9572=DIRECTION('',(-1.,0.,0.));
#9573=DIRECTION('',(0.,0.,-1.));
#9574=DIRECTION('',(-1.,0.,0.));
#9575=DIRECTION('',(0.,0.,1.));
#9576=DIRECTION('center_axis',(0.,0.,-1.));
#9577=DIRECTION('ref_axis',(-1.,0.,0.));
#9578=DIRECTION('',(-1.,0.,0.));
#9579=DIRECTION('',(0.,-1.,0.));
#9580=DIRECTION('center_axis',(0.,1.,0.));
#9581=DIRECTION('ref_axis',(0.,0.,1.));
#9582=DIRECTION('center_axis',(0.,1.,0.));
#9583=DIRECTION('ref_axis',(0.,0.,-1.));
#9584=DIRECTION('',(0.,0.,1.));
#9585=DIRECTION('',(-1.,0.,0.));
#9586=DIRECTION('',(0.,0.,-1.));
#9587=DIRECTION('',(1.,0.,6.885104028683E-17));
#9588=DIRECTION('center_axis',(-6.885104028683E-17,0.,1.));
#9589=DIRECTION('ref_axis',(1.,0.,6.885104028683E-17));
#9590=DIRECTION('',(0.,-1.,0.));
#9591=DIRECTION('center_axis',(1.223822766313E-33,1.,-1.161915124245E-33));
#9592=DIRECTION('ref_axis',(1.,-1.223822766313E-33,0.));
#9593=DIRECTION('center_axis',(0.,1.,0.));
#9594=DIRECTION('ref_axis',(0.,0.,-1.));
#9595=DIRECTION('',(1.,0.,2.143287692327E-17));
#9596=DIRECTION('',(-1.,0.,0.));
#9597=DIRECTION('',(0.,0.,-1.));
#9598=DIRECTION('',(-1.,0.,0.));
#9599=DIRECTION('',(0.,0.,1.));
#9600=DIRECTION('center_axis',(0.,0.,-1.));
#9601=DIRECTION('ref_axis',(-1.,0.,0.));
#9602=DIRECTION('',(-1.,0.,0.));
#9603=DIRECTION('',(0.,-1.,0.));
#9604=DIRECTION('center_axis',(1.223822766313E-33,1.,-1.161915124245E-33));
#9605=DIRECTION('ref_axis',(1.,-1.223822766313E-33,0.));
#9606=DIRECTION('center_axis',(0.,1.,0.));
#9607=DIRECTION('ref_axis',(0.,0.,-1.));
#9608=DIRECTION('',(0.,0.,1.));
#9609=DIRECTION('',(-1.,0.,0.));
#9610=DIRECTION('',(0.,0.,-1.));
#9611=DIRECTION('',(1.,0.,2.143287692327E-17));
#9612=DIRECTION('center_axis',(-2.143287692327E-17,0.,1.));
#9613=DIRECTION('ref_axis',(1.,0.,2.143287692327E-17));
#9614=DIRECTION('',(0.,-1.,0.));
#9615=DIRECTION('center_axis',(-6.885104028683E-17,0.,1.));
#9616=DIRECTION('ref_axis',(1.,0.,6.885104028683E-17));
#9617=DIRECTION('',(1.,0.,6.885104028683E-17));
#9618=DIRECTION('',(1.,0.,6.885104028683E-17));
#9619=DIRECTION('',(0.,-1.,0.));
#9620=DIRECTION('center_axis',(0.,1.,0.));
#9621=DIRECTION('ref_axis',(0.,0.,1.));
#9622=DIRECTION('',(0.,0.,-1.));
#9623=DIRECTION('',(-1.,0.,0.));
#9624=DIRECTION('center_axis',(0.,0.,-1.));
#9625=DIRECTION('ref_axis',(-1.,0.,0.));
#9626=DIRECTION('',(0.,-1.,0.));
#9627=DIRECTION('',(-1.,0.,0.));
#9628=DIRECTION('center_axis',(0.,1.,0.));
#9629=DIRECTION('ref_axis',(0.,0.,1.));
#9630=DIRECTION('',(0.,0.,-1.));
#9631=DIRECTION('center_axis',(0.,0.,-1.));
#9632=DIRECTION('ref_axis',(-1.,0.,0.));
#9633=DIRECTION('',(-1.,0.,0.));
#9634=DIRECTION('',(0.,-1.,0.));
#9635=DIRECTION('',(-1.,0.,0.));
#9636=DIRECTION('center_axis',(0.,1.,0.));
#9637=DIRECTION('ref_axis',(0.,0.,1.));
#9638=DIRECTION('',(0.,0.,-1.));
#9639=DIRECTION('',(1.,0.,6.885104028683E-17));
#9640=DIRECTION('center_axis',(-6.885104028683E-17,0.,1.));
#9641=DIRECTION('ref_axis',(1.,0.,6.885104028683E-17));
#9642=DIRECTION('',(1.,0.,6.885104028683E-17));
#9643=DIRECTION('',(0.,-1.,0.));
#9644=DIRECTION('center_axis',(0.,1.,0.));
#9645=DIRECTION('ref_axis',(0.,0.,1.));
#9646=DIRECTION('',(0.,0.,-1.));
#9647=DIRECTION('center_axis',(0.,0.,-1.));
#9648=DIRECTION('ref_axis',(-1.,0.,0.));
#9649=DIRECTION('',(-1.,0.,0.));
#9650=DIRECTION('',(0.,-1.,0.));
#9651=DIRECTION('',(-1.,0.,0.));
#9652=DIRECTION('center_axis',(0.,1.,0.));
#9653=DIRECTION('ref_axis',(0.,0.,1.));
#9654=DIRECTION('',(0.,0.,-1.));
#9655=DIRECTION('',(1.,0.,6.885104028683E-17));
#9656=DIRECTION('center_axis',(-6.885104028683E-17,0.,1.));
#9657=DIRECTION('ref_axis',(1.,0.,6.885104028683E-17));
#9658=DIRECTION('',(1.,0.,6.885104028683E-17));
#9659=DIRECTION('',(0.,-1.,0.));
#9660=DIRECTION('center_axis',(0.,1.,0.));
#9661=DIRECTION('ref_axis',(0.,0.,1.));
#9662=DIRECTION('',(0.,0.,-1.));
#9663=DIRECTION('center_axis',(0.,1.,0.));
#9664=DIRECTION('ref_axis',(0.,0.,1.));
#9665=DIRECTION('',(1.,0.,6.885104028683E-17));
#9666=DIRECTION('',(0.,0.,-1.));
#9667=DIRECTION('',(-1.,0.,0.));
#9668=DIRECTION('center_axis',(0.,0.,-1.));
#9669=DIRECTION('ref_axis',(-1.,0.,0.));
#9670=DIRECTION('',(0.,-1.,0.));
#9671=DIRECTION('',(-1.,0.,0.));
#9672=DIRECTION('center_axis',(0.,1.,0.));
#9673=DIRECTION('ref_axis',(0.,0.,1.));
#9674=DIRECTION('',(0.,0.,-1.));
#9675=DIRECTION('',(1.,0.,6.885104028683E-17));
#9676=DIRECTION('center_axis',(-6.885104028683E-17,0.,1.));
#9677=DIRECTION('ref_axis',(1.,0.,6.885104028683E-17));
#9678=DIRECTION('',(0.,-1.,0.));
#9679=DIRECTION('center_axis',(0.,0.,-1.));
#9680=DIRECTION('ref_axis',(-1.,0.,0.));
#9681=DIRECTION('',(-1.,0.,0.));
#9682=DIRECTION('',(0.,-1.,0.));
#9683=DIRECTION('',(-1.,0.,0.));
#9684=DIRECTION('center_axis',(1.223822766313E-33,1.,-1.161915124245E-33));
#9685=DIRECTION('ref_axis',(1.,-1.223822766313E-33,0.));
#9686=DIRECTION('',(0.,0.,-1.));
#9687=DIRECTION('',(1.,0.,2.143287692327E-17));
#9688=DIRECTION('center_axis',(-2.143287692327E-17,0.,1.));
#9689=DIRECTION('ref_axis',(1.,0.,2.143287692327E-17));
#9690=DIRECTION('',(1.,0.,2.143287692327E-17));
#9691=DIRECTION('',(0.,-1.,0.));
#9692=DIRECTION('center_axis',(1.223822766313E-33,1.,-1.161915124245E-33));
#9693=DIRECTION('ref_axis',(1.,-1.223822766313E-33,0.));
#9694=DIRECTION('',(0.,0.,-1.));
#9695=DIRECTION('center_axis',(-2.143287692327E-17,0.,1.));
#9696=DIRECTION('ref_axis',(1.,0.,2.143287692327E-17));
#9697=DIRECTION('',(1.,0.,2.143287692327E-17));
#9698=DIRECTION('',(1.,0.,2.143287692327E-17));
#9699=DIRECTION('',(0.,-1.,0.));
#9700=DIRECTION('center_axis',(1.223822766313E-33,1.,-1.161915124245E-33));
#9701=DIRECTION('ref_axis',(1.,-1.223822766313E-33,0.));
#9702=DIRECTION('',(0.,0.,-1.));
#9703=DIRECTION('',(-1.,0.,0.));
#9704=DIRECTION('center_axis',(0.,0.,-1.));
#9705=DIRECTION('ref_axis',(-1.,0.,0.));
#9706=DIRECTION('',(0.,-1.,0.));
#9707=DIRECTION('',(-1.,0.,0.));
#9708=DIRECTION('center_axis',(1.223822766313E-33,1.,-1.161915124245E-33));
#9709=DIRECTION('ref_axis',(1.,-1.223822766313E-33,0.));
#9710=DIRECTION('',(0.,0.,-1.));
#9711=DIRECTION('center_axis',(-2.143287692327E-17,0.,1.));
#9712=DIRECTION('ref_axis',(1.,0.,2.143287692327E-17));
#9713=DIRECTION('',(1.,0.,2.143287692327E-17));
#9714=DIRECTION('',(1.,0.,2.143287692327E-17));
#9715=DIRECTION('',(0.,-1.,0.));
#9716=DIRECTION('center_axis',(1.223822766313E-33,1.,-1.161915124245E-33));
#9717=DIRECTION('ref_axis',(1.,-1.223822766313E-33,0.));
#9718=DIRECTION('',(0.,0.,-1.));
#9719=DIRECTION('',(-1.,0.,0.));
#9720=DIRECTION('center_axis',(0.,0.,-1.));
#9721=DIRECTION('ref_axis',(-1.,0.,0.));
#9722=DIRECTION('',(0.,-1.,0.));
#9723=DIRECTION('',(-1.,0.,0.));
#9724=DIRECTION('center_axis',(1.223822766313E-33,1.,-1.161915124245E-33));
#9725=DIRECTION('ref_axis',(1.,-1.223822766313E-33,0.));
#9726=DIRECTION('',(0.,0.,-1.));
#9727=DIRECTION('center_axis',(0.,0.,-1.));
#9728=DIRECTION('ref_axis',(-1.,0.,0.));
#9729=DIRECTION('',(-1.,0.,0.));
#9730=DIRECTION('',(0.,-1.,0.));
#9731=DIRECTION('',(-1.,0.,0.));
#9732=DIRECTION('center_axis',(1.223822766313E-33,1.,-1.161915124245E-33));
#9733=DIRECTION('ref_axis',(1.,-1.223822766313E-33,0.));
#9734=DIRECTION('',(0.,0.,-1.));
#9735=DIRECTION('',(1.,0.,2.143287692327E-17));
#9736=DIRECTION('center_axis',(-2.143287692327E-17,0.,1.));
#9737=DIRECTION('ref_axis',(1.,0.,2.143287692327E-17));
#9738=DIRECTION('',(1.,0.,2.143287692327E-17));
#9739=DIRECTION('',(0.,-1.,0.));
#9740=DIRECTION('center_axis',(1.223822766313E-33,1.,-1.161915124245E-33));
#9741=DIRECTION('ref_axis',(1.,-1.223822766313E-33,0.));
#9742=DIRECTION('',(0.,0.,-1.));
#9743=DIRECTION('center_axis',(0.,0.,-1.));
#9744=DIRECTION('ref_axis',(-1.,0.,0.));
#9745=DIRECTION('',(-1.,0.,0.));
#9746=DIRECTION('',(0.,-1.,0.));
#9747=DIRECTION('',(-1.,0.,0.));
#9748=DIRECTION('center_axis',(1.223822766313E-33,1.,-1.161915124245E-33));
#9749=DIRECTION('ref_axis',(1.,-1.223822766313E-33,0.));
#9750=DIRECTION('',(0.,0.,-1.));
#9751=DIRECTION('',(1.,0.,2.143287692327E-17));
#9752=DIRECTION('center_axis',(-2.143287692327E-17,0.,1.));
#9753=DIRECTION('ref_axis',(1.,0.,2.143287692327E-17));
#9754=DIRECTION('',(1.,0.,2.143287692327E-17));
#9755=DIRECTION('',(0.,-1.,0.));
#9756=DIRECTION('center_axis',(1.223822766313E-33,1.,-1.161915124245E-33));
#9757=DIRECTION('ref_axis',(1.,-1.223822766313E-33,0.));
#9758=DIRECTION('',(0.,0.,-1.));
#9759=DIRECTION('center_axis',(-6.885104028683E-17,0.,1.));
#9760=DIRECTION('ref_axis',(1.,0.,6.885104028683E-17));
#9761=DIRECTION('',(1.,0.,6.885104028683E-17));
#9762=DIRECTION('',(1.,0.,6.885104028683E-17));
#9763=DIRECTION('',(0.,-1.,0.));
#9764=DIRECTION('center_axis',(0.,1.,0.));
#9765=DIRECTION('ref_axis',(0.,0.,1.));
#9766=DIRECTION('',(0.,0.,-1.));
#9767=DIRECTION('',(-1.,0.,0.));
#9768=DIRECTION('center_axis',(0.,0.,-1.));
#9769=DIRECTION('ref_axis',(-1.,0.,0.));
#9770=DIRECTION('',(0.,-1.,0.));
#9771=DIRECTION('',(-1.,0.,0.));
#9772=DIRECTION('center_axis',(0.,1.,0.));
#9773=DIRECTION('ref_axis',(0.,0.,1.));
#9774=DIRECTION('',(0.,0.,-1.));
#9775=DIRECTION('center_axis',(0.,1.,0.));
#9776=DIRECTION('ref_axis',(0.,0.,1.));
#9777=DIRECTION('',(1.,0.,6.885104028683E-17));
#9778=DIRECTION('',(0.,0.,-1.));
#9779=DIRECTION('',(-1.,0.,0.));
#9780=DIRECTION('center_axis',(0.,0.,-1.));
#9781=DIRECTION('ref_axis',(-1.,0.,0.));
#9782=DIRECTION('',(0.,-1.,0.));
#9783=DIRECTION('',(-1.,0.,0.));
#9784=DIRECTION('center_axis',(0.,1.,0.));
#9785=DIRECTION('ref_axis',(0.,0.,1.));
#9786=DIRECTION('',(0.,0.,-1.));
#9787=DIRECTION('',(1.,0.,6.885104028683E-17));
#9788=DIRECTION('center_axis',(-6.885104028683E-17,0.,1.));
#9789=DIRECTION('ref_axis',(1.,0.,6.885104028683E-17));
#9790=DIRECTION('',(0.,-1.,0.));
#9791=DIRECTION('center_axis',(-2.143287692327E-17,0.,1.));
#9792=DIRECTION('ref_axis',(1.,0.,2.143287692327E-17));
#9793=DIRECTION('',(1.,0.,2.143287692327E-17));
#9794=DIRECTION('',(1.,0.,2.143287692327E-17));
#9795=DIRECTION('',(0.,-1.,0.));
#9796=DIRECTION('center_axis',(1.223822766313E-33,1.,-1.161915124245E-33));
#9797=DIRECTION('ref_axis',(1.,-1.223822766313E-33,0.));
#9798=DIRECTION('',(0.,0.,-1.));
#9799=DIRECTION('',(-1.,0.,0.));
#9800=DIRECTION('center_axis',(0.,0.,-1.));
#9801=DIRECTION('ref_axis',(-1.,0.,0.));
#9802=DIRECTION('',(0.,-1.,0.));
#9803=DIRECTION('',(-1.,0.,0.));
#9804=DIRECTION('center_axis',(1.223822766313E-33,1.,-1.161915124245E-33));
#9805=DIRECTION('ref_axis',(1.,-1.223822766313E-33,0.));
#9806=DIRECTION('',(0.,0.,-1.));
#9807=DIRECTION('center_axis',(0.,1.,0.));
#9808=DIRECTION('ref_axis',(0.,0.,1.));
#9809=DIRECTION('',(1.,0.,6.885104028683E-17));
#9810=DIRECTION('',(0.,0.,-1.));
#9811=DIRECTION('',(-1.,0.,0.));
#9812=DIRECTION('center_axis',(0.,0.,-1.));
#9813=DIRECTION('ref_axis',(-1.,0.,0.));
#9814=DIRECTION('',(0.,-1.,0.));
#9815=DIRECTION('',(-1.,0.,0.));
#9816=DIRECTION('center_axis',(0.,1.,0.));
#9817=DIRECTION('ref_axis',(0.,0.,1.));
#9818=DIRECTION('',(0.,0.,-1.));
#9819=DIRECTION('',(1.,0.,6.885104028683E-17));
#9820=DIRECTION('center_axis',(-6.885104028683E-17,0.,1.));
#9821=DIRECTION('ref_axis',(1.,0.,6.885104028683E-17));
#9822=DIRECTION('',(0.,-1.,0.));
#9823=DIRECTION('center_axis',(1.223822766313E-33,1.,-1.161915124245E-33));
#9824=DIRECTION('ref_axis',(1.,-1.223822766313E-33,0.));
#9825=DIRECTION('',(1.,0.,2.143287692327E-17));
#9826=DIRECTION('',(0.,0.,-1.));
#9827=DIRECTION('',(-1.,0.,0.));
#9828=DIRECTION('center_axis',(0.,0.,-1.));
#9829=DIRECTION('ref_axis',(-1.,0.,0.));
#9830=DIRECTION('',(0.,-1.,0.));
#9831=DIRECTION('',(-1.,0.,0.));
#9832=DIRECTION('center_axis',(1.223822766313E-33,1.,-1.161915124245E-33));
#9833=DIRECTION('ref_axis',(1.,-1.223822766313E-33,0.));
#9834=DIRECTION('',(0.,0.,-1.));
#9835=DIRECTION('',(1.,0.,2.143287692327E-17));
#9836=DIRECTION('center_axis',(-2.143287692327E-17,0.,1.));
#9837=DIRECTION('ref_axis',(1.,0.,2.143287692327E-17));
#9838=DIRECTION('',(0.,-1.,0.));
#9839=DIRECTION('center_axis',(0.,-1.,0.));
#9840=DIRECTION('ref_axis',(-1.,0.,0.));
#9841=DIRECTION('',(0.,-1.,0.));
#9842=DIRECTION('center_axis',(-1.,0.,0.));
#9843=DIRECTION('ref_axis',(0.,0.,1.));
#9844=DIRECTION('',(0.,-1.,0.));
#9845=DIRECTION('center_axis',(-1.73516750835589E-18,0.707106781186548,
-0.707106781186548));
#9846=DIRECTION('ref_axis',(1.,1.22694871165302E-18,-1.22694871165302E-18));
#9847=DIRECTION('',(-0.577350269189626,-0.577350269189626,-0.577350269189626));
#9848=DIRECTION('',(-1.,0.,0.));
#9849=DIRECTION('',(0.577350269189626,-0.577350269189626,-0.577350269189626));
#9850=DIRECTION('center_axis',(1.,0.,0.));
#9851=DIRECTION('ref_axis',(0.,0.,-1.));
#9852=DIRECTION('',(0.,-1.,0.));
#9853=DIRECTION('center_axis',(1.73516750835589E-18,0.707106781186548,0.707106781186548));
#9854=DIRECTION('ref_axis',(-1.,1.22694871165302E-18,1.22694871165302E-18));
#9855=DIRECTION('',(0.577350269189626,-0.577350269189626,0.577350269189626));
#9856=DIRECTION('',(-0.577350269189626,-0.577350269189626,0.577350269189626));
#9857=DIRECTION('',(-1.,0.,0.));
#9858=DIRECTION('center_axis',(1.,0.,0.));
#9859=DIRECTION('ref_axis',(0.,0.,-1.));
#9860=DIRECTION('',(0.,-1.,0.));
#9861=DIRECTION('center_axis',(0.,-1.,0.));
#9862=DIRECTION('ref_axis',(-1.,0.,0.));
#9863=DIRECTION('',(0.,-1.,0.));
#9864=DIRECTION('center_axis',(-1.,0.,0.));
#9865=DIRECTION('ref_axis',(0.,0.,1.));
#9866=DIRECTION('',(0.,-1.,0.));
#9867=DIRECTION('center_axis',(1.73516750835589E-18,0.707106781186548,0.707106781186548));
#9868=DIRECTION('ref_axis',(-1.,1.22694871165302E-18,1.22694871165302E-18));
#9869=DIRECTION('',(0.577350269189626,-0.577350269189626,0.577350269189626));
#9870=DIRECTION('',(-0.577350269189626,-0.577350269189626,0.577350269189626));
#9871=DIRECTION('',(-1.,0.,0.));
#9872=DIRECTION('center_axis',(-1.73516750835589E-18,0.707106781186548,
-0.707106781186548));
#9873=DIRECTION('ref_axis',(1.,1.22694871165302E-18,-1.22694871165302E-18));
#9874=DIRECTION('',(-0.577350269189626,-0.577350269189626,-0.577350269189626));
#9875=DIRECTION('',(-1.,0.,0.));
#9876=DIRECTION('',(0.577350269189626,-0.577350269189626,-0.577350269189626));
#9877=DIRECTION('center_axis',(1.,0.,0.));
#9878=DIRECTION('ref_axis',(0.,0.,-1.));
#9879=DIRECTION('',(0.,-1.,0.));
#9880=DIRECTION('center_axis',(0.,-1.,0.));
#9881=DIRECTION('ref_axis',(-1.,0.,0.));
#9882=DIRECTION('',(0.,-1.,0.));
#9883=DIRECTION('center_axis',(-1.,0.,0.));
#9884=DIRECTION('ref_axis',(0.,0.,1.));
#9885=DIRECTION('',(0.,-1.,0.));
#9886=DIRECTION('center_axis',(1.73516750835589E-18,0.707106781186548,0.707106781186548));
#9887=DIRECTION('ref_axis',(-1.,1.22694871165302E-18,1.22694871165302E-18));
#9888=DIRECTION('',(0.577350269189626,-0.577350269189626,0.577350269189626));
#9889=DIRECTION('',(-0.577350269189626,-0.577350269189626,0.577350269189626));
#9890=DIRECTION('',(-1.,0.,0.));
#9891=DIRECTION('center_axis',(-1.73516750835589E-18,0.707106781186548,
-0.707106781186548));
#9892=DIRECTION('ref_axis',(1.,1.22694871165302E-18,-1.22694871165302E-18));
#9893=DIRECTION('',(-0.577350269189626,-0.577350269189626,-0.577350269189626));
#9894=DIRECTION('',(-1.,0.,0.));
#9895=DIRECTION('',(0.577350269189626,-0.577350269189626,-0.577350269189626));
#9896=DIRECTION('center_axis',(0.,-1.,0.));
#9897=DIRECTION('ref_axis',(-1.,0.,0.));
#9898=DIRECTION('',(0.,-1.,0.));
#9899=DIRECTION('center_axis',(-1.,0.,0.));
#9900=DIRECTION('ref_axis',(0.,0.,1.));
#9901=DIRECTION('',(0.,-1.,0.));
#9902=DIRECTION('center_axis',(-1.73516750835589E-18,0.707106781186548,
-0.707106781186548));
#9903=DIRECTION('ref_axis',(1.,1.22694871165302E-18,-1.22694871165302E-18));
#9904=DIRECTION('',(-0.577350269189626,-0.577350269189626,-0.577350269189626));
#9905=DIRECTION('',(-1.,0.,0.));
#9906=DIRECTION('',(0.577350269189626,-0.577350269189626,-0.577350269189626));
#9907=DIRECTION('center_axis',(1.,0.,0.));
#9908=DIRECTION('ref_axis',(0.,0.,-1.));
#9909=DIRECTION('',(0.,-1.,0.));
#9910=DIRECTION('center_axis',(1.73516750835589E-18,0.707106781186548,0.707106781186548));
#9911=DIRECTION('ref_axis',(-1.,1.22694871165302E-18,1.22694871165302E-18));
#9912=DIRECTION('',(0.577350269189626,-0.577350269189626,0.577350269189626));
#9913=DIRECTION('',(-0.577350269189626,-0.577350269189626,0.577350269189626));
#9914=DIRECTION('',(-1.,0.,0.));
#9915=DIRECTION('center_axis',(1.,0.,0.));
#9916=DIRECTION('ref_axis',(0.,0.,-1.));
#9917=DIRECTION('',(0.,-1.,0.));
#9918=DIRECTION('center_axis',(0.,-1.,0.));
#9919=DIRECTION('ref_axis',(-1.,0.,0.));
#9920=DIRECTION('',(0.,-1.,0.));
#9921=DIRECTION('center_axis',(-1.,0.,0.));
#9922=DIRECTION('ref_axis',(0.,0.,1.));
#9923=DIRECTION('',(0.,-1.,0.));
#9924=DIRECTION('center_axis',(1.73516750835589E-18,0.707106781186548,0.707106781186548));
#9925=DIRECTION('ref_axis',(-1.,1.22694871165302E-18,1.22694871165302E-18));
#9926=DIRECTION('',(0.577350269189626,-0.577350269189626,0.577350269189626));
#9927=DIRECTION('',(-0.577350269189626,-0.577350269189626,0.577350269189626));
#9928=DIRECTION('',(-1.,0.,0.));
#9929=DIRECTION('center_axis',(-1.73516750835589E-18,0.707106781186548,
-0.707106781186548));
#9930=DIRECTION('ref_axis',(1.,1.22694871165302E-18,-1.22694871165302E-18));
#9931=DIRECTION('',(0.577350269189626,0.577350269189626,0.577350269189626));
#9932=DIRECTION('',(-1.,0.,0.));
#9933=DIRECTION('',(0.577350269189626,-0.577350269189626,-0.577350269189626));
#9934=DIRECTION('center_axis',(0.,-1.,0.));
#9935=DIRECTION('ref_axis',(-1.,0.,0.));
#9936=DIRECTION('',(0.,-1.,0.));
#9937=DIRECTION('center_axis',(-1.,0.,0.));
#9938=DIRECTION('ref_axis',(0.,0.,1.));
#9939=DIRECTION('',(0.,-1.,0.));
#9940=DIRECTION('center_axis',(-1.73516750835589E-18,0.707106781186548,
-0.707106781186548));
#9941=DIRECTION('ref_axis',(1.,1.22694871165302E-18,-1.22694871165302E-18));
#9942=DIRECTION('',(0.577350269189626,0.577350269189626,0.577350269189626));
#9943=DIRECTION('',(-1.,0.,0.));
#9944=DIRECTION('',(0.577350269189626,-0.577350269189626,-0.577350269189626));
#9945=DIRECTION('center_axis',(1.,0.,0.));
#9946=DIRECTION('ref_axis',(0.,0.,-1.));
#9947=DIRECTION('',(0.,-1.,0.));
#9948=DIRECTION('center_axis',(1.73516750835589E-18,0.707106781186548,0.707106781186548));
#9949=DIRECTION('ref_axis',(-1.,1.22694871165302E-18,1.22694871165302E-18));
#9950=DIRECTION('',(0.577350269189626,-0.577350269189626,0.577350269189626));
#9951=DIRECTION('',(-0.577350269189626,-0.577350269189626,0.577350269189626));
#9952=DIRECTION('',(-1.,0.,0.));
#9953=DIRECTION('center_axis',(0.,-1.,0.));
#9954=DIRECTION('ref_axis',(-1.,0.,0.));
#9955=DIRECTION('',(0.,-1.,0.));
#9956=DIRECTION('center_axis',(-1.,0.,0.));
#9957=DIRECTION('ref_axis',(0.,0.,1.));
#9958=DIRECTION('',(0.,-1.,0.));
#9959=DIRECTION('center_axis',(-1.73516750835589E-18,0.707106781186548,
-0.707106781186548));
#9960=DIRECTION('ref_axis',(1.,1.22694871165302E-18,-1.22694871165302E-18));
#9961=DIRECTION('',(0.577350269189626,0.577350269189626,0.577350269189626));
#9962=DIRECTION('',(-1.,0.,0.));
#9963=DIRECTION('',(0.577350269189626,-0.577350269189626,-0.577350269189626));
#9964=DIRECTION('center_axis',(1.,0.,0.));
#9965=DIRECTION('ref_axis',(0.,0.,-1.));
#9966=DIRECTION('',(0.,-1.,0.));
#9967=DIRECTION('center_axis',(1.73516750835589E-18,0.707106781186548,0.707106781186548));
#9968=DIRECTION('ref_axis',(-1.,1.22694871165302E-18,1.22694871165302E-18));
#9969=DIRECTION('',(0.577350269189626,-0.577350269189626,0.577350269189626));
#9970=DIRECTION('',(-0.577350269189626,-0.577350269189626,0.577350269189626));
#9971=DIRECTION('',(-1.,0.,0.));
#9972=DIRECTION('center_axis',(1.,0.,0.));
#9973=DIRECTION('ref_axis',(0.,0.,-1.));
#9974=DIRECTION('',(0.,-1.,0.));
#9975=DIRECTION('center_axis',(0.,-1.,0.));
#9976=DIRECTION('ref_axis',(-1.,0.,0.));
#9977=DIRECTION('',(0.,-1.,0.));
#9978=DIRECTION('center_axis',(-1.,0.,0.));
#9979=DIRECTION('ref_axis',(0.,0.,1.));
#9980=DIRECTION('',(0.,-1.,0.));
#9981=DIRECTION('center_axis',(1.73516750835589E-18,0.707106781186548,0.707106781186548));
#9982=DIRECTION('ref_axis',(-1.,1.22694871165302E-18,1.22694871165302E-18));
#9983=DIRECTION('',(0.577350269189626,-0.577350269189626,0.577350269189626));
#9984=DIRECTION('',(-0.577350269189626,-0.577350269189626,0.577350269189626));
#9985=DIRECTION('',(-1.,0.,0.));
#9986=DIRECTION('center_axis',(-1.73516750835589E-18,0.707106781186548,
-0.707106781186548));
#9987=DIRECTION('ref_axis',(1.,1.22694871165302E-18,-1.22694871165302E-18));
#9988=DIRECTION('',(0.577350269189626,0.577350269189626,0.577350269189626));
#9989=DIRECTION('',(-1.,0.,0.));
#9990=DIRECTION('',(0.577350269189626,-0.577350269189626,-0.577350269189626));
#9991=DIRECTION('center_axis',(1.,0.,0.));
#9992=DIRECTION('ref_axis',(0.,0.,-1.));
#9993=DIRECTION('',(0.,-1.,0.));
#9994=DIRECTION('center_axis',(0.,-1.,0.));
#9995=DIRECTION('ref_axis',(-1.,0.,0.));
#9996=DIRECTION('',(0.,-1.,0.));
#9997=DIRECTION('center_axis',(-1.,0.,0.));
#9998=DIRECTION('ref_axis',(0.,0.,1.));
#9999=DIRECTION('',(0.,-1.,0.));
#10000=DIRECTION('center_axis',(1.73516750835589E-18,0.707106781186548,
0.707106781186548));
#10001=DIRECTION('ref_axis',(-1.,1.22694871165302E-18,1.22694871165302E-18));
#10002=DIRECTION('',(0.577350269189626,-0.577350269189626,0.577350269189626));
#10003=DIRECTION('',(-0.577350269189626,-0.577350269189626,0.577350269189626));
#10004=DIRECTION('',(-1.,0.,0.));
#10005=DIRECTION('center_axis',(-1.73516750835589E-18,0.707106781186548,
-0.707106781186548));
#10006=DIRECTION('ref_axis',(1.,1.22694871165302E-18,-1.22694871165302E-18));
#10007=DIRECTION('',(0.577350269189626,0.577350269189626,0.577350269189626));
#10008=DIRECTION('',(-1.,0.,0.));
#10009=DIRECTION('',(0.577350269189626,-0.577350269189626,-0.577350269189626));
#10010=DIRECTION('center_axis',(0.,-1.,0.));
#10011=DIRECTION('ref_axis',(-1.,0.,0.));
#10012=DIRECTION('',(0.,-1.,0.));
#10013=DIRECTION('center_axis',(-1.,0.,0.));
#10014=DIRECTION('ref_axis',(0.,0.,1.));
#10015=DIRECTION('',(0.,-1.,0.));
#10016=DIRECTION('center_axis',(-1.73516750835589E-18,0.707106781186548,
-0.707106781186548));
#10017=DIRECTION('ref_axis',(1.,1.22694871165302E-18,-1.22694871165302E-18));
#10018=DIRECTION('',(-0.577350269189626,-0.577350269189626,-0.577350269189626));
#10019=DIRECTION('',(-1.,0.,0.));
#10020=DIRECTION('',(0.577350269189626,-0.577350269189626,-0.577350269189626));
#10021=DIRECTION('center_axis',(1.,0.,0.));
#10022=DIRECTION('ref_axis',(0.,0.,-1.));
#10023=DIRECTION('',(0.,-1.,0.));
#10024=DIRECTION('center_axis',(1.73516750835589E-18,0.707106781186548,
0.707106781186548));
#10025=DIRECTION('ref_axis',(-1.,1.22694871165302E-18,1.22694871165302E-18));
#10026=DIRECTION('',(0.577350269189626,-0.577350269189626,0.577350269189626));
#10027=DIRECTION('',(-0.577350269189626,-0.577350269189626,0.577350269189626));
#10028=DIRECTION('',(-1.,0.,0.));
#10029=DIRECTION('center_axis',(0.,-1.,0.));
#10030=DIRECTION('ref_axis',(-1.,0.,0.));
#10031=DIRECTION('',(0.,-1.,0.));
#10032=DIRECTION('center_axis',(-1.,0.,0.));
#10033=DIRECTION('ref_axis',(0.,0.,1.));
#10034=DIRECTION('',(0.,-1.,0.));
#10035=DIRECTION('center_axis',(-1.73516750835589E-18,0.707106781186548,
-0.707106781186548));
#10036=DIRECTION('ref_axis',(1.,1.22694871165302E-18,-1.22694871165302E-18));
#10037=DIRECTION('',(-0.577350269189626,-0.577350269189626,-0.577350269189626));
#10038=DIRECTION('',(-1.,0.,0.));
#10039=DIRECTION('',(0.577350269189626,-0.577350269189626,-0.577350269189626));
#10040=DIRECTION('center_axis',(1.,0.,0.));
#10041=DIRECTION('ref_axis',(0.,0.,-1.));
#10042=DIRECTION('',(0.,-1.,0.));
#10043=DIRECTION('center_axis',(1.73516750835589E-18,0.707106781186548,
0.707106781186548));
#10044=DIRECTION('ref_axis',(-1.,1.22694871165302E-18,1.22694871165302E-18));
#10045=DIRECTION('',(0.577350269189626,-0.577350269189626,0.577350269189626));
#10046=DIRECTION('',(-0.577350269189626,-0.577350269189626,0.577350269189626));
#10047=DIRECTION('',(-1.,0.,0.));
#10048=DIRECTION('center_axis',(0.,-1.,0.));
#10049=DIRECTION('ref_axis',(-1.,0.,0.));
#10050=DIRECTION('',(0.,-1.,0.));
#10051=DIRECTION('center_axis',(-1.,0.,0.));
#10052=DIRECTION('ref_axis',(0.,0.,1.));
#10053=DIRECTION('',(0.,-1.,0.));
#10054=DIRECTION('center_axis',(-1.73516750835589E-18,0.707106781186548,
-0.707106781186548));
#10055=DIRECTION('ref_axis',(1.,1.22694871165302E-18,-1.22694871165302E-18));
#10056=DIRECTION('',(0.577350269189626,0.577350269189626,0.577350269189626));
#10057=DIRECTION('',(-1.,0.,0.));
#10058=DIRECTION('',(0.577350269189626,-0.577350269189626,-0.577350269189626));
#10059=DIRECTION('center_axis',(1.,0.,0.));
#10060=DIRECTION('ref_axis',(0.,0.,-1.));
#10061=DIRECTION('',(0.,-1.,0.));
#10062=DIRECTION('center_axis',(1.73516750835589E-18,0.707106781186548,
0.707106781186548));
#10063=DIRECTION('ref_axis',(-1.,1.22694871165302E-18,1.22694871165302E-18));
#10064=DIRECTION('',(0.577350269189626,-0.577350269189626,0.577350269189626));
#10065=DIRECTION('',(-0.577350269189626,-0.577350269189626,0.577350269189626));
#10066=DIRECTION('',(-1.,0.,0.));
#10067=DIRECTION('center_axis',(0.,-1.,0.));
#10068=DIRECTION('ref_axis',(-1.,0.,0.));
#10069=DIRECTION('',(0.,-1.,0.));
#10070=DIRECTION('center_axis',(-1.,0.,0.));
#10071=DIRECTION('ref_axis',(0.,0.,1.));
#10072=DIRECTION('',(0.,-1.,0.));
#10073=DIRECTION('center_axis',(-1.73516750835589E-18,0.707106781186548,
-0.707106781186548));
#10074=DIRECTION('ref_axis',(1.,1.22694871165302E-18,-1.22694871165302E-18));
#10075=DIRECTION('',(-0.577350269189626,-0.577350269189626,-0.577350269189626));
#10076=DIRECTION('',(-1.,0.,0.));
#10077=DIRECTION('',(0.577350269189626,-0.577350269189626,-0.577350269189626));
#10078=DIRECTION('center_axis',(1.,0.,0.));
#10079=DIRECTION('ref_axis',(0.,0.,-1.));
#10080=DIRECTION('',(0.,-1.,0.));
#10081=DIRECTION('center_axis',(1.73516750835589E-18,0.707106781186548,
0.707106781186548));
#10082=DIRECTION('ref_axis',(-1.,1.22694871165302E-18,1.22694871165302E-18));
#10083=DIRECTION('',(0.577350269189626,-0.577350269189626,0.577350269189626));
#10084=DIRECTION('',(-0.577350269189626,-0.577350269189626,0.577350269189626));
#10085=DIRECTION('',(-1.,0.,0.));
#10086=DIRECTION('center_axis',(0.,-1.,0.));
#10087=DIRECTION('ref_axis',(-1.,0.,0.));
#10088=DIRECTION('',(0.,-1.,0.));
#10089=DIRECTION('center_axis',(-1.,0.,0.));
#10090=DIRECTION('ref_axis',(0.,0.,1.));
#10091=DIRECTION('',(0.,-1.,0.));
#10092=DIRECTION('center_axis',(-1.73516750835589E-18,0.707106781186548,
-0.707106781186548));
#10093=DIRECTION('ref_axis',(1.,1.22694871165302E-18,-1.22694871165302E-18));
#10094=DIRECTION('',(0.577350269189626,0.577350269189626,0.577350269189626));
#10095=DIRECTION('',(-1.,0.,0.));
#10096=DIRECTION('',(0.577350269189626,-0.577350269189626,-0.577350269189626));
#10097=DIRECTION('center_axis',(1.,0.,0.));
#10098=DIRECTION('ref_axis',(0.,0.,-1.));
#10099=DIRECTION('',(0.,-1.,0.));
#10100=DIRECTION('center_axis',(1.73516750835589E-18,0.707106781186548,
0.707106781186548));
#10101=DIRECTION('ref_axis',(-1.,1.22694871165302E-18,1.22694871165302E-18));
#10102=DIRECTION('',(0.577350269189626,-0.577350269189626,0.577350269189626));
#10103=DIRECTION('',(-0.577350269189626,-0.577350269189626,0.577350269189626));
#10104=DIRECTION('',(-1.,0.,0.));
#10105=DIRECTION('center_axis',(0.707106781186548,0.,0.707106781186548));
#10106=DIRECTION('ref_axis',(0.,-1.,0.));
#10107=DIRECTION('',(0.577350269189626,-0.577350269189626,-0.577350269189626));
#10108=DIRECTION('',(0.577350269189626,0.577350269189626,-0.577350269189626));
#10109=DIRECTION('',(0.,-1.,0.));
#10110=DIRECTION('center_axis',(0.707106781186548,0.707106781186548,-1.73516750835589E-18));
#10111=DIRECTION('ref_axis',(1.22694871165302E-18,1.22694871165302E-18,
1.));
#10112=DIRECTION('',(0.,0.,-1.));
#10113=DIRECTION('',(0.577350269189626,-0.577350269189626,0.577350269189626));
#10114=DIRECTION('center_axis',(0.707106781186548,0.,-0.707106781186548));
#10115=DIRECTION('ref_axis',(0.,1.,0.));
#10116=DIRECTION('',(0.,-1.,0.));
#10117=DIRECTION('',(0.577350269189626,0.577350269189626,0.577350269189626));
#10118=DIRECTION('center_axis',(-0.707106781186548,0.707106781186548,1.73516750835589E-18));
#10119=DIRECTION('ref_axis',(1.22694871165302E-18,-1.22694871165302E-18,
1.));
#10120=DIRECTION('',(0.,0.,-1.));
#10121=DIRECTION('center_axis',(0.707106781186548,0.,-0.707106781186548));
#10122=DIRECTION('ref_axis',(0.,1.,0.));
#10123=DIRECTION('',(0.577350269189626,-0.577350269189626,0.577350269189626));
#10124=DIRECTION('',(0.,-1.,0.));
#10125=DIRECTION('',(0.577350269189626,0.577350269189626,0.577350269189626));
#10126=DIRECTION('center_axis',(-0.707106781186548,0.707106781186548,1.73516750835589E-18));
#10127=DIRECTION('ref_axis',(1.22694871165302E-18,-1.22694871165302E-18,
1.));
#10128=DIRECTION('',(0.577350269189626,0.577350269189626,-0.577350269189626));
#10129=DIRECTION('',(0.,0.,-1.));
#10130=DIRECTION('center_axis',(0.707106781186548,0.,0.707106781186548));
#10131=DIRECTION('ref_axis',(0.,-1.,0.));
#10132=DIRECTION('',(0.577350269189626,-0.577350269189626,-0.577350269189626));
#10133=DIRECTION('',(0.,-1.,0.));
#10134=DIRECTION('center_axis',(0.707106781186548,0.707106781186548,-1.73516750835589E-18));
#10135=DIRECTION('ref_axis',(1.22694871165302E-18,1.22694871165302E-18,
1.));
#10136=DIRECTION('',(0.,0.,-1.));
#10137=DIRECTION('center_axis',(0.707106781186548,0.,-0.707106781186548));
#10138=DIRECTION('ref_axis',(0.,1.,0.));
#10139=DIRECTION('',(0.577350269189626,-0.577350269189626,0.577350269189626));
#10140=DIRECTION('',(0.,-1.,0.));
#10141=DIRECTION('',(0.577350269189626,0.577350269189626,0.577350269189626));
#10142=DIRECTION('center_axis',(-0.707106781186548,0.707106781186548,1.73516750835589E-18));
#10143=DIRECTION('ref_axis',(1.22694871165302E-18,-1.22694871165302E-18,
1.));
#10144=DIRECTION('',(0.577350269189626,0.577350269189626,-0.577350269189626));
#10145=DIRECTION('',(0.,0.,-1.));
#10146=DIRECTION('center_axis',(0.707106781186548,0.,0.707106781186548));
#10147=DIRECTION('ref_axis',(0.,-1.,0.));
#10148=DIRECTION('',(0.577350269189626,-0.577350269189626,-0.577350269189626));
#10149=DIRECTION('',(0.,-1.,0.));
#10150=DIRECTION('center_axis',(0.707106781186548,0.707106781186548,-1.73516750835589E-18));
#10151=DIRECTION('ref_axis',(1.22694871165302E-18,1.22694871165302E-18,
1.));
#10152=DIRECTION('',(0.,0.,-1.));
#10153=DIRECTION('center_axis',(0.707106781186548,0.707106781186548,-1.73516750835589E-18));
#10154=DIRECTION('ref_axis',(1.22694871165302E-18,1.22694871165302E-18,
1.));
#10155=DIRECTION('',(0.577350269189626,-0.577350269189626,-0.577350269189626));
#10156=DIRECTION('',(0.,0.,-1.));
#10157=DIRECTION('',(0.577350269189626,-0.577350269189626,0.577350269189626));
#10158=DIRECTION('center_axis',(0.707106781186548,0.,-0.707106781186548));
#10159=DIRECTION('ref_axis',(0.,1.,0.));
#10160=DIRECTION('',(0.,-1.,0.));
#10161=DIRECTION('',(0.577350269189626,0.577350269189626,0.577350269189626));
#10162=DIRECTION('center_axis',(-0.707106781186548,0.707106781186548,1.73516750835589E-18));
#10163=DIRECTION('ref_axis',(1.22694871165302E-18,-1.22694871165302E-18,
1.));
#10164=DIRECTION('',(0.577350269189626,0.577350269189626,-0.577350269189626));
#10165=DIRECTION('',(0.,0.,-1.));
#10166=DIRECTION('center_axis',(0.707106781186548,0.,0.707106781186548));
#10167=DIRECTION('ref_axis',(0.,-1.,0.));
#10168=DIRECTION('',(0.,-1.,0.));
#10169=DIRECTION('center_axis',(0.707106781186548,0.,-0.707106781186548));
#10170=DIRECTION('ref_axis',(0.,1.,0.));
#10171=DIRECTION('',(0.577350269189626,-0.577350269189626,0.577350269189626));
#10172=DIRECTION('',(0.,-1.,0.));
#10173=DIRECTION('',(0.577350269189626,0.577350269189626,0.577350269189626));
#10174=DIRECTION('center_axis',(-0.707106781186548,0.707106781186548,1.73516750835589E-18));
#10175=DIRECTION('ref_axis',(1.22694871165302E-18,-1.22694871165302E-18,
1.));
#10176=DIRECTION('',(0.577350269189626,0.577350269189626,-0.577350269189626));
#10177=DIRECTION('',(0.,0.,-1.));
#10178=DIRECTION('center_axis',(0.707106781186548,-1.73516750835589E-18,
0.707106781186548));
#10179=DIRECTION('ref_axis',(-1.22694871165302E-18,-1.,-1.22694871165302E-18));
#10180=DIRECTION('',(0.577350269189626,-0.577350269189626,-0.577350269189626));
#10181=DIRECTION('',(0.,-1.,0.));
#10182=DIRECTION('center_axis',(0.707106781186548,0.707106781186548,-1.73516750835589E-18));
#10183=DIRECTION('ref_axis',(1.22694871165302E-18,1.22694871165302E-18,
1.));
#10184=DIRECTION('',(0.,0.,-1.));
#10185=DIRECTION('center_axis',(0.707106781186548,-1.73516750835589E-18,
0.707106781186548));
#10186=DIRECTION('ref_axis',(-1.22694871165302E-18,-1.,-1.22694871165302E-18));
#10187=DIRECTION('',(0.577350269189626,-0.577350269189626,-0.577350269189626));
#10188=DIRECTION('',(0.577350269189626,0.577350269189626,-0.577350269189626));
#10189=DIRECTION('',(0.,-1.,0.));
#10190=DIRECTION('center_axis',(0.707106781186548,0.707106781186548,-1.73516750835589E-18));
#10191=DIRECTION('ref_axis',(1.22694871165302E-18,1.22694871165302E-18,
1.));
#10192=DIRECTION('',(0.,0.,-1.));
#10193=DIRECTION('',(0.577350269189626,-0.577350269189626,0.577350269189626));
#10194=DIRECTION('center_axis',(0.707106781186548,0.,-0.707106781186548));
#10195=DIRECTION('ref_axis',(0.,1.,0.));
#10196=DIRECTION('',(0.,-1.,0.));
#10197=DIRECTION('',(0.577350269189626,0.577350269189626,0.577350269189626));
#10198=DIRECTION('center_axis',(-0.707106781186548,0.707106781186548,1.73516750835589E-18));
#10199=DIRECTION('ref_axis',(1.22694871165302E-18,-1.22694871165302E-18,
1.));
#10200=DIRECTION('',(0.,0.,-1.));
#10201=DIRECTION('center_axis',(0.707106781186548,-1.73516750835589E-18,
0.707106781186548));
#10202=DIRECTION('ref_axis',(-1.22694871165302E-18,-1.,-1.22694871165302E-18));
#10203=DIRECTION('',(0.577350269189626,-0.577350269189626,-0.577350269189626));
#10204=DIRECTION('',(0.577350269189626,0.577350269189626,-0.577350269189626));
#10205=DIRECTION('',(0.,-1.,0.));
#10206=DIRECTION('center_axis',(0.707106781186548,0.707106781186548,-1.73516750835589E-18));
#10207=DIRECTION('ref_axis',(1.22694871165302E-18,1.22694871165302E-18,
1.));
#10208=DIRECTION('',(0.,0.,-1.));
#10209=DIRECTION('',(0.577350269189626,-0.577350269189626,0.577350269189626));
#10210=DIRECTION('center_axis',(0.707106781186548,0.,-0.707106781186548));
#10211=DIRECTION('ref_axis',(0.,1.,0.));
#10212=DIRECTION('',(0.,-1.,0.));
#10213=DIRECTION('',(0.577350269189626,0.577350269189626,0.577350269189626));
#10214=DIRECTION('center_axis',(-0.707106781186548,0.707106781186548,1.73516750835589E-18));
#10215=DIRECTION('ref_axis',(1.22694871165302E-18,-1.22694871165302E-18,
1.));
#10216=DIRECTION('',(0.,0.,-1.));
#10217=DIRECTION('center_axis',(0.707106781186548,0.,-0.707106781186548));
#10218=DIRECTION('ref_axis',(0.,1.,0.));
#10219=DIRECTION('',(0.577350269189626,-0.577350269189626,0.577350269189626));
#10220=DIRECTION('',(0.,-1.,0.));
#10221=DIRECTION('',(0.577350269189626,0.577350269189626,0.577350269189626));
#10222=DIRECTION('center_axis',(-0.707106781186548,0.707106781186548,1.73516750835589E-18));
#10223=DIRECTION('ref_axis',(1.22694871165302E-18,-1.22694871165302E-18,
1.));
#10224=DIRECTION('',(0.577350269189626,0.577350269189626,-0.577350269189626));
#10225=DIRECTION('',(0.,0.,-1.));
#10226=DIRECTION('center_axis',(0.707106781186548,-1.73516750835589E-18,
0.707106781186548));
#10227=DIRECTION('ref_axis',(-1.22694871165302E-18,-1.,-1.22694871165302E-18));
#10228=DIRECTION('',(0.577350269189626,-0.577350269189626,-0.577350269189626));
#10229=DIRECTION('',(0.,-1.,0.));
#10230=DIRECTION('center_axis',(0.707106781186548,0.707106781186548,-1.73516750835589E-18));
#10231=DIRECTION('ref_axis',(1.22694871165302E-18,1.22694871165302E-18,
1.));
#10232=DIRECTION('',(0.,0.,-1.));
#10233=DIRECTION('center_axis',(0.707106781186548,0.,-0.707106781186548));
#10234=DIRECTION('ref_axis',(0.,1.,0.));
#10235=DIRECTION('',(0.577350269189626,-0.577350269189626,0.577350269189626));
#10236=DIRECTION('',(0.,-1.,0.));
#10237=DIRECTION('',(0.577350269189626,0.577350269189626,0.577350269189626));
#10238=DIRECTION('center_axis',(-0.707106781186548,0.707106781186548,1.73516750835589E-18));
#10239=DIRECTION('ref_axis',(1.22694871165302E-18,-1.22694871165302E-18,
1.));
#10240=DIRECTION('',(0.577350269189626,0.577350269189626,-0.577350269189626));
#10241=DIRECTION('',(0.,0.,-1.));
#10242=DIRECTION('center_axis',(0.707106781186548,-1.73516750835589E-18,
0.707106781186548));
#10243=DIRECTION('ref_axis',(-1.22694871165302E-18,-1.,-1.22694871165302E-18));
#10244=DIRECTION('',(0.577350269189626,-0.577350269189626,-0.577350269189626));
#10245=DIRECTION('',(0.,-1.,0.));
#10246=DIRECTION('center_axis',(0.707106781186548,0.707106781186548,-1.73516750835589E-18));
#10247=DIRECTION('ref_axis',(1.22694871165302E-18,1.22694871165302E-18,
1.));
#10248=DIRECTION('',(0.,0.,-1.));
#10249=DIRECTION('center_axis',(0.707106781186548,0.,0.707106781186548));
#10250=DIRECTION('ref_axis',(0.,-1.,0.));
#10251=DIRECTION('',(0.577350269189626,-0.577350269189626,-0.577350269189626));
#10252=DIRECTION('',(0.577350269189626,0.577350269189626,-0.577350269189626));
#10253=DIRECTION('',(0.,-1.,0.));
#10254=DIRECTION('center_axis',(0.707106781186548,0.707106781186548,-1.73516750835589E-18));
#10255=DIRECTION('ref_axis',(1.22694871165302E-18,1.22694871165302E-18,
1.));
#10256=DIRECTION('',(0.,0.,-1.));
#10257=DIRECTION('',(0.577350269189626,-0.577350269189626,0.577350269189626));
#10258=DIRECTION('center_axis',(0.707106781186548,0.,-0.707106781186548));
#10259=DIRECTION('ref_axis',(0.,1.,0.));
#10260=DIRECTION('',(0.,-1.,0.));
#10261=DIRECTION('',(0.577350269189626,0.577350269189626,0.577350269189626));
#10262=DIRECTION('center_axis',(-0.707106781186548,0.707106781186548,1.73516750835589E-18));
#10263=DIRECTION('ref_axis',(1.22694871165302E-18,-1.22694871165302E-18,
1.));
#10264=DIRECTION('',(0.,0.,-1.));
#10265=DIRECTION('center_axis',(0.707106781186548,0.707106781186548,-1.73516750835589E-18));
#10266=DIRECTION('ref_axis',(1.22694871165302E-18,1.22694871165302E-18,
1.));
#10267=DIRECTION('',(0.577350269189626,-0.577350269189626,-0.577350269189626));
#10268=DIRECTION('',(0.,0.,-1.));
#10269=DIRECTION('',(0.577350269189626,-0.577350269189626,0.577350269189626));
#10270=DIRECTION('center_axis',(0.707106781186548,0.,-0.707106781186548));
#10271=DIRECTION('ref_axis',(0.,1.,0.));
#10272=DIRECTION('',(0.,-1.,0.));
#10273=DIRECTION('',(0.577350269189626,0.577350269189626,0.577350269189626));
#10274=DIRECTION('center_axis',(-0.707106781186548,0.707106781186548,1.73516750835589E-18));
#10275=DIRECTION('ref_axis',(1.22694871165302E-18,-1.22694871165302E-18,
1.));
#10276=DIRECTION('',(0.577350269189626,0.577350269189626,-0.577350269189626));
#10277=DIRECTION('',(0.,0.,-1.));
#10278=DIRECTION('center_axis',(0.707106781186548,0.,0.707106781186548));
#10279=DIRECTION('ref_axis',(0.,-1.,0.));
#10280=DIRECTION('',(0.,-1.,0.));
#10281=DIRECTION('center_axis',(0.707106781186548,-1.73516750835589E-18,
0.707106781186548));
#10282=DIRECTION('ref_axis',(-1.22694871165302E-18,-1.,-1.22694871165302E-18));
#10283=DIRECTION('',(0.577350269189626,-0.577350269189626,-0.577350269189626));
#10284=DIRECTION('',(0.577350269189626,0.577350269189626,-0.577350269189626));
#10285=DIRECTION('',(0.,-1.,0.));
#10286=DIRECTION('center_axis',(0.707106781186548,0.707106781186548,-1.73516750835589E-18));
#10287=DIRECTION('ref_axis',(1.22694871165302E-18,1.22694871165302E-18,
1.));
#10288=DIRECTION('',(0.,0.,-1.));
#10289=DIRECTION('',(0.577350269189626,-0.577350269189626,0.577350269189626));
#10290=DIRECTION('center_axis',(0.707106781186548,0.,-0.707106781186548));
#10291=DIRECTION('ref_axis',(0.,1.,0.));
#10292=DIRECTION('',(0.,-1.,0.));
#10293=DIRECTION('',(0.577350269189626,0.577350269189626,0.577350269189626));
#10294=DIRECTION('center_axis',(-0.707106781186548,0.707106781186548,1.73516750835589E-18));
#10295=DIRECTION('ref_axis',(1.22694871165302E-18,-1.22694871165302E-18,
1.));
#10296=DIRECTION('',(0.,0.,-1.));
#10297=DIRECTION('center_axis',(0.707106781186548,0.707106781186548,-1.73516750835589E-18));
#10298=DIRECTION('ref_axis',(1.22694871165302E-18,1.22694871165302E-18,
1.));
#10299=DIRECTION('',(0.577350269189626,-0.577350269189626,-0.577350269189626));
#10300=DIRECTION('',(0.,0.,-1.));
#10301=DIRECTION('',(0.577350269189626,-0.577350269189626,0.577350269189626));
#10302=DIRECTION('center_axis',(0.707106781186548,0.,-0.707106781186548));
#10303=DIRECTION('ref_axis',(0.,1.,0.));
#10304=DIRECTION('',(0.,-1.,0.));
#10305=DIRECTION('',(0.577350269189626,0.577350269189626,0.577350269189626));
#10306=DIRECTION('center_axis',(-0.707106781186548,0.707106781186548,1.73516750835589E-18));
#10307=DIRECTION('ref_axis',(1.22694871165302E-18,-1.22694871165302E-18,
1.));
#10308=DIRECTION('',(0.577350269189626,0.577350269189626,-0.577350269189626));
#10309=DIRECTION('',(0.,0.,-1.));
#10310=DIRECTION('center_axis',(0.707106781186548,0.,0.707106781186548));
#10311=DIRECTION('ref_axis',(0.,-1.,0.));
#10312=DIRECTION('',(0.,-1.,0.));
#10313=DIRECTION('center_axis',(0.707106781186548,0.707106781186548,-1.73516750835589E-18));
#10314=DIRECTION('ref_axis',(1.22694871165302E-18,1.22694871165302E-18,
1.));
#10315=DIRECTION('',(0.577350269189626,-0.577350269189626,-0.577350269189626));
#10316=DIRECTION('',(0.,0.,-1.));
#10317=DIRECTION('',(0.577350269189626,-0.577350269189626,0.577350269189626));
#10318=DIRECTION('center_axis',(0.707106781186548,0.,-0.707106781186548));
#10319=DIRECTION('ref_axis',(0.,1.,0.));
#10320=DIRECTION('',(0.,-1.,0.));
#10321=DIRECTION('',(0.577350269189626,0.577350269189626,0.577350269189626));
#10322=DIRECTION('center_axis',(-0.707106781186548,0.707106781186548,1.73516750835589E-18));
#10323=DIRECTION('ref_axis',(1.22694871165302E-18,-1.22694871165302E-18,
1.));
#10324=DIRECTION('',(0.577350269189626,0.577350269189626,-0.577350269189626));
#10325=DIRECTION('',(0.,0.,-1.));
#10326=DIRECTION('center_axis',(0.707106781186548,-1.73516750835589E-18,
0.707106781186548));
#10327=DIRECTION('ref_axis',(-1.22694871165302E-18,-1.,-1.22694871165302E-18));
#10328=DIRECTION('',(0.,-1.,0.));
#10329=DIRECTION('center_axis',(-0.707106781186548,-1.73516750835589E-18,
-0.707106781186548));
#10330=DIRECTION('ref_axis',(-1.22694871165302E-18,1.,-1.22694871165302E-18));
#10331=DIRECTION('',(0.,-1.,0.));
#10332=DIRECTION('center_axis',(0.707106781186548,1.73516750835589E-18,
-0.707106781186548));
#10333=DIRECTION('ref_axis',(-1.22694871165302E-18,1.,1.22694871165302E-18));
#10334=DIRECTION('',(0.,-1.,0.));
#10335=DIRECTION('center_axis',(0.,0.,-1.));
#10336=DIRECTION('ref_axis',(-1.,0.,0.));
#10337=DIRECTION('center_axis',(0.707106781186548,1.73516750835589E-18,
-0.707106781186548));
#10338=DIRECTION('ref_axis',(-1.22694871165302E-18,1.,1.22694871165302E-18));
#10339=DIRECTION('',(0.,-1.,0.));
#10340=DIRECTION('center_axis',(-0.707106781186548,-1.73516750835589E-18,
-0.707106781186548));
#10341=DIRECTION('ref_axis',(-1.22694871165302E-18,1.,-1.22694871165302E-18));
#10342=DIRECTION('',(0.,-1.,0.));
#10343=DIRECTION('center_axis',(0.,0.,-1.));
#10344=DIRECTION('ref_axis',(-1.,0.,0.));
#10345=DIRECTION('center_axis',(0.707106781186548,1.73516750835589E-18,
-0.707106781186548));
#10346=DIRECTION('ref_axis',(-1.22694871165302E-18,1.,1.22694871165302E-18));
#10347=DIRECTION('',(0.,-1.,0.));
#10348=DIRECTION('center_axis',(-0.707106781186548,-1.73516750835589E-18,
-0.707106781186548));
#10349=DIRECTION('ref_axis',(-1.22694871165302E-18,1.,-1.22694871165302E-18));
#10350=DIRECTION('',(0.,-1.,0.));
#10351=DIRECTION('center_axis',(0.,0.,-1.));
#10352=DIRECTION('ref_axis',(-1.,0.,0.));
#10353=DIRECTION('center_axis',(-0.707106781186548,-1.73516750835589E-18,
-0.707106781186548));
#10354=DIRECTION('ref_axis',(-1.22694871165302E-18,1.,-1.22694871165302E-18));
#10355=DIRECTION('',(0.,-1.,0.));
#10356=DIRECTION('center_axis',(0.707106781186548,1.73516750835589E-18,
-0.707106781186548));
#10357=DIRECTION('ref_axis',(-1.22694871165302E-18,1.,1.22694871165302E-18));
#10358=DIRECTION('',(0.,-1.,0.));
#10359=DIRECTION('center_axis',(0.,0.,-1.));
#10360=DIRECTION('ref_axis',(-1.,0.,0.));
#10361=DIRECTION('center_axis',(0.707106781186548,0.,-0.707106781186548));
#10362=DIRECTION('ref_axis',(0.,1.,0.));
#10363=DIRECTION('',(0.,-1.,0.));
#10364=DIRECTION('center_axis',(-0.707106781186548,0.,-0.707106781186548));
#10365=DIRECTION('ref_axis',(0.,1.,0.));
#10366=DIRECTION('',(0.,-1.,0.));
#10367=DIRECTION('center_axis',(0.,0.,-1.));
#10368=DIRECTION('ref_axis',(-1.,0.,0.));
#10369=DIRECTION('center_axis',(-0.707106781186548,0.,-0.707106781186548));
#10370=DIRECTION('ref_axis',(0.,1.,0.));
#10371=DIRECTION('',(0.,-1.,0.));
#10372=DIRECTION('center_axis',(0.707106781186548,0.,-0.707106781186548));
#10373=DIRECTION('ref_axis',(0.,1.,0.));
#10374=DIRECTION('',(0.,-1.,0.));
#10375=DIRECTION('center_axis',(0.,0.,-1.));
#10376=DIRECTION('ref_axis',(-1.,0.,0.));
#10377=DIRECTION('center_axis',(-0.707106781186548,0.,-0.707106781186548));
#10378=DIRECTION('ref_axis',(0.,1.,0.));
#10379=DIRECTION('',(0.,-1.,0.));
#10380=DIRECTION('center_axis',(0.707106781186548,0.,-0.707106781186548));
#10381=DIRECTION('ref_axis',(0.,1.,0.));
#10382=DIRECTION('',(0.,-1.,0.));
#10383=DIRECTION('center_axis',(0.,0.,-1.));
#10384=DIRECTION('ref_axis',(-1.,0.,0.));
#10385=DIRECTION('center_axis',(0.707106781186548,0.,-0.707106781186548));
#10386=DIRECTION('ref_axis',(0.,1.,0.));
#10387=DIRECTION('',(0.,-1.,0.));
#10388=DIRECTION('center_axis',(-0.707106781186548,0.,-0.707106781186548));
#10389=DIRECTION('ref_axis',(0.,1.,0.));
#10390=DIRECTION('',(0.,-1.,0.));
#10391=DIRECTION('center_axis',(0.,0.,-1.));
#10392=DIRECTION('ref_axis',(-1.,0.,0.));
#10393=DIRECTION('center_axis',(0.707106781186548,0.,-0.707106781186548));
#10394=DIRECTION('ref_axis',(0.,1.,0.));
#10395=DIRECTION('',(0.,-1.,0.));
#10396=DIRECTION('center_axis',(-0.707106781186548,0.,-0.707106781186548));
#10397=DIRECTION('ref_axis',(0.,1.,0.));
#10398=DIRECTION('',(0.,-1.,0.));
#10399=DIRECTION('center_axis',(0.,0.,-1.));
#10400=DIRECTION('ref_axis',(-1.,0.,0.));
#10401=DIRECTION('center_axis',(-0.707106781186548,-1.73516750835589E-18,
-0.707106781186548));
#10402=DIRECTION('ref_axis',(-1.22694871165302E-18,1.,-1.22694871165302E-18));
#10403=DIRECTION('',(0.,-1.,0.));
#10404=DIRECTION('center_axis',(0.707106781186548,1.73516750835589E-18,
-0.707106781186548));
#10405=DIRECTION('ref_axis',(-1.22694871165302E-18,1.,1.22694871165302E-18));
#10406=DIRECTION('',(0.,-1.,0.));
#10407=DIRECTION('center_axis',(0.,0.,-1.));
#10408=DIRECTION('ref_axis',(-1.,0.,0.));
#10409=DIRECTION('center_axis',(-0.707106781186548,-1.73516750835589E-18,
-0.707106781186548));
#10410=DIRECTION('ref_axis',(-1.22694871165302E-18,1.,-1.22694871165302E-18));
#10411=DIRECTION('',(0.,-1.,0.));
#10412=DIRECTION('center_axis',(0.707106781186548,1.73516750835589E-18,
-0.707106781186548));
#10413=DIRECTION('ref_axis',(-1.22694871165302E-18,1.,1.22694871165302E-18));
#10414=DIRECTION('',(0.,-1.,0.));
#10415=DIRECTION('center_axis',(0.,0.,-1.));
#10416=DIRECTION('ref_axis',(-1.,0.,0.));
#10417=DIRECTION('center_axis',(-0.707106781186548,0.,-0.707106781186548));
#10418=DIRECTION('ref_axis',(0.,1.,0.));
#10419=DIRECTION('',(0.,-1.,0.));
#10420=DIRECTION('center_axis',(0.707106781186548,0.,-0.707106781186548));
#10421=DIRECTION('ref_axis',(0.,1.,0.));
#10422=DIRECTION('',(0.,-1.,0.));
#10423=DIRECTION('center_axis',(0.,0.,-1.));
#10424=DIRECTION('ref_axis',(-1.,0.,0.));
#10425=DIRECTION('center_axis',(-0.707106781186548,-1.73516750835589E-18,
-0.707106781186548));
#10426=DIRECTION('ref_axis',(-1.22694871165302E-18,1.,-1.22694871165302E-18));
#10427=DIRECTION('',(0.,-1.,0.));
#10428=DIRECTION('center_axis',(0.707106781186548,1.73516750835589E-18,
-0.707106781186548));
#10429=DIRECTION('ref_axis',(-1.22694871165302E-18,1.,1.22694871165302E-18));
#10430=DIRECTION('',(0.,-1.,0.));
#10431=DIRECTION('center_axis',(0.,0.,-1.));
#10432=DIRECTION('ref_axis',(-1.,0.,0.));
#10433=DIRECTION('center_axis',(-0.707106781186548,0.,-0.707106781186548));
#10434=DIRECTION('ref_axis',(0.,1.,0.));
#10435=DIRECTION('',(0.,-1.,0.));
#10436=DIRECTION('center_axis',(0.707106781186548,0.,-0.707106781186548));
#10437=DIRECTION('ref_axis',(0.,1.,0.));
#10438=DIRECTION('',(0.,-1.,0.));
#10439=DIRECTION('center_axis',(0.,0.,-1.));
#10440=DIRECTION('ref_axis',(-1.,0.,0.));
#10441=DIRECTION('center_axis',(1.,0.,0.));
#10442=DIRECTION('ref_axis',(0.,0.,-1.));
#10443=DIRECTION('center_axis',(1.,0.,0.));
#10444=DIRECTION('ref_axis',(0.,0.,-1.));
#10445=DIRECTION('center_axis',(1.,0.,0.));
#10446=DIRECTION('ref_axis',(0.,0.,-1.));
#10447=DIRECTION('center_axis',(1.,0.,0.));
#10448=DIRECTION('ref_axis',(0.,0.,-1.));
#10449=DIRECTION('center_axis',(1.,0.,0.));
#10450=DIRECTION('ref_axis',(0.,0.,-1.));
#10451=DIRECTION('center_axis',(1.,0.,0.));
#10452=DIRECTION('ref_axis',(0.,0.,-1.));
#10453=DIRECTION('center_axis',(1.,0.,0.));
#10454=DIRECTION('ref_axis',(0.,0.,-1.));
#10455=DIRECTION('center_axis',(1.,0.,0.));
#10456=DIRECTION('ref_axis',(0.,0.,-1.));
#10457=DIRECTION('center_axis',(1.,0.,0.));
#10458=DIRECTION('ref_axis',(0.,0.,-1.));
#10459=DIRECTION('center_axis',(1.,0.,0.));
#10460=DIRECTION('ref_axis',(0.,0.,-1.));
#10461=DIRECTION('center_axis',(1.,0.,0.));
#10462=DIRECTION('ref_axis',(0.,0.,-1.));
#10463=DIRECTION('center_axis',(1.,0.,0.));
#10464=DIRECTION('ref_axis',(0.,0.,-1.));
#10465=DIRECTION('center_axis',(1.,0.,0.));
#10466=DIRECTION('ref_axis',(0.,0.,-1.));
#10467=DIRECTION('center_axis',(1.,0.,0.));
#10468=DIRECTION('ref_axis',(0.,0.,-1.));
#10469=DIRECTION('axis',(0.,0.,1.));
#10470=DIRECTION('refdir',(1.,0.,0.));
#10471=DIRECTION('center_axis',(0.,0.,-1.));
#10472=DIRECTION('ref_axis',(-7.47075743835492E-7,0.999999999999721,0.));
#10473=DIRECTION('',(0.,0.,1.));
#10474=DIRECTION('center_axis',(0.,0.,-1.));
#10475=DIRECTION('ref_axis',(-7.47075743835492E-7,0.999999999999721,0.));
#10476=DIRECTION('',(0.,0.,1.));
#10477=DIRECTION('center_axis',(0.,0.,-1.));
#10478=DIRECTION('ref_axis',(-7.47075743835492E-7,0.999999999999721,0.));
#10479=DIRECTION('center_axis',(0.,1.,0.));
#10480=DIRECTION('ref_axis',(1.,0.,0.));
#10481=DIRECTION('',(0.,0.,1.));
#10482=DIRECTION('',(1.,0.,0.));
#10483=DIRECTION('',(1.,0.,0.));
#10484=DIRECTION('center_axis',(1.,0.,0.));
#10485=DIRECTION('ref_axis',(0.,-1.,0.));
#10486=DIRECTION('',(0.,-1.,0.));
#10487=DIRECTION('',(0.,0.,1.));
#10488=DIRECTION('',(0.,-1.,0.));
#10489=DIRECTION('center_axis',(0.,0.,1.));
#10490=DIRECTION('ref_axis',(1.,0.,0.));
#10491=DIRECTION('center_axis',(0.,0.,-1.));
#10492=DIRECTION('ref_axis',(0.999999999999721,7.47075743835492E-7,0.));
#10493=DIRECTION('',(-1.,0.,0.));
#10494=DIRECTION('center_axis',(0.,0.,-1.));
#10495=DIRECTION('ref_axis',(7.47075743835492E-7,-0.999999999999721,0.));
#10496=DIRECTION('',(0.,1.,0.));
#10497=DIRECTION('center_axis',(0.,0.,-1.));
#10498=DIRECTION('ref_axis',(-0.999999999999721,-7.47075743835492E-7,0.));
#10499=DIRECTION('center_axis',(0.,0.,-1.));
#10500=DIRECTION('ref_axis',(0.,-1.,0.));
#10501=DIRECTION('center_axis',(0.,0.,-1.));
#10502=DIRECTION('ref_axis',(0.,-1.,0.));
#10503=DIRECTION('center_axis',(0.,0.,-1.));
#10504=DIRECTION('ref_axis',(1.7763568394E-15,-1.,0.));
#10505=DIRECTION('center_axis',(0.,0.,-1.));
#10506=DIRECTION('ref_axis',(0.,-1.,0.));
#10507=DIRECTION('center_axis',(0.,0.,-1.));
#10508=DIRECTION('ref_axis',(1.7763568394E-15,-1.,0.));
#10509=DIRECTION('center_axis',(0.,0.,-1.));
#10510=DIRECTION('ref_axis',(0.,-1.,0.));
#10511=DIRECTION('center_axis',(0.,0.,-1.));
#10512=DIRECTION('ref_axis',(0.,-1.,0.));
#10513=DIRECTION('center_axis',(0.,0.,-1.));
#10514=DIRECTION('ref_axis',(0.,-1.,0.));
#10515=DIRECTION('center_axis',(0.,0.,-1.));
#10516=DIRECTION('ref_axis',(9.020562075079E-17,-1.,0.));
#10517=DIRECTION('center_axis',(0.,0.,-1.));
#10518=DIRECTION('ref_axis',(0.,-1.,0.));
#10519=DIRECTION('center_axis',(0.,0.,-1.));
#10520=DIRECTION('ref_axis',(9.020562075079E-17,-1.,0.));
#10521=DIRECTION('center_axis',(0.,0.,-1.));
#10522=DIRECTION('ref_axis',(0.,-1.,0.));
#10523=DIRECTION('center_axis',(0.,0.,-1.));
#10524=DIRECTION('ref_axis',(0.,-1.,0.));
#10525=DIRECTION('center_axis',(0.,0.,-1.));
#10526=DIRECTION('ref_axis',(0.,-1.,0.));
#10527=DIRECTION('center_axis',(0.,0.,-1.));
#10528=DIRECTION('ref_axis',(0.,-1.,0.));
#10529=DIRECTION('center_axis',(0.,0.,-1.));
#10530=DIRECTION('ref_axis',(0.,-1.,0.));
#10531=DIRECTION('center_axis',(0.,0.,1.));
#10532=DIRECTION('ref_axis',(1.,0.,0.));
#10533=DIRECTION('center_axis',(0.,0.,-1.));
#10534=DIRECTION('ref_axis',(-0.999999999999721,-7.47075743835492E-7,0.));
#10535=DIRECTION('',(0.,1.,0.));
#10536=DIRECTION('center_axis',(0.,0.,-1.));
#10537=DIRECTION('ref_axis',(7.47075743835492E-7,-0.999999999999721,0.));
#10538=DIRECTION('',(-1.,0.,0.));
#10539=DIRECTION('center_axis',(0.,0.,-1.));
#10540=DIRECTION('ref_axis',(0.999999999999721,7.47075743835492E-7,0.));
#10541=DIRECTION('center_axis',(0.,0.,-1.));
#10542=DIRECTION('ref_axis',(0.,-1.,0.));
#10543=DIRECTION('center_axis',(0.,0.,-1.));
#10544=DIRECTION('ref_axis',(0.,-1.,0.));
#10545=DIRECTION('center_axis',(0.,0.,-1.));
#10546=DIRECTION('ref_axis',(1.7763568394E-15,-1.,0.));
#10547=DIRECTION('center_axis',(0.,0.,-1.));
#10548=DIRECTION('ref_axis',(0.,-1.,0.));
#10549=DIRECTION('center_axis',(0.,0.,-1.));
#10550=DIRECTION('ref_axis',(1.7763568394E-15,-1.,0.));
#10551=DIRECTION('center_axis',(0.,0.,-1.));
#10552=DIRECTION('ref_axis',(0.,-1.,0.));
#10553=DIRECTION('center_axis',(0.,0.,-1.));
#10554=DIRECTION('ref_axis',(0.,-1.,0.));
#10555=DIRECTION('center_axis',(0.,0.,-1.));
#10556=DIRECTION('ref_axis',(0.,-1.,0.));
#10557=DIRECTION('center_axis',(0.,0.,-1.));
#10558=DIRECTION('ref_axis',(9.020562075079E-17,-1.,0.));
#10559=DIRECTION('center_axis',(0.,0.,-1.));
#10560=DIRECTION('ref_axis',(0.,-1.,0.));
#10561=DIRECTION('center_axis',(0.,0.,-1.));
#10562=DIRECTION('ref_axis',(9.020562075079E-17,-1.,0.));
#10563=DIRECTION('center_axis',(0.,0.,-1.));
#10564=DIRECTION('ref_axis',(0.,-1.,0.));
#10565=DIRECTION('center_axis',(0.,0.,-1.));
#10566=DIRECTION('ref_axis',(0.,-1.,0.));
#10567=DIRECTION('center_axis',(0.,0.,-1.));
#10568=DIRECTION('ref_axis',(0.,-1.,0.));
#10569=DIRECTION('center_axis',(0.,0.,-1.));
#10570=DIRECTION('ref_axis',(0.,-1.,0.));
#10571=DIRECTION('center_axis',(0.,0.,-1.));
#10572=DIRECTION('ref_axis',(0.,-1.,0.));
#10573=DIRECTION('center_axis',(0.,0.,-1.));
#10574=DIRECTION('ref_axis',(-0.999999999999721,-7.47075743835492E-7,0.));
#10575=DIRECTION('',(0.,0.,1.));
#10576=DIRECTION('center_axis',(0.,0.,-1.));
#10577=DIRECTION('ref_axis',(0.999999999999721,7.47075743835492E-7,0.));
#10578=DIRECTION('',(0.,0.,1.));
#10579=DIRECTION('center_axis',(-1.,0.,0.));
#10580=DIRECTION('ref_axis',(0.,1.,0.));
#10581=DIRECTION('',(0.,0.,1.));
#10582=DIRECTION('center_axis',(0.,-1.,0.));
#10583=DIRECTION('ref_axis',(-1.,0.,0.));
#10584=DIRECTION('',(0.,0.,1.));
#10585=DIRECTION('center_axis',(0.,0.,-1.));
#10586=DIRECTION('ref_axis',(7.47075743835492E-7,-0.999999999999721,0.));
#10587=DIRECTION('center_axis',(0.,0.,-1.));
#10588=DIRECTION('ref_axis',(0.,-1.,0.));
#10589=DIRECTION('',(0.,0.,-1.));
#10590=DIRECTION('center_axis',(0.,0.,-1.));
#10591=DIRECTION('ref_axis',(0.,-1.,0.));
#10592=DIRECTION('',(0.,0.,-1.));
#10593=DIRECTION('center_axis',(0.,0.,-1.));
#10594=DIRECTION('ref_axis',(1.7763568394E-15,-1.,0.));
#10595=DIRECTION('',(0.,0.,-1.));
#10596=DIRECTION('center_axis',(0.,0.,-1.));
#10597=DIRECTION('ref_axis',(0.,-1.,0.));
#10598=DIRECTION('',(0.,0.,-1.));
#10599=DIRECTION('center_axis',(0.,0.,-1.));
#10600=DIRECTION('ref_axis',(1.7763568394E-15,-1.,0.));
#10601=DIRECTION('',(0.,0.,-1.));
#10602=DIRECTION('center_axis',(0.,0.,-1.));
#10603=DIRECTION('ref_axis',(0.,-1.,0.));
#10604=DIRECTION('',(0.,0.,-1.));
#10605=DIRECTION('center_axis',(0.,0.,-1.));
#10606=DIRECTION('ref_axis',(0.,-1.,0.));
#10607=DIRECTION('',(0.,0.,-1.));
#10608=DIRECTION('center_axis',(0.,0.,-1.));
#10609=DIRECTION('ref_axis',(0.,-1.,0.));
#10610=DIRECTION('',(0.,0.,-1.));
#10611=DIRECTION('center_axis',(0.,0.,-1.));
#10612=DIRECTION('ref_axis',(9.020562075079E-17,-1.,0.));
#10613=DIRECTION('',(0.,0.,-1.));
#10614=DIRECTION('center_axis',(0.,0.,-1.));
#10615=DIRECTION('ref_axis',(0.,-1.,0.));
#10616=DIRECTION('',(0.,0.,-1.));
#10617=DIRECTION('center_axis',(0.,0.,-1.));
#10618=DIRECTION('ref_axis',(9.020562075079E-17,-1.,0.));
#10619=DIRECTION('',(0.,0.,-1.));
#10620=DIRECTION('center_axis',(0.,0.,-1.));
#10621=DIRECTION('ref_axis',(0.,-1.,0.));
#10622=DIRECTION('',(0.,0.,-1.));
#10623=DIRECTION('center_axis',(0.,0.,-1.));
#10624=DIRECTION('ref_axis',(0.,-1.,0.));
#10625=DIRECTION('',(0.,0.,-1.));
#10626=DIRECTION('center_axis',(0.,0.,-1.));
#10627=DIRECTION('ref_axis',(0.,-1.,0.));
#10628=DIRECTION('',(0.,0.,-1.));
#10629=DIRECTION('center_axis',(0.,0.,-1.));
#10630=DIRECTION('ref_axis',(0.,-1.,0.));
#10631=DIRECTION('',(0.,0.,-1.));
#10632=DIRECTION('center_axis',(0.,0.,-1.));
#10633=DIRECTION('ref_axis',(0.,-1.,0.));
#10634=DIRECTION('',(0.,0.,-1.));
#10635=DIRECTION('axis',(0.,0.,1.));
#10636=DIRECTION('refdir',(1.,0.,0.));
#10637=DIRECTION('center_axis',(1.,0.,0.));
#10638=DIRECTION('ref_axis',(0.,0.,1.));
#10639=DIRECTION('',(0.,0.,1.));
#10640=DIRECTION('',(0.,1.,0.));
#10641=DIRECTION('',(0.,0.,1.));
#10642=DIRECTION('',(0.,1.,0.));
#10643=DIRECTION('center_axis',(0.,1.,0.));
#10644=DIRECTION('ref_axis',(0.,0.,1.));
#10645=DIRECTION('',(1.,0.,0.));
#10646=DIRECTION('center_axis',(0.,1.,0.));
#10647=DIRECTION('ref_axis',(0.,0.,1.));
#10648=DIRECTION('',(1.,0.,0.));
#10649=DIRECTION('',(0.,0.,1.));
#10650=DIRECTION('',(1.,0.,0.));
#10651=DIRECTION('center_axis',(0.,-1.,0.));
#10652=DIRECTION('ref_axis',(0.,0.,1.));
#10653=DIRECTION('',(1.,0.,0.));
#10654=DIRECTION('center_axis',(0.,1.,0.));
#10655=DIRECTION('ref_axis',(0.,0.,1.));
#10656=DIRECTION('center_axis',(0.,-1.,0.));
#10657=DIRECTION('ref_axis',(0.,0.,1.));
#10658=DIRECTION('center_axis',(0.,1.,0.));
#10659=DIRECTION('ref_axis',(-1.,0.,0.));
#10660=DIRECTION('center_axis',(0.,-1.,0.));
#10661=DIRECTION('ref_axis',(0.,0.,1.));
#10662=DIRECTION('',(0.,1.,0.));
#10663=DIRECTION('center_axis',(0.,1.,0.));
#10664=DIRECTION('ref_axis',(-1.,0.,0.));
#10665=DIRECTION('',(0.,1.,0.));
#10666=DIRECTION('center_axis',(0.,1.,0.));
#10667=DIRECTION('ref_axis',(0.,0.,1.));
#10668=DIRECTION('center_axis',(0.,1.,0.));
#10669=DIRECTION('ref_axis',(0.,0.,1.));
#10670=DIRECTION('',(1.,0.,0.));
#10671=DIRECTION('',(1.,0.,0.));
#10672=DIRECTION('center_axis',(0.,-1.,0.));
#10673=DIRECTION('ref_axis',(0.,0.,1.));
#10674=DIRECTION('',(1.,0.,0.));
#10675=DIRECTION('',(0.,0.,1.));
#10676=DIRECTION('',(1.,0.,0.));
#10677=DIRECTION('center_axis',(0.,1.,0.));
#10678=DIRECTION('ref_axis',(0.,0.,1.));
#10679=DIRECTION('center_axis',(0.,0.,1.));
#10680=DIRECTION('ref_axis',(1.,0.,0.));
#10681=DIRECTION('',(0.,1.,0.));
#10682=DIRECTION('center_axis',(0.,1.,0.));
#10683=DIRECTION('ref_axis',(1.,0.,0.));
#10684=DIRECTION('',(0.,1.,0.));
#10685=DIRECTION('center_axis',(0.,1.,0.));
#10686=DIRECTION('ref_axis',(0.,0.,1.));
#10687=DIRECTION('',(1.,0.,0.));
#10688=DIRECTION('',(1.,0.,0.));
#10689=DIRECTION('',(0.,0.,1.));
#10690=DIRECTION('',(1.,0.,0.));
#10691=DIRECTION('',(1.,0.,0.));
#10692=DIRECTION('center_axis',(0.,0.,1.));
#10693=DIRECTION('ref_axis',(1.,0.,0.));
#10694=DIRECTION('',(0.,1.,0.));
#10695=DIRECTION('center_axis',(0.,1.,0.));
#10696=DIRECTION('ref_axis',(1.,0.,0.));
#10697=DIRECTION('',(0.,1.,0.));
#10698=DIRECTION('center_axis',(0.,1.,0.));
#10699=DIRECTION('ref_axis',(0.,0.,1.));
#10700=DIRECTION('',(1.,0.,0.));
#10701=DIRECTION('',(1.,0.,0.));
#10702=DIRECTION('',(0.,0.,1.));
#10703=DIRECTION('',(1.,0.,0.));
#10704=DIRECTION('',(1.,0.,0.));
#10705=DIRECTION('center_axis',(0.,0.,1.));
#10706=DIRECTION('ref_axis',(1.,0.,0.));
#10707=DIRECTION('',(0.,1.,0.));
#10708=DIRECTION('center_axis',(0.,1.,0.));
#10709=DIRECTION('ref_axis',(0.,0.,1.));
#10710=DIRECTION('',(1.,0.,0.));
#10711=DIRECTION('center_axis',(0.,1.,0.));
#10712=DIRECTION('ref_axis',(0.,0.,1.));
#10713=DIRECTION('',(0.,0.,1.));
#10714=DIRECTION('center_axis',(0.,-1.,0.));
#10715=DIRECTION('ref_axis',(0.,0.,1.));
#10716=DIRECTION('',(1.,0.,0.));
#10717=DIRECTION('center_axis',(0.,1.,0.));
#10718=DIRECTION('ref_axis',(0.,0.,1.));
#10719=DIRECTION('center_axis',(0.,-1.,0.));
#10720=DIRECTION('ref_axis',(0.,0.,1.));
#10721=DIRECTION('center_axis',(0.,1.,0.));
#10722=DIRECTION('ref_axis',(0.,0.,1.));
#10723=DIRECTION('',(0.,0.,1.));
#10724=DIRECTION('',(1.,0.,0.));
#10725=DIRECTION('',(0.,0.,1.));
#10726=DIRECTION('center_axis',(1.,0.,0.));
#10727=DIRECTION('ref_axis',(0.,0.,1.));
#10728=DIRECTION('',(0.,1.,0.));
#10729=DIRECTION('',(0.,0.,1.));
#10730=DIRECTION('center_axis',(0.,1.,0.));
#10731=DIRECTION('ref_axis',(0.,0.,1.));
#10732=DIRECTION('',(1.,0.,0.));
#10733=DIRECTION('center_axis',(0.,-1.,0.));
#10734=DIRECTION('ref_axis',(0.,0.,1.));
#10735=DIRECTION('center_axis',(0.,1.,0.));
#10736=DIRECTION('ref_axis',(0.,0.,1.));
#10737=DIRECTION('',(1.,0.,0.));
#10738=DIRECTION('center_axis',(0.,-1.,0.));
#10739=DIRECTION('ref_axis',(0.,0.,1.));
#10740=DIRECTION('',(0.,0.,1.));
#10741=DIRECTION('center_axis',(0.,1.,0.));
#10742=DIRECTION('ref_axis',(0.,0.,1.));
#10743=DIRECTION('center_axis',(0.,1.,0.));
#10744=DIRECTION('ref_axis',(0.,0.,1.));
#10745=DIRECTION('',(1.,0.,0.));
#10746=DIRECTION('',(0.,0.,1.));
#10747=DIRECTION('center_axis',(0.,1.,0.));
#10748=DIRECTION('ref_axis',(-1.,0.,0.));
#10749=DIRECTION('',(0.,1.,0.));
#10750=DIRECTION('center_axis',(0.,0.,1.));
#10751=DIRECTION('ref_axis',(1.,0.,0.));
#10752=DIRECTION('',(0.,1.,0.));
#10753=DIRECTION('center_axis',(0.,1.,0.));
#10754=DIRECTION('ref_axis',(1.,0.,0.));
#10755=DIRECTION('',(0.,1.,0.));
#10756=DIRECTION('center_axis',(1.,0.,0.));
#10757=DIRECTION('ref_axis',(0.,0.,1.));
#10758=DIRECTION('',(0.,1.,0.));
#10759=DIRECTION('center_axis',(0.,1.,0.));
#10760=DIRECTION('ref_axis',(1.,0.,0.));
#10761=DIRECTION('',(0.,1.,0.));
#10762=DIRECTION('center_axis',(0.,0.,1.));
#10763=DIRECTION('ref_axis',(1.,0.,0.));
#10764=DIRECTION('',(0.,1.,0.));
#10765=DIRECTION('center_axis',(0.,1.,0.));
#10766=DIRECTION('ref_axis',(-1.,0.,0.));
#10767=DIRECTION('',(0.,1.,0.));
#10768=DIRECTION('center_axis',(1.,0.,0.));
#10769=DIRECTION('ref_axis',(0.,0.,1.));
#10770=DIRECTION('',(0.,1.,0.));
#10771=DIRECTION('center_axis',(0.,0.,1.));
#10772=DIRECTION('ref_axis',(1.,0.,0.));
#10773=DIRECTION('axis',(0.,0.,1.));
#10774=DIRECTION('refdir',(1.,0.,0.));
#10775=DIRECTION('center_axis',(0.707106781186548,0.,-0.707106781186548));
#10776=DIRECTION('ref_axis',(-0.707106781186548,0.,-0.707106781186548));
#10777=DIRECTION('',(0.707106781186548,-6.15722532817161E-17,0.707106781186548));
#10778=DIRECTION('',(0.,-1.,0.));
#10779=DIRECTION('',(-0.707106781186548,6.15722532817161E-17,-0.707106781186548));
#10780=DIRECTION('',(0.,1.,0.));
#10781=DIRECTION('center_axis',(0.,0.,1.));
#10782=DIRECTION('ref_axis',(-1.,0.,0.));
#10783=DIRECTION('',(-1.,8.70763156568742E-17,0.));
#10784=DIRECTION('',(0.,1.,0.));
#10785=DIRECTION('',(-1.,8.70763156568742E-17,0.));
#10786=DIRECTION('center_axis',(-0.707106781186548,0.,-0.707106781186548));
#10787=DIRECTION('ref_axis',(-0.707106781186548,0.,0.707106781186548));
#10788=DIRECTION('',(0.707106781186548,-6.15722532817161E-17,-0.707106781186548));
#10789=DIRECTION('',(0.,-1.,0.));
#10790=DIRECTION('',(-0.707106781186548,6.15722532817161E-17,0.707106781186548));
#10791=DIRECTION('center_axis',(1.,0.,0.));
#10792=DIRECTION('ref_axis',(0.,0.,1.));
#10793=DIRECTION('',(0.,0.,1.));
#10794=DIRECTION('',(0.,-1.,0.));
#10795=DIRECTION('',(0.,0.,1.));
#10796=DIRECTION('center_axis',(-1.,0.,0.));
#10797=DIRECTION('ref_axis',(0.,0.,-1.));
#10798=DIRECTION('',(0.,0.,-1.));
#10799=DIRECTION('',(0.,1.,0.));
#10800=DIRECTION('',(0.,0.,-1.));
#10801=DIRECTION('center_axis',(8.70763156568742E-17,1.,0.));
#10802=DIRECTION('ref_axis',(-1.,8.70763156568742E-17,0.));
#10803=DIRECTION('',(-1.,8.70763156568742E-17,0.));
#10804=DIRECTION('',(0.,0.,-1.));
#10805=DIRECTION('',(1.,-8.70763156568742E-17,0.));
#10806=DIRECTION('',(0.,0.,1.));
#10807=DIRECTION('',(-1.,8.70763156568742E-17,0.));
#10808=DIRECTION('center_axis',(0.,0.,1.));
#10809=DIRECTION('ref_axis',(-1.,0.,0.));
#10810=DIRECTION('',(-1.,8.70763156568742E-17,0.));
#10811=DIRECTION('center_axis',(0.,0.,1.));
#10812=DIRECTION('ref_axis',(0.999999999999721,-7.47075557762245E-7,0.));
#10813=DIRECTION('',(-3.15367699748595E-15,1.,0.));
#10814=DIRECTION('',(-1.,0.,0.));
#10815=DIRECTION('',(-3.15367699748595E-15,1.,0.));
#10816=DIRECTION('center_axis',(0.,0.,1.));
#10817=DIRECTION('ref_axis',(0.707106781186563,-0.707106781186532,0.));
#10818=DIRECTION('center_axis',(0.,0.,-1.));
#10819=DIRECTION('ref_axis',(0.707106781186563,-0.707106781186532,0.));
#10820=DIRECTION('',(0.,0.,-1.));
#10821=DIRECTION('center_axis',(0.,0.,1.));
#10822=DIRECTION('ref_axis',(0.707106781186563,-0.707106781186532,0.));
#10823=DIRECTION('',(0.,0.,1.));
#10824=DIRECTION('center_axis',(0.,0.,-1.));
#10825=DIRECTION('ref_axis',(-1.,0.,0.));
#10826=DIRECTION('',(-1.,-3.78781973107401E-14,0.));
#10827=DIRECTION('center_axis',(0.,0.,1.));
#10828=DIRECTION('ref_axis',(-0.707106781186533,-0.707106781186562,0.));
#10829=DIRECTION('',(1.67428260310631E-13,1.,0.));
#10830=DIRECTION('',(1.,0.,0.));
#10831=DIRECTION('',(5.82412078491868E-16,-1.,0.));
#10832=DIRECTION('',(1.,3.79024976779001E-14,0.));
#10833=DIRECTION('',(-3.05766341208239E-15,1.,0.));
#10834=DIRECTION('',(1.,0.,0.));
#10835=DIRECTION('',(0.,-1.,0.));
#10836=DIRECTION('center_axis',(3.7965273626397E-14,-1.,0.));
#10837=DIRECTION('ref_axis',(1.,3.7965273626397E-14,0.));
#10838=DIRECTION('',(1.,3.7965273626397E-14,0.));
#10839=DIRECTION('',(0.,0.,1.));
#10840=DIRECTION('center_axis',(0.,0.,1.));
#10841=DIRECTION('ref_axis',(-0.707106781186533,-0.707106781186562,0.));
#10842=DIRECTION('center_axis',(0.,0.,-1.));
#10843=DIRECTION('ref_axis',(-0.707106781186533,-0.707106781186562,0.));
#10844=DIRECTION('',(0.,0.,-1.));
#10845=DIRECTION('center_axis',(0.,1.,0.));
#10846=DIRECTION('ref_axis',(1.,0.,0.));
#10847=DIRECTION('',(0.,0.,-1.));
#10848=DIRECTION('',(0.,0.,-1.));
#10849=DIRECTION('center_axis',(0.,1.,0.));
#10850=DIRECTION('ref_axis',(1.,0.,0.));
#10851=DIRECTION('',(-1.,0.,0.));
#10852=DIRECTION('',(0.,0.,-1.));
#10853=DIRECTION('',(0.,0.,-1.));
#10854=DIRECTION('center_axis',(0.,0.,1.));
#10855=DIRECTION('ref_axis',(-1.,0.,0.));
#10856=DIRECTION('',(5.79246795456587E-16,-1.,0.));
#10857=DIRECTION('',(5.79246795456587E-16,-1.,0.));
#10858=DIRECTION('center_axis',(0.,0.,1.));
#10859=DIRECTION('ref_axis',(7.47070559534245E-7,0.999999999999721,0.));
#10860=DIRECTION('',(-1.,8.70763156568742E-17,0.));
#10861=DIRECTION('center_axis',(-1.,-5.79246795456587E-16,0.));
#10862=DIRECTION('ref_axis',(5.79246795456587E-16,-1.,0.));
#10863=DIRECTION('',(-5.79246795456587E-16,1.,0.));
#10864=DIRECTION('',(0.,0.,-1.));
#10865=DIRECTION('center_axis',(1.,3.15367699748595E-15,0.));
#10866=DIRECTION('ref_axis',(-3.15367699748595E-15,1.,0.));
#10867=DIRECTION('',(3.15367699748595E-15,-1.,0.));
#10868=DIRECTION('',(0.,0.,-1.));
#10869=DIRECTION('center_axis',(3.7965273626397E-14,-1.,0.));
#10870=DIRECTION('ref_axis',(1.,3.7965273626397E-14,0.));
#10871=DIRECTION('',(-1.,-3.7965273626397E-14,0.));
#10872=DIRECTION('center_axis',(0.,0.,1.));
#10873=DIRECTION('ref_axis',(-1.,0.,0.));
#10874=DIRECTION('center_axis',(8.70763156568742E-17,1.,0.));
#10875=DIRECTION('ref_axis',(-1.,8.70763156568742E-17,0.));
#10876=DIRECTION('',(0.,0.,1.));
#10877=DIRECTION('',(-1.,8.70763156568742E-17,0.));
#10878=DIRECTION('',(0.,0.,1.));
#10879=DIRECTION('center_axis',(0.,0.,1.));
#10880=DIRECTION('ref_axis',(0.999999999999721,-7.47075557762245E-7,0.));
#10881=DIRECTION('center_axis',(0.,0.,1.));
#10882=DIRECTION('ref_axis',(0.999999999999721,-7.47075557762245E-7,0.));
#10883=DIRECTION('',(0.,0.,1.));
#10884=DIRECTION('center_axis',(1.,3.15367699748595E-15,0.));
#10885=DIRECTION('ref_axis',(-3.15367699748595E-15,1.,0.));
#10886=DIRECTION('',(-3.15367699748595E-15,1.,0.));
#10887=DIRECTION('center_axis',(-1.,-5.79246795456587E-16,0.));
#10888=DIRECTION('ref_axis',(5.79246795456587E-16,-1.,0.));
#10889=DIRECTION('',(5.79246795456587E-16,-1.,0.));
#10890=DIRECTION('',(0.,0.,1.));
#10891=DIRECTION('center_axis',(0.,0.,1.));
#10892=DIRECTION('ref_axis',(7.47070559534245E-7,0.999999999999721,0.));
#10893=DIRECTION('center_axis',(0.,0.,1.));
#10894=DIRECTION('ref_axis',(7.47070559534245E-7,0.999999999999721,0.));
#10895=DIRECTION('center_axis',(0.,0.,1.));
#10896=DIRECTION('ref_axis',(-1.,0.,0.));
#10897=DIRECTION('axis',(0.,0.,1.));
#10898=DIRECTION('refdir',(1.,0.,0.));
#10899=DIRECTION('center_axis',(0.,0.,1.));
#10900=DIRECTION('ref_axis',(-1.,0.,0.));
#10901=DIRECTION('center_axis',(2.14613331474778E-15,0.,1.));
#10902=DIRECTION('ref_axis',(-1.,0.,2.41742194030593E-15));
#10903=DIRECTION('',(-0.70710678118655,8.65956056235497E-17,-0.707106781186545));
#10904=DIRECTION('center_axis',(-2.14613331474778E-15,0.,-1.));
#10905=DIRECTION('ref_axis',(-1.,0.,0.));
#10906=DIRECTION('center_axis',(-0.0695873743168807,-0.0695873743172861,
-0.99514581578345));
#10907=DIRECTION('ref_axis',(-0.703674354607847,-0.703674354611946,0.0984114085291533));
#10908=DIRECTION('',(0.0695873743168807,0.069587374317286,0.99514581578345));
#10909=DIRECTION('center_axis',(0.,0.,-1.));
#10910=DIRECTION('ref_axis',(-0.707106781184488,-0.707106781188607,0.));
#10911=DIRECTION('',(-0.0695873743168807,-0.069587374317286,-0.99514581578345));
#10912=DIRECTION('center_axis',(-8.96653962041326E-12,0.997564050259824,
-0.0697564737441253));
#10913=DIRECTION('ref_axis',(1.,8.9884349963071E-12,0.));
#10914=DIRECTION('center_axis',(-8.96653962041326E-12,0.997564050259824,
-0.0697564737441253));
#10915=DIRECTION('ref_axis',(0.,-0.0697564737441253,-0.997564050259824));
#10916=DIRECTION('',(-1.,-8.9884349963071E-12,0.));
#10917=DIRECTION('',(0.55825561223313,0.0578747847383215,0.827647981150022));
#10918=DIRECTION('center_axis',(0.829037572555042,-4.6020830066836E-16,
-0.559192903470747));
#10919=DIRECTION('ref_axis',(-5.55111512316658E-16,-1.,0.));
#10920=DIRECTION('center_axis',(0.829037572555042,-4.6020830066836E-16,
-0.559192903470747));
#10921=DIRECTION('ref_axis',(0.,-1.,8.22986661332756E-16));
#10922=DIRECTION('',(-5.55111512316658E-16,-1.,0.));
#10923=DIRECTION('',(-0.558255612233155,0.0578747847375471,-0.827647981150059));
#10924=DIRECTION('center_axis',(-7.57823047397202E-12,-0.997564050259824,
-0.0697564737441253));
#10925=DIRECTION('ref_axis',(-1.,7.59673574042509E-12,0.));
#10926=DIRECTION('center_axis',(-7.57823047397202E-12,-0.997564050259824,
-0.0697564737441253));
#10927=DIRECTION('ref_axis',(0.,-0.0697564737441253,0.997564050259824));
#10928=DIRECTION('',(1.,-7.59673574042509E-12,0.));
#10929=DIRECTION('',(0.06958737431737,-0.0695873743171873,0.995145815783423));
#10930=DIRECTION('center_axis',(-0.0695873743173701,0.0695873743171873,
-0.995145815783423));
#10931=DIRECTION('ref_axis',(-0.703674354610801,0.703674354608953,0.0984114085294295));
#10932=DIRECTION('center_axis',(0.,0.,-1.));
#10933=DIRECTION('ref_axis',(-0.707106781187476,0.707106781185619,0.));
#10934=DIRECTION('',(-0.06958737431737,0.0695873743171873,-0.995145815783423));
#10935=DIRECTION('center_axis',(0.997564050259824,1.01977887885675E-11,
-0.0697564737441253));
#10936=DIRECTION('ref_axis',(1.02226907494425E-11,-1.,0.));
#10937=DIRECTION('center_axis',(0.997564050259824,1.01977887885675E-11,
-0.0697564737441253));
#10938=DIRECTION('ref_axis',(0.0697564737441253,0.,0.997564050259824));
#10939=DIRECTION('',(-1.02226907494425E-11,1.,0.));
#10940=DIRECTION('',(0.057874784739007,-0.558255612233133,0.827647981149972));
#10941=DIRECTION('center_axis',(-5.24637462761599E-13,-0.829037572555042,
-0.559192903470747));
#10942=DIRECTION('ref_axis',(-1.,6.32827124040589E-13,5.04870979341448E-29));
#10943=DIRECTION('center_axis',(-5.24637462761599E-13,-0.829037572555042,
-0.559192903470747));
#10944=DIRECTION('ref_axis',(0.,-0.559192903470747,0.829037572555042));
#10945=DIRECTION('',(-1.,6.3282712404059E-13,0.));
#10946=DIRECTION('',(0.0578747847349006,0.558255612233215,-0.827647981150203));
#10947=DIRECTION('center_axis',(-0.997564050259824,2.83109436279614E-12,
-0.0697564737441253));
#10948=DIRECTION('ref_axis',(2.83800760668826E-12,1.,0.));
#10949=DIRECTION('center_axis',(-0.997564050259824,2.83109436279614E-12,
-0.0697564737441253));
#10950=DIRECTION('ref_axis',(0.0697564737441253,0.,-0.997564050259824));
#10951=DIRECTION('',(-2.83800760668826E-12,-1.,0.));
#10952=DIRECTION('',(-0.0695873743168576,-0.0695873743174093,0.995145815783443));
#10953=DIRECTION('center_axis',(0.0695873743168907,-0.0695873743166933,
-0.995145815783491));
#10954=DIRECTION('ref_axis',(0.703674354610923,-0.703674354608927,0.0984114085287411));
#10955=DIRECTION('',(-0.0695873743168907,0.0695873743166933,0.995145815783491));
#10956=DIRECTION('center_axis',(0.,0.,-1.));
#10957=DIRECTION('ref_axis',(0.70710678118755,-0.707106781185545,0.));
#10958=DIRECTION('',(0.0695873743168907,-0.0695873743166933,-0.995145815783491));
#10959=DIRECTION('center_axis',(-0.997564050259824,-3.25783511454537E-12,
-0.0697564737441253));
#10960=DIRECTION('ref_axis',(-3.26579041586036E-12,1.,0.));
#10961=DIRECTION('center_axis',(-0.997564050259824,-3.25783511454537E-12,
-0.0697564737441253));
#10962=DIRECTION('ref_axis',(0.0697564737441253,0.,-0.997564050259824));
#10963=DIRECTION('',(3.26579041586036E-12,-1.,0.));
#10964=DIRECTION('',(-0.0578747847351363,0.558255612233258,0.827647981150158));
#10965=DIRECTION('center_axis',(0.0695873743168576,0.0695873743174094,-0.995145815783443));
#10966=DIRECTION('ref_axis',(0.703674354607102,0.703674354612681,0.0984114085292225));
#10967=DIRECTION('center_axis',(0.,0.,-1.));
#10968=DIRECTION('ref_axis',(0.707106781183744,0.707106781189351,0.));
#10969=DIRECTION('',(0.0695873743168576,0.0695873743174093,-0.995145815783443));
#10970=DIRECTION('center_axis',(1.07402652315994E-11,-0.997564050259824,
-0.0697564737441254));
#10971=DIRECTION('ref_axis',(-1.,-1.07664918646598E-11,0.));
#10972=DIRECTION('center_axis',(1.07402652315994E-11,-0.997564050259824,
-0.0697564737441254));
#10973=DIRECTION('ref_axis',(0.,-0.0697564737441253,0.997564050259824));
#10974=DIRECTION('',(1.,1.07664918646598E-11,0.));
#10975=DIRECTION('',(-0.558255612233097,-0.0578747847393108,0.827647981149974));
#10976=DIRECTION('center_axis',(0.997564050259824,-3.15597801541677E-12,
-0.0697564737441253));
#10977=DIRECTION('ref_axis',(-3.16368459207684E-12,-1.,0.));
#10978=DIRECTION('center_axis',(0.997564050259824,-3.15597801541677E-12,
-0.0697564737441253));
#10979=DIRECTION('ref_axis',(0.0697564737441253,0.,0.997564050259824));
#10980=DIRECTION('',(-0.0578747847350818,-0.558255612233209,-0.827647981150194));
#10981=DIRECTION('',(3.16368459207684E-12,1.,0.));
#10982=DIRECTION('center_axis',(5.24637462761492E-13,0.829037572555042,
-0.559192903470747));
#10983=DIRECTION('ref_axis',(1.,-6.32827124040461E-13,0.));
#10984=DIRECTION('center_axis',(5.24637462761492E-13,0.829037572555042,
-0.559192903470747));
#10985=DIRECTION('ref_axis',(0.,-0.559192903470747,-0.829037572555042));
#10986=DIRECTION('',(1.,-6.32827124040461E-13,0.));
#10987=DIRECTION('center_axis',(4.2736373095072E-13,0.997564050259824,-0.0697564737441253));
#10988=DIRECTION('ref_axis',(1.,-4.28407309625291E-13,0.));
#10989=DIRECTION('center_axis',(4.2736373095072E-13,0.997564050259824,-0.0697564737441253));
#10990=DIRECTION('ref_axis',(0.,-0.0697564737441253,-0.997564050259824));
#10991=DIRECTION('',(0.558255612233284,-0.0578747847335588,-0.82764798115025));
#10992=DIRECTION('',(-1.,4.28407309625291E-13,0.));
#10993=DIRECTION('center_axis',(-0.829037572555042,4.60208300665002E-16,
-0.559192903470747));
#10994=DIRECTION('ref_axis',(5.55111512312607E-16,1.,0.));
#10995=DIRECTION('center_axis',(-0.829037572555042,4.60208300665002E-16,
-0.559192903470747));
#10996=DIRECTION('ref_axis',(0.,-1.,-8.22986661326751E-16));
#10997=DIRECTION('',(5.55111512312607E-16,1.,0.));
#10998=DIRECTION('center_axis',(-0.829037572555042,4.60208300665002E-16,
-0.559192903470747));
#10999=DIRECTION('ref_axis',(0.,-1.,-8.22986661326751E-16));
#11000=DIRECTION('center_axis',(0.,0.,1.));
#11001=DIRECTION('ref_axis',(1.,0.,0.));
#11002=DIRECTION('center_axis',(-2.14613331474778E-15,0.,-1.));
#11003=DIRECTION('ref_axis',(-1.,0.,2.41742194030593E-15));
#11004=DIRECTION('center_axis',(-2.14613331474778E-15,0.,-1.));
#11005=DIRECTION('ref_axis',(1.,0.,-2.14613331474778E-15));
#11006=DIRECTION('',(2.14613331474778E-15,0.,1.));
#11007=DIRECTION('center_axis',(-2.14613331474778E-15,0.,-1.));
#11008=DIRECTION('ref_axis',(1.,0.,-2.14613331474778E-15));
#11009=DIRECTION('center_axis',(2.14613331474778E-15,0.,1.));
#11010=DIRECTION('ref_axis',(1.,0.,-2.14613331474778E-15));
#11011=DIRECTION('center_axis',(-2.14613331474778E-15,0.,-1.));
#11012=DIRECTION('ref_axis',(-1.,0.,2.41742194030593E-15));
#11013=DIRECTION('center_axis',(-2.14613331474778E-15,0.,-1.));
#11014=DIRECTION('ref_axis',(-1.,0.,2.41742194030593E-15));
#11015=DIRECTION('',(2.14613331474778E-15,0.,1.));
#11016=DIRECTION('center_axis',(-2.14613331474778E-15,0.,-1.));
#11017=DIRECTION('ref_axis',(-1.,0.,2.14613331474778E-15));
#11018=DIRECTION('center_axis',(6.12323399573677E-17,0.,1.));
#11019=DIRECTION('ref_axis',(1.,0.,0.));
#11020=DIRECTION('center_axis',(1.22464679914735E-16,-1.,0.));
#11021=DIRECTION('ref_axis',(-1.,-1.22464679914735E-16,0.));
#11022=DIRECTION('center_axis',(-2.14613331474778E-15,0.,-1.));
#11023=DIRECTION('ref_axis',(1.,0.,-2.14613331474778E-15));
#11024=DIRECTION('center_axis',(-2.14613331474778E-15,0.,-1.));
#11025=DIRECTION('ref_axis',(1.,0.,-2.14613331474778E-15));
#11026=DIRECTION('center_axis',(-2.14613331474778E-15,0.,-1.));
#11027=DIRECTION('ref_axis',(-1.,0.,2.41742194030593E-15));
#11028=DIRECTION('center_axis',(-2.14613331474778E-15,0.,-1.));
#11029=DIRECTION('ref_axis',(1.,0.,-2.14613331474778E-15));
#11030=DIRECTION('',(-0.0871557427476527,1.06735001383226E-17,0.996194698091746));
#11031=DIRECTION('center_axis',(-2.14613331474778E-15,0.,-1.));
#11032=DIRECTION('ref_axis',(-1.,0.,2.14613331474778E-15));
#11033=DIRECTION('',(0.,0.,1.));
#11034=DIRECTION('',(1.110223024625E-16,1.,0.));
#11035=DIRECTION('',(0.,0.,1.));
#11036=DIRECTION('',(1.110223024625E-16,-1.,0.));
#11037=DIRECTION('',(0.,0.,1.));
#11038=DIRECTION('',(1.,0.,0.));
#11039=DIRECTION('',(0.,0.,1.));
#11040=DIRECTION('',(1.,0.,0.));
#11041=DIRECTION('',(0.,0.,1.));
#11042=DIRECTION('',(1.,0.,0.));
#11043=DIRECTION('',(0.,0.,-1.));
#11044=DIRECTION('',(1.,0.,0.));
#11045=DIRECTION('',(0.,0.,-1.));
#11046=DIRECTION('',(1.,0.,0.));
#11047=CARTESIAN_POINT('',(0.,0.,0.));
#11048=CARTESIAN_POINT('',(0.,0.,0.));
#11049=CARTESIAN_POINT('Origin',(4.04,1.27,0.254));
#11050=CARTESIAN_POINT('',(4.04,1.27,0.254));
#11051=CARTESIAN_POINT('',(6.58,1.27,0.254));
#11052=CARTESIAN_POINT('',(4.04,1.27,0.254));
#11053=CARTESIAN_POINT('',(6.58,1.016,0.));
#11054=CARTESIAN_POINT('',(6.58,1.27,0.254));
#11055=CARTESIAN_POINT('',(4.04,1.016,0.));
#11056=CARTESIAN_POINT('',(4.04,1.016,0.));
#11057=CARTESIAN_POINT('',(4.04,1.27,0.254));
#11058=CARTESIAN_POINT('Origin',(4.04,1.27,4.826));
#11059=CARTESIAN_POINT('',(4.04,1.27,4.826));
#11060=CARTESIAN_POINT('',(6.58,1.27,4.826));
#11061=CARTESIAN_POINT('',(4.04,1.27,4.826));
#11062=CARTESIAN_POINT('',(6.58,1.27,4.826));
#11063=CARTESIAN_POINT('',(4.04,1.27,4.826));
#11064=CARTESIAN_POINT('Origin',(4.04,1.016,0.));
#11065=CARTESIAN_POINT('',(6.58,-1.016,0.));
#11066=CARTESIAN_POINT('',(6.58,1.016,0.));
#11067=CARTESIAN_POINT('',(4.04,-1.016,0.));
#11068=CARTESIAN_POINT('',(4.04,-1.016,0.));
#11069=CARTESIAN_POINT('',(4.04,1.016,0.));
#11070=CARTESIAN_POINT('Origin',(4.04,-7.62,2.54));
#11071=CARTESIAN_POINT('',(4.04,-1.27,0.254));
#11072=CARTESIAN_POINT('',(4.04,-1.016,0.));
#11073=CARTESIAN_POINT('',(4.04,-1.524,0.));
#11074=CARTESIAN_POINT('',(4.04,-1.27,0.254));
#11075=CARTESIAN_POINT('',(4.04,-3.556,0.));
#11076=CARTESIAN_POINT('',(4.04,-1.524,0.));
#11077=CARTESIAN_POINT('',(4.04,-3.81,0.254));
#11078=CARTESIAN_POINT('',(4.04,-3.556,0.));
#11079=CARTESIAN_POINT('',(4.04,-4.064,0.));
#11080=CARTESIAN_POINT('',(4.04,-3.81,0.254));
#11081=CARTESIAN_POINT('',(4.04,-6.096,0.));
#11082=CARTESIAN_POINT('',(4.04,-4.064,0.));
#11083=CARTESIAN_POINT('',(4.04,-6.35,0.254));
#11084=CARTESIAN_POINT('',(4.04,-6.096,0.));
#11085=CARTESIAN_POINT('',(4.04,-6.604,0.));
#11086=CARTESIAN_POINT('',(4.04,-6.35,0.254));
#11087=CARTESIAN_POINT('',(4.04,-8.636,0.));
#11088=CARTESIAN_POINT('',(4.04,-6.604,0.));
#11089=CARTESIAN_POINT('',(4.04,-8.89,0.254));
#11090=CARTESIAN_POINT('',(4.04,-8.636,0.));
#11091=CARTESIAN_POINT('',(4.04,-9.144,0.));
#11092=CARTESIAN_POINT('',(4.04,-8.89,0.254));
#11093=CARTESIAN_POINT('',(4.04,-11.176,0.));
#11094=CARTESIAN_POINT('',(4.04,-9.144,0.));
#11095=CARTESIAN_POINT('',(4.04,-11.43,0.254));
#11096=CARTESIAN_POINT('',(4.04,-11.176,0.));
#11097=CARTESIAN_POINT('',(4.04,-11.684,0.));
#11098=CARTESIAN_POINT('',(4.04,-11.43,0.254));
#11099=CARTESIAN_POINT('',(4.04,-13.716,0.));
#11100=CARTESIAN_POINT('',(4.04,-11.684,0.));
#11101=CARTESIAN_POINT('',(4.04,-13.97,0.254));
#11102=CARTESIAN_POINT('',(4.04,-13.716,0.));
#11103=CARTESIAN_POINT('',(4.04,-14.224,0.));
#11104=CARTESIAN_POINT('',(4.04,-13.97,0.254));
#11105=CARTESIAN_POINT('',(4.04,-16.256,0.));
#11106=CARTESIAN_POINT('',(4.04,-14.224,0.));
#11107=CARTESIAN_POINT('',(4.04,-16.51,0.254));
#11108=CARTESIAN_POINT('',(4.04,-16.256,0.));
#11109=CARTESIAN_POINT('',(4.04,-16.51,4.826));
#11110=CARTESIAN_POINT('',(4.04,-16.51,0.254));
#11111=CARTESIAN_POINT('',(4.04,-16.256,5.08));
#11112=CARTESIAN_POINT('',(4.04,-16.51,4.826));
#11113=CARTESIAN_POINT('',(4.04,-14.224,5.08));
#11114=CARTESIAN_POINT('',(4.04,-16.256,5.08));
#11115=CARTESIAN_POINT('',(4.04,-13.97,4.826));
#11116=CARTESIAN_POINT('',(4.04,-14.224,5.08));
#11117=CARTESIAN_POINT('',(4.04,-13.716,5.08));
#11118=CARTESIAN_POINT('',(4.04,-13.97,4.826));
#11119=CARTESIAN_POINT('',(4.04,-11.684,5.08));
#11120=CARTESIAN_POINT('',(4.04,-13.716,5.08));
#11121=CARTESIAN_POINT('',(4.04,-11.43,4.826));
#11122=CARTESIAN_POINT('',(4.04,-11.684,5.08));
#11123=CARTESIAN_POINT('',(4.04,-11.176,5.08));
#11124=CARTESIAN_POINT('',(4.04,-11.43,4.826));
#11125=CARTESIAN_POINT('',(4.04,-9.144,5.08));
#11126=CARTESIAN_POINT('',(4.04,-11.176,5.08));
#11127=CARTESIAN_POINT('',(4.04,-8.89,4.826));
#11128=CARTESIAN_POINT('',(4.04,-9.144,5.08));
#11129=CARTESIAN_POINT('',(4.04,-8.636,5.08));
#11130=CARTESIAN_POINT('',(4.04,-8.89,4.826));
#11131=CARTESIAN_POINT('',(4.04,-6.604,5.08));
#11132=CARTESIAN_POINT('',(4.04,-8.636,5.08));
#11133=CARTESIAN_POINT('',(4.04,-6.35,4.826));
#11134=CARTESIAN_POINT('',(4.04,-6.604,5.08));
#11135=CARTESIAN_POINT('',(4.04,-6.096,5.08));
#11136=CARTESIAN_POINT('',(4.04,-6.35,4.826));
#11137=CARTESIAN_POINT('',(4.04,-4.064,5.08));
#11138=CARTESIAN_POINT('',(4.04,-6.096,5.08));
#11139=CARTESIAN_POINT('',(4.04,-3.81,4.826));
#11140=CARTESIAN_POINT('',(4.04,-4.064,5.08));
#11141=CARTESIAN_POINT('',(4.04,-3.556,5.08));
#11142=CARTESIAN_POINT('',(4.04,-3.81,4.826));
#11143=CARTESIAN_POINT('',(4.04,-1.524,5.08));
#11144=CARTESIAN_POINT('',(4.04,-3.556,5.08));
#11145=CARTESIAN_POINT('',(4.04,-1.27,4.826));
#11146=CARTESIAN_POINT('',(4.04,-1.524,5.08));
#11147=CARTESIAN_POINT('',(4.04,-1.016,5.08));
#11148=CARTESIAN_POINT('',(4.04,-1.27,4.826));
#11149=CARTESIAN_POINT('',(4.04,1.016,5.08));
#11150=CARTESIAN_POINT('',(4.04,-1.016,5.08));
#11151=CARTESIAN_POINT('',(4.04,1.016,5.08));
#11152=CARTESIAN_POINT('',(4.04,-13.02,4.13));
#11153=CARTESIAN_POINT('',(4.04,-12.38,4.13));
#11154=CARTESIAN_POINT('',(4.04,-10.,4.13));
#11155=CARTESIAN_POINT('',(4.04,-13.02,3.49));
#11156=CARTESIAN_POINT('',(4.04,-13.02,2.545602845731));
#11157=CARTESIAN_POINT('',(4.04,-12.38,3.49));
#11158=CARTESIAN_POINT('',(4.04,-10.,3.49));
#11159=CARTESIAN_POINT('',(4.04,-12.38,2.545602845731));
#11160=CARTESIAN_POINT('',(4.04,-9.84,3.49));
#11161=CARTESIAN_POINT('',(4.04,-10.48,3.49));
#11162=CARTESIAN_POINT('',(4.04,-8.73,3.49));
#11163=CARTESIAN_POINT('',(4.04,-9.84,4.13));
#11164=CARTESIAN_POINT('',(4.04,-9.84,2.545602845731));
#11165=CARTESIAN_POINT('',(4.04,-10.48,4.13));
#11166=CARTESIAN_POINT('',(4.04,-8.73,4.13));
#11167=CARTESIAN_POINT('',(4.04,-10.48,2.545602845731));
#11168=CARTESIAN_POINT('',(4.04,-4.76,3.49));
#11169=CARTESIAN_POINT('',(4.04,-5.4,3.49));
#11170=CARTESIAN_POINT('',(4.04,-6.19,3.49));
#11171=CARTESIAN_POINT('',(4.04,-4.76,4.13));
#11172=CARTESIAN_POINT('',(4.04,-4.76,2.545602845731));
#11173=CARTESIAN_POINT('',(4.04,-5.4,4.13));
#11174=CARTESIAN_POINT('',(4.04,-6.19,4.13));
#11175=CARTESIAN_POINT('',(4.04,-5.4,2.545602845731));
#11176=CARTESIAN_POINT('',(4.04,-7.3,4.13));
#11177=CARTESIAN_POINT('',(4.04,-7.3,3.49));
#11178=CARTESIAN_POINT('',(4.04,-7.3,2.545602845731));
#11179=CARTESIAN_POINT('',(4.04,-7.94,4.13));
#11180=CARTESIAN_POINT('',(4.04,-7.46,4.13));
#11181=CARTESIAN_POINT('',(4.04,-7.94,3.49));
#11182=CARTESIAN_POINT('',(4.04,-7.94,2.545602845731));
#11183=CARTESIAN_POINT('',(4.04,-7.46,3.49));
#11184=CARTESIAN_POINT('',(4.04,-4.76,0.95));
#11185=CARTESIAN_POINT('',(4.04,-5.4,0.95));
#11186=CARTESIAN_POINT('',(4.04,-6.19,0.95));
#11187=CARTESIAN_POINT('',(4.04,-4.76,1.59));
#11188=CARTESIAN_POINT('',(4.04,-4.76,1.559540133779));
#11189=CARTESIAN_POINT('',(4.04,-5.4,1.59));
#11190=CARTESIAN_POINT('',(4.04,-6.19,1.59));
#11191=CARTESIAN_POINT('',(4.04,-5.4,1.559540133779));
#11192=CARTESIAN_POINT('',(4.04,-7.94,1.59));
#11193=CARTESIAN_POINT('',(4.04,-7.3,1.59));
#11194=CARTESIAN_POINT('',(4.04,-7.46,1.59));
#11195=CARTESIAN_POINT('',(4.04,-7.94,0.95));
#11196=CARTESIAN_POINT('',(4.04,-7.94,1.559540133779));
#11197=CARTESIAN_POINT('',(4.04,-7.3,0.95));
#11198=CARTESIAN_POINT('',(4.04,-7.46,0.95));
#11199=CARTESIAN_POINT('',(4.04,-7.3,1.559540133779));
#11200=CARTESIAN_POINT('',(4.04,-10.48,1.59));
#11201=CARTESIAN_POINT('',(4.04,-9.84,1.59));
#11202=CARTESIAN_POINT('',(4.04,-8.73,1.59));
#11203=CARTESIAN_POINT('',(4.04,-10.48,0.95));
#11204=CARTESIAN_POINT('',(4.04,-10.48,1.559540133779));
#11205=CARTESIAN_POINT('',(4.04,-9.84,0.95));
#11206=CARTESIAN_POINT('',(4.04,-8.73,0.95));
#11207=CARTESIAN_POINT('',(4.04,-9.84,1.559540133779));
#11208=CARTESIAN_POINT('',(4.04,-12.38,0.95));
#11209=CARTESIAN_POINT('',(4.04,-13.02,0.95));
#11210=CARTESIAN_POINT('',(4.04,-10.,0.95));
#11211=CARTESIAN_POINT('',(4.04,-12.38,1.59));
#11212=CARTESIAN_POINT('',(4.04,-12.38,1.559540133779));
#11213=CARTESIAN_POINT('',(4.04,-13.02,1.59));
#11214=CARTESIAN_POINT('',(4.04,-10.,1.59));
#11215=CARTESIAN_POINT('',(4.04,-13.02,1.559540133779));
#11216=CARTESIAN_POINT('',(4.04,-14.92,0.95));
#11217=CARTESIAN_POINT('',(4.04,-15.56,0.95));
#11218=CARTESIAN_POINT('',(4.04,-11.27,0.95));
#11219=CARTESIAN_POINT('',(4.04,-14.92,1.59));
#11220=CARTESIAN_POINT('',(4.04,-14.92,1.559540133779));
#11221=CARTESIAN_POINT('',(4.04,-15.56,1.59));
#11222=CARTESIAN_POINT('',(4.04,-11.27,1.59));
#11223=CARTESIAN_POINT('',(4.04,-15.56,1.559540133779));
#11224=CARTESIAN_POINT('',(4.04,-15.56,4.13));
#11225=CARTESIAN_POINT('',(4.04,-14.92,4.13));
#11226=CARTESIAN_POINT('',(4.04,-11.27,4.13));
#11227=CARTESIAN_POINT('',(4.04,-15.56,3.49));
#11228=CARTESIAN_POINT('',(4.04,-15.56,2.545602845731));
#11229=CARTESIAN_POINT('',(4.04,-14.92,3.49));
#11230=CARTESIAN_POINT('',(4.04,-11.27,3.49));
#11231=CARTESIAN_POINT('',(4.04,-14.92,2.545602845731));
#11232=CARTESIAN_POINT('',(4.04,-2.22,4.13));
#11233=CARTESIAN_POINT('',(4.04,-2.22,3.49));
#11234=CARTESIAN_POINT('',(4.04,-2.22,2.545602845731));
#11235=CARTESIAN_POINT('',(4.04,-2.86,4.13));
#11236=CARTESIAN_POINT('',(4.04,-4.92,4.13));
#11237=CARTESIAN_POINT('',(4.04,-2.86,3.49));
#11238=CARTESIAN_POINT('',(4.04,-2.86,2.545602845731));
#11239=CARTESIAN_POINT('',(4.04,-4.92,3.49));
#11240=CARTESIAN_POINT('',(4.04,-2.86,1.59));
#11241=CARTESIAN_POINT('',(4.04,-2.22,1.59));
#11242=CARTESIAN_POINT('',(4.04,-4.92,1.59));
#11243=CARTESIAN_POINT('',(4.04,-2.86,0.95));
#11244=CARTESIAN_POINT('',(4.04,-2.86,1.559540133779));
#11245=CARTESIAN_POINT('',(4.04,-2.22,0.95));
#11246=CARTESIAN_POINT('',(4.04,-4.92,0.95));
#11247=CARTESIAN_POINT('',(4.04,-2.22,1.559540133779));
#11248=CARTESIAN_POINT('',(4.04,0.32,4.13));
#11249=CARTESIAN_POINT('',(4.04,0.32,3.49));
#11250=CARTESIAN_POINT('',(4.04,0.32,2.545602845731));
#11251=CARTESIAN_POINT('',(4.04,-0.32,4.13));
#11252=CARTESIAN_POINT('',(4.04,-3.65,4.13));
#11253=CARTESIAN_POINT('',(4.04,-0.32,3.49));
#11254=CARTESIAN_POINT('',(4.04,-0.32,2.545602845731));
#11255=CARTESIAN_POINT('',(4.04,-3.65,3.49));
#11256=CARTESIAN_POINT('',(4.04,0.32,1.59));
#11257=CARTESIAN_POINT('',(4.04,0.32,0.95));
#11258=CARTESIAN_POINT('',(4.04,0.32,1.559540133779));
#11259=CARTESIAN_POINT('',(4.04,-0.32,1.59));
#11260=CARTESIAN_POINT('',(4.04,-3.65,1.59));
#11261=CARTESIAN_POINT('',(4.04,-0.32,0.95));
#11262=CARTESIAN_POINT('',(4.04,-0.32,1.559540133779));
#11263=CARTESIAN_POINT('',(4.04,-3.65,0.95));
#11264=CARTESIAN_POINT('Origin',(6.58,-7.62,2.54));
#11265=CARTESIAN_POINT('',(6.58,1.016,5.08));
#11266=CARTESIAN_POINT('',(6.58,1.016,5.08));
#11267=CARTESIAN_POINT('',(6.58,-1.016,5.08));
#11268=CARTESIAN_POINT('',(6.58,-1.016,5.08));
#11269=CARTESIAN_POINT('',(6.58,-1.27,4.826));
#11270=CARTESIAN_POINT('',(6.58,-1.27,4.826));
#11271=CARTESIAN_POINT('',(6.58,-1.524,5.08));
#11272=CARTESIAN_POINT('',(6.58,-1.524,5.08));
#11273=CARTESIAN_POINT('',(6.58,-3.556,5.08));
#11274=CARTESIAN_POINT('',(6.58,-3.556,5.08));
#11275=CARTESIAN_POINT('',(6.58,-3.81,4.826));
#11276=CARTESIAN_POINT('',(6.58,-3.81,4.826));
#11277=CARTESIAN_POINT('',(6.58,-4.064,5.08));
#11278=CARTESIAN_POINT('',(6.58,-4.064,5.08));
#11279=CARTESIAN_POINT('',(6.58,-6.096,5.08));
#11280=CARTESIAN_POINT('',(6.58,-6.096,5.08));
#11281=CARTESIAN_POINT('',(6.58,-6.35,4.826));
#11282=CARTESIAN_POINT('',(6.58,-6.35,4.826));
#11283=CARTESIAN_POINT('',(6.58,-6.604,5.08));
#11284=CARTESIAN_POINT('',(6.58,-6.604,5.08));
#11285=CARTESIAN_POINT('',(6.58,-8.636,5.08));
#11286=CARTESIAN_POINT('',(6.58,-8.636,5.08));
#11287=CARTESIAN_POINT('',(6.58,-8.89,4.826));
#11288=CARTESIAN_POINT('',(6.58,-8.89,4.826));
#11289=CARTESIAN_POINT('',(6.58,-9.144,5.08));
#11290=CARTESIAN_POINT('',(6.58,-9.144,5.08));
#11291=CARTESIAN_POINT('',(6.58,-11.176,5.08));
#11292=CARTESIAN_POINT('',(6.58,-11.176,5.08));
#11293=CARTESIAN_POINT('',(6.58,-11.43,4.826));
#11294=CARTESIAN_POINT('',(6.58,-11.43,4.826));
#11295=CARTESIAN_POINT('',(6.58,-11.684,5.08));
#11296=CARTESIAN_POINT('',(6.58,-11.684,5.08));
#11297=CARTESIAN_POINT('',(6.58,-13.716,5.08));
#11298=CARTESIAN_POINT('',(6.58,-13.716,5.08));
#11299=CARTESIAN_POINT('',(6.58,-13.97,4.826));
#11300=CARTESIAN_POINT('',(6.58,-13.97,4.826));
#11301=CARTESIAN_POINT('',(6.58,-14.224,5.08));
#11302=CARTESIAN_POINT('',(6.58,-14.224,5.08));
#11303=CARTESIAN_POINT('',(6.58,-16.256,5.08));
#11304=CARTESIAN_POINT('',(6.58,-16.256,5.08));
#11305=CARTESIAN_POINT('',(6.58,-16.51,4.826));
#11306=CARTESIAN_POINT('',(6.58,-16.51,4.826));
#11307=CARTESIAN_POINT('',(6.58,-16.51,0.254));
#11308=CARTESIAN_POINT('',(6.58,-16.51,0.254));
#11309=CARTESIAN_POINT('',(6.58,-16.256,0.));
#11310=CARTESIAN_POINT('',(6.58,-16.256,0.));
#11311=CARTESIAN_POINT('',(6.58,-14.224,0.));
#11312=CARTESIAN_POINT('',(6.58,-14.224,0.));
#11313=CARTESIAN_POINT('',(6.58,-13.97,0.254));
#11314=CARTESIAN_POINT('',(6.58,-13.97,0.254));
#11315=CARTESIAN_POINT('',(6.58,-13.716,0.));
#11316=CARTESIAN_POINT('',(6.58,-13.716,0.));
#11317=CARTESIAN_POINT('',(6.58,-11.684,0.));
#11318=CARTESIAN_POINT('',(6.58,-11.684,0.));
#11319=CARTESIAN_POINT('',(6.58,-11.43,0.254));
#11320=CARTESIAN_POINT('',(6.58,-11.43,0.254));
#11321=CARTESIAN_POINT('',(6.58,-11.176,0.));
#11322=CARTESIAN_POINT('',(6.58,-11.176,0.));
#11323=CARTESIAN_POINT('',(6.58,-9.144,0.));
#11324=CARTESIAN_POINT('',(6.58,-9.144,0.));
#11325=CARTESIAN_POINT('',(6.58,-8.89,0.254));
#11326=CARTESIAN_POINT('',(6.58,-8.89,0.254));
#11327=CARTESIAN_POINT('',(6.58,-8.636,0.));
#11328=CARTESIAN_POINT('',(6.58,-8.636,0.));
#11329=CARTESIAN_POINT('',(6.58,-6.604,0.));
#11330=CARTESIAN_POINT('',(6.58,-6.604,0.));
#11331=CARTESIAN_POINT('',(6.58,-6.35,0.254));
#11332=CARTESIAN_POINT('',(6.58,-6.35,0.254));
#11333=CARTESIAN_POINT('',(6.58,-6.096,0.));
#11334=CARTESIAN_POINT('',(6.58,-6.096,0.));
#11335=CARTESIAN_POINT('',(6.58,-4.064,0.));
#11336=CARTESIAN_POINT('',(6.58,-4.064,0.));
#11337=CARTESIAN_POINT('',(6.58,-3.81,0.254));
#11338=CARTESIAN_POINT('',(6.58,-3.81,0.254));
#11339=CARTESIAN_POINT('',(6.58,-3.556,0.));
#11340=CARTESIAN_POINT('',(6.58,-3.556,0.));
#11341=CARTESIAN_POINT('',(6.58,-1.524,0.));
#11342=CARTESIAN_POINT('',(6.58,-1.524,0.));
#11343=CARTESIAN_POINT('',(6.58,-1.27,0.254));
#11344=CARTESIAN_POINT('',(6.58,-1.27,0.254));
#11345=CARTESIAN_POINT('',(6.58,-1.016,0.));
#11346=CARTESIAN_POINT('',(6.58,-13.02,4.13));
#11347=CARTESIAN_POINT('',(6.58,-12.38,4.13));
#11348=CARTESIAN_POINT('',(6.58,-10.,4.13));
#11349=CARTESIAN_POINT('',(6.58,-12.38,3.49));
#11350=CARTESIAN_POINT('',(6.58,-12.38,2.545602845731));
#11351=CARTESIAN_POINT('',(6.58,-13.02,3.49));
#11352=CARTESIAN_POINT('',(6.58,-10.,3.49));
#11353=CARTESIAN_POINT('',(6.58,-13.02,2.545602845731));
#11354=CARTESIAN_POINT('',(6.58,-9.84,3.49));
#11355=CARTESIAN_POINT('',(6.58,-10.48,3.49));
#11356=CARTESIAN_POINT('',(6.58,-8.73,3.49));
#11357=CARTESIAN_POINT('',(6.58,-10.48,4.13));
#11358=CARTESIAN_POINT('',(6.58,-10.48,2.545602845731));
#11359=CARTESIAN_POINT('',(6.58,-9.84,4.13));
#11360=CARTESIAN_POINT('',(6.58,-8.73,4.13));
#11361=CARTESIAN_POINT('',(6.58,-9.84,2.545602845731));
#11362=CARTESIAN_POINT('',(6.58,-4.76,3.49));
#11363=CARTESIAN_POINT('',(6.58,-5.4,3.49));
#11364=CARTESIAN_POINT('',(6.58,-6.19,3.49));
#11365=CARTESIAN_POINT('',(6.58,-5.4,4.13));
#11366=CARTESIAN_POINT('',(6.58,-5.4,2.545602845731));
#11367=CARTESIAN_POINT('',(6.58,-4.76,4.13));
#11368=CARTESIAN_POINT('',(6.58,-6.19,4.13));
#11369=CARTESIAN_POINT('',(6.58,-4.76,2.545602845731));
#11370=CARTESIAN_POINT('',(6.58,-7.3,4.13));
#11371=CARTESIAN_POINT('',(6.58,-7.3,3.49));
#11372=CARTESIAN_POINT('',(6.58,-7.3,2.545602845731));
#11373=CARTESIAN_POINT('',(6.58,-7.94,3.49));
#11374=CARTESIAN_POINT('',(6.58,-7.46,3.49));
#11375=CARTESIAN_POINT('',(6.58,-7.94,4.13));
#11376=CARTESIAN_POINT('',(6.58,-7.94,2.545602845731));
#11377=CARTESIAN_POINT('',(6.58,-7.46,4.13));
#11378=CARTESIAN_POINT('',(6.58,-4.76,0.95));
#11379=CARTESIAN_POINT('',(6.58,-5.4,0.95));
#11380=CARTESIAN_POINT('',(6.58,-6.19,0.95));
#11381=CARTESIAN_POINT('',(6.58,-5.4,1.59));
#11382=CARTESIAN_POINT('',(6.58,-5.4,1.559540133779));
#11383=CARTESIAN_POINT('',(6.58,-4.76,1.59));
#11384=CARTESIAN_POINT('',(6.58,-6.19,1.59));
#11385=CARTESIAN_POINT('',(6.58,-4.76,1.559540133779));
#11386=CARTESIAN_POINT('',(6.58,-7.94,1.59));
#11387=CARTESIAN_POINT('',(6.58,-7.3,1.59));
#11388=CARTESIAN_POINT('',(6.58,-7.46,1.59));
#11389=CARTESIAN_POINT('',(6.58,-7.3,0.95));
#11390=CARTESIAN_POINT('',(6.58,-7.3,1.559540133779));
#11391=CARTESIAN_POINT('',(6.58,-7.94,0.95));
#11392=CARTESIAN_POINT('',(6.58,-7.46,0.95));
#11393=CARTESIAN_POINT('',(6.58,-7.94,1.559540133779));
#11394=CARTESIAN_POINT('',(6.58,-10.48,1.59));
#11395=CARTESIAN_POINT('',(6.58,-9.84,1.59));
#11396=CARTESIAN_POINT('',(6.58,-8.73,1.59));
#11397=CARTESIAN_POINT('',(6.58,-9.84,0.95));
#11398=CARTESIAN_POINT('',(6.58,-9.84,1.559540133779));
#11399=CARTESIAN_POINT('',(6.58,-10.48,0.95));
#11400=CARTESIAN_POINT('',(6.58,-8.73,0.95));
#11401=CARTESIAN_POINT('',(6.58,-10.48,1.559540133779));
#11402=CARTESIAN_POINT('',(6.58,-12.38,0.95));
#11403=CARTESIAN_POINT('',(6.58,-13.02,0.95));
#11404=CARTESIAN_POINT('',(6.58,-10.,0.95));
#11405=CARTESIAN_POINT('',(6.58,-13.02,1.59));
#11406=CARTESIAN_POINT('',(6.58,-13.02,1.559540133779));
#11407=CARTESIAN_POINT('',(6.58,-12.38,1.59));
#11408=CARTESIAN_POINT('',(6.58,-10.,1.59));
#11409=CARTESIAN_POINT('',(6.58,-12.38,1.559540133779));
#11410=CARTESIAN_POINT('',(6.58,-14.92,0.95));
#11411=CARTESIAN_POINT('',(6.58,-15.56,0.95));
#11412=CARTESIAN_POINT('',(6.58,-11.27,0.95));
#11413=CARTESIAN_POINT('',(6.58,-15.56,1.59));
#11414=CARTESIAN_POINT('',(6.58,-15.56,1.559540133779));
#11415=CARTESIAN_POINT('',(6.58,-14.92,1.59));
#11416=CARTESIAN_POINT('',(6.58,-11.27,1.59));
#11417=CARTESIAN_POINT('',(6.58,-14.92,1.559540133779));
#11418=CARTESIAN_POINT('',(6.58,-15.56,4.13));
#11419=CARTESIAN_POINT('',(6.58,-14.92,4.13));
#11420=CARTESIAN_POINT('',(6.58,-11.27,4.13));
#11421=CARTESIAN_POINT('',(6.58,-14.92,3.49));
#11422=CARTESIAN_POINT('',(6.58,-14.92,2.545602845731));
#11423=CARTESIAN_POINT('',(6.58,-15.56,3.49));
#11424=CARTESIAN_POINT('',(6.58,-11.27,3.49));
#11425=CARTESIAN_POINT('',(6.58,-15.56,2.545602845731));
#11426=CARTESIAN_POINT('',(6.58,-2.22,4.13));
#11427=CARTESIAN_POINT('',(6.58,-2.22,3.49));
#11428=CARTESIAN_POINT('',(6.58,-2.22,2.545602845731));
#11429=CARTESIAN_POINT('',(6.58,-2.86,3.49));
#11430=CARTESIAN_POINT('',(6.58,-4.92,3.49));
#11431=CARTESIAN_POINT('',(6.58,-2.86,4.13));
#11432=CARTESIAN_POINT('',(6.58,-2.86,2.545602845731));
#11433=CARTESIAN_POINT('',(6.58,-4.92,4.13));
#11434=CARTESIAN_POINT('',(6.58,-2.86,1.59));
#11435=CARTESIAN_POINT('',(6.58,-2.22,1.59));
#11436=CARTESIAN_POINT('',(6.58,-4.92,1.59));
#11437=CARTESIAN_POINT('',(6.58,-2.22,0.95));
#11438=CARTESIAN_POINT('',(6.58,-2.22,1.559540133779));
#11439=CARTESIAN_POINT('',(6.58,-2.86,0.95));
#11440=CARTESIAN_POINT('',(6.58,-4.92,0.95));
#11441=CARTESIAN_POINT('',(6.58,-2.86,1.559540133779));
#11442=CARTESIAN_POINT('',(6.58,0.32,4.13));
#11443=CARTESIAN_POINT('',(6.58,0.32,3.49));
#11444=CARTESIAN_POINT('',(6.58,0.32,2.545602845731));
#11445=CARTESIAN_POINT('',(6.58,-0.32,3.49));
#11446=CARTESIAN_POINT('',(6.58,-3.65,3.49));
#11447=CARTESIAN_POINT('',(6.58,-0.32,4.13));
#11448=CARTESIAN_POINT('',(6.58,-0.32,2.545602845731));
#11449=CARTESIAN_POINT('',(6.58,-3.65,4.13));
#11450=CARTESIAN_POINT('',(6.58,0.32,1.59));
#11451=CARTESIAN_POINT('',(6.58,0.32,0.95));
#11452=CARTESIAN_POINT('',(6.58,0.32,1.559540133779));
#11453=CARTESIAN_POINT('',(6.58,-0.32,0.95));
#11454=CARTESIAN_POINT('',(6.58,-3.65,0.95));
#11455=CARTESIAN_POINT('',(6.58,-0.32,1.59));
#11456=CARTESIAN_POINT('',(6.58,-0.32,1.559540133779));
#11457=CARTESIAN_POINT('',(6.58,-3.65,1.59));
#11458=CARTESIAN_POINT('Origin',(4.04,1.016,5.08));
#11459=CARTESIAN_POINT('',(4.04,1.016,5.08));
#11460=CARTESIAN_POINT('Origin',(4.04,-1.016,0.));
#11461=CARTESIAN_POINT('',(4.04,-1.27,0.254));
#11462=CARTESIAN_POINT('Origin',(4.04,-1.016,5.08));
#11463=CARTESIAN_POINT('',(4.04,-1.016,5.08));
#11464=CARTESIAN_POINT('Origin',(4.04,-1.27,0.254));
#11465=CARTESIAN_POINT('',(4.04,-1.524,0.));
#11466=CARTESIAN_POINT('Origin',(4.04,-1.27,4.826));
#11467=CARTESIAN_POINT('',(4.04,-1.27,4.826));
#11468=CARTESIAN_POINT('Origin',(4.04,-1.524,0.));
#11469=CARTESIAN_POINT('',(4.04,-3.556,0.));
#11470=CARTESIAN_POINT('Origin',(4.04,-1.524,5.08));
#11471=CARTESIAN_POINT('',(4.04,-1.524,5.08));
#11472=CARTESIAN_POINT('Origin',(4.04,-3.556,0.));
#11473=CARTESIAN_POINT('',(4.04,-3.81,0.254));
#11474=CARTESIAN_POINT('Origin',(4.04,-3.556,5.08));
#11475=CARTESIAN_POINT('',(4.04,-3.556,5.08));
#11476=CARTESIAN_POINT('Origin',(4.04,-3.81,0.254));
#11477=CARTESIAN_POINT('',(4.04,-4.064,0.));
#11478=CARTESIAN_POINT('Origin',(4.04,-3.81,4.826));
#11479=CARTESIAN_POINT('',(4.04,-3.81,4.826));
#11480=CARTESIAN_POINT('Origin',(4.04,-4.064,0.));
#11481=CARTESIAN_POINT('',(4.04,-6.096,0.));
#11482=CARTESIAN_POINT('Origin',(4.04,-4.064,5.08));
#11483=CARTESIAN_POINT('',(4.04,-4.064,5.08));
#11484=CARTESIAN_POINT('Origin',(4.04,-6.096,0.));
#11485=CARTESIAN_POINT('',(4.04,-6.35,0.254));
#11486=CARTESIAN_POINT('Origin',(4.04,-6.096,5.08));
#11487=CARTESIAN_POINT('',(4.04,-6.096,5.08));
#11488=CARTESIAN_POINT('Origin',(4.04,-6.35,0.254));
#11489=CARTESIAN_POINT('',(4.04,-6.604,0.));
#11490=CARTESIAN_POINT('Origin',(4.04,-6.35,4.826));
#11491=CARTESIAN_POINT('',(4.04,-6.35,4.826));
#11492=CARTESIAN_POINT('Origin',(4.04,-6.604,0.));
#11493=CARTESIAN_POINT('',(4.04,-8.636,0.));
#11494=CARTESIAN_POINT('Origin',(4.04,-6.604,5.08));
#11495=CARTESIAN_POINT('',(4.04,-6.604,5.08));
#11496=CARTESIAN_POINT('Origin',(4.04,-8.636,0.));
#11497=CARTESIAN_POINT('',(4.04,-8.89,0.254));
#11498=CARTESIAN_POINT('Origin',(4.04,-8.636,5.08));
#11499=CARTESIAN_POINT('',(4.04,-8.636,5.08));
#11500=CARTESIAN_POINT('Origin',(4.04,-8.89,0.254));
#11501=CARTESIAN_POINT('',(4.04,-9.144,0.));
#11502=CARTESIAN_POINT('Origin',(4.04,-8.89,4.826));
#11503=CARTESIAN_POINT('',(4.04,-8.89,4.826));
#11504=CARTESIAN_POINT('Origin',(4.04,-9.144,0.));
#11505=CARTESIAN_POINT('',(4.04,-11.176,0.));
#11506=CARTESIAN_POINT('Origin',(4.04,-9.144,5.08));
#11507=CARTESIAN_POINT('',(4.04,-9.144,5.08));
#11508=CARTESIAN_POINT('Origin',(4.04,-11.176,0.));
#11509=CARTESIAN_POINT('',(4.04,-11.43,0.254));
#11510=CARTESIAN_POINT('Origin',(4.04,-11.176,5.08));
#11511=CARTESIAN_POINT('',(4.04,-11.176,5.08));
#11512=CARTESIAN_POINT('Origin',(4.04,-11.43,0.254));
#11513=CARTESIAN_POINT('',(4.04,-11.684,0.));
#11514=CARTESIAN_POINT('Origin',(4.04,-11.43,4.826));
#11515=CARTESIAN_POINT('',(4.04,-11.43,4.826));
#11516=CARTESIAN_POINT('Origin',(4.04,-11.684,0.));
#11517=CARTESIAN_POINT('',(4.04,-13.716,0.));
#11518=CARTESIAN_POINT('Origin',(4.04,-11.684,5.08));
#11519=CARTESIAN_POINT('',(4.04,-11.684,5.08));
#11520=CARTESIAN_POINT('Origin',(4.04,-13.716,0.));
#11521=CARTESIAN_POINT('',(4.04,-13.97,0.254));
#11522=CARTESIAN_POINT('Origin',(4.04,-13.716,5.08));
#11523=CARTESIAN_POINT('',(4.04,-13.716,5.08));
#11524=CARTESIAN_POINT('Origin',(4.04,-13.97,0.254));
#11525=CARTESIAN_POINT('',(4.04,-14.224,0.));
#11526=CARTESIAN_POINT('Origin',(4.04,-13.97,4.826));
#11527=CARTESIAN_POINT('',(4.04,-13.97,4.826));
#11528=CARTESIAN_POINT('Origin',(4.04,-14.224,0.));
#11529=CARTESIAN_POINT('',(4.04,-16.256,0.));
#11530=CARTESIAN_POINT('Origin',(4.04,-14.224,5.08));
#11531=CARTESIAN_POINT('',(4.04,-14.224,5.08));
#11532=CARTESIAN_POINT('Origin',(4.04,-16.256,0.));
#11533=CARTESIAN_POINT('',(4.04,-16.51,0.254));
#11534=CARTESIAN_POINT('Origin',(4.04,-16.256,5.08));
#11535=CARTESIAN_POINT('',(4.04,-16.256,5.08));
#11536=CARTESIAN_POINT('Origin',(4.04,-16.51,0.254));
#11537=CARTESIAN_POINT('',(4.04,-16.51,4.826));
#11538=CARTESIAN_POINT('Origin',(4.04,-16.51,4.826));
#11539=CARTESIAN_POINT('Origin',(-0.32,-12.38,4.13));
#11540=CARTESIAN_POINT('',(0.32,-12.38,4.13));
#11541=CARTESIAN_POINT('',(-0.32,-12.38,4.13));
#11542=CARTESIAN_POINT('',(0.32,-13.02,4.13));
#11543=CARTESIAN_POINT('',(0.32,-12.38,4.13));
#11544=CARTESIAN_POINT('',(-0.32,-13.02,4.13));
#11545=CARTESIAN_POINT('Origin',(4.143794308537,-12.38,2.551205691463));
#11546=CARTESIAN_POINT('',(-0.32,-12.38,3.49));
#11547=CARTESIAN_POINT('Origin',(0.32,-12.38,3.49));
#11548=CARTESIAN_POINT('',(0.32,-12.38,3.49));
#11549=CARTESIAN_POINT('',(12.58,-12.38,3.49));
#11550=CARTESIAN_POINT('',(0.32,-12.38,-2.84));
#11551=CARTESIAN_POINT('',(0.32,-12.38,3.49));
#11552=CARTESIAN_POINT('',(-0.32,-12.38,-2.84));
#11553=CARTESIAN_POINT('',(0.32,-12.38,-2.84));
#11554=CARTESIAN_POINT('',(-0.32,-12.38,-3.));
#11555=CARTESIAN_POINT('Origin',(12.58,-12.38,3.49));
#11556=CARTESIAN_POINT('',(0.32,-13.02,3.49));
#11557=CARTESIAN_POINT('',(12.58,-13.02,3.49));
#11558=CARTESIAN_POINT('',(0.32,-12.38,3.49));
#11559=CARTESIAN_POINT('Origin',(4.143794308537,-13.02,2.551205691463));
#11560=CARTESIAN_POINT('',(-0.32,-13.02,3.49));
#11561=CARTESIAN_POINT('Origin',(0.32,-13.02,3.49));
#11562=CARTESIAN_POINT('',(-0.32,-13.02,-2.84));
#11563=CARTESIAN_POINT('',(-0.32,-13.02,-3.));
#11564=CARTESIAN_POINT('',(0.32,-13.02,-2.84));
#11565=CARTESIAN_POINT('',(0.32,-13.02,-2.84));
#11566=CARTESIAN_POINT('',(0.32,-13.02,3.49));
#11567=CARTESIAN_POINT('Origin',(12.58,-9.84,3.49));
#11568=CARTESIAN_POINT('',(0.32,-9.84,3.49));
#11569=CARTESIAN_POINT('',(12.58,-9.84,3.49));
#11570=CARTESIAN_POINT('',(0.32,-10.48,3.49));
#11571=CARTESIAN_POINT('',(12.58,-10.48,3.49));
#11572=CARTESIAN_POINT('',(0.32,-9.84,3.49));
#11573=CARTESIAN_POINT('Origin',(4.143794308537,-10.48,2.551205691463));
#11574=CARTESIAN_POINT('',(-0.32,-10.48,3.49));
#11575=CARTESIAN_POINT('',(0.32,-10.48,4.13));
#11576=CARTESIAN_POINT('Origin',(0.32,-10.48,3.49));
#11577=CARTESIAN_POINT('',(-0.32,-10.48,-2.84));
#11578=CARTESIAN_POINT('',(-0.32,-10.48,-3.));
#11579=CARTESIAN_POINT('',(0.32,-10.48,-2.84));
#11580=CARTESIAN_POINT('',(0.32,-10.48,-2.84));
#11581=CARTESIAN_POINT('',(0.32,-10.48,3.49));
#11582=CARTESIAN_POINT('',(-0.32,-10.48,4.13));
#11583=CARTESIAN_POINT('Origin',(-0.32,-9.84,4.13));
#11584=CARTESIAN_POINT('',(0.32,-9.84,4.13));
#11585=CARTESIAN_POINT('',(-0.32,-9.84,4.13));
#11586=CARTESIAN_POINT('',(0.32,-9.84,4.13));
#11587=CARTESIAN_POINT('Origin',(4.143794308537,-9.84,2.551205691463));
#11588=CARTESIAN_POINT('',(-0.32,-9.84,3.49));
#11589=CARTESIAN_POINT('Origin',(0.32,-9.84,3.49));
#11590=CARTESIAN_POINT('',(0.32,-9.84,-2.84));
#11591=CARTESIAN_POINT('',(0.32,-9.84,3.49));
#11592=CARTESIAN_POINT('',(-0.32,-9.84,-2.84));
#11593=CARTESIAN_POINT('',(0.32,-9.84,-2.84));
#11594=CARTESIAN_POINT('',(-0.32,-9.84,-3.));
#11595=CARTESIAN_POINT('Origin',(12.58,-4.76,3.49));
#11596=CARTESIAN_POINT('',(0.32,-4.76,3.49));
#11597=CARTESIAN_POINT('',(12.58,-4.76,3.49));
#11598=CARTESIAN_POINT('',(0.32,-5.4,3.49));
#11599=CARTESIAN_POINT('',(12.58,-5.4,3.49));
#11600=CARTESIAN_POINT('',(0.32,-4.76,3.49));
#11601=CARTESIAN_POINT('Origin',(4.143794308537,-5.4,2.551205691463));
#11602=CARTESIAN_POINT('',(-0.32,-5.4,3.49));
#11603=CARTESIAN_POINT('',(0.32,-5.4,4.13));
#11604=CARTESIAN_POINT('Origin',(0.32,-5.4,3.49));
#11605=CARTESIAN_POINT('',(-0.32,-5.4,-2.84));
#11606=CARTESIAN_POINT('',(-0.32,-5.4,-3.));
#11607=CARTESIAN_POINT('',(0.32,-5.4,-2.84));
#11608=CARTESIAN_POINT('',(0.32,-5.4,-2.84));
#11609=CARTESIAN_POINT('',(0.32,-5.4,3.49));
#11610=CARTESIAN_POINT('',(-0.32,-5.4,4.13));
#11611=CARTESIAN_POINT('Origin',(-0.32,-4.76,4.13));
#11612=CARTESIAN_POINT('',(0.32,-4.76,4.13));
#11613=CARTESIAN_POINT('',(-0.32,-4.76,4.13));
#11614=CARTESIAN_POINT('',(0.32,-4.76,4.13));
#11615=CARTESIAN_POINT('Origin',(4.143794308537,-4.76,2.551205691463));
#11616=CARTESIAN_POINT('',(-0.32,-4.76,3.49));
#11617=CARTESIAN_POINT('Origin',(0.32,-4.76,3.49));
#11618=CARTESIAN_POINT('',(0.32,-4.76,-2.84));
#11619=CARTESIAN_POINT('',(0.32,-4.76,3.49));
#11620=CARTESIAN_POINT('',(-0.32,-4.76,-2.84));
#11621=CARTESIAN_POINT('',(0.32,-4.76,-2.84));
#11622=CARTESIAN_POINT('',(-0.32,-4.76,-3.));
#11623=CARTESIAN_POINT('Origin',(4.143794308537,-7.3,2.551205691463));
#11624=CARTESIAN_POINT('',(-0.32,-7.3,3.49));
#11625=CARTESIAN_POINT('',(0.32,-7.3,4.13));
#11626=CARTESIAN_POINT('Origin',(0.32,-7.3,3.49));
#11627=CARTESIAN_POINT('',(-0.32,-7.3,4.13));
#11628=CARTESIAN_POINT('',(0.32,-7.3,3.49));
#11629=CARTESIAN_POINT('',(12.58,-7.3,3.49));
#11630=CARTESIAN_POINT('',(0.32,-7.3,-2.84));
#11631=CARTESIAN_POINT('',(0.32,-7.3,3.49));
#11632=CARTESIAN_POINT('',(-0.32,-7.3,-2.84));
#11633=CARTESIAN_POINT('',(0.32,-7.3,-2.84));
#11634=CARTESIAN_POINT('',(-0.32,-7.3,-3.));
#11635=CARTESIAN_POINT('Origin',(12.58,-7.3,3.49));
#11636=CARTESIAN_POINT('',(0.32,-7.94,3.49));
#11637=CARTESIAN_POINT('',(12.58,-7.94,3.49));
#11638=CARTESIAN_POINT('',(0.32,-7.3,3.49));
#11639=CARTESIAN_POINT('Origin',(4.143794308537,-7.94,2.551205691463));
#11640=CARTESIAN_POINT('',(-0.32,-7.94,3.49));
#11641=CARTESIAN_POINT('',(0.32,-7.94,4.13));
#11642=CARTESIAN_POINT('Origin',(0.32,-7.94,3.49));
#11643=CARTESIAN_POINT('',(-0.32,-7.94,-2.84));
#11644=CARTESIAN_POINT('',(-0.32,-7.94,-3.));
#11645=CARTESIAN_POINT('',(0.32,-7.94,-2.84));
#11646=CARTESIAN_POINT('',(0.32,-7.94,-2.84));
#11647=CARTESIAN_POINT('',(0.32,-7.94,3.49));
#11648=CARTESIAN_POINT('',(-0.32,-7.94,4.13));
#11649=CARTESIAN_POINT('Origin',(-0.32,-7.3,4.13));
#11650=CARTESIAN_POINT('',(0.32,-7.3,4.13));
#11651=CARTESIAN_POINT('Origin',(12.58,-4.76,0.95));
#11652=CARTESIAN_POINT('',(2.86,-4.76,0.95));
#11653=CARTESIAN_POINT('',(12.58,-4.76,0.95));
#11654=CARTESIAN_POINT('',(2.86,-5.4,0.95));
#11655=CARTESIAN_POINT('',(12.58,-5.4,0.95));
#11656=CARTESIAN_POINT('',(2.86,-4.76,0.95));
#11657=CARTESIAN_POINT('Origin',(6.115919732441,-5.4,0.579080267559));
#11658=CARTESIAN_POINT('',(2.22,-5.4,0.95));
#11659=CARTESIAN_POINT('',(2.86,-5.4,1.59));
#11660=CARTESIAN_POINT('Origin',(2.86,-5.4,0.95));
#11661=CARTESIAN_POINT('',(2.22,-5.4,-2.84));
#11662=CARTESIAN_POINT('',(2.22,-5.4,-3.));
#11663=CARTESIAN_POINT('',(2.86,-5.4,-2.84));
#11664=CARTESIAN_POINT('',(2.86,-5.4,-2.84));
#11665=CARTESIAN_POINT('',(2.86,-5.4,0.95));
#11666=CARTESIAN_POINT('',(2.22,-5.4,1.59));
#11667=CARTESIAN_POINT('Origin',(2.22,-4.76,1.59));
#11668=CARTESIAN_POINT('',(2.86,-4.76,1.59));
#11669=CARTESIAN_POINT('',(2.22,-4.76,1.59));
#11670=CARTESIAN_POINT('',(2.86,-4.76,1.59));
#11671=CARTESIAN_POINT('Origin',(6.115919732441,-4.76,0.579080267559));
#11672=CARTESIAN_POINT('',(2.22,-4.76,0.95));
#11673=CARTESIAN_POINT('Origin',(2.86,-4.76,0.95));
#11674=CARTESIAN_POINT('',(2.86,-4.76,-2.84));
#11675=CARTESIAN_POINT('',(2.86,-4.76,0.95));
#11676=CARTESIAN_POINT('',(2.22,-4.76,-2.84));
#11677=CARTESIAN_POINT('',(2.86,-4.76,-2.84));
#11678=CARTESIAN_POINT('',(2.22,-4.76,-3.));
#11679=CARTESIAN_POINT('Origin',(2.22,-7.3,1.59));
#11680=CARTESIAN_POINT('',(2.86,-7.3,1.59));
#11681=CARTESIAN_POINT('',(2.22,-7.3,1.59));
#11682=CARTESIAN_POINT('',(2.86,-7.94,1.59));
#11683=CARTESIAN_POINT('',(2.86,-7.3,1.59));
#11684=CARTESIAN_POINT('',(2.22,-7.94,1.59));
#11685=CARTESIAN_POINT('Origin',(6.115919732441,-7.3,0.579080267559));
#11686=CARTESIAN_POINT('',(2.22,-7.3,0.95));
#11687=CARTESIAN_POINT('Origin',(2.86,-7.3,0.95));
#11688=CARTESIAN_POINT('',(2.86,-7.3,0.95));
#11689=CARTESIAN_POINT('',(12.58,-7.3,0.95));
#11690=CARTESIAN_POINT('',(2.86,-7.3,-2.84));
#11691=CARTESIAN_POINT('',(2.86,-7.3,0.95));
#11692=CARTESIAN_POINT('',(2.22,-7.3,-2.84));
#11693=CARTESIAN_POINT('',(2.86,-7.3,-2.84));
#11694=CARTESIAN_POINT('',(2.22,-7.3,-3.));
#11695=CARTESIAN_POINT('Origin',(12.58,-7.3,0.95));
#11696=CARTESIAN_POINT('',(2.86,-7.94,0.95));
#11697=CARTESIAN_POINT('',(12.58,-7.94,0.95));
#11698=CARTESIAN_POINT('',(2.86,-7.3,0.95));
#11699=CARTESIAN_POINT('Origin',(6.115919732441,-7.94,0.579080267559));
#11700=CARTESIAN_POINT('',(2.22,-7.94,0.95));
#11701=CARTESIAN_POINT('Origin',(2.86,-7.94,0.95));
#11702=CARTESIAN_POINT('',(2.22,-7.94,-2.84));
#11703=CARTESIAN_POINT('',(2.22,-7.94,-3.));
#11704=CARTESIAN_POINT('',(2.86,-7.94,-2.84));
#11705=CARTESIAN_POINT('',(2.86,-7.94,-2.84));
#11706=CARTESIAN_POINT('',(2.86,-7.94,0.95));
#11707=CARTESIAN_POINT('Origin',(2.22,-9.84,1.59));
#11708=CARTESIAN_POINT('',(2.86,-9.84,1.59));
#11709=CARTESIAN_POINT('',(2.22,-9.84,1.59));
#11710=CARTESIAN_POINT('',(2.86,-10.48,1.59));
#11711=CARTESIAN_POINT('',(2.86,-9.84,1.59));
#11712=CARTESIAN_POINT('',(2.22,-10.48,1.59));
#11713=CARTESIAN_POINT('Origin',(6.115919732441,-9.84,0.579080267559));
#11714=CARTESIAN_POINT('',(2.22,-9.84,0.95));
#11715=CARTESIAN_POINT('Origin',(2.86,-9.84,0.95));
#11716=CARTESIAN_POINT('',(2.86,-9.84,0.95));
#11717=CARTESIAN_POINT('',(12.58,-9.84,0.95));
#11718=CARTESIAN_POINT('',(2.86,-9.84,-2.84));
#11719=CARTESIAN_POINT('',(2.86,-9.84,0.95));
#11720=CARTESIAN_POINT('',(2.22,-9.84,-2.84));
#11721=CARTESIAN_POINT('',(2.86,-9.84,-2.84));
#11722=CARTESIAN_POINT('',(2.22,-9.84,-3.));
#11723=CARTESIAN_POINT('Origin',(12.58,-9.84,0.95));
#11724=CARTESIAN_POINT('',(2.86,-10.48,0.95));
#11725=CARTESIAN_POINT('',(12.58,-10.48,0.95));
#11726=CARTESIAN_POINT('',(2.86,-9.84,0.95));
#11727=CARTESIAN_POINT('Origin',(6.115919732441,-10.48,0.579080267559));
#11728=CARTESIAN_POINT('',(2.22,-10.48,0.95));
#11729=CARTESIAN_POINT('Origin',(2.86,-10.48,0.95));
#11730=CARTESIAN_POINT('',(2.22,-10.48,-2.84));
#11731=CARTESIAN_POINT('',(2.22,-10.48,-3.));
#11732=CARTESIAN_POINT('',(2.86,-10.48,-2.84));
#11733=CARTESIAN_POINT('',(2.86,-10.48,-2.84));
#11734=CARTESIAN_POINT('',(2.86,-10.48,0.95));
#11735=CARTESIAN_POINT('Origin',(12.58,-12.38,0.95));
#11736=CARTESIAN_POINT('',(2.86,-12.38,0.95));
#11737=CARTESIAN_POINT('',(12.58,-12.38,0.95));
#11738=CARTESIAN_POINT('',(2.86,-13.02,0.95));
#11739=CARTESIAN_POINT('',(12.58,-13.02,0.95));
#11740=CARTESIAN_POINT('',(2.86,-12.38,0.95));
#11741=CARTESIAN_POINT('Origin',(6.115919732441,-13.02,0.579080267559));
#11742=CARTESIAN_POINT('',(2.22,-13.02,0.95));
#11743=CARTESIAN_POINT('',(2.86,-13.02,1.59));
#11744=CARTESIAN_POINT('Origin',(2.86,-13.02,0.95));
#11745=CARTESIAN_POINT('',(2.22,-13.02,-2.84));
#11746=CARTESIAN_POINT('',(2.22,-13.02,-3.));
#11747=CARTESIAN_POINT('',(2.86,-13.02,-2.84));
#11748=CARTESIAN_POINT('',(2.86,-13.02,-2.84));
#11749=CARTESIAN_POINT('',(2.86,-13.02,0.95));
#11750=CARTESIAN_POINT('',(2.22,-13.02,1.59));
#11751=CARTESIAN_POINT('Origin',(2.22,-12.38,1.59));
#11752=CARTESIAN_POINT('',(2.86,-12.38,1.59));
#11753=CARTESIAN_POINT('',(2.22,-12.38,1.59));
#11754=CARTESIAN_POINT('',(2.86,-12.38,1.59));
#11755=CARTESIAN_POINT('Origin',(6.115919732441,-12.38,0.579080267559));
#11756=CARTESIAN_POINT('',(2.22,-12.38,0.95));
#11757=CARTESIAN_POINT('Origin',(2.86,-12.38,0.95));
#11758=CARTESIAN_POINT('',(2.86,-12.38,-2.84));
#11759=CARTESIAN_POINT('',(2.86,-12.38,0.95));
#11760=CARTESIAN_POINT('',(2.22,-12.38,-2.84));
#11761=CARTESIAN_POINT('',(2.86,-12.38,-2.84));
#11762=CARTESIAN_POINT('',(2.22,-12.38,-3.));
#11763=CARTESIAN_POINT('Origin',(12.58,-14.92,0.95));
#11764=CARTESIAN_POINT('',(2.86,-14.92,0.95));
#11765=CARTESIAN_POINT('',(12.58,-14.92,0.95));
#11766=CARTESIAN_POINT('',(2.86,-15.56,0.95));
#11767=CARTESIAN_POINT('',(12.58,-15.56,0.95));
#11768=CARTESIAN_POINT('',(2.86,-14.92,0.95));
#11769=CARTESIAN_POINT('Origin',(6.115919732441,-15.56,0.579080267559));
#11770=CARTESIAN_POINT('',(2.22,-15.56,0.95));
#11771=CARTESIAN_POINT('',(2.86,-15.56,1.59));
#11772=CARTESIAN_POINT('Origin',(2.86,-15.56,0.95));
#11773=CARTESIAN_POINT('',(2.22,-15.56,-2.84));
#11774=CARTESIAN_POINT('',(2.22,-15.56,-3.));
#11775=CARTESIAN_POINT('',(2.86,-15.56,-2.84));
#11776=CARTESIAN_POINT('',(2.86,-15.56,-2.84));
#11777=CARTESIAN_POINT('',(2.86,-15.56,0.95));
#11778=CARTESIAN_POINT('',(2.22,-15.56,1.59));
#11779=CARTESIAN_POINT('Origin',(2.22,-14.92,1.59));
#11780=CARTESIAN_POINT('',(2.86,-14.92,1.59));
#11781=CARTESIAN_POINT('',(2.22,-14.92,1.59));
#11782=CARTESIAN_POINT('',(2.86,-14.92,1.59));
#11783=CARTESIAN_POINT('Origin',(6.115919732441,-14.92,0.579080267559));
#11784=CARTESIAN_POINT('',(2.22,-14.92,0.95));
#11785=CARTESIAN_POINT('Origin',(2.86,-14.92,0.95));
#11786=CARTESIAN_POINT('',(2.86,-14.92,-2.84));
#11787=CARTESIAN_POINT('',(2.86,-14.92,0.95));
#11788=CARTESIAN_POINT('',(2.22,-14.92,-2.84));
#11789=CARTESIAN_POINT('',(2.86,-14.92,-2.84));
#11790=CARTESIAN_POINT('',(2.22,-14.92,-3.));
#11791=CARTESIAN_POINT('Origin',(-0.32,-14.92,4.13));
#11792=CARTESIAN_POINT('',(0.32,-14.92,4.13));
#11793=CARTESIAN_POINT('',(-0.32,-14.92,4.13));
#11794=CARTESIAN_POINT('',(0.32,-15.56,4.13));
#11795=CARTESIAN_POINT('',(0.32,-14.92,4.13));
#11796=CARTESIAN_POINT('',(-0.32,-15.56,4.13));
#11797=CARTESIAN_POINT('Origin',(4.143794308537,-14.92,2.551205691463));
#11798=CARTESIAN_POINT('',(-0.32,-14.92,3.49));
#11799=CARTESIAN_POINT('Origin',(0.32,-14.92,3.49));
#11800=CARTESIAN_POINT('',(0.32,-14.92,3.49));
#11801=CARTESIAN_POINT('',(12.58,-14.92,3.49));
#11802=CARTESIAN_POINT('',(0.32,-14.92,-2.84));
#11803=CARTESIAN_POINT('',(0.32,-14.92,3.49));
#11804=CARTESIAN_POINT('',(-0.32,-14.92,-2.84));
#11805=CARTESIAN_POINT('',(0.32,-14.92,-2.84));
#11806=CARTESIAN_POINT('',(-0.32,-14.92,-3.));
#11807=CARTESIAN_POINT('Origin',(12.58,-14.92,3.49));
#11808=CARTESIAN_POINT('',(0.32,-15.56,3.49));
#11809=CARTESIAN_POINT('',(12.58,-15.56,3.49));
#11810=CARTESIAN_POINT('',(0.32,-14.92,3.49));
#11811=CARTESIAN_POINT('Origin',(4.143794308537,-15.56,2.551205691463));
#11812=CARTESIAN_POINT('',(-0.32,-15.56,3.49));
#11813=CARTESIAN_POINT('Origin',(0.32,-15.56,3.49));
#11814=CARTESIAN_POINT('',(-0.32,-15.56,-2.84));
#11815=CARTESIAN_POINT('',(-0.32,-15.56,-3.));
#11816=CARTESIAN_POINT('',(0.32,-15.56,-2.84));
#11817=CARTESIAN_POINT('',(0.32,-15.56,-2.84));
#11818=CARTESIAN_POINT('',(0.32,-15.56,3.49));
#11819=CARTESIAN_POINT('Origin',(4.143794308537,-2.22,2.551205691463));
#11820=CARTESIAN_POINT('',(-0.32,-2.22,3.49));
#11821=CARTESIAN_POINT('',(0.32,-2.22,4.13));
#11822=CARTESIAN_POINT('Origin',(0.32,-2.22,3.49));
#11823=CARTESIAN_POINT('',(-0.32,-2.22,4.13));
#11824=CARTESIAN_POINT('',(0.32,-2.22,3.49));
#11825=CARTESIAN_POINT('',(12.58,-2.22,3.49));
#11826=CARTESIAN_POINT('',(0.32,-2.22,-2.84));
#11827=CARTESIAN_POINT('',(0.32,-2.22,3.49));
#11828=CARTESIAN_POINT('',(-0.32,-2.22,-2.84));
#11829=CARTESIAN_POINT('',(0.32,-2.22,-2.84));
#11830=CARTESIAN_POINT('',(-0.32,-2.22,-3.));
#11831=CARTESIAN_POINT('Origin',(12.58,-2.22,3.49));
#11832=CARTESIAN_POINT('',(0.32,-2.86,3.49));
#11833=CARTESIAN_POINT('',(12.58,-2.86,3.49));
#11834=CARTESIAN_POINT('',(0.32,-2.22,3.49));
#11835=CARTESIAN_POINT('Origin',(4.143794308537,-2.86,2.551205691463));
#11836=CARTESIAN_POINT('',(-0.32,-2.86,3.49));
#11837=CARTESIAN_POINT('',(0.32,-2.86,4.13));
#11838=CARTESIAN_POINT('Origin',(0.32,-2.86,3.49));
#11839=CARTESIAN_POINT('',(-0.32,-2.86,-2.84));
#11840=CARTESIAN_POINT('',(-0.32,-2.86,-3.));
#11841=CARTESIAN_POINT('',(0.32,-2.86,-2.84));
#11842=CARTESIAN_POINT('',(0.32,-2.86,-2.84));
#11843=CARTESIAN_POINT('',(0.32,-2.86,3.49));
#11844=CARTESIAN_POINT('',(-0.32,-2.86,4.13));
#11845=CARTESIAN_POINT('Origin',(-0.32,-2.22,4.13));
#11846=CARTESIAN_POINT('',(0.32,-2.22,4.13));
#11847=CARTESIAN_POINT('Origin',(2.22,-2.22,1.59));
#11848=CARTESIAN_POINT('',(2.86,-2.22,1.59));
#11849=CARTESIAN_POINT('',(2.22,-2.22,1.59));
#11850=CARTESIAN_POINT('',(2.86,-2.86,1.59));
#11851=CARTESIAN_POINT('',(2.86,-2.22,1.59));
#11852=CARTESIAN_POINT('',(2.22,-2.86,1.59));
#11853=CARTESIAN_POINT('Origin',(6.115919732441,-2.22,0.579080267559));
#11854=CARTESIAN_POINT('',(2.22,-2.22,0.95));
#11855=CARTESIAN_POINT('Origin',(2.86,-2.22,0.95));
#11856=CARTESIAN_POINT('',(2.86,-2.22,0.95));
#11857=CARTESIAN_POINT('',(12.58,-2.22,0.95));
#11858=CARTESIAN_POINT('',(2.86,-2.22,-2.84));
#11859=CARTESIAN_POINT('',(2.86,-2.22,0.95));
#11860=CARTESIAN_POINT('',(2.22,-2.22,-2.84));
#11861=CARTESIAN_POINT('',(2.86,-2.22,-2.84));
#11862=CARTESIAN_POINT('',(2.22,-2.22,-3.));
#11863=CARTESIAN_POINT('Origin',(12.58,-2.22,0.95));
#11864=CARTESIAN_POINT('',(2.86,-2.86,0.95));
#11865=CARTESIAN_POINT('',(12.58,-2.86,0.95));
#11866=CARTESIAN_POINT('',(2.86,-2.22,0.95));
#11867=CARTESIAN_POINT('Origin',(6.115919732441,-2.86,0.579080267559));
#11868=CARTESIAN_POINT('',(2.22,-2.86,0.95));
#11869=CARTESIAN_POINT('Origin',(2.86,-2.86,0.95));
#11870=CARTESIAN_POINT('',(2.22,-2.86,-2.84));
#11871=CARTESIAN_POINT('',(2.22,-2.86,-3.));
#11872=CARTESIAN_POINT('',(2.86,-2.86,-2.84));
#11873=CARTESIAN_POINT('',(2.86,-2.86,-2.84));
#11874=CARTESIAN_POINT('',(2.86,-2.86,0.95));
#11875=CARTESIAN_POINT('Origin',(4.143794308537,0.32,2.551205691463));
#11876=CARTESIAN_POINT('',(-0.32,0.32,3.49));
#11877=CARTESIAN_POINT('',(0.32,0.32,4.13));
#11878=CARTESIAN_POINT('Origin',(0.32,0.32,3.49));
#11879=CARTESIAN_POINT('',(-0.32,0.32,4.13));
#11880=CARTESIAN_POINT('',(0.32,0.32,3.49));
#11881=CARTESIAN_POINT('',(12.58,0.32,3.49));
#11882=CARTESIAN_POINT('',(0.32,0.32,-2.84));
#11883=CARTESIAN_POINT('',(0.32,0.32,3.49));
#11884=CARTESIAN_POINT('',(-0.32,0.32,-2.84));
#11885=CARTESIAN_POINT('',(0.32,0.32,-2.84));
#11886=CARTESIAN_POINT('',(-0.32,0.32,-3.));
#11887=CARTESIAN_POINT('Origin',(12.58,0.32,3.49));
#11888=CARTESIAN_POINT('',(0.32,-0.32,3.49));
#11889=CARTESIAN_POINT('',(12.58,-0.32,3.49));
#11890=CARTESIAN_POINT('',(0.32,0.32,3.49));
#11891=CARTESIAN_POINT('Origin',(4.143794308537,-0.32,2.551205691463));
#11892=CARTESIAN_POINT('',(-0.32,-0.32,3.49));
#11893=CARTESIAN_POINT('',(0.32,-0.32,4.13));
#11894=CARTESIAN_POINT('Origin',(0.32,-0.32,3.49));
#11895=CARTESIAN_POINT('',(-0.32,-0.32,-2.84));
#11896=CARTESIAN_POINT('',(-0.32,-0.32,-3.));
#11897=CARTESIAN_POINT('',(0.32,-0.32,-2.84));
#11898=CARTESIAN_POINT('',(0.32,-0.32,-2.84));
#11899=CARTESIAN_POINT('',(0.32,-0.32,3.49));
#11900=CARTESIAN_POINT('',(-0.32,-0.32,4.13));
#11901=CARTESIAN_POINT('Origin',(-0.32,0.32,4.13));
#11902=CARTESIAN_POINT('',(0.32,0.32,4.13));
#11903=CARTESIAN_POINT('Origin',(6.115919732441,0.32,0.579080267559));
#11904=CARTESIAN_POINT('',(2.22,0.32,0.95));
#11905=CARTESIAN_POINT('',(2.86,0.32,1.59));
#11906=CARTESIAN_POINT('Origin',(2.86,0.32,0.95));
#11907=CARTESIAN_POINT('',(2.22,0.32,1.59));
#11908=CARTESIAN_POINT('',(2.86,0.32,0.95));
#11909=CARTESIAN_POINT('',(12.58,0.32,0.95));
#11910=CARTESIAN_POINT('',(2.86,0.32,-2.84));
#11911=CARTESIAN_POINT('',(2.86,0.32,0.95));
#11912=CARTESIAN_POINT('',(2.22,0.32,-2.84));
#11913=CARTESIAN_POINT('',(2.86,0.32,-2.84));
#11914=CARTESIAN_POINT('',(2.22,0.32,-3.));
#11915=CARTESIAN_POINT('Origin',(12.58,0.32,0.95));
#11916=CARTESIAN_POINT('',(2.86,-0.32,0.95));
#11917=CARTESIAN_POINT('',(12.58,-0.32,0.95));
#11918=CARTESIAN_POINT('',(2.86,0.32,0.95));
#11919=CARTESIAN_POINT('Origin',(6.115919732441,-0.32,0.579080267559));
#11920=CARTESIAN_POINT('',(2.22,-0.32,0.95));
#11921=CARTESIAN_POINT('',(2.86,-0.32,1.59));
#11922=CARTESIAN_POINT('Origin',(2.86,-0.32,0.95));
#11923=CARTESIAN_POINT('',(2.22,-0.32,-2.84));
#11924=CARTESIAN_POINT('',(2.22,-0.32,-3.));
#11925=CARTESIAN_POINT('',(2.86,-0.32,-2.84));
#11926=CARTESIAN_POINT('',(2.86,-0.32,-2.84));
#11927=CARTESIAN_POINT('',(2.86,-0.32,0.95));
#11928=CARTESIAN_POINT('',(2.22,-0.32,1.59));
#11929=CARTESIAN_POINT('Origin',(2.22,0.32,1.59));
#11930=CARTESIAN_POINT('',(2.86,0.32,1.59));
#11931=CARTESIAN_POINT('Origin',(-0.32,-12.38,4.13));
#11932=CARTESIAN_POINT('',(12.42,-12.38,4.13));
#11933=CARTESIAN_POINT('',(-0.32,-12.38,4.13));
#11934=CARTESIAN_POINT('',(12.42,-13.02,4.13));
#11935=CARTESIAN_POINT('',(-0.32,-13.02,4.13));
#11936=CARTESIAN_POINT('',(12.42,-12.38,4.13));
#11937=CARTESIAN_POINT('Origin',(4.143794308537,-12.38,2.551205691463));
#11938=CARTESIAN_POINT('',(12.42,-12.38,3.49));
#11939=CARTESIAN_POINT('',(12.42,-12.38,4.13));
#11940=CARTESIAN_POINT('',(12.58,-12.38,3.49));
#11941=CARTESIAN_POINT('Origin',(12.58,-12.38,3.49));
#11942=CARTESIAN_POINT('',(12.42,-13.02,3.49));
#11943=CARTESIAN_POINT('',(12.42,-12.38,3.49));
#11944=CARTESIAN_POINT('',(12.58,-13.02,3.49));
#11945=CARTESIAN_POINT('Origin',(4.143794308537,-13.02,2.551205691463));
#11946=CARTESIAN_POINT('',(12.42,-13.02,4.13));
#11947=CARTESIAN_POINT('Origin',(12.58,-9.84,3.49));
#11948=CARTESIAN_POINT('',(12.42,-9.84,3.49));
#11949=CARTESIAN_POINT('',(12.58,-9.84,3.49));
#11950=CARTESIAN_POINT('',(12.42,-10.48,3.49));
#11951=CARTESIAN_POINT('',(12.42,-9.84,3.49));
#11952=CARTESIAN_POINT('',(12.58,-10.48,3.49));
#11953=CARTESIAN_POINT('Origin',(4.143794308537,-10.48,2.551205691463));
#11954=CARTESIAN_POINT('',(12.42,-10.48,4.13));
#11955=CARTESIAN_POINT('',(12.42,-10.48,4.13));
#11956=CARTESIAN_POINT('',(-0.32,-10.48,4.13));
#11957=CARTESIAN_POINT('Origin',(-0.32,-9.84,4.13));
#11958=CARTESIAN_POINT('',(12.42,-9.84,4.13));
#11959=CARTESIAN_POINT('',(-0.32,-9.84,4.13));
#11960=CARTESIAN_POINT('',(12.42,-9.84,4.13));
#11961=CARTESIAN_POINT('Origin',(4.143794308537,-9.84,2.551205691463));
#11962=CARTESIAN_POINT('',(12.42,-9.84,4.13));
#11963=CARTESIAN_POINT('Origin',(12.58,-4.76,3.49));
#11964=CARTESIAN_POINT('',(12.42,-4.76,3.49));
#11965=CARTESIAN_POINT('',(12.58,-4.76,3.49));
#11966=CARTESIAN_POINT('',(12.42,-5.4,3.49));
#11967=CARTESIAN_POINT('',(12.42,-4.76,3.49));
#11968=CARTESIAN_POINT('',(12.58,-5.4,3.49));
#11969=CARTESIAN_POINT('Origin',(4.143794308537,-5.4,2.551205691463));
#11970=CARTESIAN_POINT('',(12.42,-5.4,4.13));
#11971=CARTESIAN_POINT('',(12.42,-5.4,4.13));
#11972=CARTESIAN_POINT('',(-0.32,-5.4,4.13));
#11973=CARTESIAN_POINT('Origin',(-0.32,-4.76,4.13));
#11974=CARTESIAN_POINT('',(12.42,-4.76,4.13));
#11975=CARTESIAN_POINT('',(-0.32,-4.76,4.13));
#11976=CARTESIAN_POINT('',(12.42,-4.76,4.13));
#11977=CARTESIAN_POINT('Origin',(4.143794308537,-4.76,2.551205691463));
#11978=CARTESIAN_POINT('',(12.42,-4.76,4.13));
#11979=CARTESIAN_POINT('Origin',(4.143794308537,-7.3,2.551205691463));
#11980=CARTESIAN_POINT('',(12.42,-7.3,4.13));
#11981=CARTESIAN_POINT('',(-0.32,-7.3,4.13));
#11982=CARTESIAN_POINT('',(12.42,-7.3,3.49));
#11983=CARTESIAN_POINT('',(12.42,-7.3,4.13));
#11984=CARTESIAN_POINT('',(12.58,-7.3,3.49));
#11985=CARTESIAN_POINT('Origin',(12.58,-7.3,3.49));
#11986=CARTESIAN_POINT('',(12.42,-7.94,3.49));
#11987=CARTESIAN_POINT('',(12.42,-7.3,3.49));
#11988=CARTESIAN_POINT('',(12.58,-7.94,3.49));
#11989=CARTESIAN_POINT('Origin',(4.143794308537,-7.94,2.551205691463));
#11990=CARTESIAN_POINT('',(12.42,-7.94,4.13));
#11991=CARTESIAN_POINT('',(12.42,-7.94,4.13));
#11992=CARTESIAN_POINT('',(-0.32,-7.94,4.13));
#11993=CARTESIAN_POINT('Origin',(-0.32,-7.3,4.13));
#11994=CARTESIAN_POINT('',(12.42,-7.3,4.13));
#11995=CARTESIAN_POINT('Origin',(12.58,-4.76,0.95));
#11996=CARTESIAN_POINT('',(12.42,-4.76,0.95));
#11997=CARTESIAN_POINT('',(12.58,-4.76,0.95));
#11998=CARTESIAN_POINT('',(12.42,-5.4,0.95));
#11999=CARTESIAN_POINT('',(12.42,-4.76,0.95));
#12000=CARTESIAN_POINT('',(12.58,-5.4,0.95));
#12001=CARTESIAN_POINT('Origin',(6.115919732441,-5.4,0.579080267559));
#12002=CARTESIAN_POINT('',(12.42,-5.4,1.59));
#12003=CARTESIAN_POINT('',(12.42,-5.4,1.59));
#12004=CARTESIAN_POINT('',(2.22,-5.4,1.59));
#12005=CARTESIAN_POINT('Origin',(2.22,-4.76,1.59));
#12006=CARTESIAN_POINT('',(12.42,-4.76,1.59));
#12007=CARTESIAN_POINT('',(2.22,-4.76,1.59));
#12008=CARTESIAN_POINT('',(12.42,-4.76,1.59));
#12009=CARTESIAN_POINT('Origin',(6.115919732441,-4.76,0.579080267559));
#12010=CARTESIAN_POINT('',(12.42,-4.76,1.59));
#12011=CARTESIAN_POINT('Origin',(2.22,-7.3,1.59));
#12012=CARTESIAN_POINT('',(12.42,-7.3,1.59));
#12013=CARTESIAN_POINT('',(2.22,-7.3,1.59));
#12014=CARTESIAN_POINT('',(12.42,-7.94,1.59));
#12015=CARTESIAN_POINT('',(2.22,-7.94,1.59));
#12016=CARTESIAN_POINT('',(12.42,-7.3,1.59));
#12017=CARTESIAN_POINT('Origin',(6.115919732441,-7.3,0.579080267559));
#12018=CARTESIAN_POINT('',(12.42,-7.3,0.95));
#12019=CARTESIAN_POINT('',(12.42,-7.3,1.59));
#12020=CARTESIAN_POINT('',(12.58,-7.3,0.95));
#12021=CARTESIAN_POINT('Origin',(12.58,-7.3,0.95));
#12022=CARTESIAN_POINT('',(12.42,-7.94,0.95));
#12023=CARTESIAN_POINT('',(12.42,-7.3,0.95));
#12024=CARTESIAN_POINT('',(12.58,-7.94,0.95));
#12025=CARTESIAN_POINT('Origin',(6.115919732441,-7.94,0.579080267559));
#12026=CARTESIAN_POINT('',(12.42,-7.94,1.59));
#12027=CARTESIAN_POINT('Origin',(2.22,-9.84,1.59));
#12028=CARTESIAN_POINT('',(12.42,-9.84,1.59));
#12029=CARTESIAN_POINT('',(2.22,-9.84,1.59));
#12030=CARTESIAN_POINT('',(12.42,-10.48,1.59));
#12031=CARTESIAN_POINT('',(2.22,-10.48,1.59));
#12032=CARTESIAN_POINT('',(12.42,-9.84,1.59));
#12033=CARTESIAN_POINT('Origin',(6.115919732441,-9.84,0.579080267559));
#12034=CARTESIAN_POINT('',(12.42,-9.84,0.95));
#12035=CARTESIAN_POINT('',(12.42,-9.84,1.59));
#12036=CARTESIAN_POINT('',(12.58,-9.84,0.95));
#12037=CARTESIAN_POINT('Origin',(12.58,-9.84,0.95));
#12038=CARTESIAN_POINT('',(12.42,-10.48,0.95));
#12039=CARTESIAN_POINT('',(12.42,-9.84,0.95));
#12040=CARTESIAN_POINT('',(12.58,-10.48,0.95));
#12041=CARTESIAN_POINT('Origin',(6.115919732441,-10.48,0.579080267559));
#12042=CARTESIAN_POINT('',(12.42,-10.48,1.59));
#12043=CARTESIAN_POINT('Origin',(12.58,-12.38,0.95));
#12044=CARTESIAN_POINT('',(12.42,-12.38,0.95));
#12045=CARTESIAN_POINT('',(12.58,-12.38,0.95));
#12046=CARTESIAN_POINT('',(12.42,-13.02,0.95));
#12047=CARTESIAN_POINT('',(12.42,-12.38,0.95));
#12048=CARTESIAN_POINT('',(12.58,-13.02,0.95));
#12049=CARTESIAN_POINT('Origin',(6.115919732441,-13.02,0.579080267559));
#12050=CARTESIAN_POINT('',(12.42,-13.02,1.59));
#12051=CARTESIAN_POINT('',(12.42,-13.02,1.59));
#12052=CARTESIAN_POINT('',(2.22,-13.02,1.59));
#12053=CARTESIAN_POINT('Origin',(2.22,-12.38,1.59));
#12054=CARTESIAN_POINT('',(12.42,-12.38,1.59));
#12055=CARTESIAN_POINT('',(2.22,-12.38,1.59));
#12056=CARTESIAN_POINT('',(12.42,-12.38,1.59));
#12057=CARTESIAN_POINT('Origin',(6.115919732441,-12.38,0.579080267559));
#12058=CARTESIAN_POINT('',(12.42,-12.38,1.59));
#12059=CARTESIAN_POINT('Origin',(12.58,-14.92,0.95));
#12060=CARTESIAN_POINT('',(12.42,-14.92,0.95));
#12061=CARTESIAN_POINT('',(12.58,-14.92,0.95));
#12062=CARTESIAN_POINT('',(12.42,-15.56,0.95));
#12063=CARTESIAN_POINT('',(12.42,-14.92,0.95));
#12064=CARTESIAN_POINT('',(12.58,-15.56,0.95));
#12065=CARTESIAN_POINT('Origin',(6.115919732441,-15.56,0.579080267559));
#12066=CARTESIAN_POINT('',(12.42,-15.56,1.59));
#12067=CARTESIAN_POINT('',(12.42,-15.56,1.59));
#12068=CARTESIAN_POINT('',(2.22,-15.56,1.59));
#12069=CARTESIAN_POINT('Origin',(2.22,-14.92,1.59));
#12070=CARTESIAN_POINT('',(12.42,-14.92,1.59));
#12071=CARTESIAN_POINT('',(2.22,-14.92,1.59));
#12072=CARTESIAN_POINT('',(12.42,-14.92,1.59));
#12073=CARTESIAN_POINT('Origin',(6.115919732441,-14.92,0.579080267559));
#12074=CARTESIAN_POINT('',(12.42,-14.92,1.59));
#12075=CARTESIAN_POINT('Origin',(-0.32,-14.92,4.13));
#12076=CARTESIAN_POINT('',(12.42,-14.92,4.13));
#12077=CARTESIAN_POINT('',(-0.32,-14.92,4.13));
#12078=CARTESIAN_POINT('',(12.42,-15.56,4.13));
#12079=CARTESIAN_POINT('',(-0.32,-15.56,4.13));
#12080=CARTESIAN_POINT('',(12.42,-14.92,4.13));
#12081=CARTESIAN_POINT('Origin',(4.143794308537,-14.92,2.551205691463));
#12082=CARTESIAN_POINT('',(12.42,-14.92,3.49));
#12083=CARTESIAN_POINT('',(12.42,-14.92,4.13));
#12084=CARTESIAN_POINT('',(12.58,-14.92,3.49));
#12085=CARTESIAN_POINT('Origin',(12.58,-14.92,3.49));
#12086=CARTESIAN_POINT('',(12.42,-15.56,3.49));
#12087=CARTESIAN_POINT('',(12.42,-14.92,3.49));
#12088=CARTESIAN_POINT('',(12.58,-15.56,3.49));
#12089=CARTESIAN_POINT('Origin',(4.143794308537,-15.56,2.551205691463));
#12090=CARTESIAN_POINT('',(12.42,-15.56,4.13));
#12091=CARTESIAN_POINT('Origin',(4.143794308537,-2.22,2.551205691463));
#12092=CARTESIAN_POINT('',(12.42,-2.22,4.13));
#12093=CARTESIAN_POINT('',(-0.32,-2.22,4.13));
#12094=CARTESIAN_POINT('',(12.42,-2.22,3.49));
#12095=CARTESIAN_POINT('',(12.42,-2.22,4.13));
#12096=CARTESIAN_POINT('',(12.58,-2.22,3.49));
#12097=CARTESIAN_POINT('Origin',(12.58,-2.22,3.49));
#12098=CARTESIAN_POINT('',(12.42,-2.86,3.49));
#12099=CARTESIAN_POINT('',(12.42,-2.22,3.49));
#12100=CARTESIAN_POINT('',(12.58,-2.86,3.49));
#12101=CARTESIAN_POINT('Origin',(4.143794308537,-2.86,2.551205691463));
#12102=CARTESIAN_POINT('',(12.42,-2.86,4.13));
#12103=CARTESIAN_POINT('',(12.42,-2.86,4.13));
#12104=CARTESIAN_POINT('',(-0.32,-2.86,4.13));
#12105=CARTESIAN_POINT('Origin',(-0.32,-2.22,4.13));
#12106=CARTESIAN_POINT('',(12.42,-2.22,4.13));
#12107=CARTESIAN_POINT('Origin',(2.22,-2.22,1.59));
#12108=CARTESIAN_POINT('',(12.42,-2.22,1.59));
#12109=CARTESIAN_POINT('',(2.22,-2.22,1.59));
#12110=CARTESIAN_POINT('',(12.42,-2.86,1.59));
#12111=CARTESIAN_POINT('',(2.22,-2.86,1.59));
#12112=CARTESIAN_POINT('',(12.42,-2.22,1.59));
#12113=CARTESIAN_POINT('Origin',(6.115919732441,-2.22,0.579080267559));
#12114=CARTESIAN_POINT('',(12.42,-2.22,0.95));
#12115=CARTESIAN_POINT('',(12.42,-2.22,1.59));
#12116=CARTESIAN_POINT('',(12.58,-2.22,0.95));
#12117=CARTESIAN_POINT('Origin',(12.58,-2.22,0.95));
#12118=CARTESIAN_POINT('',(12.42,-2.86,0.95));
#12119=CARTESIAN_POINT('',(12.42,-2.22,0.95));
#12120=CARTESIAN_POINT('',(12.58,-2.86,0.95));
#12121=CARTESIAN_POINT('Origin',(6.115919732441,-2.86,0.579080267559));
#12122=CARTESIAN_POINT('',(12.42,-2.86,1.59));
#12123=CARTESIAN_POINT('Origin',(4.143794308537,0.32,2.551205691463));
#12124=CARTESIAN_POINT('',(12.42,0.32,4.13));
#12125=CARTESIAN_POINT('',(-0.32,0.32,4.13));
#12126=CARTESIAN_POINT('',(12.42,0.32,3.49));
#12127=CARTESIAN_POINT('',(12.42,0.32,4.13));
#12128=CARTESIAN_POINT('',(12.58,0.32,3.49));
#12129=CARTESIAN_POINT('Origin',(12.58,0.32,3.49));
#12130=CARTESIAN_POINT('',(12.42,-0.32,3.49));
#12131=CARTESIAN_POINT('',(12.42,0.32,3.49));
#12132=CARTESIAN_POINT('',(12.58,-0.32,3.49));
#12133=CARTESIAN_POINT('Origin',(4.143794308537,-0.32,2.551205691463));
#12134=CARTESIAN_POINT('',(12.42,-0.32,4.13));
#12135=CARTESIAN_POINT('',(12.42,-0.32,4.13));
#12136=CARTESIAN_POINT('',(-0.32,-0.32,4.13));
#12137=CARTESIAN_POINT('Origin',(-0.32,0.32,4.13));
#12138=CARTESIAN_POINT('',(12.42,0.32,4.13));
#12139=CARTESIAN_POINT('Origin',(6.115919732441,0.32,0.579080267559));
#12140=CARTESIAN_POINT('',(12.42,0.32,1.59));
#12141=CARTESIAN_POINT('',(2.22,0.32,1.59));
#12142=CARTESIAN_POINT('',(12.42,0.32,0.95));
#12143=CARTESIAN_POINT('',(12.42,0.32,1.59));
#12144=CARTESIAN_POINT('',(12.58,0.32,0.95));
#12145=CARTESIAN_POINT('Origin',(12.58,0.32,0.95));
#12146=CARTESIAN_POINT('',(12.42,-0.32,0.95));
#12147=CARTESIAN_POINT('',(12.42,0.32,0.95));
#12148=CARTESIAN_POINT('',(12.58,-0.32,0.95));
#12149=CARTESIAN_POINT('Origin',(6.115919732441,-0.32,0.579080267559));
#12150=CARTESIAN_POINT('',(12.42,-0.32,1.59));
#12151=CARTESIAN_POINT('',(12.42,-0.32,1.59));
#12152=CARTESIAN_POINT('',(2.22,-0.32,1.59));
#12153=CARTESIAN_POINT('Origin',(2.22,0.32,1.59));
#12154=CARTESIAN_POINT('',(12.42,0.32,1.59));
#12155=CARTESIAN_POINT('Origin',(0.32,-12.38,3.49));
#12156=CARTESIAN_POINT('',(-0.32,-12.38,3.49));
#12157=CARTESIAN_POINT('Origin',(-0.32,-12.38,-3.));
#12158=CARTESIAN_POINT('',(-0.32,-12.38,-2.84));
#12159=CARTESIAN_POINT('Origin',(0.32,-12.46,-2.92));
#12160=CARTESIAN_POINT('',(0.16,-12.54,-3.));
#12161=CARTESIAN_POINT('',(0.266666666667,-12.43333333333,-2.893333333333));
#12162=CARTESIAN_POINT('',(-0.16,-12.54,-3.));
#12163=CARTESIAN_POINT('',(0.32,-12.54,-3.));
#12164=CARTESIAN_POINT('',(-0.16,-12.54,-3.));
#12165=CARTESIAN_POINT('Origin',(0.32,-12.38,3.49));
#12166=CARTESIAN_POINT('',(0.32,-12.38,-2.84));
#12167=CARTESIAN_POINT('Origin',(0.32,-12.94,-2.92));
#12168=CARTESIAN_POINT('',(0.16,-12.86,-3.));
#12169=CARTESIAN_POINT('',(0.16,-12.86,-3.));
#12170=CARTESIAN_POINT('',(-0.16,-12.86,-3.));
#12171=CARTESIAN_POINT('',(-0.05333333333333,-12.75333333333,-3.106666666667));
#12172=CARTESIAN_POINT('',(0.32,-12.86,-3.));
#12173=CARTESIAN_POINT('Origin',(0.32,-9.84,3.49));
#12174=CARTESIAN_POINT('',(0.32,-9.84,-2.84));
#12175=CARTESIAN_POINT('Origin',(0.32,-9.84,3.49));
#12176=CARTESIAN_POINT('',(-0.32,-9.84,3.49));
#12177=CARTESIAN_POINT('Origin',(-0.32,-9.84,-3.));
#12178=CARTESIAN_POINT('',(-0.32,-9.84,-2.84));
#12179=CARTESIAN_POINT('Origin',(0.32,-10.4,-2.92));
#12180=CARTESIAN_POINT('',(0.16,-10.32,-3.));
#12181=CARTESIAN_POINT('',(0.16,-10.32,-3.));
#12182=CARTESIAN_POINT('',(-0.16,-10.32,-3.));
#12183=CARTESIAN_POINT('',(-0.05333333333333,-10.21333333333,-3.106666666667));
#12184=CARTESIAN_POINT('',(0.32,-10.32,-3.));
#12185=CARTESIAN_POINT('Origin',(0.32,-9.92,-2.92));
#12186=CARTESIAN_POINT('',(0.16,-10.,-3.));
#12187=CARTESIAN_POINT('',(0.266666666667,-9.893333333333,-2.893333333333));
#12188=CARTESIAN_POINT('',(-0.16,-10.,-3.));
#12189=CARTESIAN_POINT('',(0.32,-10.,-3.));
#12190=CARTESIAN_POINT('',(-0.16,-10.,-3.));
#12191=CARTESIAN_POINT('Origin',(0.32,-4.76,3.49));
#12192=CARTESIAN_POINT('',(0.32,-4.76,-2.84));
#12193=CARTESIAN_POINT('Origin',(0.32,-4.76,3.49));
#12194=CARTESIAN_POINT('',(-0.32,-4.76,3.49));
#12195=CARTESIAN_POINT('Origin',(-0.32,-4.76,-3.));
#12196=CARTESIAN_POINT('',(-0.32,-4.76,-2.84));
#12197=CARTESIAN_POINT('Origin',(0.32,-5.32,-2.92));
#12198=CARTESIAN_POINT('',(0.16,-5.24,-3.));
#12199=CARTESIAN_POINT('',(0.16,-5.24,-3.));
#12200=CARTESIAN_POINT('',(-0.16,-5.24,-3.));
#12201=CARTESIAN_POINT('',(-0.05333333333333,-5.133333333333,-3.106666666667));
#12202=CARTESIAN_POINT('',(0.32,-5.24,-3.));
#12203=CARTESIAN_POINT('Origin',(0.32,-4.84,-2.92));
#12204=CARTESIAN_POINT('',(0.16,-4.92,-3.));
#12205=CARTESIAN_POINT('',(0.266666666667,-4.813333333333,-2.893333333333));
#12206=CARTESIAN_POINT('',(-0.16,-4.92,-3.));
#12207=CARTESIAN_POINT('',(0.32,-4.92,-3.));
#12208=CARTESIAN_POINT('',(-0.16,-4.92,-3.));
#12209=CARTESIAN_POINT('Origin',(0.32,-7.3,3.49));
#12210=CARTESIAN_POINT('',(-0.32,-7.3,3.49));
#12211=CARTESIAN_POINT('Origin',(-0.32,-7.3,-3.));
#12212=CARTESIAN_POINT('',(-0.32,-7.3,-2.84));
#12213=CARTESIAN_POINT('Origin',(0.32,-7.38,-2.92));
#12214=CARTESIAN_POINT('',(0.16,-7.46,-3.));
#12215=CARTESIAN_POINT('',(0.266666666667,-7.353333333333,-2.893333333333));
#12216=CARTESIAN_POINT('',(-0.16,-7.46,-3.));
#12217=CARTESIAN_POINT('',(0.32,-7.46,-3.));
#12218=CARTESIAN_POINT('',(-0.16,-7.46,-3.));
#12219=CARTESIAN_POINT('Origin',(0.32,-7.3,3.49));
#12220=CARTESIAN_POINT('',(0.32,-7.3,-2.84));
#12221=CARTESIAN_POINT('Origin',(0.32,-7.86,-2.92));
#12222=CARTESIAN_POINT('',(0.16,-7.78,-3.));
#12223=CARTESIAN_POINT('',(0.16,-7.78,-3.));
#12224=CARTESIAN_POINT('',(-0.16,-7.78,-3.));
#12225=CARTESIAN_POINT('',(-0.05333333333333,-7.673333333333,-3.106666666667));
#12226=CARTESIAN_POINT('',(0.32,-7.78,-3.));
#12227=CARTESIAN_POINT('Origin',(2.86,-4.76,0.95));
#12228=CARTESIAN_POINT('',(2.86,-4.76,-2.84));
#12229=CARTESIAN_POINT('Origin',(2.86,-4.76,0.95));
#12230=CARTESIAN_POINT('',(2.22,-4.76,0.95));
#12231=CARTESIAN_POINT('Origin',(2.22,-4.76,-3.));
#12232=CARTESIAN_POINT('',(2.22,-4.76,-2.84));
#12233=CARTESIAN_POINT('Origin',(2.86,-5.32,-2.92));
#12234=CARTESIAN_POINT('',(2.7,-5.24,-3.));
#12235=CARTESIAN_POINT('',(2.7,-5.24,-3.));
#12236=CARTESIAN_POINT('',(2.38,-5.24,-3.));
#12237=CARTESIAN_POINT('',(2.486666666667,-5.133333333333,-3.106666666667));
#12238=CARTESIAN_POINT('',(2.86,-5.24,-3.));
#12239=CARTESIAN_POINT('Origin',(2.86,-4.84,-2.92));
#12240=CARTESIAN_POINT('',(2.7,-4.92,-3.));
#12241=CARTESIAN_POINT('',(2.806666666667,-4.813333333333,-2.893333333333));
#12242=CARTESIAN_POINT('',(2.38,-4.92,-3.));
#12243=CARTESIAN_POINT('',(2.86,-4.92,-3.));
#12244=CARTESIAN_POINT('',(2.38,-4.92,-3.));
#12245=CARTESIAN_POINT('Origin',(2.86,-7.3,0.95));
#12246=CARTESIAN_POINT('',(2.22,-7.3,0.95));
#12247=CARTESIAN_POINT('Origin',(2.22,-7.3,-3.));
#12248=CARTESIAN_POINT('',(2.22,-7.3,-2.84));
#12249=CARTESIAN_POINT('Origin',(2.86,-7.38,-2.92));
#12250=CARTESIAN_POINT('',(2.7,-7.46,-3.));
#12251=CARTESIAN_POINT('',(2.806666666667,-7.353333333333,-2.893333333333));
#12252=CARTESIAN_POINT('',(2.38,-7.46,-3.));
#12253=CARTESIAN_POINT('',(2.86,-7.46,-3.));
#12254=CARTESIAN_POINT('',(2.38,-7.46,-3.));
#12255=CARTESIAN_POINT('Origin',(2.86,-7.3,0.95));
#12256=CARTESIAN_POINT('',(2.86,-7.3,-2.84));
#12257=CARTESIAN_POINT('Origin',(2.86,-7.86,-2.92));
#12258=CARTESIAN_POINT('',(2.7,-7.78,-3.));
#12259=CARTESIAN_POINT('',(2.7,-7.78,-3.));
#12260=CARTESIAN_POINT('',(2.38,-7.78,-3.));
#12261=CARTESIAN_POINT('',(2.486666666667,-7.673333333333,-3.106666666667));
#12262=CARTESIAN_POINT('',(2.86,-7.78,-3.));
#12263=CARTESIAN_POINT('Origin',(2.86,-9.84,0.95));
#12264=CARTESIAN_POINT('',(2.22,-9.84,0.95));
#12265=CARTESIAN_POINT('Origin',(2.22,-9.84,-3.));
#12266=CARTESIAN_POINT('',(2.22,-9.84,-2.84));
#12267=CARTESIAN_POINT('Origin',(2.86,-9.92,-2.92));
#12268=CARTESIAN_POINT('',(2.7,-10.,-3.));
#12269=CARTESIAN_POINT('',(2.806666666667,-9.893333333333,-2.893333333333));
#12270=CARTESIAN_POINT('',(2.38,-10.,-3.));
#12271=CARTESIAN_POINT('',(2.86,-10.,-3.));
#12272=CARTESIAN_POINT('',(2.38,-10.,-3.));
#12273=CARTESIAN_POINT('Origin',(2.86,-9.84,0.95));
#12274=CARTESIAN_POINT('',(2.86,-9.84,-2.84));
#12275=CARTESIAN_POINT('Origin',(2.86,-10.4,-2.92));
#12276=CARTESIAN_POINT('',(2.7,-10.32,-3.));
#12277=CARTESIAN_POINT('',(2.7,-10.32,-3.));
#12278=CARTESIAN_POINT('',(2.38,-10.32,-3.));
#12279=CARTESIAN_POINT('',(2.486666666667,-10.21333333333,-3.106666666667));
#12280=CARTESIAN_POINT('',(2.86,-10.32,-3.));
#12281=CARTESIAN_POINT('Origin',(2.86,-12.38,0.95));
#12282=CARTESIAN_POINT('',(2.86,-12.38,-2.84));
#12283=CARTESIAN_POINT('Origin',(2.86,-12.38,0.95));
#12284=CARTESIAN_POINT('',(2.22,-12.38,0.95));
#12285=CARTESIAN_POINT('Origin',(2.22,-12.38,-3.));
#12286=CARTESIAN_POINT('',(2.22,-12.38,-2.84));
#12287=CARTESIAN_POINT('Origin',(2.86,-12.94,-2.92));
#12288=CARTESIAN_POINT('',(2.7,-12.86,-3.));
#12289=CARTESIAN_POINT('',(2.7,-12.86,-3.));
#12290=CARTESIAN_POINT('',(2.38,-12.86,-3.));
#12291=CARTESIAN_POINT('',(2.486666666667,-12.75333333333,-3.106666666667));
#12292=CARTESIAN_POINT('',(2.86,-12.86,-3.));
#12293=CARTESIAN_POINT('Origin',(2.86,-12.46,-2.92));
#12294=CARTESIAN_POINT('',(2.7,-12.54,-3.));
#12295=CARTESIAN_POINT('',(2.806666666667,-12.43333333333,-2.893333333333));
#12296=CARTESIAN_POINT('',(2.38,-12.54,-3.));
#12297=CARTESIAN_POINT('',(2.86,-12.54,-3.));
#12298=CARTESIAN_POINT('',(2.38,-12.54,-3.));
#12299=CARTESIAN_POINT('Origin',(2.86,-14.92,0.95));
#12300=CARTESIAN_POINT('',(2.86,-14.92,-2.84));
#12301=CARTESIAN_POINT('Origin',(2.86,-14.92,0.95));
#12302=CARTESIAN_POINT('',(2.22,-14.92,0.95));
#12303=CARTESIAN_POINT('Origin',(2.22,-14.92,-3.));
#12304=CARTESIAN_POINT('',(2.22,-14.92,-2.84));
#12305=CARTESIAN_POINT('Origin',(2.86,-15.48,-2.92));
#12306=CARTESIAN_POINT('',(2.7,-15.4,-3.));
#12307=CARTESIAN_POINT('',(2.7,-15.4,-3.));
#12308=CARTESIAN_POINT('',(2.38,-15.4,-3.));
#12309=CARTESIAN_POINT('',(2.486666666667,-15.29333333333,-3.106666666667));
#12310=CARTESIAN_POINT('',(2.86,-15.4,-3.));
#12311=CARTESIAN_POINT('Origin',(2.86,-15.,-2.92));
#12312=CARTESIAN_POINT('',(2.7,-15.08,-3.));
#12313=CARTESIAN_POINT('',(2.806666666667,-14.97333333333,-2.893333333333));
#12314=CARTESIAN_POINT('',(2.38,-15.08,-3.));
#12315=CARTESIAN_POINT('',(2.86,-15.08,-3.));
#12316=CARTESIAN_POINT('',(2.38,-15.08,-3.));
#12317=CARTESIAN_POINT('Origin',(0.32,-14.92,3.49));
#12318=CARTESIAN_POINT('',(-0.32,-14.92,3.49));
#12319=CARTESIAN_POINT('Origin',(-0.32,-14.92,-3.));
#12320=CARTESIAN_POINT('',(-0.32,-14.92,-2.84));
#12321=CARTESIAN_POINT('Origin',(0.32,-15.,-2.92));
#12322=CARTESIAN_POINT('',(0.16,-15.08,-3.));
#12323=CARTESIAN_POINT('',(0.266666666667,-14.97333333333,-2.893333333333));
#12324=CARTESIAN_POINT('',(-0.16,-15.08,-3.));
#12325=CARTESIAN_POINT('',(0.32,-15.08,-3.));
#12326=CARTESIAN_POINT('',(-0.16,-15.08,-3.));
#12327=CARTESIAN_POINT('Origin',(0.32,-14.92,3.49));
#12328=CARTESIAN_POINT('',(0.32,-14.92,-2.84));
#12329=CARTESIAN_POINT('Origin',(0.32,-15.48,-2.92));
#12330=CARTESIAN_POINT('',(0.16,-15.4,-3.));
#12331=CARTESIAN_POINT('',(0.16,-15.4,-3.));
#12332=CARTESIAN_POINT('',(-0.16,-15.4,-3.));
#12333=CARTESIAN_POINT('',(-0.05333333333333,-15.29333333333,-3.106666666667));
#12334=CARTESIAN_POINT('',(0.32,-15.4,-3.));
#12335=CARTESIAN_POINT('Origin',(0.32,-2.22,3.49));
#12336=CARTESIAN_POINT('',(-0.32,-2.22,3.49));
#12337=CARTESIAN_POINT('Origin',(-0.32,-2.22,-3.));
#12338=CARTESIAN_POINT('',(-0.32,-2.22,-2.84));
#12339=CARTESIAN_POINT('Origin',(0.32,-2.3,-2.92));
#12340=CARTESIAN_POINT('',(0.16,-2.38,-3.));
#12341=CARTESIAN_POINT('',(0.266666666667,-2.273333333333,-2.893333333333));
#12342=CARTESIAN_POINT('',(-0.16,-2.38,-3.));
#12343=CARTESIAN_POINT('',(0.32,-2.38,-3.));
#12344=CARTESIAN_POINT('',(-0.16,-2.38,-3.));
#12345=CARTESIAN_POINT('Origin',(0.32,-2.22,3.49));
#12346=CARTESIAN_POINT('',(0.32,-2.22,-2.84));
#12347=CARTESIAN_POINT('Origin',(0.32,-2.78,-2.92));
#12348=CARTESIAN_POINT('',(0.16,-2.7,-3.));
#12349=CARTESIAN_POINT('',(0.16,-2.7,-3.));
#12350=CARTESIAN_POINT('',(-0.16,-2.7,-3.));
#12351=CARTESIAN_POINT('',(-0.05333333333333,-2.593333333333,-3.106666666667));
#12352=CARTESIAN_POINT('',(0.32,-2.7,-3.));
#12353=CARTESIAN_POINT('Origin',(2.86,-2.22,0.95));
#12354=CARTESIAN_POINT('',(2.22,-2.22,0.95));
#12355=CARTESIAN_POINT('Origin',(2.22,-2.22,-3.));
#12356=CARTESIAN_POINT('',(2.22,-2.22,-2.84));
#12357=CARTESIAN_POINT('Origin',(2.86,-2.3,-2.92));
#12358=CARTESIAN_POINT('',(2.7,-2.38,-3.));
#12359=CARTESIAN_POINT('',(2.806666666667,-2.273333333333,-2.893333333333));
#12360=CARTESIAN_POINT('',(2.38,-2.38,-3.));
#12361=CARTESIAN_POINT('',(2.86,-2.38,-3.));
#12362=CARTESIAN_POINT('',(2.38,-2.38,-3.));
#12363=CARTESIAN_POINT('Origin',(2.86,-2.22,0.95));
#12364=CARTESIAN_POINT('',(2.86,-2.22,-2.84));
#12365=CARTESIAN_POINT('Origin',(2.86,-2.78,-2.92));
#12366=CARTESIAN_POINT('',(2.7,-2.7,-3.));
#12367=CARTESIAN_POINT('',(2.7,-2.7,-3.));
#12368=CARTESIAN_POINT('',(2.38,-2.7,-3.));
#12369=CARTESIAN_POINT('',(2.486666666667,-2.593333333333,-3.106666666667));
#12370=CARTESIAN_POINT('',(2.86,-2.7,-3.));
#12371=CARTESIAN_POINT('Origin',(0.32,0.32,3.49));
#12372=CARTESIAN_POINT('',(-0.32,0.32,3.49));
#12373=CARTESIAN_POINT('Origin',(-0.32,0.32,-3.));
#12374=CARTESIAN_POINT('',(-0.32,0.32,-2.84));
#12375=CARTESIAN_POINT('Origin',(0.32,0.24,-2.92));
#12376=CARTESIAN_POINT('',(0.16,0.16,-3.));
#12377=CARTESIAN_POINT('',(0.266666666667,0.266666666667,-2.893333333333));
#12378=CARTESIAN_POINT('',(-0.16,0.16,-3.));
#12379=CARTESIAN_POINT('',(0.32,0.16,-3.));
#12380=CARTESIAN_POINT('',(-0.16,0.16,-3.));
#12381=CARTESIAN_POINT('Origin',(0.32,0.32,3.49));
#12382=CARTESIAN_POINT('',(0.32,0.32,-2.84));
#12383=CARTESIAN_POINT('Origin',(0.32,-0.24,-2.92));
#12384=CARTESIAN_POINT('',(0.16,-0.16,-3.));
#12385=CARTESIAN_POINT('',(0.16,-0.16,-3.));
#12386=CARTESIAN_POINT('',(-0.16,-0.16,-3.));
#12387=CARTESIAN_POINT('',(-0.05333333333333,-0.05333333333333,-3.106666666667));
#12388=CARTESIAN_POINT('',(0.32,-0.16,-3.));
#12389=CARTESIAN_POINT('Origin',(2.86,0.32,0.95));
#12390=CARTESIAN_POINT('',(2.22,0.32,0.95));
#12391=CARTESIAN_POINT('Origin',(2.22,0.32,-3.));
#12392=CARTESIAN_POINT('',(2.22,0.32,-2.84));
#12393=CARTESIAN_POINT('Origin',(2.86,0.24,-2.92));
#12394=CARTESIAN_POINT('',(2.7,0.16,-3.));
#12395=CARTESIAN_POINT('',(2.806666666667,0.266666666667,-2.893333333333));
#12396=CARTESIAN_POINT('',(2.38,0.16,-3.));
#12397=CARTESIAN_POINT('',(2.86,0.16,-3.));
#12398=CARTESIAN_POINT('',(2.38,0.16,-3.));
#12399=CARTESIAN_POINT('Origin',(2.86,0.32,0.95));
#12400=CARTESIAN_POINT('',(2.86,0.32,-2.84));
#12401=CARTESIAN_POINT('Origin',(2.86,-0.24,-2.92));
#12402=CARTESIAN_POINT('',(2.7,-0.16,-3.));
#12403=CARTESIAN_POINT('',(2.7,-0.16,-3.));
#12404=CARTESIAN_POINT('',(2.38,-0.16,-3.));
#12405=CARTESIAN_POINT('',(2.486666666667,-0.05333333333333,-3.106666666667));
#12406=CARTESIAN_POINT('',(2.86,-0.16,-3.));
#12407=CARTESIAN_POINT('Origin',(12.5,-12.38,4.05));
#12408=CARTESIAN_POINT('',(12.58,-12.54,3.97));
#12409=CARTESIAN_POINT('',(12.473333333333,-12.43333333333,4.076666666667));
#12410=CARTESIAN_POINT('',(12.58,-12.86,3.97));
#12411=CARTESIAN_POINT('',(12.58,-12.86,3.97));
#12412=CARTESIAN_POINT('',(12.58,-12.38,3.97));
#12413=CARTESIAN_POINT('Origin',(12.5,-12.46,4.13));
#12414=CARTESIAN_POINT('',(12.58,-12.54,3.65));
#12415=CARTESIAN_POINT('',(12.58,-12.54,4.13));
#12416=CARTESIAN_POINT('',(12.58,-12.54,3.65));
#12417=CARTESIAN_POINT('Origin',(12.5,-12.38,3.57));
#12418=CARTESIAN_POINT('',(12.58,-12.86,3.65));
#12419=CARTESIAN_POINT('',(12.58,-12.38,3.65));
#12420=CARTESIAN_POINT('',(12.686666666667,-12.75333333333,3.756666666667));
#12421=CARTESIAN_POINT('Origin',(12.5,-12.94,4.13));
#12422=CARTESIAN_POINT('',(12.58,-12.86,4.13));
#12423=CARTESIAN_POINT('Origin',(12.5,-9.84,3.57));
#12424=CARTESIAN_POINT('',(12.58,-10.,3.65));
#12425=CARTESIAN_POINT('',(12.58,-10.,3.65));
#12426=CARTESIAN_POINT('',(12.58,-10.32,3.65));
#12427=CARTESIAN_POINT('',(12.58,-9.84,3.65));
#12428=CARTESIAN_POINT('',(12.686666666667,-10.21333333333,3.756666666667));
#12429=CARTESIAN_POINT('Origin',(12.5,-10.4,4.13));
#12430=CARTESIAN_POINT('',(12.58,-10.32,3.97));
#12431=CARTESIAN_POINT('',(12.58,-10.32,3.97));
#12432=CARTESIAN_POINT('',(12.58,-10.32,4.13));
#12433=CARTESIAN_POINT('Origin',(12.5,-9.84,4.05));
#12434=CARTESIAN_POINT('',(12.58,-10.,3.97));
#12435=CARTESIAN_POINT('',(12.473333333333,-9.893333333333,4.076666666667));
#12436=CARTESIAN_POINT('',(12.58,-9.84,3.97));
#12437=CARTESIAN_POINT('Origin',(12.5,-9.92,4.13));
#12438=CARTESIAN_POINT('',(12.58,-10.,4.13));
#12439=CARTESIAN_POINT('Origin',(12.5,-4.76,3.57));
#12440=CARTESIAN_POINT('',(12.58,-4.92,3.65));
#12441=CARTESIAN_POINT('',(12.58,-4.92,3.65));
#12442=CARTESIAN_POINT('',(12.58,-5.24,3.65));
#12443=CARTESIAN_POINT('',(12.58,-4.76,3.65));
#12444=CARTESIAN_POINT('',(12.686666666667,-5.133333333333,3.756666666667));
#12445=CARTESIAN_POINT('Origin',(12.5,-5.32,4.13));
#12446=CARTESIAN_POINT('',(12.58,-5.24,3.97));
#12447=CARTESIAN_POINT('',(12.58,-5.24,3.97));
#12448=CARTESIAN_POINT('',(12.58,-5.24,4.13));
#12449=CARTESIAN_POINT('Origin',(12.5,-4.76,4.05));
#12450=CARTESIAN_POINT('',(12.58,-4.92,3.97));
#12451=CARTESIAN_POINT('',(12.473333333333,-4.813333333333,4.076666666667));
#12452=CARTESIAN_POINT('',(12.58,-4.76,3.97));
#12453=CARTESIAN_POINT('Origin',(12.5,-4.84,4.13));
#12454=CARTESIAN_POINT('',(12.58,-4.92,4.13));
#12455=CARTESIAN_POINT('Origin',(12.5,-7.38,4.13));
#12456=CARTESIAN_POINT('',(12.58,-7.46,3.97));
#12457=CARTESIAN_POINT('',(12.473333333333,-7.353333333333,4.076666666667));
#12458=CARTESIAN_POINT('',(12.58,-7.46,3.65));
#12459=CARTESIAN_POINT('',(12.58,-7.46,4.13));
#12460=CARTESIAN_POINT('',(12.58,-7.46,3.65));
#12461=CARTESIAN_POINT('Origin',(12.5,-7.3,3.57));
#12462=CARTESIAN_POINT('',(12.58,-7.78,3.65));
#12463=CARTESIAN_POINT('',(12.58,-7.3,3.65));
#12464=CARTESIAN_POINT('',(12.686666666667,-7.673333333333,3.756666666667));
#12465=CARTESIAN_POINT('Origin',(12.5,-7.86,4.13));
#12466=CARTESIAN_POINT('',(12.58,-7.78,3.97));
#12467=CARTESIAN_POINT('',(12.58,-7.78,3.97));
#12468=CARTESIAN_POINT('',(12.58,-7.78,4.13));
#12469=CARTESIAN_POINT('Origin',(12.5,-7.3,4.05));
#12470=CARTESIAN_POINT('',(12.58,-7.3,3.97));
#12471=CARTESIAN_POINT('Origin',(12.5,-4.76,1.03));
#12472=CARTESIAN_POINT('',(12.58,-4.92,1.11));
#12473=CARTESIAN_POINT('',(12.58,-4.92,1.11));
#12474=CARTESIAN_POINT('',(12.58,-5.24,1.11));
#12475=CARTESIAN_POINT('',(12.58,-4.76,1.11));
#12476=CARTESIAN_POINT('',(12.686666666667,-5.133333333333,1.216666666667));
#12477=CARTESIAN_POINT('Origin',(12.5,-5.32,1.59));
#12478=CARTESIAN_POINT('',(12.58,-5.24,1.43));
#12479=CARTESIAN_POINT('',(12.58,-5.24,1.43));
#12480=CARTESIAN_POINT('',(12.58,-5.24,1.59));
#12481=CARTESIAN_POINT('Origin',(12.5,-4.76,1.51));
#12482=CARTESIAN_POINT('',(12.58,-4.92,1.43));
#12483=CARTESIAN_POINT('',(12.473333333333,-4.813333333333,1.536666666667));
#12484=CARTESIAN_POINT('',(12.58,-4.76,1.43));
#12485=CARTESIAN_POINT('Origin',(12.5,-4.84,1.59));
#12486=CARTESIAN_POINT('',(12.58,-4.92,1.59));
#12487=CARTESIAN_POINT('Origin',(12.5,-7.3,1.51));
#12488=CARTESIAN_POINT('',(12.58,-7.46,1.43));
#12489=CARTESIAN_POINT('',(12.473333333333,-7.353333333333,1.536666666667));
#12490=CARTESIAN_POINT('',(12.58,-7.78,1.43));
#12491=CARTESIAN_POINT('',(12.58,-7.78,1.43));
#12492=CARTESIAN_POINT('',(12.58,-7.3,1.43));
#12493=CARTESIAN_POINT('Origin',(12.5,-7.38,1.59));
#12494=CARTESIAN_POINT('',(12.58,-7.46,1.11));
#12495=CARTESIAN_POINT('',(12.58,-7.46,1.59));
#12496=CARTESIAN_POINT('',(12.58,-7.46,1.11));
#12497=CARTESIAN_POINT('Origin',(12.5,-7.3,1.03));
#12498=CARTESIAN_POINT('',(12.58,-7.78,1.11));
#12499=CARTESIAN_POINT('',(12.58,-7.3,1.11));
#12500=CARTESIAN_POINT('',(12.686666666667,-7.673333333333,1.216666666667));
#12501=CARTESIAN_POINT('Origin',(12.5,-7.86,1.59));
#12502=CARTESIAN_POINT('',(12.58,-7.78,1.59));
#12503=CARTESIAN_POINT('Origin',(12.5,-9.84,1.51));
#12504=CARTESIAN_POINT('',(12.58,-10.,1.43));
#12505=CARTESIAN_POINT('',(12.473333333333,-9.893333333333,1.536666666667));
#12506=CARTESIAN_POINT('',(12.58,-10.32,1.43));
#12507=CARTESIAN_POINT('',(12.58,-10.32,1.43));
#12508=CARTESIAN_POINT('',(12.58,-9.84,1.43));
#12509=CARTESIAN_POINT('Origin',(12.5,-9.92,1.59));
#12510=CARTESIAN_POINT('',(12.58,-10.,1.11));
#12511=CARTESIAN_POINT('',(12.58,-10.,1.59));
#12512=CARTESIAN_POINT('',(12.58,-10.,1.11));
#12513=CARTESIAN_POINT('Origin',(12.5,-9.84,1.03));
#12514=CARTESIAN_POINT('',(12.58,-10.32,1.11));
#12515=CARTESIAN_POINT('',(12.58,-9.84,1.11));
#12516=CARTESIAN_POINT('',(12.686666666667,-10.21333333333,1.216666666667));
#12517=CARTESIAN_POINT('Origin',(12.5,-10.4,1.59));
#12518=CARTESIAN_POINT('',(12.58,-10.32,1.59));
#12519=CARTESIAN_POINT('Origin',(12.5,-12.38,1.03));
#12520=CARTESIAN_POINT('',(12.58,-12.54,1.11));
#12521=CARTESIAN_POINT('',(12.58,-12.54,1.11));
#12522=CARTESIAN_POINT('',(12.58,-12.86,1.11));
#12523=CARTESIAN_POINT('',(12.58,-12.38,1.11));
#12524=CARTESIAN_POINT('',(12.686666666667,-12.75333333333,1.216666666667));
#12525=CARTESIAN_POINT('Origin',(12.5,-12.94,1.59));
#12526=CARTESIAN_POINT('',(12.58,-12.86,1.43));
#12527=CARTESIAN_POINT('',(12.58,-12.86,1.43));
#12528=CARTESIAN_POINT('',(12.58,-12.86,1.59));
#12529=CARTESIAN_POINT('Origin',(12.5,-12.38,1.51));
#12530=CARTESIAN_POINT('',(12.58,-12.54,1.43));
#12531=CARTESIAN_POINT('',(12.473333333333,-12.43333333333,1.536666666667));
#12532=CARTESIAN_POINT('',(12.58,-12.38,1.43));
#12533=CARTESIAN_POINT('Origin',(12.5,-12.46,1.59));
#12534=CARTESIAN_POINT('',(12.58,-12.54,1.59));
#12535=CARTESIAN_POINT('Origin',(12.5,-14.92,1.03));
#12536=CARTESIAN_POINT('',(12.58,-15.08,1.11));
#12537=CARTESIAN_POINT('',(12.58,-15.08,1.11));
#12538=CARTESIAN_POINT('',(12.58,-15.4,1.11));
#12539=CARTESIAN_POINT('',(12.58,-14.92,1.11));
#12540=CARTESIAN_POINT('',(12.686666666667,-15.29333333333,1.216666666667));
#12541=CARTESIAN_POINT('Origin',(12.5,-15.48,1.59));
#12542=CARTESIAN_POINT('',(12.58,-15.4,1.43));
#12543=CARTESIAN_POINT('',(12.58,-15.4,1.43));
#12544=CARTESIAN_POINT('',(12.58,-15.4,1.59));
#12545=CARTESIAN_POINT('Origin',(12.5,-14.92,1.51));
#12546=CARTESIAN_POINT('',(12.58,-15.08,1.43));
#12547=CARTESIAN_POINT('',(12.473333333333,-14.97333333333,1.536666666667));
#12548=CARTESIAN_POINT('',(12.58,-14.92,1.43));
#12549=CARTESIAN_POINT('Origin',(12.5,-15.,1.59));
#12550=CARTESIAN_POINT('',(12.58,-15.08,1.59));
#12551=CARTESIAN_POINT('Origin',(12.5,-14.92,4.05));
#12552=CARTESIAN_POINT('',(12.58,-15.08,3.97));
#12553=CARTESIAN_POINT('',(12.473333333333,-14.97333333333,4.076666666667));
#12554=CARTESIAN_POINT('',(12.58,-15.4,3.97));
#12555=CARTESIAN_POINT('',(12.58,-15.4,3.97));
#12556=CARTESIAN_POINT('',(12.58,-14.92,3.97));
#12557=CARTESIAN_POINT('Origin',(12.5,-15.,4.13));
#12558=CARTESIAN_POINT('',(12.58,-15.08,3.65));
#12559=CARTESIAN_POINT('',(12.58,-15.08,4.13));
#12560=CARTESIAN_POINT('',(12.58,-15.08,3.65));
#12561=CARTESIAN_POINT('Origin',(12.5,-14.92,3.57));
#12562=CARTESIAN_POINT('',(12.58,-15.4,3.65));
#12563=CARTESIAN_POINT('',(12.58,-14.92,3.65));
#12564=CARTESIAN_POINT('',(12.686666666667,-15.29333333333,3.756666666667));
#12565=CARTESIAN_POINT('Origin',(12.5,-15.48,4.13));
#12566=CARTESIAN_POINT('',(12.58,-15.4,4.13));
#12567=CARTESIAN_POINT('Origin',(12.5,-2.3,4.13));
#12568=CARTESIAN_POINT('',(12.58,-2.38,3.97));
#12569=CARTESIAN_POINT('',(12.473333333333,-2.273333333333,4.076666666667));
#12570=CARTESIAN_POINT('',(12.58,-2.38,3.65));
#12571=CARTESIAN_POINT('',(12.58,-2.38,4.13));
#12572=CARTESIAN_POINT('',(12.58,-2.38,3.65));
#12573=CARTESIAN_POINT('Origin',(12.5,-2.22,3.57));
#12574=CARTESIAN_POINT('',(12.58,-2.7,3.65));
#12575=CARTESIAN_POINT('',(12.58,-2.22,3.65));
#12576=CARTESIAN_POINT('',(12.686666666667,-2.593333333333,3.756666666667));
#12577=CARTESIAN_POINT('Origin',(12.5,-2.78,4.13));
#12578=CARTESIAN_POINT('',(12.58,-2.7,3.97));
#12579=CARTESIAN_POINT('',(12.58,-2.7,3.97));
#12580=CARTESIAN_POINT('',(12.58,-2.7,4.13));
#12581=CARTESIAN_POINT('Origin',(12.5,-2.22,4.05));
#12582=CARTESIAN_POINT('',(12.58,-2.22,3.97));
#12583=CARTESIAN_POINT('Origin',(12.5,-2.22,1.51));
#12584=CARTESIAN_POINT('',(12.58,-2.38,1.43));
#12585=CARTESIAN_POINT('',(12.473333333333,-2.273333333333,1.536666666667));
#12586=CARTESIAN_POINT('',(12.58,-2.7,1.43));
#12587=CARTESIAN_POINT('',(12.58,-2.7,1.43));
#12588=CARTESIAN_POINT('',(12.58,-2.22,1.43));
#12589=CARTESIAN_POINT('Origin',(12.5,-2.3,1.59));
#12590=CARTESIAN_POINT('',(12.58,-2.38,1.11));
#12591=CARTESIAN_POINT('',(12.58,-2.38,1.59));
#12592=CARTESIAN_POINT('',(12.58,-2.38,1.11));
#12593=CARTESIAN_POINT('Origin',(12.5,-2.22,1.03));
#12594=CARTESIAN_POINT('',(12.58,-2.7,1.11));
#12595=CARTESIAN_POINT('',(12.58,-2.22,1.11));
#12596=CARTESIAN_POINT('',(12.686666666667,-2.593333333333,1.216666666667));
#12597=CARTESIAN_POINT('Origin',(12.5,-2.78,1.59));
#12598=CARTESIAN_POINT('',(12.58,-2.7,1.59));
#12599=CARTESIAN_POINT('Origin',(12.5,0.24,4.13));
#12600=CARTESIAN_POINT('',(12.58,0.16,3.97));
#12601=CARTESIAN_POINT('',(12.473333333333,0.266666666667,4.076666666667));
#12602=CARTESIAN_POINT('',(12.58,0.16,3.65));
#12603=CARTESIAN_POINT('',(12.58,0.16,4.13));
#12604=CARTESIAN_POINT('',(12.58,0.16,3.65));
#12605=CARTESIAN_POINT('Origin',(12.5,0.32,3.57));
#12606=CARTESIAN_POINT('',(12.58,-0.16,3.65));
#12607=CARTESIAN_POINT('',(12.58,0.32,3.65));
#12608=CARTESIAN_POINT('',(12.686666666667,-0.05333333333334,3.756666666667));
#12609=CARTESIAN_POINT('Origin',(12.5,-0.24,4.13));
#12610=CARTESIAN_POINT('',(12.58,-0.16,3.97));
#12611=CARTESIAN_POINT('',(12.58,-0.16,3.97));
#12612=CARTESIAN_POINT('',(12.58,-0.16,4.13));
#12613=CARTESIAN_POINT('Origin',(12.5,0.32,4.05));
#12614=CARTESIAN_POINT('',(12.58,0.32,3.97));
#12615=CARTESIAN_POINT('Origin',(12.5,0.24,1.59));
#12616=CARTESIAN_POINT('',(12.58,0.16,1.43));
#12617=CARTESIAN_POINT('',(12.473333333333,0.266666666667,1.536666666667));
#12618=CARTESIAN_POINT('',(12.58,0.16,1.11));
#12619=CARTESIAN_POINT('',(12.58,0.16,1.59));
#12620=CARTESIAN_POINT('',(12.58,0.16,1.11));
#12621=CARTESIAN_POINT('Origin',(12.5,0.32,1.03));
#12622=CARTESIAN_POINT('',(12.58,-0.16,1.11));
#12623=CARTESIAN_POINT('',(12.58,0.32,1.11));
#12624=CARTESIAN_POINT('',(12.686666666667,-0.05333333333333,1.216666666667));
#12625=CARTESIAN_POINT('Origin',(12.5,-0.24,1.59));
#12626=CARTESIAN_POINT('',(12.58,-0.16,1.43));
#12627=CARTESIAN_POINT('',(12.58,-0.16,1.43));
#12628=CARTESIAN_POINT('',(12.58,-0.16,1.59));
#12629=CARTESIAN_POINT('Origin',(12.5,0.32,1.51));
#12630=CARTESIAN_POINT('',(12.58,0.32,1.43));
#12631=CARTESIAN_POINT('Origin',(-0.24,-12.38,-2.92));
#12632=CARTESIAN_POINT('',(-0.16,-12.38,-3.));
#12633=CARTESIAN_POINT('Origin',(0.24,-12.38,-2.92));
#12634=CARTESIAN_POINT('',(0.16,-12.38,-3.));
#12635=CARTESIAN_POINT('Origin',(0.32,-12.38,-3.));
#12636=CARTESIAN_POINT('Origin',(0.24,-9.84,-2.92));
#12637=CARTESIAN_POINT('',(0.16,-9.84,-3.));
#12638=CARTESIAN_POINT('Origin',(-0.24,-9.84,-2.92));
#12639=CARTESIAN_POINT('',(-0.16,-9.84,-3.));
#12640=CARTESIAN_POINT('Origin',(0.32,-9.84,-3.));
#12641=CARTESIAN_POINT('Origin',(0.24,-4.76,-2.92));
#12642=CARTESIAN_POINT('',(0.16,-4.76,-3.));
#12643=CARTESIAN_POINT('Origin',(-0.24,-4.76,-2.92));
#12644=CARTESIAN_POINT('',(-0.16,-4.76,-3.));
#12645=CARTESIAN_POINT('Origin',(0.32,-4.76,-3.));
#12646=CARTESIAN_POINT('Origin',(-0.24,-7.3,-2.92));
#12647=CARTESIAN_POINT('',(-0.16,-7.3,-3.));
#12648=CARTESIAN_POINT('Origin',(0.24,-7.3,-2.92));
#12649=CARTESIAN_POINT('',(0.16,-7.3,-3.));
#12650=CARTESIAN_POINT('Origin',(0.32,-7.3,-3.));
#12651=CARTESIAN_POINT('Origin',(2.78,-4.76,-2.92));
#12652=CARTESIAN_POINT('',(2.7,-4.76,-3.));
#12653=CARTESIAN_POINT('Origin',(2.3,-4.76,-2.92));
#12654=CARTESIAN_POINT('',(2.38,-4.76,-3.));
#12655=CARTESIAN_POINT('Origin',(2.86,-4.76,-3.));
#12656=CARTESIAN_POINT('Origin',(2.3,-7.3,-2.92));
#12657=CARTESIAN_POINT('',(2.38,-7.3,-3.));
#12658=CARTESIAN_POINT('Origin',(2.78,-7.3,-2.92));
#12659=CARTESIAN_POINT('',(2.7,-7.3,-3.));
#12660=CARTESIAN_POINT('Origin',(2.86,-7.3,-3.));
#12661=CARTESIAN_POINT('Origin',(2.3,-9.84,-2.92));
#12662=CARTESIAN_POINT('',(2.38,-9.84,-3.));
#12663=CARTESIAN_POINT('Origin',(2.78,-9.84,-2.92));
#12664=CARTESIAN_POINT('',(2.7,-9.84,-3.));
#12665=CARTESIAN_POINT('Origin',(2.86,-9.84,-3.));
#12666=CARTESIAN_POINT('Origin',(2.78,-12.38,-2.92));
#12667=CARTESIAN_POINT('',(2.7,-12.38,-3.));
#12668=CARTESIAN_POINT('Origin',(2.3,-12.38,-2.92));
#12669=CARTESIAN_POINT('',(2.38,-12.38,-3.));
#12670=CARTESIAN_POINT('Origin',(2.86,-12.38,-3.));
#12671=CARTESIAN_POINT('Origin',(2.78,-14.92,-2.92));
#12672=CARTESIAN_POINT('',(2.7,-14.92,-3.));
#12673=CARTESIAN_POINT('Origin',(2.3,-14.92,-2.92));
#12674=CARTESIAN_POINT('',(2.38,-14.92,-3.));
#12675=CARTESIAN_POINT('Origin',(2.86,-14.92,-3.));
#12676=CARTESIAN_POINT('Origin',(-0.24,-14.92,-2.92));
#12677=CARTESIAN_POINT('',(-0.16,-14.92,-3.));
#12678=CARTESIAN_POINT('Origin',(0.24,-14.92,-2.92));
#12679=CARTESIAN_POINT('',(0.16,-14.92,-3.));
#12680=CARTESIAN_POINT('Origin',(0.32,-14.92,-3.));
#12681=CARTESIAN_POINT('Origin',(-0.24,-2.22,-2.92));
#12682=CARTESIAN_POINT('',(-0.16,-2.22,-3.));
#12683=CARTESIAN_POINT('Origin',(0.24,-2.22,-2.92));
#12684=CARTESIAN_POINT('',(0.16,-2.22,-3.));
#12685=CARTESIAN_POINT('Origin',(0.32,-2.22,-3.));
#12686=CARTESIAN_POINT('Origin',(2.3,-2.22,-2.92));
#12687=CARTESIAN_POINT('',(2.38,-2.22,-3.));
#12688=CARTESIAN_POINT('Origin',(2.78,-2.22,-2.92));
#12689=CARTESIAN_POINT('',(2.7,-2.22,-3.));
#12690=CARTESIAN_POINT('Origin',(2.86,-2.22,-3.));
#12691=CARTESIAN_POINT('Origin',(-0.24,0.32,-2.92));
#12692=CARTESIAN_POINT('',(-0.16,0.32,-3.));
#12693=CARTESIAN_POINT('Origin',(0.24,0.32,-2.92));
#12694=CARTESIAN_POINT('',(0.16,0.32,-3.));
#12695=CARTESIAN_POINT('Origin',(0.32,0.32,-3.));
#12696=CARTESIAN_POINT('Origin',(2.3,0.32,-2.92));
#12697=CARTESIAN_POINT('',(2.38,0.32,-3.));
#12698=CARTESIAN_POINT('Origin',(2.78,0.32,-2.92));
#12699=CARTESIAN_POINT('',(2.7,0.32,-3.));
#12700=CARTESIAN_POINT('Origin',(2.86,0.32,-3.));
#12701=CARTESIAN_POINT('Origin',(12.58,-12.38,4.13));
#12702=CARTESIAN_POINT('Origin',(12.58,-9.84,4.13));
#12703=CARTESIAN_POINT('Origin',(12.58,-4.76,4.13));
#12704=CARTESIAN_POINT('Origin',(12.58,-7.3,4.13));
#12705=CARTESIAN_POINT('Origin',(12.58,-4.76,1.59));
#12706=CARTESIAN_POINT('Origin',(12.58,-7.3,1.59));
#12707=CARTESIAN_POINT('Origin',(12.58,-9.84,1.59));
#12708=CARTESIAN_POINT('Origin',(12.58,-12.38,1.59));
#12709=CARTESIAN_POINT('Origin',(12.58,-14.92,1.59));
#12710=CARTESIAN_POINT('Origin',(12.58,-14.92,4.13));
#12711=CARTESIAN_POINT('Origin',(12.58,-2.22,4.13));
#12712=CARTESIAN_POINT('Origin',(12.58,-2.22,1.59));
#12713=CARTESIAN_POINT('Origin',(12.58,0.32,4.13));
#12714=CARTESIAN_POINT('Origin',(12.58,0.32,1.59));
#12715=CARTESIAN_POINT('',(0.,0.,0.));
#12716=CARTESIAN_POINT('Origin',(11.750000747075,15.000000747075,0.));
#12717=CARTESIAN_POINT('',(11.75,16.,0.));
#12718=CARTESIAN_POINT('',(11.75,16.,1.51));
#12719=CARTESIAN_POINT('',(11.75,16.,0.));
#12720=CARTESIAN_POINT('',(12.75,15.,1.51));
#12721=CARTESIAN_POINT('Origin',(11.750000747075,15.000000747075,1.51));
#12722=CARTESIAN_POINT('',(12.75,15.,0.));
#12723=CARTESIAN_POINT('',(12.75,15.,0.));
#12724=CARTESIAN_POINT('Origin',(11.750000747075,15.000000747075,0.));
#12725=CARTESIAN_POINT('Origin',(-11.75,16.,0.));
#12726=CARTESIAN_POINT('',(-11.75,16.,0.));
#12727=CARTESIAN_POINT('',(-11.75,16.,1.51));
#12728=CARTESIAN_POINT('',(-11.75,16.,0.));
#12729=CARTESIAN_POINT('',(-11.75,16.,1.51));
#12730=CARTESIAN_POINT('',(-11.75,16.,0.));
#12731=CARTESIAN_POINT('Origin',(12.75,15.,0.));
#12732=CARTESIAN_POINT('',(12.75,-15.,1.51));
#12733=CARTESIAN_POINT('',(12.75,15.,1.51));
#12734=CARTESIAN_POINT('',(12.75,-15.,0.));
#12735=CARTESIAN_POINT('',(12.75,-15.,0.));
#12736=CARTESIAN_POINT('',(12.75,15.,0.));
#12737=CARTESIAN_POINT('Origin',(0.,0.,0.));
#12738=CARTESIAN_POINT('',(11.75,-16.,0.));
#12739=CARTESIAN_POINT('Origin',(11.750000747075,-15.00000074707,0.));
#12740=CARTESIAN_POINT('',(-11.75,-16.,0.));
#12741=CARTESIAN_POINT('',(11.75,-16.,0.));
#12742=CARTESIAN_POINT('',(-12.75,-15.,0.));
#12743=CARTESIAN_POINT('Origin',(-11.75000074707,-15.00000074707,0.));
#12744=CARTESIAN_POINT('',(-12.75,15.,0.));
#12745=CARTESIAN_POINT('',(-12.75,-15.,0.));
#12746=CARTESIAN_POINT('Origin',(-11.75000074707,15.000000747075,0.));
#12747=CARTESIAN_POINT('',(5.,-9.4,0.));
#12748=CARTESIAN_POINT('Origin',(5.,-10.5,0.));
#12749=CARTESIAN_POINT('',(-5.,3.1,0.));
#12750=CARTESIAN_POINT('Origin',(-5.,2.,0.));
#12751=CARTESIAN_POINT('',(-7.64,9.88,0.));
#12752=CARTESIAN_POINT('Origin',(-7.64,9.38,0.));
#12753=CARTESIAN_POINT('',(-5.1,9.88,0.));
#12754=CARTESIAN_POINT('Origin',(-5.1,9.38,0.));
#12755=CARTESIAN_POINT('',(-7.64,12.42,0.));
#12756=CARTESIAN_POINT('Origin',(-7.64,11.92,0.));
#12757=CARTESIAN_POINT('',(-5.1,12.42,0.));
#12758=CARTESIAN_POINT('Origin',(-5.1,11.92,0.));
#12759=CARTESIAN_POINT('',(-2.560001,9.88,0.));
#12760=CARTESIAN_POINT('Origin',(-2.560001,9.38,0.));
#12761=CARTESIAN_POINT('',(-2.56,12.42,0.));
#12762=CARTESIAN_POINT('Origin',(-2.56,11.92,0.));
#12763=CARTESIAN_POINT('',(-0.02,9.88,0.));
#12764=CARTESIAN_POINT('Origin',(-0.02,9.38,0.));
#12765=CARTESIAN_POINT('',(2.52,9.88,0.));
#12766=CARTESIAN_POINT('Origin',(2.52,9.38,0.));
#12767=CARTESIAN_POINT('',(-0.02,12.42,0.));
#12768=CARTESIAN_POINT('Origin',(-0.02,11.92,0.));
#12769=CARTESIAN_POINT('',(2.52,12.42,0.));
#12770=CARTESIAN_POINT('Origin',(2.52,11.92,0.));
#12771=CARTESIAN_POINT('',(5.06,9.88,0.));
#12772=CARTESIAN_POINT('Origin',(5.06,9.38,0.));
#12773=CARTESIAN_POINT('',(7.6,9.88,0.));
#12774=CARTESIAN_POINT('Origin',(7.6,9.38,0.));
#12775=CARTESIAN_POINT('',(5.06,12.42,0.));
#12776=CARTESIAN_POINT('Origin',(5.06,11.92,0.));
#12777=CARTESIAN_POINT('',(7.6,12.42,0.));
#12778=CARTESIAN_POINT('Origin',(7.6,11.92,0.));
#12779=CARTESIAN_POINT('Origin',(0.,0.,1.51));
#12780=CARTESIAN_POINT('',(-12.75,15.,1.51));
#12781=CARTESIAN_POINT('Origin',(-11.75000074707,15.000000747075,1.51));
#12782=CARTESIAN_POINT('',(-12.75,-15.,1.51));
#12783=CARTESIAN_POINT('',(-12.75,-15.,1.51));
#12784=CARTESIAN_POINT('',(-11.75,-16.,1.51));
#12785=CARTESIAN_POINT('Origin',(-11.75000074707,-15.00000074707,1.51));
#12786=CARTESIAN_POINT('',(11.75,-16.,1.51));
#12787=CARTESIAN_POINT('',(11.75,-16.,1.51));
#12788=CARTESIAN_POINT('Origin',(11.750000747075,-15.00000074707,1.51));
#12789=CARTESIAN_POINT('',(5.,-9.4,1.51));
#12790=CARTESIAN_POINT('Origin',(5.,-10.5,1.51));
#12791=CARTESIAN_POINT('',(-5.,3.1,1.51));
#12792=CARTESIAN_POINT('Origin',(-5.,2.,1.51));
#12793=CARTESIAN_POINT('',(-7.64,9.88,1.51));
#12794=CARTESIAN_POINT('Origin',(-7.64,9.38,1.51));
#12795=CARTESIAN_POINT('',(-5.1,9.88,1.51));
#12796=CARTESIAN_POINT('Origin',(-5.1,9.38,1.51));
#12797=CARTESIAN_POINT('',(-7.64,12.42,1.51));
#12798=CARTESIAN_POINT('Origin',(-7.64,11.92,1.51));
#12799=CARTESIAN_POINT('',(-5.1,12.42,1.51));
#12800=CARTESIAN_POINT('Origin',(-5.1,11.92,1.51));
#12801=CARTESIAN_POINT('',(-2.560001,9.88,1.51));
#12802=CARTESIAN_POINT('Origin',(-2.560001,9.38,1.51));
#12803=CARTESIAN_POINT('',(-2.56,12.42,1.51));
#12804=CARTESIAN_POINT('Origin',(-2.56,11.92,1.51));
#12805=CARTESIAN_POINT('',(-0.02,9.88,1.51));
#12806=CARTESIAN_POINT('Origin',(-0.02,9.38,1.51));
#12807=CARTESIAN_POINT('',(2.52,9.88,1.51));
#12808=CARTESIAN_POINT('Origin',(2.52,9.38,1.51));
#12809=CARTESIAN_POINT('',(-0.02,12.42,1.51));
#12810=CARTESIAN_POINT('Origin',(-0.02,11.92,1.51));
#12811=CARTESIAN_POINT('',(2.52,12.42,1.51));
#12812=CARTESIAN_POINT('Origin',(2.52,11.92,1.51));
#12813=CARTESIAN_POINT('',(5.06,9.88,1.51));
#12814=CARTESIAN_POINT('Origin',(5.06,9.38,1.51));
#12815=CARTESIAN_POINT('',(7.6,9.88,1.51));
#12816=CARTESIAN_POINT('Origin',(7.6,9.38,1.51));
#12817=CARTESIAN_POINT('',(5.06,12.42,1.51));
#12818=CARTESIAN_POINT('Origin',(5.06,11.92,1.51));
#12819=CARTESIAN_POINT('',(7.6,12.42,1.51));
#12820=CARTESIAN_POINT('Origin',(7.6,11.92,1.51));
#12821=CARTESIAN_POINT('Origin',(-11.75000074707,15.000000747075,0.));
#12822=CARTESIAN_POINT('',(-12.75,15.,0.));
#12823=CARTESIAN_POINT('Origin',(11.750000747075,-15.00000074707,0.));
#12824=CARTESIAN_POINT('',(11.75,-16.,0.));
#12825=CARTESIAN_POINT('Origin',(-12.75,-15.,0.));
#12826=CARTESIAN_POINT('',(-12.75,-15.,0.));
#12827=CARTESIAN_POINT('Origin',(11.75,-16.,0.));
#12828=CARTESIAN_POINT('',(-11.75,-16.,0.));
#12829=CARTESIAN_POINT('Origin',(-11.75000074707,-15.00000074707,0.));
#12830=CARTESIAN_POINT('Origin',(5.,-10.5,-0.046));
#12831=CARTESIAN_POINT('',(5.,-9.4,-0.046));
#12832=CARTESIAN_POINT('Origin',(-5.,2.,-0.046));
#12833=CARTESIAN_POINT('',(-5.,3.1,-0.046));
#12834=CARTESIAN_POINT('Origin',(-7.64,9.38,-0.046));
#12835=CARTESIAN_POINT('',(-7.64,9.88,-0.046));
#12836=CARTESIAN_POINT('Origin',(-5.1,9.38,-0.046));
#12837=CARTESIAN_POINT('',(-5.1,9.88,-0.046));
#12838=CARTESIAN_POINT('Origin',(-7.64,11.92,-0.046));
#12839=CARTESIAN_POINT('',(-7.64,12.42,-0.046));
#12840=CARTESIAN_POINT('Origin',(-5.1,11.92,-0.046));
#12841=CARTESIAN_POINT('',(-5.1,12.42,-0.046));
#12842=CARTESIAN_POINT('Origin',(-2.560001,9.38,-0.046));
#12843=CARTESIAN_POINT('',(-2.560001,9.88,-0.046));
#12844=CARTESIAN_POINT('Origin',(-2.56,11.92,-0.046));
#12845=CARTESIAN_POINT('',(-2.56,12.42,-0.046));
#12846=CARTESIAN_POINT('Origin',(-0.02,9.38,-0.046));
#12847=CARTESIAN_POINT('',(-0.02,9.88,-0.046));
#12848=CARTESIAN_POINT('Origin',(2.52,9.38,-0.046));
#12849=CARTESIAN_POINT('',(2.52,9.88,-0.046));
#12850=CARTESIAN_POINT('Origin',(-0.02,11.92,-0.046));
#12851=CARTESIAN_POINT('',(-0.02,12.42,-0.046));
#12852=CARTESIAN_POINT('Origin',(2.52,11.92,-0.046));
#12853=CARTESIAN_POINT('',(2.52,12.42,-0.046));
#12854=CARTESIAN_POINT('Origin',(5.06,9.38,-0.046));
#12855=CARTESIAN_POINT('',(5.06,9.88,-0.046));
#12856=CARTESIAN_POINT('Origin',(7.6,9.38,-0.046));
#12857=CARTESIAN_POINT('',(7.6,9.88,-0.046));
#12858=CARTESIAN_POINT('Origin',(5.06,11.92,-0.046));
#12859=CARTESIAN_POINT('',(5.06,12.42,-0.046));
#12860=CARTESIAN_POINT('Origin',(7.6,11.92,-0.046));
#12861=CARTESIAN_POINT('',(7.6,12.42,-0.046));
#12862=CARTESIAN_POINT('',(0.,0.,0.));
#12863=CARTESIAN_POINT('Origin',(-1.,-0.6,0.));
#12864=CARTESIAN_POINT('',(-1.,-0.6,0.045));
#12865=CARTESIAN_POINT('',(-1.,-0.6,0.405));
#12866=CARTESIAN_POINT('',(-1.,-0.6,0.));
#12867=CARTESIAN_POINT('',(-1.,0.6,0.405));
#12868=CARTESIAN_POINT('',(-1.,-0.6,0.405));
#12869=CARTESIAN_POINT('',(-1.,0.6,0.045));
#12870=CARTESIAN_POINT('',(-1.,0.6,0.));
#12871=CARTESIAN_POINT('',(-1.,-0.6,0.045));
#12872=CARTESIAN_POINT('Origin',(-1.,-0.6,0.));
#12873=CARTESIAN_POINT('',(-0.955,-0.6,-2.775557561563E-17));
#12874=CARTESIAN_POINT('',(-0.745,-0.6,-2.775557561563E-17));
#12875=CARTESIAN_POINT('',(-1.,-0.6,0.));
#12876=CARTESIAN_POINT('',(-0.7,-0.6,0.045));
#12877=CARTESIAN_POINT('Origin',(-0.745,-0.6,0.045));
#12878=CARTESIAN_POINT('',(-0.955,-0.6,0.045));
#12879=CARTESIAN_POINT('',(-0.955,-0.6,0.045));
#12880=CARTESIAN_POINT('',(-0.955,-0.6,0.405));
#12881=CARTESIAN_POINT('',(-0.955,-0.6,0.045));
#12882=CARTESIAN_POINT('',(-0.7,-0.6,0.405));
#12883=CARTESIAN_POINT('',(-0.955,-0.6,0.405));
#12884=CARTESIAN_POINT('',(-0.745,-0.6,0.45));
#12885=CARTESIAN_POINT('Origin',(-0.745,-0.6,0.405));
#12886=CARTESIAN_POINT('',(-0.955,-0.6,0.45));
#12887=CARTESIAN_POINT('',(-1.,-0.6,0.45));
#12888=CARTESIAN_POINT('Origin',(-0.955,-0.6,0.405));
#12889=CARTESIAN_POINT('Origin',(-0.955,-0.6,0.045));
#12890=CARTESIAN_POINT('Origin',(-0.955,-0.6,0.045));
#12891=CARTESIAN_POINT('',(-0.955,0.6,-2.775557561563E-17));
#12892=CARTESIAN_POINT('Origin',(-0.955,0.6,0.045));
#12893=CARTESIAN_POINT('',(-0.955,-0.6,-2.775557561563E-17));
#12894=CARTESIAN_POINT('Origin',(-0.955,-0.6,0.405));
#12895=CARTESIAN_POINT('',(-0.955,0.6,0.45));
#12896=CARTESIAN_POINT('',(-0.955,-0.6,0.45));
#12897=CARTESIAN_POINT('Origin',(-0.955,0.6,0.405));
#12898=CARTESIAN_POINT('Origin',(-1.,0.6,0.));
#12899=CARTESIAN_POINT('',(-0.745,0.6,-2.775557561563E-17));
#12900=CARTESIAN_POINT('',(-1.,0.6,0.));
#12901=CARTESIAN_POINT('',(-0.745,0.6,0.45));
#12902=CARTESIAN_POINT('',(-1.,0.6,0.45));
#12903=CARTESIAN_POINT('',(-0.7,0.6,0.405));
#12904=CARTESIAN_POINT('Origin',(-0.745,0.6,0.405));
#12905=CARTESIAN_POINT('',(-0.955,0.6,0.405));
#12906=CARTESIAN_POINT('',(-0.955,0.6,0.405));
#12907=CARTESIAN_POINT('',(-0.955,0.6,0.045));
#12908=CARTESIAN_POINT('',(-0.955,0.6,0.045));
#12909=CARTESIAN_POINT('',(-0.7,0.6,0.045));
#12910=CARTESIAN_POINT('',(-0.955,0.6,0.045));
#12911=CARTESIAN_POINT('Origin',(-0.745,0.6,0.045));
#12912=CARTESIAN_POINT('Origin',(-1.,-0.6,0.));
#12913=CARTESIAN_POINT('',(-0.745,-0.6,-2.775557561563E-17));
#12914=CARTESIAN_POINT('Origin',(-0.745,-0.6,0.045));
#12915=CARTESIAN_POINT('',(-0.7,-0.6,0.045));
#12916=CARTESIAN_POINT('Origin',(-0.955,-0.6,0.045));
#12917=CARTESIAN_POINT('',(0.7,-0.6,0.045));
#12918=CARTESIAN_POINT('',(-0.955,-0.6,0.045));
#12919=CARTESIAN_POINT('',(0.955,-0.6,0.045));
#12920=CARTESIAN_POINT('',(-0.955,-0.6,0.045));
#12921=CARTESIAN_POINT('',(0.955,-0.6,0.405));
#12922=CARTESIAN_POINT('',(0.955,-0.6,0.045));
#12923=CARTESIAN_POINT('',(0.7,-0.6,0.405));
#12924=CARTESIAN_POINT('',(-0.955,-0.6,0.405));
#12925=CARTESIAN_POINT('',(-0.7,-0.6,0.405));
#12926=CARTESIAN_POINT('Origin',(-1.,-0.6,0.45));
#12927=CARTESIAN_POINT('',(-0.745,-0.6,0.45));
#12928=CARTESIAN_POINT('Origin',(-0.745,-0.6,0.405));
#12929=CARTESIAN_POINT('',(-0.7,-0.6,0.405));
#12930=CARTESIAN_POINT('Origin',(-0.955,0.6,0.045));
#12931=CARTESIAN_POINT('',(0.7,0.6,0.405));
#12932=CARTESIAN_POINT('',(-0.7,0.6,0.405));
#12933=CARTESIAN_POINT('',(0.955,0.6,0.405));
#12934=CARTESIAN_POINT('',(-0.955,0.6,0.405));
#12935=CARTESIAN_POINT('',(0.955,0.6,0.045));
#12936=CARTESIAN_POINT('',(0.955,0.6,0.045));
#12937=CARTESIAN_POINT('',(0.7,0.6,0.045));
#12938=CARTESIAN_POINT('',(-0.955,0.6,0.045));
#12939=CARTESIAN_POINT('',(-0.955,0.6,0.045));
#12940=CARTESIAN_POINT('Origin',(-0.955,-0.6,0.045));
#12941=CARTESIAN_POINT('',(0.7,-0.6,0.045));
#12942=CARTESIAN_POINT('Origin',(0.7,-0.6,0.));
#12943=CARTESIAN_POINT('',(0.745,-0.6,-2.775557561563E-17));
#12944=CARTESIAN_POINT('',(0.955,-0.6,-2.775557561563E-17));
#12945=CARTESIAN_POINT('',(0.7,-0.6,0.));
#12946=CARTESIAN_POINT('',(1.,-0.6,0.045));
#12947=CARTESIAN_POINT('Origin',(0.955,-0.6,0.045));
#12948=CARTESIAN_POINT('',(1.,-0.6,0.405));
#12949=CARTESIAN_POINT('',(1.,-0.6,0.));
#12950=CARTESIAN_POINT('',(0.955,-0.6,0.45));
#12951=CARTESIAN_POINT('Origin',(0.955,-0.6,0.405));
#12952=CARTESIAN_POINT('',(0.745,-0.6,0.45));
#12953=CARTESIAN_POINT('',(0.7,-0.6,0.45));
#12954=CARTESIAN_POINT('Origin',(0.745,-0.6,0.405));
#12955=CARTESIAN_POINT('Origin',(0.745,-0.6,0.045));
#12956=CARTESIAN_POINT('Origin',(-0.7,-0.6,0.405));
#12957=CARTESIAN_POINT('',(0.7,-0.6,0.45));
#12958=CARTESIAN_POINT('',(0.7,-0.6,0.405));
#12959=CARTESIAN_POINT('',(-0.7,-0.6,0.45));
#12960=CARTESIAN_POINT('',(-0.7,-0.6,0.45));
#12961=CARTESIAN_POINT('',(-0.7,-0.6,0.405));
#12962=CARTESIAN_POINT('Origin',(-0.7,-0.6,0.405));
#12963=CARTESIAN_POINT('',(-0.7,0.6,0.45));
#12964=CARTESIAN_POINT('',(-0.7,-0.6,0.45));
#12965=CARTESIAN_POINT('',(-0.7,0.6,0.405));
#12966=CARTESIAN_POINT('Origin',(0.7,0.6,0.));
#12967=CARTESIAN_POINT('',(0.745,0.6,-2.775557561563E-17));
#12968=CARTESIAN_POINT('',(0.955,0.6,-2.775557561563E-17));
#12969=CARTESIAN_POINT('',(0.7,0.6,0.));
#12970=CARTESIAN_POINT('Origin',(0.745,0.6,0.045));
#12971=CARTESIAN_POINT('',(0.745,0.6,0.45));
#12972=CARTESIAN_POINT('Origin',(0.745,0.6,0.405));
#12973=CARTESIAN_POINT('',(0.955,0.6,0.45));
#12974=CARTESIAN_POINT('',(0.7,0.6,0.45));
#12975=CARTESIAN_POINT('',(1.,0.6,0.405));
#12976=CARTESIAN_POINT('Origin',(0.955,0.6,0.405));
#12977=CARTESIAN_POINT('',(1.,0.6,0.045));
#12978=CARTESIAN_POINT('',(1.,0.6,0.));
#12979=CARTESIAN_POINT('Origin',(0.955,0.6,0.045));
#12980=CARTESIAN_POINT('Origin',(-0.7,0.6,0.405));
#12981=CARTESIAN_POINT('',(0.7,0.6,0.45));
#12982=CARTESIAN_POINT('',(-0.7,0.6,0.45));
#12983=CARTESIAN_POINT('',(0.7,0.6,0.405));
#12984=CARTESIAN_POINT('Origin',(0.745,-0.6,0.045));
#12985=CARTESIAN_POINT('',(0.745,-0.6,-2.775557561563E-17));
#12986=CARTESIAN_POINT('Origin',(0.7,-0.6,0.));
#12987=CARTESIAN_POINT('',(0.955,-0.6,-2.775557561563E-17));
#12988=CARTESIAN_POINT('Origin',(0.955,-0.6,0.045));
#12989=CARTESIAN_POINT('',(1.,-0.6,0.045));
#12990=CARTESIAN_POINT('Origin',(1.,-0.6,0.));
#12991=CARTESIAN_POINT('',(1.,-0.6,0.405));
#12992=CARTESIAN_POINT('Origin',(0.955,-0.6,0.405));
#12993=CARTESIAN_POINT('',(0.955,-0.6,0.45));
#12994=CARTESIAN_POINT('Origin',(0.7,-0.6,0.45));
#12995=CARTESIAN_POINT('',(0.745,-0.6,0.45));
#12996=CARTESIAN_POINT('Origin',(0.745,-0.6,0.405));
#12997=CARTESIAN_POINT('',(0.7,-0.6,0.405));
#12998=CARTESIAN_POINT('Origin',(0.7,-0.6,0.405));
#12999=CARTESIAN_POINT('',(0.7,-0.6,0.45));
#13000=CARTESIAN_POINT('Origin',(-0.7,-0.6,0.45));
#13001=CARTESIAN_POINT('',(0.,0.,0.));
#13002=CARTESIAN_POINT('Origin',(-9.06,16.,6.825));
#13003=CARTESIAN_POINT('',(-9.31,16.,6.575));
#13004=CARTESIAN_POINT('',(-8.81,16.,7.075));
#13005=CARTESIAN_POINT('',(-5.18625,16.,10.69875));
#13006=CARTESIAN_POINT('',(-8.81,14.,7.075));
#13007=CARTESIAN_POINT('',(-8.81,16.,7.075));
#13008=CARTESIAN_POINT('',(-9.31,14.,6.575));
#13009=CARTESIAN_POINT('',(-5.18625,14.,10.69875));
#13010=CARTESIAN_POINT('',(-9.31,16.,6.575));
#13011=CARTESIAN_POINT('Origin',(8.87,16.,7.075));
#13012=CARTESIAN_POINT('',(8.77,16.,7.075));
#13013=CARTESIAN_POINT('',(10.31,16.,7.075));
#13014=CARTESIAN_POINT('',(8.77,14.,7.075));
#13015=CARTESIAN_POINT('',(8.77,16.,7.075));
#13016=CARTESIAN_POINT('',(10.31,14.,7.075));
#13017=CARTESIAN_POINT('Origin',(9.02,16.,6.825));
#13018=CARTESIAN_POINT('',(9.27,16.,6.575));
#13019=CARTESIAN_POINT('',(11.03125,16.,4.81375));
#13020=CARTESIAN_POINT('',(9.27,14.,6.575));
#13021=CARTESIAN_POINT('',(9.27,16.,6.575));
#13022=CARTESIAN_POINT('',(11.03125,14.,4.81375));
#13023=CARTESIAN_POINT('Origin',(9.27,16.,1.51));
#13024=CARTESIAN_POINT('',(9.27,16.,1.51));
#13025=CARTESIAN_POINT('',(9.27,16.,1.51));
#13026=CARTESIAN_POINT('',(9.27,14.,1.51));
#13027=CARTESIAN_POINT('',(9.27,7.37499999999983,1.51));
#13028=CARTESIAN_POINT('',(9.27,14.,1.51));
#13029=CARTESIAN_POINT('Origin',(-9.31,16.,6.675));
#13030=CARTESIAN_POINT('',(-9.31,14.,1.51));
#13031=CARTESIAN_POINT('',(-9.31,14.,4.0925));
#13032=CARTESIAN_POINT('',(-9.31,16.,1.51));
#13033=CARTESIAN_POINT('',(-9.31,7.37499999999983,1.51));
#13034=CARTESIAN_POINT('',(-9.31,16.,4.0925));
#13035=CARTESIAN_POINT('Origin',(11.75,14.,1.51));
#13036=CARTESIAN_POINT('',(10.7499999999996,14.,1.51));
#13037=CARTESIAN_POINT('',(5.87499999999984,14.,1.51));
#13038=CARTESIAN_POINT('',(10.7499999999996,14.,9.01));
#13039=CARTESIAN_POINT('',(10.7499999999996,14.,1.51));
#13040=CARTESIAN_POINT('',(-10.7500000000006,14.,9.01));
#13041=CARTESIAN_POINT('',(5.87499999999984,14.,9.01));
#13042=CARTESIAN_POINT('',(-10.7500000000006,14.,1.51));
#13043=CARTESIAN_POINT('',(-10.7500000000006,14.,1.51));
#13044=CARTESIAN_POINT('',(5.87499999999984,14.,1.51));
#13045=CARTESIAN_POINT('Origin',(-3.19744231092045E-13,-1.25000000000034,
1.51));
#13046=CARTESIAN_POINT('',(11.75,16.,1.51));
#13047=CARTESIAN_POINT('',(12.7499999999996,16.,1.51));
#13048=CARTESIAN_POINT('',(12.7499999999996,15.,1.51));
#13049=CARTESIAN_POINT('Origin',(11.750000747075,15.000000747075,1.51));
#13050=CARTESIAN_POINT('',(12.7499999999997,-16.,1.51));
#13051=CARTESIAN_POINT('',(12.7499999999997,-18.5,1.51));
#13052=CARTESIAN_POINT('',(10.7499999999997,-16.,1.51));
#13053=CARTESIAN_POINT('',(5.3749999999997,-16.,1.51));
#13054=CARTESIAN_POINT('',(10.7499999999997,-9.87500000000016,1.51));
#13055=CARTESIAN_POINT('Origin',(11.7499999999997,-17.5,1.51));
#13056=CARTESIAN_POINT('',(12.7499999999997,-17.5,11.01));
#13057=CARTESIAN_POINT('',(11.7499999999998,-18.5,11.01));
#13058=CARTESIAN_POINT('Origin',(11.7499999999997,-17.5,11.01));
#13059=CARTESIAN_POINT('',(11.7499999999998,-18.5,-2.24));
#13060=CARTESIAN_POINT('',(11.7499999999998,-18.5,1.51));
#13061=CARTESIAN_POINT('',(12.7499999999997,-17.5,-2.24));
#13062=CARTESIAN_POINT('Origin',(11.7499999999997,-17.5,-2.24));
#13063=CARTESIAN_POINT('',(12.7499999999997,-17.5,1.51));
#13064=CARTESIAN_POINT('Origin',(-4.46309655899313E-13,-17.2500000000005,
-2.24));
#13065=CARTESIAN_POINT('',(-11.7500000000006,-18.5000000000009,-2.24));
#13066=CARTESIAN_POINT('',(12.7499999999997,-18.5,-2.24));
#13067=CARTESIAN_POINT('',(-12.7500000000004,-17.5000000000009,-2.24));
#13068=CARTESIAN_POINT('Origin',(-11.7500000000006,-17.5000000000009,-2.24));
#13069=CARTESIAN_POINT('',(-12.7500000000003,-16.,-2.24));
#13070=CARTESIAN_POINT('',(-12.7500000000006,-18.500000000001,-2.24));
#13071=CARTESIAN_POINT('',(-10.7500000000006,-16.,-2.24));
#13072=CARTESIAN_POINT('',(-12.7500000000003,-16.,-2.24));
#13073=CARTESIAN_POINT('',(-10.7500000000006,-16.5000000000009,-2.24));
#13074=CARTESIAN_POINT('',(-10.7500000000006,14.,-2.24));
#13075=CARTESIAN_POINT('',(10.7499999999997,-16.5000000000001,-2.24));
#13076=CARTESIAN_POINT('',(-10.7500000000006,-16.5000000000009,-2.24));
#13077=CARTESIAN_POINT('',(10.7499999999997,-16.,-2.24));
#13078=CARTESIAN_POINT('',(10.7499999999997,-16.5000000000001,-2.24));
#13079=CARTESIAN_POINT('',(12.7499999999997,-16.,-2.24));
#13080=CARTESIAN_POINT('',(11.75,-16.,-2.24));
#13081=CARTESIAN_POINT('',(12.7499999999997,15.,-2.24));
#13082=CARTESIAN_POINT('Origin',(-12.7500000000006,-18.500000000001,1.51));
#13083=CARTESIAN_POINT('',(-11.7500000000006,-18.5000000000009,11.01));
#13084=CARTESIAN_POINT('',(-12.7500000000006,-18.500000000001,11.01));
#13085=CARTESIAN_POINT('',(-11.7500000000006,-18.5000000000009,1.51));
#13086=CARTESIAN_POINT('Origin',(-11.7500000000006,-17.5000000000009,1.51));
#13087=CARTESIAN_POINT('',(-12.7500000000006,-17.5000000000009,11.01));
#13088=CARTESIAN_POINT('Origin',(-11.7500000000006,-17.5000000000009,11.01));
#13089=CARTESIAN_POINT('',(-12.7500000000006,-17.5000000000009,1.51));
#13090=CARTESIAN_POINT('Origin',(10.7499999999997,-16.,1.51));
#13091=CARTESIAN_POINT('',(12.7499999999997,-16.,1.51));
#13092=CARTESIAN_POINT('',(10.7499999999997,-16.,1.51));
#13093=CARTESIAN_POINT('Origin',(-12.7500000000003,-16.,1.51));
#13094=CARTESIAN_POINT('',(-10.7500000000006,-16.,1.51));
#13095=CARTESIAN_POINT('',(-12.7500000000003,-16.,1.51));
#13096=CARTESIAN_POINT('',(-6.3750000000003,-16.,1.51));
#13097=CARTESIAN_POINT('',(-10.7500000000006,-16.,1.51));
#13098=CARTESIAN_POINT('',(-12.7500000000003,-16.,1.51));
#13099=CARTESIAN_POINT('Origin',(-3.19744231092045E-13,-1.25000000000034,
1.51));
#13100=CARTESIAN_POINT('',(-10.7500000000006,6.87499999999983,1.51));
#13101=CARTESIAN_POINT('',(-12.7500000000006,15.,1.51));
#13102=CARTESIAN_POINT('',(-12.7500000000006,16.,1.51));
#13103=CARTESIAN_POINT('',(-11.75,16.,1.51));
#13104=CARTESIAN_POINT('Origin',(-11.75000074707,15.000000747075,1.51));
#13105=CARTESIAN_POINT('',(12.7499999999996,16.,1.51));
#13106=CARTESIAN_POINT('Origin',(-10.7500000000006,15.,1.51));
#13107=CARTESIAN_POINT('',(-10.7500000000006,-16.5000000000009,9.01));
#13108=CARTESIAN_POINT('',(-10.7500000000006,6.87499999999983,9.01));
#13109=CARTESIAN_POINT('',(-10.7500000000006,-16.5000000000009,1.51));
#13110=CARTESIAN_POINT('Origin',(10.7499999999997,-18.5,1.51));
#13111=CARTESIAN_POINT('',(10.7499999999997,-16.5000000000001,9.01));
#13112=CARTESIAN_POINT('',(10.7499999999997,-9.87500000000016,9.01));
#13113=CARTESIAN_POINT('',(10.7499999999997,-16.5000000000001,1.51));
#13114=CARTESIAN_POINT('Origin',(-12.7500000000007,-16.500000000001,1.51));
#13115=CARTESIAN_POINT('',(-6.37500000000022,-16.5000000000007,9.01));
#13116=CARTESIAN_POINT('Origin',(-3.19744231092045E-13,-1.25000000000034,
9.01));
#13117=CARTESIAN_POINT('Origin',(11.75,16.,1.51));
#13118=CARTESIAN_POINT('',(-11.75,16.,11.01));
#13119=CARTESIAN_POINT('',(-11.75,16.,1.51));
#13120=CARTESIAN_POINT('',(11.75,16.,11.01));
#13121=CARTESIAN_POINT('',(12.7499999999996,16.,11.01));
#13122=CARTESIAN_POINT('',(11.75,16.,1.51));
#13123=CARTESIAN_POINT('Origin',(11.750000747075,15.000000747075,1.51));
#13124=CARTESIAN_POINT('',(12.7499999999996,15.,11.01));
#13125=CARTESIAN_POINT('Origin',(11.750000747075,15.000000747075,11.01));
#13126=CARTESIAN_POINT('',(12.7499999999996,15.,1.51));
#13127=CARTESIAN_POINT('Origin',(12.7499999999997,-18.5,1.51));
#13128=CARTESIAN_POINT('',(12.7499999999997,-18.5,11.01));
#13129=CARTESIAN_POINT('Origin',(-12.7500000000006,15.,1.51));
#13130=CARTESIAN_POINT('',(-12.7500000000006,15.,11.01));
#13131=CARTESIAN_POINT('',(-12.7500000000006,16.,11.01));
#13132=CARTESIAN_POINT('',(-12.7500000000006,15.,1.51));
#13133=CARTESIAN_POINT('Origin',(-11.75000074707,15.000000747075,1.51));
#13134=CARTESIAN_POINT('Origin',(-11.75000074707,15.000000747075,11.01));
#13135=CARTESIAN_POINT('Origin',(-3.19744231092045E-13,-1.25000000000034,
11.01));
#13136=CARTESIAN_POINT('',(0.,0.,0.));
#13137=CARTESIAN_POINT('Origin',(0.,0.,-4.9));
#13138=CARTESIAN_POINT('',(0.96674999999999,1.1839272930757E-16,-4.85325000000001));
#13139=CARTESIAN_POINT('Origin',(-1.04157215097997E-14,0.,-4.85325000000001));
#13140=CARTESIAN_POINT('',(0.82000000000001,-1.00421037530084E-16,-5.));
#13141=CARTESIAN_POINT('',(0.920000000000006,-1.12667505521557E-16,-4.9));
#13142=CARTESIAN_POINT('Origin',(0.,0.,-5.));
#13143=CARTESIAN_POINT('Origin',(0.500604562189398,0.500604562184708,1.71991544978692));
#13144=CARTESIAN_POINT('',(0.246621825543728,0.496012838104756,1.67168985460196));
#13145=CARTESIAN_POINT('',(0.496012838110884,0.246621825538969,1.67168985460137));
#13146=CARTESIAN_POINT('Ctrl Pts',(0.246621825543728,0.496012838104756,
1.67168985460196));
#13147=CARTESIAN_POINT('Ctrl Pts',(0.246960351974864,0.465083593462815,
1.67653100811412));
#13148=CARTESIAN_POINT('Ctrl Pts',(0.253464558236943,0.432012537534963,
1.68073172295817));
#13149=CARTESIAN_POINT('Ctrl Pts',(0.279228619163101,0.370913851930095,
1.68631713091496));
#13150=CARTESIAN_POINT('Ctrl Pts',(0.298524792712565,0.342900108884645,
1.68769427940986));
#13151=CARTESIAN_POINT('Ctrl Pts',(0.320712450801535,0.320712450795797,
1.68769427940981));
#13152=CARTESIAN_POINT('Ctrl Pts',(0.342900108890507,0.298524792706946,
1.68769427940975));
#13153=CARTESIAN_POINT('Ctrl Pts',(0.370913851936063,0.279228619157638,
1.68631713091474));
#13154=CARTESIAN_POINT('Ctrl Pts',(0.432012537541067,0.253464558231823,
1.68073172295775));
#13155=CARTESIAN_POINT('Ctrl Pts',(0.465083593468949,0.246960351969931,
1.6765310081136));
#13156=CARTESIAN_POINT('Ctrl Pts',(0.496012838110884,0.24662182553897,1.67168985460137));
#13157=CARTESIAN_POINT('',(0.180073188052219,0.42946420061286,0.72));
#13158=CARTESIAN_POINT('',(0.251213549624442,0.500604562185497,1.73735456822295));
#13159=CARTESIAN_POINT('',(0.429464200619417,0.180073188047115,0.72));
#13160=CARTESIAN_POINT('Origin',(0.430683662572516,0.430683662567419,0.72));
#13161=CARTESIAN_POINT('',(0.500604562191639,0.251213549619752,1.73735456822295));
#13162=CARTESIAN_POINT('Origin',(1.25000000000032,0.249999999998,1.72));
#13163=CARTESIAN_POINT('',(1.10979718231146,0.235465067046784,1.51214077481899));
#13164=CARTESIAN_POINT('Origin',(-2.37833278383648E-13,0.0261065470434208,
-1.4818255476056));
#13165=CARTESIAN_POINT('',(0.57549148315789,0.180073188048427,0.72));
#13166=CARTESIAN_POINT('',(0.250000000001256,0.180073188045501,0.72));
#13167=CARTESIAN_POINT('',(1.24192276915364,0.24916262732088,1.70802501281305));
#13168=CARTESIAN_POINT('Origin',(1.25000000000032,-0.249999999998325,1.72));
#13169=CARTESIAN_POINT('',(1.10979718231144,-0.235465067047302,1.51214077481896));
#13170=CARTESIAN_POINT('Origin',(-0.624365046421699,3.46592225156808E-16,
-1.05886045856985));
#13171=CARTESIAN_POINT('',(0.57549148315789,-0.180073188049691,0.72));
#13172=CARTESIAN_POINT('',(0.57549148315789,-0.124999999999163,0.72));
#13173=CARTESIAN_POINT('',(1.09417533570442,-0.233845538304962,1.48898043478331));
#13174=CARTESIAN_POINT('Origin',(0.249999999994779,-0.249999999990729,1.72));
#13175=CARTESIAN_POINT('',(0.49601283810526,-0.246621825540398,1.67168985460214));
#13176=CARTESIAN_POINT('Origin',(-2.01500816305278E-13,-0.0261065470454752,
-1.48182554760574));
#13177=CARTESIAN_POINT('',(0.429464200613269,-0.180073188048581,0.72));
#13178=CARTESIAN_POINT('',(0.24999999999531,-0.180073188047218,0.72));
#13179=CARTESIAN_POINT('',(0.500604562185995,-0.251213549621121,1.73735456822297));
#13180=CARTESIAN_POINT('Origin',(0.5006045621841,-0.500604562186077,1.71991544978694));
#13181=CARTESIAN_POINT('',(0.246621825538391,-0.496012838107885,1.67168985460189));
#13182=CARTESIAN_POINT('Ctrl Pts',(0.49601283810526,-0.246621825540398,
1.67168985460214));
#13183=CARTESIAN_POINT('Ctrl Pts',(0.465083593463118,-0.2469603519714,1.67653100811435));
#13184=CARTESIAN_POINT('Ctrl Pts',(0.43201253753499,-0.253464558233423,
1.68073172295845));
#13185=CARTESIAN_POINT('Ctrl Pts',(0.370913851929854,-0.279228619159583,
1.68631713091529));
#13186=CARTESIAN_POINT('Ctrl Pts',(0.342900108884375,-0.298524792709004,
1.68769427941023));
#13187=CARTESIAN_POINT('Ctrl Pts',(0.320712450795492,-0.320712450797941,
1.6876942794102));
#13188=CARTESIAN_POINT('Ctrl Pts',(0.298481400749054,-0.342943500844434,
1.68769427941018));
#13189=CARTESIAN_POINT('Ctrl Pts',(0.279158914240155,-0.37101740652512,
1.6863117844592));
#13190=CARTESIAN_POINT('Ctrl Pts',(0.253442541923314,-0.43212643635934,
1.68071719470323));
#13191=CARTESIAN_POINT('Ctrl Pts',(0.246959868520571,-0.465127763442155,
1.67652409447498));
#13192=CARTESIAN_POINT('Ctrl Pts',(0.246621825538391,-0.496012838107885,
1.67168985460189));
#13193=CARTESIAN_POINT('',(0.180073188046418,-0.429464200616087,0.72));
#13194=CARTESIAN_POINT('Origin',(0.430683662566724,-0.430683662568884,0.72));
#13195=CARTESIAN_POINT('',(0.251213549619144,-0.500604562188626,1.73735456822297));
#13196=CARTESIAN_POINT('Origin',(0.249999999998317,-1.25,1.72));
#13197=CARTESIAN_POINT('',(0.235465067046933,-1.10979718231119,1.51214077481908));
#13198=CARTESIAN_POINT('Origin',(0.0261065470422003,2.66879156948218E-13,
-1.48182554760552));
#13199=CARTESIAN_POINT('',(0.180073188047911,-0.575491483157529,0.72));
#13200=CARTESIAN_POINT('',(0.180073188044584,-0.249999999998826,0.72));
#13201=CARTESIAN_POINT('',(0.249162627321171,-1.24192276915317,1.70802501281283));
#13202=CARTESIAN_POINT('Origin',(-0.249999999998325,-1.24999999999968,1.72));
#13203=CARTESIAN_POINT('',(-0.235465067047979,-1.10979718231091,1.5121407748191));
#13204=CARTESIAN_POINT('Origin',(3.91938859372892E-13,0.624365046422024,
-1.05886045856963));
#13205=CARTESIAN_POINT('',(-0.1800731880529,-0.575491483157301,0.72));
#13206=CARTESIAN_POINT('',(-0.124999999998973,-0.575491483157336,0.72));
#13207=CARTESIAN_POINT('',(-0.233845538305741,-1.09417533570416,1.48898043478384));
#13208=CARTESIAN_POINT('Origin',(-0.249999999995487,-0.249999999996233,
1.72));
#13209=CARTESIAN_POINT('',(-0.246621825543925,-0.49601283810899,1.67168985460128));
#13210=CARTESIAN_POINT('Origin',(-0.0261065470513946,7.4090579116214E-14,
-1.48182554760616));
#13211=CARTESIAN_POINT('',(-0.180073188052486,-0.429464200617023,0.72));
#13212=CARTESIAN_POINT('',(-0.180073188051977,-0.249999999996432,0.72));
#13213=CARTESIAN_POINT('',(-0.251213549624666,-0.500604562189768,1.73735456822268));
#13214=CARTESIAN_POINT('Origin',(-0.500604562189386,0.500604562189365,1.71991544978653));
#13215=CARTESIAN_POINT('',(-0.496012838108762,0.246621825543691,1.67168985460133));
#13216=CARTESIAN_POINT('',(-0.246621825543692,0.496012838109454,1.67168985460123));
#13217=CARTESIAN_POINT('Ctrl Pts',(-0.496012838108762,0.246621825543691,
1.67168985460133));
#13218=CARTESIAN_POINT('Ctrl Pts',(-0.465083593467125,0.246960351974911,
1.67653100811348));
#13219=CARTESIAN_POINT('Ctrl Pts',(-0.432012537539667,0.25346455823695,
1.68073172295753));
#13220=CARTESIAN_POINT('Ctrl Pts',(-0.37091385193511,0.279228619162879,
1.68631713091439));
#13221=CARTESIAN_POINT('Ctrl Pts',(-0.342900108889634,0.298524792712304,
1.68769427940935));
#13222=CARTESIAN_POINT('Ctrl Pts',(-0.320712450800755,0.320712450801244,
1.68769427940934));
#13223=CARTESIAN_POINT('Ctrl Pts',(-0.298524792711876,0.342900108890185,
1.68769427940933));
#13224=CARTESIAN_POINT('Ctrl Pts',(-0.279228619162529,0.370913851935714,
1.68631713091435));
#13225=CARTESIAN_POINT('Ctrl Pts',(-0.253464558236771,0.432012537540342,
1.68073172295745));
#13226=CARTESIAN_POINT('Ctrl Pts',(-0.246960351974825,0.465083593467817,
1.67653100811338));
#13227=CARTESIAN_POINT('Ctrl Pts',(-0.246621825543692,0.496012838109454,
1.67168985460123));
#13228=CARTESIAN_POINT('',(-0.429464200617291,0.180073188052408,0.72));
#13229=CARTESIAN_POINT('',(-0.500604562189493,0.251213549624409,1.73735456822256));
#13230=CARTESIAN_POINT('',(-0.180073188052228,0.429464200618179,0.72));
#13231=CARTESIAN_POINT('Origin',(-0.430683662572525,0.430683662572702,0.72));
#13232=CARTESIAN_POINT('',(-0.25121354962443,0.50060456219018,1.73735456822256));
#13233=CARTESIAN_POINT('Origin',(-0.249999999998418,1.25,1.72));
#13234=CARTESIAN_POINT('',(-0.235465067048005,1.10979718231115,1.51214077481901));
#13235=CARTESIAN_POINT('Origin',(-0.0261065470509546,-8.52585111502047E-14,
-1.48182554760613));
#13236=CARTESIAN_POINT('',(-0.180073188052705,0.575491483157529,0.72));
#13237=CARTESIAN_POINT('',(-0.180073188051642,0.24999999999607,0.72));
#13238=CARTESIAN_POINT('',(-0.249162627321383,1.24192276915371,1.70802501281362));
#13239=CARTESIAN_POINT('Origin',(-0.500604562189622,-0.50060456218906,1.71991544978665));
#13240=CARTESIAN_POINT('',(-0.496012838111542,-0.246621825543302,1.67168985460093));
#13241=CARTESIAN_POINT('Ctrl Pts',(-0.246621825543925,-0.49601283810899,
1.67168985460128));
#13242=CARTESIAN_POINT('Ctrl Pts',(-0.246960351975075,-0.465083593467002,
1.67653100811349));
#13243=CARTESIAN_POINT('Ctrl Pts',(-0.253464558237191,-0.43201253753909,
1.68073172295759));
#13244=CARTESIAN_POINT('Ctrl Pts',(-0.279228619163443,-0.370913851934195,
1.68631713091445));
#13245=CARTESIAN_POINT('Ctrl Pts',(-0.298524792712938,-0.342900108888767,
1.68769427940938));
#13246=CARTESIAN_POINT('Ctrl Pts',(-0.320712450801933,-0.320712450799944,
1.68769427940935));
#13247=CARTESIAN_POINT('Ctrl Pts',(-0.342900108890929,-0.298524792711119,
1.68769427940932));
#13248=CARTESIAN_POINT('Ctrl Pts',(-0.370913851936506,-0.279228619161842,
1.68631713091432));
#13249=CARTESIAN_POINT('Ctrl Pts',(-0.432012537541597,-0.253464558236066,
1.68073172295734));
#13250=CARTESIAN_POINT('Ctrl Pts',(-0.465083593469555,-0.24696035197421,
1.67653100811318));
#13251=CARTESIAN_POINT('Ctrl Pts',(-0.496012838111542,-0.246621825543302,
1.67168985460093));
#13252=CARTESIAN_POINT('',(-0.429464200620127,-0.180073188051359,0.72));
#13253=CARTESIAN_POINT('Origin',(-0.430683662572783,-0.430683662571666,
0.72));
#13254=CARTESIAN_POINT('',(-0.500604562192307,-0.251213549624104,1.73735456822268));
#13255=CARTESIAN_POINT('Origin',(-1.24999999999968,-0.250000000003704,1.72));
#13256=CARTESIAN_POINT('',(-1.10979718231072,-0.235465067052228,1.51214077481884));
#13257=CARTESIAN_POINT('Origin',(2.77899649088816E-13,-0.0261065470468848,
-1.48182554760584));
#13258=CARTESIAN_POINT('',(-0.575491483157257,-0.180073188052932,0.72));
#13259=CARTESIAN_POINT('',(-0.249999999995676,-0.180073188049427,0.72));
#13260=CARTESIAN_POINT('',(-1.24192276915281,-0.249162627326549,1.70802501281276));
#13261=CARTESIAN_POINT('Origin',(0.249999999995162,0.249999999999334,1.72));
#13262=CARTESIAN_POINT('',(0.235465067047934,1.10979718231091,1.5121407748191));
#13263=CARTESIAN_POINT('Origin',(0.0261065470509898,-8.25928806575554E-14,
-1.48182554760613));
#13264=CARTESIAN_POINT('',(0.180073188052681,0.575491483157301,0.72));
#13265=CARTESIAN_POINT('',(0.23384553830574,1.09417533570464,1.48898043478455));
#13266=CARTESIAN_POINT('',(0.180073188051651,0.249999999999556,0.72));
#13267=CARTESIAN_POINT('Origin',(0.249999999998325,1.24999999999968,1.72));
#13268=CARTESIAN_POINT('Origin',(-3.98291413984465E-13,-0.624365046422024,
-1.05886045856963));
#13269=CARTESIAN_POINT('',(0.124999999999289,0.575491483157336,0.72));
#13270=CARTESIAN_POINT('Origin',(-0.249999999995152,0.249999999995842,1.72));
#13271=CARTESIAN_POINT('',(-1.10979718231097,0.235465067046269,1.51214077481921));
#13272=CARTESIAN_POINT('Origin',(8.00795828047518E-15,0.0261065470523467,
-1.48182554760622));
#13273=CARTESIAN_POINT('',(-0.575491483157257,0.180073188052471,0.72));
#13274=CARTESIAN_POINT('',(-1.09417533570399,0.233845538304045,1.48898043478361));
#13275=CARTESIAN_POINT('',(-0.249999999995182,0.180073188052331,0.72));
#13276=CARTESIAN_POINT('Origin',(-1.24999999999968,0.24999999999627,1.72));
#13277=CARTESIAN_POINT('',(-1.11478869271491,-1.36522240425897E-16,1.51954099331801));
#13278=CARTESIAN_POINT('Origin',(0.624365046422132,-3.46592225154522E-16,
-1.05886045856955));
#13279=CARTESIAN_POINT('',(-0.575491483157257,0.124999999998135,0.72));
#13280=CARTESIAN_POINT('Origin',(0.624365046422132,-3.46592225154522E-16,
-1.05886045856955));
#13281=CARTESIAN_POINT('Origin',(3.16136006262013E-13,0.,0.72));
#13282=CARTESIAN_POINT('Origin',(-6.86762660719257E-16,0.,-0.319999999999986));
#13283=CARTESIAN_POINT('',(0.900000000000002,-1.10218211923262E-16,-0.639999999999777));
#13284=CARTESIAN_POINT('Origin',(-1.37352532143809E-15,0.,-0.639999999999774));
#13285=CARTESIAN_POINT('',(0.900000000000003,-1.10218211923262E-16,-1.99840144432528E-13));
#13286=CARTESIAN_POINT('',(0.900000000000002,-1.10218211923262E-16,-0.319999999999988));
#13287=CARTESIAN_POINT('Origin',(-4.21099917548671E-28,0.,-1.97894240583644E-13));
#13288=CARTESIAN_POINT('Origin',(-1.,0.,-0.639999999999506));
#13289=CARTESIAN_POINT('',(0.966749999999999,-1.1839272930757E-16,-0.639999999999511));
#13290=CARTESIAN_POINT('Origin',(-1.37352532143752E-15,0.,-0.639999999999508));
#13291=CARTESIAN_POINT('Origin',(-6.05209594758822E-15,0.,-2.81999999999976));
#13292=CARTESIAN_POINT('',(0.966749999999994,-1.1839272930757E-16,-2.81999999999976));
#13293=CARTESIAN_POINT('Origin',(-1.06858966120171E-14,0.,-5.));
#13294=CARTESIAN_POINT('Origin',(-3.17627730582672E-15,0.,-1.48));
#13295=CARTESIAN_POINT('',(-1.90450168231273,0.,1.09155076599086));
#13296=CARTESIAN_POINT('Origin',(-3.17627730582672E-15,0.,-1.48));
#13297=CARTESIAN_POINT('',(1.90450168231273,-2.33234188921503E-16,1.09155076599085));
#13298=CARTESIAN_POINT('Origin',(2.34261346363145E-15,0.,1.09155076599086));
#13299=CARTESIAN_POINT('Origin',(2.34261346363145E-15,0.,1.09155076599086));
#13300=CARTESIAN_POINT('Origin',(1.17130673181525E-15,0.,0.545775382995209));
#13301=CARTESIAN_POINT('',(2.,-2.44929359829471E-16,-4.45199432874688E-13));
#13302=CARTESIAN_POINT('Origin',(-9.40186767287111E-28,0.,-4.39764979074764E-13));
#13303=CARTESIAN_POINT('',(1.95225084115637,-2.39081774375487E-16,0.545775382995205));
#13304=CARTESIAN_POINT('Origin',(-0.900000000000004,0.,-1.95962720600371E-13));
#13305=CARTESIAN_POINT('',(-7.64,9.38,1.595));
#13306=CARTESIAN_POINT('',(-9.340001,5.125855,1.595));
#13307=CARTESIAN_POINT('',(0.,0.,0.));
#13308=CARTESIAN_POINT('',(-6.37,6.0205,1.595));
#13309=CARTESIAN_POINT('',(0.,0.,0.));
#13310=CARTESIAN_POINT('',(5.,-10.5,0.));
#13311=CARTESIAN_POINT('',(-5.,2.,0.));
#13312=UNCERTAINTY_MEASURE_WITH_UNIT(LENGTH_MEASURE(0.01),#13326,
'DISTANCE_ACCURACY_VALUE',
'Maximum model space distance between geometric entities at asserted c
onnectivities');
#13313=UNCERTAINTY_MEASURE_WITH_UNIT(LENGTH_MEASURE(0.01),#13326,
'DISTANCE_ACCURACY_VALUE',
'Maximum model space distance between geometric entities at asserted c
onnectivities');
#13314=UNCERTAINTY_MEASURE_WITH_UNIT(LENGTH_MEASURE(0.01),#13326,
'DISTANCE_ACCURACY_VALUE',
'Maximum model space distance between geometric entities at asserted c
onnectivities');
#13315=UNCERTAINTY_MEASURE_WITH_UNIT(LENGTH_MEASURE(0.01),#13326,
'DISTANCE_ACCURACY_VALUE',
'Maximum model space distance between geometric entities at asserted c
onnectivities');
#13316=UNCERTAINTY_MEASURE_WITH_UNIT(LENGTH_MEASURE(0.01),#13326,
'DISTANCE_ACCURACY_VALUE',
'Maximum model space distance between geometric entities at asserted c
onnectivities');
#13317=UNCERTAINTY_MEASURE_WITH_UNIT(LENGTH_MEASURE(0.01),#13326,
'DISTANCE_ACCURACY_VALUE',
'Maximum model space distance between geometric entities at asserted c
onnectivities');
#13318=UNCERTAINTY_MEASURE_WITH_UNIT(LENGTH_MEASURE(0.01),#13326,
'DISTANCE_ACCURACY_VALUE',
'Maximum model space distance between geometric entities at asserted c
onnectivities');
#13319=(
GEOMETRIC_REPRESENTATION_CONTEXT(3)
GLOBAL_UNCERTAINTY_ASSIGNED_CONTEXT((#13312))
GLOBAL_UNIT_ASSIGNED_CONTEXT((#13326,#13328,#13329))
REPRESENTATION_CONTEXT('','3D')
);
#13320=(
GEOMETRIC_REPRESENTATION_CONTEXT(3)
GLOBAL_UNCERTAINTY_ASSIGNED_CONTEXT((#13313))
GLOBAL_UNIT_ASSIGNED_CONTEXT((#13326,#13328,#13329))
REPRESENTATION_CONTEXT('','3D')
);
#13321=(
GEOMETRIC_REPRESENTATION_CONTEXT(3)
GLOBAL_UNCERTAINTY_ASSIGNED_CONTEXT((#13314))
GLOBAL_UNIT_ASSIGNED_CONTEXT((#13326,#13328,#13329))
REPRESENTATION_CONTEXT('','3D')
);
#13322=(
GEOMETRIC_REPRESENTATION_CONTEXT(3)
GLOBAL_UNCERTAINTY_ASSIGNED_CONTEXT((#13315))
GLOBAL_UNIT_ASSIGNED_CONTEXT((#13326,#13328,#13329))
REPRESENTATION_CONTEXT('','3D')
);
#13323=(
GEOMETRIC_REPRESENTATION_CONTEXT(3)
GLOBAL_UNCERTAINTY_ASSIGNED_CONTEXT((#13316))
GLOBAL_UNIT_ASSIGNED_CONTEXT((#13326,#13328,#13329))
REPRESENTATION_CONTEXT('','3D')
);
#13324=(
GEOMETRIC_REPRESENTATION_CONTEXT(3)
GLOBAL_UNCERTAINTY_ASSIGNED_CONTEXT((#13317))
GLOBAL_UNIT_ASSIGNED_CONTEXT((#13326,#13328,#13329))
REPRESENTATION_CONTEXT('','3D')
);
#13325=(
GEOMETRIC_REPRESENTATION_CONTEXT(3)
GLOBAL_UNCERTAINTY_ASSIGNED_CONTEXT((#13318))
GLOBAL_UNIT_ASSIGNED_CONTEXT((#13326,#13328,#13329))
REPRESENTATION_CONTEXT('','3D')
);
#13326=(
LENGTH_UNIT()
NAMED_UNIT(*)
SI_UNIT(.MILLI.,.METRE.)
);
#13327=(
LENGTH_UNIT()
NAMED_UNIT(*)
SI_UNIT($,.METRE.)
);
#13328=(
NAMED_UNIT(*)
PLANE_ANGLE_UNIT()
SI_UNIT($,.RADIAN.)
);
#13329=(
NAMED_UNIT(*)
SI_UNIT($,.STERADIAN.)
SOLID_ANGLE_UNIT()
);
#13330=SHAPE_DEFINITION_REPRESENTATION(#13336,#13349);
#13331=SHAPE_DEFINITION_REPRESENTATION(#13337,#13350);
#13332=SHAPE_DEFINITION_REPRESENTATION(#13338,#13351);
#13333=SHAPE_DEFINITION_REPRESENTATION(#13339,#13352);
#13334=SHAPE_DEFINITION_REPRESENTATION(#13340,#13353);
#13335=SHAPE_DEFINITION_REPRESENTATION(#13341,#13354);
#13336=PRODUCT_DEFINITION_SHAPE('',$,#13356);
#13337=PRODUCT_DEFINITION_SHAPE('',$,#13357);
#13338=PRODUCT_DEFINITION_SHAPE('',$,#13358);
#13339=PRODUCT_DEFINITION_SHAPE('',$,#13359);
#13340=PRODUCT_DEFINITION_SHAPE('',$,#13360);
#13341=PRODUCT_DEFINITION_SHAPE('',$,#13361);
#13342=PRODUCT_DEFINITION_SHAPE($,$,#32);
#13343=PRODUCT_DEFINITION_SHAPE($,$,#33);
#13344=PRODUCT_DEFINITION_SHAPE($,$,#34);
#13345=PRODUCT_DEFINITION_SHAPE($,$,#35);
#13346=PRODUCT_DEFINITION_SHAPE($,$,#36);
#13347=PRODUCT_DEFINITION_SHAPE($,$,#37);
#13348=PRODUCT_DEFINITION_SHAPE($,$,#38);
#13349=SHAPE_REPRESENTATION('',(#8367,#8932,#8933,#8934,#8935,#8936,#8937,
#8938),#13319);
#13350=SHAPE_REPRESENTATION('',(#8368),#13320);
#13351=SHAPE_REPRESENTATION('',(#8737),#13321);
#13352=SHAPE_REPRESENTATION('',(#8804),#13322);
#13353=SHAPE_REPRESENTATION('',(#8847),#13323);
#13354=SHAPE_REPRESENTATION('',(#8880),#13324);
#13355=PRODUCT_DEFINITION_CONTEXT('part definition',#13375,'design');
#13356=PRODUCT_DEFINITION('empty 1','Empty Module v2',#13362,#13355);
#13357=PRODUCT_DEFINITION('PinHeader_2x07_P2.54mm_Horizontal',
'PinHeader_2x07_P2.54mm_Horizontal',#13363,#13355);
#13358=PRODUCT_DEFINITION('empty_PCB','empty_PCB',#13364,#13355);
#13359=PRODUCT_DEFINITION('R_0805_2012Metric','R_0805_2012Metric',#13365,
#13355);
#13360=PRODUCT_DEFINITION('Case','Case',#13366,#13355);
#13361=PRODUCT_DEFINITION('DIN 7985 - M2x5-H H Steel 4.6 Plain',
'Raised Cheese Head Screw DIN 7985 - M2 x 5 - H Steel 4.6 Plain v1',#13367,
#13355);
#13362=PRODUCT_DEFINITION_FORMATION('',$,#13377);
#13363=PRODUCT_DEFINITION_FORMATION('',$,#13378);
#13364=PRODUCT_DEFINITION_FORMATION('',$,#13379);
#13365=PRODUCT_DEFINITION_FORMATION('',$,#13380);
#13366=PRODUCT_DEFINITION_FORMATION('',$,#13381);
#13367=PRODUCT_DEFINITION_FORMATION('',$,#13382);
#13368=PRODUCT_RELATED_PRODUCT_CATEGORY('Empty Module v2',
'Empty Module v2',(#13377));
#13369=PRODUCT_RELATED_PRODUCT_CATEGORY(
'PinHeader_2x07_P2.54mm_Horizontal','PinHeader_2x07_P2.54mm_Horizontal',
(#13378));
#13370=PRODUCT_RELATED_PRODUCT_CATEGORY('empty_PCB','empty_PCB',(#13379));
#13371=PRODUCT_RELATED_PRODUCT_CATEGORY('R_0805_2012Metric',
'R_0805_2012Metric',(#13380));
#13372=PRODUCT_RELATED_PRODUCT_CATEGORY('Case','Case',(#13381));
#13373=PRODUCT_RELATED_PRODUCT_CATEGORY(
'Raised Cheese Head Screw DIN 7985 - M2 x 5 - H Steel 4.6 Plain v1',
'Raised Cheese Head Screw DIN 7985 - M2 x 5 - H Steel 4.6 Plain v1',(#13382));
#13374=APPLICATION_PROTOCOL_DEFINITION('international standard',
'automotive_design',2009,#13375);
#13375=APPLICATION_CONTEXT(
'Core Data for Automotive Mechanical Design Process');
#13376=PRODUCT_CONTEXT('part definition',#13375,'mechanical');
#13377=PRODUCT('empty 1','Empty Module v2','KiCad electronic assembly',
(#13376));
#13378=PRODUCT('PinHeader_2x07_P2.54mm_Horizontal',
'PinHeader_2x07_P2.54mm_Horizontal',$,(#13376));
#13379=PRODUCT('empty_PCB','empty_PCB',$,(#13376));
#13380=PRODUCT('R_0805_2012Metric','R_0805_2012Metric',$,(#13376));
#13381=PRODUCT('Case','Case',$,(#13376));
#13382=PRODUCT('DIN 7985 - M2x5-H H Steel 4.6 Plain',
'Raised Cheese Head Screw DIN 7985 - M2 x 5 - H Steel 4.6 Plain v1',
'Raised Cheese Head Screw DIN 7985 - M2 x 5 - H',(#13376));
#13383=PRESENTATION_STYLE_ASSIGNMENT((#13390));
#13384=PRESENTATION_STYLE_ASSIGNMENT((#13391));
#13385=PRESENTATION_STYLE_ASSIGNMENT((#13392));
#13386=PRESENTATION_STYLE_ASSIGNMENT((#13393));
#13387=PRESENTATION_STYLE_ASSIGNMENT((#13394));
#13388=PRESENTATION_STYLE_ASSIGNMENT((#13395));
#13389=PRESENTATION_STYLE_ASSIGNMENT((#13396));
#13390=SURFACE_STYLE_USAGE(.BOTH.,#13397);
#13391=SURFACE_STYLE_USAGE(.BOTH.,#13398);
#13392=SURFACE_STYLE_USAGE(.BOTH.,#13399);
#13393=SURFACE_STYLE_USAGE(.BOTH.,#13400);
#13394=SURFACE_STYLE_USAGE(.BOTH.,#13401);
#13395=SURFACE_STYLE_USAGE(.BOTH.,#13402);
#13396=SURFACE_STYLE_USAGE(.BOTH.,#13403);
#13397=SURFACE_SIDE_STYLE('',(#13404));
#13398=SURFACE_SIDE_STYLE('',(#13405));
#13399=SURFACE_SIDE_STYLE('',(#13406));
#13400=SURFACE_SIDE_STYLE('',(#13407));
#13401=SURFACE_SIDE_STYLE('',(#13408));
#13402=SURFACE_SIDE_STYLE('',(#13409));
#13403=SURFACE_SIDE_STYLE('',(#13410));
#13404=SURFACE_STYLE_FILL_AREA(#13411);
#13405=SURFACE_STYLE_FILL_AREA(#13412);
#13406=SURFACE_STYLE_FILL_AREA(#13413);
#13407=SURFACE_STYLE_FILL_AREA(#13414);
#13408=SURFACE_STYLE_FILL_AREA(#13415);
#13409=SURFACE_STYLE_FILL_AREA(#13416);
#13410=SURFACE_STYLE_FILL_AREA(#13417);
#13411=FILL_AREA_STYLE('Steel - Satin',(#13418));
#13412=FILL_AREA_STYLE('Opaque(38,37,37)',(#13419));
#13413=FILL_AREA_STYLE('Opaque(219,188,126)',(#13420));
#13414=FILL_AREA_STYLE('Opaque(80,124,105)',(#13421));
#13415=FILL_AREA_STYLE('Opaque(210,209,199)',(#13422));
#13416=FILL_AREA_STYLE('Opaque(228,227,207)',(#13423));
#13417=FILL_AREA_STYLE('Opaque(21,22,24)',(#13424));
#13418=FILL_AREA_STYLE_COLOUR('Steel - Satin',#13425);
#13419=FILL_AREA_STYLE_COLOUR('Opaque(38,37,37)',#13426);
#13420=FILL_AREA_STYLE_COLOUR('Opaque(219,188,126)',#13427);
#13421=FILL_AREA_STYLE_COLOUR('Opaque(80,124,105)',#13428);
#13422=FILL_AREA_STYLE_COLOUR('Opaque(210,209,199)',#13429);
#13423=FILL_AREA_STYLE_COLOUR('Opaque(228,227,207)',#13430);
#13424=FILL_AREA_STYLE_COLOUR('Opaque(21,22,24)',#13431);
#13425=COLOUR_RGB('Steel - Satin',0.627450980392157,0.627450980392157,0.627450980392157);
#13426=COLOUR_RGB('Opaque(38,37,37)',0.149019607843137,0.145098039215686,
0.145098039215686);
#13427=COLOUR_RGB('Opaque(219,188,126)',0.858823529411765,0.737254901960784,
0.494117647058824);
#13428=COLOUR_RGB('Opaque(80,124,105)',0.313725490196078,0.486274509803922,
0.411764705882353);
#13429=COLOUR_RGB('Opaque(210,209,199)',0.823529411764706,0.819607843137255,
0.780392156862745);
#13430=COLOUR_RGB('Opaque(228,227,207)',0.894117647058824,0.890196078431372,
0.811764705882353);
#13431=COLOUR_RGB('Opaque(21,22,24)',0.0823529411764706,0.0862745098039216,
0.0941176470588235);
ENDSEC;
END-ISO-10303-21;
