ISO-10303-21;
HEADER;
/* Generated by software containing ST-Developer
 * from STEP Tools, Inc. (www.steptools.com) 
 */

FILE_DESCRIPTION(
/* description */ ('KiCad electronic assembly'),
/* implementation_level */ '2;1');

FILE_NAME(
/* name */ 'Four Button Module.step',
/* time_stamp */ '2026-06-19T20:46:34+03:00',
/* author */ (''),
/* organization */ (''),
/* preprocessor_version */ 'ST-DEVELOPER v20.1',
/* originating_system */ 'Autodesk Translation Framework v15.8.0.0',
/* authorisation */ '');

FILE_SCHEMA (('AUTOMOTIVE_DESIGN { 1 0 10303 214 3 1 1 }'));
ENDSEC;

DATA;
#10=MECHANICAL_DESIGN_GEOMETRIC_PRESENTATION_REPRESENTATION('',(#586,#587,
#588,#589,#590,#591,#592,#593,#594,#595,#596,#597,#598,#599,#600,#601,#602,
#603,#604,#605,#606,#607,#608,#609,#610,#611,#612,#613,#614,#615,#616,#617,
#618,#619,#620,#621,#622,#623,#624,#625,#626,#627,#628,#629,#630,#631,#632,
#633,#634,#635,#636,#637,#638,#639,#640,#641,#642,#643,#644,#645,#646,#647,
#648,#649,#650,#651,#652,#653,#654,#655,#656,#657,#658,#659,#660,#661,#662,
#663,#664,#665,#666,#667,#668,#669,#670,#671,#672,#673,#674,#675,#676,#677,
#678,#679,#680,#681,#682,#683,#684,#685,#686,#687,#688,#689,#690,#691,#692,
#693,#694,#695,#696,#697,#698,#699,#700,#701,#702,#703,#704,#705,#706,#707,
#708,#709,#710,#711,#712,#713,#714,#715,#716,#717,#718,#719,#720,#721,#722,
#723,#724,#725,#726,#727,#728,#729,#730,#731,#732,#733,#734,#735,#736,#737,
#738,#739,#740,#741,#742,#743,#744,#745,#746,#747,#748,#749,#750,#751,#752,
#753,#754,#755,#756,#757,#758,#759,#760,#761,#762,#763,#764,#765,#766,#767,
#768,#769,#770,#771,#772,#773,#774,#775,#776,#777,#778,#779,#780,#781,#782,
#783,#784,#785,#786,#787,#788,#789,#790,#791,#792,#793,#794,#795,#796,#797,
#798,#799,#800,#801,#802,#803,#804,#805,#806,#807,#808,#809,#810,#811,#812,
#813,#814,#815,#816,#817,#818,#819,#820,#821,#822,#823,#824,#825,#826,#827,
#828,#829,#830,#831,#832,#833,#834,#835,#836,#837,#838,#839,#840,#841,#842,
#843,#844,#845,#846,#847,#848,#849,#850,#851,#852,#853,#854,#855,#856,#857,
#858,#859,#860,#861,#862,#863,#864,#865,#866,#867,#868,#869,#870,#871,#872,
#873,#874,#875,#876,#877,#878,#879,#880,#881,#882,#883,#884,#885,#886,#887,
#888,#889,#890,#891,#892,#893,#894,#895,#896,#897,#898,#899,#900,#901,#902,
#903,#904,#905,#906,#907,#908,#909,#910,#911,#912,#913,#914,#915,#916,#917,
#918,#919,#920,#921,#922,#923,#924,#925,#926,#927,#928,#929,#930,#931,#932,
#933,#934,#935,#936,#937,#938,#939,#940,#941,#942,#943,#944,#945,#946,#947,
#948,#949,#950,#951,#952,#953,#954,#955,#956,#957,#958,#959,#960,#961,#962,
#963,#964,#965,#966,#967,#968,#969,#970,#971,#972,#973,#974,#975,#976,#977,
#978,#979,#980,#981,#982,#983,#984,#985,#986,#987,#988,#989,#990,#991,#992,
#993,#994,#995,#996,#997,#998,#999,#1000,#1001,#1002,#1003,#1004,#1005,
#1006,#1007,#1008,#1009,#1010,#1011,#1012,#1013,#1014,#1015,#1016,#1017,
#1018,#1019,#1020,#1021,#1022,#1023,#1024,#1025,#1026,#1027,#1028,#1029,
#1030,#1031,#1032,#1033,#1034,#1035,#1036,#1037,#1038,#1039,#1040,#1041,
#1042,#1043,#1044,#1045,#1046,#1047,#1048,#1049,#1050,#1051,#1052,#1053,
#1054,#1055,#1056,#1057,#1058,#1059,#1060,#1061,#1062,#1063,#1064,#1065,
#1066,#1067,#1068,#1069,#1070,#1071,#1072,#1073,#1074,#1075),#18754);
#11=ITEM_DEFINED_TRANSFORMATION($,$,#11649,#12534);
#12=ITEM_DEFINED_TRANSFORMATION($,$,#12261,#12535);
#13=ITEM_DEFINED_TRANSFORMATION($,$,#12304,#12536);
#14=ITEM_DEFINED_TRANSFORMATION($,$,#12032,#12537);
#15=ITEM_DEFINED_TRANSFORMATION($,$,#12147,#12538);
#16=ITEM_DEFINED_TRANSFORMATION($,$,#12261,#12539);
#17=ITEM_DEFINED_TRANSFORMATION($,$,#12304,#12540);
#18=ITEM_DEFINED_TRANSFORMATION($,$,#12304,#12541);
#19=ITEM_DEFINED_TRANSFORMATION($,$,#12304,#12542);
#20=ITEM_DEFINED_TRANSFORMATION($,$,#12490,#12543);
#21=ITEM_DEFINED_TRANSFORMATION($,$,#12490,#12544);
#22=ITEM_DEFINED_TRANSFORMATION($,$,#12490,#12545);
#23=ITEM_DEFINED_TRANSFORMATION($,$,#12490,#12546);
#24=(
REPRESENTATION_RELATIONSHIP($,$,#18787,#18786)
REPRESENTATION_RELATIONSHIP_WITH_TRANSFORMATION(#11)
SHAPE_REPRESENTATION_RELATIONSHIP()
);
#25=(
REPRESENTATION_RELATIONSHIP($,$,#18790,#18786)
REPRESENTATION_RELATIONSHIP_WITH_TRANSFORMATION(#12)
SHAPE_REPRESENTATION_RELATIONSHIP()
);
#26=(
REPRESENTATION_RELATIONSHIP($,$,#18791,#18786)
REPRESENTATION_RELATIONSHIP_WITH_TRANSFORMATION(#13)
SHAPE_REPRESENTATION_RELATIONSHIP()
);
#27=(
REPRESENTATION_RELATIONSHIP($,$,#18788,#18786)
REPRESENTATION_RELATIONSHIP_WITH_TRANSFORMATION(#14)
SHAPE_REPRESENTATION_RELATIONSHIP()
);
#28=(
REPRESENTATION_RELATIONSHIP($,$,#18789,#18786)
REPRESENTATION_RELATIONSHIP_WITH_TRANSFORMATION(#15)
SHAPE_REPRESENTATION_RELATIONSHIP()
);
#29=(
REPRESENTATION_RELATIONSHIP($,$,#18790,#18786)
REPRESENTATION_RELATIONSHIP_WITH_TRANSFORMATION(#16)
SHAPE_REPRESENTATION_RELATIONSHIP()
);
#30=(
REPRESENTATION_RELATIONSHIP($,$,#18791,#18786)
REPRESENTATION_RELATIONSHIP_WITH_TRANSFORMATION(#17)
SHAPE_REPRESENTATION_RELATIONSHIP()
);
#31=(
REPRESENTATION_RELATIONSHIP($,$,#18791,#18786)
REPRESENTATION_RELATIONSHIP_WITH_TRANSFORMATION(#18)
SHAPE_REPRESENTATION_RELATIONSHIP()
);
#32=(
REPRESENTATION_RELATIONSHIP($,$,#18791,#18786)
REPRESENTATION_RELATIONSHIP_WITH_TRANSFORMATION(#19)
SHAPE_REPRESENTATION_RELATIONSHIP()
);
#33=(
REPRESENTATION_RELATIONSHIP($,$,#18792,#18786)
REPRESENTATION_RELATIONSHIP_WITH_TRANSFORMATION(#20)
SHAPE_REPRESENTATION_RELATIONSHIP()
);
#34=(
REPRESENTATION_RELATIONSHIP($,$,#18792,#18786)
REPRESENTATION_RELATIONSHIP_WITH_TRANSFORMATION(#21)
SHAPE_REPRESENTATION_RELATIONSHIP()
);
#35=(
REPRESENTATION_RELATIONSHIP($,$,#18792,#18786)
REPRESENTATION_RELATIONSHIP_WITH_TRANSFORMATION(#22)
SHAPE_REPRESENTATION_RELATIONSHIP()
);
#36=(
REPRESENTATION_RELATIONSHIP($,$,#18792,#18786)
REPRESENTATION_RELATIONSHIP_WITH_TRANSFORMATION(#23)
SHAPE_REPRESENTATION_RELATIONSHIP()
);
#37=CONTEXT_DEPENDENT_SHAPE_REPRESENTATION(#24,#18773);
#38=CONTEXT_DEPENDENT_SHAPE_REPRESENTATION(#25,#18774);
#39=CONTEXT_DEPENDENT_SHAPE_REPRESENTATION(#26,#18775);
#40=CONTEXT_DEPENDENT_SHAPE_REPRESENTATION(#27,#18776);
#41=CONTEXT_DEPENDENT_SHAPE_REPRESENTATION(#28,#18777);
#42=CONTEXT_DEPENDENT_SHAPE_REPRESENTATION(#29,#18778);
#43=CONTEXT_DEPENDENT_SHAPE_REPRESENTATION(#30,#18779);
#44=CONTEXT_DEPENDENT_SHAPE_REPRESENTATION(#31,#18780);
#45=CONTEXT_DEPENDENT_SHAPE_REPRESENTATION(#32,#18781);
#46=CONTEXT_DEPENDENT_SHAPE_REPRESENTATION(#33,#18782);
#47=CONTEXT_DEPENDENT_SHAPE_REPRESENTATION(#34,#18783);
#48=CONTEXT_DEPENDENT_SHAPE_REPRESENTATION(#35,#18784);
#49=CONTEXT_DEPENDENT_SHAPE_REPRESENTATION(#36,#18785);
#50=NEXT_ASSEMBLY_USAGE_OCCURRENCE(
'PinHeader_2x07_P2.54mm_Horizontal:1',
'PinHeader_2x07_P2.54mm_Horizontal:1',
'PinHeader_2x07_P2.54mm_Horizontal:1',#18794,#18795,
'PinHeader_2x07_P2.54mm_Horizontal:1');
#51=NEXT_ASSEMBLY_USAGE_OCCURRENCE('R_0805_2012Metric:1',
'R_0805_2012Metric:1','R_0805_2012Metric:1',#18794,#18798,
'R_0805_2012Metric:1');
#52=NEXT_ASSEMBLY_USAGE_OCCURRENCE('SW_PUSH_6mm:1','SW_PUSH_6mm:1',
'SW_PUSH_6mm:1',#18794,#18799,'SW_PUSH_6mm:1');
#53=NEXT_ASSEMBLY_USAGE_OCCURRENCE('four_button_PCB:1',
'four_button_PCB:1','four_button_PCB:1',#18794,#18796,
'four_button_PCB:1');
#54=NEXT_ASSEMBLY_USAGE_OCCURRENCE('Case:1','Case:1','Case:1',#18794,#18797,
'Case:1');
#55=NEXT_ASSEMBLY_USAGE_OCCURRENCE('R_0805_2012Metric:2',
'R_0805_2012Metric:2','R_0805_2012Metric:2',#18794,#18798,
'R_0805_2012Metric:2');
#56=NEXT_ASSEMBLY_USAGE_OCCURRENCE('SW_PUSH_6mm:2','SW_PUSH_6mm:2',
'SW_PUSH_6mm:2',#18794,#18799,'SW_PUSH_6mm:2');
#57=NEXT_ASSEMBLY_USAGE_OCCURRENCE('SW_PUSH_6mm:3','SW_PUSH_6mm:3',
'SW_PUSH_6mm:3',#18794,#18799,'SW_PUSH_6mm:3');
#58=NEXT_ASSEMBLY_USAGE_OCCURRENCE('SW_PUSH_6mm:4','SW_PUSH_6mm:4',
'SW_PUSH_6mm:4',#18794,#18799,'SW_PUSH_6mm:4');
#59=NEXT_ASSEMBLY_USAGE_OCCURRENCE('Button:1','Button:1','Button:1',#18794,
#18800,'Button:1');
#60=NEXT_ASSEMBLY_USAGE_OCCURRENCE('Button:2','Button:2','Button:2',#18794,
#18800,'Button:2');
#61=NEXT_ASSEMBLY_USAGE_OCCURRENCE('Button:3','Button:3','Button:3',#18794,
#18800,'Button:3');
#62=NEXT_ASSEMBLY_USAGE_OCCURRENCE('Button:4','Button:4','Button:4',#18794,
#18800,'Button:4');
#63=TOROIDAL_SURFACE('',#12351,1.65,0.1);
#64=SHAPE_REPRESENTATION_RELATIONSHIP('SRR','None',#18787,#70);
#65=SHAPE_REPRESENTATION_RELATIONSHIP('SRR','None',#18788,#71);
#66=SHAPE_REPRESENTATION_RELATIONSHIP('SRR','None',#18789,#72);
#67=SHAPE_REPRESENTATION_RELATIONSHIP('SRR','None',#18790,#73);
#68=SHAPE_REPRESENTATION_RELATIONSHIP('SRR','None',#18791,#74);
#69=SHAPE_REPRESENTATION_RELATIONSHIP('SRR','None',#18792,#75);
#70=ADVANCED_BREP_SHAPE_REPRESENTATION('',(#76,#77,#78,#79,#80,#81,#82,
#83,#84,#85,#86,#87,#88,#89,#90),#18748);
#71=ADVANCED_BREP_SHAPE_REPRESENTATION('',(#91),#18749);
#72=ADVANCED_BREP_SHAPE_REPRESENTATION('',(#92),#18750);
#73=ADVANCED_BREP_SHAPE_REPRESENTATION('',(#93),#18751);
#74=ADVANCED_BREP_SHAPE_REPRESENTATION('',(#94),#18752);
#75=ADVANCED_BREP_SHAPE_REPRESENTATION('',(#95),#18753);
#76=MANIFOLD_SOLID_BREP('Body1',#11561);
#77=MANIFOLD_SOLID_BREP('Body2',#11562);
#78=MANIFOLD_SOLID_BREP('Body3',#11563);
#79=MANIFOLD_SOLID_BREP('Body4',#11564);
#80=MANIFOLD_SOLID_BREP('Body5',#11565);
#81=MANIFOLD_SOLID_BREP('Body6',#11566);
#82=MANIFOLD_SOLID_BREP('Body7',#11567);
#83=MANIFOLD_SOLID_BREP('Body8',#11568);
#84=MANIFOLD_SOLID_BREP('Body9',#11569);
#85=MANIFOLD_SOLID_BREP('Body10',#11570);
#86=MANIFOLD_SOLID_BREP('Body11',#11571);
#87=MANIFOLD_SOLID_BREP('Body12',#11572);
#88=MANIFOLD_SOLID_BREP('Body13',#11573);
#89=MANIFOLD_SOLID_BREP('Body14',#11574);
#90=MANIFOLD_SOLID_BREP('Body15',#11575);
#91=MANIFOLD_SOLID_BREP('Body1',#11576);
#92=MANIFOLD_SOLID_BREP('Body1',#11577);
#93=MANIFOLD_SOLID_BREP('Body1',#11578);
#94=MANIFOLD_SOLID_BREP('Body1',#11579);
#95=MANIFOLD_SOLID_BREP('Body1',#11580);
#96=CYLINDRICAL_SURFACE('',#11780,0.64);
#97=CYLINDRICAL_SURFACE('',#11786,0.64);
#98=CYLINDRICAL_SURFACE('',#11791,0.64);
#99=CYLINDRICAL_SURFACE('',#11795,0.64);
#100=CYLINDRICAL_SURFACE('',#11801,0.64);
#101=CYLINDRICAL_SURFACE('',#11805,0.64);
#102=CYLINDRICAL_SURFACE('',#11810,0.64);
#103=CYLINDRICAL_SURFACE('',#11816,0.64);
#104=CYLINDRICAL_SURFACE('',#11821,0.64);
#105=CYLINDRICAL_SURFACE('',#11825,0.64);
#106=CYLINDRICAL_SURFACE('',#11830,0.64);
#107=CYLINDRICAL_SURFACE('',#11835,0.64);
#108=CYLINDRICAL_SURFACE('',#11840,0.64);
#109=CYLINDRICAL_SURFACE('',#11845,0.64);
#110=CYLINDRICAL_SURFACE('',#12033,0.999999252925);
#111=CYLINDRICAL_SURFACE('',#12110,0.999999252925);
#112=CYLINDRICAL_SURFACE('',#12111,0.999999252925);
#113=CYLINDRICAL_SURFACE('',#12114,0.999999252925);
#114=CYLINDRICAL_SURFACE('',#12115,1.1);
#115=CYLINDRICAL_SURFACE('',#12116,0.55);
#116=CYLINDRICAL_SURFACE('',#12117,0.55);
#117=CYLINDRICAL_SURFACE('',#12118,0.55);
#118=CYLINDRICAL_SURFACE('',#12119,0.55);
#119=CYLINDRICAL_SURFACE('',#12120,0.55);
#120=CYLINDRICAL_SURFACE('',#12121,0.55);
#121=CYLINDRICAL_SURFACE('',#12122,0.55);
#122=CYLINDRICAL_SURFACE('',#12123,0.55);
#123=CYLINDRICAL_SURFACE('',#12124,0.55);
#124=CYLINDRICAL_SURFACE('',#12125,0.55);
#125=CYLINDRICAL_SURFACE('',#12126,0.55);
#126=CYLINDRICAL_SURFACE('',#12127,0.5);
#127=CYLINDRICAL_SURFACE('',#12128,0.5);
#128=CYLINDRICAL_SURFACE('',#12129,0.55);
#129=CYLINDRICAL_SURFACE('',#12130,0.5);
#130=CYLINDRICAL_SURFACE('',#12131,0.5);
#131=CYLINDRICAL_SURFACE('',#12132,0.5);
#132=CYLINDRICAL_SURFACE('',#12133,0.5);
#133=CYLINDRICAL_SURFACE('',#12134,0.5);
#134=CYLINDRICAL_SURFACE('',#12135,0.5);
#135=CYLINDRICAL_SURFACE('',#12136,0.55);
#136=CYLINDRICAL_SURFACE('',#12137,0.55);
#137=CYLINDRICAL_SURFACE('',#12138,0.55);
#138=CYLINDRICAL_SURFACE('',#12139,1.1);
#139=CYLINDRICAL_SURFACE('',#12140,0.55);
#140=CYLINDRICAL_SURFACE('',#12141,0.5);
#141=CYLINDRICAL_SURFACE('',#12142,0.5);
#142=CYLINDRICAL_SURFACE('',#12143,0.5);
#143=CYLINDRICAL_SURFACE('',#12144,0.5);
#144=CYLINDRICAL_SURFACE('',#12145,0.5);
#145=CYLINDRICAL_SURFACE('',#12146,0.5);
#146=CYLINDRICAL_SURFACE('',#12148,1.);
#147=CYLINDRICAL_SURFACE('',#12176,1.);
#148=CYLINDRICAL_SURFACE('',#12179,1.);
#149=CYLINDRICAL_SURFACE('',#12184,1.);
#150=CYLINDRICAL_SURFACE('',#12190,0.5);
#151=CYLINDRICAL_SURFACE('',#12193,0.5);
#152=CYLINDRICAL_SURFACE('',#12196,0.5);
#153=CYLINDRICAL_SURFACE('',#12199,0.5);
#154=CYLINDRICAL_SURFACE('',#12202,0.5);
#155=CYLINDRICAL_SURFACE('',#12205,0.5);
#156=CYLINDRICAL_SURFACE('',#12208,0.5);
#157=CYLINDRICAL_SURFACE('',#12211,0.5);
#158=CYLINDRICAL_SURFACE('',#12214,0.5);
#159=CYLINDRICAL_SURFACE('',#12217,0.5);
#160=CYLINDRICAL_SURFACE('',#12220,0.5);
#161=CYLINDRICAL_SURFACE('',#12223,0.5);
#162=CYLINDRICAL_SURFACE('',#12229,0.5);
#163=CYLINDRICAL_SURFACE('',#12232,0.5);
#164=CYLINDRICAL_SURFACE('',#12235,0.5);
#165=CYLINDRICAL_SURFACE('',#12238,0.5);
#166=CYLINDRICAL_SURFACE('',#12241,0.5);
#167=CYLINDRICAL_SURFACE('',#12244,0.5);
#168=CYLINDRICAL_SURFACE('',#12247,0.5);
#169=CYLINDRICAL_SURFACE('',#12250,0.5);
#170=CYLINDRICAL_SURFACE('',#12268,0.045);
#171=CYLINDRICAL_SURFACE('',#12270,0.045);
#172=CYLINDRICAL_SURFACE('',#12276,0.045);
#173=CYLINDRICAL_SURFACE('',#12279,0.045);
#174=CYLINDRICAL_SURFACE('',#12295,0.045);
#175=CYLINDRICAL_SURFACE('',#12297,0.045);
#176=CYLINDRICAL_SURFACE('',#12299,0.045);
#177=CYLINDRICAL_SURFACE('',#12301,0.045);
#178=CYLINDRICAL_SURFACE('',#12307,0.5);
#179=CYLINDRICAL_SURFACE('',#12319,0.3);
#180=CYLINDRICAL_SURFACE('',#12321,0.3);
#181=CYLINDRICAL_SURFACE('',#12325,0.3);
#182=CYLINDRICAL_SURFACE('',#12327,0.3);
#183=CYLINDRICAL_SURFACE('',#12330,0.5);
#184=CYLINDRICAL_SURFACE('',#12332,1.75);
#185=CYLINDRICAL_SURFACE('',#12334,0.5);
#186=CYLINDRICAL_SURFACE('',#12336,0.5);
#187=CYLINDRICAL_SURFACE('',#12339,0.3);
#188=CYLINDRICAL_SURFACE('',#12341,0.3);
#189=CYLINDRICAL_SURFACE('',#12345,0.3);
#190=CYLINDRICAL_SURFACE('',#12347,0.3);
#191=CYLINDRICAL_SURFACE('',#12431,0.29);
#192=CYLINDRICAL_SURFACE('',#12432,0.29);
#193=CYLINDRICAL_SURFACE('',#12435,0.29);
#194=CYLINDRICAL_SURFACE('',#12436,0.29);
#195=CYLINDRICAL_SURFACE('',#12440,0.29);
#196=CYLINDRICAL_SURFACE('',#12441,0.29);
#197=CYLINDRICAL_SURFACE('',#12444,0.29);
#198=CYLINDRICAL_SURFACE('',#12446,0.29);
#199=CYLINDRICAL_SURFACE('',#12447,0.29);
#200=CYLINDRICAL_SURFACE('',#12450,0.29);
#201=CYLINDRICAL_SURFACE('',#12451,0.29);
#202=CYLINDRICAL_SURFACE('',#12455,0.29);
#203=CYLINDRICAL_SURFACE('',#12456,0.29);
#204=CYLINDRICAL_SURFACE('',#12459,0.29);
#205=CYLINDRICAL_SURFACE('',#12461,0.29);
#206=CYLINDRICAL_SURFACE('',#12462,0.29);
#207=CYLINDRICAL_SURFACE('',#12465,0.29);
#208=CYLINDRICAL_SURFACE('',#12466,0.29);
#209=CYLINDRICAL_SURFACE('',#12470,0.29);
#210=CYLINDRICAL_SURFACE('',#12471,0.29);
#211=CYLINDRICAL_SURFACE('',#12474,0.29);
#212=CYLINDRICAL_SURFACE('',#12476,0.29);
#213=CYLINDRICAL_SURFACE('',#12477,0.29);
#214=CYLINDRICAL_SURFACE('',#12480,0.29);
#215=CYLINDRICAL_SURFACE('',#12481,0.29);
#216=CYLINDRICAL_SURFACE('',#12485,0.29);
#217=CYLINDRICAL_SURFACE('',#12486,0.29);
#218=CYLINDRICAL_SURFACE('',#12489,0.29);
#219=CYLINDRICAL_SURFACE('',#12492,0.6);
#220=CYLINDRICAL_SURFACE('',#12496,0.600000000000002);
#221=CYLINDRICAL_SURFACE('',#12500,0.600000000000001);
#222=CYLINDRICAL_SURFACE('',#12504,0.600000000000003);
#223=CYLINDRICAL_SURFACE('',#12508,0.6);
#224=CYLINDRICAL_SURFACE('',#12518,0.2);
#225=CYLINDRICAL_SURFACE('',#12521,0.2);
#226=CYLINDRICAL_SURFACE('',#12528,0.2);
#227=CYLINDRICAL_SURFACE('',#12530,0.2);
#228=CYLINDRICAL_SURFACE('',#12532,0.200000000000002);
#229=CIRCLE('',#11698,0.64);
#230=CIRCLE('',#11701,0.64);
#231=CIRCLE('',#11704,0.64);
#232=CIRCLE('',#11707,0.64);
#233=CIRCLE('',#11710,0.64);
#234=CIRCLE('',#11713,0.64);
#235=CIRCLE('',#11715,0.64);
#236=CIRCLE('',#11718,0.64);
#237=CIRCLE('',#11722,0.64);
#238=CIRCLE('',#11725,0.64);
#239=CIRCLE('',#11728,0.64);
#240=CIRCLE('',#11731,0.64);
#241=CIRCLE('',#11734,0.64);
#242=CIRCLE('',#11737,0.64);
#243=CIRCLE('',#11740,0.64);
#244=CIRCLE('',#11743,0.64);
#245=CIRCLE('',#11746,0.64);
#246=CIRCLE('',#11749,0.64);
#247=CIRCLE('',#11752,0.64);
#248=CIRCLE('',#11755,0.64);
#249=CIRCLE('',#11757,0.64);
#250=CIRCLE('',#11760,0.64);
#251=CIRCLE('',#11764,0.64);
#252=CIRCLE('',#11767,0.64);
#253=CIRCLE('',#11769,0.64);
#254=CIRCLE('',#11772,0.64);
#255=CIRCLE('',#11775,0.64);
#256=CIRCLE('',#11778,0.64);
#257=CIRCLE('',#12034,0.999999252925);
#258=CIRCLE('',#12035,0.999999252925);
#259=CIRCLE('',#12039,0.999999252925);
#260=CIRCLE('',#12040,0.999999252925);
#261=CIRCLE('',#12041,0.999999252925);
#262=CIRCLE('',#12042,1.1);
#263=CIRCLE('',#12043,0.55);
#264=CIRCLE('',#12044,0.55);
#265=CIRCLE('',#12045,0.55);
#266=CIRCLE('',#12046,0.55);
#267=CIRCLE('',#12047,0.55);
#268=CIRCLE('',#12048,0.55);
#269=CIRCLE('',#12049,0.55);
#270=CIRCLE('',#12050,0.55);
#271=CIRCLE('',#12051,0.55);
#272=CIRCLE('',#12052,0.55);
#273=CIRCLE('',#12053,0.55);
#274=CIRCLE('',#12054,0.5);
#275=CIRCLE('',#12055,0.5);
#276=CIRCLE('',#12056,0.55);
#277=CIRCLE('',#12057,0.5);
#278=CIRCLE('',#12058,0.5);
#279=CIRCLE('',#12059,0.5);
#280=CIRCLE('',#12060,0.5);
#281=CIRCLE('',#12061,0.5);
#282=CIRCLE('',#12062,0.5);
#283=CIRCLE('',#12063,0.55);
#284=CIRCLE('',#12064,0.55);
#285=CIRCLE('',#12065,0.55);
#286=CIRCLE('',#12066,1.1);
#287=CIRCLE('',#12067,0.55);
#288=CIRCLE('',#12068,0.5);
#289=CIRCLE('',#12069,0.5);
#290=CIRCLE('',#12070,0.5);
#291=CIRCLE('',#12071,0.5);
#292=CIRCLE('',#12072,0.5);
#293=CIRCLE('',#12073,0.5);
#294=CIRCLE('',#12075,0.999999252925);
#295=CIRCLE('',#12076,0.999999252925);
#296=CIRCLE('',#12077,0.999999252925);
#297=CIRCLE('',#12078,1.1);
#298=CIRCLE('',#12079,0.55);
#299=CIRCLE('',#12080,0.55);
#300=CIRCLE('',#12081,0.55);
#301=CIRCLE('',#12082,0.55);
#302=CIRCLE('',#12083,0.55);
#303=CIRCLE('',#12084,0.55);
#304=CIRCLE('',#12085,0.55);
#305=CIRCLE('',#12086,0.55);
#306=CIRCLE('',#12087,0.55);
#307=CIRCLE('',#12088,0.55);
#308=CIRCLE('',#12089,0.55);
#309=CIRCLE('',#12090,0.5);
#310=CIRCLE('',#12091,0.5);
#311=CIRCLE('',#12092,0.55);
#312=CIRCLE('',#12093,0.5);
#313=CIRCLE('',#12094,0.5);
#314=CIRCLE('',#12095,0.5);
#315=CIRCLE('',#12096,0.5);
#316=CIRCLE('',#12097,0.5);
#317=CIRCLE('',#12098,0.5);
#318=CIRCLE('',#12099,0.55);
#319=CIRCLE('',#12100,0.55);
#320=CIRCLE('',#12101,0.55);
#321=CIRCLE('',#12102,1.1);
#322=CIRCLE('',#12103,0.55);
#323=CIRCLE('',#12104,0.5);
#324=CIRCLE('',#12105,0.5);
#325=CIRCLE('',#12106,0.5);
#326=CIRCLE('',#12107,0.5);
#327=CIRCLE('',#12108,0.5);
#328=CIRCLE('',#12109,0.5);
#329=CIRCLE('',#12149,1.);
#330=CIRCLE('',#12150,1.);
#331=CIRCLE('',#12153,1.);
#332=CIRCLE('',#12154,1.);
#333=CIRCLE('',#12155,1.);
#334=CIRCLE('',#12156,0.5);
#335=CIRCLE('',#12157,0.5);
#336=CIRCLE('',#12158,0.5);
#337=CIRCLE('',#12159,0.5);
#338=CIRCLE('',#12160,0.5);
#339=CIRCLE('',#12161,0.5);
#340=CIRCLE('',#12162,0.5);
#341=CIRCLE('',#12163,0.5);
#342=CIRCLE('',#12164,0.5);
#343=CIRCLE('',#12165,0.5);
#344=CIRCLE('',#12166,0.5);
#345=CIRCLE('',#12167,0.5);
#346=CIRCLE('',#12168,0.5);
#347=CIRCLE('',#12169,0.5);
#348=CIRCLE('',#12170,0.5);
#349=CIRCLE('',#12171,0.5);
#350=CIRCLE('',#12172,0.5);
#351=CIRCLE('',#12173,0.5);
#352=CIRCLE('',#12174,0.5);
#353=CIRCLE('',#12175,0.5);
#354=CIRCLE('',#12177,1.);
#355=CIRCLE('',#12180,1.);
#356=CIRCLE('',#12183,1.);
#357=CIRCLE('',#12191,0.5);
#358=CIRCLE('',#12194,0.5);
#359=CIRCLE('',#12197,0.5);
#360=CIRCLE('',#12200,0.5);
#361=CIRCLE('',#12203,0.5);
#362=CIRCLE('',#12206,0.5);
#363=CIRCLE('',#12209,0.5);
#364=CIRCLE('',#12212,0.5);
#365=CIRCLE('',#12215,0.5);
#366=CIRCLE('',#12218,0.5);
#367=CIRCLE('',#12221,0.5);
#368=CIRCLE('',#12224,0.5);
#369=CIRCLE('',#12225,0.5);
#370=CIRCLE('',#12227,0.5);
#371=CIRCLE('',#12230,0.5);
#372=CIRCLE('',#12233,0.5);
#373=CIRCLE('',#12236,0.5);
#374=CIRCLE('',#12239,0.5);
#375=CIRCLE('',#12242,0.5);
#376=CIRCLE('',#12245,0.5);
#377=CIRCLE('',#12248,0.5);
#378=CIRCLE('',#12251,0.5);
#379=CIRCLE('',#12264,0.045);
#380=CIRCLE('',#12265,0.045);
#381=CIRCLE('',#12266,0.045);
#382=CIRCLE('',#12267,0.045);
#383=CIRCLE('',#12269,0.045);
#384=CIRCLE('',#12271,0.045);
#385=CIRCLE('',#12273,0.045);
#386=CIRCLE('',#12274,0.045);
#387=CIRCLE('',#12283,0.045);
#388=CIRCLE('',#12284,0.045);
#389=CIRCLE('',#12285,0.045);
#390=CIRCLE('',#12286,0.045);
#391=CIRCLE('',#12290,0.045);
#392=CIRCLE('',#12291,0.045);
#393=CIRCLE('',#12292,0.045);
#394=CIRCLE('',#12293,0.045);
#395=CIRCLE('',#12306,0.5);
#396=CIRCLE('',#12308,0.5);
#397=CIRCLE('',#12310,0.3);
#398=CIRCLE('',#12311,0.3);
#399=CIRCLE('',#12312,0.3);
#400=CIRCLE('',#12313,0.3);
#401=CIRCLE('',#12314,0.5);
#402=CIRCLE('',#12315,1.75);
#403=CIRCLE('',#12316,0.5);
#404=CIRCLE('',#12317,0.5);
#405=CIRCLE('',#12320,0.3);
#406=CIRCLE('',#12322,0.3);
#407=CIRCLE('',#12326,0.3);
#408=CIRCLE('',#12328,0.3);
#409=CIRCLE('',#12331,0.5);
#410=CIRCLE('',#12333,1.75);
#411=CIRCLE('',#12335,0.5);
#412=CIRCLE('',#12337,0.5);
#413=CIRCLE('',#12340,0.3);
#414=CIRCLE('',#12342,0.3);
#415=CIRCLE('',#12346,0.3);
#416=CIRCLE('',#12348,0.3);
#417=CIRCLE('',#12352,0.1);
#418=CIRCLE('',#12353,1.65);
#419=CIRCLE('',#12358,0.29);
#420=CIRCLE('',#12359,0.29);
#421=CIRCLE('',#12360,0.29);
#422=CIRCLE('',#12361,0.29);
#423=CIRCLE('',#12362,0.29);
#424=CIRCLE('',#12363,0.29);
#425=CIRCLE('',#12364,0.29);
#426=CIRCLE('',#12367,0.29);
#427=CIRCLE('',#12368,0.29);
#428=CIRCLE('',#12369,0.29);
#429=CIRCLE('',#12370,0.29);
#430=CIRCLE('',#12371,0.29);
#431=CIRCLE('',#12372,0.29);
#432=CIRCLE('',#12373,0.29);
#433=CIRCLE('',#12375,0.29);
#434=CIRCLE('',#12376,0.29);
#435=CIRCLE('',#12377,0.29);
#436=CIRCLE('',#12378,0.29);
#437=CIRCLE('',#12379,0.29);
#438=CIRCLE('',#12380,0.29);
#439=CIRCLE('',#12381,0.29);
#440=CIRCLE('',#12383,0.29);
#441=CIRCLE('',#12384,0.29);
#442=CIRCLE('',#12385,0.29);
#443=CIRCLE('',#12386,0.29);
#444=CIRCLE('',#12387,0.29);
#445=CIRCLE('',#12388,0.29);
#446=CIRCLE('',#12389,0.29);
#447=CIRCLE('',#12392,0.29);
#448=CIRCLE('',#12393,0.29);
#449=CIRCLE('',#12394,0.29);
#450=CIRCLE('',#12395,0.29);
#451=CIRCLE('',#12396,0.29);
#452=CIRCLE('',#12397,0.29);
#453=CIRCLE('',#12398,0.29);
#454=CIRCLE('',#12401,0.29);
#455=CIRCLE('',#12402,0.29);
#456=CIRCLE('',#12403,0.29);
#457=CIRCLE('',#12404,0.29);
#458=CIRCLE('',#12405,0.29);
#459=CIRCLE('',#12406,0.29);
#460=CIRCLE('',#12407,0.29);
#461=CIRCLE('',#12409,0.29);
#462=CIRCLE('',#12410,0.29);
#463=CIRCLE('',#12411,0.29);
#464=CIRCLE('',#12412,0.29);
#465=CIRCLE('',#12413,0.29);
#466=CIRCLE('',#12414,0.29);
#467=CIRCLE('',#12415,0.29);
#468=CIRCLE('',#12417,0.29);
#469=CIRCLE('',#12418,0.29);
#470=CIRCLE('',#12419,0.29);
#471=CIRCLE('',#12420,0.29);
#472=CIRCLE('',#12421,0.29);
#473=CIRCLE('',#12422,0.29);
#474=CIRCLE('',#12423,0.29);
#475=CIRCLE('',#12493,0.6);
#476=CIRCLE('',#12494,0.6);
#477=CIRCLE('',#12497,0.600000000000002);
#478=CIRCLE('',#12498,0.600000000000002);
#479=CIRCLE('',#12501,0.600000000000001);
#480=CIRCLE('',#12502,0.600000000000001);
#481=CIRCLE('',#12505,0.600000000000003);
#482=CIRCLE('',#12506,0.600000000000003);
#483=CIRCLE('',#12509,0.6);
#484=CIRCLE('',#12510,0.6);
#485=CIRCLE('',#12512,0.200000000000002);
#486=CIRCLE('',#12513,0.2);
#487=CIRCLE('',#12514,0.2);
#488=CIRCLE('',#12515,0.2);
#489=CIRCLE('',#12516,0.2);
#490=CIRCLE('',#12519,0.2);
#491=CIRCLE('',#12522,0.2);
#492=CIRCLE('',#12525,0.2);
#493=CIRCLE('',#12526,0.200000000000002);
#494=CIRCLE('',#12527,0.2);
#495=FACE_BOUND('',#1715,.T.);
#496=FACE_BOUND('',#1716,.T.);
#497=FACE_BOUND('',#1717,.T.);
#498=FACE_BOUND('',#1718,.T.);
#499=FACE_BOUND('',#1719,.T.);
#500=FACE_BOUND('',#1720,.T.);
#501=FACE_BOUND('',#1721,.T.);
#502=FACE_BOUND('',#1722,.T.);
#503=FACE_BOUND('',#1723,.T.);
#504=FACE_BOUND('',#1724,.T.);
#505=FACE_BOUND('',#1725,.T.);
#506=FACE_BOUND('',#1726,.T.);
#507=FACE_BOUND('',#1727,.T.);
#508=FACE_BOUND('',#1728,.T.);
#509=FACE_BOUND('',#2061,.T.);
#510=FACE_BOUND('',#2062,.T.);
#511=FACE_BOUND('',#2063,.T.);
#512=FACE_BOUND('',#2064,.T.);
#513=FACE_BOUND('',#2065,.T.);
#514=FACE_BOUND('',#2066,.T.);
#515=FACE_BOUND('',#2067,.T.);
#516=FACE_BOUND('',#2068,.T.);
#517=FACE_BOUND('',#2069,.T.);
#518=FACE_BOUND('',#2070,.T.);
#519=FACE_BOUND('',#2071,.T.);
#520=FACE_BOUND('',#2072,.T.);
#521=FACE_BOUND('',#2073,.T.);
#522=FACE_BOUND('',#2074,.T.);
#523=FACE_BOUND('',#2075,.T.);
#524=FACE_BOUND('',#2076,.T.);
#525=FACE_BOUND('',#2077,.T.);
#526=FACE_BOUND('',#2078,.T.);
#527=FACE_BOUND('',#2079,.T.);
#528=FACE_BOUND('',#2080,.T.);
#529=FACE_BOUND('',#2081,.T.);
#530=FACE_BOUND('',#2082,.T.);
#531=FACE_BOUND('',#2083,.T.);
#532=FACE_BOUND('',#2084,.T.);
#533=FACE_BOUND('',#2085,.T.);
#534=FACE_BOUND('',#2086,.T.);
#535=FACE_BOUND('',#2087,.T.);
#536=FACE_BOUND('',#2088,.T.);
#537=FACE_BOUND('',#2089,.T.);
#538=FACE_BOUND('',#2090,.T.);
#539=FACE_BOUND('',#2091,.T.);
#540=FACE_BOUND('',#2092,.T.);
#541=FACE_BOUND('',#2094,.T.);
#542=FACE_BOUND('',#2095,.T.);
#543=FACE_BOUND('',#2096,.T.);
#544=FACE_BOUND('',#2097,.T.);
#545=FACE_BOUND('',#2098,.T.);
#546=FACE_BOUND('',#2099,.T.);
#547=FACE_BOUND('',#2100,.T.);
#548=FACE_BOUND('',#2101,.T.);
#549=FACE_BOUND('',#2102,.T.);
#550=FACE_BOUND('',#2103,.T.);
#551=FACE_BOUND('',#2104,.T.);
#552=FACE_BOUND('',#2105,.T.);
#553=FACE_BOUND('',#2106,.T.);
#554=FACE_BOUND('',#2107,.T.);
#555=FACE_BOUND('',#2108,.T.);
#556=FACE_BOUND('',#2109,.T.);
#557=FACE_BOUND('',#2110,.T.);
#558=FACE_BOUND('',#2111,.T.);
#559=FACE_BOUND('',#2112,.T.);
#560=FACE_BOUND('',#2113,.T.);
#561=FACE_BOUND('',#2114,.T.);
#562=FACE_BOUND('',#2115,.T.);
#563=FACE_BOUND('',#2116,.T.);
#564=FACE_BOUND('',#2117,.T.);
#565=FACE_BOUND('',#2118,.T.);
#566=FACE_BOUND('',#2119,.T.);
#567=FACE_BOUND('',#2120,.T.);
#568=FACE_BOUND('',#2121,.T.);
#569=FACE_BOUND('',#2122,.T.);
#570=FACE_BOUND('',#2123,.T.);
#571=FACE_BOUND('',#2124,.T.);
#572=FACE_BOUND('',#2125,.T.);
#573=FACE_BOUND('',#2166,.T.);
#574=FACE_BOUND('',#2167,.T.);
#575=FACE_BOUND('',#2168,.T.);
#576=FACE_BOUND('',#2169,.T.);
#577=FACE_BOUND('',#2228,.T.);
#578=FACE_BOUND('',#2229,.T.);
#579=FACE_BOUND('',#2230,.T.);
#580=FACE_BOUND('',#2262,.T.);
#581=FACE_BOUND('',#2263,.T.);
#582=FACE_BOUND('',#2264,.T.);
#583=FACE_BOUND('',#2265,.T.);
#584=FACE_BOUND('',#2266,.T.);
#585=FACE_BOUND('',#2380,.T.);
#586=STYLED_ITEM('',(#18826),#10949);
#587=STYLED_ITEM('',(#18826),#10950);
#588=STYLED_ITEM('',(#18826),#10951);
#589=STYLED_ITEM('',(#18826),#10952);
#590=STYLED_ITEM('',(#18826),#10953);
#591=STYLED_ITEM('',(#18826),#10954);
#592=STYLED_ITEM('',(#18826),#10955);
#593=STYLED_ITEM('',(#18826),#10956);
#594=STYLED_ITEM('',(#18826),#10957);
#595=STYLED_ITEM('',(#18826),#10958);
#596=STYLED_ITEM('',(#18826),#10959);
#597=STYLED_ITEM('',(#18826),#10960);
#598=STYLED_ITEM('',(#18826),#10961);
#599=STYLED_ITEM('',(#18826),#10962);
#600=STYLED_ITEM('',(#18826),#10963);
#601=STYLED_ITEM('',(#18826),#10964);
#602=STYLED_ITEM('',(#18826),#10965);
#603=STYLED_ITEM('',(#18826),#10966);
#604=STYLED_ITEM('',(#18826),#10967);
#605=STYLED_ITEM('',(#18826),#10968);
#606=STYLED_ITEM('',(#18826),#10969);
#607=STYLED_ITEM('',(#18826),#10970);
#608=STYLED_ITEM('',(#18826),#10971);
#609=STYLED_ITEM('',(#18826),#10972);
#610=STYLED_ITEM('',(#18826),#10973);
#611=STYLED_ITEM('',(#18826),#10974);
#612=STYLED_ITEM('',(#18826),#10975);
#613=STYLED_ITEM('',(#18826),#10976);
#614=STYLED_ITEM('',(#18826),#10977);
#615=STYLED_ITEM('',(#18826),#10978);
#616=STYLED_ITEM('',(#18826),#10979);
#617=STYLED_ITEM('',(#18826),#10980);
#618=STYLED_ITEM('',(#18826),#10981);
#619=STYLED_ITEM('',(#18826),#10982);
#620=STYLED_ITEM('',(#18826),#10983);
#621=STYLED_ITEM('',(#18826),#10984);
#622=STYLED_ITEM('',(#18826),#10985);
#623=STYLED_ITEM('',(#18826),#10986);
#624=STYLED_ITEM('',(#18826),#10987);
#625=STYLED_ITEM('',(#18826),#10988);
#626=STYLED_ITEM('',(#18826),#10989);
#627=STYLED_ITEM('',(#18826),#10990);
#628=STYLED_ITEM('',(#18826),#10991);
#629=STYLED_ITEM('',(#18826),#10992);
#630=STYLED_ITEM('',(#18826),#10993);
#631=STYLED_ITEM('',(#18827),#10994);
#632=STYLED_ITEM('',(#18827),#10995);
#633=STYLED_ITEM('',(#18827),#10996);
#634=STYLED_ITEM('',(#18827),#10997);
#635=STYLED_ITEM('',(#18827),#10998);
#636=STYLED_ITEM('',(#18827),#10999);
#637=STYLED_ITEM('',(#18827),#11000);
#638=STYLED_ITEM('',(#18827),#11001);
#639=STYLED_ITEM('',(#18827),#11002);
#640=STYLED_ITEM('',(#18827),#11003);
#641=STYLED_ITEM('',(#18827),#11004);
#642=STYLED_ITEM('',(#18827),#11005);
#643=STYLED_ITEM('',(#18827),#11006);
#644=STYLED_ITEM('',(#18827),#11007);
#645=STYLED_ITEM('',(#18827),#11008);
#646=STYLED_ITEM('',(#18827),#11009);
#647=STYLED_ITEM('',(#18827),#11010);
#648=STYLED_ITEM('',(#18827),#11011);
#649=STYLED_ITEM('',(#18827),#11012);
#650=STYLED_ITEM('',(#18827),#11013);
#651=STYLED_ITEM('',(#18827),#11014);
#652=STYLED_ITEM('',(#18827),#11015);
#653=STYLED_ITEM('',(#18827),#11016);
#654=STYLED_ITEM('',(#18827),#11017);
#655=STYLED_ITEM('',(#18827),#11018);
#656=STYLED_ITEM('',(#18827),#11019);
#657=STYLED_ITEM('',(#18827),#11020);
#658=STYLED_ITEM('',(#18827),#11021);
#659=STYLED_ITEM('',(#18827),#11022);
#660=STYLED_ITEM('',(#18827),#11023);
#661=STYLED_ITEM('',(#18827),#11024);
#662=STYLED_ITEM('',(#18827),#11025);
#663=STYLED_ITEM('',(#18827),#11026);
#664=STYLED_ITEM('',(#18827),#11027);
#665=STYLED_ITEM('',(#18827),#11028);
#666=STYLED_ITEM('',(#18827),#11029);
#667=STYLED_ITEM('',(#18827),#11030);
#668=STYLED_ITEM('',(#18827),#11031);
#669=STYLED_ITEM('',(#18827),#11032);
#670=STYLED_ITEM('',(#18827),#11033);
#671=STYLED_ITEM('',(#18827),#11034);
#672=STYLED_ITEM('',(#18827),#11035);
#673=STYLED_ITEM('',(#18827),#11036);
#674=STYLED_ITEM('',(#18827),#11037);
#675=STYLED_ITEM('',(#18827),#11038);
#676=STYLED_ITEM('',(#18827),#11039);
#677=STYLED_ITEM('',(#18827),#11040);
#678=STYLED_ITEM('',(#18827),#11041);
#679=STYLED_ITEM('',(#18827),#11042);
#680=STYLED_ITEM('',(#18827),#11043);
#681=STYLED_ITEM('',(#18827),#11044);
#682=STYLED_ITEM('',(#18827),#11045);
#683=STYLED_ITEM('',(#18827),#11046);
#684=STYLED_ITEM('',(#18827),#11047);
#685=STYLED_ITEM('',(#18827),#11048);
#686=STYLED_ITEM('',(#18827),#11049);
#687=STYLED_ITEM('',(#18827),#11050);
#688=STYLED_ITEM('',(#18827),#11051);
#689=STYLED_ITEM('',(#18827),#11052);
#690=STYLED_ITEM('',(#18827),#11053);
#691=STYLED_ITEM('',(#18827),#11054);
#692=STYLED_ITEM('',(#18827),#11055);
#693=STYLED_ITEM('',(#18827),#11056);
#694=STYLED_ITEM('',(#18827),#11057);
#695=STYLED_ITEM('',(#18827),#11058);
#696=STYLED_ITEM('',(#18827),#11059);
#697=STYLED_ITEM('',(#18827),#11060);
#698=STYLED_ITEM('',(#18827),#11061);
#699=STYLED_ITEM('',(#18827),#11062);
#700=STYLED_ITEM('',(#18827),#11063);
#701=STYLED_ITEM('',(#18827),#11064);
#702=STYLED_ITEM('',(#18827),#11065);
#703=STYLED_ITEM('',(#18827),#11066);
#704=STYLED_ITEM('',(#18827),#11067);
#705=STYLED_ITEM('',(#18827),#11068);
#706=STYLED_ITEM('',(#18827),#11069);
#707=STYLED_ITEM('',(#18827),#11070);
#708=STYLED_ITEM('',(#18827),#11071);
#709=STYLED_ITEM('',(#18827),#11072);
#710=STYLED_ITEM('',(#18827),#11073);
#711=STYLED_ITEM('',(#18827),#11074);
#712=STYLED_ITEM('',(#18827),#11075);
#713=STYLED_ITEM('',(#18827),#11076);
#714=STYLED_ITEM('',(#18827),#11077);
#715=STYLED_ITEM('',(#18827),#11078);
#716=STYLED_ITEM('',(#18827),#11079);
#717=STYLED_ITEM('',(#18827),#11080);
#718=STYLED_ITEM('',(#18827),#11081);
#719=STYLED_ITEM('',(#18827),#11082);
#720=STYLED_ITEM('',(#18827),#11083);
#721=STYLED_ITEM('',(#18827),#11084);
#722=STYLED_ITEM('',(#18827),#11085);
#723=STYLED_ITEM('',(#18827),#11086);
#724=STYLED_ITEM('',(#18827),#11087);
#725=STYLED_ITEM('',(#18827),#11088);
#726=STYLED_ITEM('',(#18827),#11089);
#727=STYLED_ITEM('',(#18827),#11090);
#728=STYLED_ITEM('',(#18827),#11091);
#729=STYLED_ITEM('',(#18827),#11092);
#730=STYLED_ITEM('',(#18827),#11093);
#731=STYLED_ITEM('',(#18827),#11094);
#732=STYLED_ITEM('',(#18827),#11095);
#733=STYLED_ITEM('',(#18827),#11096);
#734=STYLED_ITEM('',(#18827),#11097);
#735=STYLED_ITEM('',(#18827),#11098);
#736=STYLED_ITEM('',(#18827),#11099);
#737=STYLED_ITEM('',(#18827),#11100);
#738=STYLED_ITEM('',(#18827),#11101);
#739=STYLED_ITEM('',(#18827),#11102);
#740=STYLED_ITEM('',(#18827),#11103);
#741=STYLED_ITEM('',(#18827),#11104);
#742=STYLED_ITEM('',(#18827),#11105);
#743=STYLED_ITEM('',(#18827),#11106);
#744=STYLED_ITEM('',(#18827),#11107);
#745=STYLED_ITEM('',(#18827),#11108);
#746=STYLED_ITEM('',(#18827),#11109);
#747=STYLED_ITEM('',(#18827),#11110);
#748=STYLED_ITEM('',(#18827),#11111);
#749=STYLED_ITEM('',(#18827),#11112);
#750=STYLED_ITEM('',(#18827),#11113);
#751=STYLED_ITEM('',(#18827),#11114);
#752=STYLED_ITEM('',(#18827),#11115);
#753=STYLED_ITEM('',(#18827),#11116);
#754=STYLED_ITEM('',(#18827),#11117);
#755=STYLED_ITEM('',(#18827),#11118);
#756=STYLED_ITEM('',(#18827),#11119);
#757=STYLED_ITEM('',(#18827),#11120);
#758=STYLED_ITEM('',(#18827),#11121);
#759=STYLED_ITEM('',(#18827),#11122);
#760=STYLED_ITEM('',(#18827),#11123);
#761=STYLED_ITEM('',(#18827),#11124);
#762=STYLED_ITEM('',(#18827),#11125);
#763=STYLED_ITEM('',(#18827),#11126);
#764=STYLED_ITEM('',(#18827),#11127);
#765=STYLED_ITEM('',(#18827),#11128);
#766=STYLED_ITEM('',(#18827),#11129);
#767=STYLED_ITEM('',(#18827),#11130);
#768=STYLED_ITEM('',(#18827),#11131);
#769=STYLED_ITEM('',(#18827),#11132);
#770=STYLED_ITEM('',(#18827),#11133);
#771=STYLED_ITEM('',(#18827),#11134);
#772=STYLED_ITEM('',(#18827),#11135);
#773=STYLED_ITEM('',(#18827),#11136);
#774=STYLED_ITEM('',(#18827),#11137);
#775=STYLED_ITEM('',(#18827),#11138);
#776=STYLED_ITEM('',(#18827),#11139);
#777=STYLED_ITEM('',(#18827),#11140);
#778=STYLED_ITEM('',(#18827),#11141);
#779=STYLED_ITEM('',(#18827),#11142);
#780=STYLED_ITEM('',(#18827),#11143);
#781=STYLED_ITEM('',(#18827),#11144);
#782=STYLED_ITEM('',(#18827),#11145);
#783=STYLED_ITEM('',(#18827),#11146);
#784=STYLED_ITEM('',(#18827),#11147);
#785=STYLED_ITEM('',(#18827),#11148);
#786=STYLED_ITEM('',(#18827),#11149);
#787=STYLED_ITEM('',(#18827),#11150);
#788=STYLED_ITEM('',(#18827),#11151);
#789=STYLED_ITEM('',(#18827),#11152);
#790=STYLED_ITEM('',(#18827),#11153);
#791=STYLED_ITEM('',(#18827),#11154);
#792=STYLED_ITEM('',(#18827),#11155);
#793=STYLED_ITEM('',(#18827),#11156);
#794=STYLED_ITEM('',(#18827),#11157);
#795=STYLED_ITEM('',(#18827),#11158);
#796=STYLED_ITEM('',(#18827),#11159);
#797=STYLED_ITEM('',(#18827),#11160);
#798=STYLED_ITEM('',(#18827),#11161);
#799=STYLED_ITEM('',(#18825),#76);
#800=STYLED_ITEM('',(#18827),#11163);
#801=STYLED_ITEM('',(#18827),#11164);
#802=STYLED_ITEM('',(#18827),#11165);
#803=STYLED_ITEM('',(#18827),#11166);
#804=STYLED_ITEM('',(#18827),#11167);
#805=STYLED_ITEM('',(#18827),#11168);
#806=STYLED_ITEM('',(#18827),#11169);
#807=STYLED_ITEM('',(#18827),#11170);
#808=STYLED_ITEM('',(#18827),#11171);
#809=STYLED_ITEM('',(#18825),#77);
#810=STYLED_ITEM('',(#18827),#11172);
#811=STYLED_ITEM('',(#18827),#11173);
#812=STYLED_ITEM('',(#18827),#11174);
#813=STYLED_ITEM('',(#18827),#11175);
#814=STYLED_ITEM('',(#18827),#11176);
#815=STYLED_ITEM('',(#18827),#11177);
#816=STYLED_ITEM('',(#18827),#11178);
#817=STYLED_ITEM('',(#18827),#11179);
#818=STYLED_ITEM('',(#18827),#11180);
#819=STYLED_ITEM('',(#18825),#78);
#820=STYLED_ITEM('',(#18827),#11183);
#821=STYLED_ITEM('',(#18827),#11184);
#822=STYLED_ITEM('',(#18827),#11185);
#823=STYLED_ITEM('',(#18827),#11186);
#824=STYLED_ITEM('',(#18827),#11187);
#825=STYLED_ITEM('',(#18827),#11188);
#826=STYLED_ITEM('',(#18827),#11189);
#827=STYLED_ITEM('',(#18827),#11190);
#828=STYLED_ITEM('',(#18827),#11191);
#829=STYLED_ITEM('',(#18825),#79);
#830=STYLED_ITEM('',(#18827),#11192);
#831=STYLED_ITEM('',(#18827),#11193);
#832=STYLED_ITEM('',(#18827),#11194);
#833=STYLED_ITEM('',(#18827),#11195);
#834=STYLED_ITEM('',(#18827),#11196);
#835=STYLED_ITEM('',(#18827),#11197);
#836=STYLED_ITEM('',(#18827),#11198);
#837=STYLED_ITEM('',(#18827),#11199);
#838=STYLED_ITEM('',(#18827),#11200);
#839=STYLED_ITEM('',(#18825),#80);
#840=STYLED_ITEM('',(#18827),#11203);
#841=STYLED_ITEM('',(#18827),#11204);
#842=STYLED_ITEM('',(#18827),#11205);
#843=STYLED_ITEM('',(#18827),#11206);
#844=STYLED_ITEM('',(#18827),#11207);
#845=STYLED_ITEM('',(#18827),#11208);
#846=STYLED_ITEM('',(#18827),#11209);
#847=STYLED_ITEM('',(#18827),#11210);
#848=STYLED_ITEM('',(#18827),#11211);
#849=STYLED_ITEM('',(#18825),#81);
#850=STYLED_ITEM('',(#18827),#11212);
#851=STYLED_ITEM('',(#18827),#11213);
#852=STYLED_ITEM('',(#18827),#11214);
#853=STYLED_ITEM('',(#18827),#11215);
#854=STYLED_ITEM('',(#18827),#11216);
#855=STYLED_ITEM('',(#18827),#11217);
#856=STYLED_ITEM('',(#18827),#11218);
#857=STYLED_ITEM('',(#18827),#11219);
#858=STYLED_ITEM('',(#18827),#11220);
#859=STYLED_ITEM('',(#18825),#82);
#860=STYLED_ITEM('',(#18827),#11223);
#861=STYLED_ITEM('',(#18827),#11224);
#862=STYLED_ITEM('',(#18827),#11225);
#863=STYLED_ITEM('',(#18827),#11226);
#864=STYLED_ITEM('',(#18827),#11227);
#865=STYLED_ITEM('',(#18827),#11228);
#866=STYLED_ITEM('',(#18827),#11229);
#867=STYLED_ITEM('',(#18827),#11230);
#868=STYLED_ITEM('',(#18827),#11231);
#869=STYLED_ITEM('',(#18825),#83);
#870=STYLED_ITEM('',(#18827),#11232);
#871=STYLED_ITEM('',(#18827),#11233);
#872=STYLED_ITEM('',(#18827),#11234);
#873=STYLED_ITEM('',(#18827),#11235);
#874=STYLED_ITEM('',(#18827),#11236);
#875=STYLED_ITEM('',(#18827),#11237);
#876=STYLED_ITEM('',(#18827),#11238);
#877=STYLED_ITEM('',(#18827),#11239);
#878=STYLED_ITEM('',(#18827),#11240);
#879=STYLED_ITEM('',(#18825),#84);
#880=STYLED_ITEM('',(#18827),#11243);
#881=STYLED_ITEM('',(#18827),#11244);
#882=STYLED_ITEM('',(#18827),#11245);
#883=STYLED_ITEM('',(#18827),#11246);
#884=STYLED_ITEM('',(#18827),#11247);
#885=STYLED_ITEM('',(#18827),#11248);
#886=STYLED_ITEM('',(#18827),#11249);
#887=STYLED_ITEM('',(#18827),#11250);
#888=STYLED_ITEM('',(#18827),#11251);
#889=STYLED_ITEM('',(#18825),#85);
#890=STYLED_ITEM('',(#18827),#11252);
#891=STYLED_ITEM('',(#18827),#11253);
#892=STYLED_ITEM('',(#18827),#11254);
#893=STYLED_ITEM('',(#18827),#11255);
#894=STYLED_ITEM('',(#18827),#11256);
#895=STYLED_ITEM('',(#18827),#11257);
#896=STYLED_ITEM('',(#18827),#11258);
#897=STYLED_ITEM('',(#18827),#11259);
#898=STYLED_ITEM('',(#18827),#11260);
#899=STYLED_ITEM('',(#18825),#86);
#900=STYLED_ITEM('',(#18827),#11263);
#901=STYLED_ITEM('',(#18827),#11264);
#902=STYLED_ITEM('',(#18827),#11265);
#903=STYLED_ITEM('',(#18827),#11266);
#904=STYLED_ITEM('',(#18827),#11267);
#905=STYLED_ITEM('',(#18827),#11268);
#906=STYLED_ITEM('',(#18827),#11269);
#907=STYLED_ITEM('',(#18827),#11270);
#908=STYLED_ITEM('',(#18827),#11271);
#909=STYLED_ITEM('',(#18825),#87);
#910=STYLED_ITEM('',(#18827),#11272);
#911=STYLED_ITEM('',(#18827),#11273);
#912=STYLED_ITEM('',(#18827),#11274);
#913=STYLED_ITEM('',(#18827),#11275);
#914=STYLED_ITEM('',(#18827),#11276);
#915=STYLED_ITEM('',(#18827),#11277);
#916=STYLED_ITEM('',(#18827),#11278);
#917=STYLED_ITEM('',(#18827),#11279);
#918=STYLED_ITEM('',(#18827),#11280);
#919=STYLED_ITEM('',(#18825),#88);
#920=STYLED_ITEM('',(#18827),#11283);
#921=STYLED_ITEM('',(#18827),#11284);
#922=STYLED_ITEM('',(#18827),#11285);
#923=STYLED_ITEM('',(#18827),#11286);
#924=STYLED_ITEM('',(#18827),#11287);
#925=STYLED_ITEM('',(#18827),#11288);
#926=STYLED_ITEM('',(#18827),#11289);
#927=STYLED_ITEM('',(#18827),#11290);
#928=STYLED_ITEM('',(#18827),#11291);
#929=STYLED_ITEM('',(#18825),#89);
#930=STYLED_ITEM('',(#18827),#11292);
#931=STYLED_ITEM('',(#18827),#11293);
#932=STYLED_ITEM('',(#18827),#11294);
#933=STYLED_ITEM('',(#18827),#11295);
#934=STYLED_ITEM('',(#18827),#11296);
#935=STYLED_ITEM('',(#18827),#11297);
#936=STYLED_ITEM('',(#18827),#11298);
#937=STYLED_ITEM('',(#18827),#11299);
#938=STYLED_ITEM('',(#18827),#11300);
#939=STYLED_ITEM('',(#18825),#90);
#940=STYLED_ITEM('',(#18828),#91);
#941=STYLED_ITEM('',(#18825),#92);
#942=STYLED_ITEM('',(#18829),#11407);
#943=STYLED_ITEM('',(#18829),#11408);
#944=STYLED_ITEM('',(#18829),#11409);
#945=STYLED_ITEM('',(#18829),#11410);
#946=STYLED_ITEM('',(#18829),#11411);
#947=STYLED_ITEM('',(#18829),#11412);
#948=STYLED_ITEM('',(#18829),#11413);
#949=STYLED_ITEM('',(#18830),#11414);
#950=STYLED_ITEM('',(#18829),#11415);
#951=STYLED_ITEM('',(#18829),#11416);
#952=STYLED_ITEM('',(#18830),#11417);
#953=STYLED_ITEM('',(#18830),#11418);
#954=STYLED_ITEM('',(#18829),#11419);
#955=STYLED_ITEM('',(#18831),#11420);
#956=STYLED_ITEM('',(#18831),#11421);
#957=STYLED_ITEM('',(#18829),#11422);
#958=STYLED_ITEM('',(#18831),#11423);
#959=STYLED_ITEM('',(#18829),#11424);
#960=STYLED_ITEM('',(#18829),#11425);
#961=STYLED_ITEM('',(#18829),#11426);
#962=STYLED_ITEM('',(#18829),#11427);
#963=STYLED_ITEM('',(#18829),#11428);
#964=STYLED_ITEM('',(#18829),#11429);
#965=STYLED_ITEM('',(#18829),#11430);
#966=STYLED_ITEM('',(#18831),#11431);
#967=STYLED_ITEM('',(#18831),#11432);
#968=STYLED_ITEM('',(#18825),#93);
#969=STYLED_ITEM('',(#18826),#11433);
#970=STYLED_ITEM('',(#18826),#11434);
#971=STYLED_ITEM('',(#18829),#11435);
#972=STYLED_ITEM('',(#18829),#11436);
#973=STYLED_ITEM('',(#18829),#11437);
#974=STYLED_ITEM('',(#18829),#11438);
#975=STYLED_ITEM('',(#18829),#11439);
#976=STYLED_ITEM('',(#18829),#11440);
#977=STYLED_ITEM('',(#18829),#11441);
#978=STYLED_ITEM('',(#18829),#11442);
#979=STYLED_ITEM('',(#18829),#11443);
#980=STYLED_ITEM('',(#18826),#11444);
#981=STYLED_ITEM('',(#18826),#11445);
#982=STYLED_ITEM('',(#18826),#11446);
#983=STYLED_ITEM('',(#18826),#11447);
#984=STYLED_ITEM('',(#18826),#11448);
#985=STYLED_ITEM('',(#18826),#11449);
#986=STYLED_ITEM('',(#18826),#11450);
#987=STYLED_ITEM('',(#18826),#11451);
#988=STYLED_ITEM('',(#18826),#11452);
#989=STYLED_ITEM('',(#18826),#11453);
#990=STYLED_ITEM('',(#18826),#11454);
#991=STYLED_ITEM('',(#18826),#11455);
#992=STYLED_ITEM('',(#18826),#11456);
#993=STYLED_ITEM('',(#18826),#11457);
#994=STYLED_ITEM('',(#18826),#11458);
#995=STYLED_ITEM('',(#18826),#11459);
#996=STYLED_ITEM('',(#18826),#11460);
#997=STYLED_ITEM('',(#18829),#11461);
#998=STYLED_ITEM('',(#18829),#11462);
#999=STYLED_ITEM('',(#18829),#11463);
#1000=STYLED_ITEM('',(#18829),#11464);
#1001=STYLED_ITEM('',(#18829),#11465);
#1002=STYLED_ITEM('',(#18829),#11466);
#1003=STYLED_ITEM('',(#18829),#11467);
#1004=STYLED_ITEM('',(#18829),#11468);
#1005=STYLED_ITEM('',(#18829),#11469);
#1006=STYLED_ITEM('',(#18829),#11470);
#1007=STYLED_ITEM('',(#18829),#11471);
#1008=STYLED_ITEM('',(#18829),#11472);
#1009=STYLED_ITEM('',(#18826),#11473);
#1010=STYLED_ITEM('',(#18829),#11474);
#1011=STYLED_ITEM('',(#18829),#11475);
#1012=STYLED_ITEM('',(#18829),#11476);
#1013=STYLED_ITEM('',(#18829),#11477);
#1014=STYLED_ITEM('',(#18829),#11478);
#1015=STYLED_ITEM('',(#18829),#11479);
#1016=STYLED_ITEM('',(#18829),#11480);
#1017=STYLED_ITEM('',(#18829),#11481);
#1018=STYLED_ITEM('',(#18829),#11482);
#1019=STYLED_ITEM('',(#18829),#11483);
#1020=STYLED_ITEM('',(#18829),#11484);
#1021=STYLED_ITEM('',(#18829),#11485);
#1022=STYLED_ITEM('',(#18829),#11486);
#1023=STYLED_ITEM('',(#18829),#11487);
#1024=STYLED_ITEM('',(#18829),#11488);
#1025=STYLED_ITEM('',(#18829),#11489);
#1026=STYLED_ITEM('',(#18829),#11490);
#1027=STYLED_ITEM('',(#18829),#11491);
#1028=STYLED_ITEM('',(#18829),#11492);
#1029=STYLED_ITEM('',(#18829),#11493);
#1030=STYLED_ITEM('',(#18829),#11494);
#1031=STYLED_ITEM('',(#18829),#11495);
#1032=STYLED_ITEM('',(#18829),#11496);
#1033=STYLED_ITEM('',(#18829),#11497);
#1034=STYLED_ITEM('',(#18829),#11498);
#1035=STYLED_ITEM('',(#18829),#11499);
#1036=STYLED_ITEM('',(#18829),#11500);
#1037=STYLED_ITEM('',(#18829),#11501);
#1038=STYLED_ITEM('',(#18829),#11502);
#1039=STYLED_ITEM('',(#18829),#11503);
#1040=STYLED_ITEM('',(#18829),#11504);
#1041=STYLED_ITEM('',(#18829),#11505);
#1042=STYLED_ITEM('',(#18829),#11506);
#1043=STYLED_ITEM('',(#18829),#11507);
#1044=STYLED_ITEM('',(#18829),#11508);
#1045=STYLED_ITEM('',(#18829),#11509);
#1046=STYLED_ITEM('',(#18829),#11510);
#1047=STYLED_ITEM('',(#18829),#11511);
#1048=STYLED_ITEM('',(#18829),#11512);
#1049=STYLED_ITEM('',(#18829),#11513);
#1050=STYLED_ITEM('',(#18829),#11514);
#1051=STYLED_ITEM('',(#18829),#11515);
#1052=STYLED_ITEM('',(#18829),#11516);
#1053=STYLED_ITEM('',(#18829),#11517);
#1054=STYLED_ITEM('',(#18829),#11518);
#1055=STYLED_ITEM('',(#18829),#11519);
#1056=STYLED_ITEM('',(#18829),#11520);
#1057=STYLED_ITEM('',(#18829),#11521);
#1058=STYLED_ITEM('',(#18829),#11522);
#1059=STYLED_ITEM('',(#18829),#11523);
#1060=STYLED_ITEM('',(#18829),#11524);
#1061=STYLED_ITEM('',(#18829),#11525);
#1062=STYLED_ITEM('',(#18829),#11526);
#1063=STYLED_ITEM('',(#18829),#11527);
#1064=STYLED_ITEM('',(#18829),#11528);
#1065=STYLED_ITEM('',(#18829),#11529);
#1066=STYLED_ITEM('',(#18829),#11530);
#1067=STYLED_ITEM('',(#18829),#11531);
#1068=STYLED_ITEM('',(#18829),#11532);
#1069=STYLED_ITEM('',(#18829),#11533);
#1070=STYLED_ITEM('',(#18829),#11534);
#1071=STYLED_ITEM('',(#18829),#11535);
#1072=STYLED_ITEM('',(#18829),#11536);
#1073=STYLED_ITEM('',(#18829),#11537);
#1074=STYLED_ITEM('',(#18825),#94);
#1075=STYLED_ITEM('',(#18825),#95);
#1076=FACE_OUTER_BOUND('',#1689,.T.);
#1077=FACE_OUTER_BOUND('',#1690,.T.);
#1078=FACE_OUTER_BOUND('',#1691,.T.);
#1079=FACE_OUTER_BOUND('',#1692,.T.);
#1080=FACE_OUTER_BOUND('',#1693,.T.);
#1081=FACE_OUTER_BOUND('',#1694,.T.);
#1082=FACE_OUTER_BOUND('',#1695,.T.);
#1083=FACE_OUTER_BOUND('',#1696,.T.);
#1084=FACE_OUTER_BOUND('',#1697,.T.);
#1085=FACE_OUTER_BOUND('',#1698,.T.);
#1086=FACE_OUTER_BOUND('',#1699,.T.);
#1087=FACE_OUTER_BOUND('',#1700,.T.);
#1088=FACE_OUTER_BOUND('',#1701,.T.);
#1089=FACE_OUTER_BOUND('',#1702,.T.);
#1090=FACE_OUTER_BOUND('',#1703,.T.);
#1091=FACE_OUTER_BOUND('',#1704,.T.);
#1092=FACE_OUTER_BOUND('',#1705,.T.);
#1093=FACE_OUTER_BOUND('',#1706,.T.);
#1094=FACE_OUTER_BOUND('',#1707,.T.);
#1095=FACE_OUTER_BOUND('',#1708,.T.);
#1096=FACE_OUTER_BOUND('',#1709,.T.);
#1097=FACE_OUTER_BOUND('',#1710,.T.);
#1098=FACE_OUTER_BOUND('',#1711,.T.);
#1099=FACE_OUTER_BOUND('',#1712,.T.);
#1100=FACE_OUTER_BOUND('',#1713,.T.);
#1101=FACE_OUTER_BOUND('',#1714,.T.);
#1102=FACE_OUTER_BOUND('',#1729,.T.);
#1103=FACE_OUTER_BOUND('',#1730,.T.);
#1104=FACE_OUTER_BOUND('',#1731,.T.);
#1105=FACE_OUTER_BOUND('',#1732,.T.);
#1106=FACE_OUTER_BOUND('',#1733,.T.);
#1107=FACE_OUTER_BOUND('',#1734,.T.);
#1108=FACE_OUTER_BOUND('',#1735,.T.);
#1109=FACE_OUTER_BOUND('',#1736,.T.);
#1110=FACE_OUTER_BOUND('',#1737,.T.);
#1111=FACE_OUTER_BOUND('',#1738,.T.);
#1112=FACE_OUTER_BOUND('',#1739,.T.);
#1113=FACE_OUTER_BOUND('',#1740,.T.);
#1114=FACE_OUTER_BOUND('',#1741,.T.);
#1115=FACE_OUTER_BOUND('',#1742,.T.);
#1116=FACE_OUTER_BOUND('',#1743,.T.);
#1117=FACE_OUTER_BOUND('',#1744,.T.);
#1118=FACE_OUTER_BOUND('',#1745,.T.);
#1119=FACE_OUTER_BOUND('',#1746,.T.);
#1120=FACE_OUTER_BOUND('',#1747,.T.);
#1121=FACE_OUTER_BOUND('',#1748,.T.);
#1122=FACE_OUTER_BOUND('',#1749,.T.);
#1123=FACE_OUTER_BOUND('',#1750,.T.);
#1124=FACE_OUTER_BOUND('',#1751,.T.);
#1125=FACE_OUTER_BOUND('',#1752,.T.);
#1126=FACE_OUTER_BOUND('',#1753,.T.);
#1127=FACE_OUTER_BOUND('',#1754,.T.);
#1128=FACE_OUTER_BOUND('',#1755,.T.);
#1129=FACE_OUTER_BOUND('',#1756,.T.);
#1130=FACE_OUTER_BOUND('',#1757,.T.);
#1131=FACE_OUTER_BOUND('',#1758,.T.);
#1132=FACE_OUTER_BOUND('',#1759,.T.);
#1133=FACE_OUTER_BOUND('',#1760,.T.);
#1134=FACE_OUTER_BOUND('',#1761,.T.);
#1135=FACE_OUTER_BOUND('',#1762,.T.);
#1136=FACE_OUTER_BOUND('',#1763,.T.);
#1137=FACE_OUTER_BOUND('',#1764,.T.);
#1138=FACE_OUTER_BOUND('',#1765,.T.);
#1139=FACE_OUTER_BOUND('',#1766,.T.);
#1140=FACE_OUTER_BOUND('',#1767,.T.);
#1141=FACE_OUTER_BOUND('',#1768,.T.);
#1142=FACE_OUTER_BOUND('',#1769,.T.);
#1143=FACE_OUTER_BOUND('',#1770,.T.);
#1144=FACE_OUTER_BOUND('',#1771,.T.);
#1145=FACE_OUTER_BOUND('',#1772,.T.);
#1146=FACE_OUTER_BOUND('',#1773,.T.);
#1147=FACE_OUTER_BOUND('',#1774,.T.);
#1148=FACE_OUTER_BOUND('',#1775,.T.);
#1149=FACE_OUTER_BOUND('',#1776,.T.);
#1150=FACE_OUTER_BOUND('',#1777,.T.);
#1151=FACE_OUTER_BOUND('',#1778,.T.);
#1152=FACE_OUTER_BOUND('',#1779,.T.);
#1153=FACE_OUTER_BOUND('',#1780,.T.);
#1154=FACE_OUTER_BOUND('',#1781,.T.);
#1155=FACE_OUTER_BOUND('',#1782,.T.);
#1156=FACE_OUTER_BOUND('',#1783,.T.);
#1157=FACE_OUTER_BOUND('',#1784,.T.);
#1158=FACE_OUTER_BOUND('',#1785,.T.);
#1159=FACE_OUTER_BOUND('',#1786,.T.);
#1160=FACE_OUTER_BOUND('',#1787,.T.);
#1161=FACE_OUTER_BOUND('',#1788,.T.);
#1162=FACE_OUTER_BOUND('',#1789,.T.);
#1163=FACE_OUTER_BOUND('',#1790,.T.);
#1164=FACE_OUTER_BOUND('',#1791,.T.);
#1165=FACE_OUTER_BOUND('',#1792,.T.);
#1166=FACE_OUTER_BOUND('',#1793,.T.);
#1167=FACE_OUTER_BOUND('',#1794,.T.);
#1168=FACE_OUTER_BOUND('',#1795,.T.);
#1169=FACE_OUTER_BOUND('',#1796,.T.);
#1170=FACE_OUTER_BOUND('',#1797,.T.);
#1171=FACE_OUTER_BOUND('',#1798,.T.);
#1172=FACE_OUTER_BOUND('',#1799,.T.);
#1173=FACE_OUTER_BOUND('',#1800,.T.);
#1174=FACE_OUTER_BOUND('',#1801,.T.);
#1175=FACE_OUTER_BOUND('',#1802,.T.);
#1176=FACE_OUTER_BOUND('',#1803,.T.);
#1177=FACE_OUTER_BOUND('',#1804,.T.);
#1178=FACE_OUTER_BOUND('',#1805,.T.);
#1179=FACE_OUTER_BOUND('',#1806,.T.);
#1180=FACE_OUTER_BOUND('',#1807,.T.);
#1181=FACE_OUTER_BOUND('',#1808,.T.);
#1182=FACE_OUTER_BOUND('',#1809,.T.);
#1183=FACE_OUTER_BOUND('',#1810,.T.);
#1184=FACE_OUTER_BOUND('',#1811,.T.);
#1185=FACE_OUTER_BOUND('',#1812,.T.);
#1186=FACE_OUTER_BOUND('',#1813,.T.);
#1187=FACE_OUTER_BOUND('',#1814,.T.);
#1188=FACE_OUTER_BOUND('',#1815,.T.);
#1189=FACE_OUTER_BOUND('',#1816,.T.);
#1190=FACE_OUTER_BOUND('',#1817,.T.);
#1191=FACE_OUTER_BOUND('',#1818,.T.);
#1192=FACE_OUTER_BOUND('',#1819,.T.);
#1193=FACE_OUTER_BOUND('',#1820,.T.);
#1194=FACE_OUTER_BOUND('',#1821,.T.);
#1195=FACE_OUTER_BOUND('',#1822,.T.);
#1196=FACE_OUTER_BOUND('',#1823,.T.);
#1197=FACE_OUTER_BOUND('',#1824,.T.);
#1198=FACE_OUTER_BOUND('',#1825,.T.);
#1199=FACE_OUTER_BOUND('',#1826,.T.);
#1200=FACE_OUTER_BOUND('',#1827,.T.);
#1201=FACE_OUTER_BOUND('',#1828,.T.);
#1202=FACE_OUTER_BOUND('',#1829,.T.);
#1203=FACE_OUTER_BOUND('',#1830,.T.);
#1204=FACE_OUTER_BOUND('',#1831,.T.);
#1205=FACE_OUTER_BOUND('',#1832,.T.);
#1206=FACE_OUTER_BOUND('',#1833,.T.);
#1207=FACE_OUTER_BOUND('',#1834,.T.);
#1208=FACE_OUTER_BOUND('',#1835,.T.);
#1209=FACE_OUTER_BOUND('',#1836,.T.);
#1210=FACE_OUTER_BOUND('',#1837,.T.);
#1211=FACE_OUTER_BOUND('',#1838,.T.);
#1212=FACE_OUTER_BOUND('',#1839,.T.);
#1213=FACE_OUTER_BOUND('',#1840,.T.);
#1214=FACE_OUTER_BOUND('',#1841,.T.);
#1215=FACE_OUTER_BOUND('',#1842,.T.);
#1216=FACE_OUTER_BOUND('',#1843,.T.);
#1217=FACE_OUTER_BOUND('',#1844,.T.);
#1218=FACE_OUTER_BOUND('',#1845,.T.);
#1219=FACE_OUTER_BOUND('',#1846,.T.);
#1220=FACE_OUTER_BOUND('',#1847,.T.);
#1221=FACE_OUTER_BOUND('',#1848,.T.);
#1222=FACE_OUTER_BOUND('',#1849,.T.);
#1223=FACE_OUTER_BOUND('',#1850,.T.);
#1224=FACE_OUTER_BOUND('',#1851,.T.);
#1225=FACE_OUTER_BOUND('',#1852,.T.);
#1226=FACE_OUTER_BOUND('',#1853,.T.);
#1227=FACE_OUTER_BOUND('',#1854,.T.);
#1228=FACE_OUTER_BOUND('',#1855,.T.);
#1229=FACE_OUTER_BOUND('',#1856,.T.);
#1230=FACE_OUTER_BOUND('',#1857,.T.);
#1231=FACE_OUTER_BOUND('',#1858,.T.);
#1232=FACE_OUTER_BOUND('',#1859,.T.);
#1233=FACE_OUTER_BOUND('',#1860,.T.);
#1234=FACE_OUTER_BOUND('',#1861,.T.);
#1235=FACE_OUTER_BOUND('',#1862,.T.);
#1236=FACE_OUTER_BOUND('',#1863,.T.);
#1237=FACE_OUTER_BOUND('',#1864,.T.);
#1238=FACE_OUTER_BOUND('',#1865,.T.);
#1239=FACE_OUTER_BOUND('',#1866,.T.);
#1240=FACE_OUTER_BOUND('',#1867,.T.);
#1241=FACE_OUTER_BOUND('',#1868,.T.);
#1242=FACE_OUTER_BOUND('',#1869,.T.);
#1243=FACE_OUTER_BOUND('',#1870,.T.);
#1244=FACE_OUTER_BOUND('',#1871,.T.);
#1245=FACE_OUTER_BOUND('',#1872,.T.);
#1246=FACE_OUTER_BOUND('',#1873,.T.);
#1247=FACE_OUTER_BOUND('',#1874,.T.);
#1248=FACE_OUTER_BOUND('',#1875,.T.);
#1249=FACE_OUTER_BOUND('',#1876,.T.);
#1250=FACE_OUTER_BOUND('',#1877,.T.);
#1251=FACE_OUTER_BOUND('',#1878,.T.);
#1252=FACE_OUTER_BOUND('',#1879,.T.);
#1253=FACE_OUTER_BOUND('',#1880,.T.);
#1254=FACE_OUTER_BOUND('',#1881,.T.);
#1255=FACE_OUTER_BOUND('',#1882,.T.);
#1256=FACE_OUTER_BOUND('',#1883,.T.);
#1257=FACE_OUTER_BOUND('',#1884,.T.);
#1258=FACE_OUTER_BOUND('',#1885,.T.);
#1259=FACE_OUTER_BOUND('',#1886,.T.);
#1260=FACE_OUTER_BOUND('',#1887,.T.);
#1261=FACE_OUTER_BOUND('',#1888,.T.);
#1262=FACE_OUTER_BOUND('',#1889,.T.);
#1263=FACE_OUTER_BOUND('',#1890,.T.);
#1264=FACE_OUTER_BOUND('',#1891,.T.);
#1265=FACE_OUTER_BOUND('',#1892,.T.);
#1266=FACE_OUTER_BOUND('',#1893,.T.);
#1267=FACE_OUTER_BOUND('',#1894,.T.);
#1268=FACE_OUTER_BOUND('',#1895,.T.);
#1269=FACE_OUTER_BOUND('',#1896,.T.);
#1270=FACE_OUTER_BOUND('',#1897,.T.);
#1271=FACE_OUTER_BOUND('',#1898,.T.);
#1272=FACE_OUTER_BOUND('',#1899,.T.);
#1273=FACE_OUTER_BOUND('',#1900,.T.);
#1274=FACE_OUTER_BOUND('',#1901,.T.);
#1275=FACE_OUTER_BOUND('',#1902,.T.);
#1276=FACE_OUTER_BOUND('',#1903,.T.);
#1277=FACE_OUTER_BOUND('',#1904,.T.);
#1278=FACE_OUTER_BOUND('',#1905,.T.);
#1279=FACE_OUTER_BOUND('',#1906,.T.);
#1280=FACE_OUTER_BOUND('',#1907,.T.);
#1281=FACE_OUTER_BOUND('',#1908,.T.);
#1282=FACE_OUTER_BOUND('',#1909,.T.);
#1283=FACE_OUTER_BOUND('',#1910,.T.);
#1284=FACE_OUTER_BOUND('',#1911,.T.);
#1285=FACE_OUTER_BOUND('',#1912,.T.);
#1286=FACE_OUTER_BOUND('',#1913,.T.);
#1287=FACE_OUTER_BOUND('',#1914,.T.);
#1288=FACE_OUTER_BOUND('',#1915,.T.);
#1289=FACE_OUTER_BOUND('',#1916,.T.);
#1290=FACE_OUTER_BOUND('',#1917,.T.);
#1291=FACE_OUTER_BOUND('',#1918,.T.);
#1292=FACE_OUTER_BOUND('',#1919,.T.);
#1293=FACE_OUTER_BOUND('',#1920,.T.);
#1294=FACE_OUTER_BOUND('',#1921,.T.);
#1295=FACE_OUTER_BOUND('',#1922,.T.);
#1296=FACE_OUTER_BOUND('',#1923,.T.);
#1297=FACE_OUTER_BOUND('',#1924,.T.);
#1298=FACE_OUTER_BOUND('',#1925,.T.);
#1299=FACE_OUTER_BOUND('',#1926,.T.);
#1300=FACE_OUTER_BOUND('',#1927,.T.);
#1301=FACE_OUTER_BOUND('',#1928,.T.);
#1302=FACE_OUTER_BOUND('',#1929,.T.);
#1303=FACE_OUTER_BOUND('',#1930,.T.);
#1304=FACE_OUTER_BOUND('',#1931,.T.);
#1305=FACE_OUTER_BOUND('',#1932,.T.);
#1306=FACE_OUTER_BOUND('',#1933,.T.);
#1307=FACE_OUTER_BOUND('',#1934,.T.);
#1308=FACE_OUTER_BOUND('',#1935,.T.);
#1309=FACE_OUTER_BOUND('',#1936,.T.);
#1310=FACE_OUTER_BOUND('',#1937,.T.);
#1311=FACE_OUTER_BOUND('',#1938,.T.);
#1312=FACE_OUTER_BOUND('',#1939,.T.);
#1313=FACE_OUTER_BOUND('',#1940,.T.);
#1314=FACE_OUTER_BOUND('',#1941,.T.);
#1315=FACE_OUTER_BOUND('',#1942,.T.);
#1316=FACE_OUTER_BOUND('',#1943,.T.);
#1317=FACE_OUTER_BOUND('',#1944,.T.);
#1318=FACE_OUTER_BOUND('',#1945,.T.);
#1319=FACE_OUTER_BOUND('',#1946,.T.);
#1320=FACE_OUTER_BOUND('',#1947,.T.);
#1321=FACE_OUTER_BOUND('',#1948,.T.);
#1322=FACE_OUTER_BOUND('',#1949,.T.);
#1323=FACE_OUTER_BOUND('',#1950,.T.);
#1324=FACE_OUTER_BOUND('',#1951,.T.);
#1325=FACE_OUTER_BOUND('',#1952,.T.);
#1326=FACE_OUTER_BOUND('',#1953,.T.);
#1327=FACE_OUTER_BOUND('',#1954,.T.);
#1328=FACE_OUTER_BOUND('',#1955,.T.);
#1329=FACE_OUTER_BOUND('',#1956,.T.);
#1330=FACE_OUTER_BOUND('',#1957,.T.);
#1331=FACE_OUTER_BOUND('',#1958,.T.);
#1332=FACE_OUTER_BOUND('',#1959,.T.);
#1333=FACE_OUTER_BOUND('',#1960,.T.);
#1334=FACE_OUTER_BOUND('',#1961,.T.);
#1335=FACE_OUTER_BOUND('',#1962,.T.);
#1336=FACE_OUTER_BOUND('',#1963,.T.);
#1337=FACE_OUTER_BOUND('',#1964,.T.);
#1338=FACE_OUTER_BOUND('',#1965,.T.);
#1339=FACE_OUTER_BOUND('',#1966,.T.);
#1340=FACE_OUTER_BOUND('',#1967,.T.);
#1341=FACE_OUTER_BOUND('',#1968,.T.);
#1342=FACE_OUTER_BOUND('',#1969,.T.);
#1343=FACE_OUTER_BOUND('',#1970,.T.);
#1344=FACE_OUTER_BOUND('',#1971,.T.);
#1345=FACE_OUTER_BOUND('',#1972,.T.);
#1346=FACE_OUTER_BOUND('',#1973,.T.);
#1347=FACE_OUTER_BOUND('',#1974,.T.);
#1348=FACE_OUTER_BOUND('',#1975,.T.);
#1349=FACE_OUTER_BOUND('',#1976,.T.);
#1350=FACE_OUTER_BOUND('',#1977,.T.);
#1351=FACE_OUTER_BOUND('',#1978,.T.);
#1352=FACE_OUTER_BOUND('',#1979,.T.);
#1353=FACE_OUTER_BOUND('',#1980,.T.);
#1354=FACE_OUTER_BOUND('',#1981,.T.);
#1355=FACE_OUTER_BOUND('',#1982,.T.);
#1356=FACE_OUTER_BOUND('',#1983,.T.);
#1357=FACE_OUTER_BOUND('',#1984,.T.);
#1358=FACE_OUTER_BOUND('',#1985,.T.);
#1359=FACE_OUTER_BOUND('',#1986,.T.);
#1360=FACE_OUTER_BOUND('',#1987,.T.);
#1361=FACE_OUTER_BOUND('',#1988,.T.);
#1362=FACE_OUTER_BOUND('',#1989,.T.);
#1363=FACE_OUTER_BOUND('',#1990,.T.);
#1364=FACE_OUTER_BOUND('',#1991,.T.);
#1365=FACE_OUTER_BOUND('',#1992,.T.);
#1366=FACE_OUTER_BOUND('',#1993,.T.);
#1367=FACE_OUTER_BOUND('',#1994,.T.);
#1368=FACE_OUTER_BOUND('',#1995,.T.);
#1369=FACE_OUTER_BOUND('',#1996,.T.);
#1370=FACE_OUTER_BOUND('',#1997,.T.);
#1371=FACE_OUTER_BOUND('',#1998,.T.);
#1372=FACE_OUTER_BOUND('',#1999,.T.);
#1373=FACE_OUTER_BOUND('',#2000,.T.);
#1374=FACE_OUTER_BOUND('',#2001,.T.);
#1375=FACE_OUTER_BOUND('',#2002,.T.);
#1376=FACE_OUTER_BOUND('',#2003,.T.);
#1377=FACE_OUTER_BOUND('',#2004,.T.);
#1378=FACE_OUTER_BOUND('',#2005,.T.);
#1379=FACE_OUTER_BOUND('',#2006,.T.);
#1380=FACE_OUTER_BOUND('',#2007,.T.);
#1381=FACE_OUTER_BOUND('',#2008,.T.);
#1382=FACE_OUTER_BOUND('',#2009,.T.);
#1383=FACE_OUTER_BOUND('',#2010,.T.);
#1384=FACE_OUTER_BOUND('',#2011,.T.);
#1385=FACE_OUTER_BOUND('',#2012,.T.);
#1386=FACE_OUTER_BOUND('',#2013,.T.);
#1387=FACE_OUTER_BOUND('',#2014,.T.);
#1388=FACE_OUTER_BOUND('',#2015,.T.);
#1389=FACE_OUTER_BOUND('',#2016,.T.);
#1390=FACE_OUTER_BOUND('',#2017,.T.);
#1391=FACE_OUTER_BOUND('',#2018,.T.);
#1392=FACE_OUTER_BOUND('',#2019,.T.);
#1393=FACE_OUTER_BOUND('',#2020,.T.);
#1394=FACE_OUTER_BOUND('',#2021,.T.);
#1395=FACE_OUTER_BOUND('',#2022,.T.);
#1396=FACE_OUTER_BOUND('',#2023,.T.);
#1397=FACE_OUTER_BOUND('',#2024,.T.);
#1398=FACE_OUTER_BOUND('',#2025,.T.);
#1399=FACE_OUTER_BOUND('',#2026,.T.);
#1400=FACE_OUTER_BOUND('',#2027,.T.);
#1401=FACE_OUTER_BOUND('',#2028,.T.);
#1402=FACE_OUTER_BOUND('',#2029,.T.);
#1403=FACE_OUTER_BOUND('',#2030,.T.);
#1404=FACE_OUTER_BOUND('',#2031,.T.);
#1405=FACE_OUTER_BOUND('',#2032,.T.);
#1406=FACE_OUTER_BOUND('',#2033,.T.);
#1407=FACE_OUTER_BOUND('',#2034,.T.);
#1408=FACE_OUTER_BOUND('',#2035,.T.);
#1409=FACE_OUTER_BOUND('',#2036,.T.);
#1410=FACE_OUTER_BOUND('',#2037,.T.);
#1411=FACE_OUTER_BOUND('',#2038,.T.);
#1412=FACE_OUTER_BOUND('',#2039,.T.);
#1413=FACE_OUTER_BOUND('',#2040,.T.);
#1414=FACE_OUTER_BOUND('',#2041,.T.);
#1415=FACE_OUTER_BOUND('',#2042,.T.);
#1416=FACE_OUTER_BOUND('',#2043,.T.);
#1417=FACE_OUTER_BOUND('',#2044,.T.);
#1418=FACE_OUTER_BOUND('',#2045,.T.);
#1419=FACE_OUTER_BOUND('',#2046,.T.);
#1420=FACE_OUTER_BOUND('',#2047,.T.);
#1421=FACE_OUTER_BOUND('',#2048,.T.);
#1422=FACE_OUTER_BOUND('',#2049,.T.);
#1423=FACE_OUTER_BOUND('',#2050,.T.);
#1424=FACE_OUTER_BOUND('',#2051,.T.);
#1425=FACE_OUTER_BOUND('',#2052,.T.);
#1426=FACE_OUTER_BOUND('',#2053,.T.);
#1427=FACE_OUTER_BOUND('',#2054,.T.);
#1428=FACE_OUTER_BOUND('',#2055,.T.);
#1429=FACE_OUTER_BOUND('',#2056,.T.);
#1430=FACE_OUTER_BOUND('',#2057,.T.);
#1431=FACE_OUTER_BOUND('',#2058,.T.);
#1432=FACE_OUTER_BOUND('',#2059,.T.);
#1433=FACE_OUTER_BOUND('',#2060,.T.);
#1434=FACE_OUTER_BOUND('',#2093,.T.);
#1435=FACE_OUTER_BOUND('',#2126,.T.);
#1436=FACE_OUTER_BOUND('',#2127,.T.);
#1437=FACE_OUTER_BOUND('',#2128,.T.);
#1438=FACE_OUTER_BOUND('',#2129,.T.);
#1439=FACE_OUTER_BOUND('',#2130,.T.);
#1440=FACE_OUTER_BOUND('',#2131,.T.);
#1441=FACE_OUTER_BOUND('',#2132,.T.);
#1442=FACE_OUTER_BOUND('',#2133,.T.);
#1443=FACE_OUTER_BOUND('',#2134,.T.);
#1444=FACE_OUTER_BOUND('',#2135,.T.);
#1445=FACE_OUTER_BOUND('',#2136,.T.);
#1446=FACE_OUTER_BOUND('',#2137,.T.);
#1447=FACE_OUTER_BOUND('',#2138,.T.);
#1448=FACE_OUTER_BOUND('',#2139,.T.);
#1449=FACE_OUTER_BOUND('',#2140,.T.);
#1450=FACE_OUTER_BOUND('',#2141,.T.);
#1451=FACE_OUTER_BOUND('',#2142,.T.);
#1452=FACE_OUTER_BOUND('',#2143,.T.);
#1453=FACE_OUTER_BOUND('',#2144,.T.);
#1454=FACE_OUTER_BOUND('',#2145,.T.);
#1455=FACE_OUTER_BOUND('',#2146,.T.);
#1456=FACE_OUTER_BOUND('',#2147,.T.);
#1457=FACE_OUTER_BOUND('',#2148,.T.);
#1458=FACE_OUTER_BOUND('',#2149,.T.);
#1459=FACE_OUTER_BOUND('',#2150,.T.);
#1460=FACE_OUTER_BOUND('',#2151,.T.);
#1461=FACE_OUTER_BOUND('',#2152,.T.);
#1462=FACE_OUTER_BOUND('',#2153,.T.);
#1463=FACE_OUTER_BOUND('',#2154,.T.);
#1464=FACE_OUTER_BOUND('',#2155,.T.);
#1465=FACE_OUTER_BOUND('',#2156,.T.);
#1466=FACE_OUTER_BOUND('',#2157,.T.);
#1467=FACE_OUTER_BOUND('',#2158,.T.);
#1468=FACE_OUTER_BOUND('',#2159,.T.);
#1469=FACE_OUTER_BOUND('',#2160,.T.);
#1470=FACE_OUTER_BOUND('',#2161,.T.);
#1471=FACE_OUTER_BOUND('',#2162,.T.);
#1472=FACE_OUTER_BOUND('',#2163,.T.);
#1473=FACE_OUTER_BOUND('',#2164,.T.);
#1474=FACE_OUTER_BOUND('',#2165,.T.);
#1475=FACE_OUTER_BOUND('',#2170,.T.);
#1476=FACE_OUTER_BOUND('',#2171,.T.);
#1477=FACE_OUTER_BOUND('',#2172,.T.);
#1478=FACE_OUTER_BOUND('',#2173,.T.);
#1479=FACE_OUTER_BOUND('',#2174,.T.);
#1480=FACE_OUTER_BOUND('',#2175,.T.);
#1481=FACE_OUTER_BOUND('',#2176,.T.);
#1482=FACE_OUTER_BOUND('',#2177,.T.);
#1483=FACE_OUTER_BOUND('',#2178,.T.);
#1484=FACE_OUTER_BOUND('',#2179,.T.);
#1485=FACE_OUTER_BOUND('',#2180,.T.);
#1486=FACE_OUTER_BOUND('',#2181,.T.);
#1487=FACE_OUTER_BOUND('',#2182,.T.);
#1488=FACE_OUTER_BOUND('',#2183,.T.);
#1489=FACE_OUTER_BOUND('',#2184,.T.);
#1490=FACE_OUTER_BOUND('',#2185,.T.);
#1491=FACE_OUTER_BOUND('',#2186,.T.);
#1492=FACE_OUTER_BOUND('',#2187,.T.);
#1493=FACE_OUTER_BOUND('',#2188,.T.);
#1494=FACE_OUTER_BOUND('',#2189,.T.);
#1495=FACE_OUTER_BOUND('',#2190,.T.);
#1496=FACE_OUTER_BOUND('',#2191,.T.);
#1497=FACE_OUTER_BOUND('',#2192,.T.);
#1498=FACE_OUTER_BOUND('',#2193,.T.);
#1499=FACE_OUTER_BOUND('',#2194,.T.);
#1500=FACE_OUTER_BOUND('',#2195,.T.);
#1501=FACE_OUTER_BOUND('',#2196,.T.);
#1502=FACE_OUTER_BOUND('',#2197,.T.);
#1503=FACE_OUTER_BOUND('',#2198,.T.);
#1504=FACE_OUTER_BOUND('',#2199,.T.);
#1505=FACE_OUTER_BOUND('',#2200,.T.);
#1506=FACE_OUTER_BOUND('',#2201,.T.);
#1507=FACE_OUTER_BOUND('',#2202,.T.);
#1508=FACE_OUTER_BOUND('',#2203,.T.);
#1509=FACE_OUTER_BOUND('',#2204,.T.);
#1510=FACE_OUTER_BOUND('',#2205,.T.);
#1511=FACE_OUTER_BOUND('',#2206,.T.);
#1512=FACE_OUTER_BOUND('',#2207,.T.);
#1513=FACE_OUTER_BOUND('',#2208,.T.);
#1514=FACE_OUTER_BOUND('',#2209,.T.);
#1515=FACE_OUTER_BOUND('',#2210,.T.);
#1516=FACE_OUTER_BOUND('',#2211,.T.);
#1517=FACE_OUTER_BOUND('',#2212,.T.);
#1518=FACE_OUTER_BOUND('',#2213,.T.);
#1519=FACE_OUTER_BOUND('',#2214,.T.);
#1520=FACE_OUTER_BOUND('',#2215,.T.);
#1521=FACE_OUTER_BOUND('',#2216,.T.);
#1522=FACE_OUTER_BOUND('',#2217,.T.);
#1523=FACE_OUTER_BOUND('',#2218,.T.);
#1524=FACE_OUTER_BOUND('',#2219,.T.);
#1525=FACE_OUTER_BOUND('',#2220,.T.);
#1526=FACE_OUTER_BOUND('',#2221,.T.);
#1527=FACE_OUTER_BOUND('',#2222,.T.);
#1528=FACE_OUTER_BOUND('',#2223,.T.);
#1529=FACE_OUTER_BOUND('',#2224,.T.);
#1530=FACE_OUTER_BOUND('',#2225,.T.);
#1531=FACE_OUTER_BOUND('',#2226,.T.);
#1532=FACE_OUTER_BOUND('',#2227,.T.);
#1533=FACE_OUTER_BOUND('',#2231,.T.);
#1534=FACE_OUTER_BOUND('',#2232,.T.);
#1535=FACE_OUTER_BOUND('',#2233,.T.);
#1536=FACE_OUTER_BOUND('',#2234,.T.);
#1537=FACE_OUTER_BOUND('',#2235,.T.);
#1538=FACE_OUTER_BOUND('',#2236,.T.);
#1539=FACE_OUTER_BOUND('',#2237,.T.);
#1540=FACE_OUTER_BOUND('',#2238,.T.);
#1541=FACE_OUTER_BOUND('',#2239,.T.);
#1542=FACE_OUTER_BOUND('',#2240,.T.);
#1543=FACE_OUTER_BOUND('',#2241,.T.);
#1544=FACE_OUTER_BOUND('',#2242,.T.);
#1545=FACE_OUTER_BOUND('',#2243,.T.);
#1546=FACE_OUTER_BOUND('',#2244,.T.);
#1547=FACE_OUTER_BOUND('',#2245,.T.);
#1548=FACE_OUTER_BOUND('',#2246,.T.);
#1549=FACE_OUTER_BOUND('',#2247,.T.);
#1550=FACE_OUTER_BOUND('',#2248,.T.);
#1551=FACE_OUTER_BOUND('',#2249,.T.);
#1552=FACE_OUTER_BOUND('',#2250,.T.);
#1553=FACE_OUTER_BOUND('',#2251,.T.);
#1554=FACE_OUTER_BOUND('',#2252,.T.);
#1555=FACE_OUTER_BOUND('',#2253,.T.);
#1556=FACE_OUTER_BOUND('',#2254,.T.);
#1557=FACE_OUTER_BOUND('',#2255,.T.);
#1558=FACE_OUTER_BOUND('',#2256,.T.);
#1559=FACE_OUTER_BOUND('',#2257,.T.);
#1560=FACE_OUTER_BOUND('',#2258,.T.);
#1561=FACE_OUTER_BOUND('',#2259,.T.);
#1562=FACE_OUTER_BOUND('',#2260,.T.);
#1563=FACE_OUTER_BOUND('',#2261,.T.);
#1564=FACE_OUTER_BOUND('',#2267,.T.);
#1565=FACE_OUTER_BOUND('',#2268,.T.);
#1566=FACE_OUTER_BOUND('',#2269,.T.);
#1567=FACE_OUTER_BOUND('',#2270,.T.);
#1568=FACE_OUTER_BOUND('',#2271,.T.);
#1569=FACE_OUTER_BOUND('',#2272,.T.);
#1570=FACE_OUTER_BOUND('',#2273,.T.);
#1571=FACE_OUTER_BOUND('',#2274,.T.);
#1572=FACE_OUTER_BOUND('',#2275,.T.);
#1573=FACE_OUTER_BOUND('',#2276,.T.);
#1574=FACE_OUTER_BOUND('',#2277,.T.);
#1575=FACE_OUTER_BOUND('',#2278,.T.);
#1576=FACE_OUTER_BOUND('',#2279,.T.);
#1577=FACE_OUTER_BOUND('',#2280,.T.);
#1578=FACE_OUTER_BOUND('',#2281,.T.);
#1579=FACE_OUTER_BOUND('',#2282,.T.);
#1580=FACE_OUTER_BOUND('',#2283,.T.);
#1581=FACE_OUTER_BOUND('',#2284,.T.);
#1582=FACE_OUTER_BOUND('',#2285,.T.);
#1583=FACE_OUTER_BOUND('',#2286,.T.);
#1584=FACE_OUTER_BOUND('',#2287,.T.);
#1585=FACE_OUTER_BOUND('',#2288,.T.);
#1586=FACE_OUTER_BOUND('',#2289,.T.);
#1587=FACE_OUTER_BOUND('',#2290,.T.);
#1588=FACE_OUTER_BOUND('',#2291,.T.);
#1589=FACE_OUTER_BOUND('',#2292,.T.);
#1590=FACE_OUTER_BOUND('',#2293,.T.);
#1591=FACE_OUTER_BOUND('',#2294,.T.);
#1592=FACE_OUTER_BOUND('',#2295,.T.);
#1593=FACE_OUTER_BOUND('',#2296,.T.);
#1594=FACE_OUTER_BOUND('',#2297,.T.);
#1595=FACE_OUTER_BOUND('',#2298,.T.);
#1596=FACE_OUTER_BOUND('',#2299,.T.);
#1597=FACE_OUTER_BOUND('',#2300,.T.);
#1598=FACE_OUTER_BOUND('',#2301,.T.);
#1599=FACE_OUTER_BOUND('',#2302,.T.);
#1600=FACE_OUTER_BOUND('',#2303,.T.);
#1601=FACE_OUTER_BOUND('',#2304,.T.);
#1602=FACE_OUTER_BOUND('',#2305,.T.);
#1603=FACE_OUTER_BOUND('',#2306,.T.);
#1604=FACE_OUTER_BOUND('',#2307,.T.);
#1605=FACE_OUTER_BOUND('',#2308,.T.);
#1606=FACE_OUTER_BOUND('',#2309,.T.);
#1607=FACE_OUTER_BOUND('',#2310,.T.);
#1608=FACE_OUTER_BOUND('',#2311,.T.);
#1609=FACE_OUTER_BOUND('',#2312,.T.);
#1610=FACE_OUTER_BOUND('',#2313,.T.);
#1611=FACE_OUTER_BOUND('',#2314,.T.);
#1612=FACE_OUTER_BOUND('',#2315,.T.);
#1613=FACE_OUTER_BOUND('',#2316,.T.);
#1614=FACE_OUTER_BOUND('',#2317,.T.);
#1615=FACE_OUTER_BOUND('',#2318,.T.);
#1616=FACE_OUTER_BOUND('',#2319,.T.);
#1617=FACE_OUTER_BOUND('',#2320,.T.);
#1618=FACE_OUTER_BOUND('',#2321,.T.);
#1619=FACE_OUTER_BOUND('',#2322,.T.);
#1620=FACE_OUTER_BOUND('',#2323,.T.);
#1621=FACE_OUTER_BOUND('',#2324,.T.);
#1622=FACE_OUTER_BOUND('',#2325,.T.);
#1623=FACE_OUTER_BOUND('',#2326,.T.);
#1624=FACE_OUTER_BOUND('',#2327,.T.);
#1625=FACE_OUTER_BOUND('',#2328,.T.);
#1626=FACE_OUTER_BOUND('',#2329,.T.);
#1627=FACE_OUTER_BOUND('',#2330,.T.);
#1628=FACE_OUTER_BOUND('',#2331,.T.);
#1629=FACE_OUTER_BOUND('',#2332,.T.);
#1630=FACE_OUTER_BOUND('',#2333,.T.);
#1631=FACE_OUTER_BOUND('',#2334,.T.);
#1632=FACE_OUTER_BOUND('',#2335,.T.);
#1633=FACE_OUTER_BOUND('',#2336,.T.);
#1634=FACE_OUTER_BOUND('',#2337,.T.);
#1635=FACE_OUTER_BOUND('',#2338,.T.);
#1636=FACE_OUTER_BOUND('',#2339,.T.);
#1637=FACE_OUTER_BOUND('',#2340,.T.);
#1638=FACE_OUTER_BOUND('',#2341,.T.);
#1639=FACE_OUTER_BOUND('',#2342,.T.);
#1640=FACE_OUTER_BOUND('',#2343,.T.);
#1641=FACE_OUTER_BOUND('',#2344,.T.);
#1642=FACE_OUTER_BOUND('',#2345,.T.);
#1643=FACE_OUTER_BOUND('',#2346,.T.);
#1644=FACE_OUTER_BOUND('',#2347,.T.);
#1645=FACE_OUTER_BOUND('',#2348,.T.);
#1646=FACE_OUTER_BOUND('',#2349,.T.);
#1647=FACE_OUTER_BOUND('',#2350,.T.);
#1648=FACE_OUTER_BOUND('',#2351,.T.);
#1649=FACE_OUTER_BOUND('',#2352,.T.);
#1650=FACE_OUTER_BOUND('',#2353,.T.);
#1651=FACE_OUTER_BOUND('',#2354,.T.);
#1652=FACE_OUTER_BOUND('',#2355,.T.);
#1653=FACE_OUTER_BOUND('',#2356,.T.);
#1654=FACE_OUTER_BOUND('',#2357,.T.);
#1655=FACE_OUTER_BOUND('',#2358,.T.);
#1656=FACE_OUTER_BOUND('',#2359,.T.);
#1657=FACE_OUTER_BOUND('',#2360,.T.);
#1658=FACE_OUTER_BOUND('',#2361,.T.);
#1659=FACE_OUTER_BOUND('',#2362,.T.);
#1660=FACE_OUTER_BOUND('',#2363,.T.);
#1661=FACE_OUTER_BOUND('',#2364,.T.);
#1662=FACE_OUTER_BOUND('',#2365,.T.);
#1663=FACE_OUTER_BOUND('',#2366,.T.);
#1664=FACE_OUTER_BOUND('',#2367,.T.);
#1665=FACE_OUTER_BOUND('',#2368,.T.);
#1666=FACE_OUTER_BOUND('',#2369,.T.);
#1667=FACE_OUTER_BOUND('',#2370,.T.);
#1668=FACE_OUTER_BOUND('',#2371,.T.);
#1669=FACE_OUTER_BOUND('',#2372,.T.);
#1670=FACE_OUTER_BOUND('',#2373,.T.);
#1671=FACE_OUTER_BOUND('',#2374,.T.);
#1672=FACE_OUTER_BOUND('',#2375,.T.);
#1673=FACE_OUTER_BOUND('',#2376,.T.);
#1674=FACE_OUTER_BOUND('',#2377,.T.);
#1675=FACE_OUTER_BOUND('',#2378,.T.);
#1676=FACE_OUTER_BOUND('',#2379,.T.);
#1677=FACE_OUTER_BOUND('',#2381,.T.);
#1678=FACE_OUTER_BOUND('',#2382,.T.);
#1679=FACE_OUTER_BOUND('',#2383,.T.);
#1680=FACE_OUTER_BOUND('',#2384,.T.);
#1681=FACE_OUTER_BOUND('',#2385,.T.);
#1682=FACE_OUTER_BOUND('',#2386,.T.);
#1683=FACE_OUTER_BOUND('',#2387,.T.);
#1684=FACE_OUTER_BOUND('',#2388,.T.);
#1685=FACE_OUTER_BOUND('',#2389,.T.);
#1686=FACE_OUTER_BOUND('',#2390,.T.);
#1687=FACE_OUTER_BOUND('',#2391,.T.);
#1688=FACE_OUTER_BOUND('',#2392,.T.);
#1689=EDGE_LOOP('',(#7415,#7416,#7417,#7418,#7419,#7420,#7421,#7422,#7423,
#7424,#7425,#7426,#7427,#7428,#7429,#7430,#7431,#7432,#7433,#7434,#7435,
#7436,#7437,#7438,#7439,#7440,#7441,#7442,#7443,#7444,#7445,#7446,#7447,
#7448,#7449,#7450,#7451,#7452,#7453,#7454,#7455,#7456,#7457,#7458));
#1690=EDGE_LOOP('',(#7459,#7460,#7461,#7462));
#1691=EDGE_LOOP('',(#7463,#7464,#7465,#7466));
#1692=EDGE_LOOP('',(#7467,#7468,#7469,#7470));
#1693=EDGE_LOOP('',(#7471,#7472,#7473,#7474));
#1694=EDGE_LOOP('',(#7475,#7476,#7477,#7478));
#1695=EDGE_LOOP('',(#7479,#7480,#7481,#7482));
#1696=EDGE_LOOP('',(#7483,#7484,#7485,#7486));
#1697=EDGE_LOOP('',(#7487,#7488,#7489,#7490));
#1698=EDGE_LOOP('',(#7491,#7492,#7493,#7494));
#1699=EDGE_LOOP('',(#7495,#7496,#7497,#7498));
#1700=EDGE_LOOP('',(#7499,#7500,#7501,#7502));
#1701=EDGE_LOOP('',(#7503,#7504,#7505,#7506));
#1702=EDGE_LOOP('',(#7507,#7508,#7509,#7510));
#1703=EDGE_LOOP('',(#7511,#7512,#7513,#7514));
#1704=EDGE_LOOP('',(#7515,#7516,#7517,#7518));
#1705=EDGE_LOOP('',(#7519,#7520,#7521,#7522));
#1706=EDGE_LOOP('',(#7523,#7524,#7525,#7526));
#1707=EDGE_LOOP('',(#7527,#7528,#7529,#7530));
#1708=EDGE_LOOP('',(#7531,#7532,#7533,#7534));
#1709=EDGE_LOOP('',(#7535,#7536,#7537,#7538));
#1710=EDGE_LOOP('',(#7539,#7540,#7541,#7542));
#1711=EDGE_LOOP('',(#7543,#7544,#7545,#7546));
#1712=EDGE_LOOP('',(#7547,#7548,#7549,#7550));
#1713=EDGE_LOOP('',(#7551,#7552,#7553,#7554));
#1714=EDGE_LOOP('',(#7555,#7556,#7557,#7558,#7559,#7560,#7561,#7562,#7563,
#7564,#7565,#7566,#7567,#7568,#7569,#7570,#7571,#7572,#7573,#7574,#7575,
#7576,#7577,#7578,#7579,#7580,#7581,#7582,#7583,#7584,#7585,#7586,#7587,
#7588,#7589,#7590,#7591,#7592,#7593,#7594,#7595,#7596,#7597,#7598));
#1715=EDGE_LOOP('',(#7599,#7600,#7601,#7602));
#1716=EDGE_LOOP('',(#7603,#7604,#7605,#7606));
#1717=EDGE_LOOP('',(#7607,#7608,#7609,#7610));
#1718=EDGE_LOOP('',(#7611,#7612,#7613,#7614));
#1719=EDGE_LOOP('',(#7615,#7616,#7617,#7618));
#1720=EDGE_LOOP('',(#7619,#7620,#7621,#7622));
#1721=EDGE_LOOP('',(#7623,#7624,#7625,#7626));
#1722=EDGE_LOOP('',(#7627,#7628,#7629,#7630));
#1723=EDGE_LOOP('',(#7631,#7632,#7633,#7634));
#1724=EDGE_LOOP('',(#7635,#7636,#7637,#7638));
#1725=EDGE_LOOP('',(#7639,#7640,#7641,#7642));
#1726=EDGE_LOOP('',(#7643,#7644,#7645,#7646));
#1727=EDGE_LOOP('',(#7647,#7648,#7649,#7650));
#1728=EDGE_LOOP('',(#7651,#7652,#7653,#7654));
#1729=EDGE_LOOP('',(#7655,#7656,#7657,#7658));
#1730=EDGE_LOOP('',(#7659,#7660,#7661,#7662));
#1731=EDGE_LOOP('',(#7663,#7664,#7665,#7666));
#1732=EDGE_LOOP('',(#7667,#7668,#7669,#7670));
#1733=EDGE_LOOP('',(#7671,#7672,#7673,#7674));
#1734=EDGE_LOOP('',(#7675,#7676,#7677,#7678));
#1735=EDGE_LOOP('',(#7679,#7680,#7681,#7682));
#1736=EDGE_LOOP('',(#7683,#7684,#7685,#7686));
#1737=EDGE_LOOP('',(#7687,#7688,#7689,#7690));
#1738=EDGE_LOOP('',(#7691,#7692,#7693,#7694));
#1739=EDGE_LOOP('',(#7695,#7696,#7697,#7698));
#1740=EDGE_LOOP('',(#7699,#7700,#7701,#7702));
#1741=EDGE_LOOP('',(#7703,#7704,#7705,#7706));
#1742=EDGE_LOOP('',(#7707,#7708,#7709,#7710));
#1743=EDGE_LOOP('',(#7711,#7712,#7713,#7714));
#1744=EDGE_LOOP('',(#7715,#7716,#7717,#7718));
#1745=EDGE_LOOP('',(#7719,#7720,#7721,#7722));
#1746=EDGE_LOOP('',(#7723,#7724,#7725,#7726));
#1747=EDGE_LOOP('',(#7727,#7728,#7729,#7730));
#1748=EDGE_LOOP('',(#7731,#7732,#7733,#7734));
#1749=EDGE_LOOP('',(#7735,#7736,#7737,#7738));
#1750=EDGE_LOOP('',(#7739,#7740,#7741,#7742,#7743,#7744,#7745));
#1751=EDGE_LOOP('',(#7746,#7747,#7748,#7749));
#1752=EDGE_LOOP('',(#7750,#7751,#7752,#7753,#7754,#7755,#7756));
#1753=EDGE_LOOP('',(#7757,#7758,#7759,#7760));
#1754=EDGE_LOOP('',(#7761,#7762,#7763,#7764,#7765,#7766,#7767));
#1755=EDGE_LOOP('',(#7768,#7769,#7770,#7771));
#1756=EDGE_LOOP('',(#7772,#7773,#7774,#7775,#7776,#7777,#7778));
#1757=EDGE_LOOP('',(#7779,#7780,#7781,#7782));
#1758=EDGE_LOOP('',(#7783,#7784,#7785,#7786,#7787,#7788,#7789));
#1759=EDGE_LOOP('',(#7790,#7791,#7792,#7793));
#1760=EDGE_LOOP('',(#7794,#7795,#7796,#7797,#7798,#7799,#7800));
#1761=EDGE_LOOP('',(#7801,#7802,#7803,#7804,#7805,#7806,#7807));
#1762=EDGE_LOOP('',(#7808,#7809,#7810,#7811));
#1763=EDGE_LOOP('',(#7812,#7813,#7814,#7815,#7816,#7817,#7818));
#1764=EDGE_LOOP('',(#7819,#7820,#7821,#7822));
#1765=EDGE_LOOP('',(#7823,#7824,#7825,#7826));
#1766=EDGE_LOOP('',(#7827,#7828,#7829,#7830,#7831,#7832,#7833));
#1767=EDGE_LOOP('',(#7834,#7835,#7836,#7837));
#1768=EDGE_LOOP('',(#7838,#7839,#7840,#7841,#7842,#7843,#7844));
#1769=EDGE_LOOP('',(#7845,#7846,#7847,#7848));
#1770=EDGE_LOOP('',(#7849,#7850,#7851,#7852,#7853,#7854,#7855));
#1771=EDGE_LOOP('',(#7856,#7857,#7858,#7859));
#1772=EDGE_LOOP('',(#7860,#7861,#7862,#7863,#7864,#7865,#7866));
#1773=EDGE_LOOP('',(#7867,#7868,#7869,#7870));
#1774=EDGE_LOOP('',(#7871,#7872,#7873,#7874,#7875,#7876,#7877));
#1775=EDGE_LOOP('',(#7878,#7879,#7880,#7881));
#1776=EDGE_LOOP('',(#7882,#7883,#7884,#7885,#7886,#7887,#7888));
#1777=EDGE_LOOP('',(#7889,#7890,#7891,#7892));
#1778=EDGE_LOOP('',(#7893,#7894,#7895,#7896,#7897,#7898,#7899));
#1779=EDGE_LOOP('',(#7900,#7901,#7902,#7903));
#1780=EDGE_LOOP('',(#7904,#7905,#7906,#7907,#7908,#7909,#7910));
#1781=EDGE_LOOP('',(#7911,#7912,#7913,#7914));
#1782=EDGE_LOOP('',(#7915,#7916,#7917,#7918,#7919,#7920,#7921));
#1783=EDGE_LOOP('',(#7922,#7923,#7924,#7925));
#1784=EDGE_LOOP('',(#7926,#7927,#7928,#7929,#7930,#7931,#7932));
#1785=EDGE_LOOP('',(#7933,#7934,#7935,#7936));
#1786=EDGE_LOOP('',(#7937,#7938,#7939,#7940,#7941,#7942,#7943));
#1787=EDGE_LOOP('',(#7944,#7945,#7946,#7947));
#1788=EDGE_LOOP('',(#7948,#7949,#7950,#7951,#7952,#7953,#7954));
#1789=EDGE_LOOP('',(#7955,#7956,#7957,#7958,#7959,#7960,#7961));
#1790=EDGE_LOOP('',(#7962,#7963,#7964,#7965));
#1791=EDGE_LOOP('',(#7966,#7967,#7968,#7969,#7970,#7971,#7972));
#1792=EDGE_LOOP('',(#7973,#7974,#7975,#7976));
#1793=EDGE_LOOP('',(#7977,#7978,#7979,#7980));
#1794=EDGE_LOOP('',(#7981,#7982,#7983,#7984,#7985,#7986,#7987));
#1795=EDGE_LOOP('',(#7988,#7989,#7990,#7991));
#1796=EDGE_LOOP('',(#7992,#7993,#7994,#7995,#7996,#7997,#7998));
#1797=EDGE_LOOP('',(#7999,#8000,#8001,#8002,#8003,#8004,#8005));
#1798=EDGE_LOOP('',(#8006,#8007,#8008,#8009));
#1799=EDGE_LOOP('',(#8010,#8011,#8012,#8013,#8014,#8015,#8016));
#1800=EDGE_LOOP('',(#8017,#8018,#8019,#8020));
#1801=EDGE_LOOP('',(#8021,#8022,#8023,#8024,#8025,#8026,#8027));
#1802=EDGE_LOOP('',(#8028,#8029,#8030,#8031));
#1803=EDGE_LOOP('',(#8032,#8033,#8034,#8035,#8036,#8037,#8038));
#1804=EDGE_LOOP('',(#8039,#8040,#8041,#8042));
#1805=EDGE_LOOP('',(#8043,#8044,#8045,#8046));
#1806=EDGE_LOOP('',(#8047,#8048,#8049,#8050));
#1807=EDGE_LOOP('',(#8051,#8052,#8053,#8054));
#1808=EDGE_LOOP('',(#8055,#8056,#8057,#8058));
#1809=EDGE_LOOP('',(#8059,#8060,#8061,#8062));
#1810=EDGE_LOOP('',(#8063,#8064,#8065,#8066));
#1811=EDGE_LOOP('',(#8067,#8068,#8069,#8070));
#1812=EDGE_LOOP('',(#8071,#8072,#8073,#8074));
#1813=EDGE_LOOP('',(#8075,#8076,#8077,#8078));
#1814=EDGE_LOOP('',(#8079,#8080,#8081,#8082));
#1815=EDGE_LOOP('',(#8083,#8084,#8085,#8086));
#1816=EDGE_LOOP('',(#8087,#8088,#8089,#8090));
#1817=EDGE_LOOP('',(#8091,#8092,#8093,#8094));
#1818=EDGE_LOOP('',(#8095,#8096,#8097,#8098));
#1819=EDGE_LOOP('',(#8099,#8100,#8101,#8102));
#1820=EDGE_LOOP('',(#8103,#8104,#8105,#8106));
#1821=EDGE_LOOP('',(#8107,#8108,#8109,#8110));
#1822=EDGE_LOOP('',(#8111,#8112,#8113,#8114));
#1823=EDGE_LOOP('',(#8115,#8116,#8117,#8118));
#1824=EDGE_LOOP('',(#8119,#8120,#8121,#8122));
#1825=EDGE_LOOP('',(#8123,#8124,#8125,#8126));
#1826=EDGE_LOOP('',(#8127,#8128,#8129,#8130));
#1827=EDGE_LOOP('',(#8131,#8132,#8133,#8134));
#1828=EDGE_LOOP('',(#8135,#8136,#8137,#8138));
#1829=EDGE_LOOP('',(#8139,#8140,#8141,#8142));
#1830=EDGE_LOOP('',(#8143,#8144,#8145,#8146));
#1831=EDGE_LOOP('',(#8147,#8148,#8149,#8150));
#1832=EDGE_LOOP('',(#8151,#8152,#8153,#8154));
#1833=EDGE_LOOP('',(#8155,#8156,#8157,#8158));
#1834=EDGE_LOOP('',(#8159,#8160,#8161,#8162));
#1835=EDGE_LOOP('',(#8163,#8164,#8165,#8166));
#1836=EDGE_LOOP('',(#8167,#8168,#8169,#8170));
#1837=EDGE_LOOP('',(#8171,#8172,#8173,#8174));
#1838=EDGE_LOOP('',(#8175,#8176,#8177,#8178));
#1839=EDGE_LOOP('',(#8179,#8180,#8181,#8182));
#1840=EDGE_LOOP('',(#8183,#8184,#8185,#8186));
#1841=EDGE_LOOP('',(#8187,#8188,#8189,#8190));
#1842=EDGE_LOOP('',(#8191,#8192,#8193,#8194));
#1843=EDGE_LOOP('',(#8195,#8196,#8197,#8198));
#1844=EDGE_LOOP('',(#8199,#8200,#8201,#8202));
#1845=EDGE_LOOP('',(#8203,#8204,#8205,#8206));
#1846=EDGE_LOOP('',(#8207,#8208,#8209,#8210));
#1847=EDGE_LOOP('',(#8211,#8212,#8213,#8214));
#1848=EDGE_LOOP('',(#8215,#8216,#8217,#8218));
#1849=EDGE_LOOP('',(#8219,#8220,#8221,#8222));
#1850=EDGE_LOOP('',(#8223,#8224,#8225,#8226));
#1851=EDGE_LOOP('',(#8227,#8228,#8229,#8230));
#1852=EDGE_LOOP('',(#8231,#8232,#8233,#8234));
#1853=EDGE_LOOP('',(#8235,#8236,#8237,#8238));
#1854=EDGE_LOOP('',(#8239,#8240,#8241,#8242));
#1855=EDGE_LOOP('',(#8243,#8244,#8245,#8246));
#1856=EDGE_LOOP('',(#8247,#8248,#8249,#8250));
#1857=EDGE_LOOP('',(#8251,#8252,#8253,#8254));
#1858=EDGE_LOOP('',(#8255,#8256,#8257,#8258));
#1859=EDGE_LOOP('',(#8259,#8260,#8261,#8262));
#1860=EDGE_LOOP('',(#8263,#8264,#8265,#8266));
#1861=EDGE_LOOP('',(#8267,#8268,#8269,#8270));
#1862=EDGE_LOOP('',(#8271,#8272,#8273,#8274));
#1863=EDGE_LOOP('',(#8275,#8276,#8277,#8278));
#1864=EDGE_LOOP('',(#8279,#8280,#8281,#8282));
#1865=EDGE_LOOP('',(#8283,#8284,#8285,#8286));
#1866=EDGE_LOOP('',(#8287,#8288,#8289,#8290));
#1867=EDGE_LOOP('',(#8291,#8292,#8293,#8294));
#1868=EDGE_LOOP('',(#8295,#8296,#8297,#8298));
#1869=EDGE_LOOP('',(#8299,#8300,#8301,#8302));
#1870=EDGE_LOOP('',(#8303,#8304,#8305,#8306));
#1871=EDGE_LOOP('',(#8307,#8308,#8309,#8310));
#1872=EDGE_LOOP('',(#8311,#8312,#8313,#8314));
#1873=EDGE_LOOP('',(#8315,#8316,#8317,#8318));
#1874=EDGE_LOOP('',(#8319,#8320,#8321,#8322));
#1875=EDGE_LOOP('',(#8323,#8324,#8325,#8326));
#1876=EDGE_LOOP('',(#8327,#8328,#8329,#8330));
#1877=EDGE_LOOP('',(#8331,#8332,#8333,#8334));
#1878=EDGE_LOOP('',(#8335,#8336,#8337,#8338));
#1879=EDGE_LOOP('',(#8339,#8340,#8341,#8342));
#1880=EDGE_LOOP('',(#8343,#8344,#8345,#8346));
#1881=EDGE_LOOP('',(#8347,#8348,#8349,#8350));
#1882=EDGE_LOOP('',(#8351,#8352,#8353,#8354));
#1883=EDGE_LOOP('',(#8355,#8356,#8357,#8358));
#1884=EDGE_LOOP('',(#8359,#8360,#8361,#8362));
#1885=EDGE_LOOP('',(#8363,#8364,#8365,#8366));
#1886=EDGE_LOOP('',(#8367,#8368,#8369,#8370));
#1887=EDGE_LOOP('',(#8371,#8372,#8373,#8374));
#1888=EDGE_LOOP('',(#8375,#8376,#8377,#8378));
#1889=EDGE_LOOP('',(#8379,#8380,#8381,#8382));
#1890=EDGE_LOOP('',(#8383,#8384,#8385,#8386));
#1891=EDGE_LOOP('',(#8387,#8388,#8389,#8390));
#1892=EDGE_LOOP('',(#8391,#8392,#8393,#8394));
#1893=EDGE_LOOP('',(#8395,#8396,#8397,#8398));
#1894=EDGE_LOOP('',(#8399,#8400,#8401,#8402));
#1895=EDGE_LOOP('',(#8403,#8404,#8405,#8406));
#1896=EDGE_LOOP('',(#8407,#8408,#8409,#8410));
#1897=EDGE_LOOP('',(#8411,#8412,#8413,#8414));
#1898=EDGE_LOOP('',(#8415,#8416,#8417,#8418));
#1899=EDGE_LOOP('',(#8419,#8420,#8421,#8422));
#1900=EDGE_LOOP('',(#8423,#8424,#8425,#8426));
#1901=EDGE_LOOP('',(#8427,#8428,#8429,#8430));
#1902=EDGE_LOOP('',(#8431,#8432,#8433,#8434));
#1903=EDGE_LOOP('',(#8435,#8436,#8437,#8438));
#1904=EDGE_LOOP('',(#8439,#8440,#8441,#8442));
#1905=EDGE_LOOP('',(#8443,#8444,#8445,#8446));
#1906=EDGE_LOOP('',(#8447,#8448,#8449,#8450));
#1907=EDGE_LOOP('',(#8451,#8452,#8453,#8454));
#1908=EDGE_LOOP('',(#8455,#8456,#8457,#8458));
#1909=EDGE_LOOP('',(#8459,#8460,#8461,#8462));
#1910=EDGE_LOOP('',(#8463,#8464,#8465,#8466));
#1911=EDGE_LOOP('',(#8467,#8468,#8469,#8470));
#1912=EDGE_LOOP('',(#8471,#8472,#8473,#8474));
#1913=EDGE_LOOP('',(#8475,#8476,#8477,#8478));
#1914=EDGE_LOOP('',(#8479,#8480,#8481,#8482));
#1915=EDGE_LOOP('',(#8483,#8484,#8485,#8486));
#1916=EDGE_LOOP('',(#8487,#8488,#8489,#8490));
#1917=EDGE_LOOP('',(#8491,#8492,#8493,#8494));
#1918=EDGE_LOOP('',(#8495,#8496,#8497,#8498));
#1919=EDGE_LOOP('',(#8499,#8500,#8501,#8502));
#1920=EDGE_LOOP('',(#8503,#8504,#8505,#8506));
#1921=EDGE_LOOP('',(#8507,#8508,#8509,#8510));
#1922=EDGE_LOOP('',(#8511,#8512,#8513,#8514));
#1923=EDGE_LOOP('',(#8515,#8516,#8517,#8518));
#1924=EDGE_LOOP('',(#8519,#8520,#8521,#8522));
#1925=EDGE_LOOP('',(#8523,#8524,#8525,#8526));
#1926=EDGE_LOOP('',(#8527,#8528,#8529,#8530));
#1927=EDGE_LOOP('',(#8531,#8532,#8533,#8534));
#1928=EDGE_LOOP('',(#8535,#8536,#8537,#8538));
#1929=EDGE_LOOP('',(#8539,#8540,#8541,#8542));
#1930=EDGE_LOOP('',(#8543,#8544,#8545,#8546));
#1931=EDGE_LOOP('',(#8547,#8548,#8549,#8550));
#1932=EDGE_LOOP('',(#8551,#8552,#8553,#8554));
#1933=EDGE_LOOP('',(#8555,#8556,#8557,#8558));
#1934=EDGE_LOOP('',(#8559,#8560,#8561,#8562));
#1935=EDGE_LOOP('',(#8563,#8564,#8565,#8566));
#1936=EDGE_LOOP('',(#8567,#8568,#8569,#8570));
#1937=EDGE_LOOP('',(#8571,#8572,#8573,#8574));
#1938=EDGE_LOOP('',(#8575,#8576,#8577,#8578));
#1939=EDGE_LOOP('',(#8579,#8580,#8581,#8582));
#1940=EDGE_LOOP('',(#8583,#8584,#8585,#8586));
#1941=EDGE_LOOP('',(#8587,#8588,#8589,#8590));
#1942=EDGE_LOOP('',(#8591,#8592,#8593,#8594));
#1943=EDGE_LOOP('',(#8595,#8596,#8597,#8598));
#1944=EDGE_LOOP('',(#8599,#8600,#8601,#8602));
#1945=EDGE_LOOP('',(#8603,#8604,#8605,#8606));
#1946=EDGE_LOOP('',(#8607,#8608,#8609,#8610));
#1947=EDGE_LOOP('',(#8611,#8612,#8613,#8614));
#1948=EDGE_LOOP('',(#8615,#8616,#8617,#8618));
#1949=EDGE_LOOP('',(#8619,#8620,#8621,#8622));
#1950=EDGE_LOOP('',(#8623,#8624,#8625,#8626));
#1951=EDGE_LOOP('',(#8627,#8628,#8629,#8630));
#1952=EDGE_LOOP('',(#8631,#8632,#8633,#8634));
#1953=EDGE_LOOP('',(#8635,#8636,#8637,#8638));
#1954=EDGE_LOOP('',(#8639,#8640,#8641,#8642));
#1955=EDGE_LOOP('',(#8643,#8644,#8645,#8646));
#1956=EDGE_LOOP('',(#8647,#8648,#8649,#8650));
#1957=EDGE_LOOP('',(#8651,#8652,#8653,#8654));
#1958=EDGE_LOOP('',(#8655,#8656,#8657,#8658));
#1959=EDGE_LOOP('',(#8659,#8660,#8661,#8662));
#1960=EDGE_LOOP('',(#8663,#8664,#8665,#8666));
#1961=EDGE_LOOP('',(#8667,#8668,#8669,#8670));
#1962=EDGE_LOOP('',(#8671,#8672,#8673,#8674));
#1963=EDGE_LOOP('',(#8675,#8676,#8677,#8678));
#1964=EDGE_LOOP('',(#8679,#8680,#8681,#8682));
#1965=EDGE_LOOP('',(#8683,#8684,#8685,#8686));
#1966=EDGE_LOOP('',(#8687,#8688,#8689,#8690));
#1967=EDGE_LOOP('',(#8691,#8692,#8693,#8694));
#1968=EDGE_LOOP('',(#8695,#8696,#8697,#8698));
#1969=EDGE_LOOP('',(#8699,#8700,#8701,#8702));
#1970=EDGE_LOOP('',(#8703,#8704,#8705,#8706));
#1971=EDGE_LOOP('',(#8707,#8708,#8709,#8710));
#1972=EDGE_LOOP('',(#8711,#8712,#8713,#8714));
#1973=EDGE_LOOP('',(#8715,#8716,#8717,#8718));
#1974=EDGE_LOOP('',(#8719,#8720,#8721,#8722));
#1975=EDGE_LOOP('',(#8723,#8724,#8725,#8726));
#1976=EDGE_LOOP('',(#8727,#8728,#8729,#8730));
#1977=EDGE_LOOP('',(#8731,#8732,#8733,#8734));
#1978=EDGE_LOOP('',(#8735,#8736,#8737,#8738));
#1979=EDGE_LOOP('',(#8739,#8740,#8741,#8742));
#1980=EDGE_LOOP('',(#8743,#8744,#8745,#8746));
#1981=EDGE_LOOP('',(#8747,#8748,#8749,#8750));
#1982=EDGE_LOOP('',(#8751,#8752,#8753,#8754));
#1983=EDGE_LOOP('',(#8755,#8756,#8757,#8758));
#1984=EDGE_LOOP('',(#8759,#8760,#8761,#8762));
#1985=EDGE_LOOP('',(#8763,#8764,#8765,#8766));
#1986=EDGE_LOOP('',(#8767,#8768,#8769,#8770));
#1987=EDGE_LOOP('',(#8771,#8772,#8773,#8774));
#1988=EDGE_LOOP('',(#8775,#8776,#8777,#8778));
#1989=EDGE_LOOP('',(#8779,#8780,#8781,#8782));
#1990=EDGE_LOOP('',(#8783,#8784,#8785,#8786));
#1991=EDGE_LOOP('',(#8787,#8788,#8789,#8790));
#1992=EDGE_LOOP('',(#8791,#8792,#8793,#8794));
#1993=EDGE_LOOP('',(#8795,#8796,#8797,#8798));
#1994=EDGE_LOOP('',(#8799,#8800,#8801,#8802));
#1995=EDGE_LOOP('',(#8803,#8804,#8805,#8806));
#1996=EDGE_LOOP('',(#8807,#8808,#8809,#8810));
#1997=EDGE_LOOP('',(#8811,#8812,#8813,#8814));
#1998=EDGE_LOOP('',(#8815,#8816,#8817,#8818));
#1999=EDGE_LOOP('',(#8819,#8820,#8821,#8822));
#2000=EDGE_LOOP('',(#8823,#8824,#8825,#8826));
#2001=EDGE_LOOP('',(#8827,#8828,#8829,#8830));
#2002=EDGE_LOOP('',(#8831,#8832,#8833,#8834));
#2003=EDGE_LOOP('',(#8835,#8836,#8837,#8838));
#2004=EDGE_LOOP('',(#8839,#8840,#8841,#8842));
#2005=EDGE_LOOP('',(#8843,#8844,#8845,#8846));
#2006=EDGE_LOOP('',(#8847,#8848,#8849,#8850));
#2007=EDGE_LOOP('',(#8851,#8852,#8853,#8854));
#2008=EDGE_LOOP('',(#8855,#8856,#8857,#8858));
#2009=EDGE_LOOP('',(#8859,#8860,#8861,#8862));
#2010=EDGE_LOOP('',(#8863,#8864,#8865,#8866));
#2011=EDGE_LOOP('',(#8867,#8868,#8869,#8870));
#2012=EDGE_LOOP('',(#8871,#8872,#8873,#8874));
#2013=EDGE_LOOP('',(#8875,#8876,#8877,#8878));
#2014=EDGE_LOOP('',(#8879,#8880,#8881,#8882));
#2015=EDGE_LOOP('',(#8883,#8884,#8885,#8886));
#2016=EDGE_LOOP('',(#8887,#8888,#8889,#8890));
#2017=EDGE_LOOP('',(#8891,#8892,#8893,#8894));
#2018=EDGE_LOOP('',(#8895,#8896,#8897,#8898));
#2019=EDGE_LOOP('',(#8899,#8900,#8901,#8902));
#2020=EDGE_LOOP('',(#8903,#8904,#8905,#8906));
#2021=EDGE_LOOP('',(#8907,#8908,#8909,#8910));
#2022=EDGE_LOOP('',(#8911,#8912,#8913,#8914));
#2023=EDGE_LOOP('',(#8915,#8916,#8917,#8918));
#2024=EDGE_LOOP('',(#8919,#8920,#8921,#8922));
#2025=EDGE_LOOP('',(#8923,#8924,#8925,#8926));
#2026=EDGE_LOOP('',(#8927,#8928,#8929,#8930));
#2027=EDGE_LOOP('',(#8931,#8932,#8933,#8934));
#2028=EDGE_LOOP('',(#8935,#8936,#8937,#8938));
#2029=EDGE_LOOP('',(#8939,#8940,#8941,#8942));
#2030=EDGE_LOOP('',(#8943,#8944,#8945,#8946));
#2031=EDGE_LOOP('',(#8947,#8948,#8949,#8950));
#2032=EDGE_LOOP('',(#8951,#8952,#8953,#8954));
#2033=EDGE_LOOP('',(#8955,#8956,#8957,#8958));
#2034=EDGE_LOOP('',(#8959,#8960,#8961,#8962));
#2035=EDGE_LOOP('',(#8963,#8964,#8965,#8966));
#2036=EDGE_LOOP('',(#8967,#8968,#8969,#8970));
#2037=EDGE_LOOP('',(#8971,#8972,#8973,#8974));
#2038=EDGE_LOOP('',(#8975,#8976,#8977,#8978));
#2039=EDGE_LOOP('',(#8979,#8980,#8981,#8982));
#2040=EDGE_LOOP('',(#8983,#8984,#8985,#8986));
#2041=EDGE_LOOP('',(#8987,#8988,#8989,#8990));
#2042=EDGE_LOOP('',(#8991,#8992,#8993,#8994));
#2043=EDGE_LOOP('',(#8995,#8996,#8997,#8998));
#2044=EDGE_LOOP('',(#8999,#9000,#9001,#9002));
#2045=EDGE_LOOP('',(#9003,#9004,#9005,#9006));
#2046=EDGE_LOOP('',(#9007,#9008,#9009,#9010));
#2047=EDGE_LOOP('',(#9011,#9012,#9013,#9014));
#2048=EDGE_LOOP('',(#9015,#9016,#9017,#9018));
#2049=EDGE_LOOP('',(#9019,#9020,#9021,#9022));
#2050=EDGE_LOOP('',(#9023,#9024,#9025,#9026));
#2051=EDGE_LOOP('',(#9027,#9028,#9029,#9030));
#2052=EDGE_LOOP('',(#9031,#9032,#9033,#9034));
#2053=EDGE_LOOP('',(#9035,#9036,#9037,#9038));
#2054=EDGE_LOOP('',(#9039,#9040,#9041,#9042));
#2055=EDGE_LOOP('',(#9043,#9044,#9045,#9046));
#2056=EDGE_LOOP('',(#9047,#9048,#9049,#9050));
#2057=EDGE_LOOP('',(#9051,#9052,#9053,#9054));
#2058=EDGE_LOOP('',(#9055,#9056,#9057,#9058));
#2059=EDGE_LOOP('',(#9059,#9060,#9061,#9062));
#2060=EDGE_LOOP('',(#9063,#9064,#9065,#9066,#9067,#9068,#9069,#9070));
#2061=EDGE_LOOP('',(#9071));
#2062=EDGE_LOOP('',(#9072));
#2063=EDGE_LOOP('',(#9073));
#2064=EDGE_LOOP('',(#9074));
#2065=EDGE_LOOP('',(#9075));
#2066=EDGE_LOOP('',(#9076));
#2067=EDGE_LOOP('',(#9077));
#2068=EDGE_LOOP('',(#9078));
#2069=EDGE_LOOP('',(#9079));
#2070=EDGE_LOOP('',(#9080));
#2071=EDGE_LOOP('',(#9081));
#2072=EDGE_LOOP('',(#9082));
#2073=EDGE_LOOP('',(#9083));
#2074=EDGE_LOOP('',(#9084));
#2075=EDGE_LOOP('',(#9085));
#2076=EDGE_LOOP('',(#9086));
#2077=EDGE_LOOP('',(#9087));
#2078=EDGE_LOOP('',(#9088));
#2079=EDGE_LOOP('',(#9089));
#2080=EDGE_LOOP('',(#9090));
#2081=EDGE_LOOP('',(#9091));
#2082=EDGE_LOOP('',(#9092));
#2083=EDGE_LOOP('',(#9093));
#2084=EDGE_LOOP('',(#9094));
#2085=EDGE_LOOP('',(#9095));
#2086=EDGE_LOOP('',(#9096));
#2087=EDGE_LOOP('',(#9097));
#2088=EDGE_LOOP('',(#9098));
#2089=EDGE_LOOP('',(#9099));
#2090=EDGE_LOOP('',(#9100));
#2091=EDGE_LOOP('',(#9101));
#2092=EDGE_LOOP('',(#9102));
#2093=EDGE_LOOP('',(#9103,#9104,#9105,#9106,#9107,#9108,#9109,#9110));
#2094=EDGE_LOOP('',(#9111));
#2095=EDGE_LOOP('',(#9112));
#2096=EDGE_LOOP('',(#9113));
#2097=EDGE_LOOP('',(#9114));
#2098=EDGE_LOOP('',(#9115));
#2099=EDGE_LOOP('',(#9116));
#2100=EDGE_LOOP('',(#9117));
#2101=EDGE_LOOP('',(#9118));
#2102=EDGE_LOOP('',(#9119));
#2103=EDGE_LOOP('',(#9120));
#2104=EDGE_LOOP('',(#9121));
#2105=EDGE_LOOP('',(#9122));
#2106=EDGE_LOOP('',(#9123));
#2107=EDGE_LOOP('',(#9124));
#2108=EDGE_LOOP('',(#9125));
#2109=EDGE_LOOP('',(#9126));
#2110=EDGE_LOOP('',(#9127));
#2111=EDGE_LOOP('',(#9128));
#2112=EDGE_LOOP('',(#9129));
#2113=EDGE_LOOP('',(#9130));
#2114=EDGE_LOOP('',(#9131));
#2115=EDGE_LOOP('',(#9132));
#2116=EDGE_LOOP('',(#9133));
#2117=EDGE_LOOP('',(#9134));
#2118=EDGE_LOOP('',(#9135));
#2119=EDGE_LOOP('',(#9136));
#2120=EDGE_LOOP('',(#9137));
#2121=EDGE_LOOP('',(#9138));
#2122=EDGE_LOOP('',(#9139));
#2123=EDGE_LOOP('',(#9140));
#2124=EDGE_LOOP('',(#9141));
#2125=EDGE_LOOP('',(#9142));
#2126=EDGE_LOOP('',(#9143,#9144,#9145,#9146));
#2127=EDGE_LOOP('',(#9147,#9148,#9149,#9150));
#2128=EDGE_LOOP('',(#9151,#9152,#9153,#9154));
#2129=EDGE_LOOP('',(#9155,#9156,#9157,#9158));
#2130=EDGE_LOOP('',(#9159,#9160,#9161,#9162));
#2131=EDGE_LOOP('',(#9163,#9164,#9165,#9166));
#2132=EDGE_LOOP('',(#9167,#9168,#9169,#9170));
#2133=EDGE_LOOP('',(#9171,#9172,#9173,#9174));
#2134=EDGE_LOOP('',(#9175,#9176,#9177,#9178));
#2135=EDGE_LOOP('',(#9179,#9180,#9181,#9182));
#2136=EDGE_LOOP('',(#9183,#9184,#9185,#9186));
#2137=EDGE_LOOP('',(#9187,#9188,#9189,#9190));
#2138=EDGE_LOOP('',(#9191,#9192,#9193,#9194));
#2139=EDGE_LOOP('',(#9195,#9196,#9197,#9198));
#2140=EDGE_LOOP('',(#9199,#9200,#9201,#9202));
#2141=EDGE_LOOP('',(#9203,#9204,#9205,#9206));
#2142=EDGE_LOOP('',(#9207,#9208,#9209,#9210));
#2143=EDGE_LOOP('',(#9211,#9212,#9213,#9214));
#2144=EDGE_LOOP('',(#9215,#9216,#9217,#9218));
#2145=EDGE_LOOP('',(#9219,#9220,#9221,#9222));
#2146=EDGE_LOOP('',(#9223,#9224,#9225,#9226));
#2147=EDGE_LOOP('',(#9227,#9228,#9229,#9230));
#2148=EDGE_LOOP('',(#9231,#9232,#9233,#9234));
#2149=EDGE_LOOP('',(#9235,#9236,#9237,#9238));
#2150=EDGE_LOOP('',(#9239,#9240,#9241,#9242));
#2151=EDGE_LOOP('',(#9243,#9244,#9245,#9246));
#2152=EDGE_LOOP('',(#9247,#9248,#9249,#9250));
#2153=EDGE_LOOP('',(#9251,#9252,#9253,#9254));
#2154=EDGE_LOOP('',(#9255,#9256,#9257,#9258));
#2155=EDGE_LOOP('',(#9259,#9260,#9261,#9262));
#2156=EDGE_LOOP('',(#9263,#9264,#9265,#9266));
#2157=EDGE_LOOP('',(#9267,#9268,#9269,#9270));
#2158=EDGE_LOOP('',(#9271,#9272,#9273,#9274));
#2159=EDGE_LOOP('',(#9275,#9276,#9277,#9278));
#2160=EDGE_LOOP('',(#9279,#9280,#9281,#9282));
#2161=EDGE_LOOP('',(#9283,#9284,#9285,#9286));
#2162=EDGE_LOOP('',(#9287,#9288,#9289,#9290));
#2163=EDGE_LOOP('',(#9291,#9292,#9293,#9294));
#2164=EDGE_LOOP('',(#9295,#9296,#9297,#9298,#9299,#9300));
#2165=EDGE_LOOP('',(#9301,#9302,#9303,#9304,#9305,#9306,#9307,#9308));
#2166=EDGE_LOOP('',(#9309,#9310,#9311,#9312,#9313,#9314,#9315,#9316,#9317,
#9318));
#2167=EDGE_LOOP('',(#9319,#9320,#9321,#9322,#9323,#9324,#9325,#9326,#9327,
#9328));
#2168=EDGE_LOOP('',(#9329,#9330,#9331,#9332,#9333,#9334,#9335,#9336,#9337,
#9338));
#2169=EDGE_LOOP('',(#9339,#9340,#9341,#9342,#9343,#9344,#9345,#9346,#9347,
#9348));
#2170=EDGE_LOOP('',(#9349,#9350,#9351,#9352));
#2171=EDGE_LOOP('',(#9353,#9354,#9355,#9356,#9357,#9358));
#2172=EDGE_LOOP('',(#9359,#9360,#9361,#9362));
#2173=EDGE_LOOP('',(#9363,#9364,#9365,#9366));
#2174=EDGE_LOOP('',(#9367,#9368,#9369,#9370,#9371,#9372,#9373,#9374,#9375,
#9376));
#2175=EDGE_LOOP('',(#9377,#9378,#9379,#9380));
#2176=EDGE_LOOP('',(#9381,#9382,#9383,#9384));
#2177=EDGE_LOOP('',(#9385,#9386,#9387,#9388));
#2178=EDGE_LOOP('',(#9389,#9390,#9391,#9392));
#2179=EDGE_LOOP('',(#9393,#9394,#9395,#9396,#9397,#9398,#9399,#9400));
#2180=EDGE_LOOP('',(#9401,#9402,#9403,#9404,#9405,#9406,#9407));
#2181=EDGE_LOOP('',(#9408,#9409,#9410,#9411));
#2182=EDGE_LOOP('',(#9412,#9413,#9414,#9415));
#2183=EDGE_LOOP('',(#9416,#9417,#9418,#9419));
#2184=EDGE_LOOP('',(#9420,#9421,#9422,#9423));
#2185=EDGE_LOOP('',(#9424,#9425,#9426,#9427));
#2186=EDGE_LOOP('',(#9428,#9429,#9430,#9431));
#2187=EDGE_LOOP('',(#9432,#9433,#9434,#9435));
#2188=EDGE_LOOP('',(#9436,#9437,#9438,#9439));
#2189=EDGE_LOOP('',(#9440,#9441,#9442,#9443));
#2190=EDGE_LOOP('',(#9444,#9445,#9446,#9447));
#2191=EDGE_LOOP('',(#9448,#9449,#9450,#9451));
#2192=EDGE_LOOP('',(#9452,#9453,#9454,#9455));
#2193=EDGE_LOOP('',(#9456,#9457,#9458,#9459));
#2194=EDGE_LOOP('',(#9460,#9461,#9462,#9463));
#2195=EDGE_LOOP('',(#9464,#9465,#9466,#9467));
#2196=EDGE_LOOP('',(#9468,#9469,#9470,#9471));
#2197=EDGE_LOOP('',(#9472,#9473,#9474,#9475));
#2198=EDGE_LOOP('',(#9476,#9477,#9478,#9479));
#2199=EDGE_LOOP('',(#9480,#9481,#9482,#9483));
#2200=EDGE_LOOP('',(#9484,#9485,#9486,#9487));
#2201=EDGE_LOOP('',(#9488,#9489,#9490,#9491));
#2202=EDGE_LOOP('',(#9492,#9493,#9494,#9495));
#2203=EDGE_LOOP('',(#9496,#9497,#9498,#9499,#9500));
#2204=EDGE_LOOP('',(#9501,#9502,#9503,#9504));
#2205=EDGE_LOOP('',(#9505,#9506,#9507,#9508));
#2206=EDGE_LOOP('',(#9509,#9510,#9511,#9512,#9513));
#2207=EDGE_LOOP('',(#9514,#9515,#9516,#9517));
#2208=EDGE_LOOP('',(#9518,#9519,#9520,#9521));
#2209=EDGE_LOOP('',(#9522,#9523,#9524,#9525));
#2210=EDGE_LOOP('',(#9526,#9527,#9528,#9529));
#2211=EDGE_LOOP('',(#9530,#9531,#9532,#9533));
#2212=EDGE_LOOP('',(#9534,#9535,#9536,#9537));
#2213=EDGE_LOOP('',(#9538,#9539,#9540,#9541));
#2214=EDGE_LOOP('',(#9542,#9543,#9544,#9545));
#2215=EDGE_LOOP('',(#9546,#9547,#9548,#9549));
#2216=EDGE_LOOP('',(#9550,#9551,#9552,#9553));
#2217=EDGE_LOOP('',(#9554,#9555,#9556,#9557));
#2218=EDGE_LOOP('',(#9558,#9559,#9560,#9561));
#2219=EDGE_LOOP('',(#9562,#9563,#9564,#9565));
#2220=EDGE_LOOP('',(#9566,#9567,#9568,#9569));
#2221=EDGE_LOOP('',(#9570,#9571,#9572,#9573));
#2222=EDGE_LOOP('',(#9574,#9575,#9576,#9577));
#2223=EDGE_LOOP('',(#9578,#9579,#9580,#9581));
#2224=EDGE_LOOP('',(#9582,#9583,#9584,#9585,#9586,#9587));
#2225=EDGE_LOOP('',(#9588,#9589,#9590,#9591));
#2226=EDGE_LOOP('',(#9592,#9593,#9594,#9595,#9596,#9597,#9598,#9599));
#2227=EDGE_LOOP('',(#9600,#9601,#9602,#9603,#9604,#9605,#9606,#9607,#9608,
#9609,#9610,#9611,#9612,#9613));
#2228=EDGE_LOOP('',(#9614,#9615,#9616,#9617,#9618,#9619,#9620,#9621,#9622,
#9623));
#2229=EDGE_LOOP('',(#9624,#9625,#9626,#9627,#9628,#9629,#9630,#9631,#9632,
#9633));
#2230=EDGE_LOOP('',(#9634,#9635,#9636,#9637,#9638,#9639,#9640,#9641,#9642,
#9643));
#2231=EDGE_LOOP('',(#9644,#9645,#9646,#9647,#9648,#9649,#9650,#9651));
#2232=EDGE_LOOP('',(#9652,#9653,#9654,#9655,#9656,#9657,#9658));
#2233=EDGE_LOOP('',(#9659,#9660,#9661,#9662));
#2234=EDGE_LOOP('',(#9663,#9664,#9665,#9666,#9667,#9668,#9669,#9670,#9671,
#9672));
#2235=EDGE_LOOP('',(#9673,#9674,#9675,#9676));
#2236=EDGE_LOOP('',(#9677,#9678,#9679,#9680));
#2237=EDGE_LOOP('',(#9681,#9682,#9683,#9684,#9685,#9686,#9687,#9688,#9689,
#9690));
#2238=EDGE_LOOP('',(#9691,#9692,#9693,#9694));
#2239=EDGE_LOOP('',(#9695,#9696,#9697,#9698));
#2240=EDGE_LOOP('',(#9699,#9700,#9701,#9702,#9703,#9704,#9705,#9706));
#2241=EDGE_LOOP('',(#9707,#9708,#9709,#9710));
#2242=EDGE_LOOP('',(#9711,#9712,#9713,#9714));
#2243=EDGE_LOOP('',(#9715,#9716,#9717,#9718,#9719,#9720,#9721,#9722));
#2244=EDGE_LOOP('',(#9723,#9724,#9725,#9726));
#2245=EDGE_LOOP('',(#9727,#9728,#9729,#9730,#9731,#9732,#9733,#9734,#9735,
#9736));
#2246=EDGE_LOOP('',(#9737,#9738,#9739,#9740));
#2247=EDGE_LOOP('',(#9741,#9742,#9743,#9744));
#2248=EDGE_LOOP('',(#9745,#9746,#9747,#9748,#9749,#9750,#9751,#9752,#9753,
#9754));
#2249=EDGE_LOOP('',(#9755,#9756,#9757,#9758));
#2250=EDGE_LOOP('',(#9759,#9760,#9761,#9762));
#2251=EDGE_LOOP('',(#9763,#9764,#9765,#9766));
#2252=EDGE_LOOP('',(#9767,#9768,#9769,#9770));
#2253=EDGE_LOOP('',(#9771,#9772,#9773,#9774));
#2254=EDGE_LOOP('',(#9775,#9776,#9777,#9778));
#2255=EDGE_LOOP('',(#9779,#9780,#9781,#9782));
#2256=EDGE_LOOP('',(#9783,#9784,#9785,#9786));
#2257=EDGE_LOOP('',(#9787,#9788,#9789,#9790));
#2258=EDGE_LOOP('',(#9791,#9792,#9793,#9794));
#2259=EDGE_LOOP('',(#9795));
#2260=EDGE_LOOP('',(#9796,#9797,#9798,#9799));
#2261=EDGE_LOOP('',(#9800,#9801,#9802,#9803,#9804,#9805,#9806,#9807));
#2262=EDGE_LOOP('',(#9808));
#2263=EDGE_LOOP('',(#9809));
#2264=EDGE_LOOP('',(#9810));
#2265=EDGE_LOOP('',(#9811));
#2266=EDGE_LOOP('',(#9812));
#2267=EDGE_LOOP('',(#9813,#9814,#9815,#9816));
#2268=EDGE_LOOP('',(#9817,#9818,#9819,#9820));
#2269=EDGE_LOOP('',(#9821,#9822,#9823,#9824));
#2270=EDGE_LOOP('',(#9825,#9826,#9827,#9828));
#2271=EDGE_LOOP('',(#9829,#9830,#9831,#9832));
#2272=EDGE_LOOP('',(#9833,#9834,#9835,#9836));
#2273=EDGE_LOOP('',(#9837,#9838,#9839,#9840));
#2274=EDGE_LOOP('',(#9841,#9842,#9843,#9844));
#2275=EDGE_LOOP('',(#9845,#9846,#9847,#9848));
#2276=EDGE_LOOP('',(#9849,#9850,#9851,#9852));
#2277=EDGE_LOOP('',(#9853,#9854,#9855,#9856));
#2278=EDGE_LOOP('',(#9857,#9858,#9859,#9860));
#2279=EDGE_LOOP('',(#9861,#9862,#9863,#9864));
#2280=EDGE_LOOP('',(#9865,#9866,#9867,#9868));
#2281=EDGE_LOOP('',(#9869,#9870,#9871,#9872));
#2282=EDGE_LOOP('',(#9873,#9874,#9875,#9876,#9877,#9878,#9879,#9880,#9881,
#9882,#9883,#9884));
#2283=EDGE_LOOP('',(#9885,#9886,#9887,#9888,#9889,#9890,#9891,#9892,#9893,
#9894,#9895,#9896));
#2284=EDGE_LOOP('',(#9897,#9898,#9899,#9900));
#2285=EDGE_LOOP('',(#9901,#9902,#9903,#9904));
#2286=EDGE_LOOP('',(#9905,#9906,#9907,#9908));
#2287=EDGE_LOOP('',(#9909));
#2288=EDGE_LOOP('',(#9910,#9911,#9912,#9913));
#2289=EDGE_LOOP('',(#9914));
#2290=EDGE_LOOP('',(#9915));
#2291=EDGE_LOOP('',(#9916,#9917,#9918,#9919,#9920,#9921,#9922,#9923,#9924,
#9925,#9926,#9927,#9928,#9929,#9930,#9931));
#2292=EDGE_LOOP('',(#9932,#9933,#9934,#9935,#9936,#9937,#9938,#9939,#9940,
#9941,#9942,#9943,#9944,#9945,#9946,#9947,#9948,#9949));
#2293=EDGE_LOOP('',(#9950,#9951,#9952,#9953));
#2294=EDGE_LOOP('',(#9954,#9955,#9956,#9957,#9958,#9959,#9960,#9961,#9962,
#9963,#9964,#9965,#9966,#9967,#9968,#9969,#9970,#9971));
#2295=EDGE_LOOP('',(#9972,#9973,#9974,#9975,#9976,#9977,#9978,#9979,#9980,
#9981,#9982,#9983,#9984,#9985,#9986,#9987,#9988,#9989));
#2296=EDGE_LOOP('',(#9990,#9991,#9992,#9993,#9994,#9995,#9996,#9997,#9998,
#9999,#10000,#10001,#10002,#10003,#10004,#10005,#10006,#10007));
#2297=EDGE_LOOP('',(#10008,#10009,#10010,#10011));
#2298=EDGE_LOOP('',(#10012,#10013,#10014,#10015,#10016,#10017,#10018,#10019,
#10020,#10021,#10022,#10023,#10024,#10025,#10026,#10027,#10028,#10029));
#2299=EDGE_LOOP('',(#10030,#10031,#10032,#10033));
#2300=EDGE_LOOP('',(#10034,#10035,#10036,#10037,#10038,#10039,#10040,#10041,
#10042,#10043,#10044,#10045,#10046,#10047,#10048,#10049,#10050,#10051));
#2301=EDGE_LOOP('',(#10052,#10053,#10054,#10055,#10056,#10057,#10058,#10059,
#10060,#10061,#10062,#10063,#10064,#10065,#10066,#10067,#10068,#10069));
#2302=EDGE_LOOP('',(#10070,#10071,#10072,#10073,#10074,#10075,#10076,#10077,
#10078,#10079,#10080,#10081,#10082,#10083,#10084,#10085,#10086,#10087));
#2303=EDGE_LOOP('',(#10088,#10089,#10090,#10091));
#2304=EDGE_LOOP('',(#10092));
#2305=EDGE_LOOP('',(#10093,#10094,#10095,#10096));
#2306=EDGE_LOOP('',(#10097,#10098,#10099,#10100));
#2307=EDGE_LOOP('',(#10101,#10102,#10103,#10104));
#2308=EDGE_LOOP('',(#10105,#10106,#10107,#10108));
#2309=EDGE_LOOP('',(#10109,#10110,#10111,#10112));
#2310=EDGE_LOOP('',(#10113,#10114,#10115,#10116));
#2311=EDGE_LOOP('',(#10117,#10118,#10119,#10120));
#2312=EDGE_LOOP('',(#10121,#10122,#10123,#10124));
#2313=EDGE_LOOP('',(#10125,#10126,#10127,#10128));
#2314=EDGE_LOOP('',(#10129,#10130,#10131,#10132));
#2315=EDGE_LOOP('',(#10133,#10134,#10135,#10136));
#2316=EDGE_LOOP('',(#10137,#10138,#10139,#10140));
#2317=EDGE_LOOP('',(#10141,#10142,#10143,#10144));
#2318=EDGE_LOOP('',(#10145,#10146,#10147,#10148));
#2319=EDGE_LOOP('',(#10149,#10150,#10151,#10152));
#2320=EDGE_LOOP('',(#10153,#10154,#10155,#10156));
#2321=EDGE_LOOP('',(#10157,#10158,#10159,#10160));
#2322=EDGE_LOOP('',(#10161,#10162,#10163,#10164));
#2323=EDGE_LOOP('',(#10165,#10166,#10167,#10168));
#2324=EDGE_LOOP('',(#10169,#10170,#10171,#10172));
#2325=EDGE_LOOP('',(#10173,#10174,#10175,#10176));
#2326=EDGE_LOOP('',(#10177,#10178,#10179,#10180));
#2327=EDGE_LOOP('',(#10181,#10182,#10183,#10184));
#2328=EDGE_LOOP('',(#10185,#10186,#10187,#10188));
#2329=EDGE_LOOP('',(#10189,#10190,#10191,#10192));
#2330=EDGE_LOOP('',(#10193,#10194,#10195,#10196));
#2331=EDGE_LOOP('',(#10197,#10198,#10199,#10200));
#2332=EDGE_LOOP('',(#10201,#10202,#10203,#10204));
#2333=EDGE_LOOP('',(#10205,#10206,#10207,#10208));
#2334=EDGE_LOOP('',(#10209,#10210,#10211,#10212));
#2335=EDGE_LOOP('',(#10213,#10214,#10215,#10216));
#2336=EDGE_LOOP('',(#10217,#10218,#10219,#10220));
#2337=EDGE_LOOP('',(#10221,#10222,#10223,#10224));
#2338=EDGE_LOOP('',(#10225,#10226,#10227,#10228));
#2339=EDGE_LOOP('',(#10229,#10230,#10231,#10232));
#2340=EDGE_LOOP('',(#10233,#10234,#10235,#10236));
#2341=EDGE_LOOP('',(#10237,#10238,#10239,#10240));
#2342=EDGE_LOOP('',(#10241,#10242,#10243,#10244));
#2343=EDGE_LOOP('',(#10245,#10246,#10247,#10248));
#2344=EDGE_LOOP('',(#10249,#10250,#10251,#10252));
#2345=EDGE_LOOP('',(#10253,#10254,#10255,#10256));
#2346=EDGE_LOOP('',(#10257,#10258,#10259,#10260));
#2347=EDGE_LOOP('',(#10261,#10262,#10263,#10264));
#2348=EDGE_LOOP('',(#10265,#10266,#10267,#10268));
#2349=EDGE_LOOP('',(#10269,#10270,#10271,#10272));
#2350=EDGE_LOOP('',(#10273,#10274,#10275,#10276));
#2351=EDGE_LOOP('',(#10277,#10278,#10279,#10280));
#2352=EDGE_LOOP('',(#10281,#10282,#10283,#10284));
#2353=EDGE_LOOP('',(#10285,#10286,#10287,#10288));
#2354=EDGE_LOOP('',(#10289,#10290,#10291,#10292));
#2355=EDGE_LOOP('',(#10293,#10294,#10295,#10296));
#2356=EDGE_LOOP('',(#10297,#10298,#10299,#10300));
#2357=EDGE_LOOP('',(#10301,#10302,#10303,#10304));
#2358=EDGE_LOOP('',(#10305,#10306,#10307,#10308));
#2359=EDGE_LOOP('',(#10309,#10310,#10311,#10312));
#2360=EDGE_LOOP('',(#10313,#10314,#10315,#10316));
#2361=EDGE_LOOP('',(#10317,#10318,#10319,#10320));
#2362=EDGE_LOOP('',(#10321,#10322,#10323,#10324));
#2363=EDGE_LOOP('',(#10325,#10326,#10327,#10328));
#2364=EDGE_LOOP('',(#10329,#10330,#10331,#10332));
#2365=EDGE_LOOP('',(#10333,#10334,#10335,#10336));
#2366=EDGE_LOOP('',(#10337,#10338,#10339,#10340));
#2367=EDGE_LOOP('',(#10341,#10342,#10343,#10344));
#2368=EDGE_LOOP('',(#10345,#10346,#10347,#10348));
#2369=EDGE_LOOP('',(#10349,#10350,#10351,#10352));
#2370=EDGE_LOOP('',(#10353,#10354,#10355,#10356));
#2371=EDGE_LOOP('',(#10357,#10358,#10359,#10360));
#2372=EDGE_LOOP('',(#10361,#10362,#10363,#10364));
#2373=EDGE_LOOP('',(#10365,#10366,#10367,#10368));
#2374=EDGE_LOOP('',(#10369,#10370,#10371,#10372));
#2375=EDGE_LOOP('',(#10373,#10374,#10375,#10376));
#2376=EDGE_LOOP('',(#10377,#10378,#10379,#10380));
#2377=EDGE_LOOP('',(#10381,#10382,#10383,#10384));
#2378=EDGE_LOOP('',(#10385,#10386,#10387,#10388));
#2379=EDGE_LOOP('',(#10389,#10390,#10391,#10392,#10393,#10394,#10395,#10396,
#10397,#10398));
#2380=EDGE_LOOP('',(#10399,#10400,#10401,#10402,#10403,#10404,#10405,#10406,
#10407,#10408));
#2381=EDGE_LOOP('',(#10409,#10410,#10411,#10412));
#2382=EDGE_LOOP('',(#10413,#10414,#10415,#10416));
#2383=EDGE_LOOP('',(#10417,#10418,#10419,#10420));
#2384=EDGE_LOOP('',(#10421,#10422,#10423,#10424));
#2385=EDGE_LOOP('',(#10425,#10426,#10427,#10428));
#2386=EDGE_LOOP('',(#10429,#10430,#10431,#10432,#10433,#10434,#10435,#10436,
#10437,#10438));
#2387=EDGE_LOOP('',(#10439,#10440,#10441,#10442));
#2388=EDGE_LOOP('',(#10443,#10444,#10445,#10446));
#2389=EDGE_LOOP('',(#10447,#10448,#10449,#10450));
#2390=EDGE_LOOP('',(#10451,#10452,#10453,#10454));
#2391=EDGE_LOOP('',(#10455,#10456,#10457,#10458));
#2392=EDGE_LOOP('',(#10459,#10460,#10461,#10462,#10463,#10464,#10465,#10466,
#10467,#10468));
#2393=LINE('',#15611,#3654);
#2394=LINE('',#15613,#3655);
#2395=LINE('',#15615,#3656);
#2396=LINE('',#15617,#3657);
#2397=LINE('',#15619,#3658);
#2398=LINE('',#15621,#3659);
#2399=LINE('',#15623,#3660);
#2400=LINE('',#15625,#3661);
#2401=LINE('',#15627,#3662);
#2402=LINE('',#15629,#3663);
#2403=LINE('',#15631,#3664);
#2404=LINE('',#15633,#3665);
#2405=LINE('',#15635,#3666);
#2406=LINE('',#15637,#3667);
#2407=LINE('',#15639,#3668);
#2408=LINE('',#15641,#3669);
#2409=LINE('',#15643,#3670);
#2410=LINE('',#15645,#3671);
#2411=LINE('',#15647,#3672);
#2412=LINE('',#15649,#3673);
#2413=LINE('',#15651,#3674);
#2414=LINE('',#15653,#3675);
#2415=LINE('',#15655,#3676);
#2416=LINE('',#15657,#3677);
#2417=LINE('',#15659,#3678);
#2418=LINE('',#15661,#3679);
#2419=LINE('',#15663,#3680);
#2420=LINE('',#15665,#3681);
#2421=LINE('',#15667,#3682);
#2422=LINE('',#15669,#3683);
#2423=LINE('',#15671,#3684);
#2424=LINE('',#15673,#3685);
#2425=LINE('',#15675,#3686);
#2426=LINE('',#15677,#3687);
#2427=LINE('',#15679,#3688);
#2428=LINE('',#15681,#3689);
#2429=LINE('',#15683,#3690);
#2430=LINE('',#15685,#3691);
#2431=LINE('',#15687,#3692);
#2432=LINE('',#15689,#3693);
#2433=LINE('',#15691,#3694);
#2434=LINE('',#15693,#3695);
#2435=LINE('',#15695,#3696);
#2436=LINE('',#15696,#3697);
#2437=LINE('',#15699,#3698);
#2438=LINE('',#15701,#3699);
#2439=LINE('',#15702,#3700);
#2440=LINE('',#15705,#3701);
#2441=LINE('',#15706,#3702);
#2442=LINE('',#15709,#3703);
#2443=LINE('',#15710,#3704);
#2444=LINE('',#15713,#3705);
#2445=LINE('',#15714,#3706);
#2446=LINE('',#15717,#3707);
#2447=LINE('',#15718,#3708);
#2448=LINE('',#15721,#3709);
#2449=LINE('',#15722,#3710);
#2450=LINE('',#15725,#3711);
#2451=LINE('',#15726,#3712);
#2452=LINE('',#15729,#3713);
#2453=LINE('',#15730,#3714);
#2454=LINE('',#15733,#3715);
#2455=LINE('',#15734,#3716);
#2456=LINE('',#15737,#3717);
#2457=LINE('',#15738,#3718);
#2458=LINE('',#15741,#3719);
#2459=LINE('',#15742,#3720);
#2460=LINE('',#15745,#3721);
#2461=LINE('',#15746,#3722);
#2462=LINE('',#15749,#3723);
#2463=LINE('',#15750,#3724);
#2464=LINE('',#15753,#3725);
#2465=LINE('',#15754,#3726);
#2466=LINE('',#15757,#3727);
#2467=LINE('',#15758,#3728);
#2468=LINE('',#15761,#3729);
#2469=LINE('',#15762,#3730);
#2470=LINE('',#15765,#3731);
#2471=LINE('',#15766,#3732);
#2472=LINE('',#15769,#3733);
#2473=LINE('',#15770,#3734);
#2474=LINE('',#15773,#3735);
#2475=LINE('',#15774,#3736);
#2476=LINE('',#15777,#3737);
#2477=LINE('',#15778,#3738);
#2478=LINE('',#15781,#3739);
#2479=LINE('',#15782,#3740);
#2480=LINE('',#15785,#3741);
#2481=LINE('',#15786,#3742);
#2482=LINE('',#15789,#3743);
#2483=LINE('',#15790,#3744);
#2484=LINE('',#15793,#3745);
#2485=LINE('',#15794,#3746);
#2486=LINE('',#15797,#3747);
#2487=LINE('',#15799,#3748);
#2488=LINE('',#15801,#3749);
#2489=LINE('',#15803,#3750);
#2490=LINE('',#15805,#3751);
#2491=LINE('',#15807,#3752);
#2492=LINE('',#15809,#3753);
#2493=LINE('',#15811,#3754);
#2494=LINE('',#15813,#3755);
#2495=LINE('',#15815,#3756);
#2496=LINE('',#15817,#3757);
#2497=LINE('',#15819,#3758);
#2498=LINE('',#15821,#3759);
#2499=LINE('',#15823,#3760);
#2500=LINE('',#15825,#3761);
#2501=LINE('',#15827,#3762);
#2502=LINE('',#15829,#3763);
#2503=LINE('',#15831,#3764);
#2504=LINE('',#15833,#3765);
#2505=LINE('',#15834,#3766);
#2506=LINE('',#15837,#3767);
#2507=LINE('',#15839,#3768);
#2508=LINE('',#15841,#3769);
#2509=LINE('',#15842,#3770);
#2510=LINE('',#15845,#3771);
#2511=LINE('',#15847,#3772);
#2512=LINE('',#15849,#3773);
#2513=LINE('',#15850,#3774);
#2514=LINE('',#15853,#3775);
#2515=LINE('',#15855,#3776);
#2516=LINE('',#15857,#3777);
#2517=LINE('',#15858,#3778);
#2518=LINE('',#15861,#3779);
#2519=LINE('',#15863,#3780);
#2520=LINE('',#15865,#3781);
#2521=LINE('',#15866,#3782);
#2522=LINE('',#15869,#3783);
#2523=LINE('',#15871,#3784);
#2524=LINE('',#15873,#3785);
#2525=LINE('',#15874,#3786);
#2526=LINE('',#15877,#3787);
#2527=LINE('',#15879,#3788);
#2528=LINE('',#15881,#3789);
#2529=LINE('',#15882,#3790);
#2530=LINE('',#15885,#3791);
#2531=LINE('',#15887,#3792);
#2532=LINE('',#15889,#3793);
#2533=LINE('',#15890,#3794);
#2534=LINE('',#15893,#3795);
#2535=LINE('',#15895,#3796);
#2536=LINE('',#15897,#3797);
#2537=LINE('',#15898,#3798);
#2538=LINE('',#15901,#3799);
#2539=LINE('',#15903,#3800);
#2540=LINE('',#15905,#3801);
#2541=LINE('',#15906,#3802);
#2542=LINE('',#15909,#3803);
#2543=LINE('',#15911,#3804);
#2544=LINE('',#15913,#3805);
#2545=LINE('',#15914,#3806);
#2546=LINE('',#15917,#3807);
#2547=LINE('',#15919,#3808);
#2548=LINE('',#15921,#3809);
#2549=LINE('',#15922,#3810);
#2550=LINE('',#15925,#3811);
#2551=LINE('',#15927,#3812);
#2552=LINE('',#15929,#3813);
#2553=LINE('',#15930,#3814);
#2554=LINE('',#15933,#3815);
#2555=LINE('',#15935,#3816);
#2556=LINE('',#15937,#3817);
#2557=LINE('',#15938,#3818);
#2558=LINE('',#15941,#3819);
#2559=LINE('',#15943,#3820);
#2560=LINE('',#15945,#3821);
#2561=LINE('',#15946,#3822);
#2562=LINE('',#15948,#3823);
#2563=LINE('',#15950,#3824);
#2564=LINE('',#15952,#3825);
#2565=LINE('',#15954,#3826);
#2566=LINE('',#15956,#3827);
#2567=LINE('',#15958,#3828);
#2568=LINE('',#15960,#3829);
#2569=LINE('',#15962,#3830);
#2570=LINE('',#15964,#3831);
#2571=LINE('',#15966,#3832);
#2572=LINE('',#15968,#3833);
#2573=LINE('',#15970,#3834);
#2574=LINE('',#15972,#3835);
#2575=LINE('',#15974,#3836);
#2576=LINE('',#15976,#3837);
#2577=LINE('',#15978,#3838);
#2578=LINE('',#15980,#3839);
#2579=LINE('',#15982,#3840);
#2580=LINE('',#15984,#3841);
#2581=LINE('',#15988,#3842);
#2582=LINE('',#15990,#3843);
#2583=LINE('',#15991,#3844);
#2584=LINE('',#15996,#3845);
#2585=LINE('',#15998,#3846);
#2586=LINE('',#16000,#3847);
#2587=LINE('',#16001,#3848);
#2588=LINE('',#16004,#3849);
#2589=LINE('',#16005,#3850);
#2590=LINE('',#16010,#3851);
#2591=LINE('',#16012,#3852);
#2592=LINE('',#16013,#3853);
#2593=LINE('',#16016,#3854);
#2594=LINE('',#16018,#3855);
#2595=LINE('',#16019,#3856);
#2596=LINE('',#16025,#3857);
#2597=LINE('',#16027,#3858);
#2598=LINE('',#16028,#3859);
#2599=LINE('',#16029,#3860);
#2600=LINE('',#16032,#3861);
#2601=LINE('',#16033,#3862);
#2602=LINE('',#16038,#3863);
#2603=LINE('',#16040,#3864);
#2604=LINE('',#16041,#3865);
#2605=LINE('',#16044,#3866);
#2606=LINE('',#16046,#3867);
#2607=LINE('',#16047,#3868);
#2608=LINE('',#16053,#3869);
#2609=LINE('',#16055,#3870);
#2610=LINE('',#16056,#3871);
#2611=LINE('',#16057,#3872);
#2612=LINE('',#16060,#3873);
#2613=LINE('',#16061,#3874);
#2614=LINE('',#16066,#3875);
#2615=LINE('',#16068,#3876);
#2616=LINE('',#16069,#3877);
#2617=LINE('',#16074,#3878);
#2618=LINE('',#16076,#3879);
#2619=LINE('',#16078,#3880);
#2620=LINE('',#16080,#3881);
#2621=LINE('',#16081,#3882);
#2622=LINE('',#16084,#3883);
#2623=LINE('',#16085,#3884);
#2624=LINE('',#16091,#3885);
#2625=LINE('',#16093,#3886);
#2626=LINE('',#16094,#3887);
#2627=LINE('',#16095,#3888);
#2628=LINE('',#16097,#3889);
#2629=LINE('',#16100,#3890);
#2630=LINE('',#16102,#3891);
#2631=LINE('',#16103,#3892);
#2632=LINE('',#16109,#3893);
#2633=LINE('',#16111,#3894);
#2634=LINE('',#16112,#3895);
#2635=LINE('',#16113,#3896);
#2636=LINE('',#16116,#3897);
#2637=LINE('',#16117,#3898);
#2638=LINE('',#16122,#3899);
#2639=LINE('',#16124,#3900);
#2640=LINE('',#16125,#3901);
#2641=LINE('',#16128,#3902);
#2642=LINE('',#16130,#3903);
#2643=LINE('',#16131,#3904);
#2644=LINE('',#16136,#3905);
#2645=LINE('',#16138,#3906);
#2646=LINE('',#16140,#3907);
#2647=LINE('',#16141,#3908);
#2648=LINE('',#16144,#3909);
#2649=LINE('',#16145,#3910);
#2650=LINE('',#16150,#3911);
#2651=LINE('',#16152,#3912);
#2652=LINE('',#16153,#3913);
#2653=LINE('',#16156,#3914);
#2654=LINE('',#16158,#3915);
#2655=LINE('',#16159,#3916);
#2656=LINE('',#16164,#3917);
#2657=LINE('',#16166,#3918);
#2658=LINE('',#16168,#3919);
#2659=LINE('',#16169,#3920);
#2660=LINE('',#16172,#3921);
#2661=LINE('',#16173,#3922);
#2662=LINE('',#16178,#3923);
#2663=LINE('',#16180,#3924);
#2664=LINE('',#16181,#3925);
#2665=LINE('',#16184,#3926);
#2666=LINE('',#16186,#3927);
#2667=LINE('',#16187,#3928);
#2668=LINE('',#16193,#3929);
#2669=LINE('',#16195,#3930);
#2670=LINE('',#16196,#3931);
#2671=LINE('',#16197,#3932);
#2672=LINE('',#16200,#3933);
#2673=LINE('',#16201,#3934);
#2674=LINE('',#16206,#3935);
#2675=LINE('',#16208,#3936);
#2676=LINE('',#16209,#3937);
#2677=LINE('',#16212,#3938);
#2678=LINE('',#16214,#3939);
#2679=LINE('',#16215,#3940);
#2680=LINE('',#16221,#3941);
#2681=LINE('',#16223,#3942);
#2682=LINE('',#16224,#3943);
#2683=LINE('',#16225,#3944);
#2684=LINE('',#16228,#3945);
#2685=LINE('',#16229,#3946);
#2686=LINE('',#16234,#3947);
#2687=LINE('',#16236,#3948);
#2688=LINE('',#16237,#3949);
#2689=LINE('',#16240,#3950);
#2690=LINE('',#16242,#3951);
#2691=LINE('',#16243,#3952);
#2692=LINE('',#16248,#3953);
#2693=LINE('',#16250,#3954);
#2694=LINE('',#16252,#3955);
#2695=LINE('',#16253,#3956);
#2696=LINE('',#16256,#3957);
#2697=LINE('',#16257,#3958);
#2698=LINE('',#16262,#3959);
#2699=LINE('',#16264,#3960);
#2700=LINE('',#16265,#3961);
#2701=LINE('',#16270,#3962);
#2702=LINE('',#16272,#3963);
#2703=LINE('',#16274,#3964);
#2704=LINE('',#16276,#3965);
#2705=LINE('',#16277,#3966);
#2706=LINE('',#16280,#3967);
#2707=LINE('',#16281,#3968);
#2708=LINE('',#16287,#3969);
#2709=LINE('',#16289,#3970);
#2710=LINE('',#16290,#3971);
#2711=LINE('',#16291,#3972);
#2712=LINE('',#16293,#3973);
#2713=LINE('',#16296,#3974);
#2714=LINE('',#16298,#3975);
#2715=LINE('',#16299,#3976);
#2716=LINE('',#16304,#3977);
#2717=LINE('',#16306,#3978);
#2718=LINE('',#16308,#3979);
#2719=LINE('',#16309,#3980);
#2720=LINE('',#16312,#3981);
#2721=LINE('',#16313,#3982);
#2722=LINE('',#16318,#3983);
#2723=LINE('',#16320,#3984);
#2724=LINE('',#16321,#3985);
#2725=LINE('',#16326,#3986);
#2726=LINE('',#16328,#3987);
#2727=LINE('',#16330,#3988);
#2728=LINE('',#16332,#3989);
#2729=LINE('',#16333,#3990);
#2730=LINE('',#16336,#3991);
#2731=LINE('',#16337,#3992);
#2732=LINE('',#16343,#3993);
#2733=LINE('',#16345,#3994);
#2734=LINE('',#16346,#3995);
#2735=LINE('',#16347,#3996);
#2736=LINE('',#16349,#3997);
#2737=LINE('',#16354,#3998);
#2738=LINE('',#16356,#3999);
#2739=LINE('',#16358,#4000);
#2740=LINE('',#16360,#4001);
#2741=LINE('',#16361,#4002);
#2742=LINE('',#16364,#4003);
#2743=LINE('',#16365,#4004);
#2744=LINE('',#16371,#4005);
#2745=LINE('',#16373,#4006);
#2746=LINE('',#16374,#4007);
#2747=LINE('',#16375,#4008);
#2748=LINE('',#16377,#4009);
#2749=LINE('',#16379,#4010);
#2750=LINE('',#16381,#4011);
#2751=LINE('',#16384,#4012);
#2752=LINE('',#16386,#4013);
#2753=LINE('',#16387,#4014);
#2754=LINE('',#16389,#4015);
#2755=LINE('',#16392,#4016);
#2756=LINE('',#16394,#4017);
#2757=LINE('',#16395,#4018);
#2758=LINE('',#16397,#4019);
#2759=LINE('',#16399,#4020);
#2760=LINE('',#16401,#4021);
#2761=LINE('',#16404,#4022);
#2762=LINE('',#16406,#4023);
#2763=LINE('',#16407,#4024);
#2764=LINE('',#16410,#4025);
#2765=LINE('',#16412,#4026);
#2766=LINE('',#16413,#4027);
#2767=LINE('',#16415,#4028);
#2768=LINE('',#16417,#4029);
#2769=LINE('',#16419,#4030);
#2770=LINE('',#16422,#4031);
#2771=LINE('',#16424,#4032);
#2772=LINE('',#16425,#4033);
#2773=LINE('',#16428,#4034);
#2774=LINE('',#16430,#4035);
#2775=LINE('',#16431,#4036);
#2776=LINE('',#16433,#4037);
#2777=LINE('',#16435,#4038);
#2778=LINE('',#16438,#4039);
#2779=LINE('',#16440,#4040);
#2780=LINE('',#16441,#4041);
#2781=LINE('',#16443,#4042);
#2782=LINE('',#16446,#4043);
#2783=LINE('',#16448,#4044);
#2784=LINE('',#16449,#4045);
#2785=LINE('',#16451,#4046);
#2786=LINE('',#16453,#4047);
#2787=LINE('',#16455,#4048);
#2788=LINE('',#16458,#4049);
#2789=LINE('',#16460,#4050);
#2790=LINE('',#16461,#4051);
#2791=LINE('',#16464,#4052);
#2792=LINE('',#16466,#4053);
#2793=LINE('',#16467,#4054);
#2794=LINE('',#16469,#4055);
#2795=LINE('',#16471,#4056);
#2796=LINE('',#16474,#4057);
#2797=LINE('',#16476,#4058);
#2798=LINE('',#16477,#4059);
#2799=LINE('',#16479,#4060);
#2800=LINE('',#16482,#4061);
#2801=LINE('',#16484,#4062);
#2802=LINE('',#16485,#4063);
#2803=LINE('',#16487,#4064);
#2804=LINE('',#16489,#4065);
#2805=LINE('',#16492,#4066);
#2806=LINE('',#16494,#4067);
#2807=LINE('',#16495,#4068);
#2808=LINE('',#16497,#4069);
#2809=LINE('',#16500,#4070);
#2810=LINE('',#16502,#4071);
#2811=LINE('',#16503,#4072);
#2812=LINE('',#16505,#4073);
#2813=LINE('',#16507,#4074);
#2814=LINE('',#16509,#4075);
#2815=LINE('',#16512,#4076);
#2816=LINE('',#16514,#4077);
#2817=LINE('',#16515,#4078);
#2818=LINE('',#16518,#4079);
#2819=LINE('',#16520,#4080);
#2820=LINE('',#16521,#4081);
#2821=LINE('',#16523,#4082);
#2822=LINE('',#16525,#4083);
#2823=LINE('',#16527,#4084);
#2824=LINE('',#16530,#4085);
#2825=LINE('',#16532,#4086);
#2826=LINE('',#16533,#4087);
#2827=LINE('',#16536,#4088);
#2828=LINE('',#16538,#4089);
#2829=LINE('',#16539,#4090);
#2830=LINE('',#16541,#4091);
#2831=LINE('',#16543,#4092);
#2832=LINE('',#16546,#4093);
#2833=LINE('',#16548,#4094);
#2834=LINE('',#16549,#4095);
#2835=LINE('',#16551,#4096);
#2836=LINE('',#16554,#4097);
#2837=LINE('',#16556,#4098);
#2838=LINE('',#16557,#4099);
#2839=LINE('',#16559,#4100);
#2840=LINE('',#16561,#4101);
#2841=LINE('',#16564,#4102);
#2842=LINE('',#16566,#4103);
#2843=LINE('',#16567,#4104);
#2844=LINE('',#16569,#4105);
#2845=LINE('',#16572,#4106);
#2846=LINE('',#16574,#4107);
#2847=LINE('',#16575,#4108);
#2848=LINE('',#16577,#4109);
#2849=LINE('',#16579,#4110);
#2850=LINE('',#16582,#4111);
#2851=LINE('',#16584,#4112);
#2852=LINE('',#16585,#4113);
#2853=LINE('',#16587,#4114);
#2854=LINE('',#16590,#4115);
#2855=LINE('',#16592,#4116);
#2856=LINE('',#16593,#4117);
#2857=LINE('',#16595,#4118);
#2858=LINE('',#16597,#4119);
#2859=LINE('',#16600,#4120);
#2860=LINE('',#16602,#4121);
#2861=LINE('',#16603,#4122);
#2862=LINE('',#16605,#4123);
#2863=LINE('',#16608,#4124);
#2864=LINE('',#16610,#4125);
#2865=LINE('',#16611,#4126);
#2866=LINE('',#16613,#4127);
#2867=LINE('',#16615,#4128);
#2868=LINE('',#16618,#4129);
#2869=LINE('',#16620,#4130);
#2870=LINE('',#16621,#4131);
#2871=LINE('',#16623,#4132);
#2872=LINE('',#16626,#4133);
#2873=LINE('',#16628,#4134);
#2874=LINE('',#16629,#4135);
#2875=LINE('',#16631,#4136);
#2876=LINE('',#16633,#4137);
#2877=LINE('',#16636,#4138);
#2878=LINE('',#16638,#4139);
#2879=LINE('',#16641,#4140);
#2880=LINE('',#16643,#4141);
#2881=LINE('',#16646,#4142);
#2882=LINE('',#16648,#4143);
#2883=LINE('',#16651,#4144);
#2884=LINE('',#16653,#4145);
#2885=LINE('',#16656,#4146);
#2886=LINE('',#16658,#4147);
#2887=LINE('',#16661,#4148);
#2888=LINE('',#16663,#4149);
#2889=LINE('',#16666,#4150);
#2890=LINE('',#16668,#4151);
#2891=LINE('',#16671,#4152);
#2892=LINE('',#16673,#4153);
#2893=LINE('',#16676,#4154);
#2894=LINE('',#16678,#4155);
#2895=LINE('',#16681,#4156);
#2896=LINE('',#16683,#4157);
#2897=LINE('',#16686,#4158);
#2898=LINE('',#16688,#4159);
#2899=LINE('',#16691,#4160);
#2900=LINE('',#16693,#4161);
#2901=LINE('',#16696,#4162);
#2902=LINE('',#16698,#4163);
#2903=LINE('',#16703,#4164);
#2904=LINE('',#16705,#4165);
#2905=LINE('',#16707,#4166);
#2906=LINE('',#16708,#4167);
#2907=LINE('',#16711,#4168);
#2908=LINE('',#16713,#4169);
#2909=LINE('',#16714,#4170);
#2910=LINE('',#16717,#4171);
#2911=LINE('',#16718,#4172);
#2912=LINE('',#16721,#4173);
#2913=LINE('',#16722,#4174);
#2914=LINE('',#16724,#4175);
#2915=LINE('',#16727,#4176);
#2916=LINE('',#16729,#4177);
#2917=LINE('',#16730,#4178);
#2918=LINE('',#16733,#4179);
#2919=LINE('',#16734,#4180);
#2920=LINE('',#16737,#4181);
#2921=LINE('',#16738,#4182);
#2922=LINE('',#16740,#4183);
#2923=LINE('',#16745,#4184);
#2924=LINE('',#16747,#4185);
#2925=LINE('',#16749,#4186);
#2926=LINE('',#16750,#4187);
#2927=LINE('',#16753,#4188);
#2928=LINE('',#16755,#4189);
#2929=LINE('',#16756,#4190);
#2930=LINE('',#16759,#4191);
#2931=LINE('',#16760,#4192);
#2932=LINE('',#16763,#4193);
#2933=LINE('',#16764,#4194);
#2934=LINE('',#16766,#4195);
#2935=LINE('',#16770,#4196);
#2936=LINE('',#16771,#4197);
#2937=LINE('',#16772,#4198);
#2938=LINE('',#16775,#4199);
#2939=LINE('',#16776,#4200);
#2940=LINE('',#16779,#4201);
#2941=LINE('',#16780,#4202);
#2942=LINE('',#16782,#4203);
#2943=LINE('',#16787,#4204);
#2944=LINE('',#16789,#4205);
#2945=LINE('',#16791,#4206);
#2946=LINE('',#16792,#4207);
#2947=LINE('',#16795,#4208);
#2948=LINE('',#16797,#4209);
#2949=LINE('',#16798,#4210);
#2950=LINE('',#16801,#4211);
#2951=LINE('',#16802,#4212);
#2952=LINE('',#16805,#4213);
#2953=LINE('',#16806,#4214);
#2954=LINE('',#16808,#4215);
#2955=LINE('',#16811,#4216);
#2956=LINE('',#16813,#4217);
#2957=LINE('',#16814,#4218);
#2958=LINE('',#16817,#4219);
#2959=LINE('',#16818,#4220);
#2960=LINE('',#16821,#4221);
#2961=LINE('',#16822,#4222);
#2962=LINE('',#16824,#4223);
#2963=LINE('',#16829,#4224);
#2964=LINE('',#16831,#4225);
#2965=LINE('',#16833,#4226);
#2966=LINE('',#16834,#4227);
#2967=LINE('',#16837,#4228);
#2968=LINE('',#16839,#4229);
#2969=LINE('',#16840,#4230);
#2970=LINE('',#16843,#4231);
#2971=LINE('',#16844,#4232);
#2972=LINE('',#16847,#4233);
#2973=LINE('',#16848,#4234);
#2974=LINE('',#16850,#4235);
#2975=LINE('',#16854,#4236);
#2976=LINE('',#16855,#4237);
#2977=LINE('',#16856,#4238);
#2978=LINE('',#16859,#4239);
#2979=LINE('',#16860,#4240);
#2980=LINE('',#16863,#4241);
#2981=LINE('',#16864,#4242);
#2982=LINE('',#16866,#4243);
#2983=LINE('',#16871,#4244);
#2984=LINE('',#16873,#4245);
#2985=LINE('',#16875,#4246);
#2986=LINE('',#16876,#4247);
#2987=LINE('',#16879,#4248);
#2988=LINE('',#16881,#4249);
#2989=LINE('',#16882,#4250);
#2990=LINE('',#16885,#4251);
#2991=LINE('',#16886,#4252);
#2992=LINE('',#16889,#4253);
#2993=LINE('',#16890,#4254);
#2994=LINE('',#16892,#4255);
#2995=LINE('',#16895,#4256);
#2996=LINE('',#16897,#4257);
#2997=LINE('',#16898,#4258);
#2998=LINE('',#16901,#4259);
#2999=LINE('',#16902,#4260);
#3000=LINE('',#16905,#4261);
#3001=LINE('',#16906,#4262);
#3002=LINE('',#16908,#4263);
#3003=LINE('',#16913,#4264);
#3004=LINE('',#16915,#4265);
#3005=LINE('',#16917,#4266);
#3006=LINE('',#16918,#4267);
#3007=LINE('',#16921,#4268);
#3008=LINE('',#16923,#4269);
#3009=LINE('',#16924,#4270);
#3010=LINE('',#16927,#4271);
#3011=LINE('',#16928,#4272);
#3012=LINE('',#16931,#4273);
#3013=LINE('',#16932,#4274);
#3014=LINE('',#16934,#4275);
#3015=LINE('',#16938,#4276);
#3016=LINE('',#16939,#4277);
#3017=LINE('',#16940,#4278);
#3018=LINE('',#16943,#4279);
#3019=LINE('',#16944,#4280);
#3020=LINE('',#16947,#4281);
#3021=LINE('',#16948,#4282);
#3022=LINE('',#16950,#4283);
#3023=LINE('',#16955,#4284);
#3024=LINE('',#16957,#4285);
#3025=LINE('',#16959,#4286);
#3026=LINE('',#16960,#4287);
#3027=LINE('',#16963,#4288);
#3028=LINE('',#16965,#4289);
#3029=LINE('',#16966,#4290);
#3030=LINE('',#16969,#4291);
#3031=LINE('',#16970,#4292);
#3032=LINE('',#16973,#4293);
#3033=LINE('',#16974,#4294);
#3034=LINE('',#16976,#4295);
#3035=LINE('',#16979,#4296);
#3036=LINE('',#16981,#4297);
#3037=LINE('',#16982,#4298);
#3038=LINE('',#16985,#4299);
#3039=LINE('',#16986,#4300);
#3040=LINE('',#16989,#4301);
#3041=LINE('',#16990,#4302);
#3042=LINE('',#16992,#4303);
#3043=LINE('',#16997,#4304);
#3044=LINE('',#16999,#4305);
#3045=LINE('',#17001,#4306);
#3046=LINE('',#17002,#4307);
#3047=LINE('',#17005,#4308);
#3048=LINE('',#17007,#4309);
#3049=LINE('',#17008,#4310);
#3050=LINE('',#17011,#4311);
#3051=LINE('',#17012,#4312);
#3052=LINE('',#17015,#4313);
#3053=LINE('',#17016,#4314);
#3054=LINE('',#17018,#4315);
#3055=LINE('',#17022,#4316);
#3056=LINE('',#17023,#4317);
#3057=LINE('',#17024,#4318);
#3058=LINE('',#17027,#4319);
#3059=LINE('',#17028,#4320);
#3060=LINE('',#17031,#4321);
#3061=LINE('',#17032,#4322);
#3062=LINE('',#17034,#4323);
#3063=LINE('',#17039,#4324);
#3064=LINE('',#17041,#4325);
#3065=LINE('',#17043,#4326);
#3066=LINE('',#17044,#4327);
#3067=LINE('',#17047,#4328);
#3068=LINE('',#17049,#4329);
#3069=LINE('',#17050,#4330);
#3070=LINE('',#17053,#4331);
#3071=LINE('',#17054,#4332);
#3072=LINE('',#17057,#4333);
#3073=LINE('',#17058,#4334);
#3074=LINE('',#17060,#4335);
#3075=LINE('',#17063,#4336);
#3076=LINE('',#17065,#4337);
#3077=LINE('',#17066,#4338);
#3078=LINE('',#17069,#4339);
#3079=LINE('',#17070,#4340);
#3080=LINE('',#17073,#4341);
#3081=LINE('',#17074,#4342);
#3082=LINE('',#17076,#4343);
#3083=LINE('',#17081,#4344);
#3084=LINE('',#17083,#4345);
#3085=LINE('',#17085,#4346);
#3086=LINE('',#17086,#4347);
#3087=LINE('',#17089,#4348);
#3088=LINE('',#17091,#4349);
#3089=LINE('',#17092,#4350);
#3090=LINE('',#17095,#4351);
#3091=LINE('',#17096,#4352);
#3092=LINE('',#17099,#4353);
#3093=LINE('',#17100,#4354);
#3094=LINE('',#17102,#4355);
#3095=LINE('',#17106,#4356);
#3096=LINE('',#17107,#4357);
#3097=LINE('',#17108,#4358);
#3098=LINE('',#17111,#4359);
#3099=LINE('',#17112,#4360);
#3100=LINE('',#17115,#4361);
#3101=LINE('',#17116,#4362);
#3102=LINE('',#17118,#4363);
#3103=LINE('',#17123,#4364);
#3104=LINE('',#17125,#4365);
#3105=LINE('',#17127,#4366);
#3106=LINE('',#17128,#4367);
#3107=LINE('',#17131,#4368);
#3108=LINE('',#17133,#4369);
#3109=LINE('',#17134,#4370);
#3110=LINE('',#17137,#4371);
#3111=LINE('',#17138,#4372);
#3112=LINE('',#17141,#4373);
#3113=LINE('',#17142,#4374);
#3114=LINE('',#17144,#4375);
#3115=LINE('',#17147,#4376);
#3116=LINE('',#17149,#4377);
#3117=LINE('',#17150,#4378);
#3118=LINE('',#17153,#4379);
#3119=LINE('',#17154,#4380);
#3120=LINE('',#17157,#4381);
#3121=LINE('',#17158,#4382);
#3122=LINE('',#17160,#4383);
#3123=LINE('',#17165,#4384);
#3124=LINE('',#17167,#4385);
#3125=LINE('',#17169,#4386);
#3126=LINE('',#17170,#4387);
#3127=LINE('',#17173,#4388);
#3128=LINE('',#17175,#4389);
#3129=LINE('',#17176,#4390);
#3130=LINE('',#17179,#4391);
#3131=LINE('',#17180,#4392);
#3132=LINE('',#17183,#4393);
#3133=LINE('',#17184,#4394);
#3134=LINE('',#17186,#4395);
#3135=LINE('',#17190,#4396);
#3136=LINE('',#17191,#4397);
#3137=LINE('',#17192,#4398);
#3138=LINE('',#17195,#4399);
#3139=LINE('',#17196,#4400);
#3140=LINE('',#17199,#4401);
#3141=LINE('',#17200,#4402);
#3142=LINE('',#17202,#4403);
#3143=LINE('',#17207,#4404);
#3144=LINE('',#17209,#4405);
#3145=LINE('',#17211,#4406);
#3146=LINE('',#17212,#4407);
#3147=LINE('',#17215,#4408);
#3148=LINE('',#17217,#4409);
#3149=LINE('',#17218,#4410);
#3150=LINE('',#17221,#4411);
#3151=LINE('',#17222,#4412);
#3152=LINE('',#17225,#4413);
#3153=LINE('',#17226,#4414);
#3154=LINE('',#17228,#4415);
#3155=LINE('',#17231,#4416);
#3156=LINE('',#17233,#4417);
#3157=LINE('',#17234,#4418);
#3158=LINE('',#17237,#4419);
#3159=LINE('',#17238,#4420);
#3160=LINE('',#17241,#4421);
#3161=LINE('',#17242,#4422);
#3162=LINE('',#17244,#4423);
#3163=LINE('',#17249,#4424);
#3164=LINE('',#17251,#4425);
#3165=LINE('',#17253,#4426);
#3166=LINE('',#17254,#4427);
#3167=LINE('',#17257,#4428);
#3168=LINE('',#17259,#4429);
#3169=LINE('',#17260,#4430);
#3170=LINE('',#17263,#4431);
#3171=LINE('',#17264,#4432);
#3172=LINE('',#17267,#4433);
#3173=LINE('',#17268,#4434);
#3174=LINE('',#17270,#4435);
#3175=LINE('',#17274,#4436);
#3176=LINE('',#17275,#4437);
#3177=LINE('',#17276,#4438);
#3178=LINE('',#17279,#4439);
#3179=LINE('',#17280,#4440);
#3180=LINE('',#17283,#4441);
#3181=LINE('',#17284,#4442);
#3182=LINE('',#17286,#4443);
#3183=LINE('',#17292,#4444);
#3184=LINE('',#17296,#4445);
#3185=LINE('',#17301,#4446);
#3186=LINE('',#17302,#4447);
#3187=LINE('',#17303,#4448);
#3188=LINE('',#17306,#4449);
#3189=LINE('',#17308,#4450);
#3190=LINE('',#17309,#4451);
#3191=LINE('',#17314,#4452);
#3192=LINE('',#17318,#4453);
#3193=LINE('',#17388,#4454);
#3194=LINE('',#17392,#4455);
#3195=LINE('',#17459,#4456);
#3196=LINE('',#17461,#4457);
#3197=LINE('',#17463,#4458);
#3198=LINE('',#17465,#4459);
#3199=LINE('',#17468,#4460);
#3200=LINE('',#17470,#4461);
#3201=LINE('',#17472,#4462);
#3202=LINE('',#17474,#4463);
#3203=LINE('',#17476,#4464);
#3204=LINE('',#17478,#4465);
#3205=LINE('',#17480,#4466);
#3206=LINE('',#17482,#4467);
#3207=LINE('',#17484,#4468);
#3208=LINE('',#17486,#4469);
#3209=LINE('',#17488,#4470);
#3210=LINE('',#17490,#4471);
#3211=LINE('',#17492,#4472);
#3212=LINE('',#17494,#4473);
#3213=LINE('',#17496,#4474);
#3214=LINE('',#17498,#4475);
#3215=LINE('',#17500,#4476);
#3216=LINE('',#17502,#4477);
#3217=LINE('',#17504,#4478);
#3218=LINE('',#17506,#4479);
#3219=LINE('',#17508,#4480);
#3220=LINE('',#17510,#4481);
#3221=LINE('',#17512,#4482);
#3222=LINE('',#17514,#4483);
#3223=LINE('',#17516,#4484);
#3224=LINE('',#17518,#4485);
#3225=LINE('',#17520,#4486);
#3226=LINE('',#17522,#4487);
#3227=LINE('',#17524,#4488);
#3228=LINE('',#17526,#4489);
#3229=LINE('',#17528,#4490);
#3230=LINE('',#17530,#4491);
#3231=LINE('',#17537,#4492);
#3232=LINE('',#17540,#4493);
#3233=LINE('',#17543,#4494);
#3234=LINE('',#17545,#4495);
#3235=LINE('',#17547,#4496);
#3236=LINE('',#17549,#4497);
#3237=LINE('',#17550,#4498);
#3238=LINE('',#17553,#4499);
#3239=LINE('',#17557,#4500);
#3240=LINE('',#17561,#4501);
#3241=LINE('',#17565,#4502);
#3242=LINE('',#17569,#4503);
#3243=LINE('',#17573,#4504);
#3244=LINE('',#17577,#4505);
#3245=LINE('',#17581,#4506);
#3246=LINE('',#17585,#4507);
#3247=LINE('',#17589,#4508);
#3248=LINE('',#17593,#4509);
#3249=LINE('',#17597,#4510);
#3250=LINE('',#17601,#4511);
#3251=LINE('',#17605,#4512);
#3252=LINE('',#17609,#4513);
#3253=LINE('',#17613,#4514);
#3254=LINE('',#17617,#4515);
#3255=LINE('',#17621,#4516);
#3256=LINE('',#17625,#4517);
#3257=LINE('',#17629,#4518);
#3258=LINE('',#17633,#4519);
#3259=LINE('',#17637,#4520);
#3260=LINE('',#17641,#4521);
#3261=LINE('',#17645,#4522);
#3262=LINE('',#17648,#4523);
#3263=LINE('',#17651,#4524);
#3264=LINE('',#17653,#4525);
#3265=LINE('',#17655,#4526);
#3266=LINE('',#17656,#4527);
#3267=LINE('',#17660,#4528);
#3268=LINE('',#17663,#4529);
#3269=LINE('',#17664,#4530);
#3270=LINE('',#17667,#4531);
#3271=LINE('',#17669,#4532);
#3272=LINE('',#17671,#4533);
#3273=LINE('',#17673,#4534);
#3274=LINE('',#17674,#4535);
#3275=LINE('',#17680,#4536);
#3276=LINE('',#17682,#4537);
#3277=LINE('',#17684,#4538);
#3278=LINE('',#17685,#4539);
#3279=LINE('',#17688,#4540);
#3280=LINE('',#17690,#4541);
#3281=LINE('',#17691,#4542);
#3282=LINE('',#17694,#4543);
#3283=LINE('',#17696,#4544);
#3284=LINE('',#17697,#4545);
#3285=LINE('',#17700,#4546);
#3286=LINE('',#17702,#4547);
#3287=LINE('',#17704,#4548);
#3288=LINE('',#17706,#4549);
#3289=LINE('',#17707,#4550);
#3290=LINE('',#17710,#4551);
#3291=LINE('',#17711,#4552);
#3292=LINE('',#17712,#4553);
#3293=LINE('',#17715,#4554);
#3294=LINE('',#17718,#4555);
#3295=LINE('',#17721,#4556);
#3296=LINE('',#17722,#4557);
#3297=LINE('',#17725,#4558);
#3298=LINE('',#17729,#4559);
#3299=LINE('',#17730,#4560);
#3300=LINE('',#17733,#4561);
#3301=LINE('',#17737,#4562);
#3302=LINE('',#17738,#4563);
#3303=LINE('',#17741,#4564);
#3304=LINE('',#17745,#4565);
#3305=LINE('',#17746,#4566);
#3306=LINE('',#17749,#4567);
#3307=LINE('',#17752,#4568);
#3308=LINE('',#17755,#4569);
#3309=LINE('',#17758,#4570);
#3310=LINE('',#17761,#4571);
#3311=LINE('',#17762,#4572);
#3312=LINE('',#17765,#4573);
#3313=LINE('',#17769,#4574);
#3314=LINE('',#17770,#4575);
#3315=LINE('',#17773,#4576);
#3316=LINE('',#17777,#4577);
#3317=LINE('',#17778,#4578);
#3318=LINE('',#17781,#4579);
#3319=LINE('',#17785,#4580);
#3320=LINE('',#17786,#4581);
#3321=LINE('',#17789,#4582);
#3322=LINE('',#17792,#4583);
#3323=LINE('',#17795,#4584);
#3324=LINE('',#17798,#4585);
#3325=LINE('',#17801,#4586);
#3326=LINE('',#17802,#4587);
#3327=LINE('',#17808,#4588);
#3328=LINE('',#17811,#4589);
#3329=LINE('',#17814,#4590);
#3330=LINE('',#17816,#4591);
#3331=LINE('',#17819,#4592);
#3332=LINE('',#17823,#4593);
#3333=LINE('',#17824,#4594);
#3334=LINE('',#17827,#4595);
#3335=LINE('',#17831,#4596);
#3336=LINE('',#17832,#4597);
#3337=LINE('',#17835,#4598);
#3338=LINE('',#17838,#4599);
#3339=LINE('',#17841,#4600);
#3340=LINE('',#17844,#4601);
#3341=LINE('',#17847,#4602);
#3342=LINE('',#17848,#4603);
#3343=LINE('',#17851,#4604);
#3344=LINE('',#17855,#4605);
#3345=LINE('',#17856,#4606);
#3346=LINE('',#17859,#4607);
#3347=LINE('',#17863,#4608);
#3348=LINE('',#17864,#4609);
#3349=LINE('',#17867,#4610);
#3350=LINE('',#17871,#4611);
#3351=LINE('',#17872,#4612);
#3352=LINE('',#17875,#4613);
#3353=LINE('',#17878,#4614);
#3354=LINE('',#17880,#4615);
#3355=LINE('',#17883,#4616);
#3356=LINE('',#17884,#4617);
#3357=LINE('',#17887,#4618);
#3358=LINE('',#17888,#4619);
#3359=LINE('',#17891,#4620);
#3360=LINE('',#17892,#4621);
#3361=LINE('',#17894,#4622);
#3362=LINE('',#17895,#4623);
#3363=LINE('',#17896,#4624);
#3364=LINE('',#17899,#4625);
#3365=LINE('',#17905,#4626);
#3366=LINE('',#17907,#4627);
#3367=LINE('',#17909,#4628);
#3368=LINE('',#17910,#4629);
#3369=LINE('',#17914,#4630);
#3370=LINE('',#17918,#4631);
#3371=LINE('',#17920,#4632);
#3372=LINE('',#17922,#4633);
#3373=LINE('',#17926,#4634);
#3374=LINE('',#17932,#4635);
#3375=LINE('',#17935,#4636);
#3376=LINE('',#17939,#4637);
#3377=LINE('',#17941,#4638);
#3378=LINE('',#17945,#4639);
#3379=LINE('',#17947,#4640);
#3380=LINE('',#17949,#4641);
#3381=LINE('',#17952,#4642);
#3382=LINE('',#17954,#4643);
#3383=LINE('',#17957,#4644);
#3384=LINE('',#17959,#4645);
#3385=LINE('',#17961,#4646);
#3386=LINE('',#17963,#4647);
#3387=LINE('',#17964,#4648);
#3388=LINE('',#17966,#4649);
#3389=LINE('',#17968,#4650);
#3390=LINE('',#17971,#4651);
#3391=LINE('',#17973,#4652);
#3392=LINE('',#17975,#4653);
#3393=LINE('',#17977,#4654);
#3394=LINE('',#17978,#4655);
#3395=LINE('',#17980,#4656);
#3396=LINE('',#17984,#4657);
#3397=LINE('',#17988,#4658);
#3398=LINE('',#17992,#4659);
#3399=LINE('',#17997,#4660);
#3400=LINE('',#17999,#4661);
#3401=LINE('',#18000,#4662);
#3402=LINE('',#18003,#4663);
#3403=LINE('',#18004,#4664);
#3404=LINE('',#18008,#4665);
#3405=LINE('',#18013,#4666);
#3406=LINE('',#18017,#4667);
#3407=LINE('',#18021,#4668);
#3408=LINE('',#18022,#4669);
#3409=LINE('',#18024,#4670);
#3410=LINE('',#18026,#4671);
#3411=LINE('',#18028,#4672);
#3412=LINE('',#18030,#4673);
#3413=LINE('',#18032,#4674);
#3414=LINE('',#18034,#4675);
#3415=LINE('',#18036,#4676);
#3416=LINE('',#18038,#4677);
#3417=LINE('',#18047,#4678);
#3418=LINE('',#18051,#4679);
#3419=LINE('',#18055,#4680);
#3420=LINE('',#18059,#4681);
#3421=LINE('',#18063,#4682);
#3422=LINE('',#18076,#4683);
#3423=LINE('',#18077,#4684);
#3424=LINE('',#18078,#4685);
#3425=LINE('',#18081,#4686);
#3426=LINE('',#18086,#4687);
#3427=LINE('',#18089,#4688);
#3428=LINE('',#18090,#4689);
#3429=LINE('',#18093,#4690);
#3430=LINE('',#18094,#4691);
#3431=LINE('',#18098,#4692);
#3432=LINE('',#18102,#4693);
#3433=LINE('',#18104,#4694);
#3434=LINE('',#18107,#4695);
#3435=LINE('',#18111,#4696);
#3436=LINE('',#18115,#4697);
#3437=LINE('',#18119,#4698);
#3438=LINE('',#18124,#4699);
#3439=LINE('',#18125,#4700);
#3440=LINE('',#18126,#4701);
#3441=LINE('',#18129,#4702);
#3442=LINE('',#18134,#4703);
#3443=LINE('',#18138,#4704);
#3444=LINE('',#18140,#4705);
#3445=LINE('',#18142,#4706);
#3446=LINE('',#18144,#4707);
#3447=LINE('',#18146,#4708);
#3448=LINE('',#18148,#4709);
#3449=LINE('',#18150,#4710);
#3450=LINE('',#18152,#4711);
#3451=LINE('',#18153,#4712);
#3452=LINE('',#18154,#4713);
#3453=LINE('',#18157,#4714);
#3454=LINE('',#18159,#4715);
#3455=LINE('',#18161,#4716);
#3456=LINE('',#18163,#4717);
#3457=LINE('',#18165,#4718);
#3458=LINE('',#18167,#4719);
#3459=LINE('',#18169,#4720);
#3460=LINE('',#18171,#4721);
#3461=LINE('',#18173,#4722);
#3462=LINE('',#18174,#4723);
#3463=LINE('',#18178,#4724);
#3464=LINE('',#18182,#4725);
#3465=LINE('',#18184,#4726);
#3466=LINE('',#18193,#4727);
#3467=LINE('',#18194,#4728);
#3468=LINE('',#18195,#4729);
#3469=LINE('',#18196,#4730);
#3470=LINE('',#18200,#4731);
#3471=LINE('',#18204,#4732);
#3472=LINE('',#18207,#4733);
#3473=LINE('',#18209,#4734);
#3474=LINE('',#18213,#4735);
#3475=LINE('',#18217,#4736);
#3476=LINE('',#18221,#4737);
#3477=LINE('',#18223,#4738);
#3478=LINE('',#18225,#4739);
#3479=LINE('',#18229,#4740);
#3480=LINE('',#18233,#4741);
#3481=LINE('',#18234,#4742);
#3482=LINE('',#18238,#4743);
#3483=LINE('',#18242,#4744);
#3484=LINE('',#18246,#4745);
#3485=LINE('',#18248,#4746);
#3486=LINE('',#18250,#4747);
#3487=LINE('',#18254,#4748);
#3488=LINE('',#18258,#4749);
#3489=LINE('',#18261,#4750);
#3490=LINE('',#18265,#4751);
#3491=LINE('',#18270,#4752);
#3492=LINE('',#18274,#4753);
#3493=LINE('',#18278,#4754);
#3494=LINE('',#18280,#4755);
#3495=LINE('',#18282,#4756);
#3496=LINE('',#18286,#4757);
#3497=LINE('',#18290,#4758);
#3498=LINE('',#18293,#4759);
#3499=LINE('',#18295,#4760);
#3500=LINE('',#18299,#4761);
#3501=LINE('',#18304,#4762);
#3502=LINE('',#18308,#4763);
#3503=LINE('',#18311,#4764);
#3504=LINE('',#18313,#4765);
#3505=LINE('',#18317,#4766);
#3506=LINE('',#18321,#4767);
#3507=LINE('',#18325,#4768);
#3508=LINE('',#18327,#4769);
#3509=LINE('',#18329,#4770);
#3510=LINE('',#18333,#4771);
#3511=LINE('',#18336,#4772);
#3512=LINE('',#18340,#4773);
#3513=LINE('',#18344,#4774);
#3514=LINE('',#18347,#4775);
#3515=LINE('',#18349,#4776);
#3516=LINE('',#18353,#4777);
#3517=LINE('',#18357,#4778);
#3518=LINE('',#18361,#4779);
#3519=LINE('',#18363,#4780);
#3520=LINE('',#18365,#4781);
#3521=LINE('',#18369,#4782);
#3522=LINE('',#18373,#4783);
#3523=LINE('',#18374,#4784);
#3524=LINE('',#18378,#4785);
#3525=LINE('',#18382,#4786);
#3526=LINE('',#18386,#4787);
#3527=LINE('',#18388,#4788);
#3528=LINE('',#18390,#4789);
#3529=LINE('',#18394,#4790);
#3530=LINE('',#18398,#4791);
#3531=LINE('',#18401,#4792);
#3532=LINE('',#18405,#4793);
#3533=LINE('',#18410,#4794);
#3534=LINE('',#18414,#4795);
#3535=LINE('',#18418,#4796);
#3536=LINE('',#18420,#4797);
#3537=LINE('',#18422,#4798);
#3538=LINE('',#18426,#4799);
#3539=LINE('',#18430,#4800);
#3540=LINE('',#18433,#4801);
#3541=LINE('',#18435,#4802);
#3542=LINE('',#18439,#4803);
#3543=LINE('',#18444,#4804);
#3544=LINE('',#18448,#4805);
#3545=LINE('',#18451,#4806);
#3546=LINE('',#18453,#4807);
#3547=LINE('',#18457,#4808);
#3548=LINE('',#18461,#4809);
#3549=LINE('',#18465,#4810);
#3550=LINE('',#18467,#4811);
#3551=LINE('',#18469,#4812);
#3552=LINE('',#18473,#4813);
#3553=LINE('',#18476,#4814);
#3554=LINE('',#18479,#4815);
#3555=LINE('',#18481,#4816);
#3556=LINE('',#18483,#4817);
#3557=LINE('',#18485,#4818);
#3558=LINE('',#18487,#4819);
#3559=LINE('',#18488,#4820);
#3560=LINE('',#18490,#4821);
#3561=LINE('',#18492,#4822);
#3562=LINE('',#18494,#4823);
#3563=LINE('',#18496,#4824);
#3564=LINE('',#18499,#4825);
#3565=LINE('',#18501,#4826);
#3566=LINE('',#18503,#4827);
#3567=LINE('',#18505,#4828);
#3568=LINE('',#18507,#4829);
#3569=LINE('',#18509,#4830);
#3570=LINE('',#18511,#4831);
#3571=LINE('',#18513,#4832);
#3572=LINE('',#18516,#4833);
#3573=LINE('',#18517,#4834);
#3574=LINE('',#18519,#4835);
#3575=LINE('',#18521,#4836);
#3576=LINE('',#18523,#4837);
#3577=LINE('',#18525,#4838);
#3578=LINE('',#18528,#4839);
#3579=LINE('',#18530,#4840);
#3580=LINE('',#18532,#4841);
#3581=LINE('',#18534,#4842);
#3582=LINE('',#18536,#4843);
#3583=LINE('',#18538,#4844);
#3584=LINE('',#18540,#4845);
#3585=LINE('',#18542,#4846);
#3586=LINE('',#18545,#4847);
#3587=LINE('',#18546,#4848);
#3588=LINE('',#18548,#4849);
#3589=LINE('',#18550,#4850);
#3590=LINE('',#18552,#4851);
#3591=LINE('',#18554,#4852);
#3592=LINE('',#18557,#4853);
#3593=LINE('',#18559,#4854);
#3594=LINE('',#18561,#4855);
#3595=LINE('',#18563,#4856);
#3596=LINE('',#18565,#4857);
#3597=LINE('',#18567,#4858);
#3598=LINE('',#18569,#4859);
#3599=LINE('',#18571,#4860);
#3600=LINE('',#18574,#4861);
#3601=LINE('',#18575,#4862);
#3602=LINE('',#18577,#4863);
#3603=LINE('',#18579,#4864);
#3604=LINE('',#18581,#4865);
#3605=LINE('',#18583,#4866);
#3606=LINE('',#18586,#4867);
#3607=LINE('',#18588,#4868);
#3608=LINE('',#18590,#4869);
#3609=LINE('',#18592,#4870);
#3610=LINE('',#18594,#4871);
#3611=LINE('',#18596,#4872);
#3612=LINE('',#18598,#4873);
#3613=LINE('',#18600,#4874);
#3614=LINE('',#18606,#4875);
#3615=LINE('',#18608,#4876);
#3616=LINE('',#18610,#4877);
#3617=LINE('',#18611,#4878);
#3618=LINE('',#18616,#4879);
#3619=LINE('',#18620,#4880);
#3620=LINE('',#18622,#4881);
#3621=LINE('',#18623,#4882);
#3622=LINE('',#18628,#4883);
#3623=LINE('',#18632,#4884);
#3624=LINE('',#18634,#4885);
#3625=LINE('',#18635,#4886);
#3626=LINE('',#18640,#4887);
#3627=LINE('',#18644,#4888);
#3628=LINE('',#18646,#4889);
#3629=LINE('',#18647,#4890);
#3630=LINE('',#18652,#4891);
#3631=LINE('',#18656,#4892);
#3632=LINE('',#18658,#4893);
#3633=LINE('',#18659,#4894);
#3634=LINE('',#18666,#4895);
#3635=LINE('',#18670,#4896);
#3636=LINE('',#18674,#4897);
#3637=LINE('',#18678,#4898);
#3638=LINE('',#18682,#4899);
#3639=LINE('',#18686,#4900);
#3640=LINE('',#18688,#4901);
#3641=LINE('',#18689,#4902);
#3642=LINE('',#18692,#4903);
#3643=LINE('',#18696,#4904);
#3644=LINE('',#18697,#4905);
#3645=LINE('',#18700,#4906);
#3646=LINE('',#18704,#4907);
#3647=LINE('',#18705,#4908);
#3648=LINE('',#18711,#4909);
#3649=LINE('',#18715,#4910);
#3650=LINE('',#18717,#4911);
#3651=LINE('',#18719,#4912);
#3652=LINE('',#18721,#4913);
#3653=LINE('',#18723,#4914);
#3654=VECTOR('',#12553,10.);
#3655=VECTOR('',#12554,10.);
#3656=VECTOR('',#12555,10.);
#3657=VECTOR('',#12556,10.);
#3658=VECTOR('',#12557,10.);
#3659=VECTOR('',#12558,10.);
#3660=VECTOR('',#12559,10.);
#3661=VECTOR('',#12560,10.);
#3662=VECTOR('',#12561,10.);
#3663=VECTOR('',#12562,10.);
#3664=VECTOR('',#12563,10.);
#3665=VECTOR('',#12564,10.);
#3666=VECTOR('',#12565,10.);
#3667=VECTOR('',#12566,10.);
#3668=VECTOR('',#12567,10.);
#3669=VECTOR('',#12568,10.);
#3670=VECTOR('',#12569,10.);
#3671=VECTOR('',#12570,10.);
#3672=VECTOR('',#12571,10.);
#3673=VECTOR('',#12572,10.);
#3674=VECTOR('',#12573,10.);
#3675=VECTOR('',#12574,10.);
#3676=VECTOR('',#12575,10.);
#3677=VECTOR('',#12576,10.);
#3678=VECTOR('',#12577,10.);
#3679=VECTOR('',#12578,10.);
#3680=VECTOR('',#12579,10.);
#3681=VECTOR('',#12580,10.);
#3682=VECTOR('',#12581,10.);
#3683=VECTOR('',#12582,10.);
#3684=VECTOR('',#12583,10.);
#3685=VECTOR('',#12584,10.);
#3686=VECTOR('',#12585,10.);
#3687=VECTOR('',#12586,10.);
#3688=VECTOR('',#12587,10.);
#3689=VECTOR('',#12588,10.);
#3690=VECTOR('',#12589,10.);
#3691=VECTOR('',#12590,10.);
#3692=VECTOR('',#12591,10.);
#3693=VECTOR('',#12592,10.);
#3694=VECTOR('',#12593,10.);
#3695=VECTOR('',#12594,10.);
#3696=VECTOR('',#12595,10.);
#3697=VECTOR('',#12596,10.);
#3698=VECTOR('',#12599,1.);
#3699=VECTOR('',#12600,1.00000000000064);
#3700=VECTOR('',#12601,1.);
#3701=VECTOR('',#12604,1.);
#3702=VECTOR('',#12605,1.);
#3703=VECTOR('',#12608,1.);
#3704=VECTOR('',#12609,1.00000000000064);
#3705=VECTOR('',#12612,1.);
#3706=VECTOR('',#12613,1.00000000000064);
#3707=VECTOR('',#12616,1.);
#3708=VECTOR('',#12617,1.);
#3709=VECTOR('',#12620,1.);
#3710=VECTOR('',#12621,1.00000000000064);
#3711=VECTOR('',#12624,1.);
#3712=VECTOR('',#12625,1.00000000000064);
#3713=VECTOR('',#12628,1.);
#3714=VECTOR('',#12629,1.);
#3715=VECTOR('',#12632,1.);
#3716=VECTOR('',#12633,1.00000000000064);
#3717=VECTOR('',#12636,1.);
#3718=VECTOR('',#12637,1.00000000000064);
#3719=VECTOR('',#12640,1.);
#3720=VECTOR('',#12641,1.);
#3721=VECTOR('',#12644,1.);
#3722=VECTOR('',#12645,1.00000000000064);
#3723=VECTOR('',#12648,1.);
#3724=VECTOR('',#12649,1.00000000000064);
#3725=VECTOR('',#12652,1.);
#3726=VECTOR('',#12653,1.);
#3727=VECTOR('',#12656,1.);
#3728=VECTOR('',#12657,1.00000000000064);
#3729=VECTOR('',#12660,1.);
#3730=VECTOR('',#12661,1.00000000000064);
#3731=VECTOR('',#12664,1.);
#3732=VECTOR('',#12665,1.);
#3733=VECTOR('',#12668,1.);
#3734=VECTOR('',#12669,1.00000000000064);
#3735=VECTOR('',#12672,1.);
#3736=VECTOR('',#12673,1.00000000000064);
#3737=VECTOR('',#12676,1.);
#3738=VECTOR('',#12677,1.);
#3739=VECTOR('',#12680,1.);
#3740=VECTOR('',#12681,1.00000000000064);
#3741=VECTOR('',#12684,1.);
#3742=VECTOR('',#12685,1.);
#3743=VECTOR('',#12688,1.);
#3744=VECTOR('',#12689,1.00000000000064);
#3745=VECTOR('',#12692,1.);
#3746=VECTOR('',#12693,1.);
#3747=VECTOR('',#12696,1.00000000000064);
#3748=VECTOR('',#12697,1.00000000000064);
#3749=VECTOR('',#12698,1.);
#3750=VECTOR('',#12699,1.00000000000064);
#3751=VECTOR('',#12700,1.00000000000064);
#3752=VECTOR('',#12701,1.);
#3753=VECTOR('',#12702,1.00000000000064);
#3754=VECTOR('',#12703,1.00000000000064);
#3755=VECTOR('',#12704,1.);
#3756=VECTOR('',#12705,1.00000000000064);
#3757=VECTOR('',#12706,1.00000000000064);
#3758=VECTOR('',#12707,1.);
#3759=VECTOR('',#12708,1.00000000000064);
#3760=VECTOR('',#12709,1.00000000000064);
#3761=VECTOR('',#12710,1.);
#3762=VECTOR('',#12711,1.00000000000064);
#3763=VECTOR('',#12712,1.00000000000064);
#3764=VECTOR('',#12713,1.);
#3765=VECTOR('',#12714,1.00000000000064);
#3766=VECTOR('',#12715,1.);
#3767=VECTOR('',#12716,1.);
#3768=VECTOR('',#12717,1.);
#3769=VECTOR('',#12718,1.);
#3770=VECTOR('',#12719,1.);
#3771=VECTOR('',#12720,1.);
#3772=VECTOR('',#12721,1.);
#3773=VECTOR('',#12722,1.);
#3774=VECTOR('',#12723,1.);
#3775=VECTOR('',#12724,1.);
#3776=VECTOR('',#12725,1.);
#3777=VECTOR('',#12726,1.);
#3778=VECTOR('',#12727,1.);
#3779=VECTOR('',#12728,1.);
#3780=VECTOR('',#12729,1.);
#3781=VECTOR('',#12730,1.);
#3782=VECTOR('',#12731,1.);
#3783=VECTOR('',#12732,1.);
#3784=VECTOR('',#12733,1.);
#3785=VECTOR('',#12734,1.);
#3786=VECTOR('',#12735,1.);
#3787=VECTOR('',#12736,1.);
#3788=VECTOR('',#12737,1.);
#3789=VECTOR('',#12738,1.);
#3790=VECTOR('',#12739,1.);
#3791=VECTOR('',#12740,1.);
#3792=VECTOR('',#12741,1.);
#3793=VECTOR('',#12742,1.);
#3794=VECTOR('',#12743,1.);
#3795=VECTOR('',#12744,1.);
#3796=VECTOR('',#12745,1.);
#3797=VECTOR('',#12746,1.);
#3798=VECTOR('',#12747,1.);
#3799=VECTOR('',#12748,1.);
#3800=VECTOR('',#12749,1.);
#3801=VECTOR('',#12750,1.);
#3802=VECTOR('',#12751,1.);
#3803=VECTOR('',#12752,1.);
#3804=VECTOR('',#12753,1.);
#3805=VECTOR('',#12754,1.);
#3806=VECTOR('',#12755,1.);
#3807=VECTOR('',#12756,1.);
#3808=VECTOR('',#12757,1.);
#3809=VECTOR('',#12758,1.);
#3810=VECTOR('',#12759,1.);
#3811=VECTOR('',#12760,1.);
#3812=VECTOR('',#12761,1.);
#3813=VECTOR('',#12762,1.);
#3814=VECTOR('',#12763,1.);
#3815=VECTOR('',#12764,1.);
#3816=VECTOR('',#12765,1.);
#3817=VECTOR('',#12766,1.);
#3818=VECTOR('',#12767,1.);
#3819=VECTOR('',#12768,1.);
#3820=VECTOR('',#12769,1.);
#3821=VECTOR('',#12770,1.);
#3822=VECTOR('',#12771,1.);
#3823=VECTOR('',#12774,1.);
#3824=VECTOR('',#12777,1.);
#3825=VECTOR('',#12780,1.);
#3826=VECTOR('',#12783,1.);
#3827=VECTOR('',#12786,1.);
#3828=VECTOR('',#12789,1.);
#3829=VECTOR('',#12792,1.);
#3830=VECTOR('',#12795,1.);
#3831=VECTOR('',#12798,1.);
#3832=VECTOR('',#12801,1.);
#3833=VECTOR('',#12804,1.);
#3834=VECTOR('',#12807,1.);
#3835=VECTOR('',#12810,1.);
#3836=VECTOR('',#12813,1.);
#3837=VECTOR('',#12816,1.);
#3838=VECTOR('',#12819,1.);
#3839=VECTOR('',#12822,1.);
#3840=VECTOR('',#12825,1.);
#3841=VECTOR('',#12828,1.);
#3842=VECTOR('',#12833,1.);
#3843=VECTOR('',#12834,1.);
#3844=VECTOR('',#12835,1.);
#3845=VECTOR('',#12840,1.);
#3846=VECTOR('',#12841,1.);
#3847=VECTOR('',#12842,1.);
#3848=VECTOR('',#12843,1.);
#3849=VECTOR('',#12846,1.);
#3850=VECTOR('',#12847,1.);
#3851=VECTOR('',#12852,1.);
#3852=VECTOR('',#12853,1.);
#3853=VECTOR('',#12854,1.);
#3854=VECTOR('',#12857,1.);
#3855=VECTOR('',#12858,1.);
#3856=VECTOR('',#12859,1.);
#3857=VECTOR('',#12864,1.);
#3858=VECTOR('',#12865,1.);
#3859=VECTOR('',#12866,1.);
#3860=VECTOR('',#12867,1.);
#3861=VECTOR('',#12870,1.);
#3862=VECTOR('',#12871,1.);
#3863=VECTOR('',#12876,1.);
#3864=VECTOR('',#12877,1.);
#3865=VECTOR('',#12878,1.);
#3866=VECTOR('',#12881,1.);
#3867=VECTOR('',#12882,1.);
#3868=VECTOR('',#12883,1.);
#3869=VECTOR('',#12888,1.);
#3870=VECTOR('',#12889,1.);
#3871=VECTOR('',#12890,1.);
#3872=VECTOR('',#12891,1.);
#3873=VECTOR('',#12894,1.);
#3874=VECTOR('',#12895,1.);
#3875=VECTOR('',#12900,1.);
#3876=VECTOR('',#12901,1.);
#3877=VECTOR('',#12902,1.);
#3878=VECTOR('',#12907,1.);
#3879=VECTOR('',#12908,1.);
#3880=VECTOR('',#12909,1.);
#3881=VECTOR('',#12910,1.);
#3882=VECTOR('',#12911,1.);
#3883=VECTOR('',#12914,1.);
#3884=VECTOR('',#12915,1.);
#3885=VECTOR('',#12920,1.);
#3886=VECTOR('',#12921,1.);
#3887=VECTOR('',#12922,1.);
#3888=VECTOR('',#12923,1.);
#3889=VECTOR('',#12926,1.);
#3890=VECTOR('',#12929,1.);
#3891=VECTOR('',#12930,1.);
#3892=VECTOR('',#12931,1.);
#3893=VECTOR('',#12936,1.);
#3894=VECTOR('',#12937,1.);
#3895=VECTOR('',#12938,1.);
#3896=VECTOR('',#12939,1.);
#3897=VECTOR('',#12942,1.);
#3898=VECTOR('',#12943,1.);
#3899=VECTOR('',#12948,1.);
#3900=VECTOR('',#12949,1.);
#3901=VECTOR('',#12950,1.);
#3902=VECTOR('',#12953,1.);
#3903=VECTOR('',#12954,1.);
#3904=VECTOR('',#12955,1.);
#3905=VECTOR('',#12960,1.);
#3906=VECTOR('',#12961,1.);
#3907=VECTOR('',#12962,1.);
#3908=VECTOR('',#12963,1.);
#3909=VECTOR('',#12966,1.);
#3910=VECTOR('',#12967,1.);
#3911=VECTOR('',#12972,1.);
#3912=VECTOR('',#12973,1.);
#3913=VECTOR('',#12974,1.);
#3914=VECTOR('',#12977,1.);
#3915=VECTOR('',#12978,1.);
#3916=VECTOR('',#12979,1.);
#3917=VECTOR('',#12984,1.);
#3918=VECTOR('',#12985,1.);
#3919=VECTOR('',#12986,1.);
#3920=VECTOR('',#12987,1.);
#3921=VECTOR('',#12990,1.);
#3922=VECTOR('',#12991,1.);
#3923=VECTOR('',#12996,1.);
#3924=VECTOR('',#12997,1.);
#3925=VECTOR('',#12998,1.);
#3926=VECTOR('',#13001,1.);
#3927=VECTOR('',#13002,1.);
#3928=VECTOR('',#13003,1.);
#3929=VECTOR('',#13008,1.);
#3930=VECTOR('',#13009,1.);
#3931=VECTOR('',#13010,1.);
#3932=VECTOR('',#13011,1.);
#3933=VECTOR('',#13014,1.);
#3934=VECTOR('',#13015,1.);
#3935=VECTOR('',#13020,1.);
#3936=VECTOR('',#13021,1.);
#3937=VECTOR('',#13022,1.);
#3938=VECTOR('',#13025,1.);
#3939=VECTOR('',#13026,1.);
#3940=VECTOR('',#13027,1.);
#3941=VECTOR('',#13032,1.);
#3942=VECTOR('',#13033,1.);
#3943=VECTOR('',#13034,1.);
#3944=VECTOR('',#13035,1.);
#3945=VECTOR('',#13038,1.);
#3946=VECTOR('',#13039,1.);
#3947=VECTOR('',#13044,1.);
#3948=VECTOR('',#13045,1.);
#3949=VECTOR('',#13046,1.);
#3950=VECTOR('',#13049,1.);
#3951=VECTOR('',#13050,1.);
#3952=VECTOR('',#13051,1.);
#3953=VECTOR('',#13056,1.);
#3954=VECTOR('',#13057,1.);
#3955=VECTOR('',#13058,1.);
#3956=VECTOR('',#13059,1.);
#3957=VECTOR('',#13062,1.);
#3958=VECTOR('',#13063,1.);
#3959=VECTOR('',#13068,1.);
#3960=VECTOR('',#13069,1.);
#3961=VECTOR('',#13070,1.);
#3962=VECTOR('',#13075,1.);
#3963=VECTOR('',#13076,1.);
#3964=VECTOR('',#13077,1.);
#3965=VECTOR('',#13078,1.);
#3966=VECTOR('',#13079,1.);
#3967=VECTOR('',#13082,1.);
#3968=VECTOR('',#13083,1.);
#3969=VECTOR('',#13088,1.);
#3970=VECTOR('',#13089,1.);
#3971=VECTOR('',#13090,1.);
#3972=VECTOR('',#13091,1.);
#3973=VECTOR('',#13094,1.);
#3974=VECTOR('',#13097,1.);
#3975=VECTOR('',#13098,1.);
#3976=VECTOR('',#13099,1.);
#3977=VECTOR('',#13104,1.);
#3978=VECTOR('',#13105,1.);
#3979=VECTOR('',#13106,1.);
#3980=VECTOR('',#13107,1.);
#3981=VECTOR('',#13110,1.);
#3982=VECTOR('',#13111,1.);
#3983=VECTOR('',#13116,1.);
#3984=VECTOR('',#13117,1.);
#3985=VECTOR('',#13118,1.);
#3986=VECTOR('',#13123,1.);
#3987=VECTOR('',#13124,1.);
#3988=VECTOR('',#13125,1.);
#3989=VECTOR('',#13126,1.);
#3990=VECTOR('',#13127,1.);
#3991=VECTOR('',#13130,1.);
#3992=VECTOR('',#13131,1.);
#3993=VECTOR('',#13136,1.);
#3994=VECTOR('',#13137,1.);
#3995=VECTOR('',#13138,1.);
#3996=VECTOR('',#13139,1.);
#3997=VECTOR('',#13142,1.);
#3998=VECTOR('',#13147,1.);
#3999=VECTOR('',#13148,1.);
#4000=VECTOR('',#13149,1.);
#4001=VECTOR('',#13150,1.);
#4002=VECTOR('',#13151,1.);
#4003=VECTOR('',#13154,1.);
#4004=VECTOR('',#13155,1.);
#4005=VECTOR('',#13160,1.);
#4006=VECTOR('',#13161,1.);
#4007=VECTOR('',#13162,1.);
#4008=VECTOR('',#13163,1.);
#4009=VECTOR('',#13166,1.);
#4010=VECTOR('',#13169,1.);
#4011=VECTOR('',#13172,1.);
#4012=VECTOR('',#13175,1.00000000000065);
#4013=VECTOR('',#13176,1.);
#4014=VECTOR('',#13177,1.00000000000065);
#4015=VECTOR('',#13180,1.);
#4016=VECTOR('',#13183,1.00000000000065);
#4017=VECTOR('',#13184,1.00000000000065);
#4018=VECTOR('',#13185,1.);
#4019=VECTOR('',#13188,1.);
#4020=VECTOR('',#13191,1.);
#4021=VECTOR('',#13194,1.);
#4022=VECTOR('',#13197,1.00000000000065);
#4023=VECTOR('',#13198,1.00000000000065);
#4024=VECTOR('',#13199,1.);
#4025=VECTOR('',#13202,1.00000000000065);
#4026=VECTOR('',#13203,1.);
#4027=VECTOR('',#13204,1.00000000000065);
#4028=VECTOR('',#13207,1.);
#4029=VECTOR('',#13210,1.);
#4030=VECTOR('',#13213,1.);
#4031=VECTOR('',#13216,1.00000000000065);
#4032=VECTOR('',#13217,1.00000000000065);
#4033=VECTOR('',#13218,1.);
#4034=VECTOR('',#13221,1.00000000000065);
#4035=VECTOR('',#13222,1.);
#4036=VECTOR('',#13223,1.00000000000065);
#4037=VECTOR('',#13226,1.);
#4038=VECTOR('',#13229,1.);
#4039=VECTOR('',#13232,1.00000000000065);
#4040=VECTOR('',#13233,1.);
#4041=VECTOR('',#13234,1.00000000000065);
#4042=VECTOR('',#13237,1.);
#4043=VECTOR('',#13240,1.00000000000065);
#4044=VECTOR('',#13241,1.00000000000065);
#4045=VECTOR('',#13242,1.);
#4046=VECTOR('',#13245,1.);
#4047=VECTOR('',#13248,1.);
#4048=VECTOR('',#13251,1.);
#4049=VECTOR('',#13254,1.00000000000065);
#4050=VECTOR('',#13255,1.00000000000065);
#4051=VECTOR('',#13256,1.);
#4052=VECTOR('',#13259,1.00000000000065);
#4053=VECTOR('',#13260,1.);
#4054=VECTOR('',#13261,1.00000000000065);
#4055=VECTOR('',#13264,1.);
#4056=VECTOR('',#13267,1.);
#4057=VECTOR('',#13270,1.00000000000065);
#4058=VECTOR('',#13271,1.);
#4059=VECTOR('',#13272,1.00000000000065);
#4060=VECTOR('',#13275,1.);
#4061=VECTOR('',#13278,1.00000000000065);
#4062=VECTOR('',#13279,1.00000000000065);
#4063=VECTOR('',#13280,1.);
#4064=VECTOR('',#13283,1.);
#4065=VECTOR('',#13286,1.);
#4066=VECTOR('',#13289,1.00000000000065);
#4067=VECTOR('',#13290,1.);
#4068=VECTOR('',#13291,1.00000000000065);
#4069=VECTOR('',#13294,1.);
#4070=VECTOR('',#13297,1.00000000000065);
#4071=VECTOR('',#13298,1.00000000000065);
#4072=VECTOR('',#13299,1.);
#4073=VECTOR('',#13302,1.);
#4074=VECTOR('',#13305,1.);
#4075=VECTOR('',#13308,1.);
#4076=VECTOR('',#13311,1.00000000000065);
#4077=VECTOR('',#13312,1.00000000000065);
#4078=VECTOR('',#13313,1.);
#4079=VECTOR('',#13316,1.00000000000065);
#4080=VECTOR('',#13317,1.);
#4081=VECTOR('',#13318,1.00000000000065);
#4082=VECTOR('',#13321,1.);
#4083=VECTOR('',#13324,1.);
#4084=VECTOR('',#13327,1.);
#4085=VECTOR('',#13330,1.00000000000065);
#4086=VECTOR('',#13331,1.00000000000065);
#4087=VECTOR('',#13332,1.);
#4088=VECTOR('',#13335,1.00000000000065);
#4089=VECTOR('',#13336,1.);
#4090=VECTOR('',#13337,1.00000000000065);
#4091=VECTOR('',#13340,1.);
#4092=VECTOR('',#13343,1.);
#4093=VECTOR('',#13346,1.00000000000065);
#4094=VECTOR('',#13347,1.);
#4095=VECTOR('',#13348,1.00000000000065);
#4096=VECTOR('',#13351,1.);
#4097=VECTOR('',#13354,1.00000000000065);
#4098=VECTOR('',#13355,1.00000000000065);
#4099=VECTOR('',#13356,1.);
#4100=VECTOR('',#13359,1.);
#4101=VECTOR('',#13362,1.);
#4102=VECTOR('',#13365,1.00000000000065);
#4103=VECTOR('',#13366,1.);
#4104=VECTOR('',#13367,1.00000000000065);
#4105=VECTOR('',#13370,1.);
#4106=VECTOR('',#13373,1.00000000000065);
#4107=VECTOR('',#13374,1.00000000000065);
#4108=VECTOR('',#13375,1.);
#4109=VECTOR('',#13378,1.);
#4110=VECTOR('',#13381,1.);
#4111=VECTOR('',#13384,1.00000000000065);
#4112=VECTOR('',#13385,1.);
#4113=VECTOR('',#13386,1.00000000000065);
#4114=VECTOR('',#13389,1.);
#4115=VECTOR('',#13392,1.00000000000065);
#4116=VECTOR('',#13393,1.00000000000065);
#4117=VECTOR('',#13394,1.);
#4118=VECTOR('',#13397,1.);
#4119=VECTOR('',#13400,1.);
#4120=VECTOR('',#13403,1.00000000000065);
#4121=VECTOR('',#13404,1.);
#4122=VECTOR('',#13405,1.00000000000065);
#4123=VECTOR('',#13408,1.);
#4124=VECTOR('',#13411,1.00000000000065);
#4125=VECTOR('',#13412,1.00000000000065);
#4126=VECTOR('',#13413,1.);
#4127=VECTOR('',#13416,1.);
#4128=VECTOR('',#13419,1.);
#4129=VECTOR('',#13422,1.00000000000065);
#4130=VECTOR('',#13423,1.);
#4131=VECTOR('',#13424,1.00000000000065);
#4132=VECTOR('',#13427,1.);
#4133=VECTOR('',#13430,1.00000000000065);
#4134=VECTOR('',#13431,1.00000000000065);
#4135=VECTOR('',#13432,1.);
#4136=VECTOR('',#13435,1.);
#4137=VECTOR('',#13438,1.);
#4138=VECTOR('',#13443,1.);
#4139=VECTOR('',#13446,1.);
#4140=VECTOR('',#13451,1.);
#4141=VECTOR('',#13454,1.);
#4142=VECTOR('',#13459,1.);
#4143=VECTOR('',#13462,1.);
#4144=VECTOR('',#13467,1.);
#4145=VECTOR('',#13470,1.);
#4146=VECTOR('',#13475,1.);
#4147=VECTOR('',#13478,1.);
#4148=VECTOR('',#13483,1.);
#4149=VECTOR('',#13486,1.);
#4150=VECTOR('',#13491,1.);
#4151=VECTOR('',#13494,1.);
#4152=VECTOR('',#13499,1.);
#4153=VECTOR('',#13502,1.);
#4154=VECTOR('',#13507,1.);
#4155=VECTOR('',#13510,1.);
#4156=VECTOR('',#13515,1.);
#4157=VECTOR('',#13518,1.);
#4158=VECTOR('',#13523,1.);
#4159=VECTOR('',#13526,1.);
#4160=VECTOR('',#13531,1.);
#4161=VECTOR('',#13534,1.);
#4162=VECTOR('',#13539,1.);
#4163=VECTOR('',#13542,1.);
#4164=VECTOR('',#13547,10.);
#4165=VECTOR('',#13548,10.);
#4166=VECTOR('',#13549,10.);
#4167=VECTOR('',#13550,10.);
#4168=VECTOR('',#13553,1.);
#4169=VECTOR('',#13554,1.);
#4170=VECTOR('',#13555,1.);
#4171=VECTOR('',#13558,1.);
#4172=VECTOR('',#13559,1.);
#4173=VECTOR('',#13562,1.);
#4174=VECTOR('',#13563,1.);
#4175=VECTOR('',#13566,1.);
#4176=VECTOR('',#13569,1.00000000000065);
#4177=VECTOR('',#13570,1.00000000000065);
#4178=VECTOR('',#13571,1.);
#4179=VECTOR('',#13574,1.);
#4180=VECTOR('',#13575,1.00000000000065);
#4181=VECTOR('',#13578,1.);
#4182=VECTOR('',#13579,1.00000000000065);
#4183=VECTOR('',#13582,1.);
#4184=VECTOR('',#13587,1.);
#4185=VECTOR('',#13588,1.);
#4186=VECTOR('',#13589,1.);
#4187=VECTOR('',#13590,1.);
#4188=VECTOR('',#13593,1.00000000000065);
#4189=VECTOR('',#13594,1.00000000000065);
#4190=VECTOR('',#13595,1.);
#4191=VECTOR('',#13598,1.);
#4192=VECTOR('',#13599,1.00000000000065);
#4193=VECTOR('',#13602,1.);
#4194=VECTOR('',#13603,1.00000000000065);
#4195=VECTOR('',#13606,1.);
#4196=VECTOR('',#13609,10.);
#4197=VECTOR('',#13610,1.);
#4198=VECTOR('',#13611,1.);
#4199=VECTOR('',#13614,10.);
#4200=VECTOR('',#13615,1.);
#4201=VECTOR('',#13618,10.);
#4202=VECTOR('',#13619,1.);
#4203=VECTOR('',#13622,10.);
#4204=VECTOR('',#13627,10.);
#4205=VECTOR('',#13628,10.);
#4206=VECTOR('',#13629,10.);
#4207=VECTOR('',#13630,10.);
#4208=VECTOR('',#13633,1.);
#4209=VECTOR('',#13634,1.);
#4210=VECTOR('',#13635,1.);
#4211=VECTOR('',#13638,1.);
#4212=VECTOR('',#13639,1.);
#4213=VECTOR('',#13642,1.);
#4214=VECTOR('',#13643,1.);
#4215=VECTOR('',#13646,1.);
#4216=VECTOR('',#13649,1.00000000000065);
#4217=VECTOR('',#13650,1.);
#4218=VECTOR('',#13651,1.00000000000065);
#4219=VECTOR('',#13654,1.00000000000065);
#4220=VECTOR('',#13655,1.);
#4221=VECTOR('',#13658,1.00000000000065);
#4222=VECTOR('',#13659,1.);
#4223=VECTOR('',#13662,1.);
#4224=VECTOR('',#13667,1.);
#4225=VECTOR('',#13668,1.);
#4226=VECTOR('',#13669,1.);
#4227=VECTOR('',#13670,1.);
#4228=VECTOR('',#13673,1.00000000000065);
#4229=VECTOR('',#13674,1.);
#4230=VECTOR('',#13675,1.00000000000065);
#4231=VECTOR('',#13678,1.);
#4232=VECTOR('',#13679,1.00000000000065);
#4233=VECTOR('',#13682,1.00000000000065);
#4234=VECTOR('',#13683,1.);
#4235=VECTOR('',#13686,1.);
#4236=VECTOR('',#13689,10.);
#4237=VECTOR('',#13690,1.);
#4238=VECTOR('',#13691,1.);
#4239=VECTOR('',#13694,10.);
#4240=VECTOR('',#13695,1.);
#4241=VECTOR('',#13698,10.);
#4242=VECTOR('',#13699,1.);
#4243=VECTOR('',#13702,10.);
#4244=VECTOR('',#13707,10.);
#4245=VECTOR('',#13708,10.);
#4246=VECTOR('',#13709,10.);
#4247=VECTOR('',#13710,10.);
#4248=VECTOR('',#13713,1.);
#4249=VECTOR('',#13714,1.);
#4250=VECTOR('',#13715,1.);
#4251=VECTOR('',#13718,1.);
#4252=VECTOR('',#13719,1.);
#4253=VECTOR('',#13722,1.);
#4254=VECTOR('',#13723,1.);
#4255=VECTOR('',#13726,1.);
#4256=VECTOR('',#13729,1.00000000000065);
#4257=VECTOR('',#13730,1.);
#4258=VECTOR('',#13731,1.00000000000065);
#4259=VECTOR('',#13734,1.00000000000065);
#4260=VECTOR('',#13735,1.);
#4261=VECTOR('',#13738,1.00000000000065);
#4262=VECTOR('',#13739,1.);
#4263=VECTOR('',#13742,1.);
#4264=VECTOR('',#13747,1.);
#4265=VECTOR('',#13748,1.);
#4266=VECTOR('',#13749,1.);
#4267=VECTOR('',#13750,1.);
#4268=VECTOR('',#13753,1.00000000000065);
#4269=VECTOR('',#13754,1.);
#4270=VECTOR('',#13755,1.00000000000065);
#4271=VECTOR('',#13758,1.00000000000065);
#4272=VECTOR('',#13759,1.);
#4273=VECTOR('',#13762,1.00000000000065);
#4274=VECTOR('',#13763,1.);
#4275=VECTOR('',#13766,1.);
#4276=VECTOR('',#13769,10.);
#4277=VECTOR('',#13770,1.);
#4278=VECTOR('',#13771,1.);
#4279=VECTOR('',#13774,10.);
#4280=VECTOR('',#13775,1.);
#4281=VECTOR('',#13778,10.);
#4282=VECTOR('',#13779,1.);
#4283=VECTOR('',#13782,10.);
#4284=VECTOR('',#13787,10.);
#4285=VECTOR('',#13788,10.);
#4286=VECTOR('',#13789,10.);
#4287=VECTOR('',#13790,10.);
#4288=VECTOR('',#13793,1.);
#4289=VECTOR('',#13794,1.);
#4290=VECTOR('',#13795,1.);
#4291=VECTOR('',#13798,1.);
#4292=VECTOR('',#13799,1.);
#4293=VECTOR('',#13802,1.);
#4294=VECTOR('',#13803,1.);
#4295=VECTOR('',#13806,1.);
#4296=VECTOR('',#13809,1.00000000000065);
#4297=VECTOR('',#13810,1.00000000000065);
#4298=VECTOR('',#13811,1.);
#4299=VECTOR('',#13814,1.);
#4300=VECTOR('',#13815,1.00000000000065);
#4301=VECTOR('',#13818,1.);
#4302=VECTOR('',#13819,1.00000000000065);
#4303=VECTOR('',#13822,1.);
#4304=VECTOR('',#13827,1.);
#4305=VECTOR('',#13828,1.);
#4306=VECTOR('',#13829,1.);
#4307=VECTOR('',#13830,1.);
#4308=VECTOR('',#13833,1.00000000000065);
#4309=VECTOR('',#13834,1.00000000000065);
#4310=VECTOR('',#13835,1.);
#4311=VECTOR('',#13838,1.);
#4312=VECTOR('',#13839,1.00000000000065);
#4313=VECTOR('',#13842,1.);
#4314=VECTOR('',#13843,1.00000000000065);
#4315=VECTOR('',#13846,1.);
#4316=VECTOR('',#13849,10.);
#4317=VECTOR('',#13850,1.);
#4318=VECTOR('',#13851,1.);
#4319=VECTOR('',#13854,10.);
#4320=VECTOR('',#13855,1.);
#4321=VECTOR('',#13858,10.);
#4322=VECTOR('',#13859,1.);
#4323=VECTOR('',#13862,10.);
#4324=VECTOR('',#13867,10.);
#4325=VECTOR('',#13868,10.);
#4326=VECTOR('',#13869,10.);
#4327=VECTOR('',#13870,10.);
#4328=VECTOR('',#13873,1.);
#4329=VECTOR('',#13874,1.);
#4330=VECTOR('',#13875,1.);
#4331=VECTOR('',#13878,1.);
#4332=VECTOR('',#13879,1.);
#4333=VECTOR('',#13882,1.);
#4334=VECTOR('',#13883,1.);
#4335=VECTOR('',#13886,1.);
#4336=VECTOR('',#13889,1.00000000000065);
#4337=VECTOR('',#13890,1.);
#4338=VECTOR('',#13891,1.00000000000065);
#4339=VECTOR('',#13894,1.00000000000065);
#4340=VECTOR('',#13895,1.);
#4341=VECTOR('',#13898,1.00000000000065);
#4342=VECTOR('',#13899,1.);
#4343=VECTOR('',#13902,1.);
#4344=VECTOR('',#13907,1.);
#4345=VECTOR('',#13908,1.);
#4346=VECTOR('',#13909,1.);
#4347=VECTOR('',#13910,1.);
#4348=VECTOR('',#13913,1.00000000000065);
#4349=VECTOR('',#13914,1.);
#4350=VECTOR('',#13915,1.00000000000065);
#4351=VECTOR('',#13918,1.00000000000065);
#4352=VECTOR('',#13919,1.);
#4353=VECTOR('',#13922,1.00000000000065);
#4354=VECTOR('',#13923,1.);
#4355=VECTOR('',#13926,1.);
#4356=VECTOR('',#13929,10.);
#4357=VECTOR('',#13930,1.);
#4358=VECTOR('',#13931,1.);
#4359=VECTOR('',#13934,10.);
#4360=VECTOR('',#13935,1.);
#4361=VECTOR('',#13938,10.);
#4362=VECTOR('',#13939,1.);
#4363=VECTOR('',#13942,10.);
#4364=VECTOR('',#13947,10.);
#4365=VECTOR('',#13948,10.);
#4366=VECTOR('',#13949,10.);
#4367=VECTOR('',#13950,10.);
#4368=VECTOR('',#13953,1.);
#4369=VECTOR('',#13954,1.);
#4370=VECTOR('',#13955,1.);
#4371=VECTOR('',#13958,1.);
#4372=VECTOR('',#13959,1.);
#4373=VECTOR('',#13962,1.);
#4374=VECTOR('',#13963,1.);
#4375=VECTOR('',#13966,1.);
#4376=VECTOR('',#13969,1.00000000000065);
#4377=VECTOR('',#13970,1.);
#4378=VECTOR('',#13971,1.00000000000065);
#4379=VECTOR('',#13974,1.);
#4380=VECTOR('',#13975,1.00000000000065);
#4381=VECTOR('',#13978,1.00000000000065);
#4382=VECTOR('',#13979,1.);
#4383=VECTOR('',#13982,1.);
#4384=VECTOR('',#13987,1.);
#4385=VECTOR('',#13988,1.);
#4386=VECTOR('',#13989,1.);
#4387=VECTOR('',#13990,1.);
#4388=VECTOR('',#13993,1.00000000000065);
#4389=VECTOR('',#13994,1.);
#4390=VECTOR('',#13995,1.00000000000065);
#4391=VECTOR('',#13998,1.00000000000065);
#4392=VECTOR('',#13999,1.);
#4393=VECTOR('',#14002,1.00000000000065);
#4394=VECTOR('',#14003,1.);
#4395=VECTOR('',#14006,1.);
#4396=VECTOR('',#14009,10.);
#4397=VECTOR('',#14010,1.);
#4398=VECTOR('',#14011,1.);
#4399=VECTOR('',#14014,10.);
#4400=VECTOR('',#14015,1.);
#4401=VECTOR('',#14018,10.);
#4402=VECTOR('',#14019,1.);
#4403=VECTOR('',#14022,10.);
#4404=VECTOR('',#14027,10.);
#4405=VECTOR('',#14028,10.);
#4406=VECTOR('',#14029,10.);
#4407=VECTOR('',#14030,10.);
#4408=VECTOR('',#14033,1.);
#4409=VECTOR('',#14034,1.);
#4410=VECTOR('',#14035,1.);
#4411=VECTOR('',#14038,1.);
#4412=VECTOR('',#14039,1.);
#4413=VECTOR('',#14042,1.);
#4414=VECTOR('',#14043,1.);
#4415=VECTOR('',#14046,1.);
#4416=VECTOR('',#14049,1.00000000000065);
#4417=VECTOR('',#14050,1.);
#4418=VECTOR('',#14051,1.00000000000065);
#4419=VECTOR('',#14054,1.);
#4420=VECTOR('',#14055,1.00000000000065);
#4421=VECTOR('',#14058,1.00000000000065);
#4422=VECTOR('',#14059,1.);
#4423=VECTOR('',#14062,1.);
#4424=VECTOR('',#14067,1.);
#4425=VECTOR('',#14068,1.);
#4426=VECTOR('',#14069,1.);
#4427=VECTOR('',#14070,1.);
#4428=VECTOR('',#14073,1.00000000000065);
#4429=VECTOR('',#14074,1.);
#4430=VECTOR('',#14075,1.00000000000065);
#4431=VECTOR('',#14078,1.);
#4432=VECTOR('',#14079,1.00000000000065);
#4433=VECTOR('',#14082,1.00000000000065);
#4434=VECTOR('',#14083,1.);
#4435=VECTOR('',#14086,1.);
#4436=VECTOR('',#14089,10.);
#4437=VECTOR('',#14090,1.);
#4438=VECTOR('',#14091,1.);
#4439=VECTOR('',#14094,10.);
#4440=VECTOR('',#14095,1.);
#4441=VECTOR('',#14098,10.);
#4442=VECTOR('',#14099,1.);
#4443=VECTOR('',#14102,10.);
#4444=VECTOR('',#14109,1.);
#4445=VECTOR('',#14112,1.);
#4446=VECTOR('',#14117,1.);
#4447=VECTOR('',#14118,1.);
#4448=VECTOR('',#14119,1.);
#4449=VECTOR('',#14122,1.);
#4450=VECTOR('',#14123,1.);
#4451=VECTOR('',#14124,1.);
#4452=VECTOR('',#14129,1.);
#4453=VECTOR('',#14132,1.);
#4454=VECTOR('',#14203,1.);
#4455=VECTOR('',#14206,1.);
#4456=VECTOR('',#14275,1.);
#4457=VECTOR('',#14278,1.);
#4458=VECTOR('',#14281,1.);
#4459=VECTOR('',#14284,1.);
#4460=VECTOR('',#14289,1.1);
#4461=VECTOR('',#14292,0.55);
#4462=VECTOR('',#14295,0.55);
#4463=VECTOR('',#14298,0.55);
#4464=VECTOR('',#14301,0.55);
#4465=VECTOR('',#14304,0.55);
#4466=VECTOR('',#14307,0.55);
#4467=VECTOR('',#14310,0.55);
#4468=VECTOR('',#14313,0.55);
#4469=VECTOR('',#14316,0.55);
#4470=VECTOR('',#14319,0.55);
#4471=VECTOR('',#14322,0.55);
#4472=VECTOR('',#14325,0.5);
#4473=VECTOR('',#14328,0.5);
#4474=VECTOR('',#14331,0.55);
#4475=VECTOR('',#14334,0.5);
#4476=VECTOR('',#14337,0.5);
#4477=VECTOR('',#14340,0.5);
#4478=VECTOR('',#14343,0.5);
#4479=VECTOR('',#14346,0.5);
#4480=VECTOR('',#14349,0.5);
#4481=VECTOR('',#14352,0.55);
#4482=VECTOR('',#14355,0.55);
#4483=VECTOR('',#14358,0.55);
#4484=VECTOR('',#14361,1.1);
#4485=VECTOR('',#14364,0.55);
#4486=VECTOR('',#14367,0.5);
#4487=VECTOR('',#14370,0.5);
#4488=VECTOR('',#14373,0.5);
#4489=VECTOR('',#14376,0.5);
#4490=VECTOR('',#14379,0.5);
#4491=VECTOR('',#14382,0.5);
#4492=VECTOR('',#14389,10.);
#4493=VECTOR('',#14392,10.);
#4494=VECTOR('',#14395,10.);
#4495=VECTOR('',#14396,10.);
#4496=VECTOR('',#14397,10.);
#4497=VECTOR('',#14398,10.);
#4498=VECTOR('',#14399,10.);
#4499=VECTOR('',#14402,10.);
#4500=VECTOR('',#14405,10.);
#4501=VECTOR('',#14408,10.);
#4502=VECTOR('',#14411,10.);
#4503=VECTOR('',#14414,10.);
#4504=VECTOR('',#14417,10.);
#4505=VECTOR('',#14420,10.);
#4506=VECTOR('',#14423,10.);
#4507=VECTOR('',#14426,10.);
#4508=VECTOR('',#14429,10.);
#4509=VECTOR('',#14432,10.);
#4510=VECTOR('',#14435,10.);
#4511=VECTOR('',#14438,10.);
#4512=VECTOR('',#14441,10.);
#4513=VECTOR('',#14444,10.);
#4514=VECTOR('',#14447,10.);
#4515=VECTOR('',#14450,10.);
#4516=VECTOR('',#14453,10.);
#4517=VECTOR('',#14456,10.);
#4518=VECTOR('',#14459,10.);
#4519=VECTOR('',#14462,10.);
#4520=VECTOR('',#14465,10.);
#4521=VECTOR('',#14468,10.);
#4522=VECTOR('',#14473,10.);
#4523=VECTOR('',#14476,10.);
#4524=VECTOR('',#14479,10.);
#4525=VECTOR('',#14480,10.);
#4526=VECTOR('',#14481,10.);
#4527=VECTOR('',#14482,10.);
#4528=VECTOR('',#14487,10.);
#4529=VECTOR('',#14490,10.);
#4530=VECTOR('',#14491,10.);
#4531=VECTOR('',#14494,10.);
#4532=VECTOR('',#14495,10.);
#4533=VECTOR('',#14496,10.);
#4534=VECTOR('',#14497,10.);
#4535=VECTOR('',#14498,10.);
#4536=VECTOR('',#14505,10.);
#4537=VECTOR('',#14506,10.);
#4538=VECTOR('',#14507,10.);
#4539=VECTOR('',#14508,10.);
#4540=VECTOR('',#14511,10.);
#4541=VECTOR('',#14512,10.);
#4542=VECTOR('',#14513,10.);
#4543=VECTOR('',#14516,10.);
#4544=VECTOR('',#14517,10.);
#4545=VECTOR('',#14518,10.);
#4546=VECTOR('',#14521,10.);
#4547=VECTOR('',#14522,10.);
#4548=VECTOR('',#14523,10.);
#4549=VECTOR('',#14524,10.);
#4550=VECTOR('',#14525,10.);
#4551=VECTOR('',#14528,10.);
#4552=VECTOR('',#14529,10.);
#4553=VECTOR('',#14530,10.);
#4554=VECTOR('',#14533,10.);
#4555=VECTOR('',#14536,10.);
#4556=VECTOR('',#14539,10.);
#4557=VECTOR('',#14540,10.);
#4558=VECTOR('',#14543,10.);
#4559=VECTOR('',#14548,10.);
#4560=VECTOR('',#14549,10.);
#4561=VECTOR('',#14552,10.);
#4562=VECTOR('',#14557,10.);
#4563=VECTOR('',#14558,10.);
#4564=VECTOR('',#14561,10.);
#4565=VECTOR('',#14566,10.);
#4566=VECTOR('',#14567,10.);
#4567=VECTOR('',#14570,10.);
#4568=VECTOR('',#14575,10.);
#4569=VECTOR('',#14578,10.);
#4570=VECTOR('',#14581,10.);
#4571=VECTOR('',#14584,10.);
#4572=VECTOR('',#14585,10.);
#4573=VECTOR('',#14588,10.);
#4574=VECTOR('',#14593,10.);
#4575=VECTOR('',#14594,10.);
#4576=VECTOR('',#14597,10.);
#4577=VECTOR('',#14602,10.);
#4578=VECTOR('',#14603,10.);
#4579=VECTOR('',#14606,10.);
#4580=VECTOR('',#14611,10.);
#4581=VECTOR('',#14612,10.);
#4582=VECTOR('',#14615,10.);
#4583=VECTOR('',#14620,10.);
#4584=VECTOR('',#14623,10.);
#4585=VECTOR('',#14626,10.);
#4586=VECTOR('',#14629,10.);
#4587=VECTOR('',#14630,10.);
#4588=VECTOR('',#14637,10.);
#4589=VECTOR('',#14640,10.);
#4590=VECTOR('',#14643,10.);
#4591=VECTOR('',#14646,10.);
#4592=VECTOR('',#14649,10.);
#4593=VECTOR('',#14654,10.);
#4594=VECTOR('',#14655,10.);
#4595=VECTOR('',#14658,10.);
#4596=VECTOR('',#14663,10.);
#4597=VECTOR('',#14664,10.);
#4598=VECTOR('',#14667,10.);
#4599=VECTOR('',#14672,10.);
#4600=VECTOR('',#14675,10.);
#4601=VECTOR('',#14678,10.);
#4602=VECTOR('',#14681,10.);
#4603=VECTOR('',#14682,10.);
#4604=VECTOR('',#14685,10.);
#4605=VECTOR('',#14690,10.);
#4606=VECTOR('',#14691,10.);
#4607=VECTOR('',#14694,10.);
#4608=VECTOR('',#14699,10.);
#4609=VECTOR('',#14700,10.);
#4610=VECTOR('',#14703,10.);
#4611=VECTOR('',#14708,10.);
#4612=VECTOR('',#14709,10.);
#4613=VECTOR('',#14712,10.);
#4614=VECTOR('',#14717,10.);
#4615=VECTOR('',#14720,10.);
#4616=VECTOR('',#14723,10.);
#4617=VECTOR('',#14724,10.);
#4618=VECTOR('',#14727,10.);
#4619=VECTOR('',#14728,10.);
#4620=VECTOR('',#14731,10.);
#4621=VECTOR('',#14732,10.);
#4622=VECTOR('',#14735,10.);
#4623=VECTOR('',#14736,10.);
#4624=VECTOR('',#14737,10.);
#4625=VECTOR('',#14742,10.);
#4626=VECTOR('',#14749,1.);
#4627=VECTOR('',#14750,1.);
#4628=VECTOR('',#14751,1.);
#4629=VECTOR('',#14752,1.);
#4630=VECTOR('',#14755,1.);
#4631=VECTOR('',#14758,1.);
#4632=VECTOR('',#14759,1.);
#4633=VECTOR('',#14760,1.);
#4634=VECTOR('',#14763,1.);
#4635=VECTOR('',#14772,1.);
#4636=VECTOR('',#14775,1.);
#4637=VECTOR('',#14780,1.);
#4638=VECTOR('',#14781,1.);
#4639=VECTOR('',#14784,1.);
#4640=VECTOR('',#14785,1.);
#4641=VECTOR('',#14786,1.);
#4642=VECTOR('',#14791,1.);
#4643=VECTOR('',#14794,1.);
#4644=VECTOR('',#14797,1.);
#4645=VECTOR('',#14798,1.);
#4646=VECTOR('',#14799,1.);
#4647=VECTOR('',#14800,1.);
#4648=VECTOR('',#14801,1.);
#4649=VECTOR('',#14804,1.);
#4650=VECTOR('',#14807,1.);
#4651=VECTOR('',#14810,1.);
#4652=VECTOR('',#14811,1.);
#4653=VECTOR('',#14812,1.);
#4654=VECTOR('',#14813,1.);
#4655=VECTOR('',#14814,1.);
#4656=VECTOR('',#14817,1.);
#4657=VECTOR('',#14820,1.);
#4658=VECTOR('',#14823,1.);
#4659=VECTOR('',#14826,1.);
#4660=VECTOR('',#14833,1.);
#4661=VECTOR('',#14834,1.);
#4662=VECTOR('',#14835,1.);
#4663=VECTOR('',#14838,1.);
#4664=VECTOR('',#14839,1.);
#4665=VECTOR('',#14842,1.);
#4666=VECTOR('',#14847,1.);
#4667=VECTOR('',#14850,1.);
#4668=VECTOR('',#14855,1.);
#4669=VECTOR('',#14856,1.);
#4670=VECTOR('',#14859,1.);
#4671=VECTOR('',#14862,1.);
#4672=VECTOR('',#14865,1.);
#4673=VECTOR('',#14868,1.);
#4674=VECTOR('',#14871,1.);
#4675=VECTOR('',#14874,1.);
#4676=VECTOR('',#14877,1.);
#4677=VECTOR('',#14880,1.);
#4678=VECTOR('',#14893,0.5);
#4679=VECTOR('',#14896,1.);
#4680=VECTOR('',#14899,1.);
#4681=VECTOR('',#14902,1.);
#4682=VECTOR('',#14905,1.);
#4683=VECTOR('',#14918,1.);
#4684=VECTOR('',#14919,1.);
#4685=VECTOR('',#14920,1.);
#4686=VECTOR('',#14923,1.);
#4687=VECTOR('',#14930,1.);
#4688=VECTOR('',#14933,1.);
#4689=VECTOR('',#14934,1.);
#4690=VECTOR('',#14937,1.);
#4691=VECTOR('',#14938,1.);
#4692=VECTOR('',#14943,1.);
#4693=VECTOR('',#14948,1.);
#4694=VECTOR('',#14951,1.);
#4695=VECTOR('',#14954,0.5);
#4696=VECTOR('',#14959,1.75);
#4697=VECTOR('',#14964,0.5);
#4698=VECTOR('',#14969,0.5);
#4699=VECTOR('',#14974,1.);
#4700=VECTOR('',#14975,1.);
#4701=VECTOR('',#14976,1.);
#4702=VECTOR('',#14979,1.);
#4703=VECTOR('',#14986,1.);
#4704=VECTOR('',#14989,1.);
#4705=VECTOR('',#14990,1.);
#4706=VECTOR('',#14991,1.);
#4707=VECTOR('',#14992,1.);
#4708=VECTOR('',#14993,1.);
#4709=VECTOR('',#14994,1.);
#4710=VECTOR('',#14995,1.);
#4711=VECTOR('',#14996,1.);
#4712=VECTOR('',#14997,1.);
#4713=VECTOR('',#14998,1.);
#4714=VECTOR('',#15001,1.);
#4715=VECTOR('',#15002,1.);
#4716=VECTOR('',#15003,1.);
#4717=VECTOR('',#15004,1.);
#4718=VECTOR('',#15005,1.);
#4719=VECTOR('',#15006,1.);
#4720=VECTOR('',#15007,1.);
#4721=VECTOR('',#15008,1.);
#4722=VECTOR('',#15009,1.);
#4723=VECTOR('',#15010,1.);
#4724=VECTOR('',#15015,1.);
#4725=VECTOR('',#15020,1.);
#4726=VECTOR('',#15023,1.);
#4727=VECTOR('',#15038,1.);
#4728=VECTOR('',#15039,1.);
#4729=VECTOR('',#15040,1.);
#4730=VECTOR('',#15041,1.);
#4731=VECTOR('',#15044,0.999999999999756);
#4732=VECTOR('',#15047,1.);
#4733=VECTOR('',#15050,1.);
#4734=VECTOR('',#15051,1.);
#4735=VECTOR('',#15054,0.999999999999756);
#4736=VECTOR('',#15057,0.999999999999756);
#4737=VECTOR('',#15060,1.);
#4738=VECTOR('',#15061,1.);
#4739=VECTOR('',#15062,1.);
#4740=VECTOR('',#15065,0.999999999999756);
#4741=VECTOR('',#15070,1.);
#4742=VECTOR('',#15071,1.);
#4743=VECTOR('',#15074,0.999999999999756);
#4744=VECTOR('',#15077,0.999999999999756);
#4745=VECTOR('',#15080,1.);
#4746=VECTOR('',#15081,1.);
#4747=VECTOR('',#15082,1.);
#4748=VECTOR('',#15085,0.999999999999756);
#4749=VECTOR('',#15088,0.999999999999756);
#4750=VECTOR('',#15091,1.);
#4751=VECTOR('',#15094,1.);
#4752=VECTOR('',#15099,0.999999999999756);
#4753=VECTOR('',#15102,0.999999999999756);
#4754=VECTOR('',#15105,1.);
#4755=VECTOR('',#15106,1.);
#4756=VECTOR('',#15107,1.);
#4757=VECTOR('',#15110,0.999999999999756);
#4758=VECTOR('',#15113,0.999999999999756);
#4759=VECTOR('',#15116,1.);
#4760=VECTOR('',#15117,1.);
#4761=VECTOR('',#15120,1.);
#4762=VECTOR('',#15125,0.999999999999756);
#4763=VECTOR('',#15128,1.);
#4764=VECTOR('',#15131,1.);
#4765=VECTOR('',#15132,1.);
#4766=VECTOR('',#15135,0.999999999999756);
#4767=VECTOR('',#15138,0.999999999999756);
#4768=VECTOR('',#15141,1.);
#4769=VECTOR('',#15142,1.);
#4770=VECTOR('',#15143,1.);
#4771=VECTOR('',#15146,0.999999999999756);
#4772=VECTOR('',#15151,1.);
#4773=VECTOR('',#15154,0.999999999999756);
#4774=VECTOR('',#15157,1.);
#4775=VECTOR('',#15160,1.);
#4776=VECTOR('',#15161,1.);
#4777=VECTOR('',#15164,0.999999999999756);
#4778=VECTOR('',#15167,0.999999999999756);
#4779=VECTOR('',#15170,1.);
#4780=VECTOR('',#15171,1.);
#4781=VECTOR('',#15172,1.);
#4782=VECTOR('',#15175,0.999999999999756);
#4783=VECTOR('',#15180,1.);
#4784=VECTOR('',#15181,1.);
#4785=VECTOR('',#15184,0.999999999999756);
#4786=VECTOR('',#15187,0.999999999999756);
#4787=VECTOR('',#15190,1.);
#4788=VECTOR('',#15191,1.);
#4789=VECTOR('',#15192,1.);
#4790=VECTOR('',#15195,0.999999999999756);
#4791=VECTOR('',#15198,0.999999999999756);
#4792=VECTOR('',#15201,1.);
#4793=VECTOR('',#15204,1.);
#4794=VECTOR('',#15209,0.999999999999756);
#4795=VECTOR('',#15212,0.999999999999756);
#4796=VECTOR('',#15215,1.);
#4797=VECTOR('',#15216,1.);
#4798=VECTOR('',#15217,1.);
#4799=VECTOR('',#15220,0.999999999999756);
#4800=VECTOR('',#15223,0.999999999999756);
#4801=VECTOR('',#15226,1.);
#4802=VECTOR('',#15227,1.);
#4803=VECTOR('',#15230,1.);
#4804=VECTOR('',#15235,0.999999999999756);
#4805=VECTOR('',#15238,1.);
#4806=VECTOR('',#15241,1.);
#4807=VECTOR('',#15242,1.);
#4808=VECTOR('',#15245,0.999999999999756);
#4809=VECTOR('',#15248,0.999999999999756);
#4810=VECTOR('',#15251,1.);
#4811=VECTOR('',#15252,1.);
#4812=VECTOR('',#15253,1.);
#4813=VECTOR('',#15256,0.999999999999756);
#4814=VECTOR('',#15261,1.);
#4815=VECTOR('',#15266,1.);
#4816=VECTOR('',#15269,1.);
#4817=VECTOR('',#15272,1.);
#4818=VECTOR('',#15275,1.);
#4819=VECTOR('',#15278,1.);
#4820=VECTOR('',#15279,1.);
#4821=VECTOR('',#15282,1.);
#4822=VECTOR('',#15285,1.);
#4823=VECTOR('',#15288,1.);
#4824=VECTOR('',#15291,1.);
#4825=VECTOR('',#15296,1.);
#4826=VECTOR('',#15299,1.);
#4827=VECTOR('',#15302,1.);
#4828=VECTOR('',#15305,1.);
#4829=VECTOR('',#15308,1.);
#4830=VECTOR('',#15311,1.);
#4831=VECTOR('',#15314,1.);
#4832=VECTOR('',#15317,1.);
#4833=VECTOR('',#15322,1.);
#4834=VECTOR('',#15323,1.);
#4835=VECTOR('',#15326,1.);
#4836=VECTOR('',#15329,1.);
#4837=VECTOR('',#15332,1.);
#4838=VECTOR('',#15335,1.);
#4839=VECTOR('',#15340,1.);
#4840=VECTOR('',#15343,1.);
#4841=VECTOR('',#15346,1.);
#4842=VECTOR('',#15349,1.);
#4843=VECTOR('',#15352,1.);
#4844=VECTOR('',#15355,1.);
#4845=VECTOR('',#15358,1.);
#4846=VECTOR('',#15361,1.);
#4847=VECTOR('',#15366,1.);
#4848=VECTOR('',#15367,1.);
#4849=VECTOR('',#15370,1.);
#4850=VECTOR('',#15373,1.);
#4851=VECTOR('',#15376,1.);
#4852=VECTOR('',#15379,1.);
#4853=VECTOR('',#15384,1.);
#4854=VECTOR('',#15387,1.);
#4855=VECTOR('',#15390,1.);
#4856=VECTOR('',#15393,1.);
#4857=VECTOR('',#15396,1.);
#4858=VECTOR('',#15399,1.);
#4859=VECTOR('',#15402,1.);
#4860=VECTOR('',#15405,1.);
#4861=VECTOR('',#15410,1.);
#4862=VECTOR('',#15411,1.);
#4863=VECTOR('',#15414,1.);
#4864=VECTOR('',#15417,1.);
#4865=VECTOR('',#15420,1.);
#4866=VECTOR('',#15423,1.);
#4867=VECTOR('',#15428,1.);
#4868=VECTOR('',#15431,1.);
#4869=VECTOR('',#15434,1.);
#4870=VECTOR('',#15437,1.);
#4871=VECTOR('',#15440,1.);
#4872=VECTOR('',#15443,1.);
#4873=VECTOR('',#15446,1.);
#4874=VECTOR('',#15449,1.);
#4875=VECTOR('',#15456,10.);
#4876=VECTOR('',#15457,10.);
#4877=VECTOR('',#15458,10.);
#4878=VECTOR('',#15459,10.);
#4879=VECTOR('',#15464,10.);
#4880=VECTOR('',#15469,10.);
#4881=VECTOR('',#15470,10.);
#4882=VECTOR('',#15471,10.);
#4883=VECTOR('',#15476,10.);
#4884=VECTOR('',#15481,10.);
#4885=VECTOR('',#15482,10.);
#4886=VECTOR('',#15483,10.);
#4887=VECTOR('',#15488,10.);
#4888=VECTOR('',#15493,10.);
#4889=VECTOR('',#15494,10.);
#4890=VECTOR('',#15495,10.);
#4891=VECTOR('',#15500,10.);
#4892=VECTOR('',#15505,10.);
#4893=VECTOR('',#15506,10.);
#4894=VECTOR('',#15507,10.);
#4895=VECTOR('',#15516,10.);
#4896=VECTOR('',#15519,10.);
#4897=VECTOR('',#15522,10.);
#4898=VECTOR('',#15525,10.);
#4899=VECTOR('',#15528,10.);
#4900=VECTOR('',#15533,10.);
#4901=VECTOR('',#15534,10.);
#4902=VECTOR('',#15535,10.);
#4903=VECTOR('',#15538,10.);
#4904=VECTOR('',#15543,10.);
#4905=VECTOR('',#15544,10.);
#4906=VECTOR('',#15547,10.);
#4907=VECTOR('',#15552,10.);
#4908=VECTOR('',#15553,10.);
#4909=VECTOR('',#15558,10.);
#4910=VECTOR('',#15563,10.);
#4911=VECTOR('',#15566,10.);
#4912=VECTOR('',#15569,10.);
#4913=VECTOR('',#15572,10.);
#4914=VECTOR('',#15575,10.);
#4915=VERTEX_POINT('',#15609);
#4916=VERTEX_POINT('',#15610);
#4917=VERTEX_POINT('',#15612);
#4918=VERTEX_POINT('',#15614);
#4919=VERTEX_POINT('',#15616);
#4920=VERTEX_POINT('',#15618);
#4921=VERTEX_POINT('',#15620);
#4922=VERTEX_POINT('',#15622);
#4923=VERTEX_POINT('',#15624);
#4924=VERTEX_POINT('',#15626);
#4925=VERTEX_POINT('',#15628);
#4926=VERTEX_POINT('',#15630);
#4927=VERTEX_POINT('',#15632);
#4928=VERTEX_POINT('',#15634);
#4929=VERTEX_POINT('',#15636);
#4930=VERTEX_POINT('',#15638);
#4931=VERTEX_POINT('',#15640);
#4932=VERTEX_POINT('',#15642);
#4933=VERTEX_POINT('',#15644);
#4934=VERTEX_POINT('',#15646);
#4935=VERTEX_POINT('',#15648);
#4936=VERTEX_POINT('',#15650);
#4937=VERTEX_POINT('',#15652);
#4938=VERTEX_POINT('',#15654);
#4939=VERTEX_POINT('',#15656);
#4940=VERTEX_POINT('',#15658);
#4941=VERTEX_POINT('',#15660);
#4942=VERTEX_POINT('',#15662);
#4943=VERTEX_POINT('',#15664);
#4944=VERTEX_POINT('',#15666);
#4945=VERTEX_POINT('',#15668);
#4946=VERTEX_POINT('',#15670);
#4947=VERTEX_POINT('',#15672);
#4948=VERTEX_POINT('',#15674);
#4949=VERTEX_POINT('',#15676);
#4950=VERTEX_POINT('',#15678);
#4951=VERTEX_POINT('',#15680);
#4952=VERTEX_POINT('',#15682);
#4953=VERTEX_POINT('',#15684);
#4954=VERTEX_POINT('',#15686);
#4955=VERTEX_POINT('',#15688);
#4956=VERTEX_POINT('',#15690);
#4957=VERTEX_POINT('',#15692);
#4958=VERTEX_POINT('',#15694);
#4959=VERTEX_POINT('',#15698);
#4960=VERTEX_POINT('',#15700);
#4961=VERTEX_POINT('',#15704);
#4962=VERTEX_POINT('',#15708);
#4963=VERTEX_POINT('',#15712);
#4964=VERTEX_POINT('',#15716);
#4965=VERTEX_POINT('',#15720);
#4966=VERTEX_POINT('',#15724);
#4967=VERTEX_POINT('',#15728);
#4968=VERTEX_POINT('',#15732);
#4969=VERTEX_POINT('',#15736);
#4970=VERTEX_POINT('',#15740);
#4971=VERTEX_POINT('',#15744);
#4972=VERTEX_POINT('',#15748);
#4973=VERTEX_POINT('',#15752);
#4974=VERTEX_POINT('',#15756);
#4975=VERTEX_POINT('',#15760);
#4976=VERTEX_POINT('',#15764);
#4977=VERTEX_POINT('',#15768);
#4978=VERTEX_POINT('',#15772);
#4979=VERTEX_POINT('',#15776);
#4980=VERTEX_POINT('',#15780);
#4981=VERTEX_POINT('',#15784);
#4982=VERTEX_POINT('',#15788);
#4983=VERTEX_POINT('',#15792);
#4984=VERTEX_POINT('',#15796);
#4985=VERTEX_POINT('',#15798);
#4986=VERTEX_POINT('',#15800);
#4987=VERTEX_POINT('',#15802);
#4988=VERTEX_POINT('',#15804);
#4989=VERTEX_POINT('',#15806);
#4990=VERTEX_POINT('',#15808);
#4991=VERTEX_POINT('',#15810);
#4992=VERTEX_POINT('',#15812);
#4993=VERTEX_POINT('',#15814);
#4994=VERTEX_POINT('',#15816);
#4995=VERTEX_POINT('',#15818);
#4996=VERTEX_POINT('',#15820);
#4997=VERTEX_POINT('',#15822);
#4998=VERTEX_POINT('',#15824);
#4999=VERTEX_POINT('',#15826);
#5000=VERTEX_POINT('',#15828);
#5001=VERTEX_POINT('',#15830);
#5002=VERTEX_POINT('',#15832);
#5003=VERTEX_POINT('',#15835);
#5004=VERTEX_POINT('',#15836);
#5005=VERTEX_POINT('',#15838);
#5006=VERTEX_POINT('',#15840);
#5007=VERTEX_POINT('',#15843);
#5008=VERTEX_POINT('',#15844);
#5009=VERTEX_POINT('',#15846);
#5010=VERTEX_POINT('',#15848);
#5011=VERTEX_POINT('',#15851);
#5012=VERTEX_POINT('',#15852);
#5013=VERTEX_POINT('',#15854);
#5014=VERTEX_POINT('',#15856);
#5015=VERTEX_POINT('',#15859);
#5016=VERTEX_POINT('',#15860);
#5017=VERTEX_POINT('',#15862);
#5018=VERTEX_POINT('',#15864);
#5019=VERTEX_POINT('',#15867);
#5020=VERTEX_POINT('',#15868);
#5021=VERTEX_POINT('',#15870);
#5022=VERTEX_POINT('',#15872);
#5023=VERTEX_POINT('',#15875);
#5024=VERTEX_POINT('',#15876);
#5025=VERTEX_POINT('',#15878);
#5026=VERTEX_POINT('',#15880);
#5027=VERTEX_POINT('',#15883);
#5028=VERTEX_POINT('',#15884);
#5029=VERTEX_POINT('',#15886);
#5030=VERTEX_POINT('',#15888);
#5031=VERTEX_POINT('',#15891);
#5032=VERTEX_POINT('',#15892);
#5033=VERTEX_POINT('',#15894);
#5034=VERTEX_POINT('',#15896);
#5035=VERTEX_POINT('',#15899);
#5036=VERTEX_POINT('',#15900);
#5037=VERTEX_POINT('',#15902);
#5038=VERTEX_POINT('',#15904);
#5039=VERTEX_POINT('',#15907);
#5040=VERTEX_POINT('',#15908);
#5041=VERTEX_POINT('',#15910);
#5042=VERTEX_POINT('',#15912);
#5043=VERTEX_POINT('',#15915);
#5044=VERTEX_POINT('',#15916);
#5045=VERTEX_POINT('',#15918);
#5046=VERTEX_POINT('',#15920);
#5047=VERTEX_POINT('',#15923);
#5048=VERTEX_POINT('',#15924);
#5049=VERTEX_POINT('',#15926);
#5050=VERTEX_POINT('',#15928);
#5051=VERTEX_POINT('',#15931);
#5052=VERTEX_POINT('',#15932);
#5053=VERTEX_POINT('',#15934);
#5054=VERTEX_POINT('',#15936);
#5055=VERTEX_POINT('',#15939);
#5056=VERTEX_POINT('',#15940);
#5057=VERTEX_POINT('',#15942);
#5058=VERTEX_POINT('',#15944);
#5059=VERTEX_POINT('',#15987);
#5060=VERTEX_POINT('',#15989);
#5061=VERTEX_POINT('',#15993);
#5062=VERTEX_POINT('',#15995);
#5063=VERTEX_POINT('',#15997);
#5064=VERTEX_POINT('',#15999);
#5065=VERTEX_POINT('',#16003);
#5066=VERTEX_POINT('',#16007);
#5067=VERTEX_POINT('',#16009);
#5068=VERTEX_POINT('',#16011);
#5069=VERTEX_POINT('',#16015);
#5070=VERTEX_POINT('',#16017);
#5071=VERTEX_POINT('',#16021);
#5072=VERTEX_POINT('',#16022);
#5073=VERTEX_POINT('',#16024);
#5074=VERTEX_POINT('',#16026);
#5075=VERTEX_POINT('',#16031);
#5076=VERTEX_POINT('',#16035);
#5077=VERTEX_POINT('',#16037);
#5078=VERTEX_POINT('',#16039);
#5079=VERTEX_POINT('',#16043);
#5080=VERTEX_POINT('',#16045);
#5081=VERTEX_POINT('',#16049);
#5082=VERTEX_POINT('',#16050);
#5083=VERTEX_POINT('',#16052);
#5084=VERTEX_POINT('',#16054);
#5085=VERTEX_POINT('',#16059);
#5086=VERTEX_POINT('',#16063);
#5087=VERTEX_POINT('',#16065);
#5088=VERTEX_POINT('',#16067);
#5089=VERTEX_POINT('',#16071);
#5090=VERTEX_POINT('',#16072);
#5091=VERTEX_POINT('',#16075);
#5092=VERTEX_POINT('',#16077);
#5093=VERTEX_POINT('',#16079);
#5094=VERTEX_POINT('',#16083);
#5095=VERTEX_POINT('',#16087);
#5096=VERTEX_POINT('',#16088);
#5097=VERTEX_POINT('',#16090);
#5098=VERTEX_POINT('',#16092);
#5099=VERTEX_POINT('',#16099);
#5100=VERTEX_POINT('',#16101);
#5101=VERTEX_POINT('',#16105);
#5102=VERTEX_POINT('',#16106);
#5103=VERTEX_POINT('',#16108);
#5104=VERTEX_POINT('',#16110);
#5105=VERTEX_POINT('',#16115);
#5106=VERTEX_POINT('',#16119);
#5107=VERTEX_POINT('',#16121);
#5108=VERTEX_POINT('',#16123);
#5109=VERTEX_POINT('',#16127);
#5110=VERTEX_POINT('',#16129);
#5111=VERTEX_POINT('',#16133);
#5112=VERTEX_POINT('',#16135);
#5113=VERTEX_POINT('',#16137);
#5114=VERTEX_POINT('',#16139);
#5115=VERTEX_POINT('',#16143);
#5116=VERTEX_POINT('',#16147);
#5117=VERTEX_POINT('',#16149);
#5118=VERTEX_POINT('',#16151);
#5119=VERTEX_POINT('',#16155);
#5120=VERTEX_POINT('',#16157);
#5121=VERTEX_POINT('',#16161);
#5122=VERTEX_POINT('',#16163);
#5123=VERTEX_POINT('',#16165);
#5124=VERTEX_POINT('',#16167);
#5125=VERTEX_POINT('',#16171);
#5126=VERTEX_POINT('',#16175);
#5127=VERTEX_POINT('',#16177);
#5128=VERTEX_POINT('',#16179);
#5129=VERTEX_POINT('',#16183);
#5130=VERTEX_POINT('',#16185);
#5131=VERTEX_POINT('',#16189);
#5132=VERTEX_POINT('',#16190);
#5133=VERTEX_POINT('',#16192);
#5134=VERTEX_POINT('',#16194);
#5135=VERTEX_POINT('',#16199);
#5136=VERTEX_POINT('',#16203);
#5137=VERTEX_POINT('',#16205);
#5138=VERTEX_POINT('',#16207);
#5139=VERTEX_POINT('',#16211);
#5140=VERTEX_POINT('',#16213);
#5141=VERTEX_POINT('',#16217);
#5142=VERTEX_POINT('',#16218);
#5143=VERTEX_POINT('',#16220);
#5144=VERTEX_POINT('',#16222);
#5145=VERTEX_POINT('',#16227);
#5146=VERTEX_POINT('',#16231);
#5147=VERTEX_POINT('',#16233);
#5148=VERTEX_POINT('',#16235);
#5149=VERTEX_POINT('',#16239);
#5150=VERTEX_POINT('',#16241);
#5151=VERTEX_POINT('',#16245);
#5152=VERTEX_POINT('',#16247);
#5153=VERTEX_POINT('',#16249);
#5154=VERTEX_POINT('',#16251);
#5155=VERTEX_POINT('',#16255);
#5156=VERTEX_POINT('',#16259);
#5157=VERTEX_POINT('',#16261);
#5158=VERTEX_POINT('',#16263);
#5159=VERTEX_POINT('',#16267);
#5160=VERTEX_POINT('',#16268);
#5161=VERTEX_POINT('',#16271);
#5162=VERTEX_POINT('',#16273);
#5163=VERTEX_POINT('',#16275);
#5164=VERTEX_POINT('',#16279);
#5165=VERTEX_POINT('',#16283);
#5166=VERTEX_POINT('',#16284);
#5167=VERTEX_POINT('',#16286);
#5168=VERTEX_POINT('',#16288);
#5169=VERTEX_POINT('',#16295);
#5170=VERTEX_POINT('',#16297);
#5171=VERTEX_POINT('',#16301);
#5172=VERTEX_POINT('',#16303);
#5173=VERTEX_POINT('',#16305);
#5174=VERTEX_POINT('',#16307);
#5175=VERTEX_POINT('',#16311);
#5176=VERTEX_POINT('',#16315);
#5177=VERTEX_POINT('',#16317);
#5178=VERTEX_POINT('',#16319);
#5179=VERTEX_POINT('',#16323);
#5180=VERTEX_POINT('',#16324);
#5181=VERTEX_POINT('',#16327);
#5182=VERTEX_POINT('',#16329);
#5183=VERTEX_POINT('',#16331);
#5184=VERTEX_POINT('',#16335);
#5185=VERTEX_POINT('',#16339);
#5186=VERTEX_POINT('',#16340);
#5187=VERTEX_POINT('',#16342);
#5188=VERTEX_POINT('',#16344);
#5189=VERTEX_POINT('',#16351);
#5190=VERTEX_POINT('',#16352);
#5191=VERTEX_POINT('',#16355);
#5192=VERTEX_POINT('',#16357);
#5193=VERTEX_POINT('',#16359);
#5194=VERTEX_POINT('',#16363);
#5195=VERTEX_POINT('',#16367);
#5196=VERTEX_POINT('',#16368);
#5197=VERTEX_POINT('',#16370);
#5198=VERTEX_POINT('',#16372);
#5199=VERTEX_POINT('',#16383);
#5200=VERTEX_POINT('',#16385);
#5201=VERTEX_POINT('',#16391);
#5202=VERTEX_POINT('',#16393);
#5203=VERTEX_POINT('',#16403);
#5204=VERTEX_POINT('',#16405);
#5205=VERTEX_POINT('',#16409);
#5206=VERTEX_POINT('',#16411);
#5207=VERTEX_POINT('',#16421);
#5208=VERTEX_POINT('',#16423);
#5209=VERTEX_POINT('',#16427);
#5210=VERTEX_POINT('',#16429);
#5211=VERTEX_POINT('',#16437);
#5212=VERTEX_POINT('',#16439);
#5213=VERTEX_POINT('',#16445);
#5214=VERTEX_POINT('',#16447);
#5215=VERTEX_POINT('',#16457);
#5216=VERTEX_POINT('',#16459);
#5217=VERTEX_POINT('',#16463);
#5218=VERTEX_POINT('',#16465);
#5219=VERTEX_POINT('',#16473);
#5220=VERTEX_POINT('',#16475);
#5221=VERTEX_POINT('',#16481);
#5222=VERTEX_POINT('',#16483);
#5223=VERTEX_POINT('',#16491);
#5224=VERTEX_POINT('',#16493);
#5225=VERTEX_POINT('',#16499);
#5226=VERTEX_POINT('',#16501);
#5227=VERTEX_POINT('',#16511);
#5228=VERTEX_POINT('',#16513);
#5229=VERTEX_POINT('',#16517);
#5230=VERTEX_POINT('',#16519);
#5231=VERTEX_POINT('',#16529);
#5232=VERTEX_POINT('',#16531);
#5233=VERTEX_POINT('',#16535);
#5234=VERTEX_POINT('',#16537);
#5235=VERTEX_POINT('',#16545);
#5236=VERTEX_POINT('',#16547);
#5237=VERTEX_POINT('',#16553);
#5238=VERTEX_POINT('',#16555);
#5239=VERTEX_POINT('',#16563);
#5240=VERTEX_POINT('',#16565);
#5241=VERTEX_POINT('',#16571);
#5242=VERTEX_POINT('',#16573);
#5243=VERTEX_POINT('',#16581);
#5244=VERTEX_POINT('',#16583);
#5245=VERTEX_POINT('',#16589);
#5246=VERTEX_POINT('',#16591);
#5247=VERTEX_POINT('',#16599);
#5248=VERTEX_POINT('',#16601);
#5249=VERTEX_POINT('',#16607);
#5250=VERTEX_POINT('',#16609);
#5251=VERTEX_POINT('',#16617);
#5252=VERTEX_POINT('',#16619);
#5253=VERTEX_POINT('',#16625);
#5254=VERTEX_POINT('',#16627);
#5255=VERTEX_POINT('',#16701);
#5256=VERTEX_POINT('',#16702);
#5257=VERTEX_POINT('',#16704);
#5258=VERTEX_POINT('',#16706);
#5259=VERTEX_POINT('',#16710);
#5260=VERTEX_POINT('',#16712);
#5261=VERTEX_POINT('',#16716);
#5262=VERTEX_POINT('',#16720);
#5263=VERTEX_POINT('',#16726);
#5264=VERTEX_POINT('',#16728);
#5265=VERTEX_POINT('',#16732);
#5266=VERTEX_POINT('',#16736);
#5267=VERTEX_POINT('',#16743);
#5268=VERTEX_POINT('',#16744);
#5269=VERTEX_POINT('',#16746);
#5270=VERTEX_POINT('',#16748);
#5271=VERTEX_POINT('',#16752);
#5272=VERTEX_POINT('',#16754);
#5273=VERTEX_POINT('',#16758);
#5274=VERTEX_POINT('',#16762);
#5275=VERTEX_POINT('',#16768);
#5276=VERTEX_POINT('',#16769);
#5277=VERTEX_POINT('',#16774);
#5278=VERTEX_POINT('',#16778);
#5279=VERTEX_POINT('',#16785);
#5280=VERTEX_POINT('',#16786);
#5281=VERTEX_POINT('',#16788);
#5282=VERTEX_POINT('',#16790);
#5283=VERTEX_POINT('',#16794);
#5284=VERTEX_POINT('',#16796);
#5285=VERTEX_POINT('',#16800);
#5286=VERTEX_POINT('',#16804);
#5287=VERTEX_POINT('',#16810);
#5288=VERTEX_POINT('',#16812);
#5289=VERTEX_POINT('',#16816);
#5290=VERTEX_POINT('',#16820);
#5291=VERTEX_POINT('',#16827);
#5292=VERTEX_POINT('',#16828);
#5293=VERTEX_POINT('',#16830);
#5294=VERTEX_POINT('',#16832);
#5295=VERTEX_POINT('',#16836);
#5296=VERTEX_POINT('',#16838);
#5297=VERTEX_POINT('',#16842);
#5298=VERTEX_POINT('',#16846);
#5299=VERTEX_POINT('',#16852);
#5300=VERTEX_POINT('',#16853);
#5301=VERTEX_POINT('',#16858);
#5302=VERTEX_POINT('',#16862);
#5303=VERTEX_POINT('',#16869);
#5304=VERTEX_POINT('',#16870);
#5305=VERTEX_POINT('',#16872);
#5306=VERTEX_POINT('',#16874);
#5307=VERTEX_POINT('',#16878);
#5308=VERTEX_POINT('',#16880);
#5309=VERTEX_POINT('',#16884);
#5310=VERTEX_POINT('',#16888);
#5311=VERTEX_POINT('',#16894);
#5312=VERTEX_POINT('',#16896);
#5313=VERTEX_POINT('',#16900);
#5314=VERTEX_POINT('',#16904);
#5315=VERTEX_POINT('',#16911);
#5316=VERTEX_POINT('',#16912);
#5317=VERTEX_POINT('',#16914);
#5318=VERTEX_POINT('',#16916);
#5319=VERTEX_POINT('',#16920);
#5320=VERTEX_POINT('',#16922);
#5321=VERTEX_POINT('',#16926);
#5322=VERTEX_POINT('',#16930);
#5323=VERTEX_POINT('',#16936);
#5324=VERTEX_POINT('',#16937);
#5325=VERTEX_POINT('',#16942);
#5326=VERTEX_POINT('',#16946);
#5327=VERTEX_POINT('',#16953);
#5328=VERTEX_POINT('',#16954);
#5329=VERTEX_POINT('',#16956);
#5330=VERTEX_POINT('',#16958);
#5331=VERTEX_POINT('',#16962);
#5332=VERTEX_POINT('',#16964);
#5333=VERTEX_POINT('',#16968);
#5334=VERTEX_POINT('',#16972);
#5335=VERTEX_POINT('',#16978);
#5336=VERTEX_POINT('',#16980);
#5337=VERTEX_POINT('',#16984);
#5338=VERTEX_POINT('',#16988);
#5339=VERTEX_POINT('',#16995);
#5340=VERTEX_POINT('',#16996);
#5341=VERTEX_POINT('',#16998);
#5342=VERTEX_POINT('',#17000);
#5343=VERTEX_POINT('',#17004);
#5344=VERTEX_POINT('',#17006);
#5345=VERTEX_POINT('',#17010);
#5346=VERTEX_POINT('',#17014);
#5347=VERTEX_POINT('',#17020);
#5348=VERTEX_POINT('',#17021);
#5349=VERTEX_POINT('',#17026);
#5350=VERTEX_POINT('',#17030);
#5351=VERTEX_POINT('',#17037);
#5352=VERTEX_POINT('',#17038);
#5353=VERTEX_POINT('',#17040);
#5354=VERTEX_POINT('',#17042);
#5355=VERTEX_POINT('',#17046);
#5356=VERTEX_POINT('',#17048);
#5357=VERTEX_POINT('',#17052);
#5358=VERTEX_POINT('',#17056);
#5359=VERTEX_POINT('',#17062);
#5360=VERTEX_POINT('',#17064);
#5361=VERTEX_POINT('',#17068);
#5362=VERTEX_POINT('',#17072);
#5363=VERTEX_POINT('',#17079);
#5364=VERTEX_POINT('',#17080);
#5365=VERTEX_POINT('',#17082);
#5366=VERTEX_POINT('',#17084);
#5367=VERTEX_POINT('',#17088);
#5368=VERTEX_POINT('',#17090);
#5369=VERTEX_POINT('',#17094);
#5370=VERTEX_POINT('',#17098);
#5371=VERTEX_POINT('',#17104);
#5372=VERTEX_POINT('',#17105);
#5373=VERTEX_POINT('',#17110);
#5374=VERTEX_POINT('',#17114);
#5375=VERTEX_POINT('',#17121);
#5376=VERTEX_POINT('',#17122);
#5377=VERTEX_POINT('',#17124);
#5378=VERTEX_POINT('',#17126);
#5379=VERTEX_POINT('',#17130);
#5380=VERTEX_POINT('',#17132);
#5381=VERTEX_POINT('',#17136);
#5382=VERTEX_POINT('',#17140);
#5383=VERTEX_POINT('',#17146);
#5384=VERTEX_POINT('',#17148);
#5385=VERTEX_POINT('',#17152);
#5386=VERTEX_POINT('',#17156);
#5387=VERTEX_POINT('',#17163);
#5388=VERTEX_POINT('',#17164);
#5389=VERTEX_POINT('',#17166);
#5390=VERTEX_POINT('',#17168);
#5391=VERTEX_POINT('',#17172);
#5392=VERTEX_POINT('',#17174);
#5393=VERTEX_POINT('',#17178);
#5394=VERTEX_POINT('',#17182);
#5395=VERTEX_POINT('',#17188);
#5396=VERTEX_POINT('',#17189);
#5397=VERTEX_POINT('',#17194);
#5398=VERTEX_POINT('',#17198);
#5399=VERTEX_POINT('',#17205);
#5400=VERTEX_POINT('',#17206);
#5401=VERTEX_POINT('',#17208);
#5402=VERTEX_POINT('',#17210);
#5403=VERTEX_POINT('',#17214);
#5404=VERTEX_POINT('',#17216);
#5405=VERTEX_POINT('',#17220);
#5406=VERTEX_POINT('',#17224);
#5407=VERTEX_POINT('',#17230);
#5408=VERTEX_POINT('',#17232);
#5409=VERTEX_POINT('',#17236);
#5410=VERTEX_POINT('',#17240);
#5411=VERTEX_POINT('',#17247);
#5412=VERTEX_POINT('',#17248);
#5413=VERTEX_POINT('',#17250);
#5414=VERTEX_POINT('',#17252);
#5415=VERTEX_POINT('',#17256);
#5416=VERTEX_POINT('',#17258);
#5417=VERTEX_POINT('',#17262);
#5418=VERTEX_POINT('',#17266);
#5419=VERTEX_POINT('',#17272);
#5420=VERTEX_POINT('',#17273);
#5421=VERTEX_POINT('',#17278);
#5422=VERTEX_POINT('',#17282);
#5423=VERTEX_POINT('',#17290);
#5424=VERTEX_POINT('',#17291);
#5425=VERTEX_POINT('',#17293);
#5426=VERTEX_POINT('',#17295);
#5427=VERTEX_POINT('',#17299);
#5428=VERTEX_POINT('',#17300);
#5429=VERTEX_POINT('',#17305);
#5430=VERTEX_POINT('',#17307);
#5431=VERTEX_POINT('',#17311);
#5432=VERTEX_POINT('',#17313);
#5433=VERTEX_POINT('',#17315);
#5434=VERTEX_POINT('',#17317);
#5435=VERTEX_POINT('',#17320);
#5436=VERTEX_POINT('',#17322);
#5437=VERTEX_POINT('',#17324);
#5438=VERTEX_POINT('',#17326);
#5439=VERTEX_POINT('',#17328);
#5440=VERTEX_POINT('',#17330);
#5441=VERTEX_POINT('',#17332);
#5442=VERTEX_POINT('',#17334);
#5443=VERTEX_POINT('',#17336);
#5444=VERTEX_POINT('',#17338);
#5445=VERTEX_POINT('',#17340);
#5446=VERTEX_POINT('',#17342);
#5447=VERTEX_POINT('',#17344);
#5448=VERTEX_POINT('',#17346);
#5449=VERTEX_POINT('',#17348);
#5450=VERTEX_POINT('',#17350);
#5451=VERTEX_POINT('',#17352);
#5452=VERTEX_POINT('',#17354);
#5453=VERTEX_POINT('',#17356);
#5454=VERTEX_POINT('',#17358);
#5455=VERTEX_POINT('',#17360);
#5456=VERTEX_POINT('',#17362);
#5457=VERTEX_POINT('',#17364);
#5458=VERTEX_POINT('',#17366);
#5459=VERTEX_POINT('',#17368);
#5460=VERTEX_POINT('',#17370);
#5461=VERTEX_POINT('',#17372);
#5462=VERTEX_POINT('',#17374);
#5463=VERTEX_POINT('',#17376);
#5464=VERTEX_POINT('',#17378);
#5465=VERTEX_POINT('',#17380);
#5466=VERTEX_POINT('',#17382);
#5467=VERTEX_POINT('',#17385);
#5468=VERTEX_POINT('',#17387);
#5469=VERTEX_POINT('',#17389);
#5470=VERTEX_POINT('',#17391);
#5471=VERTEX_POINT('',#17394);
#5472=VERTEX_POINT('',#17396);
#5473=VERTEX_POINT('',#17398);
#5474=VERTEX_POINT('',#17400);
#5475=VERTEX_POINT('',#17402);
#5476=VERTEX_POINT('',#17404);
#5477=VERTEX_POINT('',#17406);
#5478=VERTEX_POINT('',#17408);
#5479=VERTEX_POINT('',#17410);
#5480=VERTEX_POINT('',#17412);
#5481=VERTEX_POINT('',#17414);
#5482=VERTEX_POINT('',#17416);
#5483=VERTEX_POINT('',#17418);
#5484=VERTEX_POINT('',#17420);
#5485=VERTEX_POINT('',#17422);
#5486=VERTEX_POINT('',#17424);
#5487=VERTEX_POINT('',#17426);
#5488=VERTEX_POINT('',#17428);
#5489=VERTEX_POINT('',#17430);
#5490=VERTEX_POINT('',#17432);
#5491=VERTEX_POINT('',#17434);
#5492=VERTEX_POINT('',#17436);
#5493=VERTEX_POINT('',#17438);
#5494=VERTEX_POINT('',#17440);
#5495=VERTEX_POINT('',#17442);
#5496=VERTEX_POINT('',#17444);
#5497=VERTEX_POINT('',#17446);
#5498=VERTEX_POINT('',#17448);
#5499=VERTEX_POINT('',#17450);
#5500=VERTEX_POINT('',#17452);
#5501=VERTEX_POINT('',#17454);
#5502=VERTEX_POINT('',#17456);
#5503=VERTEX_POINT('',#17533);
#5504=VERTEX_POINT('',#17534);
#5505=VERTEX_POINT('',#17536);
#5506=VERTEX_POINT('',#17538);
#5507=VERTEX_POINT('',#17542);
#5508=VERTEX_POINT('',#17544);
#5509=VERTEX_POINT('',#17546);
#5510=VERTEX_POINT('',#17548);
#5511=VERTEX_POINT('',#17552);
#5512=VERTEX_POINT('',#17554);
#5513=VERTEX_POINT('',#17556);
#5514=VERTEX_POINT('',#17558);
#5515=VERTEX_POINT('',#17560);
#5516=VERTEX_POINT('',#17563);
#5517=VERTEX_POINT('',#17564);
#5518=VERTEX_POINT('',#17566);
#5519=VERTEX_POINT('',#17568);
#5520=VERTEX_POINT('',#17570);
#5521=VERTEX_POINT('',#17572);
#5522=VERTEX_POINT('',#17574);
#5523=VERTEX_POINT('',#17576);
#5524=VERTEX_POINT('',#17578);
#5525=VERTEX_POINT('',#17580);
#5526=VERTEX_POINT('',#17583);
#5527=VERTEX_POINT('',#17584);
#5528=VERTEX_POINT('',#17586);
#5529=VERTEX_POINT('',#17588);
#5530=VERTEX_POINT('',#17590);
#5531=VERTEX_POINT('',#17592);
#5532=VERTEX_POINT('',#17594);
#5533=VERTEX_POINT('',#17596);
#5534=VERTEX_POINT('',#17598);
#5535=VERTEX_POINT('',#17600);
#5536=VERTEX_POINT('',#17603);
#5537=VERTEX_POINT('',#17604);
#5538=VERTEX_POINT('',#17606);
#5539=VERTEX_POINT('',#17608);
#5540=VERTEX_POINT('',#17610);
#5541=VERTEX_POINT('',#17612);
#5542=VERTEX_POINT('',#17614);
#5543=VERTEX_POINT('',#17616);
#5544=VERTEX_POINT('',#17618);
#5545=VERTEX_POINT('',#17620);
#5546=VERTEX_POINT('',#17623);
#5547=VERTEX_POINT('',#17624);
#5548=VERTEX_POINT('',#17626);
#5549=VERTEX_POINT('',#17628);
#5550=VERTEX_POINT('',#17630);
#5551=VERTEX_POINT('',#17632);
#5552=VERTEX_POINT('',#17634);
#5553=VERTEX_POINT('',#17636);
#5554=VERTEX_POINT('',#17638);
#5555=VERTEX_POINT('',#17640);
#5556=VERTEX_POINT('',#17644);
#5557=VERTEX_POINT('',#17646);
#5558=VERTEX_POINT('',#17650);
#5559=VERTEX_POINT('',#17652);
#5560=VERTEX_POINT('',#17654);
#5561=VERTEX_POINT('',#17658);
#5562=VERTEX_POINT('',#17662);
#5563=VERTEX_POINT('',#17666);
#5564=VERTEX_POINT('',#17668);
#5565=VERTEX_POINT('',#17670);
#5566=VERTEX_POINT('',#17672);
#5567=VERTEX_POINT('',#17678);
#5568=VERTEX_POINT('',#17679);
#5569=VERTEX_POINT('',#17681);
#5570=VERTEX_POINT('',#17683);
#5571=VERTEX_POINT('',#17687);
#5572=VERTEX_POINT('',#17689);
#5573=VERTEX_POINT('',#17693);
#5574=VERTEX_POINT('',#17695);
#5575=VERTEX_POINT('',#17699);
#5576=VERTEX_POINT('',#17701);
#5577=VERTEX_POINT('',#17703);
#5578=VERTEX_POINT('',#17705);
#5579=VERTEX_POINT('',#17709);
#5580=VERTEX_POINT('',#17714);
#5581=VERTEX_POINT('',#17716);
#5582=VERTEX_POINT('',#17720);
#5583=VERTEX_POINT('',#17724);
#5584=VERTEX_POINT('',#17728);
#5585=VERTEX_POINT('',#17732);
#5586=VERTEX_POINT('',#17736);
#5587=VERTEX_POINT('',#17740);
#5588=VERTEX_POINT('',#17744);
#5589=VERTEX_POINT('',#17748);
#5590=VERTEX_POINT('',#17754);
#5591=VERTEX_POINT('',#17756);
#5592=VERTEX_POINT('',#17760);
#5593=VERTEX_POINT('',#17764);
#5594=VERTEX_POINT('',#17768);
#5595=VERTEX_POINT('',#17772);
#5596=VERTEX_POINT('',#17776);
#5597=VERTEX_POINT('',#17780);
#5598=VERTEX_POINT('',#17784);
#5599=VERTEX_POINT('',#17788);
#5600=VERTEX_POINT('',#17794);
#5601=VERTEX_POINT('',#17796);
#5602=VERTEX_POINT('',#17800);
#5603=VERTEX_POINT('',#17804);
#5604=VERTEX_POINT('',#17805);
#5605=VERTEX_POINT('',#17810);
#5606=VERTEX_POINT('',#17812);
#5607=VERTEX_POINT('',#17818);
#5608=VERTEX_POINT('',#17822);
#5609=VERTEX_POINT('',#17826);
#5610=VERTEX_POINT('',#17830);
#5611=VERTEX_POINT('',#17834);
#5612=VERTEX_POINT('',#17840);
#5613=VERTEX_POINT('',#17842);
#5614=VERTEX_POINT('',#17846);
#5615=VERTEX_POINT('',#17850);
#5616=VERTEX_POINT('',#17854);
#5617=VERTEX_POINT('',#17858);
#5618=VERTEX_POINT('',#17862);
#5619=VERTEX_POINT('',#17866);
#5620=VERTEX_POINT('',#17870);
#5621=VERTEX_POINT('',#17874);
#5622=VERTEX_POINT('',#17882);
#5623=VERTEX_POINT('',#17886);
#5624=VERTEX_POINT('',#17890);
#5625=VERTEX_POINT('',#17903);
#5626=VERTEX_POINT('',#17904);
#5627=VERTEX_POINT('',#17906);
#5628=VERTEX_POINT('',#17908);
#5629=VERTEX_POINT('',#17912);
#5630=VERTEX_POINT('',#17913);
#5631=VERTEX_POINT('',#17915);
#5632=VERTEX_POINT('',#17917);
#5633=VERTEX_POINT('',#17919);
#5634=VERTEX_POINT('',#17921);
#5635=VERTEX_POINT('',#17923);
#5636=VERTEX_POINT('',#17925);
#5637=VERTEX_POINT('',#17930);
#5638=VERTEX_POINT('',#17934);
#5639=VERTEX_POINT('',#17938);
#5640=VERTEX_POINT('',#17940);
#5641=VERTEX_POINT('',#17942);
#5642=VERTEX_POINT('',#17944);
#5643=VERTEX_POINT('',#17946);
#5644=VERTEX_POINT('',#17948);
#5645=VERTEX_POINT('',#17956);
#5646=VERTEX_POINT('',#17958);
#5647=VERTEX_POINT('',#17960);
#5648=VERTEX_POINT('',#17962);
#5649=VERTEX_POINT('',#17970);
#5650=VERTEX_POINT('',#17972);
#5651=VERTEX_POINT('',#17974);
#5652=VERTEX_POINT('',#17976);
#5653=VERTEX_POINT('',#17982);
#5654=VERTEX_POINT('',#17983);
#5655=VERTEX_POINT('',#17985);
#5656=VERTEX_POINT('',#17987);
#5657=VERTEX_POINT('',#17989);
#5658=VERTEX_POINT('',#17991);
#5659=VERTEX_POINT('',#17996);
#5660=VERTEX_POINT('',#17998);
#5661=VERTEX_POINT('',#18002);
#5662=VERTEX_POINT('',#18006);
#5663=VERTEX_POINT('',#18007);
#5664=VERTEX_POINT('',#18010);
#5665=VERTEX_POINT('',#18012);
#5666=VERTEX_POINT('',#18014);
#5667=VERTEX_POINT('',#18016);
#5668=VERTEX_POINT('',#18020);
#5669=VERTEX_POINT('',#18042);
#5670=VERTEX_POINT('',#18045);
#5671=VERTEX_POINT('',#18049);
#5672=VERTEX_POINT('',#18050);
#5673=VERTEX_POINT('',#18052);
#5674=VERTEX_POINT('',#18054);
#5675=VERTEX_POINT('',#18056);
#5676=VERTEX_POINT('',#18058);
#5677=VERTEX_POINT('',#18060);
#5678=VERTEX_POINT('',#18062);
#5679=VERTEX_POINT('',#18065);
#5680=VERTEX_POINT('',#18067);
#5681=VERTEX_POINT('',#18069);
#5682=VERTEX_POINT('',#18071);
#5683=VERTEX_POINT('',#18074);
#5684=VERTEX_POINT('',#18075);
#5685=VERTEX_POINT('',#18080);
#5686=VERTEX_POINT('',#18084);
#5687=VERTEX_POINT('',#18088);
#5688=VERTEX_POINT('',#18092);
#5689=VERTEX_POINT('',#18096);
#5690=VERTEX_POINT('',#18100);
#5691=VERTEX_POINT('',#18106);
#5692=VERTEX_POINT('',#18110);
#5693=VERTEX_POINT('',#18114);
#5694=VERTEX_POINT('',#18118);
#5695=VERTEX_POINT('',#18122);
#5696=VERTEX_POINT('',#18123);
#5697=VERTEX_POINT('',#18128);
#5698=VERTEX_POINT('',#18132);
#5699=VERTEX_POINT('',#18136);
#5700=VERTEX_POINT('',#18137);
#5701=VERTEX_POINT('',#18139);
#5702=VERTEX_POINT('',#18141);
#5703=VERTEX_POINT('',#18143);
#5704=VERTEX_POINT('',#18145);
#5705=VERTEX_POINT('',#18147);
#5706=VERTEX_POINT('',#18149);
#5707=VERTEX_POINT('',#18151);
#5708=VERTEX_POINT('',#18156);
#5709=VERTEX_POINT('',#18158);
#5710=VERTEX_POINT('',#18160);
#5711=VERTEX_POINT('',#18162);
#5712=VERTEX_POINT('',#18164);
#5713=VERTEX_POINT('',#18166);
#5714=VERTEX_POINT('',#18168);
#5715=VERTEX_POINT('',#18170);
#5716=VERTEX_POINT('',#18172);
#5717=VERTEX_POINT('',#18176);
#5718=VERTEX_POINT('',#18180);
#5719=VERTEX_POINT('',#18187);
#5720=VERTEX_POINT('',#18198);
#5721=VERTEX_POINT('',#18199);
#5722=VERTEX_POINT('',#18201);
#5723=VERTEX_POINT('',#18203);
#5724=VERTEX_POINT('',#18205);
#5725=VERTEX_POINT('',#18208);
#5726=VERTEX_POINT('',#18210);
#5727=VERTEX_POINT('',#18212);
#5728=VERTEX_POINT('',#18214);
#5729=VERTEX_POINT('',#18216);
#5730=VERTEX_POINT('',#18218);
#5731=VERTEX_POINT('',#18220);
#5732=VERTEX_POINT('',#18222);
#5733=VERTEX_POINT('',#18224);
#5734=VERTEX_POINT('',#18226);
#5735=VERTEX_POINT('',#18228);
#5736=VERTEX_POINT('',#18232);
#5737=VERTEX_POINT('',#18236);
#5738=VERTEX_POINT('',#18237);
#5739=VERTEX_POINT('',#18239);
#5740=VERTEX_POINT('',#18241);
#5741=VERTEX_POINT('',#18243);
#5742=VERTEX_POINT('',#18245);
#5743=VERTEX_POINT('',#18247);
#5744=VERTEX_POINT('',#18249);
#5745=VERTEX_POINT('',#18251);
#5746=VERTEX_POINT('',#18253);
#5747=VERTEX_POINT('',#18255);
#5748=VERTEX_POINT('',#18257);
#5749=VERTEX_POINT('',#18259);
#5750=VERTEX_POINT('',#18262);
#5751=VERTEX_POINT('',#18264);
#5752=VERTEX_POINT('',#18268);
#5753=VERTEX_POINT('',#18269);
#5754=VERTEX_POINT('',#18271);
#5755=VERTEX_POINT('',#18273);
#5756=VERTEX_POINT('',#18275);
#5757=VERTEX_POINT('',#18277);
#5758=VERTEX_POINT('',#18279);
#5759=VERTEX_POINT('',#18281);
#5760=VERTEX_POINT('',#18283);
#5761=VERTEX_POINT('',#18285);
#5762=VERTEX_POINT('',#18287);
#5763=VERTEX_POINT('',#18289);
#5764=VERTEX_POINT('',#18291);
#5765=VERTEX_POINT('',#18294);
#5766=VERTEX_POINT('',#18296);
#5767=VERTEX_POINT('',#18298);
#5768=VERTEX_POINT('',#18302);
#5769=VERTEX_POINT('',#18303);
#5770=VERTEX_POINT('',#18305);
#5771=VERTEX_POINT('',#18307);
#5772=VERTEX_POINT('',#18309);
#5773=VERTEX_POINT('',#18312);
#5774=VERTEX_POINT('',#18314);
#5775=VERTEX_POINT('',#18316);
#5776=VERTEX_POINT('',#18318);
#5777=VERTEX_POINT('',#18320);
#5778=VERTEX_POINT('',#18322);
#5779=VERTEX_POINT('',#18324);
#5780=VERTEX_POINT('',#18326);
#5781=VERTEX_POINT('',#18328);
#5782=VERTEX_POINT('',#18330);
#5783=VERTEX_POINT('',#18332);
#5784=VERTEX_POINT('',#18338);
#5785=VERTEX_POINT('',#18339);
#5786=VERTEX_POINT('',#18341);
#5787=VERTEX_POINT('',#18343);
#5788=VERTEX_POINT('',#18345);
#5789=VERTEX_POINT('',#18348);
#5790=VERTEX_POINT('',#18350);
#5791=VERTEX_POINT('',#18352);
#5792=VERTEX_POINT('',#18354);
#5793=VERTEX_POINT('',#18356);
#5794=VERTEX_POINT('',#18358);
#5795=VERTEX_POINT('',#18360);
#5796=VERTEX_POINT('',#18362);
#5797=VERTEX_POINT('',#18364);
#5798=VERTEX_POINT('',#18366);
#5799=VERTEX_POINT('',#18368);
#5800=VERTEX_POINT('',#18372);
#5801=VERTEX_POINT('',#18376);
#5802=VERTEX_POINT('',#18377);
#5803=VERTEX_POINT('',#18379);
#5804=VERTEX_POINT('',#18381);
#5805=VERTEX_POINT('',#18383);
#5806=VERTEX_POINT('',#18385);
#5807=VERTEX_POINT('',#18387);
#5808=VERTEX_POINT('',#18389);
#5809=VERTEX_POINT('',#18391);
#5810=VERTEX_POINT('',#18393);
#5811=VERTEX_POINT('',#18395);
#5812=VERTEX_POINT('',#18397);
#5813=VERTEX_POINT('',#18399);
#5814=VERTEX_POINT('',#18402);
#5815=VERTEX_POINT('',#18404);
#5816=VERTEX_POINT('',#18408);
#5817=VERTEX_POINT('',#18409);
#5818=VERTEX_POINT('',#18411);
#5819=VERTEX_POINT('',#18413);
#5820=VERTEX_POINT('',#18415);
#5821=VERTEX_POINT('',#18417);
#5822=VERTEX_POINT('',#18419);
#5823=VERTEX_POINT('',#18421);
#5824=VERTEX_POINT('',#18423);
#5825=VERTEX_POINT('',#18425);
#5826=VERTEX_POINT('',#18427);
#5827=VERTEX_POINT('',#18429);
#5828=VERTEX_POINT('',#18431);
#5829=VERTEX_POINT('',#18434);
#5830=VERTEX_POINT('',#18436);
#5831=VERTEX_POINT('',#18438);
#5832=VERTEX_POINT('',#18442);
#5833=VERTEX_POINT('',#18443);
#5834=VERTEX_POINT('',#18445);
#5835=VERTEX_POINT('',#18447);
#5836=VERTEX_POINT('',#18449);
#5837=VERTEX_POINT('',#18452);
#5838=VERTEX_POINT('',#18454);
#5839=VERTEX_POINT('',#18456);
#5840=VERTEX_POINT('',#18458);
#5841=VERTEX_POINT('',#18460);
#5842=VERTEX_POINT('',#18462);
#5843=VERTEX_POINT('',#18464);
#5844=VERTEX_POINT('',#18466);
#5845=VERTEX_POINT('',#18468);
#5846=VERTEX_POINT('',#18470);
#5847=VERTEX_POINT('',#18472);
#5848=VERTEX_POINT('',#18604);
#5849=VERTEX_POINT('',#18605);
#5850=VERTEX_POINT('',#18607);
#5851=VERTEX_POINT('',#18609);
#5852=VERTEX_POINT('',#18613);
#5853=VERTEX_POINT('',#18615);
#5854=VERTEX_POINT('',#18619);
#5855=VERTEX_POINT('',#18621);
#5856=VERTEX_POINT('',#18625);
#5857=VERTEX_POINT('',#18627);
#5858=VERTEX_POINT('',#18631);
#5859=VERTEX_POINT('',#18633);
#5860=VERTEX_POINT('',#18637);
#5861=VERTEX_POINT('',#18639);
#5862=VERTEX_POINT('',#18643);
#5863=VERTEX_POINT('',#18645);
#5864=VERTEX_POINT('',#18649);
#5865=VERTEX_POINT('',#18651);
#5866=VERTEX_POINT('',#18655);
#5867=VERTEX_POINT('',#18657);
#5868=VERTEX_POINT('',#18664);
#5869=VERTEX_POINT('',#18665);
#5870=VERTEX_POINT('',#18667);
#5871=VERTEX_POINT('',#18669);
#5872=VERTEX_POINT('',#18671);
#5873=VERTEX_POINT('',#18673);
#5874=VERTEX_POINT('',#18675);
#5875=VERTEX_POINT('',#18677);
#5876=VERTEX_POINT('',#18679);
#5877=VERTEX_POINT('',#18681);
#5878=VERTEX_POINT('',#18685);
#5879=VERTEX_POINT('',#18687);
#5880=VERTEX_POINT('',#18691);
#5881=VERTEX_POINT('',#18695);
#5882=VERTEX_POINT('',#18699);
#5883=VERTEX_POINT('',#18703);
#5884=VERTEX_POINT('',#18707);
#5885=VERTEX_POINT('',#18708);
#5886=VERTEX_POINT('',#18710);
#5887=VERTEX_POINT('',#18713);
#5888=EDGE_CURVE('',#4915,#4916,#2393,.T.);
#5889=EDGE_CURVE('',#4917,#4915,#2394,.T.);
#5890=EDGE_CURVE('',#4918,#4917,#2395,.T.);
#5891=EDGE_CURVE('',#4919,#4918,#2396,.T.);
#5892=EDGE_CURVE('',#4920,#4919,#2397,.T.);
#5893=EDGE_CURVE('',#4921,#4920,#2398,.T.);
#5894=EDGE_CURVE('',#4922,#4921,#2399,.T.);
#5895=EDGE_CURVE('',#4923,#4922,#2400,.T.);
#5896=EDGE_CURVE('',#4924,#4923,#2401,.T.);
#5897=EDGE_CURVE('',#4925,#4924,#2402,.T.);
#5898=EDGE_CURVE('',#4926,#4925,#2403,.T.);
#5899=EDGE_CURVE('',#4927,#4926,#2404,.T.);
#5900=EDGE_CURVE('',#4928,#4927,#2405,.T.);
#5901=EDGE_CURVE('',#4929,#4928,#2406,.T.);
#5902=EDGE_CURVE('',#4930,#4929,#2407,.T.);
#5903=EDGE_CURVE('',#4931,#4930,#2408,.T.);
#5904=EDGE_CURVE('',#4932,#4931,#2409,.T.);
#5905=EDGE_CURVE('',#4933,#4932,#2410,.T.);
#5906=EDGE_CURVE('',#4934,#4933,#2411,.T.);
#5907=EDGE_CURVE('',#4935,#4934,#2412,.T.);
#5908=EDGE_CURVE('',#4936,#4935,#2413,.T.);
#5909=EDGE_CURVE('',#4937,#4936,#2414,.T.);
#5910=EDGE_CURVE('',#4938,#4937,#2415,.T.);
#5911=EDGE_CURVE('',#4939,#4938,#2416,.T.);
#5912=EDGE_CURVE('',#4940,#4939,#2417,.T.);
#5913=EDGE_CURVE('',#4941,#4940,#2418,.T.);
#5914=EDGE_CURVE('',#4942,#4941,#2419,.T.);
#5915=EDGE_CURVE('',#4943,#4942,#2420,.T.);
#5916=EDGE_CURVE('',#4944,#4943,#2421,.T.);
#5917=EDGE_CURVE('',#4945,#4944,#2422,.T.);
#5918=EDGE_CURVE('',#4946,#4945,#2423,.T.);
#5919=EDGE_CURVE('',#4947,#4946,#2424,.T.);
#5920=EDGE_CURVE('',#4948,#4947,#2425,.T.);
#5921=EDGE_CURVE('',#4949,#4948,#2426,.T.);
#5922=EDGE_CURVE('',#4950,#4949,#2427,.T.);
#5923=EDGE_CURVE('',#4951,#4950,#2428,.T.);
#5924=EDGE_CURVE('',#4952,#4951,#2429,.T.);
#5925=EDGE_CURVE('',#4953,#4952,#2430,.T.);
#5926=EDGE_CURVE('',#4954,#4953,#2431,.T.);
#5927=EDGE_CURVE('',#4955,#4954,#2432,.T.);
#5928=EDGE_CURVE('',#4956,#4955,#2433,.T.);
#5929=EDGE_CURVE('',#4957,#4956,#2434,.T.);
#5930=EDGE_CURVE('',#4958,#4957,#2435,.T.);
#5931=EDGE_CURVE('',#4916,#4958,#2436,.T.);
#5932=EDGE_CURVE('',#4959,#4916,#2437,.T.);
#5933=EDGE_CURVE('',#4960,#4959,#2438,.T.);
#5934=EDGE_CURVE('',#4960,#4915,#2439,.T.);
#5935=EDGE_CURVE('',#4961,#4958,#2440,.T.);
#5936=EDGE_CURVE('',#4959,#4961,#2441,.T.);
#5937=EDGE_CURVE('',#4962,#4957,#2442,.T.);
#5938=EDGE_CURVE('',#4961,#4962,#2443,.T.);
#5939=EDGE_CURVE('',#4963,#4956,#2444,.T.);
#5940=EDGE_CURVE('',#4962,#4963,#2445,.T.);
#5941=EDGE_CURVE('',#4964,#4955,#2446,.T.);
#5942=EDGE_CURVE('',#4963,#4964,#2447,.T.);
#5943=EDGE_CURVE('',#4965,#4954,#2448,.T.);
#5944=EDGE_CURVE('',#4964,#4965,#2449,.T.);
#5945=EDGE_CURVE('',#4966,#4953,#2450,.T.);
#5946=EDGE_CURVE('',#4965,#4966,#2451,.T.);
#5947=EDGE_CURVE('',#4967,#4952,#2452,.T.);
#5948=EDGE_CURVE('',#4966,#4967,#2453,.T.);
#5949=EDGE_CURVE('',#4968,#4951,#2454,.T.);
#5950=EDGE_CURVE('',#4967,#4968,#2455,.T.);
#5951=EDGE_CURVE('',#4969,#4950,#2456,.T.);
#5952=EDGE_CURVE('',#4968,#4969,#2457,.T.);
#5953=EDGE_CURVE('',#4970,#4949,#2458,.T.);
#5954=EDGE_CURVE('',#4969,#4970,#2459,.T.);
#5955=EDGE_CURVE('',#4971,#4948,#2460,.T.);
#5956=EDGE_CURVE('',#4970,#4971,#2461,.T.);
#5957=EDGE_CURVE('',#4972,#4947,#2462,.T.);
#5958=EDGE_CURVE('',#4971,#4972,#2463,.T.);
#5959=EDGE_CURVE('',#4973,#4946,#2464,.T.);
#5960=EDGE_CURVE('',#4972,#4973,#2465,.T.);
#5961=EDGE_CURVE('',#4974,#4945,#2466,.T.);
#5962=EDGE_CURVE('',#4973,#4974,#2467,.T.);
#5963=EDGE_CURVE('',#4975,#4944,#2468,.T.);
#5964=EDGE_CURVE('',#4974,#4975,#2469,.T.);
#5965=EDGE_CURVE('',#4976,#4943,#2470,.T.);
#5966=EDGE_CURVE('',#4975,#4976,#2471,.T.);
#5967=EDGE_CURVE('',#4977,#4942,#2472,.T.);
#5968=EDGE_CURVE('',#4976,#4977,#2473,.T.);
#5969=EDGE_CURVE('',#4978,#4941,#2474,.T.);
#5970=EDGE_CURVE('',#4977,#4978,#2475,.T.);
#5971=EDGE_CURVE('',#4979,#4940,#2476,.T.);
#5972=EDGE_CURVE('',#4978,#4979,#2477,.T.);
#5973=EDGE_CURVE('',#4980,#4939,#2478,.T.);
#5974=EDGE_CURVE('',#4979,#4980,#2479,.T.);
#5975=EDGE_CURVE('',#4981,#4938,#2480,.T.);
#5976=EDGE_CURVE('',#4980,#4981,#2481,.T.);
#5977=EDGE_CURVE('',#4982,#4937,#2482,.T.);
#5978=EDGE_CURVE('',#4981,#4982,#2483,.T.);
#5979=EDGE_CURVE('',#4983,#4936,#2484,.T.);
#5980=EDGE_CURVE('',#4982,#4983,#2485,.T.);
#5981=EDGE_CURVE('',#4983,#4984,#2486,.T.);
#5982=EDGE_CURVE('',#4984,#4985,#2487,.T.);
#5983=EDGE_CURVE('',#4985,#4986,#2488,.T.);
#5984=EDGE_CURVE('',#4986,#4987,#2489,.T.);
#5985=EDGE_CURVE('',#4987,#4988,#2490,.T.);
#5986=EDGE_CURVE('',#4988,#4989,#2491,.T.);
#5987=EDGE_CURVE('',#4989,#4990,#2492,.T.);
#5988=EDGE_CURVE('',#4990,#4991,#2493,.T.);
#5989=EDGE_CURVE('',#4991,#4992,#2494,.T.);
#5990=EDGE_CURVE('',#4992,#4993,#2495,.T.);
#5991=EDGE_CURVE('',#4993,#4994,#2496,.T.);
#5992=EDGE_CURVE('',#4994,#4995,#2497,.T.);
#5993=EDGE_CURVE('',#4995,#4996,#2498,.T.);
#5994=EDGE_CURVE('',#4996,#4997,#2499,.T.);
#5995=EDGE_CURVE('',#4997,#4998,#2500,.T.);
#5996=EDGE_CURVE('',#4998,#4999,#2501,.T.);
#5997=EDGE_CURVE('',#4999,#5000,#2502,.T.);
#5998=EDGE_CURVE('',#5000,#5001,#2503,.T.);
#5999=EDGE_CURVE('',#5001,#5002,#2504,.T.);
#6000=EDGE_CURVE('',#5002,#4960,#2505,.T.);
#6001=EDGE_CURVE('',#5003,#5004,#2506,.T.);
#6002=EDGE_CURVE('',#5003,#5005,#2507,.T.);
#6003=EDGE_CURVE('',#5006,#5005,#2508,.T.);
#6004=EDGE_CURVE('',#5004,#5006,#2509,.T.);
#6005=EDGE_CURVE('',#5007,#5008,#2510,.T.);
#6006=EDGE_CURVE('',#5009,#5007,#2511,.T.);
#6007=EDGE_CURVE('',#5010,#5009,#2512,.T.);
#6008=EDGE_CURVE('',#5010,#5008,#2513,.T.);
#6009=EDGE_CURVE('',#5011,#5012,#2514,.T.);
#6010=EDGE_CURVE('',#5013,#5011,#2515,.T.);
#6011=EDGE_CURVE('',#5014,#5013,#2516,.T.);
#6012=EDGE_CURVE('',#5014,#5012,#2517,.T.);
#6013=EDGE_CURVE('',#5015,#5016,#2518,.T.);
#6014=EDGE_CURVE('',#5017,#5015,#2519,.T.);
#6015=EDGE_CURVE('',#5017,#5018,#2520,.T.);
#6016=EDGE_CURVE('',#5016,#5018,#2521,.T.);
#6017=EDGE_CURVE('',#5019,#5020,#2522,.T.);
#6018=EDGE_CURVE('',#5021,#5019,#2523,.T.);
#6019=EDGE_CURVE('',#5022,#5021,#2524,.T.);
#6020=EDGE_CURVE('',#5022,#5020,#2525,.T.);
#6021=EDGE_CURVE('',#5023,#5024,#2526,.T.);
#6022=EDGE_CURVE('',#5023,#5025,#2527,.T.);
#6023=EDGE_CURVE('',#5026,#5025,#2528,.T.);
#6024=EDGE_CURVE('',#5024,#5026,#2529,.T.);
#6025=EDGE_CURVE('',#5027,#5028,#2530,.T.);
#6026=EDGE_CURVE('',#5027,#5029,#2531,.T.);
#6027=EDGE_CURVE('',#5030,#5029,#2532,.T.);
#6028=EDGE_CURVE('',#5028,#5030,#2533,.T.);
#6029=EDGE_CURVE('',#5031,#5032,#2534,.T.);
#6030=EDGE_CURVE('',#5033,#5031,#2535,.T.);
#6031=EDGE_CURVE('',#5034,#5033,#2536,.T.);
#6032=EDGE_CURVE('',#5034,#5032,#2537,.T.);
#6033=EDGE_CURVE('',#5035,#5036,#2538,.T.);
#6034=EDGE_CURVE('',#5037,#5035,#2539,.T.);
#6035=EDGE_CURVE('',#5038,#5037,#2540,.T.);
#6036=EDGE_CURVE('',#5038,#5036,#2541,.T.);
#6037=EDGE_CURVE('',#5039,#5040,#2542,.T.);
#6038=EDGE_CURVE('',#5039,#5041,#2543,.T.);
#6039=EDGE_CURVE('',#5042,#5041,#2544,.T.);
#6040=EDGE_CURVE('',#5040,#5042,#2545,.T.);
#6041=EDGE_CURVE('',#5043,#5044,#2546,.T.);
#6042=EDGE_CURVE('',#5045,#5043,#2547,.T.);
#6043=EDGE_CURVE('',#5045,#5046,#2548,.T.);
#6044=EDGE_CURVE('',#5044,#5046,#2549,.T.);
#6045=EDGE_CURVE('',#5047,#5048,#2550,.T.);
#6046=EDGE_CURVE('',#5047,#5049,#2551,.T.);
#6047=EDGE_CURVE('',#5050,#5049,#2552,.T.);
#6048=EDGE_CURVE('',#5048,#5050,#2553,.T.);
#6049=EDGE_CURVE('',#5051,#5052,#2554,.T.);
#6050=EDGE_CURVE('',#5053,#5051,#2555,.T.);
#6051=EDGE_CURVE('',#5053,#5054,#2556,.T.);
#6052=EDGE_CURVE('',#5052,#5054,#2557,.T.);
#6053=EDGE_CURVE('',#5055,#5056,#2558,.T.);
#6054=EDGE_CURVE('',#5057,#5055,#2559,.T.);
#6055=EDGE_CURVE('',#5057,#5058,#2560,.T.);
#6056=EDGE_CURVE('',#5056,#5058,#2561,.T.);
#6057=EDGE_CURVE('',#4984,#4935,#2562,.T.);
#6058=EDGE_CURVE('',#4985,#4934,#2563,.T.);
#6059=EDGE_CURVE('',#4986,#4933,#2564,.T.);
#6060=EDGE_CURVE('',#4987,#4932,#2565,.T.);
#6061=EDGE_CURVE('',#4988,#4931,#2566,.T.);
#6062=EDGE_CURVE('',#4989,#4930,#2567,.T.);
#6063=EDGE_CURVE('',#4990,#4929,#2568,.T.);
#6064=EDGE_CURVE('',#4991,#4928,#2569,.T.);
#6065=EDGE_CURVE('',#4992,#4927,#2570,.T.);
#6066=EDGE_CURVE('',#4993,#4926,#2571,.T.);
#6067=EDGE_CURVE('',#4994,#4925,#2572,.T.);
#6068=EDGE_CURVE('',#4995,#4924,#2573,.T.);
#6069=EDGE_CURVE('',#4996,#4923,#2574,.T.);
#6070=EDGE_CURVE('',#4997,#4922,#2575,.T.);
#6071=EDGE_CURVE('',#4998,#4921,#2576,.T.);
#6072=EDGE_CURVE('',#4999,#4920,#2577,.T.);
#6073=EDGE_CURVE('',#5000,#4919,#2578,.T.);
#6074=EDGE_CURVE('',#5001,#4918,#2579,.T.);
#6075=EDGE_CURVE('',#5002,#4917,#2580,.T.);
#6076=EDGE_CURVE('',#5059,#5004,#2581,.T.);
#6077=EDGE_CURVE('',#5059,#5060,#2582,.T.);
#6078=EDGE_CURVE('',#5060,#5003,#2583,.T.);
#6079=EDGE_CURVE('',#5061,#5059,#229,.T.);
#6080=EDGE_CURVE('',#5006,#5062,#2584,.T.);
#6081=EDGE_CURVE('',#5062,#5063,#2585,.T.);
#6082=EDGE_CURVE('',#5063,#5064,#2586,.T.);
#6083=EDGE_CURVE('',#5064,#5061,#2587,.T.);
#6084=EDGE_CURVE('',#5005,#5065,#2588,.T.);
#6085=EDGE_CURVE('',#5062,#5065,#2589,.T.);
#6086=EDGE_CURVE('',#5066,#5060,#230,.T.);
#6087=EDGE_CURVE('',#5067,#5066,#2590,.T.);
#6088=EDGE_CURVE('',#5068,#5067,#2591,.T.);
#6089=EDGE_CURVE('',#5065,#5068,#2592,.T.);
#6090=EDGE_CURVE('',#5007,#5069,#2593,.T.);
#6091=EDGE_CURVE('',#5008,#5070,#2594,.T.);
#6092=EDGE_CURVE('',#5069,#5070,#2595,.T.);
#6093=EDGE_CURVE('',#5071,#5072,#231,.T.);
#6094=EDGE_CURVE('',#5073,#5071,#2596,.T.);
#6095=EDGE_CURVE('',#5074,#5073,#2597,.T.);
#6096=EDGE_CURVE('',#5070,#5074,#2598,.T.);
#6097=EDGE_CURVE('',#5072,#5010,#2599,.T.);
#6098=EDGE_CURVE('',#5075,#5009,#2600,.T.);
#6099=EDGE_CURVE('',#5075,#5072,#2601,.T.);
#6100=EDGE_CURVE('',#5076,#5075,#232,.T.);
#6101=EDGE_CURVE('',#5069,#5077,#2602,.T.);
#6102=EDGE_CURVE('',#5077,#5078,#2603,.T.);
#6103=EDGE_CURVE('',#5078,#5076,#2604,.T.);
#6104=EDGE_CURVE('',#5011,#5079,#2605,.T.);
#6105=EDGE_CURVE('',#5012,#5080,#2606,.T.);
#6106=EDGE_CURVE('',#5079,#5080,#2607,.T.);
#6107=EDGE_CURVE('',#5081,#5082,#233,.T.);
#6108=EDGE_CURVE('',#5083,#5081,#2608,.T.);
#6109=EDGE_CURVE('',#5084,#5083,#2609,.T.);
#6110=EDGE_CURVE('',#5080,#5084,#2610,.T.);
#6111=EDGE_CURVE('',#5082,#5014,#2611,.T.);
#6112=EDGE_CURVE('',#5085,#5013,#2612,.T.);
#6113=EDGE_CURVE('',#5085,#5082,#2613,.T.);
#6114=EDGE_CURVE('',#5086,#5085,#234,.T.);
#6115=EDGE_CURVE('',#5079,#5087,#2614,.T.);
#6116=EDGE_CURVE('',#5087,#5088,#2615,.T.);
#6117=EDGE_CURVE('',#5088,#5086,#2616,.T.);
#6118=EDGE_CURVE('',#5089,#5090,#235,.T.);
#6119=EDGE_CURVE('',#5090,#5015,#2617,.T.);
#6120=EDGE_CURVE('',#5016,#5091,#2618,.T.);
#6121=EDGE_CURVE('',#5091,#5092,#2619,.T.);
#6122=EDGE_CURVE('',#5092,#5093,#2620,.T.);
#6123=EDGE_CURVE('',#5093,#5089,#2621,.T.);
#6124=EDGE_CURVE('',#5018,#5094,#2622,.T.);
#6125=EDGE_CURVE('',#5091,#5094,#2623,.T.);
#6126=EDGE_CURVE('',#5095,#5096,#236,.T.);
#6127=EDGE_CURVE('',#5097,#5095,#2624,.T.);
#6128=EDGE_CURVE('',#5098,#5097,#2625,.T.);
#6129=EDGE_CURVE('',#5094,#5098,#2626,.T.);
#6130=EDGE_CURVE('',#5096,#5017,#2627,.T.);
#6131=EDGE_CURVE('',#5090,#5096,#2628,.T.);
#6132=EDGE_CURVE('',#5019,#5099,#2629,.T.);
#6133=EDGE_CURVE('',#5020,#5100,#2630,.T.);
#6134=EDGE_CURVE('',#5099,#5100,#2631,.T.);
#6135=EDGE_CURVE('',#5101,#5102,#237,.T.);
#6136=EDGE_CURVE('',#5103,#5101,#2632,.T.);
#6137=EDGE_CURVE('',#5104,#5103,#2633,.T.);
#6138=EDGE_CURVE('',#5100,#5104,#2634,.T.);
#6139=EDGE_CURVE('',#5102,#5022,#2635,.T.);
#6140=EDGE_CURVE('',#5105,#5021,#2636,.T.);
#6141=EDGE_CURVE('',#5105,#5102,#2637,.T.);
#6142=EDGE_CURVE('',#5106,#5105,#238,.T.);
#6143=EDGE_CURVE('',#5099,#5107,#2638,.T.);
#6144=EDGE_CURVE('',#5107,#5108,#2639,.T.);
#6145=EDGE_CURVE('',#5108,#5106,#2640,.T.);
#6146=EDGE_CURVE('',#5109,#5024,#2641,.T.);
#6147=EDGE_CURVE('',#5109,#5110,#2642,.T.);
#6148=EDGE_CURVE('',#5110,#5023,#2643,.T.);
#6149=EDGE_CURVE('',#5111,#5109,#239,.T.);
#6150=EDGE_CURVE('',#5026,#5112,#2644,.T.);
#6151=EDGE_CURVE('',#5112,#5113,#2645,.T.);
#6152=EDGE_CURVE('',#5113,#5114,#2646,.T.);
#6153=EDGE_CURVE('',#5114,#5111,#2647,.T.);
#6154=EDGE_CURVE('',#5025,#5115,#2648,.T.);
#6155=EDGE_CURVE('',#5112,#5115,#2649,.T.);
#6156=EDGE_CURVE('',#5116,#5110,#240,.T.);
#6157=EDGE_CURVE('',#5117,#5116,#2650,.T.);
#6158=EDGE_CURVE('',#5118,#5117,#2651,.T.);
#6159=EDGE_CURVE('',#5115,#5118,#2652,.T.);
#6160=EDGE_CURVE('',#5119,#5028,#2653,.T.);
#6161=EDGE_CURVE('',#5119,#5120,#2654,.T.);
#6162=EDGE_CURVE('',#5120,#5027,#2655,.T.);
#6163=EDGE_CURVE('',#5121,#5119,#241,.T.);
#6164=EDGE_CURVE('',#5030,#5122,#2656,.T.);
#6165=EDGE_CURVE('',#5122,#5123,#2657,.T.);
#6166=EDGE_CURVE('',#5123,#5124,#2658,.T.);
#6167=EDGE_CURVE('',#5124,#5121,#2659,.T.);
#6168=EDGE_CURVE('',#5029,#5125,#2660,.T.);
#6169=EDGE_CURVE('',#5122,#5125,#2661,.T.);
#6170=EDGE_CURVE('',#5126,#5120,#242,.T.);
#6171=EDGE_CURVE('',#5127,#5126,#2662,.T.);
#6172=EDGE_CURVE('',#5128,#5127,#2663,.T.);
#6173=EDGE_CURVE('',#5125,#5128,#2664,.T.);
#6174=EDGE_CURVE('',#5031,#5129,#2665,.T.);
#6175=EDGE_CURVE('',#5032,#5130,#2666,.T.);
#6176=EDGE_CURVE('',#5129,#5130,#2667,.T.);
#6177=EDGE_CURVE('',#5131,#5132,#243,.T.);
#6178=EDGE_CURVE('',#5133,#5131,#2668,.T.);
#6179=EDGE_CURVE('',#5134,#5133,#2669,.T.);
#6180=EDGE_CURVE('',#5130,#5134,#2670,.T.);
#6181=EDGE_CURVE('',#5132,#5034,#2671,.T.);
#6182=EDGE_CURVE('',#5135,#5033,#2672,.T.);
#6183=EDGE_CURVE('',#5135,#5132,#2673,.T.);
#6184=EDGE_CURVE('',#5136,#5135,#244,.T.);
#6185=EDGE_CURVE('',#5129,#5137,#2674,.T.);
#6186=EDGE_CURVE('',#5137,#5138,#2675,.T.);
#6187=EDGE_CURVE('',#5138,#5136,#2676,.T.);
#6188=EDGE_CURVE('',#5035,#5139,#2677,.T.);
#6189=EDGE_CURVE('',#5036,#5140,#2678,.T.);
#6190=EDGE_CURVE('',#5139,#5140,#2679,.T.);
#6191=EDGE_CURVE('',#5141,#5142,#245,.T.);
#6192=EDGE_CURVE('',#5143,#5141,#2680,.T.);
#6193=EDGE_CURVE('',#5144,#5143,#2681,.T.);
#6194=EDGE_CURVE('',#5140,#5144,#2682,.T.);
#6195=EDGE_CURVE('',#5142,#5038,#2683,.T.);
#6196=EDGE_CURVE('',#5145,#5037,#2684,.T.);
#6197=EDGE_CURVE('',#5145,#5142,#2685,.T.);
#6198=EDGE_CURVE('',#5146,#5145,#246,.T.);
#6199=EDGE_CURVE('',#5139,#5147,#2686,.T.);
#6200=EDGE_CURVE('',#5147,#5148,#2687,.T.);
#6201=EDGE_CURVE('',#5148,#5146,#2688,.T.);
#6202=EDGE_CURVE('',#5149,#5040,#2689,.T.);
#6203=EDGE_CURVE('',#5149,#5150,#2690,.T.);
#6204=EDGE_CURVE('',#5150,#5039,#2691,.T.);
#6205=EDGE_CURVE('',#5151,#5149,#247,.T.);
#6206=EDGE_CURVE('',#5042,#5152,#2692,.T.);
#6207=EDGE_CURVE('',#5152,#5153,#2693,.T.);
#6208=EDGE_CURVE('',#5153,#5154,#2694,.T.);
#6209=EDGE_CURVE('',#5154,#5151,#2695,.T.);
#6210=EDGE_CURVE('',#5041,#5155,#2696,.T.);
#6211=EDGE_CURVE('',#5152,#5155,#2697,.T.);
#6212=EDGE_CURVE('',#5156,#5150,#248,.T.);
#6213=EDGE_CURVE('',#5157,#5156,#2698,.T.);
#6214=EDGE_CURVE('',#5158,#5157,#2699,.T.);
#6215=EDGE_CURVE('',#5155,#5158,#2700,.T.);
#6216=EDGE_CURVE('',#5159,#5160,#249,.T.);
#6217=EDGE_CURVE('',#5160,#5043,#2701,.T.);
#6218=EDGE_CURVE('',#5044,#5161,#2702,.T.);
#6219=EDGE_CURVE('',#5161,#5162,#2703,.T.);
#6220=EDGE_CURVE('',#5162,#5163,#2704,.T.);
#6221=EDGE_CURVE('',#5163,#5159,#2705,.T.);
#6222=EDGE_CURVE('',#5046,#5164,#2706,.T.);
#6223=EDGE_CURVE('',#5161,#5164,#2707,.T.);
#6224=EDGE_CURVE('',#5165,#5166,#250,.T.);
#6225=EDGE_CURVE('',#5167,#5165,#2708,.T.);
#6226=EDGE_CURVE('',#5168,#5167,#2709,.T.);
#6227=EDGE_CURVE('',#5164,#5168,#2710,.T.);
#6228=EDGE_CURVE('',#5166,#5045,#2711,.T.);
#6229=EDGE_CURVE('',#5160,#5166,#2712,.T.);
#6230=EDGE_CURVE('',#5169,#5048,#2713,.T.);
#6231=EDGE_CURVE('',#5169,#5170,#2714,.T.);
#6232=EDGE_CURVE('',#5170,#5047,#2715,.T.);
#6233=EDGE_CURVE('',#5171,#5169,#251,.T.);
#6234=EDGE_CURVE('',#5050,#5172,#2716,.T.);
#6235=EDGE_CURVE('',#5172,#5173,#2717,.T.);
#6236=EDGE_CURVE('',#5173,#5174,#2718,.T.);
#6237=EDGE_CURVE('',#5174,#5171,#2719,.T.);
#6238=EDGE_CURVE('',#5049,#5175,#2720,.T.);
#6239=EDGE_CURVE('',#5172,#5175,#2721,.T.);
#6240=EDGE_CURVE('',#5176,#5170,#252,.T.);
#6241=EDGE_CURVE('',#5177,#5176,#2722,.T.);
#6242=EDGE_CURVE('',#5178,#5177,#2723,.T.);
#6243=EDGE_CURVE('',#5175,#5178,#2724,.T.);
#6244=EDGE_CURVE('',#5179,#5180,#253,.T.);
#6245=EDGE_CURVE('',#5180,#5051,#2725,.T.);
#6246=EDGE_CURVE('',#5052,#5181,#2726,.T.);
#6247=EDGE_CURVE('',#5181,#5182,#2727,.T.);
#6248=EDGE_CURVE('',#5182,#5183,#2728,.T.);
#6249=EDGE_CURVE('',#5183,#5179,#2729,.T.);
#6250=EDGE_CURVE('',#5054,#5184,#2730,.T.);
#6251=EDGE_CURVE('',#5181,#5184,#2731,.T.);
#6252=EDGE_CURVE('',#5185,#5186,#254,.T.);
#6253=EDGE_CURVE('',#5187,#5185,#2732,.T.);
#6254=EDGE_CURVE('',#5188,#5187,#2733,.T.);
#6255=EDGE_CURVE('',#5184,#5188,#2734,.T.);
#6256=EDGE_CURVE('',#5186,#5053,#2735,.T.);
#6257=EDGE_CURVE('',#5180,#5186,#2736,.T.);
#6258=EDGE_CURVE('',#5189,#5190,#255,.T.);
#6259=EDGE_CURVE('',#5190,#5055,#2737,.T.);
#6260=EDGE_CURVE('',#5056,#5191,#2738,.T.);
#6261=EDGE_CURVE('',#5191,#5192,#2739,.T.);
#6262=EDGE_CURVE('',#5192,#5193,#2740,.T.);
#6263=EDGE_CURVE('',#5193,#5189,#2741,.T.);
#6264=EDGE_CURVE('',#5058,#5194,#2742,.T.);
#6265=EDGE_CURVE('',#5191,#5194,#2743,.T.);
#6266=EDGE_CURVE('',#5195,#5196,#256,.T.);
#6267=EDGE_CURVE('',#5197,#5195,#2744,.T.);
#6268=EDGE_CURVE('',#5198,#5197,#2745,.T.);
#6269=EDGE_CURVE('',#5194,#5198,#2746,.T.);
#6270=EDGE_CURVE('',#5196,#5057,#2747,.T.);
#6271=EDGE_CURVE('',#5190,#5196,#2748,.T.);
#6272=EDGE_CURVE('',#5061,#5066,#2749,.T.);
#6273=EDGE_CURVE('',#5064,#5067,#2750,.T.);
#6274=EDGE_CURVE('',#5063,#5199,#2751,.T.);
#6275=EDGE_CURVE('',#5199,#5200,#2752,.T.);
#6276=EDGE_CURVE('',#5064,#5200,#2753,.T.);
#6277=EDGE_CURVE('',#5063,#5068,#2754,.T.);
#6278=EDGE_CURVE('',#5201,#5068,#2755,.T.);
#6279=EDGE_CURVE('',#5202,#5067,#2756,.T.);
#6280=EDGE_CURVE('',#5201,#5202,#2757,.T.);
#6281=EDGE_CURVE('',#5077,#5074,#2758,.T.);
#6282=EDGE_CURVE('',#5076,#5071,#2759,.T.);
#6283=EDGE_CURVE('',#5078,#5073,#2760,.T.);
#6284=EDGE_CURVE('',#5203,#5074,#2761,.T.);
#6285=EDGE_CURVE('',#5204,#5073,#2762,.T.);
#6286=EDGE_CURVE('',#5203,#5204,#2763,.T.);
#6287=EDGE_CURVE('',#5077,#5205,#2764,.T.);
#6288=EDGE_CURVE('',#5205,#5206,#2765,.T.);
#6289=EDGE_CURVE('',#5078,#5206,#2766,.T.);
#6290=EDGE_CURVE('',#5087,#5084,#2767,.T.);
#6291=EDGE_CURVE('',#5086,#5081,#2768,.T.);
#6292=EDGE_CURVE('',#5088,#5083,#2769,.T.);
#6293=EDGE_CURVE('',#5207,#5084,#2770,.T.);
#6294=EDGE_CURVE('',#5208,#5083,#2771,.T.);
#6295=EDGE_CURVE('',#5207,#5208,#2772,.T.);
#6296=EDGE_CURVE('',#5087,#5209,#2773,.T.);
#6297=EDGE_CURVE('',#5209,#5210,#2774,.T.);
#6298=EDGE_CURVE('',#5088,#5210,#2775,.T.);
#6299=EDGE_CURVE('',#5089,#5095,#2776,.T.);
#6300=EDGE_CURVE('',#5093,#5097,#2777,.T.);
#6301=EDGE_CURVE('',#5092,#5211,#2778,.T.);
#6302=EDGE_CURVE('',#5211,#5212,#2779,.T.);
#6303=EDGE_CURVE('',#5093,#5212,#2780,.T.);
#6304=EDGE_CURVE('',#5092,#5098,#2781,.T.);
#6305=EDGE_CURVE('',#5213,#5098,#2782,.T.);
#6306=EDGE_CURVE('',#5214,#5097,#2783,.T.);
#6307=EDGE_CURVE('',#5213,#5214,#2784,.T.);
#6308=EDGE_CURVE('',#5107,#5104,#2785,.T.);
#6309=EDGE_CURVE('',#5106,#5101,#2786,.T.);
#6310=EDGE_CURVE('',#5108,#5103,#2787,.T.);
#6311=EDGE_CURVE('',#5215,#5104,#2788,.T.);
#6312=EDGE_CURVE('',#5216,#5103,#2789,.T.);
#6313=EDGE_CURVE('',#5215,#5216,#2790,.T.);
#6314=EDGE_CURVE('',#5217,#5107,#2791,.T.);
#6315=EDGE_CURVE('',#5217,#5218,#2792,.T.);
#6316=EDGE_CURVE('',#5108,#5218,#2793,.T.);
#6317=EDGE_CURVE('',#5111,#5116,#2794,.T.);
#6318=EDGE_CURVE('',#5114,#5117,#2795,.T.);
#6319=EDGE_CURVE('',#5219,#5113,#2796,.T.);
#6320=EDGE_CURVE('',#5219,#5220,#2797,.T.);
#6321=EDGE_CURVE('',#5114,#5220,#2798,.T.);
#6322=EDGE_CURVE('',#5113,#5118,#2799,.T.);
#6323=EDGE_CURVE('',#5221,#5118,#2800,.T.);
#6324=EDGE_CURVE('',#5222,#5117,#2801,.T.);
#6325=EDGE_CURVE('',#5221,#5222,#2802,.T.);
#6326=EDGE_CURVE('',#5121,#5126,#2803,.T.);
#6327=EDGE_CURVE('',#5124,#5127,#2804,.T.);
#6328=EDGE_CURVE('',#5223,#5123,#2805,.T.);
#6329=EDGE_CURVE('',#5223,#5224,#2806,.T.);
#6330=EDGE_CURVE('',#5124,#5224,#2807,.T.);
#6331=EDGE_CURVE('',#5123,#5128,#2808,.T.);
#6332=EDGE_CURVE('',#5225,#5128,#2809,.T.);
#6333=EDGE_CURVE('',#5226,#5127,#2810,.T.);
#6334=EDGE_CURVE('',#5225,#5226,#2811,.T.);
#6335=EDGE_CURVE('',#5137,#5134,#2812,.T.);
#6336=EDGE_CURVE('',#5136,#5131,#2813,.T.);
#6337=EDGE_CURVE('',#5138,#5133,#2814,.T.);
#6338=EDGE_CURVE('',#5227,#5134,#2815,.T.);
#6339=EDGE_CURVE('',#5228,#5133,#2816,.T.);
#6340=EDGE_CURVE('',#5227,#5228,#2817,.T.);
#6341=EDGE_CURVE('',#5229,#5137,#2818,.T.);
#6342=EDGE_CURVE('',#5229,#5230,#2819,.T.);
#6343=EDGE_CURVE('',#5138,#5230,#2820,.T.);
#6344=EDGE_CURVE('',#5147,#5144,#2821,.T.);
#6345=EDGE_CURVE('',#5146,#5141,#2822,.T.);
#6346=EDGE_CURVE('',#5148,#5143,#2823,.T.);
#6347=EDGE_CURVE('',#5231,#5144,#2824,.T.);
#6348=EDGE_CURVE('',#5232,#5143,#2825,.T.);
#6349=EDGE_CURVE('',#5231,#5232,#2826,.T.);
#6350=EDGE_CURVE('',#5233,#5147,#2827,.T.);
#6351=EDGE_CURVE('',#5233,#5234,#2828,.T.);
#6352=EDGE_CURVE('',#5148,#5234,#2829,.T.);
#6353=EDGE_CURVE('',#5151,#5156,#2830,.T.);
#6354=EDGE_CURVE('',#5154,#5157,#2831,.T.);
#6355=EDGE_CURVE('',#5153,#5235,#2832,.T.);
#6356=EDGE_CURVE('',#5235,#5236,#2833,.T.);
#6357=EDGE_CURVE('',#5154,#5236,#2834,.T.);
#6358=EDGE_CURVE('',#5153,#5158,#2835,.T.);
#6359=EDGE_CURVE('',#5237,#5158,#2836,.T.);
#6360=EDGE_CURVE('',#5238,#5157,#2837,.T.);
#6361=EDGE_CURVE('',#5237,#5238,#2838,.T.);
#6362=EDGE_CURVE('',#5159,#5165,#2839,.T.);
#6363=EDGE_CURVE('',#5163,#5167,#2840,.T.);
#6364=EDGE_CURVE('',#5162,#5239,#2841,.T.);
#6365=EDGE_CURVE('',#5239,#5240,#2842,.T.);
#6366=EDGE_CURVE('',#5163,#5240,#2843,.T.);
#6367=EDGE_CURVE('',#5162,#5168,#2844,.T.);
#6368=EDGE_CURVE('',#5241,#5168,#2845,.T.);
#6369=EDGE_CURVE('',#5242,#5167,#2846,.T.);
#6370=EDGE_CURVE('',#5241,#5242,#2847,.T.);
#6371=EDGE_CURVE('',#5171,#5176,#2848,.T.);
#6372=EDGE_CURVE('',#5174,#5177,#2849,.T.);
#6373=EDGE_CURVE('',#5243,#5173,#2850,.T.);
#6374=EDGE_CURVE('',#5243,#5244,#2851,.T.);
#6375=EDGE_CURVE('',#5174,#5244,#2852,.T.);
#6376=EDGE_CURVE('',#5173,#5178,#2853,.T.);
#6377=EDGE_CURVE('',#5245,#5178,#2854,.T.);
#6378=EDGE_CURVE('',#5246,#5177,#2855,.T.);
#6379=EDGE_CURVE('',#5245,#5246,#2856,.T.);
#6380=EDGE_CURVE('',#5179,#5185,#2857,.T.);
#6381=EDGE_CURVE('',#5183,#5187,#2858,.T.);
#6382=EDGE_CURVE('',#5182,#5247,#2859,.T.);
#6383=EDGE_CURVE('',#5247,#5248,#2860,.T.);
#6384=EDGE_CURVE('',#5183,#5248,#2861,.T.);
#6385=EDGE_CURVE('',#5182,#5188,#2862,.T.);
#6386=EDGE_CURVE('',#5249,#5188,#2863,.T.);
#6387=EDGE_CURVE('',#5250,#5187,#2864,.T.);
#6388=EDGE_CURVE('',#5249,#5250,#2865,.T.);
#6389=EDGE_CURVE('',#5189,#5195,#2866,.T.);
#6390=EDGE_CURVE('',#5193,#5197,#2867,.T.);
#6391=EDGE_CURVE('',#5251,#5192,#2868,.T.);
#6392=EDGE_CURVE('',#5251,#5252,#2869,.T.);
#6393=EDGE_CURVE('',#5193,#5252,#2870,.T.);
#6394=EDGE_CURVE('',#5192,#5198,#2871,.T.);
#6395=EDGE_CURVE('',#5253,#5198,#2872,.T.);
#6396=EDGE_CURVE('',#5254,#5197,#2873,.T.);
#6397=EDGE_CURVE('',#5253,#5254,#2874,.T.);
#6398=EDGE_CURVE('',#5200,#5202,#2875,.T.);
#6399=EDGE_CURVE('',#5199,#5201,#2876,.T.);
#6400=EDGE_CURVE('',#5205,#5203,#2877,.T.);
#6401=EDGE_CURVE('',#5206,#5204,#2878,.T.);
#6402=EDGE_CURVE('',#5209,#5207,#2879,.T.);
#6403=EDGE_CURVE('',#5210,#5208,#2880,.T.);
#6404=EDGE_CURVE('',#5212,#5214,#2881,.T.);
#6405=EDGE_CURVE('',#5211,#5213,#2882,.T.);
#6406=EDGE_CURVE('',#5217,#5215,#2883,.T.);
#6407=EDGE_CURVE('',#5218,#5216,#2884,.T.);
#6408=EDGE_CURVE('',#5220,#5222,#2885,.T.);
#6409=EDGE_CURVE('',#5219,#5221,#2886,.T.);
#6410=EDGE_CURVE('',#5224,#5226,#2887,.T.);
#6411=EDGE_CURVE('',#5223,#5225,#2888,.T.);
#6412=EDGE_CURVE('',#5229,#5227,#2889,.T.);
#6413=EDGE_CURVE('',#5230,#5228,#2890,.T.);
#6414=EDGE_CURVE('',#5233,#5231,#2891,.T.);
#6415=EDGE_CURVE('',#5234,#5232,#2892,.T.);
#6416=EDGE_CURVE('',#5236,#5238,#2893,.T.);
#6417=EDGE_CURVE('',#5235,#5237,#2894,.T.);
#6418=EDGE_CURVE('',#5240,#5242,#2895,.T.);
#6419=EDGE_CURVE('',#5239,#5241,#2896,.T.);
#6420=EDGE_CURVE('',#5244,#5246,#2897,.T.);
#6421=EDGE_CURVE('',#5243,#5245,#2898,.T.);
#6422=EDGE_CURVE('',#5248,#5250,#2899,.T.);
#6423=EDGE_CURVE('',#5247,#5249,#2900,.T.);
#6424=EDGE_CURVE('',#5252,#5254,#2901,.T.);
#6425=EDGE_CURVE('',#5251,#5253,#2902,.T.);
#6426=EDGE_CURVE('',#5255,#5256,#2903,.T.);
#6427=EDGE_CURVE('',#5257,#5255,#2904,.T.);
#6428=EDGE_CURVE('',#5258,#5257,#2905,.T.);
#6429=EDGE_CURVE('',#5256,#5258,#2906,.T.);
#6430=EDGE_CURVE('',#5259,#5257,#2907,.T.);
#6431=EDGE_CURVE('',#5259,#5260,#2908,.T.);
#6432=EDGE_CURVE('',#5260,#5258,#2909,.T.);
#6433=EDGE_CURVE('',#5255,#5261,#2910,.T.);
#6434=EDGE_CURVE('',#5261,#5259,#2911,.T.);
#6435=EDGE_CURVE('',#5256,#5262,#2912,.T.);
#6436=EDGE_CURVE('',#5261,#5262,#2913,.T.);
#6437=EDGE_CURVE('',#5262,#5260,#2914,.T.);
#6438=EDGE_CURVE('',#5261,#5263,#2915,.T.);
#6439=EDGE_CURVE('',#5262,#5264,#2916,.T.);
#6440=EDGE_CURVE('',#5263,#5264,#2917,.T.);
#6441=EDGE_CURVE('',#5263,#5265,#2918,.T.);
#6442=EDGE_CURVE('',#5259,#5265,#2919,.T.);
#6443=EDGE_CURVE('',#5265,#5266,#2920,.T.);
#6444=EDGE_CURVE('',#5260,#5266,#2921,.T.);
#6445=EDGE_CURVE('',#5264,#5266,#2922,.T.);
#6446=EDGE_CURVE('',#5267,#5268,#2923,.T.);
#6447=EDGE_CURVE('',#5268,#5269,#2924,.T.);
#6448=EDGE_CURVE('',#5270,#5269,#2925,.T.);
#6449=EDGE_CURVE('',#5267,#5270,#2926,.T.);
#6450=EDGE_CURVE('',#5271,#5267,#2927,.T.);
#6451=EDGE_CURVE('',#5272,#5270,#2928,.T.);
#6452=EDGE_CURVE('',#5271,#5272,#2929,.T.);
#6453=EDGE_CURVE('',#5271,#5273,#2930,.T.);
#6454=EDGE_CURVE('',#5273,#5268,#2931,.T.);
#6455=EDGE_CURVE('',#5273,#5274,#2932,.T.);
#6456=EDGE_CURVE('',#5274,#5269,#2933,.T.);
#6457=EDGE_CURVE('',#5272,#5274,#2934,.T.);
#6458=EDGE_CURVE('',#5275,#5276,#2935,.T.);
#6459=EDGE_CURVE('',#5276,#5271,#2936,.T.);
#6460=EDGE_CURVE('',#5272,#5275,#2937,.T.);
#6461=EDGE_CURVE('',#5277,#5275,#2938,.T.);
#6462=EDGE_CURVE('',#5274,#5277,#2939,.T.);
#6463=EDGE_CURVE('',#5278,#5277,#2940,.T.);
#6464=EDGE_CURVE('',#5278,#5273,#2941,.T.);
#6465=EDGE_CURVE('',#5276,#5278,#2942,.T.);
#6466=EDGE_CURVE('',#5279,#5280,#2943,.T.);
#6467=EDGE_CURVE('',#5281,#5279,#2944,.T.);
#6468=EDGE_CURVE('',#5282,#5281,#2945,.T.);
#6469=EDGE_CURVE('',#5280,#5282,#2946,.T.);
#6470=EDGE_CURVE('',#5281,#5283,#2947,.T.);
#6471=EDGE_CURVE('',#5284,#5283,#2948,.T.);
#6472=EDGE_CURVE('',#5282,#5284,#2949,.T.);
#6473=EDGE_CURVE('',#5285,#5279,#2950,.T.);
#6474=EDGE_CURVE('',#5283,#5285,#2951,.T.);
#6475=EDGE_CURVE('',#5286,#5280,#2952,.T.);
#6476=EDGE_CURVE('',#5286,#5285,#2953,.T.);
#6477=EDGE_CURVE('',#5284,#5286,#2954,.T.);
#6478=EDGE_CURVE('',#5286,#5287,#2955,.T.);
#6479=EDGE_CURVE('',#5287,#5288,#2956,.T.);
#6480=EDGE_CURVE('',#5285,#5288,#2957,.T.);
#6481=EDGE_CURVE('',#5283,#5289,#2958,.T.);
#6482=EDGE_CURVE('',#5289,#5288,#2959,.T.);
#6483=EDGE_CURVE('',#5284,#5290,#2960,.T.);
#6484=EDGE_CURVE('',#5290,#5289,#2961,.T.);
#6485=EDGE_CURVE('',#5290,#5287,#2962,.T.);
#6486=EDGE_CURVE('',#5291,#5292,#2963,.T.);
#6487=EDGE_CURVE('',#5292,#5293,#2964,.T.);
#6488=EDGE_CURVE('',#5294,#5293,#2965,.T.);
#6489=EDGE_CURVE('',#5291,#5294,#2966,.T.);
#6490=EDGE_CURVE('',#5295,#5291,#2967,.T.);
#6491=EDGE_CURVE('',#5295,#5296,#2968,.T.);
#6492=EDGE_CURVE('',#5296,#5292,#2969,.T.);
#6493=EDGE_CURVE('',#5296,#5297,#2970,.T.);
#6494=EDGE_CURVE('',#5297,#5293,#2971,.T.);
#6495=EDGE_CURVE('',#5298,#5294,#2972,.T.);
#6496=EDGE_CURVE('',#5298,#5297,#2973,.T.);
#6497=EDGE_CURVE('',#5295,#5298,#2974,.T.);
#6498=EDGE_CURVE('',#5299,#5300,#2975,.T.);
#6499=EDGE_CURVE('',#5300,#5296,#2976,.T.);
#6500=EDGE_CURVE('',#5299,#5295,#2977,.T.);
#6501=EDGE_CURVE('',#5301,#5299,#2978,.T.);
#6502=EDGE_CURVE('',#5298,#5301,#2979,.T.);
#6503=EDGE_CURVE('',#5302,#5301,#2980,.T.);
#6504=EDGE_CURVE('',#5297,#5302,#2981,.T.);
#6505=EDGE_CURVE('',#5300,#5302,#2982,.T.);
#6506=EDGE_CURVE('',#5303,#5304,#2983,.T.);
#6507=EDGE_CURVE('',#5305,#5303,#2984,.T.);
#6508=EDGE_CURVE('',#5306,#5305,#2985,.T.);
#6509=EDGE_CURVE('',#5304,#5306,#2986,.T.);
#6510=EDGE_CURVE('',#5305,#5307,#2987,.T.);
#6511=EDGE_CURVE('',#5308,#5307,#2988,.T.);
#6512=EDGE_CURVE('',#5306,#5308,#2989,.T.);
#6513=EDGE_CURVE('',#5309,#5303,#2990,.T.);
#6514=EDGE_CURVE('',#5307,#5309,#2991,.T.);
#6515=EDGE_CURVE('',#5310,#5304,#2992,.T.);
#6516=EDGE_CURVE('',#5310,#5309,#2993,.T.);
#6517=EDGE_CURVE('',#5308,#5310,#2994,.T.);
#6518=EDGE_CURVE('',#5310,#5311,#2995,.T.);
#6519=EDGE_CURVE('',#5311,#5312,#2996,.T.);
#6520=EDGE_CURVE('',#5309,#5312,#2997,.T.);
#6521=EDGE_CURVE('',#5307,#5313,#2998,.T.);
#6522=EDGE_CURVE('',#5313,#5312,#2999,.T.);
#6523=EDGE_CURVE('',#5308,#5314,#3000,.T.);
#6524=EDGE_CURVE('',#5314,#5313,#3001,.T.);
#6525=EDGE_CURVE('',#5314,#5311,#3002,.T.);
#6526=EDGE_CURVE('',#5315,#5316,#3003,.T.);
#6527=EDGE_CURVE('',#5316,#5317,#3004,.T.);
#6528=EDGE_CURVE('',#5318,#5317,#3005,.T.);
#6529=EDGE_CURVE('',#5315,#5318,#3006,.T.);
#6530=EDGE_CURVE('',#5319,#5316,#3007,.T.);
#6531=EDGE_CURVE('',#5319,#5320,#3008,.T.);
#6532=EDGE_CURVE('',#5320,#5317,#3009,.T.);
#6533=EDGE_CURVE('',#5321,#5318,#3010,.T.);
#6534=EDGE_CURVE('',#5321,#5320,#3011,.T.);
#6535=EDGE_CURVE('',#5322,#5315,#3012,.T.);
#6536=EDGE_CURVE('',#5322,#5321,#3013,.T.);
#6537=EDGE_CURVE('',#5322,#5319,#3014,.T.);
#6538=EDGE_CURVE('',#5323,#5324,#3015,.T.);
#6539=EDGE_CURVE('',#5320,#5324,#3016,.T.);
#6540=EDGE_CURVE('',#5323,#5319,#3017,.T.);
#6541=EDGE_CURVE('',#5325,#5323,#3018,.T.);
#6542=EDGE_CURVE('',#5325,#5322,#3019,.T.);
#6543=EDGE_CURVE('',#5326,#5325,#3020,.T.);
#6544=EDGE_CURVE('',#5321,#5326,#3021,.T.);
#6545=EDGE_CURVE('',#5324,#5326,#3022,.T.);
#6546=EDGE_CURVE('',#5327,#5328,#3023,.T.);
#6547=EDGE_CURVE('',#5329,#5327,#3024,.T.);
#6548=EDGE_CURVE('',#5330,#5329,#3025,.T.);
#6549=EDGE_CURVE('',#5328,#5330,#3026,.T.);
#6550=EDGE_CURVE('',#5331,#5329,#3027,.T.);
#6551=EDGE_CURVE('',#5331,#5332,#3028,.T.);
#6552=EDGE_CURVE('',#5332,#5330,#3029,.T.);
#6553=EDGE_CURVE('',#5327,#5333,#3030,.T.);
#6554=EDGE_CURVE('',#5333,#5331,#3031,.T.);
#6555=EDGE_CURVE('',#5328,#5334,#3032,.T.);
#6556=EDGE_CURVE('',#5333,#5334,#3033,.T.);
#6557=EDGE_CURVE('',#5334,#5332,#3034,.T.);
#6558=EDGE_CURVE('',#5333,#5335,#3035,.T.);
#6559=EDGE_CURVE('',#5334,#5336,#3036,.T.);
#6560=EDGE_CURVE('',#5335,#5336,#3037,.T.);
#6561=EDGE_CURVE('',#5335,#5337,#3038,.T.);
#6562=EDGE_CURVE('',#5331,#5337,#3039,.T.);
#6563=EDGE_CURVE('',#5337,#5338,#3040,.T.);
#6564=EDGE_CURVE('',#5332,#5338,#3041,.T.);
#6565=EDGE_CURVE('',#5336,#5338,#3042,.T.);
#6566=EDGE_CURVE('',#5339,#5340,#3043,.T.);
#6567=EDGE_CURVE('',#5340,#5341,#3044,.T.);
#6568=EDGE_CURVE('',#5342,#5341,#3045,.T.);
#6569=EDGE_CURVE('',#5339,#5342,#3046,.T.);
#6570=EDGE_CURVE('',#5343,#5339,#3047,.T.);
#6571=EDGE_CURVE('',#5344,#5342,#3048,.T.);
#6572=EDGE_CURVE('',#5343,#5344,#3049,.T.);
#6573=EDGE_CURVE('',#5343,#5345,#3050,.T.);
#6574=EDGE_CURVE('',#5345,#5340,#3051,.T.);
#6575=EDGE_CURVE('',#5345,#5346,#3052,.T.);
#6576=EDGE_CURVE('',#5346,#5341,#3053,.T.);
#6577=EDGE_CURVE('',#5344,#5346,#3054,.T.);
#6578=EDGE_CURVE('',#5347,#5348,#3055,.T.);
#6579=EDGE_CURVE('',#5348,#5343,#3056,.T.);
#6580=EDGE_CURVE('',#5344,#5347,#3057,.T.);
#6581=EDGE_CURVE('',#5349,#5347,#3058,.T.);
#6582=EDGE_CURVE('',#5346,#5349,#3059,.T.);
#6583=EDGE_CURVE('',#5350,#5349,#3060,.T.);
#6584=EDGE_CURVE('',#5350,#5345,#3061,.T.);
#6585=EDGE_CURVE('',#5348,#5350,#3062,.T.);
#6586=EDGE_CURVE('',#5351,#5352,#3063,.T.);
#6587=EDGE_CURVE('',#5353,#5351,#3064,.T.);
#6588=EDGE_CURVE('',#5354,#5353,#3065,.T.);
#6589=EDGE_CURVE('',#5352,#5354,#3066,.T.);
#6590=EDGE_CURVE('',#5353,#5355,#3067,.T.);
#6591=EDGE_CURVE('',#5356,#5355,#3068,.T.);
#6592=EDGE_CURVE('',#5354,#5356,#3069,.T.);
#6593=EDGE_CURVE('',#5357,#5351,#3070,.T.);
#6594=EDGE_CURVE('',#5355,#5357,#3071,.T.);
#6595=EDGE_CURVE('',#5358,#5352,#3072,.T.);
#6596=EDGE_CURVE('',#5358,#5357,#3073,.T.);
#6597=EDGE_CURVE('',#5356,#5358,#3074,.T.);
#6598=EDGE_CURVE('',#5358,#5359,#3075,.T.);
#6599=EDGE_CURVE('',#5359,#5360,#3076,.T.);
#6600=EDGE_CURVE('',#5357,#5360,#3077,.T.);
#6601=EDGE_CURVE('',#5355,#5361,#3078,.T.);
#6602=EDGE_CURVE('',#5361,#5360,#3079,.T.);
#6603=EDGE_CURVE('',#5356,#5362,#3080,.T.);
#6604=EDGE_CURVE('',#5362,#5361,#3081,.T.);
#6605=EDGE_CURVE('',#5362,#5359,#3082,.T.);
#6606=EDGE_CURVE('',#5363,#5364,#3083,.T.);
#6607=EDGE_CURVE('',#5364,#5365,#3084,.T.);
#6608=EDGE_CURVE('',#5366,#5365,#3085,.T.);
#6609=EDGE_CURVE('',#5363,#5366,#3086,.T.);
#6610=EDGE_CURVE('',#5367,#5364,#3087,.T.);
#6611=EDGE_CURVE('',#5367,#5368,#3088,.T.);
#6612=EDGE_CURVE('',#5368,#5365,#3089,.T.);
#6613=EDGE_CURVE('',#5369,#5366,#3090,.T.);
#6614=EDGE_CURVE('',#5369,#5368,#3091,.T.);
#6615=EDGE_CURVE('',#5370,#5363,#3092,.T.);
#6616=EDGE_CURVE('',#5370,#5369,#3093,.T.);
#6617=EDGE_CURVE('',#5370,#5367,#3094,.T.);
#6618=EDGE_CURVE('',#5371,#5372,#3095,.T.);
#6619=EDGE_CURVE('',#5368,#5372,#3096,.T.);
#6620=EDGE_CURVE('',#5371,#5367,#3097,.T.);
#6621=EDGE_CURVE('',#5373,#5371,#3098,.T.);
#6622=EDGE_CURVE('',#5373,#5370,#3099,.T.);
#6623=EDGE_CURVE('',#5374,#5373,#3100,.T.);
#6624=EDGE_CURVE('',#5369,#5374,#3101,.T.);
#6625=EDGE_CURVE('',#5372,#5374,#3102,.T.);
#6626=EDGE_CURVE('',#5375,#5376,#3103,.T.);
#6627=EDGE_CURVE('',#5377,#5375,#3104,.T.);
#6628=EDGE_CURVE('',#5378,#5377,#3105,.T.);
#6629=EDGE_CURVE('',#5376,#5378,#3106,.T.);
#6630=EDGE_CURVE('',#5379,#5377,#3107,.T.);
#6631=EDGE_CURVE('',#5380,#5379,#3108,.T.);
#6632=EDGE_CURVE('',#5378,#5380,#3109,.T.);
#6633=EDGE_CURVE('',#5381,#5375,#3110,.T.);
#6634=EDGE_CURVE('',#5381,#5379,#3111,.T.);
#6635=EDGE_CURVE('',#5376,#5382,#3112,.T.);
#6636=EDGE_CURVE('',#5382,#5381,#3113,.T.);
#6637=EDGE_CURVE('',#5382,#5380,#3114,.T.);
#6638=EDGE_CURVE('',#5382,#5383,#3115,.T.);
#6639=EDGE_CURVE('',#5383,#5384,#3116,.T.);
#6640=EDGE_CURVE('',#5381,#5384,#3117,.T.);
#6641=EDGE_CURVE('',#5384,#5385,#3118,.T.);
#6642=EDGE_CURVE('',#5379,#5385,#3119,.T.);
#6643=EDGE_CURVE('',#5380,#5386,#3120,.T.);
#6644=EDGE_CURVE('',#5386,#5385,#3121,.T.);
#6645=EDGE_CURVE('',#5383,#5386,#3122,.T.);
#6646=EDGE_CURVE('',#5387,#5388,#3123,.T.);
#6647=EDGE_CURVE('',#5388,#5389,#3124,.T.);
#6648=EDGE_CURVE('',#5390,#5389,#3125,.T.);
#6649=EDGE_CURVE('',#5387,#5390,#3126,.T.);
#6650=EDGE_CURVE('',#5391,#5388,#3127,.T.);
#6651=EDGE_CURVE('',#5391,#5392,#3128,.T.);
#6652=EDGE_CURVE('',#5392,#5389,#3129,.T.);
#6653=EDGE_CURVE('',#5393,#5390,#3130,.T.);
#6654=EDGE_CURVE('',#5393,#5392,#3131,.T.);
#6655=EDGE_CURVE('',#5394,#5387,#3132,.T.);
#6656=EDGE_CURVE('',#5394,#5393,#3133,.T.);
#6657=EDGE_CURVE('',#5394,#5391,#3134,.T.);
#6658=EDGE_CURVE('',#5395,#5396,#3135,.T.);
#6659=EDGE_CURVE('',#5392,#5396,#3136,.T.);
#6660=EDGE_CURVE('',#5395,#5391,#3137,.T.);
#6661=EDGE_CURVE('',#5397,#5395,#3138,.T.);
#6662=EDGE_CURVE('',#5397,#5394,#3139,.T.);
#6663=EDGE_CURVE('',#5398,#5397,#3140,.T.);
#6664=EDGE_CURVE('',#5393,#5398,#3141,.T.);
#6665=EDGE_CURVE('',#5396,#5398,#3142,.T.);
#6666=EDGE_CURVE('',#5399,#5400,#3143,.T.);
#6667=EDGE_CURVE('',#5401,#5399,#3144,.T.);
#6668=EDGE_CURVE('',#5402,#5401,#3145,.T.);
#6669=EDGE_CURVE('',#5400,#5402,#3146,.T.);
#6670=EDGE_CURVE('',#5403,#5401,#3147,.T.);
#6671=EDGE_CURVE('',#5404,#5403,#3148,.T.);
#6672=EDGE_CURVE('',#5402,#5404,#3149,.T.);
#6673=EDGE_CURVE('',#5405,#5399,#3150,.T.);
#6674=EDGE_CURVE('',#5405,#5403,#3151,.T.);
#6675=EDGE_CURVE('',#5400,#5406,#3152,.T.);
#6676=EDGE_CURVE('',#5406,#5405,#3153,.T.);
#6677=EDGE_CURVE('',#5406,#5404,#3154,.T.);
#6678=EDGE_CURVE('',#5406,#5407,#3155,.T.);
#6679=EDGE_CURVE('',#5407,#5408,#3156,.T.);
#6680=EDGE_CURVE('',#5405,#5408,#3157,.T.);
#6681=EDGE_CURVE('',#5408,#5409,#3158,.T.);
#6682=EDGE_CURVE('',#5403,#5409,#3159,.T.);
#6683=EDGE_CURVE('',#5404,#5410,#3160,.T.);
#6684=EDGE_CURVE('',#5410,#5409,#3161,.T.);
#6685=EDGE_CURVE('',#5407,#5410,#3162,.T.);
#6686=EDGE_CURVE('',#5411,#5412,#3163,.T.);
#6687=EDGE_CURVE('',#5412,#5413,#3164,.T.);
#6688=EDGE_CURVE('',#5414,#5413,#3165,.T.);
#6689=EDGE_CURVE('',#5411,#5414,#3166,.T.);
#6690=EDGE_CURVE('',#5415,#5411,#3167,.T.);
#6691=EDGE_CURVE('',#5415,#5416,#3168,.T.);
#6692=EDGE_CURVE('',#5416,#5412,#3169,.T.);
#6693=EDGE_CURVE('',#5416,#5417,#3170,.T.);
#6694=EDGE_CURVE('',#5417,#5413,#3171,.T.);
#6695=EDGE_CURVE('',#5418,#5414,#3172,.T.);
#6696=EDGE_CURVE('',#5418,#5417,#3173,.T.);
#6697=EDGE_CURVE('',#5415,#5418,#3174,.T.);
#6698=EDGE_CURVE('',#5419,#5420,#3175,.T.);
#6699=EDGE_CURVE('',#5420,#5416,#3176,.T.);
#6700=EDGE_CURVE('',#5419,#5415,#3177,.T.);
#6701=EDGE_CURVE('',#5421,#5419,#3178,.T.);
#6702=EDGE_CURVE('',#5418,#5421,#3179,.T.);
#6703=EDGE_CURVE('',#5422,#5421,#3180,.T.);
#6704=EDGE_CURVE('',#5417,#5422,#3181,.T.);
#6705=EDGE_CURVE('',#5420,#5422,#3182,.T.);
#6706=EDGE_CURVE('',#5423,#5424,#3183,.T.);
#6707=EDGE_CURVE('',#5424,#5425,#257,.T.);
#6708=EDGE_CURVE('',#5426,#5425,#3184,.T.);
#6709=EDGE_CURVE('',#5423,#5426,#258,.T.);
#6710=EDGE_CURVE('',#5427,#5428,#3185,.T.);
#6711=EDGE_CURVE('',#5428,#5424,#3186,.T.);
#6712=EDGE_CURVE('',#5427,#5423,#3187,.T.);
#6713=EDGE_CURVE('',#5425,#5429,#3188,.T.);
#6714=EDGE_CURVE('',#5430,#5429,#3189,.T.);
#6715=EDGE_CURVE('',#5426,#5430,#3190,.T.);
#6716=EDGE_CURVE('',#5430,#5431,#259,.T.);
#6717=EDGE_CURVE('',#5431,#5432,#3191,.T.);
#6718=EDGE_CURVE('',#5432,#5433,#260,.T.);
#6719=EDGE_CURVE('',#5433,#5434,#3192,.T.);
#6720=EDGE_CURVE('',#5434,#5427,#261,.T.);
#6721=EDGE_CURVE('',#5435,#5435,#262,.T.);
#6722=EDGE_CURVE('',#5436,#5436,#263,.T.);
#6723=EDGE_CURVE('',#5437,#5437,#264,.T.);
#6724=EDGE_CURVE('',#5438,#5438,#265,.T.);
#6725=EDGE_CURVE('',#5439,#5439,#266,.T.);
#6726=EDGE_CURVE('',#5440,#5440,#267,.T.);
#6727=EDGE_CURVE('',#5441,#5441,#268,.T.);
#6728=EDGE_CURVE('',#5442,#5442,#269,.T.);
#6729=EDGE_CURVE('',#5443,#5443,#270,.T.);
#6730=EDGE_CURVE('',#5444,#5444,#271,.T.);
#6731=EDGE_CURVE('',#5445,#5445,#272,.T.);
#6732=EDGE_CURVE('',#5446,#5446,#273,.T.);
#6733=EDGE_CURVE('',#5447,#5447,#274,.T.);
#6734=EDGE_CURVE('',#5448,#5448,#275,.T.);
#6735=EDGE_CURVE('',#5449,#5449,#276,.T.);
#6736=EDGE_CURVE('',#5450,#5450,#277,.T.);
#6737=EDGE_CURVE('',#5451,#5451,#278,.T.);
#6738=EDGE_CURVE('',#5452,#5452,#279,.T.);
#6739=EDGE_CURVE('',#5453,#5453,#280,.T.);
#6740=EDGE_CURVE('',#5454,#5454,#281,.T.);
#6741=EDGE_CURVE('',#5455,#5455,#282,.T.);
#6742=EDGE_CURVE('',#5456,#5456,#283,.T.);
#6743=EDGE_CURVE('',#5457,#5457,#284,.T.);
#6744=EDGE_CURVE('',#5458,#5458,#285,.T.);
#6745=EDGE_CURVE('',#5459,#5459,#286,.T.);
#6746=EDGE_CURVE('',#5460,#5460,#287,.T.);
#6747=EDGE_CURVE('',#5461,#5461,#288,.T.);
#6748=EDGE_CURVE('',#5462,#5462,#289,.T.);
#6749=EDGE_CURVE('',#5463,#5463,#290,.T.);
#6750=EDGE_CURVE('',#5464,#5464,#291,.T.);
#6751=EDGE_CURVE('',#5465,#5465,#292,.T.);
#6752=EDGE_CURVE('',#5466,#5466,#293,.T.);
#6753=EDGE_CURVE('',#5467,#5428,#294,.T.);
#6754=EDGE_CURVE('',#5468,#5467,#3193,.T.);
#6755=EDGE_CURVE('',#5469,#5468,#295,.T.);
#6756=EDGE_CURVE('',#5470,#5469,#3194,.T.);
#6757=EDGE_CURVE('',#5429,#5470,#296,.T.);
#6758=EDGE_CURVE('',#5471,#5471,#297,.T.);
#6759=EDGE_CURVE('',#5472,#5472,#298,.T.);
#6760=EDGE_CURVE('',#5473,#5473,#299,.T.);
#6761=EDGE_CURVE('',#5474,#5474,#300,.T.);
#6762=EDGE_CURVE('',#5475,#5475,#301,.T.);
#6763=EDGE_CURVE('',#5476,#5476,#302,.T.);
#6764=EDGE_CURVE('',#5477,#5477,#303,.T.);
#6765=EDGE_CURVE('',#5478,#5478,#304,.T.);
#6766=EDGE_CURVE('',#5479,#5479,#305,.T.);
#6767=EDGE_CURVE('',#5480,#5480,#306,.T.);
#6768=EDGE_CURVE('',#5481,#5481,#307,.T.);
#6769=EDGE_CURVE('',#5482,#5482,#308,.T.);
#6770=EDGE_CURVE('',#5483,#5483,#309,.T.);
#6771=EDGE_CURVE('',#5484,#5484,#310,.T.);
#6772=EDGE_CURVE('',#5485,#5485,#311,.T.);
#6773=EDGE_CURVE('',#5486,#5486,#312,.T.);
#6774=EDGE_CURVE('',#5487,#5487,#313,.T.);
#6775=EDGE_CURVE('',#5488,#5488,#314,.T.);
#6776=EDGE_CURVE('',#5489,#5489,#315,.T.);
#6777=EDGE_CURVE('',#5490,#5490,#316,.T.);
#6778=EDGE_CURVE('',#5491,#5491,#317,.T.);
#6779=EDGE_CURVE('',#5492,#5492,#318,.T.);
#6780=EDGE_CURVE('',#5493,#5493,#319,.T.);
#6781=EDGE_CURVE('',#5494,#5494,#320,.T.);
#6782=EDGE_CURVE('',#5495,#5495,#321,.T.);
#6783=EDGE_CURVE('',#5496,#5496,#322,.T.);
#6784=EDGE_CURVE('',#5497,#5497,#323,.T.);
#6785=EDGE_CURVE('',#5498,#5498,#324,.T.);
#6786=EDGE_CURVE('',#5499,#5499,#325,.T.);
#6787=EDGE_CURVE('',#5500,#5500,#326,.T.);
#6788=EDGE_CURVE('',#5501,#5501,#327,.T.);
#6789=EDGE_CURVE('',#5502,#5502,#328,.T.);
#6790=EDGE_CURVE('',#5434,#5467,#3195,.T.);
#6791=EDGE_CURVE('',#5431,#5470,#3196,.T.);
#6792=EDGE_CURVE('',#5433,#5468,#3197,.T.);
#6793=EDGE_CURVE('',#5432,#5469,#3198,.T.);
#6794=EDGE_CURVE('',#5471,#5435,#3199,.T.);
#6795=EDGE_CURVE('',#5472,#5436,#3200,.T.);
#6796=EDGE_CURVE('',#5473,#5437,#3201,.T.);
#6797=EDGE_CURVE('',#5474,#5438,#3202,.T.);
#6798=EDGE_CURVE('',#5475,#5439,#3203,.T.);
#6799=EDGE_CURVE('',#5476,#5440,#3204,.T.);
#6800=EDGE_CURVE('',#5477,#5441,#3205,.T.);
#6801=EDGE_CURVE('',#5478,#5442,#3206,.T.);
#6802=EDGE_CURVE('',#5479,#5443,#3207,.T.);
#6803=EDGE_CURVE('',#5480,#5444,#3208,.T.);
#6804=EDGE_CURVE('',#5481,#5445,#3209,.T.);
#6805=EDGE_CURVE('',#5482,#5446,#3210,.T.);
#6806=EDGE_CURVE('',#5483,#5447,#3211,.T.);
#6807=EDGE_CURVE('',#5484,#5448,#3212,.T.);
#6808=EDGE_CURVE('',#5485,#5449,#3213,.T.);
#6809=EDGE_CURVE('',#5486,#5450,#3214,.T.);
#6810=EDGE_CURVE('',#5487,#5451,#3215,.T.);
#6811=EDGE_CURVE('',#5488,#5452,#3216,.T.);
#6812=EDGE_CURVE('',#5489,#5453,#3217,.T.);
#6813=EDGE_CURVE('',#5490,#5454,#3218,.T.);
#6814=EDGE_CURVE('',#5491,#5455,#3219,.T.);
#6815=EDGE_CURVE('',#5492,#5456,#3220,.T.);
#6816=EDGE_CURVE('',#5493,#5457,#3221,.T.);
#6817=EDGE_CURVE('',#5494,#5458,#3222,.T.);
#6818=EDGE_CURVE('',#5495,#5459,#3223,.T.);
#6819=EDGE_CURVE('',#5496,#5460,#3224,.T.);
#6820=EDGE_CURVE('',#5497,#5461,#3225,.T.);
#6821=EDGE_CURVE('',#5498,#5462,#3226,.T.);
#6822=EDGE_CURVE('',#5499,#5463,#3227,.T.);
#6823=EDGE_CURVE('',#5500,#5464,#3228,.T.);
#6824=EDGE_CURVE('',#5501,#5465,#3229,.T.);
#6825=EDGE_CURVE('',#5502,#5466,#3230,.T.);
#6826=EDGE_CURVE('',#5503,#5504,#329,.T.);
#6827=EDGE_CURVE('',#5504,#5505,#3231,.T.);
#6828=EDGE_CURVE('',#5505,#5506,#330,.T.);
#6829=EDGE_CURVE('',#5506,#5503,#3232,.T.);
#6830=EDGE_CURVE('',#5507,#5504,#3233,.T.);
#6831=EDGE_CURVE('',#5508,#5507,#3234,.T.);
#6832=EDGE_CURVE('',#5509,#5508,#3235,.T.);
#6833=EDGE_CURVE('',#5510,#5509,#3236,.T.);
#6834=EDGE_CURVE('',#5505,#5510,#3237,.T.);
#6835=EDGE_CURVE('',#5503,#5511,#3238,.T.);
#6836=EDGE_CURVE('',#5512,#5511,#331,.T.);
#6837=EDGE_CURVE('',#5512,#5513,#3239,.T.);
#6838=EDGE_CURVE('',#5514,#5513,#332,.T.);
#6839=EDGE_CURVE('',#5514,#5515,#3240,.T.);
#6840=EDGE_CURVE('',#5507,#5515,#333,.T.);
#6841=EDGE_CURVE('',#5516,#5517,#3241,.T.);
#6842=EDGE_CURVE('',#5518,#5517,#334,.T.);
#6843=EDGE_CURVE('',#5518,#5519,#3242,.T.);
#6844=EDGE_CURVE('',#5520,#5519,#335,.T.);
#6845=EDGE_CURVE('',#5520,#5521,#3243,.T.);
#6846=EDGE_CURVE('',#5522,#5521,#336,.T.);
#6847=EDGE_CURVE('',#5522,#5523,#3244,.T.);
#6848=EDGE_CURVE('',#5524,#5523,#337,.T.);
#6849=EDGE_CURVE('',#5524,#5525,#3245,.T.);
#6850=EDGE_CURVE('',#5516,#5525,#338,.T.);
#6851=EDGE_CURVE('',#5526,#5527,#3246,.T.);
#6852=EDGE_CURVE('',#5528,#5527,#339,.T.);
#6853=EDGE_CURVE('',#5528,#5529,#3247,.T.);
#6854=EDGE_CURVE('',#5530,#5529,#340,.T.);
#6855=EDGE_CURVE('',#5530,#5531,#3248,.T.);
#6856=EDGE_CURVE('',#5532,#5531,#341,.T.);
#6857=EDGE_CURVE('',#5532,#5533,#3249,.T.);
#6858=EDGE_CURVE('',#5534,#5533,#342,.T.);
#6859=EDGE_CURVE('',#5534,#5535,#3250,.T.);
#6860=EDGE_CURVE('',#5526,#5535,#343,.T.);
#6861=EDGE_CURVE('',#5536,#5537,#3251,.T.);
#6862=EDGE_CURVE('',#5538,#5537,#344,.T.);
#6863=EDGE_CURVE('',#5538,#5539,#3252,.T.);
#6864=EDGE_CURVE('',#5540,#5539,#345,.T.);
#6865=EDGE_CURVE('',#5540,#5541,#3253,.T.);
#6866=EDGE_CURVE('',#5542,#5541,#346,.T.);
#6867=EDGE_CURVE('',#5542,#5543,#3254,.T.);
#6868=EDGE_CURVE('',#5544,#5543,#347,.T.);
#6869=EDGE_CURVE('',#5544,#5545,#3255,.T.);
#6870=EDGE_CURVE('',#5536,#5545,#348,.T.);
#6871=EDGE_CURVE('',#5546,#5547,#3256,.T.);
#6872=EDGE_CURVE('',#5548,#5547,#349,.T.);
#6873=EDGE_CURVE('',#5548,#5549,#3257,.T.);
#6874=EDGE_CURVE('',#5550,#5549,#350,.T.);
#6875=EDGE_CURVE('',#5550,#5551,#3258,.T.);
#6876=EDGE_CURVE('',#5552,#5551,#351,.T.);
#6877=EDGE_CURVE('',#5552,#5553,#3259,.T.);
#6878=EDGE_CURVE('',#5554,#5553,#352,.T.);
#6879=EDGE_CURVE('',#5554,#5555,#3260,.T.);
#6880=EDGE_CURVE('',#5546,#5555,#353,.T.);
#6881=EDGE_CURVE('',#5511,#5556,#3261,.T.);
#6882=EDGE_CURVE('',#5556,#5557,#354,.T.);
#6883=EDGE_CURVE('',#5557,#5512,#3262,.T.);
#6884=EDGE_CURVE('',#5558,#5557,#3263,.T.);
#6885=EDGE_CURVE('',#5558,#5559,#3264,.T.);
#6886=EDGE_CURVE('',#5560,#5559,#3265,.T.);
#6887=EDGE_CURVE('',#5513,#5560,#3266,.T.);
#6888=EDGE_CURVE('',#5560,#5561,#355,.T.);
#6889=EDGE_CURVE('',#5561,#5514,#3267,.T.);
#6890=EDGE_CURVE('',#5562,#5561,#3268,.T.);
#6891=EDGE_CURVE('',#5515,#5562,#3269,.T.);
#6892=EDGE_CURVE('',#5559,#5563,#3270,.T.);
#6893=EDGE_CURVE('',#5563,#5564,#3271,.T.);
#6894=EDGE_CURVE('',#5564,#5565,#3272,.T.);
#6895=EDGE_CURVE('',#5565,#5566,#3273,.T.);
#6896=EDGE_CURVE('',#5566,#5509,#3274,.T.);
#6897=EDGE_CURVE('',#5562,#5508,#356,.T.);
#6898=EDGE_CURVE('',#5567,#5568,#3275,.F.);
#6899=EDGE_CURVE('',#5569,#5567,#3276,.T.);
#6900=EDGE_CURVE('',#5570,#5569,#3277,.T.);
#6901=EDGE_CURVE('',#5570,#5568,#3278,.F.);
#6902=EDGE_CURVE('',#5568,#5571,#3279,.F.);
#6903=EDGE_CURVE('',#5572,#5570,#3280,.T.);
#6904=EDGE_CURVE('',#5571,#5572,#3281,.F.);
#6905=EDGE_CURVE('',#5573,#5567,#3282,.F.);
#6906=EDGE_CURVE('',#5574,#5573,#3283,.F.);
#6907=EDGE_CURVE('',#5569,#5574,#3284,.T.);
#6908=EDGE_CURVE('',#5575,#5571,#3285,.T.);
#6909=EDGE_CURVE('',#5575,#5576,#3286,.F.);
#6910=EDGE_CURVE('',#5576,#5577,#3287,.F.);
#6911=EDGE_CURVE('',#5578,#5577,#3288,.T.);
#6912=EDGE_CURVE('',#5573,#5578,#3289,.T.);
#6913=EDGE_CURVE('',#5510,#5579,#3290,.T.);
#6914=EDGE_CURVE('',#5579,#5575,#3291,.T.);
#6915=EDGE_CURVE('',#5572,#5506,#3292,.T.);
#6916=EDGE_CURVE('',#5525,#5580,#3293,.T.);
#6917=EDGE_CURVE('',#5580,#5581,#357,.T.);
#6918=EDGE_CURVE('',#5581,#5516,#3294,.T.);
#6919=EDGE_CURVE('',#5582,#5524,#3295,.T.);
#6920=EDGE_CURVE('',#5580,#5582,#3296,.T.);
#6921=EDGE_CURVE('',#5523,#5583,#3297,.T.);
#6922=EDGE_CURVE('',#5583,#5582,#358,.T.);
#6923=EDGE_CURVE('',#5584,#5522,#3298,.T.);
#6924=EDGE_CURVE('',#5583,#5584,#3299,.T.);
#6925=EDGE_CURVE('',#5521,#5585,#3300,.T.);
#6926=EDGE_CURVE('',#5585,#5584,#359,.T.);
#6927=EDGE_CURVE('',#5586,#5520,#3301,.T.);
#6928=EDGE_CURVE('',#5585,#5586,#3302,.T.);
#6929=EDGE_CURVE('',#5519,#5587,#3303,.T.);
#6930=EDGE_CURVE('',#5587,#5586,#360,.T.);
#6931=EDGE_CURVE('',#5588,#5518,#3304,.T.);
#6932=EDGE_CURVE('',#5587,#5588,#3305,.T.);
#6933=EDGE_CURVE('',#5517,#5589,#3306,.T.);
#6934=EDGE_CURVE('',#5589,#5588,#361,.T.);
#6935=EDGE_CURVE('',#5589,#5581,#3307,.T.);
#6936=EDGE_CURVE('',#5535,#5590,#3308,.T.);
#6937=EDGE_CURVE('',#5590,#5591,#362,.T.);
#6938=EDGE_CURVE('',#5591,#5526,#3309,.T.);
#6939=EDGE_CURVE('',#5592,#5534,#3310,.T.);
#6940=EDGE_CURVE('',#5590,#5592,#3311,.T.);
#6941=EDGE_CURVE('',#5533,#5593,#3312,.T.);
#6942=EDGE_CURVE('',#5593,#5592,#363,.T.);
#6943=EDGE_CURVE('',#5594,#5532,#3313,.T.);
#6944=EDGE_CURVE('',#5593,#5594,#3314,.T.);
#6945=EDGE_CURVE('',#5531,#5595,#3315,.T.);
#6946=EDGE_CURVE('',#5595,#5594,#364,.T.);
#6947=EDGE_CURVE('',#5596,#5530,#3316,.T.);
#6948=EDGE_CURVE('',#5595,#5596,#3317,.T.);
#6949=EDGE_CURVE('',#5529,#5597,#3318,.T.);
#6950=EDGE_CURVE('',#5597,#5596,#365,.T.);
#6951=EDGE_CURVE('',#5598,#5528,#3319,.T.);
#6952=EDGE_CURVE('',#5597,#5598,#3320,.T.);
#6953=EDGE_CURVE('',#5527,#5599,#3321,.T.);
#6954=EDGE_CURVE('',#5599,#5598,#366,.T.);
#6955=EDGE_CURVE('',#5599,#5591,#3322,.T.);
#6956=EDGE_CURVE('',#5545,#5600,#3323,.T.);
#6957=EDGE_CURVE('',#5600,#5601,#367,.T.);
#6958=EDGE_CURVE('',#5601,#5536,#3324,.T.);
#6959=EDGE_CURVE('',#5602,#5544,#3325,.T.);
#6960=EDGE_CURVE('',#5600,#5602,#3326,.T.);
#6961=EDGE_CURVE('',#5603,#5604,#368,.T.);
#6962=EDGE_CURVE('',#5602,#5603,#369,.F.);
#6963=EDGE_CURVE('',#5543,#5604,#3327,.T.);
#6964=EDGE_CURVE('',#5604,#5605,#3328,.T.);
#6965=EDGE_CURVE('',#5605,#5606,#370,.T.);
#6966=EDGE_CURVE('',#5603,#5606,#3329,.F.);
#6967=EDGE_CURVE('',#5605,#5542,#3330,.T.);
#6968=EDGE_CURVE('',#5541,#5607,#3331,.T.);
#6969=EDGE_CURVE('',#5607,#5606,#371,.T.);
#6970=EDGE_CURVE('',#5608,#5540,#3332,.T.);
#6971=EDGE_CURVE('',#5607,#5608,#3333,.T.);
#6972=EDGE_CURVE('',#5539,#5609,#3334,.T.);
#6973=EDGE_CURVE('',#5609,#5608,#372,.T.);
#6974=EDGE_CURVE('',#5610,#5538,#3335,.T.);
#6975=EDGE_CURVE('',#5609,#5610,#3336,.T.);
#6976=EDGE_CURVE('',#5537,#5611,#3337,.T.);
#6977=EDGE_CURVE('',#5611,#5610,#373,.T.);
#6978=EDGE_CURVE('',#5611,#5601,#3338,.T.);
#6979=EDGE_CURVE('',#5555,#5612,#3339,.T.);
#6980=EDGE_CURVE('',#5612,#5613,#374,.T.);
#6981=EDGE_CURVE('',#5613,#5546,#3340,.T.);
#6982=EDGE_CURVE('',#5614,#5554,#3341,.T.);
#6983=EDGE_CURVE('',#5612,#5614,#3342,.T.);
#6984=EDGE_CURVE('',#5553,#5615,#3343,.T.);
#6985=EDGE_CURVE('',#5615,#5614,#375,.T.);
#6986=EDGE_CURVE('',#5616,#5552,#3344,.T.);
#6987=EDGE_CURVE('',#5615,#5616,#3345,.T.);
#6988=EDGE_CURVE('',#5551,#5617,#3346,.T.);
#6989=EDGE_CURVE('',#5617,#5616,#376,.T.);
#6990=EDGE_CURVE('',#5618,#5550,#3347,.T.);
#6991=EDGE_CURVE('',#5617,#5618,#3348,.T.);
#6992=EDGE_CURVE('',#5549,#5619,#3349,.T.);
#6993=EDGE_CURVE('',#5619,#5618,#377,.T.);
#6994=EDGE_CURVE('',#5620,#5548,#3350,.T.);
#6995=EDGE_CURVE('',#5619,#5620,#3351,.T.);
#6996=EDGE_CURVE('',#5547,#5621,#3352,.T.);
#6997=EDGE_CURVE('',#5621,#5620,#378,.T.);
#6998=EDGE_CURVE('',#5621,#5613,#3353,.T.);
#6999=EDGE_CURVE('',#5579,#5566,#3354,.T.);
#7000=EDGE_CURVE('',#5622,#5558,#3355,.T.);
#7001=EDGE_CURVE('',#5622,#5563,#3356,.T.);
#7002=EDGE_CURVE('',#5565,#5623,#3357,.F.);
#7003=EDGE_CURVE('',#5623,#5576,#3358,.F.);
#7004=EDGE_CURVE('',#5564,#5624,#3359,.F.);
#7005=EDGE_CURVE('',#5624,#5623,#3360,.F.);
#7006=EDGE_CURVE('',#5578,#5622,#3361,.T.);
#7007=EDGE_CURVE('',#5577,#5603,#3362,.F.);
#7008=EDGE_CURVE('',#5606,#5624,#3363,.F.);
#7009=EDGE_CURVE('',#5556,#5574,#3364,.T.);
#7010=EDGE_CURVE('',#5625,#5626,#3365,.T.);
#7011=EDGE_CURVE('',#5626,#5627,#3366,.T.);
#7012=EDGE_CURVE('',#5628,#5627,#3367,.T.);
#7013=EDGE_CURVE('',#5625,#5628,#3368,.T.);
#7014=EDGE_CURVE('',#5629,#5630,#3369,.T.);
#7015=EDGE_CURVE('',#5631,#5630,#379,.T.);
#7016=EDGE_CURVE('',#5632,#5631,#3370,.T.);
#7017=EDGE_CURVE('',#5632,#5633,#3371,.T.);
#7018=EDGE_CURVE('',#5633,#5634,#3372,.T.);
#7019=EDGE_CURVE('',#5634,#5635,#380,.T.);
#7020=EDGE_CURVE('',#5636,#5635,#3373,.T.);
#7021=EDGE_CURVE('',#5626,#5636,#381,.T.);
#7022=EDGE_CURVE('',#5625,#5629,#382,.T.);
#7023=EDGE_CURVE('',#5628,#5637,#383,.T.);
#7024=EDGE_CURVE('',#5629,#5637,#3374,.T.);
#7025=EDGE_CURVE('',#5636,#5638,#3375,.T.);
#7026=EDGE_CURVE('',#5627,#5638,#384,.T.);
#7027=EDGE_CURVE('',#5637,#5639,#3376,.T.);
#7028=EDGE_CURVE('',#5638,#5640,#3377,.T.);
#7029=EDGE_CURVE('',#5641,#5640,#385,.T.);
#7030=EDGE_CURVE('',#5642,#5641,#3378,.T.);
#7031=EDGE_CURVE('',#5643,#5642,#3379,.T.);
#7032=EDGE_CURVE('',#5643,#5644,#3380,.T.);
#7033=EDGE_CURVE('',#5644,#5639,#386,.T.);
#7034=EDGE_CURVE('',#5630,#5639,#3381,.T.);
#7035=EDGE_CURVE('',#5631,#5644,#3382,.T.);
#7036=EDGE_CURVE('',#5631,#5645,#3383,.T.);
#7037=EDGE_CURVE('',#5645,#5646,#3384,.T.);
#7038=EDGE_CURVE('',#5646,#5647,#3385,.T.);
#7039=EDGE_CURVE('',#5648,#5647,#3386,.T.);
#7040=EDGE_CURVE('',#5634,#5648,#3387,.T.);
#7041=EDGE_CURVE('',#5635,#5640,#3388,.T.);
#7042=EDGE_CURVE('',#5634,#5641,#3389,.T.);
#7043=EDGE_CURVE('',#5641,#5649,#3390,.T.);
#7044=EDGE_CURVE('',#5649,#5650,#3391,.T.);
#7045=EDGE_CURVE('',#5651,#5650,#3392,.T.);
#7046=EDGE_CURVE('',#5652,#5651,#3393,.T.);
#7047=EDGE_CURVE('',#5644,#5652,#3394,.T.);
#7048=EDGE_CURVE('',#5645,#5652,#3395,.T.);
#7049=EDGE_CURVE('',#5653,#5654,#3396,.T.);
#7050=EDGE_CURVE('',#5655,#5654,#387,.T.);
#7051=EDGE_CURVE('',#5655,#5656,#3397,.T.);
#7052=EDGE_CURVE('',#5656,#5657,#388,.T.);
#7053=EDGE_CURVE('',#5658,#5657,#3398,.T.);
#7054=EDGE_CURVE('',#5648,#5658,#389,.T.);
#7055=EDGE_CURVE('',#5645,#5653,#390,.T.);
#7056=EDGE_CURVE('',#5648,#5659,#3399,.T.);
#7057=EDGE_CURVE('',#5660,#5659,#3400,.T.);
#7058=EDGE_CURVE('',#5634,#5660,#3401,.T.);
#7059=EDGE_CURVE('',#5660,#5661,#3402,.T.);
#7060=EDGE_CURVE('',#5641,#5661,#3403,.T.);
#7061=EDGE_CURVE('',#5662,#5663,#3404,.T.);
#7062=EDGE_CURVE('',#5652,#5662,#391,.T.);
#7063=EDGE_CURVE('',#5649,#5664,#392,.T.);
#7064=EDGE_CURVE('',#5664,#5665,#3405,.T.);
#7065=EDGE_CURVE('',#5666,#5665,#393,.T.);
#7066=EDGE_CURVE('',#5667,#5666,#3406,.T.);
#7067=EDGE_CURVE('',#5667,#5663,#394,.T.);
#7068=EDGE_CURVE('',#5661,#5668,#3407,.T.);
#7069=EDGE_CURVE('',#5649,#5668,#3408,.T.);
#7070=EDGE_CURVE('',#5653,#5662,#3409,.T.);
#7071=EDGE_CURVE('',#5654,#5663,#3410,.T.);
#7072=EDGE_CURVE('',#5655,#5667,#3411,.T.);
#7073=EDGE_CURVE('',#5656,#5666,#3412,.T.);
#7074=EDGE_CURVE('',#5657,#5665,#3413,.T.);
#7075=EDGE_CURVE('',#5658,#5664,#3414,.T.);
#7076=EDGE_CURVE('',#5648,#5649,#3415,.T.);
#7077=EDGE_CURVE('',#5659,#5668,#3416,.T.);
#7078=EDGE_CURVE('',#5669,#5669,#395,.T.);
#7079=EDGE_CURVE('',#5670,#5670,#396,.T.);
#7080=EDGE_CURVE('',#5670,#5669,#3417,.T.);
#7081=EDGE_CURVE('',#5671,#5672,#3418,.T.);
#7082=EDGE_CURVE('',#5672,#5673,#397,.T.);
#7083=EDGE_CURVE('',#5673,#5674,#3419,.T.);
#7084=EDGE_CURVE('',#5674,#5675,#398,.T.);
#7085=EDGE_CURVE('',#5675,#5676,#3420,.T.);
#7086=EDGE_CURVE('',#5676,#5677,#399,.T.);
#7087=EDGE_CURVE('',#5677,#5678,#3421,.T.);
#7088=EDGE_CURVE('',#5671,#5678,#400,.T.);
#7089=EDGE_CURVE('',#5679,#5679,#401,.T.);
#7090=EDGE_CURVE('',#5680,#5680,#402,.T.);
#7091=EDGE_CURVE('',#5681,#5681,#403,.T.);
#7092=EDGE_CURVE('',#5682,#5682,#404,.T.);
#7093=EDGE_CURVE('',#5683,#5684,#3422,.T.);
#7094=EDGE_CURVE('',#5684,#5672,#3423,.T.);
#7095=EDGE_CURVE('',#5683,#5671,#3424,.T.);
#7096=EDGE_CURVE('',#5685,#5678,#3425,.T.);
#7097=EDGE_CURVE('',#5683,#5685,#405,.T.);
#7098=EDGE_CURVE('',#5684,#5686,#406,.T.);
#7099=EDGE_CURVE('',#5686,#5673,#3426,.T.);
#7100=EDGE_CURVE('',#5687,#5685,#3427,.T.);
#7101=EDGE_CURVE('',#5687,#5677,#3428,.T.);
#7102=EDGE_CURVE('',#5686,#5688,#3429,.T.);
#7103=EDGE_CURVE('',#5688,#5674,#3430,.T.);
#7104=EDGE_CURVE('',#5689,#5687,#407,.T.);
#7105=EDGE_CURVE('',#5689,#5676,#3431,.T.);
#7106=EDGE_CURVE('',#5688,#5690,#408,.T.);
#7107=EDGE_CURVE('',#5690,#5675,#3432,.T.);
#7108=EDGE_CURVE('',#5690,#5689,#3433,.T.);
#7109=EDGE_CURVE('',#5679,#5691,#3434,.T.);
#7110=EDGE_CURVE('',#5691,#5691,#409,.T.);
#7111=EDGE_CURVE('',#5680,#5692,#3435,.T.);
#7112=EDGE_CURVE('',#5692,#5692,#410,.T.);
#7113=EDGE_CURVE('',#5681,#5693,#3436,.T.);
#7114=EDGE_CURVE('',#5693,#5693,#411,.T.);
#7115=EDGE_CURVE('',#5682,#5694,#3437,.T.);
#7116=EDGE_CURVE('',#5694,#5694,#412,.T.);
#7117=EDGE_CURVE('',#5695,#5696,#3438,.T.);
#7118=EDGE_CURVE('',#5696,#5684,#3439,.T.);
#7119=EDGE_CURVE('',#5695,#5683,#3440,.T.);
#7120=EDGE_CURVE('',#5697,#5685,#3441,.T.);
#7121=EDGE_CURVE('',#5695,#5697,#413,.T.);
#7122=EDGE_CURVE('',#5696,#5698,#414,.T.);
#7123=EDGE_CURVE('',#5698,#5686,#3442,.T.);
#7124=EDGE_CURVE('',#5699,#5700,#3443,.T.);
#7125=EDGE_CURVE('',#5701,#5700,#3444,.T.);
#7126=EDGE_CURVE('',#5702,#5701,#3445,.T.);
#7127=EDGE_CURVE('',#5702,#5703,#3446,.T.);
#7128=EDGE_CURVE('',#5703,#5704,#3447,.T.);
#7129=EDGE_CURVE('',#5705,#5704,#3448,.T.);
#7130=EDGE_CURVE('',#5706,#5705,#3449,.T.);
#7131=EDGE_CURVE('',#5706,#5707,#3450,.T.);
#7132=EDGE_CURVE('',#5707,#5697,#3451,.T.);
#7133=EDGE_CURVE('',#5699,#5687,#3452,.T.);
#7134=EDGE_CURVE('',#5698,#5708,#3453,.T.);
#7135=EDGE_CURVE('',#5709,#5708,#3454,.T.);
#7136=EDGE_CURVE('',#5709,#5710,#3455,.T.);
#7137=EDGE_CURVE('',#5710,#5711,#3456,.T.);
#7138=EDGE_CURVE('',#5711,#5712,#3457,.T.);
#7139=EDGE_CURVE('',#5713,#5712,#3458,.T.);
#7140=EDGE_CURVE('',#5713,#5714,#3459,.T.);
#7141=EDGE_CURVE('',#5714,#5715,#3460,.T.);
#7142=EDGE_CURVE('',#5715,#5716,#3461,.T.);
#7143=EDGE_CURVE('',#5716,#5688,#3462,.T.);
#7144=EDGE_CURVE('',#5717,#5699,#415,.T.);
#7145=EDGE_CURVE('',#5717,#5689,#3463,.T.);
#7146=EDGE_CURVE('',#5716,#5718,#416,.T.);
#7147=EDGE_CURVE('',#5718,#5690,#3464,.T.);
#7148=EDGE_CURVE('',#5718,#5717,#3465,.T.);
#7149=EDGE_CURVE('',#5692,#5719,#417,.T.);
#7150=EDGE_CURVE('',#5719,#5719,#418,.T.);
#7151=EDGE_CURVE('',#5704,#5707,#3466,.T.);
#7152=EDGE_CURVE('',#5700,#5703,#3467,.T.);
#7153=EDGE_CURVE('',#5712,#5715,#3468,.T.);
#7154=EDGE_CURVE('',#5708,#5711,#3469,.T.);
#7155=EDGE_CURVE('',#5720,#5721,#3470,.T.);
#7156=EDGE_CURVE('',#5720,#5722,#419,.T.);
#7157=EDGE_CURVE('',#5722,#5723,#3471,.T.);
#7158=EDGE_CURVE('',#5723,#5724,#420,.T.);
#7159=EDGE_CURVE('',#5724,#5701,#3472,.T.);
#7160=EDGE_CURVE('',#5700,#5725,#3473,.T.);
#7161=EDGE_CURVE('',#5725,#5726,#421,.T.);
#7162=EDGE_CURVE('',#5727,#5726,#3474,.T.);
#7163=EDGE_CURVE('',#5727,#5728,#422,.T.);
#7164=EDGE_CURVE('',#5729,#5728,#3475,.T.);
#7165=EDGE_CURVE('',#5729,#5730,#423,.T.);
#7166=EDGE_CURVE('',#5730,#5731,#3476,.T.);
#7167=EDGE_CURVE('',#5731,#5732,#3477,.T.);
#7168=EDGE_CURVE('',#5732,#5733,#3478,.T.);
#7169=EDGE_CURVE('',#5733,#5734,#424,.T.);
#7170=EDGE_CURVE('',#5735,#5734,#3479,.T.);
#7171=EDGE_CURVE('',#5721,#5735,#425,.T.);
#7172=EDGE_CURVE('',#5736,#5702,#3480,.T.);
#7173=EDGE_CURVE('',#5736,#5724,#3481,.T.);
#7174=EDGE_CURVE('',#5737,#5738,#3482,.T.);
#7175=EDGE_CURVE('',#5738,#5739,#426,.T.);
#7176=EDGE_CURVE('',#5739,#5740,#3483,.T.);
#7177=EDGE_CURVE('',#5741,#5740,#427,.T.);
#7178=EDGE_CURVE('',#5742,#5741,#3484,.T.);
#7179=EDGE_CURVE('',#5743,#5742,#3485,.T.);
#7180=EDGE_CURVE('',#5744,#5743,#3486,.T.);
#7181=EDGE_CURVE('',#5745,#5744,#428,.T.);
#7182=EDGE_CURVE('',#5745,#5746,#3487,.T.);
#7183=EDGE_CURVE('',#5747,#5746,#429,.T.);
#7184=EDGE_CURVE('',#5747,#5748,#3488,.T.);
#7185=EDGE_CURVE('',#5749,#5748,#430,.T.);
#7186=EDGE_CURVE('',#5703,#5749,#3489,.T.);
#7187=EDGE_CURVE('',#5750,#5736,#431,.T.);
#7188=EDGE_CURVE('',#5751,#5750,#3490,.T.);
#7189=EDGE_CURVE('',#5737,#5751,#432,.T.);
#7190=EDGE_CURVE('',#5752,#5753,#3491,.T.);
#7191=EDGE_CURVE('',#5753,#5754,#433,.T.);
#7192=EDGE_CURVE('',#5754,#5755,#3492,.T.);
#7193=EDGE_CURVE('',#5756,#5755,#434,.T.);
#7194=EDGE_CURVE('',#5757,#5756,#3493,.T.);
#7195=EDGE_CURVE('',#5758,#5757,#3494,.T.);
#7196=EDGE_CURVE('',#5759,#5758,#3495,.T.);
#7197=EDGE_CURVE('',#5760,#5759,#435,.T.);
#7198=EDGE_CURVE('',#5760,#5761,#3496,.T.);
#7199=EDGE_CURVE('',#5762,#5761,#436,.T.);
#7200=EDGE_CURVE('',#5762,#5763,#3497,.T.);
#7201=EDGE_CURVE('',#5764,#5763,#437,.T.);
#7202=EDGE_CURVE('',#5707,#5764,#3498,.T.);
#7203=EDGE_CURVE('',#5765,#5706,#3499,.T.);
#7204=EDGE_CURVE('',#5766,#5765,#438,.T.);
#7205=EDGE_CURVE('',#5767,#5766,#3500,.T.);
#7206=EDGE_CURVE('',#5752,#5767,#439,.T.);
#7207=EDGE_CURVE('',#5768,#5769,#3501,.T.);
#7208=EDGE_CURVE('',#5768,#5770,#440,.T.);
#7209=EDGE_CURVE('',#5770,#5771,#3502,.T.);
#7210=EDGE_CURVE('',#5771,#5772,#441,.T.);
#7211=EDGE_CURVE('',#5772,#5705,#3503,.T.);
#7212=EDGE_CURVE('',#5704,#5773,#3504,.T.);
#7213=EDGE_CURVE('',#5773,#5774,#442,.T.);
#7214=EDGE_CURVE('',#5775,#5774,#3505,.T.);
#7215=EDGE_CURVE('',#5775,#5776,#443,.T.);
#7216=EDGE_CURVE('',#5777,#5776,#3506,.T.);
#7217=EDGE_CURVE('',#5777,#5778,#444,.T.);
#7218=EDGE_CURVE('',#5778,#5779,#3507,.T.);
#7219=EDGE_CURVE('',#5779,#5780,#3508,.T.);
#7220=EDGE_CURVE('',#5780,#5781,#3509,.T.);
#7221=EDGE_CURVE('',#5781,#5782,#445,.T.);
#7222=EDGE_CURVE('',#5783,#5782,#3510,.T.);
#7223=EDGE_CURVE('',#5769,#5783,#446,.T.);
#7224=EDGE_CURVE('',#5765,#5772,#3511,.T.);
#7225=EDGE_CURVE('',#5784,#5785,#3512,.T.);
#7226=EDGE_CURVE('',#5784,#5786,#447,.T.);
#7227=EDGE_CURVE('',#5786,#5787,#3513,.T.);
#7228=EDGE_CURVE('',#5787,#5788,#448,.T.);
#7229=EDGE_CURVE('',#5788,#5709,#3514,.T.);
#7230=EDGE_CURVE('',#5708,#5789,#3515,.T.);
#7231=EDGE_CURVE('',#5789,#5790,#449,.T.);
#7232=EDGE_CURVE('',#5791,#5790,#3516,.T.);
#7233=EDGE_CURVE('',#5791,#5792,#450,.T.);
#7234=EDGE_CURVE('',#5793,#5792,#3517,.T.);
#7235=EDGE_CURVE('',#5793,#5794,#451,.T.);
#7236=EDGE_CURVE('',#5794,#5795,#3518,.T.);
#7237=EDGE_CURVE('',#5795,#5796,#3519,.T.);
#7238=EDGE_CURVE('',#5796,#5797,#3520,.T.);
#7239=EDGE_CURVE('',#5797,#5798,#452,.T.);
#7240=EDGE_CURVE('',#5799,#5798,#3521,.T.);
#7241=EDGE_CURVE('',#5785,#5799,#453,.T.);
#7242=EDGE_CURVE('',#5788,#5800,#3522,.T.);
#7243=EDGE_CURVE('',#5800,#5710,#3523,.T.);
#7244=EDGE_CURVE('',#5801,#5802,#3524,.T.);
#7245=EDGE_CURVE('',#5802,#5803,#454,.T.);
#7246=EDGE_CURVE('',#5803,#5804,#3525,.T.);
#7247=EDGE_CURVE('',#5805,#5804,#455,.T.);
#7248=EDGE_CURVE('',#5806,#5805,#3526,.T.);
#7249=EDGE_CURVE('',#5807,#5806,#3527,.T.);
#7250=EDGE_CURVE('',#5808,#5807,#3528,.T.);
#7251=EDGE_CURVE('',#5809,#5808,#456,.T.);
#7252=EDGE_CURVE('',#5809,#5810,#3529,.T.);
#7253=EDGE_CURVE('',#5811,#5810,#457,.T.);
#7254=EDGE_CURVE('',#5811,#5812,#3530,.T.);
#7255=EDGE_CURVE('',#5813,#5812,#458,.T.);
#7256=EDGE_CURVE('',#5711,#5813,#3531,.T.);
#7257=EDGE_CURVE('',#5814,#5800,#459,.T.);
#7258=EDGE_CURVE('',#5815,#5814,#3532,.T.);
#7259=EDGE_CURVE('',#5801,#5815,#460,.T.);
#7260=EDGE_CURVE('',#5816,#5817,#3533,.T.);
#7261=EDGE_CURVE('',#5817,#5818,#461,.T.);
#7262=EDGE_CURVE('',#5818,#5819,#3534,.T.);
#7263=EDGE_CURVE('',#5820,#5819,#462,.T.);
#7264=EDGE_CURVE('',#5821,#5820,#3535,.T.);
#7265=EDGE_CURVE('',#5822,#5821,#3536,.T.);
#7266=EDGE_CURVE('',#5823,#5822,#3537,.T.);
#7267=EDGE_CURVE('',#5824,#5823,#463,.T.);
#7268=EDGE_CURVE('',#5824,#5825,#3538,.T.);
#7269=EDGE_CURVE('',#5826,#5825,#464,.T.);
#7270=EDGE_CURVE('',#5826,#5827,#3539,.T.);
#7271=EDGE_CURVE('',#5828,#5827,#465,.T.);
#7272=EDGE_CURVE('',#5715,#5828,#3540,.T.);
#7273=EDGE_CURVE('',#5829,#5714,#3541,.T.);
#7274=EDGE_CURVE('',#5830,#5829,#466,.T.);
#7275=EDGE_CURVE('',#5831,#5830,#3542,.T.);
#7276=EDGE_CURVE('',#5816,#5831,#467,.T.);
#7277=EDGE_CURVE('',#5832,#5833,#3543,.T.);
#7278=EDGE_CURVE('',#5832,#5834,#468,.T.);
#7279=EDGE_CURVE('',#5834,#5835,#3544,.T.);
#7280=EDGE_CURVE('',#5835,#5836,#469,.T.);
#7281=EDGE_CURVE('',#5836,#5713,#3545,.T.);
#7282=EDGE_CURVE('',#5712,#5837,#3546,.T.);
#7283=EDGE_CURVE('',#5837,#5838,#470,.T.);
#7284=EDGE_CURVE('',#5839,#5838,#3547,.T.);
#7285=EDGE_CURVE('',#5839,#5840,#471,.T.);
#7286=EDGE_CURVE('',#5841,#5840,#3548,.T.);
#7287=EDGE_CURVE('',#5841,#5842,#472,.T.);
#7288=EDGE_CURVE('',#5842,#5843,#3549,.T.);
#7289=EDGE_CURVE('',#5843,#5844,#3550,.T.);
#7290=EDGE_CURVE('',#5844,#5845,#3551,.T.);
#7291=EDGE_CURVE('',#5845,#5846,#473,.T.);
#7292=EDGE_CURVE('',#5847,#5846,#3552,.T.);
#7293=EDGE_CURVE('',#5833,#5847,#474,.T.);
#7294=EDGE_CURVE('',#5836,#5829,#3553,.T.);
#7295=EDGE_CURVE('',#5764,#5773,#3554,.T.);
#7296=EDGE_CURVE('',#5789,#5813,#3555,.T.);
#7297=EDGE_CURVE('',#5749,#5725,#3556,.T.);
#7298=EDGE_CURVE('',#5837,#5828,#3557,.T.);
#7299=EDGE_CURVE('',#5737,#5720,#3558,.T.);
#7300=EDGE_CURVE('',#5738,#5721,#3559,.T.);
#7301=EDGE_CURVE('',#5751,#5722,#3560,.T.);
#7302=EDGE_CURVE('',#5739,#5735,#3561,.T.);
#7303=EDGE_CURVE('',#5750,#5723,#3562,.T.);
#7304=EDGE_CURVE('',#5740,#5734,#3563,.T.);
#7305=EDGE_CURVE('',#5741,#5733,#3564,.T.);
#7306=EDGE_CURVE('',#5742,#5732,#3565,.T.);
#7307=EDGE_CURVE('',#5743,#5731,#3566,.T.);
#7308=EDGE_CURVE('',#5744,#5730,#3567,.T.);
#7309=EDGE_CURVE('',#5748,#5726,#3568,.T.);
#7310=EDGE_CURVE('',#5745,#5729,#3569,.T.);
#7311=EDGE_CURVE('',#5747,#5727,#3570,.T.);
#7312=EDGE_CURVE('',#5746,#5728,#3571,.T.);
#7313=EDGE_CURVE('',#5752,#5768,#3572,.T.);
#7314=EDGE_CURVE('',#5753,#5769,#3573,.T.);
#7315=EDGE_CURVE('',#5767,#5770,#3574,.T.);
#7316=EDGE_CURVE('',#5754,#5783,#3575,.T.);
#7317=EDGE_CURVE('',#5766,#5771,#3576,.T.);
#7318=EDGE_CURVE('',#5755,#5782,#3577,.T.);
#7319=EDGE_CURVE('',#5756,#5781,#3578,.T.);
#7320=EDGE_CURVE('',#5757,#5780,#3579,.T.);
#7321=EDGE_CURVE('',#5758,#5779,#3580,.T.);
#7322=EDGE_CURVE('',#5759,#5778,#3581,.T.);
#7323=EDGE_CURVE('',#5763,#5774,#3582,.T.);
#7324=EDGE_CURVE('',#5760,#5777,#3583,.T.);
#7325=EDGE_CURVE('',#5762,#5775,#3584,.T.);
#7326=EDGE_CURVE('',#5761,#5776,#3585,.T.);
#7327=EDGE_CURVE('',#5785,#5802,#3586,.T.);
#7328=EDGE_CURVE('',#5784,#5801,#3587,.T.);
#7329=EDGE_CURVE('',#5786,#5815,#3588,.T.);
#7330=EDGE_CURVE('',#5799,#5803,#3589,.T.);
#7331=EDGE_CURVE('',#5787,#5814,#3590,.T.);
#7332=EDGE_CURVE('',#5798,#5804,#3591,.T.);
#7333=EDGE_CURVE('',#5797,#5805,#3592,.T.);
#7334=EDGE_CURVE('',#5796,#5806,#3593,.T.);
#7335=EDGE_CURVE('',#5795,#5807,#3594,.T.);
#7336=EDGE_CURVE('',#5794,#5808,#3595,.T.);
#7337=EDGE_CURVE('',#5790,#5812,#3596,.T.);
#7338=EDGE_CURVE('',#5793,#5809,#3597,.T.);
#7339=EDGE_CURVE('',#5791,#5811,#3598,.T.);
#7340=EDGE_CURVE('',#5792,#5810,#3599,.T.);
#7341=EDGE_CURVE('',#5833,#5817,#3600,.T.);
#7342=EDGE_CURVE('',#5832,#5816,#3601,.T.);
#7343=EDGE_CURVE('',#5834,#5831,#3602,.T.);
#7344=EDGE_CURVE('',#5847,#5818,#3603,.T.);
#7345=EDGE_CURVE('',#5835,#5830,#3604,.T.);
#7346=EDGE_CURVE('',#5846,#5819,#3605,.T.);
#7347=EDGE_CURVE('',#5845,#5820,#3606,.T.);
#7348=EDGE_CURVE('',#5844,#5821,#3607,.T.);
#7349=EDGE_CURVE('',#5843,#5822,#3608,.T.);
#7350=EDGE_CURVE('',#5842,#5823,#3609,.T.);
#7351=EDGE_CURVE('',#5838,#5827,#3610,.T.);
#7352=EDGE_CURVE('',#5841,#5824,#3611,.T.);
#7353=EDGE_CURVE('',#5839,#5826,#3612,.T.);
#7354=EDGE_CURVE('',#5840,#5825,#3613,.T.);
#7355=EDGE_CURVE('',#5848,#5849,#3614,.F.);
#7356=EDGE_CURVE('',#5850,#5848,#3615,.T.);
#7357=EDGE_CURVE('',#5851,#5850,#3616,.T.);
#7358=EDGE_CURVE('',#5851,#5849,#3617,.T.);
#7359=EDGE_CURVE('',#5852,#5848,#475,.F.);
#7360=EDGE_CURVE('',#5853,#5852,#3618,.T.);
#7361=EDGE_CURVE('',#5850,#5853,#476,.T.);
#7362=EDGE_CURVE('',#5854,#5852,#3619,.F.);
#7363=EDGE_CURVE('',#5855,#5854,#3620,.T.);
#7364=EDGE_CURVE('',#5853,#5855,#3621,.T.);
#7365=EDGE_CURVE('',#5856,#5854,#477,.F.);
#7366=EDGE_CURVE('',#5857,#5856,#3622,.T.);
#7367=EDGE_CURVE('',#5855,#5857,#478,.T.);
#7368=EDGE_CURVE('',#5858,#5856,#3623,.F.);
#7369=EDGE_CURVE('',#5859,#5858,#3624,.T.);
#7370=EDGE_CURVE('',#5857,#5859,#3625,.T.);
#7371=EDGE_CURVE('',#5860,#5858,#479,.F.);
#7372=EDGE_CURVE('',#5861,#5860,#3626,.T.);
#7373=EDGE_CURVE('',#5859,#5861,#480,.T.);
#7374=EDGE_CURVE('',#5862,#5860,#3627,.F.);
#7375=EDGE_CURVE('',#5863,#5862,#3628,.T.);
#7376=EDGE_CURVE('',#5861,#5863,#3629,.T.);
#7377=EDGE_CURVE('',#5864,#5862,#481,.F.);
#7378=EDGE_CURVE('',#5865,#5864,#3630,.T.);
#7379=EDGE_CURVE('',#5863,#5865,#482,.T.);
#7380=EDGE_CURVE('',#5866,#5864,#3631,.F.);
#7381=EDGE_CURVE('',#5867,#5866,#3632,.T.);
#7382=EDGE_CURVE('',#5865,#5867,#3633,.T.);
#7383=EDGE_CURVE('',#5849,#5866,#483,.F.);
#7384=EDGE_CURVE('',#5867,#5851,#484,.T.);
#7385=EDGE_CURVE('',#5868,#5869,#3634,.T.);
#7386=EDGE_CURVE('',#5870,#5868,#485,.T.);
#7387=EDGE_CURVE('',#5871,#5870,#3635,.T.);
#7388=EDGE_CURVE('',#5872,#5871,#486,.T.);
#7389=EDGE_CURVE('',#5873,#5872,#3636,.T.);
#7390=EDGE_CURVE('',#5874,#5873,#487,.T.);
#7391=EDGE_CURVE('',#5875,#5874,#3637,.T.);
#7392=EDGE_CURVE('',#5876,#5875,#488,.T.);
#7393=EDGE_CURVE('',#5877,#5876,#3638,.T.);
#7394=EDGE_CURVE('',#5869,#5877,#489,.T.);
#7395=EDGE_CURVE('',#5869,#5878,#3639,.T.);
#7396=EDGE_CURVE('',#5879,#5878,#3640,.F.);
#7397=EDGE_CURVE('',#5868,#5879,#3641,.T.);
#7398=EDGE_CURVE('',#5877,#5880,#3642,.T.);
#7399=EDGE_CURVE('',#5878,#5880,#490,.F.);
#7400=EDGE_CURVE('',#5876,#5881,#3643,.T.);
#7401=EDGE_CURVE('',#5880,#5881,#3644,.F.);
#7402=EDGE_CURVE('',#5875,#5882,#3645,.T.);
#7403=EDGE_CURVE('',#5881,#5882,#491,.F.);
#7404=EDGE_CURVE('',#5874,#5883,#3646,.T.);
#7405=EDGE_CURVE('',#5882,#5883,#3647,.F.);
#7406=EDGE_CURVE('',#5884,#5885,#492,.F.);
#7407=EDGE_CURVE('',#5885,#5886,#3648,.F.);
#7408=EDGE_CURVE('',#5886,#5879,#493,.F.);
#7409=EDGE_CURVE('',#5883,#5887,#494,.F.);
#7410=EDGE_CURVE('',#5887,#5884,#3649,.F.);
#7411=EDGE_CURVE('',#5873,#5887,#3650,.T.);
#7412=EDGE_CURVE('',#5884,#5872,#3651,.T.);
#7413=EDGE_CURVE('',#5871,#5885,#3652,.T.);
#7414=EDGE_CURVE('',#5870,#5886,#3653,.T.);
#7415=ORIENTED_EDGE('',*,*,#5888,.F.);
#7416=ORIENTED_EDGE('',*,*,#5889,.F.);
#7417=ORIENTED_EDGE('',*,*,#5890,.F.);
#7418=ORIENTED_EDGE('',*,*,#5891,.F.);
#7419=ORIENTED_EDGE('',*,*,#5892,.F.);
#7420=ORIENTED_EDGE('',*,*,#5893,.F.);
#7421=ORIENTED_EDGE('',*,*,#5894,.F.);
#7422=ORIENTED_EDGE('',*,*,#5895,.F.);
#7423=ORIENTED_EDGE('',*,*,#5896,.F.);
#7424=ORIENTED_EDGE('',*,*,#5897,.F.);
#7425=ORIENTED_EDGE('',*,*,#5898,.F.);
#7426=ORIENTED_EDGE('',*,*,#5899,.F.);
#7427=ORIENTED_EDGE('',*,*,#5900,.F.);
#7428=ORIENTED_EDGE('',*,*,#5901,.F.);
#7429=ORIENTED_EDGE('',*,*,#5902,.F.);
#7430=ORIENTED_EDGE('',*,*,#5903,.F.);
#7431=ORIENTED_EDGE('',*,*,#5904,.F.);
#7432=ORIENTED_EDGE('',*,*,#5905,.F.);
#7433=ORIENTED_EDGE('',*,*,#5906,.F.);
#7434=ORIENTED_EDGE('',*,*,#5907,.F.);
#7435=ORIENTED_EDGE('',*,*,#5908,.F.);
#7436=ORIENTED_EDGE('',*,*,#5909,.F.);
#7437=ORIENTED_EDGE('',*,*,#5910,.F.);
#7438=ORIENTED_EDGE('',*,*,#5911,.F.);
#7439=ORIENTED_EDGE('',*,*,#5912,.F.);
#7440=ORIENTED_EDGE('',*,*,#5913,.F.);
#7441=ORIENTED_EDGE('',*,*,#5914,.F.);
#7442=ORIENTED_EDGE('',*,*,#5915,.F.);
#7443=ORIENTED_EDGE('',*,*,#5916,.F.);
#7444=ORIENTED_EDGE('',*,*,#5917,.F.);
#7445=ORIENTED_EDGE('',*,*,#5918,.F.);
#7446=ORIENTED_EDGE('',*,*,#5919,.F.);
#7447=ORIENTED_EDGE('',*,*,#5920,.F.);
#7448=ORIENTED_EDGE('',*,*,#5921,.F.);
#7449=ORIENTED_EDGE('',*,*,#5922,.F.);
#7450=ORIENTED_EDGE('',*,*,#5923,.F.);
#7451=ORIENTED_EDGE('',*,*,#5924,.F.);
#7452=ORIENTED_EDGE('',*,*,#5925,.F.);
#7453=ORIENTED_EDGE('',*,*,#5926,.F.);
#7454=ORIENTED_EDGE('',*,*,#5927,.F.);
#7455=ORIENTED_EDGE('',*,*,#5928,.F.);
#7456=ORIENTED_EDGE('',*,*,#5929,.F.);
#7457=ORIENTED_EDGE('',*,*,#5930,.F.);
#7458=ORIENTED_EDGE('',*,*,#5931,.F.);
#7459=ORIENTED_EDGE('',*,*,#5888,.T.);
#7460=ORIENTED_EDGE('',*,*,#5932,.F.);
#7461=ORIENTED_EDGE('',*,*,#5933,.F.);
#7462=ORIENTED_EDGE('',*,*,#5934,.T.);
#7463=ORIENTED_EDGE('',*,*,#5931,.T.);
#7464=ORIENTED_EDGE('',*,*,#5935,.F.);
#7465=ORIENTED_EDGE('',*,*,#5936,.F.);
#7466=ORIENTED_EDGE('',*,*,#5932,.T.);
#7467=ORIENTED_EDGE('',*,*,#5930,.T.);
#7468=ORIENTED_EDGE('',*,*,#5937,.F.);
#7469=ORIENTED_EDGE('',*,*,#5938,.F.);
#7470=ORIENTED_EDGE('',*,*,#5935,.T.);
#7471=ORIENTED_EDGE('',*,*,#5929,.T.);
#7472=ORIENTED_EDGE('',*,*,#5939,.F.);
#7473=ORIENTED_EDGE('',*,*,#5940,.F.);
#7474=ORIENTED_EDGE('',*,*,#5937,.T.);
#7475=ORIENTED_EDGE('',*,*,#5928,.T.);
#7476=ORIENTED_EDGE('',*,*,#5941,.F.);
#7477=ORIENTED_EDGE('',*,*,#5942,.F.);
#7478=ORIENTED_EDGE('',*,*,#5939,.T.);
#7479=ORIENTED_EDGE('',*,*,#5927,.T.);
#7480=ORIENTED_EDGE('',*,*,#5943,.F.);
#7481=ORIENTED_EDGE('',*,*,#5944,.F.);
#7482=ORIENTED_EDGE('',*,*,#5941,.T.);
#7483=ORIENTED_EDGE('',*,*,#5926,.T.);
#7484=ORIENTED_EDGE('',*,*,#5945,.F.);
#7485=ORIENTED_EDGE('',*,*,#5946,.F.);
#7486=ORIENTED_EDGE('',*,*,#5943,.T.);
#7487=ORIENTED_EDGE('',*,*,#5925,.T.);
#7488=ORIENTED_EDGE('',*,*,#5947,.F.);
#7489=ORIENTED_EDGE('',*,*,#5948,.F.);
#7490=ORIENTED_EDGE('',*,*,#5945,.T.);
#7491=ORIENTED_EDGE('',*,*,#5924,.T.);
#7492=ORIENTED_EDGE('',*,*,#5949,.F.);
#7493=ORIENTED_EDGE('',*,*,#5950,.F.);
#7494=ORIENTED_EDGE('',*,*,#5947,.T.);
#7495=ORIENTED_EDGE('',*,*,#5923,.T.);
#7496=ORIENTED_EDGE('',*,*,#5951,.F.);
#7497=ORIENTED_EDGE('',*,*,#5952,.F.);
#7498=ORIENTED_EDGE('',*,*,#5949,.T.);
#7499=ORIENTED_EDGE('',*,*,#5922,.T.);
#7500=ORIENTED_EDGE('',*,*,#5953,.F.);
#7501=ORIENTED_EDGE('',*,*,#5954,.F.);
#7502=ORIENTED_EDGE('',*,*,#5951,.T.);
#7503=ORIENTED_EDGE('',*,*,#5921,.T.);
#7504=ORIENTED_EDGE('',*,*,#5955,.F.);
#7505=ORIENTED_EDGE('',*,*,#5956,.F.);
#7506=ORIENTED_EDGE('',*,*,#5953,.T.);
#7507=ORIENTED_EDGE('',*,*,#5920,.T.);
#7508=ORIENTED_EDGE('',*,*,#5957,.F.);
#7509=ORIENTED_EDGE('',*,*,#5958,.F.);
#7510=ORIENTED_EDGE('',*,*,#5955,.T.);
#7511=ORIENTED_EDGE('',*,*,#5919,.T.);
#7512=ORIENTED_EDGE('',*,*,#5959,.F.);
#7513=ORIENTED_EDGE('',*,*,#5960,.F.);
#7514=ORIENTED_EDGE('',*,*,#5957,.T.);
#7515=ORIENTED_EDGE('',*,*,#5918,.T.);
#7516=ORIENTED_EDGE('',*,*,#5961,.F.);
#7517=ORIENTED_EDGE('',*,*,#5962,.F.);
#7518=ORIENTED_EDGE('',*,*,#5959,.T.);
#7519=ORIENTED_EDGE('',*,*,#5917,.T.);
#7520=ORIENTED_EDGE('',*,*,#5963,.F.);
#7521=ORIENTED_EDGE('',*,*,#5964,.F.);
#7522=ORIENTED_EDGE('',*,*,#5961,.T.);
#7523=ORIENTED_EDGE('',*,*,#5916,.T.);
#7524=ORIENTED_EDGE('',*,*,#5965,.F.);
#7525=ORIENTED_EDGE('',*,*,#5966,.F.);
#7526=ORIENTED_EDGE('',*,*,#5963,.T.);
#7527=ORIENTED_EDGE('',*,*,#5915,.T.);
#7528=ORIENTED_EDGE('',*,*,#5967,.F.);
#7529=ORIENTED_EDGE('',*,*,#5968,.F.);
#7530=ORIENTED_EDGE('',*,*,#5965,.T.);
#7531=ORIENTED_EDGE('',*,*,#5914,.T.);
#7532=ORIENTED_EDGE('',*,*,#5969,.F.);
#7533=ORIENTED_EDGE('',*,*,#5970,.F.);
#7534=ORIENTED_EDGE('',*,*,#5967,.T.);
#7535=ORIENTED_EDGE('',*,*,#5913,.T.);
#7536=ORIENTED_EDGE('',*,*,#5971,.F.);
#7537=ORIENTED_EDGE('',*,*,#5972,.F.);
#7538=ORIENTED_EDGE('',*,*,#5969,.T.);
#7539=ORIENTED_EDGE('',*,*,#5912,.T.);
#7540=ORIENTED_EDGE('',*,*,#5973,.F.);
#7541=ORIENTED_EDGE('',*,*,#5974,.F.);
#7542=ORIENTED_EDGE('',*,*,#5971,.T.);
#7543=ORIENTED_EDGE('',*,*,#5911,.T.);
#7544=ORIENTED_EDGE('',*,*,#5975,.F.);
#7545=ORIENTED_EDGE('',*,*,#5976,.F.);
#7546=ORIENTED_EDGE('',*,*,#5973,.T.);
#7547=ORIENTED_EDGE('',*,*,#5910,.T.);
#7548=ORIENTED_EDGE('',*,*,#5977,.F.);
#7549=ORIENTED_EDGE('',*,*,#5978,.F.);
#7550=ORIENTED_EDGE('',*,*,#5975,.T.);
#7551=ORIENTED_EDGE('',*,*,#5909,.T.);
#7552=ORIENTED_EDGE('',*,*,#5979,.F.);
#7553=ORIENTED_EDGE('',*,*,#5980,.F.);
#7554=ORIENTED_EDGE('',*,*,#5977,.T.);
#7555=ORIENTED_EDGE('',*,*,#5978,.T.);
#7556=ORIENTED_EDGE('',*,*,#5980,.T.);
#7557=ORIENTED_EDGE('',*,*,#5981,.T.);
#7558=ORIENTED_EDGE('',*,*,#5982,.T.);
#7559=ORIENTED_EDGE('',*,*,#5983,.T.);
#7560=ORIENTED_EDGE('',*,*,#5984,.T.);
#7561=ORIENTED_EDGE('',*,*,#5985,.T.);
#7562=ORIENTED_EDGE('',*,*,#5986,.T.);
#7563=ORIENTED_EDGE('',*,*,#5987,.T.);
#7564=ORIENTED_EDGE('',*,*,#5988,.T.);
#7565=ORIENTED_EDGE('',*,*,#5989,.T.);
#7566=ORIENTED_EDGE('',*,*,#5990,.T.);
#7567=ORIENTED_EDGE('',*,*,#5991,.T.);
#7568=ORIENTED_EDGE('',*,*,#5992,.T.);
#7569=ORIENTED_EDGE('',*,*,#5993,.T.);
#7570=ORIENTED_EDGE('',*,*,#5994,.T.);
#7571=ORIENTED_EDGE('',*,*,#5995,.T.);
#7572=ORIENTED_EDGE('',*,*,#5996,.T.);
#7573=ORIENTED_EDGE('',*,*,#5997,.T.);
#7574=ORIENTED_EDGE('',*,*,#5998,.T.);
#7575=ORIENTED_EDGE('',*,*,#5999,.T.);
#7576=ORIENTED_EDGE('',*,*,#6000,.T.);
#7577=ORIENTED_EDGE('',*,*,#5933,.T.);
#7578=ORIENTED_EDGE('',*,*,#5936,.T.);
#7579=ORIENTED_EDGE('',*,*,#5938,.T.);
#7580=ORIENTED_EDGE('',*,*,#5940,.T.);
#7581=ORIENTED_EDGE('',*,*,#5942,.T.);
#7582=ORIENTED_EDGE('',*,*,#5944,.T.);
#7583=ORIENTED_EDGE('',*,*,#5946,.T.);
#7584=ORIENTED_EDGE('',*,*,#5948,.T.);
#7585=ORIENTED_EDGE('',*,*,#5950,.T.);
#7586=ORIENTED_EDGE('',*,*,#5952,.T.);
#7587=ORIENTED_EDGE('',*,*,#5954,.T.);
#7588=ORIENTED_EDGE('',*,*,#5956,.T.);
#7589=ORIENTED_EDGE('',*,*,#5958,.T.);
#7590=ORIENTED_EDGE('',*,*,#5960,.T.);
#7591=ORIENTED_EDGE('',*,*,#5962,.T.);
#7592=ORIENTED_EDGE('',*,*,#5964,.T.);
#7593=ORIENTED_EDGE('',*,*,#5966,.T.);
#7594=ORIENTED_EDGE('',*,*,#5968,.T.);
#7595=ORIENTED_EDGE('',*,*,#5970,.T.);
#7596=ORIENTED_EDGE('',*,*,#5972,.T.);
#7597=ORIENTED_EDGE('',*,*,#5974,.T.);
#7598=ORIENTED_EDGE('',*,*,#5976,.T.);
#7599=ORIENTED_EDGE('',*,*,#6001,.F.);
#7600=ORIENTED_EDGE('',*,*,#6002,.T.);
#7601=ORIENTED_EDGE('',*,*,#6003,.F.);
#7602=ORIENTED_EDGE('',*,*,#6004,.F.);
#7603=ORIENTED_EDGE('',*,*,#6005,.F.);
#7604=ORIENTED_EDGE('',*,*,#6006,.F.);
#7605=ORIENTED_EDGE('',*,*,#6007,.F.);
#7606=ORIENTED_EDGE('',*,*,#6008,.T.);
#7607=ORIENTED_EDGE('',*,*,#6009,.F.);
#7608=ORIENTED_EDGE('',*,*,#6010,.F.);
#7609=ORIENTED_EDGE('',*,*,#6011,.F.);
#7610=ORIENTED_EDGE('',*,*,#6012,.T.);
#7611=ORIENTED_EDGE('',*,*,#6013,.F.);
#7612=ORIENTED_EDGE('',*,*,#6014,.F.);
#7613=ORIENTED_EDGE('',*,*,#6015,.T.);
#7614=ORIENTED_EDGE('',*,*,#6016,.F.);
#7615=ORIENTED_EDGE('',*,*,#6017,.F.);
#7616=ORIENTED_EDGE('',*,*,#6018,.F.);
#7617=ORIENTED_EDGE('',*,*,#6019,.F.);
#7618=ORIENTED_EDGE('',*,*,#6020,.T.);
#7619=ORIENTED_EDGE('',*,*,#6021,.F.);
#7620=ORIENTED_EDGE('',*,*,#6022,.T.);
#7621=ORIENTED_EDGE('',*,*,#6023,.F.);
#7622=ORIENTED_EDGE('',*,*,#6024,.F.);
#7623=ORIENTED_EDGE('',*,*,#6025,.F.);
#7624=ORIENTED_EDGE('',*,*,#6026,.T.);
#7625=ORIENTED_EDGE('',*,*,#6027,.F.);
#7626=ORIENTED_EDGE('',*,*,#6028,.F.);
#7627=ORIENTED_EDGE('',*,*,#6029,.F.);
#7628=ORIENTED_EDGE('',*,*,#6030,.F.);
#7629=ORIENTED_EDGE('',*,*,#6031,.F.);
#7630=ORIENTED_EDGE('',*,*,#6032,.T.);
#7631=ORIENTED_EDGE('',*,*,#6033,.F.);
#7632=ORIENTED_EDGE('',*,*,#6034,.F.);
#7633=ORIENTED_EDGE('',*,*,#6035,.F.);
#7634=ORIENTED_EDGE('',*,*,#6036,.T.);
#7635=ORIENTED_EDGE('',*,*,#6037,.F.);
#7636=ORIENTED_EDGE('',*,*,#6038,.T.);
#7637=ORIENTED_EDGE('',*,*,#6039,.F.);
#7638=ORIENTED_EDGE('',*,*,#6040,.F.);
#7639=ORIENTED_EDGE('',*,*,#6041,.F.);
#7640=ORIENTED_EDGE('',*,*,#6042,.F.);
#7641=ORIENTED_EDGE('',*,*,#6043,.T.);
#7642=ORIENTED_EDGE('',*,*,#6044,.F.);
#7643=ORIENTED_EDGE('',*,*,#6045,.F.);
#7644=ORIENTED_EDGE('',*,*,#6046,.T.);
#7645=ORIENTED_EDGE('',*,*,#6047,.F.);
#7646=ORIENTED_EDGE('',*,*,#6048,.F.);
#7647=ORIENTED_EDGE('',*,*,#6049,.F.);
#7648=ORIENTED_EDGE('',*,*,#6050,.F.);
#7649=ORIENTED_EDGE('',*,*,#6051,.T.);
#7650=ORIENTED_EDGE('',*,*,#6052,.F.);
#7651=ORIENTED_EDGE('',*,*,#6053,.F.);
#7652=ORIENTED_EDGE('',*,*,#6054,.F.);
#7653=ORIENTED_EDGE('',*,*,#6055,.T.);
#7654=ORIENTED_EDGE('',*,*,#6056,.F.);
#7655=ORIENTED_EDGE('',*,*,#5908,.T.);
#7656=ORIENTED_EDGE('',*,*,#6057,.F.);
#7657=ORIENTED_EDGE('',*,*,#5981,.F.);
#7658=ORIENTED_EDGE('',*,*,#5979,.T.);
#7659=ORIENTED_EDGE('',*,*,#5907,.T.);
#7660=ORIENTED_EDGE('',*,*,#6058,.F.);
#7661=ORIENTED_EDGE('',*,*,#5982,.F.);
#7662=ORIENTED_EDGE('',*,*,#6057,.T.);
#7663=ORIENTED_EDGE('',*,*,#5906,.T.);
#7664=ORIENTED_EDGE('',*,*,#6059,.F.);
#7665=ORIENTED_EDGE('',*,*,#5983,.F.);
#7666=ORIENTED_EDGE('',*,*,#6058,.T.);
#7667=ORIENTED_EDGE('',*,*,#5905,.T.);
#7668=ORIENTED_EDGE('',*,*,#6060,.F.);
#7669=ORIENTED_EDGE('',*,*,#5984,.F.);
#7670=ORIENTED_EDGE('',*,*,#6059,.T.);
#7671=ORIENTED_EDGE('',*,*,#5904,.T.);
#7672=ORIENTED_EDGE('',*,*,#6061,.F.);
#7673=ORIENTED_EDGE('',*,*,#5985,.F.);
#7674=ORIENTED_EDGE('',*,*,#6060,.T.);
#7675=ORIENTED_EDGE('',*,*,#5903,.T.);
#7676=ORIENTED_EDGE('',*,*,#6062,.F.);
#7677=ORIENTED_EDGE('',*,*,#5986,.F.);
#7678=ORIENTED_EDGE('',*,*,#6061,.T.);
#7679=ORIENTED_EDGE('',*,*,#5902,.T.);
#7680=ORIENTED_EDGE('',*,*,#6063,.F.);
#7681=ORIENTED_EDGE('',*,*,#5987,.F.);
#7682=ORIENTED_EDGE('',*,*,#6062,.T.);
#7683=ORIENTED_EDGE('',*,*,#5901,.T.);
#7684=ORIENTED_EDGE('',*,*,#6064,.F.);
#7685=ORIENTED_EDGE('',*,*,#5988,.F.);
#7686=ORIENTED_EDGE('',*,*,#6063,.T.);
#7687=ORIENTED_EDGE('',*,*,#5900,.T.);
#7688=ORIENTED_EDGE('',*,*,#6065,.F.);
#7689=ORIENTED_EDGE('',*,*,#5989,.F.);
#7690=ORIENTED_EDGE('',*,*,#6064,.T.);
#7691=ORIENTED_EDGE('',*,*,#5899,.T.);
#7692=ORIENTED_EDGE('',*,*,#6066,.F.);
#7693=ORIENTED_EDGE('',*,*,#5990,.F.);
#7694=ORIENTED_EDGE('',*,*,#6065,.T.);
#7695=ORIENTED_EDGE('',*,*,#5898,.T.);
#7696=ORIENTED_EDGE('',*,*,#6067,.F.);
#7697=ORIENTED_EDGE('',*,*,#5991,.F.);
#7698=ORIENTED_EDGE('',*,*,#6066,.T.);
#7699=ORIENTED_EDGE('',*,*,#5897,.T.);
#7700=ORIENTED_EDGE('',*,*,#6068,.F.);
#7701=ORIENTED_EDGE('',*,*,#5992,.F.);
#7702=ORIENTED_EDGE('',*,*,#6067,.T.);
#7703=ORIENTED_EDGE('',*,*,#5896,.T.);
#7704=ORIENTED_EDGE('',*,*,#6069,.F.);
#7705=ORIENTED_EDGE('',*,*,#5993,.F.);
#7706=ORIENTED_EDGE('',*,*,#6068,.T.);
#7707=ORIENTED_EDGE('',*,*,#5895,.T.);
#7708=ORIENTED_EDGE('',*,*,#6070,.F.);
#7709=ORIENTED_EDGE('',*,*,#5994,.F.);
#7710=ORIENTED_EDGE('',*,*,#6069,.T.);
#7711=ORIENTED_EDGE('',*,*,#5894,.T.);
#7712=ORIENTED_EDGE('',*,*,#6071,.F.);
#7713=ORIENTED_EDGE('',*,*,#5995,.F.);
#7714=ORIENTED_EDGE('',*,*,#6070,.T.);
#7715=ORIENTED_EDGE('',*,*,#5893,.T.);
#7716=ORIENTED_EDGE('',*,*,#6072,.F.);
#7717=ORIENTED_EDGE('',*,*,#5996,.F.);
#7718=ORIENTED_EDGE('',*,*,#6071,.T.);
#7719=ORIENTED_EDGE('',*,*,#5892,.T.);
#7720=ORIENTED_EDGE('',*,*,#6073,.F.);
#7721=ORIENTED_EDGE('',*,*,#5997,.F.);
#7722=ORIENTED_EDGE('',*,*,#6072,.T.);
#7723=ORIENTED_EDGE('',*,*,#5891,.T.);
#7724=ORIENTED_EDGE('',*,*,#6074,.F.);
#7725=ORIENTED_EDGE('',*,*,#5998,.F.);
#7726=ORIENTED_EDGE('',*,*,#6073,.T.);
#7727=ORIENTED_EDGE('',*,*,#5890,.T.);
#7728=ORIENTED_EDGE('',*,*,#6075,.F.);
#7729=ORIENTED_EDGE('',*,*,#5999,.F.);
#7730=ORIENTED_EDGE('',*,*,#6074,.T.);
#7731=ORIENTED_EDGE('',*,*,#5889,.T.);
#7732=ORIENTED_EDGE('',*,*,#5934,.F.);
#7733=ORIENTED_EDGE('',*,*,#6000,.F.);
#7734=ORIENTED_EDGE('',*,*,#6075,.T.);
#7735=ORIENTED_EDGE('',*,*,#6076,.F.);
#7736=ORIENTED_EDGE('',*,*,#6077,.T.);
#7737=ORIENTED_EDGE('',*,*,#6078,.T.);
#7738=ORIENTED_EDGE('',*,*,#6001,.T.);
#7739=ORIENTED_EDGE('',*,*,#6079,.T.);
#7740=ORIENTED_EDGE('',*,*,#6076,.T.);
#7741=ORIENTED_EDGE('',*,*,#6004,.T.);
#7742=ORIENTED_EDGE('',*,*,#6080,.T.);
#7743=ORIENTED_EDGE('',*,*,#6081,.T.);
#7744=ORIENTED_EDGE('',*,*,#6082,.T.);
#7745=ORIENTED_EDGE('',*,*,#6083,.T.);
#7746=ORIENTED_EDGE('',*,*,#6080,.F.);
#7747=ORIENTED_EDGE('',*,*,#6003,.T.);
#7748=ORIENTED_EDGE('',*,*,#6084,.T.);
#7749=ORIENTED_EDGE('',*,*,#6085,.F.);
#7750=ORIENTED_EDGE('',*,*,#6086,.F.);
#7751=ORIENTED_EDGE('',*,*,#6087,.F.);
#7752=ORIENTED_EDGE('',*,*,#6088,.F.);
#7753=ORIENTED_EDGE('',*,*,#6089,.F.);
#7754=ORIENTED_EDGE('',*,*,#6084,.F.);
#7755=ORIENTED_EDGE('',*,*,#6002,.F.);
#7756=ORIENTED_EDGE('',*,*,#6078,.F.);
#7757=ORIENTED_EDGE('',*,*,#6090,.F.);
#7758=ORIENTED_EDGE('',*,*,#6005,.T.);
#7759=ORIENTED_EDGE('',*,*,#6091,.T.);
#7760=ORIENTED_EDGE('',*,*,#6092,.F.);
#7761=ORIENTED_EDGE('',*,*,#6093,.F.);
#7762=ORIENTED_EDGE('',*,*,#6094,.F.);
#7763=ORIENTED_EDGE('',*,*,#6095,.F.);
#7764=ORIENTED_EDGE('',*,*,#6096,.F.);
#7765=ORIENTED_EDGE('',*,*,#6091,.F.);
#7766=ORIENTED_EDGE('',*,*,#6008,.F.);
#7767=ORIENTED_EDGE('',*,*,#6097,.F.);
#7768=ORIENTED_EDGE('',*,*,#6098,.F.);
#7769=ORIENTED_EDGE('',*,*,#6099,.T.);
#7770=ORIENTED_EDGE('',*,*,#6097,.T.);
#7771=ORIENTED_EDGE('',*,*,#6007,.T.);
#7772=ORIENTED_EDGE('',*,*,#6100,.T.);
#7773=ORIENTED_EDGE('',*,*,#6098,.T.);
#7774=ORIENTED_EDGE('',*,*,#6006,.T.);
#7775=ORIENTED_EDGE('',*,*,#6090,.T.);
#7776=ORIENTED_EDGE('',*,*,#6101,.T.);
#7777=ORIENTED_EDGE('',*,*,#6102,.T.);
#7778=ORIENTED_EDGE('',*,*,#6103,.T.);
#7779=ORIENTED_EDGE('',*,*,#6104,.F.);
#7780=ORIENTED_EDGE('',*,*,#6009,.T.);
#7781=ORIENTED_EDGE('',*,*,#6105,.T.);
#7782=ORIENTED_EDGE('',*,*,#6106,.F.);
#7783=ORIENTED_EDGE('',*,*,#6107,.F.);
#7784=ORIENTED_EDGE('',*,*,#6108,.F.);
#7785=ORIENTED_EDGE('',*,*,#6109,.F.);
#7786=ORIENTED_EDGE('',*,*,#6110,.F.);
#7787=ORIENTED_EDGE('',*,*,#6105,.F.);
#7788=ORIENTED_EDGE('',*,*,#6012,.F.);
#7789=ORIENTED_EDGE('',*,*,#6111,.F.);
#7790=ORIENTED_EDGE('',*,*,#6112,.F.);
#7791=ORIENTED_EDGE('',*,*,#6113,.T.);
#7792=ORIENTED_EDGE('',*,*,#6111,.T.);
#7793=ORIENTED_EDGE('',*,*,#6011,.T.);
#7794=ORIENTED_EDGE('',*,*,#6114,.T.);
#7795=ORIENTED_EDGE('',*,*,#6112,.T.);
#7796=ORIENTED_EDGE('',*,*,#6010,.T.);
#7797=ORIENTED_EDGE('',*,*,#6104,.T.);
#7798=ORIENTED_EDGE('',*,*,#6115,.T.);
#7799=ORIENTED_EDGE('',*,*,#6116,.T.);
#7800=ORIENTED_EDGE('',*,*,#6117,.T.);
#7801=ORIENTED_EDGE('',*,*,#6118,.T.);
#7802=ORIENTED_EDGE('',*,*,#6119,.T.);
#7803=ORIENTED_EDGE('',*,*,#6013,.T.);
#7804=ORIENTED_EDGE('',*,*,#6120,.T.);
#7805=ORIENTED_EDGE('',*,*,#6121,.T.);
#7806=ORIENTED_EDGE('',*,*,#6122,.T.);
#7807=ORIENTED_EDGE('',*,*,#6123,.T.);
#7808=ORIENTED_EDGE('',*,*,#6120,.F.);
#7809=ORIENTED_EDGE('',*,*,#6016,.T.);
#7810=ORIENTED_EDGE('',*,*,#6124,.T.);
#7811=ORIENTED_EDGE('',*,*,#6125,.F.);
#7812=ORIENTED_EDGE('',*,*,#6126,.F.);
#7813=ORIENTED_EDGE('',*,*,#6127,.F.);
#7814=ORIENTED_EDGE('',*,*,#6128,.F.);
#7815=ORIENTED_EDGE('',*,*,#6129,.F.);
#7816=ORIENTED_EDGE('',*,*,#6124,.F.);
#7817=ORIENTED_EDGE('',*,*,#6015,.F.);
#7818=ORIENTED_EDGE('',*,*,#6130,.F.);
#7819=ORIENTED_EDGE('',*,*,#6119,.F.);
#7820=ORIENTED_EDGE('',*,*,#6131,.T.);
#7821=ORIENTED_EDGE('',*,*,#6130,.T.);
#7822=ORIENTED_EDGE('',*,*,#6014,.T.);
#7823=ORIENTED_EDGE('',*,*,#6132,.F.);
#7824=ORIENTED_EDGE('',*,*,#6017,.T.);
#7825=ORIENTED_EDGE('',*,*,#6133,.T.);
#7826=ORIENTED_EDGE('',*,*,#6134,.F.);
#7827=ORIENTED_EDGE('',*,*,#6135,.F.);
#7828=ORIENTED_EDGE('',*,*,#6136,.F.);
#7829=ORIENTED_EDGE('',*,*,#6137,.F.);
#7830=ORIENTED_EDGE('',*,*,#6138,.F.);
#7831=ORIENTED_EDGE('',*,*,#6133,.F.);
#7832=ORIENTED_EDGE('',*,*,#6020,.F.);
#7833=ORIENTED_EDGE('',*,*,#6139,.F.);
#7834=ORIENTED_EDGE('',*,*,#6140,.F.);
#7835=ORIENTED_EDGE('',*,*,#6141,.T.);
#7836=ORIENTED_EDGE('',*,*,#6139,.T.);
#7837=ORIENTED_EDGE('',*,*,#6019,.T.);
#7838=ORIENTED_EDGE('',*,*,#6142,.T.);
#7839=ORIENTED_EDGE('',*,*,#6140,.T.);
#7840=ORIENTED_EDGE('',*,*,#6018,.T.);
#7841=ORIENTED_EDGE('',*,*,#6132,.T.);
#7842=ORIENTED_EDGE('',*,*,#6143,.T.);
#7843=ORIENTED_EDGE('',*,*,#6144,.T.);
#7844=ORIENTED_EDGE('',*,*,#6145,.T.);
#7845=ORIENTED_EDGE('',*,*,#6146,.F.);
#7846=ORIENTED_EDGE('',*,*,#6147,.T.);
#7847=ORIENTED_EDGE('',*,*,#6148,.T.);
#7848=ORIENTED_EDGE('',*,*,#6021,.T.);
#7849=ORIENTED_EDGE('',*,*,#6149,.T.);
#7850=ORIENTED_EDGE('',*,*,#6146,.T.);
#7851=ORIENTED_EDGE('',*,*,#6024,.T.);
#7852=ORIENTED_EDGE('',*,*,#6150,.T.);
#7853=ORIENTED_EDGE('',*,*,#6151,.T.);
#7854=ORIENTED_EDGE('',*,*,#6152,.T.);
#7855=ORIENTED_EDGE('',*,*,#6153,.T.);
#7856=ORIENTED_EDGE('',*,*,#6150,.F.);
#7857=ORIENTED_EDGE('',*,*,#6023,.T.);
#7858=ORIENTED_EDGE('',*,*,#6154,.T.);
#7859=ORIENTED_EDGE('',*,*,#6155,.F.);
#7860=ORIENTED_EDGE('',*,*,#6156,.F.);
#7861=ORIENTED_EDGE('',*,*,#6157,.F.);
#7862=ORIENTED_EDGE('',*,*,#6158,.F.);
#7863=ORIENTED_EDGE('',*,*,#6159,.F.);
#7864=ORIENTED_EDGE('',*,*,#6154,.F.);
#7865=ORIENTED_EDGE('',*,*,#6022,.F.);
#7866=ORIENTED_EDGE('',*,*,#6148,.F.);
#7867=ORIENTED_EDGE('',*,*,#6160,.F.);
#7868=ORIENTED_EDGE('',*,*,#6161,.T.);
#7869=ORIENTED_EDGE('',*,*,#6162,.T.);
#7870=ORIENTED_EDGE('',*,*,#6025,.T.);
#7871=ORIENTED_EDGE('',*,*,#6163,.T.);
#7872=ORIENTED_EDGE('',*,*,#6160,.T.);
#7873=ORIENTED_EDGE('',*,*,#6028,.T.);
#7874=ORIENTED_EDGE('',*,*,#6164,.T.);
#7875=ORIENTED_EDGE('',*,*,#6165,.T.);
#7876=ORIENTED_EDGE('',*,*,#6166,.T.);
#7877=ORIENTED_EDGE('',*,*,#6167,.T.);
#7878=ORIENTED_EDGE('',*,*,#6164,.F.);
#7879=ORIENTED_EDGE('',*,*,#6027,.T.);
#7880=ORIENTED_EDGE('',*,*,#6168,.T.);
#7881=ORIENTED_EDGE('',*,*,#6169,.F.);
#7882=ORIENTED_EDGE('',*,*,#6170,.F.);
#7883=ORIENTED_EDGE('',*,*,#6171,.F.);
#7884=ORIENTED_EDGE('',*,*,#6172,.F.);
#7885=ORIENTED_EDGE('',*,*,#6173,.F.);
#7886=ORIENTED_EDGE('',*,*,#6168,.F.);
#7887=ORIENTED_EDGE('',*,*,#6026,.F.);
#7888=ORIENTED_EDGE('',*,*,#6162,.F.);
#7889=ORIENTED_EDGE('',*,*,#6174,.F.);
#7890=ORIENTED_EDGE('',*,*,#6029,.T.);
#7891=ORIENTED_EDGE('',*,*,#6175,.T.);
#7892=ORIENTED_EDGE('',*,*,#6176,.F.);
#7893=ORIENTED_EDGE('',*,*,#6177,.F.);
#7894=ORIENTED_EDGE('',*,*,#6178,.F.);
#7895=ORIENTED_EDGE('',*,*,#6179,.F.);
#7896=ORIENTED_EDGE('',*,*,#6180,.F.);
#7897=ORIENTED_EDGE('',*,*,#6175,.F.);
#7898=ORIENTED_EDGE('',*,*,#6032,.F.);
#7899=ORIENTED_EDGE('',*,*,#6181,.F.);
#7900=ORIENTED_EDGE('',*,*,#6182,.F.);
#7901=ORIENTED_EDGE('',*,*,#6183,.T.);
#7902=ORIENTED_EDGE('',*,*,#6181,.T.);
#7903=ORIENTED_EDGE('',*,*,#6031,.T.);
#7904=ORIENTED_EDGE('',*,*,#6184,.T.);
#7905=ORIENTED_EDGE('',*,*,#6182,.T.);
#7906=ORIENTED_EDGE('',*,*,#6030,.T.);
#7907=ORIENTED_EDGE('',*,*,#6174,.T.);
#7908=ORIENTED_EDGE('',*,*,#6185,.T.);
#7909=ORIENTED_EDGE('',*,*,#6186,.T.);
#7910=ORIENTED_EDGE('',*,*,#6187,.T.);
#7911=ORIENTED_EDGE('',*,*,#6188,.F.);
#7912=ORIENTED_EDGE('',*,*,#6033,.T.);
#7913=ORIENTED_EDGE('',*,*,#6189,.T.);
#7914=ORIENTED_EDGE('',*,*,#6190,.F.);
#7915=ORIENTED_EDGE('',*,*,#6191,.F.);
#7916=ORIENTED_EDGE('',*,*,#6192,.F.);
#7917=ORIENTED_EDGE('',*,*,#6193,.F.);
#7918=ORIENTED_EDGE('',*,*,#6194,.F.);
#7919=ORIENTED_EDGE('',*,*,#6189,.F.);
#7920=ORIENTED_EDGE('',*,*,#6036,.F.);
#7921=ORIENTED_EDGE('',*,*,#6195,.F.);
#7922=ORIENTED_EDGE('',*,*,#6196,.F.);
#7923=ORIENTED_EDGE('',*,*,#6197,.T.);
#7924=ORIENTED_EDGE('',*,*,#6195,.T.);
#7925=ORIENTED_EDGE('',*,*,#6035,.T.);
#7926=ORIENTED_EDGE('',*,*,#6198,.T.);
#7927=ORIENTED_EDGE('',*,*,#6196,.T.);
#7928=ORIENTED_EDGE('',*,*,#6034,.T.);
#7929=ORIENTED_EDGE('',*,*,#6188,.T.);
#7930=ORIENTED_EDGE('',*,*,#6199,.T.);
#7931=ORIENTED_EDGE('',*,*,#6200,.T.);
#7932=ORIENTED_EDGE('',*,*,#6201,.T.);
#7933=ORIENTED_EDGE('',*,*,#6202,.F.);
#7934=ORIENTED_EDGE('',*,*,#6203,.T.);
#7935=ORIENTED_EDGE('',*,*,#6204,.T.);
#7936=ORIENTED_EDGE('',*,*,#6037,.T.);
#7937=ORIENTED_EDGE('',*,*,#6205,.T.);
#7938=ORIENTED_EDGE('',*,*,#6202,.T.);
#7939=ORIENTED_EDGE('',*,*,#6040,.T.);
#7940=ORIENTED_EDGE('',*,*,#6206,.T.);
#7941=ORIENTED_EDGE('',*,*,#6207,.T.);
#7942=ORIENTED_EDGE('',*,*,#6208,.T.);
#7943=ORIENTED_EDGE('',*,*,#6209,.T.);
#7944=ORIENTED_EDGE('',*,*,#6206,.F.);
#7945=ORIENTED_EDGE('',*,*,#6039,.T.);
#7946=ORIENTED_EDGE('',*,*,#6210,.T.);
#7947=ORIENTED_EDGE('',*,*,#6211,.F.);
#7948=ORIENTED_EDGE('',*,*,#6212,.F.);
#7949=ORIENTED_EDGE('',*,*,#6213,.F.);
#7950=ORIENTED_EDGE('',*,*,#6214,.F.);
#7951=ORIENTED_EDGE('',*,*,#6215,.F.);
#7952=ORIENTED_EDGE('',*,*,#6210,.F.);
#7953=ORIENTED_EDGE('',*,*,#6038,.F.);
#7954=ORIENTED_EDGE('',*,*,#6204,.F.);
#7955=ORIENTED_EDGE('',*,*,#6216,.T.);
#7956=ORIENTED_EDGE('',*,*,#6217,.T.);
#7957=ORIENTED_EDGE('',*,*,#6041,.T.);
#7958=ORIENTED_EDGE('',*,*,#6218,.T.);
#7959=ORIENTED_EDGE('',*,*,#6219,.T.);
#7960=ORIENTED_EDGE('',*,*,#6220,.T.);
#7961=ORIENTED_EDGE('',*,*,#6221,.T.);
#7962=ORIENTED_EDGE('',*,*,#6218,.F.);
#7963=ORIENTED_EDGE('',*,*,#6044,.T.);
#7964=ORIENTED_EDGE('',*,*,#6222,.T.);
#7965=ORIENTED_EDGE('',*,*,#6223,.F.);
#7966=ORIENTED_EDGE('',*,*,#6224,.F.);
#7967=ORIENTED_EDGE('',*,*,#6225,.F.);
#7968=ORIENTED_EDGE('',*,*,#6226,.F.);
#7969=ORIENTED_EDGE('',*,*,#6227,.F.);
#7970=ORIENTED_EDGE('',*,*,#6222,.F.);
#7971=ORIENTED_EDGE('',*,*,#6043,.F.);
#7972=ORIENTED_EDGE('',*,*,#6228,.F.);
#7973=ORIENTED_EDGE('',*,*,#6217,.F.);
#7974=ORIENTED_EDGE('',*,*,#6229,.T.);
#7975=ORIENTED_EDGE('',*,*,#6228,.T.);
#7976=ORIENTED_EDGE('',*,*,#6042,.T.);
#7977=ORIENTED_EDGE('',*,*,#6230,.F.);
#7978=ORIENTED_EDGE('',*,*,#6231,.T.);
#7979=ORIENTED_EDGE('',*,*,#6232,.T.);
#7980=ORIENTED_EDGE('',*,*,#6045,.T.);
#7981=ORIENTED_EDGE('',*,*,#6233,.T.);
#7982=ORIENTED_EDGE('',*,*,#6230,.T.);
#7983=ORIENTED_EDGE('',*,*,#6048,.T.);
#7984=ORIENTED_EDGE('',*,*,#6234,.T.);
#7985=ORIENTED_EDGE('',*,*,#6235,.T.);
#7986=ORIENTED_EDGE('',*,*,#6236,.T.);
#7987=ORIENTED_EDGE('',*,*,#6237,.T.);
#7988=ORIENTED_EDGE('',*,*,#6234,.F.);
#7989=ORIENTED_EDGE('',*,*,#6047,.T.);
#7990=ORIENTED_EDGE('',*,*,#6238,.T.);
#7991=ORIENTED_EDGE('',*,*,#6239,.F.);
#7992=ORIENTED_EDGE('',*,*,#6240,.F.);
#7993=ORIENTED_EDGE('',*,*,#6241,.F.);
#7994=ORIENTED_EDGE('',*,*,#6242,.F.);
#7995=ORIENTED_EDGE('',*,*,#6243,.F.);
#7996=ORIENTED_EDGE('',*,*,#6238,.F.);
#7997=ORIENTED_EDGE('',*,*,#6046,.F.);
#7998=ORIENTED_EDGE('',*,*,#6232,.F.);
#7999=ORIENTED_EDGE('',*,*,#6244,.T.);
#8000=ORIENTED_EDGE('',*,*,#6245,.T.);
#8001=ORIENTED_EDGE('',*,*,#6049,.T.);
#8002=ORIENTED_EDGE('',*,*,#6246,.T.);
#8003=ORIENTED_EDGE('',*,*,#6247,.T.);
#8004=ORIENTED_EDGE('',*,*,#6248,.T.);
#8005=ORIENTED_EDGE('',*,*,#6249,.T.);
#8006=ORIENTED_EDGE('',*,*,#6246,.F.);
#8007=ORIENTED_EDGE('',*,*,#6052,.T.);
#8008=ORIENTED_EDGE('',*,*,#6250,.T.);
#8009=ORIENTED_EDGE('',*,*,#6251,.F.);
#8010=ORIENTED_EDGE('',*,*,#6252,.F.);
#8011=ORIENTED_EDGE('',*,*,#6253,.F.);
#8012=ORIENTED_EDGE('',*,*,#6254,.F.);
#8013=ORIENTED_EDGE('',*,*,#6255,.F.);
#8014=ORIENTED_EDGE('',*,*,#6250,.F.);
#8015=ORIENTED_EDGE('',*,*,#6051,.F.);
#8016=ORIENTED_EDGE('',*,*,#6256,.F.);
#8017=ORIENTED_EDGE('',*,*,#6245,.F.);
#8018=ORIENTED_EDGE('',*,*,#6257,.T.);
#8019=ORIENTED_EDGE('',*,*,#6256,.T.);
#8020=ORIENTED_EDGE('',*,*,#6050,.T.);
#8021=ORIENTED_EDGE('',*,*,#6258,.T.);
#8022=ORIENTED_EDGE('',*,*,#6259,.T.);
#8023=ORIENTED_EDGE('',*,*,#6053,.T.);
#8024=ORIENTED_EDGE('',*,*,#6260,.T.);
#8025=ORIENTED_EDGE('',*,*,#6261,.T.);
#8026=ORIENTED_EDGE('',*,*,#6262,.T.);
#8027=ORIENTED_EDGE('',*,*,#6263,.T.);
#8028=ORIENTED_EDGE('',*,*,#6260,.F.);
#8029=ORIENTED_EDGE('',*,*,#6056,.T.);
#8030=ORIENTED_EDGE('',*,*,#6264,.T.);
#8031=ORIENTED_EDGE('',*,*,#6265,.F.);
#8032=ORIENTED_EDGE('',*,*,#6266,.F.);
#8033=ORIENTED_EDGE('',*,*,#6267,.F.);
#8034=ORIENTED_EDGE('',*,*,#6268,.F.);
#8035=ORIENTED_EDGE('',*,*,#6269,.F.);
#8036=ORIENTED_EDGE('',*,*,#6264,.F.);
#8037=ORIENTED_EDGE('',*,*,#6055,.F.);
#8038=ORIENTED_EDGE('',*,*,#6270,.F.);
#8039=ORIENTED_EDGE('',*,*,#6259,.F.);
#8040=ORIENTED_EDGE('',*,*,#6271,.T.);
#8041=ORIENTED_EDGE('',*,*,#6270,.T.);
#8042=ORIENTED_EDGE('',*,*,#6054,.T.);
#8043=ORIENTED_EDGE('',*,*,#6272,.T.);
#8044=ORIENTED_EDGE('',*,*,#6086,.T.);
#8045=ORIENTED_EDGE('',*,*,#6077,.F.);
#8046=ORIENTED_EDGE('',*,*,#6079,.F.);
#8047=ORIENTED_EDGE('',*,*,#6083,.F.);
#8048=ORIENTED_EDGE('',*,*,#6273,.T.);
#8049=ORIENTED_EDGE('',*,*,#6087,.T.);
#8050=ORIENTED_EDGE('',*,*,#6272,.F.);
#8051=ORIENTED_EDGE('',*,*,#6274,.T.);
#8052=ORIENTED_EDGE('',*,*,#6275,.T.);
#8053=ORIENTED_EDGE('',*,*,#6276,.F.);
#8054=ORIENTED_EDGE('',*,*,#6082,.F.);
#8055=ORIENTED_EDGE('',*,*,#6081,.F.);
#8056=ORIENTED_EDGE('',*,*,#6085,.T.);
#8057=ORIENTED_EDGE('',*,*,#6089,.T.);
#8058=ORIENTED_EDGE('',*,*,#6277,.F.);
#8059=ORIENTED_EDGE('',*,*,#6278,.T.);
#8060=ORIENTED_EDGE('',*,*,#6088,.T.);
#8061=ORIENTED_EDGE('',*,*,#6279,.F.);
#8062=ORIENTED_EDGE('',*,*,#6280,.F.);
#8063=ORIENTED_EDGE('',*,*,#6101,.F.);
#8064=ORIENTED_EDGE('',*,*,#6092,.T.);
#8065=ORIENTED_EDGE('',*,*,#6096,.T.);
#8066=ORIENTED_EDGE('',*,*,#6281,.F.);
#8067=ORIENTED_EDGE('',*,*,#6282,.T.);
#8068=ORIENTED_EDGE('',*,*,#6093,.T.);
#8069=ORIENTED_EDGE('',*,*,#6099,.F.);
#8070=ORIENTED_EDGE('',*,*,#6100,.F.);
#8071=ORIENTED_EDGE('',*,*,#6103,.F.);
#8072=ORIENTED_EDGE('',*,*,#6283,.T.);
#8073=ORIENTED_EDGE('',*,*,#6094,.T.);
#8074=ORIENTED_EDGE('',*,*,#6282,.F.);
#8075=ORIENTED_EDGE('',*,*,#6284,.T.);
#8076=ORIENTED_EDGE('',*,*,#6095,.T.);
#8077=ORIENTED_EDGE('',*,*,#6285,.F.);
#8078=ORIENTED_EDGE('',*,*,#6286,.F.);
#8079=ORIENTED_EDGE('',*,*,#6287,.T.);
#8080=ORIENTED_EDGE('',*,*,#6288,.T.);
#8081=ORIENTED_EDGE('',*,*,#6289,.F.);
#8082=ORIENTED_EDGE('',*,*,#6102,.F.);
#8083=ORIENTED_EDGE('',*,*,#6115,.F.);
#8084=ORIENTED_EDGE('',*,*,#6106,.T.);
#8085=ORIENTED_EDGE('',*,*,#6110,.T.);
#8086=ORIENTED_EDGE('',*,*,#6290,.F.);
#8087=ORIENTED_EDGE('',*,*,#6291,.T.);
#8088=ORIENTED_EDGE('',*,*,#6107,.T.);
#8089=ORIENTED_EDGE('',*,*,#6113,.F.);
#8090=ORIENTED_EDGE('',*,*,#6114,.F.);
#8091=ORIENTED_EDGE('',*,*,#6117,.F.);
#8092=ORIENTED_EDGE('',*,*,#6292,.T.);
#8093=ORIENTED_EDGE('',*,*,#6108,.T.);
#8094=ORIENTED_EDGE('',*,*,#6291,.F.);
#8095=ORIENTED_EDGE('',*,*,#6293,.T.);
#8096=ORIENTED_EDGE('',*,*,#6109,.T.);
#8097=ORIENTED_EDGE('',*,*,#6294,.F.);
#8098=ORIENTED_EDGE('',*,*,#6295,.F.);
#8099=ORIENTED_EDGE('',*,*,#6296,.T.);
#8100=ORIENTED_EDGE('',*,*,#6297,.T.);
#8101=ORIENTED_EDGE('',*,*,#6298,.F.);
#8102=ORIENTED_EDGE('',*,*,#6116,.F.);
#8103=ORIENTED_EDGE('',*,*,#6299,.T.);
#8104=ORIENTED_EDGE('',*,*,#6126,.T.);
#8105=ORIENTED_EDGE('',*,*,#6131,.F.);
#8106=ORIENTED_EDGE('',*,*,#6118,.F.);
#8107=ORIENTED_EDGE('',*,*,#6123,.F.);
#8108=ORIENTED_EDGE('',*,*,#6300,.T.);
#8109=ORIENTED_EDGE('',*,*,#6127,.T.);
#8110=ORIENTED_EDGE('',*,*,#6299,.F.);
#8111=ORIENTED_EDGE('',*,*,#6301,.T.);
#8112=ORIENTED_EDGE('',*,*,#6302,.T.);
#8113=ORIENTED_EDGE('',*,*,#6303,.F.);
#8114=ORIENTED_EDGE('',*,*,#6122,.F.);
#8115=ORIENTED_EDGE('',*,*,#6121,.F.);
#8116=ORIENTED_EDGE('',*,*,#6125,.T.);
#8117=ORIENTED_EDGE('',*,*,#6129,.T.);
#8118=ORIENTED_EDGE('',*,*,#6304,.F.);
#8119=ORIENTED_EDGE('',*,*,#6305,.T.);
#8120=ORIENTED_EDGE('',*,*,#6128,.T.);
#8121=ORIENTED_EDGE('',*,*,#6306,.F.);
#8122=ORIENTED_EDGE('',*,*,#6307,.F.);
#8123=ORIENTED_EDGE('',*,*,#6143,.F.);
#8124=ORIENTED_EDGE('',*,*,#6134,.T.);
#8125=ORIENTED_EDGE('',*,*,#6138,.T.);
#8126=ORIENTED_EDGE('',*,*,#6308,.F.);
#8127=ORIENTED_EDGE('',*,*,#6309,.T.);
#8128=ORIENTED_EDGE('',*,*,#6135,.T.);
#8129=ORIENTED_EDGE('',*,*,#6141,.F.);
#8130=ORIENTED_EDGE('',*,*,#6142,.F.);
#8131=ORIENTED_EDGE('',*,*,#6145,.F.);
#8132=ORIENTED_EDGE('',*,*,#6310,.T.);
#8133=ORIENTED_EDGE('',*,*,#6136,.T.);
#8134=ORIENTED_EDGE('',*,*,#6309,.F.);
#8135=ORIENTED_EDGE('',*,*,#6311,.T.);
#8136=ORIENTED_EDGE('',*,*,#6137,.T.);
#8137=ORIENTED_EDGE('',*,*,#6312,.F.);
#8138=ORIENTED_EDGE('',*,*,#6313,.F.);
#8139=ORIENTED_EDGE('',*,*,#6314,.F.);
#8140=ORIENTED_EDGE('',*,*,#6315,.T.);
#8141=ORIENTED_EDGE('',*,*,#6316,.F.);
#8142=ORIENTED_EDGE('',*,*,#6144,.F.);
#8143=ORIENTED_EDGE('',*,*,#6317,.T.);
#8144=ORIENTED_EDGE('',*,*,#6156,.T.);
#8145=ORIENTED_EDGE('',*,*,#6147,.F.);
#8146=ORIENTED_EDGE('',*,*,#6149,.F.);
#8147=ORIENTED_EDGE('',*,*,#6153,.F.);
#8148=ORIENTED_EDGE('',*,*,#6318,.T.);
#8149=ORIENTED_EDGE('',*,*,#6157,.T.);
#8150=ORIENTED_EDGE('',*,*,#6317,.F.);
#8151=ORIENTED_EDGE('',*,*,#6319,.F.);
#8152=ORIENTED_EDGE('',*,*,#6320,.T.);
#8153=ORIENTED_EDGE('',*,*,#6321,.F.);
#8154=ORIENTED_EDGE('',*,*,#6152,.F.);
#8155=ORIENTED_EDGE('',*,*,#6151,.F.);
#8156=ORIENTED_EDGE('',*,*,#6155,.T.);
#8157=ORIENTED_EDGE('',*,*,#6159,.T.);
#8158=ORIENTED_EDGE('',*,*,#6322,.F.);
#8159=ORIENTED_EDGE('',*,*,#6323,.T.);
#8160=ORIENTED_EDGE('',*,*,#6158,.T.);
#8161=ORIENTED_EDGE('',*,*,#6324,.F.);
#8162=ORIENTED_EDGE('',*,*,#6325,.F.);
#8163=ORIENTED_EDGE('',*,*,#6326,.T.);
#8164=ORIENTED_EDGE('',*,*,#6170,.T.);
#8165=ORIENTED_EDGE('',*,*,#6161,.F.);
#8166=ORIENTED_EDGE('',*,*,#6163,.F.);
#8167=ORIENTED_EDGE('',*,*,#6167,.F.);
#8168=ORIENTED_EDGE('',*,*,#6327,.T.);
#8169=ORIENTED_EDGE('',*,*,#6171,.T.);
#8170=ORIENTED_EDGE('',*,*,#6326,.F.);
#8171=ORIENTED_EDGE('',*,*,#6328,.F.);
#8172=ORIENTED_EDGE('',*,*,#6329,.T.);
#8173=ORIENTED_EDGE('',*,*,#6330,.F.);
#8174=ORIENTED_EDGE('',*,*,#6166,.F.);
#8175=ORIENTED_EDGE('',*,*,#6165,.F.);
#8176=ORIENTED_EDGE('',*,*,#6169,.T.);
#8177=ORIENTED_EDGE('',*,*,#6173,.T.);
#8178=ORIENTED_EDGE('',*,*,#6331,.F.);
#8179=ORIENTED_EDGE('',*,*,#6332,.T.);
#8180=ORIENTED_EDGE('',*,*,#6172,.T.);
#8181=ORIENTED_EDGE('',*,*,#6333,.F.);
#8182=ORIENTED_EDGE('',*,*,#6334,.F.);
#8183=ORIENTED_EDGE('',*,*,#6185,.F.);
#8184=ORIENTED_EDGE('',*,*,#6176,.T.);
#8185=ORIENTED_EDGE('',*,*,#6180,.T.);
#8186=ORIENTED_EDGE('',*,*,#6335,.F.);
#8187=ORIENTED_EDGE('',*,*,#6336,.T.);
#8188=ORIENTED_EDGE('',*,*,#6177,.T.);
#8189=ORIENTED_EDGE('',*,*,#6183,.F.);
#8190=ORIENTED_EDGE('',*,*,#6184,.F.);
#8191=ORIENTED_EDGE('',*,*,#6187,.F.);
#8192=ORIENTED_EDGE('',*,*,#6337,.T.);
#8193=ORIENTED_EDGE('',*,*,#6178,.T.);
#8194=ORIENTED_EDGE('',*,*,#6336,.F.);
#8195=ORIENTED_EDGE('',*,*,#6338,.T.);
#8196=ORIENTED_EDGE('',*,*,#6179,.T.);
#8197=ORIENTED_EDGE('',*,*,#6339,.F.);
#8198=ORIENTED_EDGE('',*,*,#6340,.F.);
#8199=ORIENTED_EDGE('',*,*,#6341,.F.);
#8200=ORIENTED_EDGE('',*,*,#6342,.T.);
#8201=ORIENTED_EDGE('',*,*,#6343,.F.);
#8202=ORIENTED_EDGE('',*,*,#6186,.F.);
#8203=ORIENTED_EDGE('',*,*,#6199,.F.);
#8204=ORIENTED_EDGE('',*,*,#6190,.T.);
#8205=ORIENTED_EDGE('',*,*,#6194,.T.);
#8206=ORIENTED_EDGE('',*,*,#6344,.F.);
#8207=ORIENTED_EDGE('',*,*,#6345,.T.);
#8208=ORIENTED_EDGE('',*,*,#6191,.T.);
#8209=ORIENTED_EDGE('',*,*,#6197,.F.);
#8210=ORIENTED_EDGE('',*,*,#6198,.F.);
#8211=ORIENTED_EDGE('',*,*,#6201,.F.);
#8212=ORIENTED_EDGE('',*,*,#6346,.T.);
#8213=ORIENTED_EDGE('',*,*,#6192,.T.);
#8214=ORIENTED_EDGE('',*,*,#6345,.F.);
#8215=ORIENTED_EDGE('',*,*,#6347,.T.);
#8216=ORIENTED_EDGE('',*,*,#6193,.T.);
#8217=ORIENTED_EDGE('',*,*,#6348,.F.);
#8218=ORIENTED_EDGE('',*,*,#6349,.F.);
#8219=ORIENTED_EDGE('',*,*,#6350,.F.);
#8220=ORIENTED_EDGE('',*,*,#6351,.T.);
#8221=ORIENTED_EDGE('',*,*,#6352,.F.);
#8222=ORIENTED_EDGE('',*,*,#6200,.F.);
#8223=ORIENTED_EDGE('',*,*,#6353,.T.);
#8224=ORIENTED_EDGE('',*,*,#6212,.T.);
#8225=ORIENTED_EDGE('',*,*,#6203,.F.);
#8226=ORIENTED_EDGE('',*,*,#6205,.F.);
#8227=ORIENTED_EDGE('',*,*,#6209,.F.);
#8228=ORIENTED_EDGE('',*,*,#6354,.T.);
#8229=ORIENTED_EDGE('',*,*,#6213,.T.);
#8230=ORIENTED_EDGE('',*,*,#6353,.F.);
#8231=ORIENTED_EDGE('',*,*,#6355,.T.);
#8232=ORIENTED_EDGE('',*,*,#6356,.T.);
#8233=ORIENTED_EDGE('',*,*,#6357,.F.);
#8234=ORIENTED_EDGE('',*,*,#6208,.F.);
#8235=ORIENTED_EDGE('',*,*,#6207,.F.);
#8236=ORIENTED_EDGE('',*,*,#6211,.T.);
#8237=ORIENTED_EDGE('',*,*,#6215,.T.);
#8238=ORIENTED_EDGE('',*,*,#6358,.F.);
#8239=ORIENTED_EDGE('',*,*,#6359,.T.);
#8240=ORIENTED_EDGE('',*,*,#6214,.T.);
#8241=ORIENTED_EDGE('',*,*,#6360,.F.);
#8242=ORIENTED_EDGE('',*,*,#6361,.F.);
#8243=ORIENTED_EDGE('',*,*,#6362,.T.);
#8244=ORIENTED_EDGE('',*,*,#6224,.T.);
#8245=ORIENTED_EDGE('',*,*,#6229,.F.);
#8246=ORIENTED_EDGE('',*,*,#6216,.F.);
#8247=ORIENTED_EDGE('',*,*,#6221,.F.);
#8248=ORIENTED_EDGE('',*,*,#6363,.T.);
#8249=ORIENTED_EDGE('',*,*,#6225,.T.);
#8250=ORIENTED_EDGE('',*,*,#6362,.F.);
#8251=ORIENTED_EDGE('',*,*,#6364,.T.);
#8252=ORIENTED_EDGE('',*,*,#6365,.T.);
#8253=ORIENTED_EDGE('',*,*,#6366,.F.);
#8254=ORIENTED_EDGE('',*,*,#6220,.F.);
#8255=ORIENTED_EDGE('',*,*,#6219,.F.);
#8256=ORIENTED_EDGE('',*,*,#6223,.T.);
#8257=ORIENTED_EDGE('',*,*,#6227,.T.);
#8258=ORIENTED_EDGE('',*,*,#6367,.F.);
#8259=ORIENTED_EDGE('',*,*,#6368,.T.);
#8260=ORIENTED_EDGE('',*,*,#6226,.T.);
#8261=ORIENTED_EDGE('',*,*,#6369,.F.);
#8262=ORIENTED_EDGE('',*,*,#6370,.F.);
#8263=ORIENTED_EDGE('',*,*,#6371,.T.);
#8264=ORIENTED_EDGE('',*,*,#6240,.T.);
#8265=ORIENTED_EDGE('',*,*,#6231,.F.);
#8266=ORIENTED_EDGE('',*,*,#6233,.F.);
#8267=ORIENTED_EDGE('',*,*,#6237,.F.);
#8268=ORIENTED_EDGE('',*,*,#6372,.T.);
#8269=ORIENTED_EDGE('',*,*,#6241,.T.);
#8270=ORIENTED_EDGE('',*,*,#6371,.F.);
#8271=ORIENTED_EDGE('',*,*,#6373,.F.);
#8272=ORIENTED_EDGE('',*,*,#6374,.T.);
#8273=ORIENTED_EDGE('',*,*,#6375,.F.);
#8274=ORIENTED_EDGE('',*,*,#6236,.F.);
#8275=ORIENTED_EDGE('',*,*,#6235,.F.);
#8276=ORIENTED_EDGE('',*,*,#6239,.T.);
#8277=ORIENTED_EDGE('',*,*,#6243,.T.);
#8278=ORIENTED_EDGE('',*,*,#6376,.F.);
#8279=ORIENTED_EDGE('',*,*,#6377,.T.);
#8280=ORIENTED_EDGE('',*,*,#6242,.T.);
#8281=ORIENTED_EDGE('',*,*,#6378,.F.);
#8282=ORIENTED_EDGE('',*,*,#6379,.F.);
#8283=ORIENTED_EDGE('',*,*,#6380,.T.);
#8284=ORIENTED_EDGE('',*,*,#6252,.T.);
#8285=ORIENTED_EDGE('',*,*,#6257,.F.);
#8286=ORIENTED_EDGE('',*,*,#6244,.F.);
#8287=ORIENTED_EDGE('',*,*,#6249,.F.);
#8288=ORIENTED_EDGE('',*,*,#6381,.T.);
#8289=ORIENTED_EDGE('',*,*,#6253,.T.);
#8290=ORIENTED_EDGE('',*,*,#6380,.F.);
#8291=ORIENTED_EDGE('',*,*,#6382,.T.);
#8292=ORIENTED_EDGE('',*,*,#6383,.T.);
#8293=ORIENTED_EDGE('',*,*,#6384,.F.);
#8294=ORIENTED_EDGE('',*,*,#6248,.F.);
#8295=ORIENTED_EDGE('',*,*,#6247,.F.);
#8296=ORIENTED_EDGE('',*,*,#6251,.T.);
#8297=ORIENTED_EDGE('',*,*,#6255,.T.);
#8298=ORIENTED_EDGE('',*,*,#6385,.F.);
#8299=ORIENTED_EDGE('',*,*,#6386,.T.);
#8300=ORIENTED_EDGE('',*,*,#6254,.T.);
#8301=ORIENTED_EDGE('',*,*,#6387,.F.);
#8302=ORIENTED_EDGE('',*,*,#6388,.F.);
#8303=ORIENTED_EDGE('',*,*,#6389,.T.);
#8304=ORIENTED_EDGE('',*,*,#6266,.T.);
#8305=ORIENTED_EDGE('',*,*,#6271,.F.);
#8306=ORIENTED_EDGE('',*,*,#6258,.F.);
#8307=ORIENTED_EDGE('',*,*,#6263,.F.);
#8308=ORIENTED_EDGE('',*,*,#6390,.T.);
#8309=ORIENTED_EDGE('',*,*,#6267,.T.);
#8310=ORIENTED_EDGE('',*,*,#6389,.F.);
#8311=ORIENTED_EDGE('',*,*,#6391,.F.);
#8312=ORIENTED_EDGE('',*,*,#6392,.T.);
#8313=ORIENTED_EDGE('',*,*,#6393,.F.);
#8314=ORIENTED_EDGE('',*,*,#6262,.F.);
#8315=ORIENTED_EDGE('',*,*,#6261,.F.);
#8316=ORIENTED_EDGE('',*,*,#6265,.T.);
#8317=ORIENTED_EDGE('',*,*,#6269,.T.);
#8318=ORIENTED_EDGE('',*,*,#6394,.F.);
#8319=ORIENTED_EDGE('',*,*,#6395,.T.);
#8320=ORIENTED_EDGE('',*,*,#6268,.T.);
#8321=ORIENTED_EDGE('',*,*,#6396,.F.);
#8322=ORIENTED_EDGE('',*,*,#6397,.F.);
#8323=ORIENTED_EDGE('',*,*,#6276,.T.);
#8324=ORIENTED_EDGE('',*,*,#6398,.T.);
#8325=ORIENTED_EDGE('',*,*,#6279,.T.);
#8326=ORIENTED_EDGE('',*,*,#6273,.F.);
#8327=ORIENTED_EDGE('',*,*,#6274,.F.);
#8328=ORIENTED_EDGE('',*,*,#6277,.T.);
#8329=ORIENTED_EDGE('',*,*,#6278,.F.);
#8330=ORIENTED_EDGE('',*,*,#6399,.F.);
#8331=ORIENTED_EDGE('',*,*,#6275,.F.);
#8332=ORIENTED_EDGE('',*,*,#6399,.T.);
#8333=ORIENTED_EDGE('',*,*,#6280,.T.);
#8334=ORIENTED_EDGE('',*,*,#6398,.F.);
#8335=ORIENTED_EDGE('',*,*,#6287,.F.);
#8336=ORIENTED_EDGE('',*,*,#6281,.T.);
#8337=ORIENTED_EDGE('',*,*,#6284,.F.);
#8338=ORIENTED_EDGE('',*,*,#6400,.F.);
#8339=ORIENTED_EDGE('',*,*,#6289,.T.);
#8340=ORIENTED_EDGE('',*,*,#6401,.T.);
#8341=ORIENTED_EDGE('',*,*,#6285,.T.);
#8342=ORIENTED_EDGE('',*,*,#6283,.F.);
#8343=ORIENTED_EDGE('',*,*,#6288,.F.);
#8344=ORIENTED_EDGE('',*,*,#6400,.T.);
#8345=ORIENTED_EDGE('',*,*,#6286,.T.);
#8346=ORIENTED_EDGE('',*,*,#6401,.F.);
#8347=ORIENTED_EDGE('',*,*,#6296,.F.);
#8348=ORIENTED_EDGE('',*,*,#6290,.T.);
#8349=ORIENTED_EDGE('',*,*,#6293,.F.);
#8350=ORIENTED_EDGE('',*,*,#6402,.F.);
#8351=ORIENTED_EDGE('',*,*,#6298,.T.);
#8352=ORIENTED_EDGE('',*,*,#6403,.T.);
#8353=ORIENTED_EDGE('',*,*,#6294,.T.);
#8354=ORIENTED_EDGE('',*,*,#6292,.F.);
#8355=ORIENTED_EDGE('',*,*,#6297,.F.);
#8356=ORIENTED_EDGE('',*,*,#6402,.T.);
#8357=ORIENTED_EDGE('',*,*,#6295,.T.);
#8358=ORIENTED_EDGE('',*,*,#6403,.F.);
#8359=ORIENTED_EDGE('',*,*,#6303,.T.);
#8360=ORIENTED_EDGE('',*,*,#6404,.T.);
#8361=ORIENTED_EDGE('',*,*,#6306,.T.);
#8362=ORIENTED_EDGE('',*,*,#6300,.F.);
#8363=ORIENTED_EDGE('',*,*,#6301,.F.);
#8364=ORIENTED_EDGE('',*,*,#6304,.T.);
#8365=ORIENTED_EDGE('',*,*,#6305,.F.);
#8366=ORIENTED_EDGE('',*,*,#6405,.F.);
#8367=ORIENTED_EDGE('',*,*,#6302,.F.);
#8368=ORIENTED_EDGE('',*,*,#6405,.T.);
#8369=ORIENTED_EDGE('',*,*,#6307,.T.);
#8370=ORIENTED_EDGE('',*,*,#6404,.F.);
#8371=ORIENTED_EDGE('',*,*,#6314,.T.);
#8372=ORIENTED_EDGE('',*,*,#6308,.T.);
#8373=ORIENTED_EDGE('',*,*,#6311,.F.);
#8374=ORIENTED_EDGE('',*,*,#6406,.F.);
#8375=ORIENTED_EDGE('',*,*,#6316,.T.);
#8376=ORIENTED_EDGE('',*,*,#6407,.T.);
#8377=ORIENTED_EDGE('',*,*,#6312,.T.);
#8378=ORIENTED_EDGE('',*,*,#6310,.F.);
#8379=ORIENTED_EDGE('',*,*,#6406,.T.);
#8380=ORIENTED_EDGE('',*,*,#6313,.T.);
#8381=ORIENTED_EDGE('',*,*,#6407,.F.);
#8382=ORIENTED_EDGE('',*,*,#6315,.F.);
#8383=ORIENTED_EDGE('',*,*,#6321,.T.);
#8384=ORIENTED_EDGE('',*,*,#6408,.T.);
#8385=ORIENTED_EDGE('',*,*,#6324,.T.);
#8386=ORIENTED_EDGE('',*,*,#6318,.F.);
#8387=ORIENTED_EDGE('',*,*,#6319,.T.);
#8388=ORIENTED_EDGE('',*,*,#6322,.T.);
#8389=ORIENTED_EDGE('',*,*,#6323,.F.);
#8390=ORIENTED_EDGE('',*,*,#6409,.F.);
#8391=ORIENTED_EDGE('',*,*,#6409,.T.);
#8392=ORIENTED_EDGE('',*,*,#6325,.T.);
#8393=ORIENTED_EDGE('',*,*,#6408,.F.);
#8394=ORIENTED_EDGE('',*,*,#6320,.F.);
#8395=ORIENTED_EDGE('',*,*,#6330,.T.);
#8396=ORIENTED_EDGE('',*,*,#6410,.T.);
#8397=ORIENTED_EDGE('',*,*,#6333,.T.);
#8398=ORIENTED_EDGE('',*,*,#6327,.F.);
#8399=ORIENTED_EDGE('',*,*,#6328,.T.);
#8400=ORIENTED_EDGE('',*,*,#6331,.T.);
#8401=ORIENTED_EDGE('',*,*,#6332,.F.);
#8402=ORIENTED_EDGE('',*,*,#6411,.F.);
#8403=ORIENTED_EDGE('',*,*,#6411,.T.);
#8404=ORIENTED_EDGE('',*,*,#6334,.T.);
#8405=ORIENTED_EDGE('',*,*,#6410,.F.);
#8406=ORIENTED_EDGE('',*,*,#6329,.F.);
#8407=ORIENTED_EDGE('',*,*,#6341,.T.);
#8408=ORIENTED_EDGE('',*,*,#6335,.T.);
#8409=ORIENTED_EDGE('',*,*,#6338,.F.);
#8410=ORIENTED_EDGE('',*,*,#6412,.F.);
#8411=ORIENTED_EDGE('',*,*,#6343,.T.);
#8412=ORIENTED_EDGE('',*,*,#6413,.T.);
#8413=ORIENTED_EDGE('',*,*,#6339,.T.);
#8414=ORIENTED_EDGE('',*,*,#6337,.F.);
#8415=ORIENTED_EDGE('',*,*,#6412,.T.);
#8416=ORIENTED_EDGE('',*,*,#6340,.T.);
#8417=ORIENTED_EDGE('',*,*,#6413,.F.);
#8418=ORIENTED_EDGE('',*,*,#6342,.F.);
#8419=ORIENTED_EDGE('',*,*,#6350,.T.);
#8420=ORIENTED_EDGE('',*,*,#6344,.T.);
#8421=ORIENTED_EDGE('',*,*,#6347,.F.);
#8422=ORIENTED_EDGE('',*,*,#6414,.F.);
#8423=ORIENTED_EDGE('',*,*,#6352,.T.);
#8424=ORIENTED_EDGE('',*,*,#6415,.T.);
#8425=ORIENTED_EDGE('',*,*,#6348,.T.);
#8426=ORIENTED_EDGE('',*,*,#6346,.F.);
#8427=ORIENTED_EDGE('',*,*,#6414,.T.);
#8428=ORIENTED_EDGE('',*,*,#6349,.T.);
#8429=ORIENTED_EDGE('',*,*,#6415,.F.);
#8430=ORIENTED_EDGE('',*,*,#6351,.F.);
#8431=ORIENTED_EDGE('',*,*,#6357,.T.);
#8432=ORIENTED_EDGE('',*,*,#6416,.T.);
#8433=ORIENTED_EDGE('',*,*,#6360,.T.);
#8434=ORIENTED_EDGE('',*,*,#6354,.F.);
#8435=ORIENTED_EDGE('',*,*,#6355,.F.);
#8436=ORIENTED_EDGE('',*,*,#6358,.T.);
#8437=ORIENTED_EDGE('',*,*,#6359,.F.);
#8438=ORIENTED_EDGE('',*,*,#6417,.F.);
#8439=ORIENTED_EDGE('',*,*,#6356,.F.);
#8440=ORIENTED_EDGE('',*,*,#6417,.T.);
#8441=ORIENTED_EDGE('',*,*,#6361,.T.);
#8442=ORIENTED_EDGE('',*,*,#6416,.F.);
#8443=ORIENTED_EDGE('',*,*,#6366,.T.);
#8444=ORIENTED_EDGE('',*,*,#6418,.T.);
#8445=ORIENTED_EDGE('',*,*,#6369,.T.);
#8446=ORIENTED_EDGE('',*,*,#6363,.F.);
#8447=ORIENTED_EDGE('',*,*,#6364,.F.);
#8448=ORIENTED_EDGE('',*,*,#6367,.T.);
#8449=ORIENTED_EDGE('',*,*,#6368,.F.);
#8450=ORIENTED_EDGE('',*,*,#6419,.F.);
#8451=ORIENTED_EDGE('',*,*,#6365,.F.);
#8452=ORIENTED_EDGE('',*,*,#6419,.T.);
#8453=ORIENTED_EDGE('',*,*,#6370,.T.);
#8454=ORIENTED_EDGE('',*,*,#6418,.F.);
#8455=ORIENTED_EDGE('',*,*,#6375,.T.);
#8456=ORIENTED_EDGE('',*,*,#6420,.T.);
#8457=ORIENTED_EDGE('',*,*,#6378,.T.);
#8458=ORIENTED_EDGE('',*,*,#6372,.F.);
#8459=ORIENTED_EDGE('',*,*,#6373,.T.);
#8460=ORIENTED_EDGE('',*,*,#6376,.T.);
#8461=ORIENTED_EDGE('',*,*,#6377,.F.);
#8462=ORIENTED_EDGE('',*,*,#6421,.F.);
#8463=ORIENTED_EDGE('',*,*,#6421,.T.);
#8464=ORIENTED_EDGE('',*,*,#6379,.T.);
#8465=ORIENTED_EDGE('',*,*,#6420,.F.);
#8466=ORIENTED_EDGE('',*,*,#6374,.F.);
#8467=ORIENTED_EDGE('',*,*,#6384,.T.);
#8468=ORIENTED_EDGE('',*,*,#6422,.T.);
#8469=ORIENTED_EDGE('',*,*,#6387,.T.);
#8470=ORIENTED_EDGE('',*,*,#6381,.F.);
#8471=ORIENTED_EDGE('',*,*,#6382,.F.);
#8472=ORIENTED_EDGE('',*,*,#6385,.T.);
#8473=ORIENTED_EDGE('',*,*,#6386,.F.);
#8474=ORIENTED_EDGE('',*,*,#6423,.F.);
#8475=ORIENTED_EDGE('',*,*,#6383,.F.);
#8476=ORIENTED_EDGE('',*,*,#6423,.T.);
#8477=ORIENTED_EDGE('',*,*,#6388,.T.);
#8478=ORIENTED_EDGE('',*,*,#6422,.F.);
#8479=ORIENTED_EDGE('',*,*,#6393,.T.);
#8480=ORIENTED_EDGE('',*,*,#6424,.T.);
#8481=ORIENTED_EDGE('',*,*,#6396,.T.);
#8482=ORIENTED_EDGE('',*,*,#6390,.F.);
#8483=ORIENTED_EDGE('',*,*,#6391,.T.);
#8484=ORIENTED_EDGE('',*,*,#6394,.T.);
#8485=ORIENTED_EDGE('',*,*,#6395,.F.);
#8486=ORIENTED_EDGE('',*,*,#6425,.F.);
#8487=ORIENTED_EDGE('',*,*,#6425,.T.);
#8488=ORIENTED_EDGE('',*,*,#6397,.T.);
#8489=ORIENTED_EDGE('',*,*,#6424,.F.);
#8490=ORIENTED_EDGE('',*,*,#6392,.F.);
#8491=ORIENTED_EDGE('',*,*,#6426,.F.);
#8492=ORIENTED_EDGE('',*,*,#6427,.F.);
#8493=ORIENTED_EDGE('',*,*,#6428,.F.);
#8494=ORIENTED_EDGE('',*,*,#6429,.F.);
#8495=ORIENTED_EDGE('',*,*,#6428,.T.);
#8496=ORIENTED_EDGE('',*,*,#6430,.F.);
#8497=ORIENTED_EDGE('',*,*,#6431,.T.);
#8498=ORIENTED_EDGE('',*,*,#6432,.T.);
#8499=ORIENTED_EDGE('',*,*,#6427,.T.);
#8500=ORIENTED_EDGE('',*,*,#6433,.T.);
#8501=ORIENTED_EDGE('',*,*,#6434,.T.);
#8502=ORIENTED_EDGE('',*,*,#6430,.T.);
#8503=ORIENTED_EDGE('',*,*,#6426,.T.);
#8504=ORIENTED_EDGE('',*,*,#6435,.T.);
#8505=ORIENTED_EDGE('',*,*,#6436,.F.);
#8506=ORIENTED_EDGE('',*,*,#6433,.F.);
#8507=ORIENTED_EDGE('',*,*,#6429,.T.);
#8508=ORIENTED_EDGE('',*,*,#6432,.F.);
#8509=ORIENTED_EDGE('',*,*,#6437,.F.);
#8510=ORIENTED_EDGE('',*,*,#6435,.F.);
#8511=ORIENTED_EDGE('',*,*,#6438,.F.);
#8512=ORIENTED_EDGE('',*,*,#6436,.T.);
#8513=ORIENTED_EDGE('',*,*,#6439,.T.);
#8514=ORIENTED_EDGE('',*,*,#6440,.F.);
#8515=ORIENTED_EDGE('',*,*,#6438,.T.);
#8516=ORIENTED_EDGE('',*,*,#6441,.T.);
#8517=ORIENTED_EDGE('',*,*,#6442,.F.);
#8518=ORIENTED_EDGE('',*,*,#6434,.F.);
#8519=ORIENTED_EDGE('',*,*,#6442,.T.);
#8520=ORIENTED_EDGE('',*,*,#6443,.T.);
#8521=ORIENTED_EDGE('',*,*,#6444,.F.);
#8522=ORIENTED_EDGE('',*,*,#6431,.F.);
#8523=ORIENTED_EDGE('',*,*,#6439,.F.);
#8524=ORIENTED_EDGE('',*,*,#6437,.T.);
#8525=ORIENTED_EDGE('',*,*,#6444,.T.);
#8526=ORIENTED_EDGE('',*,*,#6445,.F.);
#8527=ORIENTED_EDGE('',*,*,#6440,.T.);
#8528=ORIENTED_EDGE('',*,*,#6445,.T.);
#8529=ORIENTED_EDGE('',*,*,#6443,.F.);
#8530=ORIENTED_EDGE('',*,*,#6441,.F.);
#8531=ORIENTED_EDGE('',*,*,#6446,.T.);
#8532=ORIENTED_EDGE('',*,*,#6447,.T.);
#8533=ORIENTED_EDGE('',*,*,#6448,.F.);
#8534=ORIENTED_EDGE('',*,*,#6449,.F.);
#8535=ORIENTED_EDGE('',*,*,#6450,.T.);
#8536=ORIENTED_EDGE('',*,*,#6449,.T.);
#8537=ORIENTED_EDGE('',*,*,#6451,.F.);
#8538=ORIENTED_EDGE('',*,*,#6452,.F.);
#8539=ORIENTED_EDGE('',*,*,#6450,.F.);
#8540=ORIENTED_EDGE('',*,*,#6453,.T.);
#8541=ORIENTED_EDGE('',*,*,#6454,.T.);
#8542=ORIENTED_EDGE('',*,*,#6446,.F.);
#8543=ORIENTED_EDGE('',*,*,#6454,.F.);
#8544=ORIENTED_EDGE('',*,*,#6455,.T.);
#8545=ORIENTED_EDGE('',*,*,#6456,.T.);
#8546=ORIENTED_EDGE('',*,*,#6447,.F.);
#8547=ORIENTED_EDGE('',*,*,#6451,.T.);
#8548=ORIENTED_EDGE('',*,*,#6448,.T.);
#8549=ORIENTED_EDGE('',*,*,#6456,.F.);
#8550=ORIENTED_EDGE('',*,*,#6457,.F.);
#8551=ORIENTED_EDGE('',*,*,#6458,.T.);
#8552=ORIENTED_EDGE('',*,*,#6459,.T.);
#8553=ORIENTED_EDGE('',*,*,#6452,.T.);
#8554=ORIENTED_EDGE('',*,*,#6460,.T.);
#8555=ORIENTED_EDGE('',*,*,#6461,.T.);
#8556=ORIENTED_EDGE('',*,*,#6460,.F.);
#8557=ORIENTED_EDGE('',*,*,#6457,.T.);
#8558=ORIENTED_EDGE('',*,*,#6462,.T.);
#8559=ORIENTED_EDGE('',*,*,#6463,.T.);
#8560=ORIENTED_EDGE('',*,*,#6462,.F.);
#8561=ORIENTED_EDGE('',*,*,#6455,.F.);
#8562=ORIENTED_EDGE('',*,*,#6464,.F.);
#8563=ORIENTED_EDGE('',*,*,#6465,.T.);
#8564=ORIENTED_EDGE('',*,*,#6464,.T.);
#8565=ORIENTED_EDGE('',*,*,#6453,.F.);
#8566=ORIENTED_EDGE('',*,*,#6459,.F.);
#8567=ORIENTED_EDGE('',*,*,#6461,.F.);
#8568=ORIENTED_EDGE('',*,*,#6463,.F.);
#8569=ORIENTED_EDGE('',*,*,#6465,.F.);
#8570=ORIENTED_EDGE('',*,*,#6458,.F.);
#8571=ORIENTED_EDGE('',*,*,#6466,.F.);
#8572=ORIENTED_EDGE('',*,*,#6467,.F.);
#8573=ORIENTED_EDGE('',*,*,#6468,.F.);
#8574=ORIENTED_EDGE('',*,*,#6469,.F.);
#8575=ORIENTED_EDGE('',*,*,#6468,.T.);
#8576=ORIENTED_EDGE('',*,*,#6470,.T.);
#8577=ORIENTED_EDGE('',*,*,#6471,.F.);
#8578=ORIENTED_EDGE('',*,*,#6472,.F.);
#8579=ORIENTED_EDGE('',*,*,#6467,.T.);
#8580=ORIENTED_EDGE('',*,*,#6473,.F.);
#8581=ORIENTED_EDGE('',*,*,#6474,.F.);
#8582=ORIENTED_EDGE('',*,*,#6470,.F.);
#8583=ORIENTED_EDGE('',*,*,#6466,.T.);
#8584=ORIENTED_EDGE('',*,*,#6475,.F.);
#8585=ORIENTED_EDGE('',*,*,#6476,.T.);
#8586=ORIENTED_EDGE('',*,*,#6473,.T.);
#8587=ORIENTED_EDGE('',*,*,#6469,.T.);
#8588=ORIENTED_EDGE('',*,*,#6472,.T.);
#8589=ORIENTED_EDGE('',*,*,#6477,.T.);
#8590=ORIENTED_EDGE('',*,*,#6475,.T.);
#8591=ORIENTED_EDGE('',*,*,#6478,.T.);
#8592=ORIENTED_EDGE('',*,*,#6479,.T.);
#8593=ORIENTED_EDGE('',*,*,#6480,.F.);
#8594=ORIENTED_EDGE('',*,*,#6476,.F.);
#8595=ORIENTED_EDGE('',*,*,#6481,.F.);
#8596=ORIENTED_EDGE('',*,*,#6474,.T.);
#8597=ORIENTED_EDGE('',*,*,#6480,.T.);
#8598=ORIENTED_EDGE('',*,*,#6482,.F.);
#8599=ORIENTED_EDGE('',*,*,#6483,.F.);
#8600=ORIENTED_EDGE('',*,*,#6471,.T.);
#8601=ORIENTED_EDGE('',*,*,#6481,.T.);
#8602=ORIENTED_EDGE('',*,*,#6484,.F.);
#8603=ORIENTED_EDGE('',*,*,#6483,.T.);
#8604=ORIENTED_EDGE('',*,*,#6485,.T.);
#8605=ORIENTED_EDGE('',*,*,#6478,.F.);
#8606=ORIENTED_EDGE('',*,*,#6477,.F.);
#8607=ORIENTED_EDGE('',*,*,#6484,.T.);
#8608=ORIENTED_EDGE('',*,*,#6482,.T.);
#8609=ORIENTED_EDGE('',*,*,#6479,.F.);
#8610=ORIENTED_EDGE('',*,*,#6485,.F.);
#8611=ORIENTED_EDGE('',*,*,#6486,.T.);
#8612=ORIENTED_EDGE('',*,*,#6487,.T.);
#8613=ORIENTED_EDGE('',*,*,#6488,.F.);
#8614=ORIENTED_EDGE('',*,*,#6489,.F.);
#8615=ORIENTED_EDGE('',*,*,#6490,.F.);
#8616=ORIENTED_EDGE('',*,*,#6491,.T.);
#8617=ORIENTED_EDGE('',*,*,#6492,.T.);
#8618=ORIENTED_EDGE('',*,*,#6486,.F.);
#8619=ORIENTED_EDGE('',*,*,#6492,.F.);
#8620=ORIENTED_EDGE('',*,*,#6493,.T.);
#8621=ORIENTED_EDGE('',*,*,#6494,.T.);
#8622=ORIENTED_EDGE('',*,*,#6487,.F.);
#8623=ORIENTED_EDGE('',*,*,#6495,.T.);
#8624=ORIENTED_EDGE('',*,*,#6488,.T.);
#8625=ORIENTED_EDGE('',*,*,#6494,.F.);
#8626=ORIENTED_EDGE('',*,*,#6496,.F.);
#8627=ORIENTED_EDGE('',*,*,#6490,.T.);
#8628=ORIENTED_EDGE('',*,*,#6489,.T.);
#8629=ORIENTED_EDGE('',*,*,#6495,.F.);
#8630=ORIENTED_EDGE('',*,*,#6497,.F.);
#8631=ORIENTED_EDGE('',*,*,#6498,.T.);
#8632=ORIENTED_EDGE('',*,*,#6499,.T.);
#8633=ORIENTED_EDGE('',*,*,#6491,.F.);
#8634=ORIENTED_EDGE('',*,*,#6500,.F.);
#8635=ORIENTED_EDGE('',*,*,#6501,.T.);
#8636=ORIENTED_EDGE('',*,*,#6500,.T.);
#8637=ORIENTED_EDGE('',*,*,#6497,.T.);
#8638=ORIENTED_EDGE('',*,*,#6502,.T.);
#8639=ORIENTED_EDGE('',*,*,#6503,.T.);
#8640=ORIENTED_EDGE('',*,*,#6502,.F.);
#8641=ORIENTED_EDGE('',*,*,#6496,.T.);
#8642=ORIENTED_EDGE('',*,*,#6504,.T.);
#8643=ORIENTED_EDGE('',*,*,#6505,.T.);
#8644=ORIENTED_EDGE('',*,*,#6504,.F.);
#8645=ORIENTED_EDGE('',*,*,#6493,.F.);
#8646=ORIENTED_EDGE('',*,*,#6499,.F.);
#8647=ORIENTED_EDGE('',*,*,#6501,.F.);
#8648=ORIENTED_EDGE('',*,*,#6503,.F.);
#8649=ORIENTED_EDGE('',*,*,#6505,.F.);
#8650=ORIENTED_EDGE('',*,*,#6498,.F.);
#8651=ORIENTED_EDGE('',*,*,#6506,.F.);
#8652=ORIENTED_EDGE('',*,*,#6507,.F.);
#8653=ORIENTED_EDGE('',*,*,#6508,.F.);
#8654=ORIENTED_EDGE('',*,*,#6509,.F.);
#8655=ORIENTED_EDGE('',*,*,#6508,.T.);
#8656=ORIENTED_EDGE('',*,*,#6510,.T.);
#8657=ORIENTED_EDGE('',*,*,#6511,.F.);
#8658=ORIENTED_EDGE('',*,*,#6512,.F.);
#8659=ORIENTED_EDGE('',*,*,#6507,.T.);
#8660=ORIENTED_EDGE('',*,*,#6513,.F.);
#8661=ORIENTED_EDGE('',*,*,#6514,.F.);
#8662=ORIENTED_EDGE('',*,*,#6510,.F.);
#8663=ORIENTED_EDGE('',*,*,#6506,.T.);
#8664=ORIENTED_EDGE('',*,*,#6515,.F.);
#8665=ORIENTED_EDGE('',*,*,#6516,.T.);
#8666=ORIENTED_EDGE('',*,*,#6513,.T.);
#8667=ORIENTED_EDGE('',*,*,#6509,.T.);
#8668=ORIENTED_EDGE('',*,*,#6512,.T.);
#8669=ORIENTED_EDGE('',*,*,#6517,.T.);
#8670=ORIENTED_EDGE('',*,*,#6515,.T.);
#8671=ORIENTED_EDGE('',*,*,#6518,.T.);
#8672=ORIENTED_EDGE('',*,*,#6519,.T.);
#8673=ORIENTED_EDGE('',*,*,#6520,.F.);
#8674=ORIENTED_EDGE('',*,*,#6516,.F.);
#8675=ORIENTED_EDGE('',*,*,#6521,.F.);
#8676=ORIENTED_EDGE('',*,*,#6514,.T.);
#8677=ORIENTED_EDGE('',*,*,#6520,.T.);
#8678=ORIENTED_EDGE('',*,*,#6522,.F.);
#8679=ORIENTED_EDGE('',*,*,#6523,.F.);
#8680=ORIENTED_EDGE('',*,*,#6511,.T.);
#8681=ORIENTED_EDGE('',*,*,#6521,.T.);
#8682=ORIENTED_EDGE('',*,*,#6524,.F.);
#8683=ORIENTED_EDGE('',*,*,#6523,.T.);
#8684=ORIENTED_EDGE('',*,*,#6525,.T.);
#8685=ORIENTED_EDGE('',*,*,#6518,.F.);
#8686=ORIENTED_EDGE('',*,*,#6517,.F.);
#8687=ORIENTED_EDGE('',*,*,#6524,.T.);
#8688=ORIENTED_EDGE('',*,*,#6522,.T.);
#8689=ORIENTED_EDGE('',*,*,#6519,.F.);
#8690=ORIENTED_EDGE('',*,*,#6525,.F.);
#8691=ORIENTED_EDGE('',*,*,#6526,.T.);
#8692=ORIENTED_EDGE('',*,*,#6527,.T.);
#8693=ORIENTED_EDGE('',*,*,#6528,.F.);
#8694=ORIENTED_EDGE('',*,*,#6529,.F.);
#8695=ORIENTED_EDGE('',*,*,#6530,.F.);
#8696=ORIENTED_EDGE('',*,*,#6531,.T.);
#8697=ORIENTED_EDGE('',*,*,#6532,.T.);
#8698=ORIENTED_EDGE('',*,*,#6527,.F.);
#8699=ORIENTED_EDGE('',*,*,#6533,.T.);
#8700=ORIENTED_EDGE('',*,*,#6528,.T.);
#8701=ORIENTED_EDGE('',*,*,#6532,.F.);
#8702=ORIENTED_EDGE('',*,*,#6534,.F.);
#8703=ORIENTED_EDGE('',*,*,#6535,.T.);
#8704=ORIENTED_EDGE('',*,*,#6529,.T.);
#8705=ORIENTED_EDGE('',*,*,#6533,.F.);
#8706=ORIENTED_EDGE('',*,*,#6536,.F.);
#8707=ORIENTED_EDGE('',*,*,#6535,.F.);
#8708=ORIENTED_EDGE('',*,*,#6537,.T.);
#8709=ORIENTED_EDGE('',*,*,#6530,.T.);
#8710=ORIENTED_EDGE('',*,*,#6526,.F.);
#8711=ORIENTED_EDGE('',*,*,#6538,.T.);
#8712=ORIENTED_EDGE('',*,*,#6539,.F.);
#8713=ORIENTED_EDGE('',*,*,#6531,.F.);
#8714=ORIENTED_EDGE('',*,*,#6540,.F.);
#8715=ORIENTED_EDGE('',*,*,#6541,.T.);
#8716=ORIENTED_EDGE('',*,*,#6540,.T.);
#8717=ORIENTED_EDGE('',*,*,#6537,.F.);
#8718=ORIENTED_EDGE('',*,*,#6542,.F.);
#8719=ORIENTED_EDGE('',*,*,#6543,.T.);
#8720=ORIENTED_EDGE('',*,*,#6542,.T.);
#8721=ORIENTED_EDGE('',*,*,#6536,.T.);
#8722=ORIENTED_EDGE('',*,*,#6544,.T.);
#8723=ORIENTED_EDGE('',*,*,#6545,.T.);
#8724=ORIENTED_EDGE('',*,*,#6544,.F.);
#8725=ORIENTED_EDGE('',*,*,#6534,.T.);
#8726=ORIENTED_EDGE('',*,*,#6539,.T.);
#8727=ORIENTED_EDGE('',*,*,#6541,.F.);
#8728=ORIENTED_EDGE('',*,*,#6543,.F.);
#8729=ORIENTED_EDGE('',*,*,#6545,.F.);
#8730=ORIENTED_EDGE('',*,*,#6538,.F.);
#8731=ORIENTED_EDGE('',*,*,#6546,.F.);
#8732=ORIENTED_EDGE('',*,*,#6547,.F.);
#8733=ORIENTED_EDGE('',*,*,#6548,.F.);
#8734=ORIENTED_EDGE('',*,*,#6549,.F.);
#8735=ORIENTED_EDGE('',*,*,#6548,.T.);
#8736=ORIENTED_EDGE('',*,*,#6550,.F.);
#8737=ORIENTED_EDGE('',*,*,#6551,.T.);
#8738=ORIENTED_EDGE('',*,*,#6552,.T.);
#8739=ORIENTED_EDGE('',*,*,#6547,.T.);
#8740=ORIENTED_EDGE('',*,*,#6553,.T.);
#8741=ORIENTED_EDGE('',*,*,#6554,.T.);
#8742=ORIENTED_EDGE('',*,*,#6550,.T.);
#8743=ORIENTED_EDGE('',*,*,#6546,.T.);
#8744=ORIENTED_EDGE('',*,*,#6555,.T.);
#8745=ORIENTED_EDGE('',*,*,#6556,.F.);
#8746=ORIENTED_EDGE('',*,*,#6553,.F.);
#8747=ORIENTED_EDGE('',*,*,#6549,.T.);
#8748=ORIENTED_EDGE('',*,*,#6552,.F.);
#8749=ORIENTED_EDGE('',*,*,#6557,.F.);
#8750=ORIENTED_EDGE('',*,*,#6555,.F.);
#8751=ORIENTED_EDGE('',*,*,#6558,.F.);
#8752=ORIENTED_EDGE('',*,*,#6556,.T.);
#8753=ORIENTED_EDGE('',*,*,#6559,.T.);
#8754=ORIENTED_EDGE('',*,*,#6560,.F.);
#8755=ORIENTED_EDGE('',*,*,#6558,.T.);
#8756=ORIENTED_EDGE('',*,*,#6561,.T.);
#8757=ORIENTED_EDGE('',*,*,#6562,.F.);
#8758=ORIENTED_EDGE('',*,*,#6554,.F.);
#8759=ORIENTED_EDGE('',*,*,#6562,.T.);
#8760=ORIENTED_EDGE('',*,*,#6563,.T.);
#8761=ORIENTED_EDGE('',*,*,#6564,.F.);
#8762=ORIENTED_EDGE('',*,*,#6551,.F.);
#8763=ORIENTED_EDGE('',*,*,#6559,.F.);
#8764=ORIENTED_EDGE('',*,*,#6557,.T.);
#8765=ORIENTED_EDGE('',*,*,#6564,.T.);
#8766=ORIENTED_EDGE('',*,*,#6565,.F.);
#8767=ORIENTED_EDGE('',*,*,#6560,.T.);
#8768=ORIENTED_EDGE('',*,*,#6565,.T.);
#8769=ORIENTED_EDGE('',*,*,#6563,.F.);
#8770=ORIENTED_EDGE('',*,*,#6561,.F.);
#8771=ORIENTED_EDGE('',*,*,#6566,.T.);
#8772=ORIENTED_EDGE('',*,*,#6567,.T.);
#8773=ORIENTED_EDGE('',*,*,#6568,.F.);
#8774=ORIENTED_EDGE('',*,*,#6569,.F.);
#8775=ORIENTED_EDGE('',*,*,#6570,.T.);
#8776=ORIENTED_EDGE('',*,*,#6569,.T.);
#8777=ORIENTED_EDGE('',*,*,#6571,.F.);
#8778=ORIENTED_EDGE('',*,*,#6572,.F.);
#8779=ORIENTED_EDGE('',*,*,#6570,.F.);
#8780=ORIENTED_EDGE('',*,*,#6573,.T.);
#8781=ORIENTED_EDGE('',*,*,#6574,.T.);
#8782=ORIENTED_EDGE('',*,*,#6566,.F.);
#8783=ORIENTED_EDGE('',*,*,#6574,.F.);
#8784=ORIENTED_EDGE('',*,*,#6575,.T.);
#8785=ORIENTED_EDGE('',*,*,#6576,.T.);
#8786=ORIENTED_EDGE('',*,*,#6567,.F.);
#8787=ORIENTED_EDGE('',*,*,#6571,.T.);
#8788=ORIENTED_EDGE('',*,*,#6568,.T.);
#8789=ORIENTED_EDGE('',*,*,#6576,.F.);
#8790=ORIENTED_EDGE('',*,*,#6577,.F.);
#8791=ORIENTED_EDGE('',*,*,#6578,.T.);
#8792=ORIENTED_EDGE('',*,*,#6579,.T.);
#8793=ORIENTED_EDGE('',*,*,#6572,.T.);
#8794=ORIENTED_EDGE('',*,*,#6580,.T.);
#8795=ORIENTED_EDGE('',*,*,#6581,.T.);
#8796=ORIENTED_EDGE('',*,*,#6580,.F.);
#8797=ORIENTED_EDGE('',*,*,#6577,.T.);
#8798=ORIENTED_EDGE('',*,*,#6582,.T.);
#8799=ORIENTED_EDGE('',*,*,#6583,.T.);
#8800=ORIENTED_EDGE('',*,*,#6582,.F.);
#8801=ORIENTED_EDGE('',*,*,#6575,.F.);
#8802=ORIENTED_EDGE('',*,*,#6584,.F.);
#8803=ORIENTED_EDGE('',*,*,#6585,.T.);
#8804=ORIENTED_EDGE('',*,*,#6584,.T.);
#8805=ORIENTED_EDGE('',*,*,#6573,.F.);
#8806=ORIENTED_EDGE('',*,*,#6579,.F.);
#8807=ORIENTED_EDGE('',*,*,#6581,.F.);
#8808=ORIENTED_EDGE('',*,*,#6583,.F.);
#8809=ORIENTED_EDGE('',*,*,#6585,.F.);
#8810=ORIENTED_EDGE('',*,*,#6578,.F.);
#8811=ORIENTED_EDGE('',*,*,#6586,.F.);
#8812=ORIENTED_EDGE('',*,*,#6587,.F.);
#8813=ORIENTED_EDGE('',*,*,#6588,.F.);
#8814=ORIENTED_EDGE('',*,*,#6589,.F.);
#8815=ORIENTED_EDGE('',*,*,#6588,.T.);
#8816=ORIENTED_EDGE('',*,*,#6590,.T.);
#8817=ORIENTED_EDGE('',*,*,#6591,.F.);
#8818=ORIENTED_EDGE('',*,*,#6592,.F.);
#8819=ORIENTED_EDGE('',*,*,#6587,.T.);
#8820=ORIENTED_EDGE('',*,*,#6593,.F.);
#8821=ORIENTED_EDGE('',*,*,#6594,.F.);
#8822=ORIENTED_EDGE('',*,*,#6590,.F.);
#8823=ORIENTED_EDGE('',*,*,#6586,.T.);
#8824=ORIENTED_EDGE('',*,*,#6595,.F.);
#8825=ORIENTED_EDGE('',*,*,#6596,.T.);
#8826=ORIENTED_EDGE('',*,*,#6593,.T.);
#8827=ORIENTED_EDGE('',*,*,#6589,.T.);
#8828=ORIENTED_EDGE('',*,*,#6592,.T.);
#8829=ORIENTED_EDGE('',*,*,#6597,.T.);
#8830=ORIENTED_EDGE('',*,*,#6595,.T.);
#8831=ORIENTED_EDGE('',*,*,#6598,.T.);
#8832=ORIENTED_EDGE('',*,*,#6599,.T.);
#8833=ORIENTED_EDGE('',*,*,#6600,.F.);
#8834=ORIENTED_EDGE('',*,*,#6596,.F.);
#8835=ORIENTED_EDGE('',*,*,#6601,.F.);
#8836=ORIENTED_EDGE('',*,*,#6594,.T.);
#8837=ORIENTED_EDGE('',*,*,#6600,.T.);
#8838=ORIENTED_EDGE('',*,*,#6602,.F.);
#8839=ORIENTED_EDGE('',*,*,#6603,.F.);
#8840=ORIENTED_EDGE('',*,*,#6591,.T.);
#8841=ORIENTED_EDGE('',*,*,#6601,.T.);
#8842=ORIENTED_EDGE('',*,*,#6604,.F.);
#8843=ORIENTED_EDGE('',*,*,#6603,.T.);
#8844=ORIENTED_EDGE('',*,*,#6605,.T.);
#8845=ORIENTED_EDGE('',*,*,#6598,.F.);
#8846=ORIENTED_EDGE('',*,*,#6597,.F.);
#8847=ORIENTED_EDGE('',*,*,#6604,.T.);
#8848=ORIENTED_EDGE('',*,*,#6602,.T.);
#8849=ORIENTED_EDGE('',*,*,#6599,.F.);
#8850=ORIENTED_EDGE('',*,*,#6605,.F.);
#8851=ORIENTED_EDGE('',*,*,#6606,.T.);
#8852=ORIENTED_EDGE('',*,*,#6607,.T.);
#8853=ORIENTED_EDGE('',*,*,#6608,.F.);
#8854=ORIENTED_EDGE('',*,*,#6609,.F.);
#8855=ORIENTED_EDGE('',*,*,#6610,.F.);
#8856=ORIENTED_EDGE('',*,*,#6611,.T.);
#8857=ORIENTED_EDGE('',*,*,#6612,.T.);
#8858=ORIENTED_EDGE('',*,*,#6607,.F.);
#8859=ORIENTED_EDGE('',*,*,#6613,.T.);
#8860=ORIENTED_EDGE('',*,*,#6608,.T.);
#8861=ORIENTED_EDGE('',*,*,#6612,.F.);
#8862=ORIENTED_EDGE('',*,*,#6614,.F.);
#8863=ORIENTED_EDGE('',*,*,#6615,.T.);
#8864=ORIENTED_EDGE('',*,*,#6609,.T.);
#8865=ORIENTED_EDGE('',*,*,#6613,.F.);
#8866=ORIENTED_EDGE('',*,*,#6616,.F.);
#8867=ORIENTED_EDGE('',*,*,#6615,.F.);
#8868=ORIENTED_EDGE('',*,*,#6617,.T.);
#8869=ORIENTED_EDGE('',*,*,#6610,.T.);
#8870=ORIENTED_EDGE('',*,*,#6606,.F.);
#8871=ORIENTED_EDGE('',*,*,#6618,.T.);
#8872=ORIENTED_EDGE('',*,*,#6619,.F.);
#8873=ORIENTED_EDGE('',*,*,#6611,.F.);
#8874=ORIENTED_EDGE('',*,*,#6620,.F.);
#8875=ORIENTED_EDGE('',*,*,#6621,.T.);
#8876=ORIENTED_EDGE('',*,*,#6620,.T.);
#8877=ORIENTED_EDGE('',*,*,#6617,.F.);
#8878=ORIENTED_EDGE('',*,*,#6622,.F.);
#8879=ORIENTED_EDGE('',*,*,#6623,.T.);
#8880=ORIENTED_EDGE('',*,*,#6622,.T.);
#8881=ORIENTED_EDGE('',*,*,#6616,.T.);
#8882=ORIENTED_EDGE('',*,*,#6624,.T.);
#8883=ORIENTED_EDGE('',*,*,#6625,.T.);
#8884=ORIENTED_EDGE('',*,*,#6624,.F.);
#8885=ORIENTED_EDGE('',*,*,#6614,.T.);
#8886=ORIENTED_EDGE('',*,*,#6619,.T.);
#8887=ORIENTED_EDGE('',*,*,#6621,.F.);
#8888=ORIENTED_EDGE('',*,*,#6623,.F.);
#8889=ORIENTED_EDGE('',*,*,#6625,.F.);
#8890=ORIENTED_EDGE('',*,*,#6618,.F.);
#8891=ORIENTED_EDGE('',*,*,#6626,.F.);
#8892=ORIENTED_EDGE('',*,*,#6627,.F.);
#8893=ORIENTED_EDGE('',*,*,#6628,.F.);
#8894=ORIENTED_EDGE('',*,*,#6629,.F.);
#8895=ORIENTED_EDGE('',*,*,#6628,.T.);
#8896=ORIENTED_EDGE('',*,*,#6630,.F.);
#8897=ORIENTED_EDGE('',*,*,#6631,.F.);
#8898=ORIENTED_EDGE('',*,*,#6632,.F.);
#8899=ORIENTED_EDGE('',*,*,#6627,.T.);
#8900=ORIENTED_EDGE('',*,*,#6633,.F.);
#8901=ORIENTED_EDGE('',*,*,#6634,.T.);
#8902=ORIENTED_EDGE('',*,*,#6630,.T.);
#8903=ORIENTED_EDGE('',*,*,#6626,.T.);
#8904=ORIENTED_EDGE('',*,*,#6635,.T.);
#8905=ORIENTED_EDGE('',*,*,#6636,.T.);
#8906=ORIENTED_EDGE('',*,*,#6633,.T.);
#8907=ORIENTED_EDGE('',*,*,#6629,.T.);
#8908=ORIENTED_EDGE('',*,*,#6632,.T.);
#8909=ORIENTED_EDGE('',*,*,#6637,.F.);
#8910=ORIENTED_EDGE('',*,*,#6635,.F.);
#8911=ORIENTED_EDGE('',*,*,#6638,.T.);
#8912=ORIENTED_EDGE('',*,*,#6639,.T.);
#8913=ORIENTED_EDGE('',*,*,#6640,.F.);
#8914=ORIENTED_EDGE('',*,*,#6636,.F.);
#8915=ORIENTED_EDGE('',*,*,#6640,.T.);
#8916=ORIENTED_EDGE('',*,*,#6641,.T.);
#8917=ORIENTED_EDGE('',*,*,#6642,.F.);
#8918=ORIENTED_EDGE('',*,*,#6634,.F.);
#8919=ORIENTED_EDGE('',*,*,#6643,.F.);
#8920=ORIENTED_EDGE('',*,*,#6631,.T.);
#8921=ORIENTED_EDGE('',*,*,#6642,.T.);
#8922=ORIENTED_EDGE('',*,*,#6644,.F.);
#8923=ORIENTED_EDGE('',*,*,#6638,.F.);
#8924=ORIENTED_EDGE('',*,*,#6637,.T.);
#8925=ORIENTED_EDGE('',*,*,#6643,.T.);
#8926=ORIENTED_EDGE('',*,*,#6645,.F.);
#8927=ORIENTED_EDGE('',*,*,#6645,.T.);
#8928=ORIENTED_EDGE('',*,*,#6644,.T.);
#8929=ORIENTED_EDGE('',*,*,#6641,.F.);
#8930=ORIENTED_EDGE('',*,*,#6639,.F.);
#8931=ORIENTED_EDGE('',*,*,#6646,.T.);
#8932=ORIENTED_EDGE('',*,*,#6647,.T.);
#8933=ORIENTED_EDGE('',*,*,#6648,.F.);
#8934=ORIENTED_EDGE('',*,*,#6649,.F.);
#8935=ORIENTED_EDGE('',*,*,#6650,.F.);
#8936=ORIENTED_EDGE('',*,*,#6651,.T.);
#8937=ORIENTED_EDGE('',*,*,#6652,.T.);
#8938=ORIENTED_EDGE('',*,*,#6647,.F.);
#8939=ORIENTED_EDGE('',*,*,#6653,.T.);
#8940=ORIENTED_EDGE('',*,*,#6648,.T.);
#8941=ORIENTED_EDGE('',*,*,#6652,.F.);
#8942=ORIENTED_EDGE('',*,*,#6654,.F.);
#8943=ORIENTED_EDGE('',*,*,#6655,.T.);
#8944=ORIENTED_EDGE('',*,*,#6649,.T.);
#8945=ORIENTED_EDGE('',*,*,#6653,.F.);
#8946=ORIENTED_EDGE('',*,*,#6656,.F.);
#8947=ORIENTED_EDGE('',*,*,#6655,.F.);
#8948=ORIENTED_EDGE('',*,*,#6657,.T.);
#8949=ORIENTED_EDGE('',*,*,#6650,.T.);
#8950=ORIENTED_EDGE('',*,*,#6646,.F.);
#8951=ORIENTED_EDGE('',*,*,#6658,.T.);
#8952=ORIENTED_EDGE('',*,*,#6659,.F.);
#8953=ORIENTED_EDGE('',*,*,#6651,.F.);
#8954=ORIENTED_EDGE('',*,*,#6660,.F.);
#8955=ORIENTED_EDGE('',*,*,#6661,.T.);
#8956=ORIENTED_EDGE('',*,*,#6660,.T.);
#8957=ORIENTED_EDGE('',*,*,#6657,.F.);
#8958=ORIENTED_EDGE('',*,*,#6662,.F.);
#8959=ORIENTED_EDGE('',*,*,#6663,.T.);
#8960=ORIENTED_EDGE('',*,*,#6662,.T.);
#8961=ORIENTED_EDGE('',*,*,#6656,.T.);
#8962=ORIENTED_EDGE('',*,*,#6664,.T.);
#8963=ORIENTED_EDGE('',*,*,#6665,.T.);
#8964=ORIENTED_EDGE('',*,*,#6664,.F.);
#8965=ORIENTED_EDGE('',*,*,#6654,.T.);
#8966=ORIENTED_EDGE('',*,*,#6659,.T.);
#8967=ORIENTED_EDGE('',*,*,#6661,.F.);
#8968=ORIENTED_EDGE('',*,*,#6663,.F.);
#8969=ORIENTED_EDGE('',*,*,#6665,.F.);
#8970=ORIENTED_EDGE('',*,*,#6658,.F.);
#8971=ORIENTED_EDGE('',*,*,#6666,.F.);
#8972=ORIENTED_EDGE('',*,*,#6667,.F.);
#8973=ORIENTED_EDGE('',*,*,#6668,.F.);
#8974=ORIENTED_EDGE('',*,*,#6669,.F.);
#8975=ORIENTED_EDGE('',*,*,#6668,.T.);
#8976=ORIENTED_EDGE('',*,*,#6670,.F.);
#8977=ORIENTED_EDGE('',*,*,#6671,.F.);
#8978=ORIENTED_EDGE('',*,*,#6672,.F.);
#8979=ORIENTED_EDGE('',*,*,#6667,.T.);
#8980=ORIENTED_EDGE('',*,*,#6673,.F.);
#8981=ORIENTED_EDGE('',*,*,#6674,.T.);
#8982=ORIENTED_EDGE('',*,*,#6670,.T.);
#8983=ORIENTED_EDGE('',*,*,#6666,.T.);
#8984=ORIENTED_EDGE('',*,*,#6675,.T.);
#8985=ORIENTED_EDGE('',*,*,#6676,.T.);
#8986=ORIENTED_EDGE('',*,*,#6673,.T.);
#8987=ORIENTED_EDGE('',*,*,#6669,.T.);
#8988=ORIENTED_EDGE('',*,*,#6672,.T.);
#8989=ORIENTED_EDGE('',*,*,#6677,.F.);
#8990=ORIENTED_EDGE('',*,*,#6675,.F.);
#8991=ORIENTED_EDGE('',*,*,#6678,.T.);
#8992=ORIENTED_EDGE('',*,*,#6679,.T.);
#8993=ORIENTED_EDGE('',*,*,#6680,.F.);
#8994=ORIENTED_EDGE('',*,*,#6676,.F.);
#8995=ORIENTED_EDGE('',*,*,#6680,.T.);
#8996=ORIENTED_EDGE('',*,*,#6681,.T.);
#8997=ORIENTED_EDGE('',*,*,#6682,.F.);
#8998=ORIENTED_EDGE('',*,*,#6674,.F.);
#8999=ORIENTED_EDGE('',*,*,#6683,.F.);
#9000=ORIENTED_EDGE('',*,*,#6671,.T.);
#9001=ORIENTED_EDGE('',*,*,#6682,.T.);
#9002=ORIENTED_EDGE('',*,*,#6684,.F.);
#9003=ORIENTED_EDGE('',*,*,#6678,.F.);
#9004=ORIENTED_EDGE('',*,*,#6677,.T.);
#9005=ORIENTED_EDGE('',*,*,#6683,.T.);
#9006=ORIENTED_EDGE('',*,*,#6685,.F.);
#9007=ORIENTED_EDGE('',*,*,#6685,.T.);
#9008=ORIENTED_EDGE('',*,*,#6684,.T.);
#9009=ORIENTED_EDGE('',*,*,#6681,.F.);
#9010=ORIENTED_EDGE('',*,*,#6679,.F.);
#9011=ORIENTED_EDGE('',*,*,#6686,.T.);
#9012=ORIENTED_EDGE('',*,*,#6687,.T.);
#9013=ORIENTED_EDGE('',*,*,#6688,.F.);
#9014=ORIENTED_EDGE('',*,*,#6689,.F.);
#9015=ORIENTED_EDGE('',*,*,#6690,.F.);
#9016=ORIENTED_EDGE('',*,*,#6691,.T.);
#9017=ORIENTED_EDGE('',*,*,#6692,.T.);
#9018=ORIENTED_EDGE('',*,*,#6686,.F.);
#9019=ORIENTED_EDGE('',*,*,#6692,.F.);
#9020=ORIENTED_EDGE('',*,*,#6693,.T.);
#9021=ORIENTED_EDGE('',*,*,#6694,.T.);
#9022=ORIENTED_EDGE('',*,*,#6687,.F.);
#9023=ORIENTED_EDGE('',*,*,#6695,.T.);
#9024=ORIENTED_EDGE('',*,*,#6688,.T.);
#9025=ORIENTED_EDGE('',*,*,#6694,.F.);
#9026=ORIENTED_EDGE('',*,*,#6696,.F.);
#9027=ORIENTED_EDGE('',*,*,#6690,.T.);
#9028=ORIENTED_EDGE('',*,*,#6689,.T.);
#9029=ORIENTED_EDGE('',*,*,#6695,.F.);
#9030=ORIENTED_EDGE('',*,*,#6697,.F.);
#9031=ORIENTED_EDGE('',*,*,#6698,.T.);
#9032=ORIENTED_EDGE('',*,*,#6699,.T.);
#9033=ORIENTED_EDGE('',*,*,#6691,.F.);
#9034=ORIENTED_EDGE('',*,*,#6700,.F.);
#9035=ORIENTED_EDGE('',*,*,#6701,.T.);
#9036=ORIENTED_EDGE('',*,*,#6700,.T.);
#9037=ORIENTED_EDGE('',*,*,#6697,.T.);
#9038=ORIENTED_EDGE('',*,*,#6702,.T.);
#9039=ORIENTED_EDGE('',*,*,#6703,.T.);
#9040=ORIENTED_EDGE('',*,*,#6702,.F.);
#9041=ORIENTED_EDGE('',*,*,#6696,.T.);
#9042=ORIENTED_EDGE('',*,*,#6704,.T.);
#9043=ORIENTED_EDGE('',*,*,#6705,.T.);
#9044=ORIENTED_EDGE('',*,*,#6704,.F.);
#9045=ORIENTED_EDGE('',*,*,#6693,.F.);
#9046=ORIENTED_EDGE('',*,*,#6699,.F.);
#9047=ORIENTED_EDGE('',*,*,#6701,.F.);
#9048=ORIENTED_EDGE('',*,*,#6703,.F.);
#9049=ORIENTED_EDGE('',*,*,#6705,.F.);
#9050=ORIENTED_EDGE('',*,*,#6698,.F.);
#9051=ORIENTED_EDGE('',*,*,#6706,.T.);
#9052=ORIENTED_EDGE('',*,*,#6707,.T.);
#9053=ORIENTED_EDGE('',*,*,#6708,.F.);
#9054=ORIENTED_EDGE('',*,*,#6709,.F.);
#9055=ORIENTED_EDGE('',*,*,#6710,.T.);
#9056=ORIENTED_EDGE('',*,*,#6711,.T.);
#9057=ORIENTED_EDGE('',*,*,#6706,.F.);
#9058=ORIENTED_EDGE('',*,*,#6712,.F.);
#9059=ORIENTED_EDGE('',*,*,#6708,.T.);
#9060=ORIENTED_EDGE('',*,*,#6713,.T.);
#9061=ORIENTED_EDGE('',*,*,#6714,.F.);
#9062=ORIENTED_EDGE('',*,*,#6715,.F.);
#9063=ORIENTED_EDGE('',*,*,#6709,.T.);
#9064=ORIENTED_EDGE('',*,*,#6715,.T.);
#9065=ORIENTED_EDGE('',*,*,#6716,.T.);
#9066=ORIENTED_EDGE('',*,*,#6717,.T.);
#9067=ORIENTED_EDGE('',*,*,#6718,.T.);
#9068=ORIENTED_EDGE('',*,*,#6719,.T.);
#9069=ORIENTED_EDGE('',*,*,#6720,.T.);
#9070=ORIENTED_EDGE('',*,*,#6712,.T.);
#9071=ORIENTED_EDGE('',*,*,#6721,.F.);
#9072=ORIENTED_EDGE('',*,*,#6722,.F.);
#9073=ORIENTED_EDGE('',*,*,#6723,.F.);
#9074=ORIENTED_EDGE('',*,*,#6724,.F.);
#9075=ORIENTED_EDGE('',*,*,#6725,.F.);
#9076=ORIENTED_EDGE('',*,*,#6726,.F.);
#9077=ORIENTED_EDGE('',*,*,#6727,.F.);
#9078=ORIENTED_EDGE('',*,*,#6728,.F.);
#9079=ORIENTED_EDGE('',*,*,#6729,.F.);
#9080=ORIENTED_EDGE('',*,*,#6730,.F.);
#9081=ORIENTED_EDGE('',*,*,#6731,.F.);
#9082=ORIENTED_EDGE('',*,*,#6732,.F.);
#9083=ORIENTED_EDGE('',*,*,#6733,.F.);
#9084=ORIENTED_EDGE('',*,*,#6734,.F.);
#9085=ORIENTED_EDGE('',*,*,#6735,.F.);
#9086=ORIENTED_EDGE('',*,*,#6736,.F.);
#9087=ORIENTED_EDGE('',*,*,#6737,.F.);
#9088=ORIENTED_EDGE('',*,*,#6738,.F.);
#9089=ORIENTED_EDGE('',*,*,#6739,.F.);
#9090=ORIENTED_EDGE('',*,*,#6740,.F.);
#9091=ORIENTED_EDGE('',*,*,#6741,.F.);
#9092=ORIENTED_EDGE('',*,*,#6742,.F.);
#9093=ORIENTED_EDGE('',*,*,#6743,.F.);
#9094=ORIENTED_EDGE('',*,*,#6744,.F.);
#9095=ORIENTED_EDGE('',*,*,#6745,.F.);
#9096=ORIENTED_EDGE('',*,*,#6746,.F.);
#9097=ORIENTED_EDGE('',*,*,#6747,.F.);
#9098=ORIENTED_EDGE('',*,*,#6748,.F.);
#9099=ORIENTED_EDGE('',*,*,#6749,.F.);
#9100=ORIENTED_EDGE('',*,*,#6750,.F.);
#9101=ORIENTED_EDGE('',*,*,#6751,.F.);
#9102=ORIENTED_EDGE('',*,*,#6752,.F.);
#9103=ORIENTED_EDGE('',*,*,#6707,.F.);
#9104=ORIENTED_EDGE('',*,*,#6711,.F.);
#9105=ORIENTED_EDGE('',*,*,#6753,.F.);
#9106=ORIENTED_EDGE('',*,*,#6754,.F.);
#9107=ORIENTED_EDGE('',*,*,#6755,.F.);
#9108=ORIENTED_EDGE('',*,*,#6756,.F.);
#9109=ORIENTED_EDGE('',*,*,#6757,.F.);
#9110=ORIENTED_EDGE('',*,*,#6713,.F.);
#9111=ORIENTED_EDGE('',*,*,#6758,.T.);
#9112=ORIENTED_EDGE('',*,*,#6759,.T.);
#9113=ORIENTED_EDGE('',*,*,#6760,.T.);
#9114=ORIENTED_EDGE('',*,*,#6761,.T.);
#9115=ORIENTED_EDGE('',*,*,#6762,.T.);
#9116=ORIENTED_EDGE('',*,*,#6763,.T.);
#9117=ORIENTED_EDGE('',*,*,#6764,.T.);
#9118=ORIENTED_EDGE('',*,*,#6765,.T.);
#9119=ORIENTED_EDGE('',*,*,#6766,.T.);
#9120=ORIENTED_EDGE('',*,*,#6767,.T.);
#9121=ORIENTED_EDGE('',*,*,#6768,.T.);
#9122=ORIENTED_EDGE('',*,*,#6769,.T.);
#9123=ORIENTED_EDGE('',*,*,#6770,.T.);
#9124=ORIENTED_EDGE('',*,*,#6771,.T.);
#9125=ORIENTED_EDGE('',*,*,#6772,.T.);
#9126=ORIENTED_EDGE('',*,*,#6773,.T.);
#9127=ORIENTED_EDGE('',*,*,#6774,.T.);
#9128=ORIENTED_EDGE('',*,*,#6775,.T.);
#9129=ORIENTED_EDGE('',*,*,#6776,.T.);
#9130=ORIENTED_EDGE('',*,*,#6777,.T.);
#9131=ORIENTED_EDGE('',*,*,#6778,.T.);
#9132=ORIENTED_EDGE('',*,*,#6779,.T.);
#9133=ORIENTED_EDGE('',*,*,#6780,.T.);
#9134=ORIENTED_EDGE('',*,*,#6781,.T.);
#9135=ORIENTED_EDGE('',*,*,#6782,.T.);
#9136=ORIENTED_EDGE('',*,*,#6783,.T.);
#9137=ORIENTED_EDGE('',*,*,#6784,.T.);
#9138=ORIENTED_EDGE('',*,*,#6785,.T.);
#9139=ORIENTED_EDGE('',*,*,#6786,.T.);
#9140=ORIENTED_EDGE('',*,*,#6787,.T.);
#9141=ORIENTED_EDGE('',*,*,#6788,.T.);
#9142=ORIENTED_EDGE('',*,*,#6789,.T.);
#9143=ORIENTED_EDGE('',*,*,#6790,.T.);
#9144=ORIENTED_EDGE('',*,*,#6753,.T.);
#9145=ORIENTED_EDGE('',*,*,#6710,.F.);
#9146=ORIENTED_EDGE('',*,*,#6720,.F.);
#9147=ORIENTED_EDGE('',*,*,#6714,.T.);
#9148=ORIENTED_EDGE('',*,*,#6757,.T.);
#9149=ORIENTED_EDGE('',*,*,#6791,.F.);
#9150=ORIENTED_EDGE('',*,*,#6716,.F.);
#9151=ORIENTED_EDGE('',*,*,#6792,.T.);
#9152=ORIENTED_EDGE('',*,*,#6754,.T.);
#9153=ORIENTED_EDGE('',*,*,#6790,.F.);
#9154=ORIENTED_EDGE('',*,*,#6719,.F.);
#9155=ORIENTED_EDGE('',*,*,#6791,.T.);
#9156=ORIENTED_EDGE('',*,*,#6756,.T.);
#9157=ORIENTED_EDGE('',*,*,#6793,.F.);
#9158=ORIENTED_EDGE('',*,*,#6717,.F.);
#9159=ORIENTED_EDGE('',*,*,#6793,.T.);
#9160=ORIENTED_EDGE('',*,*,#6755,.T.);
#9161=ORIENTED_EDGE('',*,*,#6792,.F.);
#9162=ORIENTED_EDGE('',*,*,#6718,.F.);
#9163=ORIENTED_EDGE('',*,*,#6758,.F.);
#9164=ORIENTED_EDGE('',*,*,#6794,.T.);
#9165=ORIENTED_EDGE('',*,*,#6721,.T.);
#9166=ORIENTED_EDGE('',*,*,#6794,.F.);
#9167=ORIENTED_EDGE('',*,*,#6759,.F.);
#9168=ORIENTED_EDGE('',*,*,#6795,.T.);
#9169=ORIENTED_EDGE('',*,*,#6722,.T.);
#9170=ORIENTED_EDGE('',*,*,#6795,.F.);
#9171=ORIENTED_EDGE('',*,*,#6760,.F.);
#9172=ORIENTED_EDGE('',*,*,#6796,.T.);
#9173=ORIENTED_EDGE('',*,*,#6723,.T.);
#9174=ORIENTED_EDGE('',*,*,#6796,.F.);
#9175=ORIENTED_EDGE('',*,*,#6761,.F.);
#9176=ORIENTED_EDGE('',*,*,#6797,.T.);
#9177=ORIENTED_EDGE('',*,*,#6724,.T.);
#9178=ORIENTED_EDGE('',*,*,#6797,.F.);
#9179=ORIENTED_EDGE('',*,*,#6762,.F.);
#9180=ORIENTED_EDGE('',*,*,#6798,.T.);
#9181=ORIENTED_EDGE('',*,*,#6725,.T.);
#9182=ORIENTED_EDGE('',*,*,#6798,.F.);
#9183=ORIENTED_EDGE('',*,*,#6763,.F.);
#9184=ORIENTED_EDGE('',*,*,#6799,.T.);
#9185=ORIENTED_EDGE('',*,*,#6726,.T.);
#9186=ORIENTED_EDGE('',*,*,#6799,.F.);
#9187=ORIENTED_EDGE('',*,*,#6764,.F.);
#9188=ORIENTED_EDGE('',*,*,#6800,.T.);
#9189=ORIENTED_EDGE('',*,*,#6727,.T.);
#9190=ORIENTED_EDGE('',*,*,#6800,.F.);
#9191=ORIENTED_EDGE('',*,*,#6765,.F.);
#9192=ORIENTED_EDGE('',*,*,#6801,.T.);
#9193=ORIENTED_EDGE('',*,*,#6728,.T.);
#9194=ORIENTED_EDGE('',*,*,#6801,.F.);
#9195=ORIENTED_EDGE('',*,*,#6766,.F.);
#9196=ORIENTED_EDGE('',*,*,#6802,.T.);
#9197=ORIENTED_EDGE('',*,*,#6729,.T.);
#9198=ORIENTED_EDGE('',*,*,#6802,.F.);
#9199=ORIENTED_EDGE('',*,*,#6767,.F.);
#9200=ORIENTED_EDGE('',*,*,#6803,.T.);
#9201=ORIENTED_EDGE('',*,*,#6730,.T.);
#9202=ORIENTED_EDGE('',*,*,#6803,.F.);
#9203=ORIENTED_EDGE('',*,*,#6768,.F.);
#9204=ORIENTED_EDGE('',*,*,#6804,.T.);
#9205=ORIENTED_EDGE('',*,*,#6731,.T.);
#9206=ORIENTED_EDGE('',*,*,#6804,.F.);
#9207=ORIENTED_EDGE('',*,*,#6769,.F.);
#9208=ORIENTED_EDGE('',*,*,#6805,.T.);
#9209=ORIENTED_EDGE('',*,*,#6732,.T.);
#9210=ORIENTED_EDGE('',*,*,#6805,.F.);
#9211=ORIENTED_EDGE('',*,*,#6770,.F.);
#9212=ORIENTED_EDGE('',*,*,#6806,.T.);
#9213=ORIENTED_EDGE('',*,*,#6733,.T.);
#9214=ORIENTED_EDGE('',*,*,#6806,.F.);
#9215=ORIENTED_EDGE('',*,*,#6771,.F.);
#9216=ORIENTED_EDGE('',*,*,#6807,.T.);
#9217=ORIENTED_EDGE('',*,*,#6734,.T.);
#9218=ORIENTED_EDGE('',*,*,#6807,.F.);
#9219=ORIENTED_EDGE('',*,*,#6772,.F.);
#9220=ORIENTED_EDGE('',*,*,#6808,.T.);
#9221=ORIENTED_EDGE('',*,*,#6735,.T.);
#9222=ORIENTED_EDGE('',*,*,#6808,.F.);
#9223=ORIENTED_EDGE('',*,*,#6773,.F.);
#9224=ORIENTED_EDGE('',*,*,#6809,.T.);
#9225=ORIENTED_EDGE('',*,*,#6736,.T.);
#9226=ORIENTED_EDGE('',*,*,#6809,.F.);
#9227=ORIENTED_EDGE('',*,*,#6774,.F.);
#9228=ORIENTED_EDGE('',*,*,#6810,.T.);
#9229=ORIENTED_EDGE('',*,*,#6737,.T.);
#9230=ORIENTED_EDGE('',*,*,#6810,.F.);
#9231=ORIENTED_EDGE('',*,*,#6775,.F.);
#9232=ORIENTED_EDGE('',*,*,#6811,.T.);
#9233=ORIENTED_EDGE('',*,*,#6738,.T.);
#9234=ORIENTED_EDGE('',*,*,#6811,.F.);
#9235=ORIENTED_EDGE('',*,*,#6776,.F.);
#9236=ORIENTED_EDGE('',*,*,#6812,.T.);
#9237=ORIENTED_EDGE('',*,*,#6739,.T.);
#9238=ORIENTED_EDGE('',*,*,#6812,.F.);
#9239=ORIENTED_EDGE('',*,*,#6777,.F.);
#9240=ORIENTED_EDGE('',*,*,#6813,.T.);
#9241=ORIENTED_EDGE('',*,*,#6740,.T.);
#9242=ORIENTED_EDGE('',*,*,#6813,.F.);
#9243=ORIENTED_EDGE('',*,*,#6778,.F.);
#9244=ORIENTED_EDGE('',*,*,#6814,.T.);
#9245=ORIENTED_EDGE('',*,*,#6741,.T.);
#9246=ORIENTED_EDGE('',*,*,#6814,.F.);
#9247=ORIENTED_EDGE('',*,*,#6779,.F.);
#9248=ORIENTED_EDGE('',*,*,#6815,.T.);
#9249=ORIENTED_EDGE('',*,*,#6742,.T.);
#9250=ORIENTED_EDGE('',*,*,#6815,.F.);
#9251=ORIENTED_EDGE('',*,*,#6780,.F.);
#9252=ORIENTED_EDGE('',*,*,#6816,.T.);
#9253=ORIENTED_EDGE('',*,*,#6743,.T.);
#9254=ORIENTED_EDGE('',*,*,#6816,.F.);
#9255=ORIENTED_EDGE('',*,*,#6781,.F.);
#9256=ORIENTED_EDGE('',*,*,#6817,.T.);
#9257=ORIENTED_EDGE('',*,*,#6744,.T.);
#9258=ORIENTED_EDGE('',*,*,#6817,.F.);
#9259=ORIENTED_EDGE('',*,*,#6782,.F.);
#9260=ORIENTED_EDGE('',*,*,#6818,.T.);
#9261=ORIENTED_EDGE('',*,*,#6745,.T.);
#9262=ORIENTED_EDGE('',*,*,#6818,.F.);
#9263=ORIENTED_EDGE('',*,*,#6783,.F.);
#9264=ORIENTED_EDGE('',*,*,#6819,.T.);
#9265=ORIENTED_EDGE('',*,*,#6746,.T.);
#9266=ORIENTED_EDGE('',*,*,#6819,.F.);
#9267=ORIENTED_EDGE('',*,*,#6784,.F.);
#9268=ORIENTED_EDGE('',*,*,#6820,.T.);
#9269=ORIENTED_EDGE('',*,*,#6747,.T.);
#9270=ORIENTED_EDGE('',*,*,#6820,.F.);
#9271=ORIENTED_EDGE('',*,*,#6785,.F.);
#9272=ORIENTED_EDGE('',*,*,#6821,.T.);
#9273=ORIENTED_EDGE('',*,*,#6748,.T.);
#9274=ORIENTED_EDGE('',*,*,#6821,.F.);
#9275=ORIENTED_EDGE('',*,*,#6786,.F.);
#9276=ORIENTED_EDGE('',*,*,#6822,.T.);
#9277=ORIENTED_EDGE('',*,*,#6749,.T.);
#9278=ORIENTED_EDGE('',*,*,#6822,.F.);
#9279=ORIENTED_EDGE('',*,*,#6787,.F.);
#9280=ORIENTED_EDGE('',*,*,#6823,.T.);
#9281=ORIENTED_EDGE('',*,*,#6750,.T.);
#9282=ORIENTED_EDGE('',*,*,#6823,.F.);
#9283=ORIENTED_EDGE('',*,*,#6788,.F.);
#9284=ORIENTED_EDGE('',*,*,#6824,.T.);
#9285=ORIENTED_EDGE('',*,*,#6751,.T.);
#9286=ORIENTED_EDGE('',*,*,#6824,.F.);
#9287=ORIENTED_EDGE('',*,*,#6789,.F.);
#9288=ORIENTED_EDGE('',*,*,#6825,.T.);
#9289=ORIENTED_EDGE('',*,*,#6752,.T.);
#9290=ORIENTED_EDGE('',*,*,#6825,.F.);
#9291=ORIENTED_EDGE('',*,*,#6826,.T.);
#9292=ORIENTED_EDGE('',*,*,#6827,.T.);
#9293=ORIENTED_EDGE('',*,*,#6828,.T.);
#9294=ORIENTED_EDGE('',*,*,#6829,.T.);
#9295=ORIENTED_EDGE('',*,*,#6827,.F.);
#9296=ORIENTED_EDGE('',*,*,#6830,.F.);
#9297=ORIENTED_EDGE('',*,*,#6831,.F.);
#9298=ORIENTED_EDGE('',*,*,#6832,.F.);
#9299=ORIENTED_EDGE('',*,*,#6833,.F.);
#9300=ORIENTED_EDGE('',*,*,#6834,.F.);
#9301=ORIENTED_EDGE('',*,*,#6826,.F.);
#9302=ORIENTED_EDGE('',*,*,#6835,.T.);
#9303=ORIENTED_EDGE('',*,*,#6836,.F.);
#9304=ORIENTED_EDGE('',*,*,#6837,.T.);
#9305=ORIENTED_EDGE('',*,*,#6838,.F.);
#9306=ORIENTED_EDGE('',*,*,#6839,.T.);
#9307=ORIENTED_EDGE('',*,*,#6840,.F.);
#9308=ORIENTED_EDGE('',*,*,#6830,.T.);
#9309=ORIENTED_EDGE('',*,*,#6841,.T.);
#9310=ORIENTED_EDGE('',*,*,#6842,.F.);
#9311=ORIENTED_EDGE('',*,*,#6843,.T.);
#9312=ORIENTED_EDGE('',*,*,#6844,.F.);
#9313=ORIENTED_EDGE('',*,*,#6845,.T.);
#9314=ORIENTED_EDGE('',*,*,#6846,.F.);
#9315=ORIENTED_EDGE('',*,*,#6847,.T.);
#9316=ORIENTED_EDGE('',*,*,#6848,.F.);
#9317=ORIENTED_EDGE('',*,*,#6849,.T.);
#9318=ORIENTED_EDGE('',*,*,#6850,.F.);
#9319=ORIENTED_EDGE('',*,*,#6851,.T.);
#9320=ORIENTED_EDGE('',*,*,#6852,.F.);
#9321=ORIENTED_EDGE('',*,*,#6853,.T.);
#9322=ORIENTED_EDGE('',*,*,#6854,.F.);
#9323=ORIENTED_EDGE('',*,*,#6855,.T.);
#9324=ORIENTED_EDGE('',*,*,#6856,.F.);
#9325=ORIENTED_EDGE('',*,*,#6857,.T.);
#9326=ORIENTED_EDGE('',*,*,#6858,.F.);
#9327=ORIENTED_EDGE('',*,*,#6859,.T.);
#9328=ORIENTED_EDGE('',*,*,#6860,.F.);
#9329=ORIENTED_EDGE('',*,*,#6861,.T.);
#9330=ORIENTED_EDGE('',*,*,#6862,.F.);
#9331=ORIENTED_EDGE('',*,*,#6863,.T.);
#9332=ORIENTED_EDGE('',*,*,#6864,.F.);
#9333=ORIENTED_EDGE('',*,*,#6865,.T.);
#9334=ORIENTED_EDGE('',*,*,#6866,.F.);
#9335=ORIENTED_EDGE('',*,*,#6867,.T.);
#9336=ORIENTED_EDGE('',*,*,#6868,.F.);
#9337=ORIENTED_EDGE('',*,*,#6869,.T.);
#9338=ORIENTED_EDGE('',*,*,#6870,.F.);
#9339=ORIENTED_EDGE('',*,*,#6871,.T.);
#9340=ORIENTED_EDGE('',*,*,#6872,.F.);
#9341=ORIENTED_EDGE('',*,*,#6873,.T.);
#9342=ORIENTED_EDGE('',*,*,#6874,.F.);
#9343=ORIENTED_EDGE('',*,*,#6875,.T.);
#9344=ORIENTED_EDGE('',*,*,#6876,.F.);
#9345=ORIENTED_EDGE('',*,*,#6877,.T.);
#9346=ORIENTED_EDGE('',*,*,#6878,.F.);
#9347=ORIENTED_EDGE('',*,*,#6879,.T.);
#9348=ORIENTED_EDGE('',*,*,#6880,.F.);
#9349=ORIENTED_EDGE('',*,*,#6836,.T.);
#9350=ORIENTED_EDGE('',*,*,#6881,.T.);
#9351=ORIENTED_EDGE('',*,*,#6882,.T.);
#9352=ORIENTED_EDGE('',*,*,#6883,.T.);
#9353=ORIENTED_EDGE('',*,*,#6883,.F.);
#9354=ORIENTED_EDGE('',*,*,#6884,.F.);
#9355=ORIENTED_EDGE('',*,*,#6885,.T.);
#9356=ORIENTED_EDGE('',*,*,#6886,.F.);
#9357=ORIENTED_EDGE('',*,*,#6887,.F.);
#9358=ORIENTED_EDGE('',*,*,#6837,.F.);
#9359=ORIENTED_EDGE('',*,*,#6838,.T.);
#9360=ORIENTED_EDGE('',*,*,#6887,.T.);
#9361=ORIENTED_EDGE('',*,*,#6888,.T.);
#9362=ORIENTED_EDGE('',*,*,#6889,.T.);
#9363=ORIENTED_EDGE('',*,*,#6889,.F.);
#9364=ORIENTED_EDGE('',*,*,#6890,.F.);
#9365=ORIENTED_EDGE('',*,*,#6891,.F.);
#9366=ORIENTED_EDGE('',*,*,#6839,.F.);
#9367=ORIENTED_EDGE('',*,*,#6888,.F.);
#9368=ORIENTED_EDGE('',*,*,#6886,.T.);
#9369=ORIENTED_EDGE('',*,*,#6892,.T.);
#9370=ORIENTED_EDGE('',*,*,#6893,.T.);
#9371=ORIENTED_EDGE('',*,*,#6894,.T.);
#9372=ORIENTED_EDGE('',*,*,#6895,.T.);
#9373=ORIENTED_EDGE('',*,*,#6896,.T.);
#9374=ORIENTED_EDGE('',*,*,#6832,.T.);
#9375=ORIENTED_EDGE('',*,*,#6897,.F.);
#9376=ORIENTED_EDGE('',*,*,#6890,.T.);
#9377=ORIENTED_EDGE('',*,*,#6840,.T.);
#9378=ORIENTED_EDGE('',*,*,#6891,.T.);
#9379=ORIENTED_EDGE('',*,*,#6897,.T.);
#9380=ORIENTED_EDGE('',*,*,#6831,.T.);
#9381=ORIENTED_EDGE('',*,*,#6898,.F.);
#9382=ORIENTED_EDGE('',*,*,#6899,.F.);
#9383=ORIENTED_EDGE('',*,*,#6900,.F.);
#9384=ORIENTED_EDGE('',*,*,#6901,.T.);
#9385=ORIENTED_EDGE('',*,*,#6902,.F.);
#9386=ORIENTED_EDGE('',*,*,#6901,.F.);
#9387=ORIENTED_EDGE('',*,*,#6903,.F.);
#9388=ORIENTED_EDGE('',*,*,#6904,.F.);
#9389=ORIENTED_EDGE('',*,*,#6905,.F.);
#9390=ORIENTED_EDGE('',*,*,#6906,.F.);
#9391=ORIENTED_EDGE('',*,*,#6907,.F.);
#9392=ORIENTED_EDGE('',*,*,#6899,.T.);
#9393=ORIENTED_EDGE('',*,*,#6905,.T.);
#9394=ORIENTED_EDGE('',*,*,#6898,.T.);
#9395=ORIENTED_EDGE('',*,*,#6902,.T.);
#9396=ORIENTED_EDGE('',*,*,#6908,.F.);
#9397=ORIENTED_EDGE('',*,*,#6909,.T.);
#9398=ORIENTED_EDGE('',*,*,#6910,.T.);
#9399=ORIENTED_EDGE('',*,*,#6911,.F.);
#9400=ORIENTED_EDGE('',*,*,#6912,.F.);
#9401=ORIENTED_EDGE('',*,*,#6828,.F.);
#9402=ORIENTED_EDGE('',*,*,#6834,.T.);
#9403=ORIENTED_EDGE('',*,*,#6913,.T.);
#9404=ORIENTED_EDGE('',*,*,#6914,.T.);
#9405=ORIENTED_EDGE('',*,*,#6908,.T.);
#9406=ORIENTED_EDGE('',*,*,#6904,.T.);
#9407=ORIENTED_EDGE('',*,*,#6915,.T.);
#9408=ORIENTED_EDGE('',*,*,#6850,.T.);
#9409=ORIENTED_EDGE('',*,*,#6916,.T.);
#9410=ORIENTED_EDGE('',*,*,#6917,.T.);
#9411=ORIENTED_EDGE('',*,*,#6918,.T.);
#9412=ORIENTED_EDGE('',*,*,#6916,.F.);
#9413=ORIENTED_EDGE('',*,*,#6849,.F.);
#9414=ORIENTED_EDGE('',*,*,#6919,.F.);
#9415=ORIENTED_EDGE('',*,*,#6920,.F.);
#9416=ORIENTED_EDGE('',*,*,#6848,.T.);
#9417=ORIENTED_EDGE('',*,*,#6921,.T.);
#9418=ORIENTED_EDGE('',*,*,#6922,.T.);
#9419=ORIENTED_EDGE('',*,*,#6919,.T.);
#9420=ORIENTED_EDGE('',*,*,#6921,.F.);
#9421=ORIENTED_EDGE('',*,*,#6847,.F.);
#9422=ORIENTED_EDGE('',*,*,#6923,.F.);
#9423=ORIENTED_EDGE('',*,*,#6924,.F.);
#9424=ORIENTED_EDGE('',*,*,#6846,.T.);
#9425=ORIENTED_EDGE('',*,*,#6925,.T.);
#9426=ORIENTED_EDGE('',*,*,#6926,.T.);
#9427=ORIENTED_EDGE('',*,*,#6923,.T.);
#9428=ORIENTED_EDGE('',*,*,#6925,.F.);
#9429=ORIENTED_EDGE('',*,*,#6845,.F.);
#9430=ORIENTED_EDGE('',*,*,#6927,.F.);
#9431=ORIENTED_EDGE('',*,*,#6928,.F.);
#9432=ORIENTED_EDGE('',*,*,#6844,.T.);
#9433=ORIENTED_EDGE('',*,*,#6929,.T.);
#9434=ORIENTED_EDGE('',*,*,#6930,.T.);
#9435=ORIENTED_EDGE('',*,*,#6927,.T.);
#9436=ORIENTED_EDGE('',*,*,#6929,.F.);
#9437=ORIENTED_EDGE('',*,*,#6843,.F.);
#9438=ORIENTED_EDGE('',*,*,#6931,.F.);
#9439=ORIENTED_EDGE('',*,*,#6932,.F.);
#9440=ORIENTED_EDGE('',*,*,#6842,.T.);
#9441=ORIENTED_EDGE('',*,*,#6933,.T.);
#9442=ORIENTED_EDGE('',*,*,#6934,.T.);
#9443=ORIENTED_EDGE('',*,*,#6931,.T.);
#9444=ORIENTED_EDGE('',*,*,#6918,.F.);
#9445=ORIENTED_EDGE('',*,*,#6935,.F.);
#9446=ORIENTED_EDGE('',*,*,#6933,.F.);
#9447=ORIENTED_EDGE('',*,*,#6841,.F.);
#9448=ORIENTED_EDGE('',*,*,#6860,.T.);
#9449=ORIENTED_EDGE('',*,*,#6936,.T.);
#9450=ORIENTED_EDGE('',*,*,#6937,.T.);
#9451=ORIENTED_EDGE('',*,*,#6938,.T.);
#9452=ORIENTED_EDGE('',*,*,#6936,.F.);
#9453=ORIENTED_EDGE('',*,*,#6859,.F.);
#9454=ORIENTED_EDGE('',*,*,#6939,.F.);
#9455=ORIENTED_EDGE('',*,*,#6940,.F.);
#9456=ORIENTED_EDGE('',*,*,#6858,.T.);
#9457=ORIENTED_EDGE('',*,*,#6941,.T.);
#9458=ORIENTED_EDGE('',*,*,#6942,.T.);
#9459=ORIENTED_EDGE('',*,*,#6939,.T.);
#9460=ORIENTED_EDGE('',*,*,#6941,.F.);
#9461=ORIENTED_EDGE('',*,*,#6857,.F.);
#9462=ORIENTED_EDGE('',*,*,#6943,.F.);
#9463=ORIENTED_EDGE('',*,*,#6944,.F.);
#9464=ORIENTED_EDGE('',*,*,#6856,.T.);
#9465=ORIENTED_EDGE('',*,*,#6945,.T.);
#9466=ORIENTED_EDGE('',*,*,#6946,.T.);
#9467=ORIENTED_EDGE('',*,*,#6943,.T.);
#9468=ORIENTED_EDGE('',*,*,#6945,.F.);
#9469=ORIENTED_EDGE('',*,*,#6855,.F.);
#9470=ORIENTED_EDGE('',*,*,#6947,.F.);
#9471=ORIENTED_EDGE('',*,*,#6948,.F.);
#9472=ORIENTED_EDGE('',*,*,#6854,.T.);
#9473=ORIENTED_EDGE('',*,*,#6949,.T.);
#9474=ORIENTED_EDGE('',*,*,#6950,.T.);
#9475=ORIENTED_EDGE('',*,*,#6947,.T.);
#9476=ORIENTED_EDGE('',*,*,#6949,.F.);
#9477=ORIENTED_EDGE('',*,*,#6853,.F.);
#9478=ORIENTED_EDGE('',*,*,#6951,.F.);
#9479=ORIENTED_EDGE('',*,*,#6952,.F.);
#9480=ORIENTED_EDGE('',*,*,#6852,.T.);
#9481=ORIENTED_EDGE('',*,*,#6953,.T.);
#9482=ORIENTED_EDGE('',*,*,#6954,.T.);
#9483=ORIENTED_EDGE('',*,*,#6951,.T.);
#9484=ORIENTED_EDGE('',*,*,#6938,.F.);
#9485=ORIENTED_EDGE('',*,*,#6955,.F.);
#9486=ORIENTED_EDGE('',*,*,#6953,.F.);
#9487=ORIENTED_EDGE('',*,*,#6851,.F.);
#9488=ORIENTED_EDGE('',*,*,#6870,.T.);
#9489=ORIENTED_EDGE('',*,*,#6956,.T.);
#9490=ORIENTED_EDGE('',*,*,#6957,.T.);
#9491=ORIENTED_EDGE('',*,*,#6958,.T.);
#9492=ORIENTED_EDGE('',*,*,#6956,.F.);
#9493=ORIENTED_EDGE('',*,*,#6869,.F.);
#9494=ORIENTED_EDGE('',*,*,#6959,.F.);
#9495=ORIENTED_EDGE('',*,*,#6960,.F.);
#9496=ORIENTED_EDGE('',*,*,#6961,.F.);
#9497=ORIENTED_EDGE('',*,*,#6962,.F.);
#9498=ORIENTED_EDGE('',*,*,#6959,.T.);
#9499=ORIENTED_EDGE('',*,*,#6868,.T.);
#9500=ORIENTED_EDGE('',*,*,#6963,.T.);
#9501=ORIENTED_EDGE('',*,*,#6961,.T.);
#9502=ORIENTED_EDGE('',*,*,#6964,.T.);
#9503=ORIENTED_EDGE('',*,*,#6965,.T.);
#9504=ORIENTED_EDGE('',*,*,#6966,.F.);
#9505=ORIENTED_EDGE('',*,*,#6963,.F.);
#9506=ORIENTED_EDGE('',*,*,#6867,.F.);
#9507=ORIENTED_EDGE('',*,*,#6967,.F.);
#9508=ORIENTED_EDGE('',*,*,#6964,.F.);
#9509=ORIENTED_EDGE('',*,*,#6965,.F.);
#9510=ORIENTED_EDGE('',*,*,#6967,.T.);
#9511=ORIENTED_EDGE('',*,*,#6866,.T.);
#9512=ORIENTED_EDGE('',*,*,#6968,.T.);
#9513=ORIENTED_EDGE('',*,*,#6969,.T.);
#9514=ORIENTED_EDGE('',*,*,#6968,.F.);
#9515=ORIENTED_EDGE('',*,*,#6865,.F.);
#9516=ORIENTED_EDGE('',*,*,#6970,.F.);
#9517=ORIENTED_EDGE('',*,*,#6971,.F.);
#9518=ORIENTED_EDGE('',*,*,#6864,.T.);
#9519=ORIENTED_EDGE('',*,*,#6972,.T.);
#9520=ORIENTED_EDGE('',*,*,#6973,.T.);
#9521=ORIENTED_EDGE('',*,*,#6970,.T.);
#9522=ORIENTED_EDGE('',*,*,#6972,.F.);
#9523=ORIENTED_EDGE('',*,*,#6863,.F.);
#9524=ORIENTED_EDGE('',*,*,#6974,.F.);
#9525=ORIENTED_EDGE('',*,*,#6975,.F.);
#9526=ORIENTED_EDGE('',*,*,#6862,.T.);
#9527=ORIENTED_EDGE('',*,*,#6976,.T.);
#9528=ORIENTED_EDGE('',*,*,#6977,.T.);
#9529=ORIENTED_EDGE('',*,*,#6974,.T.);
#9530=ORIENTED_EDGE('',*,*,#6958,.F.);
#9531=ORIENTED_EDGE('',*,*,#6978,.F.);
#9532=ORIENTED_EDGE('',*,*,#6976,.F.);
#9533=ORIENTED_EDGE('',*,*,#6861,.F.);
#9534=ORIENTED_EDGE('',*,*,#6880,.T.);
#9535=ORIENTED_EDGE('',*,*,#6979,.T.);
#9536=ORIENTED_EDGE('',*,*,#6980,.T.);
#9537=ORIENTED_EDGE('',*,*,#6981,.T.);
#9538=ORIENTED_EDGE('',*,*,#6979,.F.);
#9539=ORIENTED_EDGE('',*,*,#6879,.F.);
#9540=ORIENTED_EDGE('',*,*,#6982,.F.);
#9541=ORIENTED_EDGE('',*,*,#6983,.F.);
#9542=ORIENTED_EDGE('',*,*,#6878,.T.);
#9543=ORIENTED_EDGE('',*,*,#6984,.T.);
#9544=ORIENTED_EDGE('',*,*,#6985,.T.);
#9545=ORIENTED_EDGE('',*,*,#6982,.T.);
#9546=ORIENTED_EDGE('',*,*,#6984,.F.);
#9547=ORIENTED_EDGE('',*,*,#6877,.F.);
#9548=ORIENTED_EDGE('',*,*,#6986,.F.);
#9549=ORIENTED_EDGE('',*,*,#6987,.F.);
#9550=ORIENTED_EDGE('',*,*,#6876,.T.);
#9551=ORIENTED_EDGE('',*,*,#6988,.T.);
#9552=ORIENTED_EDGE('',*,*,#6989,.T.);
#9553=ORIENTED_EDGE('',*,*,#6986,.T.);
#9554=ORIENTED_EDGE('',*,*,#6988,.F.);
#9555=ORIENTED_EDGE('',*,*,#6875,.F.);
#9556=ORIENTED_EDGE('',*,*,#6990,.F.);
#9557=ORIENTED_EDGE('',*,*,#6991,.F.);
#9558=ORIENTED_EDGE('',*,*,#6874,.T.);
#9559=ORIENTED_EDGE('',*,*,#6992,.T.);
#9560=ORIENTED_EDGE('',*,*,#6993,.T.);
#9561=ORIENTED_EDGE('',*,*,#6990,.T.);
#9562=ORIENTED_EDGE('',*,*,#6992,.F.);
#9563=ORIENTED_EDGE('',*,*,#6873,.F.);
#9564=ORIENTED_EDGE('',*,*,#6994,.F.);
#9565=ORIENTED_EDGE('',*,*,#6995,.F.);
#9566=ORIENTED_EDGE('',*,*,#6872,.T.);
#9567=ORIENTED_EDGE('',*,*,#6996,.T.);
#9568=ORIENTED_EDGE('',*,*,#6997,.T.);
#9569=ORIENTED_EDGE('',*,*,#6994,.T.);
#9570=ORIENTED_EDGE('',*,*,#6981,.F.);
#9571=ORIENTED_EDGE('',*,*,#6998,.F.);
#9572=ORIENTED_EDGE('',*,*,#6996,.F.);
#9573=ORIENTED_EDGE('',*,*,#6871,.F.);
#9574=ORIENTED_EDGE('',*,*,#6913,.F.);
#9575=ORIENTED_EDGE('',*,*,#6833,.T.);
#9576=ORIENTED_EDGE('',*,*,#6896,.F.);
#9577=ORIENTED_EDGE('',*,*,#6999,.F.);
#9578=ORIENTED_EDGE('',*,*,#7000,.F.);
#9579=ORIENTED_EDGE('',*,*,#7001,.T.);
#9580=ORIENTED_EDGE('',*,*,#6892,.F.);
#9581=ORIENTED_EDGE('',*,*,#6885,.F.);
#9582=ORIENTED_EDGE('',*,*,#7002,.T.);
#9583=ORIENTED_EDGE('',*,*,#7003,.T.);
#9584=ORIENTED_EDGE('',*,*,#6909,.F.);
#9585=ORIENTED_EDGE('',*,*,#6914,.F.);
#9586=ORIENTED_EDGE('',*,*,#6999,.T.);
#9587=ORIENTED_EDGE('',*,*,#6895,.F.);
#9588=ORIENTED_EDGE('',*,*,#7004,.T.);
#9589=ORIENTED_EDGE('',*,*,#7005,.T.);
#9590=ORIENTED_EDGE('',*,*,#7002,.F.);
#9591=ORIENTED_EDGE('',*,*,#6894,.F.);
#9592=ORIENTED_EDGE('',*,*,#7006,.F.);
#9593=ORIENTED_EDGE('',*,*,#6911,.T.);
#9594=ORIENTED_EDGE('',*,*,#7007,.T.);
#9595=ORIENTED_EDGE('',*,*,#6966,.T.);
#9596=ORIENTED_EDGE('',*,*,#7008,.T.);
#9597=ORIENTED_EDGE('',*,*,#7004,.F.);
#9598=ORIENTED_EDGE('',*,*,#6893,.F.);
#9599=ORIENTED_EDGE('',*,*,#7001,.F.);
#9600=ORIENTED_EDGE('',*,*,#6960,.T.);
#9601=ORIENTED_EDGE('',*,*,#6962,.T.);
#9602=ORIENTED_EDGE('',*,*,#7007,.F.);
#9603=ORIENTED_EDGE('',*,*,#6910,.F.);
#9604=ORIENTED_EDGE('',*,*,#7003,.F.);
#9605=ORIENTED_EDGE('',*,*,#7005,.F.);
#9606=ORIENTED_EDGE('',*,*,#7008,.F.);
#9607=ORIENTED_EDGE('',*,*,#6969,.F.);
#9608=ORIENTED_EDGE('',*,*,#6971,.T.);
#9609=ORIENTED_EDGE('',*,*,#6973,.F.);
#9610=ORIENTED_EDGE('',*,*,#6975,.T.);
#9611=ORIENTED_EDGE('',*,*,#6977,.F.);
#9612=ORIENTED_EDGE('',*,*,#6978,.T.);
#9613=ORIENTED_EDGE('',*,*,#6957,.F.);
#9614=ORIENTED_EDGE('',*,*,#6935,.T.);
#9615=ORIENTED_EDGE('',*,*,#6917,.F.);
#9616=ORIENTED_EDGE('',*,*,#6920,.T.);
#9617=ORIENTED_EDGE('',*,*,#6922,.F.);
#9618=ORIENTED_EDGE('',*,*,#6924,.T.);
#9619=ORIENTED_EDGE('',*,*,#6926,.F.);
#9620=ORIENTED_EDGE('',*,*,#6928,.T.);
#9621=ORIENTED_EDGE('',*,*,#6930,.F.);
#9622=ORIENTED_EDGE('',*,*,#6932,.T.);
#9623=ORIENTED_EDGE('',*,*,#6934,.F.);
#9624=ORIENTED_EDGE('',*,*,#6955,.T.);
#9625=ORIENTED_EDGE('',*,*,#6937,.F.);
#9626=ORIENTED_EDGE('',*,*,#6940,.T.);
#9627=ORIENTED_EDGE('',*,*,#6942,.F.);
#9628=ORIENTED_EDGE('',*,*,#6944,.T.);
#9629=ORIENTED_EDGE('',*,*,#6946,.F.);
#9630=ORIENTED_EDGE('',*,*,#6948,.T.);
#9631=ORIENTED_EDGE('',*,*,#6950,.F.);
#9632=ORIENTED_EDGE('',*,*,#6952,.T.);
#9633=ORIENTED_EDGE('',*,*,#6954,.F.);
#9634=ORIENTED_EDGE('',*,*,#6998,.T.);
#9635=ORIENTED_EDGE('',*,*,#6980,.F.);
#9636=ORIENTED_EDGE('',*,*,#6983,.T.);
#9637=ORIENTED_EDGE('',*,*,#6985,.F.);
#9638=ORIENTED_EDGE('',*,*,#6987,.T.);
#9639=ORIENTED_EDGE('',*,*,#6989,.F.);
#9640=ORIENTED_EDGE('',*,*,#6991,.T.);
#9641=ORIENTED_EDGE('',*,*,#6993,.F.);
#9642=ORIENTED_EDGE('',*,*,#6995,.T.);
#9643=ORIENTED_EDGE('',*,*,#6997,.F.);
#9644=ORIENTED_EDGE('',*,*,#6829,.F.);
#9645=ORIENTED_EDGE('',*,*,#6915,.F.);
#9646=ORIENTED_EDGE('',*,*,#6903,.T.);
#9647=ORIENTED_EDGE('',*,*,#6900,.T.);
#9648=ORIENTED_EDGE('',*,*,#6907,.T.);
#9649=ORIENTED_EDGE('',*,*,#7009,.F.);
#9650=ORIENTED_EDGE('',*,*,#6881,.F.);
#9651=ORIENTED_EDGE('',*,*,#6835,.F.);
#9652=ORIENTED_EDGE('',*,*,#6882,.F.);
#9653=ORIENTED_EDGE('',*,*,#7009,.T.);
#9654=ORIENTED_EDGE('',*,*,#6906,.T.);
#9655=ORIENTED_EDGE('',*,*,#6912,.T.);
#9656=ORIENTED_EDGE('',*,*,#7006,.T.);
#9657=ORIENTED_EDGE('',*,*,#7000,.T.);
#9658=ORIENTED_EDGE('',*,*,#6884,.T.);
#9659=ORIENTED_EDGE('',*,*,#7010,.T.);
#9660=ORIENTED_EDGE('',*,*,#7011,.T.);
#9661=ORIENTED_EDGE('',*,*,#7012,.F.);
#9662=ORIENTED_EDGE('',*,*,#7013,.F.);
#9663=ORIENTED_EDGE('',*,*,#7014,.T.);
#9664=ORIENTED_EDGE('',*,*,#7015,.F.);
#9665=ORIENTED_EDGE('',*,*,#7016,.F.);
#9666=ORIENTED_EDGE('',*,*,#7017,.T.);
#9667=ORIENTED_EDGE('',*,*,#7018,.T.);
#9668=ORIENTED_EDGE('',*,*,#7019,.T.);
#9669=ORIENTED_EDGE('',*,*,#7020,.F.);
#9670=ORIENTED_EDGE('',*,*,#7021,.F.);
#9671=ORIENTED_EDGE('',*,*,#7010,.F.);
#9672=ORIENTED_EDGE('',*,*,#7022,.T.);
#9673=ORIENTED_EDGE('',*,*,#7013,.T.);
#9674=ORIENTED_EDGE('',*,*,#7023,.T.);
#9675=ORIENTED_EDGE('',*,*,#7024,.F.);
#9676=ORIENTED_EDGE('',*,*,#7022,.F.);
#9677=ORIENTED_EDGE('',*,*,#7021,.T.);
#9678=ORIENTED_EDGE('',*,*,#7025,.T.);
#9679=ORIENTED_EDGE('',*,*,#7026,.F.);
#9680=ORIENTED_EDGE('',*,*,#7011,.F.);
#9681=ORIENTED_EDGE('',*,*,#7027,.F.);
#9682=ORIENTED_EDGE('',*,*,#7023,.F.);
#9683=ORIENTED_EDGE('',*,*,#7012,.T.);
#9684=ORIENTED_EDGE('',*,*,#7026,.T.);
#9685=ORIENTED_EDGE('',*,*,#7028,.T.);
#9686=ORIENTED_EDGE('',*,*,#7029,.F.);
#9687=ORIENTED_EDGE('',*,*,#7030,.F.);
#9688=ORIENTED_EDGE('',*,*,#7031,.F.);
#9689=ORIENTED_EDGE('',*,*,#7032,.T.);
#9690=ORIENTED_EDGE('',*,*,#7033,.T.);
#9691=ORIENTED_EDGE('',*,*,#7027,.T.);
#9692=ORIENTED_EDGE('',*,*,#7034,.F.);
#9693=ORIENTED_EDGE('',*,*,#7014,.F.);
#9694=ORIENTED_EDGE('',*,*,#7024,.T.);
#9695=ORIENTED_EDGE('',*,*,#7015,.T.);
#9696=ORIENTED_EDGE('',*,*,#7034,.T.);
#9697=ORIENTED_EDGE('',*,*,#7033,.F.);
#9698=ORIENTED_EDGE('',*,*,#7035,.F.);
#9699=ORIENTED_EDGE('',*,*,#7016,.T.);
#9700=ORIENTED_EDGE('',*,*,#7036,.T.);
#9701=ORIENTED_EDGE('',*,*,#7037,.T.);
#9702=ORIENTED_EDGE('',*,*,#7038,.T.);
#9703=ORIENTED_EDGE('',*,*,#7039,.F.);
#9704=ORIENTED_EDGE('',*,*,#7040,.F.);
#9705=ORIENTED_EDGE('',*,*,#7018,.F.);
#9706=ORIENTED_EDGE('',*,*,#7017,.F.);
#9707=ORIENTED_EDGE('',*,*,#7028,.F.);
#9708=ORIENTED_EDGE('',*,*,#7025,.F.);
#9709=ORIENTED_EDGE('',*,*,#7020,.T.);
#9710=ORIENTED_EDGE('',*,*,#7041,.T.);
#9711=ORIENTED_EDGE('',*,*,#7042,.T.);
#9712=ORIENTED_EDGE('',*,*,#7029,.T.);
#9713=ORIENTED_EDGE('',*,*,#7041,.F.);
#9714=ORIENTED_EDGE('',*,*,#7019,.F.);
#9715=ORIENTED_EDGE('',*,*,#7032,.F.);
#9716=ORIENTED_EDGE('',*,*,#7031,.T.);
#9717=ORIENTED_EDGE('',*,*,#7030,.T.);
#9718=ORIENTED_EDGE('',*,*,#7043,.T.);
#9719=ORIENTED_EDGE('',*,*,#7044,.T.);
#9720=ORIENTED_EDGE('',*,*,#7045,.F.);
#9721=ORIENTED_EDGE('',*,*,#7046,.F.);
#9722=ORIENTED_EDGE('',*,*,#7047,.F.);
#9723=ORIENTED_EDGE('',*,*,#7035,.T.);
#9724=ORIENTED_EDGE('',*,*,#7047,.T.);
#9725=ORIENTED_EDGE('',*,*,#7048,.F.);
#9726=ORIENTED_EDGE('',*,*,#7036,.F.);
#9727=ORIENTED_EDGE('',*,*,#7049,.T.);
#9728=ORIENTED_EDGE('',*,*,#7050,.F.);
#9729=ORIENTED_EDGE('',*,*,#7051,.T.);
#9730=ORIENTED_EDGE('',*,*,#7052,.T.);
#9731=ORIENTED_EDGE('',*,*,#7053,.F.);
#9732=ORIENTED_EDGE('',*,*,#7054,.F.);
#9733=ORIENTED_EDGE('',*,*,#7039,.T.);
#9734=ORIENTED_EDGE('',*,*,#7038,.F.);
#9735=ORIENTED_EDGE('',*,*,#7037,.F.);
#9736=ORIENTED_EDGE('',*,*,#7055,.T.);
#9737=ORIENTED_EDGE('',*,*,#7040,.T.);
#9738=ORIENTED_EDGE('',*,*,#7056,.T.);
#9739=ORIENTED_EDGE('',*,*,#7057,.F.);
#9740=ORIENTED_EDGE('',*,*,#7058,.F.);
#9741=ORIENTED_EDGE('',*,*,#7058,.T.);
#9742=ORIENTED_EDGE('',*,*,#7059,.T.);
#9743=ORIENTED_EDGE('',*,*,#7060,.F.);
#9744=ORIENTED_EDGE('',*,*,#7042,.F.);
#9745=ORIENTED_EDGE('',*,*,#7061,.F.);
#9746=ORIENTED_EDGE('',*,*,#7062,.F.);
#9747=ORIENTED_EDGE('',*,*,#7046,.T.);
#9748=ORIENTED_EDGE('',*,*,#7045,.T.);
#9749=ORIENTED_EDGE('',*,*,#7044,.F.);
#9750=ORIENTED_EDGE('',*,*,#7063,.T.);
#9751=ORIENTED_EDGE('',*,*,#7064,.T.);
#9752=ORIENTED_EDGE('',*,*,#7065,.F.);
#9753=ORIENTED_EDGE('',*,*,#7066,.F.);
#9754=ORIENTED_EDGE('',*,*,#7067,.T.);
#9755=ORIENTED_EDGE('',*,*,#7043,.F.);
#9756=ORIENTED_EDGE('',*,*,#7060,.T.);
#9757=ORIENTED_EDGE('',*,*,#7068,.T.);
#9758=ORIENTED_EDGE('',*,*,#7069,.F.);
#9759=ORIENTED_EDGE('',*,*,#7048,.T.);
#9760=ORIENTED_EDGE('',*,*,#7062,.T.);
#9761=ORIENTED_EDGE('',*,*,#7070,.F.);
#9762=ORIENTED_EDGE('',*,*,#7055,.F.);
#9763=ORIENTED_EDGE('',*,*,#7061,.T.);
#9764=ORIENTED_EDGE('',*,*,#7071,.F.);
#9765=ORIENTED_EDGE('',*,*,#7049,.F.);
#9766=ORIENTED_EDGE('',*,*,#7070,.T.);
#9767=ORIENTED_EDGE('',*,*,#7050,.T.);
#9768=ORIENTED_EDGE('',*,*,#7071,.T.);
#9769=ORIENTED_EDGE('',*,*,#7067,.F.);
#9770=ORIENTED_EDGE('',*,*,#7072,.F.);
#9771=ORIENTED_EDGE('',*,*,#7051,.F.);
#9772=ORIENTED_EDGE('',*,*,#7072,.T.);
#9773=ORIENTED_EDGE('',*,*,#7066,.T.);
#9774=ORIENTED_EDGE('',*,*,#7073,.F.);
#9775=ORIENTED_EDGE('',*,*,#7073,.T.);
#9776=ORIENTED_EDGE('',*,*,#7065,.T.);
#9777=ORIENTED_EDGE('',*,*,#7074,.F.);
#9778=ORIENTED_EDGE('',*,*,#7052,.F.);
#9779=ORIENTED_EDGE('',*,*,#7064,.F.);
#9780=ORIENTED_EDGE('',*,*,#7075,.F.);
#9781=ORIENTED_EDGE('',*,*,#7053,.T.);
#9782=ORIENTED_EDGE('',*,*,#7074,.T.);
#9783=ORIENTED_EDGE('',*,*,#7054,.T.);
#9784=ORIENTED_EDGE('',*,*,#7075,.T.);
#9785=ORIENTED_EDGE('',*,*,#7063,.F.);
#9786=ORIENTED_EDGE('',*,*,#7076,.F.);
#9787=ORIENTED_EDGE('',*,*,#7056,.F.);
#9788=ORIENTED_EDGE('',*,*,#7076,.T.);
#9789=ORIENTED_EDGE('',*,*,#7069,.T.);
#9790=ORIENTED_EDGE('',*,*,#7077,.F.);
#9791=ORIENTED_EDGE('',*,*,#7059,.F.);
#9792=ORIENTED_EDGE('',*,*,#7057,.T.);
#9793=ORIENTED_EDGE('',*,*,#7077,.T.);
#9794=ORIENTED_EDGE('',*,*,#7068,.F.);
#9795=ORIENTED_EDGE('',*,*,#7078,.T.);
#9796=ORIENTED_EDGE('',*,*,#7079,.F.);
#9797=ORIENTED_EDGE('',*,*,#7080,.T.);
#9798=ORIENTED_EDGE('',*,*,#7078,.F.);
#9799=ORIENTED_EDGE('',*,*,#7080,.F.);
#9800=ORIENTED_EDGE('',*,*,#7081,.T.);
#9801=ORIENTED_EDGE('',*,*,#7082,.T.);
#9802=ORIENTED_EDGE('',*,*,#7083,.T.);
#9803=ORIENTED_EDGE('',*,*,#7084,.T.);
#9804=ORIENTED_EDGE('',*,*,#7085,.T.);
#9805=ORIENTED_EDGE('',*,*,#7086,.T.);
#9806=ORIENTED_EDGE('',*,*,#7087,.T.);
#9807=ORIENTED_EDGE('',*,*,#7088,.F.);
#9808=ORIENTED_EDGE('',*,*,#7089,.T.);
#9809=ORIENTED_EDGE('',*,*,#7090,.T.);
#9810=ORIENTED_EDGE('',*,*,#7091,.T.);
#9811=ORIENTED_EDGE('',*,*,#7092,.T.);
#9812=ORIENTED_EDGE('',*,*,#7079,.T.);
#9813=ORIENTED_EDGE('',*,*,#7093,.T.);
#9814=ORIENTED_EDGE('',*,*,#7094,.T.);
#9815=ORIENTED_EDGE('',*,*,#7081,.F.);
#9816=ORIENTED_EDGE('',*,*,#7095,.F.);
#9817=ORIENTED_EDGE('',*,*,#7095,.T.);
#9818=ORIENTED_EDGE('',*,*,#7088,.T.);
#9819=ORIENTED_EDGE('',*,*,#7096,.F.);
#9820=ORIENTED_EDGE('',*,*,#7097,.F.);
#9821=ORIENTED_EDGE('',*,*,#7098,.T.);
#9822=ORIENTED_EDGE('',*,*,#7099,.T.);
#9823=ORIENTED_EDGE('',*,*,#7082,.F.);
#9824=ORIENTED_EDGE('',*,*,#7094,.F.);
#9825=ORIENTED_EDGE('',*,*,#7100,.T.);
#9826=ORIENTED_EDGE('',*,*,#7096,.T.);
#9827=ORIENTED_EDGE('',*,*,#7087,.F.);
#9828=ORIENTED_EDGE('',*,*,#7101,.F.);
#9829=ORIENTED_EDGE('',*,*,#7102,.T.);
#9830=ORIENTED_EDGE('',*,*,#7103,.T.);
#9831=ORIENTED_EDGE('',*,*,#7083,.F.);
#9832=ORIENTED_EDGE('',*,*,#7099,.F.);
#9833=ORIENTED_EDGE('',*,*,#7104,.T.);
#9834=ORIENTED_EDGE('',*,*,#7101,.T.);
#9835=ORIENTED_EDGE('',*,*,#7086,.F.);
#9836=ORIENTED_EDGE('',*,*,#7105,.F.);
#9837=ORIENTED_EDGE('',*,*,#7106,.T.);
#9838=ORIENTED_EDGE('',*,*,#7107,.T.);
#9839=ORIENTED_EDGE('',*,*,#7084,.F.);
#9840=ORIENTED_EDGE('',*,*,#7103,.F.);
#9841=ORIENTED_EDGE('',*,*,#7108,.T.);
#9842=ORIENTED_EDGE('',*,*,#7105,.T.);
#9843=ORIENTED_EDGE('',*,*,#7085,.F.);
#9844=ORIENTED_EDGE('',*,*,#7107,.F.);
#9845=ORIENTED_EDGE('',*,*,#7089,.F.);
#9846=ORIENTED_EDGE('',*,*,#7109,.T.);
#9847=ORIENTED_EDGE('',*,*,#7110,.F.);
#9848=ORIENTED_EDGE('',*,*,#7109,.F.);
#9849=ORIENTED_EDGE('',*,*,#7090,.F.);
#9850=ORIENTED_EDGE('',*,*,#7111,.T.);
#9851=ORIENTED_EDGE('',*,*,#7112,.F.);
#9852=ORIENTED_EDGE('',*,*,#7111,.F.);
#9853=ORIENTED_EDGE('',*,*,#7091,.F.);
#9854=ORIENTED_EDGE('',*,*,#7113,.T.);
#9855=ORIENTED_EDGE('',*,*,#7114,.F.);
#9856=ORIENTED_EDGE('',*,*,#7113,.F.);
#9857=ORIENTED_EDGE('',*,*,#7092,.F.);
#9858=ORIENTED_EDGE('',*,*,#7115,.T.);
#9859=ORIENTED_EDGE('',*,*,#7116,.F.);
#9860=ORIENTED_EDGE('',*,*,#7115,.F.);
#9861=ORIENTED_EDGE('',*,*,#7117,.T.);
#9862=ORIENTED_EDGE('',*,*,#7118,.T.);
#9863=ORIENTED_EDGE('',*,*,#7093,.F.);
#9864=ORIENTED_EDGE('',*,*,#7119,.F.);
#9865=ORIENTED_EDGE('',*,*,#7119,.T.);
#9866=ORIENTED_EDGE('',*,*,#7097,.T.);
#9867=ORIENTED_EDGE('',*,*,#7120,.F.);
#9868=ORIENTED_EDGE('',*,*,#7121,.F.);
#9869=ORIENTED_EDGE('',*,*,#7122,.T.);
#9870=ORIENTED_EDGE('',*,*,#7123,.T.);
#9871=ORIENTED_EDGE('',*,*,#7098,.F.);
#9872=ORIENTED_EDGE('',*,*,#7118,.F.);
#9873=ORIENTED_EDGE('',*,*,#7124,.T.);
#9874=ORIENTED_EDGE('',*,*,#7125,.F.);
#9875=ORIENTED_EDGE('',*,*,#7126,.F.);
#9876=ORIENTED_EDGE('',*,*,#7127,.T.);
#9877=ORIENTED_EDGE('',*,*,#7128,.T.);
#9878=ORIENTED_EDGE('',*,*,#7129,.F.);
#9879=ORIENTED_EDGE('',*,*,#7130,.F.);
#9880=ORIENTED_EDGE('',*,*,#7131,.T.);
#9881=ORIENTED_EDGE('',*,*,#7132,.T.);
#9882=ORIENTED_EDGE('',*,*,#7120,.T.);
#9883=ORIENTED_EDGE('',*,*,#7100,.F.);
#9884=ORIENTED_EDGE('',*,*,#7133,.F.);
#9885=ORIENTED_EDGE('',*,*,#7134,.T.);
#9886=ORIENTED_EDGE('',*,*,#7135,.F.);
#9887=ORIENTED_EDGE('',*,*,#7136,.T.);
#9888=ORIENTED_EDGE('',*,*,#7137,.T.);
#9889=ORIENTED_EDGE('',*,*,#7138,.T.);
#9890=ORIENTED_EDGE('',*,*,#7139,.F.);
#9891=ORIENTED_EDGE('',*,*,#7140,.T.);
#9892=ORIENTED_EDGE('',*,*,#7141,.T.);
#9893=ORIENTED_EDGE('',*,*,#7142,.T.);
#9894=ORIENTED_EDGE('',*,*,#7143,.T.);
#9895=ORIENTED_EDGE('',*,*,#7102,.F.);
#9896=ORIENTED_EDGE('',*,*,#7123,.F.);
#9897=ORIENTED_EDGE('',*,*,#7144,.T.);
#9898=ORIENTED_EDGE('',*,*,#7133,.T.);
#9899=ORIENTED_EDGE('',*,*,#7104,.F.);
#9900=ORIENTED_EDGE('',*,*,#7145,.F.);
#9901=ORIENTED_EDGE('',*,*,#7146,.T.);
#9902=ORIENTED_EDGE('',*,*,#7147,.T.);
#9903=ORIENTED_EDGE('',*,*,#7106,.F.);
#9904=ORIENTED_EDGE('',*,*,#7143,.F.);
#9905=ORIENTED_EDGE('',*,*,#7148,.T.);
#9906=ORIENTED_EDGE('',*,*,#7145,.T.);
#9907=ORIENTED_EDGE('',*,*,#7108,.F.);
#9908=ORIENTED_EDGE('',*,*,#7147,.F.);
#9909=ORIENTED_EDGE('',*,*,#7110,.T.);
#9910=ORIENTED_EDGE('',*,*,#7112,.T.);
#9911=ORIENTED_EDGE('',*,*,#7149,.T.);
#9912=ORIENTED_EDGE('',*,*,#7150,.F.);
#9913=ORIENTED_EDGE('',*,*,#7149,.F.);
#9914=ORIENTED_EDGE('',*,*,#7114,.T.);
#9915=ORIENTED_EDGE('',*,*,#7116,.T.);
#9916=ORIENTED_EDGE('',*,*,#7117,.F.);
#9917=ORIENTED_EDGE('',*,*,#7121,.T.);
#9918=ORIENTED_EDGE('',*,*,#7132,.F.);
#9919=ORIENTED_EDGE('',*,*,#7151,.F.);
#9920=ORIENTED_EDGE('',*,*,#7128,.F.);
#9921=ORIENTED_EDGE('',*,*,#7152,.F.);
#9922=ORIENTED_EDGE('',*,*,#7124,.F.);
#9923=ORIENTED_EDGE('',*,*,#7144,.F.);
#9924=ORIENTED_EDGE('',*,*,#7148,.F.);
#9925=ORIENTED_EDGE('',*,*,#7146,.F.);
#9926=ORIENTED_EDGE('',*,*,#7142,.F.);
#9927=ORIENTED_EDGE('',*,*,#7153,.F.);
#9928=ORIENTED_EDGE('',*,*,#7138,.F.);
#9929=ORIENTED_EDGE('',*,*,#7154,.F.);
#9930=ORIENTED_EDGE('',*,*,#7134,.F.);
#9931=ORIENTED_EDGE('',*,*,#7122,.F.);
#9932=ORIENTED_EDGE('',*,*,#7155,.F.);
#9933=ORIENTED_EDGE('',*,*,#7156,.T.);
#9934=ORIENTED_EDGE('',*,*,#7157,.T.);
#9935=ORIENTED_EDGE('',*,*,#7158,.T.);
#9936=ORIENTED_EDGE('',*,*,#7159,.T.);
#9937=ORIENTED_EDGE('',*,*,#7125,.T.);
#9938=ORIENTED_EDGE('',*,*,#7160,.T.);
#9939=ORIENTED_EDGE('',*,*,#7161,.T.);
#9940=ORIENTED_EDGE('',*,*,#7162,.F.);
#9941=ORIENTED_EDGE('',*,*,#7163,.T.);
#9942=ORIENTED_EDGE('',*,*,#7164,.F.);
#9943=ORIENTED_EDGE('',*,*,#7165,.T.);
#9944=ORIENTED_EDGE('',*,*,#7166,.T.);
#9945=ORIENTED_EDGE('',*,*,#7167,.T.);
#9946=ORIENTED_EDGE('',*,*,#7168,.T.);
#9947=ORIENTED_EDGE('',*,*,#7169,.T.);
#9948=ORIENTED_EDGE('',*,*,#7170,.F.);
#9949=ORIENTED_EDGE('',*,*,#7171,.F.);
#9950=ORIENTED_EDGE('',*,*,#7172,.T.);
#9951=ORIENTED_EDGE('',*,*,#7126,.T.);
#9952=ORIENTED_EDGE('',*,*,#7159,.F.);
#9953=ORIENTED_EDGE('',*,*,#7173,.F.);
#9954=ORIENTED_EDGE('',*,*,#7174,.T.);
#9955=ORIENTED_EDGE('',*,*,#7175,.T.);
#9956=ORIENTED_EDGE('',*,*,#7176,.T.);
#9957=ORIENTED_EDGE('',*,*,#7177,.F.);
#9958=ORIENTED_EDGE('',*,*,#7178,.F.);
#9959=ORIENTED_EDGE('',*,*,#7179,.F.);
#9960=ORIENTED_EDGE('',*,*,#7180,.F.);
#9961=ORIENTED_EDGE('',*,*,#7181,.F.);
#9962=ORIENTED_EDGE('',*,*,#7182,.T.);
#9963=ORIENTED_EDGE('',*,*,#7183,.F.);
#9964=ORIENTED_EDGE('',*,*,#7184,.T.);
#9965=ORIENTED_EDGE('',*,*,#7185,.F.);
#9966=ORIENTED_EDGE('',*,*,#7186,.F.);
#9967=ORIENTED_EDGE('',*,*,#7127,.F.);
#9968=ORIENTED_EDGE('',*,*,#7172,.F.);
#9969=ORIENTED_EDGE('',*,*,#7187,.F.);
#9970=ORIENTED_EDGE('',*,*,#7188,.F.);
#9971=ORIENTED_EDGE('',*,*,#7189,.F.);
#9972=ORIENTED_EDGE('',*,*,#7190,.T.);
#9973=ORIENTED_EDGE('',*,*,#7191,.T.);
#9974=ORIENTED_EDGE('',*,*,#7192,.T.);
#9975=ORIENTED_EDGE('',*,*,#7193,.F.);
#9976=ORIENTED_EDGE('',*,*,#7194,.F.);
#9977=ORIENTED_EDGE('',*,*,#7195,.F.);
#9978=ORIENTED_EDGE('',*,*,#7196,.F.);
#9979=ORIENTED_EDGE('',*,*,#7197,.F.);
#9980=ORIENTED_EDGE('',*,*,#7198,.T.);
#9981=ORIENTED_EDGE('',*,*,#7199,.F.);
#9982=ORIENTED_EDGE('',*,*,#7200,.T.);
#9983=ORIENTED_EDGE('',*,*,#7201,.F.);
#9984=ORIENTED_EDGE('',*,*,#7202,.F.);
#9985=ORIENTED_EDGE('',*,*,#7131,.F.);
#9986=ORIENTED_EDGE('',*,*,#7203,.F.);
#9987=ORIENTED_EDGE('',*,*,#7204,.F.);
#9988=ORIENTED_EDGE('',*,*,#7205,.F.);
#9989=ORIENTED_EDGE('',*,*,#7206,.F.);
#9990=ORIENTED_EDGE('',*,*,#7207,.F.);
#9991=ORIENTED_EDGE('',*,*,#7208,.T.);
#9992=ORIENTED_EDGE('',*,*,#7209,.T.);
#9993=ORIENTED_EDGE('',*,*,#7210,.T.);
#9994=ORIENTED_EDGE('',*,*,#7211,.T.);
#9995=ORIENTED_EDGE('',*,*,#7129,.T.);
#9996=ORIENTED_EDGE('',*,*,#7212,.T.);
#9997=ORIENTED_EDGE('',*,*,#7213,.T.);
#9998=ORIENTED_EDGE('',*,*,#7214,.F.);
#9999=ORIENTED_EDGE('',*,*,#7215,.T.);
#10000=ORIENTED_EDGE('',*,*,#7216,.F.);
#10001=ORIENTED_EDGE('',*,*,#7217,.T.);
#10002=ORIENTED_EDGE('',*,*,#7218,.T.);
#10003=ORIENTED_EDGE('',*,*,#7219,.T.);
#10004=ORIENTED_EDGE('',*,*,#7220,.T.);
#10005=ORIENTED_EDGE('',*,*,#7221,.T.);
#10006=ORIENTED_EDGE('',*,*,#7222,.F.);
#10007=ORIENTED_EDGE('',*,*,#7223,.F.);
#10008=ORIENTED_EDGE('',*,*,#7203,.T.);
#10009=ORIENTED_EDGE('',*,*,#7130,.T.);
#10010=ORIENTED_EDGE('',*,*,#7211,.F.);
#10011=ORIENTED_EDGE('',*,*,#7224,.F.);
#10012=ORIENTED_EDGE('',*,*,#7225,.F.);
#10013=ORIENTED_EDGE('',*,*,#7226,.T.);
#10014=ORIENTED_EDGE('',*,*,#7227,.T.);
#10015=ORIENTED_EDGE('',*,*,#7228,.T.);
#10016=ORIENTED_EDGE('',*,*,#7229,.T.);
#10017=ORIENTED_EDGE('',*,*,#7135,.T.);
#10018=ORIENTED_EDGE('',*,*,#7230,.T.);
#10019=ORIENTED_EDGE('',*,*,#7231,.T.);
#10020=ORIENTED_EDGE('',*,*,#7232,.F.);
#10021=ORIENTED_EDGE('',*,*,#7233,.T.);
#10022=ORIENTED_EDGE('',*,*,#7234,.F.);
#10023=ORIENTED_EDGE('',*,*,#7235,.T.);
#10024=ORIENTED_EDGE('',*,*,#7236,.T.);
#10025=ORIENTED_EDGE('',*,*,#7237,.T.);
#10026=ORIENTED_EDGE('',*,*,#7238,.T.);
#10027=ORIENTED_EDGE('',*,*,#7239,.T.);
#10028=ORIENTED_EDGE('',*,*,#7240,.F.);
#10029=ORIENTED_EDGE('',*,*,#7241,.F.);
#10030=ORIENTED_EDGE('',*,*,#7229,.F.);
#10031=ORIENTED_EDGE('',*,*,#7242,.T.);
#10032=ORIENTED_EDGE('',*,*,#7243,.T.);
#10033=ORIENTED_EDGE('',*,*,#7136,.F.);
#10034=ORIENTED_EDGE('',*,*,#7244,.T.);
#10035=ORIENTED_EDGE('',*,*,#7245,.T.);
#10036=ORIENTED_EDGE('',*,*,#7246,.T.);
#10037=ORIENTED_EDGE('',*,*,#7247,.F.);
#10038=ORIENTED_EDGE('',*,*,#7248,.F.);
#10039=ORIENTED_EDGE('',*,*,#7249,.F.);
#10040=ORIENTED_EDGE('',*,*,#7250,.F.);
#10041=ORIENTED_EDGE('',*,*,#7251,.F.);
#10042=ORIENTED_EDGE('',*,*,#7252,.T.);
#10043=ORIENTED_EDGE('',*,*,#7253,.F.);
#10044=ORIENTED_EDGE('',*,*,#7254,.T.);
#10045=ORIENTED_EDGE('',*,*,#7255,.F.);
#10046=ORIENTED_EDGE('',*,*,#7256,.F.);
#10047=ORIENTED_EDGE('',*,*,#7137,.F.);
#10048=ORIENTED_EDGE('',*,*,#7243,.F.);
#10049=ORIENTED_EDGE('',*,*,#7257,.F.);
#10050=ORIENTED_EDGE('',*,*,#7258,.F.);
#10051=ORIENTED_EDGE('',*,*,#7259,.F.);
#10052=ORIENTED_EDGE('',*,*,#7260,.T.);
#10053=ORIENTED_EDGE('',*,*,#7261,.T.);
#10054=ORIENTED_EDGE('',*,*,#7262,.T.);
#10055=ORIENTED_EDGE('',*,*,#7263,.F.);
#10056=ORIENTED_EDGE('',*,*,#7264,.F.);
#10057=ORIENTED_EDGE('',*,*,#7265,.F.);
#10058=ORIENTED_EDGE('',*,*,#7266,.F.);
#10059=ORIENTED_EDGE('',*,*,#7267,.F.);
#10060=ORIENTED_EDGE('',*,*,#7268,.T.);
#10061=ORIENTED_EDGE('',*,*,#7269,.F.);
#10062=ORIENTED_EDGE('',*,*,#7270,.T.);
#10063=ORIENTED_EDGE('',*,*,#7271,.F.);
#10064=ORIENTED_EDGE('',*,*,#7272,.F.);
#10065=ORIENTED_EDGE('',*,*,#7141,.F.);
#10066=ORIENTED_EDGE('',*,*,#7273,.F.);
#10067=ORIENTED_EDGE('',*,*,#7274,.F.);
#10068=ORIENTED_EDGE('',*,*,#7275,.F.);
#10069=ORIENTED_EDGE('',*,*,#7276,.F.);
#10070=ORIENTED_EDGE('',*,*,#7277,.F.);
#10071=ORIENTED_EDGE('',*,*,#7278,.T.);
#10072=ORIENTED_EDGE('',*,*,#7279,.T.);
#10073=ORIENTED_EDGE('',*,*,#7280,.T.);
#10074=ORIENTED_EDGE('',*,*,#7281,.T.);
#10075=ORIENTED_EDGE('',*,*,#7139,.T.);
#10076=ORIENTED_EDGE('',*,*,#7282,.T.);
#10077=ORIENTED_EDGE('',*,*,#7283,.T.);
#10078=ORIENTED_EDGE('',*,*,#7284,.F.);
#10079=ORIENTED_EDGE('',*,*,#7285,.T.);
#10080=ORIENTED_EDGE('',*,*,#7286,.F.);
#10081=ORIENTED_EDGE('',*,*,#7287,.T.);
#10082=ORIENTED_EDGE('',*,*,#7288,.T.);
#10083=ORIENTED_EDGE('',*,*,#7289,.T.);
#10084=ORIENTED_EDGE('',*,*,#7290,.T.);
#10085=ORIENTED_EDGE('',*,*,#7291,.T.);
#10086=ORIENTED_EDGE('',*,*,#7292,.F.);
#10087=ORIENTED_EDGE('',*,*,#7293,.F.);
#10088=ORIENTED_EDGE('',*,*,#7281,.F.);
#10089=ORIENTED_EDGE('',*,*,#7294,.T.);
#10090=ORIENTED_EDGE('',*,*,#7273,.T.);
#10091=ORIENTED_EDGE('',*,*,#7140,.F.);
#10092=ORIENTED_EDGE('',*,*,#7150,.T.);
#10093=ORIENTED_EDGE('',*,*,#7202,.T.);
#10094=ORIENTED_EDGE('',*,*,#7295,.T.);
#10095=ORIENTED_EDGE('',*,*,#7212,.F.);
#10096=ORIENTED_EDGE('',*,*,#7151,.T.);
#10097=ORIENTED_EDGE('',*,*,#7230,.F.);
#10098=ORIENTED_EDGE('',*,*,#7154,.T.);
#10099=ORIENTED_EDGE('',*,*,#7256,.T.);
#10100=ORIENTED_EDGE('',*,*,#7296,.F.);
#10101=ORIENTED_EDGE('',*,*,#7186,.T.);
#10102=ORIENTED_EDGE('',*,*,#7297,.T.);
#10103=ORIENTED_EDGE('',*,*,#7160,.F.);
#10104=ORIENTED_EDGE('',*,*,#7152,.T.);
#10105=ORIENTED_EDGE('',*,*,#7282,.F.);
#10106=ORIENTED_EDGE('',*,*,#7153,.T.);
#10107=ORIENTED_EDGE('',*,*,#7272,.T.);
#10108=ORIENTED_EDGE('',*,*,#7298,.F.);
#10109=ORIENTED_EDGE('',*,*,#7174,.F.);
#10110=ORIENTED_EDGE('',*,*,#7299,.T.);
#10111=ORIENTED_EDGE('',*,*,#7155,.T.);
#10112=ORIENTED_EDGE('',*,*,#7300,.F.);
#10113=ORIENTED_EDGE('',*,*,#7299,.F.);
#10114=ORIENTED_EDGE('',*,*,#7189,.T.);
#10115=ORIENTED_EDGE('',*,*,#7301,.T.);
#10116=ORIENTED_EDGE('',*,*,#7156,.F.);
#10117=ORIENTED_EDGE('',*,*,#7300,.T.);
#10118=ORIENTED_EDGE('',*,*,#7171,.T.);
#10119=ORIENTED_EDGE('',*,*,#7302,.F.);
#10120=ORIENTED_EDGE('',*,*,#7175,.F.);
#10121=ORIENTED_EDGE('',*,*,#7188,.T.);
#10122=ORIENTED_EDGE('',*,*,#7303,.T.);
#10123=ORIENTED_EDGE('',*,*,#7157,.F.);
#10124=ORIENTED_EDGE('',*,*,#7301,.F.);
#10125=ORIENTED_EDGE('',*,*,#7176,.F.);
#10126=ORIENTED_EDGE('',*,*,#7302,.T.);
#10127=ORIENTED_EDGE('',*,*,#7170,.T.);
#10128=ORIENTED_EDGE('',*,*,#7304,.F.);
#10129=ORIENTED_EDGE('',*,*,#7187,.T.);
#10130=ORIENTED_EDGE('',*,*,#7173,.T.);
#10131=ORIENTED_EDGE('',*,*,#7158,.F.);
#10132=ORIENTED_EDGE('',*,*,#7303,.F.);
#10133=ORIENTED_EDGE('',*,*,#7305,.F.);
#10134=ORIENTED_EDGE('',*,*,#7177,.T.);
#10135=ORIENTED_EDGE('',*,*,#7304,.T.);
#10136=ORIENTED_EDGE('',*,*,#7169,.F.);
#10137=ORIENTED_EDGE('',*,*,#7178,.T.);
#10138=ORIENTED_EDGE('',*,*,#7305,.T.);
#10139=ORIENTED_EDGE('',*,*,#7168,.F.);
#10140=ORIENTED_EDGE('',*,*,#7306,.F.);
#10141=ORIENTED_EDGE('',*,*,#7307,.F.);
#10142=ORIENTED_EDGE('',*,*,#7179,.T.);
#10143=ORIENTED_EDGE('',*,*,#7306,.T.);
#10144=ORIENTED_EDGE('',*,*,#7167,.F.);
#10145=ORIENTED_EDGE('',*,*,#7180,.T.);
#10146=ORIENTED_EDGE('',*,*,#7307,.T.);
#10147=ORIENTED_EDGE('',*,*,#7166,.F.);
#10148=ORIENTED_EDGE('',*,*,#7308,.F.);
#10149=ORIENTED_EDGE('',*,*,#7185,.T.);
#10150=ORIENTED_EDGE('',*,*,#7309,.T.);
#10151=ORIENTED_EDGE('',*,*,#7161,.F.);
#10152=ORIENTED_EDGE('',*,*,#7297,.F.);
#10153=ORIENTED_EDGE('',*,*,#7181,.T.);
#10154=ORIENTED_EDGE('',*,*,#7308,.T.);
#10155=ORIENTED_EDGE('',*,*,#7165,.F.);
#10156=ORIENTED_EDGE('',*,*,#7310,.F.);
#10157=ORIENTED_EDGE('',*,*,#7184,.F.);
#10158=ORIENTED_EDGE('',*,*,#7311,.T.);
#10159=ORIENTED_EDGE('',*,*,#7162,.T.);
#10160=ORIENTED_EDGE('',*,*,#7309,.F.);
#10161=ORIENTED_EDGE('',*,*,#7182,.F.);
#10162=ORIENTED_EDGE('',*,*,#7310,.T.);
#10163=ORIENTED_EDGE('',*,*,#7164,.T.);
#10164=ORIENTED_EDGE('',*,*,#7312,.F.);
#10165=ORIENTED_EDGE('',*,*,#7311,.F.);
#10166=ORIENTED_EDGE('',*,*,#7183,.T.);
#10167=ORIENTED_EDGE('',*,*,#7312,.T.);
#10168=ORIENTED_EDGE('',*,*,#7163,.F.);
#10169=ORIENTED_EDGE('',*,*,#7190,.F.);
#10170=ORIENTED_EDGE('',*,*,#7313,.T.);
#10171=ORIENTED_EDGE('',*,*,#7207,.T.);
#10172=ORIENTED_EDGE('',*,*,#7314,.F.);
#10173=ORIENTED_EDGE('',*,*,#7313,.F.);
#10174=ORIENTED_EDGE('',*,*,#7206,.T.);
#10175=ORIENTED_EDGE('',*,*,#7315,.T.);
#10176=ORIENTED_EDGE('',*,*,#7208,.F.);
#10177=ORIENTED_EDGE('',*,*,#7314,.T.);
#10178=ORIENTED_EDGE('',*,*,#7223,.T.);
#10179=ORIENTED_EDGE('',*,*,#7316,.F.);
#10180=ORIENTED_EDGE('',*,*,#7191,.F.);
#10181=ORIENTED_EDGE('',*,*,#7205,.T.);
#10182=ORIENTED_EDGE('',*,*,#7317,.T.);
#10183=ORIENTED_EDGE('',*,*,#7209,.F.);
#10184=ORIENTED_EDGE('',*,*,#7315,.F.);
#10185=ORIENTED_EDGE('',*,*,#7192,.F.);
#10186=ORIENTED_EDGE('',*,*,#7316,.T.);
#10187=ORIENTED_EDGE('',*,*,#7222,.T.);
#10188=ORIENTED_EDGE('',*,*,#7318,.F.);
#10189=ORIENTED_EDGE('',*,*,#7204,.T.);
#10190=ORIENTED_EDGE('',*,*,#7224,.T.);
#10191=ORIENTED_EDGE('',*,*,#7210,.F.);
#10192=ORIENTED_EDGE('',*,*,#7317,.F.);
#10193=ORIENTED_EDGE('',*,*,#7319,.F.);
#10194=ORIENTED_EDGE('',*,*,#7193,.T.);
#10195=ORIENTED_EDGE('',*,*,#7318,.T.);
#10196=ORIENTED_EDGE('',*,*,#7221,.F.);
#10197=ORIENTED_EDGE('',*,*,#7194,.T.);
#10198=ORIENTED_EDGE('',*,*,#7319,.T.);
#10199=ORIENTED_EDGE('',*,*,#7220,.F.);
#10200=ORIENTED_EDGE('',*,*,#7320,.F.);
#10201=ORIENTED_EDGE('',*,*,#7321,.F.);
#10202=ORIENTED_EDGE('',*,*,#7195,.T.);
#10203=ORIENTED_EDGE('',*,*,#7320,.T.);
#10204=ORIENTED_EDGE('',*,*,#7219,.F.);
#10205=ORIENTED_EDGE('',*,*,#7196,.T.);
#10206=ORIENTED_EDGE('',*,*,#7321,.T.);
#10207=ORIENTED_EDGE('',*,*,#7218,.F.);
#10208=ORIENTED_EDGE('',*,*,#7322,.F.);
#10209=ORIENTED_EDGE('',*,*,#7201,.T.);
#10210=ORIENTED_EDGE('',*,*,#7323,.T.);
#10211=ORIENTED_EDGE('',*,*,#7213,.F.);
#10212=ORIENTED_EDGE('',*,*,#7295,.F.);
#10213=ORIENTED_EDGE('',*,*,#7197,.T.);
#10214=ORIENTED_EDGE('',*,*,#7322,.T.);
#10215=ORIENTED_EDGE('',*,*,#7217,.F.);
#10216=ORIENTED_EDGE('',*,*,#7324,.F.);
#10217=ORIENTED_EDGE('',*,*,#7200,.F.);
#10218=ORIENTED_EDGE('',*,*,#7325,.T.);
#10219=ORIENTED_EDGE('',*,*,#7214,.T.);
#10220=ORIENTED_EDGE('',*,*,#7323,.F.);
#10221=ORIENTED_EDGE('',*,*,#7198,.F.);
#10222=ORIENTED_EDGE('',*,*,#7324,.T.);
#10223=ORIENTED_EDGE('',*,*,#7216,.T.);
#10224=ORIENTED_EDGE('',*,*,#7326,.F.);
#10225=ORIENTED_EDGE('',*,*,#7325,.F.);
#10226=ORIENTED_EDGE('',*,*,#7199,.T.);
#10227=ORIENTED_EDGE('',*,*,#7326,.T.);
#10228=ORIENTED_EDGE('',*,*,#7215,.F.);
#10229=ORIENTED_EDGE('',*,*,#7225,.T.);
#10230=ORIENTED_EDGE('',*,*,#7327,.T.);
#10231=ORIENTED_EDGE('',*,*,#7244,.F.);
#10232=ORIENTED_EDGE('',*,*,#7328,.F.);
#10233=ORIENTED_EDGE('',*,*,#7226,.F.);
#10234=ORIENTED_EDGE('',*,*,#7328,.T.);
#10235=ORIENTED_EDGE('',*,*,#7259,.T.);
#10236=ORIENTED_EDGE('',*,*,#7329,.F.);
#10237=ORIENTED_EDGE('',*,*,#7241,.T.);
#10238=ORIENTED_EDGE('',*,*,#7330,.T.);
#10239=ORIENTED_EDGE('',*,*,#7245,.F.);
#10240=ORIENTED_EDGE('',*,*,#7327,.F.);
#10241=ORIENTED_EDGE('',*,*,#7227,.F.);
#10242=ORIENTED_EDGE('',*,*,#7329,.T.);
#10243=ORIENTED_EDGE('',*,*,#7258,.T.);
#10244=ORIENTED_EDGE('',*,*,#7331,.F.);
#10245=ORIENTED_EDGE('',*,*,#7240,.T.);
#10246=ORIENTED_EDGE('',*,*,#7332,.T.);
#10247=ORIENTED_EDGE('',*,*,#7246,.F.);
#10248=ORIENTED_EDGE('',*,*,#7330,.F.);
#10249=ORIENTED_EDGE('',*,*,#7331,.T.);
#10250=ORIENTED_EDGE('',*,*,#7257,.T.);
#10251=ORIENTED_EDGE('',*,*,#7242,.F.);
#10252=ORIENTED_EDGE('',*,*,#7228,.F.);
#10253=ORIENTED_EDGE('',*,*,#7239,.F.);
#10254=ORIENTED_EDGE('',*,*,#7333,.T.);
#10255=ORIENTED_EDGE('',*,*,#7247,.T.);
#10256=ORIENTED_EDGE('',*,*,#7332,.F.);
#10257=ORIENTED_EDGE('',*,*,#7238,.F.);
#10258=ORIENTED_EDGE('',*,*,#7334,.T.);
#10259=ORIENTED_EDGE('',*,*,#7248,.T.);
#10260=ORIENTED_EDGE('',*,*,#7333,.F.);
#10261=ORIENTED_EDGE('',*,*,#7335,.T.);
#10262=ORIENTED_EDGE('',*,*,#7249,.T.);
#10263=ORIENTED_EDGE('',*,*,#7334,.F.);
#10264=ORIENTED_EDGE('',*,*,#7237,.F.);
#10265=ORIENTED_EDGE('',*,*,#7236,.F.);
#10266=ORIENTED_EDGE('',*,*,#7336,.T.);
#10267=ORIENTED_EDGE('',*,*,#7250,.T.);
#10268=ORIENTED_EDGE('',*,*,#7335,.F.);
#10269=ORIENTED_EDGE('',*,*,#7296,.T.);
#10270=ORIENTED_EDGE('',*,*,#7255,.T.);
#10271=ORIENTED_EDGE('',*,*,#7337,.F.);
#10272=ORIENTED_EDGE('',*,*,#7231,.F.);
#10273=ORIENTED_EDGE('',*,*,#7338,.T.);
#10274=ORIENTED_EDGE('',*,*,#7251,.T.);
#10275=ORIENTED_EDGE('',*,*,#7336,.F.);
#10276=ORIENTED_EDGE('',*,*,#7235,.F.);
#10277=ORIENTED_EDGE('',*,*,#7232,.T.);
#10278=ORIENTED_EDGE('',*,*,#7337,.T.);
#10279=ORIENTED_EDGE('',*,*,#7254,.F.);
#10280=ORIENTED_EDGE('',*,*,#7339,.F.);
#10281=ORIENTED_EDGE('',*,*,#7234,.T.);
#10282=ORIENTED_EDGE('',*,*,#7340,.T.);
#10283=ORIENTED_EDGE('',*,*,#7252,.F.);
#10284=ORIENTED_EDGE('',*,*,#7338,.F.);
#10285=ORIENTED_EDGE('',*,*,#7233,.F.);
#10286=ORIENTED_EDGE('',*,*,#7339,.T.);
#10287=ORIENTED_EDGE('',*,*,#7253,.T.);
#10288=ORIENTED_EDGE('',*,*,#7340,.F.);
#10289=ORIENTED_EDGE('',*,*,#7277,.T.);
#10290=ORIENTED_EDGE('',*,*,#7341,.T.);
#10291=ORIENTED_EDGE('',*,*,#7260,.F.);
#10292=ORIENTED_EDGE('',*,*,#7342,.F.);
#10293=ORIENTED_EDGE('',*,*,#7278,.F.);
#10294=ORIENTED_EDGE('',*,*,#7342,.T.);
#10295=ORIENTED_EDGE('',*,*,#7276,.T.);
#10296=ORIENTED_EDGE('',*,*,#7343,.F.);
#10297=ORIENTED_EDGE('',*,*,#7293,.T.);
#10298=ORIENTED_EDGE('',*,*,#7344,.T.);
#10299=ORIENTED_EDGE('',*,*,#7261,.F.);
#10300=ORIENTED_EDGE('',*,*,#7341,.F.);
#10301=ORIENTED_EDGE('',*,*,#7279,.F.);
#10302=ORIENTED_EDGE('',*,*,#7343,.T.);
#10303=ORIENTED_EDGE('',*,*,#7275,.T.);
#10304=ORIENTED_EDGE('',*,*,#7345,.F.);
#10305=ORIENTED_EDGE('',*,*,#7292,.T.);
#10306=ORIENTED_EDGE('',*,*,#7346,.T.);
#10307=ORIENTED_EDGE('',*,*,#7262,.F.);
#10308=ORIENTED_EDGE('',*,*,#7344,.F.);
#10309=ORIENTED_EDGE('',*,*,#7345,.T.);
#10310=ORIENTED_EDGE('',*,*,#7274,.T.);
#10311=ORIENTED_EDGE('',*,*,#7294,.F.);
#10312=ORIENTED_EDGE('',*,*,#7280,.F.);
#10313=ORIENTED_EDGE('',*,*,#7291,.F.);
#10314=ORIENTED_EDGE('',*,*,#7347,.T.);
#10315=ORIENTED_EDGE('',*,*,#7263,.T.);
#10316=ORIENTED_EDGE('',*,*,#7346,.F.);
#10317=ORIENTED_EDGE('',*,*,#7290,.F.);
#10318=ORIENTED_EDGE('',*,*,#7348,.T.);
#10319=ORIENTED_EDGE('',*,*,#7264,.T.);
#10320=ORIENTED_EDGE('',*,*,#7347,.F.);
#10321=ORIENTED_EDGE('',*,*,#7349,.T.);
#10322=ORIENTED_EDGE('',*,*,#7265,.T.);
#10323=ORIENTED_EDGE('',*,*,#7348,.F.);
#10324=ORIENTED_EDGE('',*,*,#7289,.F.);
#10325=ORIENTED_EDGE('',*,*,#7288,.F.);
#10326=ORIENTED_EDGE('',*,*,#7350,.T.);
#10327=ORIENTED_EDGE('',*,*,#7266,.T.);
#10328=ORIENTED_EDGE('',*,*,#7349,.F.);
#10329=ORIENTED_EDGE('',*,*,#7298,.T.);
#10330=ORIENTED_EDGE('',*,*,#7271,.T.);
#10331=ORIENTED_EDGE('',*,*,#7351,.F.);
#10332=ORIENTED_EDGE('',*,*,#7283,.F.);
#10333=ORIENTED_EDGE('',*,*,#7352,.T.);
#10334=ORIENTED_EDGE('',*,*,#7267,.T.);
#10335=ORIENTED_EDGE('',*,*,#7350,.F.);
#10336=ORIENTED_EDGE('',*,*,#7287,.F.);
#10337=ORIENTED_EDGE('',*,*,#7284,.T.);
#10338=ORIENTED_EDGE('',*,*,#7351,.T.);
#10339=ORIENTED_EDGE('',*,*,#7270,.F.);
#10340=ORIENTED_EDGE('',*,*,#7353,.F.);
#10341=ORIENTED_EDGE('',*,*,#7286,.T.);
#10342=ORIENTED_EDGE('',*,*,#7354,.T.);
#10343=ORIENTED_EDGE('',*,*,#7268,.F.);
#10344=ORIENTED_EDGE('',*,*,#7352,.F.);
#10345=ORIENTED_EDGE('',*,*,#7285,.F.);
#10346=ORIENTED_EDGE('',*,*,#7353,.T.);
#10347=ORIENTED_EDGE('',*,*,#7269,.T.);
#10348=ORIENTED_EDGE('',*,*,#7354,.F.);
#10349=ORIENTED_EDGE('',*,*,#7355,.F.);
#10350=ORIENTED_EDGE('',*,*,#7356,.F.);
#10351=ORIENTED_EDGE('',*,*,#7357,.F.);
#10352=ORIENTED_EDGE('',*,*,#7358,.T.);
#10353=ORIENTED_EDGE('',*,*,#7359,.F.);
#10354=ORIENTED_EDGE('',*,*,#7360,.F.);
#10355=ORIENTED_EDGE('',*,*,#7361,.F.);
#10356=ORIENTED_EDGE('',*,*,#7356,.T.);
#10357=ORIENTED_EDGE('',*,*,#7362,.F.);
#10358=ORIENTED_EDGE('',*,*,#7363,.F.);
#10359=ORIENTED_EDGE('',*,*,#7364,.F.);
#10360=ORIENTED_EDGE('',*,*,#7360,.T.);
#10361=ORIENTED_EDGE('',*,*,#7365,.F.);
#10362=ORIENTED_EDGE('',*,*,#7366,.F.);
#10363=ORIENTED_EDGE('',*,*,#7367,.F.);
#10364=ORIENTED_EDGE('',*,*,#7363,.T.);
#10365=ORIENTED_EDGE('',*,*,#7368,.F.);
#10366=ORIENTED_EDGE('',*,*,#7369,.F.);
#10367=ORIENTED_EDGE('',*,*,#7370,.F.);
#10368=ORIENTED_EDGE('',*,*,#7366,.T.);
#10369=ORIENTED_EDGE('',*,*,#7371,.F.);
#10370=ORIENTED_EDGE('',*,*,#7372,.F.);
#10371=ORIENTED_EDGE('',*,*,#7373,.F.);
#10372=ORIENTED_EDGE('',*,*,#7369,.T.);
#10373=ORIENTED_EDGE('',*,*,#7374,.F.);
#10374=ORIENTED_EDGE('',*,*,#7375,.F.);
#10375=ORIENTED_EDGE('',*,*,#7376,.F.);
#10376=ORIENTED_EDGE('',*,*,#7372,.T.);
#10377=ORIENTED_EDGE('',*,*,#7377,.F.);
#10378=ORIENTED_EDGE('',*,*,#7378,.F.);
#10379=ORIENTED_EDGE('',*,*,#7379,.F.);
#10380=ORIENTED_EDGE('',*,*,#7375,.T.);
#10381=ORIENTED_EDGE('',*,*,#7380,.F.);
#10382=ORIENTED_EDGE('',*,*,#7381,.F.);
#10383=ORIENTED_EDGE('',*,*,#7382,.F.);
#10384=ORIENTED_EDGE('',*,*,#7378,.T.);
#10385=ORIENTED_EDGE('',*,*,#7383,.F.);
#10386=ORIENTED_EDGE('',*,*,#7358,.F.);
#10387=ORIENTED_EDGE('',*,*,#7384,.F.);
#10388=ORIENTED_EDGE('',*,*,#7381,.T.);
#10389=ORIENTED_EDGE('',*,*,#7368,.T.);
#10390=ORIENTED_EDGE('',*,*,#7365,.T.);
#10391=ORIENTED_EDGE('',*,*,#7362,.T.);
#10392=ORIENTED_EDGE('',*,*,#7359,.T.);
#10393=ORIENTED_EDGE('',*,*,#7355,.T.);
#10394=ORIENTED_EDGE('',*,*,#7383,.T.);
#10395=ORIENTED_EDGE('',*,*,#7380,.T.);
#10396=ORIENTED_EDGE('',*,*,#7377,.T.);
#10397=ORIENTED_EDGE('',*,*,#7374,.T.);
#10398=ORIENTED_EDGE('',*,*,#7371,.T.);
#10399=ORIENTED_EDGE('',*,*,#7385,.F.);
#10400=ORIENTED_EDGE('',*,*,#7386,.F.);
#10401=ORIENTED_EDGE('',*,*,#7387,.F.);
#10402=ORIENTED_EDGE('',*,*,#7388,.F.);
#10403=ORIENTED_EDGE('',*,*,#7389,.F.);
#10404=ORIENTED_EDGE('',*,*,#7390,.F.);
#10405=ORIENTED_EDGE('',*,*,#7391,.F.);
#10406=ORIENTED_EDGE('',*,*,#7392,.F.);
#10407=ORIENTED_EDGE('',*,*,#7393,.F.);
#10408=ORIENTED_EDGE('',*,*,#7394,.F.);
#10409=ORIENTED_EDGE('',*,*,#7385,.T.);
#10410=ORIENTED_EDGE('',*,*,#7395,.T.);
#10411=ORIENTED_EDGE('',*,*,#7396,.F.);
#10412=ORIENTED_EDGE('',*,*,#7397,.F.);
#10413=ORIENTED_EDGE('',*,*,#7394,.T.);
#10414=ORIENTED_EDGE('',*,*,#7398,.T.);
#10415=ORIENTED_EDGE('',*,*,#7399,.F.);
#10416=ORIENTED_EDGE('',*,*,#7395,.F.);
#10417=ORIENTED_EDGE('',*,*,#7393,.T.);
#10418=ORIENTED_EDGE('',*,*,#7400,.T.);
#10419=ORIENTED_EDGE('',*,*,#7401,.F.);
#10420=ORIENTED_EDGE('',*,*,#7398,.F.);
#10421=ORIENTED_EDGE('',*,*,#7392,.T.);
#10422=ORIENTED_EDGE('',*,*,#7402,.T.);
#10423=ORIENTED_EDGE('',*,*,#7403,.F.);
#10424=ORIENTED_EDGE('',*,*,#7400,.F.);
#10425=ORIENTED_EDGE('',*,*,#7391,.T.);
#10426=ORIENTED_EDGE('',*,*,#7404,.T.);
#10427=ORIENTED_EDGE('',*,*,#7405,.F.);
#10428=ORIENTED_EDGE('',*,*,#7402,.F.);
#10429=ORIENTED_EDGE('',*,*,#7406,.T.);
#10430=ORIENTED_EDGE('',*,*,#7407,.T.);
#10431=ORIENTED_EDGE('',*,*,#7408,.T.);
#10432=ORIENTED_EDGE('',*,*,#7396,.T.);
#10433=ORIENTED_EDGE('',*,*,#7399,.T.);
#10434=ORIENTED_EDGE('',*,*,#7401,.T.);
#10435=ORIENTED_EDGE('',*,*,#7403,.T.);
#10436=ORIENTED_EDGE('',*,*,#7405,.T.);
#10437=ORIENTED_EDGE('',*,*,#7409,.T.);
#10438=ORIENTED_EDGE('',*,*,#7410,.T.);
#10439=ORIENTED_EDGE('',*,*,#7390,.T.);
#10440=ORIENTED_EDGE('',*,*,#7411,.T.);
#10441=ORIENTED_EDGE('',*,*,#7409,.F.);
#10442=ORIENTED_EDGE('',*,*,#7404,.F.);
#10443=ORIENTED_EDGE('',*,*,#7389,.T.);
#10444=ORIENTED_EDGE('',*,*,#7412,.F.);
#10445=ORIENTED_EDGE('',*,*,#7410,.F.);
#10446=ORIENTED_EDGE('',*,*,#7411,.F.);
#10447=ORIENTED_EDGE('',*,*,#7388,.T.);
#10448=ORIENTED_EDGE('',*,*,#7413,.T.);
#10449=ORIENTED_EDGE('',*,*,#7406,.F.);
#10450=ORIENTED_EDGE('',*,*,#7412,.T.);
#10451=ORIENTED_EDGE('',*,*,#7387,.T.);
#10452=ORIENTED_EDGE('',*,*,#7414,.T.);
#10453=ORIENTED_EDGE('',*,*,#7407,.F.);
#10454=ORIENTED_EDGE('',*,*,#7413,.F.);
#10455=ORIENTED_EDGE('',*,*,#7386,.T.);
#10456=ORIENTED_EDGE('',*,*,#7397,.T.);
#10457=ORIENTED_EDGE('',*,*,#7408,.F.);
#10458=ORIENTED_EDGE('',*,*,#7414,.F.);
#10459=ORIENTED_EDGE('',*,*,#7367,.T.);
#10460=ORIENTED_EDGE('',*,*,#7370,.T.);
#10461=ORIENTED_EDGE('',*,*,#7373,.T.);
#10462=ORIENTED_EDGE('',*,*,#7376,.T.);
#10463=ORIENTED_EDGE('',*,*,#7379,.T.);
#10464=ORIENTED_EDGE('',*,*,#7382,.T.);
#10465=ORIENTED_EDGE('',*,*,#7384,.T.);
#10466=ORIENTED_EDGE('',*,*,#7357,.T.);
#10467=ORIENTED_EDGE('',*,*,#7361,.T.);
#10468=ORIENTED_EDGE('',*,*,#7364,.T.);
#10469=PLANE('',#11650);
#10470=PLANE('',#11651);
#10471=PLANE('',#11652);
#10472=PLANE('',#11653);
#10473=PLANE('',#11654);
#10474=PLANE('',#11655);
#10475=PLANE('',#11656);
#10476=PLANE('',#11657);
#10477=PLANE('',#11658);
#10478=PLANE('',#11659);
#10479=PLANE('',#11660);
#10480=PLANE('',#11661);
#10481=PLANE('',#11662);
#10482=PLANE('',#11663);
#10483=PLANE('',#11664);
#10484=PLANE('',#11665);
#10485=PLANE('',#11666);
#10486=PLANE('',#11667);
#10487=PLANE('',#11668);
#10488=PLANE('',#11669);
#10489=PLANE('',#11670);
#10490=PLANE('',#11671);
#10491=PLANE('',#11672);
#10492=PLANE('',#11673);
#10493=PLANE('',#11674);
#10494=PLANE('',#11675);
#10495=PLANE('',#11676);
#10496=PLANE('',#11677);
#10497=PLANE('',#11678);
#10498=PLANE('',#11679);
#10499=PLANE('',#11680);
#10500=PLANE('',#11681);
#10501=PLANE('',#11682);
#10502=PLANE('',#11683);
#10503=PLANE('',#11684);
#10504=PLANE('',#11685);
#10505=PLANE('',#11686);
#10506=PLANE('',#11687);
#10507=PLANE('',#11688);
#10508=PLANE('',#11689);
#10509=PLANE('',#11690);
#10510=PLANE('',#11691);
#10511=PLANE('',#11692);
#10512=PLANE('',#11693);
#10513=PLANE('',#11694);
#10514=PLANE('',#11695);
#10515=PLANE('',#11696);
#10516=PLANE('',#11697);
#10517=PLANE('',#11699);
#10518=PLANE('',#11700);
#10519=PLANE('',#11702);
#10520=PLANE('',#11703);
#10521=PLANE('',#11705);
#10522=PLANE('',#11706);
#10523=PLANE('',#11708);
#10524=PLANE('',#11709);
#10525=PLANE('',#11711);
#10526=PLANE('',#11712);
#10527=PLANE('',#11714);
#10528=PLANE('',#11716);
#10529=PLANE('',#11717);
#10530=PLANE('',#11719);
#10531=PLANE('',#11720);
#10532=PLANE('',#11721);
#10533=PLANE('',#11723);
#10534=PLANE('',#11724);
#10535=PLANE('',#11726);
#10536=PLANE('',#11727);
#10537=PLANE('',#11729);
#10538=PLANE('',#11730);
#10539=PLANE('',#11732);
#10540=PLANE('',#11733);
#10541=PLANE('',#11735);
#10542=PLANE('',#11736);
#10543=PLANE('',#11738);
#10544=PLANE('',#11739);
#10545=PLANE('',#11741);
#10546=PLANE('',#11742);
#10547=PLANE('',#11744);
#10548=PLANE('',#11745);
#10549=PLANE('',#11747);
#10550=PLANE('',#11748);
#10551=PLANE('',#11750);
#10552=PLANE('',#11751);
#10553=PLANE('',#11753);
#10554=PLANE('',#11754);
#10555=PLANE('',#11756);
#10556=PLANE('',#11758);
#10557=PLANE('',#11759);
#10558=PLANE('',#11761);
#10559=PLANE('',#11762);
#10560=PLANE('',#11763);
#10561=PLANE('',#11765);
#10562=PLANE('',#11766);
#10563=PLANE('',#11768);
#10564=PLANE('',#11770);
#10565=PLANE('',#11771);
#10566=PLANE('',#11773);
#10567=PLANE('',#11774);
#10568=PLANE('',#11776);
#10569=PLANE('',#11777);
#10570=PLANE('',#11779);
#10571=PLANE('',#11781);
#10572=PLANE('',#11782);
#10573=PLANE('',#11783);
#10574=PLANE('',#11784);
#10575=PLANE('',#11785);
#10576=PLANE('',#11787);
#10577=PLANE('',#11788);
#10578=PLANE('',#11789);
#10579=PLANE('',#11790);
#10580=PLANE('',#11792);
#10581=PLANE('',#11793);
#10582=PLANE('',#11794);
#10583=PLANE('',#11796);
#10584=PLANE('',#11797);
#10585=PLANE('',#11798);
#10586=PLANE('',#11799);
#10587=PLANE('',#11800);
#10588=PLANE('',#11802);
#10589=PLANE('',#11803);
#10590=PLANE('',#11804);
#10591=PLANE('',#11806);
#10592=PLANE('',#11807);
#10593=PLANE('',#11808);
#10594=PLANE('',#11809);
#10595=PLANE('',#11811);
#10596=PLANE('',#11812);
#10597=PLANE('',#11813);
#10598=PLANE('',#11814);
#10599=PLANE('',#11815);
#10600=PLANE('',#11817);
#10601=PLANE('',#11818);
#10602=PLANE('',#11819);
#10603=PLANE('',#11820);
#10604=PLANE('',#11822);
#10605=PLANE('',#11823);
#10606=PLANE('',#11824);
#10607=PLANE('',#11826);
#10608=PLANE('',#11827);
#10609=PLANE('',#11828);
#10610=PLANE('',#11829);
#10611=PLANE('',#11831);
#10612=PLANE('',#11832);
#10613=PLANE('',#11833);
#10614=PLANE('',#11834);
#10615=PLANE('',#11836);
#10616=PLANE('',#11837);
#10617=PLANE('',#11838);
#10618=PLANE('',#11839);
#10619=PLANE('',#11841);
#10620=PLANE('',#11842);
#10621=PLANE('',#11843);
#10622=PLANE('',#11844);
#10623=PLANE('',#11846);
#10624=PLANE('',#11847);
#10625=PLANE('',#11848);
#10626=PLANE('',#11849);
#10627=PLANE('',#11850);
#10628=PLANE('',#11851);
#10629=PLANE('',#11852);
#10630=PLANE('',#11853);
#10631=PLANE('',#11854);
#10632=PLANE('',#11855);
#10633=PLANE('',#11856);
#10634=PLANE('',#11857);
#10635=PLANE('',#11858);
#10636=PLANE('',#11859);
#10637=PLANE('',#11860);
#10638=PLANE('',#11861);
#10639=PLANE('',#11862);
#10640=PLANE('',#11863);
#10641=PLANE('',#11864);
#10642=PLANE('',#11865);
#10643=PLANE('',#11866);
#10644=PLANE('',#11867);
#10645=PLANE('',#11868);
#10646=PLANE('',#11869);
#10647=PLANE('',#11870);
#10648=PLANE('',#11871);
#10649=PLANE('',#11872);
#10650=PLANE('',#11873);
#10651=PLANE('',#11874);
#10652=PLANE('',#11875);
#10653=PLANE('',#11876);
#10654=PLANE('',#11877);
#10655=PLANE('',#11878);
#10656=PLANE('',#11879);
#10657=PLANE('',#11880);
#10658=PLANE('',#11881);
#10659=PLANE('',#11882);
#10660=PLANE('',#11883);
#10661=PLANE('',#11884);
#10662=PLANE('',#11885);
#10663=PLANE('',#11886);
#10664=PLANE('',#11887);
#10665=PLANE('',#11888);
#10666=PLANE('',#11889);
#10667=PLANE('',#11890);
#10668=PLANE('',#11891);
#10669=PLANE('',#11892);
#10670=PLANE('',#11893);
#10671=PLANE('',#11894);
#10672=PLANE('',#11895);
#10673=PLANE('',#11896);
#10674=PLANE('',#11897);
#10675=PLANE('',#11898);
#10676=PLANE('',#11899);
#10677=PLANE('',#11900);
#10678=PLANE('',#11901);
#10679=PLANE('',#11902);
#10680=PLANE('',#11903);
#10681=PLANE('',#11904);
#10682=PLANE('',#11905);
#10683=PLANE('',#11906);
#10684=PLANE('',#11907);
#10685=PLANE('',#11908);
#10686=PLANE('',#11909);
#10687=PLANE('',#11910);
#10688=PLANE('',#11911);
#10689=PLANE('',#11912);
#10690=PLANE('',#11913);
#10691=PLANE('',#11914);
#10692=PLANE('',#11915);
#10693=PLANE('',#11916);
#10694=PLANE('',#11917);
#10695=PLANE('',#11918);
#10696=PLANE('',#11919);
#10697=PLANE('',#11920);
#10698=PLANE('',#11921);
#10699=PLANE('',#11922);
#10700=PLANE('',#11923);
#10701=PLANE('',#11924);
#10702=PLANE('',#11925);
#10703=PLANE('',#11926);
#10704=PLANE('',#11927);
#10705=PLANE('',#11928);
#10706=PLANE('',#11929);
#10707=PLANE('',#11930);
#10708=PLANE('',#11931);
#10709=PLANE('',#11932);
#10710=PLANE('',#11933);
#10711=PLANE('',#11934);
#10712=PLANE('',#11935);
#10713=PLANE('',#11936);
#10714=PLANE('',#11937);
#10715=PLANE('',#11938);
#10716=PLANE('',#11939);
#10717=PLANE('',#11940);
#10718=PLANE('',#11941);
#10719=PLANE('',#11942);
#10720=PLANE('',#11943);
#10721=PLANE('',#11944);
#10722=PLANE('',#11945);
#10723=PLANE('',#11946);
#10724=PLANE('',#11947);
#10725=PLANE('',#11948);
#10726=PLANE('',#11949);
#10727=PLANE('',#11950);
#10728=PLANE('',#11951);
#10729=PLANE('',#11952);
#10730=PLANE('',#11953);
#10731=PLANE('',#11954);
#10732=PLANE('',#11955);
#10733=PLANE('',#11956);
#10734=PLANE('',#11957);
#10735=PLANE('',#11958);
#10736=PLANE('',#11959);
#10737=PLANE('',#11960);
#10738=PLANE('',#11961);
#10739=PLANE('',#11962);
#10740=PLANE('',#11963);
#10741=PLANE('',#11964);
#10742=PLANE('',#11965);
#10743=PLANE('',#11966);
#10744=PLANE('',#11967);
#10745=PLANE('',#11968);
#10746=PLANE('',#11969);
#10747=PLANE('',#11970);
#10748=PLANE('',#11971);
#10749=PLANE('',#11972);
#10750=PLANE('',#11973);
#10751=PLANE('',#11974);
#10752=PLANE('',#11975);
#10753=PLANE('',#11976);
#10754=PLANE('',#11977);
#10755=PLANE('',#11978);
#10756=PLANE('',#11979);
#10757=PLANE('',#11980);
#10758=PLANE('',#11981);
#10759=PLANE('',#11982);
#10760=PLANE('',#11983);
#10761=PLANE('',#11984);
#10762=PLANE('',#11985);
#10763=PLANE('',#11986);
#10764=PLANE('',#11987);
#10765=PLANE('',#11988);
#10766=PLANE('',#11989);
#10767=PLANE('',#11990);
#10768=PLANE('',#11991);
#10769=PLANE('',#11992);
#10770=PLANE('',#11993);
#10771=PLANE('',#11994);
#10772=PLANE('',#11995);
#10773=PLANE('',#11996);
#10774=PLANE('',#11997);
#10775=PLANE('',#11998);
#10776=PLANE('',#11999);
#10777=PLANE('',#12000);
#10778=PLANE('',#12001);
#10779=PLANE('',#12002);
#10780=PLANE('',#12003);
#10781=PLANE('',#12004);
#10782=PLANE('',#12005);
#10783=PLANE('',#12006);
#10784=PLANE('',#12007);
#10785=PLANE('',#12008);
#10786=PLANE('',#12009);
#10787=PLANE('',#12010);
#10788=PLANE('',#12011);
#10789=PLANE('',#12012);
#10790=PLANE('',#12013);
#10791=PLANE('',#12014);
#10792=PLANE('',#12015);
#10793=PLANE('',#12016);
#10794=PLANE('',#12017);
#10795=PLANE('',#12018);
#10796=PLANE('',#12019);
#10797=PLANE('',#12020);
#10798=PLANE('',#12021);
#10799=PLANE('',#12022);
#10800=PLANE('',#12023);
#10801=PLANE('',#12024);
#10802=PLANE('',#12025);
#10803=PLANE('',#12026);
#10804=PLANE('',#12027);
#10805=PLANE('',#12028);
#10806=PLANE('',#12029);
#10807=PLANE('',#12030);
#10808=PLANE('',#12031);
#10809=PLANE('',#12036);
#10810=PLANE('',#12037);
#10811=PLANE('',#12038);
#10812=PLANE('',#12074);
#10813=PLANE('',#12112);
#10814=PLANE('',#12113);
#10815=PLANE('',#12151);
#10816=PLANE('',#12152);
#10817=PLANE('',#12178);
#10818=PLANE('',#12181);
#10819=PLANE('',#12182);
#10820=PLANE('',#12185);
#10821=PLANE('',#12186);
#10822=PLANE('',#12187);
#10823=PLANE('',#12188);
#10824=PLANE('',#12189);
#10825=PLANE('',#12192);
#10826=PLANE('',#12195);
#10827=PLANE('',#12198);
#10828=PLANE('',#12201);
#10829=PLANE('',#12204);
#10830=PLANE('',#12207);
#10831=PLANE('',#12210);
#10832=PLANE('',#12213);
#10833=PLANE('',#12216);
#10834=PLANE('',#12219);
#10835=PLANE('',#12222);
#10836=PLANE('',#12226);
#10837=PLANE('',#12228);
#10838=PLANE('',#12231);
#10839=PLANE('',#12234);
#10840=PLANE('',#12237);
#10841=PLANE('',#12240);
#10842=PLANE('',#12243);
#10843=PLANE('',#12246);
#10844=PLANE('',#12249);
#10845=PLANE('',#12252);
#10846=PLANE('',#12253);
#10847=PLANE('',#12254);
#10848=PLANE('',#12255);
#10849=PLANE('',#12256);
#10850=PLANE('',#12257);
#10851=PLANE('',#12258);
#10852=PLANE('',#12259);
#10853=PLANE('',#12260);
#10854=PLANE('',#12262);
#10855=PLANE('',#12263);
#10856=PLANE('',#12272);
#10857=PLANE('',#12275);
#10858=PLANE('',#12277);
#10859=PLANE('',#12278);
#10860=PLANE('',#12280);
#10861=PLANE('',#12281);
#10862=PLANE('',#12282);
#10863=PLANE('',#12287);
#10864=PLANE('',#12288);
#10865=PLANE('',#12289);
#10866=PLANE('',#12294);
#10867=PLANE('',#12296);
#10868=PLANE('',#12298);
#10869=PLANE('',#12300);
#10870=PLANE('',#12302);
#10871=PLANE('',#12303);
#10872=PLANE('',#12305);
#10873=PLANE('',#12309);
#10874=PLANE('',#12318);
#10875=PLANE('',#12323);
#10876=PLANE('',#12324);
#10877=PLANE('',#12329);
#10878=PLANE('',#12338);
#10879=PLANE('',#12343);
#10880=PLANE('',#12344);
#10881=PLANE('',#12349);
#10882=PLANE('',#12350);
#10883=PLANE('',#12354);
#10884=PLANE('',#12355);
#10885=PLANE('',#12356);
#10886=PLANE('',#12357);
#10887=PLANE('',#12365);
#10888=PLANE('',#12366);
#10889=PLANE('',#12374);
#10890=PLANE('',#12382);
#10891=PLANE('',#12390);
#10892=PLANE('',#12391);
#10893=PLANE('',#12399);
#10894=PLANE('',#12400);
#10895=PLANE('',#12408);
#10896=PLANE('',#12416);
#10897=PLANE('',#12424);
#10898=PLANE('',#12425);
#10899=PLANE('',#12426);
#10900=PLANE('',#12427);
#10901=PLANE('',#12428);
#10902=PLANE('',#12429);
#10903=PLANE('',#12430);
#10904=PLANE('',#12433);
#10905=PLANE('',#12434);
#10906=PLANE('',#12437);
#10907=PLANE('',#12438);
#10908=PLANE('',#12439);
#10909=PLANE('',#12442);
#10910=PLANE('',#12443);
#10911=PLANE('',#12445);
#10912=PLANE('',#12448);
#10913=PLANE('',#12449);
#10914=PLANE('',#12452);
#10915=PLANE('',#12453);
#10916=PLANE('',#12454);
#10917=PLANE('',#12457);
#10918=PLANE('',#12458);
#10919=PLANE('',#12460);
#10920=PLANE('',#12463);
#10921=PLANE('',#12464);
#10922=PLANE('',#12467);
#10923=PLANE('',#12468);
#10924=PLANE('',#12469);
#10925=PLANE('',#12472);
#10926=PLANE('',#12473);
#10927=PLANE('',#12475);
#10928=PLANE('',#12478);
#10929=PLANE('',#12479);
#10930=PLANE('',#12482);
#10931=PLANE('',#12483);
#10932=PLANE('',#12484);
#10933=PLANE('',#12487);
#10934=PLANE('',#12488);
#10935=PLANE('',#12491);
#10936=PLANE('',#12495);
#10937=PLANE('',#12499);
#10938=PLANE('',#12503);
#10939=PLANE('',#12507);
#10940=PLANE('',#12511);
#10941=PLANE('',#12517);
#10942=PLANE('',#12520);
#10943=PLANE('',#12523);
#10944=PLANE('',#12524);
#10945=PLANE('',#12529);
#10946=PLANE('',#12531);
#10947=PLANE('',#12533);
#10948=ADVANCED_FACE('',(#1076),#10469,.F.);
#10949=ADVANCED_FACE('',(#1077),#10470,.T.);
#10950=ADVANCED_FACE('',(#1078),#10471,.T.);
#10951=ADVANCED_FACE('',(#1079),#10472,.T.);
#10952=ADVANCED_FACE('',(#1080),#10473,.T.);
#10953=ADVANCED_FACE('',(#1081),#10474,.T.);
#10954=ADVANCED_FACE('',(#1082),#10475,.T.);
#10955=ADVANCED_FACE('',(#1083),#10476,.T.);
#10956=ADVANCED_FACE('',(#1084),#10477,.T.);
#10957=ADVANCED_FACE('',(#1085),#10478,.T.);
#10958=ADVANCED_FACE('',(#1086),#10479,.T.);
#10959=ADVANCED_FACE('',(#1087),#10480,.T.);
#10960=ADVANCED_FACE('',(#1088),#10481,.T.);
#10961=ADVANCED_FACE('',(#1089),#10482,.T.);
#10962=ADVANCED_FACE('',(#1090),#10483,.T.);
#10963=ADVANCED_FACE('',(#1091),#10484,.T.);
#10964=ADVANCED_FACE('',(#1092),#10485,.T.);
#10965=ADVANCED_FACE('',(#1093),#10486,.T.);
#10966=ADVANCED_FACE('',(#1094),#10487,.T.);
#10967=ADVANCED_FACE('',(#1095),#10488,.T.);
#10968=ADVANCED_FACE('',(#1096),#10489,.T.);
#10969=ADVANCED_FACE('',(#1097),#10490,.T.);
#10970=ADVANCED_FACE('',(#1098),#10491,.T.);
#10971=ADVANCED_FACE('',(#1099),#10492,.T.);
#10972=ADVANCED_FACE('',(#1100),#10493,.T.);
#10973=ADVANCED_FACE('',(#1101,#495,#496,#497,#498,#499,#500,#501,#502,
#503,#504,#505,#506,#507,#508),#10494,.T.);
#10974=ADVANCED_FACE('',(#1102),#10495,.T.);
#10975=ADVANCED_FACE('',(#1103),#10496,.T.);
#10976=ADVANCED_FACE('',(#1104),#10497,.T.);
#10977=ADVANCED_FACE('',(#1105),#10498,.T.);
#10978=ADVANCED_FACE('',(#1106),#10499,.T.);
#10979=ADVANCED_FACE('',(#1107),#10500,.T.);
#10980=ADVANCED_FACE('',(#1108),#10501,.T.);
#10981=ADVANCED_FACE('',(#1109),#10502,.T.);
#10982=ADVANCED_FACE('',(#1110),#10503,.T.);
#10983=ADVANCED_FACE('',(#1111),#10504,.T.);
#10984=ADVANCED_FACE('',(#1112),#10505,.T.);
#10985=ADVANCED_FACE('',(#1113),#10506,.T.);
#10986=ADVANCED_FACE('',(#1114),#10507,.T.);
#10987=ADVANCED_FACE('',(#1115),#10508,.T.);
#10988=ADVANCED_FACE('',(#1116),#10509,.T.);
#10989=ADVANCED_FACE('',(#1117),#10510,.T.);
#10990=ADVANCED_FACE('',(#1118),#10511,.T.);
#10991=ADVANCED_FACE('',(#1119),#10512,.T.);
#10992=ADVANCED_FACE('',(#1120),#10513,.T.);
#10993=ADVANCED_FACE('',(#1121),#10514,.T.);
#10994=ADVANCED_FACE('',(#1122),#10515,.T.);
#10995=ADVANCED_FACE('',(#1123),#10516,.T.);
#10996=ADVANCED_FACE('',(#1124),#10517,.T.);
#10997=ADVANCED_FACE('',(#1125),#10518,.F.);
#10998=ADVANCED_FACE('',(#1126),#10519,.T.);
#10999=ADVANCED_FACE('',(#1127),#10520,.F.);
#11000=ADVANCED_FACE('',(#1128),#10521,.T.);
#11001=ADVANCED_FACE('',(#1129),#10522,.T.);
#11002=ADVANCED_FACE('',(#1130),#10523,.T.);
#11003=ADVANCED_FACE('',(#1131),#10524,.F.);
#11004=ADVANCED_FACE('',(#1132),#10525,.T.);
#11005=ADVANCED_FACE('',(#1133),#10526,.T.);
#11006=ADVANCED_FACE('',(#1134),#10527,.T.);
#11007=ADVANCED_FACE('',(#1135),#10528,.T.);
#11008=ADVANCED_FACE('',(#1136),#10529,.F.);
#11009=ADVANCED_FACE('',(#1137),#10530,.T.);
#11010=ADVANCED_FACE('',(#1138),#10531,.T.);
#11011=ADVANCED_FACE('',(#1139),#10532,.F.);
#11012=ADVANCED_FACE('',(#1140),#10533,.T.);
#11013=ADVANCED_FACE('',(#1141),#10534,.T.);
#11014=ADVANCED_FACE('',(#1142),#10535,.T.);
#11015=ADVANCED_FACE('',(#1143),#10536,.T.);
#11016=ADVANCED_FACE('',(#1144),#10537,.T.);
#11017=ADVANCED_FACE('',(#1145),#10538,.F.);
#11018=ADVANCED_FACE('',(#1146),#10539,.T.);
#11019=ADVANCED_FACE('',(#1147),#10540,.T.);
#11020=ADVANCED_FACE('',(#1148),#10541,.T.);
#11021=ADVANCED_FACE('',(#1149),#10542,.F.);
#11022=ADVANCED_FACE('',(#1150),#10543,.T.);
#11023=ADVANCED_FACE('',(#1151),#10544,.F.);
#11024=ADVANCED_FACE('',(#1152),#10545,.T.);
#11025=ADVANCED_FACE('',(#1153),#10546,.T.);
#11026=ADVANCED_FACE('',(#1154),#10547,.T.);
#11027=ADVANCED_FACE('',(#1155),#10548,.F.);
#11028=ADVANCED_FACE('',(#1156),#10549,.T.);
#11029=ADVANCED_FACE('',(#1157),#10550,.T.);
#11030=ADVANCED_FACE('',(#1158),#10551,.T.);
#11031=ADVANCED_FACE('',(#1159),#10552,.T.);
#11032=ADVANCED_FACE('',(#1160),#10553,.T.);
#11033=ADVANCED_FACE('',(#1161),#10554,.F.);
#11034=ADVANCED_FACE('',(#1162),#10555,.T.);
#11035=ADVANCED_FACE('',(#1163),#10556,.T.);
#11036=ADVANCED_FACE('',(#1164),#10557,.F.);
#11037=ADVANCED_FACE('',(#1165),#10558,.T.);
#11038=ADVANCED_FACE('',(#1166),#10559,.T.);
#11039=ADVANCED_FACE('',(#1167),#10560,.T.);
#11040=ADVANCED_FACE('',(#1168),#10561,.T.);
#11041=ADVANCED_FACE('',(#1169),#10562,.F.);
#11042=ADVANCED_FACE('',(#1170),#10563,.T.);
#11043=ADVANCED_FACE('',(#1171),#10564,.T.);
#11044=ADVANCED_FACE('',(#1172),#10565,.F.);
#11045=ADVANCED_FACE('',(#1173),#10566,.T.);
#11046=ADVANCED_FACE('',(#1174),#10567,.T.);
#11047=ADVANCED_FACE('',(#1175),#10568,.T.);
#11048=ADVANCED_FACE('',(#1176),#10569,.F.);
#11049=ADVANCED_FACE('',(#1177),#10570,.T.);
#11050=ADVANCED_FACE('',(#1178),#96,.T.);
#11051=ADVANCED_FACE('',(#1179),#10571,.T.);
#11052=ADVANCED_FACE('',(#1180),#10572,.T.);
#11053=ADVANCED_FACE('',(#1181),#10573,.T.);
#11054=ADVANCED_FACE('',(#1182),#10574,.F.);
#11055=ADVANCED_FACE('',(#1183),#10575,.T.);
#11056=ADVANCED_FACE('',(#1184),#97,.T.);
#11057=ADVANCED_FACE('',(#1185),#10576,.T.);
#11058=ADVANCED_FACE('',(#1186),#10577,.F.);
#11059=ADVANCED_FACE('',(#1187),#10578,.T.);
#11060=ADVANCED_FACE('',(#1188),#10579,.T.);
#11061=ADVANCED_FACE('',(#1189),#98,.T.);
#11062=ADVANCED_FACE('',(#1190),#10580,.T.);
#11063=ADVANCED_FACE('',(#1191),#10581,.F.);
#11064=ADVANCED_FACE('',(#1192),#10582,.T.);
#11065=ADVANCED_FACE('',(#1193),#99,.T.);
#11066=ADVANCED_FACE('',(#1194),#10583,.T.);
#11067=ADVANCED_FACE('',(#1195),#10584,.T.);
#11068=ADVANCED_FACE('',(#1196),#10585,.T.);
#11069=ADVANCED_FACE('',(#1197),#10586,.F.);
#11070=ADVANCED_FACE('',(#1198),#10587,.T.);
#11071=ADVANCED_FACE('',(#1199),#100,.T.);
#11072=ADVANCED_FACE('',(#1200),#10588,.T.);
#11073=ADVANCED_FACE('',(#1201),#10589,.F.);
#11074=ADVANCED_FACE('',(#1202),#10590,.T.);
#11075=ADVANCED_FACE('',(#1203),#101,.T.);
#11076=ADVANCED_FACE('',(#1204),#10591,.T.);
#11077=ADVANCED_FACE('',(#1205),#10592,.T.);
#11078=ADVANCED_FACE('',(#1206),#10593,.T.);
#11079=ADVANCED_FACE('',(#1207),#10594,.F.);
#11080=ADVANCED_FACE('',(#1208),#102,.T.);
#11081=ADVANCED_FACE('',(#1209),#10595,.T.);
#11082=ADVANCED_FACE('',(#1210),#10596,.T.);
#11083=ADVANCED_FACE('',(#1211),#10597,.T.);
#11084=ADVANCED_FACE('',(#1212),#10598,.F.);
#11085=ADVANCED_FACE('',(#1213),#10599,.T.);
#11086=ADVANCED_FACE('',(#1214),#103,.T.);
#11087=ADVANCED_FACE('',(#1215),#10600,.T.);
#11088=ADVANCED_FACE('',(#1216),#10601,.F.);
#11089=ADVANCED_FACE('',(#1217),#10602,.T.);
#11090=ADVANCED_FACE('',(#1218),#10603,.T.);
#11091=ADVANCED_FACE('',(#1219),#104,.T.);
#11092=ADVANCED_FACE('',(#1220),#10604,.T.);
#11093=ADVANCED_FACE('',(#1221),#10605,.F.);
#11094=ADVANCED_FACE('',(#1222),#10606,.T.);
#11095=ADVANCED_FACE('',(#1223),#105,.T.);
#11096=ADVANCED_FACE('',(#1224),#10607,.T.);
#11097=ADVANCED_FACE('',(#1225),#10608,.T.);
#11098=ADVANCED_FACE('',(#1226),#10609,.T.);
#11099=ADVANCED_FACE('',(#1227),#10610,.F.);
#11100=ADVANCED_FACE('',(#1228),#106,.T.);
#11101=ADVANCED_FACE('',(#1229),#10611,.T.);
#11102=ADVANCED_FACE('',(#1230),#10612,.T.);
#11103=ADVANCED_FACE('',(#1231),#10613,.T.);
#11104=ADVANCED_FACE('',(#1232),#10614,.F.);
#11105=ADVANCED_FACE('',(#1233),#107,.T.);
#11106=ADVANCED_FACE('',(#1234),#10615,.T.);
#11107=ADVANCED_FACE('',(#1235),#10616,.T.);
#11108=ADVANCED_FACE('',(#1236),#10617,.T.);
#11109=ADVANCED_FACE('',(#1237),#10618,.F.);
#11110=ADVANCED_FACE('',(#1238),#108,.T.);
#11111=ADVANCED_FACE('',(#1239),#10619,.T.);
#11112=ADVANCED_FACE('',(#1240),#10620,.T.);
#11113=ADVANCED_FACE('',(#1241),#10621,.T.);
#11114=ADVANCED_FACE('',(#1242),#10622,.F.);
#11115=ADVANCED_FACE('',(#1243),#109,.T.);
#11116=ADVANCED_FACE('',(#1244),#10623,.T.);
#11117=ADVANCED_FACE('',(#1245),#10624,.T.);
#11118=ADVANCED_FACE('',(#1246),#10625,.T.);
#11119=ADVANCED_FACE('',(#1247),#10626,.F.);
#11120=ADVANCED_FACE('',(#1248),#10627,.T.);
#11121=ADVANCED_FACE('',(#1249),#10628,.T.);
#11122=ADVANCED_FACE('',(#1250),#10629,.T.);
#11123=ADVANCED_FACE('',(#1251),#10630,.T.);
#11124=ADVANCED_FACE('',(#1252),#10631,.T.);
#11125=ADVANCED_FACE('',(#1253),#10632,.T.);
#11126=ADVANCED_FACE('',(#1254),#10633,.T.);
#11127=ADVANCED_FACE('',(#1255),#10634,.T.);
#11128=ADVANCED_FACE('',(#1256),#10635,.T.);
#11129=ADVANCED_FACE('',(#1257),#10636,.T.);
#11130=ADVANCED_FACE('',(#1258),#10637,.T.);
#11131=ADVANCED_FACE('',(#1259),#10638,.T.);
#11132=ADVANCED_FACE('',(#1260),#10639,.T.);
#11133=ADVANCED_FACE('',(#1261),#10640,.T.);
#11134=ADVANCED_FACE('',(#1262),#10641,.T.);
#11135=ADVANCED_FACE('',(#1263),#10642,.T.);
#11136=ADVANCED_FACE('',(#1264),#10643,.T.);
#11137=ADVANCED_FACE('',(#1265),#10644,.T.);
#11138=ADVANCED_FACE('',(#1266),#10645,.T.);
#11139=ADVANCED_FACE('',(#1267),#10646,.T.);
#11140=ADVANCED_FACE('',(#1268),#10647,.T.);
#11141=ADVANCED_FACE('',(#1269),#10648,.T.);
#11142=ADVANCED_FACE('',(#1270),#10649,.T.);
#11143=ADVANCED_FACE('',(#1271),#10650,.T.);
#11144=ADVANCED_FACE('',(#1272),#10651,.T.);
#11145=ADVANCED_FACE('',(#1273),#10652,.T.);
#11146=ADVANCED_FACE('',(#1274),#10653,.T.);
#11147=ADVANCED_FACE('',(#1275),#10654,.T.);
#11148=ADVANCED_FACE('',(#1276),#10655,.T.);
#11149=ADVANCED_FACE('',(#1277),#10656,.T.);
#11150=ADVANCED_FACE('',(#1278),#10657,.T.);
#11151=ADVANCED_FACE('',(#1279),#10658,.T.);
#11152=ADVANCED_FACE('',(#1280),#10659,.T.);
#11153=ADVANCED_FACE('',(#1281),#10660,.T.);
#11154=ADVANCED_FACE('',(#1282),#10661,.T.);
#11155=ADVANCED_FACE('',(#1283),#10662,.T.);
#11156=ADVANCED_FACE('',(#1284),#10663,.T.);
#11157=ADVANCED_FACE('',(#1285),#10664,.T.);
#11158=ADVANCED_FACE('',(#1286),#10665,.T.);
#11159=ADVANCED_FACE('',(#1287),#10666,.T.);
#11160=ADVANCED_FACE('',(#1288),#10667,.T.);
#11161=ADVANCED_FACE('',(#1289),#10668,.T.);
#11162=ADVANCED_FACE('',(#1290),#10669,.F.);
#11163=ADVANCED_FACE('',(#1291),#10670,.T.);
#11164=ADVANCED_FACE('',(#1292),#10671,.T.);
#11165=ADVANCED_FACE('',(#1293),#10672,.T.);
#11166=ADVANCED_FACE('',(#1294),#10673,.F.);
#11167=ADVANCED_FACE('',(#1295),#10674,.T.);
#11168=ADVANCED_FACE('',(#1296),#10675,.T.);
#11169=ADVANCED_FACE('',(#1297),#10676,.T.);
#11170=ADVANCED_FACE('',(#1298),#10677,.F.);
#11171=ADVANCED_FACE('',(#1299),#10678,.T.);
#11172=ADVANCED_FACE('',(#1300),#10679,.T.);
#11173=ADVANCED_FACE('',(#1301),#10680,.T.);
#11174=ADVANCED_FACE('',(#1302),#10681,.T.);
#11175=ADVANCED_FACE('',(#1303),#10682,.F.);
#11176=ADVANCED_FACE('',(#1304),#10683,.T.);
#11177=ADVANCED_FACE('',(#1305),#10684,.T.);
#11178=ADVANCED_FACE('',(#1306),#10685,.T.);
#11179=ADVANCED_FACE('',(#1307),#10686,.F.);
#11180=ADVANCED_FACE('',(#1308),#10687,.T.);
#11181=ADVANCED_FACE('',(#1309),#10688,.F.);
#11182=ADVANCED_FACE('',(#1310),#10689,.F.);
#11183=ADVANCED_FACE('',(#1311),#10690,.T.);
#11184=ADVANCED_FACE('',(#1312),#10691,.F.);
#11185=ADVANCED_FACE('',(#1313),#10692,.T.);
#11186=ADVANCED_FACE('',(#1314),#10693,.T.);
#11187=ADVANCED_FACE('',(#1315),#10694,.T.);
#11188=ADVANCED_FACE('',(#1316),#10695,.F.);
#11189=ADVANCED_FACE('',(#1317),#10696,.T.);
#11190=ADVANCED_FACE('',(#1318),#10697,.T.);
#11191=ADVANCED_FACE('',(#1319),#10698,.T.);
#11192=ADVANCED_FACE('',(#1320),#10699,.T.);
#11193=ADVANCED_FACE('',(#1321),#10700,.T.);
#11194=ADVANCED_FACE('',(#1322),#10701,.F.);
#11195=ADVANCED_FACE('',(#1323),#10702,.T.);
#11196=ADVANCED_FACE('',(#1324),#10703,.T.);
#11197=ADVANCED_FACE('',(#1325),#10704,.T.);
#11198=ADVANCED_FACE('',(#1326),#10705,.T.);
#11199=ADVANCED_FACE('',(#1327),#10706,.T.);
#11200=ADVANCED_FACE('',(#1328),#10707,.F.);
#11201=ADVANCED_FACE('',(#1329),#10708,.F.);
#11202=ADVANCED_FACE('',(#1330),#10709,.F.);
#11203=ADVANCED_FACE('',(#1331),#10710,.T.);
#11204=ADVANCED_FACE('',(#1332),#10711,.F.);
#11205=ADVANCED_FACE('',(#1333),#10712,.T.);
#11206=ADVANCED_FACE('',(#1334),#10713,.T.);
#11207=ADVANCED_FACE('',(#1335),#10714,.T.);
#11208=ADVANCED_FACE('',(#1336),#10715,.F.);
#11209=ADVANCED_FACE('',(#1337),#10716,.T.);
#11210=ADVANCED_FACE('',(#1338),#10717,.T.);
#11211=ADVANCED_FACE('',(#1339),#10718,.T.);
#11212=ADVANCED_FACE('',(#1340),#10719,.T.);
#11213=ADVANCED_FACE('',(#1341),#10720,.F.);
#11214=ADVANCED_FACE('',(#1342),#10721,.T.);
#11215=ADVANCED_FACE('',(#1343),#10722,.T.);
#11216=ADVANCED_FACE('',(#1344),#10723,.T.);
#11217=ADVANCED_FACE('',(#1345),#10724,.F.);
#11218=ADVANCED_FACE('',(#1346),#10725,.T.);
#11219=ADVANCED_FACE('',(#1347),#10726,.T.);
#11220=ADVANCED_FACE('',(#1348),#10727,.T.);
#11221=ADVANCED_FACE('',(#1349),#10728,.F.);
#11222=ADVANCED_FACE('',(#1350),#10729,.F.);
#11223=ADVANCED_FACE('',(#1351),#10730,.T.);
#11224=ADVANCED_FACE('',(#1352),#10731,.T.);
#11225=ADVANCED_FACE('',(#1353),#10732,.T.);
#11226=ADVANCED_FACE('',(#1354),#10733,.F.);
#11227=ADVANCED_FACE('',(#1355),#10734,.T.);
#11228=ADVANCED_FACE('',(#1356),#10735,.T.);
#11229=ADVANCED_FACE('',(#1357),#10736,.T.);
#11230=ADVANCED_FACE('',(#1358),#10737,.F.);
#11231=ADVANCED_FACE('',(#1359),#10738,.T.);
#11232=ADVANCED_FACE('',(#1360),#10739,.T.);
#11233=ADVANCED_FACE('',(#1361),#10740,.T.);
#11234=ADVANCED_FACE('',(#1362),#10741,.T.);
#11235=ADVANCED_FACE('',(#1363),#10742,.F.);
#11236=ADVANCED_FACE('',(#1364),#10743,.T.);
#11237=ADVANCED_FACE('',(#1365),#10744,.T.);
#11238=ADVANCED_FACE('',(#1366),#10745,.T.);
#11239=ADVANCED_FACE('',(#1367),#10746,.F.);
#11240=ADVANCED_FACE('',(#1368),#10747,.T.);
#11241=ADVANCED_FACE('',(#1369),#10748,.F.);
#11242=ADVANCED_FACE('',(#1370),#10749,.F.);
#11243=ADVANCED_FACE('',(#1371),#10750,.T.);
#11244=ADVANCED_FACE('',(#1372),#10751,.F.);
#11245=ADVANCED_FACE('',(#1373),#10752,.T.);
#11246=ADVANCED_FACE('',(#1374),#10753,.T.);
#11247=ADVANCED_FACE('',(#1375),#10754,.T.);
#11248=ADVANCED_FACE('',(#1376),#10755,.F.);
#11249=ADVANCED_FACE('',(#1377),#10756,.T.);
#11250=ADVANCED_FACE('',(#1378),#10757,.T.);
#11251=ADVANCED_FACE('',(#1379),#10758,.T.);
#11252=ADVANCED_FACE('',(#1380),#10759,.T.);
#11253=ADVANCED_FACE('',(#1381),#10760,.F.);
#11254=ADVANCED_FACE('',(#1382),#10761,.T.);
#11255=ADVANCED_FACE('',(#1383),#10762,.T.);
#11256=ADVANCED_FACE('',(#1384),#10763,.T.);
#11257=ADVANCED_FACE('',(#1385),#10764,.F.);
#11258=ADVANCED_FACE('',(#1386),#10765,.T.);
#11259=ADVANCED_FACE('',(#1387),#10766,.T.);
#11260=ADVANCED_FACE('',(#1388),#10767,.T.);
#11261=ADVANCED_FACE('',(#1389),#10768,.F.);
#11262=ADVANCED_FACE('',(#1390),#10769,.F.);
#11263=ADVANCED_FACE('',(#1391),#10770,.F.);
#11264=ADVANCED_FACE('',(#1392),#10771,.T.);
#11265=ADVANCED_FACE('',(#1393),#10772,.T.);
#11266=ADVANCED_FACE('',(#1394),#10773,.T.);
#11267=ADVANCED_FACE('',(#1395),#10774,.T.);
#11268=ADVANCED_FACE('',(#1396),#10775,.T.);
#11269=ADVANCED_FACE('',(#1397),#10776,.F.);
#11270=ADVANCED_FACE('',(#1398),#10777,.T.);
#11271=ADVANCED_FACE('',(#1399),#10778,.T.);
#11272=ADVANCED_FACE('',(#1400),#10779,.T.);
#11273=ADVANCED_FACE('',(#1401),#10780,.F.);
#11274=ADVANCED_FACE('',(#1402),#10781,.T.);
#11275=ADVANCED_FACE('',(#1403),#10782,.T.);
#11276=ADVANCED_FACE('',(#1404),#10783,.T.);
#11277=ADVANCED_FACE('',(#1405),#10784,.F.);
#11278=ADVANCED_FACE('',(#1406),#10785,.T.);
#11279=ADVANCED_FACE('',(#1407),#10786,.T.);
#11280=ADVANCED_FACE('',(#1408),#10787,.T.);
#11281=ADVANCED_FACE('',(#1409),#10788,.F.);
#11282=ADVANCED_FACE('',(#1410),#10789,.F.);
#11283=ADVANCED_FACE('',(#1411),#10790,.F.);
#11284=ADVANCED_FACE('',(#1412),#10791,.T.);
#11285=ADVANCED_FACE('',(#1413),#10792,.T.);
#11286=ADVANCED_FACE('',(#1414),#10793,.T.);
#11287=ADVANCED_FACE('',(#1415),#10794,.T.);
#11288=ADVANCED_FACE('',(#1416),#10795,.T.);
#11289=ADVANCED_FACE('',(#1417),#10796,.F.);
#11290=ADVANCED_FACE('',(#1418),#10797,.T.);
#11291=ADVANCED_FACE('',(#1419),#10798,.T.);
#11292=ADVANCED_FACE('',(#1420),#10799,.T.);
#11293=ADVANCED_FACE('',(#1421),#10800,.T.);
#11294=ADVANCED_FACE('',(#1422),#10801,.F.);
#11295=ADVANCED_FACE('',(#1423),#10802,.T.);
#11296=ADVANCED_FACE('',(#1424),#10803,.T.);
#11297=ADVANCED_FACE('',(#1425),#10804,.T.);
#11298=ADVANCED_FACE('',(#1426),#10805,.T.);
#11299=ADVANCED_FACE('',(#1427),#10806,.T.);
#11300=ADVANCED_FACE('',(#1428),#10807,.F.);
#11301=ADVANCED_FACE('',(#1429),#10808,.F.);
#11302=ADVANCED_FACE('',(#1430),#110,.T.);
#11303=ADVANCED_FACE('',(#1431),#10809,.T.);
#11304=ADVANCED_FACE('',(#1432),#10810,.T.);
#11305=ADVANCED_FACE('',(#1433,#509,#510,#511,#512,#513,#514,#515,#516,
#517,#518,#519,#520,#521,#522,#523,#524,#525,#526,#527,#528,#529,#530,#531,
#532,#533,#534,#535,#536,#537,#538,#539,#540),#10811,.F.);
#11306=ADVANCED_FACE('',(#1434,#541,#542,#543,#544,#545,#546,#547,#548,
#549,#550,#551,#552,#553,#554,#555,#556,#557,#558,#559,#560,#561,#562,#563,
#564,#565,#566,#567,#568,#569,#570,#571,#572),#10812,.T.);
#11307=ADVANCED_FACE('',(#1435),#111,.T.);
#11308=ADVANCED_FACE('',(#1436),#112,.T.);
#11309=ADVANCED_FACE('',(#1437),#10813,.T.);
#11310=ADVANCED_FACE('',(#1438),#10814,.T.);
#11311=ADVANCED_FACE('',(#1439),#113,.T.);
#11312=ADVANCED_FACE('',(#1440),#114,.F.);
#11313=ADVANCED_FACE('',(#1441),#115,.F.);
#11314=ADVANCED_FACE('',(#1442),#116,.F.);
#11315=ADVANCED_FACE('',(#1443),#117,.F.);
#11316=ADVANCED_FACE('',(#1444),#118,.F.);
#11317=ADVANCED_FACE('',(#1445),#119,.F.);
#11318=ADVANCED_FACE('',(#1446),#120,.F.);
#11319=ADVANCED_FACE('',(#1447),#121,.F.);
#11320=ADVANCED_FACE('',(#1448),#122,.F.);
#11321=ADVANCED_FACE('',(#1449),#123,.F.);
#11322=ADVANCED_FACE('',(#1450),#124,.F.);
#11323=ADVANCED_FACE('',(#1451),#125,.F.);
#11324=ADVANCED_FACE('',(#1452),#126,.F.);
#11325=ADVANCED_FACE('',(#1453),#127,.F.);
#11326=ADVANCED_FACE('',(#1454),#128,.F.);
#11327=ADVANCED_FACE('',(#1455),#129,.F.);
#11328=ADVANCED_FACE('',(#1456),#130,.F.);
#11329=ADVANCED_FACE('',(#1457),#131,.F.);
#11330=ADVANCED_FACE('',(#1458),#132,.F.);
#11331=ADVANCED_FACE('',(#1459),#133,.F.);
#11332=ADVANCED_FACE('',(#1460),#134,.F.);
#11333=ADVANCED_FACE('',(#1461),#135,.F.);
#11334=ADVANCED_FACE('',(#1462),#136,.F.);
#11335=ADVANCED_FACE('',(#1463),#137,.F.);
#11336=ADVANCED_FACE('',(#1464),#138,.F.);
#11337=ADVANCED_FACE('',(#1465),#139,.F.);
#11338=ADVANCED_FACE('',(#1466),#140,.F.);
#11339=ADVANCED_FACE('',(#1467),#141,.F.);
#11340=ADVANCED_FACE('',(#1468),#142,.F.);
#11341=ADVANCED_FACE('',(#1469),#143,.F.);
#11342=ADVANCED_FACE('',(#1470),#144,.F.);
#11343=ADVANCED_FACE('',(#1471),#145,.F.);
#11344=ADVANCED_FACE('',(#1472),#146,.T.);
#11345=ADVANCED_FACE('',(#1473),#10815,.T.);
#11346=ADVANCED_FACE('',(#1474,#573,#574,#575,#576),#10816,.T.);
#11347=ADVANCED_FACE('',(#1475),#147,.T.);
#11348=ADVANCED_FACE('',(#1476),#10817,.T.);
#11349=ADVANCED_FACE('',(#1477),#148,.T.);
#11350=ADVANCED_FACE('',(#1478),#10818,.T.);
#11351=ADVANCED_FACE('',(#1479),#10819,.T.);
#11352=ADVANCED_FACE('',(#1480),#149,.T.);
#11353=ADVANCED_FACE('',(#1481),#10820,.F.);
#11354=ADVANCED_FACE('',(#1482),#10821,.F.);
#11355=ADVANCED_FACE('',(#1483),#10822,.F.);
#11356=ADVANCED_FACE('',(#1484),#10823,.F.);
#11357=ADVANCED_FACE('',(#1485),#10824,.F.);
#11358=ADVANCED_FACE('',(#1486),#150,.F.);
#11359=ADVANCED_FACE('',(#1487),#10825,.F.);
#11360=ADVANCED_FACE('',(#1488),#151,.F.);
#11361=ADVANCED_FACE('',(#1489),#10826,.F.);
#11362=ADVANCED_FACE('',(#1490),#152,.F.);
#11363=ADVANCED_FACE('',(#1491),#10827,.F.);
#11364=ADVANCED_FACE('',(#1492),#153,.F.);
#11365=ADVANCED_FACE('',(#1493),#10828,.F.);
#11366=ADVANCED_FACE('',(#1494),#154,.F.);
#11367=ADVANCED_FACE('',(#1495),#10829,.F.);
#11368=ADVANCED_FACE('',(#1496),#155,.F.);
#11369=ADVANCED_FACE('',(#1497),#10830,.F.);
#11370=ADVANCED_FACE('',(#1498),#156,.F.);
#11371=ADVANCED_FACE('',(#1499),#10831,.F.);
#11372=ADVANCED_FACE('',(#1500),#157,.F.);
#11373=ADVANCED_FACE('',(#1501),#10832,.F.);
#11374=ADVANCED_FACE('',(#1502),#158,.F.);
#11375=ADVANCED_FACE('',(#1503),#10833,.F.);
#11376=ADVANCED_FACE('',(#1504),#159,.F.);
#11377=ADVANCED_FACE('',(#1505),#10834,.F.);
#11378=ADVANCED_FACE('',(#1506),#160,.F.);
#11379=ADVANCED_FACE('',(#1507),#10835,.F.);
#11380=ADVANCED_FACE('',(#1508),#161,.F.);
#11381=ADVANCED_FACE('',(#1509),#10836,.F.);
#11382=ADVANCED_FACE('',(#1510),#10837,.F.);
#11383=ADVANCED_FACE('',(#1511),#162,.F.);
#11384=ADVANCED_FACE('',(#1512),#10838,.F.);
#11385=ADVANCED_FACE('',(#1513),#163,.F.);
#11386=ADVANCED_FACE('',(#1514),#10839,.F.);
#11387=ADVANCED_FACE('',(#1515),#164,.F.);
#11388=ADVANCED_FACE('',(#1516),#10840,.F.);
#11389=ADVANCED_FACE('',(#1517),#165,.F.);
#11390=ADVANCED_FACE('',(#1518),#10841,.F.);
#11391=ADVANCED_FACE('',(#1519),#166,.F.);
#11392=ADVANCED_FACE('',(#1520),#10842,.F.);
#11393=ADVANCED_FACE('',(#1521),#167,.F.);
#11394=ADVANCED_FACE('',(#1522),#10843,.F.);
#11395=ADVANCED_FACE('',(#1523),#168,.F.);
#11396=ADVANCED_FACE('',(#1524),#10844,.F.);
#11397=ADVANCED_FACE('',(#1525),#169,.F.);
#11398=ADVANCED_FACE('',(#1526),#10845,.F.);
#11399=ADVANCED_FACE('',(#1527),#10846,.T.);
#11400=ADVANCED_FACE('',(#1528),#10847,.T.);
#11401=ADVANCED_FACE('',(#1529),#10848,.F.);
#11402=ADVANCED_FACE('',(#1530),#10849,.F.);
#11403=ADVANCED_FACE('',(#1531),#10850,.F.);
#11404=ADVANCED_FACE('',(#1532,#577,#578,#579),#10851,.F.);
#11405=ADVANCED_FACE('',(#1533),#10852,.T.);
#11406=ADVANCED_FACE('',(#1534),#10853,.F.);
#11407=ADVANCED_FACE('',(#1535),#10854,.F.);
#11408=ADVANCED_FACE('',(#1536),#10855,.F.);
#11409=ADVANCED_FACE('',(#1537),#170,.T.);
#11410=ADVANCED_FACE('',(#1538),#171,.T.);
#11411=ADVANCED_FACE('',(#1539),#10856,.T.);
#11412=ADVANCED_FACE('',(#1540),#10857,.F.);
#11413=ADVANCED_FACE('',(#1541),#172,.T.);
#11414=ADVANCED_FACE('',(#1542),#10858,.F.);
#11415=ADVANCED_FACE('',(#1543),#10859,.T.);
#11416=ADVANCED_FACE('',(#1544),#173,.T.);
#11417=ADVANCED_FACE('',(#1545),#10860,.T.);
#11418=ADVANCED_FACE('',(#1546),#10861,.F.);
#11419=ADVANCED_FACE('',(#1547),#10862,.F.);
#11420=ADVANCED_FACE('',(#1548),#10863,.F.);
#11421=ADVANCED_FACE('',(#1549),#10864,.F.);
#11422=ADVANCED_FACE('',(#1550),#10865,.T.);
#11423=ADVANCED_FACE('',(#1551),#10866,.T.);
#11424=ADVANCED_FACE('',(#1552),#174,.T.);
#11425=ADVANCED_FACE('',(#1553),#10867,.F.);
#11426=ADVANCED_FACE('',(#1554),#175,.T.);
#11427=ADVANCED_FACE('',(#1555),#10868,.T.);
#11428=ADVANCED_FACE('',(#1556),#176,.T.);
#11429=ADVANCED_FACE('',(#1557),#10869,.T.);
#11430=ADVANCED_FACE('',(#1558),#177,.T.);
#11431=ADVANCED_FACE('',(#1559),#10870,.T.);
#11432=ADVANCED_FACE('',(#1560),#10871,.T.);
#11433=ADVANCED_FACE('',(#1561),#10872,.F.);
#11434=ADVANCED_FACE('',(#1562),#178,.T.);
#11435=ADVANCED_FACE('',(#1563,#580,#581,#582,#583,#584),#10873,.F.);
#11436=ADVANCED_FACE('',(#1564),#10874,.F.);
#11437=ADVANCED_FACE('',(#1565),#179,.T.);
#11438=ADVANCED_FACE('',(#1566),#180,.T.);
#11439=ADVANCED_FACE('',(#1567),#10875,.F.);
#11440=ADVANCED_FACE('',(#1568),#10876,.F.);
#11441=ADVANCED_FACE('',(#1569),#181,.T.);
#11442=ADVANCED_FACE('',(#1570),#182,.T.);
#11443=ADVANCED_FACE('',(#1571),#10877,.F.);
#11444=ADVANCED_FACE('',(#1572),#183,.T.);
#11445=ADVANCED_FACE('',(#1573),#184,.T.);
#11446=ADVANCED_FACE('',(#1574),#185,.T.);
#11447=ADVANCED_FACE('',(#1575),#186,.T.);
#11448=ADVANCED_FACE('',(#1576),#10878,.F.);
#11449=ADVANCED_FACE('',(#1577),#187,.T.);
#11450=ADVANCED_FACE('',(#1578),#188,.T.);
#11451=ADVANCED_FACE('',(#1579),#10879,.F.);
#11452=ADVANCED_FACE('',(#1580),#10880,.F.);
#11453=ADVANCED_FACE('',(#1581),#189,.T.);
#11454=ADVANCED_FACE('',(#1582),#190,.T.);
#11455=ADVANCED_FACE('',(#1583),#10881,.F.);
#11456=ADVANCED_FACE('',(#1584),#10882,.F.);
#11457=ADVANCED_FACE('',(#1585),#63,.T.);
#11458=ADVANCED_FACE('',(#1586),#10883,.F.);
#11459=ADVANCED_FACE('',(#1587),#10884,.F.);
#11460=ADVANCED_FACE('',(#1588),#10885,.T.);
#11461=ADVANCED_FACE('',(#1589),#10886,.F.);
#11462=ADVANCED_FACE('',(#1590),#10887,.F.);
#11463=ADVANCED_FACE('',(#1591),#10888,.T.);
#11464=ADVANCED_FACE('',(#1592),#10889,.T.);
#11465=ADVANCED_FACE('',(#1593),#10890,.F.);
#11466=ADVANCED_FACE('',(#1594),#10891,.F.);
#11467=ADVANCED_FACE('',(#1595),#10892,.F.);
#11468=ADVANCED_FACE('',(#1596),#10893,.T.);
#11469=ADVANCED_FACE('',(#1597),#10894,.T.);
#11470=ADVANCED_FACE('',(#1598),#10895,.T.);
#11471=ADVANCED_FACE('',(#1599),#10896,.F.);
#11472=ADVANCED_FACE('',(#1600),#10897,.T.);
#11473=ADVANCED_FACE('',(#1601),#10898,.F.);
#11474=ADVANCED_FACE('',(#1602),#10899,.F.);
#11475=ADVANCED_FACE('',(#1603),#10900,.T.);
#11476=ADVANCED_FACE('',(#1604),#10901,.F.);
#11477=ADVANCED_FACE('',(#1605),#10902,.T.);
#11478=ADVANCED_FACE('',(#1606),#10903,.T.);
#11479=ADVANCED_FACE('',(#1607),#191,.F.);
#11480=ADVANCED_FACE('',(#1608),#192,.T.);
#11481=ADVANCED_FACE('',(#1609),#10904,.F.);
#11482=ADVANCED_FACE('',(#1610),#10905,.T.);
#11483=ADVANCED_FACE('',(#1611),#193,.T.);
#11484=ADVANCED_FACE('',(#1612),#194,.F.);
#11485=ADVANCED_FACE('',(#1613),#10906,.F.);
#11486=ADVANCED_FACE('',(#1614),#10907,.F.);
#11487=ADVANCED_FACE('',(#1615),#10908,.F.);
#11488=ADVANCED_FACE('',(#1616),#195,.T.);
#11489=ADVANCED_FACE('',(#1617),#196,.T.);
#11490=ADVANCED_FACE('',(#1618),#10909,.T.);
#11491=ADVANCED_FACE('',(#1619),#10910,.T.);
#11492=ADVANCED_FACE('',(#1620),#197,.F.);
#11493=ADVANCED_FACE('',(#1621),#10911,.T.);
#11494=ADVANCED_FACE('',(#1622),#198,.F.);
#11495=ADVANCED_FACE('',(#1623),#199,.T.);
#11496=ADVANCED_FACE('',(#1624),#10912,.F.);
#11497=ADVANCED_FACE('',(#1625),#10913,.T.);
#11498=ADVANCED_FACE('',(#1626),#200,.T.);
#11499=ADVANCED_FACE('',(#1627),#201,.F.);
#11500=ADVANCED_FACE('',(#1628),#10914,.F.);
#11501=ADVANCED_FACE('',(#1629),#10915,.F.);
#11502=ADVANCED_FACE('',(#1630),#10916,.F.);
#11503=ADVANCED_FACE('',(#1631),#202,.T.);
#11504=ADVANCED_FACE('',(#1632),#203,.T.);
#11505=ADVANCED_FACE('',(#1633),#10917,.T.);
#11506=ADVANCED_FACE('',(#1634),#10918,.T.);
#11507=ADVANCED_FACE('',(#1635),#204,.F.);
#11508=ADVANCED_FACE('',(#1636),#10919,.F.);
#11509=ADVANCED_FACE('',(#1637),#205,.F.);
#11510=ADVANCED_FACE('',(#1638),#206,.T.);
#11511=ADVANCED_FACE('',(#1639),#10920,.T.);
#11512=ADVANCED_FACE('',(#1640),#10921,.F.);
#11513=ADVANCED_FACE('',(#1641),#207,.T.);
#11514=ADVANCED_FACE('',(#1642),#208,.F.);
#11515=ADVANCED_FACE('',(#1643),#10922,.T.);
#11516=ADVANCED_FACE('',(#1644),#10923,.T.);
#11517=ADVANCED_FACE('',(#1645),#10924,.T.);
#11518=ADVANCED_FACE('',(#1646),#209,.T.);
#11519=ADVANCED_FACE('',(#1647),#210,.T.);
#11520=ADVANCED_FACE('',(#1648),#10925,.F.);
#11521=ADVANCED_FACE('',(#1649),#10926,.F.);
#11522=ADVANCED_FACE('',(#1650),#211,.F.);
#11523=ADVANCED_FACE('',(#1651),#10927,.F.);
#11524=ADVANCED_FACE('',(#1652),#212,.F.);
#11525=ADVANCED_FACE('',(#1653),#213,.T.);
#11526=ADVANCED_FACE('',(#1654),#10928,.T.);
#11527=ADVANCED_FACE('',(#1655),#10929,.F.);
#11528=ADVANCED_FACE('',(#1656),#214,.T.);
#11529=ADVANCED_FACE('',(#1657),#215,.F.);
#11530=ADVANCED_FACE('',(#1658),#10930,.T.);
#11531=ADVANCED_FACE('',(#1659),#10931,.T.);
#11532=ADVANCED_FACE('',(#1660),#10932,.T.);
#11533=ADVANCED_FACE('',(#1661),#216,.T.);
#11534=ADVANCED_FACE('',(#1662),#217,.T.);
#11535=ADVANCED_FACE('',(#1663),#10933,.F.);
#11536=ADVANCED_FACE('',(#1664),#10934,.F.);
#11537=ADVANCED_FACE('',(#1665),#218,.F.);
#11538=ADVANCED_FACE('',(#1666),#10935,.T.);
#11539=ADVANCED_FACE('',(#1667),#219,.T.);
#11540=ADVANCED_FACE('',(#1668),#10936,.T.);
#11541=ADVANCED_FACE('',(#1669),#220,.T.);
#11542=ADVANCED_FACE('',(#1670),#10937,.T.);
#11543=ADVANCED_FACE('',(#1671),#221,.T.);
#11544=ADVANCED_FACE('',(#1672),#10938,.T.);
#11545=ADVANCED_FACE('',(#1673),#222,.T.);
#11546=ADVANCED_FACE('',(#1674),#10939,.T.);
#11547=ADVANCED_FACE('',(#1675),#223,.T.);
#11548=ADVANCED_FACE('',(#1676,#585),#10940,.F.);
#11549=ADVANCED_FACE('',(#1677),#10941,.T.);
#11550=ADVANCED_FACE('',(#1678),#224,.T.);
#11551=ADVANCED_FACE('',(#1679),#10942,.T.);
#11552=ADVANCED_FACE('',(#1680),#225,.T.);
#11553=ADVANCED_FACE('',(#1681),#10943,.T.);
#11554=ADVANCED_FACE('',(#1682),#10944,.T.);
#11555=ADVANCED_FACE('',(#1683),#226,.T.);
#11556=ADVANCED_FACE('',(#1684),#10945,.T.);
#11557=ADVANCED_FACE('',(#1685),#227,.T.);
#11558=ADVANCED_FACE('',(#1686),#10946,.T.);
#11559=ADVANCED_FACE('',(#1687),#228,.T.);
#11560=ADVANCED_FACE('',(#1688),#10947,.F.);
#11561=CLOSED_SHELL('',(#10948,#10949,#10950,#10951,#10952,#10953,#10954,
#10955,#10956,#10957,#10958,#10959,#10960,#10961,#10962,#10963,#10964,#10965,
#10966,#10967,#10968,#10969,#10970,#10971,#10972,#10973,#10974,#10975,#10976,
#10977,#10978,#10979,#10980,#10981,#10982,#10983,#10984,#10985,#10986,#10987,
#10988,#10989,#10990,#10991,#10992,#10993,#10994,#10995,#10996,#10997,#10998,
#10999,#11000,#11001,#11002,#11003,#11004,#11005,#11006,#11007,#11008,#11009,
#11010,#11011,#11012,#11013,#11014,#11015,#11016,#11017,#11018,#11019,#11020,
#11021,#11022,#11023,#11024,#11025,#11026,#11027,#11028,#11029,#11030,#11031,
#11032,#11033,#11034,#11035,#11036,#11037,#11038,#11039,#11040,#11041,#11042,
#11043,#11044,#11045,#11046,#11047,#11048,#11049,#11050,#11051,#11052,#11053,
#11054,#11055,#11056,#11057,#11058,#11059,#11060,#11061,#11062,#11063,#11064,
#11065,#11066,#11067,#11068,#11069,#11070,#11071,#11072,#11073,#11074,#11075,
#11076,#11077,#11078,#11079,#11080,#11081,#11082,#11083,#11084,#11085,#11086,
#11087,#11088,#11089,#11090,#11091,#11092,#11093,#11094,#11095,#11096,#11097,
#11098,#11099,#11100,#11101,#11102,#11103,#11104,#11105,#11106,#11107,#11108,
#11109,#11110,#11111,#11112,#11113,#11114,#11115,#11116,#11117,#11118,#11119,
#11120,#11121,#11122,#11123,#11124,#11125,#11126,#11127,#11128,#11129,#11130,
#11131,#11132,#11133,#11134,#11135,#11136,#11137,#11138,#11139,#11140,#11141,
#11142,#11143,#11144,#11145,#11146,#11147,#11148,#11149,#11150,#11151,#11152,
#11153,#11154,#11155,#11156,#11157,#11158,#11159,#11160,#11161));
#11562=CLOSED_SHELL('',(#11162,#11163,#11164,#11165,#11166,#11167,#11168,
#11169,#11170,#11171));
#11563=CLOSED_SHELL('',(#11172,#11173,#11174,#11175,#11176,#11177,#11178,
#11179,#11180,#11181));
#11564=CLOSED_SHELL('',(#11182,#11183,#11184,#11185,#11186,#11187,#11188,
#11189,#11190,#11191));
#11565=CLOSED_SHELL('',(#11192,#11193,#11194,#11195,#11196,#11197,#11198,
#11199,#11200,#11201));
#11566=CLOSED_SHELL('',(#11202,#11203,#11204,#11205,#11206,#11207,#11208,
#11209,#11210,#11211));
#11567=CLOSED_SHELL('',(#11212,#11213,#11214,#11215,#11216,#11217,#11218,
#11219,#11220,#11221));
#11568=CLOSED_SHELL('',(#11222,#11223,#11224,#11225,#11226,#11227,#11228,
#11229,#11230,#11231));
#11569=CLOSED_SHELL('',(#11232,#11233,#11234,#11235,#11236,#11237,#11238,
#11239,#11240,#11241));
#11570=CLOSED_SHELL('',(#11242,#11243,#11244,#11245,#11246,#11247,#11248,
#11249,#11250,#11251));
#11571=CLOSED_SHELL('',(#11252,#11253,#11254,#11255,#11256,#11257,#11258,
#11259,#11260,#11261));
#11572=CLOSED_SHELL('',(#11262,#11263,#11264,#11265,#11266,#11267,#11268,
#11269,#11270,#11271));
#11573=CLOSED_SHELL('',(#11272,#11273,#11274,#11275,#11276,#11277,#11278,
#11279,#11280,#11281));
#11574=CLOSED_SHELL('',(#11282,#11283,#11284,#11285,#11286,#11287,#11288,
#11289,#11290,#11291));
#11575=CLOSED_SHELL('',(#11292,#11293,#11294,#11295,#11296,#11297,#11298,
#11299,#11300,#11301));
#11576=CLOSED_SHELL('',(#11302,#11303,#11304,#11305,#11306,#11307,#11308,
#11309,#11310,#11311,#11312,#11313,#11314,#11315,#11316,#11317,#11318,#11319,
#11320,#11321,#11322,#11323,#11324,#11325,#11326,#11327,#11328,#11329,#11330,
#11331,#11332,#11333,#11334,#11335,#11336,#11337,#11338,#11339,#11340,#11341,
#11342,#11343));
#11577=CLOSED_SHELL('',(#11344,#11345,#11346,#11347,#11348,#11349,#11350,
#11351,#11352,#11353,#11354,#11355,#11356,#11357,#11358,#11359,#11360,#11361,
#11362,#11363,#11364,#11365,#11366,#11367,#11368,#11369,#11370,#11371,#11372,
#11373,#11374,#11375,#11376,#11377,#11378,#11379,#11380,#11381,#11382,#11383,
#11384,#11385,#11386,#11387,#11388,#11389,#11390,#11391,#11392,#11393,#11394,
#11395,#11396,#11397,#11398,#11399,#11400,#11401,#11402,#11403,#11404,#11405,
#11406));
#11578=CLOSED_SHELL('',(#11407,#11408,#11409,#11410,#11411,#11412,#11413,
#11414,#11415,#11416,#11417,#11418,#11419,#11420,#11421,#11422,#11423,#11424,
#11425,#11426,#11427,#11428,#11429,#11430,#11431,#11432));
#11579=CLOSED_SHELL('',(#11433,#11434,#11435,#11436,#11437,#11438,#11439,
#11440,#11441,#11442,#11443,#11444,#11445,#11446,#11447,#11448,#11449,#11450,
#11451,#11452,#11453,#11454,#11455,#11456,#11457,#11458,#11459,#11460,#11461,
#11462,#11463,#11464,#11465,#11466,#11467,#11468,#11469,#11470,#11471,#11472,
#11473,#11474,#11475,#11476,#11477,#11478,#11479,#11480,#11481,#11482,#11483,
#11484,#11485,#11486,#11487,#11488,#11489,#11490,#11491,#11492,#11493,#11494,
#11495,#11496,#11497,#11498,#11499,#11500,#11501,#11502,#11503,#11504,#11505,
#11506,#11507,#11508,#11509,#11510,#11511,#11512,#11513,#11514,#11515,#11516,
#11517,#11518,#11519,#11520,#11521,#11522,#11523,#11524,#11525,#11526,#11527,
#11528,#11529,#11530,#11531,#11532,#11533,#11534,#11535,#11536,#11537));
#11580=CLOSED_SHELL('',(#11538,#11539,#11540,#11541,#11542,#11543,#11544,
#11545,#11546,#11547,#11548,#11549,#11550,#11551,#11552,#11553,#11554,#11555,
#11556,#11557,#11558,#11559,#11560));
#11581=DERIVED_UNIT_ELEMENT(#11593,1.);
#11582=DERIVED_UNIT_ELEMENT(#18756,-3.);
#11583=DERIVED_UNIT_ELEMENT(#11593,1.);
#11584=DERIVED_UNIT_ELEMENT(#18756,-3.);
#11585=DERIVED_UNIT_ELEMENT(#11593,1.);
#11586=DERIVED_UNIT_ELEMENT(#18756,-3.);
#11587=DERIVED_UNIT_ELEMENT(#11593,1.);
#11588=DERIVED_UNIT_ELEMENT(#18756,-3.);
#11589=DERIVED_UNIT_ELEMENT(#11593,1.);
#11590=DERIVED_UNIT_ELEMENT(#18756,-3.);
#11591=DERIVED_UNIT_ELEMENT(#11593,1.);
#11592=DERIVED_UNIT_ELEMENT(#18756,-3.);
#11593=(
MASS_UNIT()
NAMED_UNIT(*)
SI_UNIT(.KILO.,.GRAM.)
);
#11594=DERIVED_UNIT((#11581,#11582));
#11595=DERIVED_UNIT((#11583,#11584));
#11596=DERIVED_UNIT((#11585,#11586));
#11597=DERIVED_UNIT((#11587,#11588));
#11598=DERIVED_UNIT((#11589,#11590));
#11599=DERIVED_UNIT((#11591,#11592));
#11600=MEASURE_REPRESENTATION_ITEM('density measure',
POSITIVE_RATIO_MEASURE(7850.),#11594);
#11601=MEASURE_REPRESENTATION_ITEM('density measure',
POSITIVE_RATIO_MEASURE(7850.),#11595);
#11602=MEASURE_REPRESENTATION_ITEM('density measure',
POSITIVE_RATIO_MEASURE(7850.),#11596);
#11603=MEASURE_REPRESENTATION_ITEM('density measure',
POSITIVE_RATIO_MEASURE(7850.),#11597);
#11604=MEASURE_REPRESENTATION_ITEM('density measure',
POSITIVE_RATIO_MEASURE(7850.),#11598);
#11605=MEASURE_REPRESENTATION_ITEM('density measure',
POSITIVE_RATIO_MEASURE(7850.),#11599);
#11606=PROPERTY_DEFINITION_REPRESENTATION(#11636,#11618);
#11607=PROPERTY_DEFINITION_REPRESENTATION(#11637,#11619);
#11608=PROPERTY_DEFINITION_REPRESENTATION(#11638,#11620);
#11609=PROPERTY_DEFINITION_REPRESENTATION(#11639,#11621);
#11610=PROPERTY_DEFINITION_REPRESENTATION(#11640,#11622);
#11611=PROPERTY_DEFINITION_REPRESENTATION(#11641,#11623);
#11612=PROPERTY_DEFINITION_REPRESENTATION(#11642,#11624);
#11613=PROPERTY_DEFINITION_REPRESENTATION(#11643,#11625);
#11614=PROPERTY_DEFINITION_REPRESENTATION(#11644,#11626);
#11615=PROPERTY_DEFINITION_REPRESENTATION(#11645,#11627);
#11616=PROPERTY_DEFINITION_REPRESENTATION(#11646,#11628);
#11617=PROPERTY_DEFINITION_REPRESENTATION(#11647,#11629);
#11618=REPRESENTATION('material name',(#11630),#18748);
#11619=REPRESENTATION('density',(#11600),#18748);
#11620=REPRESENTATION('material name',(#11631),#18749);
#11621=REPRESENTATION('density',(#11601),#18749);
#11622=REPRESENTATION('material name',(#11632),#18750);
#11623=REPRESENTATION('density',(#11602),#18750);
#11624=REPRESENTATION('material name',(#11633),#18751);
#11625=REPRESENTATION('density',(#11603),#18751);
#11626=REPRESENTATION('material name',(#11634),#18752);
#11627=REPRESENTATION('density',(#11604),#18752);
#11628=REPRESENTATION('material name',(#11635),#18753);
#11629=REPRESENTATION('density',(#11605),#18753);
#11630=DESCRIPTIVE_REPRESENTATION_ITEM('Steel','Steel');
#11631=DESCRIPTIVE_REPRESENTATION_ITEM('Steel','Steel');
#11632=DESCRIPTIVE_REPRESENTATION_ITEM('Steel','Steel');
#11633=DESCRIPTIVE_REPRESENTATION_ITEM('Steel','Steel');
#11634=DESCRIPTIVE_REPRESENTATION_ITEM('Steel','Steel');
#11635=DESCRIPTIVE_REPRESENTATION_ITEM('Steel','Steel');
#11636=PROPERTY_DEFINITION('material property','material name',#18795);
#11637=PROPERTY_DEFINITION('material property','density of part',#18795);
#11638=PROPERTY_DEFINITION('material property','material name',#18796);
#11639=PROPERTY_DEFINITION('material property','density of part',#18796);
#11640=PROPERTY_DEFINITION('material property','material name',#18797);
#11641=PROPERTY_DEFINITION('material property','density of part',#18797);
#11642=PROPERTY_DEFINITION('material property','material name',#18798);
#11643=PROPERTY_DEFINITION('material property','density of part',#18798);
#11644=PROPERTY_DEFINITION('material property','material name',#18799);
#11645=PROPERTY_DEFINITION('material property','density of part',#18799);
#11646=PROPERTY_DEFINITION('material property','material name',#18800);
#11647=PROPERTY_DEFINITION('material property','density of part',#18800);
#11648=AXIS2_PLACEMENT_3D('',#15606,#12547,#12548);
#11649=AXIS2_PLACEMENT_3D('',#15607,#12549,#12550);
#11650=AXIS2_PLACEMENT_3D('',#15608,#12551,#12552);
#11651=AXIS2_PLACEMENT_3D('',#15697,#12597,#12598);
#11652=AXIS2_PLACEMENT_3D('',#15703,#12602,#12603);
#11653=AXIS2_PLACEMENT_3D('',#15707,#12606,#12607);
#11654=AXIS2_PLACEMENT_3D('',#15711,#12610,#12611);
#11655=AXIS2_PLACEMENT_3D('',#15715,#12614,#12615);
#11656=AXIS2_PLACEMENT_3D('',#15719,#12618,#12619);
#11657=AXIS2_PLACEMENT_3D('',#15723,#12622,#12623);
#11658=AXIS2_PLACEMENT_3D('',#15727,#12626,#12627);
#11659=AXIS2_PLACEMENT_3D('',#15731,#12630,#12631);
#11660=AXIS2_PLACEMENT_3D('',#15735,#12634,#12635);
#11661=AXIS2_PLACEMENT_3D('',#15739,#12638,#12639);
#11662=AXIS2_PLACEMENT_3D('',#15743,#12642,#12643);
#11663=AXIS2_PLACEMENT_3D('',#15747,#12646,#12647);
#11664=AXIS2_PLACEMENT_3D('',#15751,#12650,#12651);
#11665=AXIS2_PLACEMENT_3D('',#15755,#12654,#12655);
#11666=AXIS2_PLACEMENT_3D('',#15759,#12658,#12659);
#11667=AXIS2_PLACEMENT_3D('',#15763,#12662,#12663);
#11668=AXIS2_PLACEMENT_3D('',#15767,#12666,#12667);
#11669=AXIS2_PLACEMENT_3D('',#15771,#12670,#12671);
#11670=AXIS2_PLACEMENT_3D('',#15775,#12674,#12675);
#11671=AXIS2_PLACEMENT_3D('',#15779,#12678,#12679);
#11672=AXIS2_PLACEMENT_3D('',#15783,#12682,#12683);
#11673=AXIS2_PLACEMENT_3D('',#15787,#12686,#12687);
#11674=AXIS2_PLACEMENT_3D('',#15791,#12690,#12691);
#11675=AXIS2_PLACEMENT_3D('',#15795,#12694,#12695);
#11676=AXIS2_PLACEMENT_3D('',#15947,#12772,#12773);
#11677=AXIS2_PLACEMENT_3D('',#15949,#12775,#12776);
#11678=AXIS2_PLACEMENT_3D('',#15951,#12778,#12779);
#11679=AXIS2_PLACEMENT_3D('',#15953,#12781,#12782);
#11680=AXIS2_PLACEMENT_3D('',#15955,#12784,#12785);
#11681=AXIS2_PLACEMENT_3D('',#15957,#12787,#12788);
#11682=AXIS2_PLACEMENT_3D('',#15959,#12790,#12791);
#11683=AXIS2_PLACEMENT_3D('',#15961,#12793,#12794);
#11684=AXIS2_PLACEMENT_3D('',#15963,#12796,#12797);
#11685=AXIS2_PLACEMENT_3D('',#15965,#12799,#12800);
#11686=AXIS2_PLACEMENT_3D('',#15967,#12802,#12803);
#11687=AXIS2_PLACEMENT_3D('',#15969,#12805,#12806);
#11688=AXIS2_PLACEMENT_3D('',#15971,#12808,#12809);
#11689=AXIS2_PLACEMENT_3D('',#15973,#12811,#12812);
#11690=AXIS2_PLACEMENT_3D('',#15975,#12814,#12815);
#11691=AXIS2_PLACEMENT_3D('',#15977,#12817,#12818);
#11692=AXIS2_PLACEMENT_3D('',#15979,#12820,#12821);
#11693=AXIS2_PLACEMENT_3D('',#15981,#12823,#12824);
#11694=AXIS2_PLACEMENT_3D('',#15983,#12826,#12827);
#11695=AXIS2_PLACEMENT_3D('',#15985,#12829,#12830);
#11696=AXIS2_PLACEMENT_3D('',#15986,#12831,#12832);
#11697=AXIS2_PLACEMENT_3D('',#15992,#12836,#12837);
#11698=AXIS2_PLACEMENT_3D('',#15994,#12838,#12839);
#11699=AXIS2_PLACEMENT_3D('',#16002,#12844,#12845);
#11700=AXIS2_PLACEMENT_3D('',#16006,#12848,#12849);
#11701=AXIS2_PLACEMENT_3D('',#16008,#12850,#12851);
#11702=AXIS2_PLACEMENT_3D('',#16014,#12855,#12856);
#11703=AXIS2_PLACEMENT_3D('',#16020,#12860,#12861);
#11704=AXIS2_PLACEMENT_3D('',#16023,#12862,#12863);
#11705=AXIS2_PLACEMENT_3D('',#16030,#12868,#12869);
#11706=AXIS2_PLACEMENT_3D('',#16034,#12872,#12873);
#11707=AXIS2_PLACEMENT_3D('',#16036,#12874,#12875);
#11708=AXIS2_PLACEMENT_3D('',#16042,#12879,#12880);
#11709=AXIS2_PLACEMENT_3D('',#16048,#12884,#12885);
#11710=AXIS2_PLACEMENT_3D('',#16051,#12886,#12887);
#11711=AXIS2_PLACEMENT_3D('',#16058,#12892,#12893);
#11712=AXIS2_PLACEMENT_3D('',#16062,#12896,#12897);
#11713=AXIS2_PLACEMENT_3D('',#16064,#12898,#12899);
#11714=AXIS2_PLACEMENT_3D('',#16070,#12903,#12904);
#11715=AXIS2_PLACEMENT_3D('',#16073,#12905,#12906);
#11716=AXIS2_PLACEMENT_3D('',#16082,#12912,#12913);
#11717=AXIS2_PLACEMENT_3D('',#16086,#12916,#12917);
#11718=AXIS2_PLACEMENT_3D('',#16089,#12918,#12919);
#11719=AXIS2_PLACEMENT_3D('',#16096,#12924,#12925);
#11720=AXIS2_PLACEMENT_3D('',#16098,#12927,#12928);
#11721=AXIS2_PLACEMENT_3D('',#16104,#12932,#12933);
#11722=AXIS2_PLACEMENT_3D('',#16107,#12934,#12935);
#11723=AXIS2_PLACEMENT_3D('',#16114,#12940,#12941);
#11724=AXIS2_PLACEMENT_3D('',#16118,#12944,#12945);
#11725=AXIS2_PLACEMENT_3D('',#16120,#12946,#12947);
#11726=AXIS2_PLACEMENT_3D('',#16126,#12951,#12952);
#11727=AXIS2_PLACEMENT_3D('',#16132,#12956,#12957);
#11728=AXIS2_PLACEMENT_3D('',#16134,#12958,#12959);
#11729=AXIS2_PLACEMENT_3D('',#16142,#12964,#12965);
#11730=AXIS2_PLACEMENT_3D('',#16146,#12968,#12969);
#11731=AXIS2_PLACEMENT_3D('',#16148,#12970,#12971);
#11732=AXIS2_PLACEMENT_3D('',#16154,#12975,#12976);
#11733=AXIS2_PLACEMENT_3D('',#16160,#12980,#12981);
#11734=AXIS2_PLACEMENT_3D('',#16162,#12982,#12983);
#11735=AXIS2_PLACEMENT_3D('',#16170,#12988,#12989);
#11736=AXIS2_PLACEMENT_3D('',#16174,#12992,#12993);
#11737=AXIS2_PLACEMENT_3D('',#16176,#12994,#12995);
#11738=AXIS2_PLACEMENT_3D('',#16182,#12999,#13000);
#11739=AXIS2_PLACEMENT_3D('',#16188,#13004,#13005);
#11740=AXIS2_PLACEMENT_3D('',#16191,#13006,#13007);
#11741=AXIS2_PLACEMENT_3D('',#16198,#13012,#13013);
#11742=AXIS2_PLACEMENT_3D('',#16202,#13016,#13017);
#11743=AXIS2_PLACEMENT_3D('',#16204,#13018,#13019);
#11744=AXIS2_PLACEMENT_3D('',#16210,#13023,#13024);
#11745=AXIS2_PLACEMENT_3D('',#16216,#13028,#13029);
#11746=AXIS2_PLACEMENT_3D('',#16219,#13030,#13031);
#11747=AXIS2_PLACEMENT_3D('',#16226,#13036,#13037);
#11748=AXIS2_PLACEMENT_3D('',#16230,#13040,#13041);
#11749=AXIS2_PLACEMENT_3D('',#16232,#13042,#13043);
#11750=AXIS2_PLACEMENT_3D('',#16238,#13047,#13048);
#11751=AXIS2_PLACEMENT_3D('',#16244,#13052,#13053);
#11752=AXIS2_PLACEMENT_3D('',#16246,#13054,#13055);
#11753=AXIS2_PLACEMENT_3D('',#16254,#13060,#13061);
#11754=AXIS2_PLACEMENT_3D('',#16258,#13064,#13065);
#11755=AXIS2_PLACEMENT_3D('',#16260,#13066,#13067);
#11756=AXIS2_PLACEMENT_3D('',#16266,#13071,#13072);
#11757=AXIS2_PLACEMENT_3D('',#16269,#13073,#13074);
#11758=AXIS2_PLACEMENT_3D('',#16278,#13080,#13081);
#11759=AXIS2_PLACEMENT_3D('',#16282,#13084,#13085);
#11760=AXIS2_PLACEMENT_3D('',#16285,#13086,#13087);
#11761=AXIS2_PLACEMENT_3D('',#16292,#13092,#13093);
#11762=AXIS2_PLACEMENT_3D('',#16294,#13095,#13096);
#11763=AXIS2_PLACEMENT_3D('',#16300,#13100,#13101);
#11764=AXIS2_PLACEMENT_3D('',#16302,#13102,#13103);
#11765=AXIS2_PLACEMENT_3D('',#16310,#13108,#13109);
#11766=AXIS2_PLACEMENT_3D('',#16314,#13112,#13113);
#11767=AXIS2_PLACEMENT_3D('',#16316,#13114,#13115);
#11768=AXIS2_PLACEMENT_3D('',#16322,#13119,#13120);
#11769=AXIS2_PLACEMENT_3D('',#16325,#13121,#13122);
#11770=AXIS2_PLACEMENT_3D('',#16334,#13128,#13129);
#11771=AXIS2_PLACEMENT_3D('',#16338,#13132,#13133);
#11772=AXIS2_PLACEMENT_3D('',#16341,#13134,#13135);
#11773=AXIS2_PLACEMENT_3D('',#16348,#13140,#13141);
#11774=AXIS2_PLACEMENT_3D('',#16350,#13143,#13144);
#11775=AXIS2_PLACEMENT_3D('',#16353,#13145,#13146);
#11776=AXIS2_PLACEMENT_3D('',#16362,#13152,#13153);
#11777=AXIS2_PLACEMENT_3D('',#16366,#13156,#13157);
#11778=AXIS2_PLACEMENT_3D('',#16369,#13158,#13159);
#11779=AXIS2_PLACEMENT_3D('',#16376,#13164,#13165);
#11780=AXIS2_PLACEMENT_3D('',#16378,#13167,#13168);
#11781=AXIS2_PLACEMENT_3D('',#16380,#13170,#13171);
#11782=AXIS2_PLACEMENT_3D('',#16382,#13173,#13174);
#11783=AXIS2_PLACEMENT_3D('',#16388,#13178,#13179);
#11784=AXIS2_PLACEMENT_3D('',#16390,#13181,#13182);
#11785=AXIS2_PLACEMENT_3D('',#16396,#13186,#13187);
#11786=AXIS2_PLACEMENT_3D('',#16398,#13189,#13190);
#11787=AXIS2_PLACEMENT_3D('',#16400,#13192,#13193);
#11788=AXIS2_PLACEMENT_3D('',#16402,#13195,#13196);
#11789=AXIS2_PLACEMENT_3D('',#16408,#13200,#13201);
#11790=AXIS2_PLACEMENT_3D('',#16414,#13205,#13206);
#11791=AXIS2_PLACEMENT_3D('',#16416,#13208,#13209);
#11792=AXIS2_PLACEMENT_3D('',#16418,#13211,#13212);
#11793=AXIS2_PLACEMENT_3D('',#16420,#13214,#13215);
#11794=AXIS2_PLACEMENT_3D('',#16426,#13219,#13220);
#11795=AXIS2_PLACEMENT_3D('',#16432,#13224,#13225);
#11796=AXIS2_PLACEMENT_3D('',#16434,#13227,#13228);
#11797=AXIS2_PLACEMENT_3D('',#16436,#13230,#13231);
#11798=AXIS2_PLACEMENT_3D('',#16442,#13235,#13236);
#11799=AXIS2_PLACEMENT_3D('',#16444,#13238,#13239);
#11800=AXIS2_PLACEMENT_3D('',#16450,#13243,#13244);
#11801=AXIS2_PLACEMENT_3D('',#16452,#13246,#13247);
#11802=AXIS2_PLACEMENT_3D('',#16454,#13249,#13250);
#11803=AXIS2_PLACEMENT_3D('',#16456,#13252,#13253);
#11804=AXIS2_PLACEMENT_3D('',#16462,#13257,#13258);
#11805=AXIS2_PLACEMENT_3D('',#16468,#13262,#13263);
#11806=AXIS2_PLACEMENT_3D('',#16470,#13265,#13266);
#11807=AXIS2_PLACEMENT_3D('',#16472,#13268,#13269);
#11808=AXIS2_PLACEMENT_3D('',#16478,#13273,#13274);
#11809=AXIS2_PLACEMENT_3D('',#16480,#13276,#13277);
#11810=AXIS2_PLACEMENT_3D('',#16486,#13281,#13282);
#11811=AXIS2_PLACEMENT_3D('',#16488,#13284,#13285);
#11812=AXIS2_PLACEMENT_3D('',#16490,#13287,#13288);
#11813=AXIS2_PLACEMENT_3D('',#16496,#13292,#13293);
#11814=AXIS2_PLACEMENT_3D('',#16498,#13295,#13296);
#11815=AXIS2_PLACEMENT_3D('',#16504,#13300,#13301);
#11816=AXIS2_PLACEMENT_3D('',#16506,#13303,#13304);
#11817=AXIS2_PLACEMENT_3D('',#16508,#13306,#13307);
#11818=AXIS2_PLACEMENT_3D('',#16510,#13309,#13310);
#11819=AXIS2_PLACEMENT_3D('',#16516,#13314,#13315);
#11820=AXIS2_PLACEMENT_3D('',#16522,#13319,#13320);
#11821=AXIS2_PLACEMENT_3D('',#16524,#13322,#13323);
#11822=AXIS2_PLACEMENT_3D('',#16526,#13325,#13326);
#11823=AXIS2_PLACEMENT_3D('',#16528,#13328,#13329);
#11824=AXIS2_PLACEMENT_3D('',#16534,#13333,#13334);
#11825=AXIS2_PLACEMENT_3D('',#16540,#13338,#13339);
#11826=AXIS2_PLACEMENT_3D('',#16542,#13341,#13342);
#11827=AXIS2_PLACEMENT_3D('',#16544,#13344,#13345);
#11828=AXIS2_PLACEMENT_3D('',#16550,#13349,#13350);
#11829=AXIS2_PLACEMENT_3D('',#16552,#13352,#13353);
#11830=AXIS2_PLACEMENT_3D('',#16558,#13357,#13358);
#11831=AXIS2_PLACEMENT_3D('',#16560,#13360,#13361);
#11832=AXIS2_PLACEMENT_3D('',#16562,#13363,#13364);
#11833=AXIS2_PLACEMENT_3D('',#16568,#13368,#13369);
#11834=AXIS2_PLACEMENT_3D('',#16570,#13371,#13372);
#11835=AXIS2_PLACEMENT_3D('',#16576,#13376,#13377);
#11836=AXIS2_PLACEMENT_3D('',#16578,#13379,#13380);
#11837=AXIS2_PLACEMENT_3D('',#16580,#13382,#13383);
#11838=AXIS2_PLACEMENT_3D('',#16586,#13387,#13388);
#11839=AXIS2_PLACEMENT_3D('',#16588,#13390,#13391);
#11840=AXIS2_PLACEMENT_3D('',#16594,#13395,#13396);
#11841=AXIS2_PLACEMENT_3D('',#16596,#13398,#13399);
#11842=AXIS2_PLACEMENT_3D('',#16598,#13401,#13402);
#11843=AXIS2_PLACEMENT_3D('',#16604,#13406,#13407);
#11844=AXIS2_PLACEMENT_3D('',#16606,#13409,#13410);
#11845=AXIS2_PLACEMENT_3D('',#16612,#13414,#13415);
#11846=AXIS2_PLACEMENT_3D('',#16614,#13417,#13418);
#11847=AXIS2_PLACEMENT_3D('',#16616,#13420,#13421);
#11848=AXIS2_PLACEMENT_3D('',#16622,#13425,#13426);
#11849=AXIS2_PLACEMENT_3D('',#16624,#13428,#13429);
#11850=AXIS2_PLACEMENT_3D('',#16630,#13433,#13434);
#11851=AXIS2_PLACEMENT_3D('',#16632,#13436,#13437);
#11852=AXIS2_PLACEMENT_3D('',#16634,#13439,#13440);
#11853=AXIS2_PLACEMENT_3D('',#16635,#13441,#13442);
#11854=AXIS2_PLACEMENT_3D('',#16637,#13444,#13445);
#11855=AXIS2_PLACEMENT_3D('',#16639,#13447,#13448);
#11856=AXIS2_PLACEMENT_3D('',#16640,#13449,#13450);
#11857=AXIS2_PLACEMENT_3D('',#16642,#13452,#13453);
#11858=AXIS2_PLACEMENT_3D('',#16644,#13455,#13456);
#11859=AXIS2_PLACEMENT_3D('',#16645,#13457,#13458);
#11860=AXIS2_PLACEMENT_3D('',#16647,#13460,#13461);
#11861=AXIS2_PLACEMENT_3D('',#16649,#13463,#13464);
#11862=AXIS2_PLACEMENT_3D('',#16650,#13465,#13466);
#11863=AXIS2_PLACEMENT_3D('',#16652,#13468,#13469);
#11864=AXIS2_PLACEMENT_3D('',#16654,#13471,#13472);
#11865=AXIS2_PLACEMENT_3D('',#16655,#13473,#13474);
#11866=AXIS2_PLACEMENT_3D('',#16657,#13476,#13477);
#11867=AXIS2_PLACEMENT_3D('',#16659,#13479,#13480);
#11868=AXIS2_PLACEMENT_3D('',#16660,#13481,#13482);
#11869=AXIS2_PLACEMENT_3D('',#16662,#13484,#13485);
#11870=AXIS2_PLACEMENT_3D('',#16664,#13487,#13488);
#11871=AXIS2_PLACEMENT_3D('',#16665,#13489,#13490);
#11872=AXIS2_PLACEMENT_3D('',#16667,#13492,#13493);
#11873=AXIS2_PLACEMENT_3D('',#16669,#13495,#13496);
#11874=AXIS2_PLACEMENT_3D('',#16670,#13497,#13498);
#11875=AXIS2_PLACEMENT_3D('',#16672,#13500,#13501);
#11876=AXIS2_PLACEMENT_3D('',#16674,#13503,#13504);
#11877=AXIS2_PLACEMENT_3D('',#16675,#13505,#13506);
#11878=AXIS2_PLACEMENT_3D('',#16677,#13508,#13509);
#11879=AXIS2_PLACEMENT_3D('',#16679,#13511,#13512);
#11880=AXIS2_PLACEMENT_3D('',#16680,#13513,#13514);
#11881=AXIS2_PLACEMENT_3D('',#16682,#13516,#13517);
#11882=AXIS2_PLACEMENT_3D('',#16684,#13519,#13520);
#11883=AXIS2_PLACEMENT_3D('',#16685,#13521,#13522);
#11884=AXIS2_PLACEMENT_3D('',#16687,#13524,#13525);
#11885=AXIS2_PLACEMENT_3D('',#16689,#13527,#13528);
#11886=AXIS2_PLACEMENT_3D('',#16690,#13529,#13530);
#11887=AXIS2_PLACEMENT_3D('',#16692,#13532,#13533);
#11888=AXIS2_PLACEMENT_3D('',#16694,#13535,#13536);
#11889=AXIS2_PLACEMENT_3D('',#16695,#13537,#13538);
#11890=AXIS2_PLACEMENT_3D('',#16697,#13540,#13541);
#11891=AXIS2_PLACEMENT_3D('',#16699,#13543,#13544);
#11892=AXIS2_PLACEMENT_3D('',#16700,#13545,#13546);
#11893=AXIS2_PLACEMENT_3D('',#16709,#13551,#13552);
#11894=AXIS2_PLACEMENT_3D('',#16715,#13556,#13557);
#11895=AXIS2_PLACEMENT_3D('',#16719,#13560,#13561);
#11896=AXIS2_PLACEMENT_3D('',#16723,#13564,#13565);
#11897=AXIS2_PLACEMENT_3D('',#16725,#13567,#13568);
#11898=AXIS2_PLACEMENT_3D('',#16731,#13572,#13573);
#11899=AXIS2_PLACEMENT_3D('',#16735,#13576,#13577);
#11900=AXIS2_PLACEMENT_3D('',#16739,#13580,#13581);
#11901=AXIS2_PLACEMENT_3D('',#16741,#13583,#13584);
#11902=AXIS2_PLACEMENT_3D('',#16742,#13585,#13586);
#11903=AXIS2_PLACEMENT_3D('',#16751,#13591,#13592);
#11904=AXIS2_PLACEMENT_3D('',#16757,#13596,#13597);
#11905=AXIS2_PLACEMENT_3D('',#16761,#13600,#13601);
#11906=AXIS2_PLACEMENT_3D('',#16765,#13604,#13605);
#11907=AXIS2_PLACEMENT_3D('',#16767,#13607,#13608);
#11908=AXIS2_PLACEMENT_3D('',#16773,#13612,#13613);
#11909=AXIS2_PLACEMENT_3D('',#16777,#13616,#13617);
#11910=AXIS2_PLACEMENT_3D('',#16781,#13620,#13621);
#11911=AXIS2_PLACEMENT_3D('',#16783,#13623,#13624);
#11912=AXIS2_PLACEMENT_3D('',#16784,#13625,#13626);
#11913=AXIS2_PLACEMENT_3D('',#16793,#13631,#13632);
#11914=AXIS2_PLACEMENT_3D('',#16799,#13636,#13637);
#11915=AXIS2_PLACEMENT_3D('',#16803,#13640,#13641);
#11916=AXIS2_PLACEMENT_3D('',#16807,#13644,#13645);
#11917=AXIS2_PLACEMENT_3D('',#16809,#13647,#13648);
#11918=AXIS2_PLACEMENT_3D('',#16815,#13652,#13653);
#11919=AXIS2_PLACEMENT_3D('',#16819,#13656,#13657);
#11920=AXIS2_PLACEMENT_3D('',#16823,#13660,#13661);
#11921=AXIS2_PLACEMENT_3D('',#16825,#13663,#13664);
#11922=AXIS2_PLACEMENT_3D('',#16826,#13665,#13666);
#11923=AXIS2_PLACEMENT_3D('',#16835,#13671,#13672);
#11924=AXIS2_PLACEMENT_3D('',#16841,#13676,#13677);
#11925=AXIS2_PLACEMENT_3D('',#16845,#13680,#13681);
#11926=AXIS2_PLACEMENT_3D('',#16849,#13684,#13685);
#11927=AXIS2_PLACEMENT_3D('',#16851,#13687,#13688);
#11928=AXIS2_PLACEMENT_3D('',#16857,#13692,#13693);
#11929=AXIS2_PLACEMENT_3D('',#16861,#13696,#13697);
#11930=AXIS2_PLACEMENT_3D('',#16865,#13700,#13701);
#11931=AXIS2_PLACEMENT_3D('',#16867,#13703,#13704);
#11932=AXIS2_PLACEMENT_3D('',#16868,#13705,#13706);
#11933=AXIS2_PLACEMENT_3D('',#16877,#13711,#13712);
#11934=AXIS2_PLACEMENT_3D('',#16883,#13716,#13717);
#11935=AXIS2_PLACEMENT_3D('',#16887,#13720,#13721);
#11936=AXIS2_PLACEMENT_3D('',#16891,#13724,#13725);
#11937=AXIS2_PLACEMENT_3D('',#16893,#13727,#13728);
#11938=AXIS2_PLACEMENT_3D('',#16899,#13732,#13733);
#11939=AXIS2_PLACEMENT_3D('',#16903,#13736,#13737);
#11940=AXIS2_PLACEMENT_3D('',#16907,#13740,#13741);
#11941=AXIS2_PLACEMENT_3D('',#16909,#13743,#13744);
#11942=AXIS2_PLACEMENT_3D('',#16910,#13745,#13746);
#11943=AXIS2_PLACEMENT_3D('',#16919,#13751,#13752);
#11944=AXIS2_PLACEMENT_3D('',#16925,#13756,#13757);
#11945=AXIS2_PLACEMENT_3D('',#16929,#13760,#13761);
#11946=AXIS2_PLACEMENT_3D('',#16933,#13764,#13765);
#11947=AXIS2_PLACEMENT_3D('',#16935,#13767,#13768);
#11948=AXIS2_PLACEMENT_3D('',#16941,#13772,#13773);
#11949=AXIS2_PLACEMENT_3D('',#16945,#13776,#13777);
#11950=AXIS2_PLACEMENT_3D('',#16949,#13780,#13781);
#11951=AXIS2_PLACEMENT_3D('',#16951,#13783,#13784);
#11952=AXIS2_PLACEMENT_3D('',#16952,#13785,#13786);
#11953=AXIS2_PLACEMENT_3D('',#16961,#13791,#13792);
#11954=AXIS2_PLACEMENT_3D('',#16967,#13796,#13797);
#11955=AXIS2_PLACEMENT_3D('',#16971,#13800,#13801);
#11956=AXIS2_PLACEMENT_3D('',#16975,#13804,#13805);
#11957=AXIS2_PLACEMENT_3D('',#16977,#13807,#13808);
#11958=AXIS2_PLACEMENT_3D('',#16983,#13812,#13813);
#11959=AXIS2_PLACEMENT_3D('',#16987,#13816,#13817);
#11960=AXIS2_PLACEMENT_3D('',#16991,#13820,#13821);
#11961=AXIS2_PLACEMENT_3D('',#16993,#13823,#13824);
#11962=AXIS2_PLACEMENT_3D('',#16994,#13825,#13826);
#11963=AXIS2_PLACEMENT_3D('',#17003,#13831,#13832);
#11964=AXIS2_PLACEMENT_3D('',#17009,#13836,#13837);
#11965=AXIS2_PLACEMENT_3D('',#17013,#13840,#13841);
#11966=AXIS2_PLACEMENT_3D('',#17017,#13844,#13845);
#11967=AXIS2_PLACEMENT_3D('',#17019,#13847,#13848);
#11968=AXIS2_PLACEMENT_3D('',#17025,#13852,#13853);
#11969=AXIS2_PLACEMENT_3D('',#17029,#13856,#13857);
#11970=AXIS2_PLACEMENT_3D('',#17033,#13860,#13861);
#11971=AXIS2_PLACEMENT_3D('',#17035,#13863,#13864);
#11972=AXIS2_PLACEMENT_3D('',#17036,#13865,#13866);
#11973=AXIS2_PLACEMENT_3D('',#17045,#13871,#13872);
#11974=AXIS2_PLACEMENT_3D('',#17051,#13876,#13877);
#11975=AXIS2_PLACEMENT_3D('',#17055,#13880,#13881);
#11976=AXIS2_PLACEMENT_3D('',#17059,#13884,#13885);
#11977=AXIS2_PLACEMENT_3D('',#17061,#13887,#13888);
#11978=AXIS2_PLACEMENT_3D('',#17067,#13892,#13893);
#11979=AXIS2_PLACEMENT_3D('',#17071,#13896,#13897);
#11980=AXIS2_PLACEMENT_3D('',#17075,#13900,#13901);
#11981=AXIS2_PLACEMENT_3D('',#17077,#13903,#13904);
#11982=AXIS2_PLACEMENT_3D('',#17078,#13905,#13906);
#11983=AXIS2_PLACEMENT_3D('',#17087,#13911,#13912);
#11984=AXIS2_PLACEMENT_3D('',#17093,#13916,#13917);
#11985=AXIS2_PLACEMENT_3D('',#17097,#13920,#13921);
#11986=AXIS2_PLACEMENT_3D('',#17101,#13924,#13925);
#11987=AXIS2_PLACEMENT_3D('',#17103,#13927,#13928);
#11988=AXIS2_PLACEMENT_3D('',#17109,#13932,#13933);
#11989=AXIS2_PLACEMENT_3D('',#17113,#13936,#13937);
#11990=AXIS2_PLACEMENT_3D('',#17117,#13940,#13941);
#11991=AXIS2_PLACEMENT_3D('',#17119,#13943,#13944);
#11992=AXIS2_PLACEMENT_3D('',#17120,#13945,#13946);
#11993=AXIS2_PLACEMENT_3D('',#17129,#13951,#13952);
#11994=AXIS2_PLACEMENT_3D('',#17135,#13956,#13957);
#11995=AXIS2_PLACEMENT_3D('',#17139,#13960,#13961);
#11996=AXIS2_PLACEMENT_3D('',#17143,#13964,#13965);
#11997=AXIS2_PLACEMENT_3D('',#17145,#13967,#13968);
#11998=AXIS2_PLACEMENT_3D('',#17151,#13972,#13973);
#11999=AXIS2_PLACEMENT_3D('',#17155,#13976,#13977);
#12000=AXIS2_PLACEMENT_3D('',#17159,#13980,#13981);
#12001=AXIS2_PLACEMENT_3D('',#17161,#13983,#13984);
#12002=AXIS2_PLACEMENT_3D('',#17162,#13985,#13986);
#12003=AXIS2_PLACEMENT_3D('',#17171,#13991,#13992);
#12004=AXIS2_PLACEMENT_3D('',#17177,#13996,#13997);
#12005=AXIS2_PLACEMENT_3D('',#17181,#14000,#14001);
#12006=AXIS2_PLACEMENT_3D('',#17185,#14004,#14005);
#12007=AXIS2_PLACEMENT_3D('',#17187,#14007,#14008);
#12008=AXIS2_PLACEMENT_3D('',#17193,#14012,#14013);
#12009=AXIS2_PLACEMENT_3D('',#17197,#14016,#14017);
#12010=AXIS2_PLACEMENT_3D('',#17201,#14020,#14021);
#12011=AXIS2_PLACEMENT_3D('',#17203,#14023,#14024);
#12012=AXIS2_PLACEMENT_3D('',#17204,#14025,#14026);
#12013=AXIS2_PLACEMENT_3D('',#17213,#14031,#14032);
#12014=AXIS2_PLACEMENT_3D('',#17219,#14036,#14037);
#12015=AXIS2_PLACEMENT_3D('',#17223,#14040,#14041);
#12016=AXIS2_PLACEMENT_3D('',#17227,#14044,#14045);
#12017=AXIS2_PLACEMENT_3D('',#17229,#14047,#14048);
#12018=AXIS2_PLACEMENT_3D('',#17235,#14052,#14053);
#12019=AXIS2_PLACEMENT_3D('',#17239,#14056,#14057);
#12020=AXIS2_PLACEMENT_3D('',#17243,#14060,#14061);
#12021=AXIS2_PLACEMENT_3D('',#17245,#14063,#14064);
#12022=AXIS2_PLACEMENT_3D('',#17246,#14065,#14066);
#12023=AXIS2_PLACEMENT_3D('',#17255,#14071,#14072);
#12024=AXIS2_PLACEMENT_3D('',#17261,#14076,#14077);
#12025=AXIS2_PLACEMENT_3D('',#17265,#14080,#14081);
#12026=AXIS2_PLACEMENT_3D('',#17269,#14084,#14085);
#12027=AXIS2_PLACEMENT_3D('',#17271,#14087,#14088);
#12028=AXIS2_PLACEMENT_3D('',#17277,#14092,#14093);
#12029=AXIS2_PLACEMENT_3D('',#17281,#14096,#14097);
#12030=AXIS2_PLACEMENT_3D('',#17285,#14100,#14101);
#12031=AXIS2_PLACEMENT_3D('',#17287,#14103,#14104);
#12032=AXIS2_PLACEMENT_3D('',#17288,#14105,#14106);
#12033=AXIS2_PLACEMENT_3D('',#17289,#14107,#14108);
#12034=AXIS2_PLACEMENT_3D('',#17294,#14110,#14111);
#12035=AXIS2_PLACEMENT_3D('',#17297,#14113,#14114);
#12036=AXIS2_PLACEMENT_3D('',#17298,#14115,#14116);
#12037=AXIS2_PLACEMENT_3D('',#17304,#14120,#14121);
#12038=AXIS2_PLACEMENT_3D('',#17310,#14125,#14126);
#12039=AXIS2_PLACEMENT_3D('',#17312,#14127,#14128);
#12040=AXIS2_PLACEMENT_3D('',#17316,#14130,#14131);
#12041=AXIS2_PLACEMENT_3D('',#17319,#14133,#14134);
#12042=AXIS2_PLACEMENT_3D('',#17321,#14135,#14136);
#12043=AXIS2_PLACEMENT_3D('',#17323,#14137,#14138);
#12044=AXIS2_PLACEMENT_3D('',#17325,#14139,#14140);
#12045=AXIS2_PLACEMENT_3D('',#17327,#14141,#14142);
#12046=AXIS2_PLACEMENT_3D('',#17329,#14143,#14144);
#12047=AXIS2_PLACEMENT_3D('',#17331,#14145,#14146);
#12048=AXIS2_PLACEMENT_3D('',#17333,#14147,#14148);
#12049=AXIS2_PLACEMENT_3D('',#17335,#14149,#14150);
#12050=AXIS2_PLACEMENT_3D('',#17337,#14151,#14152);
#12051=AXIS2_PLACEMENT_3D('',#17339,#14153,#14154);
#12052=AXIS2_PLACEMENT_3D('',#17341,#14155,#14156);
#12053=AXIS2_PLACEMENT_3D('',#17343,#14157,#14158);
#12054=AXIS2_PLACEMENT_3D('',#17345,#14159,#14160);
#12055=AXIS2_PLACEMENT_3D('',#17347,#14161,#14162);
#12056=AXIS2_PLACEMENT_3D('',#17349,#14163,#14164);
#12057=AXIS2_PLACEMENT_3D('',#17351,#14165,#14166);
#12058=AXIS2_PLACEMENT_3D('',#17353,#14167,#14168);
#12059=AXIS2_PLACEMENT_3D('',#17355,#14169,#14170);
#12060=AXIS2_PLACEMENT_3D('',#17357,#14171,#14172);
#12061=AXIS2_PLACEMENT_3D('',#17359,#14173,#14174);
#12062=AXIS2_PLACEMENT_3D('',#17361,#14175,#14176);
#12063=AXIS2_PLACEMENT_3D('',#17363,#14177,#14178);
#12064=AXIS2_PLACEMENT_3D('',#17365,#14179,#14180);
#12065=AXIS2_PLACEMENT_3D('',#17367,#14181,#14182);
#12066=AXIS2_PLACEMENT_3D('',#17369,#14183,#14184);
#12067=AXIS2_PLACEMENT_3D('',#17371,#14185,#14186);
#12068=AXIS2_PLACEMENT_3D('',#17373,#14187,#14188);
#12069=AXIS2_PLACEMENT_3D('',#17375,#14189,#14190);
#12070=AXIS2_PLACEMENT_3D('',#17377,#14191,#14192);
#12071=AXIS2_PLACEMENT_3D('',#17379,#14193,#14194);
#12072=AXIS2_PLACEMENT_3D('',#17381,#14195,#14196);
#12073=AXIS2_PLACEMENT_3D('',#17383,#14197,#14198);
#12074=AXIS2_PLACEMENT_3D('',#17384,#14199,#14200);
#12075=AXIS2_PLACEMENT_3D('',#17386,#14201,#14202);
#12076=AXIS2_PLACEMENT_3D('',#17390,#14204,#14205);
#12077=AXIS2_PLACEMENT_3D('',#17393,#14207,#14208);
#12078=AXIS2_PLACEMENT_3D('',#17395,#14209,#14210);
#12079=AXIS2_PLACEMENT_3D('',#17397,#14211,#14212);
#12080=AXIS2_PLACEMENT_3D('',#17399,#14213,#14214);
#12081=AXIS2_PLACEMENT_3D('',#17401,#14215,#14216);
#12082=AXIS2_PLACEMENT_3D('',#17403,#14217,#14218);
#12083=AXIS2_PLACEMENT_3D('',#17405,#14219,#14220);
#12084=AXIS2_PLACEMENT_3D('',#17407,#14221,#14222);
#12085=AXIS2_PLACEMENT_3D('',#17409,#14223,#14224);
#12086=AXIS2_PLACEMENT_3D('',#17411,#14225,#14226);
#12087=AXIS2_PLACEMENT_3D('',#17413,#14227,#14228);
#12088=AXIS2_PLACEMENT_3D('',#17415,#14229,#14230);
#12089=AXIS2_PLACEMENT_3D('',#17417,#14231,#14232);
#12090=AXIS2_PLACEMENT_3D('',#17419,#14233,#14234);
#12091=AXIS2_PLACEMENT_3D('',#17421,#14235,#14236);
#12092=AXIS2_PLACEMENT_3D('',#17423,#14237,#14238);
#12093=AXIS2_PLACEMENT_3D('',#17425,#14239,#14240);
#12094=AXIS2_PLACEMENT_3D('',#17427,#14241,#14242);
#12095=AXIS2_PLACEMENT_3D('',#17429,#14243,#14244);
#12096=AXIS2_PLACEMENT_3D('',#17431,#14245,#14246);
#12097=AXIS2_PLACEMENT_3D('',#17433,#14247,#14248);
#12098=AXIS2_PLACEMENT_3D('',#17435,#14249,#14250);
#12099=AXIS2_PLACEMENT_3D('',#17437,#14251,#14252);
#12100=AXIS2_PLACEMENT_3D('',#17439,#14253,#14254);
#12101=AXIS2_PLACEMENT_3D('',#17441,#14255,#14256);
#12102=AXIS2_PLACEMENT_3D('',#17443,#14257,#14258);
#12103=AXIS2_PLACEMENT_3D('',#17445,#14259,#14260);
#12104=AXIS2_PLACEMENT_3D('',#17447,#14261,#14262);
#12105=AXIS2_PLACEMENT_3D('',#17449,#14263,#14264);
#12106=AXIS2_PLACEMENT_3D('',#17451,#14265,#14266);
#12107=AXIS2_PLACEMENT_3D('',#17453,#14267,#14268);
#12108=AXIS2_PLACEMENT_3D('',#17455,#14269,#14270);
#12109=AXIS2_PLACEMENT_3D('',#17457,#14271,#14272);
#12110=AXIS2_PLACEMENT_3D('',#17458,#14273,#14274);
#12111=AXIS2_PLACEMENT_3D('',#17460,#14276,#14277);
#12112=AXIS2_PLACEMENT_3D('',#17462,#14279,#14280);
#12113=AXIS2_PLACEMENT_3D('',#17464,#14282,#14283);
#12114=AXIS2_PLACEMENT_3D('',#17466,#14285,#14286);
#12115=AXIS2_PLACEMENT_3D('',#17467,#14287,#14288);
#12116=AXIS2_PLACEMENT_3D('',#17469,#14290,#14291);
#12117=AXIS2_PLACEMENT_3D('',#17471,#14293,#14294);
#12118=AXIS2_PLACEMENT_3D('',#17473,#14296,#14297);
#12119=AXIS2_PLACEMENT_3D('',#17475,#14299,#14300);
#12120=AXIS2_PLACEMENT_3D('',#17477,#14302,#14303);
#12121=AXIS2_PLACEMENT_3D('',#17479,#14305,#14306);
#12122=AXIS2_PLACEMENT_3D('',#17481,#14308,#14309);
#12123=AXIS2_PLACEMENT_3D('',#17483,#14311,#14312);
#12124=AXIS2_PLACEMENT_3D('',#17485,#14314,#14315);
#12125=AXIS2_PLACEMENT_3D('',#17487,#14317,#14318);
#12126=AXIS2_PLACEMENT_3D('',#17489,#14320,#14321);
#12127=AXIS2_PLACEMENT_3D('',#17491,#14323,#14324);
#12128=AXIS2_PLACEMENT_3D('',#17493,#14326,#14327);
#12129=AXIS2_PLACEMENT_3D('',#17495,#14329,#14330);
#12130=AXIS2_PLACEMENT_3D('',#17497,#14332,#14333);
#12131=AXIS2_PLACEMENT_3D('',#17499,#14335,#14336);
#12132=AXIS2_PLACEMENT_3D('',#17501,#14338,#14339);
#12133=AXIS2_PLACEMENT_3D('',#17503,#14341,#14342);
#12134=AXIS2_PLACEMENT_3D('',#17505,#14344,#14345);
#12135=AXIS2_PLACEMENT_3D('',#17507,#14347,#14348);
#12136=AXIS2_PLACEMENT_3D('',#17509,#14350,#14351);
#12137=AXIS2_PLACEMENT_3D('',#17511,#14353,#14354);
#12138=AXIS2_PLACEMENT_3D('',#17513,#14356,#14357);
#12139=AXIS2_PLACEMENT_3D('',#17515,#14359,#14360);
#12140=AXIS2_PLACEMENT_3D('',#17517,#14362,#14363);
#12141=AXIS2_PLACEMENT_3D('',#17519,#14365,#14366);
#12142=AXIS2_PLACEMENT_3D('',#17521,#14368,#14369);
#12143=AXIS2_PLACEMENT_3D('',#17523,#14371,#14372);
#12144=AXIS2_PLACEMENT_3D('',#17525,#14374,#14375);
#12145=AXIS2_PLACEMENT_3D('',#17527,#14377,#14378);
#12146=AXIS2_PLACEMENT_3D('',#17529,#14380,#14381);
#12147=AXIS2_PLACEMENT_3D('',#17531,#14383,#14384);
#12148=AXIS2_PLACEMENT_3D('',#17532,#14385,#14386);
#12149=AXIS2_PLACEMENT_3D('',#17535,#14387,#14388);
#12150=AXIS2_PLACEMENT_3D('',#17539,#14390,#14391);
#12151=AXIS2_PLACEMENT_3D('',#17541,#14393,#14394);
#12152=AXIS2_PLACEMENT_3D('',#17551,#14400,#14401);
#12153=AXIS2_PLACEMENT_3D('',#17555,#14403,#14404);
#12154=AXIS2_PLACEMENT_3D('',#17559,#14406,#14407);
#12155=AXIS2_PLACEMENT_3D('',#17562,#14409,#14410);
#12156=AXIS2_PLACEMENT_3D('',#17567,#14412,#14413);
#12157=AXIS2_PLACEMENT_3D('',#17571,#14415,#14416);
#12158=AXIS2_PLACEMENT_3D('',#17575,#14418,#14419);
#12159=AXIS2_PLACEMENT_3D('',#17579,#14421,#14422);
#12160=AXIS2_PLACEMENT_3D('',#17582,#14424,#14425);
#12161=AXIS2_PLACEMENT_3D('',#17587,#14427,#14428);
#12162=AXIS2_PLACEMENT_3D('',#17591,#14430,#14431);
#12163=AXIS2_PLACEMENT_3D('',#17595,#14433,#14434);
#12164=AXIS2_PLACEMENT_3D('',#17599,#14436,#14437);
#12165=AXIS2_PLACEMENT_3D('',#17602,#14439,#14440);
#12166=AXIS2_PLACEMENT_3D('',#17607,#14442,#14443);
#12167=AXIS2_PLACEMENT_3D('',#17611,#14445,#14446);
#12168=AXIS2_PLACEMENT_3D('',#17615,#14448,#14449);
#12169=AXIS2_PLACEMENT_3D('',#17619,#14451,#14452);
#12170=AXIS2_PLACEMENT_3D('',#17622,#14454,#14455);
#12171=AXIS2_PLACEMENT_3D('',#17627,#14457,#14458);
#12172=AXIS2_PLACEMENT_3D('',#17631,#14460,#14461);
#12173=AXIS2_PLACEMENT_3D('',#17635,#14463,#14464);
#12174=AXIS2_PLACEMENT_3D('',#17639,#14466,#14467);
#12175=AXIS2_PLACEMENT_3D('',#17642,#14469,#14470);
#12176=AXIS2_PLACEMENT_3D('',#17643,#14471,#14472);
#12177=AXIS2_PLACEMENT_3D('',#17647,#14474,#14475);
#12178=AXIS2_PLACEMENT_3D('',#17649,#14477,#14478);
#12179=AXIS2_PLACEMENT_3D('',#17657,#14483,#14484);
#12180=AXIS2_PLACEMENT_3D('',#17659,#14485,#14486);
#12181=AXIS2_PLACEMENT_3D('',#17661,#14488,#14489);
#12182=AXIS2_PLACEMENT_3D('',#17665,#14492,#14493);
#12183=AXIS2_PLACEMENT_3D('',#17675,#14499,#14500);
#12184=AXIS2_PLACEMENT_3D('',#17676,#14501,#14502);
#12185=AXIS2_PLACEMENT_3D('',#17677,#14503,#14504);
#12186=AXIS2_PLACEMENT_3D('',#17686,#14509,#14510);
#12187=AXIS2_PLACEMENT_3D('',#17692,#14514,#14515);
#12188=AXIS2_PLACEMENT_3D('',#17698,#14519,#14520);
#12189=AXIS2_PLACEMENT_3D('',#17708,#14526,#14527);
#12190=AXIS2_PLACEMENT_3D('',#17713,#14531,#14532);
#12191=AXIS2_PLACEMENT_3D('',#17717,#14534,#14535);
#12192=AXIS2_PLACEMENT_3D('',#17719,#14537,#14538);
#12193=AXIS2_PLACEMENT_3D('',#17723,#14541,#14542);
#12194=AXIS2_PLACEMENT_3D('',#17726,#14544,#14545);
#12195=AXIS2_PLACEMENT_3D('',#17727,#14546,#14547);
#12196=AXIS2_PLACEMENT_3D('',#17731,#14550,#14551);
#12197=AXIS2_PLACEMENT_3D('',#17734,#14553,#14554);
#12198=AXIS2_PLACEMENT_3D('',#17735,#14555,#14556);
#12199=AXIS2_PLACEMENT_3D('',#17739,#14559,#14560);
#12200=AXIS2_PLACEMENT_3D('',#17742,#14562,#14563);
#12201=AXIS2_PLACEMENT_3D('',#17743,#14564,#14565);
#12202=AXIS2_PLACEMENT_3D('',#17747,#14568,#14569);
#12203=AXIS2_PLACEMENT_3D('',#17750,#14571,#14572);
#12204=AXIS2_PLACEMENT_3D('',#17751,#14573,#14574);
#12205=AXIS2_PLACEMENT_3D('',#17753,#14576,#14577);
#12206=AXIS2_PLACEMENT_3D('',#17757,#14579,#14580);
#12207=AXIS2_PLACEMENT_3D('',#17759,#14582,#14583);
#12208=AXIS2_PLACEMENT_3D('',#17763,#14586,#14587);
#12209=AXIS2_PLACEMENT_3D('',#17766,#14589,#14590);
#12210=AXIS2_PLACEMENT_3D('',#17767,#14591,#14592);
#12211=AXIS2_PLACEMENT_3D('',#17771,#14595,#14596);
#12212=AXIS2_PLACEMENT_3D('',#17774,#14598,#14599);
#12213=AXIS2_PLACEMENT_3D('',#17775,#14600,#14601);
#12214=AXIS2_PLACEMENT_3D('',#17779,#14604,#14605);
#12215=AXIS2_PLACEMENT_3D('',#17782,#14607,#14608);
#12216=AXIS2_PLACEMENT_3D('',#17783,#14609,#14610);
#12217=AXIS2_PLACEMENT_3D('',#17787,#14613,#14614);
#12218=AXIS2_PLACEMENT_3D('',#17790,#14616,#14617);
#12219=AXIS2_PLACEMENT_3D('',#17791,#14618,#14619);
#12220=AXIS2_PLACEMENT_3D('',#17793,#14621,#14622);
#12221=AXIS2_PLACEMENT_3D('',#17797,#14624,#14625);
#12222=AXIS2_PLACEMENT_3D('',#17799,#14627,#14628);
#12223=AXIS2_PLACEMENT_3D('',#17803,#14631,#14632);
#12224=AXIS2_PLACEMENT_3D('',#17806,#14633,#14634);
#12225=AXIS2_PLACEMENT_3D('',#17807,#14635,#14636);
#12226=AXIS2_PLACEMENT_3D('',#17809,#14638,#14639);
#12227=AXIS2_PLACEMENT_3D('',#17813,#14641,#14642);
#12228=AXIS2_PLACEMENT_3D('',#17815,#14644,#14645);
#12229=AXIS2_PLACEMENT_3D('',#17817,#14647,#14648);
#12230=AXIS2_PLACEMENT_3D('',#17820,#14650,#14651);
#12231=AXIS2_PLACEMENT_3D('',#17821,#14652,#14653);
#12232=AXIS2_PLACEMENT_3D('',#17825,#14656,#14657);
#12233=AXIS2_PLACEMENT_3D('',#17828,#14659,#14660);
#12234=AXIS2_PLACEMENT_3D('',#17829,#14661,#14662);
#12235=AXIS2_PLACEMENT_3D('',#17833,#14665,#14666);
#12236=AXIS2_PLACEMENT_3D('',#17836,#14668,#14669);
#12237=AXIS2_PLACEMENT_3D('',#17837,#14670,#14671);
#12238=AXIS2_PLACEMENT_3D('',#17839,#14673,#14674);
#12239=AXIS2_PLACEMENT_3D('',#17843,#14676,#14677);
#12240=AXIS2_PLACEMENT_3D('',#17845,#14679,#14680);
#12241=AXIS2_PLACEMENT_3D('',#17849,#14683,#14684);
#12242=AXIS2_PLACEMENT_3D('',#17852,#14686,#14687);
#12243=AXIS2_PLACEMENT_3D('',#17853,#14688,#14689);
#12244=AXIS2_PLACEMENT_3D('',#17857,#14692,#14693);
#12245=AXIS2_PLACEMENT_3D('',#17860,#14695,#14696);
#12246=AXIS2_PLACEMENT_3D('',#17861,#14697,#14698);
#12247=AXIS2_PLACEMENT_3D('',#17865,#14701,#14702);
#12248=AXIS2_PLACEMENT_3D('',#17868,#14704,#14705);
#12249=AXIS2_PLACEMENT_3D('',#17869,#14706,#14707);
#12250=AXIS2_PLACEMENT_3D('',#17873,#14710,#14711);
#12251=AXIS2_PLACEMENT_3D('',#17876,#14713,#14714);
#12252=AXIS2_PLACEMENT_3D('',#17877,#14715,#14716);
#12253=AXIS2_PLACEMENT_3D('',#17879,#14718,#14719);
#12254=AXIS2_PLACEMENT_3D('',#17881,#14721,#14722);
#12255=AXIS2_PLACEMENT_3D('',#17885,#14725,#14726);
#12256=AXIS2_PLACEMENT_3D('',#17889,#14729,#14730);
#12257=AXIS2_PLACEMENT_3D('',#17893,#14733,#14734);
#12258=AXIS2_PLACEMENT_3D('',#17897,#14738,#14739);
#12259=AXIS2_PLACEMENT_3D('',#17898,#14740,#14741);
#12260=AXIS2_PLACEMENT_3D('',#17900,#14743,#14744);
#12261=AXIS2_PLACEMENT_3D('',#17901,#14745,#14746);
#12262=AXIS2_PLACEMENT_3D('',#17902,#14747,#14748);
#12263=AXIS2_PLACEMENT_3D('',#17911,#14753,#14754);
#12264=AXIS2_PLACEMENT_3D('',#17916,#14756,#14757);
#12265=AXIS2_PLACEMENT_3D('',#17924,#14761,#14762);
#12266=AXIS2_PLACEMENT_3D('',#17927,#14764,#14765);
#12267=AXIS2_PLACEMENT_3D('',#17928,#14766,#14767);
#12268=AXIS2_PLACEMENT_3D('',#17929,#14768,#14769);
#12269=AXIS2_PLACEMENT_3D('',#17931,#14770,#14771);
#12270=AXIS2_PLACEMENT_3D('',#17933,#14773,#14774);
#12271=AXIS2_PLACEMENT_3D('',#17936,#14776,#14777);
#12272=AXIS2_PLACEMENT_3D('',#17937,#14778,#14779);
#12273=AXIS2_PLACEMENT_3D('',#17943,#14782,#14783);
#12274=AXIS2_PLACEMENT_3D('',#17950,#14787,#14788);
#12275=AXIS2_PLACEMENT_3D('',#17951,#14789,#14790);
#12276=AXIS2_PLACEMENT_3D('',#17953,#14792,#14793);
#12277=AXIS2_PLACEMENT_3D('',#17955,#14795,#14796);
#12278=AXIS2_PLACEMENT_3D('',#17965,#14802,#14803);
#12279=AXIS2_PLACEMENT_3D('',#17967,#14805,#14806);
#12280=AXIS2_PLACEMENT_3D('',#17969,#14808,#14809);
#12281=AXIS2_PLACEMENT_3D('',#17979,#14815,#14816);
#12282=AXIS2_PLACEMENT_3D('',#17981,#14818,#14819);
#12283=AXIS2_PLACEMENT_3D('',#17986,#14821,#14822);
#12284=AXIS2_PLACEMENT_3D('',#17990,#14824,#14825);
#12285=AXIS2_PLACEMENT_3D('',#17993,#14827,#14828);
#12286=AXIS2_PLACEMENT_3D('',#17994,#14829,#14830);
#12287=AXIS2_PLACEMENT_3D('',#17995,#14831,#14832);
#12288=AXIS2_PLACEMENT_3D('',#18001,#14836,#14837);
#12289=AXIS2_PLACEMENT_3D('',#18005,#14840,#14841);
#12290=AXIS2_PLACEMENT_3D('',#18009,#14843,#14844);
#12291=AXIS2_PLACEMENT_3D('',#18011,#14845,#14846);
#12292=AXIS2_PLACEMENT_3D('',#18015,#14848,#14849);
#12293=AXIS2_PLACEMENT_3D('',#18018,#14851,#14852);
#12294=AXIS2_PLACEMENT_3D('',#18019,#14853,#14854);
#12295=AXIS2_PLACEMENT_3D('',#18023,#14857,#14858);
#12296=AXIS2_PLACEMENT_3D('',#18025,#14860,#14861);
#12297=AXIS2_PLACEMENT_3D('',#18027,#14863,#14864);
#12298=AXIS2_PLACEMENT_3D('',#18029,#14866,#14867);
#12299=AXIS2_PLACEMENT_3D('',#18031,#14869,#14870);
#12300=AXIS2_PLACEMENT_3D('',#18033,#14872,#14873);
#12301=AXIS2_PLACEMENT_3D('',#18035,#14875,#14876);
#12302=AXIS2_PLACEMENT_3D('',#18037,#14878,#14879);
#12303=AXIS2_PLACEMENT_3D('',#18039,#14881,#14882);
#12304=AXIS2_PLACEMENT_3D('',#18040,#14883,#14884);
#12305=AXIS2_PLACEMENT_3D('',#18041,#14885,#14886);
#12306=AXIS2_PLACEMENT_3D('',#18043,#14887,#14888);
#12307=AXIS2_PLACEMENT_3D('',#18044,#14889,#14890);
#12308=AXIS2_PLACEMENT_3D('',#18046,#14891,#14892);
#12309=AXIS2_PLACEMENT_3D('',#18048,#14894,#14895);
#12310=AXIS2_PLACEMENT_3D('',#18053,#14897,#14898);
#12311=AXIS2_PLACEMENT_3D('',#18057,#14900,#14901);
#12312=AXIS2_PLACEMENT_3D('',#18061,#14903,#14904);
#12313=AXIS2_PLACEMENT_3D('',#18064,#14906,#14907);
#12314=AXIS2_PLACEMENT_3D('',#18066,#14908,#14909);
#12315=AXIS2_PLACEMENT_3D('',#18068,#14910,#14911);
#12316=AXIS2_PLACEMENT_3D('',#18070,#14912,#14913);
#12317=AXIS2_PLACEMENT_3D('',#18072,#14914,#14915);
#12318=AXIS2_PLACEMENT_3D('',#18073,#14916,#14917);
#12319=AXIS2_PLACEMENT_3D('',#18079,#14921,#14922);
#12320=AXIS2_PLACEMENT_3D('',#18082,#14924,#14925);
#12321=AXIS2_PLACEMENT_3D('',#18083,#14926,#14927);
#12322=AXIS2_PLACEMENT_3D('',#18085,#14928,#14929);
#12323=AXIS2_PLACEMENT_3D('',#18087,#14931,#14932);
#12324=AXIS2_PLACEMENT_3D('',#18091,#14935,#14936);
#12325=AXIS2_PLACEMENT_3D('',#18095,#14939,#14940);
#12326=AXIS2_PLACEMENT_3D('',#18097,#14941,#14942);
#12327=AXIS2_PLACEMENT_3D('',#18099,#14944,#14945);
#12328=AXIS2_PLACEMENT_3D('',#18101,#14946,#14947);
#12329=AXIS2_PLACEMENT_3D('',#18103,#14949,#14950);
#12330=AXIS2_PLACEMENT_3D('',#18105,#14952,#14953);
#12331=AXIS2_PLACEMENT_3D('',#18108,#14955,#14956);
#12332=AXIS2_PLACEMENT_3D('',#18109,#14957,#14958);
#12333=AXIS2_PLACEMENT_3D('',#18112,#14960,#14961);
#12334=AXIS2_PLACEMENT_3D('',#18113,#14962,#14963);
#12335=AXIS2_PLACEMENT_3D('',#18116,#14965,#14966);
#12336=AXIS2_PLACEMENT_3D('',#18117,#14967,#14968);
#12337=AXIS2_PLACEMENT_3D('',#18120,#14970,#14971);
#12338=AXIS2_PLACEMENT_3D('',#18121,#14972,#14973);
#12339=AXIS2_PLACEMENT_3D('',#18127,#14977,#14978);
#12340=AXIS2_PLACEMENT_3D('',#18130,#14980,#14981);
#12341=AXIS2_PLACEMENT_3D('',#18131,#14982,#14983);
#12342=AXIS2_PLACEMENT_3D('',#18133,#14984,#14985);
#12343=AXIS2_PLACEMENT_3D('',#18135,#14987,#14988);
#12344=AXIS2_PLACEMENT_3D('',#18155,#14999,#15000);
#12345=AXIS2_PLACEMENT_3D('',#18175,#15011,#15012);
#12346=AXIS2_PLACEMENT_3D('',#18177,#15013,#15014);
#12347=AXIS2_PLACEMENT_3D('',#18179,#15016,#15017);
#12348=AXIS2_PLACEMENT_3D('',#18181,#15018,#15019);
#12349=AXIS2_PLACEMENT_3D('',#18183,#15021,#15022);
#12350=AXIS2_PLACEMENT_3D('',#18185,#15024,#15025);
#12351=AXIS2_PLACEMENT_3D('',#18186,#15026,#15027);
#12352=AXIS2_PLACEMENT_3D('',#18188,#15028,#15029);
#12353=AXIS2_PLACEMENT_3D('',#18189,#15030,#15031);
#12354=AXIS2_PLACEMENT_3D('',#18190,#15032,#15033);
#12355=AXIS2_PLACEMENT_3D('',#18191,#15034,#15035);
#12356=AXIS2_PLACEMENT_3D('',#18192,#15036,#15037);
#12357=AXIS2_PLACEMENT_3D('',#18197,#15042,#15043);
#12358=AXIS2_PLACEMENT_3D('',#18202,#15045,#15046);
#12359=AXIS2_PLACEMENT_3D('',#18206,#15048,#15049);
#12360=AXIS2_PLACEMENT_3D('',#18211,#15052,#15053);
#12361=AXIS2_PLACEMENT_3D('',#18215,#15055,#15056);
#12362=AXIS2_PLACEMENT_3D('',#18219,#15058,#15059);
#12363=AXIS2_PLACEMENT_3D('',#18227,#15063,#15064);
#12364=AXIS2_PLACEMENT_3D('',#18230,#15066,#15067);
#12365=AXIS2_PLACEMENT_3D('',#18231,#15068,#15069);
#12366=AXIS2_PLACEMENT_3D('',#18235,#15072,#15073);
#12367=AXIS2_PLACEMENT_3D('',#18240,#15075,#15076);
#12368=AXIS2_PLACEMENT_3D('',#18244,#15078,#15079);
#12369=AXIS2_PLACEMENT_3D('',#18252,#15083,#15084);
#12370=AXIS2_PLACEMENT_3D('',#18256,#15086,#15087);
#12371=AXIS2_PLACEMENT_3D('',#18260,#15089,#15090);
#12372=AXIS2_PLACEMENT_3D('',#18263,#15092,#15093);
#12373=AXIS2_PLACEMENT_3D('',#18266,#15095,#15096);
#12374=AXIS2_PLACEMENT_3D('',#18267,#15097,#15098);
#12375=AXIS2_PLACEMENT_3D('',#18272,#15100,#15101);
#12376=AXIS2_PLACEMENT_3D('',#18276,#15103,#15104);
#12377=AXIS2_PLACEMENT_3D('',#18284,#15108,#15109);
#12378=AXIS2_PLACEMENT_3D('',#18288,#15111,#15112);
#12379=AXIS2_PLACEMENT_3D('',#18292,#15114,#15115);
#12380=AXIS2_PLACEMENT_3D('',#18297,#15118,#15119);
#12381=AXIS2_PLACEMENT_3D('',#18300,#15121,#15122);
#12382=AXIS2_PLACEMENT_3D('',#18301,#15123,#15124);
#12383=AXIS2_PLACEMENT_3D('',#18306,#15126,#15127);
#12384=AXIS2_PLACEMENT_3D('',#18310,#15129,#15130);
#12385=AXIS2_PLACEMENT_3D('',#18315,#15133,#15134);
#12386=AXIS2_PLACEMENT_3D('',#18319,#15136,#15137);
#12387=AXIS2_PLACEMENT_3D('',#18323,#15139,#15140);
#12388=AXIS2_PLACEMENT_3D('',#18331,#15144,#15145);
#12389=AXIS2_PLACEMENT_3D('',#18334,#15147,#15148);
#12390=AXIS2_PLACEMENT_3D('',#18335,#15149,#15150);
#12391=AXIS2_PLACEMENT_3D('',#18337,#15152,#15153);
#12392=AXIS2_PLACEMENT_3D('',#18342,#15155,#15156);
#12393=AXIS2_PLACEMENT_3D('',#18346,#15158,#15159);
#12394=AXIS2_PLACEMENT_3D('',#18351,#15162,#15163);
#12395=AXIS2_PLACEMENT_3D('',#18355,#15165,#15166);
#12396=AXIS2_PLACEMENT_3D('',#18359,#15168,#15169);
#12397=AXIS2_PLACEMENT_3D('',#18367,#15173,#15174);
#12398=AXIS2_PLACEMENT_3D('',#18370,#15176,#15177);
#12399=AXIS2_PLACEMENT_3D('',#18371,#15178,#15179);
#12400=AXIS2_PLACEMENT_3D('',#18375,#15182,#15183);
#12401=AXIS2_PLACEMENT_3D('',#18380,#15185,#15186);
#12402=AXIS2_PLACEMENT_3D('',#18384,#15188,#15189);
#12403=AXIS2_PLACEMENT_3D('',#18392,#15193,#15194);
#12404=AXIS2_PLACEMENT_3D('',#18396,#15196,#15197);
#12405=AXIS2_PLACEMENT_3D('',#18400,#15199,#15200);
#12406=AXIS2_PLACEMENT_3D('',#18403,#15202,#15203);
#12407=AXIS2_PLACEMENT_3D('',#18406,#15205,#15206);
#12408=AXIS2_PLACEMENT_3D('',#18407,#15207,#15208);
#12409=AXIS2_PLACEMENT_3D('',#18412,#15210,#15211);
#12410=AXIS2_PLACEMENT_3D('',#18416,#15213,#15214);
#12411=AXIS2_PLACEMENT_3D('',#18424,#15218,#15219);
#12412=AXIS2_PLACEMENT_3D('',#18428,#15221,#15222);
#12413=AXIS2_PLACEMENT_3D('',#18432,#15224,#15225);
#12414=AXIS2_PLACEMENT_3D('',#18437,#15228,#15229);
#12415=AXIS2_PLACEMENT_3D('',#18440,#15231,#15232);
#12416=AXIS2_PLACEMENT_3D('',#18441,#15233,#15234);
#12417=AXIS2_PLACEMENT_3D('',#18446,#15236,#15237);
#12418=AXIS2_PLACEMENT_3D('',#18450,#15239,#15240);
#12419=AXIS2_PLACEMENT_3D('',#18455,#15243,#15244);
#12420=AXIS2_PLACEMENT_3D('',#18459,#15246,#15247);
#12421=AXIS2_PLACEMENT_3D('',#18463,#15249,#15250);
#12422=AXIS2_PLACEMENT_3D('',#18471,#15254,#15255);
#12423=AXIS2_PLACEMENT_3D('',#18474,#15257,#15258);
#12424=AXIS2_PLACEMENT_3D('',#18475,#15259,#15260);
#12425=AXIS2_PLACEMENT_3D('',#18477,#15262,#15263);
#12426=AXIS2_PLACEMENT_3D('',#18478,#15264,#15265);
#12427=AXIS2_PLACEMENT_3D('',#18480,#15267,#15268);
#12428=AXIS2_PLACEMENT_3D('',#18482,#15270,#15271);
#12429=AXIS2_PLACEMENT_3D('',#18484,#15273,#15274);
#12430=AXIS2_PLACEMENT_3D('',#18486,#15276,#15277);
#12431=AXIS2_PLACEMENT_3D('',#18489,#15280,#15281);
#12432=AXIS2_PLACEMENT_3D('',#18491,#15283,#15284);
#12433=AXIS2_PLACEMENT_3D('',#18493,#15286,#15287);
#12434=AXIS2_PLACEMENT_3D('',#18495,#15289,#15290);
#12435=AXIS2_PLACEMENT_3D('',#18497,#15292,#15293);
#12436=AXIS2_PLACEMENT_3D('',#18498,#15294,#15295);
#12437=AXIS2_PLACEMENT_3D('',#18500,#15297,#15298);
#12438=AXIS2_PLACEMENT_3D('',#18502,#15300,#15301);
#12439=AXIS2_PLACEMENT_3D('',#18504,#15303,#15304);
#12440=AXIS2_PLACEMENT_3D('',#18506,#15306,#15307);
#12441=AXIS2_PLACEMENT_3D('',#18508,#15309,#15310);
#12442=AXIS2_PLACEMENT_3D('',#18510,#15312,#15313);
#12443=AXIS2_PLACEMENT_3D('',#18512,#15315,#15316);
#12444=AXIS2_PLACEMENT_3D('',#18514,#15318,#15319);
#12445=AXIS2_PLACEMENT_3D('',#18515,#15320,#15321);
#12446=AXIS2_PLACEMENT_3D('',#18518,#15324,#15325);
#12447=AXIS2_PLACEMENT_3D('',#18520,#15327,#15328);
#12448=AXIS2_PLACEMENT_3D('',#18522,#15330,#15331);
#12449=AXIS2_PLACEMENT_3D('',#18524,#15333,#15334);
#12450=AXIS2_PLACEMENT_3D('',#18526,#15336,#15337);
#12451=AXIS2_PLACEMENT_3D('',#18527,#15338,#15339);
#12452=AXIS2_PLACEMENT_3D('',#18529,#15341,#15342);
#12453=AXIS2_PLACEMENT_3D('',#18531,#15344,#15345);
#12454=AXIS2_PLACEMENT_3D('',#18533,#15347,#15348);
#12455=AXIS2_PLACEMENT_3D('',#18535,#15350,#15351);
#12456=AXIS2_PLACEMENT_3D('',#18537,#15353,#15354);
#12457=AXIS2_PLACEMENT_3D('',#18539,#15356,#15357);
#12458=AXIS2_PLACEMENT_3D('',#18541,#15359,#15360);
#12459=AXIS2_PLACEMENT_3D('',#18543,#15362,#15363);
#12460=AXIS2_PLACEMENT_3D('',#18544,#15364,#15365);
#12461=AXIS2_PLACEMENT_3D('',#18547,#15368,#15369);
#12462=AXIS2_PLACEMENT_3D('',#18549,#15371,#15372);
#12463=AXIS2_PLACEMENT_3D('',#18551,#15374,#15375);
#12464=AXIS2_PLACEMENT_3D('',#18553,#15377,#15378);
#12465=AXIS2_PLACEMENT_3D('',#18555,#15380,#15381);
#12466=AXIS2_PLACEMENT_3D('',#18556,#15382,#15383);
#12467=AXIS2_PLACEMENT_3D('',#18558,#15385,#15386);
#12468=AXIS2_PLACEMENT_3D('',#18560,#15388,#15389);
#12469=AXIS2_PLACEMENT_3D('',#18562,#15391,#15392);
#12470=AXIS2_PLACEMENT_3D('',#18564,#15394,#15395);
#12471=AXIS2_PLACEMENT_3D('',#18566,#15397,#15398);
#12472=AXIS2_PLACEMENT_3D('',#18568,#15400,#15401);
#12473=AXIS2_PLACEMENT_3D('',#18570,#15403,#15404);
#12474=AXIS2_PLACEMENT_3D('',#18572,#15406,#15407);
#12475=AXIS2_PLACEMENT_3D('',#18573,#15408,#15409);
#12476=AXIS2_PLACEMENT_3D('',#18576,#15412,#15413);
#12477=AXIS2_PLACEMENT_3D('',#18578,#15415,#15416);
#12478=AXIS2_PLACEMENT_3D('',#18580,#15418,#15419);
#12479=AXIS2_PLACEMENT_3D('',#18582,#15421,#15422);
#12480=AXIS2_PLACEMENT_3D('',#18584,#15424,#15425);
#12481=AXIS2_PLACEMENT_3D('',#18585,#15426,#15427);
#12482=AXIS2_PLACEMENT_3D('',#18587,#15429,#15430);
#12483=AXIS2_PLACEMENT_3D('',#18589,#15432,#15433);
#12484=AXIS2_PLACEMENT_3D('',#18591,#15435,#15436);
#12485=AXIS2_PLACEMENT_3D('',#18593,#15438,#15439);
#12486=AXIS2_PLACEMENT_3D('',#18595,#15441,#15442);
#12487=AXIS2_PLACEMENT_3D('',#18597,#15444,#15445);
#12488=AXIS2_PLACEMENT_3D('',#18599,#15447,#15448);
#12489=AXIS2_PLACEMENT_3D('',#18601,#15450,#15451);
#12490=AXIS2_PLACEMENT_3D('',#18602,#15452,#15453);
#12491=AXIS2_PLACEMENT_3D('',#18603,#15454,#15455);
#12492=AXIS2_PLACEMENT_3D('',#18612,#15460,#15461);
#12493=AXIS2_PLACEMENT_3D('',#18614,#15462,#15463);
#12494=AXIS2_PLACEMENT_3D('',#18617,#15465,#15466);
#12495=AXIS2_PLACEMENT_3D('',#18618,#15467,#15468);
#12496=AXIS2_PLACEMENT_3D('',#18624,#15472,#15473);
#12497=AXIS2_PLACEMENT_3D('',#18626,#15474,#15475);
#12498=AXIS2_PLACEMENT_3D('',#18629,#15477,#15478);
#12499=AXIS2_PLACEMENT_3D('',#18630,#15479,#15480);
#12500=AXIS2_PLACEMENT_3D('',#18636,#15484,#15485);
#12501=AXIS2_PLACEMENT_3D('',#18638,#15486,#15487);
#12502=AXIS2_PLACEMENT_3D('',#18641,#15489,#15490);
#12503=AXIS2_PLACEMENT_3D('',#18642,#15491,#15492);
#12504=AXIS2_PLACEMENT_3D('',#18648,#15496,#15497);
#12505=AXIS2_PLACEMENT_3D('',#18650,#15498,#15499);
#12506=AXIS2_PLACEMENT_3D('',#18653,#15501,#15502);
#12507=AXIS2_PLACEMENT_3D('',#18654,#15503,#15504);
#12508=AXIS2_PLACEMENT_3D('',#18660,#15508,#15509);
#12509=AXIS2_PLACEMENT_3D('',#18661,#15510,#15511);
#12510=AXIS2_PLACEMENT_3D('',#18662,#15512,#15513);
#12511=AXIS2_PLACEMENT_3D('',#18663,#15514,#15515);
#12512=AXIS2_PLACEMENT_3D('',#18668,#15517,#15518);
#12513=AXIS2_PLACEMENT_3D('',#18672,#15520,#15521);
#12514=AXIS2_PLACEMENT_3D('',#18676,#15523,#15524);
#12515=AXIS2_PLACEMENT_3D('',#18680,#15526,#15527);
#12516=AXIS2_PLACEMENT_3D('',#18683,#15529,#15530);
#12517=AXIS2_PLACEMENT_3D('',#18684,#15531,#15532);
#12518=AXIS2_PLACEMENT_3D('',#18690,#15536,#15537);
#12519=AXIS2_PLACEMENT_3D('',#18693,#15539,#15540);
#12520=AXIS2_PLACEMENT_3D('',#18694,#15541,#15542);
#12521=AXIS2_PLACEMENT_3D('',#18698,#15545,#15546);
#12522=AXIS2_PLACEMENT_3D('',#18701,#15548,#15549);
#12523=AXIS2_PLACEMENT_3D('',#18702,#15550,#15551);
#12524=AXIS2_PLACEMENT_3D('',#18706,#15554,#15555);
#12525=AXIS2_PLACEMENT_3D('',#18709,#15556,#15557);
#12526=AXIS2_PLACEMENT_3D('',#18712,#15559,#15560);
#12527=AXIS2_PLACEMENT_3D('',#18714,#15561,#15562);
#12528=AXIS2_PLACEMENT_3D('',#18716,#15564,#15565);
#12529=AXIS2_PLACEMENT_3D('',#18718,#15567,#15568);
#12530=AXIS2_PLACEMENT_3D('',#18720,#15570,#15571);
#12531=AXIS2_PLACEMENT_3D('',#18722,#15573,#15574);
#12532=AXIS2_PLACEMENT_3D('',#18724,#15576,#15577);
#12533=AXIS2_PLACEMENT_3D('',#18725,#15578,#15579);
#12534=AXIS2_PLACEMENT_3D('',#18726,#15580,#15581);
#12535=AXIS2_PLACEMENT_3D('',#18727,#15582,#15583);
#12536=AXIS2_PLACEMENT_3D('',#18728,#15584,#15585);
#12537=AXIS2_PLACEMENT_3D('',#18729,#15586,#15587);
#12538=AXIS2_PLACEMENT_3D('',#18730,#15588,#15589);
#12539=AXIS2_PLACEMENT_3D('',#18731,#15590,#15591);
#12540=AXIS2_PLACEMENT_3D('',#18732,#15592,#15593);
#12541=AXIS2_PLACEMENT_3D('',#18733,#15594,#15595);
#12542=AXIS2_PLACEMENT_3D('',#18734,#15596,#15597);
#12543=AXIS2_PLACEMENT_3D('',#18735,#15598,#15599);
#12544=AXIS2_PLACEMENT_3D('',#18736,#15600,#15601);
#12545=AXIS2_PLACEMENT_3D('',#18737,#15602,#15603);
#12546=AXIS2_PLACEMENT_3D('',#18738,#15604,#15605);
#12547=DIRECTION('axis',(0.,0.,1.));
#12548=DIRECTION('refdir',(1.,0.,0.));
#12549=DIRECTION('axis',(0.,0.,1.));
#12550=DIRECTION('refdir',(1.,0.,0.));
#12551=DIRECTION('center_axis',(-1.,-1.110223024625E-16,0.));
#12552=DIRECTION('ref_axis',(0.,0.,1.));
#12553=DIRECTION('',(-7.85046229341777E-17,0.707106781186548,0.707106781186548));
#12554=DIRECTION('',(0.,0.,1.));
#12555=DIRECTION('',(7.85046229341777E-17,-0.707106781186548,0.707106781186548));
#12556=DIRECTION('',(1.110223024625E-16,-1.,0.));
#12557=DIRECTION('',(7.85046229341777E-17,-0.707106781186548,-0.707106781186548));
#12558=DIRECTION('',(7.85046229341777E-17,-0.707106781186548,0.707106781186548));
#12559=DIRECTION('',(1.110223024625E-16,-1.,0.));
#12560=DIRECTION('',(7.85046229341777E-17,-0.707106781186548,-0.707106781186548));
#12561=DIRECTION('',(7.85046229341777E-17,-0.707106781186548,0.707106781186548));
#12562=DIRECTION('',(1.110223024625E-16,-1.,0.));
#12563=DIRECTION('',(7.85046229341777E-17,-0.707106781186548,-0.707106781186548));
#12564=DIRECTION('',(7.85046229341777E-17,-0.707106781186548,0.707106781186548));
#12565=DIRECTION('',(1.110223024625E-16,-1.,0.));
#12566=DIRECTION('',(7.85046229341777E-17,-0.707106781186548,-0.707106781186548));
#12567=DIRECTION('',(7.85046229341777E-17,-0.707106781186548,0.707106781186548));
#12568=DIRECTION('',(1.110223024625E-16,-1.,0.));
#12569=DIRECTION('',(7.85046229341777E-17,-0.707106781186548,-0.707106781186548));
#12570=DIRECTION('',(7.85046229341777E-17,-0.707106781186548,0.707106781186548));
#12571=DIRECTION('',(1.110223024625E-16,-1.,0.));
#12572=DIRECTION('',(7.85046229341777E-17,-0.707106781186548,-0.707106781186548));
#12573=DIRECTION('',(7.85046229341777E-17,-0.707106781186548,0.707106781186548));
#12574=DIRECTION('',(1.110223024625E-16,-1.,0.));
#12575=DIRECTION('',(7.85046229341777E-17,-0.707106781186548,-0.707106781186548));
#12576=DIRECTION('',(0.,0.,-1.));
#12577=DIRECTION('',(-7.85046229341777E-17,0.707106781186548,-0.707106781186548));
#12578=DIRECTION('',(-1.110223024625E-16,1.,0.));
#12579=DIRECTION('',(-7.85046229341777E-17,0.707106781186548,0.707106781186548));
#12580=DIRECTION('',(-7.85046229341777E-17,0.707106781186548,-0.707106781186548));
#12581=DIRECTION('',(-1.110223024625E-16,1.,0.));
#12582=DIRECTION('',(-7.85046229341777E-17,0.707106781186548,0.707106781186548));
#12583=DIRECTION('',(-7.85046229341777E-17,0.707106781186548,-0.707106781186548));
#12584=DIRECTION('',(-1.110223024625E-16,1.,0.));
#12585=DIRECTION('',(-7.85046229341777E-17,0.707106781186548,0.707106781186548));
#12586=DIRECTION('',(-7.85046229341777E-17,0.707106781186548,-0.707106781186548));
#12587=DIRECTION('',(-1.110223024625E-16,1.,0.));
#12588=DIRECTION('',(-7.85046229341777E-17,0.707106781186548,0.707106781186548));
#12589=DIRECTION('',(-7.85046229341777E-17,0.707106781186548,-0.707106781186548));
#12590=DIRECTION('',(-1.110223024625E-16,1.,0.));
#12591=DIRECTION('',(-7.85046229341777E-17,0.707106781186548,0.707106781186548));
#12592=DIRECTION('',(-7.85046229341777E-17,0.707106781186548,-0.707106781186548));
#12593=DIRECTION('',(-1.110223024625E-16,1.,0.));
#12594=DIRECTION('',(-7.85046229341777E-17,0.707106781186548,0.707106781186548));
#12595=DIRECTION('',(-7.85046229341777E-17,0.707106781186548,-0.707106781186548));
#12596=DIRECTION('',(-1.110223024625E-16,1.,0.));
#12597=DIRECTION('center_axis',(0.,-0.707106781186548,0.707106781186548));
#12598=DIRECTION('ref_axis',(0.,0.707106781186548,0.707106781186548));
#12599=DIRECTION('',(1.,0.,0.));
#12600=DIRECTION('',(0.,0.707106781186548,0.707106781186548));
#12601=DIRECTION('',(1.,0.,0.));
#12602=DIRECTION('center_axis',(0.,0.,1.));
#12603=DIRECTION('ref_axis',(0.,1.,0.));
#12604=DIRECTION('',(1.,0.,0.));
#12605=DIRECTION('',(0.,1.,0.));
#12606=DIRECTION('center_axis',(0.,0.707106781186548,0.707106781186548));
#12607=DIRECTION('ref_axis',(0.,0.707106781186548,-0.707106781186548));
#12608=DIRECTION('',(1.,0.,0.));
#12609=DIRECTION('',(0.,0.707106781186548,-0.707106781186548));
#12610=DIRECTION('center_axis',(0.,-0.707106781186548,0.707106781186548));
#12611=DIRECTION('ref_axis',(0.,0.707106781186548,0.707106781186548));
#12612=DIRECTION('',(1.,0.,0.));
#12613=DIRECTION('',(0.,0.707106781186548,0.707106781186548));
#12614=DIRECTION('center_axis',(0.,0.,1.));
#12615=DIRECTION('ref_axis',(0.,1.,0.));
#12616=DIRECTION('',(1.,0.,0.));
#12617=DIRECTION('',(0.,1.,0.));
#12618=DIRECTION('center_axis',(0.,0.707106781186548,0.707106781186548));
#12619=DIRECTION('ref_axis',(0.,0.707106781186548,-0.707106781186548));
#12620=DIRECTION('',(1.,0.,0.));
#12621=DIRECTION('',(0.,0.707106781186548,-0.707106781186548));
#12622=DIRECTION('center_axis',(0.,-0.707106781186548,0.707106781186548));
#12623=DIRECTION('ref_axis',(0.,0.707106781186548,0.707106781186548));
#12624=DIRECTION('',(1.,0.,0.));
#12625=DIRECTION('',(0.,0.707106781186548,0.707106781186548));
#12626=DIRECTION('center_axis',(0.,0.,1.));
#12627=DIRECTION('ref_axis',(0.,1.,0.));
#12628=DIRECTION('',(1.,0.,0.));
#12629=DIRECTION('',(0.,1.,0.));
#12630=DIRECTION('center_axis',(0.,0.707106781186548,0.707106781186548));
#12631=DIRECTION('ref_axis',(0.,0.707106781186548,-0.707106781186548));
#12632=DIRECTION('',(1.,0.,0.));
#12633=DIRECTION('',(0.,0.707106781186548,-0.707106781186548));
#12634=DIRECTION('center_axis',(0.,-0.707106781186548,0.707106781186548));
#12635=DIRECTION('ref_axis',(0.,0.707106781186548,0.707106781186548));
#12636=DIRECTION('',(1.,0.,0.));
#12637=DIRECTION('',(0.,0.707106781186548,0.707106781186548));
#12638=DIRECTION('center_axis',(0.,0.,1.));
#12639=DIRECTION('ref_axis',(0.,1.,0.));
#12640=DIRECTION('',(1.,0.,0.));
#12641=DIRECTION('',(0.,1.,0.));
#12642=DIRECTION('center_axis',(0.,0.707106781186548,0.707106781186548));
#12643=DIRECTION('ref_axis',(0.,0.707106781186548,-0.707106781186548));
#12644=DIRECTION('',(1.,0.,0.));
#12645=DIRECTION('',(0.,0.707106781186548,-0.707106781186548));
#12646=DIRECTION('center_axis',(0.,-0.707106781186548,0.707106781186548));
#12647=DIRECTION('ref_axis',(0.,0.707106781186548,0.707106781186548));
#12648=DIRECTION('',(1.,0.,0.));
#12649=DIRECTION('',(0.,0.707106781186548,0.707106781186548));
#12650=DIRECTION('center_axis',(0.,0.,1.));
#12651=DIRECTION('ref_axis',(0.,1.,0.));
#12652=DIRECTION('',(1.,0.,0.));
#12653=DIRECTION('',(0.,1.,0.));
#12654=DIRECTION('center_axis',(0.,0.707106781186548,0.707106781186548));
#12655=DIRECTION('ref_axis',(0.,0.707106781186548,-0.707106781186548));
#12656=DIRECTION('',(1.,0.,0.));
#12657=DIRECTION('',(0.,0.707106781186548,-0.707106781186548));
#12658=DIRECTION('center_axis',(0.,-0.707106781186548,0.707106781186548));
#12659=DIRECTION('ref_axis',(0.,0.707106781186548,0.707106781186548));
#12660=DIRECTION('',(1.,0.,0.));
#12661=DIRECTION('',(0.,0.707106781186548,0.707106781186548));
#12662=DIRECTION('center_axis',(0.,0.,1.));
#12663=DIRECTION('ref_axis',(0.,1.,0.));
#12664=DIRECTION('',(1.,0.,0.));
#12665=DIRECTION('',(0.,1.,0.));
#12666=DIRECTION('center_axis',(0.,0.707106781186548,0.707106781186548));
#12667=DIRECTION('ref_axis',(0.,0.707106781186548,-0.707106781186548));
#12668=DIRECTION('',(1.,0.,0.));
#12669=DIRECTION('',(0.,0.707106781186548,-0.707106781186548));
#12670=DIRECTION('center_axis',(0.,-0.707106781186548,0.707106781186548));
#12671=DIRECTION('ref_axis',(0.,0.707106781186548,0.707106781186548));
#12672=DIRECTION('',(1.,0.,0.));
#12673=DIRECTION('',(0.,0.707106781186548,0.707106781186548));
#12674=DIRECTION('center_axis',(0.,0.,1.));
#12675=DIRECTION('ref_axis',(0.,1.,0.));
#12676=DIRECTION('',(1.,0.,0.));
#12677=DIRECTION('',(0.,1.,0.));
#12678=DIRECTION('center_axis',(0.,0.707106781186548,0.707106781186548));
#12679=DIRECTION('ref_axis',(0.,0.707106781186548,-0.707106781186548));
#12680=DIRECTION('',(1.,0.,0.));
#12681=DIRECTION('',(0.,0.707106781186548,-0.707106781186548));
#12682=DIRECTION('center_axis',(0.,1.,0.));
#12683=DIRECTION('ref_axis',(0.,0.,-1.));
#12684=DIRECTION('',(1.,0.,0.));
#12685=DIRECTION('',(0.,0.,-1.));
#12686=DIRECTION('center_axis',(0.,0.707106781186548,-0.707106781186548));
#12687=DIRECTION('ref_axis',(0.,-0.707106781186548,-0.707106781186548));
#12688=DIRECTION('',(1.,0.,0.));
#12689=DIRECTION('',(0.,-0.707106781186548,-0.707106781186548));
#12690=DIRECTION('center_axis',(0.,0.,-1.));
#12691=DIRECTION('ref_axis',(0.,-1.,0.));
#12692=DIRECTION('',(1.,0.,0.));
#12693=DIRECTION('',(0.,-1.,0.));
#12694=DIRECTION('center_axis',(-1.,-2.460442517194E-32,3.91698750653E-31));
#12695=DIRECTION('ref_axis',(-3.91698750653E-31,0.,-1.));
#12696=DIRECTION('',(0.,-0.707106781186548,0.707106781186548));
#12697=DIRECTION('',(0.,-0.707106781186548,-0.707106781186548));
#12698=DIRECTION('',(0.,-1.,0.));
#12699=DIRECTION('',(0.,-0.707106781186548,0.707106781186548));
#12700=DIRECTION('',(0.,-0.707106781186548,-0.707106781186548));
#12701=DIRECTION('',(0.,-1.,0.));
#12702=DIRECTION('',(0.,-0.707106781186548,0.707106781186548));
#12703=DIRECTION('',(0.,-0.707106781186548,-0.707106781186548));
#12704=DIRECTION('',(0.,-1.,0.));
#12705=DIRECTION('',(0.,-0.707106781186548,0.707106781186548));
#12706=DIRECTION('',(0.,-0.707106781186548,-0.707106781186548));
#12707=DIRECTION('',(0.,-1.,0.));
#12708=DIRECTION('',(0.,-0.707106781186548,0.707106781186548));
#12709=DIRECTION('',(0.,-0.707106781186548,-0.707106781186548));
#12710=DIRECTION('',(0.,-1.,0.));
#12711=DIRECTION('',(0.,-0.707106781186548,0.707106781186548));
#12712=DIRECTION('',(0.,-0.707106781186548,-0.707106781186548));
#12713=DIRECTION('',(0.,-1.,0.));
#12714=DIRECTION('',(0.,-0.707106781186548,0.707106781186548));
#12715=DIRECTION('',(0.,0.,1.));
#12716=DIRECTION('',(-2.460442517194E-32,1.,-1.694040268747E-48));
#12717=DIRECTION('',(-3.91698750653E-31,0.,-1.));
#12718=DIRECTION('',(2.460442517194E-32,-1.,0.));
#12719=DIRECTION('',(-3.91698750653E-31,0.,-1.));
#12720=DIRECTION('',(2.460442517194E-32,-1.,0.));
#12721=DIRECTION('',(-3.91698750653E-31,0.,-1.));
#12722=DIRECTION('',(-2.460442517194E-32,1.,-1.694040268747E-48));
#12723=DIRECTION('',(-3.91698750653E-31,0.,-1.));
#12724=DIRECTION('',(2.460442517194E-32,-1.,0.));
#12725=DIRECTION('',(-3.91698750653E-31,0.,-1.));
#12726=DIRECTION('',(-2.460442517194E-32,1.,-1.694040268747E-48));
#12727=DIRECTION('',(-3.91698750653E-31,0.,-1.));
#12728=DIRECTION('',(-3.91698750653E-31,0.,-1.));
#12729=DIRECTION('',(-2.460442517194E-32,1.,-1.694040268747E-48));
#12730=DIRECTION('',(-3.91698750653E-31,0.,-1.));
#12731=DIRECTION('',(2.460442517194E-32,-1.,0.));
#12732=DIRECTION('',(2.460442517194E-32,-1.,0.));
#12733=DIRECTION('',(-3.91698750653E-31,-1.161915124245E-33,-1.));
#12734=DIRECTION('',(-2.460442517194E-32,1.,-5.273436164778E-49));
#12735=DIRECTION('',(-3.91698750653E-31,-1.161915124245E-33,-1.));
#12736=DIRECTION('',(-2.460442517194E-32,1.,-5.273436164778E-49));
#12737=DIRECTION('',(-3.91698750653E-31,-1.161915124245E-33,-1.));
#12738=DIRECTION('',(2.460442517194E-32,-1.,0.));
#12739=DIRECTION('',(-3.91698750653E-31,-1.161915124245E-33,-1.));
#12740=DIRECTION('',(-2.460442517194E-32,1.,-5.273436164778E-49));
#12741=DIRECTION('',(-3.91698750653E-31,-1.161915124245E-33,-1.));
#12742=DIRECTION('',(2.460442517194E-32,-1.,0.));
#12743=DIRECTION('',(-3.91698750653E-31,-1.161915124245E-33,-1.));
#12744=DIRECTION('',(2.460442517194E-32,-1.,0.));
#12745=DIRECTION('',(-3.91698750653E-31,-1.161915124245E-33,-1.));
#12746=DIRECTION('',(-2.460442517194E-32,1.,-5.273436164778E-49));
#12747=DIRECTION('',(-3.91698750653E-31,-1.161915124245E-33,-1.));
#12748=DIRECTION('',(2.460442517194E-32,-1.,0.));
#12749=DIRECTION('',(-3.91698750653E-31,-1.161915124245E-33,-1.));
#12750=DIRECTION('',(-2.460442517194E-32,1.,-5.273436164778E-49));
#12751=DIRECTION('',(-3.91698750653E-31,-1.161915124245E-33,-1.));
#12752=DIRECTION('',(-2.460442517194E-32,1.,-1.694040268747E-48));
#12753=DIRECTION('',(-3.91698750653E-31,0.,-1.));
#12754=DIRECTION('',(2.460442517194E-32,-1.,0.));
#12755=DIRECTION('',(-3.91698750653E-31,0.,-1.));
#12756=DIRECTION('',(-3.91698750653E-31,0.,-1.));
#12757=DIRECTION('',(-2.460442517194E-32,1.,-1.694040268747E-48));
#12758=DIRECTION('',(-3.91698750653E-31,0.,-1.));
#12759=DIRECTION('',(2.460442517194E-32,-1.,0.));
#12760=DIRECTION('',(-2.460442517194E-32,1.,-5.273436164778E-49));
#12761=DIRECTION('',(-3.91698750653E-31,-1.161915124245E-33,-1.));
#12762=DIRECTION('',(2.460442517194E-32,-1.,0.));
#12763=DIRECTION('',(-3.91698750653E-31,-1.161915124245E-33,-1.));
#12764=DIRECTION('',(-3.91698750653E-31,0.,-1.));
#12765=DIRECTION('',(-2.460442517194E-32,1.,-1.694040268747E-48));
#12766=DIRECTION('',(-3.91698750653E-31,0.,-1.));
#12767=DIRECTION('',(2.460442517194E-32,-1.,0.));
#12768=DIRECTION('',(-3.91698750653E-31,-1.161915124245E-33,-1.));
#12769=DIRECTION('',(-2.460442517194E-32,1.,-5.273436164778E-49));
#12770=DIRECTION('',(-3.91698750653E-31,-1.161915124245E-33,-1.));
#12771=DIRECTION('',(2.460442517194E-32,-1.,0.));
#12772=DIRECTION('center_axis',(0.,-0.707106781186548,-0.707106781186548));
#12773=DIRECTION('ref_axis',(0.,-0.707106781186548,0.707106781186548));
#12774=DIRECTION('',(1.,0.,0.));
#12775=DIRECTION('center_axis',(0.,0.707106781186548,-0.707106781186548));
#12776=DIRECTION('ref_axis',(0.,-0.707106781186548,-0.707106781186548));
#12777=DIRECTION('',(1.,0.,0.));
#12778=DIRECTION('center_axis',(0.,0.,-1.));
#12779=DIRECTION('ref_axis',(0.,-1.,0.));
#12780=DIRECTION('',(1.,0.,0.));
#12781=DIRECTION('center_axis',(0.,-0.707106781186548,-0.707106781186548));
#12782=DIRECTION('ref_axis',(0.,-0.707106781186548,0.707106781186548));
#12783=DIRECTION('',(1.,0.,0.));
#12784=DIRECTION('center_axis',(0.,0.707106781186548,-0.707106781186548));
#12785=DIRECTION('ref_axis',(0.,-0.707106781186548,-0.707106781186548));
#12786=DIRECTION('',(1.,0.,0.));
#12787=DIRECTION('center_axis',(0.,0.,-1.));
#12788=DIRECTION('ref_axis',(0.,-1.,0.));
#12789=DIRECTION('',(1.,0.,0.));
#12790=DIRECTION('center_axis',(0.,-0.707106781186548,-0.707106781186548));
#12791=DIRECTION('ref_axis',(0.,-0.707106781186548,0.707106781186548));
#12792=DIRECTION('',(1.,0.,0.));
#12793=DIRECTION('center_axis',(0.,0.707106781186548,-0.707106781186548));
#12794=DIRECTION('ref_axis',(0.,-0.707106781186548,-0.707106781186548));
#12795=DIRECTION('',(1.,0.,0.));
#12796=DIRECTION('center_axis',(0.,0.,-1.));
#12797=DIRECTION('ref_axis',(0.,-1.,0.));
#12798=DIRECTION('',(1.,0.,0.));
#12799=DIRECTION('center_axis',(0.,-0.707106781186548,-0.707106781186548));
#12800=DIRECTION('ref_axis',(0.,-0.707106781186548,0.707106781186548));
#12801=DIRECTION('',(1.,0.,0.));
#12802=DIRECTION('center_axis',(0.,0.707106781186548,-0.707106781186548));
#12803=DIRECTION('ref_axis',(0.,-0.707106781186548,-0.707106781186548));
#12804=DIRECTION('',(1.,0.,0.));
#12805=DIRECTION('center_axis',(0.,0.,-1.));
#12806=DIRECTION('ref_axis',(0.,-1.,0.));
#12807=DIRECTION('',(1.,0.,0.));
#12808=DIRECTION('center_axis',(0.,-0.707106781186548,-0.707106781186548));
#12809=DIRECTION('ref_axis',(0.,-0.707106781186548,0.707106781186548));
#12810=DIRECTION('',(1.,0.,0.));
#12811=DIRECTION('center_axis',(0.,0.707106781186548,-0.707106781186548));
#12812=DIRECTION('ref_axis',(0.,-0.707106781186548,-0.707106781186548));
#12813=DIRECTION('',(1.,0.,0.));
#12814=DIRECTION('center_axis',(0.,0.,-1.));
#12815=DIRECTION('ref_axis',(0.,-1.,0.));
#12816=DIRECTION('',(1.,0.,0.));
#12817=DIRECTION('center_axis',(0.,-0.707106781186548,-0.707106781186548));
#12818=DIRECTION('ref_axis',(0.,-0.707106781186548,0.707106781186548));
#12819=DIRECTION('',(1.,0.,0.));
#12820=DIRECTION('center_axis',(0.,0.707106781186548,-0.707106781186548));
#12821=DIRECTION('ref_axis',(0.,-0.707106781186548,-0.707106781186548));
#12822=DIRECTION('',(1.,0.,0.));
#12823=DIRECTION('center_axis',(0.,0.,-1.));
#12824=DIRECTION('ref_axis',(0.,-1.,0.));
#12825=DIRECTION('',(1.,0.,0.));
#12826=DIRECTION('center_axis',(0.,-0.707106781186548,-0.707106781186548));
#12827=DIRECTION('ref_axis',(0.,-0.707106781186548,0.707106781186548));
#12828=DIRECTION('',(1.,0.,0.));
#12829=DIRECTION('center_axis',(0.,-1.,0.));
#12830=DIRECTION('ref_axis',(0.,0.,1.));
#12831=DIRECTION('center_axis',(-6.885104028683E-17,0.,1.));
#12832=DIRECTION('ref_axis',(1.,0.,6.885104028683E-17));
#12833=DIRECTION('',(1.,0.,6.885104028683E-17));
#12834=DIRECTION('',(0.,-1.,0.));
#12835=DIRECTION('',(1.,0.,6.885104028683E-17));
#12836=DIRECTION('center_axis',(0.,1.,0.));
#12837=DIRECTION('ref_axis',(0.,0.,1.));
#12838=DIRECTION('center_axis',(0.,1.,0.));
#12839=DIRECTION('ref_axis',(0.,0.,-1.));
#12840=DIRECTION('',(-1.,0.,0.));
#12841=DIRECTION('',(0.,0.,-1.));
#12842=DIRECTION('',(-1.,0.,0.));
#12843=DIRECTION('',(0.,0.,1.));
#12844=DIRECTION('center_axis',(0.,0.,-1.));
#12845=DIRECTION('ref_axis',(-1.,0.,0.));
#12846=DIRECTION('',(-1.,0.,0.));
#12847=DIRECTION('',(0.,-1.,0.));
#12848=DIRECTION('center_axis',(0.,1.,0.));
#12849=DIRECTION('ref_axis',(0.,0.,1.));
#12850=DIRECTION('center_axis',(0.,1.,0.));
#12851=DIRECTION('ref_axis',(0.,0.,-1.));
#12852=DIRECTION('',(0.,0.,1.));
#12853=DIRECTION('',(-1.,0.,0.));
#12854=DIRECTION('',(0.,0.,-1.));
#12855=DIRECTION('center_axis',(0.,0.,-1.));
#12856=DIRECTION('ref_axis',(-1.,0.,0.));
#12857=DIRECTION('',(-1.,0.,0.));
#12858=DIRECTION('',(-1.,0.,0.));
#12859=DIRECTION('',(0.,-1.,0.));
#12860=DIRECTION('center_axis',(0.,1.,0.));
#12861=DIRECTION('ref_axis',(0.,0.,1.));
#12862=DIRECTION('center_axis',(0.,1.,0.));
#12863=DIRECTION('ref_axis',(0.,0.,-1.));
#12864=DIRECTION('',(0.,0.,1.));
#12865=DIRECTION('',(-1.,0.,0.));
#12866=DIRECTION('',(0.,0.,-1.));
#12867=DIRECTION('',(1.,0.,6.885104028683E-17));
#12868=DIRECTION('center_axis',(-6.885104028683E-17,0.,1.));
#12869=DIRECTION('ref_axis',(1.,0.,6.885104028683E-17));
#12870=DIRECTION('',(1.,0.,6.885104028683E-17));
#12871=DIRECTION('',(0.,-1.,0.));
#12872=DIRECTION('center_axis',(0.,1.,0.));
#12873=DIRECTION('ref_axis',(0.,0.,1.));
#12874=DIRECTION('center_axis',(0.,1.,0.));
#12875=DIRECTION('ref_axis',(0.,0.,-1.));
#12876=DIRECTION('',(0.,0.,-1.));
#12877=DIRECTION('',(-1.,0.,0.));
#12878=DIRECTION('',(0.,0.,1.));
#12879=DIRECTION('center_axis',(0.,0.,-1.));
#12880=DIRECTION('ref_axis',(-1.,0.,0.));
#12881=DIRECTION('',(-1.,0.,0.));
#12882=DIRECTION('',(-1.,0.,0.));
#12883=DIRECTION('',(0.,-1.,0.));
#12884=DIRECTION('center_axis',(0.,1.,0.));
#12885=DIRECTION('ref_axis',(0.,0.,1.));
#12886=DIRECTION('center_axis',(0.,1.,0.));
#12887=DIRECTION('ref_axis',(0.,0.,-1.));
#12888=DIRECTION('',(0.,0.,1.));
#12889=DIRECTION('',(-1.,0.,0.));
#12890=DIRECTION('',(0.,0.,-1.));
#12891=DIRECTION('',(1.,0.,6.885104028683E-17));
#12892=DIRECTION('center_axis',(-6.885104028683E-17,0.,1.));
#12893=DIRECTION('ref_axis',(1.,0.,6.885104028683E-17));
#12894=DIRECTION('',(1.,0.,6.885104028683E-17));
#12895=DIRECTION('',(0.,-1.,0.));
#12896=DIRECTION('center_axis',(0.,1.,0.));
#12897=DIRECTION('ref_axis',(0.,0.,1.));
#12898=DIRECTION('center_axis',(0.,1.,0.));
#12899=DIRECTION('ref_axis',(0.,0.,-1.));
#12900=DIRECTION('',(0.,0.,-1.));
#12901=DIRECTION('',(-1.,0.,0.));
#12902=DIRECTION('',(0.,0.,1.));
#12903=DIRECTION('center_axis',(0.,1.,0.));
#12904=DIRECTION('ref_axis',(0.,0.,1.));
#12905=DIRECTION('center_axis',(0.,1.,0.));
#12906=DIRECTION('ref_axis',(0.,0.,-1.));
#12907=DIRECTION('',(1.,0.,6.885104028683E-17));
#12908=DIRECTION('',(-1.,0.,0.));
#12909=DIRECTION('',(0.,0.,-1.));
#12910=DIRECTION('',(-1.,0.,0.));
#12911=DIRECTION('',(0.,0.,1.));
#12912=DIRECTION('center_axis',(0.,0.,-1.));
#12913=DIRECTION('ref_axis',(-1.,0.,0.));
#12914=DIRECTION('',(-1.,0.,0.));
#12915=DIRECTION('',(0.,-1.,0.));
#12916=DIRECTION('center_axis',(0.,1.,0.));
#12917=DIRECTION('ref_axis',(0.,0.,1.));
#12918=DIRECTION('center_axis',(0.,1.,0.));
#12919=DIRECTION('ref_axis',(0.,0.,-1.));
#12920=DIRECTION('',(0.,0.,1.));
#12921=DIRECTION('',(-1.,0.,0.));
#12922=DIRECTION('',(0.,0.,-1.));
#12923=DIRECTION('',(1.,0.,6.885104028683E-17));
#12924=DIRECTION('center_axis',(-6.885104028683E-17,0.,1.));
#12925=DIRECTION('ref_axis',(1.,0.,6.885104028683E-17));
#12926=DIRECTION('',(0.,-1.,0.));
#12927=DIRECTION('center_axis',(0.,0.,-1.));
#12928=DIRECTION('ref_axis',(-1.,0.,0.));
#12929=DIRECTION('',(-1.,0.,0.));
#12930=DIRECTION('',(-1.,0.,0.));
#12931=DIRECTION('',(0.,-1.,0.));
#12932=DIRECTION('center_axis',(1.223822766313E-33,1.,-1.161915124245E-33));
#12933=DIRECTION('ref_axis',(1.,-1.223822766313E-33,0.));
#12934=DIRECTION('center_axis',(0.,1.,0.));
#12935=DIRECTION('ref_axis',(0.,0.,-1.));
#12936=DIRECTION('',(0.,0.,1.));
#12937=DIRECTION('',(-1.,0.,0.));
#12938=DIRECTION('',(0.,0.,-1.));
#12939=DIRECTION('',(1.,0.,2.143287692327E-17));
#12940=DIRECTION('center_axis',(-2.143287692327E-17,0.,1.));
#12941=DIRECTION('ref_axis',(1.,0.,2.143287692327E-17));
#12942=DIRECTION('',(1.,0.,2.143287692327E-17));
#12943=DIRECTION('',(0.,-1.,0.));
#12944=DIRECTION('center_axis',(1.223822766313E-33,1.,-1.161915124245E-33));
#12945=DIRECTION('ref_axis',(1.,-1.223822766313E-33,0.));
#12946=DIRECTION('center_axis',(0.,1.,0.));
#12947=DIRECTION('ref_axis',(0.,0.,-1.));
#12948=DIRECTION('',(0.,0.,-1.));
#12949=DIRECTION('',(-1.,0.,0.));
#12950=DIRECTION('',(0.,0.,1.));
#12951=DIRECTION('center_axis',(-2.143287692327E-17,0.,1.));
#12952=DIRECTION('ref_axis',(1.,0.,2.143287692327E-17));
#12953=DIRECTION('',(1.,0.,2.143287692327E-17));
#12954=DIRECTION('',(0.,-1.,0.));
#12955=DIRECTION('',(1.,0.,2.143287692327E-17));
#12956=DIRECTION('center_axis',(1.223822766313E-33,1.,-1.161915124245E-33));
#12957=DIRECTION('ref_axis',(1.,-1.223822766313E-33,0.));
#12958=DIRECTION('center_axis',(0.,1.,0.));
#12959=DIRECTION('ref_axis',(0.,0.,-1.));
#12960=DIRECTION('',(-1.,0.,0.));
#12961=DIRECTION('',(0.,0.,-1.));
#12962=DIRECTION('',(-1.,0.,0.));
#12963=DIRECTION('',(0.,0.,1.));
#12964=DIRECTION('center_axis',(0.,0.,-1.));
#12965=DIRECTION('ref_axis',(-1.,0.,0.));
#12966=DIRECTION('',(-1.,0.,0.));
#12967=DIRECTION('',(0.,-1.,0.));
#12968=DIRECTION('center_axis',(1.223822766313E-33,1.,-1.161915124245E-33));
#12969=DIRECTION('ref_axis',(1.,-1.223822766313E-33,0.));
#12970=DIRECTION('center_axis',(0.,1.,0.));
#12971=DIRECTION('ref_axis',(0.,0.,-1.));
#12972=DIRECTION('',(0.,0.,1.));
#12973=DIRECTION('',(-1.,0.,0.));
#12974=DIRECTION('',(0.,0.,-1.));
#12975=DIRECTION('center_axis',(-2.143287692327E-17,0.,1.));
#12976=DIRECTION('ref_axis',(1.,0.,2.143287692327E-17));
#12977=DIRECTION('',(1.,0.,2.143287692327E-17));
#12978=DIRECTION('',(0.,-1.,0.));
#12979=DIRECTION('',(1.,0.,2.143287692327E-17));
#12980=DIRECTION('center_axis',(1.223822766313E-33,1.,-1.161915124245E-33));
#12981=DIRECTION('ref_axis',(1.,-1.223822766313E-33,0.));
#12982=DIRECTION('center_axis',(0.,1.,0.));
#12983=DIRECTION('ref_axis',(0.,0.,-1.));
#12984=DIRECTION('',(-1.,0.,0.));
#12985=DIRECTION('',(0.,0.,-1.));
#12986=DIRECTION('',(-1.,0.,0.));
#12987=DIRECTION('',(0.,0.,1.));
#12988=DIRECTION('center_axis',(0.,0.,-1.));
#12989=DIRECTION('ref_axis',(-1.,0.,0.));
#12990=DIRECTION('',(-1.,0.,0.));
#12991=DIRECTION('',(0.,-1.,0.));
#12992=DIRECTION('center_axis',(1.223822766313E-33,1.,-1.161915124245E-33));
#12993=DIRECTION('ref_axis',(1.,-1.223822766313E-33,0.));
#12994=DIRECTION('center_axis',(0.,1.,0.));
#12995=DIRECTION('ref_axis',(0.,0.,-1.));
#12996=DIRECTION('',(0.,0.,1.));
#12997=DIRECTION('',(-1.,0.,0.));
#12998=DIRECTION('',(0.,0.,-1.));
#12999=DIRECTION('center_axis',(0.,0.,-1.));
#13000=DIRECTION('ref_axis',(-1.,0.,0.));
#13001=DIRECTION('',(-1.,0.,0.));
#13002=DIRECTION('',(-1.,0.,0.));
#13003=DIRECTION('',(0.,-1.,0.));
#13004=DIRECTION('center_axis',(1.223822766313E-33,1.,-1.161915124245E-33));
#13005=DIRECTION('ref_axis',(1.,-1.223822766313E-33,0.));
#13006=DIRECTION('center_axis',(0.,1.,0.));
#13007=DIRECTION('ref_axis',(0.,0.,-1.));
#13008=DIRECTION('',(0.,0.,1.));
#13009=DIRECTION('',(-1.,0.,0.));
#13010=DIRECTION('',(0.,0.,-1.));
#13011=DIRECTION('',(1.,0.,2.143287692327E-17));
#13012=DIRECTION('center_axis',(-2.143287692327E-17,0.,1.));
#13013=DIRECTION('ref_axis',(1.,0.,2.143287692327E-17));
#13014=DIRECTION('',(1.,0.,2.143287692327E-17));
#13015=DIRECTION('',(0.,-1.,0.));
#13016=DIRECTION('center_axis',(1.223822766313E-33,1.,-1.161915124245E-33));
#13017=DIRECTION('ref_axis',(1.,-1.223822766313E-33,0.));
#13018=DIRECTION('center_axis',(0.,1.,0.));
#13019=DIRECTION('ref_axis',(0.,0.,-1.));
#13020=DIRECTION('',(0.,0.,-1.));
#13021=DIRECTION('',(-1.,0.,0.));
#13022=DIRECTION('',(0.,0.,1.));
#13023=DIRECTION('center_axis',(0.,0.,-1.));
#13024=DIRECTION('ref_axis',(-1.,0.,0.));
#13025=DIRECTION('',(-1.,0.,0.));
#13026=DIRECTION('',(-1.,0.,0.));
#13027=DIRECTION('',(0.,-1.,0.));
#13028=DIRECTION('center_axis',(1.223822766313E-33,1.,-1.161915124245E-33));
#13029=DIRECTION('ref_axis',(1.,-1.223822766313E-33,0.));
#13030=DIRECTION('center_axis',(0.,1.,0.));
#13031=DIRECTION('ref_axis',(0.,0.,-1.));
#13032=DIRECTION('',(0.,0.,1.));
#13033=DIRECTION('',(-1.,0.,0.));
#13034=DIRECTION('',(0.,0.,-1.));
#13035=DIRECTION('',(1.,0.,2.143287692327E-17));
#13036=DIRECTION('center_axis',(-2.143287692327E-17,0.,1.));
#13037=DIRECTION('ref_axis',(1.,0.,2.143287692327E-17));
#13038=DIRECTION('',(1.,0.,2.143287692327E-17));
#13039=DIRECTION('',(0.,-1.,0.));
#13040=DIRECTION('center_axis',(1.223822766313E-33,1.,-1.161915124245E-33));
#13041=DIRECTION('ref_axis',(1.,-1.223822766313E-33,0.));
#13042=DIRECTION('center_axis',(0.,1.,0.));
#13043=DIRECTION('ref_axis',(0.,0.,-1.));
#13044=DIRECTION('',(0.,0.,-1.));
#13045=DIRECTION('',(-1.,0.,0.));
#13046=DIRECTION('',(0.,0.,1.));
#13047=DIRECTION('center_axis',(-6.885104028683E-17,0.,1.));
#13048=DIRECTION('ref_axis',(1.,0.,6.885104028683E-17));
#13049=DIRECTION('',(1.,0.,6.885104028683E-17));
#13050=DIRECTION('',(0.,-1.,0.));
#13051=DIRECTION('',(1.,0.,6.885104028683E-17));
#13052=DIRECTION('center_axis',(0.,1.,0.));
#13053=DIRECTION('ref_axis',(0.,0.,1.));
#13054=DIRECTION('center_axis',(0.,1.,0.));
#13055=DIRECTION('ref_axis',(0.,0.,-1.));
#13056=DIRECTION('',(-1.,0.,0.));
#13057=DIRECTION('',(0.,0.,-1.));
#13058=DIRECTION('',(-1.,0.,0.));
#13059=DIRECTION('',(0.,0.,1.));
#13060=DIRECTION('center_axis',(0.,0.,-1.));
#13061=DIRECTION('ref_axis',(-1.,0.,0.));
#13062=DIRECTION('',(-1.,0.,0.));
#13063=DIRECTION('',(0.,-1.,0.));
#13064=DIRECTION('center_axis',(0.,1.,0.));
#13065=DIRECTION('ref_axis',(0.,0.,1.));
#13066=DIRECTION('center_axis',(0.,1.,0.));
#13067=DIRECTION('ref_axis',(0.,0.,-1.));
#13068=DIRECTION('',(0.,0.,1.));
#13069=DIRECTION('',(-1.,0.,0.));
#13070=DIRECTION('',(0.,0.,-1.));
#13071=DIRECTION('center_axis',(0.,1.,0.));
#13072=DIRECTION('ref_axis',(0.,0.,1.));
#13073=DIRECTION('center_axis',(0.,1.,0.));
#13074=DIRECTION('ref_axis',(0.,0.,-1.));
#13075=DIRECTION('',(1.,0.,6.885104028683E-17));
#13076=DIRECTION('',(-1.,0.,0.));
#13077=DIRECTION('',(0.,0.,-1.));
#13078=DIRECTION('',(-1.,0.,0.));
#13079=DIRECTION('',(0.,0.,1.));
#13080=DIRECTION('center_axis',(0.,0.,-1.));
#13081=DIRECTION('ref_axis',(-1.,0.,0.));
#13082=DIRECTION('',(-1.,0.,0.));
#13083=DIRECTION('',(0.,-1.,0.));
#13084=DIRECTION('center_axis',(0.,1.,0.));
#13085=DIRECTION('ref_axis',(0.,0.,1.));
#13086=DIRECTION('center_axis',(0.,1.,0.));
#13087=DIRECTION('ref_axis',(0.,0.,-1.));
#13088=DIRECTION('',(0.,0.,1.));
#13089=DIRECTION('',(-1.,0.,0.));
#13090=DIRECTION('',(0.,0.,-1.));
#13091=DIRECTION('',(1.,0.,6.885104028683E-17));
#13092=DIRECTION('center_axis',(-6.885104028683E-17,0.,1.));
#13093=DIRECTION('ref_axis',(1.,0.,6.885104028683E-17));
#13094=DIRECTION('',(0.,-1.,0.));
#13095=DIRECTION('center_axis',(-2.143287692327E-17,0.,1.));
#13096=DIRECTION('ref_axis',(1.,0.,2.143287692327E-17));
#13097=DIRECTION('',(1.,0.,2.143287692327E-17));
#13098=DIRECTION('',(0.,-1.,0.));
#13099=DIRECTION('',(1.,0.,2.143287692327E-17));
#13100=DIRECTION('center_axis',(1.223822766313E-33,1.,-1.161915124245E-33));
#13101=DIRECTION('ref_axis',(1.,-1.223822766313E-33,0.));
#13102=DIRECTION('center_axis',(0.,1.,0.));
#13103=DIRECTION('ref_axis',(0.,0.,-1.));
#13104=DIRECTION('',(-1.,0.,0.));
#13105=DIRECTION('',(0.,0.,-1.));
#13106=DIRECTION('',(-1.,0.,0.));
#13107=DIRECTION('',(0.,0.,1.));
#13108=DIRECTION('center_axis',(0.,0.,-1.));
#13109=DIRECTION('ref_axis',(-1.,0.,0.));
#13110=DIRECTION('',(-1.,0.,0.));
#13111=DIRECTION('',(0.,-1.,0.));
#13112=DIRECTION('center_axis',(1.223822766313E-33,1.,-1.161915124245E-33));
#13113=DIRECTION('ref_axis',(1.,-1.223822766313E-33,0.));
#13114=DIRECTION('center_axis',(0.,1.,0.));
#13115=DIRECTION('ref_axis',(0.,0.,-1.));
#13116=DIRECTION('',(0.,0.,1.));
#13117=DIRECTION('',(-1.,0.,0.));
#13118=DIRECTION('',(0.,0.,-1.));
#13119=DIRECTION('center_axis',(0.,1.,0.));
#13120=DIRECTION('ref_axis',(0.,0.,1.));
#13121=DIRECTION('center_axis',(0.,1.,0.));
#13122=DIRECTION('ref_axis',(0.,0.,-1.));
#13123=DIRECTION('',(1.,0.,6.885104028683E-17));
#13124=DIRECTION('',(-1.,0.,0.));
#13125=DIRECTION('',(0.,0.,-1.));
#13126=DIRECTION('',(-1.,0.,0.));
#13127=DIRECTION('',(0.,0.,1.));
#13128=DIRECTION('center_axis',(0.,0.,-1.));
#13129=DIRECTION('ref_axis',(-1.,0.,0.));
#13130=DIRECTION('',(-1.,0.,0.));
#13131=DIRECTION('',(0.,-1.,0.));
#13132=DIRECTION('center_axis',(0.,1.,0.));
#13133=DIRECTION('ref_axis',(0.,0.,1.));
#13134=DIRECTION('center_axis',(0.,1.,0.));
#13135=DIRECTION('ref_axis',(0.,0.,-1.));
#13136=DIRECTION('',(0.,0.,1.));
#13137=DIRECTION('',(-1.,0.,0.));
#13138=DIRECTION('',(0.,0.,-1.));
#13139=DIRECTION('',(1.,0.,6.885104028683E-17));
#13140=DIRECTION('center_axis',(-6.885104028683E-17,0.,1.));
#13141=DIRECTION('ref_axis',(1.,0.,6.885104028683E-17));
#13142=DIRECTION('',(0.,-1.,0.));
#13143=DIRECTION('center_axis',(1.223822766313E-33,1.,-1.161915124245E-33));
#13144=DIRECTION('ref_axis',(1.,-1.223822766313E-33,0.));
#13145=DIRECTION('center_axis',(0.,1.,0.));
#13146=DIRECTION('ref_axis',(0.,0.,-1.));
#13147=DIRECTION('',(1.,0.,2.143287692327E-17));
#13148=DIRECTION('',(-1.,0.,0.));
#13149=DIRECTION('',(0.,0.,-1.));
#13150=DIRECTION('',(-1.,0.,0.));
#13151=DIRECTION('',(0.,0.,1.));
#13152=DIRECTION('center_axis',(0.,0.,-1.));
#13153=DIRECTION('ref_axis',(-1.,0.,0.));
#13154=DIRECTION('',(-1.,0.,0.));
#13155=DIRECTION('',(0.,-1.,0.));
#13156=DIRECTION('center_axis',(1.223822766313E-33,1.,-1.161915124245E-33));
#13157=DIRECTION('ref_axis',(1.,-1.223822766313E-33,0.));
#13158=DIRECTION('center_axis',(0.,1.,0.));
#13159=DIRECTION('ref_axis',(0.,0.,-1.));
#13160=DIRECTION('',(0.,0.,1.));
#13161=DIRECTION('',(-1.,0.,0.));
#13162=DIRECTION('',(0.,0.,-1.));
#13163=DIRECTION('',(1.,0.,2.143287692327E-17));
#13164=DIRECTION('center_axis',(-2.143287692327E-17,0.,1.));
#13165=DIRECTION('ref_axis',(1.,0.,2.143287692327E-17));
#13166=DIRECTION('',(0.,-1.,0.));
#13167=DIRECTION('center_axis',(0.,-1.,0.));
#13168=DIRECTION('ref_axis',(-1.,0.,0.));
#13169=DIRECTION('',(0.,-1.,0.));
#13170=DIRECTION('center_axis',(-1.,0.,0.));
#13171=DIRECTION('ref_axis',(0.,0.,1.));
#13172=DIRECTION('',(0.,-1.,0.));
#13173=DIRECTION('center_axis',(-1.73516750835589E-18,0.707106781186548,
-0.707106781186548));
#13174=DIRECTION('ref_axis',(1.,1.22694871165302E-18,-1.22694871165302E-18));
#13175=DIRECTION('',(-0.577350269189626,-0.577350269189626,-0.577350269189626));
#13176=DIRECTION('',(-1.,0.,0.));
#13177=DIRECTION('',(0.577350269189626,-0.577350269189626,-0.577350269189626));
#13178=DIRECTION('center_axis',(1.,0.,0.));
#13179=DIRECTION('ref_axis',(0.,0.,-1.));
#13180=DIRECTION('',(0.,-1.,0.));
#13181=DIRECTION('center_axis',(1.73516750835589E-18,0.707106781186548,
0.707106781186548));
#13182=DIRECTION('ref_axis',(-1.,1.22694871165302E-18,1.22694871165302E-18));
#13183=DIRECTION('',(0.577350269189626,-0.577350269189626,0.577350269189626));
#13184=DIRECTION('',(-0.577350269189626,-0.577350269189626,0.577350269189626));
#13185=DIRECTION('',(-1.,0.,0.));
#13186=DIRECTION('center_axis',(1.,0.,0.));
#13187=DIRECTION('ref_axis',(0.,0.,-1.));
#13188=DIRECTION('',(0.,-1.,0.));
#13189=DIRECTION('center_axis',(0.,-1.,0.));
#13190=DIRECTION('ref_axis',(-1.,0.,0.));
#13191=DIRECTION('',(0.,-1.,0.));
#13192=DIRECTION('center_axis',(-1.,0.,0.));
#13193=DIRECTION('ref_axis',(0.,0.,1.));
#13194=DIRECTION('',(0.,-1.,0.));
#13195=DIRECTION('center_axis',(1.73516750835589E-18,0.707106781186548,
0.707106781186548));
#13196=DIRECTION('ref_axis',(-1.,1.22694871165302E-18,1.22694871165302E-18));
#13197=DIRECTION('',(0.577350269189626,-0.577350269189626,0.577350269189626));
#13198=DIRECTION('',(-0.577350269189626,-0.577350269189626,0.577350269189626));
#13199=DIRECTION('',(-1.,0.,0.));
#13200=DIRECTION('center_axis',(-1.73516750835589E-18,0.707106781186548,
-0.707106781186548));
#13201=DIRECTION('ref_axis',(1.,1.22694871165302E-18,-1.22694871165302E-18));
#13202=DIRECTION('',(-0.577350269189626,-0.577350269189626,-0.577350269189626));
#13203=DIRECTION('',(-1.,0.,0.));
#13204=DIRECTION('',(0.577350269189626,-0.577350269189626,-0.577350269189626));
#13205=DIRECTION('center_axis',(1.,0.,0.));
#13206=DIRECTION('ref_axis',(0.,0.,-1.));
#13207=DIRECTION('',(0.,-1.,0.));
#13208=DIRECTION('center_axis',(0.,-1.,0.));
#13209=DIRECTION('ref_axis',(-1.,0.,0.));
#13210=DIRECTION('',(0.,-1.,0.));
#13211=DIRECTION('center_axis',(-1.,0.,0.));
#13212=DIRECTION('ref_axis',(0.,0.,1.));
#13213=DIRECTION('',(0.,-1.,0.));
#13214=DIRECTION('center_axis',(1.73516750835589E-18,0.707106781186548,
0.707106781186548));
#13215=DIRECTION('ref_axis',(-1.,1.22694871165302E-18,1.22694871165302E-18));
#13216=DIRECTION('',(0.577350269189626,-0.577350269189626,0.577350269189626));
#13217=DIRECTION('',(-0.577350269189626,-0.577350269189626,0.577350269189626));
#13218=DIRECTION('',(-1.,0.,0.));
#13219=DIRECTION('center_axis',(-1.73516750835589E-18,0.707106781186548,
-0.707106781186548));
#13220=DIRECTION('ref_axis',(1.,1.22694871165302E-18,-1.22694871165302E-18));
#13221=DIRECTION('',(-0.577350269189626,-0.577350269189626,-0.577350269189626));
#13222=DIRECTION('',(-1.,0.,0.));
#13223=DIRECTION('',(0.577350269189626,-0.577350269189626,-0.577350269189626));
#13224=DIRECTION('center_axis',(0.,-1.,0.));
#13225=DIRECTION('ref_axis',(-1.,0.,0.));
#13226=DIRECTION('',(0.,-1.,0.));
#13227=DIRECTION('center_axis',(-1.,0.,0.));
#13228=DIRECTION('ref_axis',(0.,0.,1.));
#13229=DIRECTION('',(0.,-1.,0.));
#13230=DIRECTION('center_axis',(-1.73516750835589E-18,0.707106781186548,
-0.707106781186548));
#13231=DIRECTION('ref_axis',(1.,1.22694871165302E-18,-1.22694871165302E-18));
#13232=DIRECTION('',(-0.577350269189626,-0.577350269189626,-0.577350269189626));
#13233=DIRECTION('',(-1.,0.,0.));
#13234=DIRECTION('',(0.577350269189626,-0.577350269189626,-0.577350269189626));
#13235=DIRECTION('center_axis',(1.,0.,0.));
#13236=DIRECTION('ref_axis',(0.,0.,-1.));
#13237=DIRECTION('',(0.,-1.,0.));
#13238=DIRECTION('center_axis',(1.73516750835589E-18,0.707106781186548,
0.707106781186548));
#13239=DIRECTION('ref_axis',(-1.,1.22694871165302E-18,1.22694871165302E-18));
#13240=DIRECTION('',(0.577350269189626,-0.577350269189626,0.577350269189626));
#13241=DIRECTION('',(-0.577350269189626,-0.577350269189626,0.577350269189626));
#13242=DIRECTION('',(-1.,0.,0.));
#13243=DIRECTION('center_axis',(1.,0.,0.));
#13244=DIRECTION('ref_axis',(0.,0.,-1.));
#13245=DIRECTION('',(0.,-1.,0.));
#13246=DIRECTION('center_axis',(0.,-1.,0.));
#13247=DIRECTION('ref_axis',(-1.,0.,0.));
#13248=DIRECTION('',(0.,-1.,0.));
#13249=DIRECTION('center_axis',(-1.,0.,0.));
#13250=DIRECTION('ref_axis',(0.,0.,1.));
#13251=DIRECTION('',(0.,-1.,0.));
#13252=DIRECTION('center_axis',(1.73516750835589E-18,0.707106781186548,
0.707106781186548));
#13253=DIRECTION('ref_axis',(-1.,1.22694871165302E-18,1.22694871165302E-18));
#13254=DIRECTION('',(0.577350269189626,-0.577350269189626,0.577350269189626));
#13255=DIRECTION('',(-0.577350269189626,-0.577350269189626,0.577350269189626));
#13256=DIRECTION('',(-1.,0.,0.));
#13257=DIRECTION('center_axis',(-1.73516750835589E-18,0.707106781186548,
-0.707106781186548));
#13258=DIRECTION('ref_axis',(1.,1.22694871165302E-18,-1.22694871165302E-18));
#13259=DIRECTION('',(0.577350269189626,0.577350269189626,0.577350269189626));
#13260=DIRECTION('',(-1.,0.,0.));
#13261=DIRECTION('',(0.577350269189626,-0.577350269189626,-0.577350269189626));
#13262=DIRECTION('center_axis',(0.,-1.,0.));
#13263=DIRECTION('ref_axis',(-1.,0.,0.));
#13264=DIRECTION('',(0.,-1.,0.));
#13265=DIRECTION('center_axis',(-1.,0.,0.));
#13266=DIRECTION('ref_axis',(0.,0.,1.));
#13267=DIRECTION('',(0.,-1.,0.));
#13268=DIRECTION('center_axis',(-1.73516750835589E-18,0.707106781186548,
-0.707106781186548));
#13269=DIRECTION('ref_axis',(1.,1.22694871165302E-18,-1.22694871165302E-18));
#13270=DIRECTION('',(0.577350269189626,0.577350269189626,0.577350269189626));
#13271=DIRECTION('',(-1.,0.,0.));
#13272=DIRECTION('',(0.577350269189626,-0.577350269189626,-0.577350269189626));
#13273=DIRECTION('center_axis',(1.,0.,0.));
#13274=DIRECTION('ref_axis',(0.,0.,-1.));
#13275=DIRECTION('',(0.,-1.,0.));
#13276=DIRECTION('center_axis',(1.73516750835589E-18,0.707106781186548,
0.707106781186548));
#13277=DIRECTION('ref_axis',(-1.,1.22694871165302E-18,1.22694871165302E-18));
#13278=DIRECTION('',(0.577350269189626,-0.577350269189626,0.577350269189626));
#13279=DIRECTION('',(-0.577350269189626,-0.577350269189626,0.577350269189626));
#13280=DIRECTION('',(-1.,0.,0.));
#13281=DIRECTION('center_axis',(0.,-1.,0.));
#13282=DIRECTION('ref_axis',(-1.,0.,0.));
#13283=DIRECTION('',(0.,-1.,0.));
#13284=DIRECTION('center_axis',(-1.,0.,0.));
#13285=DIRECTION('ref_axis',(0.,0.,1.));
#13286=DIRECTION('',(0.,-1.,0.));
#13287=DIRECTION('center_axis',(-1.73516750835589E-18,0.707106781186548,
-0.707106781186548));
#13288=DIRECTION('ref_axis',(1.,1.22694871165302E-18,-1.22694871165302E-18));
#13289=DIRECTION('',(0.577350269189626,0.577350269189626,0.577350269189626));
#13290=DIRECTION('',(-1.,0.,0.));
#13291=DIRECTION('',(0.577350269189626,-0.577350269189626,-0.577350269189626));
#13292=DIRECTION('center_axis',(1.,0.,0.));
#13293=DIRECTION('ref_axis',(0.,0.,-1.));
#13294=DIRECTION('',(0.,-1.,0.));
#13295=DIRECTION('center_axis',(1.73516750835589E-18,0.707106781186548,
0.707106781186548));
#13296=DIRECTION('ref_axis',(-1.,1.22694871165302E-18,1.22694871165302E-18));
#13297=DIRECTION('',(0.577350269189626,-0.577350269189626,0.577350269189626));
#13298=DIRECTION('',(-0.577350269189626,-0.577350269189626,0.577350269189626));
#13299=DIRECTION('',(-1.,0.,0.));
#13300=DIRECTION('center_axis',(1.,0.,0.));
#13301=DIRECTION('ref_axis',(0.,0.,-1.));
#13302=DIRECTION('',(0.,-1.,0.));
#13303=DIRECTION('center_axis',(0.,-1.,0.));
#13304=DIRECTION('ref_axis',(-1.,0.,0.));
#13305=DIRECTION('',(0.,-1.,0.));
#13306=DIRECTION('center_axis',(-1.,0.,0.));
#13307=DIRECTION('ref_axis',(0.,0.,1.));
#13308=DIRECTION('',(0.,-1.,0.));
#13309=DIRECTION('center_axis',(1.73516750835589E-18,0.707106781186548,
0.707106781186548));
#13310=DIRECTION('ref_axis',(-1.,1.22694871165302E-18,1.22694871165302E-18));
#13311=DIRECTION('',(0.577350269189626,-0.577350269189626,0.577350269189626));
#13312=DIRECTION('',(-0.577350269189626,-0.577350269189626,0.577350269189626));
#13313=DIRECTION('',(-1.,0.,0.));
#13314=DIRECTION('center_axis',(-1.73516750835589E-18,0.707106781186548,
-0.707106781186548));
#13315=DIRECTION('ref_axis',(1.,1.22694871165302E-18,-1.22694871165302E-18));
#13316=DIRECTION('',(0.577350269189626,0.577350269189626,0.577350269189626));
#13317=DIRECTION('',(-1.,0.,0.));
#13318=DIRECTION('',(0.577350269189626,-0.577350269189626,-0.577350269189626));
#13319=DIRECTION('center_axis',(1.,0.,0.));
#13320=DIRECTION('ref_axis',(0.,0.,-1.));
#13321=DIRECTION('',(0.,-1.,0.));
#13322=DIRECTION('center_axis',(0.,-1.,0.));
#13323=DIRECTION('ref_axis',(-1.,0.,0.));
#13324=DIRECTION('',(0.,-1.,0.));
#13325=DIRECTION('center_axis',(-1.,0.,0.));
#13326=DIRECTION('ref_axis',(0.,0.,1.));
#13327=DIRECTION('',(0.,-1.,0.));
#13328=DIRECTION('center_axis',(1.73516750835589E-18,0.707106781186548,
0.707106781186548));
#13329=DIRECTION('ref_axis',(-1.,1.22694871165302E-18,1.22694871165302E-18));
#13330=DIRECTION('',(0.577350269189626,-0.577350269189626,0.577350269189626));
#13331=DIRECTION('',(-0.577350269189626,-0.577350269189626,0.577350269189626));
#13332=DIRECTION('',(-1.,0.,0.));
#13333=DIRECTION('center_axis',(-1.73516750835589E-18,0.707106781186548,
-0.707106781186548));
#13334=DIRECTION('ref_axis',(1.,1.22694871165302E-18,-1.22694871165302E-18));
#13335=DIRECTION('',(0.577350269189626,0.577350269189626,0.577350269189626));
#13336=DIRECTION('',(-1.,0.,0.));
#13337=DIRECTION('',(0.577350269189626,-0.577350269189626,-0.577350269189626));
#13338=DIRECTION('center_axis',(0.,-1.,0.));
#13339=DIRECTION('ref_axis',(-1.,0.,0.));
#13340=DIRECTION('',(0.,-1.,0.));
#13341=DIRECTION('center_axis',(-1.,0.,0.));
#13342=DIRECTION('ref_axis',(0.,0.,1.));
#13343=DIRECTION('',(0.,-1.,0.));
#13344=DIRECTION('center_axis',(-1.73516750835589E-18,0.707106781186548,
-0.707106781186548));
#13345=DIRECTION('ref_axis',(1.,1.22694871165302E-18,-1.22694871165302E-18));
#13346=DIRECTION('',(-0.577350269189626,-0.577350269189626,-0.577350269189626));
#13347=DIRECTION('',(-1.,0.,0.));
#13348=DIRECTION('',(0.577350269189626,-0.577350269189626,-0.577350269189626));
#13349=DIRECTION('center_axis',(1.,0.,0.));
#13350=DIRECTION('ref_axis',(0.,0.,-1.));
#13351=DIRECTION('',(0.,-1.,0.));
#13352=DIRECTION('center_axis',(1.73516750835589E-18,0.707106781186548,
0.707106781186548));
#13353=DIRECTION('ref_axis',(-1.,1.22694871165302E-18,1.22694871165302E-18));
#13354=DIRECTION('',(0.577350269189626,-0.577350269189626,0.577350269189626));
#13355=DIRECTION('',(-0.577350269189626,-0.577350269189626,0.577350269189626));
#13356=DIRECTION('',(-1.,0.,0.));
#13357=DIRECTION('center_axis',(0.,-1.,0.));
#13358=DIRECTION('ref_axis',(-1.,0.,0.));
#13359=DIRECTION('',(0.,-1.,0.));
#13360=DIRECTION('center_axis',(-1.,0.,0.));
#13361=DIRECTION('ref_axis',(0.,0.,1.));
#13362=DIRECTION('',(0.,-1.,0.));
#13363=DIRECTION('center_axis',(-1.73516750835589E-18,0.707106781186548,
-0.707106781186548));
#13364=DIRECTION('ref_axis',(1.,1.22694871165302E-18,-1.22694871165302E-18));
#13365=DIRECTION('',(-0.577350269189626,-0.577350269189626,-0.577350269189626));
#13366=DIRECTION('',(-1.,0.,0.));
#13367=DIRECTION('',(0.577350269189626,-0.577350269189626,-0.577350269189626));
#13368=DIRECTION('center_axis',(1.,0.,0.));
#13369=DIRECTION('ref_axis',(0.,0.,-1.));
#13370=DIRECTION('',(0.,-1.,0.));
#13371=DIRECTION('center_axis',(1.73516750835589E-18,0.707106781186548,
0.707106781186548));
#13372=DIRECTION('ref_axis',(-1.,1.22694871165302E-18,1.22694871165302E-18));
#13373=DIRECTION('',(0.577350269189626,-0.577350269189626,0.577350269189626));
#13374=DIRECTION('',(-0.577350269189626,-0.577350269189626,0.577350269189626));
#13375=DIRECTION('',(-1.,0.,0.));
#13376=DIRECTION('center_axis',(0.,-1.,0.));
#13377=DIRECTION('ref_axis',(-1.,0.,0.));
#13378=DIRECTION('',(0.,-1.,0.));
#13379=DIRECTION('center_axis',(-1.,0.,0.));
#13380=DIRECTION('ref_axis',(0.,0.,1.));
#13381=DIRECTION('',(0.,-1.,0.));
#13382=DIRECTION('center_axis',(-1.73516750835589E-18,0.707106781186548,
-0.707106781186548));
#13383=DIRECTION('ref_axis',(1.,1.22694871165302E-18,-1.22694871165302E-18));
#13384=DIRECTION('',(0.577350269189626,0.577350269189626,0.577350269189626));
#13385=DIRECTION('',(-1.,0.,0.));
#13386=DIRECTION('',(0.577350269189626,-0.577350269189626,-0.577350269189626));
#13387=DIRECTION('center_axis',(1.,0.,0.));
#13388=DIRECTION('ref_axis',(0.,0.,-1.));
#13389=DIRECTION('',(0.,-1.,0.));
#13390=DIRECTION('center_axis',(1.73516750835589E-18,0.707106781186548,
0.707106781186548));
#13391=DIRECTION('ref_axis',(-1.,1.22694871165302E-18,1.22694871165302E-18));
#13392=DIRECTION('',(0.577350269189626,-0.577350269189626,0.577350269189626));
#13393=DIRECTION('',(-0.577350269189626,-0.577350269189626,0.577350269189626));
#13394=DIRECTION('',(-1.,0.,0.));
#13395=DIRECTION('center_axis',(0.,-1.,0.));
#13396=DIRECTION('ref_axis',(-1.,0.,0.));
#13397=DIRECTION('',(0.,-1.,0.));
#13398=DIRECTION('center_axis',(-1.,0.,0.));
#13399=DIRECTION('ref_axis',(0.,0.,1.));
#13400=DIRECTION('',(0.,-1.,0.));
#13401=DIRECTION('center_axis',(-1.73516750835589E-18,0.707106781186548,
-0.707106781186548));
#13402=DIRECTION('ref_axis',(1.,1.22694871165302E-18,-1.22694871165302E-18));
#13403=DIRECTION('',(-0.577350269189626,-0.577350269189626,-0.577350269189626));
#13404=DIRECTION('',(-1.,0.,0.));
#13405=DIRECTION('',(0.577350269189626,-0.577350269189626,-0.577350269189626));
#13406=DIRECTION('center_axis',(1.,0.,0.));
#13407=DIRECTION('ref_axis',(0.,0.,-1.));
#13408=DIRECTION('',(0.,-1.,0.));
#13409=DIRECTION('center_axis',(1.73516750835589E-18,0.707106781186548,
0.707106781186548));
#13410=DIRECTION('ref_axis',(-1.,1.22694871165302E-18,1.22694871165302E-18));
#13411=DIRECTION('',(0.577350269189626,-0.577350269189626,0.577350269189626));
#13412=DIRECTION('',(-0.577350269189626,-0.577350269189626,0.577350269189626));
#13413=DIRECTION('',(-1.,0.,0.));
#13414=DIRECTION('center_axis',(0.,-1.,0.));
#13415=DIRECTION('ref_axis',(-1.,0.,0.));
#13416=DIRECTION('',(0.,-1.,0.));
#13417=DIRECTION('center_axis',(-1.,0.,0.));
#13418=DIRECTION('ref_axis',(0.,0.,1.));
#13419=DIRECTION('',(0.,-1.,0.));
#13420=DIRECTION('center_axis',(-1.73516750835589E-18,0.707106781186548,
-0.707106781186548));
#13421=DIRECTION('ref_axis',(1.,1.22694871165302E-18,-1.22694871165302E-18));
#13422=DIRECTION('',(0.577350269189626,0.577350269189626,0.577350269189626));
#13423=DIRECTION('',(-1.,0.,0.));
#13424=DIRECTION('',(0.577350269189626,-0.577350269189626,-0.577350269189626));
#13425=DIRECTION('center_axis',(1.,0.,0.));
#13426=DIRECTION('ref_axis',(0.,0.,-1.));
#13427=DIRECTION('',(0.,-1.,0.));
#13428=DIRECTION('center_axis',(1.73516750835589E-18,0.707106781186548,
0.707106781186548));
#13429=DIRECTION('ref_axis',(-1.,1.22694871165302E-18,1.22694871165302E-18));
#13430=DIRECTION('',(0.577350269189626,-0.577350269189626,0.577350269189626));
#13431=DIRECTION('',(-0.577350269189626,-0.577350269189626,0.577350269189626));
#13432=DIRECTION('',(-1.,0.,0.));
#13433=DIRECTION('center_axis',(-0.707106781186548,-1.73516750835589E-18,
-0.707106781186548));
#13434=DIRECTION('ref_axis',(-1.22694871165302E-18,1.,-1.22694871165302E-18));
#13435=DIRECTION('',(0.,-1.,0.));
#13436=DIRECTION('center_axis',(0.707106781186548,1.73516750835589E-18,
-0.707106781186548));
#13437=DIRECTION('ref_axis',(-1.22694871165302E-18,1.,1.22694871165302E-18));
#13438=DIRECTION('',(0.,-1.,0.));
#13439=DIRECTION('center_axis',(0.,0.,-1.));
#13440=DIRECTION('ref_axis',(-1.,0.,0.));
#13441=DIRECTION('center_axis',(0.707106781186548,1.73516750835589E-18,
-0.707106781186548));
#13442=DIRECTION('ref_axis',(-1.22694871165302E-18,1.,1.22694871165302E-18));
#13443=DIRECTION('',(0.,-1.,0.));
#13444=DIRECTION('center_axis',(-0.707106781186548,-1.73516750835589E-18,
-0.707106781186548));
#13445=DIRECTION('ref_axis',(-1.22694871165302E-18,1.,-1.22694871165302E-18));
#13446=DIRECTION('',(0.,-1.,0.));
#13447=DIRECTION('center_axis',(0.,0.,-1.));
#13448=DIRECTION('ref_axis',(-1.,0.,0.));
#13449=DIRECTION('center_axis',(0.707106781186548,1.73516750835589E-18,
-0.707106781186548));
#13450=DIRECTION('ref_axis',(-1.22694871165302E-18,1.,1.22694871165302E-18));
#13451=DIRECTION('',(0.,-1.,0.));
#13452=DIRECTION('center_axis',(-0.707106781186548,-1.73516750835589E-18,
-0.707106781186548));
#13453=DIRECTION('ref_axis',(-1.22694871165302E-18,1.,-1.22694871165302E-18));
#13454=DIRECTION('',(0.,-1.,0.));
#13455=DIRECTION('center_axis',(0.,0.,-1.));
#13456=DIRECTION('ref_axis',(-1.,0.,0.));
#13457=DIRECTION('center_axis',(-0.707106781186548,-1.73516750835589E-18,
-0.707106781186548));
#13458=DIRECTION('ref_axis',(-1.22694871165302E-18,1.,-1.22694871165302E-18));
#13459=DIRECTION('',(0.,-1.,0.));
#13460=DIRECTION('center_axis',(0.707106781186548,1.73516750835589E-18,
-0.707106781186548));
#13461=DIRECTION('ref_axis',(-1.22694871165302E-18,1.,1.22694871165302E-18));
#13462=DIRECTION('',(0.,-1.,0.));
#13463=DIRECTION('center_axis',(0.,0.,-1.));
#13464=DIRECTION('ref_axis',(-1.,0.,0.));
#13465=DIRECTION('center_axis',(0.707106781186548,0.,-0.707106781186548));
#13466=DIRECTION('ref_axis',(0.,1.,0.));
#13467=DIRECTION('',(0.,-1.,0.));
#13468=DIRECTION('center_axis',(-0.707106781186548,0.,-0.707106781186548));
#13469=DIRECTION('ref_axis',(0.,1.,0.));
#13470=DIRECTION('',(0.,-1.,0.));
#13471=DIRECTION('center_axis',(0.,0.,-1.));
#13472=DIRECTION('ref_axis',(-1.,0.,0.));
#13473=DIRECTION('center_axis',(-0.707106781186548,0.,-0.707106781186548));
#13474=DIRECTION('ref_axis',(0.,1.,0.));
#13475=DIRECTION('',(0.,-1.,0.));
#13476=DIRECTION('center_axis',(0.707106781186548,0.,-0.707106781186548));
#13477=DIRECTION('ref_axis',(0.,1.,0.));
#13478=DIRECTION('',(0.,-1.,0.));
#13479=DIRECTION('center_axis',(0.,0.,-1.));
#13480=DIRECTION('ref_axis',(-1.,0.,0.));
#13481=DIRECTION('center_axis',(-0.707106781186548,0.,-0.707106781186548));
#13482=DIRECTION('ref_axis',(0.,1.,0.));
#13483=DIRECTION('',(0.,-1.,0.));
#13484=DIRECTION('center_axis',(0.707106781186548,0.,-0.707106781186548));
#13485=DIRECTION('ref_axis',(0.,1.,0.));
#13486=DIRECTION('',(0.,-1.,0.));
#13487=DIRECTION('center_axis',(0.,0.,-1.));
#13488=DIRECTION('ref_axis',(-1.,0.,0.));
#13489=DIRECTION('center_axis',(0.707106781186548,0.,-0.707106781186548));
#13490=DIRECTION('ref_axis',(0.,1.,0.));
#13491=DIRECTION('',(0.,-1.,0.));
#13492=DIRECTION('center_axis',(-0.707106781186548,0.,-0.707106781186548));
#13493=DIRECTION('ref_axis',(0.,1.,0.));
#13494=DIRECTION('',(0.,-1.,0.));
#13495=DIRECTION('center_axis',(0.,0.,-1.));
#13496=DIRECTION('ref_axis',(-1.,0.,0.));
#13497=DIRECTION('center_axis',(0.707106781186548,0.,-0.707106781186548));
#13498=DIRECTION('ref_axis',(0.,1.,0.));
#13499=DIRECTION('',(0.,-1.,0.));
#13500=DIRECTION('center_axis',(-0.707106781186548,0.,-0.707106781186548));
#13501=DIRECTION('ref_axis',(0.,1.,0.));
#13502=DIRECTION('',(0.,-1.,0.));
#13503=DIRECTION('center_axis',(0.,0.,-1.));
#13504=DIRECTION('ref_axis',(-1.,0.,0.));
#13505=DIRECTION('center_axis',(-0.707106781186548,-1.73516750835589E-18,
-0.707106781186548));
#13506=DIRECTION('ref_axis',(-1.22694871165302E-18,1.,-1.22694871165302E-18));
#13507=DIRECTION('',(0.,-1.,0.));
#13508=DIRECTION('center_axis',(0.707106781186548,1.73516750835589E-18,
-0.707106781186548));
#13509=DIRECTION('ref_axis',(-1.22694871165302E-18,1.,1.22694871165302E-18));
#13510=DIRECTION('',(0.,-1.,0.));
#13511=DIRECTION('center_axis',(0.,0.,-1.));
#13512=DIRECTION('ref_axis',(-1.,0.,0.));
#13513=DIRECTION('center_axis',(-0.707106781186548,-1.73516750835589E-18,
-0.707106781186548));
#13514=DIRECTION('ref_axis',(-1.22694871165302E-18,1.,-1.22694871165302E-18));
#13515=DIRECTION('',(0.,-1.,0.));
#13516=DIRECTION('center_axis',(0.707106781186548,1.73516750835589E-18,
-0.707106781186548));
#13517=DIRECTION('ref_axis',(-1.22694871165302E-18,1.,1.22694871165302E-18));
#13518=DIRECTION('',(0.,-1.,0.));
#13519=DIRECTION('center_axis',(0.,0.,-1.));
#13520=DIRECTION('ref_axis',(-1.,0.,0.));
#13521=DIRECTION('center_axis',(-0.707106781186548,0.,-0.707106781186548));
#13522=DIRECTION('ref_axis',(0.,1.,0.));
#13523=DIRECTION('',(0.,-1.,0.));
#13524=DIRECTION('center_axis',(0.707106781186548,0.,-0.707106781186548));
#13525=DIRECTION('ref_axis',(0.,1.,0.));
#13526=DIRECTION('',(0.,-1.,0.));
#13527=DIRECTION('center_axis',(0.,0.,-1.));
#13528=DIRECTION('ref_axis',(-1.,0.,0.));
#13529=DIRECTION('center_axis',(-0.707106781186548,-1.73516750835589E-18,
-0.707106781186548));
#13530=DIRECTION('ref_axis',(-1.22694871165302E-18,1.,-1.22694871165302E-18));
#13531=DIRECTION('',(0.,-1.,0.));
#13532=DIRECTION('center_axis',(0.707106781186548,1.73516750835589E-18,
-0.707106781186548));
#13533=DIRECTION('ref_axis',(-1.22694871165302E-18,1.,1.22694871165302E-18));
#13534=DIRECTION('',(0.,-1.,0.));
#13535=DIRECTION('center_axis',(0.,0.,-1.));
#13536=DIRECTION('ref_axis',(-1.,0.,0.));
#13537=DIRECTION('center_axis',(-0.707106781186548,0.,-0.707106781186548));
#13538=DIRECTION('ref_axis',(0.,1.,0.));
#13539=DIRECTION('',(0.,-1.,0.));
#13540=DIRECTION('center_axis',(0.707106781186548,0.,-0.707106781186548));
#13541=DIRECTION('ref_axis',(0.,1.,0.));
#13542=DIRECTION('',(0.,-1.,0.));
#13543=DIRECTION('center_axis',(0.,0.,-1.));
#13544=DIRECTION('ref_axis',(-1.,0.,0.));
#13545=DIRECTION('center_axis',(1.,1.110223024625E-16,0.));
#13546=DIRECTION('ref_axis',(-1.110223024625E-16,1.,0.));
#13547=DIRECTION('',(1.110223024625E-16,-1.,7.64400101958221E-33));
#13548=DIRECTION('',(0.,0.,1.));
#13549=DIRECTION('',(-1.110223024625E-16,1.,0.));
#13550=DIRECTION('',(0.,0.,-1.));
#13551=DIRECTION('center_axis',(0.,0.,-1.));
#13552=DIRECTION('ref_axis',(-1.,0.,0.));
#13553=DIRECTION('',(-1.,0.,0.));
#13554=DIRECTION('',(0.,-1.,0.));
#13555=DIRECTION('',(-1.,0.,0.));
#13556=DIRECTION('center_axis',(0.,1.,0.));
#13557=DIRECTION('ref_axis',(0.,0.,1.));
#13558=DIRECTION('',(1.,0.,6.885104028683E-17));
#13559=DIRECTION('',(0.,0.,-1.));
#13560=DIRECTION('center_axis',(-6.885104028683E-17,0.,1.));
#13561=DIRECTION('ref_axis',(1.,0.,6.885104028683E-17));
#13562=DIRECTION('',(1.,0.,6.885104028683E-17));
#13563=DIRECTION('',(0.,-1.,0.));
#13564=DIRECTION('center_axis',(0.,1.,0.));
#13565=DIRECTION('ref_axis',(0.,0.,1.));
#13566=DIRECTION('',(0.,0.,-1.));
#13567=DIRECTION('center_axis',(0.707106781186548,0.,0.707106781186548));
#13568=DIRECTION('ref_axis',(0.,-1.,0.));
#13569=DIRECTION('',(0.577350269189626,-0.577350269189626,-0.577350269189626));
#13570=DIRECTION('',(0.577350269189626,0.577350269189626,-0.577350269189626));
#13571=DIRECTION('',(0.,-1.,0.));
#13572=DIRECTION('center_axis',(0.707106781186548,0.707106781186548,-1.73516750835589E-18));
#13573=DIRECTION('ref_axis',(1.22694871165302E-18,1.22694871165302E-18,
1.));
#13574=DIRECTION('',(0.,0.,-1.));
#13575=DIRECTION('',(0.577350269189626,-0.577350269189626,0.577350269189626));
#13576=DIRECTION('center_axis',(0.707106781186548,0.,-0.707106781186548));
#13577=DIRECTION('ref_axis',(0.,1.,0.));
#13578=DIRECTION('',(0.,-1.,0.));
#13579=DIRECTION('',(0.577350269189626,0.577350269189626,0.577350269189626));
#13580=DIRECTION('center_axis',(-0.707106781186548,0.707106781186548,1.73516750835589E-18));
#13581=DIRECTION('ref_axis',(1.22694871165302E-18,-1.22694871165302E-18,
1.));
#13582=DIRECTION('',(0.,0.,-1.));
#13583=DIRECTION('center_axis',(1.,0.,0.));
#13584=DIRECTION('ref_axis',(0.,0.,-1.));
#13585=DIRECTION('center_axis',(1.,0.,0.));
#13586=DIRECTION('ref_axis',(0.,0.,-1.));
#13587=DIRECTION('',(0.,-1.,0.));
#13588=DIRECTION('',(0.,0.,-1.));
#13589=DIRECTION('',(0.,-1.,0.));
#13590=DIRECTION('',(0.,0.,-1.));
#13591=DIRECTION('center_axis',(0.707106781186548,0.707106781186548,-1.73516750835589E-18));
#13592=DIRECTION('ref_axis',(1.22694871165302E-18,1.22694871165302E-18,
1.));
#13593=DIRECTION('',(0.577350269189626,-0.577350269189626,-0.577350269189626));
#13594=DIRECTION('',(0.577350269189626,-0.577350269189626,0.577350269189626));
#13595=DIRECTION('',(0.,0.,-1.));
#13596=DIRECTION('center_axis',(0.707106781186548,0.,0.707106781186548));
#13597=DIRECTION('ref_axis',(0.,-1.,0.));
#13598=DIRECTION('',(0.,-1.,0.));
#13599=DIRECTION('',(0.577350269189626,0.577350269189626,-0.577350269189626));
#13600=DIRECTION('center_axis',(-0.707106781186548,0.707106781186548,1.73516750835589E-18));
#13601=DIRECTION('ref_axis',(1.22694871165302E-18,-1.22694871165302E-18,
1.));
#13602=DIRECTION('',(0.,0.,-1.));
#13603=DIRECTION('',(0.577350269189626,0.577350269189626,0.577350269189626));
#13604=DIRECTION('center_axis',(0.707106781186548,0.,-0.707106781186548));
#13605=DIRECTION('ref_axis',(0.,1.,0.));
#13606=DIRECTION('',(0.,-1.,0.));
#13607=DIRECTION('center_axis',(0.,1.,0.));
#13608=DIRECTION('ref_axis',(0.,0.,1.));
#13609=DIRECTION('',(0.,0.,1.));
#13610=DIRECTION('',(1.,0.,6.885104028683E-17));
#13611=DIRECTION('',(-1.,0.,0.));
#13612=DIRECTION('center_axis',(0.,0.,-1.));
#13613=DIRECTION('ref_axis',(-1.,0.,0.));
#13614=DIRECTION('',(-1.110223024625E-16,1.,0.));
#13615=DIRECTION('',(-1.,0.,0.));
#13616=DIRECTION('center_axis',(0.,1.,0.));
#13617=DIRECTION('ref_axis',(0.,0.,1.));
#13618=DIRECTION('',(0.,0.,-1.));
#13619=DIRECTION('',(1.,0.,6.885104028683E-17));
#13620=DIRECTION('center_axis',(-6.885104028683E-17,0.,1.));
#13621=DIRECTION('ref_axis',(1.,0.,6.885104028683E-17));
#13622=DIRECTION('',(1.110223024625E-16,-1.,7.64400101958221E-33));
#13623=DIRECTION('center_axis',(1.,1.110223024625E-16,0.));
#13624=DIRECTION('ref_axis',(-1.110223024625E-16,1.,0.));
#13625=DIRECTION('center_axis',(1.,1.110223024625E-16,0.));
#13626=DIRECTION('ref_axis',(-1.110223024625E-16,1.,0.));
#13627=DIRECTION('',(-1.110223024625E-16,1.,0.));
#13628=DIRECTION('',(0.,0.,-1.));
#13629=DIRECTION('',(1.110223024625E-16,-1.,7.64400101958221E-33));
#13630=DIRECTION('',(0.,0.,1.));
#13631=DIRECTION('center_axis',(-6.885104028683E-17,0.,1.));
#13632=DIRECTION('ref_axis',(1.,0.,6.885104028683E-17));
#13633=DIRECTION('',(1.,0.,6.885104028683E-17));
#13634=DIRECTION('',(0.,-1.,0.));
#13635=DIRECTION('',(1.,0.,6.885104028683E-17));
#13636=DIRECTION('center_axis',(0.,1.,0.));
#13637=DIRECTION('ref_axis',(0.,0.,1.));
#13638=DIRECTION('',(-1.,0.,0.));
#13639=DIRECTION('',(0.,0.,-1.));
#13640=DIRECTION('center_axis',(0.,0.,-1.));
#13641=DIRECTION('ref_axis',(-1.,0.,0.));
#13642=DIRECTION('',(-1.,0.,0.));
#13643=DIRECTION('',(0.,-1.,0.));
#13644=DIRECTION('center_axis',(0.,1.,0.));
#13645=DIRECTION('ref_axis',(0.,0.,1.));
#13646=DIRECTION('',(0.,0.,-1.));
#13647=DIRECTION('center_axis',(0.707106781186548,0.,-0.707106781186548));
#13648=DIRECTION('ref_axis',(0.,1.,0.));
#13649=DIRECTION('',(0.577350269189626,-0.577350269189626,0.577350269189626));
#13650=DIRECTION('',(0.,-1.,0.));
#13651=DIRECTION('',(0.577350269189626,0.577350269189626,0.577350269189626));
#13652=DIRECTION('center_axis',(-0.707106781186548,0.707106781186548,1.73516750835589E-18));
#13653=DIRECTION('ref_axis',(1.22694871165302E-18,-1.22694871165302E-18,
1.));
#13654=DIRECTION('',(0.577350269189626,0.577350269189626,-0.577350269189626));
#13655=DIRECTION('',(0.,0.,-1.));
#13656=DIRECTION('center_axis',(0.707106781186548,0.,0.707106781186548));
#13657=DIRECTION('ref_axis',(0.,-1.,0.));
#13658=DIRECTION('',(0.577350269189626,-0.577350269189626,-0.577350269189626));
#13659=DIRECTION('',(0.,-1.,0.));
#13660=DIRECTION('center_axis',(0.707106781186548,0.707106781186548,-1.73516750835589E-18));
#13661=DIRECTION('ref_axis',(1.22694871165302E-18,1.22694871165302E-18,
1.));
#13662=DIRECTION('',(0.,0.,-1.));
#13663=DIRECTION('center_axis',(1.,0.,0.));
#13664=DIRECTION('ref_axis',(0.,0.,-1.));
#13665=DIRECTION('center_axis',(1.,0.,0.));
#13666=DIRECTION('ref_axis',(0.,0.,-1.));
#13667=DIRECTION('',(0.,-1.,0.));
#13668=DIRECTION('',(0.,0.,-1.));
#13669=DIRECTION('',(0.,-1.,0.));
#13670=DIRECTION('',(0.,0.,-1.));
#13671=DIRECTION('center_axis',(0.707106781186548,0.,0.707106781186548));
#13672=DIRECTION('ref_axis',(0.,-1.,0.));
#13673=DIRECTION('',(0.577350269189626,-0.577350269189626,-0.577350269189626));
#13674=DIRECTION('',(0.,-1.,0.));
#13675=DIRECTION('',(0.577350269189626,0.577350269189626,-0.577350269189626));
#13676=DIRECTION('center_axis',(-0.707106781186548,0.707106781186548,1.73516750835589E-18));
#13677=DIRECTION('ref_axis',(1.22694871165302E-18,-1.22694871165302E-18,
1.));
#13678=DIRECTION('',(0.,0.,-1.));
#13679=DIRECTION('',(0.577350269189626,0.577350269189626,0.577350269189626));
#13680=DIRECTION('center_axis',(0.707106781186548,0.,-0.707106781186548));
#13681=DIRECTION('ref_axis',(0.,1.,0.));
#13682=DIRECTION('',(0.577350269189626,-0.577350269189626,0.577350269189626));
#13683=DIRECTION('',(0.,-1.,0.));
#13684=DIRECTION('center_axis',(0.707106781186548,0.707106781186548,-1.73516750835589E-18));
#13685=DIRECTION('ref_axis',(1.22694871165302E-18,1.22694871165302E-18,
1.));
#13686=DIRECTION('',(0.,0.,-1.));
#13687=DIRECTION('center_axis',(-6.885104028683E-17,0.,1.));
#13688=DIRECTION('ref_axis',(1.,0.,6.885104028683E-17));
#13689=DIRECTION('',(1.110223024625E-16,-1.,7.64400101958221E-33));
#13690=DIRECTION('',(1.,0.,6.885104028683E-17));
#13691=DIRECTION('',(1.,0.,6.885104028683E-17));
#13692=DIRECTION('center_axis',(0.,1.,0.));
#13693=DIRECTION('ref_axis',(0.,0.,1.));
#13694=DIRECTION('',(0.,0.,1.));
#13695=DIRECTION('',(-1.,0.,0.));
#13696=DIRECTION('center_axis',(0.,0.,-1.));
#13697=DIRECTION('ref_axis',(-1.,0.,0.));
#13698=DIRECTION('',(-1.110223024625E-16,1.,0.));
#13699=DIRECTION('',(-1.,0.,0.));
#13700=DIRECTION('center_axis',(0.,1.,0.));
#13701=DIRECTION('ref_axis',(0.,0.,1.));
#13702=DIRECTION('',(0.,0.,-1.));
#13703=DIRECTION('center_axis',(1.,1.110223024625E-16,0.));
#13704=DIRECTION('ref_axis',(-1.110223024625E-16,1.,0.));
#13705=DIRECTION('center_axis',(1.,1.110223024625E-16,0.));
#13706=DIRECTION('ref_axis',(-1.110223024625E-16,1.,0.));
#13707=DIRECTION('',(-1.110223024625E-16,1.,0.));
#13708=DIRECTION('',(1.28998492359682E-49,-1.161915124245E-33,-1.));
#13709=DIRECTION('',(1.110223024625E-16,-1.,2.37952734441682E-33));
#13710=DIRECTION('',(-1.28998492359682E-49,1.161915124245E-33,1.));
#13711=DIRECTION('center_axis',(-2.143287692327E-17,0.,1.));
#13712=DIRECTION('ref_axis',(1.,0.,2.143287692327E-17));
#13713=DIRECTION('',(1.,0.,2.143287692327E-17));
#13714=DIRECTION('',(0.,-1.,0.));
#13715=DIRECTION('',(1.,0.,2.143287692327E-17));
#13716=DIRECTION('center_axis',(1.223822766313E-33,1.,-1.161915124245E-33));
#13717=DIRECTION('ref_axis',(1.,-1.223822766313E-33,0.));
#13718=DIRECTION('',(-1.,0.,0.));
#13719=DIRECTION('',(0.,0.,-1.));
#13720=DIRECTION('center_axis',(0.,0.,-1.));
#13721=DIRECTION('ref_axis',(-1.,0.,0.));
#13722=DIRECTION('',(-1.,0.,0.));
#13723=DIRECTION('',(0.,-1.,0.));
#13724=DIRECTION('center_axis',(1.223822766313E-33,1.,-1.161915124245E-33));
#13725=DIRECTION('ref_axis',(1.,-1.223822766313E-33,0.));
#13726=DIRECTION('',(0.,0.,-1.));
#13727=DIRECTION('center_axis',(0.707106781186548,0.,-0.707106781186548));
#13728=DIRECTION('ref_axis',(0.,1.,0.));
#13729=DIRECTION('',(0.577350269189626,-0.577350269189626,0.577350269189626));
#13730=DIRECTION('',(0.,-1.,0.));
#13731=DIRECTION('',(0.577350269189626,0.577350269189626,0.577350269189626));
#13732=DIRECTION('center_axis',(-0.707106781186548,0.707106781186548,1.73516750835589E-18));
#13733=DIRECTION('ref_axis',(1.22694871165302E-18,-1.22694871165302E-18,
1.));
#13734=DIRECTION('',(0.577350269189626,0.577350269189626,-0.577350269189626));
#13735=DIRECTION('',(0.,0.,-1.));
#13736=DIRECTION('center_axis',(0.707106781186548,-1.73516750835589E-18,
0.707106781186548));
#13737=DIRECTION('ref_axis',(-1.22694871165302E-18,-1.,-1.22694871165302E-18));
#13738=DIRECTION('',(0.577350269189626,-0.577350269189626,-0.577350269189626));
#13739=DIRECTION('',(0.,-1.,0.));
#13740=DIRECTION('center_axis',(0.707106781186548,0.707106781186548,-1.73516750835589E-18));
#13741=DIRECTION('ref_axis',(1.22694871165302E-18,1.22694871165302E-18,
1.));
#13742=DIRECTION('',(0.,0.,-1.));
#13743=DIRECTION('center_axis',(1.,0.,0.));
#13744=DIRECTION('ref_axis',(0.,0.,-1.));
#13745=DIRECTION('center_axis',(1.,0.,0.));
#13746=DIRECTION('ref_axis',(0.,0.,-1.));
#13747=DIRECTION('',(0.,-1.,0.));
#13748=DIRECTION('',(0.,0.,-1.));
#13749=DIRECTION('',(0.,-1.,0.));
#13750=DIRECTION('',(0.,0.,-1.));
#13751=DIRECTION('center_axis',(-0.707106781186548,0.707106781186548,1.73516750835589E-18));
#13752=DIRECTION('ref_axis',(1.22694871165302E-18,-1.22694871165302E-18,
1.));
#13753=DIRECTION('',(0.577350269189626,0.577350269189626,-0.577350269189626));
#13754=DIRECTION('',(0.,0.,-1.));
#13755=DIRECTION('',(0.577350269189626,0.577350269189626,0.577350269189626));
#13756=DIRECTION('center_axis',(0.707106781186548,0.,-0.707106781186548));
#13757=DIRECTION('ref_axis',(0.,1.,0.));
#13758=DIRECTION('',(0.577350269189626,-0.577350269189626,0.577350269189626));
#13759=DIRECTION('',(0.,-1.,0.));
#13760=DIRECTION('center_axis',(0.707106781186548,0.707106781186548,-1.73516750835589E-18));
#13761=DIRECTION('ref_axis',(1.22694871165302E-18,1.22694871165302E-18,
1.));
#13762=DIRECTION('',(0.577350269189626,-0.577350269189626,-0.577350269189626));
#13763=DIRECTION('',(0.,0.,-1.));
#13764=DIRECTION('center_axis',(0.707106781186548,-1.73516750835589E-18,
0.707106781186548));
#13765=DIRECTION('ref_axis',(-1.22694871165302E-18,-1.,-1.22694871165302E-18));
#13766=DIRECTION('',(0.,-1.,0.));
#13767=DIRECTION('center_axis',(1.223822766313E-33,1.,-1.161915124245E-33));
#13768=DIRECTION('ref_axis',(1.,-1.223822766313E-33,0.));
#13769=DIRECTION('',(1.28998492359682E-49,-1.161915124245E-33,-1.));
#13770=DIRECTION('',(-1.,0.,0.));
#13771=DIRECTION('',(1.,0.,2.143287692327E-17));
#13772=DIRECTION('center_axis',(-2.143287692327E-17,0.,1.));
#13773=DIRECTION('ref_axis',(1.,0.,2.143287692327E-17));
#13774=DIRECTION('',(1.110223024625E-16,-1.,2.37952734441682E-33));
#13775=DIRECTION('',(1.,0.,2.143287692327E-17));
#13776=DIRECTION('center_axis',(1.223822766313E-33,1.,-1.161915124245E-33));
#13777=DIRECTION('ref_axis',(1.,-1.223822766313E-33,0.));
#13778=DIRECTION('',(-1.28998492359682E-49,1.161915124245E-33,1.));
#13779=DIRECTION('',(-1.,0.,0.));
#13780=DIRECTION('center_axis',(0.,0.,-1.));
#13781=DIRECTION('ref_axis',(-1.,0.,0.));
#13782=DIRECTION('',(-1.110223024625E-16,1.,0.));
#13783=DIRECTION('center_axis',(1.,1.110223024625E-16,0.));
#13784=DIRECTION('ref_axis',(-1.110223024625E-16,1.,0.));
#13785=DIRECTION('center_axis',(1.,1.110223024625E-16,0.));
#13786=DIRECTION('ref_axis',(-1.110223024625E-16,1.,0.));
#13787=DIRECTION('',(1.110223024625E-16,-1.,2.37952734441682E-33));
#13788=DIRECTION('',(-1.28998492359682E-49,1.161915124245E-33,1.));
#13789=DIRECTION('',(-1.110223024625E-16,1.,0.));
#13790=DIRECTION('',(1.28998492359682E-49,-1.161915124245E-33,-1.));
#13791=DIRECTION('center_axis',(0.,0.,-1.));
#13792=DIRECTION('ref_axis',(-1.,0.,0.));
#13793=DIRECTION('',(-1.,0.,0.));
#13794=DIRECTION('',(0.,-1.,0.));
#13795=DIRECTION('',(-1.,0.,0.));
#13796=DIRECTION('center_axis',(1.223822766313E-33,1.,-1.161915124245E-33));
#13797=DIRECTION('ref_axis',(1.,-1.223822766313E-33,0.));
#13798=DIRECTION('',(1.,0.,2.143287692327E-17));
#13799=DIRECTION('',(0.,0.,-1.));
#13800=DIRECTION('center_axis',(-2.143287692327E-17,0.,1.));
#13801=DIRECTION('ref_axis',(1.,0.,2.143287692327E-17));
#13802=DIRECTION('',(1.,0.,2.143287692327E-17));
#13803=DIRECTION('',(0.,-1.,0.));
#13804=DIRECTION('center_axis',(1.223822766313E-33,1.,-1.161915124245E-33));
#13805=DIRECTION('ref_axis',(1.,-1.223822766313E-33,0.));
#13806=DIRECTION('',(0.,0.,-1.));
#13807=DIRECTION('center_axis',(0.707106781186548,-1.73516750835589E-18,
0.707106781186548));
#13808=DIRECTION('ref_axis',(-1.22694871165302E-18,-1.,-1.22694871165302E-18));
#13809=DIRECTION('',(0.577350269189626,-0.577350269189626,-0.577350269189626));
#13810=DIRECTION('',(0.577350269189626,0.577350269189626,-0.577350269189626));
#13811=DIRECTION('',(0.,-1.,0.));
#13812=DIRECTION('center_axis',(0.707106781186548,0.707106781186548,-1.73516750835589E-18));
#13813=DIRECTION('ref_axis',(1.22694871165302E-18,1.22694871165302E-18,
1.));
#13814=DIRECTION('',(0.,0.,-1.));
#13815=DIRECTION('',(0.577350269189626,-0.577350269189626,0.577350269189626));
#13816=DIRECTION('center_axis',(0.707106781186548,0.,-0.707106781186548));
#13817=DIRECTION('ref_axis',(0.,1.,0.));
#13818=DIRECTION('',(0.,-1.,0.));
#13819=DIRECTION('',(0.577350269189626,0.577350269189626,0.577350269189626));
#13820=DIRECTION('center_axis',(-0.707106781186548,0.707106781186548,1.73516750835589E-18));
#13821=DIRECTION('ref_axis',(1.22694871165302E-18,-1.22694871165302E-18,
1.));
#13822=DIRECTION('',(0.,0.,-1.));
#13823=DIRECTION('center_axis',(1.,0.,0.));
#13824=DIRECTION('ref_axis',(0.,0.,-1.));
#13825=DIRECTION('center_axis',(1.,0.,0.));
#13826=DIRECTION('ref_axis',(0.,0.,-1.));
#13827=DIRECTION('',(0.,-1.,0.));
#13828=DIRECTION('',(0.,0.,-1.));
#13829=DIRECTION('',(0.,-1.,0.));
#13830=DIRECTION('',(0.,0.,-1.));
#13831=DIRECTION('center_axis',(0.707106781186548,0.707106781186548,-1.73516750835589E-18));
#13832=DIRECTION('ref_axis',(1.22694871165302E-18,1.22694871165302E-18,
1.));
#13833=DIRECTION('',(0.577350269189626,-0.577350269189626,-0.577350269189626));
#13834=DIRECTION('',(0.577350269189626,-0.577350269189626,0.577350269189626));
#13835=DIRECTION('',(0.,0.,-1.));
#13836=DIRECTION('center_axis',(0.707106781186548,-1.73516750835589E-18,
0.707106781186548));
#13837=DIRECTION('ref_axis',(-1.22694871165302E-18,-1.,-1.22694871165302E-18));
#13838=DIRECTION('',(0.,-1.,0.));
#13839=DIRECTION('',(0.577350269189626,0.577350269189626,-0.577350269189626));
#13840=DIRECTION('center_axis',(-0.707106781186548,0.707106781186548,1.73516750835589E-18));
#13841=DIRECTION('ref_axis',(1.22694871165302E-18,-1.22694871165302E-18,
1.));
#13842=DIRECTION('',(0.,0.,-1.));
#13843=DIRECTION('',(0.577350269189626,0.577350269189626,0.577350269189626));
#13844=DIRECTION('center_axis',(0.707106781186548,0.,-0.707106781186548));
#13845=DIRECTION('ref_axis',(0.,1.,0.));
#13846=DIRECTION('',(0.,-1.,0.));
#13847=DIRECTION('center_axis',(1.223822766313E-33,1.,-1.161915124245E-33));
#13848=DIRECTION('ref_axis',(1.,-1.223822766313E-33,0.));
#13849=DIRECTION('',(-1.28998492359682E-49,1.161915124245E-33,1.));
#13850=DIRECTION('',(1.,0.,2.143287692327E-17));
#13851=DIRECTION('',(-1.,0.,0.));
#13852=DIRECTION('center_axis',(0.,0.,-1.));
#13853=DIRECTION('ref_axis',(-1.,0.,0.));
#13854=DIRECTION('',(-1.110223024625E-16,1.,0.));
#13855=DIRECTION('',(-1.,0.,0.));
#13856=DIRECTION('center_axis',(1.223822766313E-33,1.,-1.161915124245E-33));
#13857=DIRECTION('ref_axis',(1.,-1.223822766313E-33,0.));
#13858=DIRECTION('',(1.28998492359682E-49,-1.161915124245E-33,-1.));
#13859=DIRECTION('',(1.,0.,2.143287692327E-17));
#13860=DIRECTION('center_axis',(-2.143287692327E-17,0.,1.));
#13861=DIRECTION('ref_axis',(1.,0.,2.143287692327E-17));
#13862=DIRECTION('',(1.110223024625E-16,-1.,2.37952734441682E-33));
#13863=DIRECTION('center_axis',(1.,1.110223024625E-16,0.));
#13864=DIRECTION('ref_axis',(-1.110223024625E-16,1.,0.));
#13865=DIRECTION('center_axis',(1.,1.110223024625E-16,0.));
#13866=DIRECTION('ref_axis',(-1.110223024625E-16,1.,0.));
#13867=DIRECTION('',(-1.110223024625E-16,1.,0.));
#13868=DIRECTION('',(1.28998492359682E-49,-1.161915124245E-33,-1.));
#13869=DIRECTION('',(1.110223024625E-16,-1.,2.37952734441682E-33));
#13870=DIRECTION('',(-1.28998492359682E-49,1.161915124245E-33,1.));
#13871=DIRECTION('center_axis',(-2.143287692327E-17,0.,1.));
#13872=DIRECTION('ref_axis',(1.,0.,2.143287692327E-17));
#13873=DIRECTION('',(1.,0.,2.143287692327E-17));
#13874=DIRECTION('',(0.,-1.,0.));
#13875=DIRECTION('',(1.,0.,2.143287692327E-17));
#13876=DIRECTION('center_axis',(1.223822766313E-33,1.,-1.161915124245E-33));
#13877=DIRECTION('ref_axis',(1.,-1.223822766313E-33,0.));
#13878=DIRECTION('',(-1.,0.,0.));
#13879=DIRECTION('',(0.,0.,-1.));
#13880=DIRECTION('center_axis',(0.,0.,-1.));
#13881=DIRECTION('ref_axis',(-1.,0.,0.));
#13882=DIRECTION('',(-1.,0.,0.));
#13883=DIRECTION('',(0.,-1.,0.));
#13884=DIRECTION('center_axis',(1.223822766313E-33,1.,-1.161915124245E-33));
#13885=DIRECTION('ref_axis',(1.,-1.223822766313E-33,0.));
#13886=DIRECTION('',(0.,0.,-1.));
#13887=DIRECTION('center_axis',(0.707106781186548,0.,-0.707106781186548));
#13888=DIRECTION('ref_axis',(0.,1.,0.));
#13889=DIRECTION('',(0.577350269189626,-0.577350269189626,0.577350269189626));
#13890=DIRECTION('',(0.,-1.,0.));
#13891=DIRECTION('',(0.577350269189626,0.577350269189626,0.577350269189626));
#13892=DIRECTION('center_axis',(-0.707106781186548,0.707106781186548,1.73516750835589E-18));
#13893=DIRECTION('ref_axis',(1.22694871165302E-18,-1.22694871165302E-18,
1.));
#13894=DIRECTION('',(0.577350269189626,0.577350269189626,-0.577350269189626));
#13895=DIRECTION('',(0.,0.,-1.));
#13896=DIRECTION('center_axis',(0.707106781186548,-1.73516750835589E-18,
0.707106781186548));
#13897=DIRECTION('ref_axis',(-1.22694871165302E-18,-1.,-1.22694871165302E-18));
#13898=DIRECTION('',(0.577350269189626,-0.577350269189626,-0.577350269189626));
#13899=DIRECTION('',(0.,-1.,0.));
#13900=DIRECTION('center_axis',(0.707106781186548,0.707106781186548,-1.73516750835589E-18));
#13901=DIRECTION('ref_axis',(1.22694871165302E-18,1.22694871165302E-18,
1.));
#13902=DIRECTION('',(0.,0.,-1.));
#13903=DIRECTION('center_axis',(1.,0.,0.));
#13904=DIRECTION('ref_axis',(0.,0.,-1.));
#13905=DIRECTION('center_axis',(1.,0.,0.));
#13906=DIRECTION('ref_axis',(0.,0.,-1.));
#13907=DIRECTION('',(0.,-1.,0.));
#13908=DIRECTION('',(0.,0.,-1.));
#13909=DIRECTION('',(0.,-1.,0.));
#13910=DIRECTION('',(0.,0.,-1.));
#13911=DIRECTION('center_axis',(-0.707106781186548,0.707106781186548,1.73516750835589E-18));
#13912=DIRECTION('ref_axis',(1.22694871165302E-18,-1.22694871165302E-18,
1.));
#13913=DIRECTION('',(0.577350269189626,0.577350269189626,-0.577350269189626));
#13914=DIRECTION('',(0.,0.,-1.));
#13915=DIRECTION('',(0.577350269189626,0.577350269189626,0.577350269189626));
#13916=DIRECTION('center_axis',(0.707106781186548,0.,-0.707106781186548));
#13917=DIRECTION('ref_axis',(0.,1.,0.));
#13918=DIRECTION('',(0.577350269189626,-0.577350269189626,0.577350269189626));
#13919=DIRECTION('',(0.,-1.,0.));
#13920=DIRECTION('center_axis',(0.707106781186548,0.707106781186548,-1.73516750835589E-18));
#13921=DIRECTION('ref_axis',(1.22694871165302E-18,1.22694871165302E-18,
1.));
#13922=DIRECTION('',(0.577350269189626,-0.577350269189626,-0.577350269189626));
#13923=DIRECTION('',(0.,0.,-1.));
#13924=DIRECTION('center_axis',(0.707106781186548,0.,0.707106781186548));
#13925=DIRECTION('ref_axis',(0.,-1.,0.));
#13926=DIRECTION('',(0.,-1.,0.));
#13927=DIRECTION('center_axis',(0.,1.,0.));
#13928=DIRECTION('ref_axis',(0.,0.,1.));
#13929=DIRECTION('',(0.,0.,-1.));
#13930=DIRECTION('',(-1.,0.,0.));
#13931=DIRECTION('',(1.,0.,6.885104028683E-17));
#13932=DIRECTION('center_axis',(-6.885104028683E-17,0.,1.));
#13933=DIRECTION('ref_axis',(1.,0.,6.885104028683E-17));
#13934=DIRECTION('',(1.110223024625E-16,-1.,7.64400101958221E-33));
#13935=DIRECTION('',(1.,0.,6.885104028683E-17));
#13936=DIRECTION('center_axis',(0.,1.,0.));
#13937=DIRECTION('ref_axis',(0.,0.,1.));
#13938=DIRECTION('',(0.,0.,1.));
#13939=DIRECTION('',(-1.,0.,0.));
#13940=DIRECTION('center_axis',(0.,0.,-1.));
#13941=DIRECTION('ref_axis',(-1.,0.,0.));
#13942=DIRECTION('',(-1.110223024625E-16,1.,0.));
#13943=DIRECTION('center_axis',(1.,1.110223024625E-16,0.));
#13944=DIRECTION('ref_axis',(-1.110223024625E-16,1.,0.));
#13945=DIRECTION('center_axis',(1.,1.110223024625E-16,0.));
#13946=DIRECTION('ref_axis',(-1.110223024625E-16,1.,0.));
#13947=DIRECTION('',(0.,0.,1.));
#13948=DIRECTION('',(-1.110223024625E-16,1.,0.));
#13949=DIRECTION('',(0.,0.,-1.));
#13950=DIRECTION('',(1.110223024625E-16,-1.,7.64400101958221E-33));
#13951=DIRECTION('center_axis',(0.,1.,0.));
#13952=DIRECTION('ref_axis',(0.,0.,1.));
#13953=DIRECTION('',(-1.,0.,0.));
#13954=DIRECTION('',(0.,0.,-1.));
#13955=DIRECTION('',(1.,0.,6.885104028683E-17));
#13956=DIRECTION('center_axis',(0.,0.,-1.));
#13957=DIRECTION('ref_axis',(-1.,0.,0.));
#13958=DIRECTION('',(-1.,0.,0.));
#13959=DIRECTION('',(0.,-1.,0.));
#13960=DIRECTION('center_axis',(0.,1.,0.));
#13961=DIRECTION('ref_axis',(0.,0.,1.));
#13962=DIRECTION('',(1.,0.,6.885104028683E-17));
#13963=DIRECTION('',(0.,0.,-1.));
#13964=DIRECTION('center_axis',(-6.885104028683E-17,0.,1.));
#13965=DIRECTION('ref_axis',(1.,0.,6.885104028683E-17));
#13966=DIRECTION('',(0.,-1.,0.));
#13967=DIRECTION('center_axis',(0.707106781186548,0.707106781186548,-1.73516750835589E-18));
#13968=DIRECTION('ref_axis',(1.22694871165302E-18,1.22694871165302E-18,
1.));
#13969=DIRECTION('',(0.577350269189626,-0.577350269189626,-0.577350269189626));
#13970=DIRECTION('',(0.,0.,-1.));
#13971=DIRECTION('',(0.577350269189626,-0.577350269189626,0.577350269189626));
#13972=DIRECTION('center_axis',(0.707106781186548,0.,-0.707106781186548));
#13973=DIRECTION('ref_axis',(0.,1.,0.));
#13974=DIRECTION('',(0.,-1.,0.));
#13975=DIRECTION('',(0.577350269189626,0.577350269189626,0.577350269189626));
#13976=DIRECTION('center_axis',(-0.707106781186548,0.707106781186548,1.73516750835589E-18));
#13977=DIRECTION('ref_axis',(1.22694871165302E-18,-1.22694871165302E-18,
1.));
#13978=DIRECTION('',(0.577350269189626,0.577350269189626,-0.577350269189626));
#13979=DIRECTION('',(0.,0.,-1.));
#13980=DIRECTION('center_axis',(0.707106781186548,0.,0.707106781186548));
#13981=DIRECTION('ref_axis',(0.,-1.,0.));
#13982=DIRECTION('',(0.,-1.,0.));
#13983=DIRECTION('center_axis',(1.,0.,0.));
#13984=DIRECTION('ref_axis',(0.,0.,-1.));
#13985=DIRECTION('center_axis',(1.,0.,0.));
#13986=DIRECTION('ref_axis',(0.,0.,-1.));
#13987=DIRECTION('',(0.,-1.,0.));
#13988=DIRECTION('',(0.,0.,-1.));
#13989=DIRECTION('',(0.,-1.,0.));
#13990=DIRECTION('',(0.,0.,-1.));
#13991=DIRECTION('center_axis',(-0.707106781186548,0.707106781186548,1.73516750835589E-18));
#13992=DIRECTION('ref_axis',(1.22694871165302E-18,-1.22694871165302E-18,
1.));
#13993=DIRECTION('',(0.577350269189626,0.577350269189626,-0.577350269189626));
#13994=DIRECTION('',(0.,0.,-1.));
#13995=DIRECTION('',(0.577350269189626,0.577350269189626,0.577350269189626));
#13996=DIRECTION('center_axis',(0.707106781186548,0.,-0.707106781186548));
#13997=DIRECTION('ref_axis',(0.,1.,0.));
#13998=DIRECTION('',(0.577350269189626,-0.577350269189626,0.577350269189626));
#13999=DIRECTION('',(0.,-1.,0.));
#14000=DIRECTION('center_axis',(0.707106781186548,0.707106781186548,-1.73516750835589E-18));
#14001=DIRECTION('ref_axis',(1.22694871165302E-18,1.22694871165302E-18,
1.));
#14002=DIRECTION('',(0.577350269189626,-0.577350269189626,-0.577350269189626));
#14003=DIRECTION('',(0.,0.,-1.));
#14004=DIRECTION('center_axis',(0.707106781186548,-1.73516750835589E-18,
0.707106781186548));
#14005=DIRECTION('ref_axis',(-1.22694871165302E-18,-1.,-1.22694871165302E-18));
#14006=DIRECTION('',(0.,-1.,0.));
#14007=DIRECTION('center_axis',(1.223822766313E-33,1.,-1.161915124245E-33));
#14008=DIRECTION('ref_axis',(1.,-1.223822766313E-33,0.));
#14009=DIRECTION('',(1.28998492359682E-49,-1.161915124245E-33,-1.));
#14010=DIRECTION('',(-1.,0.,0.));
#14011=DIRECTION('',(1.,0.,2.143287692327E-17));
#14012=DIRECTION('center_axis',(-2.143287692327E-17,0.,1.));
#14013=DIRECTION('ref_axis',(1.,0.,2.143287692327E-17));
#14014=DIRECTION('',(1.110223024625E-16,-1.,2.37952734441682E-33));
#14015=DIRECTION('',(1.,0.,2.143287692327E-17));
#14016=DIRECTION('center_axis',(1.223822766313E-33,1.,-1.161915124245E-33));
#14017=DIRECTION('ref_axis',(1.,-1.223822766313E-33,0.));
#14018=DIRECTION('',(-1.28998492359682E-49,1.161915124245E-33,1.));
#14019=DIRECTION('',(-1.,0.,0.));
#14020=DIRECTION('center_axis',(0.,0.,-1.));
#14021=DIRECTION('ref_axis',(-1.,0.,0.));
#14022=DIRECTION('',(-1.110223024625E-16,1.,0.));
#14023=DIRECTION('center_axis',(1.,1.110223024625E-16,0.));
#14024=DIRECTION('ref_axis',(-1.110223024625E-16,1.,0.));
#14025=DIRECTION('center_axis',(1.,1.110223024625E-16,0.));
#14026=DIRECTION('ref_axis',(-1.110223024625E-16,1.,0.));
#14027=DIRECTION('',(0.,0.,1.));
#14028=DIRECTION('',(-1.110223024625E-16,1.,0.));
#14029=DIRECTION('',(0.,0.,-1.));
#14030=DIRECTION('',(1.110223024625E-16,-1.,7.64400101958221E-33));
#14031=DIRECTION('center_axis',(0.,1.,0.));
#14032=DIRECTION('ref_axis',(0.,0.,1.));
#14033=DIRECTION('',(-1.,0.,0.));
#14034=DIRECTION('',(0.,0.,-1.));
#14035=DIRECTION('',(1.,0.,6.885104028683E-17));
#14036=DIRECTION('center_axis',(0.,0.,-1.));
#14037=DIRECTION('ref_axis',(-1.,0.,0.));
#14038=DIRECTION('',(-1.,0.,0.));
#14039=DIRECTION('',(0.,-1.,0.));
#14040=DIRECTION('center_axis',(0.,1.,0.));
#14041=DIRECTION('ref_axis',(0.,0.,1.));
#14042=DIRECTION('',(1.,0.,6.885104028683E-17));
#14043=DIRECTION('',(0.,0.,-1.));
#14044=DIRECTION('center_axis',(-6.885104028683E-17,0.,1.));
#14045=DIRECTION('ref_axis',(1.,0.,6.885104028683E-17));
#14046=DIRECTION('',(0.,-1.,0.));
#14047=DIRECTION('center_axis',(0.707106781186548,0.707106781186548,-1.73516750835589E-18));
#14048=DIRECTION('ref_axis',(1.22694871165302E-18,1.22694871165302E-18,
1.));
#14049=DIRECTION('',(0.577350269189626,-0.577350269189626,-0.577350269189626));
#14050=DIRECTION('',(0.,0.,-1.));
#14051=DIRECTION('',(0.577350269189626,-0.577350269189626,0.577350269189626));
#14052=DIRECTION('center_axis',(0.707106781186548,0.,-0.707106781186548));
#14053=DIRECTION('ref_axis',(0.,1.,0.));
#14054=DIRECTION('',(0.,-1.,0.));
#14055=DIRECTION('',(0.577350269189626,0.577350269189626,0.577350269189626));
#14056=DIRECTION('center_axis',(-0.707106781186548,0.707106781186548,1.73516750835589E-18));
#14057=DIRECTION('ref_axis',(1.22694871165302E-18,-1.22694871165302E-18,
1.));
#14058=DIRECTION('',(0.577350269189626,0.577350269189626,-0.577350269189626));
#14059=DIRECTION('',(0.,0.,-1.));
#14060=DIRECTION('center_axis',(0.707106781186548,0.,0.707106781186548));
#14061=DIRECTION('ref_axis',(0.,-1.,0.));
#14062=DIRECTION('',(0.,-1.,0.));
#14063=DIRECTION('center_axis',(1.,0.,0.));
#14064=DIRECTION('ref_axis',(0.,0.,-1.));
#14065=DIRECTION('center_axis',(1.,0.,0.));
#14066=DIRECTION('ref_axis',(0.,0.,-1.));
#14067=DIRECTION('',(0.,-1.,0.));
#14068=DIRECTION('',(0.,0.,-1.));
#14069=DIRECTION('',(0.,-1.,0.));
#14070=DIRECTION('',(0.,0.,-1.));
#14071=DIRECTION('center_axis',(0.707106781186548,-1.73516750835589E-18,
0.707106781186548));
#14072=DIRECTION('ref_axis',(-1.22694871165302E-18,-1.,-1.22694871165302E-18));
#14073=DIRECTION('',(0.577350269189626,-0.577350269189626,-0.577350269189626));
#14074=DIRECTION('',(0.,-1.,0.));
#14075=DIRECTION('',(0.577350269189626,0.577350269189626,-0.577350269189626));
#14076=DIRECTION('center_axis',(-0.707106781186548,0.707106781186548,1.73516750835589E-18));
#14077=DIRECTION('ref_axis',(1.22694871165302E-18,-1.22694871165302E-18,
1.));
#14078=DIRECTION('',(0.,0.,-1.));
#14079=DIRECTION('',(0.577350269189626,0.577350269189626,0.577350269189626));
#14080=DIRECTION('center_axis',(0.707106781186548,0.,-0.707106781186548));
#14081=DIRECTION('ref_axis',(0.,1.,0.));
#14082=DIRECTION('',(0.577350269189626,-0.577350269189626,0.577350269189626));
#14083=DIRECTION('',(0.,-1.,0.));
#14084=DIRECTION('center_axis',(0.707106781186548,0.707106781186548,-1.73516750835589E-18));
#14085=DIRECTION('ref_axis',(1.22694871165302E-18,1.22694871165302E-18,
1.));
#14086=DIRECTION('',(0.,0.,-1.));
#14087=DIRECTION('center_axis',(-2.143287692327E-17,0.,1.));
#14088=DIRECTION('ref_axis',(1.,0.,2.143287692327E-17));
#14089=DIRECTION('',(1.110223024625E-16,-1.,2.37952734441682E-33));
#14090=DIRECTION('',(1.,0.,2.143287692327E-17));
#14091=DIRECTION('',(1.,0.,2.143287692327E-17));
#14092=DIRECTION('center_axis',(1.223822766313E-33,1.,-1.161915124245E-33));
#14093=DIRECTION('ref_axis',(1.,-1.223822766313E-33,0.));
#14094=DIRECTION('',(-1.28998492359682E-49,1.161915124245E-33,1.));
#14095=DIRECTION('',(-1.,0.,0.));
#14096=DIRECTION('center_axis',(0.,0.,-1.));
#14097=DIRECTION('ref_axis',(-1.,0.,0.));
#14098=DIRECTION('',(-1.110223024625E-16,1.,0.));
#14099=DIRECTION('',(-1.,0.,0.));
#14100=DIRECTION('center_axis',(1.223822766313E-33,1.,-1.161915124245E-33));
#14101=DIRECTION('ref_axis',(1.,-1.223822766313E-33,0.));
#14102=DIRECTION('',(1.28998492359682E-49,-1.161915124245E-33,-1.));
#14103=DIRECTION('center_axis',(1.,1.110223024625E-16,0.));
#14104=DIRECTION('ref_axis',(-1.110223024625E-16,1.,0.));
#14105=DIRECTION('axis',(0.,0.,1.));
#14106=DIRECTION('refdir',(1.,0.,0.));
#14107=DIRECTION('center_axis',(0.,0.,-1.));
#14108=DIRECTION('ref_axis',(-7.47075743835492E-7,0.999999999999721,0.));
#14109=DIRECTION('',(0.,0.,1.));
#14110=DIRECTION('center_axis',(0.,0.,-1.));
#14111=DIRECTION('ref_axis',(-7.47075743835492E-7,0.999999999999721,0.));
#14112=DIRECTION('',(0.,0.,1.));
#14113=DIRECTION('center_axis',(0.,0.,-1.));
#14114=DIRECTION('ref_axis',(-7.47075743835492E-7,0.999999999999721,0.));
#14115=DIRECTION('center_axis',(0.,1.,0.));
#14116=DIRECTION('ref_axis',(1.,0.,0.));
#14117=DIRECTION('',(0.,0.,1.));
#14118=DIRECTION('',(1.,0.,0.));
#14119=DIRECTION('',(1.,0.,0.));
#14120=DIRECTION('center_axis',(1.,0.,0.));
#14121=DIRECTION('ref_axis',(0.,-1.,0.));
#14122=DIRECTION('',(0.,-1.,0.));
#14123=DIRECTION('',(0.,0.,1.));
#14124=DIRECTION('',(0.,-1.,0.));
#14125=DIRECTION('center_axis',(0.,0.,1.));
#14126=DIRECTION('ref_axis',(1.,0.,0.));
#14127=DIRECTION('center_axis',(0.,0.,-1.));
#14128=DIRECTION('ref_axis',(0.999999999999721,7.47075743835492E-7,0.));
#14129=DIRECTION('',(-1.,0.,0.));
#14130=DIRECTION('center_axis',(0.,0.,-1.));
#14131=DIRECTION('ref_axis',(7.47075743835492E-7,-0.999999999999721,0.));
#14132=DIRECTION('',(0.,1.,0.));
#14133=DIRECTION('center_axis',(0.,0.,-1.));
#14134=DIRECTION('ref_axis',(-0.999999999999721,-7.47075743835492E-7,0.));
#14135=DIRECTION('center_axis',(0.,0.,-1.));
#14136=DIRECTION('ref_axis',(0.,-1.,0.));
#14137=DIRECTION('center_axis',(0.,0.,-1.));
#14138=DIRECTION('ref_axis',(0.,-1.,0.));
#14139=DIRECTION('center_axis',(0.,0.,-1.));
#14140=DIRECTION('ref_axis',(0.,-1.,0.));
#14141=DIRECTION('center_axis',(0.,0.,-1.));
#14142=DIRECTION('ref_axis',(0.,-1.,0.));
#14143=DIRECTION('center_axis',(0.,0.,-1.));
#14144=DIRECTION('ref_axis',(0.,-1.,0.));
#14145=DIRECTION('center_axis',(0.,0.,-1.));
#14146=DIRECTION('ref_axis',(8.074349270001E-16,-1.,0.));
#14147=DIRECTION('center_axis',(0.,0.,-1.));
#14148=DIRECTION('ref_axis',(0.,-1.,0.));
#14149=DIRECTION('center_axis',(0.,0.,-1.));
#14150=DIRECTION('ref_axis',(0.,-1.,0.));
#14151=DIRECTION('center_axis',(0.,0.,-1.));
#14152=DIRECTION('ref_axis',(0.,-1.,0.));
#14153=DIRECTION('center_axis',(0.,0.,-1.));
#14154=DIRECTION('ref_axis',(0.,-1.,0.));
#14155=DIRECTION('center_axis',(0.,0.,-1.));
#14156=DIRECTION('ref_axis',(0.,-1.,0.));
#14157=DIRECTION('center_axis',(0.,0.,-1.));
#14158=DIRECTION('ref_axis',(0.,-1.,0.));
#14159=DIRECTION('center_axis',(0.,0.,-1.));
#14160=DIRECTION('ref_axis',(1.7763568394E-15,-1.,0.));
#14161=DIRECTION('center_axis',(0.,0.,-1.));
#14162=DIRECTION('ref_axis',(1.7763568394E-15,-1.,0.));
#14163=DIRECTION('center_axis',(0.,0.,-1.));
#14164=DIRECTION('ref_axis',(0.,-1.,0.));
#14165=DIRECTION('center_axis',(0.,0.,-1.));
#14166=DIRECTION('ref_axis',(0.,-1.,0.));
#14167=DIRECTION('center_axis',(0.,0.,-1.));
#14168=DIRECTION('ref_axis',(0.,-1.,0.));
#14169=DIRECTION('center_axis',(0.,0.,-1.));
#14170=DIRECTION('ref_axis',(0.,-1.,0.));
#14171=DIRECTION('center_axis',(0.,0.,-1.));
#14172=DIRECTION('ref_axis',(9.020562075079E-17,-1.,0.));
#14173=DIRECTION('center_axis',(0.,0.,-1.));
#14174=DIRECTION('ref_axis',(0.,-1.,0.));
#14175=DIRECTION('center_axis',(0.,0.,-1.));
#14176=DIRECTION('ref_axis',(9.020562075079E-17,-1.,0.));
#14177=DIRECTION('center_axis',(0.,0.,-1.));
#14178=DIRECTION('ref_axis',(0.,-1.,0.));
#14179=DIRECTION('center_axis',(0.,0.,-1.));
#14180=DIRECTION('ref_axis',(1.614869854E-15,-1.,0.));
#14181=DIRECTION('center_axis',(0.,0.,-1.));
#14182=DIRECTION('ref_axis',(0.,-1.,0.));
#14183=DIRECTION('center_axis',(0.,0.,-1.));
#14184=DIRECTION('ref_axis',(0.,-1.,0.));
#14185=DIRECTION('center_axis',(0.,0.,-1.));
#14186=DIRECTION('ref_axis',(0.,-1.,0.));
#14187=DIRECTION('center_axis',(0.,0.,-1.));
#14188=DIRECTION('ref_axis',(0.,-1.,0.));
#14189=DIRECTION('center_axis',(0.,0.,-1.));
#14190=DIRECTION('ref_axis',(0.,-1.,0.));
#14191=DIRECTION('center_axis',(0.,0.,-1.));
#14192=DIRECTION('ref_axis',(0.,-1.,0.));
#14193=DIRECTION('center_axis',(0.,0.,-1.));
#14194=DIRECTION('ref_axis',(0.,-1.,0.));
#14195=DIRECTION('center_axis',(0.,0.,-1.));
#14196=DIRECTION('ref_axis',(0.,-1.,0.));
#14197=DIRECTION('center_axis',(0.,0.,-1.));
#14198=DIRECTION('ref_axis',(0.,-1.,0.));
#14199=DIRECTION('center_axis',(0.,0.,1.));
#14200=DIRECTION('ref_axis',(1.,0.,0.));
#14201=DIRECTION('center_axis',(0.,0.,-1.));
#14202=DIRECTION('ref_axis',(-0.999999999999721,-7.47075743835492E-7,0.));
#14203=DIRECTION('',(0.,1.,0.));
#14204=DIRECTION('center_axis',(0.,0.,-1.));
#14205=DIRECTION('ref_axis',(7.47075743835492E-7,-0.999999999999721,0.));
#14206=DIRECTION('',(-1.,0.,0.));
#14207=DIRECTION('center_axis',(0.,0.,-1.));
#14208=DIRECTION('ref_axis',(0.999999999999721,7.47075743835492E-7,0.));
#14209=DIRECTION('center_axis',(0.,0.,-1.));
#14210=DIRECTION('ref_axis',(0.,-1.,0.));
#14211=DIRECTION('center_axis',(0.,0.,-1.));
#14212=DIRECTION('ref_axis',(0.,-1.,0.));
#14213=DIRECTION('center_axis',(0.,0.,-1.));
#14214=DIRECTION('ref_axis',(0.,-1.,0.));
#14215=DIRECTION('center_axis',(0.,0.,-1.));
#14216=DIRECTION('ref_axis',(0.,-1.,0.));
#14217=DIRECTION('center_axis',(0.,0.,-1.));
#14218=DIRECTION('ref_axis',(0.,-1.,0.));
#14219=DIRECTION('center_axis',(0.,0.,-1.));
#14220=DIRECTION('ref_axis',(8.074349270001E-16,-1.,0.));
#14221=DIRECTION('center_axis',(0.,0.,-1.));
#14222=DIRECTION('ref_axis',(0.,-1.,0.));
#14223=DIRECTION('center_axis',(0.,0.,-1.));
#14224=DIRECTION('ref_axis',(0.,-1.,0.));
#14225=DIRECTION('center_axis',(0.,0.,-1.));
#14226=DIRECTION('ref_axis',(0.,-1.,0.));
#14227=DIRECTION('center_axis',(0.,0.,-1.));
#14228=DIRECTION('ref_axis',(0.,-1.,0.));
#14229=DIRECTION('center_axis',(0.,0.,-1.));
#14230=DIRECTION('ref_axis',(0.,-1.,0.));
#14231=DIRECTION('center_axis',(0.,0.,-1.));
#14232=DIRECTION('ref_axis',(0.,-1.,0.));
#14233=DIRECTION('center_axis',(0.,0.,-1.));
#14234=DIRECTION('ref_axis',(1.7763568394E-15,-1.,0.));
#14235=DIRECTION('center_axis',(0.,0.,-1.));
#14236=DIRECTION('ref_axis',(1.7763568394E-15,-1.,0.));
#14237=DIRECTION('center_axis',(0.,0.,-1.));
#14238=DIRECTION('ref_axis',(0.,-1.,0.));
#14239=DIRECTION('center_axis',(0.,0.,-1.));
#14240=DIRECTION('ref_axis',(0.,-1.,0.));
#14241=DIRECTION('center_axis',(0.,0.,-1.));
#14242=DIRECTION('ref_axis',(0.,-1.,0.));
#14243=DIRECTION('center_axis',(0.,0.,-1.));
#14244=DIRECTION('ref_axis',(0.,-1.,0.));
#14245=DIRECTION('center_axis',(0.,0.,-1.));
#14246=DIRECTION('ref_axis',(9.020562075079E-17,-1.,0.));
#14247=DIRECTION('center_axis',(0.,0.,-1.));
#14248=DIRECTION('ref_axis',(0.,-1.,0.));
#14249=DIRECTION('center_axis',(0.,0.,-1.));
#14250=DIRECTION('ref_axis',(9.020562075079E-17,-1.,0.));
#14251=DIRECTION('center_axis',(0.,0.,-1.));
#14252=DIRECTION('ref_axis',(0.,-1.,0.));
#14253=DIRECTION('center_axis',(0.,0.,-1.));
#14254=DIRECTION('ref_axis',(1.614869854E-15,-1.,0.));
#14255=DIRECTION('center_axis',(0.,0.,-1.));
#14256=DIRECTION('ref_axis',(0.,-1.,0.));
#14257=DIRECTION('center_axis',(0.,0.,-1.));
#14258=DIRECTION('ref_axis',(0.,-1.,0.));
#14259=DIRECTION('center_axis',(0.,0.,-1.));
#14260=DIRECTION('ref_axis',(0.,-1.,0.));
#14261=DIRECTION('center_axis',(0.,0.,-1.));
#14262=DIRECTION('ref_axis',(0.,-1.,0.));
#14263=DIRECTION('center_axis',(0.,0.,-1.));
#14264=DIRECTION('ref_axis',(0.,-1.,0.));
#14265=DIRECTION('center_axis',(0.,0.,-1.));
#14266=DIRECTION('ref_axis',(0.,-1.,0.));
#14267=DIRECTION('center_axis',(0.,0.,-1.));
#14268=DIRECTION('ref_axis',(0.,-1.,0.));
#14269=DIRECTION('center_axis',(0.,0.,-1.));
#14270=DIRECTION('ref_axis',(0.,-1.,0.));
#14271=DIRECTION('center_axis',(0.,0.,-1.));
#14272=DIRECTION('ref_axis',(0.,-1.,0.));
#14273=DIRECTION('center_axis',(0.,0.,-1.));
#14274=DIRECTION('ref_axis',(-0.999999999999721,-7.47075743835492E-7,0.));
#14275=DIRECTION('',(0.,0.,1.));
#14276=DIRECTION('center_axis',(0.,0.,-1.));
#14277=DIRECTION('ref_axis',(0.999999999999721,7.47075743835492E-7,0.));
#14278=DIRECTION('',(0.,0.,1.));
#14279=DIRECTION('center_axis',(-1.,0.,0.));
#14280=DIRECTION('ref_axis',(0.,1.,0.));
#14281=DIRECTION('',(0.,0.,1.));
#14282=DIRECTION('center_axis',(0.,-1.,0.));
#14283=DIRECTION('ref_axis',(-1.,0.,0.));
#14284=DIRECTION('',(0.,0.,1.));
#14285=DIRECTION('center_axis',(0.,0.,-1.));
#14286=DIRECTION('ref_axis',(7.47075743835492E-7,-0.999999999999721,0.));
#14287=DIRECTION('center_axis',(0.,0.,-1.));
#14288=DIRECTION('ref_axis',(0.,-1.,0.));
#14289=DIRECTION('',(0.,0.,-1.));
#14290=DIRECTION('center_axis',(0.,0.,-1.));
#14291=DIRECTION('ref_axis',(0.,-1.,0.));
#14292=DIRECTION('',(0.,0.,-1.));
#14293=DIRECTION('center_axis',(0.,0.,-1.));
#14294=DIRECTION('ref_axis',(0.,-1.,0.));
#14295=DIRECTION('',(0.,0.,-1.));
#14296=DIRECTION('center_axis',(0.,0.,-1.));
#14297=DIRECTION('ref_axis',(0.,-1.,0.));
#14298=DIRECTION('',(0.,0.,-1.));
#14299=DIRECTION('center_axis',(0.,0.,-1.));
#14300=DIRECTION('ref_axis',(0.,-1.,0.));
#14301=DIRECTION('',(0.,0.,-1.));
#14302=DIRECTION('center_axis',(0.,0.,-1.));
#14303=DIRECTION('ref_axis',(8.074349270001E-16,-1.,0.));
#14304=DIRECTION('',(0.,0.,-1.));
#14305=DIRECTION('center_axis',(0.,0.,-1.));
#14306=DIRECTION('ref_axis',(0.,-1.,0.));
#14307=DIRECTION('',(0.,0.,-1.));
#14308=DIRECTION('center_axis',(0.,0.,-1.));
#14309=DIRECTION('ref_axis',(0.,-1.,0.));
#14310=DIRECTION('',(0.,0.,-1.));
#14311=DIRECTION('center_axis',(0.,0.,-1.));
#14312=DIRECTION('ref_axis',(0.,-1.,0.));
#14313=DIRECTION('',(0.,0.,-1.));
#14314=DIRECTION('center_axis',(0.,0.,-1.));
#14315=DIRECTION('ref_axis',(0.,-1.,0.));
#14316=DIRECTION('',(0.,0.,-1.));
#14317=DIRECTION('center_axis',(0.,0.,-1.));
#14318=DIRECTION('ref_axis',(0.,-1.,0.));
#14319=DIRECTION('',(0.,0.,-1.));
#14320=DIRECTION('center_axis',(0.,0.,-1.));
#14321=DIRECTION('ref_axis',(0.,-1.,0.));
#14322=DIRECTION('',(0.,0.,-1.));
#14323=DIRECTION('center_axis',(0.,0.,-1.));
#14324=DIRECTION('ref_axis',(1.7763568394E-15,-1.,0.));
#14325=DIRECTION('',(0.,0.,-1.));
#14326=DIRECTION('center_axis',(0.,0.,-1.));
#14327=DIRECTION('ref_axis',(1.7763568394E-15,-1.,0.));
#14328=DIRECTION('',(0.,0.,-1.));
#14329=DIRECTION('center_axis',(0.,0.,-1.));
#14330=DIRECTION('ref_axis',(0.,-1.,0.));
#14331=DIRECTION('',(0.,0.,-1.));
#14332=DIRECTION('center_axis',(0.,0.,-1.));
#14333=DIRECTION('ref_axis',(0.,-1.,0.));
#14334=DIRECTION('',(0.,0.,-1.));
#14335=DIRECTION('center_axis',(0.,0.,-1.));
#14336=DIRECTION('ref_axis',(0.,-1.,0.));
#14337=DIRECTION('',(0.,0.,-1.));
#14338=DIRECTION('center_axis',(0.,0.,-1.));
#14339=DIRECTION('ref_axis',(0.,-1.,0.));
#14340=DIRECTION('',(0.,0.,-1.));
#14341=DIRECTION('center_axis',(0.,0.,-1.));
#14342=DIRECTION('ref_axis',(9.020562075079E-17,-1.,0.));
#14343=DIRECTION('',(0.,0.,-1.));
#14344=DIRECTION('center_axis',(0.,0.,-1.));
#14345=DIRECTION('ref_axis',(0.,-1.,0.));
#14346=DIRECTION('',(0.,0.,-1.));
#14347=DIRECTION('center_axis',(0.,0.,-1.));
#14348=DIRECTION('ref_axis',(9.020562075079E-17,-1.,0.));
#14349=DIRECTION('',(0.,0.,-1.));
#14350=DIRECTION('center_axis',(0.,0.,-1.));
#14351=DIRECTION('ref_axis',(0.,-1.,0.));
#14352=DIRECTION('',(0.,0.,-1.));
#14353=DIRECTION('center_axis',(0.,0.,-1.));
#14354=DIRECTION('ref_axis',(1.614869854E-15,-1.,0.));
#14355=DIRECTION('',(0.,0.,-1.));
#14356=DIRECTION('center_axis',(0.,0.,-1.));
#14357=DIRECTION('ref_axis',(0.,-1.,0.));
#14358=DIRECTION('',(0.,0.,-1.));
#14359=DIRECTION('center_axis',(0.,0.,-1.));
#14360=DIRECTION('ref_axis',(0.,-1.,0.));
#14361=DIRECTION('',(0.,0.,-1.));
#14362=DIRECTION('center_axis',(0.,0.,-1.));
#14363=DIRECTION('ref_axis',(0.,-1.,0.));
#14364=DIRECTION('',(0.,0.,-1.));
#14365=DIRECTION('center_axis',(0.,0.,-1.));
#14366=DIRECTION('ref_axis',(0.,-1.,0.));
#14367=DIRECTION('',(0.,0.,-1.));
#14368=DIRECTION('center_axis',(0.,0.,-1.));
#14369=DIRECTION('ref_axis',(0.,-1.,0.));
#14370=DIRECTION('',(0.,0.,-1.));
#14371=DIRECTION('center_axis',(0.,0.,-1.));
#14372=DIRECTION('ref_axis',(0.,-1.,0.));
#14373=DIRECTION('',(0.,0.,-1.));
#14374=DIRECTION('center_axis',(0.,0.,-1.));
#14375=DIRECTION('ref_axis',(0.,-1.,0.));
#14376=DIRECTION('',(0.,0.,-1.));
#14377=DIRECTION('center_axis',(0.,0.,-1.));
#14378=DIRECTION('ref_axis',(0.,-1.,0.));
#14379=DIRECTION('',(0.,0.,-1.));
#14380=DIRECTION('center_axis',(0.,0.,-1.));
#14381=DIRECTION('ref_axis',(0.,-1.,0.));
#14382=DIRECTION('',(0.,0.,-1.));
#14383=DIRECTION('axis',(0.,0.,1.));
#14384=DIRECTION('refdir',(1.,0.,0.));
#14385=DIRECTION('center_axis',(0.,0.,1.));
#14386=DIRECTION('ref_axis',(0.707106781186548,0.707106781186548,0.));
#14387=DIRECTION('center_axis',(0.,0.,-1.));
#14388=DIRECTION('ref_axis',(0.707106781186548,0.707106781186548,0.));
#14389=DIRECTION('',(0.,0.,-1.));
#14390=DIRECTION('center_axis',(0.,0.,1.));
#14391=DIRECTION('ref_axis',(0.707106781186548,0.707106781186548,0.));
#14392=DIRECTION('',(0.,0.,1.));
#14393=DIRECTION('center_axis',(1.,0.,0.));
#14394=DIRECTION('ref_axis',(0.,1.,0.));
#14395=DIRECTION('',(0.,1.,0.));
#14396=DIRECTION('',(0.,0.,1.));
#14397=DIRECTION('',(0.,-1.,0.));
#14398=DIRECTION('',(0.,0.,-1.));
#14399=DIRECTION('',(0.,-1.,0.));
#14400=DIRECTION('center_axis',(0.,0.,1.));
#14401=DIRECTION('ref_axis',(1.,0.,0.));
#14402=DIRECTION('',(-1.,0.,0.));
#14403=DIRECTION('center_axis',(0.,0.,-1.));
#14404=DIRECTION('ref_axis',(-0.707106781186548,0.707106781186548,0.));
#14405=DIRECTION('',(1.93082265152203E-16,-1.,0.));
#14406=DIRECTION('center_axis',(0.,0.,-1.));
#14407=DIRECTION('ref_axis',(-0.707106781186548,-0.707106781186548,0.));
#14408=DIRECTION('',(1.,0.,0.));
#14409=DIRECTION('center_axis',(0.,0.,-1.));
#14410=DIRECTION('ref_axis',(0.707106781186548,-0.707106781186548,0.));
#14411=DIRECTION('',(-0.707106781186547,0.707106781186548,0.));
#14412=DIRECTION('center_axis',(0.,0.,1.));
#14413=DIRECTION('ref_axis',(-1.,0.,0.));
#14414=DIRECTION('',(0.707106781186547,0.707106781186548,0.));
#14415=DIRECTION('center_axis',(0.,0.,1.));
#14416=DIRECTION('ref_axis',(-0.382683432365089,0.923879532511287,0.));
#14417=DIRECTION('',(1.,-2.74575015362246E-15,0.));
#14418=DIRECTION('center_axis',(0.,0.,1.));
#14419=DIRECTION('ref_axis',(0.707106781186549,0.707106781186546,0.));
#14420=DIRECTION('',(-4.61252776028392E-16,-1.,0.));
#14421=DIRECTION('center_axis',(0.,0.,1.));
#14422=DIRECTION('ref_axis',(0.707106781186549,-0.707106781186546,0.));
#14423=DIRECTION('',(-1.,-2.43311835752957E-16,0.));
#14424=DIRECTION('center_axis',(0.,0.,1.));
#14425=DIRECTION('ref_axis',(-0.382683432365091,-0.923879532511286,0.));
#14426=DIRECTION('',(0.707106781186548,0.707106781186547,0.));
#14427=DIRECTION('center_axis',(0.,0.,1.));
#14428=DIRECTION('ref_axis',(4.41588504004811E-16,1.,0.));
#14429=DIRECTION('',(0.707106781186548,-0.707106781186547,0.));
#14430=DIRECTION('center_axis',(0.,0.,1.));
#14431=DIRECTION('ref_axis',(0.923879532511287,0.382683432365089,0.));
#14432=DIRECTION('',(-2.6845178136651E-15,-1.,0.));
#14433=DIRECTION('center_axis',(0.,0.,1.));
#14434=DIRECTION('ref_axis',(0.707106781186545,-0.70710678118655,0.));
#14435=DIRECTION('',(-1.,4.00020436071024E-16,0.));
#14436=DIRECTION('center_axis',(0.,0.,1.));
#14437=DIRECTION('ref_axis',(-0.707106781186545,-0.70710678118655,0.));
#14438=DIRECTION('',(-3.04544175710325E-16,1.,0.));
#14439=DIRECTION('center_axis',(0.,0.,1.));
#14440=DIRECTION('ref_axis',(-0.923879532511287,0.382683432365089,0.));
#14441=DIRECTION('',(0.707106781186547,-0.707106781186548,0.));
#14442=DIRECTION('center_axis',(0.,0.,1.));
#14443=DIRECTION('ref_axis',(1.,0.,0.));
#14444=DIRECTION('',(-0.707106781186547,-0.707106781186548,0.));
#14445=DIRECTION('center_axis',(0.,0.,1.));
#14446=DIRECTION('ref_axis',(0.382683432365089,-0.923879532511287,0.));
#14447=DIRECTION('',(-1.,2.62328547370773E-15,0.));
#14448=DIRECTION('center_axis',(0.,0.,1.));
#14449=DIRECTION('ref_axis',(-0.707106781186549,-0.707106781186546,0.));
#14450=DIRECTION('',(3.38788096113657E-16,1.,0.));
#14451=DIRECTION('center_axis',(0.,0.,1.));
#14452=DIRECTION('ref_axis',(-0.707106781186549,0.707106781186546,0.));
#14453=DIRECTION('',(1.,3.65776515667692E-16,0.));
#14454=DIRECTION('center_axis',(0.,0.,1.));
#14455=DIRECTION('ref_axis',(0.38268343236509,0.923879532511287,0.));
#14456=DIRECTION('',(-0.707106781186548,-0.707106781186547,0.));
#14457=DIRECTION('center_axis',(0.,0.,1.));
#14458=DIRECTION('ref_axis',(-9.81307786677357E-17,-1.,0.));
#14459=DIRECTION('',(-0.707106781186548,0.707106781186547,0.));
#14460=DIRECTION('center_axis',(0.,0.,1.));
#14461=DIRECTION('ref_axis',(-0.923879532511287,-0.382683432365089,0.));
#14462=DIRECTION('',(2.56205313375036E-15,1.,0.));
#14463=DIRECTION('center_axis',(0.,0.,1.));
#14464=DIRECTION('ref_axis',(-0.707106781186546,0.707106781186549,0.));
#14465=DIRECTION('',(1.,-2.77555756156289E-16,0.));
#14466=DIRECTION('center_axis',(0.,0.,1.));
#14467=DIRECTION('ref_axis',(0.707106781186548,0.707106781186548,0.));
#14468=DIRECTION('',(4.2700885562506E-16,-1.,0.));
#14469=DIRECTION('center_axis',(0.,0.,1.));
#14470=DIRECTION('ref_axis',(0.923879532511287,-0.38268343236509,0.));
#14471=DIRECTION('center_axis',(0.,0.,1.));
#14472=DIRECTION('ref_axis',(-0.707106781186548,0.707106781186548,0.));
#14473=DIRECTION('',(0.,0.,-1.));
#14474=DIRECTION('center_axis',(0.,0.,1.));
#14475=DIRECTION('ref_axis',(-0.707106781186548,0.707106781186548,0.));
#14476=DIRECTION('',(0.,0.,1.));
#14477=DIRECTION('center_axis',(-1.,-1.93082265152203E-16,0.));
#14478=DIRECTION('ref_axis',(1.93082265152203E-16,-1.,0.));
#14479=DIRECTION('',(-1.93082265152203E-16,1.,0.));
#14480=DIRECTION('',(0.,0.,-1.));
#14481=DIRECTION('',(-1.93082265152203E-16,1.,0.));
#14482=DIRECTION('',(0.,0.,-1.));
#14483=DIRECTION('center_axis',(0.,0.,1.));
#14484=DIRECTION('ref_axis',(-0.707106781186548,-0.707106781186548,0.));
#14485=DIRECTION('center_axis',(0.,0.,1.));
#14486=DIRECTION('ref_axis',(-0.707106781186548,-0.707106781186548,0.));
#14487=DIRECTION('',(0.,0.,1.));
#14488=DIRECTION('center_axis',(0.,-1.,0.));
#14489=DIRECTION('ref_axis',(1.,0.,0.));
#14490=DIRECTION('',(-1.,0.,0.));
#14491=DIRECTION('',(0.,0.,-1.));
#14492=DIRECTION('center_axis',(0.,0.,-1.));
#14493=DIRECTION('ref_axis',(-1.,0.,0.));
#14494=DIRECTION('',(1.,0.,0.));
#14495=DIRECTION('',(2.11471052309556E-16,-1.,0.));
#14496=DIRECTION('',(1.,0.,0.));
#14497=DIRECTION('',(7.04903507698519E-17,1.,0.));
#14498=DIRECTION('',(1.,0.,0.));
#14499=DIRECTION('center_axis',(0.,0.,1.));
#14500=DIRECTION('ref_axis',(0.707106781186548,-0.707106781186548,0.));
#14501=DIRECTION('center_axis',(0.,0.,1.));
#14502=DIRECTION('ref_axis',(0.707106781186548,-0.707106781186548,0.));
#14503=DIRECTION('center_axis',(0.,0.,1.));
#14504=DIRECTION('ref_axis',(-1.,0.,0.));
#14505=DIRECTION('',(-1.,0.,0.));
#14506=DIRECTION('',(0.,-1.,0.));
#14507=DIRECTION('',(-1.,0.,0.));
#14508=DIRECTION('',(0.,1.,0.));
#14509=DIRECTION('center_axis',(1.,0.,0.));
#14510=DIRECTION('ref_axis',(0.,0.,1.));
#14511=DIRECTION('',(0.,0.,1.));
#14512=DIRECTION('',(0.,0.,1.));
#14513=DIRECTION('',(0.,-1.,0.));
#14514=DIRECTION('center_axis',(-1.,0.,0.));
#14515=DIRECTION('ref_axis',(0.,0.,-1.));
#14516=DIRECTION('',(0.,0.,-1.));
#14517=DIRECTION('',(0.,1.,0.));
#14518=DIRECTION('',(0.,0.,-1.));
#14519=DIRECTION('center_axis',(0.,1.,0.));
#14520=DIRECTION('ref_axis',(-1.,0.,0.));
#14521=DIRECTION('',(-1.,0.,0.));
#14522=DIRECTION('',(0.,0.,-1.));
#14523=DIRECTION('',(1.,0.,0.));
#14524=DIRECTION('',(0.,0.,1.));
#14525=DIRECTION('',(-1.,0.,0.));
#14526=DIRECTION('center_axis',(0.,0.,1.));
#14527=DIRECTION('ref_axis',(-1.,0.,0.));
#14528=DIRECTION('',(-1.,0.,0.));
#14529=DIRECTION('',(0.,1.,0.));
#14530=DIRECTION('',(1.,0.,0.));
#14531=DIRECTION('center_axis',(0.,0.,-1.));
#14532=DIRECTION('ref_axis',(-0.382683432365091,-0.923879532511286,0.));
#14533=DIRECTION('',(0.,0.,-1.));
#14534=DIRECTION('center_axis',(0.,0.,-1.));
#14535=DIRECTION('ref_axis',(-0.382683432365091,-0.923879532511286,0.));
#14536=DIRECTION('',(0.,0.,1.));
#14537=DIRECTION('center_axis',(2.43311835752957E-16,-1.,0.));
#14538=DIRECTION('ref_axis',(-1.,-2.43311835752957E-16,0.));
#14539=DIRECTION('',(0.,0.,1.));
#14540=DIRECTION('',(1.,2.43311835752957E-16,0.));
#14541=DIRECTION('center_axis',(0.,0.,-1.));
#14542=DIRECTION('ref_axis',(0.707106781186549,-0.707106781186546,0.));
#14543=DIRECTION('',(0.,0.,-1.));
#14544=DIRECTION('center_axis',(0.,0.,-1.));
#14545=DIRECTION('ref_axis',(0.707106781186549,-0.707106781186546,0.));
#14546=DIRECTION('center_axis',(1.,-4.61252776028392E-16,0.));
#14547=DIRECTION('ref_axis',(-4.61252776028392E-16,-1.,0.));
#14548=DIRECTION('',(0.,0.,1.));
#14549=DIRECTION('',(4.61252776028392E-16,1.,0.));
#14550=DIRECTION('center_axis',(0.,0.,-1.));
#14551=DIRECTION('ref_axis',(0.707106781186549,0.707106781186546,0.));
#14552=DIRECTION('',(0.,0.,-1.));
#14553=DIRECTION('center_axis',(0.,0.,-1.));
#14554=DIRECTION('ref_axis',(0.707106781186549,0.707106781186546,0.));
#14555=DIRECTION('center_axis',(2.74575015362246E-15,1.,0.));
#14556=DIRECTION('ref_axis',(1.,-2.74575015362246E-15,0.));
#14557=DIRECTION('',(0.,0.,1.));
#14558=DIRECTION('',(-1.,2.74575015362246E-15,0.));
#14559=DIRECTION('center_axis',(0.,0.,-1.));
#14560=DIRECTION('ref_axis',(-0.382683432365089,0.923879532511287,0.));
#14561=DIRECTION('',(0.,0.,-1.));
#14562=DIRECTION('center_axis',(0.,0.,-1.));
#14563=DIRECTION('ref_axis',(-0.382683432365089,0.923879532511287,0.));
#14564=DIRECTION('center_axis',(-0.707106781186548,0.707106781186547,0.));
#14565=DIRECTION('ref_axis',(0.707106781186547,0.707106781186548,0.));
#14566=DIRECTION('',(0.,0.,1.));
#14567=DIRECTION('',(-0.707106781186547,-0.707106781186548,0.));
#14568=DIRECTION('center_axis',(0.,0.,-1.));
#14569=DIRECTION('ref_axis',(-1.,0.,0.));
#14570=DIRECTION('',(0.,0.,-1.));
#14571=DIRECTION('center_axis',(0.,0.,-1.));
#14572=DIRECTION('ref_axis',(-1.,0.,0.));
#14573=DIRECTION('center_axis',(-0.707106781186548,-0.707106781186547,0.));
#14574=DIRECTION('ref_axis',(-0.707106781186547,0.707106781186548,0.));
#14575=DIRECTION('',(0.707106781186547,-0.707106781186548,0.));
#14576=DIRECTION('center_axis',(0.,0.,-1.));
#14577=DIRECTION('ref_axis',(-0.923879532511287,0.382683432365089,0.));
#14578=DIRECTION('',(0.,0.,-1.));
#14579=DIRECTION('center_axis',(0.,0.,-1.));
#14580=DIRECTION('ref_axis',(-0.923879532511287,0.382683432365089,0.));
#14581=DIRECTION('',(0.,0.,1.));
#14582=DIRECTION('center_axis',(-1.,-3.04544175710325E-16,0.));
#14583=DIRECTION('ref_axis',(-3.04544175710325E-16,1.,0.));
#14584=DIRECTION('',(0.,0.,1.));
#14585=DIRECTION('',(3.04544175710325E-16,-1.,0.));
#14586=DIRECTION('center_axis',(0.,0.,-1.));
#14587=DIRECTION('ref_axis',(-0.707106781186545,-0.70710678118655,0.));
#14588=DIRECTION('',(0.,0.,-1.));
#14589=DIRECTION('center_axis',(0.,0.,-1.));
#14590=DIRECTION('ref_axis',(-0.707106781186545,-0.70710678118655,0.));
#14591=DIRECTION('center_axis',(-4.00020436071024E-16,-1.,0.));
#14592=DIRECTION('ref_axis',(-1.,4.00020436071024E-16,0.));
#14593=DIRECTION('',(0.,0.,1.));
#14594=DIRECTION('',(1.,-4.00020436071024E-16,0.));
#14595=DIRECTION('center_axis',(0.,0.,-1.));
#14596=DIRECTION('ref_axis',(0.707106781186545,-0.70710678118655,0.));
#14597=DIRECTION('',(0.,0.,-1.));
#14598=DIRECTION('center_axis',(0.,0.,-1.));
#14599=DIRECTION('ref_axis',(0.707106781186545,-0.70710678118655,0.));
#14600=DIRECTION('center_axis',(1.,-2.6845178136651E-15,0.));
#14601=DIRECTION('ref_axis',(-2.6845178136651E-15,-1.,0.));
#14602=DIRECTION('',(0.,0.,1.));
#14603=DIRECTION('',(2.6845178136651E-15,1.,0.));
#14604=DIRECTION('center_axis',(0.,0.,-1.));
#14605=DIRECTION('ref_axis',(0.923879532511287,0.382683432365089,0.));
#14606=DIRECTION('',(0.,0.,-1.));
#14607=DIRECTION('center_axis',(0.,0.,-1.));
#14608=DIRECTION('ref_axis',(0.923879532511287,0.382683432365089,0.));
#14609=DIRECTION('center_axis',(0.707106781186547,0.707106781186548,0.));
#14610=DIRECTION('ref_axis',(0.707106781186548,-0.707106781186547,0.));
#14611=DIRECTION('',(0.,0.,1.));
#14612=DIRECTION('',(-0.707106781186548,0.707106781186547,0.));
#14613=DIRECTION('center_axis',(0.,0.,-1.));
#14614=DIRECTION('ref_axis',(4.41588504004811E-16,1.,0.));
#14615=DIRECTION('',(0.,0.,-1.));
#14616=DIRECTION('center_axis',(0.,0.,-1.));
#14617=DIRECTION('ref_axis',(4.41588504004811E-16,1.,0.));
#14618=DIRECTION('center_axis',(-0.707106781186547,0.707106781186548,0.));
#14619=DIRECTION('ref_axis',(0.707106781186548,0.707106781186547,0.));
#14620=DIRECTION('',(-0.707106781186548,-0.707106781186547,0.));
#14621=DIRECTION('center_axis',(0.,0.,-1.));
#14622=DIRECTION('ref_axis',(0.38268343236509,0.923879532511287,0.));
#14623=DIRECTION('',(0.,0.,-1.));
#14624=DIRECTION('center_axis',(0.,0.,-1.));
#14625=DIRECTION('ref_axis',(0.38268343236509,0.923879532511287,0.));
#14626=DIRECTION('',(0.,0.,1.));
#14627=DIRECTION('center_axis',(-3.65776515667692E-16,1.,0.));
#14628=DIRECTION('ref_axis',(1.,3.65776515667692E-16,0.));
#14629=DIRECTION('',(0.,0.,1.));
#14630=DIRECTION('',(-1.,-3.65776515667692E-16,0.));
#14631=DIRECTION('center_axis',(0.,0.,-1.));
#14632=DIRECTION('ref_axis',(-0.707106781186549,0.707106781186546,0.));
#14633=DIRECTION('center_axis',(0.,0.,1.));
#14634=DIRECTION('ref_axis',(-0.707106781186549,0.707106781186546,0.));
#14635=DIRECTION('center_axis',(0.,0.,-1.));
#14636=DIRECTION('ref_axis',(-0.707106781186549,0.707106781186546,0.));
#14637=DIRECTION('',(0.,0.,-1.));
#14638=DIRECTION('center_axis',(0.,0.,-1.));
#14639=DIRECTION('ref_axis',(-6.12323399573677E-17,-1.,0.));
#14640=DIRECTION('',(-3.38788096113657E-16,-1.,0.));
#14641=DIRECTION('center_axis',(0.,0.,1.));
#14642=DIRECTION('ref_axis',(-0.707106781186549,-0.707106781186546,0.));
#14643=DIRECTION('',(-1.93082265152203E-16,1.,0.));
#14644=DIRECTION('center_axis',(-1.,3.38788096113657E-16,0.));
#14645=DIRECTION('ref_axis',(3.38788096113657E-16,1.,0.));
#14646=DIRECTION('',(0.,0.,1.));
#14647=DIRECTION('center_axis',(0.,0.,-1.));
#14648=DIRECTION('ref_axis',(-0.707106781186549,-0.707106781186546,0.));
#14649=DIRECTION('',(0.,0.,-1.));
#14650=DIRECTION('center_axis',(0.,0.,-1.));
#14651=DIRECTION('ref_axis',(-0.707106781186549,-0.707106781186546,0.));
#14652=DIRECTION('center_axis',(-2.62328547370773E-15,-1.,0.));
#14653=DIRECTION('ref_axis',(-1.,2.62328547370773E-15,0.));
#14654=DIRECTION('',(0.,0.,1.));
#14655=DIRECTION('',(1.,-2.62328547370773E-15,0.));
#14656=DIRECTION('center_axis',(0.,0.,-1.));
#14657=DIRECTION('ref_axis',(0.382683432365089,-0.923879532511287,0.));
#14658=DIRECTION('',(0.,0.,-1.));
#14659=DIRECTION('center_axis',(0.,0.,-1.));
#14660=DIRECTION('ref_axis',(0.382683432365089,-0.923879532511287,0.));
#14661=DIRECTION('center_axis',(0.707106781186548,-0.707106781186547,0.));
#14662=DIRECTION('ref_axis',(-0.707106781186547,-0.707106781186548,0.));
#14663=DIRECTION('',(0.,0.,1.));
#14664=DIRECTION('',(0.707106781186547,0.707106781186548,0.));
#14665=DIRECTION('center_axis',(0.,0.,-1.));
#14666=DIRECTION('ref_axis',(1.,0.,0.));
#14667=DIRECTION('',(0.,0.,-1.));
#14668=DIRECTION('center_axis',(0.,0.,-1.));
#14669=DIRECTION('ref_axis',(1.,0.,0.));
#14670=DIRECTION('center_axis',(0.707106781186548,0.707106781186547,0.));
#14671=DIRECTION('ref_axis',(0.707106781186547,-0.707106781186548,0.));
#14672=DIRECTION('',(-0.707106781186547,0.707106781186548,0.));
#14673=DIRECTION('center_axis',(0.,0.,-1.));
#14674=DIRECTION('ref_axis',(0.923879532511287,-0.38268343236509,0.));
#14675=DIRECTION('',(0.,0.,-1.));
#14676=DIRECTION('center_axis',(0.,0.,-1.));
#14677=DIRECTION('ref_axis',(0.923879532511287,-0.38268343236509,0.));
#14678=DIRECTION('',(0.,0.,1.));
#14679=DIRECTION('center_axis',(1.,4.2700885562506E-16,0.));
#14680=DIRECTION('ref_axis',(4.2700885562506E-16,-1.,0.));
#14681=DIRECTION('',(0.,0.,1.));
#14682=DIRECTION('',(-4.2700885562506E-16,1.,0.));
#14683=DIRECTION('center_axis',(0.,0.,-1.));
#14684=DIRECTION('ref_axis',(0.707106781186548,0.707106781186548,0.));
#14685=DIRECTION('',(0.,0.,-1.));
#14686=DIRECTION('center_axis',(0.,0.,-1.));
#14687=DIRECTION('ref_axis',(0.707106781186548,0.707106781186548,0.));
#14688=DIRECTION('center_axis',(2.77555756156289E-16,1.,0.));
#14689=DIRECTION('ref_axis',(1.,-2.77555756156289E-16,0.));
#14690=DIRECTION('',(0.,0.,1.));
#14691=DIRECTION('',(-1.,2.77555756156289E-16,0.));
#14692=DIRECTION('center_axis',(0.,0.,-1.));
#14693=DIRECTION('ref_axis',(-0.707106781186546,0.707106781186549,0.));
#14694=DIRECTION('',(0.,0.,-1.));
#14695=DIRECTION('center_axis',(0.,0.,-1.));
#14696=DIRECTION('ref_axis',(-0.707106781186546,0.707106781186549,0.));
#14697=DIRECTION('center_axis',(-1.,2.56205313375036E-15,0.));
#14698=DIRECTION('ref_axis',(2.56205313375036E-15,1.,0.));
#14699=DIRECTION('',(0.,0.,1.));
#14700=DIRECTION('',(-2.56205313375036E-15,-1.,0.));
#14701=DIRECTION('center_axis',(0.,0.,-1.));
#14702=DIRECTION('ref_axis',(-0.923879532511287,-0.382683432365089,0.));
#14703=DIRECTION('',(0.,0.,-1.));
#14704=DIRECTION('center_axis',(0.,0.,-1.));
#14705=DIRECTION('ref_axis',(-0.923879532511287,-0.382683432365089,0.));
#14706=DIRECTION('center_axis',(-0.707106781186547,-0.707106781186548,0.));
#14707=DIRECTION('ref_axis',(-0.707106781186548,0.707106781186547,0.));
#14708=DIRECTION('',(0.,0.,1.));
#14709=DIRECTION('',(0.707106781186548,-0.707106781186547,0.));
#14710=DIRECTION('center_axis',(0.,0.,-1.));
#14711=DIRECTION('ref_axis',(-9.81307786677357E-17,-1.,0.));
#14712=DIRECTION('',(0.,0.,-1.));
#14713=DIRECTION('center_axis',(0.,0.,-1.));
#14714=DIRECTION('ref_axis',(-9.81307786677357E-17,-1.,0.));
#14715=DIRECTION('center_axis',(0.707106781186547,-0.707106781186548,0.));
#14716=DIRECTION('ref_axis',(-0.707106781186548,-0.707106781186547,0.));
#14717=DIRECTION('',(0.707106781186548,0.707106781186547,0.));
#14718=DIRECTION('center_axis',(0.,1.,0.));
#14719=DIRECTION('ref_axis',(1.,0.,0.));
#14720=DIRECTION('',(0.,0.,-1.));
#14721=DIRECTION('center_axis',(0.,1.,0.));
#14722=DIRECTION('ref_axis',(1.,0.,0.));
#14723=DIRECTION('',(-1.,0.,0.));
#14724=DIRECTION('',(0.,0.,-1.));
#14725=DIRECTION('center_axis',(1.,0.,0.));
#14726=DIRECTION('ref_axis',(0.,1.,0.));
#14727=DIRECTION('',(0.,0.,-1.));
#14728=DIRECTION('',(0.,-1.,0.));
#14729=DIRECTION('center_axis',(0.,-1.,0.));
#14730=DIRECTION('ref_axis',(1.,0.,0.));
#14731=DIRECTION('',(0.,0.,-1.));
#14732=DIRECTION('',(-1.,0.,0.));
#14733=DIRECTION('center_axis',(-1.,-1.93082265152203E-16,0.));
#14734=DIRECTION('ref_axis',(1.93082265152203E-16,-1.,0.));
#14735=DIRECTION('',(1.93082265152203E-16,-1.,0.));
#14736=DIRECTION('',(-1.93082265152203E-16,1.,0.));
#14737=DIRECTION('',(-1.93082265152203E-16,1.,0.));
#14738=DIRECTION('center_axis',(0.,0.,1.));
#14739=DIRECTION('ref_axis',(1.,0.,0.));
#14740=DIRECTION('center_axis',(0.,1.,0.));
#14741=DIRECTION('ref_axis',(-1.,0.,0.));
#14742=DIRECTION('',(1.,0.,0.));
#14743=DIRECTION('center_axis',(0.,0.,1.));
#14744=DIRECTION('ref_axis',(-1.,0.,0.));
#14745=DIRECTION('axis',(0.,0.,1.));
#14746=DIRECTION('refdir',(1.,0.,0.));
#14747=DIRECTION('center_axis',(1.,0.,0.));
#14748=DIRECTION('ref_axis',(0.,0.,1.));
#14749=DIRECTION('',(0.,0.,1.));
#14750=DIRECTION('',(0.,1.,0.));
#14751=DIRECTION('',(0.,0.,1.));
#14752=DIRECTION('',(0.,1.,0.));
#14753=DIRECTION('center_axis',(0.,1.,0.));
#14754=DIRECTION('ref_axis',(0.,0.,1.));
#14755=DIRECTION('',(1.,0.,0.));
#14756=DIRECTION('center_axis',(0.,1.,0.));
#14757=DIRECTION('ref_axis',(0.,0.,1.));
#14758=DIRECTION('',(1.,0.,0.));
#14759=DIRECTION('',(0.,0.,1.));
#14760=DIRECTION('',(1.,0.,0.));
#14761=DIRECTION('center_axis',(0.,-1.,0.));
#14762=DIRECTION('ref_axis',(0.,0.,1.));
#14763=DIRECTION('',(1.,0.,0.));
#14764=DIRECTION('center_axis',(0.,1.,0.));
#14765=DIRECTION('ref_axis',(0.,0.,1.));
#14766=DIRECTION('center_axis',(0.,-1.,0.));
#14767=DIRECTION('ref_axis',(0.,0.,1.));
#14768=DIRECTION('center_axis',(0.,1.,0.));
#14769=DIRECTION('ref_axis',(-1.,0.,0.));
#14770=DIRECTION('center_axis',(0.,-1.,0.));
#14771=DIRECTION('ref_axis',(0.,0.,1.));
#14772=DIRECTION('',(0.,1.,0.));
#14773=DIRECTION('center_axis',(0.,1.,0.));
#14774=DIRECTION('ref_axis',(-1.,0.,0.));
#14775=DIRECTION('',(0.,1.,0.));
#14776=DIRECTION('center_axis',(0.,1.,0.));
#14777=DIRECTION('ref_axis',(0.,0.,1.));
#14778=DIRECTION('center_axis',(0.,1.,0.));
#14779=DIRECTION('ref_axis',(0.,0.,1.));
#14780=DIRECTION('',(1.,0.,0.));
#14781=DIRECTION('',(1.,0.,0.));
#14782=DIRECTION('center_axis',(0.,-1.,0.));
#14783=DIRECTION('ref_axis',(0.,0.,1.));
#14784=DIRECTION('',(1.,0.,0.));
#14785=DIRECTION('',(0.,0.,1.));
#14786=DIRECTION('',(1.,0.,0.));
#14787=DIRECTION('center_axis',(0.,1.,0.));
#14788=DIRECTION('ref_axis',(0.,0.,1.));
#14789=DIRECTION('center_axis',(0.,0.,1.));
#14790=DIRECTION('ref_axis',(1.,0.,0.));
#14791=DIRECTION('',(0.,1.,0.));
#14792=DIRECTION('center_axis',(0.,1.,0.));
#14793=DIRECTION('ref_axis',(1.,0.,0.));
#14794=DIRECTION('',(0.,1.,0.));
#14795=DIRECTION('center_axis',(0.,1.,0.));
#14796=DIRECTION('ref_axis',(0.,0.,1.));
#14797=DIRECTION('',(1.,0.,0.));
#14798=DIRECTION('',(1.,0.,0.));
#14799=DIRECTION('',(0.,0.,1.));
#14800=DIRECTION('',(1.,0.,0.));
#14801=DIRECTION('',(1.,0.,0.));
#14802=DIRECTION('center_axis',(0.,0.,1.));
#14803=DIRECTION('ref_axis',(1.,0.,0.));
#14804=DIRECTION('',(0.,1.,0.));
#14805=DIRECTION('center_axis',(0.,1.,0.));
#14806=DIRECTION('ref_axis',(1.,0.,0.));
#14807=DIRECTION('',(0.,1.,0.));
#14808=DIRECTION('center_axis',(0.,1.,0.));
#14809=DIRECTION('ref_axis',(0.,0.,1.));
#14810=DIRECTION('',(1.,0.,0.));
#14811=DIRECTION('',(1.,0.,0.));
#14812=DIRECTION('',(0.,0.,1.));
#14813=DIRECTION('',(1.,0.,0.));
#14814=DIRECTION('',(1.,0.,0.));
#14815=DIRECTION('center_axis',(0.,0.,1.));
#14816=DIRECTION('ref_axis',(1.,0.,0.));
#14817=DIRECTION('',(0.,1.,0.));
#14818=DIRECTION('center_axis',(0.,1.,0.));
#14819=DIRECTION('ref_axis',(0.,0.,1.));
#14820=DIRECTION('',(1.,0.,0.));
#14821=DIRECTION('center_axis',(0.,1.,0.));
#14822=DIRECTION('ref_axis',(0.,0.,1.));
#14823=DIRECTION('',(0.,0.,1.));
#14824=DIRECTION('center_axis',(0.,-1.,0.));
#14825=DIRECTION('ref_axis',(0.,0.,1.));
#14826=DIRECTION('',(1.,0.,0.));
#14827=DIRECTION('center_axis',(0.,1.,0.));
#14828=DIRECTION('ref_axis',(0.,0.,1.));
#14829=DIRECTION('center_axis',(0.,-1.,0.));
#14830=DIRECTION('ref_axis',(0.,0.,1.));
#14831=DIRECTION('center_axis',(0.,1.,0.));
#14832=DIRECTION('ref_axis',(0.,0.,1.));
#14833=DIRECTION('',(0.,0.,1.));
#14834=DIRECTION('',(1.,0.,0.));
#14835=DIRECTION('',(0.,0.,1.));
#14836=DIRECTION('center_axis',(1.,0.,0.));
#14837=DIRECTION('ref_axis',(0.,0.,1.));
#14838=DIRECTION('',(0.,1.,0.));
#14839=DIRECTION('',(0.,0.,1.));
#14840=DIRECTION('center_axis',(0.,1.,0.));
#14841=DIRECTION('ref_axis',(0.,0.,1.));
#14842=DIRECTION('',(1.,0.,0.));
#14843=DIRECTION('center_axis',(0.,-1.,0.));
#14844=DIRECTION('ref_axis',(0.,0.,1.));
#14845=DIRECTION('center_axis',(0.,1.,0.));
#14846=DIRECTION('ref_axis',(0.,0.,1.));
#14847=DIRECTION('',(1.,0.,0.));
#14848=DIRECTION('center_axis',(0.,-1.,0.));
#14849=DIRECTION('ref_axis',(0.,0.,1.));
#14850=DIRECTION('',(0.,0.,1.));
#14851=DIRECTION('center_axis',(0.,1.,0.));
#14852=DIRECTION('ref_axis',(0.,0.,1.));
#14853=DIRECTION('center_axis',(0.,1.,0.));
#14854=DIRECTION('ref_axis',(0.,0.,1.));
#14855=DIRECTION('',(1.,0.,0.));
#14856=DIRECTION('',(0.,0.,1.));
#14857=DIRECTION('center_axis',(0.,1.,0.));
#14858=DIRECTION('ref_axis',(-1.,0.,0.));
#14859=DIRECTION('',(0.,1.,0.));
#14860=DIRECTION('center_axis',(0.,0.,1.));
#14861=DIRECTION('ref_axis',(1.,0.,0.));
#14862=DIRECTION('',(0.,1.,0.));
#14863=DIRECTION('center_axis',(0.,1.,0.));
#14864=DIRECTION('ref_axis',(1.,0.,0.));
#14865=DIRECTION('',(0.,1.,0.));
#14866=DIRECTION('center_axis',(1.,0.,0.));
#14867=DIRECTION('ref_axis',(0.,0.,1.));
#14868=DIRECTION('',(0.,1.,0.));
#14869=DIRECTION('center_axis',(0.,1.,0.));
#14870=DIRECTION('ref_axis',(1.,0.,0.));
#14871=DIRECTION('',(0.,1.,0.));
#14872=DIRECTION('center_axis',(0.,0.,1.));
#14873=DIRECTION('ref_axis',(1.,0.,0.));
#14874=DIRECTION('',(0.,1.,0.));
#14875=DIRECTION('center_axis',(0.,1.,0.));
#14876=DIRECTION('ref_axis',(-1.,0.,0.));
#14877=DIRECTION('',(0.,1.,0.));
#14878=DIRECTION('center_axis',(1.,0.,0.));
#14879=DIRECTION('ref_axis',(0.,0.,1.));
#14880=DIRECTION('',(0.,1.,0.));
#14881=DIRECTION('center_axis',(0.,0.,1.));
#14882=DIRECTION('ref_axis',(1.,0.,0.));
#14883=DIRECTION('axis',(0.,0.,1.));
#14884=DIRECTION('refdir',(1.,0.,0.));
#14885=DIRECTION('center_axis',(0.,0.,-1.));
#14886=DIRECTION('ref_axis',(-1.,0.,0.));
#14887=DIRECTION('center_axis',(0.,0.,1.));
#14888=DIRECTION('ref_axis',(1.,0.,0.));
#14889=DIRECTION('center_axis',(0.,0.,-1.));
#14890=DIRECTION('ref_axis',(1.,0.,0.));
#14891=DIRECTION('center_axis',(0.,0.,-1.));
#14892=DIRECTION('ref_axis',(1.,0.,0.));
#14893=DIRECTION('',(0.,0.,1.));
#14894=DIRECTION('center_axis',(0.,0.,-1.));
#14895=DIRECTION('ref_axis',(-1.,0.,0.));
#14896=DIRECTION('',(1.,0.,0.));
#14897=DIRECTION('center_axis',(0.,0.,1.));
#14898=DIRECTION('ref_axis',(0.,-1.,0.));
#14899=DIRECTION('',(0.,1.,0.));
#14900=DIRECTION('center_axis',(0.,0.,1.));
#14901=DIRECTION('ref_axis',(0.,-1.,0.));
#14902=DIRECTION('',(-1.,0.,0.));
#14903=DIRECTION('center_axis',(0.,0.,1.));
#14904=DIRECTION('ref_axis',(0.,-1.,0.));
#14905=DIRECTION('',(0.,-1.,0.));
#14906=DIRECTION('center_axis',(0.,0.,-1.));
#14907=DIRECTION('ref_axis',(0.,-1.,0.));
#14908=DIRECTION('center_axis',(0.,0.,-1.));
#14909=DIRECTION('ref_axis',(1.,0.,0.));
#14910=DIRECTION('center_axis',(0.,0.,-1.));
#14911=DIRECTION('ref_axis',(1.,0.,0.));
#14912=DIRECTION('center_axis',(0.,0.,-1.));
#14913=DIRECTION('ref_axis',(1.,0.,0.));
#14914=DIRECTION('center_axis',(0.,0.,-1.));
#14915=DIRECTION('ref_axis',(1.,0.,0.));
#14916=DIRECTION('center_axis',(0.,1.,0.));
#14917=DIRECTION('ref_axis',(1.,0.,0.));
#14918=DIRECTION('',(1.,0.,0.));
#14919=DIRECTION('',(0.,0.,1.));
#14920=DIRECTION('',(0.,0.,1.));
#14921=DIRECTION('center_axis',(0.,0.,1.));
#14922=DIRECTION('ref_axis',(0.,-1.,0.));
#14923=DIRECTION('',(0.,0.,1.));
#14924=DIRECTION('center_axis',(0.,0.,-1.));
#14925=DIRECTION('ref_axis',(0.,-1.,0.));
#14926=DIRECTION('center_axis',(0.,0.,1.));
#14927=DIRECTION('ref_axis',(0.,-1.,0.));
#14928=DIRECTION('center_axis',(0.,0.,1.));
#14929=DIRECTION('ref_axis',(0.,-1.,0.));
#14930=DIRECTION('',(0.,0.,1.));
#14931=DIRECTION('center_axis',(1.,0.,0.));
#14932=DIRECTION('ref_axis',(0.,-1.,0.));
#14933=DIRECTION('',(0.,-1.,0.));
#14934=DIRECTION('',(0.,0.,1.));
#14935=DIRECTION('center_axis',(-1.,0.,0.));
#14936=DIRECTION('ref_axis',(0.,1.,0.));
#14937=DIRECTION('',(0.,1.,0.));
#14938=DIRECTION('',(0.,0.,1.));
#14939=DIRECTION('center_axis',(0.,0.,1.));
#14940=DIRECTION('ref_axis',(0.,1.,0.));
#14941=DIRECTION('center_axis',(0.,0.,1.));
#14942=DIRECTION('ref_axis',(0.,-1.,0.));
#14943=DIRECTION('',(0.,0.,1.));
#14944=DIRECTION('center_axis',(0.,0.,1.));
#14945=DIRECTION('ref_axis',(1.,0.,0.));
#14946=DIRECTION('center_axis',(0.,0.,1.));
#14947=DIRECTION('ref_axis',(0.,-1.,0.));
#14948=DIRECTION('',(0.,0.,1.));
#14949=DIRECTION('center_axis',(0.,-1.,0.));
#14950=DIRECTION('ref_axis',(-1.,0.,0.));
#14951=DIRECTION('',(-1.,0.,0.));
#14952=DIRECTION('center_axis',(0.,0.,-1.));
#14953=DIRECTION('ref_axis',(1.,0.,0.));
#14954=DIRECTION('',(0.,0.,1.));
#14955=DIRECTION('center_axis',(0.,0.,1.));
#14956=DIRECTION('ref_axis',(1.,0.,0.));
#14957=DIRECTION('center_axis',(0.,0.,-1.));
#14958=DIRECTION('ref_axis',(1.,0.,0.));
#14959=DIRECTION('',(0.,0.,1.));
#14960=DIRECTION('center_axis',(0.,0.,1.));
#14961=DIRECTION('ref_axis',(1.,0.,0.));
#14962=DIRECTION('center_axis',(0.,0.,-1.));
#14963=DIRECTION('ref_axis',(1.,0.,0.));
#14964=DIRECTION('',(0.,0.,1.));
#14965=DIRECTION('center_axis',(0.,0.,1.));
#14966=DIRECTION('ref_axis',(1.,0.,0.));
#14967=DIRECTION('center_axis',(0.,0.,-1.));
#14968=DIRECTION('ref_axis',(1.,0.,0.));
#14969=DIRECTION('',(0.,0.,1.));
#14970=DIRECTION('center_axis',(0.,0.,1.));
#14971=DIRECTION('ref_axis',(1.,0.,0.));
#14972=DIRECTION('center_axis',(0.,1.,0.));
#14973=DIRECTION('ref_axis',(1.,0.,0.));
#14974=DIRECTION('',(1.,0.,0.));
#14975=DIRECTION('',(0.,0.,1.));
#14976=DIRECTION('',(0.,0.,1.));
#14977=DIRECTION('center_axis',(0.,0.,1.));
#14978=DIRECTION('ref_axis',(0.,-1.,0.));
#14979=DIRECTION('',(0.,0.,1.));
#14980=DIRECTION('center_axis',(0.,0.,-1.));
#14981=DIRECTION('ref_axis',(0.,-1.,0.));
#14982=DIRECTION('center_axis',(0.,0.,1.));
#14983=DIRECTION('ref_axis',(0.,-1.,0.));
#14984=DIRECTION('center_axis',(0.,0.,1.));
#14985=DIRECTION('ref_axis',(0.,-1.,0.));
#14986=DIRECTION('',(0.,0.,1.));
#14987=DIRECTION('center_axis',(1.,0.,0.));
#14988=DIRECTION('ref_axis',(0.,-1.,0.));
#14989=DIRECTION('',(0.,-1.,0.));
#14990=DIRECTION('',(0.,5.551115123126E-16,-1.));
#14991=DIRECTION('',(0.,1.,3.330669073875E-16));
#14992=DIRECTION('',(0.,5.551115123126E-16,-1.));
#14993=DIRECTION('',(0.,-1.,0.));
#14994=DIRECTION('',(0.,5.551115123126E-16,-1.));
#14995=DIRECTION('',(0.,1.,3.330669073875E-16));
#14996=DIRECTION('',(0.,5.551115123126E-16,-1.));
#14997=DIRECTION('',(0.,-1.,0.));
#14998=DIRECTION('',(0.,0.,1.));
#14999=DIRECTION('center_axis',(-1.,0.,0.));
#15000=DIRECTION('ref_axis',(0.,1.,0.));
#15001=DIRECTION('',(0.,1.,0.));
#15002=DIRECTION('',(0.,5.551115123126E-16,-1.));
#15003=DIRECTION('',(0.,1.,3.330669073875E-16));
#15004=DIRECTION('',(0.,5.551115123126E-16,-1.));
#15005=DIRECTION('',(0.,1.,0.));
#15006=DIRECTION('',(0.,5.551115123126E-16,-1.));
#15007=DIRECTION('',(0.,1.,3.330669073875E-16));
#15008=DIRECTION('',(0.,5.551115123126E-16,-1.));
#15009=DIRECTION('',(0.,1.,0.));
#15010=DIRECTION('',(0.,0.,1.));
#15011=DIRECTION('center_axis',(0.,0.,1.));
#15012=DIRECTION('ref_axis',(0.,1.,0.));
#15013=DIRECTION('center_axis',(0.,0.,1.));
#15014=DIRECTION('ref_axis',(0.,-1.,0.));
#15015=DIRECTION('',(0.,0.,1.));
#15016=DIRECTION('center_axis',(0.,0.,1.));
#15017=DIRECTION('ref_axis',(1.,0.,0.));
#15018=DIRECTION('center_axis',(0.,0.,1.));
#15019=DIRECTION('ref_axis',(0.,-1.,0.));
#15020=DIRECTION('',(0.,0.,1.));
#15021=DIRECTION('center_axis',(0.,-1.,0.));
#15022=DIRECTION('ref_axis',(-1.,0.,0.));
#15023=DIRECTION('',(-1.,0.,0.));
#15024=DIRECTION('center_axis',(0.,0.,-1.));
#15025=DIRECTION('ref_axis',(-1.,0.,0.));
#15026=DIRECTION('center_axis',(0.,0.,-1.));
#15027=DIRECTION('ref_axis',(1.,0.,0.));
#15028=DIRECTION('center_axis',(1.58603289232165E-16,1.,0.));
#15029=DIRECTION('ref_axis',(-1.,1.58603289232165E-16,0.));
#15030=DIRECTION('center_axis',(0.,0.,1.));
#15031=DIRECTION('ref_axis',(1.,0.,0.));
#15032=DIRECTION('center_axis',(0.,0.,-1.));
#15033=DIRECTION('ref_axis',(-1.,0.,0.));
#15034=DIRECTION('center_axis',(0.,0.,-1.));
#15035=DIRECTION('ref_axis',(-1.,0.,0.));
#15036=DIRECTION('center_axis',(0.,0.,-1.));
#15037=DIRECTION('ref_axis',(-1.,0.,0.));
#15038=DIRECTION('',(0.,-1.,0.));
#15039=DIRECTION('',(0.,-1.,0.));
#15040=DIRECTION('',(0.,1.,0.));
#15041=DIRECTION('',(0.,1.,0.));
#15042=DIRECTION('center_axis',(1.64346021921E-31,-1.,-5.551115123126E-16));
#15043=DIRECTION('ref_axis',(0.,5.551115123126E-16,-1.));
#15044=DIRECTION('',(-0.28734788556607,5.3170039772213E-16,-0.957826285221234));
#15045=DIRECTION('center_axis',(0.,-1.,-3.330669073875E-16));
#15046=DIRECTION('ref_axis',(0.,-3.330669073875E-16,1.));
#15047=DIRECTION('',(0.,-5.551115123126E-16,1.));
#15048=DIRECTION('center_axis',(0.,1.,3.330669073875E-16));
#15049=DIRECTION('ref_axis',(0.,-3.330669073875E-16,1.));
#15050=DIRECTION('',(1.,0.,0.));
#15051=DIRECTION('',(0.,5.551115123126E-16,-1.));
#15052=DIRECTION('center_axis',(0.,1.,3.330669073875E-16));
#15053=DIRECTION('ref_axis',(0.,-3.330669073875E-16,1.));
#15054=DIRECTION('',(0.28734788556607,-5.3170039772213E-16,0.957826285221234));
#15055=DIRECTION('center_axis',(0.,-1.,-3.330669073875E-16));
#15056=DIRECTION('ref_axis',(0.,-3.330669073875E-16,1.));
#15057=DIRECTION('',(-0.28734788556607,-5.3170039772213E-16,0.957826285221234));
#15058=DIRECTION('center_axis',(0.,1.,3.330669073875E-16));
#15059=DIRECTION('ref_axis',(0.,-3.330669073875E-16,1.));
#15060=DIRECTION('',(0.,5.551115123126E-16,-1.));
#15061=DIRECTION('',(-1.,0.,0.));
#15062=DIRECTION('',(0.,-5.551115123126E-16,1.));
#15063=DIRECTION('center_axis',(0.,-1.,-3.330669073875E-16));
#15064=DIRECTION('ref_axis',(0.,-3.330669073875E-16,1.));
#15065=DIRECTION('',(0.28734788556607,5.3170039772213E-16,-0.957826285221234));
#15066=DIRECTION('center_axis',(0.,-1.,-3.330669073875E-16));
#15067=DIRECTION('ref_axis',(0.,-3.330669073875E-16,1.));
#15068=DIRECTION('center_axis',(0.,3.330669073875E-16,-1.));
#15069=DIRECTION('ref_axis',(1.,0.,0.));
#15070=DIRECTION('',(1.,0.,0.));
#15071=DIRECTION('',(0.,1.,3.330669073875E-16));
#15072=DIRECTION('center_axis',(1.64346021921E-31,-1.,-5.551115123126E-16));
#15073=DIRECTION('ref_axis',(0.,5.551115123126E-16,-1.));
#15074=DIRECTION('',(-0.28734788556607,5.3170039772213E-16,-0.957826285221234));
#15075=DIRECTION('center_axis',(0.,-1.,-3.330669073875E-16));
#15076=DIRECTION('ref_axis',(0.,-3.330669073875E-16,1.));
#15077=DIRECTION('',(0.28734788556607,5.3170039772213E-16,-0.957826285221234));
#15078=DIRECTION('center_axis',(0.,-1.,-3.330669073875E-16));
#15079=DIRECTION('ref_axis',(0.,-3.330669073875E-16,1.));
#15080=DIRECTION('',(0.,-5.551115123126E-16,1.));
#15081=DIRECTION('',(-1.,0.,0.));
#15082=DIRECTION('',(0.,5.551115123126E-16,-1.));
#15083=DIRECTION('center_axis',(0.,1.,3.330669073875E-16));
#15084=DIRECTION('ref_axis',(0.,-3.330669073875E-16,1.));
#15085=DIRECTION('',(-0.28734788556607,-5.3170039772213E-16,0.957826285221234));
#15086=DIRECTION('center_axis',(0.,-1.,-3.330669073875E-16));
#15087=DIRECTION('ref_axis',(0.,-3.330669073875E-16,1.));
#15088=DIRECTION('',(0.28734788556607,-5.3170039772213E-16,0.957826285221234));
#15089=DIRECTION('center_axis',(0.,1.,3.330669073875E-16));
#15090=DIRECTION('ref_axis',(0.,-3.330669073875E-16,1.));
#15091=DIRECTION('',(0.,5.551115123126E-16,-1.));
#15092=DIRECTION('center_axis',(0.,1.,3.330669073875E-16));
#15093=DIRECTION('ref_axis',(0.,-3.330669073875E-16,1.));
#15094=DIRECTION('',(0.,-5.551115123126E-16,1.));
#15095=DIRECTION('center_axis',(0.,-1.,-3.330669073875E-16));
#15096=DIRECTION('ref_axis',(0.,-3.330669073875E-16,1.));
#15097=DIRECTION('center_axis',(0.,-1.,-3.330669073875E-16));
#15098=DIRECTION('ref_axis',(0.,3.330669073875E-16,-1.));
#15099=DIRECTION('',(-0.28734788556607,5.3170039772213E-16,-0.957826285221234));
#15100=DIRECTION('center_axis',(0.,-1.,-3.330669073875E-16));
#15101=DIRECTION('ref_axis',(0.,-3.330669073875E-16,1.));
#15102=DIRECTION('',(0.28734788556607,5.3170039772213E-16,-0.957826285221234));
#15103=DIRECTION('center_axis',(0.,-1.,-3.330669073875E-16));
#15104=DIRECTION('ref_axis',(0.,-3.330669073875E-16,1.));
#15105=DIRECTION('',(0.,-5.551115123126E-16,1.));
#15106=DIRECTION('',(-1.,0.,0.));
#15107=DIRECTION('',(0.,5.551115123126E-16,-1.));
#15108=DIRECTION('center_axis',(0.,1.,3.330669073875E-16));
#15109=DIRECTION('ref_axis',(0.,-3.330669073875E-16,1.));
#15110=DIRECTION('',(-0.28734788556607,-5.3170039772213E-16,0.957826285221234));
#15111=DIRECTION('center_axis',(0.,-1.,-3.330669073875E-16));
#15112=DIRECTION('ref_axis',(0.,-3.330669073875E-16,1.));
#15113=DIRECTION('',(0.28734788556607,-5.3170039772213E-16,0.957826285221234));
#15114=DIRECTION('center_axis',(0.,1.,3.330669073875E-16));
#15115=DIRECTION('ref_axis',(0.,-3.330669073875E-16,1.));
#15116=DIRECTION('',(0.,5.551115123126E-16,-1.));
#15117=DIRECTION('',(1.,0.,0.));
#15118=DIRECTION('center_axis',(0.,1.,3.330669073875E-16));
#15119=DIRECTION('ref_axis',(0.,-3.330669073875E-16,1.));
#15120=DIRECTION('',(0.,-5.551115123126E-16,1.));
#15121=DIRECTION('center_axis',(0.,-1.,-3.330669073875E-16));
#15122=DIRECTION('ref_axis',(0.,-3.330669073875E-16,1.));
#15123=DIRECTION('center_axis',(0.,-1.,-3.330669073875E-16));
#15124=DIRECTION('ref_axis',(0.,3.330669073875E-16,-1.));
#15125=DIRECTION('',(-0.28734788556607,5.3170039772213E-16,-0.957826285221234));
#15126=DIRECTION('center_axis',(0.,-1.,-3.330669073875E-16));
#15127=DIRECTION('ref_axis',(0.,-3.330669073875E-16,1.));
#15128=DIRECTION('',(0.,-5.551115123126E-16,1.));
#15129=DIRECTION('center_axis',(0.,1.,3.330669073875E-16));
#15130=DIRECTION('ref_axis',(0.,-3.330669073875E-16,1.));
#15131=DIRECTION('',(1.,0.,0.));
#15132=DIRECTION('',(0.,5.551115123126E-16,-1.));
#15133=DIRECTION('center_axis',(0.,1.,3.330669073875E-16));
#15134=DIRECTION('ref_axis',(0.,-3.330669073875E-16,1.));
#15135=DIRECTION('',(0.28734788556607,-5.3170039772213E-16,0.957826285221234));
#15136=DIRECTION('center_axis',(0.,-1.,-3.330669073875E-16));
#15137=DIRECTION('ref_axis',(0.,-3.330669073875E-16,1.));
#15138=DIRECTION('',(-0.28734788556607,-5.3170039772213E-16,0.957826285221234));
#15139=DIRECTION('center_axis',(0.,1.,3.330669073875E-16));
#15140=DIRECTION('ref_axis',(0.,-3.330669073875E-16,1.));
#15141=DIRECTION('',(0.,5.551115123126E-16,-1.));
#15142=DIRECTION('',(-1.,0.,0.));
#15143=DIRECTION('',(0.,-5.551115123126E-16,1.));
#15144=DIRECTION('center_axis',(0.,-1.,-3.330669073875E-16));
#15145=DIRECTION('ref_axis',(0.,-3.330669073875E-16,1.));
#15146=DIRECTION('',(0.28734788556607,5.3170039772213E-16,-0.957826285221234));
#15147=DIRECTION('center_axis',(0.,-1.,-3.330669073875E-16));
#15148=DIRECTION('ref_axis',(0.,-3.330669073875E-16,1.));
#15149=DIRECTION('center_axis',(0.,3.330669073875E-16,-1.));
#15150=DIRECTION('ref_axis',(1.,0.,0.));
#15151=DIRECTION('',(0.,1.,3.330669073875E-16));
#15152=DIRECTION('center_axis',(0.,1.,3.330669073875E-16));
#15153=DIRECTION('ref_axis',(0.,-3.330669073875E-16,1.));
#15154=DIRECTION('',(0.28734788556607,5.3170039772213E-16,-0.957826285221234));
#15155=DIRECTION('center_axis',(0.,1.,3.330669073875E-16));
#15156=DIRECTION('ref_axis',(0.,-3.330669073875E-16,1.));
#15157=DIRECTION('',(0.,-5.551115123126E-16,1.));
#15158=DIRECTION('center_axis',(0.,-1.,-3.330669073875E-16));
#15159=DIRECTION('ref_axis',(0.,-3.330669073875E-16,1.));
#15160=DIRECTION('',(-1.,0.,0.));
#15161=DIRECTION('',(0.,5.551115123126E-16,-1.));
#15162=DIRECTION('center_axis',(0.,-1.,-3.330669073875E-16));
#15163=DIRECTION('ref_axis',(0.,-3.330669073875E-16,1.));
#15164=DIRECTION('',(-0.28734788556607,-5.3170039772213E-16,0.957826285221234));
#15165=DIRECTION('center_axis',(0.,1.,3.330669073875E-16));
#15166=DIRECTION('ref_axis',(0.,-3.330669073875E-16,1.));
#15167=DIRECTION('',(0.28734788556607,-5.3170039772213E-16,0.957826285221234));
#15168=DIRECTION('center_axis',(0.,-1.,-3.330669073875E-16));
#15169=DIRECTION('ref_axis',(0.,-3.330669073875E-16,1.));
#15170=DIRECTION('',(0.,5.551115123126E-16,-1.));
#15171=DIRECTION('',(1.,0.,0.));
#15172=DIRECTION('',(0.,-5.551115123126E-16,1.));
#15173=DIRECTION('center_axis',(0.,1.,3.330669073875E-16));
#15174=DIRECTION('ref_axis',(0.,-3.330669073875E-16,1.));
#15175=DIRECTION('',(-0.28734788556607,5.3170039772213E-16,-0.957826285221234));
#15176=DIRECTION('center_axis',(0.,1.,3.330669073875E-16));
#15177=DIRECTION('ref_axis',(0.,-3.330669073875E-16,1.));
#15178=DIRECTION('center_axis',(0.,-3.330669073875E-16,1.));
#15179=DIRECTION('ref_axis',(-1.,0.,0.));
#15180=DIRECTION('',(0.,1.,3.330669073875E-16));
#15181=DIRECTION('',(-1.,0.,0.));
#15182=DIRECTION('center_axis',(0.,1.,3.330669073875E-16));
#15183=DIRECTION('ref_axis',(0.,-3.330669073875E-16,1.));
#15184=DIRECTION('',(0.28734788556607,5.3170039772213E-16,-0.957826285221234));
#15185=DIRECTION('center_axis',(0.,1.,3.330669073875E-16));
#15186=DIRECTION('ref_axis',(0.,-3.330669073875E-16,1.));
#15187=DIRECTION('',(-0.28734788556607,5.3170039772213E-16,-0.957826285221234));
#15188=DIRECTION('center_axis',(0.,1.,3.330669073875E-16));
#15189=DIRECTION('ref_axis',(0.,-3.330669073875E-16,1.));
#15190=DIRECTION('',(0.,-5.551115123126E-16,1.));
#15191=DIRECTION('',(1.,0.,0.));
#15192=DIRECTION('',(0.,5.551115123126E-16,-1.));
#15193=DIRECTION('center_axis',(0.,-1.,-3.330669073875E-16));
#15194=DIRECTION('ref_axis',(0.,-3.330669073875E-16,1.));
#15195=DIRECTION('',(0.28734788556607,-5.3170039772213E-16,0.957826285221234));
#15196=DIRECTION('center_axis',(0.,1.,3.330669073875E-16));
#15197=DIRECTION('ref_axis',(0.,-3.330669073875E-16,1.));
#15198=DIRECTION('',(-0.28734788556607,-5.3170039772213E-16,0.957826285221234));
#15199=DIRECTION('center_axis',(0.,-1.,-3.330669073875E-16));
#15200=DIRECTION('ref_axis',(0.,-3.330669073875E-16,1.));
#15201=DIRECTION('',(0.,5.551115123126E-16,-1.));
#15202=DIRECTION('center_axis',(0.,-1.,-3.330669073875E-16));
#15203=DIRECTION('ref_axis',(0.,-3.330669073875E-16,1.));
#15204=DIRECTION('',(0.,-5.551115123126E-16,1.));
#15205=DIRECTION('center_axis',(0.,1.,3.330669073875E-16));
#15206=DIRECTION('ref_axis',(0.,-3.330669073875E-16,1.));
#15207=DIRECTION('center_axis',(1.64346021921E-31,1.,5.551115123126E-16));
#15208=DIRECTION('ref_axis',(0.,-5.551115123126E-16,1.));
#15209=DIRECTION('',(0.28734788556607,5.3170039772213E-16,-0.957826285221234));
#15210=DIRECTION('center_axis',(0.,1.,3.330669073875E-16));
#15211=DIRECTION('ref_axis',(0.,-3.330669073875E-16,1.));
#15212=DIRECTION('',(-0.28734788556607,5.3170039772213E-16,-0.957826285221234));
#15213=DIRECTION('center_axis',(0.,1.,3.330669073875E-16));
#15214=DIRECTION('ref_axis',(0.,-3.330669073875E-16,1.));
#15215=DIRECTION('',(0.,-5.551115123126E-16,1.));
#15216=DIRECTION('',(1.,0.,0.));
#15217=DIRECTION('',(0.,5.551115123126E-16,-1.));
#15218=DIRECTION('center_axis',(0.,-1.,-3.330669073875E-16));
#15219=DIRECTION('ref_axis',(0.,-3.330669073875E-16,1.));
#15220=DIRECTION('',(0.28734788556607,-5.3170039772213E-16,0.957826285221234));
#15221=DIRECTION('center_axis',(0.,1.,3.330669073875E-16));
#15222=DIRECTION('ref_axis',(0.,-3.330669073875E-16,1.));
#15223=DIRECTION('',(-0.28734788556607,-5.3170039772213E-16,0.957826285221234));
#15224=DIRECTION('center_axis',(0.,-1.,-3.330669073875E-16));
#15225=DIRECTION('ref_axis',(0.,-3.330669073875E-16,1.));
#15226=DIRECTION('',(0.,5.551115123126E-16,-1.));
#15227=DIRECTION('',(-1.,0.,0.));
#15228=DIRECTION('center_axis',(0.,-1.,-3.330669073875E-16));
#15229=DIRECTION('ref_axis',(0.,-3.330669073875E-16,1.));
#15230=DIRECTION('',(0.,-5.551115123126E-16,1.));
#15231=DIRECTION('center_axis',(0.,1.,3.330669073875E-16));
#15232=DIRECTION('ref_axis',(0.,-3.330669073875E-16,1.));
#15233=DIRECTION('center_axis',(1.64346021921E-31,1.,5.551115123126E-16));
#15234=DIRECTION('ref_axis',(0.,-5.551115123126E-16,1.));
#15235=DIRECTION('',(0.28734788556607,5.3170039772213E-16,-0.957826285221234));
#15236=DIRECTION('center_axis',(0.,1.,3.330669073875E-16));
#15237=DIRECTION('ref_axis',(0.,-3.330669073875E-16,1.));
#15238=DIRECTION('',(0.,-5.551115123126E-16,1.));
#15239=DIRECTION('center_axis',(0.,-1.,-3.330669073875E-16));
#15240=DIRECTION('ref_axis',(0.,-3.330669073875E-16,1.));
#15241=DIRECTION('',(-1.,0.,0.));
#15242=DIRECTION('',(0.,5.551115123126E-16,-1.));
#15243=DIRECTION('center_axis',(0.,-1.,-3.330669073875E-16));
#15244=DIRECTION('ref_axis',(0.,-3.330669073875E-16,1.));
#15245=DIRECTION('',(-0.28734788556607,-5.3170039772213E-16,0.957826285221234));
#15246=DIRECTION('center_axis',(0.,1.,3.330669073875E-16));
#15247=DIRECTION('ref_axis',(0.,-3.330669073875E-16,1.));
#15248=DIRECTION('',(0.28734788556607,-5.3170039772213E-16,0.957826285221234));
#15249=DIRECTION('center_axis',(0.,-1.,-3.330669073875E-16));
#15250=DIRECTION('ref_axis',(0.,-3.330669073875E-16,1.));
#15251=DIRECTION('',(0.,5.551115123126E-16,-1.));
#15252=DIRECTION('',(1.,0.,0.));
#15253=DIRECTION('',(0.,-5.551115123126E-16,1.));
#15254=DIRECTION('center_axis',(0.,1.,3.330669073875E-16));
#15255=DIRECTION('ref_axis',(0.,-3.330669073875E-16,1.));
#15256=DIRECTION('',(-0.28734788556607,5.3170039772213E-16,-0.957826285221234));
#15257=DIRECTION('center_axis',(0.,1.,3.330669073875E-16));
#15258=DIRECTION('ref_axis',(0.,-3.330669073875E-16,1.));
#15259=DIRECTION('center_axis',(0.,-3.330669073875E-16,1.));
#15260=DIRECTION('ref_axis',(-1.,0.,0.));
#15261=DIRECTION('',(0.,1.,3.330669073875E-16));
#15262=DIRECTION('center_axis',(0.,0.,-1.));
#15263=DIRECTION('ref_axis',(-1.,0.,0.));
#15264=DIRECTION('center_axis',(-1.,0.,0.));
#15265=DIRECTION('ref_axis',(0.,5.551115123126E-16,-1.));
#15266=DIRECTION('',(0.,1.,3.330669073875E-16));
#15267=DIRECTION('center_axis',(-1.,0.,0.));
#15268=DIRECTION('ref_axis',(0.,5.551115123126E-16,-1.));
#15269=DIRECTION('',(0.,1.,3.330669073875E-16));
#15270=DIRECTION('center_axis',(-1.,0.,0.));
#15271=DIRECTION('ref_axis',(0.,5.551115123126E-16,-1.));
#15272=DIRECTION('',(0.,1.,3.330669073875E-16));
#15273=DIRECTION('center_axis',(-1.,0.,0.));
#15274=DIRECTION('ref_axis',(0.,5.551115123126E-16,-1.));
#15275=DIRECTION('',(0.,1.,3.330669073875E-16));
#15276=DIRECTION('center_axis',(-0.957826285221234,-9.57060715899734E-17,
0.28734788556607));
#15277=DIRECTION('ref_axis',(-0.28734788556607,5.3170039772213E-16,-0.957826285221234));
#15278=DIRECTION('',(0.,1.,3.330669073875E-16));
#15279=DIRECTION('',(0.,1.,3.330669073875E-16));
#15280=DIRECTION('center_axis',(0.,1.,3.330669073875E-16));
#15281=DIRECTION('ref_axis',(0.957826285221234,9.57060715898283E-17,-0.28734788556607));
#15282=DIRECTION('',(0.,1.,3.330669073875E-16));
#15283=DIRECTION('center_axis',(0.,1.,3.330669073875E-16));
#15284=DIRECTION('ref_axis',(-0.957826285221234,-9.57060715898283E-17,0.28734788556607));
#15285=DIRECTION('',(0.,1.,3.330669073875E-16));
#15286=DIRECTION('center_axis',(1.,0.,0.));
#15287=DIRECTION('ref_axis',(0.,-5.551115123126E-16,1.));
#15288=DIRECTION('',(0.,1.,3.330669073875E-16));
#15289=DIRECTION('center_axis',(-0.957826285221234,9.57060715899734E-17,
-0.28734788556607));
#15290=DIRECTION('ref_axis',(0.28734788556607,5.3170039772213E-16,-0.957826285221234));
#15291=DIRECTION('',(0.,1.,3.330669073875E-16));
#15292=DIRECTION('center_axis',(0.,1.,3.330669073875E-16));
#15293=DIRECTION('ref_axis',(-1.,0.,0.));
#15294=DIRECTION('center_axis',(0.,1.,3.330669073875E-16));
#15295=DIRECTION('ref_axis',(1.,0.,0.));
#15296=DIRECTION('',(0.,1.,3.330669073875E-16));
#15297=DIRECTION('center_axis',(1.,0.,0.));
#15298=DIRECTION('ref_axis',(0.,-5.551115123126E-16,1.));
#15299=DIRECTION('',(0.,1.,3.330669073875E-16));
#15300=DIRECTION('center_axis',(0.,-3.330669073875E-16,1.));
#15301=DIRECTION('ref_axis',(-1.,0.,0.));
#15302=DIRECTION('',(0.,1.,3.330669073875E-16));
#15303=DIRECTION('center_axis',(-1.,0.,0.));
#15304=DIRECTION('ref_axis',(0.,5.551115123126E-16,-1.));
#15305=DIRECTION('',(0.,1.,3.330669073875E-16));
#15306=DIRECTION('center_axis',(0.,1.,3.330669073875E-16));
#15307=DIRECTION('ref_axis',(1.,0.,0.));
#15308=DIRECTION('',(0.,1.,3.330669073875E-16));
#15309=DIRECTION('center_axis',(0.,1.,3.330669073875E-16));
#15310=DIRECTION('ref_axis',(0.957826285221234,-9.57060715898283E-17,0.28734788556607));
#15311=DIRECTION('',(0.,1.,3.330669073875E-16));
#15312=DIRECTION('center_axis',(0.957826285221234,9.57060715899734E-17,
-0.28734788556607));
#15313=DIRECTION('ref_axis',(0.28734788556607,-5.3170039772213E-16,0.957826285221234));
#15314=DIRECTION('',(0.,1.,3.330669073875E-16));
#15315=DIRECTION('center_axis',(0.957826285221234,-9.57060715899734E-17,
0.28734788556607));
#15316=DIRECTION('ref_axis',(-0.28734788556607,-5.3170039772213E-16,0.957826285221234));
#15317=DIRECTION('',(0.,1.,3.330669073875E-16));
#15318=DIRECTION('center_axis',(0.,1.,3.330669073875E-16));
#15319=DIRECTION('ref_axis',(-0.957826285221234,-9.57060715898283E-17,0.28734788556607));
#15320=DIRECTION('center_axis',(-0.957826285221234,-9.57060715899734E-17,
0.28734788556607));
#15321=DIRECTION('ref_axis',(-0.28734788556607,5.3170039772213E-16,-0.957826285221234));
#15322=DIRECTION('',(0.,1.,3.330669073875E-16));
#15323=DIRECTION('',(0.,1.,3.330669073875E-16));
#15324=DIRECTION('center_axis',(0.,1.,3.330669073875E-16));
#15325=DIRECTION('ref_axis',(0.957826285221234,9.57060715898283E-17,-0.28734788556607));
#15326=DIRECTION('',(0.,1.,3.330669073875E-16));
#15327=DIRECTION('center_axis',(0.,1.,3.330669073875E-16));
#15328=DIRECTION('ref_axis',(-0.957826285221234,-9.57060715898283E-17,0.28734788556607));
#15329=DIRECTION('',(0.,1.,3.330669073875E-16));
#15330=DIRECTION('center_axis',(1.,0.,0.));
#15331=DIRECTION('ref_axis',(0.,-5.551115123126E-16,1.));
#15332=DIRECTION('',(0.,1.,3.330669073875E-16));
#15333=DIRECTION('center_axis',(-0.957826285221234,9.57060715899734E-17,
-0.28734788556607));
#15334=DIRECTION('ref_axis',(0.28734788556607,5.3170039772213E-16,-0.957826285221234));
#15335=DIRECTION('',(0.,1.,3.330669073875E-16));
#15336=DIRECTION('center_axis',(0.,1.,3.330669073875E-16));
#15337=DIRECTION('ref_axis',(-1.,0.,0.));
#15338=DIRECTION('center_axis',(0.,1.,3.330669073875E-16));
#15339=DIRECTION('ref_axis',(1.,0.,0.));
#15340=DIRECTION('',(0.,1.,3.330669073875E-16));
#15341=DIRECTION('center_axis',(1.,0.,0.));
#15342=DIRECTION('ref_axis',(0.,-5.551115123126E-16,1.));
#15343=DIRECTION('',(0.,1.,3.330669073875E-16));
#15344=DIRECTION('center_axis',(0.,-3.330669073875E-16,1.));
#15345=DIRECTION('ref_axis',(-1.,0.,0.));
#15346=DIRECTION('',(0.,1.,3.330669073875E-16));
#15347=DIRECTION('center_axis',(-1.,0.,0.));
#15348=DIRECTION('ref_axis',(0.,5.551115123126E-16,-1.));
#15349=DIRECTION('',(0.,1.,3.330669073875E-16));
#15350=DIRECTION('center_axis',(0.,1.,3.330669073875E-16));
#15351=DIRECTION('ref_axis',(1.,0.,0.));
#15352=DIRECTION('',(0.,1.,3.330669073875E-16));
#15353=DIRECTION('center_axis',(0.,1.,3.330669073875E-16));
#15354=DIRECTION('ref_axis',(0.957826285221234,-9.57060715898283E-17,0.28734788556607));
#15355=DIRECTION('',(0.,1.,3.330669073875E-16));
#15356=DIRECTION('center_axis',(0.957826285221234,9.57060715899734E-17,
-0.28734788556607));
#15357=DIRECTION('ref_axis',(0.28734788556607,-5.3170039772213E-16,0.957826285221234));
#15358=DIRECTION('',(0.,1.,3.330669073875E-16));
#15359=DIRECTION('center_axis',(0.957826285221234,-9.57060715899734E-17,
0.28734788556607));
#15360=DIRECTION('ref_axis',(-0.28734788556607,-5.3170039772213E-16,0.957826285221234));
#15361=DIRECTION('',(0.,1.,3.330669073875E-16));
#15362=DIRECTION('center_axis',(0.,1.,3.330669073875E-16));
#15363=DIRECTION('ref_axis',(-0.957826285221234,-9.57060715898283E-17,0.28734788556607));
#15364=DIRECTION('center_axis',(-0.957826285221234,9.57060715899734E-17,
-0.28734788556607));
#15365=DIRECTION('ref_axis',(0.28734788556607,5.3170039772213E-16,-0.957826285221234));
#15366=DIRECTION('',(0.,1.,3.330669073875E-16));
#15367=DIRECTION('',(0.,1.,3.330669073875E-16));
#15368=DIRECTION('center_axis',(0.,1.,3.330669073875E-16));
#15369=DIRECTION('ref_axis',(-0.957826285221234,9.57060715898283E-17,-0.28734788556607));
#15370=DIRECTION('',(0.,1.,3.330669073875E-16));
#15371=DIRECTION('center_axis',(0.,1.,3.330669073875E-16));
#15372=DIRECTION('ref_axis',(0.957826285221234,-9.57060715898283E-17,0.28734788556607));
#15373=DIRECTION('',(0.,1.,3.330669073875E-16));
#15374=DIRECTION('center_axis',(1.,0.,0.));
#15375=DIRECTION('ref_axis',(0.,-5.551115123126E-16,1.));
#15376=DIRECTION('',(0.,1.,3.330669073875E-16));
#15377=DIRECTION('center_axis',(-0.957826285221234,-9.57060715899734E-17,
0.28734788556607));
#15378=DIRECTION('ref_axis',(-0.28734788556607,5.3170039772213E-16,-0.957826285221234));
#15379=DIRECTION('',(0.,1.,3.330669073875E-16));
#15380=DIRECTION('center_axis',(0.,1.,3.330669073875E-16));
#15381=DIRECTION('ref_axis',(1.,0.,0.));
#15382=DIRECTION('center_axis',(0.,1.,3.330669073875E-16));
#15383=DIRECTION('ref_axis',(-1.,0.,0.));
#15384=DIRECTION('',(0.,1.,3.330669073875E-16));
#15385=DIRECTION('center_axis',(1.,0.,0.));
#15386=DIRECTION('ref_axis',(0.,-5.551115123126E-16,1.));
#15387=DIRECTION('',(0.,1.,3.330669073875E-16));
#15388=DIRECTION('center_axis',(0.,3.330669073875E-16,-1.));
#15389=DIRECTION('ref_axis',(1.,0.,0.));
#15390=DIRECTION('',(0.,1.,3.330669073875E-16));
#15391=DIRECTION('center_axis',(-1.,0.,0.));
#15392=DIRECTION('ref_axis',(0.,5.551115123126E-16,-1.));
#15393=DIRECTION('',(0.,1.,3.330669073875E-16));
#15394=DIRECTION('center_axis',(0.,1.,3.330669073875E-16));
#15395=DIRECTION('ref_axis',(-1.,0.,0.));
#15396=DIRECTION('',(0.,1.,3.330669073875E-16));
#15397=DIRECTION('center_axis',(0.,1.,3.330669073875E-16));
#15398=DIRECTION('ref_axis',(-0.957826285221234,-9.57060715898283E-17,0.28734788556607));
#15399=DIRECTION('',(0.,1.,3.330669073875E-16));
#15400=DIRECTION('center_axis',(0.957826285221234,-9.57060715899734E-17,
0.28734788556607));
#15401=DIRECTION('ref_axis',(-0.28734788556607,-5.3170039772213E-16,0.957826285221234));
#15402=DIRECTION('',(0.,1.,3.330669073875E-16));
#15403=DIRECTION('center_axis',(0.957826285221234,9.57060715899734E-17,
-0.28734788556607));
#15404=DIRECTION('ref_axis',(0.28734788556607,-5.3170039772213E-16,0.957826285221234));
#15405=DIRECTION('',(0.,1.,3.330669073875E-16));
#15406=DIRECTION('center_axis',(0.,1.,3.330669073875E-16));
#15407=DIRECTION('ref_axis',(0.957826285221234,-9.57060715898283E-17,0.28734788556607));
#15408=DIRECTION('center_axis',(-0.957826285221234,9.57060715899734E-17,
-0.28734788556607));
#15409=DIRECTION('ref_axis',(0.28734788556607,5.3170039772213E-16,-0.957826285221234));
#15410=DIRECTION('',(0.,1.,3.330669073875E-16));
#15411=DIRECTION('',(0.,1.,3.330669073875E-16));
#15412=DIRECTION('center_axis',(0.,1.,3.330669073875E-16));
#15413=DIRECTION('ref_axis',(-0.957826285221234,9.57060715898283E-17,-0.28734788556607));
#15414=DIRECTION('',(0.,1.,3.330669073875E-16));
#15415=DIRECTION('center_axis',(0.,1.,3.330669073875E-16));
#15416=DIRECTION('ref_axis',(0.957826285221234,-9.57060715898283E-17,0.28734788556607));
#15417=DIRECTION('',(0.,1.,3.330669073875E-16));
#15418=DIRECTION('center_axis',(1.,0.,0.));
#15419=DIRECTION('ref_axis',(0.,-5.551115123126E-16,1.));
#15420=DIRECTION('',(0.,1.,3.330669073875E-16));
#15421=DIRECTION('center_axis',(-0.957826285221234,-9.57060715899734E-17,
0.28734788556607));
#15422=DIRECTION('ref_axis',(-0.28734788556607,5.3170039772213E-16,-0.957826285221234));
#15423=DIRECTION('',(0.,1.,3.330669073875E-16));
#15424=DIRECTION('center_axis',(0.,1.,3.330669073875E-16));
#15425=DIRECTION('ref_axis',(1.,0.,0.));
#15426=DIRECTION('center_axis',(0.,1.,3.330669073875E-16));
#15427=DIRECTION('ref_axis',(-1.,0.,0.));
#15428=DIRECTION('',(0.,1.,3.330669073875E-16));
#15429=DIRECTION('center_axis',(1.,0.,0.));
#15430=DIRECTION('ref_axis',(0.,-5.551115123126E-16,1.));
#15431=DIRECTION('',(0.,1.,3.330669073875E-16));
#15432=DIRECTION('center_axis',(0.,3.330669073875E-16,-1.));
#15433=DIRECTION('ref_axis',(1.,0.,0.));
#15434=DIRECTION('',(0.,1.,3.330669073875E-16));
#15435=DIRECTION('center_axis',(-1.,0.,0.));
#15436=DIRECTION('ref_axis',(0.,5.551115123126E-16,-1.));
#15437=DIRECTION('',(0.,1.,3.330669073875E-16));
#15438=DIRECTION('center_axis',(0.,1.,3.330669073875E-16));
#15439=DIRECTION('ref_axis',(-1.,0.,0.));
#15440=DIRECTION('',(0.,1.,3.330669073875E-16));
#15441=DIRECTION('center_axis',(0.,1.,3.330669073875E-16));
#15442=DIRECTION('ref_axis',(-0.957826285221234,-9.57060715898283E-17,0.28734788556607));
#15443=DIRECTION('',(0.,1.,3.330669073875E-16));
#15444=DIRECTION('center_axis',(0.957826285221234,-9.57060715899734E-17,
0.28734788556607));
#15445=DIRECTION('ref_axis',(-0.28734788556607,-5.3170039772213E-16,0.957826285221234));
#15446=DIRECTION('',(0.,1.,3.330669073875E-16));
#15447=DIRECTION('center_axis',(0.957826285221234,9.57060715899734E-17,
-0.28734788556607));
#15448=DIRECTION('ref_axis',(0.28734788556607,-5.3170039772213E-16,0.957826285221234));
#15449=DIRECTION('',(0.,1.,3.330669073875E-16));
#15450=DIRECTION('center_axis',(0.,1.,3.330669073875E-16));
#15451=DIRECTION('ref_axis',(0.957826285221234,-9.57060715898283E-17,0.28734788556607));
#15452=DIRECTION('axis',(0.,0.,1.));
#15453=DIRECTION('refdir',(1.,0.,0.));
#15454=DIRECTION('center_axis',(-0.707106781186548,0.707106781186547,0.));
#15455=DIRECTION('ref_axis',(-0.707106781186547,-0.707106781186548,0.));
#15456=DIRECTION('',(0.707106781186547,0.707106781186548,0.));
#15457=DIRECTION('',(0.,0.,1.));
#15458=DIRECTION('',(0.707106781186547,0.707106781186548,0.));
#15459=DIRECTION('',(0.,0.,1.));
#15460=DIRECTION('center_axis',(0.,0.,1.));
#15461=DIRECTION('ref_axis',(-0.707106781186548,0.707106781186547,0.));
#15462=DIRECTION('center_axis',(0.,0.,-1.));
#15463=DIRECTION('ref_axis',(-0.707106781186548,0.707106781186547,0.));
#15464=DIRECTION('',(0.,0.,1.));
#15465=DIRECTION('center_axis',(0.,0.,-1.));
#15466=DIRECTION('ref_axis',(-0.707106781186548,0.707106781186547,0.));
#15467=DIRECTION('center_axis',(2.24574466351516E-15,1.,0.));
#15468=DIRECTION('ref_axis',(-1.,2.24574466351516E-15,0.));
#15469=DIRECTION('',(1.,-2.24574466351516E-15,0.));
#15470=DIRECTION('',(0.,0.,1.));
#15471=DIRECTION('',(1.,-2.24574466351516E-15,0.));
#15472=DIRECTION('center_axis',(0.,0.,1.));
#15473=DIRECTION('ref_axis',(3.70074341541718E-15,1.,0.));
#15474=DIRECTION('center_axis',(0.,0.,-1.));
#15475=DIRECTION('ref_axis',(3.70074341541718E-15,1.,0.));
#15476=DIRECTION('',(0.,0.,1.));
#15477=DIRECTION('center_axis',(0.,0.,-1.));
#15478=DIRECTION('ref_axis',(3.70074341541718E-15,1.,0.));
#15479=DIRECTION('center_axis',(1.,-3.1720657846433E-16,0.));
#15480=DIRECTION('ref_axis',(3.1720657846433E-16,1.,0.));
#15481=DIRECTION('',(-3.1720657846433E-16,-1.,0.));
#15482=DIRECTION('',(0.,0.,1.));
#15483=DIRECTION('',(-3.1720657846433E-16,-1.,0.));
#15484=DIRECTION('center_axis',(0.,0.,1.));
#15485=DIRECTION('ref_axis',(1.,0.,0.));
#15486=DIRECTION('center_axis',(0.,0.,-1.));
#15487=DIRECTION('ref_axis',(1.,0.,0.));
#15488=DIRECTION('',(0.,0.,1.));
#15489=DIRECTION('center_axis',(0.,0.,-1.));
#15490=DIRECTION('ref_axis',(1.,0.,0.));
#15491=DIRECTION('center_axis',(8.05196966190308E-16,-1.,0.));
#15492=DIRECTION('ref_axis',(1.,8.05196966190308E-16,0.));
#15493=DIRECTION('',(-1.,-8.05196966190308E-16,0.));
#15494=DIRECTION('',(0.,0.,1.));
#15495=DIRECTION('',(-1.,-8.05196966190308E-16,0.));
#15496=DIRECTION('center_axis',(0.,0.,1.));
#15497=DIRECTION('ref_axis',(9.25185853854293E-16,-1.,0.));
#15498=DIRECTION('center_axis',(0.,0.,-1.));
#15499=DIRECTION('ref_axis',(9.25185853854293E-16,-1.,0.));
#15500=DIRECTION('',(0.,0.,1.));
#15501=DIRECTION('center_axis',(0.,0.,-1.));
#15502=DIRECTION('ref_axis',(9.25185853854293E-16,-1.,0.));
#15503=DIRECTION('center_axis',(-0.707106781186549,-0.707106781186546,0.));
#15504=DIRECTION('ref_axis',(0.707106781186546,-0.707106781186549,0.));
#15505=DIRECTION('',(-0.707106781186546,0.707106781186549,0.));
#15506=DIRECTION('',(0.,0.,1.));
#15507=DIRECTION('',(-0.707106781186546,0.707106781186549,0.));
#15508=DIRECTION('center_axis',(0.,0.,1.));
#15509=DIRECTION('ref_axis',(-0.707106781186549,-0.707106781186546,0.));
#15510=DIRECTION('center_axis',(0.,0.,-1.));
#15511=DIRECTION('ref_axis',(-0.707106781186549,-0.707106781186546,0.));
#15512=DIRECTION('center_axis',(0.,0.,-1.));
#15513=DIRECTION('ref_axis',(-0.707106781186549,-0.707106781186546,0.));
#15514=DIRECTION('center_axis',(0.,0.,-1.));
#15515=DIRECTION('ref_axis',(-1.,0.,0.));
#15516=DIRECTION('',(1.,3.83305192306846E-16,0.));
#15517=DIRECTION('center_axis',(0.,0.,1.));
#15518=DIRECTION('ref_axis',(-0.707106781186547,-0.707106781186548,0.));
#15519=DIRECTION('',(0.707106781186547,-0.707106781186548,0.));
#15520=DIRECTION('center_axis',(0.,0.,1.));
#15521=DIRECTION('ref_axis',(-0.707106781186549,0.707106781186546,0.));
#15522=DIRECTION('',(-0.707106781186547,-0.707106781186548,0.));
#15523=DIRECTION('center_axis',(0.,0.,1.));
#15524=DIRECTION('ref_axis',(2.22044604925031E-15,1.,0.));
#15525=DIRECTION('',(-1.,2.76099521333525E-15,0.));
#15526=DIRECTION('center_axis',(0.,0.,1.));
#15527=DIRECTION('ref_axis',(1.,-5.55111512312578E-16,0.));
#15528=DIRECTION('',(6.34413156928661E-16,1.,0.));
#15529=DIRECTION('center_axis',(0.,0.,1.));
#15530=DIRECTION('ref_axis',(0.,-1.,0.));
#15531=DIRECTION('center_axis',(3.83305192306846E-16,-1.,0.));
#15532=DIRECTION('ref_axis',(-1.,-3.83305192306846E-16,0.));
#15533=DIRECTION('',(0.,0.,1.));
#15534=DIRECTION('',(-1.,-3.83305192306846E-16,0.));
#15535=DIRECTION('',(0.,0.,1.));
#15536=DIRECTION('center_axis',(0.,0.,-1.));
#15537=DIRECTION('ref_axis',(0.,-1.,0.));
#15538=DIRECTION('',(0.,0.,1.));
#15539=DIRECTION('center_axis',(0.,0.,-1.));
#15540=DIRECTION('ref_axis',(0.,-1.,0.));
#15541=DIRECTION('center_axis',(1.,-6.34413156928661E-16,0.));
#15542=DIRECTION('ref_axis',(-6.34413156928661E-16,-1.,0.));
#15543=DIRECTION('',(0.,0.,1.));
#15544=DIRECTION('',(-6.34413156928661E-16,-1.,0.));
#15545=DIRECTION('center_axis',(0.,0.,-1.));
#15546=DIRECTION('ref_axis',(1.,-5.55111512312578E-16,0.));
#15547=DIRECTION('',(0.,0.,1.));
#15548=DIRECTION('center_axis',(0.,0.,-1.));
#15549=DIRECTION('ref_axis',(1.,-5.55111512312578E-16,0.));
#15550=DIRECTION('center_axis',(2.76099521333525E-15,1.,0.));
#15551=DIRECTION('ref_axis',(1.,-2.76099521333525E-15,0.));
#15552=DIRECTION('',(0.,0.,1.));
#15553=DIRECTION('',(1.,-2.76099521333525E-15,0.));
#15554=DIRECTION('center_axis',(0.,0.,1.));
#15555=DIRECTION('ref_axis',(-1.,0.,0.));
#15556=DIRECTION('center_axis',(0.,0.,-1.));
#15557=DIRECTION('ref_axis',(-0.707106781186549,0.707106781186546,0.));
#15558=DIRECTION('',(-0.707106781186547,0.707106781186548,0.));
#15559=DIRECTION('center_axis',(0.,0.,-1.));
#15560=DIRECTION('ref_axis',(-0.707106781186547,-0.707106781186548,0.));
#15561=DIRECTION('center_axis',(0.,0.,-1.));
#15562=DIRECTION('ref_axis',(2.22044604925031E-15,1.,0.));
#15563=DIRECTION('',(0.707106781186547,0.707106781186548,0.));
#15564=DIRECTION('center_axis',(0.,0.,-1.));
#15565=DIRECTION('ref_axis',(2.22044604925031E-15,1.,0.));
#15566=DIRECTION('',(0.,0.,1.));
#15567=DIRECTION('center_axis',(-0.707106781186548,0.707106781186547,0.));
#15568=DIRECTION('ref_axis',(0.707106781186547,0.707106781186548,0.));
#15569=DIRECTION('',(0.,0.,-1.));
#15570=DIRECTION('center_axis',(0.,0.,-1.));
#15571=DIRECTION('ref_axis',(-0.707106781186549,0.707106781186546,0.));
#15572=DIRECTION('',(0.,0.,1.));
#15573=DIRECTION('center_axis',(-0.707106781186548,-0.707106781186547,0.));
#15574=DIRECTION('ref_axis',(-0.707106781186547,0.707106781186548,0.));
#15575=DIRECTION('',(0.,0.,1.));
#15576=DIRECTION('center_axis',(0.,0.,-1.));
#15577=DIRECTION('ref_axis',(-0.707106781186547,-0.707106781186548,0.));
#15578=DIRECTION('center_axis',(0.,0.,1.));
#15579=DIRECTION('ref_axis',(1.,0.,0.));
#15580=DIRECTION('',(0.,0.,1.));
#15581=DIRECTION('',(1.110223024625E-16,1.,0.));
#15582=DIRECTION('',(0.,0.,1.));
#15583=DIRECTION('',(1.110223024625E-16,-1.,0.));
#15584=DIRECTION('',(0.,0.,1.));
#15585=DIRECTION('',(1.110223024625E-16,1.,0.));
#15586=DIRECTION('',(0.,0.,1.));
#15587=DIRECTION('',(1.,0.,0.));
#15588=DIRECTION('',(0.,0.,1.));
#15589=DIRECTION('',(1.,0.,0.));
#15590=DIRECTION('',(0.,0.,1.));
#15591=DIRECTION('',(1.110223024625E-16,1.,0.));
#15592=DIRECTION('',(0.,0.,1.));
#15593=DIRECTION('',(-1.,1.224646799147E-16,0.));
#15594=DIRECTION('',(0.,0.,1.));
#15595=DIRECTION('',(1.,0.,0.));
#15596=DIRECTION('',(0.,0.,1.));
#15597=DIRECTION('',(1.110223024625E-16,-1.,0.));
#15598=DIRECTION('',(0.,0.,1.));
#15599=DIRECTION('',(1.,0.,0.));
#15600=DIRECTION('',(0.,0.,1.));
#15601=DIRECTION('',(6.12323399573677E-17,1.,0.));
#15602=DIRECTION('',(0.,0.,1.));
#15603=DIRECTION('',(-1.,1.22464679914735E-16,0.));
#15604=DIRECTION('',(0.,0.,1.));
#15605=DIRECTION('',(-1.83697019872103E-16,-1.,0.));
#15606=CARTESIAN_POINT('',(0.,0.,0.));
#15607=CARTESIAN_POINT('',(0.,0.,0.));
#15608=CARTESIAN_POINT('Origin',(5.11999999999971,-7.62,2.4975));
#15609=CARTESIAN_POINT('',(5.11999999999971,-16.51,4.826));
#15610=CARTESIAN_POINT('',(5.11999999999971,-16.256,5.08));
#15611=CARTESIAN_POINT('',(5.11999999999971,-14.869625,6.466375));
#15612=CARTESIAN_POINT('',(5.11999999999971,-16.51,0.254000000000001));
#15613=CARTESIAN_POINT('',(5.11999999999971,-16.51,1.37575));
#15614=CARTESIAN_POINT('',(5.11999999999971,-16.256,0.));
#15615=CARTESIAN_POINT('',(5.11999999999971,-14.721375,-1.534625));
#15616=CARTESIAN_POINT('',(5.11999999999971,-14.224,0.));
#15617=CARTESIAN_POINT('',(5.11999999999971,-10.922,0.));
#15618=CARTESIAN_POINT('',(5.11999999999971,-13.97,0.254));
#15619=CARTESIAN_POINT('',(5.11999999999971,-11.821625,2.402375));
#15620=CARTESIAN_POINT('',(5.11999999999971,-13.716,0.));
#15621=CARTESIAN_POINT('',(5.11999999999971,-12.816375,-0.899624999999999));
#15622=CARTESIAN_POINT('',(5.11999999999971,-11.684,0.));
#15623=CARTESIAN_POINT('',(5.11999999999971,-9.652,0.));
#15624=CARTESIAN_POINT('',(5.11999999999971,-11.43,0.254));
#15625=CARTESIAN_POINT('',(5.11999999999971,-9.916625,1.767375));
#15626=CARTESIAN_POINT('',(5.11999999999971,-11.176,0.));
#15627=CARTESIAN_POINT('',(5.11999999999971,-10.911375,-0.264625));
#15628=CARTESIAN_POINT('',(5.11999999999971,-9.144,0.));
#15629=CARTESIAN_POINT('',(5.11999999999971,-8.382,0.));
#15630=CARTESIAN_POINT('',(5.11999999999971,-8.89,0.254));
#15631=CARTESIAN_POINT('',(5.11999999999971,-8.011625,1.132375));
#15632=CARTESIAN_POINT('',(5.11999999999971,-8.636,0.));
#15633=CARTESIAN_POINT('',(5.11999999999971,-9.006375,0.370375));
#15634=CARTESIAN_POINT('',(5.11999999999971,-6.604,0.));
#15635=CARTESIAN_POINT('',(5.11999999999971,-7.112,0.));
#15636=CARTESIAN_POINT('',(5.11999999999971,-6.35,0.254));
#15637=CARTESIAN_POINT('',(5.11999999999971,-6.106625,0.497374999999999));
#15638=CARTESIAN_POINT('',(5.11999999999971,-6.096,0.));
#15639=CARTESIAN_POINT('',(5.11999999999971,-7.101375,1.005375));
#15640=CARTESIAN_POINT('',(5.11999999999971,-4.064,0.));
#15641=CARTESIAN_POINT('',(5.11999999999971,-5.842,0.));
#15642=CARTESIAN_POINT('',(5.11999999999971,-3.81,0.254));
#15643=CARTESIAN_POINT('',(5.11999999999971,-4.201625,-0.137625));
#15644=CARTESIAN_POINT('',(5.11999999999971,-3.556,0.));
#15645=CARTESIAN_POINT('',(5.11999999999971,-5.196375,1.640375));
#15646=CARTESIAN_POINT('',(5.11999999999971,-1.524,0.));
#15647=CARTESIAN_POINT('',(5.11999999999971,-4.572,0.));
#15648=CARTESIAN_POINT('',(5.11999999999971,-1.27,0.254));
#15649=CARTESIAN_POINT('',(5.11999999999971,-2.296625,-0.772625));
#15650=CARTESIAN_POINT('',(5.11999999999971,-1.016,0.));
#15651=CARTESIAN_POINT('',(5.11999999999971,-3.291375,2.275375));
#15652=CARTESIAN_POINT('',(5.11999999999971,1.016,0.));
#15653=CARTESIAN_POINT('',(5.11999999999971,-3.302,0.));
#15654=CARTESIAN_POINT('',(5.11999999999971,1.27,0.254));
#15655=CARTESIAN_POINT('',(5.11999999999971,-0.391625,-1.407625));
#15656=CARTESIAN_POINT('',(5.11999999999971,1.27,4.826));
#15657=CARTESIAN_POINT('',(5.11999999999971,1.27,3.66175));
#15658=CARTESIAN_POINT('',(5.11999999999971,1.016,5.08));
#15659=CARTESIAN_POINT('',(5.11999999999971,-0.497375,6.593375));
#15660=CARTESIAN_POINT('',(5.11999999999971,-1.016,5.08));
#15661=CARTESIAN_POINT('',(5.11999999999971,-4.318,5.08));
#15662=CARTESIAN_POINT('',(5.11999999999971,-1.27,4.826));
#15663=CARTESIAN_POINT('',(5.11999999999971,-3.439625,2.656375));
#15664=CARTESIAN_POINT('',(5.11999999999971,-1.524,5.08));
#15665=CARTESIAN_POINT('',(5.11999999999971,-2.402375,5.958375));
#15666=CARTESIAN_POINT('',(5.11999999999971,-3.556,5.08));
#15667=CARTESIAN_POINT('',(5.11999999999971,-5.588,5.08));
#15668=CARTESIAN_POINT('',(5.11999999999971,-3.81,4.826));
#15669=CARTESIAN_POINT('',(5.11999999999971,-5.344625,3.291375));
#15670=CARTESIAN_POINT('',(5.11999999999971,-4.064,5.08));
#15671=CARTESIAN_POINT('',(5.11999999999971,-4.307375,5.323375));
#15672=CARTESIAN_POINT('',(5.11999999999971,-6.096,5.08));
#15673=CARTESIAN_POINT('',(5.11999999999971,-6.858,5.08));
#15674=CARTESIAN_POINT('',(5.11999999999971,-6.35,4.826));
#15675=CARTESIAN_POINT('',(5.11999999999971,-7.249625,3.926375));
#15676=CARTESIAN_POINT('',(5.11999999999971,-6.604,5.08));
#15677=CARTESIAN_POINT('',(5.11999999999971,-6.212375,4.688375));
#15678=CARTESIAN_POINT('',(5.11999999999971,-8.636,5.08));
#15679=CARTESIAN_POINT('',(5.11999999999971,-8.128,5.08));
#15680=CARTESIAN_POINT('',(5.11999999999971,-8.89,4.826));
#15681=CARTESIAN_POINT('',(5.11999999999971,-9.154625,4.561375));
#15682=CARTESIAN_POINT('',(5.11999999999971,-9.144,5.08));
#15683=CARTESIAN_POINT('',(5.11999999999971,-8.117375,4.053375));
#15684=CARTESIAN_POINT('',(5.11999999999971,-11.176,5.08));
#15685=CARTESIAN_POINT('',(5.11999999999971,-9.398,5.08));
#15686=CARTESIAN_POINT('',(5.11999999999971,-11.43,4.826));
#15687=CARTESIAN_POINT('',(5.11999999999971,-11.059625,5.196375));
#15688=CARTESIAN_POINT('',(5.11999999999971,-11.684,5.08));
#15689=CARTESIAN_POINT('',(5.11999999999971,-10.022375,3.418375));
#15690=CARTESIAN_POINT('',(5.11999999999971,-13.716,5.08));
#15691=CARTESIAN_POINT('',(5.11999999999971,-10.668,5.08));
#15692=CARTESIAN_POINT('',(5.11999999999971,-13.97,4.826));
#15693=CARTESIAN_POINT('',(5.11999999999971,-12.964625,5.831375));
#15694=CARTESIAN_POINT('',(5.11999999999971,-14.224,5.08));
#15695=CARTESIAN_POINT('',(5.11999999999971,-11.927375,2.783375));
#15696=CARTESIAN_POINT('',(5.11999999999971,-11.938,5.08));
#15697=CARTESIAN_POINT('Origin',(4.04,-16.51,4.826));
#15698=CARTESIAN_POINT('',(4.04,-16.256,5.08));
#15699=CARTESIAN_POINT('',(4.04,-16.256,5.08));
#15700=CARTESIAN_POINT('',(4.04,-16.51,4.826));
#15701=CARTESIAN_POINT('',(4.04,-16.51,4.826));
#15702=CARTESIAN_POINT('',(4.04,-16.51,4.826));
#15703=CARTESIAN_POINT('Origin',(4.04,-16.256,5.08));
#15704=CARTESIAN_POINT('',(4.04,-14.224,5.08));
#15705=CARTESIAN_POINT('',(4.04,-14.224,5.08));
#15706=CARTESIAN_POINT('',(4.04,-16.256,5.08));
#15707=CARTESIAN_POINT('Origin',(4.04,-14.224,5.08));
#15708=CARTESIAN_POINT('',(4.04,-13.97,4.826));
#15709=CARTESIAN_POINT('',(4.04,-13.97,4.826));
#15710=CARTESIAN_POINT('',(4.04,-14.224,5.08));
#15711=CARTESIAN_POINT('Origin',(4.04,-13.97,4.826));
#15712=CARTESIAN_POINT('',(4.04,-13.716,5.08));
#15713=CARTESIAN_POINT('',(4.04,-13.716,5.08));
#15714=CARTESIAN_POINT('',(4.04,-13.97,4.826));
#15715=CARTESIAN_POINT('Origin',(4.04,-13.716,5.08));
#15716=CARTESIAN_POINT('',(4.04,-11.684,5.08));
#15717=CARTESIAN_POINT('',(4.04,-11.684,5.08));
#15718=CARTESIAN_POINT('',(4.04,-13.716,5.08));
#15719=CARTESIAN_POINT('Origin',(4.04,-11.684,5.08));
#15720=CARTESIAN_POINT('',(4.04,-11.43,4.826));
#15721=CARTESIAN_POINT('',(4.04,-11.43,4.826));
#15722=CARTESIAN_POINT('',(4.04,-11.684,5.08));
#15723=CARTESIAN_POINT('Origin',(4.04,-11.43,4.826));
#15724=CARTESIAN_POINT('',(4.04,-11.176,5.08));
#15725=CARTESIAN_POINT('',(4.04,-11.176,5.08));
#15726=CARTESIAN_POINT('',(4.04,-11.43,4.826));
#15727=CARTESIAN_POINT('Origin',(4.04,-11.176,5.08));
#15728=CARTESIAN_POINT('',(4.04,-9.144,5.08));
#15729=CARTESIAN_POINT('',(4.04,-9.144,5.08));
#15730=CARTESIAN_POINT('',(4.04,-11.176,5.08));
#15731=CARTESIAN_POINT('Origin',(4.04,-9.144,5.08));
#15732=CARTESIAN_POINT('',(4.04,-8.89,4.826));
#15733=CARTESIAN_POINT('',(4.04,-8.89,4.826));
#15734=CARTESIAN_POINT('',(4.04,-9.144,5.08));
#15735=CARTESIAN_POINT('Origin',(4.04,-8.89,4.826));
#15736=CARTESIAN_POINT('',(4.04,-8.636,5.08));
#15737=CARTESIAN_POINT('',(4.04,-8.636,5.08));
#15738=CARTESIAN_POINT('',(4.04,-8.89,4.826));
#15739=CARTESIAN_POINT('Origin',(4.04,-8.636,5.08));
#15740=CARTESIAN_POINT('',(4.04,-6.604,5.08));
#15741=CARTESIAN_POINT('',(4.04,-6.604,5.08));
#15742=CARTESIAN_POINT('',(4.04,-8.636,5.08));
#15743=CARTESIAN_POINT('Origin',(4.04,-6.604,5.08));
#15744=CARTESIAN_POINT('',(4.04,-6.35,4.826));
#15745=CARTESIAN_POINT('',(4.04,-6.35,4.826));
#15746=CARTESIAN_POINT('',(4.04,-6.604,5.08));
#15747=CARTESIAN_POINT('Origin',(4.04,-6.35,4.826));
#15748=CARTESIAN_POINT('',(4.04,-6.096,5.08));
#15749=CARTESIAN_POINT('',(4.04,-6.096,5.08));
#15750=CARTESIAN_POINT('',(4.04,-6.35,4.826));
#15751=CARTESIAN_POINT('Origin',(4.04,-6.096,5.08));
#15752=CARTESIAN_POINT('',(4.04,-4.064,5.08));
#15753=CARTESIAN_POINT('',(4.04,-4.064,5.08));
#15754=CARTESIAN_POINT('',(4.04,-6.096,5.08));
#15755=CARTESIAN_POINT('Origin',(4.04,-4.064,5.08));
#15756=CARTESIAN_POINT('',(4.04,-3.81,4.826));
#15757=CARTESIAN_POINT('',(4.04,-3.81,4.826));
#15758=CARTESIAN_POINT('',(4.04,-4.064,5.08));
#15759=CARTESIAN_POINT('Origin',(4.04,-3.81,4.826));
#15760=CARTESIAN_POINT('',(4.04,-3.556,5.08));
#15761=CARTESIAN_POINT('',(4.04,-3.556,5.08));
#15762=CARTESIAN_POINT('',(4.04,-3.81,4.826));
#15763=CARTESIAN_POINT('Origin',(4.04,-3.556,5.08));
#15764=CARTESIAN_POINT('',(4.04,-1.524,5.08));
#15765=CARTESIAN_POINT('',(4.04,-1.524,5.08));
#15766=CARTESIAN_POINT('',(4.04,-3.556,5.08));
#15767=CARTESIAN_POINT('Origin',(4.04,-1.524,5.08));
#15768=CARTESIAN_POINT('',(4.04,-1.27,4.826));
#15769=CARTESIAN_POINT('',(4.04,-1.27,4.826));
#15770=CARTESIAN_POINT('',(4.04,-1.524,5.08));
#15771=CARTESIAN_POINT('Origin',(4.04,-1.27,4.826));
#15772=CARTESIAN_POINT('',(4.04,-1.016,5.08));
#15773=CARTESIAN_POINT('',(4.04,-1.016,5.08));
#15774=CARTESIAN_POINT('',(4.04,-1.27,4.826));
#15775=CARTESIAN_POINT('Origin',(4.04,-1.016,5.08));
#15776=CARTESIAN_POINT('',(4.04,1.016,5.08));
#15777=CARTESIAN_POINT('',(4.04,1.016,5.08));
#15778=CARTESIAN_POINT('',(4.04,-1.016,5.08));
#15779=CARTESIAN_POINT('Origin',(4.04,1.016,5.08));
#15780=CARTESIAN_POINT('',(4.04,1.27,4.826));
#15781=CARTESIAN_POINT('',(4.04,1.27,4.826));
#15782=CARTESIAN_POINT('',(4.04,1.016,5.08));
#15783=CARTESIAN_POINT('Origin',(4.04,1.27,4.826));
#15784=CARTESIAN_POINT('',(4.04,1.27,0.254));
#15785=CARTESIAN_POINT('',(4.04,1.27,0.254));
#15786=CARTESIAN_POINT('',(4.04,1.27,4.826));
#15787=CARTESIAN_POINT('Origin',(4.04,1.27,0.254));
#15788=CARTESIAN_POINT('',(4.04,1.016,0.));
#15789=CARTESIAN_POINT('',(4.04,1.016,0.));
#15790=CARTESIAN_POINT('',(4.04,1.27,0.254));
#15791=CARTESIAN_POINT('Origin',(4.04,1.016,0.));
#15792=CARTESIAN_POINT('',(4.04,-1.016,0.));
#15793=CARTESIAN_POINT('',(4.04,-1.016,0.));
#15794=CARTESIAN_POINT('',(4.04,1.016,0.));
#15795=CARTESIAN_POINT('Origin',(4.04,-7.62,2.54));
#15796=CARTESIAN_POINT('',(4.04,-1.27,0.254));
#15797=CARTESIAN_POINT('',(4.04,-1.016,0.));
#15798=CARTESIAN_POINT('',(4.04,-1.524,0.));
#15799=CARTESIAN_POINT('',(4.04,-1.27,0.254));
#15800=CARTESIAN_POINT('',(4.04,-3.556,0.));
#15801=CARTESIAN_POINT('',(4.04,-1.524,0.));
#15802=CARTESIAN_POINT('',(4.04,-3.81,0.254));
#15803=CARTESIAN_POINT('',(4.04,-3.556,0.));
#15804=CARTESIAN_POINT('',(4.04,-4.064,0.));
#15805=CARTESIAN_POINT('',(4.04,-3.81,0.254));
#15806=CARTESIAN_POINT('',(4.04,-6.096,0.));
#15807=CARTESIAN_POINT('',(4.04,-4.064,0.));
#15808=CARTESIAN_POINT('',(4.04,-6.35,0.254));
#15809=CARTESIAN_POINT('',(4.04,-6.096,0.));
#15810=CARTESIAN_POINT('',(4.04,-6.604,0.));
#15811=CARTESIAN_POINT('',(4.04,-6.35,0.254));
#15812=CARTESIAN_POINT('',(4.04,-8.636,0.));
#15813=CARTESIAN_POINT('',(4.04,-6.604,0.));
#15814=CARTESIAN_POINT('',(4.04,-8.89,0.254));
#15815=CARTESIAN_POINT('',(4.04,-8.636,0.));
#15816=CARTESIAN_POINT('',(4.04,-9.144,0.));
#15817=CARTESIAN_POINT('',(4.04,-8.89,0.254));
#15818=CARTESIAN_POINT('',(4.04,-11.176,0.));
#15819=CARTESIAN_POINT('',(4.04,-9.144,0.));
#15820=CARTESIAN_POINT('',(4.04,-11.43,0.254));
#15821=CARTESIAN_POINT('',(4.04,-11.176,0.));
#15822=CARTESIAN_POINT('',(4.04,-11.684,0.));
#15823=CARTESIAN_POINT('',(4.04,-11.43,0.254));
#15824=CARTESIAN_POINT('',(4.04,-13.716,0.));
#15825=CARTESIAN_POINT('',(4.04,-11.684,0.));
#15826=CARTESIAN_POINT('',(4.04,-13.97,0.254));
#15827=CARTESIAN_POINT('',(4.04,-13.716,0.));
#15828=CARTESIAN_POINT('',(4.04,-14.224,0.));
#15829=CARTESIAN_POINT('',(4.04,-13.97,0.254));
#15830=CARTESIAN_POINT('',(4.04,-16.256,0.));
#15831=CARTESIAN_POINT('',(4.04,-14.224,0.));
#15832=CARTESIAN_POINT('',(4.04,-16.51,0.254));
#15833=CARTESIAN_POINT('',(4.04,-16.256,0.));
#15834=CARTESIAN_POINT('',(4.04,-16.51,0.254));
#15835=CARTESIAN_POINT('',(4.04,-13.02,4.13));
#15836=CARTESIAN_POINT('',(4.04,-12.38,4.13));
#15837=CARTESIAN_POINT('',(4.04,-10.,4.13));
#15838=CARTESIAN_POINT('',(4.04,-13.02,3.49));
#15839=CARTESIAN_POINT('',(4.04,-13.02,2.545602845731));
#15840=CARTESIAN_POINT('',(4.04,-12.38,3.49));
#15841=CARTESIAN_POINT('',(4.04,-10.,3.49));
#15842=CARTESIAN_POINT('',(4.04,-12.38,2.545602845731));
#15843=CARTESIAN_POINT('',(4.04,-9.84,3.49));
#15844=CARTESIAN_POINT('',(4.04,-10.48,3.49));
#15845=CARTESIAN_POINT('',(4.04,-8.73,3.49));
#15846=CARTESIAN_POINT('',(4.04,-9.84,4.13));
#15847=CARTESIAN_POINT('',(4.04,-9.84,2.545602845731));
#15848=CARTESIAN_POINT('',(4.04,-10.48,4.13));
#15849=CARTESIAN_POINT('',(4.04,-8.73,4.13));
#15850=CARTESIAN_POINT('',(4.04,-10.48,2.545602845731));
#15851=CARTESIAN_POINT('',(4.04,-4.76,3.49));
#15852=CARTESIAN_POINT('',(4.04,-5.4,3.49));
#15853=CARTESIAN_POINT('',(4.04,-6.19,3.49));
#15854=CARTESIAN_POINT('',(4.04,-4.76,4.13));
#15855=CARTESIAN_POINT('',(4.04,-4.76,2.545602845731));
#15856=CARTESIAN_POINT('',(4.04,-5.4,4.13));
#15857=CARTESIAN_POINT('',(4.04,-6.19,4.13));
#15858=CARTESIAN_POINT('',(4.04,-5.4,2.545602845731));
#15859=CARTESIAN_POINT('',(4.04,-7.3,4.13));
#15860=CARTESIAN_POINT('',(4.04,-7.3,3.49));
#15861=CARTESIAN_POINT('',(4.04,-7.3,2.545602845731));
#15862=CARTESIAN_POINT('',(4.04,-7.94,4.13));
#15863=CARTESIAN_POINT('',(4.04,-7.46,4.13));
#15864=CARTESIAN_POINT('',(4.04,-7.94,3.49));
#15865=CARTESIAN_POINT('',(4.04,-7.94,2.545602845731));
#15866=CARTESIAN_POINT('',(4.04,-7.46,3.49));
#15867=CARTESIAN_POINT('',(4.04,-4.76,0.95));
#15868=CARTESIAN_POINT('',(4.04,-5.4,0.95));
#15869=CARTESIAN_POINT('',(4.04,-6.19,0.95));
#15870=CARTESIAN_POINT('',(4.04,-4.76,1.59));
#15871=CARTESIAN_POINT('',(4.04,-4.76,1.559540133779));
#15872=CARTESIAN_POINT('',(4.04,-5.4,1.59));
#15873=CARTESIAN_POINT('',(4.04,-6.19,1.59));
#15874=CARTESIAN_POINT('',(4.04,-5.4,1.559540133779));
#15875=CARTESIAN_POINT('',(4.04,-7.94,1.59));
#15876=CARTESIAN_POINT('',(4.04,-7.3,1.59));
#15877=CARTESIAN_POINT('',(4.04,-7.46,1.59));
#15878=CARTESIAN_POINT('',(4.04,-7.94,0.95));
#15879=CARTESIAN_POINT('',(4.04,-7.94,1.559540133779));
#15880=CARTESIAN_POINT('',(4.04,-7.3,0.95));
#15881=CARTESIAN_POINT('',(4.04,-7.46,0.95));
#15882=CARTESIAN_POINT('',(4.04,-7.3,1.559540133779));
#15883=CARTESIAN_POINT('',(4.04,-10.48,1.59));
#15884=CARTESIAN_POINT('',(4.04,-9.84,1.59));
#15885=CARTESIAN_POINT('',(4.04,-8.73,1.59));
#15886=CARTESIAN_POINT('',(4.04,-10.48,0.95));
#15887=CARTESIAN_POINT('',(4.04,-10.48,1.559540133779));
#15888=CARTESIAN_POINT('',(4.04,-9.84,0.95));
#15889=CARTESIAN_POINT('',(4.04,-8.73,0.95));
#15890=CARTESIAN_POINT('',(4.04,-9.84,1.559540133779));
#15891=CARTESIAN_POINT('',(4.04,-12.38,0.95));
#15892=CARTESIAN_POINT('',(4.04,-13.02,0.95));
#15893=CARTESIAN_POINT('',(4.04,-10.,0.95));
#15894=CARTESIAN_POINT('',(4.04,-12.38,1.59));
#15895=CARTESIAN_POINT('',(4.04,-12.38,1.559540133779));
#15896=CARTESIAN_POINT('',(4.04,-13.02,1.59));
#15897=CARTESIAN_POINT('',(4.04,-10.,1.59));
#15898=CARTESIAN_POINT('',(4.04,-13.02,1.559540133779));
#15899=CARTESIAN_POINT('',(4.04,-14.92,0.95));
#15900=CARTESIAN_POINT('',(4.04,-15.56,0.95));
#15901=CARTESIAN_POINT('',(4.04,-11.27,0.95));
#15902=CARTESIAN_POINT('',(4.04,-14.92,1.59));
#15903=CARTESIAN_POINT('',(4.04,-14.92,1.559540133779));
#15904=CARTESIAN_POINT('',(4.04,-15.56,1.59));
#15905=CARTESIAN_POINT('',(4.04,-11.27,1.59));
#15906=CARTESIAN_POINT('',(4.04,-15.56,1.559540133779));
#15907=CARTESIAN_POINT('',(4.04,-15.56,4.13));
#15908=CARTESIAN_POINT('',(4.04,-14.92,4.13));
#15909=CARTESIAN_POINT('',(4.04,-11.27,4.13));
#15910=CARTESIAN_POINT('',(4.04,-15.56,3.49));
#15911=CARTESIAN_POINT('',(4.04,-15.56,2.545602845731));
#15912=CARTESIAN_POINT('',(4.04,-14.92,3.49));
#15913=CARTESIAN_POINT('',(4.04,-11.27,3.49));
#15914=CARTESIAN_POINT('',(4.04,-14.92,2.545602845731));
#15915=CARTESIAN_POINT('',(4.04,-2.22,4.13));
#15916=CARTESIAN_POINT('',(4.04,-2.22,3.49));
#15917=CARTESIAN_POINT('',(4.04,-2.22,2.545602845731));
#15918=CARTESIAN_POINT('',(4.04,-2.86,4.13));
#15919=CARTESIAN_POINT('',(4.04,-4.92,4.13));
#15920=CARTESIAN_POINT('',(4.04,-2.86,3.49));
#15921=CARTESIAN_POINT('',(4.04,-2.86,2.545602845731));
#15922=CARTESIAN_POINT('',(4.04,-4.92,3.49));
#15923=CARTESIAN_POINT('',(4.04,-2.86,1.59));
#15924=CARTESIAN_POINT('',(4.04,-2.22,1.59));
#15925=CARTESIAN_POINT('',(4.04,-4.92,1.59));
#15926=CARTESIAN_POINT('',(4.04,-2.86,0.95));
#15927=CARTESIAN_POINT('',(4.04,-2.86,1.559540133779));
#15928=CARTESIAN_POINT('',(4.04,-2.22,0.95));
#15929=CARTESIAN_POINT('',(4.04,-4.92,0.95));
#15930=CARTESIAN_POINT('',(4.04,-2.22,1.559540133779));
#15931=CARTESIAN_POINT('',(4.04,0.32,4.13));
#15932=CARTESIAN_POINT('',(4.04,0.32,3.49));
#15933=CARTESIAN_POINT('',(4.04,0.32,2.545602845731));
#15934=CARTESIAN_POINT('',(4.04,-0.32,4.13));
#15935=CARTESIAN_POINT('',(4.04,-3.65,4.13));
#15936=CARTESIAN_POINT('',(4.04,-0.32,3.49));
#15937=CARTESIAN_POINT('',(4.04,-0.32,2.545602845731));
#15938=CARTESIAN_POINT('',(4.04,-3.65,3.49));
#15939=CARTESIAN_POINT('',(4.04,0.32,1.59));
#15940=CARTESIAN_POINT('',(4.04,0.32,0.95));
#15941=CARTESIAN_POINT('',(4.04,0.32,1.559540133779));
#15942=CARTESIAN_POINT('',(4.04,-0.32,1.59));
#15943=CARTESIAN_POINT('',(4.04,-3.65,1.59));
#15944=CARTESIAN_POINT('',(4.04,-0.32,0.95));
#15945=CARTESIAN_POINT('',(4.04,-0.32,1.559540133779));
#15946=CARTESIAN_POINT('',(4.04,-3.65,0.95));
#15947=CARTESIAN_POINT('Origin',(4.04,-1.016,0.));
#15948=CARTESIAN_POINT('',(4.04,-1.27,0.254));
#15949=CARTESIAN_POINT('Origin',(4.04,-1.27,0.254));
#15950=CARTESIAN_POINT('',(4.04,-1.524,0.));
#15951=CARTESIAN_POINT('Origin',(4.04,-1.524,0.));
#15952=CARTESIAN_POINT('',(4.04,-3.556,0.));
#15953=CARTESIAN_POINT('Origin',(4.04,-3.556,0.));
#15954=CARTESIAN_POINT('',(4.04,-3.81,0.254));
#15955=CARTESIAN_POINT('Origin',(4.04,-3.81,0.254));
#15956=CARTESIAN_POINT('',(4.04,-4.064,0.));
#15957=CARTESIAN_POINT('Origin',(4.04,-4.064,0.));
#15958=CARTESIAN_POINT('',(4.04,-6.096,0.));
#15959=CARTESIAN_POINT('Origin',(4.04,-6.096,0.));
#15960=CARTESIAN_POINT('',(4.04,-6.35,0.254));
#15961=CARTESIAN_POINT('Origin',(4.04,-6.35,0.254));
#15962=CARTESIAN_POINT('',(4.04,-6.604,0.));
#15963=CARTESIAN_POINT('Origin',(4.04,-6.604,0.));
#15964=CARTESIAN_POINT('',(4.04,-8.636,0.));
#15965=CARTESIAN_POINT('Origin',(4.04,-8.636,0.));
#15966=CARTESIAN_POINT('',(4.04,-8.89,0.254));
#15967=CARTESIAN_POINT('Origin',(4.04,-8.89,0.254));
#15968=CARTESIAN_POINT('',(4.04,-9.144,0.));
#15969=CARTESIAN_POINT('Origin',(4.04,-9.144,0.));
#15970=CARTESIAN_POINT('',(4.04,-11.176,0.));
#15971=CARTESIAN_POINT('Origin',(4.04,-11.176,0.));
#15972=CARTESIAN_POINT('',(4.04,-11.43,0.254));
#15973=CARTESIAN_POINT('Origin',(4.04,-11.43,0.254));
#15974=CARTESIAN_POINT('',(4.04,-11.684,0.));
#15975=CARTESIAN_POINT('Origin',(4.04,-11.684,0.));
#15976=CARTESIAN_POINT('',(4.04,-13.716,0.));
#15977=CARTESIAN_POINT('Origin',(4.04,-13.716,0.));
#15978=CARTESIAN_POINT('',(4.04,-13.97,0.254));
#15979=CARTESIAN_POINT('Origin',(4.04,-13.97,0.254));
#15980=CARTESIAN_POINT('',(4.04,-14.224,0.));
#15981=CARTESIAN_POINT('Origin',(4.04,-14.224,0.));
#15982=CARTESIAN_POINT('',(4.04,-16.256,0.));
#15983=CARTESIAN_POINT('Origin',(4.04,-16.256,0.));
#15984=CARTESIAN_POINT('',(4.04,-16.51,0.254));
#15985=CARTESIAN_POINT('Origin',(4.04,-16.51,0.254));
#15986=CARTESIAN_POINT('Origin',(-0.32,-12.38,4.13));
#15987=CARTESIAN_POINT('',(0.32,-12.38,4.13));
#15988=CARTESIAN_POINT('',(-0.32,-12.38,4.13));
#15989=CARTESIAN_POINT('',(0.32,-13.02,4.13));
#15990=CARTESIAN_POINT('',(0.32,-12.38,4.13));
#15991=CARTESIAN_POINT('',(-0.32,-13.02,4.13));
#15992=CARTESIAN_POINT('Origin',(4.143794308537,-12.38,2.551205691463));
#15993=CARTESIAN_POINT('',(-0.32,-12.38,3.49));
#15994=CARTESIAN_POINT('Origin',(0.32,-12.38,3.49));
#15995=CARTESIAN_POINT('',(0.32,-12.38,3.49));
#15996=CARTESIAN_POINT('',(12.58,-12.38,3.49));
#15997=CARTESIAN_POINT('',(0.32,-12.38,-2.84));
#15998=CARTESIAN_POINT('',(0.32,-12.38,3.49));
#15999=CARTESIAN_POINT('',(-0.32,-12.38,-2.84));
#16000=CARTESIAN_POINT('',(0.32,-12.38,-2.84));
#16001=CARTESIAN_POINT('',(-0.32,-12.38,-3.));
#16002=CARTESIAN_POINT('Origin',(12.58,-12.38,3.49));
#16003=CARTESIAN_POINT('',(0.32,-13.02,3.49));
#16004=CARTESIAN_POINT('',(12.58,-13.02,3.49));
#16005=CARTESIAN_POINT('',(0.32,-12.38,3.49));
#16006=CARTESIAN_POINT('Origin',(4.143794308537,-13.02,2.551205691463));
#16007=CARTESIAN_POINT('',(-0.32,-13.02,3.49));
#16008=CARTESIAN_POINT('Origin',(0.32,-13.02,3.49));
#16009=CARTESIAN_POINT('',(-0.32,-13.02,-2.84));
#16010=CARTESIAN_POINT('',(-0.32,-13.02,-3.));
#16011=CARTESIAN_POINT('',(0.32,-13.02,-2.84));
#16012=CARTESIAN_POINT('',(0.32,-13.02,-2.84));
#16013=CARTESIAN_POINT('',(0.32,-13.02,3.49));
#16014=CARTESIAN_POINT('Origin',(12.58,-9.84,3.49));
#16015=CARTESIAN_POINT('',(0.32,-9.84,3.49));
#16016=CARTESIAN_POINT('',(12.58,-9.84,3.49));
#16017=CARTESIAN_POINT('',(0.32,-10.48,3.49));
#16018=CARTESIAN_POINT('',(12.58,-10.48,3.49));
#16019=CARTESIAN_POINT('',(0.32,-9.84,3.49));
#16020=CARTESIAN_POINT('Origin',(4.143794308537,-10.48,2.551205691463));
#16021=CARTESIAN_POINT('',(-0.32,-10.48,3.49));
#16022=CARTESIAN_POINT('',(0.32,-10.48,4.13));
#16023=CARTESIAN_POINT('Origin',(0.32,-10.48,3.49));
#16024=CARTESIAN_POINT('',(-0.32,-10.48,-2.84));
#16025=CARTESIAN_POINT('',(-0.32,-10.48,-3.));
#16026=CARTESIAN_POINT('',(0.32,-10.48,-2.84));
#16027=CARTESIAN_POINT('',(0.32,-10.48,-2.84));
#16028=CARTESIAN_POINT('',(0.32,-10.48,3.49));
#16029=CARTESIAN_POINT('',(-0.32,-10.48,4.13));
#16030=CARTESIAN_POINT('Origin',(-0.32,-9.84,4.13));
#16031=CARTESIAN_POINT('',(0.32,-9.84,4.13));
#16032=CARTESIAN_POINT('',(-0.32,-9.84,4.13));
#16033=CARTESIAN_POINT('',(0.32,-9.84,4.13));
#16034=CARTESIAN_POINT('Origin',(4.143794308537,-9.84,2.551205691463));
#16035=CARTESIAN_POINT('',(-0.32,-9.84,3.49));
#16036=CARTESIAN_POINT('Origin',(0.32,-9.84,3.49));
#16037=CARTESIAN_POINT('',(0.32,-9.84,-2.84));
#16038=CARTESIAN_POINT('',(0.32,-9.84,3.49));
#16039=CARTESIAN_POINT('',(-0.32,-9.84,-2.84));
#16040=CARTESIAN_POINT('',(0.32,-9.84,-2.84));
#16041=CARTESIAN_POINT('',(-0.32,-9.84,-3.));
#16042=CARTESIAN_POINT('Origin',(12.58,-4.76,3.49));
#16043=CARTESIAN_POINT('',(0.32,-4.76,3.49));
#16044=CARTESIAN_POINT('',(12.58,-4.76,3.49));
#16045=CARTESIAN_POINT('',(0.32,-5.4,3.49));
#16046=CARTESIAN_POINT('',(12.58,-5.4,3.49));
#16047=CARTESIAN_POINT('',(0.32,-4.76,3.49));
#16048=CARTESIAN_POINT('Origin',(4.143794308537,-5.4,2.551205691463));
#16049=CARTESIAN_POINT('',(-0.32,-5.4,3.49));
#16050=CARTESIAN_POINT('',(0.32,-5.4,4.13));
#16051=CARTESIAN_POINT('Origin',(0.32,-5.4,3.49));
#16052=CARTESIAN_POINT('',(-0.32,-5.4,-2.84));
#16053=CARTESIAN_POINT('',(-0.32,-5.4,-3.));
#16054=CARTESIAN_POINT('',(0.32,-5.4,-2.84));
#16055=CARTESIAN_POINT('',(0.32,-5.4,-2.84));
#16056=CARTESIAN_POINT('',(0.32,-5.4,3.49));
#16057=CARTESIAN_POINT('',(-0.32,-5.4,4.13));
#16058=CARTESIAN_POINT('Origin',(-0.32,-4.76,4.13));
#16059=CARTESIAN_POINT('',(0.32,-4.76,4.13));
#16060=CARTESIAN_POINT('',(-0.32,-4.76,4.13));
#16061=CARTESIAN_POINT('',(0.32,-4.76,4.13));
#16062=CARTESIAN_POINT('Origin',(4.143794308537,-4.76,2.551205691463));
#16063=CARTESIAN_POINT('',(-0.32,-4.76,3.49));
#16064=CARTESIAN_POINT('Origin',(0.32,-4.76,3.49));
#16065=CARTESIAN_POINT('',(0.32,-4.76,-2.84));
#16066=CARTESIAN_POINT('',(0.32,-4.76,3.49));
#16067=CARTESIAN_POINT('',(-0.32,-4.76,-2.84));
#16068=CARTESIAN_POINT('',(0.32,-4.76,-2.84));
#16069=CARTESIAN_POINT('',(-0.32,-4.76,-3.));
#16070=CARTESIAN_POINT('Origin',(4.143794308537,-7.3,2.551205691463));
#16071=CARTESIAN_POINT('',(-0.32,-7.3,3.49));
#16072=CARTESIAN_POINT('',(0.32,-7.3,4.13));
#16073=CARTESIAN_POINT('Origin',(0.32,-7.3,3.49));
#16074=CARTESIAN_POINT('',(-0.32,-7.3,4.13));
#16075=CARTESIAN_POINT('',(0.32,-7.3,3.49));
#16076=CARTESIAN_POINT('',(12.58,-7.3,3.49));
#16077=CARTESIAN_POINT('',(0.32,-7.3,-2.84));
#16078=CARTESIAN_POINT('',(0.32,-7.3,3.49));
#16079=CARTESIAN_POINT('',(-0.32,-7.3,-2.84));
#16080=CARTESIAN_POINT('',(0.32,-7.3,-2.84));
#16081=CARTESIAN_POINT('',(-0.32,-7.3,-3.));
#16082=CARTESIAN_POINT('Origin',(12.58,-7.3,3.49));
#16083=CARTESIAN_POINT('',(0.32,-7.94,3.49));
#16084=CARTESIAN_POINT('',(12.58,-7.94,3.49));
#16085=CARTESIAN_POINT('',(0.32,-7.3,3.49));
#16086=CARTESIAN_POINT('Origin',(4.143794308537,-7.94,2.551205691463));
#16087=CARTESIAN_POINT('',(-0.32,-7.94,3.49));
#16088=CARTESIAN_POINT('',(0.32,-7.94,4.13));
#16089=CARTESIAN_POINT('Origin',(0.32,-7.94,3.49));
#16090=CARTESIAN_POINT('',(-0.32,-7.94,-2.84));
#16091=CARTESIAN_POINT('',(-0.32,-7.94,-3.));
#16092=CARTESIAN_POINT('',(0.32,-7.94,-2.84));
#16093=CARTESIAN_POINT('',(0.32,-7.94,-2.84));
#16094=CARTESIAN_POINT('',(0.32,-7.94,3.49));
#16095=CARTESIAN_POINT('',(-0.32,-7.94,4.13));
#16096=CARTESIAN_POINT('Origin',(-0.32,-7.3,4.13));
#16097=CARTESIAN_POINT('',(0.32,-7.3,4.13));
#16098=CARTESIAN_POINT('Origin',(12.58,-4.76,0.95));
#16099=CARTESIAN_POINT('',(2.86,-4.76,0.95));
#16100=CARTESIAN_POINT('',(12.58,-4.76,0.95));
#16101=CARTESIAN_POINT('',(2.86,-5.4,0.95));
#16102=CARTESIAN_POINT('',(12.58,-5.4,0.95));
#16103=CARTESIAN_POINT('',(2.86,-4.76,0.95));
#16104=CARTESIAN_POINT('Origin',(6.115919732441,-5.4,0.579080267559));
#16105=CARTESIAN_POINT('',(2.22,-5.4,0.95));
#16106=CARTESIAN_POINT('',(2.86,-5.4,1.59));
#16107=CARTESIAN_POINT('Origin',(2.86,-5.4,0.95));
#16108=CARTESIAN_POINT('',(2.22,-5.4,-2.84));
#16109=CARTESIAN_POINT('',(2.22,-5.4,-3.));
#16110=CARTESIAN_POINT('',(2.86,-5.4,-2.84));
#16111=CARTESIAN_POINT('',(2.86,-5.4,-2.84));
#16112=CARTESIAN_POINT('',(2.86,-5.4,0.95));
#16113=CARTESIAN_POINT('',(2.22,-5.4,1.59));
#16114=CARTESIAN_POINT('Origin',(2.22,-4.76,1.59));
#16115=CARTESIAN_POINT('',(2.86,-4.76,1.59));
#16116=CARTESIAN_POINT('',(2.22,-4.76,1.59));
#16117=CARTESIAN_POINT('',(2.86,-4.76,1.59));
#16118=CARTESIAN_POINT('Origin',(6.115919732441,-4.76,0.579080267559));
#16119=CARTESIAN_POINT('',(2.22,-4.76,0.95));
#16120=CARTESIAN_POINT('Origin',(2.86,-4.76,0.95));
#16121=CARTESIAN_POINT('',(2.86,-4.76,-2.84));
#16122=CARTESIAN_POINT('',(2.86,-4.76,0.95));
#16123=CARTESIAN_POINT('',(2.22,-4.76,-2.84));
#16124=CARTESIAN_POINT('',(2.86,-4.76,-2.84));
#16125=CARTESIAN_POINT('',(2.22,-4.76,-3.));
#16126=CARTESIAN_POINT('Origin',(2.22,-7.3,1.59));
#16127=CARTESIAN_POINT('',(2.86,-7.3,1.59));
#16128=CARTESIAN_POINT('',(2.22,-7.3,1.59));
#16129=CARTESIAN_POINT('',(2.86,-7.94,1.59));
#16130=CARTESIAN_POINT('',(2.86,-7.3,1.59));
#16131=CARTESIAN_POINT('',(2.22,-7.94,1.59));
#16132=CARTESIAN_POINT('Origin',(6.115919732441,-7.3,0.579080267559));
#16133=CARTESIAN_POINT('',(2.22,-7.3,0.95));
#16134=CARTESIAN_POINT('Origin',(2.86,-7.3,0.95));
#16135=CARTESIAN_POINT('',(2.86,-7.3,0.95));
#16136=CARTESIAN_POINT('',(12.58,-7.3,0.95));
#16137=CARTESIAN_POINT('',(2.86,-7.3,-2.84));
#16138=CARTESIAN_POINT('',(2.86,-7.3,0.95));
#16139=CARTESIAN_POINT('',(2.22,-7.3,-2.84));
#16140=CARTESIAN_POINT('',(2.86,-7.3,-2.84));
#16141=CARTESIAN_POINT('',(2.22,-7.3,-3.));
#16142=CARTESIAN_POINT('Origin',(12.58,-7.3,0.95));
#16143=CARTESIAN_POINT('',(2.86,-7.94,0.95));
#16144=CARTESIAN_POINT('',(12.58,-7.94,0.95));
#16145=CARTESIAN_POINT('',(2.86,-7.3,0.95));
#16146=CARTESIAN_POINT('Origin',(6.115919732441,-7.94,0.579080267559));
#16147=CARTESIAN_POINT('',(2.22,-7.94,0.95));
#16148=CARTESIAN_POINT('Origin',(2.86,-7.94,0.95));
#16149=CARTESIAN_POINT('',(2.22,-7.94,-2.84));
#16150=CARTESIAN_POINT('',(2.22,-7.94,-3.));
#16151=CARTESIAN_POINT('',(2.86,-7.94,-2.84));
#16152=CARTESIAN_POINT('',(2.86,-7.94,-2.84));
#16153=CARTESIAN_POINT('',(2.86,-7.94,0.95));
#16154=CARTESIAN_POINT('Origin',(2.22,-9.84,1.59));
#16155=CARTESIAN_POINT('',(2.86,-9.84,1.59));
#16156=CARTESIAN_POINT('',(2.22,-9.84,1.59));
#16157=CARTESIAN_POINT('',(2.86,-10.48,1.59));
#16158=CARTESIAN_POINT('',(2.86,-9.84,1.59));
#16159=CARTESIAN_POINT('',(2.22,-10.48,1.59));
#16160=CARTESIAN_POINT('Origin',(6.115919732441,-9.84,0.579080267559));
#16161=CARTESIAN_POINT('',(2.22,-9.84,0.95));
#16162=CARTESIAN_POINT('Origin',(2.86,-9.84,0.95));
#16163=CARTESIAN_POINT('',(2.86,-9.84,0.95));
#16164=CARTESIAN_POINT('',(12.58,-9.84,0.95));
#16165=CARTESIAN_POINT('',(2.86,-9.84,-2.84));
#16166=CARTESIAN_POINT('',(2.86,-9.84,0.95));
#16167=CARTESIAN_POINT('',(2.22,-9.84,-2.84));
#16168=CARTESIAN_POINT('',(2.86,-9.84,-2.84));
#16169=CARTESIAN_POINT('',(2.22,-9.84,-3.));
#16170=CARTESIAN_POINT('Origin',(12.58,-9.84,0.95));
#16171=CARTESIAN_POINT('',(2.86,-10.48,0.95));
#16172=CARTESIAN_POINT('',(12.58,-10.48,0.95));
#16173=CARTESIAN_POINT('',(2.86,-9.84,0.95));
#16174=CARTESIAN_POINT('Origin',(6.115919732441,-10.48,0.579080267559));
#16175=CARTESIAN_POINT('',(2.22,-10.48,0.95));
#16176=CARTESIAN_POINT('Origin',(2.86,-10.48,0.95));
#16177=CARTESIAN_POINT('',(2.22,-10.48,-2.84));
#16178=CARTESIAN_POINT('',(2.22,-10.48,-3.));
#16179=CARTESIAN_POINT('',(2.86,-10.48,-2.84));
#16180=CARTESIAN_POINT('',(2.86,-10.48,-2.84));
#16181=CARTESIAN_POINT('',(2.86,-10.48,0.95));
#16182=CARTESIAN_POINT('Origin',(12.58,-12.38,0.95));
#16183=CARTESIAN_POINT('',(2.86,-12.38,0.95));
#16184=CARTESIAN_POINT('',(12.58,-12.38,0.95));
#16185=CARTESIAN_POINT('',(2.86,-13.02,0.95));
#16186=CARTESIAN_POINT('',(12.58,-13.02,0.95));
#16187=CARTESIAN_POINT('',(2.86,-12.38,0.95));
#16188=CARTESIAN_POINT('Origin',(6.115919732441,-13.02,0.579080267559));
#16189=CARTESIAN_POINT('',(2.22,-13.02,0.95));
#16190=CARTESIAN_POINT('',(2.86,-13.02,1.59));
#16191=CARTESIAN_POINT('Origin',(2.86,-13.02,0.95));
#16192=CARTESIAN_POINT('',(2.22,-13.02,-2.84));
#16193=CARTESIAN_POINT('',(2.22,-13.02,-3.));
#16194=CARTESIAN_POINT('',(2.86,-13.02,-2.84));
#16195=CARTESIAN_POINT('',(2.86,-13.02,-2.84));
#16196=CARTESIAN_POINT('',(2.86,-13.02,0.95));
#16197=CARTESIAN_POINT('',(2.22,-13.02,1.59));
#16198=CARTESIAN_POINT('Origin',(2.22,-12.38,1.59));
#16199=CARTESIAN_POINT('',(2.86,-12.38,1.59));
#16200=CARTESIAN_POINT('',(2.22,-12.38,1.59));
#16201=CARTESIAN_POINT('',(2.86,-12.38,1.59));
#16202=CARTESIAN_POINT('Origin',(6.115919732441,-12.38,0.579080267559));
#16203=CARTESIAN_POINT('',(2.22,-12.38,0.95));
#16204=CARTESIAN_POINT('Origin',(2.86,-12.38,0.95));
#16205=CARTESIAN_POINT('',(2.86,-12.38,-2.84));
#16206=CARTESIAN_POINT('',(2.86,-12.38,0.95));
#16207=CARTESIAN_POINT('',(2.22,-12.38,-2.84));
#16208=CARTESIAN_POINT('',(2.86,-12.38,-2.84));
#16209=CARTESIAN_POINT('',(2.22,-12.38,-3.));
#16210=CARTESIAN_POINT('Origin',(12.58,-14.92,0.95));
#16211=CARTESIAN_POINT('',(2.86,-14.92,0.95));
#16212=CARTESIAN_POINT('',(12.58,-14.92,0.95));
#16213=CARTESIAN_POINT('',(2.86,-15.56,0.95));
#16214=CARTESIAN_POINT('',(12.58,-15.56,0.95));
#16215=CARTESIAN_POINT('',(2.86,-14.92,0.95));
#16216=CARTESIAN_POINT('Origin',(6.115919732441,-15.56,0.579080267559));
#16217=CARTESIAN_POINT('',(2.22,-15.56,0.95));
#16218=CARTESIAN_POINT('',(2.86,-15.56,1.59));
#16219=CARTESIAN_POINT('Origin',(2.86,-15.56,0.95));
#16220=CARTESIAN_POINT('',(2.22,-15.56,-2.84));
#16221=CARTESIAN_POINT('',(2.22,-15.56,-3.));
#16222=CARTESIAN_POINT('',(2.86,-15.56,-2.84));
#16223=CARTESIAN_POINT('',(2.86,-15.56,-2.84));
#16224=CARTESIAN_POINT('',(2.86,-15.56,0.95));
#16225=CARTESIAN_POINT('',(2.22,-15.56,1.59));
#16226=CARTESIAN_POINT('Origin',(2.22,-14.92,1.59));
#16227=CARTESIAN_POINT('',(2.86,-14.92,1.59));
#16228=CARTESIAN_POINT('',(2.22,-14.92,1.59));
#16229=CARTESIAN_POINT('',(2.86,-14.92,1.59));
#16230=CARTESIAN_POINT('Origin',(6.115919732441,-14.92,0.579080267559));
#16231=CARTESIAN_POINT('',(2.22,-14.92,0.95));
#16232=CARTESIAN_POINT('Origin',(2.86,-14.92,0.95));
#16233=CARTESIAN_POINT('',(2.86,-14.92,-2.84));
#16234=CARTESIAN_POINT('',(2.86,-14.92,0.95));
#16235=CARTESIAN_POINT('',(2.22,-14.92,-2.84));
#16236=CARTESIAN_POINT('',(2.86,-14.92,-2.84));
#16237=CARTESIAN_POINT('',(2.22,-14.92,-3.));
#16238=CARTESIAN_POINT('Origin',(-0.32,-14.92,4.13));
#16239=CARTESIAN_POINT('',(0.32,-14.92,4.13));
#16240=CARTESIAN_POINT('',(-0.32,-14.92,4.13));
#16241=CARTESIAN_POINT('',(0.32,-15.56,4.13));
#16242=CARTESIAN_POINT('',(0.32,-14.92,4.13));
#16243=CARTESIAN_POINT('',(-0.32,-15.56,4.13));
#16244=CARTESIAN_POINT('Origin',(4.143794308537,-14.92,2.551205691463));
#16245=CARTESIAN_POINT('',(-0.32,-14.92,3.49));
#16246=CARTESIAN_POINT('Origin',(0.32,-14.92,3.49));
#16247=CARTESIAN_POINT('',(0.32,-14.92,3.49));
#16248=CARTESIAN_POINT('',(12.58,-14.92,3.49));
#16249=CARTESIAN_POINT('',(0.32,-14.92,-2.84));
#16250=CARTESIAN_POINT('',(0.32,-14.92,3.49));
#16251=CARTESIAN_POINT('',(-0.32,-14.92,-2.84));
#16252=CARTESIAN_POINT('',(0.32,-14.92,-2.84));
#16253=CARTESIAN_POINT('',(-0.32,-14.92,-3.));
#16254=CARTESIAN_POINT('Origin',(12.58,-14.92,3.49));
#16255=CARTESIAN_POINT('',(0.32,-15.56,3.49));
#16256=CARTESIAN_POINT('',(12.58,-15.56,3.49));
#16257=CARTESIAN_POINT('',(0.32,-14.92,3.49));
#16258=CARTESIAN_POINT('Origin',(4.143794308537,-15.56,2.551205691463));
#16259=CARTESIAN_POINT('',(-0.32,-15.56,3.49));
#16260=CARTESIAN_POINT('Origin',(0.32,-15.56,3.49));
#16261=CARTESIAN_POINT('',(-0.32,-15.56,-2.84));
#16262=CARTESIAN_POINT('',(-0.32,-15.56,-3.));
#16263=CARTESIAN_POINT('',(0.32,-15.56,-2.84));
#16264=CARTESIAN_POINT('',(0.32,-15.56,-2.84));
#16265=CARTESIAN_POINT('',(0.32,-15.56,3.49));
#16266=CARTESIAN_POINT('Origin',(4.143794308537,-2.22,2.551205691463));
#16267=CARTESIAN_POINT('',(-0.32,-2.22,3.49));
#16268=CARTESIAN_POINT('',(0.32,-2.22,4.13));
#16269=CARTESIAN_POINT('Origin',(0.32,-2.22,3.49));
#16270=CARTESIAN_POINT('',(-0.32,-2.22,4.13));
#16271=CARTESIAN_POINT('',(0.32,-2.22,3.49));
#16272=CARTESIAN_POINT('',(12.58,-2.22,3.49));
#16273=CARTESIAN_POINT('',(0.32,-2.22,-2.84));
#16274=CARTESIAN_POINT('',(0.32,-2.22,3.49));
#16275=CARTESIAN_POINT('',(-0.32,-2.22,-2.84));
#16276=CARTESIAN_POINT('',(0.32,-2.22,-2.84));
#16277=CARTESIAN_POINT('',(-0.32,-2.22,-3.));
#16278=CARTESIAN_POINT('Origin',(12.58,-2.22,3.49));
#16279=CARTESIAN_POINT('',(0.32,-2.86,3.49));
#16280=CARTESIAN_POINT('',(12.58,-2.86,3.49));
#16281=CARTESIAN_POINT('',(0.32,-2.22,3.49));
#16282=CARTESIAN_POINT('Origin',(4.143794308537,-2.86,2.551205691463));
#16283=CARTESIAN_POINT('',(-0.32,-2.86,3.49));
#16284=CARTESIAN_POINT('',(0.32,-2.86,4.13));
#16285=CARTESIAN_POINT('Origin',(0.32,-2.86,3.49));
#16286=CARTESIAN_POINT('',(-0.32,-2.86,-2.84));
#16287=CARTESIAN_POINT('',(-0.32,-2.86,-3.));
#16288=CARTESIAN_POINT('',(0.32,-2.86,-2.84));
#16289=CARTESIAN_POINT('',(0.32,-2.86,-2.84));
#16290=CARTESIAN_POINT('',(0.32,-2.86,3.49));
#16291=CARTESIAN_POINT('',(-0.32,-2.86,4.13));
#16292=CARTESIAN_POINT('Origin',(-0.32,-2.22,4.13));
#16293=CARTESIAN_POINT('',(0.32,-2.22,4.13));
#16294=CARTESIAN_POINT('Origin',(2.22,-2.22,1.59));
#16295=CARTESIAN_POINT('',(2.86,-2.22,1.59));
#16296=CARTESIAN_POINT('',(2.22,-2.22,1.59));
#16297=CARTESIAN_POINT('',(2.86,-2.86,1.59));
#16298=CARTESIAN_POINT('',(2.86,-2.22,1.59));
#16299=CARTESIAN_POINT('',(2.22,-2.86,1.59));
#16300=CARTESIAN_POINT('Origin',(6.115919732441,-2.22,0.579080267559));
#16301=CARTESIAN_POINT('',(2.22,-2.22,0.95));
#16302=CARTESIAN_POINT('Origin',(2.86,-2.22,0.95));
#16303=CARTESIAN_POINT('',(2.86,-2.22,0.95));
#16304=CARTESIAN_POINT('',(12.58,-2.22,0.95));
#16305=CARTESIAN_POINT('',(2.86,-2.22,-2.84));
#16306=CARTESIAN_POINT('',(2.86,-2.22,0.95));
#16307=CARTESIAN_POINT('',(2.22,-2.22,-2.84));
#16308=CARTESIAN_POINT('',(2.86,-2.22,-2.84));
#16309=CARTESIAN_POINT('',(2.22,-2.22,-3.));
#16310=CARTESIAN_POINT('Origin',(12.58,-2.22,0.95));
#16311=CARTESIAN_POINT('',(2.86,-2.86,0.95));
#16312=CARTESIAN_POINT('',(12.58,-2.86,0.95));
#16313=CARTESIAN_POINT('',(2.86,-2.22,0.95));
#16314=CARTESIAN_POINT('Origin',(6.115919732441,-2.86,0.579080267559));
#16315=CARTESIAN_POINT('',(2.22,-2.86,0.95));
#16316=CARTESIAN_POINT('Origin',(2.86,-2.86,0.95));
#16317=CARTESIAN_POINT('',(2.22,-2.86,-2.84));
#16318=CARTESIAN_POINT('',(2.22,-2.86,-3.));
#16319=CARTESIAN_POINT('',(2.86,-2.86,-2.84));
#16320=CARTESIAN_POINT('',(2.86,-2.86,-2.84));
#16321=CARTESIAN_POINT('',(2.86,-2.86,0.95));
#16322=CARTESIAN_POINT('Origin',(4.143794308537,0.32,2.551205691463));
#16323=CARTESIAN_POINT('',(-0.32,0.32,3.49));
#16324=CARTESIAN_POINT('',(0.32,0.32,4.13));
#16325=CARTESIAN_POINT('Origin',(0.32,0.32,3.49));
#16326=CARTESIAN_POINT('',(-0.32,0.32,4.13));
#16327=CARTESIAN_POINT('',(0.32,0.32,3.49));
#16328=CARTESIAN_POINT('',(12.58,0.32,3.49));
#16329=CARTESIAN_POINT('',(0.32,0.32,-2.84));
#16330=CARTESIAN_POINT('',(0.32,0.32,3.49));
#16331=CARTESIAN_POINT('',(-0.32,0.32,-2.84));
#16332=CARTESIAN_POINT('',(0.32,0.32,-2.84));
#16333=CARTESIAN_POINT('',(-0.32,0.32,-3.));
#16334=CARTESIAN_POINT('Origin',(12.58,0.32,3.49));
#16335=CARTESIAN_POINT('',(0.32,-0.32,3.49));
#16336=CARTESIAN_POINT('',(12.58,-0.32,3.49));
#16337=CARTESIAN_POINT('',(0.32,0.32,3.49));
#16338=CARTESIAN_POINT('Origin',(4.143794308537,-0.32,2.551205691463));
#16339=CARTESIAN_POINT('',(-0.32,-0.32,3.49));
#16340=CARTESIAN_POINT('',(0.32,-0.32,4.13));
#16341=CARTESIAN_POINT('Origin',(0.32,-0.32,3.49));
#16342=CARTESIAN_POINT('',(-0.32,-0.32,-2.84));
#16343=CARTESIAN_POINT('',(-0.32,-0.32,-3.));
#16344=CARTESIAN_POINT('',(0.32,-0.32,-2.84));
#16345=CARTESIAN_POINT('',(0.32,-0.32,-2.84));
#16346=CARTESIAN_POINT('',(0.32,-0.32,3.49));
#16347=CARTESIAN_POINT('',(-0.32,-0.32,4.13));
#16348=CARTESIAN_POINT('Origin',(-0.32,0.32,4.13));
#16349=CARTESIAN_POINT('',(0.32,0.32,4.13));
#16350=CARTESIAN_POINT('Origin',(6.115919732441,0.32,0.579080267559));
#16351=CARTESIAN_POINT('',(2.22,0.32,0.95));
#16352=CARTESIAN_POINT('',(2.86,0.32,1.59));
#16353=CARTESIAN_POINT('Origin',(2.86,0.32,0.95));
#16354=CARTESIAN_POINT('',(2.22,0.32,1.59));
#16355=CARTESIAN_POINT('',(2.86,0.32,0.95));
#16356=CARTESIAN_POINT('',(12.58,0.32,0.95));
#16357=CARTESIAN_POINT('',(2.86,0.32,-2.84));
#16358=CARTESIAN_POINT('',(2.86,0.32,0.95));
#16359=CARTESIAN_POINT('',(2.22,0.32,-2.84));
#16360=CARTESIAN_POINT('',(2.86,0.32,-2.84));
#16361=CARTESIAN_POINT('',(2.22,0.32,-3.));
#16362=CARTESIAN_POINT('Origin',(12.58,0.32,0.95));
#16363=CARTESIAN_POINT('',(2.86,-0.32,0.95));
#16364=CARTESIAN_POINT('',(12.58,-0.32,0.95));
#16365=CARTESIAN_POINT('',(2.86,0.32,0.95));
#16366=CARTESIAN_POINT('Origin',(6.115919732441,-0.32,0.579080267559));
#16367=CARTESIAN_POINT('',(2.22,-0.32,0.95));
#16368=CARTESIAN_POINT('',(2.86,-0.32,1.59));
#16369=CARTESIAN_POINT('Origin',(2.86,-0.32,0.95));
#16370=CARTESIAN_POINT('',(2.22,-0.32,-2.84));
#16371=CARTESIAN_POINT('',(2.22,-0.32,-3.));
#16372=CARTESIAN_POINT('',(2.86,-0.32,-2.84));
#16373=CARTESIAN_POINT('',(2.86,-0.32,-2.84));
#16374=CARTESIAN_POINT('',(2.86,-0.32,0.95));
#16375=CARTESIAN_POINT('',(2.22,-0.32,1.59));
#16376=CARTESIAN_POINT('Origin',(2.22,0.32,1.59));
#16377=CARTESIAN_POINT('',(2.86,0.32,1.59));
#16378=CARTESIAN_POINT('Origin',(0.32,-12.38,3.49));
#16379=CARTESIAN_POINT('',(-0.32,-12.38,3.49));
#16380=CARTESIAN_POINT('Origin',(-0.32,-12.38,-3.));
#16381=CARTESIAN_POINT('',(-0.32,-12.38,-2.84));
#16382=CARTESIAN_POINT('Origin',(0.32,-12.46,-2.92));
#16383=CARTESIAN_POINT('',(0.16,-12.54,-3.));
#16384=CARTESIAN_POINT('',(0.266666666667,-12.43333333333,-2.893333333333));
#16385=CARTESIAN_POINT('',(-0.16,-12.54,-3.));
#16386=CARTESIAN_POINT('',(0.32,-12.54,-3.));
#16387=CARTESIAN_POINT('',(-0.16,-12.54,-3.));
#16388=CARTESIAN_POINT('Origin',(0.32,-12.38,3.49));
#16389=CARTESIAN_POINT('',(0.32,-12.38,-2.84));
#16390=CARTESIAN_POINT('Origin',(0.32,-12.94,-2.92));
#16391=CARTESIAN_POINT('',(0.16,-12.86,-3.));
#16392=CARTESIAN_POINT('',(0.16,-12.86,-3.));
#16393=CARTESIAN_POINT('',(-0.16,-12.86,-3.));
#16394=CARTESIAN_POINT('',(-0.05333333333333,-12.75333333333,-3.106666666667));
#16395=CARTESIAN_POINT('',(0.32,-12.86,-3.));
#16396=CARTESIAN_POINT('Origin',(0.32,-9.84,3.49));
#16397=CARTESIAN_POINT('',(0.32,-9.84,-2.84));
#16398=CARTESIAN_POINT('Origin',(0.32,-9.84,3.49));
#16399=CARTESIAN_POINT('',(-0.32,-9.84,3.49));
#16400=CARTESIAN_POINT('Origin',(-0.32,-9.84,-3.));
#16401=CARTESIAN_POINT('',(-0.32,-9.84,-2.84));
#16402=CARTESIAN_POINT('Origin',(0.32,-10.4,-2.92));
#16403=CARTESIAN_POINT('',(0.16,-10.32,-3.));
#16404=CARTESIAN_POINT('',(0.16,-10.32,-3.));
#16405=CARTESIAN_POINT('',(-0.16,-10.32,-3.));
#16406=CARTESIAN_POINT('',(-0.05333333333333,-10.21333333333,-3.106666666667));
#16407=CARTESIAN_POINT('',(0.32,-10.32,-3.));
#16408=CARTESIAN_POINT('Origin',(0.32,-9.92,-2.92));
#16409=CARTESIAN_POINT('',(0.16,-10.,-3.));
#16410=CARTESIAN_POINT('',(0.266666666667,-9.893333333333,-2.893333333333));
#16411=CARTESIAN_POINT('',(-0.16,-10.,-3.));
#16412=CARTESIAN_POINT('',(0.32,-10.,-3.));
#16413=CARTESIAN_POINT('',(-0.16,-10.,-3.));
#16414=CARTESIAN_POINT('Origin',(0.32,-4.76,3.49));
#16415=CARTESIAN_POINT('',(0.32,-4.76,-2.84));
#16416=CARTESIAN_POINT('Origin',(0.32,-4.76,3.49));
#16417=CARTESIAN_POINT('',(-0.32,-4.76,3.49));
#16418=CARTESIAN_POINT('Origin',(-0.32,-4.76,-3.));
#16419=CARTESIAN_POINT('',(-0.32,-4.76,-2.84));
#16420=CARTESIAN_POINT('Origin',(0.32,-5.32,-2.92));
#16421=CARTESIAN_POINT('',(0.16,-5.24,-3.));
#16422=CARTESIAN_POINT('',(0.16,-5.24,-3.));
#16423=CARTESIAN_POINT('',(-0.16,-5.24,-3.));
#16424=CARTESIAN_POINT('',(-0.05333333333333,-5.133333333333,-3.106666666667));
#16425=CARTESIAN_POINT('',(0.32,-5.24,-3.));
#16426=CARTESIAN_POINT('Origin',(0.32,-4.84,-2.92));
#16427=CARTESIAN_POINT('',(0.16,-4.92,-3.));
#16428=CARTESIAN_POINT('',(0.266666666667,-4.813333333333,-2.893333333333));
#16429=CARTESIAN_POINT('',(-0.16,-4.92,-3.));
#16430=CARTESIAN_POINT('',(0.32,-4.92,-3.));
#16431=CARTESIAN_POINT('',(-0.16,-4.92,-3.));
#16432=CARTESIAN_POINT('Origin',(0.32,-7.3,3.49));
#16433=CARTESIAN_POINT('',(-0.32,-7.3,3.49));
#16434=CARTESIAN_POINT('Origin',(-0.32,-7.3,-3.));
#16435=CARTESIAN_POINT('',(-0.32,-7.3,-2.84));
#16436=CARTESIAN_POINT('Origin',(0.32,-7.38,-2.92));
#16437=CARTESIAN_POINT('',(0.16,-7.46,-3.));
#16438=CARTESIAN_POINT('',(0.266666666667,-7.353333333333,-2.893333333333));
#16439=CARTESIAN_POINT('',(-0.16,-7.46,-3.));
#16440=CARTESIAN_POINT('',(0.32,-7.46,-3.));
#16441=CARTESIAN_POINT('',(-0.16,-7.46,-3.));
#16442=CARTESIAN_POINT('Origin',(0.32,-7.3,3.49));
#16443=CARTESIAN_POINT('',(0.32,-7.3,-2.84));
#16444=CARTESIAN_POINT('Origin',(0.32,-7.86,-2.92));
#16445=CARTESIAN_POINT('',(0.16,-7.78,-3.));
#16446=CARTESIAN_POINT('',(0.16,-7.78,-3.));
#16447=CARTESIAN_POINT('',(-0.16,-7.78,-3.));
#16448=CARTESIAN_POINT('',(-0.05333333333333,-7.673333333333,-3.106666666667));
#16449=CARTESIAN_POINT('',(0.32,-7.78,-3.));
#16450=CARTESIAN_POINT('Origin',(2.86,-4.76,0.95));
#16451=CARTESIAN_POINT('',(2.86,-4.76,-2.84));
#16452=CARTESIAN_POINT('Origin',(2.86,-4.76,0.95));
#16453=CARTESIAN_POINT('',(2.22,-4.76,0.95));
#16454=CARTESIAN_POINT('Origin',(2.22,-4.76,-3.));
#16455=CARTESIAN_POINT('',(2.22,-4.76,-2.84));
#16456=CARTESIAN_POINT('Origin',(2.86,-5.32,-2.92));
#16457=CARTESIAN_POINT('',(2.7,-5.24,-3.));
#16458=CARTESIAN_POINT('',(2.7,-5.24,-3.));
#16459=CARTESIAN_POINT('',(2.38,-5.24,-3.));
#16460=CARTESIAN_POINT('',(2.486666666667,-5.133333333333,-3.106666666667));
#16461=CARTESIAN_POINT('',(2.86,-5.24,-3.));
#16462=CARTESIAN_POINT('Origin',(2.86,-4.84,-2.92));
#16463=CARTESIAN_POINT('',(2.7,-4.92,-3.));
#16464=CARTESIAN_POINT('',(2.806666666667,-4.813333333333,-2.893333333333));
#16465=CARTESIAN_POINT('',(2.38,-4.92,-3.));
#16466=CARTESIAN_POINT('',(2.86,-4.92,-3.));
#16467=CARTESIAN_POINT('',(2.38,-4.92,-3.));
#16468=CARTESIAN_POINT('Origin',(2.86,-7.3,0.95));
#16469=CARTESIAN_POINT('',(2.22,-7.3,0.95));
#16470=CARTESIAN_POINT('Origin',(2.22,-7.3,-3.));
#16471=CARTESIAN_POINT('',(2.22,-7.3,-2.84));
#16472=CARTESIAN_POINT('Origin',(2.86,-7.38,-2.92));
#16473=CARTESIAN_POINT('',(2.7,-7.46,-3.));
#16474=CARTESIAN_POINT('',(2.806666666667,-7.353333333333,-2.893333333333));
#16475=CARTESIAN_POINT('',(2.38,-7.46,-3.));
#16476=CARTESIAN_POINT('',(2.86,-7.46,-3.));
#16477=CARTESIAN_POINT('',(2.38,-7.46,-3.));
#16478=CARTESIAN_POINT('Origin',(2.86,-7.3,0.95));
#16479=CARTESIAN_POINT('',(2.86,-7.3,-2.84));
#16480=CARTESIAN_POINT('Origin',(2.86,-7.86,-2.92));
#16481=CARTESIAN_POINT('',(2.7,-7.78,-3.));
#16482=CARTESIAN_POINT('',(2.7,-7.78,-3.));
#16483=CARTESIAN_POINT('',(2.38,-7.78,-3.));
#16484=CARTESIAN_POINT('',(2.486666666667,-7.673333333333,-3.106666666667));
#16485=CARTESIAN_POINT('',(2.86,-7.78,-3.));
#16486=CARTESIAN_POINT('Origin',(2.86,-9.84,0.95));
#16487=CARTESIAN_POINT('',(2.22,-9.84,0.95));
#16488=CARTESIAN_POINT('Origin',(2.22,-9.84,-3.));
#16489=CARTESIAN_POINT('',(2.22,-9.84,-2.84));
#16490=CARTESIAN_POINT('Origin',(2.86,-9.92,-2.92));
#16491=CARTESIAN_POINT('',(2.7,-10.,-3.));
#16492=CARTESIAN_POINT('',(2.806666666667,-9.893333333333,-2.893333333333));
#16493=CARTESIAN_POINT('',(2.38,-10.,-3.));
#16494=CARTESIAN_POINT('',(2.86,-10.,-3.));
#16495=CARTESIAN_POINT('',(2.38,-10.,-3.));
#16496=CARTESIAN_POINT('Origin',(2.86,-9.84,0.95));
#16497=CARTESIAN_POINT('',(2.86,-9.84,-2.84));
#16498=CARTESIAN_POINT('Origin',(2.86,-10.4,-2.92));
#16499=CARTESIAN_POINT('',(2.7,-10.32,-3.));
#16500=CARTESIAN_POINT('',(2.7,-10.32,-3.));
#16501=CARTESIAN_POINT('',(2.38,-10.32,-3.));
#16502=CARTESIAN_POINT('',(2.486666666667,-10.21333333333,-3.106666666667));
#16503=CARTESIAN_POINT('',(2.86,-10.32,-3.));
#16504=CARTESIAN_POINT('Origin',(2.86,-12.38,0.95));
#16505=CARTESIAN_POINT('',(2.86,-12.38,-2.84));
#16506=CARTESIAN_POINT('Origin',(2.86,-12.38,0.95));
#16507=CARTESIAN_POINT('',(2.22,-12.38,0.95));
#16508=CARTESIAN_POINT('Origin',(2.22,-12.38,-3.));
#16509=CARTESIAN_POINT('',(2.22,-12.38,-2.84));
#16510=CARTESIAN_POINT('Origin',(2.86,-12.94,-2.92));
#16511=CARTESIAN_POINT('',(2.7,-12.86,-3.));
#16512=CARTESIAN_POINT('',(2.7,-12.86,-3.));
#16513=CARTESIAN_POINT('',(2.38,-12.86,-3.));
#16514=CARTESIAN_POINT('',(2.486666666667,-12.75333333333,-3.106666666667));
#16515=CARTESIAN_POINT('',(2.86,-12.86,-3.));
#16516=CARTESIAN_POINT('Origin',(2.86,-12.46,-2.92));
#16517=CARTESIAN_POINT('',(2.7,-12.54,-3.));
#16518=CARTESIAN_POINT('',(2.806666666667,-12.43333333333,-2.893333333333));
#16519=CARTESIAN_POINT('',(2.38,-12.54,-3.));
#16520=CARTESIAN_POINT('',(2.86,-12.54,-3.));
#16521=CARTESIAN_POINT('',(2.38,-12.54,-3.));
#16522=CARTESIAN_POINT('Origin',(2.86,-14.92,0.95));
#16523=CARTESIAN_POINT('',(2.86,-14.92,-2.84));
#16524=CARTESIAN_POINT('Origin',(2.86,-14.92,0.95));
#16525=CARTESIAN_POINT('',(2.22,-14.92,0.95));
#16526=CARTESIAN_POINT('Origin',(2.22,-14.92,-3.));
#16527=CARTESIAN_POINT('',(2.22,-14.92,-2.84));
#16528=CARTESIAN_POINT('Origin',(2.86,-15.48,-2.92));
#16529=CARTESIAN_POINT('',(2.7,-15.4,-3.));
#16530=CARTESIAN_POINT('',(2.7,-15.4,-3.));
#16531=CARTESIAN_POINT('',(2.38,-15.4,-3.));
#16532=CARTESIAN_POINT('',(2.486666666667,-15.29333333333,-3.106666666667));
#16533=CARTESIAN_POINT('',(2.86,-15.4,-3.));
#16534=CARTESIAN_POINT('Origin',(2.86,-15.,-2.92));
#16535=CARTESIAN_POINT('',(2.7,-15.08,-3.));
#16536=CARTESIAN_POINT('',(2.806666666667,-14.97333333333,-2.893333333333));
#16537=CARTESIAN_POINT('',(2.38,-15.08,-3.));
#16538=CARTESIAN_POINT('',(2.86,-15.08,-3.));
#16539=CARTESIAN_POINT('',(2.38,-15.08,-3.));
#16540=CARTESIAN_POINT('Origin',(0.32,-14.92,3.49));
#16541=CARTESIAN_POINT('',(-0.32,-14.92,3.49));
#16542=CARTESIAN_POINT('Origin',(-0.32,-14.92,-3.));
#16543=CARTESIAN_POINT('',(-0.32,-14.92,-2.84));
#16544=CARTESIAN_POINT('Origin',(0.32,-15.,-2.92));
#16545=CARTESIAN_POINT('',(0.16,-15.08,-3.));
#16546=CARTESIAN_POINT('',(0.266666666667,-14.97333333333,-2.893333333333));
#16547=CARTESIAN_POINT('',(-0.16,-15.08,-3.));
#16548=CARTESIAN_POINT('',(0.32,-15.08,-3.));
#16549=CARTESIAN_POINT('',(-0.16,-15.08,-3.));
#16550=CARTESIAN_POINT('Origin',(0.32,-14.92,3.49));
#16551=CARTESIAN_POINT('',(0.32,-14.92,-2.84));
#16552=CARTESIAN_POINT('Origin',(0.32,-15.48,-2.92));
#16553=CARTESIAN_POINT('',(0.16,-15.4,-3.));
#16554=CARTESIAN_POINT('',(0.16,-15.4,-3.));
#16555=CARTESIAN_POINT('',(-0.16,-15.4,-3.));
#16556=CARTESIAN_POINT('',(-0.05333333333333,-15.29333333333,-3.106666666667));
#16557=CARTESIAN_POINT('',(0.32,-15.4,-3.));
#16558=CARTESIAN_POINT('Origin',(0.32,-2.22,3.49));
#16559=CARTESIAN_POINT('',(-0.32,-2.22,3.49));
#16560=CARTESIAN_POINT('Origin',(-0.32,-2.22,-3.));
#16561=CARTESIAN_POINT('',(-0.32,-2.22,-2.84));
#16562=CARTESIAN_POINT('Origin',(0.32,-2.3,-2.92));
#16563=CARTESIAN_POINT('',(0.16,-2.38,-3.));
#16564=CARTESIAN_POINT('',(0.266666666667,-2.273333333333,-2.893333333333));
#16565=CARTESIAN_POINT('',(-0.16,-2.38,-3.));
#16566=CARTESIAN_POINT('',(0.32,-2.38,-3.));
#16567=CARTESIAN_POINT('',(-0.16,-2.38,-3.));
#16568=CARTESIAN_POINT('Origin',(0.32,-2.22,3.49));
#16569=CARTESIAN_POINT('',(0.32,-2.22,-2.84));
#16570=CARTESIAN_POINT('Origin',(0.32,-2.78,-2.92));
#16571=CARTESIAN_POINT('',(0.16,-2.7,-3.));
#16572=CARTESIAN_POINT('',(0.16,-2.7,-3.));
#16573=CARTESIAN_POINT('',(-0.16,-2.7,-3.));
#16574=CARTESIAN_POINT('',(-0.05333333333333,-2.593333333333,-3.106666666667));
#16575=CARTESIAN_POINT('',(0.32,-2.7,-3.));
#16576=CARTESIAN_POINT('Origin',(2.86,-2.22,0.95));
#16577=CARTESIAN_POINT('',(2.22,-2.22,0.95));
#16578=CARTESIAN_POINT('Origin',(2.22,-2.22,-3.));
#16579=CARTESIAN_POINT('',(2.22,-2.22,-2.84));
#16580=CARTESIAN_POINT('Origin',(2.86,-2.3,-2.92));
#16581=CARTESIAN_POINT('',(2.7,-2.38,-3.));
#16582=CARTESIAN_POINT('',(2.806666666667,-2.273333333333,-2.893333333333));
#16583=CARTESIAN_POINT('',(2.38,-2.38,-3.));
#16584=CARTESIAN_POINT('',(2.86,-2.38,-3.));
#16585=CARTESIAN_POINT('',(2.38,-2.38,-3.));
#16586=CARTESIAN_POINT('Origin',(2.86,-2.22,0.95));
#16587=CARTESIAN_POINT('',(2.86,-2.22,-2.84));
#16588=CARTESIAN_POINT('Origin',(2.86,-2.78,-2.92));
#16589=CARTESIAN_POINT('',(2.7,-2.7,-3.));
#16590=CARTESIAN_POINT('',(2.7,-2.7,-3.));
#16591=CARTESIAN_POINT('',(2.38,-2.7,-3.));
#16592=CARTESIAN_POINT('',(2.486666666667,-2.593333333333,-3.106666666667));
#16593=CARTESIAN_POINT('',(2.86,-2.7,-3.));
#16594=CARTESIAN_POINT('Origin',(0.32,0.32,3.49));
#16595=CARTESIAN_POINT('',(-0.32,0.32,3.49));
#16596=CARTESIAN_POINT('Origin',(-0.32,0.32,-3.));
#16597=CARTESIAN_POINT('',(-0.32,0.32,-2.84));
#16598=CARTESIAN_POINT('Origin',(0.32,0.24,-2.92));
#16599=CARTESIAN_POINT('',(0.16,0.16,-3.));
#16600=CARTESIAN_POINT('',(0.266666666667,0.266666666667,-2.893333333333));
#16601=CARTESIAN_POINT('',(-0.16,0.16,-3.));
#16602=CARTESIAN_POINT('',(0.32,0.16,-3.));
#16603=CARTESIAN_POINT('',(-0.16,0.16,-3.));
#16604=CARTESIAN_POINT('Origin',(0.32,0.32,3.49));
#16605=CARTESIAN_POINT('',(0.32,0.32,-2.84));
#16606=CARTESIAN_POINT('Origin',(0.32,-0.24,-2.92));
#16607=CARTESIAN_POINT('',(0.16,-0.16,-3.));
#16608=CARTESIAN_POINT('',(0.16,-0.16,-3.));
#16609=CARTESIAN_POINT('',(-0.16,-0.16,-3.));
#16610=CARTESIAN_POINT('',(-0.05333333333333,-0.05333333333333,-3.106666666667));
#16611=CARTESIAN_POINT('',(0.32,-0.16,-3.));
#16612=CARTESIAN_POINT('Origin',(2.86,0.32,0.95));
#16613=CARTESIAN_POINT('',(2.22,0.32,0.95));
#16614=CARTESIAN_POINT('Origin',(2.22,0.32,-3.));
#16615=CARTESIAN_POINT('',(2.22,0.32,-2.84));
#16616=CARTESIAN_POINT('Origin',(2.86,0.24,-2.92));
#16617=CARTESIAN_POINT('',(2.7,0.16,-3.));
#16618=CARTESIAN_POINT('',(2.806666666667,0.266666666667,-2.893333333333));
#16619=CARTESIAN_POINT('',(2.38,0.16,-3.));
#16620=CARTESIAN_POINT('',(2.86,0.16,-3.));
#16621=CARTESIAN_POINT('',(2.38,0.16,-3.));
#16622=CARTESIAN_POINT('Origin',(2.86,0.32,0.95));
#16623=CARTESIAN_POINT('',(2.86,0.32,-2.84));
#16624=CARTESIAN_POINT('Origin',(2.86,-0.24,-2.92));
#16625=CARTESIAN_POINT('',(2.7,-0.16,-3.));
#16626=CARTESIAN_POINT('',(2.7,-0.16,-3.));
#16627=CARTESIAN_POINT('',(2.38,-0.16,-3.));
#16628=CARTESIAN_POINT('',(2.486666666667,-0.05333333333333,-3.106666666667));
#16629=CARTESIAN_POINT('',(2.86,-0.16,-3.));
#16630=CARTESIAN_POINT('Origin',(-0.24,-12.38,-2.92));
#16631=CARTESIAN_POINT('',(-0.16,-12.38,-3.));
#16632=CARTESIAN_POINT('Origin',(0.24,-12.38,-2.92));
#16633=CARTESIAN_POINT('',(0.16,-12.38,-3.));
#16634=CARTESIAN_POINT('Origin',(0.32,-12.38,-3.));
#16635=CARTESIAN_POINT('Origin',(0.24,-9.84,-2.92));
#16636=CARTESIAN_POINT('',(0.16,-9.84,-3.));
#16637=CARTESIAN_POINT('Origin',(-0.24,-9.84,-2.92));
#16638=CARTESIAN_POINT('',(-0.16,-9.84,-3.));
#16639=CARTESIAN_POINT('Origin',(0.32,-9.84,-3.));
#16640=CARTESIAN_POINT('Origin',(0.24,-4.76,-2.92));
#16641=CARTESIAN_POINT('',(0.16,-4.76,-3.));
#16642=CARTESIAN_POINT('Origin',(-0.24,-4.76,-2.92));
#16643=CARTESIAN_POINT('',(-0.16,-4.76,-3.));
#16644=CARTESIAN_POINT('Origin',(0.32,-4.76,-3.));
#16645=CARTESIAN_POINT('Origin',(-0.24,-7.3,-2.92));
#16646=CARTESIAN_POINT('',(-0.16,-7.3,-3.));
#16647=CARTESIAN_POINT('Origin',(0.24,-7.3,-2.92));
#16648=CARTESIAN_POINT('',(0.16,-7.3,-3.));
#16649=CARTESIAN_POINT('Origin',(0.32,-7.3,-3.));
#16650=CARTESIAN_POINT('Origin',(2.78,-4.76,-2.92));
#16651=CARTESIAN_POINT('',(2.7,-4.76,-3.));
#16652=CARTESIAN_POINT('Origin',(2.3,-4.76,-2.92));
#16653=CARTESIAN_POINT('',(2.38,-4.76,-3.));
#16654=CARTESIAN_POINT('Origin',(2.86,-4.76,-3.));
#16655=CARTESIAN_POINT('Origin',(2.3,-7.3,-2.92));
#16656=CARTESIAN_POINT('',(2.38,-7.3,-3.));
#16657=CARTESIAN_POINT('Origin',(2.78,-7.3,-2.92));
#16658=CARTESIAN_POINT('',(2.7,-7.3,-3.));
#16659=CARTESIAN_POINT('Origin',(2.86,-7.3,-3.));
#16660=CARTESIAN_POINT('Origin',(2.3,-9.84,-2.92));
#16661=CARTESIAN_POINT('',(2.38,-9.84,-3.));
#16662=CARTESIAN_POINT('Origin',(2.78,-9.84,-2.92));
#16663=CARTESIAN_POINT('',(2.7,-9.84,-3.));
#16664=CARTESIAN_POINT('Origin',(2.86,-9.84,-3.));
#16665=CARTESIAN_POINT('Origin',(2.78,-12.38,-2.92));
#16666=CARTESIAN_POINT('',(2.7,-12.38,-3.));
#16667=CARTESIAN_POINT('Origin',(2.3,-12.38,-2.92));
#16668=CARTESIAN_POINT('',(2.38,-12.38,-3.));
#16669=CARTESIAN_POINT('Origin',(2.86,-12.38,-3.));
#16670=CARTESIAN_POINT('Origin',(2.78,-14.92,-2.92));
#16671=CARTESIAN_POINT('',(2.7,-14.92,-3.));
#16672=CARTESIAN_POINT('Origin',(2.3,-14.92,-2.92));
#16673=CARTESIAN_POINT('',(2.38,-14.92,-3.));
#16674=CARTESIAN_POINT('Origin',(2.86,-14.92,-3.));
#16675=CARTESIAN_POINT('Origin',(-0.24,-14.92,-2.92));
#16676=CARTESIAN_POINT('',(-0.16,-14.92,-3.));
#16677=CARTESIAN_POINT('Origin',(0.24,-14.92,-2.92));
#16678=CARTESIAN_POINT('',(0.16,-14.92,-3.));
#16679=CARTESIAN_POINT('Origin',(0.32,-14.92,-3.));
#16680=CARTESIAN_POINT('Origin',(-0.24,-2.22,-2.92));
#16681=CARTESIAN_POINT('',(-0.16,-2.22,-3.));
#16682=CARTESIAN_POINT('Origin',(0.24,-2.22,-2.92));
#16683=CARTESIAN_POINT('',(0.16,-2.22,-3.));
#16684=CARTESIAN_POINT('Origin',(0.32,-2.22,-3.));
#16685=CARTESIAN_POINT('Origin',(2.3,-2.22,-2.92));
#16686=CARTESIAN_POINT('',(2.38,-2.22,-3.));
#16687=CARTESIAN_POINT('Origin',(2.78,-2.22,-2.92));
#16688=CARTESIAN_POINT('',(2.7,-2.22,-3.));
#16689=CARTESIAN_POINT('Origin',(2.86,-2.22,-3.));
#16690=CARTESIAN_POINT('Origin',(-0.24,0.32,-2.92));
#16691=CARTESIAN_POINT('',(-0.16,0.32,-3.));
#16692=CARTESIAN_POINT('Origin',(0.24,0.32,-2.92));
#16693=CARTESIAN_POINT('',(0.16,0.32,-3.));
#16694=CARTESIAN_POINT('Origin',(0.32,0.32,-3.));
#16695=CARTESIAN_POINT('Origin',(2.3,0.32,-2.92));
#16696=CARTESIAN_POINT('',(2.38,0.32,-3.));
#16697=CARTESIAN_POINT('Origin',(2.78,0.32,-2.92));
#16698=CARTESIAN_POINT('',(2.7,0.32,-3.));
#16699=CARTESIAN_POINT('Origin',(2.86,0.32,-3.));
#16700=CARTESIAN_POINT('Origin',(6.61999999999971,-7.62,2.4975));
#16701=CARTESIAN_POINT('',(6.61999999999971,-12.38,4.13));
#16702=CARTESIAN_POINT('',(6.61999999999971,-13.02,4.13));
#16703=CARTESIAN_POINT('',(6.61999999999971,-10.,4.13));
#16704=CARTESIAN_POINT('',(6.61999999999971,-12.38,3.49));
#16705=CARTESIAN_POINT('',(6.61999999999971,-12.38,2.5243528457315));
#16706=CARTESIAN_POINT('',(6.61999999999971,-13.02,3.49));
#16707=CARTESIAN_POINT('',(6.61999999999971,-10.,3.49));
#16708=CARTESIAN_POINT('',(6.61999999999971,-13.02,2.5243528457315));
#16709=CARTESIAN_POINT('Origin',(12.58,-12.38,3.49));
#16710=CARTESIAN_POINT('',(12.42,-12.38,3.49));
#16711=CARTESIAN_POINT('',(12.58,-12.38,3.49));
#16712=CARTESIAN_POINT('',(12.42,-13.02,3.49));
#16713=CARTESIAN_POINT('',(12.42,-12.38,3.49));
#16714=CARTESIAN_POINT('',(12.58,-13.02,3.49));
#16715=CARTESIAN_POINT('Origin',(4.143794308537,-12.38,2.551205691463));
#16716=CARTESIAN_POINT('',(12.42,-12.38,4.13));
#16717=CARTESIAN_POINT('',(-0.32,-12.38,4.13));
#16718=CARTESIAN_POINT('',(12.42,-12.38,4.13));
#16719=CARTESIAN_POINT('Origin',(-0.32,-12.38,4.13));
#16720=CARTESIAN_POINT('',(12.42,-13.02,4.13));
#16721=CARTESIAN_POINT('',(-0.32,-13.02,4.13));
#16722=CARTESIAN_POINT('',(12.42,-12.38,4.13));
#16723=CARTESIAN_POINT('Origin',(4.143794308537,-13.02,2.551205691463));
#16724=CARTESIAN_POINT('',(12.42,-13.02,4.13));
#16725=CARTESIAN_POINT('Origin',(12.5,-12.38,4.05));
#16726=CARTESIAN_POINT('',(12.58,-12.54,3.97));
#16727=CARTESIAN_POINT('',(12.473333333333,-12.43333333333,4.076666666667));
#16728=CARTESIAN_POINT('',(12.58,-12.86,3.97));
#16729=CARTESIAN_POINT('',(12.58,-12.86,3.97));
#16730=CARTESIAN_POINT('',(12.58,-12.38,3.97));
#16731=CARTESIAN_POINT('Origin',(12.5,-12.46,4.13));
#16732=CARTESIAN_POINT('',(12.58,-12.54,3.65));
#16733=CARTESIAN_POINT('',(12.58,-12.54,4.13));
#16734=CARTESIAN_POINT('',(12.58,-12.54,3.65));
#16735=CARTESIAN_POINT('Origin',(12.5,-12.38,3.57));
#16736=CARTESIAN_POINT('',(12.58,-12.86,3.65));
#16737=CARTESIAN_POINT('',(12.58,-12.38,3.65));
#16738=CARTESIAN_POINT('',(12.686666666667,-12.75333333333,3.756666666667));
#16739=CARTESIAN_POINT('Origin',(12.5,-12.94,4.13));
#16740=CARTESIAN_POINT('',(12.58,-12.86,4.13));
#16741=CARTESIAN_POINT('Origin',(12.58,-12.38,4.13));
#16742=CARTESIAN_POINT('Origin',(12.58,-9.84,4.13));
#16743=CARTESIAN_POINT('',(12.58,-10.,3.97));
#16744=CARTESIAN_POINT('',(12.58,-10.32,3.97));
#16745=CARTESIAN_POINT('',(12.58,-9.84,3.97));
#16746=CARTESIAN_POINT('',(12.58,-10.32,3.65));
#16747=CARTESIAN_POINT('',(12.58,-10.32,4.13));
#16748=CARTESIAN_POINT('',(12.58,-10.,3.65));
#16749=CARTESIAN_POINT('',(12.58,-9.84,3.65));
#16750=CARTESIAN_POINT('',(12.58,-10.,4.13));
#16751=CARTESIAN_POINT('Origin',(12.5,-9.92,4.13));
#16752=CARTESIAN_POINT('',(12.42,-9.84,4.13));
#16753=CARTESIAN_POINT('',(12.473333333333,-9.893333333333,4.076666666667));
#16754=CARTESIAN_POINT('',(12.42,-9.84,3.49));
#16755=CARTESIAN_POINT('',(12.58,-10.,3.65));
#16756=CARTESIAN_POINT('',(12.42,-9.84,4.13));
#16757=CARTESIAN_POINT('Origin',(12.5,-9.84,4.05));
#16758=CARTESIAN_POINT('',(12.42,-10.48,4.13));
#16759=CARTESIAN_POINT('',(12.42,-9.84,4.13));
#16760=CARTESIAN_POINT('',(12.58,-10.32,3.97));
#16761=CARTESIAN_POINT('Origin',(12.5,-10.4,4.13));
#16762=CARTESIAN_POINT('',(12.42,-10.48,3.49));
#16763=CARTESIAN_POINT('',(12.42,-10.48,4.13));
#16764=CARTESIAN_POINT('',(12.686666666667,-10.21333333333,3.756666666667));
#16765=CARTESIAN_POINT('Origin',(12.5,-9.84,3.57));
#16766=CARTESIAN_POINT('',(12.42,-9.84,3.49));
#16767=CARTESIAN_POINT('Origin',(4.143794308537,-9.84,2.551205691463));
#16768=CARTESIAN_POINT('',(6.61999999999971,-9.84,3.49));
#16769=CARTESIAN_POINT('',(6.61999999999971,-9.84,4.13));
#16770=CARTESIAN_POINT('',(6.61999999999971,-9.84,2.5243528457315));
#16771=CARTESIAN_POINT('',(-0.32,-9.84,4.13));
#16772=CARTESIAN_POINT('',(12.58,-9.84,3.49));
#16773=CARTESIAN_POINT('Origin',(12.58,-9.84,3.49));
#16774=CARTESIAN_POINT('',(6.61999999999971,-10.48,3.49));
#16775=CARTESIAN_POINT('',(6.61999999999971,-8.73,3.49));
#16776=CARTESIAN_POINT('',(12.58,-10.48,3.49));
#16777=CARTESIAN_POINT('Origin',(4.143794308537,-10.48,2.551205691463));
#16778=CARTESIAN_POINT('',(6.61999999999971,-10.48,4.13));
#16779=CARTESIAN_POINT('',(6.61999999999971,-10.48,2.5243528457315));
#16780=CARTESIAN_POINT('',(-0.32,-10.48,4.13));
#16781=CARTESIAN_POINT('Origin',(-0.32,-9.84,4.13));
#16782=CARTESIAN_POINT('',(6.61999999999971,-8.73,4.13));
#16783=CARTESIAN_POINT('Origin',(6.61999999999971,-7.62,2.4975));
#16784=CARTESIAN_POINT('Origin',(6.61999999999971,-7.62,2.4975));
#16785=CARTESIAN_POINT('',(6.61999999999971,-5.4,3.49));
#16786=CARTESIAN_POINT('',(6.61999999999971,-4.76,3.49));
#16787=CARTESIAN_POINT('',(6.61999999999971,-6.19,3.49));
#16788=CARTESIAN_POINT('',(6.61999999999971,-5.4,4.13));
#16789=CARTESIAN_POINT('',(6.61999999999971,-5.4,2.5243528457315));
#16790=CARTESIAN_POINT('',(6.61999999999971,-4.76,4.13));
#16791=CARTESIAN_POINT('',(6.61999999999971,-6.19,4.13));
#16792=CARTESIAN_POINT('',(6.61999999999971,-4.76,2.5243528457315));
#16793=CARTESIAN_POINT('Origin',(-0.32,-4.76,4.13));
#16794=CARTESIAN_POINT('',(12.42,-5.4,4.13));
#16795=CARTESIAN_POINT('',(-0.32,-5.4,4.13));
#16796=CARTESIAN_POINT('',(12.42,-4.76,4.13));
#16797=CARTESIAN_POINT('',(12.42,-4.76,4.13));
#16798=CARTESIAN_POINT('',(-0.32,-4.76,4.13));
#16799=CARTESIAN_POINT('Origin',(4.143794308537,-5.4,2.551205691463));
#16800=CARTESIAN_POINT('',(12.42,-5.4,3.49));
#16801=CARTESIAN_POINT('',(12.58,-5.4,3.49));
#16802=CARTESIAN_POINT('',(12.42,-5.4,4.13));
#16803=CARTESIAN_POINT('Origin',(12.58,-4.76,3.49));
#16804=CARTESIAN_POINT('',(12.42,-4.76,3.49));
#16805=CARTESIAN_POINT('',(12.58,-4.76,3.49));
#16806=CARTESIAN_POINT('',(12.42,-4.76,3.49));
#16807=CARTESIAN_POINT('Origin',(4.143794308537,-4.76,2.551205691463));
#16808=CARTESIAN_POINT('',(12.42,-4.76,4.13));
#16809=CARTESIAN_POINT('Origin',(12.5,-4.76,3.57));
#16810=CARTESIAN_POINT('',(12.58,-4.92,3.65));
#16811=CARTESIAN_POINT('',(12.58,-4.92,3.65));
#16812=CARTESIAN_POINT('',(12.58,-5.24,3.65));
#16813=CARTESIAN_POINT('',(12.58,-4.76,3.65));
#16814=CARTESIAN_POINT('',(12.686666666667,-5.133333333333,3.756666666667));
#16815=CARTESIAN_POINT('Origin',(12.5,-5.32,4.13));
#16816=CARTESIAN_POINT('',(12.58,-5.24,3.97));
#16817=CARTESIAN_POINT('',(12.58,-5.24,3.97));
#16818=CARTESIAN_POINT('',(12.58,-5.24,4.13));
#16819=CARTESIAN_POINT('Origin',(12.5,-4.76,4.05));
#16820=CARTESIAN_POINT('',(12.58,-4.92,3.97));
#16821=CARTESIAN_POINT('',(12.473333333333,-4.813333333333,4.076666666667));
#16822=CARTESIAN_POINT('',(12.58,-4.76,3.97));
#16823=CARTESIAN_POINT('Origin',(12.5,-4.84,4.13));
#16824=CARTESIAN_POINT('',(12.58,-4.92,4.13));
#16825=CARTESIAN_POINT('Origin',(12.58,-4.76,4.13));
#16826=CARTESIAN_POINT('Origin',(12.58,-7.3,4.13));
#16827=CARTESIAN_POINT('',(12.58,-7.46,3.97));
#16828=CARTESIAN_POINT('',(12.58,-7.78,3.97));
#16829=CARTESIAN_POINT('',(12.58,-7.3,3.97));
#16830=CARTESIAN_POINT('',(12.58,-7.78,3.65));
#16831=CARTESIAN_POINT('',(12.58,-7.78,4.13));
#16832=CARTESIAN_POINT('',(12.58,-7.46,3.65));
#16833=CARTESIAN_POINT('',(12.58,-7.3,3.65));
#16834=CARTESIAN_POINT('',(12.58,-7.46,4.13));
#16835=CARTESIAN_POINT('Origin',(12.5,-7.3,4.05));
#16836=CARTESIAN_POINT('',(12.42,-7.3,4.13));
#16837=CARTESIAN_POINT('',(12.473333333333,-7.353333333333,4.076666666667));
#16838=CARTESIAN_POINT('',(12.42,-7.94,4.13));
#16839=CARTESIAN_POINT('',(12.42,-7.3,4.13));
#16840=CARTESIAN_POINT('',(12.58,-7.78,3.97));
#16841=CARTESIAN_POINT('Origin',(12.5,-7.86,4.13));
#16842=CARTESIAN_POINT('',(12.42,-7.94,3.49));
#16843=CARTESIAN_POINT('',(12.42,-7.94,4.13));
#16844=CARTESIAN_POINT('',(12.686666666667,-7.673333333333,3.756666666667));
#16845=CARTESIAN_POINT('Origin',(12.5,-7.3,3.57));
#16846=CARTESIAN_POINT('',(12.42,-7.3,3.49));
#16847=CARTESIAN_POINT('',(12.58,-7.46,3.65));
#16848=CARTESIAN_POINT('',(12.42,-7.3,3.49));
#16849=CARTESIAN_POINT('Origin',(12.5,-7.38,4.13));
#16850=CARTESIAN_POINT('',(12.42,-7.3,4.13));
#16851=CARTESIAN_POINT('Origin',(-0.32,-7.3,4.13));
#16852=CARTESIAN_POINT('',(6.61999999999971,-7.3,4.13));
#16853=CARTESIAN_POINT('',(6.61999999999971,-7.94,4.13));
#16854=CARTESIAN_POINT('',(6.61999999999971,-7.46,4.13));
#16855=CARTESIAN_POINT('',(-0.32,-7.94,4.13));
#16856=CARTESIAN_POINT('',(-0.32,-7.3,4.13));
#16857=CARTESIAN_POINT('Origin',(4.143794308537,-7.3,2.551205691463));
#16858=CARTESIAN_POINT('',(6.61999999999971,-7.3,3.49));
#16859=CARTESIAN_POINT('',(6.61999999999971,-7.3,2.5243528457315));
#16860=CARTESIAN_POINT('',(12.58,-7.3,3.49));
#16861=CARTESIAN_POINT('Origin',(12.58,-7.3,3.49));
#16862=CARTESIAN_POINT('',(6.61999999999971,-7.94,3.49));
#16863=CARTESIAN_POINT('',(6.61999999999971,-7.46,3.49));
#16864=CARTESIAN_POINT('',(12.58,-7.94,3.49));
#16865=CARTESIAN_POINT('Origin',(4.143794308537,-7.94,2.551205691463));
#16866=CARTESIAN_POINT('',(6.61999999999971,-7.94,2.5243528457315));
#16867=CARTESIAN_POINT('Origin',(6.61999999999971,-7.62,2.4975));
#16868=CARTESIAN_POINT('Origin',(6.61999999999971,-7.62,2.4975));
#16869=CARTESIAN_POINT('',(6.61999999999971,-5.4,0.95));
#16870=CARTESIAN_POINT('',(6.61999999999971,-4.76,0.95));
#16871=CARTESIAN_POINT('',(6.61999999999971,-6.19,0.95));
#16872=CARTESIAN_POINT('',(6.61999999999971,-5.4,1.59));
#16873=CARTESIAN_POINT('',(6.61999999999971,-5.4,1.5382901337795));
#16874=CARTESIAN_POINT('',(6.61999999999971,-4.76,1.59));
#16875=CARTESIAN_POINT('',(6.61999999999971,-6.19,1.59));
#16876=CARTESIAN_POINT('',(6.61999999999971,-4.76,1.5382901337795));
#16877=CARTESIAN_POINT('Origin',(2.22,-4.76,1.59));
#16878=CARTESIAN_POINT('',(12.42,-5.4,1.59));
#16879=CARTESIAN_POINT('',(2.22,-5.4,1.59));
#16880=CARTESIAN_POINT('',(12.42,-4.76,1.59));
#16881=CARTESIAN_POINT('',(12.42,-4.76,1.59));
#16882=CARTESIAN_POINT('',(2.22,-4.76,1.59));
#16883=CARTESIAN_POINT('Origin',(6.115919732441,-5.4,0.579080267559));
#16884=CARTESIAN_POINT('',(12.42,-5.4,0.95));
#16885=CARTESIAN_POINT('',(12.58,-5.4,0.95));
#16886=CARTESIAN_POINT('',(12.42,-5.4,1.59));
#16887=CARTESIAN_POINT('Origin',(12.58,-4.76,0.95));
#16888=CARTESIAN_POINT('',(12.42,-4.76,0.95));
#16889=CARTESIAN_POINT('',(12.58,-4.76,0.95));
#16890=CARTESIAN_POINT('',(12.42,-4.76,0.95));
#16891=CARTESIAN_POINT('Origin',(6.115919732441,-4.76,0.579080267559));
#16892=CARTESIAN_POINT('',(12.42,-4.76,1.59));
#16893=CARTESIAN_POINT('Origin',(12.5,-4.76,1.03));
#16894=CARTESIAN_POINT('',(12.58,-4.92,1.11));
#16895=CARTESIAN_POINT('',(12.58,-4.92,1.11));
#16896=CARTESIAN_POINT('',(12.58,-5.24,1.11));
#16897=CARTESIAN_POINT('',(12.58,-4.76,1.11));
#16898=CARTESIAN_POINT('',(12.686666666667,-5.133333333333,1.216666666667));
#16899=CARTESIAN_POINT('Origin',(12.5,-5.32,1.59));
#16900=CARTESIAN_POINT('',(12.58,-5.24,1.43));
#16901=CARTESIAN_POINT('',(12.58,-5.24,1.43));
#16902=CARTESIAN_POINT('',(12.58,-5.24,1.59));
#16903=CARTESIAN_POINT('Origin',(12.5,-4.76,1.51));
#16904=CARTESIAN_POINT('',(12.58,-4.92,1.43));
#16905=CARTESIAN_POINT('',(12.473333333333,-4.813333333333,1.536666666667));
#16906=CARTESIAN_POINT('',(12.58,-4.76,1.43));
#16907=CARTESIAN_POINT('Origin',(12.5,-4.84,1.59));
#16908=CARTESIAN_POINT('',(12.58,-4.92,1.59));
#16909=CARTESIAN_POINT('Origin',(12.58,-4.76,1.59));
#16910=CARTESIAN_POINT('Origin',(12.58,-7.3,1.59));
#16911=CARTESIAN_POINT('',(12.58,-7.46,1.43));
#16912=CARTESIAN_POINT('',(12.58,-7.78,1.43));
#16913=CARTESIAN_POINT('',(12.58,-7.3,1.43));
#16914=CARTESIAN_POINT('',(12.58,-7.78,1.11));
#16915=CARTESIAN_POINT('',(12.58,-7.78,1.59));
#16916=CARTESIAN_POINT('',(12.58,-7.46,1.11));
#16917=CARTESIAN_POINT('',(12.58,-7.3,1.11));
#16918=CARTESIAN_POINT('',(12.58,-7.46,1.59));
#16919=CARTESIAN_POINT('Origin',(12.5,-7.86,1.59));
#16920=CARTESIAN_POINT('',(12.42,-7.94,1.59));
#16921=CARTESIAN_POINT('',(12.58,-7.78,1.43));
#16922=CARTESIAN_POINT('',(12.42,-7.94,0.95));
#16923=CARTESIAN_POINT('',(12.42,-7.94,1.59));
#16924=CARTESIAN_POINT('',(12.686666666667,-7.673333333333,1.216666666667));
#16925=CARTESIAN_POINT('Origin',(12.5,-7.3,1.03));
#16926=CARTESIAN_POINT('',(12.42,-7.3,0.95));
#16927=CARTESIAN_POINT('',(12.58,-7.46,1.11));
#16928=CARTESIAN_POINT('',(12.42,-7.3,0.95));
#16929=CARTESIAN_POINT('Origin',(12.5,-7.38,1.59));
#16930=CARTESIAN_POINT('',(12.42,-7.3,1.59));
#16931=CARTESIAN_POINT('',(12.473333333333,-7.353333333333,1.536666666667));
#16932=CARTESIAN_POINT('',(12.42,-7.3,1.59));
#16933=CARTESIAN_POINT('Origin',(12.5,-7.3,1.51));
#16934=CARTESIAN_POINT('',(12.42,-7.3,1.59));
#16935=CARTESIAN_POINT('Origin',(6.115919732441,-7.94,0.579080267559));
#16936=CARTESIAN_POINT('',(6.61999999999971,-7.94,1.59));
#16937=CARTESIAN_POINT('',(6.61999999999971,-7.94,0.95));
#16938=CARTESIAN_POINT('',(6.61999999999971,-7.94,1.5382901337795));
#16939=CARTESIAN_POINT('',(12.58,-7.94,0.95));
#16940=CARTESIAN_POINT('',(2.22,-7.94,1.59));
#16941=CARTESIAN_POINT('Origin',(2.22,-7.3,1.59));
#16942=CARTESIAN_POINT('',(6.61999999999971,-7.3,1.59));
#16943=CARTESIAN_POINT('',(6.61999999999971,-7.46,1.59));
#16944=CARTESIAN_POINT('',(2.22,-7.3,1.59));
#16945=CARTESIAN_POINT('Origin',(6.115919732441,-7.3,0.579080267559));
#16946=CARTESIAN_POINT('',(6.61999999999971,-7.3,0.95));
#16947=CARTESIAN_POINT('',(6.61999999999971,-7.3,1.5382901337795));
#16948=CARTESIAN_POINT('',(12.58,-7.3,0.95));
#16949=CARTESIAN_POINT('Origin',(12.58,-7.3,0.95));
#16950=CARTESIAN_POINT('',(6.61999999999971,-7.46,0.95));
#16951=CARTESIAN_POINT('Origin',(6.61999999999971,-7.62,2.4975));
#16952=CARTESIAN_POINT('Origin',(6.61999999999971,-7.62,2.4975));
#16953=CARTESIAN_POINT('',(6.61999999999971,-9.84,1.59));
#16954=CARTESIAN_POINT('',(6.61999999999971,-10.48,1.59));
#16955=CARTESIAN_POINT('',(6.61999999999971,-8.73,1.59));
#16956=CARTESIAN_POINT('',(6.61999999999971,-9.84,0.95));
#16957=CARTESIAN_POINT('',(6.61999999999971,-9.84,1.5382901337795));
#16958=CARTESIAN_POINT('',(6.61999999999971,-10.48,0.95));
#16959=CARTESIAN_POINT('',(6.61999999999971,-8.73,0.95));
#16960=CARTESIAN_POINT('',(6.61999999999971,-10.48,1.5382901337795));
#16961=CARTESIAN_POINT('Origin',(12.58,-9.84,0.95));
#16962=CARTESIAN_POINT('',(12.42,-9.84,0.95));
#16963=CARTESIAN_POINT('',(12.58,-9.84,0.95));
#16964=CARTESIAN_POINT('',(12.42,-10.48,0.95));
#16965=CARTESIAN_POINT('',(12.42,-9.84,0.95));
#16966=CARTESIAN_POINT('',(12.58,-10.48,0.95));
#16967=CARTESIAN_POINT('Origin',(6.115919732441,-9.84,0.579080267559));
#16968=CARTESIAN_POINT('',(12.42,-9.84,1.59));
#16969=CARTESIAN_POINT('',(2.22,-9.84,1.59));
#16970=CARTESIAN_POINT('',(12.42,-9.84,1.59));
#16971=CARTESIAN_POINT('Origin',(2.22,-9.84,1.59));
#16972=CARTESIAN_POINT('',(12.42,-10.48,1.59));
#16973=CARTESIAN_POINT('',(2.22,-10.48,1.59));
#16974=CARTESIAN_POINT('',(12.42,-9.84,1.59));
#16975=CARTESIAN_POINT('Origin',(6.115919732441,-10.48,0.579080267559));
#16976=CARTESIAN_POINT('',(12.42,-10.48,1.59));
#16977=CARTESIAN_POINT('Origin',(12.5,-9.84,1.51));
#16978=CARTESIAN_POINT('',(12.58,-10.,1.43));
#16979=CARTESIAN_POINT('',(12.473333333333,-9.893333333333,1.536666666667));
#16980=CARTESIAN_POINT('',(12.58,-10.32,1.43));
#16981=CARTESIAN_POINT('',(12.58,-10.32,1.43));
#16982=CARTESIAN_POINT('',(12.58,-9.84,1.43));
#16983=CARTESIAN_POINT('Origin',(12.5,-9.92,1.59));
#16984=CARTESIAN_POINT('',(12.58,-10.,1.11));
#16985=CARTESIAN_POINT('',(12.58,-10.,1.59));
#16986=CARTESIAN_POINT('',(12.58,-10.,1.11));
#16987=CARTESIAN_POINT('Origin',(12.5,-9.84,1.03));
#16988=CARTESIAN_POINT('',(12.58,-10.32,1.11));
#16989=CARTESIAN_POINT('',(12.58,-9.84,1.11));
#16990=CARTESIAN_POINT('',(12.686666666667,-10.21333333333,1.216666666667));
#16991=CARTESIAN_POINT('Origin',(12.5,-10.4,1.59));
#16992=CARTESIAN_POINT('',(12.58,-10.32,1.59));
#16993=CARTESIAN_POINT('Origin',(12.58,-9.84,1.59));
#16994=CARTESIAN_POINT('Origin',(12.58,-12.38,1.59));
#16995=CARTESIAN_POINT('',(12.58,-12.54,1.43));
#16996=CARTESIAN_POINT('',(12.58,-12.86,1.43));
#16997=CARTESIAN_POINT('',(12.58,-12.38,1.43));
#16998=CARTESIAN_POINT('',(12.58,-12.86,1.11));
#16999=CARTESIAN_POINT('',(12.58,-12.86,1.59));
#17000=CARTESIAN_POINT('',(12.58,-12.54,1.11));
#17001=CARTESIAN_POINT('',(12.58,-12.38,1.11));
#17002=CARTESIAN_POINT('',(12.58,-12.54,1.59));
#17003=CARTESIAN_POINT('Origin',(12.5,-12.46,1.59));
#17004=CARTESIAN_POINT('',(12.42,-12.38,1.59));
#17005=CARTESIAN_POINT('',(12.473333333333,-12.43333333333,1.536666666667));
#17006=CARTESIAN_POINT('',(12.42,-12.38,0.95));
#17007=CARTESIAN_POINT('',(12.58,-12.54,1.11));
#17008=CARTESIAN_POINT('',(12.42,-12.38,1.59));
#17009=CARTESIAN_POINT('Origin',(12.5,-12.38,1.51));
#17010=CARTESIAN_POINT('',(12.42,-13.02,1.59));
#17011=CARTESIAN_POINT('',(12.42,-12.38,1.59));
#17012=CARTESIAN_POINT('',(12.58,-12.86,1.43));
#17013=CARTESIAN_POINT('Origin',(12.5,-12.94,1.59));
#17014=CARTESIAN_POINT('',(12.42,-13.02,0.95));
#17015=CARTESIAN_POINT('',(12.42,-13.02,1.59));
#17016=CARTESIAN_POINT('',(12.686666666667,-12.75333333333,1.216666666667));
#17017=CARTESIAN_POINT('Origin',(12.5,-12.38,1.03));
#17018=CARTESIAN_POINT('',(12.42,-12.38,0.95));
#17019=CARTESIAN_POINT('Origin',(6.115919732441,-12.38,0.579080267559));
#17020=CARTESIAN_POINT('',(6.61999999999971,-12.38,0.95));
#17021=CARTESIAN_POINT('',(6.61999999999971,-12.38,1.59));
#17022=CARTESIAN_POINT('',(6.61999999999971,-12.38,1.5382901337795));
#17023=CARTESIAN_POINT('',(2.22,-12.38,1.59));
#17024=CARTESIAN_POINT('',(12.58,-12.38,0.95));
#17025=CARTESIAN_POINT('Origin',(12.58,-12.38,0.95));
#17026=CARTESIAN_POINT('',(6.61999999999971,-13.02,0.95));
#17027=CARTESIAN_POINT('',(6.61999999999971,-10.,0.95));
#17028=CARTESIAN_POINT('',(12.58,-13.02,0.95));
#17029=CARTESIAN_POINT('Origin',(6.115919732441,-13.02,0.579080267559));
#17030=CARTESIAN_POINT('',(6.61999999999971,-13.02,1.59));
#17031=CARTESIAN_POINT('',(6.61999999999971,-13.02,1.5382901337795));
#17032=CARTESIAN_POINT('',(2.22,-13.02,1.59));
#17033=CARTESIAN_POINT('Origin',(2.22,-12.38,1.59));
#17034=CARTESIAN_POINT('',(6.61999999999971,-10.,1.59));
#17035=CARTESIAN_POINT('Origin',(6.61999999999971,-7.62,2.4975));
#17036=CARTESIAN_POINT('Origin',(6.61999999999971,-7.62,2.4975));
#17037=CARTESIAN_POINT('',(6.61999999999971,-15.56,0.95));
#17038=CARTESIAN_POINT('',(6.61999999999971,-14.92,0.95));
#17039=CARTESIAN_POINT('',(6.61999999999971,-11.27,0.95));
#17040=CARTESIAN_POINT('',(6.61999999999971,-15.56,1.59));
#17041=CARTESIAN_POINT('',(6.61999999999971,-15.56,1.5382901337795));
#17042=CARTESIAN_POINT('',(6.61999999999971,-14.92,1.59));
#17043=CARTESIAN_POINT('',(6.61999999999971,-11.27,1.59));
#17044=CARTESIAN_POINT('',(6.61999999999971,-14.92,1.5382901337795));
#17045=CARTESIAN_POINT('Origin',(2.22,-14.92,1.59));
#17046=CARTESIAN_POINT('',(12.42,-15.56,1.59));
#17047=CARTESIAN_POINT('',(2.22,-15.56,1.59));
#17048=CARTESIAN_POINT('',(12.42,-14.92,1.59));
#17049=CARTESIAN_POINT('',(12.42,-14.92,1.59));
#17050=CARTESIAN_POINT('',(2.22,-14.92,1.59));
#17051=CARTESIAN_POINT('Origin',(6.115919732441,-15.56,0.579080267559));
#17052=CARTESIAN_POINT('',(12.42,-15.56,0.95));
#17053=CARTESIAN_POINT('',(12.58,-15.56,0.95));
#17054=CARTESIAN_POINT('',(12.42,-15.56,1.59));
#17055=CARTESIAN_POINT('Origin',(12.58,-14.92,0.95));
#17056=CARTESIAN_POINT('',(12.42,-14.92,0.95));
#17057=CARTESIAN_POINT('',(12.58,-14.92,0.95));
#17058=CARTESIAN_POINT('',(12.42,-14.92,0.95));
#17059=CARTESIAN_POINT('Origin',(6.115919732441,-14.92,0.579080267559));
#17060=CARTESIAN_POINT('',(12.42,-14.92,1.59));
#17061=CARTESIAN_POINT('Origin',(12.5,-14.92,1.03));
#17062=CARTESIAN_POINT('',(12.58,-15.08,1.11));
#17063=CARTESIAN_POINT('',(12.58,-15.08,1.11));
#17064=CARTESIAN_POINT('',(12.58,-15.4,1.11));
#17065=CARTESIAN_POINT('',(12.58,-14.92,1.11));
#17066=CARTESIAN_POINT('',(12.686666666667,-15.29333333333,1.216666666667));
#17067=CARTESIAN_POINT('Origin',(12.5,-15.48,1.59));
#17068=CARTESIAN_POINT('',(12.58,-15.4,1.43));
#17069=CARTESIAN_POINT('',(12.58,-15.4,1.43));
#17070=CARTESIAN_POINT('',(12.58,-15.4,1.59));
#17071=CARTESIAN_POINT('Origin',(12.5,-14.92,1.51));
#17072=CARTESIAN_POINT('',(12.58,-15.08,1.43));
#17073=CARTESIAN_POINT('',(12.473333333333,-14.97333333333,1.536666666667));
#17074=CARTESIAN_POINT('',(12.58,-14.92,1.43));
#17075=CARTESIAN_POINT('Origin',(12.5,-15.,1.59));
#17076=CARTESIAN_POINT('',(12.58,-15.08,1.59));
#17077=CARTESIAN_POINT('Origin',(12.58,-14.92,1.59));
#17078=CARTESIAN_POINT('Origin',(12.58,-14.92,4.13));
#17079=CARTESIAN_POINT('',(12.58,-15.08,3.97));
#17080=CARTESIAN_POINT('',(12.58,-15.4,3.97));
#17081=CARTESIAN_POINT('',(12.58,-14.92,3.97));
#17082=CARTESIAN_POINT('',(12.58,-15.4,3.65));
#17083=CARTESIAN_POINT('',(12.58,-15.4,4.13));
#17084=CARTESIAN_POINT('',(12.58,-15.08,3.65));
#17085=CARTESIAN_POINT('',(12.58,-14.92,3.65));
#17086=CARTESIAN_POINT('',(12.58,-15.08,4.13));
#17087=CARTESIAN_POINT('Origin',(12.5,-15.48,4.13));
#17088=CARTESIAN_POINT('',(12.42,-15.56,4.13));
#17089=CARTESIAN_POINT('',(12.58,-15.4,3.97));
#17090=CARTESIAN_POINT('',(12.42,-15.56,3.49));
#17091=CARTESIAN_POINT('',(12.42,-15.56,4.13));
#17092=CARTESIAN_POINT('',(12.686666666667,-15.29333333333,3.756666666667));
#17093=CARTESIAN_POINT('Origin',(12.5,-14.92,3.57));
#17094=CARTESIAN_POINT('',(12.42,-14.92,3.49));
#17095=CARTESIAN_POINT('',(12.58,-15.08,3.65));
#17096=CARTESIAN_POINT('',(12.42,-14.92,3.49));
#17097=CARTESIAN_POINT('Origin',(12.5,-15.,4.13));
#17098=CARTESIAN_POINT('',(12.42,-14.92,4.13));
#17099=CARTESIAN_POINT('',(12.473333333333,-14.97333333333,4.076666666667));
#17100=CARTESIAN_POINT('',(12.42,-14.92,4.13));
#17101=CARTESIAN_POINT('Origin',(12.5,-14.92,4.05));
#17102=CARTESIAN_POINT('',(12.42,-14.92,4.13));
#17103=CARTESIAN_POINT('Origin',(4.143794308537,-15.56,2.551205691463));
#17104=CARTESIAN_POINT('',(6.61999999999971,-15.56,4.13));
#17105=CARTESIAN_POINT('',(6.61999999999971,-15.56,3.49));
#17106=CARTESIAN_POINT('',(6.61999999999971,-15.56,2.5243528457315));
#17107=CARTESIAN_POINT('',(12.58,-15.56,3.49));
#17108=CARTESIAN_POINT('',(-0.32,-15.56,4.13));
#17109=CARTESIAN_POINT('Origin',(-0.32,-14.92,4.13));
#17110=CARTESIAN_POINT('',(6.61999999999971,-14.92,4.13));
#17111=CARTESIAN_POINT('',(6.61999999999971,-11.27,4.13));
#17112=CARTESIAN_POINT('',(-0.32,-14.92,4.13));
#17113=CARTESIAN_POINT('Origin',(4.143794308537,-14.92,2.551205691463));
#17114=CARTESIAN_POINT('',(6.61999999999971,-14.92,3.49));
#17115=CARTESIAN_POINT('',(6.61999999999971,-14.92,2.5243528457315));
#17116=CARTESIAN_POINT('',(12.58,-14.92,3.49));
#17117=CARTESIAN_POINT('Origin',(12.58,-14.92,3.49));
#17118=CARTESIAN_POINT('',(6.61999999999971,-11.27,3.49));
#17119=CARTESIAN_POINT('Origin',(6.61999999999971,-7.62,2.4975));
#17120=CARTESIAN_POINT('Origin',(6.61999999999971,-7.62,2.4975));
#17121=CARTESIAN_POINT('',(6.61999999999971,-2.22,3.49));
#17122=CARTESIAN_POINT('',(6.61999999999971,-2.22,4.13));
#17123=CARTESIAN_POINT('',(6.61999999999971,-2.22,2.5243528457315));
#17124=CARTESIAN_POINT('',(6.61999999999971,-2.86,3.49));
#17125=CARTESIAN_POINT('',(6.61999999999971,-4.92,3.49));
#17126=CARTESIAN_POINT('',(6.61999999999971,-2.86,4.13));
#17127=CARTESIAN_POINT('',(6.61999999999971,-2.86,2.5243528457315));
#17128=CARTESIAN_POINT('',(6.61999999999971,-4.92,4.13));
#17129=CARTESIAN_POINT('Origin',(4.143794308537,-2.86,2.551205691463));
#17130=CARTESIAN_POINT('',(12.42,-2.86,3.49));
#17131=CARTESIAN_POINT('',(12.58,-2.86,3.49));
#17132=CARTESIAN_POINT('',(12.42,-2.86,4.13));
#17133=CARTESIAN_POINT('',(12.42,-2.86,4.13));
#17134=CARTESIAN_POINT('',(-0.32,-2.86,4.13));
#17135=CARTESIAN_POINT('Origin',(12.58,-2.22,3.49));
#17136=CARTESIAN_POINT('',(12.42,-2.22,3.49));
#17137=CARTESIAN_POINT('',(12.58,-2.22,3.49));
#17138=CARTESIAN_POINT('',(12.42,-2.22,3.49));
#17139=CARTESIAN_POINT('Origin',(4.143794308537,-2.22,2.551205691463));
#17140=CARTESIAN_POINT('',(12.42,-2.22,4.13));
#17141=CARTESIAN_POINT('',(-0.32,-2.22,4.13));
#17142=CARTESIAN_POINT('',(12.42,-2.22,4.13));
#17143=CARTESIAN_POINT('Origin',(-0.32,-2.22,4.13));
#17144=CARTESIAN_POINT('',(12.42,-2.22,4.13));
#17145=CARTESIAN_POINT('Origin',(12.5,-2.3,4.13));
#17146=CARTESIAN_POINT('',(12.58,-2.38,3.97));
#17147=CARTESIAN_POINT('',(12.473333333333,-2.273333333333,4.076666666667));
#17148=CARTESIAN_POINT('',(12.58,-2.38,3.65));
#17149=CARTESIAN_POINT('',(12.58,-2.38,4.13));
#17150=CARTESIAN_POINT('',(12.58,-2.38,3.65));
#17151=CARTESIAN_POINT('Origin',(12.5,-2.22,3.57));
#17152=CARTESIAN_POINT('',(12.58,-2.7,3.65));
#17153=CARTESIAN_POINT('',(12.58,-2.22,3.65));
#17154=CARTESIAN_POINT('',(12.686666666667,-2.593333333333,3.756666666667));
#17155=CARTESIAN_POINT('Origin',(12.5,-2.78,4.13));
#17156=CARTESIAN_POINT('',(12.58,-2.7,3.97));
#17157=CARTESIAN_POINT('',(12.58,-2.7,3.97));
#17158=CARTESIAN_POINT('',(12.58,-2.7,4.13));
#17159=CARTESIAN_POINT('Origin',(12.5,-2.22,4.05));
#17160=CARTESIAN_POINT('',(12.58,-2.22,3.97));
#17161=CARTESIAN_POINT('Origin',(12.58,-2.22,4.13));
#17162=CARTESIAN_POINT('Origin',(12.58,-2.22,1.59));
#17163=CARTESIAN_POINT('',(12.58,-2.38,1.43));
#17164=CARTESIAN_POINT('',(12.58,-2.7,1.43));
#17165=CARTESIAN_POINT('',(12.58,-2.22,1.43));
#17166=CARTESIAN_POINT('',(12.58,-2.7,1.11));
#17167=CARTESIAN_POINT('',(12.58,-2.7,1.59));
#17168=CARTESIAN_POINT('',(12.58,-2.38,1.11));
#17169=CARTESIAN_POINT('',(12.58,-2.22,1.11));
#17170=CARTESIAN_POINT('',(12.58,-2.38,1.59));
#17171=CARTESIAN_POINT('Origin',(12.5,-2.78,1.59));
#17172=CARTESIAN_POINT('',(12.42,-2.86,1.59));
#17173=CARTESIAN_POINT('',(12.58,-2.7,1.43));
#17174=CARTESIAN_POINT('',(12.42,-2.86,0.95));
#17175=CARTESIAN_POINT('',(12.42,-2.86,1.59));
#17176=CARTESIAN_POINT('',(12.686666666667,-2.593333333333,1.216666666667));
#17177=CARTESIAN_POINT('Origin',(12.5,-2.22,1.03));
#17178=CARTESIAN_POINT('',(12.42,-2.22,0.95));
#17179=CARTESIAN_POINT('',(12.58,-2.38,1.11));
#17180=CARTESIAN_POINT('',(12.42,-2.22,0.95));
#17181=CARTESIAN_POINT('Origin',(12.5,-2.3,1.59));
#17182=CARTESIAN_POINT('',(12.42,-2.22,1.59));
#17183=CARTESIAN_POINT('',(12.473333333333,-2.273333333333,1.536666666667));
#17184=CARTESIAN_POINT('',(12.42,-2.22,1.59));
#17185=CARTESIAN_POINT('Origin',(12.5,-2.22,1.51));
#17186=CARTESIAN_POINT('',(12.42,-2.22,1.59));
#17187=CARTESIAN_POINT('Origin',(6.115919732441,-2.86,0.579080267559));
#17188=CARTESIAN_POINT('',(6.61999999999971,-2.86,1.59));
#17189=CARTESIAN_POINT('',(6.61999999999971,-2.86,0.95));
#17190=CARTESIAN_POINT('',(6.61999999999971,-2.86,1.5382901337795));
#17191=CARTESIAN_POINT('',(12.58,-2.86,0.95));
#17192=CARTESIAN_POINT('',(2.22,-2.86,1.59));
#17193=CARTESIAN_POINT('Origin',(2.22,-2.22,1.59));
#17194=CARTESIAN_POINT('',(6.61999999999971,-2.22,1.59));
#17195=CARTESIAN_POINT('',(6.61999999999971,-4.92,1.59));
#17196=CARTESIAN_POINT('',(2.22,-2.22,1.59));
#17197=CARTESIAN_POINT('Origin',(6.115919732441,-2.22,0.579080267559));
#17198=CARTESIAN_POINT('',(6.61999999999971,-2.22,0.95));
#17199=CARTESIAN_POINT('',(6.61999999999971,-2.22,1.5382901337795));
#17200=CARTESIAN_POINT('',(12.58,-2.22,0.95));
#17201=CARTESIAN_POINT('Origin',(12.58,-2.22,0.95));
#17202=CARTESIAN_POINT('',(6.61999999999971,-4.92,0.95));
#17203=CARTESIAN_POINT('Origin',(6.61999999999971,-7.62,2.4975));
#17204=CARTESIAN_POINT('Origin',(6.61999999999971,-7.62,2.4975));
#17205=CARTESIAN_POINT('',(6.61999999999971,0.32,3.49));
#17206=CARTESIAN_POINT('',(6.61999999999971,0.32,4.13));
#17207=CARTESIAN_POINT('',(6.61999999999971,0.32,2.5243528457315));
#17208=CARTESIAN_POINT('',(6.61999999999971,-0.32,3.49));
#17209=CARTESIAN_POINT('',(6.61999999999971,-3.65,3.49));
#17210=CARTESIAN_POINT('',(6.61999999999971,-0.32,4.13));
#17211=CARTESIAN_POINT('',(6.61999999999971,-0.32,2.5243528457315));
#17212=CARTESIAN_POINT('',(6.61999999999971,-3.65,4.13));
#17213=CARTESIAN_POINT('Origin',(4.143794308537,-0.32,2.551205691463));
#17214=CARTESIAN_POINT('',(12.42,-0.32,3.49));
#17215=CARTESIAN_POINT('',(12.58,-0.32,3.49));
#17216=CARTESIAN_POINT('',(12.42,-0.32,4.13));
#17217=CARTESIAN_POINT('',(12.42,-0.32,4.13));
#17218=CARTESIAN_POINT('',(-0.32,-0.32,4.13));
#17219=CARTESIAN_POINT('Origin',(12.58,0.32,3.49));
#17220=CARTESIAN_POINT('',(12.42,0.32,3.49));
#17221=CARTESIAN_POINT('',(12.58,0.32,3.49));
#17222=CARTESIAN_POINT('',(12.42,0.32,3.49));
#17223=CARTESIAN_POINT('Origin',(4.143794308537,0.32,2.551205691463));
#17224=CARTESIAN_POINT('',(12.42,0.32,4.13));
#17225=CARTESIAN_POINT('',(-0.32,0.32,4.13));
#17226=CARTESIAN_POINT('',(12.42,0.32,4.13));
#17227=CARTESIAN_POINT('Origin',(-0.32,0.32,4.13));
#17228=CARTESIAN_POINT('',(12.42,0.32,4.13));
#17229=CARTESIAN_POINT('Origin',(12.5,0.24,4.13));
#17230=CARTESIAN_POINT('',(12.58,0.16,3.97));
#17231=CARTESIAN_POINT('',(12.473333333333,0.266666666667,4.076666666667));
#17232=CARTESIAN_POINT('',(12.58,0.16,3.65));
#17233=CARTESIAN_POINT('',(12.58,0.16,4.13));
#17234=CARTESIAN_POINT('',(12.58,0.16,3.65));
#17235=CARTESIAN_POINT('Origin',(12.5,0.32,3.57));
#17236=CARTESIAN_POINT('',(12.58,-0.16,3.65));
#17237=CARTESIAN_POINT('',(12.58,0.32,3.65));
#17238=CARTESIAN_POINT('',(12.686666666667,-0.05333333333334,3.756666666667));
#17239=CARTESIAN_POINT('Origin',(12.5,-0.24,4.13));
#17240=CARTESIAN_POINT('',(12.58,-0.16,3.97));
#17241=CARTESIAN_POINT('',(12.58,-0.16,3.97));
#17242=CARTESIAN_POINT('',(12.58,-0.16,4.13));
#17243=CARTESIAN_POINT('Origin',(12.5,0.32,4.05));
#17244=CARTESIAN_POINT('',(12.58,0.32,3.97));
#17245=CARTESIAN_POINT('Origin',(12.58,0.32,4.13));
#17246=CARTESIAN_POINT('Origin',(12.58,0.32,1.59));
#17247=CARTESIAN_POINT('',(12.58,0.16,1.43));
#17248=CARTESIAN_POINT('',(12.58,-0.16,1.43));
#17249=CARTESIAN_POINT('',(12.58,0.32,1.43));
#17250=CARTESIAN_POINT('',(12.58,-0.16,1.11));
#17251=CARTESIAN_POINT('',(12.58,-0.16,1.59));
#17252=CARTESIAN_POINT('',(12.58,0.16,1.11));
#17253=CARTESIAN_POINT('',(12.58,0.32,1.11));
#17254=CARTESIAN_POINT('',(12.58,0.16,1.59));
#17255=CARTESIAN_POINT('Origin',(12.5,0.32,1.51));
#17256=CARTESIAN_POINT('',(12.42,0.32,1.59));
#17257=CARTESIAN_POINT('',(12.473333333333,0.266666666667,1.536666666667));
#17258=CARTESIAN_POINT('',(12.42,-0.32,1.59));
#17259=CARTESIAN_POINT('',(12.42,0.32,1.59));
#17260=CARTESIAN_POINT('',(12.58,-0.16,1.43));
#17261=CARTESIAN_POINT('Origin',(12.5,-0.24,1.59));
#17262=CARTESIAN_POINT('',(12.42,-0.32,0.95));
#17263=CARTESIAN_POINT('',(12.42,-0.32,1.59));
#17264=CARTESIAN_POINT('',(12.686666666667,-0.05333333333333,1.216666666667));
#17265=CARTESIAN_POINT('Origin',(12.5,0.32,1.03));
#17266=CARTESIAN_POINT('',(12.42,0.32,0.95));
#17267=CARTESIAN_POINT('',(12.58,0.16,1.11));
#17268=CARTESIAN_POINT('',(12.42,0.32,0.95));
#17269=CARTESIAN_POINT('Origin',(12.5,0.24,1.59));
#17270=CARTESIAN_POINT('',(12.42,0.32,1.59));
#17271=CARTESIAN_POINT('Origin',(2.22,0.32,1.59));
#17272=CARTESIAN_POINT('',(6.61999999999971,0.32,1.59));
#17273=CARTESIAN_POINT('',(6.61999999999971,-0.32,1.59));
#17274=CARTESIAN_POINT('',(6.61999999999971,-3.65,1.59));
#17275=CARTESIAN_POINT('',(2.22,-0.32,1.59));
#17276=CARTESIAN_POINT('',(2.22,0.32,1.59));
#17277=CARTESIAN_POINT('Origin',(6.115919732441,0.32,0.579080267559));
#17278=CARTESIAN_POINT('',(6.61999999999971,0.32,0.95));
#17279=CARTESIAN_POINT('',(6.61999999999971,0.32,1.5382901337795));
#17280=CARTESIAN_POINT('',(12.58,0.32,0.95));
#17281=CARTESIAN_POINT('Origin',(12.58,0.32,0.95));
#17282=CARTESIAN_POINT('',(6.61999999999971,-0.32,0.95));
#17283=CARTESIAN_POINT('',(6.61999999999971,-3.65,0.95));
#17284=CARTESIAN_POINT('',(12.58,-0.32,0.95));
#17285=CARTESIAN_POINT('Origin',(6.115919732441,-0.32,0.579080267559));
#17286=CARTESIAN_POINT('',(6.61999999999971,-0.32,1.5382901337795));
#17287=CARTESIAN_POINT('Origin',(6.61999999999971,-7.62,2.4975));
#17288=CARTESIAN_POINT('',(0.,0.,0.));
#17289=CARTESIAN_POINT('Origin',(11.750000747075,15.000000747075,0.));
#17290=CARTESIAN_POINT('',(11.75,16.,0.));
#17291=CARTESIAN_POINT('',(11.75,16.,1.51));
#17292=CARTESIAN_POINT('',(11.75,16.,0.));
#17293=CARTESIAN_POINT('',(12.75,15.,1.51));
#17294=CARTESIAN_POINT('Origin',(11.750000747075,15.000000747075,1.51));
#17295=CARTESIAN_POINT('',(12.75,15.,0.));
#17296=CARTESIAN_POINT('',(12.75,15.,0.));
#17297=CARTESIAN_POINT('Origin',(11.750000747075,15.000000747075,0.));
#17298=CARTESIAN_POINT('Origin',(-11.75,16.,0.));
#17299=CARTESIAN_POINT('',(-11.75,16.,0.));
#17300=CARTESIAN_POINT('',(-11.75,16.,1.51));
#17301=CARTESIAN_POINT('',(-11.75,16.,0.));
#17302=CARTESIAN_POINT('',(-11.75,16.,1.51));
#17303=CARTESIAN_POINT('',(-11.75,16.,0.));
#17304=CARTESIAN_POINT('Origin',(12.75,15.,0.));
#17305=CARTESIAN_POINT('',(12.75,-15.,1.51));
#17306=CARTESIAN_POINT('',(12.75,15.,1.51));
#17307=CARTESIAN_POINT('',(12.75,-15.,0.));
#17308=CARTESIAN_POINT('',(12.75,-15.,0.));
#17309=CARTESIAN_POINT('',(12.75,15.,0.));
#17310=CARTESIAN_POINT('Origin',(0.,0.,0.));
#17311=CARTESIAN_POINT('',(11.75,-16.,0.));
#17312=CARTESIAN_POINT('Origin',(11.750000747075,-15.00000074707,0.));
#17313=CARTESIAN_POINT('',(-11.75,-16.,0.));
#17314=CARTESIAN_POINT('',(11.75,-16.,0.));
#17315=CARTESIAN_POINT('',(-12.75,-15.,0.));
#17316=CARTESIAN_POINT('Origin',(-11.75000074707,-15.00000074707,0.));
#17317=CARTESIAN_POINT('',(-12.75,15.,0.));
#17318=CARTESIAN_POINT('',(-12.75,-15.,0.));
#17319=CARTESIAN_POINT('Origin',(-11.75000074707,15.000000747075,0.));
#17320=CARTESIAN_POINT('',(-9.89,-12.21,0.));
#17321=CARTESIAN_POINT('Origin',(-9.89,-13.31,0.));
#17322=CARTESIAN_POINT('',(-3.27,-13.870001,0.));
#17323=CARTESIAN_POINT('Origin',(-3.27,-14.420001,0.));
#17324=CARTESIAN_POINT('',(-3.27,-9.37,0.));
#17325=CARTESIAN_POINT('Origin',(-3.27,-9.92,0.));
#17326=CARTESIAN_POINT('',(-10.52,-6.87,0.));
#17327=CARTESIAN_POINT('Origin',(-10.52,-7.42,0.));
#17328=CARTESIAN_POINT('',(-6.02,-6.87,0.));
#17329=CARTESIAN_POINT('Origin',(-6.02,-7.42,0.));
#17330=CARTESIAN_POINT('',(3.230001,-13.87,0.));
#17331=CARTESIAN_POINT('Origin',(3.230001,-14.42,0.));
#17332=CARTESIAN_POINT('',(3.23,-9.37,0.));
#17333=CARTESIAN_POINT('Origin',(3.23,-9.92,0.));
#17334=CARTESIAN_POINT('',(5.98,-6.870001,0.));
#17335=CARTESIAN_POINT('Origin',(5.98,-7.420001,0.));
#17336=CARTESIAN_POINT('',(10.48,-6.87,0.));
#17337=CARTESIAN_POINT('Origin',(10.48,-7.42,0.));
#17338=CARTESIAN_POINT('',(-10.52,-0.37,0.));
#17339=CARTESIAN_POINT('Origin',(-10.52,-0.92,0.));
#17340=CARTESIAN_POINT('',(-6.02,-0.37,0.));
#17341=CARTESIAN_POINT('Origin',(-6.02,-0.92,0.));
#17342=CARTESIAN_POINT('',(-3.27,2.38,0.));
#17343=CARTESIAN_POINT('Origin',(-3.27,1.83,0.));
#17344=CARTESIAN_POINT('',(-7.64,9.88,0.));
#17345=CARTESIAN_POINT('Origin',(-7.64,9.38,0.));
#17346=CARTESIAN_POINT('',(-7.64,12.42,0.));
#17347=CARTESIAN_POINT('Origin',(-7.64,11.92,0.));
#17348=CARTESIAN_POINT('',(-3.27,6.88,0.));
#17349=CARTESIAN_POINT('Origin',(-3.27,6.33,0.));
#17350=CARTESIAN_POINT('',(-5.1,9.88,0.));
#17351=CARTESIAN_POINT('Origin',(-5.1,9.38,0.));
#17352=CARTESIAN_POINT('',(-5.1,12.42,0.));
#17353=CARTESIAN_POINT('Origin',(-5.1,11.92,0.));
#17354=CARTESIAN_POINT('',(-2.560001,9.88,0.));
#17355=CARTESIAN_POINT('Origin',(-2.560001,9.38,0.));
#17356=CARTESIAN_POINT('',(-0.02,9.88,0.));
#17357=CARTESIAN_POINT('Origin',(-0.02,9.38,0.));
#17358=CARTESIAN_POINT('',(-2.56,12.42,0.));
#17359=CARTESIAN_POINT('Origin',(-2.56,11.92,0.));
#17360=CARTESIAN_POINT('',(-0.02,12.42,0.));
#17361=CARTESIAN_POINT('Origin',(-0.02,11.92,0.));
#17362=CARTESIAN_POINT('',(3.23,2.38,0.));
#17363=CARTESIAN_POINT('Origin',(3.23,1.83,0.));
#17364=CARTESIAN_POINT('',(5.979999,-0.37,0.));
#17365=CARTESIAN_POINT('Origin',(5.979999,-0.92,0.));
#17366=CARTESIAN_POINT('',(10.48,-0.37,0.));
#17367=CARTESIAN_POINT('Origin',(10.48,-0.92,0.));
#17368=CARTESIAN_POINT('',(10.02,6.25,0.));
#17369=CARTESIAN_POINT('Origin',(10.02,5.15,0.));
#17370=CARTESIAN_POINT('',(3.23,6.88,0.));
#17371=CARTESIAN_POINT('Origin',(3.23,6.33,0.));
#17372=CARTESIAN_POINT('',(2.52,9.88,0.));
#17373=CARTESIAN_POINT('Origin',(2.52,9.38,0.));
#17374=CARTESIAN_POINT('',(2.52,12.42,0.));
#17375=CARTESIAN_POINT('Origin',(2.52,11.92,0.));
#17376=CARTESIAN_POINT('',(5.06,9.88,0.));
#17377=CARTESIAN_POINT('Origin',(5.06,9.38,0.));
#17378=CARTESIAN_POINT('',(5.06,12.42,0.));
#17379=CARTESIAN_POINT('Origin',(5.06,11.92,0.));
#17380=CARTESIAN_POINT('',(7.6,9.88,0.));
#17381=CARTESIAN_POINT('Origin',(7.6,9.38,0.));
#17382=CARTESIAN_POINT('',(7.6,12.42,0.));
#17383=CARTESIAN_POINT('Origin',(7.6,11.92,0.));
#17384=CARTESIAN_POINT('Origin',(0.,0.,1.51));
#17385=CARTESIAN_POINT('',(-12.75,15.,1.51));
#17386=CARTESIAN_POINT('Origin',(-11.75000074707,15.000000747075,1.51));
#17387=CARTESIAN_POINT('',(-12.75,-15.,1.51));
#17388=CARTESIAN_POINT('',(-12.75,-15.,1.51));
#17389=CARTESIAN_POINT('',(-11.75,-16.,1.51));
#17390=CARTESIAN_POINT('Origin',(-11.75000074707,-15.00000074707,1.51));
#17391=CARTESIAN_POINT('',(11.75,-16.,1.51));
#17392=CARTESIAN_POINT('',(11.75,-16.,1.51));
#17393=CARTESIAN_POINT('Origin',(11.750000747075,-15.00000074707,1.51));
#17394=CARTESIAN_POINT('',(-9.89,-12.21,1.51));
#17395=CARTESIAN_POINT('Origin',(-9.89,-13.31,1.51));
#17396=CARTESIAN_POINT('',(-3.27,-13.870001,1.51));
#17397=CARTESIAN_POINT('Origin',(-3.27,-14.420001,1.51));
#17398=CARTESIAN_POINT('',(-3.27,-9.37,1.51));
#17399=CARTESIAN_POINT('Origin',(-3.27,-9.92,1.51));
#17400=CARTESIAN_POINT('',(-10.52,-6.87,1.51));
#17401=CARTESIAN_POINT('Origin',(-10.52,-7.42,1.51));
#17402=CARTESIAN_POINT('',(-6.02,-6.87,1.51));
#17403=CARTESIAN_POINT('Origin',(-6.02,-7.42,1.51));
#17404=CARTESIAN_POINT('',(3.230001,-13.87,1.51));
#17405=CARTESIAN_POINT('Origin',(3.230001,-14.42,1.51));
#17406=CARTESIAN_POINT('',(3.23,-9.37,1.51));
#17407=CARTESIAN_POINT('Origin',(3.23,-9.92,1.51));
#17408=CARTESIAN_POINT('',(5.98,-6.870001,1.51));
#17409=CARTESIAN_POINT('Origin',(5.98,-7.420001,1.51));
#17410=CARTESIAN_POINT('',(10.48,-6.87,1.51));
#17411=CARTESIAN_POINT('Origin',(10.48,-7.42,1.51));
#17412=CARTESIAN_POINT('',(-10.52,-0.37,1.51));
#17413=CARTESIAN_POINT('Origin',(-10.52,-0.92,1.51));
#17414=CARTESIAN_POINT('',(-6.02,-0.37,1.51));
#17415=CARTESIAN_POINT('Origin',(-6.02,-0.92,1.51));
#17416=CARTESIAN_POINT('',(-3.27,2.38,1.51));
#17417=CARTESIAN_POINT('Origin',(-3.27,1.83,1.51));
#17418=CARTESIAN_POINT('',(-7.64,9.88,1.51));
#17419=CARTESIAN_POINT('Origin',(-7.64,9.38,1.51));
#17420=CARTESIAN_POINT('',(-7.64,12.42,1.51));
#17421=CARTESIAN_POINT('Origin',(-7.64,11.92,1.51));
#17422=CARTESIAN_POINT('',(-3.27,6.88,1.51));
#17423=CARTESIAN_POINT('Origin',(-3.27,6.33,1.51));
#17424=CARTESIAN_POINT('',(-5.1,9.88,1.51));
#17425=CARTESIAN_POINT('Origin',(-5.1,9.38,1.51));
#17426=CARTESIAN_POINT('',(-5.1,12.42,1.51));
#17427=CARTESIAN_POINT('Origin',(-5.1,11.92,1.51));
#17428=CARTESIAN_POINT('',(-2.560001,9.88,1.51));
#17429=CARTESIAN_POINT('Origin',(-2.560001,9.38,1.51));
#17430=CARTESIAN_POINT('',(-0.02,9.88,1.51));
#17431=CARTESIAN_POINT('Origin',(-0.02,9.38,1.51));
#17432=CARTESIAN_POINT('',(-2.56,12.42,1.51));
#17433=CARTESIAN_POINT('Origin',(-2.56,11.92,1.51));
#17434=CARTESIAN_POINT('',(-0.02,12.42,1.51));
#17435=CARTESIAN_POINT('Origin',(-0.02,11.92,1.51));
#17436=CARTESIAN_POINT('',(3.23,2.38,1.51));
#17437=CARTESIAN_POINT('Origin',(3.23,1.83,1.51));
#17438=CARTESIAN_POINT('',(5.979999,-0.37,1.51));
#17439=CARTESIAN_POINT('Origin',(5.979999,-0.92,1.51));
#17440=CARTESIAN_POINT('',(10.48,-0.37,1.51));
#17441=CARTESIAN_POINT('Origin',(10.48,-0.92,1.51));
#17442=CARTESIAN_POINT('',(10.02,6.25,1.51));
#17443=CARTESIAN_POINT('Origin',(10.02,5.15,1.51));
#17444=CARTESIAN_POINT('',(3.23,6.88,1.51));
#17445=CARTESIAN_POINT('Origin',(3.23,6.33,1.51));
#17446=CARTESIAN_POINT('',(2.52,9.88,1.51));
#17447=CARTESIAN_POINT('Origin',(2.52,9.38,1.51));
#17448=CARTESIAN_POINT('',(2.52,12.42,1.51));
#17449=CARTESIAN_POINT('Origin',(2.52,11.92,1.51));
#17450=CARTESIAN_POINT('',(5.06,9.88,1.51));
#17451=CARTESIAN_POINT('Origin',(5.06,9.38,1.51));
#17452=CARTESIAN_POINT('',(5.06,12.42,1.51));
#17453=CARTESIAN_POINT('Origin',(5.06,11.92,1.51));
#17454=CARTESIAN_POINT('',(7.6,9.88,1.51));
#17455=CARTESIAN_POINT('Origin',(7.6,9.38,1.51));
#17456=CARTESIAN_POINT('',(7.6,12.42,1.51));
#17457=CARTESIAN_POINT('Origin',(7.6,11.92,1.51));
#17458=CARTESIAN_POINT('Origin',(-11.75000074707,15.000000747075,0.));
#17459=CARTESIAN_POINT('',(-12.75,15.,0.));
#17460=CARTESIAN_POINT('Origin',(11.750000747075,-15.00000074707,0.));
#17461=CARTESIAN_POINT('',(11.75,-16.,0.));
#17462=CARTESIAN_POINT('Origin',(-12.75,-15.,0.));
#17463=CARTESIAN_POINT('',(-12.75,-15.,0.));
#17464=CARTESIAN_POINT('Origin',(11.75,-16.,0.));
#17465=CARTESIAN_POINT('',(-11.75,-16.,0.));
#17466=CARTESIAN_POINT('Origin',(-11.75000074707,-15.00000074707,0.));
#17467=CARTESIAN_POINT('Origin',(-9.89,-13.31,-0.046));
#17468=CARTESIAN_POINT('',(-9.89,-12.21,-0.046));
#17469=CARTESIAN_POINT('Origin',(-3.27,-14.420001,-0.046));
#17470=CARTESIAN_POINT('',(-3.27,-13.870001,-0.046));
#17471=CARTESIAN_POINT('Origin',(-3.27,-9.92,-0.046));
#17472=CARTESIAN_POINT('',(-3.27,-9.37,-0.046));
#17473=CARTESIAN_POINT('Origin',(-10.52,-7.42,-0.046));
#17474=CARTESIAN_POINT('',(-10.52,-6.87,-0.046));
#17475=CARTESIAN_POINT('Origin',(-6.02,-7.42,-0.046));
#17476=CARTESIAN_POINT('',(-6.02,-6.87,-0.046));
#17477=CARTESIAN_POINT('Origin',(3.230001,-14.42,-0.046));
#17478=CARTESIAN_POINT('',(3.230001,-13.87,-0.046));
#17479=CARTESIAN_POINT('Origin',(3.23,-9.92,-0.046));
#17480=CARTESIAN_POINT('',(3.23,-9.37,-0.046));
#17481=CARTESIAN_POINT('Origin',(5.98,-7.420001,-0.046));
#17482=CARTESIAN_POINT('',(5.98,-6.870001,-0.046));
#17483=CARTESIAN_POINT('Origin',(10.48,-7.42,-0.046));
#17484=CARTESIAN_POINT('',(10.48,-6.87,-0.046));
#17485=CARTESIAN_POINT('Origin',(-10.52,-0.92,-0.046));
#17486=CARTESIAN_POINT('',(-10.52,-0.37,-0.046));
#17487=CARTESIAN_POINT('Origin',(-6.02,-0.92,-0.046));
#17488=CARTESIAN_POINT('',(-6.02,-0.37,-0.046));
#17489=CARTESIAN_POINT('Origin',(-3.27,1.83,-0.046));
#17490=CARTESIAN_POINT('',(-3.27,2.38,-0.046));
#17491=CARTESIAN_POINT('Origin',(-7.64,9.38,-0.046));
#17492=CARTESIAN_POINT('',(-7.64,9.88,-0.046));
#17493=CARTESIAN_POINT('Origin',(-7.64,11.92,-0.046));
#17494=CARTESIAN_POINT('',(-7.64,12.42,-0.046));
#17495=CARTESIAN_POINT('Origin',(-3.27,6.33,-0.046));
#17496=CARTESIAN_POINT('',(-3.27,6.88,-0.046));
#17497=CARTESIAN_POINT('Origin',(-5.1,9.38,-0.046));
#17498=CARTESIAN_POINT('',(-5.1,9.88,-0.046));
#17499=CARTESIAN_POINT('Origin',(-5.1,11.92,-0.046));
#17500=CARTESIAN_POINT('',(-5.1,12.42,-0.046));
#17501=CARTESIAN_POINT('Origin',(-2.560001,9.38,-0.046));
#17502=CARTESIAN_POINT('',(-2.560001,9.88,-0.046));
#17503=CARTESIAN_POINT('Origin',(-0.02,9.38,-0.046));
#17504=CARTESIAN_POINT('',(-0.02,9.88,-0.046));
#17505=CARTESIAN_POINT('Origin',(-2.56,11.92,-0.046));
#17506=CARTESIAN_POINT('',(-2.56,12.42,-0.046));
#17507=CARTESIAN_POINT('Origin',(-0.02,11.92,-0.046));
#17508=CARTESIAN_POINT('',(-0.02,12.42,-0.046));
#17509=CARTESIAN_POINT('Origin',(3.23,1.83,-0.046));
#17510=CARTESIAN_POINT('',(3.23,2.38,-0.046));
#17511=CARTESIAN_POINT('Origin',(5.979999,-0.92,-0.046));
#17512=CARTESIAN_POINT('',(5.979999,-0.37,-0.046));
#17513=CARTESIAN_POINT('Origin',(10.48,-0.92,-0.046));
#17514=CARTESIAN_POINT('',(10.48,-0.37,-0.046));
#17515=CARTESIAN_POINT('Origin',(10.02,5.15,-0.046));
#17516=CARTESIAN_POINT('',(10.02,6.25,-0.046));
#17517=CARTESIAN_POINT('Origin',(3.23,6.33,-0.046));
#17518=CARTESIAN_POINT('',(3.23,6.88,-0.046));
#17519=CARTESIAN_POINT('Origin',(2.52,9.38,-0.046));
#17520=CARTESIAN_POINT('',(2.52,9.88,-0.046));
#17521=CARTESIAN_POINT('Origin',(2.52,11.92,-0.046));
#17522=CARTESIAN_POINT('',(2.52,12.42,-0.046));
#17523=CARTESIAN_POINT('Origin',(5.06,9.38,-0.046));
#17524=CARTESIAN_POINT('',(5.06,9.88,-0.046));
#17525=CARTESIAN_POINT('Origin',(5.06,11.92,-0.046));
#17526=CARTESIAN_POINT('',(5.06,12.42,-0.046));
#17527=CARTESIAN_POINT('Origin',(7.6,9.38,-0.046));
#17528=CARTESIAN_POINT('',(7.6,9.88,-0.046));
#17529=CARTESIAN_POINT('Origin',(7.6,11.92,-0.046));
#17530=CARTESIAN_POINT('',(7.6,12.42,-0.046));
#17531=CARTESIAN_POINT('',(0.,0.,0.));
#17532=CARTESIAN_POINT('Origin',(11.7499999999997,14.9999999999997,1.51));
#17533=CARTESIAN_POINT('',(11.7499999999997,15.9999999999997,11.01));
#17534=CARTESIAN_POINT('',(12.7499999999997,14.9999999999997,11.01));
#17535=CARTESIAN_POINT('Origin',(11.7499999999997,14.9999999999997,11.01));
#17536=CARTESIAN_POINT('',(12.7499999999997,14.9999999999997,1.51));
#17537=CARTESIAN_POINT('',(12.7499999999997,14.9999999999997,1.51));
#17538=CARTESIAN_POINT('',(11.7499999999997,15.9999999999997,1.51));
#17539=CARTESIAN_POINT('Origin',(11.7499999999997,14.9999999999997,1.51));
#17540=CARTESIAN_POINT('',(11.7499999999997,15.9999999999997,1.51));
#17541=CARTESIAN_POINT('Origin',(12.7499999999997,-18.5,1.51));
#17542=CARTESIAN_POINT('',(12.7499999999997,-17.5,11.01));
#17543=CARTESIAN_POINT('',(12.7499999999997,15.9999999999997,11.01));
#17544=CARTESIAN_POINT('',(12.7499999999997,-17.5,-2.24));
#17545=CARTESIAN_POINT('',(12.7499999999997,-17.5,1.51));
#17546=CARTESIAN_POINT('',(12.7499999999997,-16.,-2.24));
#17547=CARTESIAN_POINT('',(12.7499999999997,15.9999999999997,-2.24));
#17548=CARTESIAN_POINT('',(12.7499999999997,-16.,1.51));
#17549=CARTESIAN_POINT('',(12.7499999999997,-16.,1.51));
#17550=CARTESIAN_POINT('',(12.7499999999997,15.9999999999997,1.51));
#17551=CARTESIAN_POINT('Origin',(7.6,11.92,11.01));
#17552=CARTESIAN_POINT('',(-11.7499999999945,15.9999999999997,11.01));
#17553=CARTESIAN_POINT('',(-12.7499999999945,15.9999999999997,11.01));
#17554=CARTESIAN_POINT('',(-12.7499999999945,14.9999999999997,11.01));
#17555=CARTESIAN_POINT('Origin',(-11.7499999999945,14.9999999999997,11.01));
#17556=CARTESIAN_POINT('',(-12.7499999999945,-17.5,11.01));
#17557=CARTESIAN_POINT('',(-12.7499999999945,-18.5,11.01));
#17558=CARTESIAN_POINT('',(-11.7499999999945,-18.5,11.01));
#17559=CARTESIAN_POINT('Origin',(-11.7499999999945,-17.5,11.01));
#17560=CARTESIAN_POINT('',(11.7499999999997,-18.5,11.01));
#17561=CARTESIAN_POINT('',(12.7499999999997,-18.5,11.01));
#17562=CARTESIAN_POINT('Origin',(11.7499999999997,-17.5,11.01));
#17563=CARTESIAN_POINT('',(4.58115993425642,-8.12603979669079,11.01));
#17564=CARTESIAN_POINT('',(1.08115993425642,-4.62603979669078,11.01));
#17565=CARTESIAN_POINT('',(0.397583306222981,-3.94246316865734,11.01));
#17566=CARTESIAN_POINT('',(1.08115993425642,-3.91893301550423,11.01));
#17567=CARTESIAN_POINT('Origin',(1.4347133248497,-4.2724864060975,11.01));
#17568=CARTESIAN_POINT('',(4.58115993425643,-0.418933015504221,11.01));
#17569=CARTESIAN_POINT('',(6.49382650927173,1.49373355951109,11.01));
#17570=CARTESIAN_POINT('',(4.9347133248497,-0.272486406097495,11.01));
#17571=CARTESIAN_POINT('Origin',(4.9347133248497,-0.772486406097495,11.01));
#17572=CARTESIAN_POINT('',(10.7276065436632,-0.272486406097511,11.01));
#17573=CARTESIAN_POINT('',(6.16380327183156,-0.272486406097499,11.01));
#17574=CARTESIAN_POINT('',(11.2276065436632,-0.772486406097511,11.01));
#17575=CARTESIAN_POINT('Origin',(10.7276065436632,-0.772486406097511,11.01));
#17576=CARTESIAN_POINT('',(11.2276065436631,-7.77248640609751,11.01));
#17577=CARTESIAN_POINT('',(11.2276065436632,5.82375679695124,11.01));
#17578=CARTESIAN_POINT('',(10.7276065436631,-8.27248640609751,11.01));
#17579=CARTESIAN_POINT('Origin',(10.7276065436631,-7.77248640609751,11.01));
#17580=CARTESIAN_POINT('',(4.9347133248497,-8.27248640609751,11.01));
#17581=CARTESIAN_POINT('',(9.41380327183158,-8.27248640609751,11.01));
#17582=CARTESIAN_POINT('Origin',(4.9347133248497,-7.77248640609751,11.01));
#17583=CARTESIAN_POINT('',(-3.97843325302763,-8.77364634035392,11.01));
#17584=CARTESIAN_POINT('',(-0.478433253027625,-5.27364634035392,11.01));
#17585=CARTESIAN_POINT('',(4.0163633406144,-0.778849746711912,11.01));
#17586=CARTESIAN_POINT('',(0.228673528158921,-5.27364634035393,11.01));
#17587=CARTESIAN_POINT('Origin',(-0.124879862434351,-5.6271997309472,11.01));
#17588=CARTESIAN_POINT('',(3.72867352815893,-8.77364634035393,11.01));
#17589=CARTESIAN_POINT('',(-2.40368313426592,-2.64128967792908,11.01));
#17590=CARTESIAN_POINT('',(3.87512013756566,-9.12719973094721,11.01));
#17591=CARTESIAN_POINT('Origin',(3.37512013756566,-9.1271997309472,11.01));
#17592=CARTESIAN_POINT('',(3.87512013756564,-14.9200929497607,11.01));
#17593=CARTESIAN_POINT('',(3.87512013756569,1.49995352511968,11.01));
#17594=CARTESIAN_POINT('',(3.37512013756564,-15.4200929497607,11.01));
#17595=CARTESIAN_POINT('Origin',(3.37512013756564,-14.9200929497607,11.01));
#17596=CARTESIAN_POINT('',(-3.62487986243436,-15.4200929497607,11.01));
#17597=CARTESIAN_POINT('',(5.73756006878281,-15.4200929497607,11.01));
#17598=CARTESIAN_POINT('',(-4.12487986243436,-14.9200929497607,11.01));
#17599=CARTESIAN_POINT('Origin',(-3.62487986243436,-14.9200929497607,11.01));
#17600=CARTESIAN_POINT('',(-4.12487986243436,-9.1271997309472,11.01));
#17601=CARTESIAN_POINT('',(-4.12487986243436,-1.75004647488033,11.01));
#17602=CARTESIAN_POINT('Origin',(-3.62487986243436,-9.1271997309472,11.01));
#17603=CARTESIAN_POINT('',(-4.62603979669077,-0.21405315306987,11.01));
#17604=CARTESIAN_POINT('',(-1.12603979669077,-3.71405315306988,11.01));
#17605=CARTESIAN_POINT('',(-4.67626644048892,-0.163826509271726,11.01));
#17606=CARTESIAN_POINT('',(-1.12603979669077,-4.42115993425643,11.01));
#17607=CARTESIAN_POINT('Origin',(-1.47959318728405,-4.06760654366315,11.01));
#17608=CARTESIAN_POINT('',(-4.62603979669078,-7.92115993425644,11.01));
#17609=CARTESIAN_POINT('',(5.31753683134266,2.02241669377701,11.01));
#17610=CARTESIAN_POINT('',(-4.97959318728405,-8.06760654366316,11.01));
#17611=CARTESIAN_POINT('Origin',(-4.97959318728405,-7.56760654366316,11.01));
#17612=CARTESIAN_POINT('',(-10.7724864060975,-8.06760654366315,11.01));
#17613=CARTESIAN_POINT('',(1.41375679695122,-8.06760654366318,11.01));
#17614=CARTESIAN_POINT('',(-11.2724864060975,-7.56760654366315,11.01));
#17615=CARTESIAN_POINT('Origin',(-10.7724864060975,-7.56760654366315,11.01));
#17616=CARTESIAN_POINT('',(-11.2724864060975,-0.567606543663146,11.01));
#17617=CARTESIAN_POINT('',(-11.2724864060975,1.92619672816843,11.01));
#17618=CARTESIAN_POINT('',(-10.7724864060975,-0.0676065436631456,11.01));
#17619=CARTESIAN_POINT('Origin',(-10.7724864060975,-0.567606543663146,11.01));
#17620=CARTESIAN_POINT('',(-4.97959318728405,-0.0676065436631435,11.01));
#17621=CARTESIAN_POINT('',(-1.83624320304875,-0.0676065436631423,11.01));
#17622=CARTESIAN_POINT('Origin',(-4.97959318728405,-0.567606543663144,11.01));
#17623=CARTESIAN_POINT('',(3.93355339059328,0.433553390593272,11.01));
#17624=CARTESIAN_POINT('',(0.433553390593272,-3.06644660940673,11.01));
#17625=CARTESIAN_POINT('',(7.79500000000001,4.29499999999999,11.01));
#17626=CARTESIAN_POINT('',(-0.273553390593276,-3.06644660940673,11.01));
#17627=CARTESIAN_POINT('Origin',(0.079999999999998,-2.71289321881346,11.01));
#17628=CARTESIAN_POINT('',(-3.77355339059328,0.433553390593274,11.01));
#17629=CARTESIAN_POINT('',(-1.875,-1.46500000000001,11.01));
#17630=CARTESIAN_POINT('',(-3.92000000000001,0.787106781186551,11.01));
#17631=CARTESIAN_POINT('Origin',(-3.42000000000001,0.787106781186549,11.01));
#17632=CARTESIAN_POINT('',(-3.91999999999999,6.58,11.01));
#17633=CARTESIAN_POINT('',(-3.92,6.25000000000001,11.01));
#17634=CARTESIAN_POINT('',(-3.42,7.08,11.01));
#17635=CARTESIAN_POINT('Origin',(-3.42,6.58,11.01));
#17636=CARTESIAN_POINT('',(3.58000000000001,7.08,11.01));
#17637=CARTESIAN_POINT('',(1.84,7.08,11.01));
#17638=CARTESIAN_POINT('',(4.08000000000001,6.58,11.01));
#17639=CARTESIAN_POINT('Origin',(3.58000000000001,6.58,11.01));
#17640=CARTESIAN_POINT('',(4.08000000000001,0.787106781186546,11.01));
#17641=CARTESIAN_POINT('',(4.08,9.5,11.01));
#17642=CARTESIAN_POINT('Origin',(3.58000000000001,0.787106781186546,11.01));
#17643=CARTESIAN_POINT('Origin',(-11.7499999999945,14.9999999999997,1.51));
#17644=CARTESIAN_POINT('',(-11.7499999999945,15.9999999999997,1.51));
#17645=CARTESIAN_POINT('',(-11.7499999999945,15.9999999999997,1.51));
#17646=CARTESIAN_POINT('',(-12.7499999999945,14.9999999999997,1.51));
#17647=CARTESIAN_POINT('Origin',(-11.7499999999945,14.9999999999997,1.51));
#17648=CARTESIAN_POINT('',(-12.7499999999945,14.9999999999997,1.51));
#17649=CARTESIAN_POINT('Origin',(-12.7499999999945,15.9999999999997,1.51));
#17650=CARTESIAN_POINT('',(-12.7499999999945,-16.,1.51));
#17651=CARTESIAN_POINT('',(-12.7499999999945,-18.5,1.51));
#17652=CARTESIAN_POINT('',(-12.7499999999945,-16.,-2.24));
#17653=CARTESIAN_POINT('',(-12.7499999999945,-16.,1.51));
#17654=CARTESIAN_POINT('',(-12.7499999999945,-17.5,-2.24));
#17655=CARTESIAN_POINT('',(-12.7499999999945,-18.5,-2.24));
#17656=CARTESIAN_POINT('',(-12.7499999999945,-17.5,1.51));
#17657=CARTESIAN_POINT('Origin',(-11.7499999999945,-17.5,1.51));
#17658=CARTESIAN_POINT('',(-11.7499999999945,-18.5,-2.24));
#17659=CARTESIAN_POINT('Origin',(-11.7499999999945,-17.5,-2.24));
#17660=CARTESIAN_POINT('',(-11.7499999999945,-18.5,1.51));
#17661=CARTESIAN_POINT('Origin',(-12.7499999999945,-18.5,1.51));
#17662=CARTESIAN_POINT('',(11.7499999999997,-18.5,-2.24));
#17663=CARTESIAN_POINT('',(12.7499999999997,-18.5,-2.24));
#17664=CARTESIAN_POINT('',(11.7499999999997,-18.5,1.51));
#17665=CARTESIAN_POINT('Origin',(2.59126053947512E-12,-17.25,-2.24));
#17666=CARTESIAN_POINT('',(-11.2499999999945,-16.,-2.24));
#17667=CARTESIAN_POINT('',(-12.7499999999945,-16.,-2.24));
#17668=CARTESIAN_POINT('',(-11.2499999999945,-17.,-2.24));
#17669=CARTESIAN_POINT('',(-11.2499999999945,14.4999999999997,-2.24));
#17670=CARTESIAN_POINT('',(11.2499999999997,-17.,-2.24));
#17671=CARTESIAN_POINT('',(-11.2499999999945,-17.,-2.24));
#17672=CARTESIAN_POINT('',(11.2499999999997,-16.,-2.24));
#17673=CARTESIAN_POINT('',(11.2499999999997,-17.,-2.24));
#17674=CARTESIAN_POINT('',(-12.7499999999945,-16.,-2.24));
#17675=CARTESIAN_POINT('Origin',(11.7499999999997,-17.5,-2.24));
#17676=CARTESIAN_POINT('Origin',(11.7499999999997,-17.5,1.51));
#17677=CARTESIAN_POINT('Origin',(8.87,15.9999999999997,6.975));
#17678=CARTESIAN_POINT('',(-9.21,14.4999999999997,6.975));
#17679=CARTESIAN_POINT('',(9.17,14.4999999999997,6.975));
#17680=CARTESIAN_POINT('',(10.8099999999999,14.4999999999997,6.975));
#17681=CARTESIAN_POINT('',(-9.21,15.9999999999997,6.975));
#17682=CARTESIAN_POINT('',(-9.21,15.9999999999997,6.975));
#17683=CARTESIAN_POINT('',(9.17,15.9999999999997,6.975));
#17684=CARTESIAN_POINT('',(10.8099999999999,15.9999999999997,6.975));
#17685=CARTESIAN_POINT('',(9.17,15.9999999999997,6.975));
#17686=CARTESIAN_POINT('Origin',(9.17,15.9999999999997,1.51));
#17687=CARTESIAN_POINT('',(9.17,14.4999999999997,1.51));
#17688=CARTESIAN_POINT('',(9.17,14.4999999999997,1.51));
#17689=CARTESIAN_POINT('',(9.17,15.9999999999997,1.51));
#17690=CARTESIAN_POINT('',(9.17,15.9999999999997,1.51));
#17691=CARTESIAN_POINT('',(9.17,13.9599999999999,1.51));
#17692=CARTESIAN_POINT('Origin',(-9.21,15.9999999999997,6.675));
#17693=CARTESIAN_POINT('',(-9.21,14.4999999999997,1.51));
#17694=CARTESIAN_POINT('',(-9.21,14.4999999999997,4.0925));
#17695=CARTESIAN_POINT('',(-9.21,15.9999999999997,1.51));
#17696=CARTESIAN_POINT('',(-9.21,13.9599999999999,1.51));
#17697=CARTESIAN_POINT('',(-9.21,15.9999999999997,4.0925));
#17698=CARTESIAN_POINT('Origin',(12.7499999999997,14.4999999999997,1.51));
#17699=CARTESIAN_POINT('',(11.2499999999997,14.4999999999997,1.51));
#17700=CARTESIAN_POINT('',(10.1749999999999,14.4999999999997,1.51));
#17701=CARTESIAN_POINT('',(11.2499999999997,14.4999999999997,9.51));
#17702=CARTESIAN_POINT('',(11.2499999999997,14.4999999999997,1.51));
#17703=CARTESIAN_POINT('',(-11.2499999999945,14.4999999999997,9.51));
#17704=CARTESIAN_POINT('',(10.1749999999999,14.4999999999997,9.51));
#17705=CARTESIAN_POINT('',(-11.2499999999945,14.4999999999997,1.51));
#17706=CARTESIAN_POINT('',(-11.2499999999945,14.4999999999997,1.51));
#17707=CARTESIAN_POINT('',(10.1749999999999,14.4999999999997,1.51));
#17708=CARTESIAN_POINT('Origin',(7.6,11.92,1.51));
#17709=CARTESIAN_POINT('',(11.2499999999997,-16.,1.51));
#17710=CARTESIAN_POINT('',(9.42499999999986,-16.,1.51));
#17711=CARTESIAN_POINT('',(11.2499999999997,-3.29,1.51));
#17712=CARTESIAN_POINT('',(-12.7499999999945,15.9999999999997,1.51));
#17713=CARTESIAN_POINT('Origin',(4.9347133248497,-7.77248640609751,11.01));
#17714=CARTESIAN_POINT('',(4.9347133248497,-8.27248640609751,9.51));
#17715=CARTESIAN_POINT('',(4.9347133248497,-8.27248640609751,11.01));
#17716=CARTESIAN_POINT('',(4.58115993425642,-8.12603979669079,9.51));
#17717=CARTESIAN_POINT('Origin',(4.9347133248497,-7.77248640609751,9.51));
#17718=CARTESIAN_POINT('',(4.58115993425642,-8.12603979669079,11.01));
#17719=CARTESIAN_POINT('Origin',(11.2276065436632,-8.27248640609751,11.01));
#17720=CARTESIAN_POINT('',(10.7276065436631,-8.27248640609751,9.51));
#17721=CARTESIAN_POINT('',(10.7276065436631,-8.27248640609751,11.01));
#17722=CARTESIAN_POINT('',(9.41380327183158,-8.27248640609751,9.51));
#17723=CARTESIAN_POINT('Origin',(10.7276065436631,-7.77248640609751,11.01));
#17724=CARTESIAN_POINT('',(11.2276065436631,-7.77248640609751,9.51));
#17725=CARTESIAN_POINT('',(11.2276065436631,-7.77248640609751,11.01));
#17726=CARTESIAN_POINT('Origin',(10.7276065436631,-7.77248640609751,9.51));
#17727=CARTESIAN_POINT('Origin',(11.2276065436632,-0.272486406097513,11.01));
#17728=CARTESIAN_POINT('',(11.2276065436632,-0.772486406097511,9.51));
#17729=CARTESIAN_POINT('',(11.2276065436632,-0.772486406097511,11.01));
#17730=CARTESIAN_POINT('',(11.2276065436632,5.82375679695124,9.51));
#17731=CARTESIAN_POINT('Origin',(10.7276065436632,-0.772486406097511,11.01));
#17732=CARTESIAN_POINT('',(10.7276065436632,-0.272486406097511,9.51));
#17733=CARTESIAN_POINT('',(10.7276065436632,-0.272486406097511,11.01));
#17734=CARTESIAN_POINT('Origin',(10.7276065436632,-0.772486406097511,9.51));
#17735=CARTESIAN_POINT('Origin',(4.72760654366315,-0.272486406097495,11.01));
#17736=CARTESIAN_POINT('',(4.9347133248497,-0.272486406097495,9.51));
#17737=CARTESIAN_POINT('',(4.9347133248497,-0.272486406097495,11.01));
#17738=CARTESIAN_POINT('',(6.16380327183156,-0.272486406097499,9.51));
#17739=CARTESIAN_POINT('Origin',(4.9347133248497,-0.772486406097495,11.01));
#17740=CARTESIAN_POINT('',(4.58115993425643,-0.418933015504221,9.51));
#17741=CARTESIAN_POINT('',(4.58115993425643,-0.418933015504221,11.01));
#17742=CARTESIAN_POINT('Origin',(4.9347133248497,-0.772486406097495,9.51));
#17743=CARTESIAN_POINT('Origin',(0.727606543663148,-4.2724864060975,11.01));
#17744=CARTESIAN_POINT('',(1.08115993425642,-3.91893301550423,9.51));
#17745=CARTESIAN_POINT('',(1.08115993425642,-3.91893301550423,11.01));
#17746=CARTESIAN_POINT('',(6.49382650927173,1.49373355951109,9.51));
#17747=CARTESIAN_POINT('Origin',(1.4347133248497,-4.2724864060975,11.01));
#17748=CARTESIAN_POINT('',(1.08115993425642,-4.62603979669078,9.51));
#17749=CARTESIAN_POINT('',(1.08115993425642,-4.62603979669078,11.01));
#17750=CARTESIAN_POINT('Origin',(1.4347133248497,-4.2724864060975,9.51));
#17751=CARTESIAN_POINT('Origin',(4.72760654366315,-8.27248640609751,11.01));
#17752=CARTESIAN_POINT('',(0.397583306222981,-3.94246316865734,9.51));
#17753=CARTESIAN_POINT('Origin',(-3.62487986243436,-9.1271997309472,11.01));
#17754=CARTESIAN_POINT('',(-4.12487986243436,-9.1271997309472,9.51));
#17755=CARTESIAN_POINT('',(-4.12487986243436,-9.1271997309472,11.01));
#17756=CARTESIAN_POINT('',(-3.97843325302763,-8.77364634035392,9.51));
#17757=CARTESIAN_POINT('Origin',(-3.62487986243436,-9.1271997309472,9.51));
#17758=CARTESIAN_POINT('',(-3.97843325302763,-8.77364634035393,11.01));
#17759=CARTESIAN_POINT('Origin',(-4.12487986243436,-15.4200929497607,11.01));
#17760=CARTESIAN_POINT('',(-4.12487986243436,-14.9200929497607,9.51));
#17761=CARTESIAN_POINT('',(-4.12487986243436,-14.9200929497607,11.01));
#17762=CARTESIAN_POINT('',(-4.12487986243436,-1.75004647488033,9.51));
#17763=CARTESIAN_POINT('Origin',(-3.62487986243436,-14.9200929497607,11.01));
#17764=CARTESIAN_POINT('',(-3.62487986243436,-15.4200929497607,9.51));
#17765=CARTESIAN_POINT('',(-3.62487986243436,-15.4200929497607,11.01));
#17766=CARTESIAN_POINT('Origin',(-3.62487986243436,-14.9200929497607,9.51));
#17767=CARTESIAN_POINT('Origin',(3.87512013756564,-15.4200929497607,11.01));
#17768=CARTESIAN_POINT('',(3.37512013756564,-15.4200929497607,9.51));
#17769=CARTESIAN_POINT('',(3.37512013756564,-15.4200929497607,11.01));
#17770=CARTESIAN_POINT('',(5.73756006878281,-15.4200929497607,9.51));
#17771=CARTESIAN_POINT('Origin',(3.37512013756564,-14.9200929497607,11.01));
#17772=CARTESIAN_POINT('',(3.87512013756564,-14.9200929497607,9.51));
#17773=CARTESIAN_POINT('',(3.87512013756564,-14.9200929497607,11.01));
#17774=CARTESIAN_POINT('Origin',(3.37512013756564,-14.9200929497607,9.51));
#17775=CARTESIAN_POINT('Origin',(3.87512013756566,-8.92009294976066,11.01));
#17776=CARTESIAN_POINT('',(3.87512013756566,-9.12719973094721,9.51));
#17777=CARTESIAN_POINT('',(3.87512013756566,-9.12719973094721,11.01));
#17778=CARTESIAN_POINT('',(3.87512013756569,1.49995352511968,9.51));
#17779=CARTESIAN_POINT('Origin',(3.37512013756566,-9.1271997309472,11.01));
#17780=CARTESIAN_POINT('',(3.72867352815893,-8.77364634035393,9.51));
#17781=CARTESIAN_POINT('',(3.72867352815893,-8.77364634035393,11.01));
#17782=CARTESIAN_POINT('Origin',(3.37512013756566,-9.1271997309472,9.51));
#17783=CARTESIAN_POINT('Origin',(-0.12487986243435,-4.92009294976065,11.01));
#17784=CARTESIAN_POINT('',(0.228673528158921,-5.27364634035393,9.51));
#17785=CARTESIAN_POINT('',(0.228673528158923,-5.27364634035392,11.01));
#17786=CARTESIAN_POINT('',(-2.40368313426592,-2.64128967792908,9.51));
#17787=CARTESIAN_POINT('Origin',(-0.124879862434351,-5.6271997309472,11.01));
#17788=CARTESIAN_POINT('',(-0.478433253027625,-5.27364634035392,9.51));
#17789=CARTESIAN_POINT('',(-0.478433253027624,-5.27364634035392,11.01));
#17790=CARTESIAN_POINT('Origin',(-0.124879862434351,-5.6271997309472,9.51));
#17791=CARTESIAN_POINT('Origin',(-4.12487986243436,-8.92009294976065,11.01));
#17792=CARTESIAN_POINT('',(4.0163633406144,-0.778849746711912,9.51));
#17793=CARTESIAN_POINT('Origin',(-4.97959318728405,-0.567606543663144,11.01));
#17794=CARTESIAN_POINT('',(-4.97959318728405,-0.0676065436631435,9.51));
#17795=CARTESIAN_POINT('',(-4.97959318728405,-0.0676065436631434,11.01));
#17796=CARTESIAN_POINT('',(-4.62603979669077,-0.21405315306987,9.51));
#17797=CARTESIAN_POINT('Origin',(-4.97959318728405,-0.567606543663144,9.51));
#17798=CARTESIAN_POINT('',(-4.62603979669078,-0.21405315306987,11.01));
#17799=CARTESIAN_POINT('Origin',(-11.2724864060975,-0.0676065436631457,
11.01));
#17800=CARTESIAN_POINT('',(-10.7724864060975,-0.0676065436631456,9.51));
#17801=CARTESIAN_POINT('',(-10.7724864060975,-0.0676065436631455,11.01));
#17802=CARTESIAN_POINT('',(-1.83624320304875,-0.0676065436631423,9.51));
#17803=CARTESIAN_POINT('Origin',(-10.7724864060975,-0.567606543663146,11.01));
#17804=CARTESIAN_POINT('',(-11.2499999999945,-0.419347420356912,9.51));
#17805=CARTESIAN_POINT('',(-11.2724864060975,-0.567606543663146,9.51));
#17806=CARTESIAN_POINT('Origin',(-10.7724864060975,-0.567606543663146,9.51));
#17807=CARTESIAN_POINT('Origin',(-10.7724864060975,-0.567606543663146,9.51));
#17808=CARTESIAN_POINT('',(-11.2724864060975,-0.567606543663146,11.01));
#17809=CARTESIAN_POINT('Origin',(-6.0224864060975,-4.06760654366315,9.51));
#17810=CARTESIAN_POINT('',(-11.2724864060975,-7.56760654366315,9.51));
#17811=CARTESIAN_POINT('',(-11.2724864060975,-6.06760654366315,9.51));
#17812=CARTESIAN_POINT('',(-11.2499999999945,-7.71586566696939,9.51));
#17813=CARTESIAN_POINT('Origin',(-10.7724864060975,-7.56760654366315,9.51));
#17814=CARTESIAN_POINT('',(-11.2499999999945,13.9599999999998,9.51));
#17815=CARTESIAN_POINT('Origin',(-11.2724864060975,-8.06760654366314,11.01));
#17816=CARTESIAN_POINT('',(-11.2724864060975,-7.56760654366315,11.01));
#17817=CARTESIAN_POINT('Origin',(-10.7724864060975,-7.56760654366315,11.01));
#17818=CARTESIAN_POINT('',(-10.7724864060975,-8.06760654366315,9.51));
#17819=CARTESIAN_POINT('',(-10.7724864060975,-8.06760654366315,11.01));
#17820=CARTESIAN_POINT('Origin',(-10.7724864060975,-7.56760654366315,9.51));
#17821=CARTESIAN_POINT('Origin',(-4.7724864060975,-8.06760654366316,11.01));
#17822=CARTESIAN_POINT('',(-4.97959318728405,-8.06760654366316,9.51));
#17823=CARTESIAN_POINT('',(-4.97959318728405,-8.06760654366316,11.01));
#17824=CARTESIAN_POINT('',(1.41375679695122,-8.06760654366318,9.51));
#17825=CARTESIAN_POINT('Origin',(-4.97959318728405,-7.56760654366316,11.01));
#17826=CARTESIAN_POINT('',(-4.62603979669078,-7.92115993425644,9.51));
#17827=CARTESIAN_POINT('',(-4.62603979669078,-7.92115993425643,11.01));
#17828=CARTESIAN_POINT('Origin',(-4.97959318728405,-7.56760654366316,9.51));
#17829=CARTESIAN_POINT('Origin',(-0.7724864060975,-4.06760654366315,11.01));
#17830=CARTESIAN_POINT('',(-1.12603979669077,-4.42115993425643,9.51));
#17831=CARTESIAN_POINT('',(-1.12603979669077,-4.42115993425643,11.01));
#17832=CARTESIAN_POINT('',(5.31753683134266,2.02241669377701,9.51));
#17833=CARTESIAN_POINT('Origin',(-1.47959318728405,-4.06760654366315,11.01));
#17834=CARTESIAN_POINT('',(-1.12603979669077,-3.71405315306988,9.51));
#17835=CARTESIAN_POINT('',(-1.12603979669077,-3.71405315306988,11.01));
#17836=CARTESIAN_POINT('Origin',(-1.47959318728405,-4.06760654366315,9.51));
#17837=CARTESIAN_POINT('Origin',(-4.7724864060975,-0.0676065436631434,11.01));
#17838=CARTESIAN_POINT('',(-4.67626644048892,-0.163826509271726,9.51));
#17839=CARTESIAN_POINT('Origin',(3.58000000000001,0.787106781186546,11.01));
#17840=CARTESIAN_POINT('',(4.08000000000001,0.787106781186546,9.51));
#17841=CARTESIAN_POINT('',(4.08000000000001,0.787106781186546,11.01));
#17842=CARTESIAN_POINT('',(3.93355339059328,0.433553390593272,9.51));
#17843=CARTESIAN_POINT('Origin',(3.58000000000001,0.787106781186546,9.51));
#17844=CARTESIAN_POINT('',(3.93355339059328,0.433553390593271,11.01));
#17845=CARTESIAN_POINT('Origin',(4.08000000000001,7.08,11.01));
#17846=CARTESIAN_POINT('',(4.08000000000001,6.58,9.51));
#17847=CARTESIAN_POINT('',(4.08000000000001,6.58,11.01));
#17848=CARTESIAN_POINT('',(4.08,9.5,9.51));
#17849=CARTESIAN_POINT('Origin',(3.58000000000001,6.58,11.01));
#17850=CARTESIAN_POINT('',(3.58000000000001,7.08,9.51));
#17851=CARTESIAN_POINT('',(3.58000000000001,7.08,11.01));
#17852=CARTESIAN_POINT('Origin',(3.58000000000001,6.58,9.51));
#17853=CARTESIAN_POINT('Origin',(-3.91999999999999,7.08,11.01));
#17854=CARTESIAN_POINT('',(-3.42,7.08,9.51));
#17855=CARTESIAN_POINT('',(-3.42,7.08,11.01));
#17856=CARTESIAN_POINT('',(1.84,7.08,9.51));
#17857=CARTESIAN_POINT('Origin',(-3.42,6.58,11.01));
#17858=CARTESIAN_POINT('',(-3.91999999999999,6.58,9.51));
#17859=CARTESIAN_POINT('',(-3.92,6.58,11.01));
#17860=CARTESIAN_POINT('Origin',(-3.42,6.58,9.51));
#17861=CARTESIAN_POINT('Origin',(-3.92000000000001,0.580000000000001,11.01));
#17862=CARTESIAN_POINT('',(-3.92000000000001,0.787106781186551,9.51));
#17863=CARTESIAN_POINT('',(-3.92000000000001,0.78710678118655,11.01));
#17864=CARTESIAN_POINT('',(-3.92,6.25000000000001,9.51));
#17865=CARTESIAN_POINT('Origin',(-3.42000000000001,0.787106781186549,11.01));
#17866=CARTESIAN_POINT('',(-3.77355339059328,0.433553390593274,9.51));
#17867=CARTESIAN_POINT('',(-3.77355339059328,0.433553390593275,11.01));
#17868=CARTESIAN_POINT('Origin',(-3.42000000000001,0.787106781186549,9.51));
#17869=CARTESIAN_POINT('Origin',(0.0799999999999979,-3.42,11.01));
#17870=CARTESIAN_POINT('',(-0.273553390593276,-3.06644660940673,9.51));
#17871=CARTESIAN_POINT('',(-0.273553390593276,-3.06644660940673,11.01));
#17872=CARTESIAN_POINT('',(-1.875,-1.46500000000001,9.51));
#17873=CARTESIAN_POINT('Origin',(0.079999999999998,-2.71289321881346,11.01));
#17874=CARTESIAN_POINT('',(0.433553390593272,-3.06644660940673,9.51));
#17875=CARTESIAN_POINT('',(0.433553390593272,-3.06644660940673,11.01));
#17876=CARTESIAN_POINT('Origin',(0.079999999999998,-2.71289321881346,9.51));
#17877=CARTESIAN_POINT('Origin',(4.08000000000001,0.579999999999998,11.01));
#17878=CARTESIAN_POINT('',(7.79500000000001,4.29499999999999,9.51));
#17879=CARTESIAN_POINT('Origin',(11.2499999999997,-16.,1.51));
#17880=CARTESIAN_POINT('',(11.2499999999997,-16.,1.51));
#17881=CARTESIAN_POINT('Origin',(-12.7499999999945,-16.,1.51));
#17882=CARTESIAN_POINT('',(-11.2499999999945,-16.,1.51));
#17883=CARTESIAN_POINT('',(-2.57499999999727,-16.,1.51));
#17884=CARTESIAN_POINT('',(-11.2499999999945,-16.,1.51));
#17885=CARTESIAN_POINT('Origin',(11.2499999999997,-18.5,1.51));
#17886=CARTESIAN_POINT('',(11.2499999999997,-17.,9.51));
#17887=CARTESIAN_POINT('',(11.2499999999997,-17.,1.51));
#17888=CARTESIAN_POINT('',(11.2499999999997,-3.29,9.51));
#17889=CARTESIAN_POINT('Origin',(-12.7499999999945,-17.,1.51));
#17890=CARTESIAN_POINT('',(-11.2499999999945,-17.,9.51));
#17891=CARTESIAN_POINT('',(-11.2499999999945,-17.,1.51));
#17892=CARTESIAN_POINT('',(-2.57499999999727,-17.,9.51));
#17893=CARTESIAN_POINT('Origin',(-11.2499999999945,15.9999999999997,1.51));
#17894=CARTESIAN_POINT('',(-11.2499999999945,13.9599999999998,1.51));
#17895=CARTESIAN_POINT('',(-11.2499999999945,13.9599999999998,9.51));
#17896=CARTESIAN_POINT('',(-11.2499999999945,13.9599999999998,9.51));
#17897=CARTESIAN_POINT('Origin',(7.6,11.92,9.51));
#17898=CARTESIAN_POINT('Origin',(12.7499999999997,15.9999999999997,1.51));
#17899=CARTESIAN_POINT('',(-12.7499999999945,15.9999999999997,1.51));
#17900=CARTESIAN_POINT('Origin',(7.6,11.92,1.51));
#17901=CARTESIAN_POINT('',(0.,0.,0.));
#17902=CARTESIAN_POINT('Origin',(-1.,-0.6,0.));
#17903=CARTESIAN_POINT('',(-1.,-0.6,0.045));
#17904=CARTESIAN_POINT('',(-1.,-0.6,0.405));
#17905=CARTESIAN_POINT('',(-1.,-0.6,0.));
#17906=CARTESIAN_POINT('',(-1.,0.6,0.405));
#17907=CARTESIAN_POINT('',(-1.,-0.6,0.405));
#17908=CARTESIAN_POINT('',(-1.,0.6,0.045));
#17909=CARTESIAN_POINT('',(-1.,0.6,0.));
#17910=CARTESIAN_POINT('',(-1.,-0.6,0.045));
#17911=CARTESIAN_POINT('Origin',(-1.,-0.6,0.));
#17912=CARTESIAN_POINT('',(-0.955,-0.6,-2.775557561563E-17));
#17913=CARTESIAN_POINT('',(-0.745,-0.6,-2.775557561563E-17));
#17914=CARTESIAN_POINT('',(-1.,-0.6,0.));
#17915=CARTESIAN_POINT('',(-0.7,-0.6,0.045));
#17916=CARTESIAN_POINT('Origin',(-0.745,-0.6,0.045));
#17917=CARTESIAN_POINT('',(-0.955,-0.6,0.045));
#17918=CARTESIAN_POINT('',(-0.955,-0.6,0.045));
#17919=CARTESIAN_POINT('',(-0.955,-0.6,0.405));
#17920=CARTESIAN_POINT('',(-0.955,-0.6,0.045));
#17921=CARTESIAN_POINT('',(-0.7,-0.6,0.405));
#17922=CARTESIAN_POINT('',(-0.955,-0.6,0.405));
#17923=CARTESIAN_POINT('',(-0.745,-0.6,0.45));
#17924=CARTESIAN_POINT('Origin',(-0.745,-0.6,0.405));
#17925=CARTESIAN_POINT('',(-0.955,-0.6,0.45));
#17926=CARTESIAN_POINT('',(-1.,-0.6,0.45));
#17927=CARTESIAN_POINT('Origin',(-0.955,-0.6,0.405));
#17928=CARTESIAN_POINT('Origin',(-0.955,-0.6,0.045));
#17929=CARTESIAN_POINT('Origin',(-0.955,-0.6,0.045));
#17930=CARTESIAN_POINT('',(-0.955,0.6,-2.775557561563E-17));
#17931=CARTESIAN_POINT('Origin',(-0.955,0.6,0.045));
#17932=CARTESIAN_POINT('',(-0.955,-0.6,-2.775557561563E-17));
#17933=CARTESIAN_POINT('Origin',(-0.955,-0.6,0.405));
#17934=CARTESIAN_POINT('',(-0.955,0.6,0.45));
#17935=CARTESIAN_POINT('',(-0.955,-0.6,0.45));
#17936=CARTESIAN_POINT('Origin',(-0.955,0.6,0.405));
#17937=CARTESIAN_POINT('Origin',(-1.,0.6,0.));
#17938=CARTESIAN_POINT('',(-0.745,0.6,-2.775557561563E-17));
#17939=CARTESIAN_POINT('',(-1.,0.6,0.));
#17940=CARTESIAN_POINT('',(-0.745,0.6,0.45));
#17941=CARTESIAN_POINT('',(-1.,0.6,0.45));
#17942=CARTESIAN_POINT('',(-0.7,0.6,0.405));
#17943=CARTESIAN_POINT('Origin',(-0.745,0.6,0.405));
#17944=CARTESIAN_POINT('',(-0.955,0.6,0.405));
#17945=CARTESIAN_POINT('',(-0.955,0.6,0.405));
#17946=CARTESIAN_POINT('',(-0.955,0.6,0.045));
#17947=CARTESIAN_POINT('',(-0.955,0.6,0.045));
#17948=CARTESIAN_POINT('',(-0.7,0.6,0.045));
#17949=CARTESIAN_POINT('',(-0.955,0.6,0.045));
#17950=CARTESIAN_POINT('Origin',(-0.745,0.6,0.045));
#17951=CARTESIAN_POINT('Origin',(-1.,-0.6,0.));
#17952=CARTESIAN_POINT('',(-0.745,-0.6,-2.775557561563E-17));
#17953=CARTESIAN_POINT('Origin',(-0.745,-0.6,0.045));
#17954=CARTESIAN_POINT('',(-0.7,-0.6,0.045));
#17955=CARTESIAN_POINT('Origin',(-0.955,-0.6,0.045));
#17956=CARTESIAN_POINT('',(0.7,-0.6,0.045));
#17957=CARTESIAN_POINT('',(-0.955,-0.6,0.045));
#17958=CARTESIAN_POINT('',(0.955,-0.6,0.045));
#17959=CARTESIAN_POINT('',(-0.955,-0.6,0.045));
#17960=CARTESIAN_POINT('',(0.955,-0.6,0.405));
#17961=CARTESIAN_POINT('',(0.955,-0.6,0.045));
#17962=CARTESIAN_POINT('',(0.7,-0.6,0.405));
#17963=CARTESIAN_POINT('',(-0.955,-0.6,0.405));
#17964=CARTESIAN_POINT('',(-0.7,-0.6,0.405));
#17965=CARTESIAN_POINT('Origin',(-1.,-0.6,0.45));
#17966=CARTESIAN_POINT('',(-0.745,-0.6,0.45));
#17967=CARTESIAN_POINT('Origin',(-0.745,-0.6,0.405));
#17968=CARTESIAN_POINT('',(-0.7,-0.6,0.405));
#17969=CARTESIAN_POINT('Origin',(-0.955,0.6,0.045));
#17970=CARTESIAN_POINT('',(0.7,0.6,0.405));
#17971=CARTESIAN_POINT('',(-0.7,0.6,0.405));
#17972=CARTESIAN_POINT('',(0.955,0.6,0.405));
#17973=CARTESIAN_POINT('',(-0.955,0.6,0.405));
#17974=CARTESIAN_POINT('',(0.955,0.6,0.045));
#17975=CARTESIAN_POINT('',(0.955,0.6,0.045));
#17976=CARTESIAN_POINT('',(0.7,0.6,0.045));
#17977=CARTESIAN_POINT('',(-0.955,0.6,0.045));
#17978=CARTESIAN_POINT('',(-0.955,0.6,0.045));
#17979=CARTESIAN_POINT('Origin',(-0.955,-0.6,0.045));
#17980=CARTESIAN_POINT('',(0.7,-0.6,0.045));
#17981=CARTESIAN_POINT('Origin',(0.7,-0.6,0.));
#17982=CARTESIAN_POINT('',(0.745,-0.6,-2.775557561563E-17));
#17983=CARTESIAN_POINT('',(0.955,-0.6,-2.775557561563E-17));
#17984=CARTESIAN_POINT('',(0.7,-0.6,0.));
#17985=CARTESIAN_POINT('',(1.,-0.6,0.045));
#17986=CARTESIAN_POINT('Origin',(0.955,-0.6,0.045));
#17987=CARTESIAN_POINT('',(1.,-0.6,0.405));
#17988=CARTESIAN_POINT('',(1.,-0.6,0.));
#17989=CARTESIAN_POINT('',(0.955,-0.6,0.45));
#17990=CARTESIAN_POINT('Origin',(0.955,-0.6,0.405));
#17991=CARTESIAN_POINT('',(0.745,-0.6,0.45));
#17992=CARTESIAN_POINT('',(0.7,-0.6,0.45));
#17993=CARTESIAN_POINT('Origin',(0.745,-0.6,0.405));
#17994=CARTESIAN_POINT('Origin',(0.745,-0.6,0.045));
#17995=CARTESIAN_POINT('Origin',(-0.7,-0.6,0.405));
#17996=CARTESIAN_POINT('',(0.7,-0.6,0.45));
#17997=CARTESIAN_POINT('',(0.7,-0.6,0.405));
#17998=CARTESIAN_POINT('',(-0.7,-0.6,0.45));
#17999=CARTESIAN_POINT('',(-0.7,-0.6,0.45));
#18000=CARTESIAN_POINT('',(-0.7,-0.6,0.405));
#18001=CARTESIAN_POINT('Origin',(-0.7,-0.6,0.405));
#18002=CARTESIAN_POINT('',(-0.7,0.6,0.45));
#18003=CARTESIAN_POINT('',(-0.7,-0.6,0.45));
#18004=CARTESIAN_POINT('',(-0.7,0.6,0.405));
#18005=CARTESIAN_POINT('Origin',(0.7,0.6,0.));
#18006=CARTESIAN_POINT('',(0.745,0.6,-2.775557561563E-17));
#18007=CARTESIAN_POINT('',(0.955,0.6,-2.775557561563E-17));
#18008=CARTESIAN_POINT('',(0.7,0.6,0.));
#18009=CARTESIAN_POINT('Origin',(0.745,0.6,0.045));
#18010=CARTESIAN_POINT('',(0.745,0.6,0.45));
#18011=CARTESIAN_POINT('Origin',(0.745,0.6,0.405));
#18012=CARTESIAN_POINT('',(0.955,0.6,0.45));
#18013=CARTESIAN_POINT('',(0.7,0.6,0.45));
#18014=CARTESIAN_POINT('',(1.,0.6,0.405));
#18015=CARTESIAN_POINT('Origin',(0.955,0.6,0.405));
#18016=CARTESIAN_POINT('',(1.,0.6,0.045));
#18017=CARTESIAN_POINT('',(1.,0.6,0.));
#18018=CARTESIAN_POINT('Origin',(0.955,0.6,0.045));
#18019=CARTESIAN_POINT('Origin',(-0.7,0.6,0.405));
#18020=CARTESIAN_POINT('',(0.7,0.6,0.45));
#18021=CARTESIAN_POINT('',(-0.7,0.6,0.45));
#18022=CARTESIAN_POINT('',(0.7,0.6,0.405));
#18023=CARTESIAN_POINT('Origin',(0.745,-0.6,0.045));
#18024=CARTESIAN_POINT('',(0.745,-0.6,-2.775557561563E-17));
#18025=CARTESIAN_POINT('Origin',(0.7,-0.6,0.));
#18026=CARTESIAN_POINT('',(0.955,-0.6,-2.775557561563E-17));
#18027=CARTESIAN_POINT('Origin',(0.955,-0.6,0.045));
#18028=CARTESIAN_POINT('',(1.,-0.6,0.045));
#18029=CARTESIAN_POINT('Origin',(1.,-0.6,0.));
#18030=CARTESIAN_POINT('',(1.,-0.6,0.405));
#18031=CARTESIAN_POINT('Origin',(0.955,-0.6,0.405));
#18032=CARTESIAN_POINT('',(0.955,-0.6,0.45));
#18033=CARTESIAN_POINT('Origin',(0.7,-0.6,0.45));
#18034=CARTESIAN_POINT('',(0.745,-0.6,0.45));
#18035=CARTESIAN_POINT('Origin',(0.745,-0.6,0.405));
#18036=CARTESIAN_POINT('',(0.7,-0.6,0.405));
#18037=CARTESIAN_POINT('Origin',(0.7,-0.6,0.405));
#18038=CARTESIAN_POINT('',(0.7,-0.6,0.45));
#18039=CARTESIAN_POINT('Origin',(-0.7,-0.6,0.45));
#18040=CARTESIAN_POINT('',(0.,0.,0.));
#18041=CARTESIAN_POINT('Origin',(1.65,-4.25,4.1));
#18042=CARTESIAN_POINT('',(0.65,-4.25,4.1));
#18043=CARTESIAN_POINT('Origin',(1.15,-4.25,4.1));
#18044=CARTESIAN_POINT('Origin',(1.15,-4.25,3.5));
#18045=CARTESIAN_POINT('',(0.65,-4.25,3.6));
#18046=CARTESIAN_POINT('Origin',(1.15,-4.25,3.6));
#18047=CARTESIAN_POINT('',(0.65,-4.25,3.5));
#18048=CARTESIAN_POINT('Origin',(0.15,-5.25,3.6));
#18049=CARTESIAN_POINT('',(0.45,-5.25,3.6));
#18050=CARTESIAN_POINT('',(5.85,-5.25,3.6));
#18051=CARTESIAN_POINT('',(0.15,-5.25,3.6));
#18052=CARTESIAN_POINT('',(6.15,-4.95,3.6));
#18053=CARTESIAN_POINT('Origin',(5.85,-4.95,3.6));
#18054=CARTESIAN_POINT('',(6.15,0.45,3.6));
#18055=CARTESIAN_POINT('',(6.15,-5.25,3.6));
#18056=CARTESIAN_POINT('',(5.85,0.75,3.6));
#18057=CARTESIAN_POINT('Origin',(5.85,0.45,3.6));
#18058=CARTESIAN_POINT('',(0.45,0.75,3.6));
#18059=CARTESIAN_POINT('',(6.15,0.75,3.6));
#18060=CARTESIAN_POINT('',(0.15,0.45,3.6));
#18061=CARTESIAN_POINT('Origin',(0.45,0.45,3.6));
#18062=CARTESIAN_POINT('',(0.15,-4.95,3.6));
#18063=CARTESIAN_POINT('',(0.15,0.75,3.6));
#18064=CARTESIAN_POINT('Origin',(0.45,-4.95,3.6));
#18065=CARTESIAN_POINT('',(4.65,-4.25,3.6));
#18066=CARTESIAN_POINT('Origin',(5.15,-4.25,3.6));
#18067=CARTESIAN_POINT('',(1.4,-2.25,3.6));
#18068=CARTESIAN_POINT('Origin',(3.15,-2.25,3.6));
#18069=CARTESIAN_POINT('',(0.65,-0.25,3.6));
#18070=CARTESIAN_POINT('Origin',(1.15,-0.25,3.6));
#18071=CARTESIAN_POINT('',(4.65,-0.25,3.6));
#18072=CARTESIAN_POINT('Origin',(5.15,-0.25,3.6));
#18073=CARTESIAN_POINT('Origin',(0.15,-5.25,3.5));
#18074=CARTESIAN_POINT('',(0.45,-5.25,3.5));
#18075=CARTESIAN_POINT('',(5.85,-5.25,3.5));
#18076=CARTESIAN_POINT('',(0.15,-5.25,3.5));
#18077=CARTESIAN_POINT('',(5.85,-5.25,3.5));
#18078=CARTESIAN_POINT('',(0.45,-5.25,3.5));
#18079=CARTESIAN_POINT('Origin',(0.45,-4.95,3.5));
#18080=CARTESIAN_POINT('',(0.15,-4.95,3.5));
#18081=CARTESIAN_POINT('',(0.15,-4.95,3.5));
#18082=CARTESIAN_POINT('Origin',(0.45,-4.95,3.5));
#18083=CARTESIAN_POINT('Origin',(5.85,-4.95,3.5));
#18084=CARTESIAN_POINT('',(6.15,-4.95,3.5));
#18085=CARTESIAN_POINT('Origin',(5.85,-4.95,3.5));
#18086=CARTESIAN_POINT('',(6.15,-4.95,3.5));
#18087=CARTESIAN_POINT('Origin',(0.15,0.75,3.5));
#18088=CARTESIAN_POINT('',(0.15,0.45,3.5));
#18089=CARTESIAN_POINT('',(0.15,0.75,3.5));
#18090=CARTESIAN_POINT('',(0.15,0.45,3.5));
#18091=CARTESIAN_POINT('Origin',(6.15,-5.25,3.5));
#18092=CARTESIAN_POINT('',(6.15,0.45,3.5));
#18093=CARTESIAN_POINT('',(6.15,-5.25,3.5));
#18094=CARTESIAN_POINT('',(6.15,0.45,3.5));
#18095=CARTESIAN_POINT('Origin',(0.45,0.45,3.5));
#18096=CARTESIAN_POINT('',(0.45,0.75,3.5));
#18097=CARTESIAN_POINT('Origin',(0.45,0.45,3.5));
#18098=CARTESIAN_POINT('',(0.45,0.75,3.5));
#18099=CARTESIAN_POINT('Origin',(5.85,0.45,3.5));
#18100=CARTESIAN_POINT('',(5.85,0.75,3.5));
#18101=CARTESIAN_POINT('Origin',(5.85,0.45,3.5));
#18102=CARTESIAN_POINT('',(5.85,0.75,3.5));
#18103=CARTESIAN_POINT('Origin',(6.15,0.75,3.5));
#18104=CARTESIAN_POINT('',(6.15,0.75,3.5));
#18105=CARTESIAN_POINT('Origin',(5.15,-4.25,3.5));
#18106=CARTESIAN_POINT('',(4.65,-4.25,4.1));
#18107=CARTESIAN_POINT('',(4.65,-4.25,3.5));
#18108=CARTESIAN_POINT('Origin',(5.15,-4.25,4.1));
#18109=CARTESIAN_POINT('Origin',(3.15,-2.25,3.5));
#18110=CARTESIAN_POINT('',(1.4,-2.25,4.2));
#18111=CARTESIAN_POINT('',(1.4,-2.25,3.5));
#18112=CARTESIAN_POINT('Origin',(3.15,-2.25,4.2));
#18113=CARTESIAN_POINT('Origin',(1.15,-0.25,3.5));
#18114=CARTESIAN_POINT('',(0.65,-0.25,4.1));
#18115=CARTESIAN_POINT('',(0.65,-0.25,3.5));
#18116=CARTESIAN_POINT('Origin',(1.15,-0.25,4.1));
#18117=CARTESIAN_POINT('Origin',(5.15,-0.25,3.5));
#18118=CARTESIAN_POINT('',(4.65,-0.25,4.1));
#18119=CARTESIAN_POINT('',(4.65,-0.25,3.5));
#18120=CARTESIAN_POINT('Origin',(5.15,-0.25,4.1));
#18121=CARTESIAN_POINT('Origin',(0.15,-5.25,0.));
#18122=CARTESIAN_POINT('',(0.45,-5.25,0.));
#18123=CARTESIAN_POINT('',(5.85,-5.25,0.));
#18124=CARTESIAN_POINT('',(0.15,-5.25,0.));
#18125=CARTESIAN_POINT('',(5.85,-5.25,0.));
#18126=CARTESIAN_POINT('',(0.45,-5.25,0.));
#18127=CARTESIAN_POINT('Origin',(0.45,-4.95,0.));
#18128=CARTESIAN_POINT('',(0.15,-4.95,0.));
#18129=CARTESIAN_POINT('',(0.15,-4.95,0.));
#18130=CARTESIAN_POINT('Origin',(0.45,-4.95,0.));
#18131=CARTESIAN_POINT('Origin',(5.85,-4.95,0.));
#18132=CARTESIAN_POINT('',(6.15,-4.95,0.));
#18133=CARTESIAN_POINT('Origin',(5.85,-4.95,0.));
#18134=CARTESIAN_POINT('',(6.15,-4.95,0.));
#18135=CARTESIAN_POINT('Origin',(0.15,0.75,0.));
#18136=CARTESIAN_POINT('',(0.15,0.45,0.));
#18137=CARTESIAN_POINT('',(0.15,0.35,0.));
#18138=CARTESIAN_POINT('',(0.15,0.75,0.));
#18139=CARTESIAN_POINT('',(0.15,0.35,1.5));
#18140=CARTESIAN_POINT('',(0.15,0.35,1.5));
#18141=CARTESIAN_POINT('',(0.15,-0.35,1.5));
#18142=CARTESIAN_POINT('',(0.15,-0.35,1.5));
#18143=CARTESIAN_POINT('',(0.15,-0.35,0.));
#18144=CARTESIAN_POINT('',(0.15,-0.35,1.5));
#18145=CARTESIAN_POINT('',(0.15,-4.15,0.));
#18146=CARTESIAN_POINT('',(0.15,0.75,0.));
#18147=CARTESIAN_POINT('',(0.15,-4.15,1.5));
#18148=CARTESIAN_POINT('',(0.15,-4.15,1.5));
#18149=CARTESIAN_POINT('',(0.15,-4.85,1.5));
#18150=CARTESIAN_POINT('',(0.15,-4.85,1.5));
#18151=CARTESIAN_POINT('',(0.15,-4.85,0.));
#18152=CARTESIAN_POINT('',(0.15,-4.85,1.5));
#18153=CARTESIAN_POINT('',(0.15,0.75,0.));
#18154=CARTESIAN_POINT('',(0.15,0.45,0.));
#18155=CARTESIAN_POINT('Origin',(6.15,-5.25,0.));
#18156=CARTESIAN_POINT('',(6.15,-4.85,0.));
#18157=CARTESIAN_POINT('',(6.15,-5.25,0.));
#18158=CARTESIAN_POINT('',(6.15,-4.85,1.5));
#18159=CARTESIAN_POINT('',(6.15,-4.85,1.5));
#18160=CARTESIAN_POINT('',(6.15,-4.15,1.5));
#18161=CARTESIAN_POINT('',(6.15,-4.85,1.5));
#18162=CARTESIAN_POINT('',(6.15,-4.15,0.));
#18163=CARTESIAN_POINT('',(6.15,-4.15,1.5));
#18164=CARTESIAN_POINT('',(6.15,-0.35,0.));
#18165=CARTESIAN_POINT('',(6.15,-5.25,0.));
#18166=CARTESIAN_POINT('',(6.15,-0.35,1.5));
#18167=CARTESIAN_POINT('',(6.15,-0.35,1.5));
#18168=CARTESIAN_POINT('',(6.15,0.35,1.5));
#18169=CARTESIAN_POINT('',(6.15,-0.35,1.5));
#18170=CARTESIAN_POINT('',(6.15,0.35,0.));
#18171=CARTESIAN_POINT('',(6.15,0.35,1.5));
#18172=CARTESIAN_POINT('',(6.15,0.45,0.));
#18173=CARTESIAN_POINT('',(6.15,-5.25,0.));
#18174=CARTESIAN_POINT('',(6.15,0.45,0.));
#18175=CARTESIAN_POINT('Origin',(0.45,0.45,0.));
#18176=CARTESIAN_POINT('',(0.45,0.75,0.));
#18177=CARTESIAN_POINT('Origin',(0.45,0.45,0.));
#18178=CARTESIAN_POINT('',(0.45,0.75,0.));
#18179=CARTESIAN_POINT('Origin',(5.85,0.45,0.));
#18180=CARTESIAN_POINT('',(5.85,0.75,0.));
#18181=CARTESIAN_POINT('Origin',(5.85,0.45,0.));
#18182=CARTESIAN_POINT('',(5.85,0.75,0.));
#18183=CARTESIAN_POINT('Origin',(6.15,0.75,0.));
#18184=CARTESIAN_POINT('',(6.15,0.75,0.));
#18185=CARTESIAN_POINT('Origin',(5.65,-4.25,4.1));
#18186=CARTESIAN_POINT('Origin',(3.15,-2.25,4.2));
#18187=CARTESIAN_POINT('',(1.5,-2.25,4.3));
#18188=CARTESIAN_POINT('Origin',(1.5,-2.25,4.2));
#18189=CARTESIAN_POINT('Origin',(3.15,-2.25,4.3));
#18190=CARTESIAN_POINT('Origin',(1.65,-0.25,4.1));
#18191=CARTESIAN_POINT('Origin',(5.65,-0.25,4.1));
#18192=CARTESIAN_POINT('Origin',(0.15,-5.25,0.));
#18193=CARTESIAN_POINT('',(0.15,0.75,0.));
#18194=CARTESIAN_POINT('',(0.15,0.75,0.));
#18195=CARTESIAN_POINT('',(6.15,-5.25,0.));
#18196=CARTESIAN_POINT('',(6.15,-5.25,0.));
#18197=CARTESIAN_POINT('Origin',(-0.15,0.35,-0.5));
#18198=CARTESIAN_POINT('',(-0.162230377286,0.35,-0.540767924286));
#18199=CARTESIAN_POINT('',(-0.425000733956,0.35,-1.416669113186));
#18200=CARTESIAN_POINT('',(-0.15,0.35,-0.5));
#18201=CARTESIAN_POINT('',(-0.15,0.35,-0.457437037472));
#18202=CARTESIAN_POINT('Origin',(-0.44,0.35,-0.457437037472));
#18203=CARTESIAN_POINT('',(-0.15,0.35,1.21));
#18204=CARTESIAN_POINT('',(-0.15,0.35,-0.5));
#18205=CARTESIAN_POINT('',(0.14,0.35,1.5));
#18206=CARTESIAN_POINT('Origin',(0.14,0.35,1.21));
#18207=CARTESIAN_POINT('',(-0.15,0.35,1.5));
#18208=CARTESIAN_POINT('',(0.15,0.35,-0.457437037472));
#18209=CARTESIAN_POINT('',(0.15,0.35,1.5));
#18210=CARTESIAN_POINT('',(0.137769622714,0.35,-0.540767924286));
#18211=CARTESIAN_POINT('Origin',(-0.14,0.35,-0.457437037472));
#18212=CARTESIAN_POINT('',(-0.125000733956,0.35,-1.416669113186));
#18213=CARTESIAN_POINT('',(-0.15,0.35,-1.5));
#18214=CARTESIAN_POINT('',(-0.125000733956,0.35,-1.583330886814));
#18215=CARTESIAN_POINT('Origin',(0.152768888758,0.35,-1.5));
#18216=CARTESIAN_POINT('',(0.137769622714,0.35,-2.459232075714));
#18217=CARTESIAN_POINT('',(0.15,0.35,-2.5));
#18218=CARTESIAN_POINT('',(0.15,0.35,-2.542562962528));
#18219=CARTESIAN_POINT('Origin',(-0.14,0.35,-2.542562962528));
#18220=CARTESIAN_POINT('',(0.15,0.35,-3.5));
#18221=CARTESIAN_POINT('',(0.15,0.35,-2.5));
#18222=CARTESIAN_POINT('',(-0.15,0.35,-3.5));
#18223=CARTESIAN_POINT('',(0.15,0.35,-3.5));
#18224=CARTESIAN_POINT('',(-0.15,0.35,-2.542562962528));
#18225=CARTESIAN_POINT('',(-0.15,0.35,-3.5));
#18226=CARTESIAN_POINT('',(-0.162230377286,0.35,-2.459232075714));
#18227=CARTESIAN_POINT('Origin',(-0.44,0.35,-2.542562962528));
#18228=CARTESIAN_POINT('',(-0.425000733956,0.35,-1.583330886814));
#18229=CARTESIAN_POINT('',(-0.45,0.35,-1.5));
#18230=CARTESIAN_POINT('Origin',(-0.147231111242,0.35,-1.5));
#18231=CARTESIAN_POINT('Origin',(-0.15,-0.35,1.5));
#18232=CARTESIAN_POINT('',(0.14,-0.35,1.5));
#18233=CARTESIAN_POINT('',(-0.15,-0.35,1.5));
#18234=CARTESIAN_POINT('',(0.14,-0.35,1.5));
#18235=CARTESIAN_POINT('Origin',(-0.15,-0.35,-0.5));
#18236=CARTESIAN_POINT('',(-0.162230377286,-0.35,-0.540767924286));
#18237=CARTESIAN_POINT('',(-0.425000733956,-0.35,-1.416669113186));
#18238=CARTESIAN_POINT('',(-0.15,-0.35,-0.5));
#18239=CARTESIAN_POINT('',(-0.425000733956,-0.35,-1.583330886814));
#18240=CARTESIAN_POINT('Origin',(-0.147231111242,-0.35,-1.5));
#18241=CARTESIAN_POINT('',(-0.162230377286,-0.35,-2.459232075714));
#18242=CARTESIAN_POINT('',(-0.45,-0.35,-1.5));
#18243=CARTESIAN_POINT('',(-0.15,-0.35,-2.542562962528));
#18244=CARTESIAN_POINT('Origin',(-0.44,-0.35,-2.542562962528));
#18245=CARTESIAN_POINT('',(-0.15,-0.35,-3.5));
#18246=CARTESIAN_POINT('',(-0.15,-0.35,-3.5));
#18247=CARTESIAN_POINT('',(0.15,-0.35,-3.5));
#18248=CARTESIAN_POINT('',(0.15,-0.35,-3.5));
#18249=CARTESIAN_POINT('',(0.15,-0.35,-2.542562962528));
#18250=CARTESIAN_POINT('',(0.15,-0.35,-2.5));
#18251=CARTESIAN_POINT('',(0.137769622714,-0.35,-2.459232075714));
#18252=CARTESIAN_POINT('Origin',(-0.14,-0.35,-2.542562962528));
#18253=CARTESIAN_POINT('',(-0.125000733956,-0.35,-1.583330886814));
#18254=CARTESIAN_POINT('',(0.15,-0.35,-2.5));
#18255=CARTESIAN_POINT('',(-0.125000733956,-0.35,-1.416669113186));
#18256=CARTESIAN_POINT('Origin',(0.152768888758,-0.35,-1.5));
#18257=CARTESIAN_POINT('',(0.137769622714,-0.35,-0.540767924286));
#18258=CARTESIAN_POINT('',(-0.15,-0.35,-1.5));
#18259=CARTESIAN_POINT('',(0.15,-0.35,-0.457437037472));
#18260=CARTESIAN_POINT('Origin',(-0.14,-0.35,-0.457437037472));
#18261=CARTESIAN_POINT('',(0.15,-0.35,1.5));
#18262=CARTESIAN_POINT('',(-0.15,-0.35,1.21));
#18263=CARTESIAN_POINT('Origin',(0.14,-0.35,1.21));
#18264=CARTESIAN_POINT('',(-0.15,-0.35,-0.457437037472));
#18265=CARTESIAN_POINT('',(-0.15,-0.35,-0.5));
#18266=CARTESIAN_POINT('Origin',(-0.44,-0.35,-0.457437037472));
#18267=CARTESIAN_POINT('Origin',(-0.15,-4.85,-0.5));
#18268=CARTESIAN_POINT('',(-0.162230377286,-4.85,-0.540767924286));
#18269=CARTESIAN_POINT('',(-0.425000733956,-4.85,-1.416669113186));
#18270=CARTESIAN_POINT('',(-0.15,-4.85,-0.5));
#18271=CARTESIAN_POINT('',(-0.425000733956,-4.85,-1.583330886814));
#18272=CARTESIAN_POINT('Origin',(-0.147231111242,-4.85,-1.5));
#18273=CARTESIAN_POINT('',(-0.162230377286,-4.85,-2.459232075714));
#18274=CARTESIAN_POINT('',(-0.45,-4.85,-1.5));
#18275=CARTESIAN_POINT('',(-0.15,-4.85,-2.542562962528));
#18276=CARTESIAN_POINT('Origin',(-0.44,-4.85,-2.542562962528));
#18277=CARTESIAN_POINT('',(-0.15,-4.85,-3.5));
#18278=CARTESIAN_POINT('',(-0.15,-4.85,-3.5));
#18279=CARTESIAN_POINT('',(0.15,-4.85,-3.5));
#18280=CARTESIAN_POINT('',(0.15,-4.85,-3.5));
#18281=CARTESIAN_POINT('',(0.15,-4.85,-2.542562962528));
#18282=CARTESIAN_POINT('',(0.15,-4.85,-2.5));
#18283=CARTESIAN_POINT('',(0.137769622714,-4.85,-2.459232075714));
#18284=CARTESIAN_POINT('Origin',(-0.14,-4.85,-2.542562962528));
#18285=CARTESIAN_POINT('',(-0.125000733956,-4.85,-1.583330886814));
#18286=CARTESIAN_POINT('',(0.15,-4.85,-2.5));
#18287=CARTESIAN_POINT('',(-0.125000733956,-4.85,-1.416669113186));
#18288=CARTESIAN_POINT('Origin',(0.152768888758,-4.85,-1.5));
#18289=CARTESIAN_POINT('',(0.137769622714,-4.85,-0.540767924286));
#18290=CARTESIAN_POINT('',(-0.15,-4.85,-1.5));
#18291=CARTESIAN_POINT('',(0.15,-4.85,-0.457437037472));
#18292=CARTESIAN_POINT('Origin',(-0.14,-4.85,-0.457437037472));
#18293=CARTESIAN_POINT('',(0.15,-4.85,1.5));
#18294=CARTESIAN_POINT('',(0.14,-4.85,1.5));
#18295=CARTESIAN_POINT('',(-0.15,-4.85,1.5));
#18296=CARTESIAN_POINT('',(-0.15,-4.85,1.21));
#18297=CARTESIAN_POINT('Origin',(0.14,-4.85,1.21));
#18298=CARTESIAN_POINT('',(-0.15,-4.85,-0.457437037472));
#18299=CARTESIAN_POINT('',(-0.15,-4.85,-0.5));
#18300=CARTESIAN_POINT('Origin',(-0.44,-4.85,-0.457437037472));
#18301=CARTESIAN_POINT('Origin',(-0.15,-4.15,-0.5));
#18302=CARTESIAN_POINT('',(-0.162230377286,-4.15,-0.540767924286));
#18303=CARTESIAN_POINT('',(-0.425000733956,-4.15,-1.416669113186));
#18304=CARTESIAN_POINT('',(-0.15,-4.15,-0.5));
#18305=CARTESIAN_POINT('',(-0.15,-4.15,-0.457437037472));
#18306=CARTESIAN_POINT('Origin',(-0.44,-4.15,-0.457437037472));
#18307=CARTESIAN_POINT('',(-0.15,-4.15,1.21));
#18308=CARTESIAN_POINT('',(-0.15,-4.15,-0.5));
#18309=CARTESIAN_POINT('',(0.14,-4.15,1.5));
#18310=CARTESIAN_POINT('Origin',(0.14,-4.15,1.21));
#18311=CARTESIAN_POINT('',(-0.15,-4.15,1.5));
#18312=CARTESIAN_POINT('',(0.15,-4.15,-0.457437037472));
#18313=CARTESIAN_POINT('',(0.15,-4.15,1.5));
#18314=CARTESIAN_POINT('',(0.137769622714,-4.15,-0.540767924286));
#18315=CARTESIAN_POINT('Origin',(-0.14,-4.15,-0.457437037472));
#18316=CARTESIAN_POINT('',(-0.125000733956,-4.15,-1.416669113186));
#18317=CARTESIAN_POINT('',(-0.15,-4.15,-1.5));
#18318=CARTESIAN_POINT('',(-0.125000733956,-4.15,-1.583330886814));
#18319=CARTESIAN_POINT('Origin',(0.152768888758,-4.15,-1.5));
#18320=CARTESIAN_POINT('',(0.137769622714,-4.15,-2.459232075714));
#18321=CARTESIAN_POINT('',(0.15,-4.15,-2.5));
#18322=CARTESIAN_POINT('',(0.15,-4.15,-2.542562962528));
#18323=CARTESIAN_POINT('Origin',(-0.14,-4.15,-2.542562962528));
#18324=CARTESIAN_POINT('',(0.15,-4.15,-3.5));
#18325=CARTESIAN_POINT('',(0.15,-4.15,-2.5));
#18326=CARTESIAN_POINT('',(-0.15,-4.15,-3.5));
#18327=CARTESIAN_POINT('',(0.15,-4.15,-3.5));
#18328=CARTESIAN_POINT('',(-0.15,-4.15,-2.542562962528));
#18329=CARTESIAN_POINT('',(-0.15,-4.15,-3.5));
#18330=CARTESIAN_POINT('',(-0.162230377286,-4.15,-2.459232075714));
#18331=CARTESIAN_POINT('Origin',(-0.44,-4.15,-2.542562962528));
#18332=CARTESIAN_POINT('',(-0.425000733956,-4.15,-1.583330886814));
#18333=CARTESIAN_POINT('',(-0.45,-4.15,-1.5));
#18334=CARTESIAN_POINT('Origin',(-0.147231111242,-4.15,-1.5));
#18335=CARTESIAN_POINT('Origin',(-0.15,-4.85,1.5));
#18336=CARTESIAN_POINT('',(0.14,-4.85,1.5));
#18337=CARTESIAN_POINT('Origin',(6.45,-4.85,-0.5));
#18338=CARTESIAN_POINT('',(6.462230377286,-4.85,-0.540767924286));
#18339=CARTESIAN_POINT('',(6.725000733956,-4.85,-1.416669113186));
#18340=CARTESIAN_POINT('',(6.45,-4.85,-0.5));
#18341=CARTESIAN_POINT('',(6.45,-4.85,-0.457437037472));
#18342=CARTESIAN_POINT('Origin',(6.74,-4.85,-0.457437037472));
#18343=CARTESIAN_POINT('',(6.45,-4.85,1.21));
#18344=CARTESIAN_POINT('',(6.45,-4.85,-0.5));
#18345=CARTESIAN_POINT('',(6.16,-4.85,1.5));
#18346=CARTESIAN_POINT('Origin',(6.16,-4.85,1.21));
#18347=CARTESIAN_POINT('',(6.45,-4.85,1.5));
#18348=CARTESIAN_POINT('',(6.15,-4.85,-0.457437037472));
#18349=CARTESIAN_POINT('',(6.15,-4.85,1.5));
#18350=CARTESIAN_POINT('',(6.162230377286,-4.85,-0.540767924286));
#18351=CARTESIAN_POINT('Origin',(6.44,-4.85,-0.457437037472));
#18352=CARTESIAN_POINT('',(6.425000733956,-4.85,-1.416669113186));
#18353=CARTESIAN_POINT('',(6.45,-4.85,-1.5));
#18354=CARTESIAN_POINT('',(6.425000733956,-4.85,-1.583330886814));
#18355=CARTESIAN_POINT('Origin',(6.147231111242,-4.85,-1.5));
#18356=CARTESIAN_POINT('',(6.162230377286,-4.85,-2.459232075714));
#18357=CARTESIAN_POINT('',(6.15,-4.85,-2.5));
#18358=CARTESIAN_POINT('',(6.15,-4.85,-2.542562962528));
#18359=CARTESIAN_POINT('Origin',(6.44,-4.85,-2.542562962528));
#18360=CARTESIAN_POINT('',(6.15,-4.85,-3.5));
#18361=CARTESIAN_POINT('',(6.15,-4.85,-2.5));
#18362=CARTESIAN_POINT('',(6.45,-4.85,-3.5));
#18363=CARTESIAN_POINT('',(6.15,-4.85,-3.5));
#18364=CARTESIAN_POINT('',(6.45,-4.85,-2.542562962528));
#18365=CARTESIAN_POINT('',(6.45,-4.85,-3.5));
#18366=CARTESIAN_POINT('',(6.462230377286,-4.85,-2.459232075714));
#18367=CARTESIAN_POINT('Origin',(6.74,-4.85,-2.542562962528));
#18368=CARTESIAN_POINT('',(6.725000733956,-4.85,-1.583330886814));
#18369=CARTESIAN_POINT('',(6.75,-4.85,-1.5));
#18370=CARTESIAN_POINT('Origin',(6.447231111242,-4.85,-1.5));
#18371=CARTESIAN_POINT('Origin',(6.45,-4.85,1.5));
#18372=CARTESIAN_POINT('',(6.16,-4.15,1.5));
#18373=CARTESIAN_POINT('',(6.16,-4.85,1.5));
#18374=CARTESIAN_POINT('',(6.45,-4.15,1.5));
#18375=CARTESIAN_POINT('Origin',(6.45,-4.15,-0.5));
#18376=CARTESIAN_POINT('',(6.462230377286,-4.15,-0.540767924286));
#18377=CARTESIAN_POINT('',(6.725000733956,-4.15,-1.416669113186));
#18378=CARTESIAN_POINT('',(6.45,-4.15,-0.5));
#18379=CARTESIAN_POINT('',(6.725000733956,-4.15,-1.583330886814));
#18380=CARTESIAN_POINT('Origin',(6.447231111242,-4.15,-1.5));
#18381=CARTESIAN_POINT('',(6.462230377286,-4.15,-2.459232075714));
#18382=CARTESIAN_POINT('',(6.75,-4.15,-1.5));
#18383=CARTESIAN_POINT('',(6.45,-4.15,-2.542562962528));
#18384=CARTESIAN_POINT('Origin',(6.74,-4.15,-2.542562962528));
#18385=CARTESIAN_POINT('',(6.45,-4.15,-3.5));
#18386=CARTESIAN_POINT('',(6.45,-4.15,-3.5));
#18387=CARTESIAN_POINT('',(6.15,-4.15,-3.5));
#18388=CARTESIAN_POINT('',(6.15,-4.15,-3.5));
#18389=CARTESIAN_POINT('',(6.15,-4.15,-2.542562962528));
#18390=CARTESIAN_POINT('',(6.15,-4.15,-2.5));
#18391=CARTESIAN_POINT('',(6.162230377286,-4.15,-2.459232075714));
#18392=CARTESIAN_POINT('Origin',(6.44,-4.15,-2.542562962528));
#18393=CARTESIAN_POINT('',(6.425000733956,-4.15,-1.583330886814));
#18394=CARTESIAN_POINT('',(6.15,-4.15,-2.5));
#18395=CARTESIAN_POINT('',(6.425000733956,-4.15,-1.416669113186));
#18396=CARTESIAN_POINT('Origin',(6.147231111242,-4.15,-1.5));
#18397=CARTESIAN_POINT('',(6.162230377286,-4.15,-0.540767924286));
#18398=CARTESIAN_POINT('',(6.45,-4.15,-1.5));
#18399=CARTESIAN_POINT('',(6.15,-4.15,-0.457437037472));
#18400=CARTESIAN_POINT('Origin',(6.44,-4.15,-0.457437037472));
#18401=CARTESIAN_POINT('',(6.15,-4.15,1.5));
#18402=CARTESIAN_POINT('',(6.45,-4.15,1.21));
#18403=CARTESIAN_POINT('Origin',(6.16,-4.15,1.21));
#18404=CARTESIAN_POINT('',(6.45,-4.15,-0.457437037472));
#18405=CARTESIAN_POINT('',(6.45,-4.15,-0.5));
#18406=CARTESIAN_POINT('Origin',(6.74,-4.15,-0.457437037472));
#18407=CARTESIAN_POINT('Origin',(6.45,0.35,-0.5));
#18408=CARTESIAN_POINT('',(6.462230377286,0.35,-0.540767924286));
#18409=CARTESIAN_POINT('',(6.725000733956,0.35,-1.416669113186));
#18410=CARTESIAN_POINT('',(6.45,0.35,-0.5));
#18411=CARTESIAN_POINT('',(6.725000733956,0.35,-1.583330886814));
#18412=CARTESIAN_POINT('Origin',(6.447231111242,0.35,-1.5));
#18413=CARTESIAN_POINT('',(6.462230377286,0.35,-2.459232075714));
#18414=CARTESIAN_POINT('',(6.75,0.35,-1.5));
#18415=CARTESIAN_POINT('',(6.45,0.35,-2.542562962528));
#18416=CARTESIAN_POINT('Origin',(6.74,0.35,-2.542562962528));
#18417=CARTESIAN_POINT('',(6.45,0.35,-3.5));
#18418=CARTESIAN_POINT('',(6.45,0.35,-3.5));
#18419=CARTESIAN_POINT('',(6.15,0.35,-3.5));
#18420=CARTESIAN_POINT('',(6.15,0.35,-3.5));
#18421=CARTESIAN_POINT('',(6.15,0.35,-2.542562962528));
#18422=CARTESIAN_POINT('',(6.15,0.35,-2.5));
#18423=CARTESIAN_POINT('',(6.162230377286,0.35,-2.459232075714));
#18424=CARTESIAN_POINT('Origin',(6.44,0.35,-2.542562962528));
#18425=CARTESIAN_POINT('',(6.425000733956,0.35,-1.583330886814));
#18426=CARTESIAN_POINT('',(6.15,0.35,-2.5));
#18427=CARTESIAN_POINT('',(6.425000733956,0.35,-1.416669113186));
#18428=CARTESIAN_POINT('Origin',(6.147231111242,0.35,-1.5));
#18429=CARTESIAN_POINT('',(6.162230377286,0.35,-0.540767924286));
#18430=CARTESIAN_POINT('',(6.45,0.35,-1.5));
#18431=CARTESIAN_POINT('',(6.15,0.35,-0.457437037472));
#18432=CARTESIAN_POINT('Origin',(6.44,0.35,-0.457437037472));
#18433=CARTESIAN_POINT('',(6.15,0.35,1.5));
#18434=CARTESIAN_POINT('',(6.16,0.35,1.5));
#18435=CARTESIAN_POINT('',(6.45,0.35,1.5));
#18436=CARTESIAN_POINT('',(6.45,0.35,1.21));
#18437=CARTESIAN_POINT('Origin',(6.16,0.35,1.21));
#18438=CARTESIAN_POINT('',(6.45,0.35,-0.457437037472));
#18439=CARTESIAN_POINT('',(6.45,0.35,-0.5));
#18440=CARTESIAN_POINT('Origin',(6.74,0.35,-0.457437037472));
#18441=CARTESIAN_POINT('Origin',(6.45,-0.35,-0.5));
#18442=CARTESIAN_POINT('',(6.462230377286,-0.35,-0.540767924286));
#18443=CARTESIAN_POINT('',(6.725000733956,-0.35,-1.416669113186));
#18444=CARTESIAN_POINT('',(6.45,-0.35,-0.5));
#18445=CARTESIAN_POINT('',(6.45,-0.35,-0.457437037472));
#18446=CARTESIAN_POINT('Origin',(6.74,-0.35,-0.457437037472));
#18447=CARTESIAN_POINT('',(6.45,-0.35,1.21));
#18448=CARTESIAN_POINT('',(6.45,-0.35,-0.5));
#18449=CARTESIAN_POINT('',(6.16,-0.35,1.5));
#18450=CARTESIAN_POINT('Origin',(6.16,-0.35,1.21));
#18451=CARTESIAN_POINT('',(6.45,-0.35,1.5));
#18452=CARTESIAN_POINT('',(6.15,-0.35,-0.457437037472));
#18453=CARTESIAN_POINT('',(6.15,-0.35,1.5));
#18454=CARTESIAN_POINT('',(6.162230377286,-0.35,-0.540767924286));
#18455=CARTESIAN_POINT('Origin',(6.44,-0.35,-0.457437037472));
#18456=CARTESIAN_POINT('',(6.425000733956,-0.35,-1.416669113186));
#18457=CARTESIAN_POINT('',(6.45,-0.35,-1.5));
#18458=CARTESIAN_POINT('',(6.425000733956,-0.35,-1.583330886814));
#18459=CARTESIAN_POINT('Origin',(6.147231111242,-0.35,-1.5));
#18460=CARTESIAN_POINT('',(6.162230377286,-0.35,-2.459232075714));
#18461=CARTESIAN_POINT('',(6.15,-0.35,-2.5));
#18462=CARTESIAN_POINT('',(6.15,-0.35,-2.542562962528));
#18463=CARTESIAN_POINT('Origin',(6.44,-0.35,-2.542562962528));
#18464=CARTESIAN_POINT('',(6.15,-0.35,-3.5));
#18465=CARTESIAN_POINT('',(6.15,-0.35,-2.5));
#18466=CARTESIAN_POINT('',(6.45,-0.35,-3.5));
#18467=CARTESIAN_POINT('',(6.15,-0.35,-3.5));
#18468=CARTESIAN_POINT('',(6.45,-0.35,-2.542562962528));
#18469=CARTESIAN_POINT('',(6.45,-0.35,-3.5));
#18470=CARTESIAN_POINT('',(6.462230377286,-0.35,-2.459232075714));
#18471=CARTESIAN_POINT('Origin',(6.74,-0.35,-2.542562962528));
#18472=CARTESIAN_POINT('',(6.725000733956,-0.35,-1.583330886814));
#18473=CARTESIAN_POINT('',(6.75,-0.35,-1.5));
#18474=CARTESIAN_POINT('Origin',(6.447231111242,-0.35,-1.5));
#18475=CARTESIAN_POINT('Origin',(6.45,-0.35,1.5));
#18476=CARTESIAN_POINT('',(6.16,-0.35,1.5));
#18477=CARTESIAN_POINT('Origin',(4.9,-2.25,4.3));
#18478=CARTESIAN_POINT('Origin',(0.15,-4.85,1.5));
#18479=CARTESIAN_POINT('',(0.15,-4.85,-0.457437037472));
#18480=CARTESIAN_POINT('Origin',(6.15,-4.85,1.5));
#18481=CARTESIAN_POINT('',(6.15,-4.85,-0.457437037472));
#18482=CARTESIAN_POINT('Origin',(0.15,-0.35,1.5));
#18483=CARTESIAN_POINT('',(0.15,-0.35,-0.457437037472));
#18484=CARTESIAN_POINT('Origin',(6.15,-0.35,1.5));
#18485=CARTESIAN_POINT('',(6.15,-0.35,-0.457437037472));
#18486=CARTESIAN_POINT('Origin',(-0.15,-0.35,-0.5));
#18487=CARTESIAN_POINT('',(-0.162230377286,-0.35,-0.540767924286));
#18488=CARTESIAN_POINT('',(-0.425000733956,-0.35,-1.416669113186));
#18489=CARTESIAN_POINT('Origin',(-0.44,-0.35,-0.457437037472));
#18490=CARTESIAN_POINT('',(-0.15,-0.35,-0.457437037472));
#18491=CARTESIAN_POINT('Origin',(-0.147231111242,-0.35,-1.5));
#18492=CARTESIAN_POINT('',(-0.425000733956,-0.35,-1.583330886814));
#18493=CARTESIAN_POINT('Origin',(-0.15,-0.35,-0.5));
#18494=CARTESIAN_POINT('',(-0.15,-0.35,1.21));
#18495=CARTESIAN_POINT('Origin',(-0.45,-0.35,-1.5));
#18496=CARTESIAN_POINT('',(-0.162230377286,-0.35,-2.459232075714));
#18497=CARTESIAN_POINT('Origin',(0.14,-0.35,1.21));
#18498=CARTESIAN_POINT('Origin',(-0.44,-0.35,-2.542562962528));
#18499=CARTESIAN_POINT('',(-0.15,-0.35,-2.542562962528));
#18500=CARTESIAN_POINT('Origin',(-0.15,-0.35,-3.5));
#18501=CARTESIAN_POINT('',(-0.15,-0.35,-3.5));
#18502=CARTESIAN_POINT('Origin',(0.15,-0.35,-3.5));
#18503=CARTESIAN_POINT('',(0.15,-0.35,-3.5));
#18504=CARTESIAN_POINT('Origin',(0.15,-0.35,-2.5));
#18505=CARTESIAN_POINT('',(0.15,-0.35,-2.542562962528));
#18506=CARTESIAN_POINT('Origin',(-0.14,-0.35,-0.457437037472));
#18507=CARTESIAN_POINT('',(0.137769622714,-0.35,-0.540767924286));
#18508=CARTESIAN_POINT('Origin',(-0.14,-0.35,-2.542562962528));
#18509=CARTESIAN_POINT('',(0.137769622714,-0.35,-2.459232075714));
#18510=CARTESIAN_POINT('Origin',(-0.15,-0.35,-1.5));
#18511=CARTESIAN_POINT('',(-0.125000733956,-0.35,-1.416669113186));
#18512=CARTESIAN_POINT('Origin',(0.15,-0.35,-2.5));
#18513=CARTESIAN_POINT('',(-0.125000733956,-0.35,-1.583330886814));
#18514=CARTESIAN_POINT('Origin',(0.152768888758,-0.35,-1.5));
#18515=CARTESIAN_POINT('Origin',(-0.15,-4.85,-0.5));
#18516=CARTESIAN_POINT('',(-0.162230377286,-4.85,-0.540767924286));
#18517=CARTESIAN_POINT('',(-0.425000733956,-4.85,-1.416669113186));
#18518=CARTESIAN_POINT('Origin',(-0.44,-4.85,-0.457437037472));
#18519=CARTESIAN_POINT('',(-0.15,-4.85,-0.457437037472));
#18520=CARTESIAN_POINT('Origin',(-0.147231111242,-4.85,-1.5));
#18521=CARTESIAN_POINT('',(-0.425000733956,-4.85,-1.583330886814));
#18522=CARTESIAN_POINT('Origin',(-0.15,-4.85,-0.5));
#18523=CARTESIAN_POINT('',(-0.15,-4.85,1.21));
#18524=CARTESIAN_POINT('Origin',(-0.45,-4.85,-1.5));
#18525=CARTESIAN_POINT('',(-0.162230377286,-4.85,-2.459232075714));
#18526=CARTESIAN_POINT('Origin',(0.14,-4.85,1.21));
#18527=CARTESIAN_POINT('Origin',(-0.44,-4.85,-2.542562962528));
#18528=CARTESIAN_POINT('',(-0.15,-4.85,-2.542562962528));
#18529=CARTESIAN_POINT('Origin',(-0.15,-4.85,-3.5));
#18530=CARTESIAN_POINT('',(-0.15,-4.85,-3.5));
#18531=CARTESIAN_POINT('Origin',(0.15,-4.85,-3.5));
#18532=CARTESIAN_POINT('',(0.15,-4.85,-3.5));
#18533=CARTESIAN_POINT('Origin',(0.15,-4.85,-2.5));
#18534=CARTESIAN_POINT('',(0.15,-4.85,-2.542562962528));
#18535=CARTESIAN_POINT('Origin',(-0.14,-4.85,-0.457437037472));
#18536=CARTESIAN_POINT('',(0.137769622714,-4.85,-0.540767924286));
#18537=CARTESIAN_POINT('Origin',(-0.14,-4.85,-2.542562962528));
#18538=CARTESIAN_POINT('',(0.137769622714,-4.85,-2.459232075714));
#18539=CARTESIAN_POINT('Origin',(-0.15,-4.85,-1.5));
#18540=CARTESIAN_POINT('',(-0.125000733956,-4.85,-1.416669113186));
#18541=CARTESIAN_POINT('Origin',(0.15,-4.85,-2.5));
#18542=CARTESIAN_POINT('',(-0.125000733956,-4.85,-1.583330886814));
#18543=CARTESIAN_POINT('Origin',(0.152768888758,-4.85,-1.5));
#18544=CARTESIAN_POINT('Origin',(6.45,-4.85,-0.5));
#18545=CARTESIAN_POINT('',(6.725000733956,-4.85,-1.416669113186));
#18546=CARTESIAN_POINT('',(6.462230377286,-4.85,-0.540767924286));
#18547=CARTESIAN_POINT('Origin',(6.74,-4.85,-0.457437037472));
#18548=CARTESIAN_POINT('',(6.45,-4.85,-0.457437037472));
#18549=CARTESIAN_POINT('Origin',(6.447231111242,-4.85,-1.5));
#18550=CARTESIAN_POINT('',(6.725000733956,-4.85,-1.583330886814));
#18551=CARTESIAN_POINT('Origin',(6.45,-4.85,-0.5));
#18552=CARTESIAN_POINT('',(6.45,-4.85,1.21));
#18553=CARTESIAN_POINT('Origin',(6.75,-4.85,-1.5));
#18554=CARTESIAN_POINT('',(6.462230377286,-4.85,-2.459232075714));
#18555=CARTESIAN_POINT('Origin',(6.16,-4.85,1.21));
#18556=CARTESIAN_POINT('Origin',(6.74,-4.85,-2.542562962528));
#18557=CARTESIAN_POINT('',(6.45,-4.85,-2.542562962528));
#18558=CARTESIAN_POINT('Origin',(6.45,-4.85,-3.5));
#18559=CARTESIAN_POINT('',(6.45,-4.85,-3.5));
#18560=CARTESIAN_POINT('Origin',(6.15,-4.85,-3.5));
#18561=CARTESIAN_POINT('',(6.15,-4.85,-3.5));
#18562=CARTESIAN_POINT('Origin',(6.15,-4.85,-2.5));
#18563=CARTESIAN_POINT('',(6.15,-4.85,-2.542562962528));
#18564=CARTESIAN_POINT('Origin',(6.44,-4.85,-0.457437037472));
#18565=CARTESIAN_POINT('',(6.162230377286,-4.85,-0.540767924286));
#18566=CARTESIAN_POINT('Origin',(6.44,-4.85,-2.542562962528));
#18567=CARTESIAN_POINT('',(6.162230377286,-4.85,-2.459232075714));
#18568=CARTESIAN_POINT('Origin',(6.45,-4.85,-1.5));
#18569=CARTESIAN_POINT('',(6.425000733956,-4.85,-1.416669113186));
#18570=CARTESIAN_POINT('Origin',(6.15,-4.85,-2.5));
#18571=CARTESIAN_POINT('',(6.425000733956,-4.85,-1.583330886814));
#18572=CARTESIAN_POINT('Origin',(6.147231111242,-4.85,-1.5));
#18573=CARTESIAN_POINT('Origin',(6.45,-0.35,-0.5));
#18574=CARTESIAN_POINT('',(6.725000733956,-0.35,-1.416669113186));
#18575=CARTESIAN_POINT('',(6.462230377286,-0.35,-0.540767924286));
#18576=CARTESIAN_POINT('Origin',(6.74,-0.35,-0.457437037472));
#18577=CARTESIAN_POINT('',(6.45,-0.35,-0.457437037472));
#18578=CARTESIAN_POINT('Origin',(6.447231111242,-0.35,-1.5));
#18579=CARTESIAN_POINT('',(6.725000733956,-0.35,-1.583330886814));
#18580=CARTESIAN_POINT('Origin',(6.45,-0.35,-0.5));
#18581=CARTESIAN_POINT('',(6.45,-0.35,1.21));
#18582=CARTESIAN_POINT('Origin',(6.75,-0.35,-1.5));
#18583=CARTESIAN_POINT('',(6.462230377286,-0.35,-2.459232075714));
#18584=CARTESIAN_POINT('Origin',(6.16,-0.35,1.21));
#18585=CARTESIAN_POINT('Origin',(6.74,-0.35,-2.542562962528));
#18586=CARTESIAN_POINT('',(6.45,-0.35,-2.542562962528));
#18587=CARTESIAN_POINT('Origin',(6.45,-0.35,-3.5));
#18588=CARTESIAN_POINT('',(6.45,-0.35,-3.5));
#18589=CARTESIAN_POINT('Origin',(6.15,-0.35,-3.5));
#18590=CARTESIAN_POINT('',(6.15,-0.35,-3.5));
#18591=CARTESIAN_POINT('Origin',(6.15,-0.35,-2.5));
#18592=CARTESIAN_POINT('',(6.15,-0.35,-2.542562962528));
#18593=CARTESIAN_POINT('Origin',(6.44,-0.35,-0.457437037472));
#18594=CARTESIAN_POINT('',(6.162230377286,-0.35,-0.540767924286));
#18595=CARTESIAN_POINT('Origin',(6.44,-0.35,-2.542562962528));
#18596=CARTESIAN_POINT('',(6.162230377286,-0.35,-2.459232075714));
#18597=CARTESIAN_POINT('Origin',(6.45,-0.35,-1.5));
#18598=CARTESIAN_POINT('',(6.425000733956,-0.35,-1.416669113186));
#18599=CARTESIAN_POINT('Origin',(6.15,-0.35,-2.5));
#18600=CARTESIAN_POINT('',(6.425000733956,-0.35,-1.583330886814));
#18601=CARTESIAN_POINT('Origin',(6.147231111242,-0.35,-1.5));
#18602=CARTESIAN_POINT('',(0.,0.,0.));
#18603=CARTESIAN_POINT('Origin',(4.51044925613777,-0.348222337385567,6.295));
#18604=CARTESIAN_POINT('',(4.51044925613777,-0.348222337385567,9.21));
#18605=CARTESIAN_POINT('',(1.01044925613776,-3.84822233738558,9.21));
#18606=CARTESIAN_POINT('',(3.88736009053152,-0.971311502991818,9.21));
#18607=CARTESIAN_POINT('',(4.51044925613777,-0.348222337385567,6.295));
#18608=CARTESIAN_POINT('',(4.51044925613777,-0.348222337385567,6.295));
#18609=CARTESIAN_POINT('',(1.01044925613776,-3.84822233738558,6.295));
#18610=CARTESIAN_POINT('',(1.01044925613776,-3.84822233738558,6.295));
#18611=CARTESIAN_POINT('',(1.01044925613776,-3.84822233738558,6.295));
#18612=CARTESIAN_POINT('Origin',(4.9347133248497,-0.772486406097495,6.295));
#18613=CARTESIAN_POINT('',(4.9347133248497,-0.172486406097495,9.21));
#18614=CARTESIAN_POINT('Origin',(4.9347133248497,-0.772486406097495,9.21));
#18615=CARTESIAN_POINT('',(4.9347133248497,-0.172486406097495,6.295));
#18616=CARTESIAN_POINT('',(4.9347133248497,-0.172486406097495,6.295));
#18617=CARTESIAN_POINT('Origin',(4.9347133248497,-0.772486406097495,6.295));
#18618=CARTESIAN_POINT('Origin',(10.4499999999997,-0.172486406097508,6.295));
#18619=CARTESIAN_POINT('',(10.4499999999997,-0.172486406097508,9.21));
#18620=CARTESIAN_POINT('',(8.19617833121222,-0.172486406097503,9.21));
#18621=CARTESIAN_POINT('',(10.4499999999997,-0.172486406097508,6.295));
#18622=CARTESIAN_POINT('',(10.4499999999997,-0.172486406097508,6.295));
#18623=CARTESIAN_POINT('',(4.9347133248497,-0.172486406097495,6.295));
#18624=CARTESIAN_POINT('Origin',(10.4499999999997,-0.77248640609751,6.295));
#18625=CARTESIAN_POINT('',(11.0499999999997,-0.77248640609751,9.21));
#18626=CARTESIAN_POINT('Origin',(10.4499999999997,-0.77248640609751,9.21));
#18627=CARTESIAN_POINT('',(11.0499999999997,-0.77248640609751,6.295));
#18628=CARTESIAN_POINT('',(11.0499999999997,-0.77248640609751,6.295));
#18629=CARTESIAN_POINT('Origin',(10.4499999999997,-0.77248640609751,6.295));
#18630=CARTESIAN_POINT('Origin',(11.0499999999997,-7.77248640609751,6.295));
#18631=CARTESIAN_POINT('',(11.0499999999997,-7.77248640609751,9.21));
#18632=CARTESIAN_POINT('',(11.0499999999997,-6.02248640609751,9.21));
#18633=CARTESIAN_POINT('',(11.0499999999997,-7.77248640609751,6.295));
#18634=CARTESIAN_POINT('',(11.0499999999997,-7.77248640609751,6.295));
#18635=CARTESIAN_POINT('',(11.0499999999997,-0.77248640609751,6.295));
#18636=CARTESIAN_POINT('Origin',(10.4499999999997,-7.77248640609751,6.295));
#18637=CARTESIAN_POINT('',(10.4499999999997,-8.37248640609751,9.21));
#18638=CARTESIAN_POINT('Origin',(10.4499999999997,-7.77248640609751,9.21));
#18639=CARTESIAN_POINT('',(10.4499999999997,-8.37248640609751,6.295));
#18640=CARTESIAN_POINT('',(10.4499999999997,-8.37248640609751,6.295));
#18641=CARTESIAN_POINT('Origin',(10.4499999999997,-7.77248640609751,6.295));
#18642=CARTESIAN_POINT('Origin',(4.9347133248497,-8.37248640609752,6.295));
#18643=CARTESIAN_POINT('',(4.9347133248497,-8.37248640609752,9.21));
#18644=CARTESIAN_POINT('',(5.4385349936372,-8.37248640609752,9.21));
#18645=CARTESIAN_POINT('',(4.9347133248497,-8.37248640609752,6.295));
#18646=CARTESIAN_POINT('',(4.9347133248497,-8.37248640609752,6.295));
#18647=CARTESIAN_POINT('',(10.4499999999997,-8.37248640609751,6.295));
#18648=CARTESIAN_POINT('Origin',(4.9347133248497,-7.77248640609751,6.295));
#18649=CARTESIAN_POINT('',(4.51044925613777,-8.19675047480944,9.21));
#18650=CARTESIAN_POINT('Origin',(4.9347133248497,-7.77248640609751,9.21));
#18651=CARTESIAN_POINT('',(4.51044925613777,-8.19675047480944,6.295));
#18652=CARTESIAN_POINT('',(4.51044925613777,-8.19675047480944,6.295));
#18653=CARTESIAN_POINT('Origin',(4.9347133248497,-7.77248640609751,6.295));
#18654=CARTESIAN_POINT('Origin',(1.01044925613777,-4.69675047480943,6.295));
#18655=CARTESIAN_POINT('',(1.01044925613777,-4.69675047480943,9.21));
#18656=CARTESIAN_POINT('',(2.13736009053152,-5.82366130920318,9.21));
#18657=CARTESIAN_POINT('',(1.01044925613777,-4.69675047480943,6.295));
#18658=CARTESIAN_POINT('',(1.01044925613777,-4.69675047480943,6.295));
#18659=CARTESIAN_POINT('',(4.51044925613777,-8.19675047480944,6.295));
#18660=CARTESIAN_POINT('Origin',(1.4347133248497,-4.2724864060975,6.295));
#18661=CARTESIAN_POINT('Origin',(1.4347133248497,-4.2724864060975,9.21));
#18662=CARTESIAN_POINT('Origin',(1.4347133248497,-4.2724864060975,6.295));
#18663=CARTESIAN_POINT('Origin',(5.94235666242471,-4.27248640609751,9.21));
#18664=CARTESIAN_POINT('',(4.9347133248497,-7.97248640609752,9.21));
#18665=CARTESIAN_POINT('',(10.7276065436631,-7.97248640609751,9.21));
#18666=CARTESIAN_POINT('',(8.33498160304393,-7.97248640609751,9.21));
#18667=CARTESIAN_POINT('',(4.79329196861239,-7.91390776233483,9.21));
#18668=CARTESIAN_POINT('Origin',(4.9347133248497,-7.77248640609751,9.21));
#18669=CARTESIAN_POINT('',(1.29329196861239,-4.41390776233481,9.21));
#18670=CARTESIAN_POINT('',(4.17020280300614,-7.29081859672857,9.21));
#18671=CARTESIAN_POINT('',(1.29329196861239,-4.13106504986019,9.21));
#18672=CARTESIAN_POINT('Origin',(1.4347133248497,-4.2724864060975,9.21));
#18673=CARTESIAN_POINT('',(4.79329196861239,-0.631065049860186,9.21));
#18674=CARTESIAN_POINT('',(2.42020280300614,-3.00415421546644,9.21));
#18675=CARTESIAN_POINT('',(4.9347133248497,-0.572486406097495,9.21));
#18676=CARTESIAN_POINT('Origin',(4.9347133248497,-0.772486406097495,9.21));
#18677=CARTESIAN_POINT('',(10.7276065436632,-0.572486406097511,9.21));
#18678=CARTESIAN_POINT('',(5.43853499363721,-0.572486406097496,9.21));
#18679=CARTESIAN_POINT('',(10.9276065436632,-0.772486406097511,9.21));
#18680=CARTESIAN_POINT('Origin',(10.7276065436632,-0.772486406097511,9.21));
#18681=CARTESIAN_POINT('',(10.9276065436631,-7.77248640609751,9.21));
#18682=CARTESIAN_POINT('',(10.9276065436632,-2.52248640609751,9.21));
#18683=CARTESIAN_POINT('Origin',(10.7276065436631,-7.77248640609751,9.21));
#18684=CARTESIAN_POINT('Origin',(10.7276065436631,-7.97248640609751,11.01));
#18685=CARTESIAN_POINT('',(10.7276065436631,-7.97248640609751,12.51));
#18686=CARTESIAN_POINT('',(10.7276065436631,-7.97248640609751,11.01));
#18687=CARTESIAN_POINT('',(4.9347133248497,-7.97248640609752,12.51));
#18688=CARTESIAN_POINT('',(8.40438323895979,-7.97248640609751,12.51));
#18689=CARTESIAN_POINT('',(4.9347133248497,-7.97248640609752,11.01));
#18690=CARTESIAN_POINT('Origin',(10.7276065436631,-7.77248640609751,11.01));
#18691=CARTESIAN_POINT('',(10.9276065436631,-7.77248640609751,12.51));
#18692=CARTESIAN_POINT('',(10.9276065436631,-7.77248640609751,11.01));
#18693=CARTESIAN_POINT('Origin',(10.7276065436631,-7.77248640609751,12.51));
#18694=CARTESIAN_POINT('Origin',(10.9276065436632,-0.772486406097511,11.01));
#18695=CARTESIAN_POINT('',(10.9276065436632,-0.772486406097511,12.51));
#18696=CARTESIAN_POINT('',(10.9276065436632,-0.772486406097511,11.01));
#18697=CARTESIAN_POINT('',(10.9276065436632,-2.52248640609751,12.51));
#18698=CARTESIAN_POINT('Origin',(10.7276065436632,-0.772486406097511,11.01));
#18699=CARTESIAN_POINT('',(10.7276065436632,-0.572486406097511,12.51));
#18700=CARTESIAN_POINT('',(10.7276065436632,-0.572486406097511,11.01));
#18701=CARTESIAN_POINT('Origin',(10.7276065436632,-0.772486406097511,12.51));
#18702=CARTESIAN_POINT('Origin',(4.9347133248497,-0.572486406097495,11.01));
#18703=CARTESIAN_POINT('',(4.9347133248497,-0.572486406097495,12.51));
#18704=CARTESIAN_POINT('',(4.9347133248497,-0.572486406097495,11.01));
#18705=CARTESIAN_POINT('',(5.50793662955307,-0.572486406097497,12.51));
#18706=CARTESIAN_POINT('Origin',(6.08115993425642,-4.27248640609751,12.51));
#18707=CARTESIAN_POINT('',(1.29329196861239,-4.13106504986019,12.51));
#18708=CARTESIAN_POINT('',(1.29329196861239,-4.41390776233481,12.51));
#18709=CARTESIAN_POINT('Origin',(1.4347133248497,-4.2724864060975,12.51));
#18710=CARTESIAN_POINT('',(4.79329196861239,-7.91390776233483,12.51));
#18711=CARTESIAN_POINT('',(4.20490362096407,-7.3255194146865,12.51));
#18712=CARTESIAN_POINT('Origin',(4.9347133248497,-7.77248640609751,12.51));
#18713=CARTESIAN_POINT('',(4.79329196861239,-0.631065049860186,12.51));
#18714=CARTESIAN_POINT('Origin',(4.9347133248497,-0.772486406097495,12.51));
#18715=CARTESIAN_POINT('',(2.45490362096407,-2.96945339750851,12.51));
#18716=CARTESIAN_POINT('Origin',(4.9347133248497,-0.772486406097495,11.01));
#18717=CARTESIAN_POINT('',(4.79329196861239,-0.631065049860186,11.01));
#18718=CARTESIAN_POINT('Origin',(1.29329196861239,-4.13106504986019,11.01));
#18719=CARTESIAN_POINT('',(1.29329196861239,-4.13106504986019,11.01));
#18720=CARTESIAN_POINT('Origin',(1.4347133248497,-4.2724864060975,11.01));
#18721=CARTESIAN_POINT('',(1.29329196861239,-4.41390776233481,11.01));
#18722=CARTESIAN_POINT('Origin',(4.79329196861239,-7.91390776233483,11.01));
#18723=CARTESIAN_POINT('',(4.79329196861239,-7.91390776233483,11.01));
#18724=CARTESIAN_POINT('Origin',(4.9347133248497,-7.77248640609751,11.01));
#18725=CARTESIAN_POINT('Origin',(6.08115993425642,-4.27248640609751,6.295));
#18726=CARTESIAN_POINT('',(-7.64,9.38,1.595));
#18727=CARTESIAN_POINT('',(-9.340001,5.38,1.595));
#18728=CARTESIAN_POINT('',(-10.52,-7.42,1.595));
#18729=CARTESIAN_POINT('',(0.,0.,0.));
#18730=CARTESIAN_POINT('',(0.,0.,0.));
#18731=CARTESIAN_POINT('',(-6.14,5.38,1.595));
#18732=CARTESIAN_POINT('',(3.23,1.83,1.595));
#18733=CARTESIAN_POINT('',(-3.27,-9.92,1.595));
#18734=CARTESIAN_POINT('',(10.48,-0.92,1.595));
#18735=CARTESIAN_POINT('',(0.,0.,0.));
#18736=CARTESIAN_POINT('',(-4.1924864060975,-4.14760654366315,0.));
#18737=CARTESIAN_POINT('',(-0.0448798624343524,-8.34009294976066,0.));
#18738=CARTESIAN_POINT('',(4.14760654366315,-4.1924864060975,0.));
#18739=UNCERTAINTY_MEASURE_WITH_UNIT(LENGTH_MEASURE(0.01),#18755,
'DISTANCE_ACCURACY_VALUE',
'Maximum model space distance between geometric entities at asserted c
onnectivities');
#18740=UNCERTAINTY_MEASURE_WITH_UNIT(LENGTH_MEASURE(0.01),#18755,
'DISTANCE_ACCURACY_VALUE',
'Maximum model space distance between geometric entities at asserted c
onnectivities');
#18741=UNCERTAINTY_MEASURE_WITH_UNIT(LENGTH_MEASURE(0.01),#18755,
'DISTANCE_ACCURACY_VALUE',
'Maximum model space distance between geometric entities at asserted c
onnectivities');
#18742=UNCERTAINTY_MEASURE_WITH_UNIT(LENGTH_MEASURE(0.01),#18755,
'DISTANCE_ACCURACY_VALUE',
'Maximum model space distance between geometric entities at asserted c
onnectivities');
#18743=UNCERTAINTY_MEASURE_WITH_UNIT(LENGTH_MEASURE(0.01),#18755,
'DISTANCE_ACCURACY_VALUE',
'Maximum model space distance between geometric entities at asserted c
onnectivities');
#18744=UNCERTAINTY_MEASURE_WITH_UNIT(LENGTH_MEASURE(0.01),#18755,
'DISTANCE_ACCURACY_VALUE',
'Maximum model space distance between geometric entities at asserted c
onnectivities');
#18745=UNCERTAINTY_MEASURE_WITH_UNIT(LENGTH_MEASURE(0.01),#18755,
'DISTANCE_ACCURACY_VALUE',
'Maximum model space distance between geometric entities at asserted c
onnectivities');
#18746=UNCERTAINTY_MEASURE_WITH_UNIT(LENGTH_MEASURE(0.01),#18755,
'DISTANCE_ACCURACY_VALUE',
'Maximum model space distance between geometric entities at asserted c
onnectivities');
#18747=(
GEOMETRIC_REPRESENTATION_CONTEXT(3)
GLOBAL_UNCERTAINTY_ASSIGNED_CONTEXT((#18739))
GLOBAL_UNIT_ASSIGNED_CONTEXT((#18755,#18757,#18758))
REPRESENTATION_CONTEXT('','3D')
);
#18748=(
GEOMETRIC_REPRESENTATION_CONTEXT(3)
GLOBAL_UNCERTAINTY_ASSIGNED_CONTEXT((#18740))
GLOBAL_UNIT_ASSIGNED_CONTEXT((#18755,#18757,#18758))
REPRESENTATION_CONTEXT('','3D')
);
#18749=(
GEOMETRIC_REPRESENTATION_CONTEXT(3)
GLOBAL_UNCERTAINTY_ASSIGNED_CONTEXT((#18741))
GLOBAL_UNIT_ASSIGNED_CONTEXT((#18755,#18757,#18758))
REPRESENTATION_CONTEXT('','3D')
);
#18750=(
GEOMETRIC_REPRESENTATION_CONTEXT(3)
GLOBAL_UNCERTAINTY_ASSIGNED_CONTEXT((#18742))
GLOBAL_UNIT_ASSIGNED_CONTEXT((#18755,#18757,#18758))
REPRESENTATION_CONTEXT('','3D')
);
#18751=(
GEOMETRIC_REPRESENTATION_CONTEXT(3)
GLOBAL_UNCERTAINTY_ASSIGNED_CONTEXT((#18743))
GLOBAL_UNIT_ASSIGNED_CONTEXT((#18755,#18757,#18758))
REPRESENTATION_CONTEXT('','3D')
);
#18752=(
GEOMETRIC_REPRESENTATION_CONTEXT(3)
GLOBAL_UNCERTAINTY_ASSIGNED_CONTEXT((#18744))
GLOBAL_UNIT_ASSIGNED_CONTEXT((#18755,#18757,#18758))
REPRESENTATION_CONTEXT('','3D')
);
#18753=(
GEOMETRIC_REPRESENTATION_CONTEXT(3)
GLOBAL_UNCERTAINTY_ASSIGNED_CONTEXT((#18745))
GLOBAL_UNIT_ASSIGNED_CONTEXT((#18755,#18757,#18758))
REPRESENTATION_CONTEXT('','3D')
);
#18754=(
GEOMETRIC_REPRESENTATION_CONTEXT(3)
GLOBAL_UNCERTAINTY_ASSIGNED_CONTEXT((#18746))
GLOBAL_UNIT_ASSIGNED_CONTEXT((#18755,#18757,#18758))
REPRESENTATION_CONTEXT('','3D')
);
#18755=(
LENGTH_UNIT()
NAMED_UNIT(*)
SI_UNIT(.MILLI.,.METRE.)
);
#18756=(
LENGTH_UNIT()
NAMED_UNIT(*)
SI_UNIT($,.METRE.)
);
#18757=(
NAMED_UNIT(*)
PLANE_ANGLE_UNIT()
SI_UNIT($,.RADIAN.)
);
#18758=(
NAMED_UNIT(*)
SI_UNIT($,.STERADIAN.)
SOLID_ANGLE_UNIT()
);
#18759=SHAPE_DEFINITION_REPRESENTATION(#18766,#18786);
#18760=SHAPE_DEFINITION_REPRESENTATION(#18767,#18787);
#18761=SHAPE_DEFINITION_REPRESENTATION(#18768,#18788);
#18762=SHAPE_DEFINITION_REPRESENTATION(#18769,#18789);
#18763=SHAPE_DEFINITION_REPRESENTATION(#18770,#18790);
#18764=SHAPE_DEFINITION_REPRESENTATION(#18771,#18791);
#18765=SHAPE_DEFINITION_REPRESENTATION(#18772,#18792);
#18766=PRODUCT_DEFINITION_SHAPE('',$,#18794);
#18767=PRODUCT_DEFINITION_SHAPE('',$,#18795);
#18768=PRODUCT_DEFINITION_SHAPE('',$,#18796);
#18769=PRODUCT_DEFINITION_SHAPE('',$,#18797);
#18770=PRODUCT_DEFINITION_SHAPE('',$,#18798);
#18771=PRODUCT_DEFINITION_SHAPE('',$,#18799);
#18772=PRODUCT_DEFINITION_SHAPE('',$,#18800);
#18773=PRODUCT_DEFINITION_SHAPE($,$,#50);
#18774=PRODUCT_DEFINITION_SHAPE($,$,#51);
#18775=PRODUCT_DEFINITION_SHAPE($,$,#52);
#18776=PRODUCT_DEFINITION_SHAPE($,$,#53);
#18777=PRODUCT_DEFINITION_SHAPE($,$,#54);
#18778=PRODUCT_DEFINITION_SHAPE($,$,#55);
#18779=PRODUCT_DEFINITION_SHAPE($,$,#56);
#18780=PRODUCT_DEFINITION_SHAPE($,$,#57);
#18781=PRODUCT_DEFINITION_SHAPE($,$,#58);
#18782=PRODUCT_DEFINITION_SHAPE($,$,#59);
#18783=PRODUCT_DEFINITION_SHAPE($,$,#60);
#18784=PRODUCT_DEFINITION_SHAPE($,$,#61);
#18785=PRODUCT_DEFINITION_SHAPE($,$,#62);
#18786=SHAPE_REPRESENTATION('',(#11648,#12534,#12535,#12536,#12537,#12538,
#12539,#12540,#12541,#12542,#12543,#12544,#12545,#12546),#18747);
#18787=SHAPE_REPRESENTATION('',(#11649),#18748);
#18788=SHAPE_REPRESENTATION('',(#12032),#18749);
#18789=SHAPE_REPRESENTATION('',(#12147),#18750);
#18790=SHAPE_REPRESENTATION('',(#12261),#18751);
#18791=SHAPE_REPRESENTATION('',(#12304),#18752);
#18792=SHAPE_REPRESENTATION('',(#12490),#18753);
#18793=PRODUCT_DEFINITION_CONTEXT('part definition',#18816,'design');
#18794=PRODUCT_DEFINITION('four_button 1','Four Button Module v3',#18801,
#18793);
#18795=PRODUCT_DEFINITION('PinHeader_2x07_P2.54mm_Horizontal',
'PinHeader_2x07_P2.54mm_Horizontal',#18802,#18793);
#18796=PRODUCT_DEFINITION('four_button_PCB','four_button_PCB',#18803,#18793);
#18797=PRODUCT_DEFINITION('Case','Case',#18804,#18793);
#18798=PRODUCT_DEFINITION('R_0805_2012Metric','R_0805_2012Metric',#18805,
#18793);
#18799=PRODUCT_DEFINITION('SW_PUSH_6mm','SW_PUSH_6mm',#18806,#18793);
#18800=PRODUCT_DEFINITION('Button','Button',#18807,#18793);
#18801=PRODUCT_DEFINITION_FORMATION('',$,#18818);
#18802=PRODUCT_DEFINITION_FORMATION('',$,#18819);
#18803=PRODUCT_DEFINITION_FORMATION('',$,#18820);
#18804=PRODUCT_DEFINITION_FORMATION('',$,#18821);
#18805=PRODUCT_DEFINITION_FORMATION('',$,#18822);
#18806=PRODUCT_DEFINITION_FORMATION('',$,#18823);
#18807=PRODUCT_DEFINITION_FORMATION('',$,#18824);
#18808=PRODUCT_RELATED_PRODUCT_CATEGORY('Four Button Module v3',
'Four Button Module v3',(#18818));
#18809=PRODUCT_RELATED_PRODUCT_CATEGORY(
'PinHeader_2x07_P2.54mm_Horizontal','PinHeader_2x07_P2.54mm_Horizontal',
(#18819));
#18810=PRODUCT_RELATED_PRODUCT_CATEGORY('four_button_PCB',
'four_button_PCB',(#18820));
#18811=PRODUCT_RELATED_PRODUCT_CATEGORY('Case','Case',(#18821));
#18812=PRODUCT_RELATED_PRODUCT_CATEGORY('R_0805_2012Metric',
'R_0805_2012Metric',(#18822));
#18813=PRODUCT_RELATED_PRODUCT_CATEGORY('SW_PUSH_6mm','SW_PUSH_6mm',(#18823));
#18814=PRODUCT_RELATED_PRODUCT_CATEGORY('Button','Button',(#18824));
#18815=APPLICATION_PROTOCOL_DEFINITION('international standard',
'automotive_design',2009,#18816);
#18816=APPLICATION_CONTEXT(
'Core Data for Automotive Mechanical Design Process');
#18817=PRODUCT_CONTEXT('part definition',#18816,'mechanical');
#18818=PRODUCT('four_button 1','Four Button Module v3',
'KiCad electronic assembly',(#18817));
#18819=PRODUCT('PinHeader_2x07_P2.54mm_Horizontal',
'PinHeader_2x07_P2.54mm_Horizontal',$,(#18817));
#18820=PRODUCT('four_button_PCB','four_button_PCB',$,(#18817));
#18821=PRODUCT('Case','Case',$,(#18817));
#18822=PRODUCT('R_0805_2012Metric','R_0805_2012Metric',$,(#18817));
#18823=PRODUCT('SW_PUSH_6mm','SW_PUSH_6mm',$,(#18817));
#18824=PRODUCT('Button','Button',$,(#18817));
#18825=PRESENTATION_STYLE_ASSIGNMENT((#18832));
#18826=PRESENTATION_STYLE_ASSIGNMENT((#18833));
#18827=PRESENTATION_STYLE_ASSIGNMENT((#18834));
#18828=PRESENTATION_STYLE_ASSIGNMENT((#18835));
#18829=PRESENTATION_STYLE_ASSIGNMENT((#18836));
#18830=PRESENTATION_STYLE_ASSIGNMENT((#18837));
#18831=PRESENTATION_STYLE_ASSIGNMENT((#18838));
#18832=SURFACE_STYLE_USAGE(.BOTH.,#18839);
#18833=SURFACE_STYLE_USAGE(.BOTH.,#18840);
#18834=SURFACE_STYLE_USAGE(.BOTH.,#18841);
#18835=SURFACE_STYLE_USAGE(.BOTH.,#18842);
#18836=SURFACE_STYLE_USAGE(.BOTH.,#18843);
#18837=SURFACE_STYLE_USAGE(.BOTH.,#18844);
#18838=SURFACE_STYLE_USAGE(.BOTH.,#18845);
#18839=SURFACE_SIDE_STYLE('',(#18846));
#18840=SURFACE_SIDE_STYLE('',(#18847));
#18841=SURFACE_SIDE_STYLE('',(#18848));
#18842=SURFACE_SIDE_STYLE('',(#18849));
#18843=SURFACE_SIDE_STYLE('',(#18850));
#18844=SURFACE_SIDE_STYLE('',(#18851));
#18845=SURFACE_SIDE_STYLE('',(#18852));
#18846=SURFACE_STYLE_FILL_AREA(#18853);
#18847=SURFACE_STYLE_FILL_AREA(#18854);
#18848=SURFACE_STYLE_FILL_AREA(#18855);
#18849=SURFACE_STYLE_FILL_AREA(#18856);
#18850=SURFACE_STYLE_FILL_AREA(#18857);
#18851=SURFACE_STYLE_FILL_AREA(#18858);
#18852=SURFACE_STYLE_FILL_AREA(#18859);
#18853=FILL_AREA_STYLE('Steel - Satin',(#18860));
#18854=FILL_AREA_STYLE('Opaque(38,37,37)',(#18861));
#18855=FILL_AREA_STYLE('Opaque(219,188,126)',(#18862));
#18856=FILL_AREA_STYLE('Opaque(80,124,105)',(#18863));
#18857=FILL_AREA_STYLE('Opaque(210,209,199)',(#18864));
#18858=FILL_AREA_STYLE('Opaque(228,227,207)',(#18865));
#18859=FILL_AREA_STYLE('Opaque(21,22,24)',(#18866));
#18860=FILL_AREA_STYLE_COLOUR('Steel - Satin',#18867);
#18861=FILL_AREA_STYLE_COLOUR('Opaque(38,37,37)',#18868);
#18862=FILL_AREA_STYLE_COLOUR('Opaque(219,188,126)',#18869);
#18863=FILL_AREA_STYLE_COLOUR('Opaque(80,124,105)',#18870);
#18864=FILL_AREA_STYLE_COLOUR('Opaque(210,209,199)',#18871);
#18865=FILL_AREA_STYLE_COLOUR('Opaque(228,227,207)',#18872);
#18866=FILL_AREA_STYLE_COLOUR('Opaque(21,22,24)',#18873);
#18867=COLOUR_RGB('Steel - Satin',0.627450980392157,0.627450980392157,0.627450980392157);
#18868=COLOUR_RGB('Opaque(38,37,37)',0.149019607843137,0.145098039215686,
0.145098039215686);
#18869=COLOUR_RGB('Opaque(219,188,126)',0.858823529411765,0.737254901960784,
0.494117647058824);
#18870=COLOUR_RGB('Opaque(80,124,105)',0.313725490196078,0.486274509803922,
0.411764705882353);
#18871=COLOUR_RGB('Opaque(210,209,199)',0.823529411764706,0.819607843137255,
0.780392156862745);
#18872=COLOUR_RGB('Opaque(228,227,207)',0.894117647058824,0.890196078431372,
0.811764705882353);
#18873=COLOUR_RGB('Opaque(21,22,24)',0.0823529411764706,0.0862745098039216,
0.0941176470588235);
ENDSEC;
END-ISO-10303-21;
