ISO-10303-21;
HEADER;
FILE_DESCRIPTION(('STEP AP242'),'1');
FILE_NAME('0510211400.stp','2024-12-10T13:36:56',('TraceParts'),('TraceParts S.A.'),'Spatial InterOp 3D',' ',' ');
FILE_SCHEMA(('AP242_MANAGED_MODEL_BASED_3D_ENGINEERING_MIM_LF  {1 0 10303 442 1 1 4}'));
ENDSEC;
DATA;
#1=MECHANICAL_DESIGN_GEOMETRIC_PRESENTATION_REPRESENTATION(' ',(#10),#6);
#2=PRODUCT_DEFINITION_CONTEXT('',#11,'design');
#3=APPLICATION_PROTOCOL_DEFINITION('INTERNATIONAL STANDARD','ap242_managed_model_based_3d_engineering',2014,#11);
#4=PRODUCT_CATEGORY_RELATIONSHIP('NONE','NONE',#12,#13);
#5=SHAPE_DEFINITION_REPRESENTATION(#14,#15);
#6= (GEOMETRIC_REPRESENTATION_CONTEXT(3)GLOBAL_UNCERTAINTY_ASSIGNED_CONTEXT((#18))GLOBAL_UNIT_ASSIGNED_CONTEXT((#20,#21,#22))REPRESENTATION_CONTEXT('NONE','WORKSPACE'));
#10=STYLED_ITEM('',(#24),#25);
#11=APPLICATION_CONTEXT('managed model based 3d engineering');
#12=PRODUCT_CATEGORY('part','NONE');
#13=PRODUCT_RELATED_PRODUCT_CATEGORY('detail',' ',(#26));
#14=PRODUCT_DEFINITION_SHAPE('NONE','NONE',#27);
#15=ADVANCED_BREP_SHAPE_REPRESENTATION('0510211400',(#25,#28),#6);
#18=UNCERTAINTY_MEASURE_WITH_UNIT(LENGTH_MEASURE(1.0E-06),#20,'','');
#20= (CONVERSION_BASED_UNIT('MILLIMETRE',#31)LENGTH_UNIT()NAMED_UNIT(#34));
#21= (NAMED_UNIT(#36)PLANE_ANGLE_UNIT()SI_UNIT($,.RADIAN.));
#22= (NAMED_UNIT(#36)SOLID_ANGLE_UNIT()SI_UNIT($,.STERADIAN.));
#24=PRESENTATION_STYLE_ASSIGNMENT((#42));
#25=MANIFOLD_SOLID_BREP('0510211400',#43);
#26=PRODUCT('0510211400','','PART--DESC',(#44));
#27=PRODUCT_DEFINITION('','NONE',#45,#2);
#28=AXIS2_PLACEMENT_3D('',#46,#47,#48);
#31=LENGTH_MEASURE_WITH_UNIT(LENGTH_MEASURE(1.0),#49);
#34=DIMENSIONAL_EXPONENTS(1.0,0.0,0.0,0.0,0.0,0.0,0.0);
#36=DIMENSIONAL_EXPONENTS(0.0,0.0,0.0,0.0,0.0,0.0,0.0);
#42=SURFACE_STYLE_USAGE(.BOTH.,#50);
#43=CLOSED_SHELL('',(#51,#52,#53,#54,#55,#56,#57,#58,#59,#60,#61,#62,#63,#64,#65,#66,#67,#68,#69,#70,#71,#72,#73,#74,#75,#76,#77,#78,#79,#80,#81,#82,#83,#84,#85,#86,#87,#88,#89,#90,#91,#92,#93,#94,#95,#96,#97,#98,#99,#100,#101,#102,#103,#104,#105,#106,#107,#108,#109,#110,#111,#112,#113,#114,#115,#116,#117,#118,#119,#120,#121,#122,#123,#124,#125,#126,#127,#128,#129,#130,#131,#132,#133,#134,#135,#136,#137,#138,#139,#140,#141,#142,#143,#144,#145,#146,#147,#148,#149,#150,#151,#152,#153,#154,#155,#156,#157,#158,#159,#160,#161,#162,#163,#164,#165,#166,#167,#168,#169,#170,#171,#172,#173,#174,#175,#176,#177,#178,#179,#180,#181,#182,#183,#184,#185,#186,#187,#188,#189,#190,#191,#192,#193,#194,#195,#196,#197,#198,#199,#200,#201,#202,#203,#204,#205,#206,#207,#208,#209,#210,#211,#212,#213,#214,#215,#216,#217,#218,#219,#220,#221,#222,#223,#224,#225,#226,#227,#228,#229,#230,#231,#232,#233,#234,#235,#236,#237,#238,#239,#240,#241,#242,#243,#244,#245,#246,#247,#248,#249,#250,#251,#252,#253,#254,#255,#256,#257,#258,#259,#260,#261,#262,#263,#264,#265,#266,#267,#268,#269,#270,#271,#272,#273,#274,#275,#276,#277,#278,#279,#280,#281,#282,#283,#284,#285,#286,#287,#288,#289,#290,#291,#292,#293,#294,#295,#296,#297,#298,#299,#300,#301,#302,#303,#304,#305,#306,#307,#308,#309,#310,#311,#312,#313,#314,#315,#316,#317,#318,#319,#320,#321,#322,#323,#324,#325,#326,#327,#328,#329,#330,#331,#332,#333,#334,#335,#336,#337,#338,#339,#340,#341,#342,#343,#344,#345,#346,#347,#348,#349,#350,#351,#352,#353,#354,#355,#356,#357,#358,#359,#360,#361,#362,#363,#364,#365,#366,#367,#368,#369,#370,#371,#372,#373,#374,#375,#376,#377,#378,#379,#380,#381,#382,#383,#384,#385,#386,#387,#388,#389,#390,#391,#392,#393,#394,#395,#396,#397,#398,#399,#400,#401,#402,#403,#404,#405,#406,#407,#408,#409,#410,#411,#412,#413,#414,#415,#416,#417,#418,#419,#420,#421,#422,#423,#424,#425,#426,#427,#428,#429,#430,#431,#432,#433,#434,#435,#436,#437,#438,#439,#440,#441,#442,#443,#444,#445,#446,#447,#448,#449,#450,#451,#452,#453,#454,#455,#456,#457,#458,#459,#460,#461,#462,#463,#464,#465,#466,#467,#468,#469,#470,#471,#472,#473,#474,#475,#476,#477,#478,#479,#480,#481,#482,#483,#484,#485,#486,#487,#488,#489,#490,#491,#492,#493,#494,#495,#496,#497,#498,#499,#500,#501,#502,#503,#504,#505,#506,#507,#508,#509,#510,#511,#512,#513,#514,#515,#516,#517,#518,#519,#520,#521,#522,#523,#524,#525,#526,#527,#528,#529,#530,#531,#532,#533,#534,#535,#536,#537,#538,#539,#540,#541,#542,#543,#544,#545,#546,#547,#548,#549,#550,#551,#552,#553,#554,#555,#556,#557,#558,#559,#560,#561,#562,#563,#564,#565,#566,#567,#568,#569,#570,#571,#572,#573,#574,#575,#576,#577,#578,#579,#580,#581,#582,#583,#584,#585,#586,#587,#588,#589,#590,#591,#592,#593,#594,#595,#596,#597,#598,#599,#600,#601,#602,#603,#604,#605,#606,#607,#608,#609,#610,#611,#612,#613,#614,#615,#616,#617,#618,#619,#620,#621,#622,#623,#624,#625,#626,#627,#628,#629,#630,#631,#632,#633,#634,#635,#636,#637,#638,#639,#640,#641,#642,#643,#644,#645,#646,#647,#648,#649,#650,#651,#652,#653,#654,#655,#656,#657,#658,#659,#660,#661,#662,#663,#664,#665));
#44=PRODUCT_CONTEXT('',#11,'mechanical');
#45=PRODUCT_DEFINITION_FORMATION_WITH_SPECIFIED_SOURCE(' ','NONE',#26,.NOT_KNOWN.);
#46=CARTESIAN_POINT('',(0.0,0.0,0.0));
#47=DIRECTION('',(0.0,0.0,1.0));
#48=DIRECTION('',(1.0,0.0,0.0));
#49= (NAMED_UNIT(#34)LENGTH_UNIT()SI_UNIT(.MILLI.,.METRE.));
#50=SURFACE_SIDE_STYLE('',(#667));
#51=ADVANCED_FACE('',(#668,#669,#670),#671,.F.);
#52=ADVANCED_FACE('',(#672),#673,.F.);
#53=ADVANCED_FACE('',(#674),#675,.F.);
#54=ADVANCED_FACE('',(#676),#677,.F.);
#55=ADVANCED_FACE('',(#678),#679,.F.);
#56=ADVANCED_FACE('',(#680),#681,.F.);
#57=ADVANCED_FACE('',(#682),#683,.F.);
#58=ADVANCED_FACE('',(#684),#685,.F.);
#59=ADVANCED_FACE('',(#686),#687,.F.);
#60=ADVANCED_FACE('',(#688),#689,.F.);
#61=ADVANCED_FACE('',(#690),#691,.F.);
#62=ADVANCED_FACE('',(#692),#693,.F.);
#63=ADVANCED_FACE('',(#694),#695,.F.);
#64=ADVANCED_FACE('',(#696),#697,.F.);
#65=ADVANCED_FACE('',(#698),#699,.F.);
#66=ADVANCED_FACE('',(#700),#701,.F.);
#67=ADVANCED_FACE('',(#702),#703,.F.);
#68=ADVANCED_FACE('',(#704),#705,.T.);
#69=ADVANCED_FACE('',(#706),#707,.F.);
#70=ADVANCED_FACE('',(#708),#709,.F.);
#71=ADVANCED_FACE('',(#710),#711,.F.);
#72=ADVANCED_FACE('',(#712),#713,.F.);
#73=ADVANCED_FACE('',(#714),#715,.F.);
#74=ADVANCED_FACE('',(#716),#717,.F.);
#75=ADVANCED_FACE('',(#718),#719,.F.);
#76=ADVANCED_FACE('',(#720),#721,.F.);
#77=ADVANCED_FACE('',(#722),#723,.F.);
#78=ADVANCED_FACE('',(#724),#725,.F.);
#79=ADVANCED_FACE('',(#726),#727,.F.);
#80=ADVANCED_FACE('',(#728),#729,.F.);
#81=ADVANCED_FACE('',(#730),#731,.F.);
#82=ADVANCED_FACE('',(#732),#733,.F.);
#83=ADVANCED_FACE('',(#734),#735,.F.);
#84=ADVANCED_FACE('',(#736),#737,.F.);
#85=ADVANCED_FACE('',(#738),#739,.F.);
#86=ADVANCED_FACE('',(#740),#741,.F.);
#87=ADVANCED_FACE('',(#742),#743,.F.);
#88=ADVANCED_FACE('',(#744),#745,.F.);
#89=ADVANCED_FACE('',(#746),#747,.F.);
#90=ADVANCED_FACE('',(#748),#749,.F.);
#91=ADVANCED_FACE('',(#750),#751,.F.);
#92=ADVANCED_FACE('',(#752),#753,.F.);
#93=ADVANCED_FACE('',(#754),#755,.F.);
#94=ADVANCED_FACE('',(#756),#757,.F.);
#95=ADVANCED_FACE('',(#758),#759,.F.);
#96=ADVANCED_FACE('',(#760),#761,.F.);
#97=ADVANCED_FACE('',(#762),#763,.F.);
#98=ADVANCED_FACE('',(#764),#765,.F.);
#99=ADVANCED_FACE('',(#766),#767,.F.);
#100=ADVANCED_FACE('',(#768),#769,.F.);
#101=ADVANCED_FACE('',(#770),#771,.F.);
#102=ADVANCED_FACE('',(#772),#773,.F.);
#103=ADVANCED_FACE('',(#774),#775,.F.);
#104=ADVANCED_FACE('',(#776),#777,.F.);
#105=ADVANCED_FACE('',(#778),#779,.F.);
#106=ADVANCED_FACE('',(#780),#781,.F.);
#107=ADVANCED_FACE('',(#782),#783,.F.);
#108=ADVANCED_FACE('',(#784),#785,.F.);
#109=ADVANCED_FACE('',(#786),#787,.F.);
#110=ADVANCED_FACE('',(#788),#789,.F.);
#111=ADVANCED_FACE('',(#790),#791,.F.);
#112=ADVANCED_FACE('',(#792),#793,.F.);
#113=ADVANCED_FACE('',(#794),#795,.F.);
#114=ADVANCED_FACE('',(#796),#797,.F.);
#115=ADVANCED_FACE('',(#798),#799,.F.);
#116=ADVANCED_FACE('',(#800),#801,.F.);
#117=ADVANCED_FACE('',(#802),#803,.F.);
#118=ADVANCED_FACE('',(#804),#805,.F.);
#119=ADVANCED_FACE('',(#806),#807,.F.);
#120=ADVANCED_FACE('',(#808),#809,.F.);
#121=ADVANCED_FACE('',(#810),#811,.F.);
#122=ADVANCED_FACE('',(#812),#813,.F.);
#123=ADVANCED_FACE('',(#814),#815,.F.);
#124=ADVANCED_FACE('',(#816),#817,.F.);
#125=ADVANCED_FACE('',(#818),#819,.F.);
#126=ADVANCED_FACE('',(#820),#821,.F.);
#127=ADVANCED_FACE('',(#822),#823,.F.);
#128=ADVANCED_FACE('',(#824),#825,.F.);
#129=ADVANCED_FACE('',(#826),#827,.T.);
#130=ADVANCED_FACE('',(#828),#829,.T.);
#131=ADVANCED_FACE('',(#830),#831,.T.);
#132=ADVANCED_FACE('',(#832),#833,.T.);
#133=ADVANCED_FACE('',(#834),#835,.T.);
#134=ADVANCED_FACE('',(#836),#837,.T.);
#135=ADVANCED_FACE('',(#838),#839,.T.);
#136=ADVANCED_FACE('',(#840,#841,#842,#843,#844,#845,#846,#847,#848,#849,#850,#851,#852,#853,#854),#855,.T.);
#137=ADVANCED_FACE('',(#856),#857,.F.);
#138=ADVANCED_FACE('',(#858),#859,.T.);
#139=ADVANCED_FACE('',(#860),#861,.T.);
#140=ADVANCED_FACE('',(#862),#863,.T.);
#141=ADVANCED_FACE('',(#864),#865,.T.);
#142=ADVANCED_FACE('',(#866),#867,.F.);
#143=ADVANCED_FACE('',(#868),#869,.F.);
#144=ADVANCED_FACE('',(#870),#871,.F.);
#145=ADVANCED_FACE('',(#872),#873,.F.);
#146=ADVANCED_FACE('',(#874),#875,.F.);
#147=ADVANCED_FACE('',(#876),#877,.F.);
#148=ADVANCED_FACE('',(#878),#879,.F.);
#149=ADVANCED_FACE('',(#880),#881,.F.);
#150=ADVANCED_FACE('',(#882),#883,.F.);
#151=ADVANCED_FACE('',(#884),#885,.F.);
#152=ADVANCED_FACE('',(#886),#887,.F.);
#153=ADVANCED_FACE('',(#888),#889,.F.);
#154=ADVANCED_FACE('',(#890),#891,.T.);
#155=ADVANCED_FACE('',(#892),#893,.T.);
#156=ADVANCED_FACE('',(#894),#895,.T.);
#157=ADVANCED_FACE('',(#896),#897,.T.);
#158=ADVANCED_FACE('',(#898),#899,.T.);
#159=ADVANCED_FACE('',(#900),#901,.T.);
#160=ADVANCED_FACE('',(#902),#903,.T.);
#161=ADVANCED_FACE('',(#904),#905,.T.);
#162=ADVANCED_FACE('',(#906),#907,.T.);
#163=ADVANCED_FACE('',(#908),#909,.T.);
#164=ADVANCED_FACE('',(#910),#911,.T.);
#165=ADVANCED_FACE('',(#912),#913,.T.);
#166=ADVANCED_FACE('',(#914),#915,.T.);
#167=ADVANCED_FACE('',(#916),#917,.T.);
#168=ADVANCED_FACE('',(#918),#919,.T.);
#169=ADVANCED_FACE('',(#920),#921,.T.);
#170=ADVANCED_FACE('',(#922),#923,.T.);
#171=ADVANCED_FACE('',(#924),#925,.T.);
#172=ADVANCED_FACE('',(#926),#927,.F.);
#173=ADVANCED_FACE('',(#928),#929,.F.);
#174=ADVANCED_FACE('',(#930),#931,.F.);
#175=ADVANCED_FACE('',(#932),#933,.F.);
#176=ADVANCED_FACE('',(#934),#935,.F.);
#177=ADVANCED_FACE('',(#936),#937,.F.);
#178=ADVANCED_FACE('',(#938),#939,.F.);
#179=ADVANCED_FACE('',(#940),#941,.F.);
#180=ADVANCED_FACE('',(#942),#943,.F.);
#181=ADVANCED_FACE('',(#944),#945,.T.);
#182=ADVANCED_FACE('',(#946),#947,.T.);
#183=ADVANCED_FACE('',(#948),#949,.F.);
#184=ADVANCED_FACE('',(#950),#951,.F.);
#185=ADVANCED_FACE('',(#952),#953,.T.);
#186=ADVANCED_FACE('',(#954),#955,.T.);
#187=ADVANCED_FACE('',(#956),#957,.T.);
#188=ADVANCED_FACE('',(#958),#959,.T.);
#189=ADVANCED_FACE('',(#960),#961,.T.);
#190=ADVANCED_FACE('',(#962),#963,.T.);
#191=ADVANCED_FACE('',(#964),#965,.T.);
#192=ADVANCED_FACE('',(#966),#967,.T.);
#193=ADVANCED_FACE('',(#968),#969,.T.);
#194=ADVANCED_FACE('',(#970),#971,.T.);
#195=ADVANCED_FACE('',(#972),#973,.T.);
#196=ADVANCED_FACE('',(#974),#975,.T.);
#197=ADVANCED_FACE('',(#976),#977,.T.);
#198=ADVANCED_FACE('',(#978),#979,.T.);
#199=ADVANCED_FACE('',(#980),#981,.T.);
#200=ADVANCED_FACE('',(#982),#983,.T.);
#201=ADVANCED_FACE('',(#984),#985,.T.);
#202=ADVANCED_FACE('',(#986),#987,.T.);
#203=ADVANCED_FACE('',(#988),#989,.T.);
#204=ADVANCED_FACE('',(#990),#991,.T.);
#205=ADVANCED_FACE('',(#992),#993,.T.);
#206=ADVANCED_FACE('',(#994),#995,.T.);
#207=ADVANCED_FACE('',(#996),#997,.T.);
#208=ADVANCED_FACE('',(#998),#999,.T.);
#209=ADVANCED_FACE('',(#1000),#1001,.T.);
#210=ADVANCED_FACE('',(#1002),#1003,.T.);
#211=ADVANCED_FACE('',(#1004),#1005,.T.);
#212=ADVANCED_FACE('',(#1006),#1007,.T.);
#213=ADVANCED_FACE('',(#1008),#1009,.T.);
#214=ADVANCED_FACE('',(#1010),#1011,.T.);
#215=ADVANCED_FACE('',(#1012),#1013,.T.);
#216=ADVANCED_FACE('',(#1014),#1015,.T.);
#217=ADVANCED_FACE('',(#1016),#1017,.T.);
#218=ADVANCED_FACE('',(#1018),#1019,.T.);
#219=ADVANCED_FACE('',(#1020),#1021,.T.);
#220=ADVANCED_FACE('',(#1022),#1023,.T.);
#221=ADVANCED_FACE('',(#1024),#1025,.T.);
#222=ADVANCED_FACE('',(#1026),#1027,.T.);
#223=ADVANCED_FACE('',(#1028),#1029,.T.);
#224=ADVANCED_FACE('',(#1030),#1031,.T.);
#225=ADVANCED_FACE('',(#1032),#1033,.T.);
#226=ADVANCED_FACE('',(#1034),#1035,.T.);
#227=ADVANCED_FACE('',(#1036),#1037,.T.);
#228=ADVANCED_FACE('',(#1038),#1039,.T.);
#229=ADVANCED_FACE('',(#1040),#1041,.T.);
#230=ADVANCED_FACE('',(#1042),#1043,.T.);
#231=ADVANCED_FACE('',(#1044),#1045,.T.);
#232=ADVANCED_FACE('',(#1046),#1047,.F.);
#233=ADVANCED_FACE('',(#1048),#1049,.F.);
#234=ADVANCED_FACE('',(#1050),#1051,.F.);
#235=ADVANCED_FACE('',(#1052),#1053,.F.);
#236=ADVANCED_FACE('',(#1054),#1055,.F.);
#237=ADVANCED_FACE('',(#1056),#1057,.F.);
#238=ADVANCED_FACE('',(#1058),#1059,.F.);
#239=ADVANCED_FACE('',(#1060),#1061,.F.);
#240=ADVANCED_FACE('',(#1062),#1063,.F.);
#241=ADVANCED_FACE('',(#1064),#1065,.F.);
#242=ADVANCED_FACE('',(#1066),#1067,.F.);
#243=ADVANCED_FACE('',(#1068),#1069,.F.);
#244=ADVANCED_FACE('',(#1070),#1071,.T.);
#245=ADVANCED_FACE('',(#1072),#1073,.F.);
#246=ADVANCED_FACE('',(#1074),#1075,.F.);
#247=ADVANCED_FACE('',(#1076),#1077,.F.);
#248=ADVANCED_FACE('',(#1078),#1079,.F.);
#249=ADVANCED_FACE('',(#1080),#1081,.F.);
#250=ADVANCED_FACE('',(#1082),#1083,.F.);
#251=ADVANCED_FACE('',(#1084),#1085,.F.);
#252=ADVANCED_FACE('',(#1086),#1087,.F.);
#253=ADVANCED_FACE('',(#1088),#1089,.F.);
#254=ADVANCED_FACE('',(#1090),#1091,.F.);
#255=ADVANCED_FACE('',(#1092),#1093,.F.);
#256=ADVANCED_FACE('',(#1094),#1095,.F.);
#257=ADVANCED_FACE('',(#1096),#1097,.T.);
#258=ADVANCED_FACE('',(#1098),#1099,.F.);
#259=ADVANCED_FACE('',(#1100),#1101,.F.);
#260=ADVANCED_FACE('',(#1102),#1103,.F.);
#261=ADVANCED_FACE('',(#1104),#1105,.F.);
#262=ADVANCED_FACE('',(#1106),#1107,.F.);
#263=ADVANCED_FACE('',(#1108),#1109,.F.);
#264=ADVANCED_FACE('',(#1110),#1111,.F.);
#265=ADVANCED_FACE('',(#1112),#1113,.F.);
#266=ADVANCED_FACE('',(#1114),#1115,.F.);
#267=ADVANCED_FACE('',(#1116),#1117,.F.);
#268=ADVANCED_FACE('',(#1118),#1119,.F.);
#269=ADVANCED_FACE('',(#1120),#1121,.F.);
#270=ADVANCED_FACE('',(#1122),#1123,.T.);
#271=ADVANCED_FACE('',(#1124),#1125,.F.);
#272=ADVANCED_FACE('',(#1126),#1127,.F.);
#273=ADVANCED_FACE('',(#1128),#1129,.F.);
#274=ADVANCED_FACE('',(#1130),#1131,.F.);
#275=ADVANCED_FACE('',(#1132),#1133,.F.);
#276=ADVANCED_FACE('',(#1134),#1135,.F.);
#277=ADVANCED_FACE('',(#1136),#1137,.F.);
#278=ADVANCED_FACE('',(#1138),#1139,.F.);
#279=ADVANCED_FACE('',(#1140),#1141,.F.);
#280=ADVANCED_FACE('',(#1142),#1143,.F.);
#281=ADVANCED_FACE('',(#1144),#1145,.F.);
#282=ADVANCED_FACE('',(#1146),#1147,.F.);
#283=ADVANCED_FACE('',(#1148),#1149,.T.);
#284=ADVANCED_FACE('',(#1150),#1151,.F.);
#285=ADVANCED_FACE('',(#1152),#1153,.F.);
#286=ADVANCED_FACE('',(#1154),#1155,.F.);
#287=ADVANCED_FACE('',(#1156),#1157,.F.);
#288=ADVANCED_FACE('',(#1158),#1159,.F.);
#289=ADVANCED_FACE('',(#1160),#1161,.F.);
#290=ADVANCED_FACE('',(#1162),#1163,.F.);
#291=ADVANCED_FACE('',(#1164),#1165,.F.);
#292=ADVANCED_FACE('',(#1166),#1167,.F.);
#293=ADVANCED_FACE('',(#1168),#1169,.F.);
#294=ADVANCED_FACE('',(#1170),#1171,.F.);
#295=ADVANCED_FACE('',(#1172),#1173,.F.);
#296=ADVANCED_FACE('',(#1174),#1175,.T.);
#297=ADVANCED_FACE('',(#1176),#1177,.F.);
#298=ADVANCED_FACE('',(#1178),#1179,.F.);
#299=ADVANCED_FACE('',(#1180),#1181,.F.);
#300=ADVANCED_FACE('',(#1182),#1183,.F.);
#301=ADVANCED_FACE('',(#1184),#1185,.F.);
#302=ADVANCED_FACE('',(#1186),#1187,.F.);
#303=ADVANCED_FACE('',(#1188),#1189,.F.);
#304=ADVANCED_FACE('',(#1190),#1191,.F.);
#305=ADVANCED_FACE('',(#1192),#1193,.F.);
#306=ADVANCED_FACE('',(#1194),#1195,.F.);
#307=ADVANCED_FACE('',(#1196),#1197,.F.);
#308=ADVANCED_FACE('',(#1198),#1199,.F.);
#309=ADVANCED_FACE('',(#1200),#1201,.T.);
#310=ADVANCED_FACE('',(#1202),#1203,.F.);
#311=ADVANCED_FACE('',(#1204),#1205,.F.);
#312=ADVANCED_FACE('',(#1206),#1207,.F.);
#313=ADVANCED_FACE('',(#1208),#1209,.F.);
#314=ADVANCED_FACE('',(#1210),#1211,.F.);
#315=ADVANCED_FACE('',(#1212),#1213,.F.);
#316=ADVANCED_FACE('',(#1214),#1215,.F.);
#317=ADVANCED_FACE('',(#1216),#1217,.F.);
#318=ADVANCED_FACE('',(#1218),#1219,.F.);
#319=ADVANCED_FACE('',(#1220),#1221,.F.);
#320=ADVANCED_FACE('',(#1222),#1223,.F.);
#321=ADVANCED_FACE('',(#1224),#1225,.F.);
#322=ADVANCED_FACE('',(#1226),#1227,.T.);
#323=ADVANCED_FACE('',(#1228),#1229,.F.);
#324=ADVANCED_FACE('',(#1230),#1231,.F.);
#325=ADVANCED_FACE('',(#1232),#1233,.F.);
#326=ADVANCED_FACE('',(#1234),#1235,.F.);
#327=ADVANCED_FACE('',(#1236),#1237,.F.);
#328=ADVANCED_FACE('',(#1238),#1239,.F.);
#329=ADVANCED_FACE('',(#1240),#1241,.F.);
#330=ADVANCED_FACE('',(#1242),#1243,.F.);
#331=ADVANCED_FACE('',(#1244),#1245,.F.);
#332=ADVANCED_FACE('',(#1246),#1247,.F.);
#333=ADVANCED_FACE('',(#1248),#1249,.F.);
#334=ADVANCED_FACE('',(#1250),#1251,.F.);
#335=ADVANCED_FACE('',(#1252),#1253,.T.);
#336=ADVANCED_FACE('',(#1254),#1255,.F.);
#337=ADVANCED_FACE('',(#1256),#1257,.F.);
#338=ADVANCED_FACE('',(#1258),#1259,.F.);
#339=ADVANCED_FACE('',(#1260),#1261,.F.);
#340=ADVANCED_FACE('',(#1262),#1263,.F.);
#341=ADVANCED_FACE('',(#1264),#1265,.F.);
#342=ADVANCED_FACE('',(#1266),#1267,.F.);
#343=ADVANCED_FACE('',(#1268),#1269,.F.);
#344=ADVANCED_FACE('',(#1270),#1271,.F.);
#345=ADVANCED_FACE('',(#1272),#1273,.F.);
#346=ADVANCED_FACE('',(#1274),#1275,.F.);
#347=ADVANCED_FACE('',(#1276),#1277,.F.);
#348=ADVANCED_FACE('',(#1278),#1279,.T.);
#349=ADVANCED_FACE('',(#1280),#1281,.F.);
#350=ADVANCED_FACE('',(#1282),#1283,.F.);
#351=ADVANCED_FACE('',(#1284),#1285,.F.);
#352=ADVANCED_FACE('',(#1286),#1287,.F.);
#353=ADVANCED_FACE('',(#1288),#1289,.F.);
#354=ADVANCED_FACE('',(#1290),#1291,.F.);
#355=ADVANCED_FACE('',(#1292),#1293,.F.);
#356=ADVANCED_FACE('',(#1294),#1295,.F.);
#357=ADVANCED_FACE('',(#1296),#1297,.F.);
#358=ADVANCED_FACE('',(#1298),#1299,.F.);
#359=ADVANCED_FACE('',(#1300),#1301,.F.);
#360=ADVANCED_FACE('',(#1302),#1303,.F.);
#361=ADVANCED_FACE('',(#1304),#1305,.T.);
#362=ADVANCED_FACE('',(#1306),#1307,.F.);
#363=ADVANCED_FACE('',(#1308),#1309,.F.);
#364=ADVANCED_FACE('',(#1310),#1311,.F.);
#365=ADVANCED_FACE('',(#1312),#1313,.F.);
#366=ADVANCED_FACE('',(#1314),#1315,.F.);
#367=ADVANCED_FACE('',(#1316),#1317,.F.);
#368=ADVANCED_FACE('',(#1318),#1319,.F.);
#369=ADVANCED_FACE('',(#1320),#1321,.F.);
#370=ADVANCED_FACE('',(#1322),#1323,.F.);
#371=ADVANCED_FACE('',(#1324),#1325,.F.);
#372=ADVANCED_FACE('',(#1326),#1327,.F.);
#373=ADVANCED_FACE('',(#1328),#1329,.F.);
#374=ADVANCED_FACE('',(#1330),#1331,.T.);
#375=ADVANCED_FACE('',(#1332),#1333,.F.);
#376=ADVANCED_FACE('',(#1334),#1335,.F.);
#377=ADVANCED_FACE('',(#1336),#1337,.F.);
#378=ADVANCED_FACE('',(#1338),#1339,.F.);
#379=ADVANCED_FACE('',(#1340),#1341,.F.);
#380=ADVANCED_FACE('',(#1342),#1343,.F.);
#381=ADVANCED_FACE('',(#1344),#1345,.F.);
#382=ADVANCED_FACE('',(#1346),#1347,.F.);
#383=ADVANCED_FACE('',(#1348),#1349,.F.);
#384=ADVANCED_FACE('',(#1350),#1351,.F.);
#385=ADVANCED_FACE('',(#1352),#1353,.F.);
#386=ADVANCED_FACE('',(#1354),#1355,.F.);
#387=ADVANCED_FACE('',(#1356),#1357,.T.);
#388=ADVANCED_FACE('',(#1358),#1359,.F.);
#389=ADVANCED_FACE('',(#1360),#1361,.F.);
#390=ADVANCED_FACE('',(#1362),#1363,.F.);
#391=ADVANCED_FACE('',(#1364),#1365,.F.);
#392=ADVANCED_FACE('',(#1366),#1367,.F.);
#393=ADVANCED_FACE('',(#1368),#1369,.F.);
#394=ADVANCED_FACE('',(#1370),#1371,.F.);
#395=ADVANCED_FACE('',(#1372),#1373,.F.);
#396=ADVANCED_FACE('',(#1374),#1375,.F.);
#397=ADVANCED_FACE('',(#1376),#1377,.F.);
#398=ADVANCED_FACE('',(#1378),#1379,.F.);
#399=ADVANCED_FACE('',(#1380),#1381,.F.);
#400=ADVANCED_FACE('',(#1382),#1383,.T.);
#401=ADVANCED_FACE('',(#1384),#1385,.T.);
#402=ADVANCED_FACE('',(#1386),#1387,.T.);
#403=ADVANCED_FACE('',(#1388),#1389,.T.);
#404=ADVANCED_FACE('',(#1390),#1391,.T.);
#405=ADVANCED_FACE('',(#1392),#1393,.T.);
#406=ADVANCED_FACE('',(#1394),#1395,.T.);
#407=ADVANCED_FACE('',(#1396),#1397,.T.);
#408=ADVANCED_FACE('',(#1398),#1399,.T.);
#409=ADVANCED_FACE('',(#1400),#1401,.T.);
#410=ADVANCED_FACE('',(#1402),#1403,.T.);
#411=ADVANCED_FACE('',(#1404),#1405,.T.);
#412=ADVANCED_FACE('',(#1406),#1407,.T.);
#413=ADVANCED_FACE('',(#1408),#1409,.T.);
#414=ADVANCED_FACE('',(#1410),#1411,.T.);
#415=ADVANCED_FACE('',(#1412),#1413,.T.);
#416=ADVANCED_FACE('',(#1414),#1415,.T.);
#417=ADVANCED_FACE('',(#1416),#1417,.T.);
#418=ADVANCED_FACE('',(#1418),#1419,.T.);
#419=ADVANCED_FACE('',(#1420),#1421,.T.);
#420=ADVANCED_FACE('',(#1422),#1423,.T.);
#421=ADVANCED_FACE('',(#1424),#1425,.T.);
#422=ADVANCED_FACE('',(#1426),#1427,.T.);
#423=ADVANCED_FACE('',(#1428),#1429,.T.);
#424=ADVANCED_FACE('',(#1430),#1431,.T.);
#425=ADVANCED_FACE('',(#1432),#1433,.T.);
#426=ADVANCED_FACE('',(#1434),#1435,.T.);
#427=ADVANCED_FACE('',(#1436),#1437,.T.);
#428=ADVANCED_FACE('',(#1438),#1439,.T.);
#429=ADVANCED_FACE('',(#1440),#1441,.T.);
#430=ADVANCED_FACE('',(#1442),#1443,.T.);
#431=ADVANCED_FACE('',(#1444),#1445,.T.);
#432=ADVANCED_FACE('',(#1446),#1447,.T.);
#433=ADVANCED_FACE('',(#1448),#1449,.T.);
#434=ADVANCED_FACE('',(#1450),#1451,.T.);
#435=ADVANCED_FACE('',(#1452),#1453,.T.);
#436=ADVANCED_FACE('',(#1454),#1455,.T.);
#437=ADVANCED_FACE('',(#1456),#1457,.T.);
#438=ADVANCED_FACE('',(#1458),#1459,.T.);
#439=ADVANCED_FACE('',(#1460),#1461,.T.);
#440=ADVANCED_FACE('',(#1462),#1463,.T.);
#441=ADVANCED_FACE('',(#1464),#1465,.T.);
#442=ADVANCED_FACE('',(#1466),#1467,.T.);
#443=ADVANCED_FACE('',(#1468),#1469,.T.);
#444=ADVANCED_FACE('',(#1470),#1471,.T.);
#445=ADVANCED_FACE('',(#1472),#1473,.T.);
#446=ADVANCED_FACE('',(#1474),#1475,.T.);
#447=ADVANCED_FACE('',(#1476),#1477,.T.);
#448=ADVANCED_FACE('',(#1478),#1479,.T.);
#449=ADVANCED_FACE('',(#1480),#1481,.T.);
#450=ADVANCED_FACE('',(#1482),#1483,.T.);
#451=ADVANCED_FACE('',(#1484),#1485,.T.);
#452=ADVANCED_FACE('',(#1486),#1487,.T.);
#453=ADVANCED_FACE('',(#1488),#1489,.T.);
#454=ADVANCED_FACE('',(#1490),#1491,.T.);
#455=ADVANCED_FACE('',(#1492),#1493,.T.);
#456=ADVANCED_FACE('',(#1494),#1495,.T.);
#457=ADVANCED_FACE('',(#1496),#1497,.T.);
#458=ADVANCED_FACE('',(#1498),#1499,.T.);
#459=ADVANCED_FACE('',(#1500),#1501,.T.);
#460=ADVANCED_FACE('',(#1502),#1503,.T.);
#461=ADVANCED_FACE('',(#1504),#1505,.T.);
#462=ADVANCED_FACE('',(#1506),#1507,.T.);
#463=ADVANCED_FACE('',(#1508),#1509,.T.);
#464=ADVANCED_FACE('',(#1510),#1511,.T.);
#465=ADVANCED_FACE('',(#1512),#1513,.T.);
#466=ADVANCED_FACE('',(#1514),#1515,.T.);
#467=ADVANCED_FACE('',(#1516),#1517,.T.);
#468=ADVANCED_FACE('',(#1518),#1519,.T.);
#469=ADVANCED_FACE('',(#1520),#1521,.T.);
#470=ADVANCED_FACE('',(#1522),#1523,.T.);
#471=ADVANCED_FACE('',(#1524),#1525,.T.);
#472=ADVANCED_FACE('',(#1526),#1527,.T.);
#473=ADVANCED_FACE('',(#1528),#1529,.T.);
#474=ADVANCED_FACE('',(#1530),#1531,.T.);
#475=ADVANCED_FACE('',(#1532),#1533,.T.);
#476=ADVANCED_FACE('',(#1534),#1535,.T.);
#477=ADVANCED_FACE('',(#1536),#1537,.T.);
#478=ADVANCED_FACE('',(#1538),#1539,.T.);
#479=ADVANCED_FACE('',(#1540),#1541,.T.);
#480=ADVANCED_FACE('',(#1542),#1543,.T.);
#481=ADVANCED_FACE('',(#1544),#1545,.T.);
#482=ADVANCED_FACE('',(#1546),#1547,.T.);
#483=ADVANCED_FACE('',(#1548),#1549,.T.);
#484=ADVANCED_FACE('',(#1550),#1551,.T.);
#485=ADVANCED_FACE('',(#1552),#1553,.T.);
#486=ADVANCED_FACE('',(#1554),#1555,.T.);
#487=ADVANCED_FACE('',(#1556),#1557,.T.);
#488=ADVANCED_FACE('',(#1558),#1559,.T.);
#489=ADVANCED_FACE('',(#1560),#1561,.T.);
#490=ADVANCED_FACE('',(#1562),#1563,.T.);
#491=ADVANCED_FACE('',(#1564),#1565,.T.);
#492=ADVANCED_FACE('',(#1566),#1567,.T.);
#493=ADVANCED_FACE('',(#1568),#1569,.T.);
#494=ADVANCED_FACE('',(#1570),#1571,.T.);
#495=ADVANCED_FACE('',(#1572),#1573,.T.);
#496=ADVANCED_FACE('',(#1574),#1575,.T.);
#497=ADVANCED_FACE('',(#1576),#1577,.T.);
#498=ADVANCED_FACE('',(#1578),#1579,.T.);
#499=ADVANCED_FACE('',(#1580),#1581,.T.);
#500=ADVANCED_FACE('',(#1582),#1583,.T.);
#501=ADVANCED_FACE('',(#1584),#1585,.T.);
#502=ADVANCED_FACE('',(#1586),#1587,.T.);
#503=ADVANCED_FACE('',(#1588),#1589,.T.);
#504=ADVANCED_FACE('',(#1590),#1591,.T.);
#505=ADVANCED_FACE('',(#1592),#1593,.T.);
#506=ADVANCED_FACE('',(#1594),#1595,.T.);
#507=ADVANCED_FACE('',(#1596),#1597,.T.);
#508=ADVANCED_FACE('',(#1598),#1599,.T.);
#509=ADVANCED_FACE('',(#1600),#1601,.T.);
#510=ADVANCED_FACE('',(#1602),#1603,.T.);
#511=ADVANCED_FACE('',(#1604),#1605,.T.);
#512=ADVANCED_FACE('',(#1606),#1607,.T.);
#513=ADVANCED_FACE('',(#1608),#1609,.T.);
#514=ADVANCED_FACE('',(#1610),#1611,.T.);
#515=ADVANCED_FACE('',(#1612),#1613,.T.);
#516=ADVANCED_FACE('',(#1614),#1615,.T.);
#517=ADVANCED_FACE('',(#1616),#1617,.T.);
#518=ADVANCED_FACE('',(#1618),#1619,.T.);
#519=ADVANCED_FACE('',(#1620),#1621,.T.);
#520=ADVANCED_FACE('',(#1622),#1623,.T.);
#521=ADVANCED_FACE('',(#1624),#1625,.T.);
#522=ADVANCED_FACE('',(#1626),#1627,.T.);
#523=ADVANCED_FACE('',(#1628),#1629,.T.);
#524=ADVANCED_FACE('',(#1630),#1631,.T.);
#525=ADVANCED_FACE('',(#1632),#1633,.T.);
#526=ADVANCED_FACE('',(#1634),#1635,.T.);
#527=ADVANCED_FACE('',(#1636),#1637,.T.);
#528=ADVANCED_FACE('',(#1638),#1639,.T.);
#529=ADVANCED_FACE('',(#1640),#1641,.T.);
#530=ADVANCED_FACE('',(#1642),#1643,.T.);
#531=ADVANCED_FACE('',(#1644),#1645,.T.);
#532=ADVANCED_FACE('',(#1646),#1647,.T.);
#533=ADVANCED_FACE('',(#1648),#1649,.T.);
#534=ADVANCED_FACE('',(#1650),#1651,.T.);
#535=ADVANCED_FACE('',(#1652),#1653,.T.);
#536=ADVANCED_FACE('',(#1654),#1655,.T.);
#537=ADVANCED_FACE('',(#1656),#1657,.T.);
#538=ADVANCED_FACE('',(#1658),#1659,.T.);
#539=ADVANCED_FACE('',(#1660),#1661,.T.);
#540=ADVANCED_FACE('',(#1662),#1663,.T.);
#541=ADVANCED_FACE('',(#1664),#1665,.T.);
#542=ADVANCED_FACE('',(#1666),#1667,.T.);
#543=ADVANCED_FACE('',(#1668),#1669,.T.);
#544=ADVANCED_FACE('',(#1670),#1671,.T.);
#545=ADVANCED_FACE('',(#1672),#1673,.T.);
#546=ADVANCED_FACE('',(#1674),#1675,.T.);
#547=ADVANCED_FACE('',(#1676),#1677,.T.);
#548=ADVANCED_FACE('',(#1678),#1679,.T.);
#549=ADVANCED_FACE('',(#1680),#1681,.T.);
#550=ADVANCED_FACE('',(#1682),#1683,.T.);
#551=ADVANCED_FACE('',(#1684),#1685,.T.);
#552=ADVANCED_FACE('',(#1686),#1687,.T.);
#553=ADVANCED_FACE('',(#1688),#1689,.T.);
#554=ADVANCED_FACE('',(#1690),#1691,.T.);
#555=ADVANCED_FACE('',(#1692),#1693,.T.);
#556=ADVANCED_FACE('',(#1694),#1695,.T.);
#557=ADVANCED_FACE('',(#1696),#1697,.T.);
#558=ADVANCED_FACE('',(#1698),#1699,.T.);
#559=ADVANCED_FACE('',(#1700),#1701,.T.);
#560=ADVANCED_FACE('',(#1702),#1703,.T.);
#561=ADVANCED_FACE('',(#1704),#1705,.T.);
#562=ADVANCED_FACE('',(#1706),#1707,.T.);
#563=ADVANCED_FACE('',(#1708),#1709,.T.);
#564=ADVANCED_FACE('',(#1710),#1711,.T.);
#565=ADVANCED_FACE('',(#1712),#1713,.T.);
#566=ADVANCED_FACE('',(#1714),#1715,.T.);
#567=ADVANCED_FACE('',(#1716),#1717,.T.);
#568=ADVANCED_FACE('',(#1718),#1719,.T.);
#569=ADVANCED_FACE('',(#1720),#1721,.T.);
#570=ADVANCED_FACE('',(#1722),#1723,.T.);
#571=ADVANCED_FACE('',(#1724),#1725,.T.);
#572=ADVANCED_FACE('',(#1726),#1727,.T.);
#573=ADVANCED_FACE('',(#1728),#1729,.T.);
#574=ADVANCED_FACE('',(#1730),#1731,.T.);
#575=ADVANCED_FACE('',(#1732),#1733,.T.);
#576=ADVANCED_FACE('',(#1734),#1735,.T.);
#577=ADVANCED_FACE('',(#1736),#1737,.T.);
#578=ADVANCED_FACE('',(#1738),#1739,.T.);
#579=ADVANCED_FACE('',(#1740),#1741,.T.);
#580=ADVANCED_FACE('',(#1742),#1743,.T.);
#581=ADVANCED_FACE('',(#1744),#1745,.T.);
#582=ADVANCED_FACE('',(#1746),#1747,.T.);
#583=ADVANCED_FACE('',(#1748),#1749,.T.);
#584=ADVANCED_FACE('',(#1750),#1751,.T.);
#585=ADVANCED_FACE('',(#1752),#1753,.T.);
#586=ADVANCED_FACE('',(#1754),#1755,.T.);
#587=ADVANCED_FACE('',(#1756),#1757,.T.);
#588=ADVANCED_FACE('',(#1758),#1759,.T.);
#589=ADVANCED_FACE('',(#1760),#1761,.T.);
#590=ADVANCED_FACE('',(#1762),#1763,.T.);
#591=ADVANCED_FACE('',(#1764),#1765,.T.);
#592=ADVANCED_FACE('',(#1766),#1767,.T.);
#593=ADVANCED_FACE('',(#1768),#1769,.T.);
#594=ADVANCED_FACE('',(#1770),#1771,.T.);
#595=ADVANCED_FACE('',(#1772),#1773,.T.);
#596=ADVANCED_FACE('',(#1774),#1775,.T.);
#597=ADVANCED_FACE('',(#1776),#1777,.T.);
#598=ADVANCED_FACE('',(#1778),#1779,.T.);
#599=ADVANCED_FACE('',(#1780),#1781,.T.);
#600=ADVANCED_FACE('',(#1782),#1783,.T.);
#601=ADVANCED_FACE('',(#1784),#1785,.T.);
#602=ADVANCED_FACE('',(#1786),#1787,.T.);
#603=ADVANCED_FACE('',(#1788),#1789,.T.);
#604=ADVANCED_FACE('',(#1790),#1791,.T.);
#605=ADVANCED_FACE('',(#1792),#1793,.T.);
#606=ADVANCED_FACE('',(#1794),#1795,.T.);
#607=ADVANCED_FACE('',(#1796),#1797,.T.);
#608=ADVANCED_FACE('',(#1798),#1799,.T.);
#609=ADVANCED_FACE('',(#1800),#1801,.T.);
#610=ADVANCED_FACE('',(#1802),#1803,.T.);
#611=ADVANCED_FACE('',(#1804),#1805,.T.);
#612=ADVANCED_FACE('',(#1806),#1807,.T.);
#613=ADVANCED_FACE('',(#1808),#1809,.T.);
#614=ADVANCED_FACE('',(#1810),#1811,.T.);
#615=ADVANCED_FACE('',(#1812),#1813,.T.);
#616=ADVANCED_FACE('',(#1814),#1815,.T.);
#617=ADVANCED_FACE('',(#1816),#1817,.T.);
#618=ADVANCED_FACE('',(#1818),#1819,.T.);
#619=ADVANCED_FACE('',(#1820),#1821,.T.);
#620=ADVANCED_FACE('',(#1822),#1823,.T.);
#621=ADVANCED_FACE('',(#1824),#1825,.T.);
#622=ADVANCED_FACE('',(#1826),#1827,.F.);
#623=ADVANCED_FACE('',(#1828),#1829,.F.);
#624=ADVANCED_FACE('',(#1830),#1831,.F.);
#625=ADVANCED_FACE('',(#1832),#1833,.F.);
#626=ADVANCED_FACE('',(#1834),#1835,.F.);
#627=ADVANCED_FACE('',(#1836),#1837,.F.);
#628=ADVANCED_FACE('',(#1838),#1839,.F.);
#629=ADVANCED_FACE('',(#1840),#1841,.F.);
#630=ADVANCED_FACE('',(#1842),#1843,.F.);
#631=ADVANCED_FACE('',(#1844),#1845,.F.);
#632=ADVANCED_FACE('',(#1846),#1847,.F.);
#633=ADVANCED_FACE('',(#1848),#1849,.F.);
#634=ADVANCED_FACE('',(#1850),#1851,.F.);
#635=ADVANCED_FACE('',(#1852),#1853,.F.);
#636=ADVANCED_FACE('',(#1854),#1855,.F.);
#637=ADVANCED_FACE('',(#1856),#1857,.F.);
#638=ADVANCED_FACE('',(#1858),#1859,.F.);
#639=ADVANCED_FACE('',(#1860),#1861,.F.);
#640=ADVANCED_FACE('',(#1862),#1863,.F.);
#641=ADVANCED_FACE('',(#1864),#1865,.F.);
#642=ADVANCED_FACE('',(#1866),#1867,.F.);
#643=ADVANCED_FACE('',(#1868),#1869,.F.);
#644=ADVANCED_FACE('',(#1870),#1871,.F.);
#645=ADVANCED_FACE('',(#1872),#1873,.F.);
#646=ADVANCED_FACE('',(#1874),#1875,.F.);
#647=ADVANCED_FACE('',(#1876),#1877,.F.);
#648=ADVANCED_FACE('',(#1878),#1879,.F.);
#649=ADVANCED_FACE('',(#1880),#1881,.F.);
#650=ADVANCED_FACE('',(#1882),#1883,.F.);
#651=ADVANCED_FACE('',(#1884),#1885,.F.);
#652=ADVANCED_FACE('',(#1886),#1887,.F.);
#653=ADVANCED_FACE('',(#1888),#1889,.F.);
#654=ADVANCED_FACE('',(#1890),#1891,.F.);
#655=ADVANCED_FACE('',(#1892),#1893,.F.);
#656=ADVANCED_FACE('',(#1894),#1895,.F.);
#657=ADVANCED_FACE('',(#1896),#1897,.F.);
#658=ADVANCED_FACE('',(#1898),#1899,.F.);
#659=ADVANCED_FACE('',(#1900),#1901,.F.);
#660=ADVANCED_FACE('',(#1902),#1903,.F.);
#661=ADVANCED_FACE('',(#1904),#1905,.F.);
#662=ADVANCED_FACE('',(#1906),#1907,.F.);
#663=ADVANCED_FACE('',(#1908),#1909,.T.);
#664=ADVANCED_FACE('',(#1910),#1911,.T.);
#665=ADVANCED_FACE('',(#1912),#1913,.T.);
#667=SURFACE_STYLE_FILL_AREA(#1914);
#668=FACE_BOUND('',#1915,.T.);
#669=FACE_OUTER_BOUND('',#1916,.T.);
#670=FACE_BOUND('',#1917,.T.);
#671=PLANE('',#1918);
#672=FACE_OUTER_BOUND('',#1919,.T.);
#673=PLANE('',#1920);
#674=FACE_OUTER_BOUND('',#1921,.T.);
#675=PLANE('',#1922);
#676=FACE_OUTER_BOUND('',#1923,.T.);
#677=PLANE('',#1924);
#678=FACE_OUTER_BOUND('',#1925,.T.);
#679=PLANE('',#1926);
#680=FACE_OUTER_BOUND('',#1927,.T.);
#681=PLANE('',#1928);
#682=FACE_OUTER_BOUND('',#1929,.T.);
#683=PLANE('',#1930);
#684=FACE_OUTER_BOUND('',#1931,.T.);
#685=PLANE('',#1932);
#686=FACE_OUTER_BOUND('',#1933,.T.);
#687=PLANE('',#1934);
#688=FACE_OUTER_BOUND('',#1935,.T.);
#689=PLANE('',#1936);
#690=FACE_OUTER_BOUND('',#1937,.T.);
#691=PLANE('',#1938);
#692=FACE_OUTER_BOUND('',#1939,.T.);
#693=PLANE('',#1940);
#694=FACE_OUTER_BOUND('',#1941,.T.);
#695=PLANE('',#1942);
#696=FACE_OUTER_BOUND('',#1943,.T.);
#697=PLANE('',#1944);
#698=FACE_OUTER_BOUND('',#1945,.T.);
#699=PLANE('',#1946);
#700=FACE_OUTER_BOUND('',#1947,.T.);
#701=PLANE('',#1948);
#702=FACE_OUTER_BOUND('',#1949,.T.);
#703=PLANE('',#1950);
#704=FACE_OUTER_BOUND('',#1951,.T.);
#705=PLANE('',#1952);
#706=FACE_OUTER_BOUND('',#1953,.T.);
#707=PLANE('',#1954);
#708=FACE_OUTER_BOUND('',#1955,.T.);
#709=PLANE('',#1956);
#710=FACE_OUTER_BOUND('',#1957,.T.);
#711=PLANE('',#1958);
#712=FACE_OUTER_BOUND('',#1959,.T.);
#713=PLANE('',#1960);
#714=FACE_OUTER_BOUND('',#1961,.T.);
#715=PLANE('',#1962);
#716=FACE_OUTER_BOUND('',#1963,.T.);
#717=PLANE('',#1964);
#718=FACE_OUTER_BOUND('',#1965,.T.);
#719=PLANE('',#1966);
#720=FACE_OUTER_BOUND('',#1967,.T.);
#721=PLANE('',#1968);
#722=FACE_OUTER_BOUND('',#1969,.T.);
#723=PLANE('',#1970);
#724=FACE_OUTER_BOUND('',#1971,.T.);
#725=PLANE('',#1972);
#726=FACE_OUTER_BOUND('',#1973,.T.);
#727=PLANE('',#1974);
#728=FACE_OUTER_BOUND('',#1975,.T.);
#729=PLANE('',#1976);
#730=FACE_OUTER_BOUND('',#1977,.T.);
#731=PLANE('',#1978);
#732=FACE_OUTER_BOUND('',#1979,.T.);
#733=PLANE('',#1980);
#734=FACE_OUTER_BOUND('',#1981,.T.);
#735=PLANE('',#1982);
#736=FACE_OUTER_BOUND('',#1983,.T.);
#737=PLANE('',#1984);
#738=FACE_OUTER_BOUND('',#1985,.T.);
#739=PLANE('',#1986);
#740=FACE_OUTER_BOUND('',#1987,.T.);
#741=PLANE('',#1988);
#742=FACE_OUTER_BOUND('',#1989,.T.);
#743=PLANE('',#1990);
#744=FACE_OUTER_BOUND('',#1991,.T.);
#745=PLANE('',#1992);
#746=FACE_OUTER_BOUND('',#1993,.T.);
#747=PLANE('',#1994);
#748=FACE_OUTER_BOUND('',#1995,.T.);
#749=PLANE('',#1996);
#750=FACE_OUTER_BOUND('',#1997,.T.);
#751=PLANE('',#1998);
#752=FACE_OUTER_BOUND('',#1999,.T.);
#753=PLANE('',#2000);
#754=FACE_OUTER_BOUND('',#2001,.T.);
#755=PLANE('',#2002);
#756=FACE_OUTER_BOUND('',#2003,.T.);
#757=PLANE('',#2004);
#758=FACE_OUTER_BOUND('',#2005,.T.);
#759=PLANE('',#2006);
#760=FACE_OUTER_BOUND('',#2007,.T.);
#761=PLANE('',#2008);
#762=FACE_OUTER_BOUND('',#2009,.T.);
#763=PLANE('',#2010);
#764=FACE_OUTER_BOUND('',#2011,.T.);
#765=PLANE('',#2012);
#766=FACE_OUTER_BOUND('',#2013,.T.);
#767=PLANE('',#2014);
#768=FACE_OUTER_BOUND('',#2015,.T.);
#769=PLANE('',#2016);
#770=FACE_OUTER_BOUND('',#2017,.T.);
#771=PLANE('',#2018);
#772=FACE_OUTER_BOUND('',#2019,.T.);
#773=PLANE('',#2020);
#774=FACE_OUTER_BOUND('',#2021,.T.);
#775=PLANE('',#2022);
#776=FACE_OUTER_BOUND('',#2023,.T.);
#777=PLANE('',#2024);
#778=FACE_OUTER_BOUND('',#2025,.T.);
#779=PLANE('',#2026);
#780=FACE_OUTER_BOUND('',#2027,.T.);
#781=PLANE('',#2028);
#782=FACE_OUTER_BOUND('',#2029,.T.);
#783=PLANE('',#2030);
#784=FACE_OUTER_BOUND('',#2031,.T.);
#785=PLANE('',#2032);
#786=FACE_OUTER_BOUND('',#2033,.T.);
#787=PLANE('',#2034);
#788=FACE_OUTER_BOUND('',#2035,.T.);
#789=PLANE('',#2036);
#790=FACE_OUTER_BOUND('',#2037,.T.);
#791=PLANE('',#2038);
#792=FACE_OUTER_BOUND('',#2039,.T.);
#793=PLANE('',#2040);
#794=FACE_OUTER_BOUND('',#2041,.T.);
#795=PLANE('',#2042);
#796=FACE_OUTER_BOUND('',#2043,.T.);
#797=PLANE('',#2044);
#798=FACE_OUTER_BOUND('',#2045,.T.);
#799=PLANE('',#2046);
#800=FACE_OUTER_BOUND('',#2047,.T.);
#801=PLANE('',#2048);
#802=FACE_OUTER_BOUND('',#2049,.T.);
#803=PLANE('',#2050);
#804=FACE_OUTER_BOUND('',#2051,.T.);
#805=PLANE('',#2052);
#806=FACE_OUTER_BOUND('',#2053,.T.);
#807=PLANE('',#2054);
#808=FACE_OUTER_BOUND('',#2055,.T.);
#809=PLANE('',#2056);
#810=FACE_OUTER_BOUND('',#2057,.T.);
#811=PLANE('',#2058);
#812=FACE_OUTER_BOUND('',#2059,.T.);
#813=PLANE('',#2060);
#814=FACE_OUTER_BOUND('',#2061,.T.);
#815=PLANE('',#2062);
#816=FACE_OUTER_BOUND('',#2063,.T.);
#817=PLANE('',#2064);
#818=FACE_OUTER_BOUND('',#2065,.T.);
#819=PLANE('',#2066);
#820=FACE_OUTER_BOUND('',#2067,.T.);
#821=PLANE('',#2068);
#822=FACE_OUTER_BOUND('',#2069,.T.);
#823=PLANE('',#2070);
#824=FACE_OUTER_BOUND('',#2071,.T.);
#825=PLANE('',#2072);
#826=FACE_OUTER_BOUND('',#2073,.T.);
#827=PLANE('',#2074);
#828=FACE_OUTER_BOUND('',#2075,.T.);
#829=CYLINDRICAL_SURFACE('',#2076,0.300000000000001);
#830=FACE_OUTER_BOUND('',#2077,.T.);
#831=PLANE('',#2078);
#832=FACE_OUTER_BOUND('',#2079,.T.);
#833=CYLINDRICAL_SURFACE('',#2080,0.300000000000001);
#834=FACE_OUTER_BOUND('',#2081,.T.);
#835=PLANE('',#2082);
#836=FACE_OUTER_BOUND('',#2083,.T.);
#837=CYLINDRICAL_SURFACE('',#2084,0.300000000000001);
#838=FACE_OUTER_BOUND('',#2085,.T.);
#839=CYLINDRICAL_SURFACE('',#2086,0.3);
#840=FACE_BOUND('',#2087,.T.);
#841=FACE_BOUND('',#2088,.T.);
#842=FACE_BOUND('',#2089,.T.);
#843=FACE_BOUND('',#2090,.T.);
#844=FACE_BOUND('',#2091,.T.);
#845=FACE_BOUND('',#2092,.T.);
#846=FACE_BOUND('',#2093,.T.);
#847=FACE_BOUND('',#2094,.T.);
#848=FACE_BOUND('',#2095,.T.);
#849=FACE_BOUND('',#2096,.T.);
#850=FACE_BOUND('',#2097,.T.);
#851=FACE_BOUND('',#2098,.T.);
#852=FACE_BOUND('',#2099,.T.);
#853=FACE_BOUND('',#2100,.T.);
#854=FACE_OUTER_BOUND('',#2101,.T.);
#855=PLANE('',#2102);
#856=FACE_OUTER_BOUND('',#2103,.T.);
#857=PLANE('',#2104);
#858=FACE_OUTER_BOUND('',#2105,.T.);
#859=PLANE('',#2106);
#860=FACE_OUTER_BOUND('',#2107,.T.);
#861=PLANE('',#2108);
#862=FACE_OUTER_BOUND('',#2109,.T.);
#863=PLANE('',#2110);
#864=FACE_OUTER_BOUND('',#2111,.T.);
#865=PLANE('',#2112);
#866=FACE_OUTER_BOUND('',#2113,.T.);
#867=PLANE('',#2114);
#868=FACE_OUTER_BOUND('',#2115,.T.);
#869=PLANE('',#2116);
#870=FACE_OUTER_BOUND('',#2117,.T.);
#871=PLANE('',#2118);
#872=FACE_OUTER_BOUND('',#2119,.T.);
#873=PLANE('',#2120);
#874=FACE_OUTER_BOUND('',#2121,.T.);
#875=PLANE('',#2122);
#876=FACE_OUTER_BOUND('',#2123,.T.);
#877=PLANE('',#2124);
#878=FACE_OUTER_BOUND('',#2125,.T.);
#879=PLANE('',#2126);
#880=FACE_OUTER_BOUND('',#2127,.T.);
#881=PLANE('',#2128);
#882=FACE_OUTER_BOUND('',#2129,.T.);
#883=PLANE('',#2130);
#884=FACE_OUTER_BOUND('',#2131,.T.);
#885=PLANE('',#2132);
#886=FACE_OUTER_BOUND('',#2133,.T.);
#887=PLANE('',#2134);
#888=FACE_OUTER_BOUND('',#2135,.T.);
#889=PLANE('',#2136);
#890=FACE_OUTER_BOUND('',#2137,.T.);
#891=PLANE('',#2138);
#892=FACE_OUTER_BOUND('',#2139,.T.);
#893=PLANE('',#2140);
#894=FACE_OUTER_BOUND('',#2141,.T.);
#895=PLANE('',#2142);
#896=FACE_OUTER_BOUND('',#2143,.T.);
#897=PLANE('',#2144);
#898=FACE_OUTER_BOUND('',#2145,.T.);
#899=PLANE('',#2146);
#900=FACE_OUTER_BOUND('',#2147,.T.);
#901=PLANE('',#2148);
#902=FACE_OUTER_BOUND('',#2149,.T.);
#903=PLANE('',#2150);
#904=FACE_OUTER_BOUND('',#2151,.T.);
#905=PLANE('',#2152);
#906=FACE_OUTER_BOUND('',#2153,.T.);
#907=PLANE('',#2154);
#908=FACE_OUTER_BOUND('',#2155,.T.);
#909=PLANE('',#2156);
#910=FACE_OUTER_BOUND('',#2157,.T.);
#911=PLANE('',#2158);
#912=FACE_OUTER_BOUND('',#2159,.T.);
#913=PLANE('',#2160);
#914=FACE_OUTER_BOUND('',#2161,.T.);
#915=PLANE('',#2162);
#916=FACE_OUTER_BOUND('',#2163,.T.);
#917=PLANE('',#2164);
#918=FACE_OUTER_BOUND('',#2165,.T.);
#919=PLANE('',#2166);
#920=FACE_OUTER_BOUND('',#2167,.T.);
#921=PLANE('',#2168);
#922=FACE_OUTER_BOUND('',#2169,.T.);
#923=PLANE('',#2170);
#924=FACE_OUTER_BOUND('',#2171,.T.);
#925=PLANE('',#2172);
#926=FACE_OUTER_BOUND('',#2173,.T.);
#927=PLANE('',#2174);
#928=FACE_OUTER_BOUND('',#2175,.T.);
#929=PLANE('',#2176);
#930=FACE_OUTER_BOUND('',#2177,.T.);
#931=PLANE('',#2178);
#932=FACE_OUTER_BOUND('',#2179,.T.);
#933=PLANE('',#2180);
#934=FACE_OUTER_BOUND('',#2181,.T.);
#935=PLANE('',#2182);
#936=FACE_OUTER_BOUND('',#2183,.T.);
#937=PLANE('',#2184);
#938=FACE_OUTER_BOUND('',#2185,.T.);
#939=PLANE('',#2186);
#940=FACE_OUTER_BOUND('',#2187,.T.);
#941=PLANE('',#2188);
#942=FACE_OUTER_BOUND('',#2189,.T.);
#943=PLANE('',#2190);
#944=FACE_OUTER_BOUND('',#2191,.T.);
#945=PLANE('',#2192);
#946=FACE_OUTER_BOUND('',#2193,.T.);
#947=PLANE('',#2194);
#948=FACE_OUTER_BOUND('',#2195,.T.);
#949=PLANE('',#2196);
#950=FACE_OUTER_BOUND('',#2197,.T.);
#951=PLANE('',#2198);
#952=FACE_OUTER_BOUND('',#2199,.T.);
#953=PLANE('',#2200);
#954=FACE_OUTER_BOUND('',#2201,.T.);
#955=PLANE('',#2202);
#956=FACE_OUTER_BOUND('',#2203,.T.);
#957=PLANE('',#2204);
#958=FACE_OUTER_BOUND('',#2205,.T.);
#959=CYLINDRICAL_SURFACE('',#2206,0.3);
#960=FACE_OUTER_BOUND('',#2207,.T.);
#961=SPHERICAL_SURFACE('',#2208,0.3);
#962=FACE_OUTER_BOUND('',#2209,.T.);
#963=CYLINDRICAL_SURFACE('',#2210,0.3);
#964=FACE_OUTER_BOUND('',#2211,.T.);
#965=SPHERICAL_SURFACE('',#2212,0.3);
#966=FACE_OUTER_BOUND('',#2213,.T.);
#967=CYLINDRICAL_SURFACE('',#2214,0.3);
#968=FACE_OUTER_BOUND('',#2215,.T.);
#969=PLANE('',#2216);
#970=FACE_OUTER_BOUND('',#2217,.T.);
#971=PLANE('',#2218);
#972=FACE_OUTER_BOUND('',#2219,.T.);
#973=PLANE('',#2220);
#974=FACE_OUTER_BOUND('',#2221,.T.);
#975=PLANE('',#2222);
#976=FACE_OUTER_BOUND('',#2223,.T.);
#977=PLANE('',#2224);
#978=FACE_OUTER_BOUND('',#2225,.T.);
#979=PLANE('',#2226);
#980=FACE_OUTER_BOUND('',#2227,.T.);
#981=PLANE('',#2228);
#982=FACE_OUTER_BOUND('',#2229,.T.);
#983=PLANE('',#2230);
#984=FACE_OUTER_BOUND('',#2231,.T.);
#985=PLANE('',#2232);
#986=FACE_OUTER_BOUND('',#2233,.T.);
#987=PLANE('',#2234);
#988=FACE_OUTER_BOUND('',#2235,.T.);
#989=PLANE('',#2236);
#990=FACE_OUTER_BOUND('',#2237,.T.);
#991=PLANE('',#2238);
#992=FACE_OUTER_BOUND('',#2239,.T.);
#993=PLANE('',#2240);
#994=FACE_OUTER_BOUND('',#2241,.T.);
#995=PLANE('',#2242);
#996=FACE_OUTER_BOUND('',#2243,.T.);
#997=PLANE('',#2244);
#998=FACE_OUTER_BOUND('',#2245,.T.);
#999=PLANE('',#2246);
#1000=FACE_OUTER_BOUND('',#2247,.T.);
#1001=PLANE('',#2248);
#1002=FACE_OUTER_BOUND('',#2249,.T.);
#1003=PLANE('',#2250);
#1004=FACE_OUTER_BOUND('',#2251,.T.);
#1005=PLANE('',#2252);
#1006=FACE_OUTER_BOUND('',#2253,.T.);
#1007=PLANE('',#2254);
#1008=FACE_OUTER_BOUND('',#2255,.T.);
#1009=PLANE('',#2256);
#1010=FACE_OUTER_BOUND('',#2257,.T.);
#1011=PLANE('',#2258);
#1012=FACE_OUTER_BOUND('',#2259,.T.);
#1013=PLANE('',#2260);
#1014=FACE_OUTER_BOUND('',#2261,.T.);
#1015=PLANE('',#2262);
#1016=FACE_OUTER_BOUND('',#2263,.T.);
#1017=PLANE('',#2264);
#1018=FACE_OUTER_BOUND('',#2265,.T.);
#1019=PLANE('',#2266);
#1020=FACE_OUTER_BOUND('',#2267,.T.);
#1021=PLANE('',#2268);
#1022=FACE_OUTER_BOUND('',#2269,.T.);
#1023=PLANE('',#2270);
#1024=FACE_OUTER_BOUND('',#2271,.T.);
#1025=PLANE('',#2272);
#1026=FACE_OUTER_BOUND('',#2273,.T.);
#1027=PLANE('',#2274);
#1028=FACE_OUTER_BOUND('',#2275,.T.);
#1029=PLANE('',#2276);
#1030=FACE_OUTER_BOUND('',#2277,.T.);
#1031=PLANE('',#2278);
#1032=FACE_OUTER_BOUND('',#2279,.T.);
#1033=PLANE('',#2280);
#1034=FACE_OUTER_BOUND('',#2281,.T.);
#1035=PLANE('',#2282);
#1036=FACE_OUTER_BOUND('',#2283,.T.);
#1037=PLANE('',#2284);
#1038=FACE_OUTER_BOUND('',#2285,.T.);
#1039=PLANE('',#2286);
#1040=FACE_OUTER_BOUND('',#2287,.T.);
#1041=PLANE('',#2288);
#1042=FACE_OUTER_BOUND('',#2289,.T.);
#1043=PLANE('',#2290);
#1044=FACE_OUTER_BOUND('',#2291,.T.);
#1045=PLANE('',#2292);
#1046=FACE_OUTER_BOUND('',#2293,.T.);
#1047=PLANE('',#2294);
#1048=FACE_OUTER_BOUND('',#2295,.T.);
#1049=PLANE('',#2296);
#1050=FACE_OUTER_BOUND('',#2297,.T.);
#1051=PLANE('',#2298);
#1052=FACE_OUTER_BOUND('',#2299,.T.);
#1053=PLANE('',#2300);
#1054=FACE_OUTER_BOUND('',#2301,.T.);
#1055=PLANE('',#2302);
#1056=FACE_OUTER_BOUND('',#2303,.T.);
#1057=PLANE('',#2304);
#1058=FACE_OUTER_BOUND('',#2305,.T.);
#1059=PLANE('',#2306);
#1060=FACE_OUTER_BOUND('',#2307,.T.);
#1061=PLANE('',#2308);
#1062=FACE_OUTER_BOUND('',#2309,.T.);
#1063=PLANE('',#2310);
#1064=FACE_OUTER_BOUND('',#2311,.T.);
#1065=PLANE('',#2312);
#1066=FACE_OUTER_BOUND('',#2313,.T.);
#1067=PLANE('',#2314);
#1068=FACE_OUTER_BOUND('',#2315,.T.);
#1069=PLANE('',#2316);
#1070=FACE_OUTER_BOUND('',#2317,.T.);
#1071=PLANE('',#2318);
#1072=FACE_OUTER_BOUND('',#2319,.T.);
#1073=PLANE('',#2320);
#1074=FACE_OUTER_BOUND('',#2321,.T.);
#1075=PLANE('',#2322);
#1076=FACE_OUTER_BOUND('',#2323,.T.);
#1077=PLANE('',#2324);
#1078=FACE_OUTER_BOUND('',#2325,.T.);
#1079=PLANE('',#2326);
#1080=FACE_OUTER_BOUND('',#2327,.T.);
#1081=PLANE('',#2328);
#1082=FACE_OUTER_BOUND('',#2329,.T.);
#1083=PLANE('',#2330);
#1084=FACE_OUTER_BOUND('',#2331,.T.);
#1085=PLANE('',#2332);
#1086=FACE_OUTER_BOUND('',#2333,.T.);
#1087=PLANE('',#2334);
#1088=FACE_OUTER_BOUND('',#2335,.T.);
#1089=PLANE('',#2336);
#1090=FACE_OUTER_BOUND('',#2337,.T.);
#1091=PLANE('',#2338);
#1092=FACE_OUTER_BOUND('',#2339,.T.);
#1093=PLANE('',#2340);
#1094=FACE_OUTER_BOUND('',#2341,.T.);
#1095=PLANE('',#2342);
#1096=FACE_OUTER_BOUND('',#2343,.T.);
#1097=PLANE('',#2344);
#1098=FACE_OUTER_BOUND('',#2345,.T.);
#1099=PLANE('',#2346);
#1100=FACE_OUTER_BOUND('',#2347,.T.);
#1101=PLANE('',#2348);
#1102=FACE_OUTER_BOUND('',#2349,.T.);
#1103=PLANE('',#2350);
#1104=FACE_OUTER_BOUND('',#2351,.T.);
#1105=PLANE('',#2352);
#1106=FACE_OUTER_BOUND('',#2353,.T.);
#1107=PLANE('',#2354);
#1108=FACE_OUTER_BOUND('',#2355,.T.);
#1109=PLANE('',#2356);
#1110=FACE_OUTER_BOUND('',#2357,.T.);
#1111=PLANE('',#2358);
#1112=FACE_OUTER_BOUND('',#2359,.T.);
#1113=PLANE('',#2360);
#1114=FACE_OUTER_BOUND('',#2361,.T.);
#1115=PLANE('',#2362);
#1116=FACE_OUTER_BOUND('',#2363,.T.);
#1117=PLANE('',#2364);
#1118=FACE_OUTER_BOUND('',#2365,.T.);
#1119=PLANE('',#2366);
#1120=FACE_OUTER_BOUND('',#2367,.T.);
#1121=PLANE('',#2368);
#1122=FACE_OUTER_BOUND('',#2369,.T.);
#1123=PLANE('',#2370);
#1124=FACE_OUTER_BOUND('',#2371,.T.);
#1125=PLANE('',#2372);
#1126=FACE_OUTER_BOUND('',#2373,.T.);
#1127=PLANE('',#2374);
#1128=FACE_OUTER_BOUND('',#2375,.T.);
#1129=PLANE('',#2376);
#1130=FACE_OUTER_BOUND('',#2377,.T.);
#1131=PLANE('',#2378);
#1132=FACE_OUTER_BOUND('',#2379,.T.);
#1133=PLANE('',#2380);
#1134=FACE_OUTER_BOUND('',#2381,.T.);
#1135=PLANE('',#2382);
#1136=FACE_OUTER_BOUND('',#2383,.T.);
#1137=PLANE('',#2384);
#1138=FACE_OUTER_BOUND('',#2385,.T.);
#1139=PLANE('',#2386);
#1140=FACE_OUTER_BOUND('',#2387,.T.);
#1141=PLANE('',#2388);
#1142=FACE_OUTER_BOUND('',#2389,.T.);
#1143=PLANE('',#2390);
#1144=FACE_OUTER_BOUND('',#2391,.T.);
#1145=PLANE('',#2392);
#1146=FACE_OUTER_BOUND('',#2393,.T.);
#1147=PLANE('',#2394);
#1148=FACE_OUTER_BOUND('',#2395,.T.);
#1149=PLANE('',#2396);
#1150=FACE_OUTER_BOUND('',#2397,.T.);
#1151=PLANE('',#2398);
#1152=FACE_OUTER_BOUND('',#2399,.T.);
#1153=PLANE('',#2400);
#1154=FACE_OUTER_BOUND('',#2401,.T.);
#1155=PLANE('',#2402);
#1156=FACE_OUTER_BOUND('',#2403,.T.);
#1157=PLANE('',#2404);
#1158=FACE_OUTER_BOUND('',#2405,.T.);
#1159=PLANE('',#2406);
#1160=FACE_OUTER_BOUND('',#2407,.T.);
#1161=PLANE('',#2408);
#1162=FACE_OUTER_BOUND('',#2409,.T.);
#1163=PLANE('',#2410);
#1164=FACE_OUTER_BOUND('',#2411,.T.);
#1165=PLANE('',#2412);
#1166=FACE_OUTER_BOUND('',#2413,.T.);
#1167=PLANE('',#2414);
#1168=FACE_OUTER_BOUND('',#2415,.T.);
#1169=PLANE('',#2416);
#1170=FACE_OUTER_BOUND('',#2417,.T.);
#1171=PLANE('',#2418);
#1172=FACE_OUTER_BOUND('',#2419,.T.);
#1173=PLANE('',#2420);
#1174=FACE_OUTER_BOUND('',#2421,.T.);
#1175=PLANE('',#2422);
#1176=FACE_OUTER_BOUND('',#2423,.T.);
#1177=PLANE('',#2424);
#1178=FACE_OUTER_BOUND('',#2425,.T.);
#1179=PLANE('',#2426);
#1180=FACE_OUTER_BOUND('',#2427,.T.);
#1181=PLANE('',#2428);
#1182=FACE_OUTER_BOUND('',#2429,.T.);
#1183=PLANE('',#2430);
#1184=FACE_OUTER_BOUND('',#2431,.T.);
#1185=PLANE('',#2432);
#1186=FACE_OUTER_BOUND('',#2433,.T.);
#1187=PLANE('',#2434);
#1188=FACE_OUTER_BOUND('',#2435,.T.);
#1189=PLANE('',#2436);
#1190=FACE_OUTER_BOUND('',#2437,.T.);
#1191=PLANE('',#2438);
#1192=FACE_OUTER_BOUND('',#2439,.T.);
#1193=PLANE('',#2440);
#1194=FACE_OUTER_BOUND('',#2441,.T.);
#1195=PLANE('',#2442);
#1196=FACE_OUTER_BOUND('',#2443,.T.);
#1197=PLANE('',#2444);
#1198=FACE_OUTER_BOUND('',#2445,.T.);
#1199=PLANE('',#2446);
#1200=FACE_OUTER_BOUND('',#2447,.T.);
#1201=PLANE('',#2448);
#1202=FACE_OUTER_BOUND('',#2449,.T.);
#1203=PLANE('',#2450);
#1204=FACE_OUTER_BOUND('',#2451,.T.);
#1205=PLANE('',#2452);
#1206=FACE_OUTER_BOUND('',#2453,.T.);
#1207=PLANE('',#2454);
#1208=FACE_OUTER_BOUND('',#2455,.T.);
#1209=PLANE('',#2456);
#1210=FACE_OUTER_BOUND('',#2457,.T.);
#1211=PLANE('',#2458);
#1212=FACE_OUTER_BOUND('',#2459,.T.);
#1213=PLANE('',#2460);
#1214=FACE_OUTER_BOUND('',#2461,.T.);
#1215=PLANE('',#2462);
#1216=FACE_OUTER_BOUND('',#2463,.T.);
#1217=PLANE('',#2464);
#1218=FACE_OUTER_BOUND('',#2465,.T.);
#1219=PLANE('',#2466);
#1220=FACE_OUTER_BOUND('',#2467,.T.);
#1221=PLANE('',#2468);
#1222=FACE_OUTER_BOUND('',#2469,.T.);
#1223=PLANE('',#2470);
#1224=FACE_OUTER_BOUND('',#2471,.T.);
#1225=PLANE('',#2472);
#1226=FACE_OUTER_BOUND('',#2473,.T.);
#1227=PLANE('',#2474);
#1228=FACE_OUTER_BOUND('',#2475,.T.);
#1229=PLANE('',#2476);
#1230=FACE_OUTER_BOUND('',#2477,.T.);
#1231=PLANE('',#2478);
#1232=FACE_OUTER_BOUND('',#2479,.T.);
#1233=PLANE('',#2480);
#1234=FACE_OUTER_BOUND('',#2481,.T.);
#1235=PLANE('',#2482);
#1236=FACE_OUTER_BOUND('',#2483,.T.);
#1237=PLANE('',#2484);
#1238=FACE_OUTER_BOUND('',#2485,.T.);
#1239=PLANE('',#2486);
#1240=FACE_OUTER_BOUND('',#2487,.T.);
#1241=PLANE('',#2488);
#1242=FACE_OUTER_BOUND('',#2489,.T.);
#1243=PLANE('',#2490);
#1244=FACE_OUTER_BOUND('',#2491,.T.);
#1245=PLANE('',#2492);
#1246=FACE_OUTER_BOUND('',#2493,.T.);
#1247=PLANE('',#2494);
#1248=FACE_OUTER_BOUND('',#2495,.T.);
#1249=PLANE('',#2496);
#1250=FACE_OUTER_BOUND('',#2497,.T.);
#1251=PLANE('',#2498);
#1252=FACE_OUTER_BOUND('',#2499,.T.);
#1253=PLANE('',#2500);
#1254=FACE_OUTER_BOUND('',#2501,.T.);
#1255=PLANE('',#2502);
#1256=FACE_OUTER_BOUND('',#2503,.T.);
#1257=PLANE('',#2504);
#1258=FACE_OUTER_BOUND('',#2505,.T.);
#1259=PLANE('',#2506);
#1260=FACE_OUTER_BOUND('',#2507,.T.);
#1261=PLANE('',#2508);
#1262=FACE_OUTER_BOUND('',#2509,.T.);
#1263=PLANE('',#2510);
#1264=FACE_OUTER_BOUND('',#2511,.T.);
#1265=PLANE('',#2512);
#1266=FACE_OUTER_BOUND('',#2513,.T.);
#1267=PLANE('',#2514);
#1268=FACE_OUTER_BOUND('',#2515,.T.);
#1269=PLANE('',#2516);
#1270=FACE_OUTER_BOUND('',#2517,.T.);
#1271=PLANE('',#2518);
#1272=FACE_OUTER_BOUND('',#2519,.T.);
#1273=PLANE('',#2520);
#1274=FACE_OUTER_BOUND('',#2521,.T.);
#1275=PLANE('',#2522);
#1276=FACE_OUTER_BOUND('',#2523,.T.);
#1277=PLANE('',#2524);
#1278=FACE_OUTER_BOUND('',#2525,.T.);
#1279=PLANE('',#2526);
#1280=FACE_OUTER_BOUND('',#2527,.T.);
#1281=PLANE('',#2528);
#1282=FACE_OUTER_BOUND('',#2529,.T.);
#1283=PLANE('',#2530);
#1284=FACE_OUTER_BOUND('',#2531,.T.);
#1285=PLANE('',#2532);
#1286=FACE_OUTER_BOUND('',#2533,.T.);
#1287=PLANE('',#2534);
#1288=FACE_OUTER_BOUND('',#2535,.T.);
#1289=PLANE('',#2536);
#1290=FACE_OUTER_BOUND('',#2537,.T.);
#1291=PLANE('',#2538);
#1292=FACE_OUTER_BOUND('',#2539,.T.);
#1293=PLANE('',#2540);
#1294=FACE_OUTER_BOUND('',#2541,.T.);
#1295=PLANE('',#2542);
#1296=FACE_OUTER_BOUND('',#2543,.T.);
#1297=PLANE('',#2544);
#1298=FACE_OUTER_BOUND('',#2545,.T.);
#1299=PLANE('',#2546);
#1300=FACE_OUTER_BOUND('',#2547,.T.);
#1301=PLANE('',#2548);
#1302=FACE_OUTER_BOUND('',#2549,.T.);
#1303=PLANE('',#2550);
#1304=FACE_OUTER_BOUND('',#2551,.T.);
#1305=PLANE('',#2552);
#1306=FACE_OUTER_BOUND('',#2553,.T.);
#1307=PLANE('',#2554);
#1308=FACE_OUTER_BOUND('',#2555,.T.);
#1309=PLANE('',#2556);
#1310=FACE_OUTER_BOUND('',#2557,.T.);
#1311=PLANE('',#2558);
#1312=FACE_OUTER_BOUND('',#2559,.T.);
#1313=PLANE('',#2560);
#1314=FACE_OUTER_BOUND('',#2561,.T.);
#1315=PLANE('',#2562);
#1316=FACE_OUTER_BOUND('',#2563,.T.);
#1317=PLANE('',#2564);
#1318=FACE_OUTER_BOUND('',#2565,.T.);
#1319=PLANE('',#2566);
#1320=FACE_OUTER_BOUND('',#2567,.T.);
#1321=PLANE('',#2568);
#1322=FACE_OUTER_BOUND('',#2569,.T.);
#1323=PLANE('',#2570);
#1324=FACE_OUTER_BOUND('',#2571,.T.);
#1325=PLANE('',#2572);
#1326=FACE_OUTER_BOUND('',#2573,.T.);
#1327=PLANE('',#2574);
#1328=FACE_OUTER_BOUND('',#2575,.T.);
#1329=PLANE('',#2576);
#1330=FACE_OUTER_BOUND('',#2577,.T.);
#1331=PLANE('',#2578);
#1332=FACE_OUTER_BOUND('',#2579,.T.);
#1333=PLANE('',#2580);
#1334=FACE_OUTER_BOUND('',#2581,.T.);
#1335=PLANE('',#2582);
#1336=FACE_OUTER_BOUND('',#2583,.T.);
#1337=PLANE('',#2584);
#1338=FACE_OUTER_BOUND('',#2585,.T.);
#1339=PLANE('',#2586);
#1340=FACE_OUTER_BOUND('',#2587,.T.);
#1341=PLANE('',#2588);
#1342=FACE_OUTER_BOUND('',#2589,.T.);
#1343=PLANE('',#2590);
#1344=FACE_OUTER_BOUND('',#2591,.T.);
#1345=PLANE('',#2592);
#1346=FACE_OUTER_BOUND('',#2593,.T.);
#1347=PLANE('',#2594);
#1348=FACE_OUTER_BOUND('',#2595,.T.);
#1349=PLANE('',#2596);
#1350=FACE_OUTER_BOUND('',#2597,.T.);
#1351=PLANE('',#2598);
#1352=FACE_OUTER_BOUND('',#2599,.T.);
#1353=PLANE('',#2600);
#1354=FACE_OUTER_BOUND('',#2601,.T.);
#1355=PLANE('',#2602);
#1356=FACE_OUTER_BOUND('',#2603,.T.);
#1357=PLANE('',#2604);
#1358=FACE_OUTER_BOUND('',#2605,.T.);
#1359=PLANE('',#2606);
#1360=FACE_OUTER_BOUND('',#2607,.T.);
#1361=PLANE('',#2608);
#1362=FACE_OUTER_BOUND('',#2609,.T.);
#1363=PLANE('',#2610);
#1364=FACE_OUTER_BOUND('',#2611,.T.);
#1365=PLANE('',#2612);
#1366=FACE_OUTER_BOUND('',#2613,.T.);
#1367=PLANE('',#2614);
#1368=FACE_OUTER_BOUND('',#2615,.T.);
#1369=PLANE('',#2616);
#1370=FACE_OUTER_BOUND('',#2617,.T.);
#1371=PLANE('',#2618);
#1372=FACE_OUTER_BOUND('',#2619,.T.);
#1373=PLANE('',#2620);
#1374=FACE_OUTER_BOUND('',#2621,.T.);
#1375=PLANE('',#2622);
#1376=FACE_OUTER_BOUND('',#2623,.T.);
#1377=PLANE('',#2624);
#1378=FACE_OUTER_BOUND('',#2625,.T.);
#1379=PLANE('',#2626);
#1380=FACE_OUTER_BOUND('',#2627,.T.);
#1381=PLANE('',#2628);
#1382=FACE_OUTER_BOUND('',#2629,.T.);
#1383=PLANE('',#2630);
#1384=FACE_OUTER_BOUND('',#2631,.T.);
#1385=PLANE('',#2632);
#1386=FACE_OUTER_BOUND('',#2633,.T.);
#1387=PLANE('',#2634);
#1388=FACE_OUTER_BOUND('',#2635,.T.);
#1389=PLANE('',#2636);
#1390=FACE_OUTER_BOUND('',#2637,.T.);
#1391=PLANE('',#2638);
#1392=FACE_OUTER_BOUND('',#2639,.T.);
#1393=PLANE('',#2640);
#1394=FACE_OUTER_BOUND('',#2641,.T.);
#1395=PLANE('',#2642);
#1396=FACE_OUTER_BOUND('',#2643,.T.);
#1397=PLANE('',#2644);
#1398=FACE_OUTER_BOUND('',#2645,.T.);
#1399=PLANE('',#2646);
#1400=FACE_OUTER_BOUND('',#2647,.T.);
#1401=PLANE('',#2648);
#1402=FACE_OUTER_BOUND('',#2649,.T.);
#1403=PLANE('',#2650);
#1404=FACE_OUTER_BOUND('',#2651,.T.);
#1405=PLANE('',#2652);
#1406=FACE_OUTER_BOUND('',#2653,.T.);
#1407=PLANE('',#2654);
#1408=FACE_OUTER_BOUND('',#2655,.T.);
#1409=PLANE('',#2656);
#1410=FACE_OUTER_BOUND('',#2657,.T.);
#1411=PLANE('',#2658);
#1412=FACE_OUTER_BOUND('',#2659,.T.);
#1413=PLANE('',#2660);
#1414=FACE_OUTER_BOUND('',#2661,.T.);
#1415=PLANE('',#2662);
#1416=FACE_OUTER_BOUND('',#2663,.T.);
#1417=PLANE('',#2664);
#1418=FACE_OUTER_BOUND('',#2665,.T.);
#1419=PLANE('',#2666);
#1420=FACE_OUTER_BOUND('',#2667,.T.);
#1421=PLANE('',#2668);
#1422=FACE_OUTER_BOUND('',#2669,.T.);
#1423=PLANE('',#2670);
#1424=FACE_OUTER_BOUND('',#2671,.T.);
#1425=PLANE('',#2672);
#1426=FACE_OUTER_BOUND('',#2673,.T.);
#1427=PLANE('',#2674);
#1428=FACE_OUTER_BOUND('',#2675,.T.);
#1429=PLANE('',#2676);
#1430=FACE_OUTER_BOUND('',#2677,.T.);
#1431=PLANE('',#2678);
#1432=FACE_OUTER_BOUND('',#2679,.T.);
#1433=PLANE('',#2680);
#1434=FACE_OUTER_BOUND('',#2681,.T.);
#1435=PLANE('',#2682);
#1436=FACE_OUTER_BOUND('',#2683,.T.);
#1437=PLANE('',#2684);
#1438=FACE_OUTER_BOUND('',#2685,.T.);
#1439=PLANE('',#2686);
#1440=FACE_OUTER_BOUND('',#2687,.T.);
#1441=PLANE('',#2688);
#1442=FACE_OUTER_BOUND('',#2689,.T.);
#1443=PLANE('',#2690);
#1444=FACE_OUTER_BOUND('',#2691,.T.);
#1445=PLANE('',#2692);
#1446=FACE_OUTER_BOUND('',#2693,.T.);
#1447=PLANE('',#2694);
#1448=FACE_OUTER_BOUND('',#2695,.T.);
#1449=PLANE('',#2696);
#1450=FACE_OUTER_BOUND('',#2697,.T.);
#1451=PLANE('',#2698);
#1452=FACE_OUTER_BOUND('',#2699,.T.);
#1453=PLANE('',#2700);
#1454=FACE_OUTER_BOUND('',#2701,.T.);
#1455=PLANE('',#2702);
#1456=FACE_OUTER_BOUND('',#2703,.T.);
#1457=PLANE('',#2704);
#1458=FACE_OUTER_BOUND('',#2705,.T.);
#1459=PLANE('',#2706);
#1460=FACE_OUTER_BOUND('',#2707,.T.);
#1461=PLANE('',#2708);
#1462=FACE_OUTER_BOUND('',#2709,.T.);
#1463=PLANE('',#2710);
#1464=FACE_OUTER_BOUND('',#2711,.T.);
#1465=PLANE('',#2712);
#1466=FACE_OUTER_BOUND('',#2713,.T.);
#1467=PLANE('',#2714);
#1468=FACE_OUTER_BOUND('',#2715,.T.);
#1469=PLANE('',#2716);
#1470=FACE_OUTER_BOUND('',#2717,.T.);
#1471=PLANE('',#2718);
#1472=FACE_OUTER_BOUND('',#2719,.T.);
#1473=PLANE('',#2720);
#1474=FACE_OUTER_BOUND('',#2721,.T.);
#1475=PLANE('',#2722);
#1476=FACE_OUTER_BOUND('',#2723,.T.);
#1477=PLANE('',#2724);
#1478=FACE_OUTER_BOUND('',#2725,.T.);
#1479=PLANE('',#2726);
#1480=FACE_OUTER_BOUND('',#2727,.T.);
#1481=PLANE('',#2728);
#1482=FACE_OUTER_BOUND('',#2729,.T.);
#1483=PLANE('',#2730);
#1484=FACE_OUTER_BOUND('',#2731,.T.);
#1485=PLANE('',#2732);
#1486=FACE_OUTER_BOUND('',#2733,.T.);
#1487=PLANE('',#2734);
#1488=FACE_OUTER_BOUND('',#2735,.T.);
#1489=PLANE('',#2736);
#1490=FACE_OUTER_BOUND('',#2737,.T.);
#1491=PLANE('',#2738);
#1492=FACE_OUTER_BOUND('',#2739,.T.);
#1493=PLANE('',#2740);
#1494=FACE_OUTER_BOUND('',#2741,.T.);
#1495=PLANE('',#2742);
#1496=FACE_OUTER_BOUND('',#2743,.T.);
#1497=PLANE('',#2744);
#1498=FACE_OUTER_BOUND('',#2745,.T.);
#1499=PLANE('',#2746);
#1500=FACE_OUTER_BOUND('',#2747,.T.);
#1501=PLANE('',#2748);
#1502=FACE_OUTER_BOUND('',#2749,.T.);
#1503=PLANE('',#2750);
#1504=FACE_OUTER_BOUND('',#2751,.T.);
#1505=PLANE('',#2752);
#1506=FACE_OUTER_BOUND('',#2753,.T.);
#1507=PLANE('',#2754);
#1508=FACE_OUTER_BOUND('',#2755,.T.);
#1509=PLANE('',#2756);
#1510=FACE_OUTER_BOUND('',#2757,.T.);
#1511=PLANE('',#2758);
#1512=FACE_OUTER_BOUND('',#2759,.T.);
#1513=PLANE('',#2760);
#1514=FACE_OUTER_BOUND('',#2761,.T.);
#1515=PLANE('',#2762);
#1516=FACE_OUTER_BOUND('',#2763,.T.);
#1517=PLANE('',#2764);
#1518=FACE_OUTER_BOUND('',#2765,.T.);
#1519=PLANE('',#2766);
#1520=FACE_OUTER_BOUND('',#2767,.T.);
#1521=PLANE('',#2768);
#1522=FACE_OUTER_BOUND('',#2769,.T.);
#1523=PLANE('',#2770);
#1524=FACE_OUTER_BOUND('',#2771,.T.);
#1525=PLANE('',#2772);
#1526=FACE_OUTER_BOUND('',#2773,.T.);
#1527=PLANE('',#2774);
#1528=FACE_OUTER_BOUND('',#2775,.T.);
#1529=PLANE('',#2776);
#1530=FACE_OUTER_BOUND('',#2777,.T.);
#1531=PLANE('',#2778);
#1532=FACE_OUTER_BOUND('',#2779,.T.);
#1533=PLANE('',#2780);
#1534=FACE_OUTER_BOUND('',#2781,.T.);
#1535=PLANE('',#2782);
#1536=FACE_OUTER_BOUND('',#2783,.T.);
#1537=PLANE('',#2784);
#1538=FACE_OUTER_BOUND('',#2785,.T.);
#1539=PLANE('',#2786);
#1540=FACE_OUTER_BOUND('',#2787,.T.);
#1541=PLANE('',#2788);
#1542=FACE_OUTER_BOUND('',#2789,.T.);
#1543=PLANE('',#2790);
#1544=FACE_OUTER_BOUND('',#2791,.T.);
#1545=PLANE('',#2792);
#1546=FACE_OUTER_BOUND('',#2793,.T.);
#1547=PLANE('',#2794);
#1548=FACE_OUTER_BOUND('',#2795,.T.);
#1549=PLANE('',#2796);
#1550=FACE_OUTER_BOUND('',#2797,.T.);
#1551=PLANE('',#2798);
#1552=FACE_OUTER_BOUND('',#2799,.T.);
#1553=PLANE('',#2800);
#1554=FACE_OUTER_BOUND('',#2801,.T.);
#1555=PLANE('',#2802);
#1556=FACE_OUTER_BOUND('',#2803,.T.);
#1557=PLANE('',#2804);
#1558=FACE_OUTER_BOUND('',#2805,.T.);
#1559=PLANE('',#2806);
#1560=FACE_OUTER_BOUND('',#2807,.T.);
#1561=PLANE('',#2808);
#1562=FACE_OUTER_BOUND('',#2809,.T.);
#1563=PLANE('',#2810);
#1564=FACE_OUTER_BOUND('',#2811,.T.);
#1565=PLANE('',#2812);
#1566=FACE_OUTER_BOUND('',#2813,.T.);
#1567=PLANE('',#2814);
#1568=FACE_OUTER_BOUND('',#2815,.T.);
#1569=PLANE('',#2816);
#1570=FACE_OUTER_BOUND('',#2817,.T.);
#1571=PLANE('',#2818);
#1572=FACE_OUTER_BOUND('',#2819,.T.);
#1573=PLANE('',#2820);
#1574=FACE_OUTER_BOUND('',#2821,.T.);
#1575=PLANE('',#2822);
#1576=FACE_OUTER_BOUND('',#2823,.T.);
#1577=PLANE('',#2824);
#1578=FACE_OUTER_BOUND('',#2825,.T.);
#1579=PLANE('',#2826);
#1580=FACE_OUTER_BOUND('',#2827,.T.);
#1581=PLANE('',#2828);
#1582=FACE_OUTER_BOUND('',#2829,.T.);
#1583=PLANE('',#2830);
#1584=FACE_OUTER_BOUND('',#2831,.T.);
#1585=PLANE('',#2832);
#1586=FACE_OUTER_BOUND('',#2833,.T.);
#1587=PLANE('',#2834);
#1588=FACE_OUTER_BOUND('',#2835,.T.);
#1589=PLANE('',#2836);
#1590=FACE_OUTER_BOUND('',#2837,.T.);
#1591=PLANE('',#2838);
#1592=FACE_OUTER_BOUND('',#2839,.T.);
#1593=PLANE('',#2840);
#1594=FACE_OUTER_BOUND('',#2841,.T.);
#1595=PLANE('',#2842);
#1596=FACE_OUTER_BOUND('',#2843,.T.);
#1597=PLANE('',#2844);
#1598=FACE_OUTER_BOUND('',#2845,.T.);
#1599=PLANE('',#2846);
#1600=FACE_OUTER_BOUND('',#2847,.T.);
#1601=PLANE('',#2848);
#1602=FACE_OUTER_BOUND('',#2849,.T.);
#1603=PLANE('',#2850);
#1604=FACE_OUTER_BOUND('',#2851,.T.);
#1605=PLANE('',#2852);
#1606=FACE_OUTER_BOUND('',#2853,.T.);
#1607=PLANE('',#2854);
#1608=FACE_OUTER_BOUND('',#2855,.T.);
#1609=PLANE('',#2856);
#1610=FACE_OUTER_BOUND('',#2857,.T.);
#1611=PLANE('',#2858);
#1612=FACE_OUTER_BOUND('',#2859,.T.);
#1613=PLANE('',#2860);
#1614=FACE_OUTER_BOUND('',#2861,.T.);
#1615=PLANE('',#2862);
#1616=FACE_OUTER_BOUND('',#2863,.T.);
#1617=PLANE('',#2864);
#1618=FACE_OUTER_BOUND('',#2865,.T.);
#1619=PLANE('',#2866);
#1620=FACE_OUTER_BOUND('',#2867,.T.);
#1621=PLANE('',#2868);
#1622=FACE_OUTER_BOUND('',#2869,.T.);
#1623=PLANE('',#2870);
#1624=FACE_OUTER_BOUND('',#2871,.T.);
#1625=PLANE('',#2872);
#1626=FACE_OUTER_BOUND('',#2873,.T.);
#1627=PLANE('',#2874);
#1628=FACE_OUTER_BOUND('',#2875,.T.);
#1629=PLANE('',#2876);
#1630=FACE_OUTER_BOUND('',#2877,.T.);
#1631=PLANE('',#2878);
#1632=FACE_OUTER_BOUND('',#2879,.T.);
#1633=PLANE('',#2880);
#1634=FACE_OUTER_BOUND('',#2881,.T.);
#1635=PLANE('',#2882);
#1636=FACE_OUTER_BOUND('',#2883,.T.);
#1637=PLANE('',#2884);
#1638=FACE_OUTER_BOUND('',#2885,.T.);
#1639=PLANE('',#2886);
#1640=FACE_OUTER_BOUND('',#2887,.T.);
#1641=PLANE('',#2888);
#1642=FACE_OUTER_BOUND('',#2889,.T.);
#1643=PLANE('',#2890);
#1644=FACE_OUTER_BOUND('',#2891,.T.);
#1645=PLANE('',#2892);
#1646=FACE_OUTER_BOUND('',#2893,.T.);
#1647=PLANE('',#2894);
#1648=FACE_OUTER_BOUND('',#2895,.T.);
#1649=PLANE('',#2896);
#1650=FACE_OUTER_BOUND('',#2897,.T.);
#1651=PLANE('',#2898);
#1652=FACE_OUTER_BOUND('',#2899,.T.);
#1653=PLANE('',#2900);
#1654=FACE_OUTER_BOUND('',#2901,.T.);
#1655=PLANE('',#2902);
#1656=FACE_OUTER_BOUND('',#2903,.T.);
#1657=PLANE('',#2904);
#1658=FACE_OUTER_BOUND('',#2905,.T.);
#1659=PLANE('',#2906);
#1660=FACE_OUTER_BOUND('',#2907,.T.);
#1661=PLANE('',#2908);
#1662=FACE_OUTER_BOUND('',#2909,.T.);
#1663=PLANE('',#2910);
#1664=FACE_OUTER_BOUND('',#2911,.T.);
#1665=PLANE('',#2912);
#1666=FACE_OUTER_BOUND('',#2913,.T.);
#1667=PLANE('',#2914);
#1668=FACE_OUTER_BOUND('',#2915,.T.);
#1669=PLANE('',#2916);
#1670=FACE_OUTER_BOUND('',#2917,.T.);
#1671=PLANE('',#2918);
#1672=FACE_OUTER_BOUND('',#2919,.T.);
#1673=PLANE('',#2920);
#1674=FACE_OUTER_BOUND('',#2921,.T.);
#1675=PLANE('',#2922);
#1676=FACE_OUTER_BOUND('',#2923,.T.);
#1677=PLANE('',#2924);
#1678=FACE_OUTER_BOUND('',#2925,.T.);
#1679=PLANE('',#2926);
#1680=FACE_OUTER_BOUND('',#2927,.T.);
#1681=PLANE('',#2928);
#1682=FACE_OUTER_BOUND('',#2929,.T.);
#1683=PLANE('',#2930);
#1684=FACE_OUTER_BOUND('',#2931,.T.);
#1685=PLANE('',#2932);
#1686=FACE_OUTER_BOUND('',#2933,.T.);
#1687=PLANE('',#2934);
#1688=FACE_OUTER_BOUND('',#2935,.T.);
#1689=PLANE('',#2936);
#1690=FACE_OUTER_BOUND('',#2937,.T.);
#1691=PLANE('',#2938);
#1692=FACE_OUTER_BOUND('',#2939,.T.);
#1693=PLANE('',#2940);
#1694=FACE_OUTER_BOUND('',#2941,.T.);
#1695=PLANE('',#2942);
#1696=FACE_OUTER_BOUND('',#2943,.T.);
#1697=PLANE('',#2944);
#1698=FACE_OUTER_BOUND('',#2945,.T.);
#1699=PLANE('',#2946);
#1700=FACE_OUTER_BOUND('',#2947,.T.);
#1701=PLANE('',#2948);
#1702=FACE_OUTER_BOUND('',#2949,.T.);
#1703=PLANE('',#2950);
#1704=FACE_OUTER_BOUND('',#2951,.T.);
#1705=PLANE('',#2952);
#1706=FACE_OUTER_BOUND('',#2953,.T.);
#1707=PLANE('',#2954);
#1708=FACE_OUTER_BOUND('',#2955,.T.);
#1709=PLANE('',#2956);
#1710=FACE_OUTER_BOUND('',#2957,.T.);
#1711=PLANE('',#2958);
#1712=FACE_OUTER_BOUND('',#2959,.T.);
#1713=PLANE('',#2960);
#1714=FACE_OUTER_BOUND('',#2961,.T.);
#1715=PLANE('',#2962);
#1716=FACE_OUTER_BOUND('',#2963,.T.);
#1717=PLANE('',#2964);
#1718=FACE_OUTER_BOUND('',#2965,.T.);
#1719=PLANE('',#2966);
#1720=FACE_OUTER_BOUND('',#2967,.T.);
#1721=PLANE('',#2968);
#1722=FACE_OUTER_BOUND('',#2969,.T.);
#1723=PLANE('',#2970);
#1724=FACE_OUTER_BOUND('',#2971,.T.);
#1725=PLANE('',#2972);
#1726=FACE_OUTER_BOUND('',#2973,.T.);
#1727=PLANE('',#2974);
#1728=FACE_OUTER_BOUND('',#2975,.T.);
#1729=PLANE('',#2976);
#1730=FACE_OUTER_BOUND('',#2977,.T.);
#1731=PLANE('',#2978);
#1732=FACE_OUTER_BOUND('',#2979,.T.);
#1733=PLANE('',#2980);
#1734=FACE_OUTER_BOUND('',#2981,.T.);
#1735=PLANE('',#2982);
#1736=FACE_OUTER_BOUND('',#2983,.T.);
#1737=PLANE('',#2984);
#1738=FACE_OUTER_BOUND('',#2985,.T.);
#1739=PLANE('',#2986);
#1740=FACE_OUTER_BOUND('',#2987,.T.);
#1741=PLANE('',#2988);
#1742=FACE_OUTER_BOUND('',#2989,.T.);
#1743=PLANE('',#2990);
#1744=FACE_OUTER_BOUND('',#2991,.T.);
#1745=PLANE('',#2992);
#1746=FACE_OUTER_BOUND('',#2993,.T.);
#1747=PLANE('',#2994);
#1748=FACE_OUTER_BOUND('',#2995,.T.);
#1749=PLANE('',#2996);
#1750=FACE_OUTER_BOUND('',#2997,.T.);
#1751=PLANE('',#2998);
#1752=FACE_OUTER_BOUND('',#2999,.T.);
#1753=PLANE('',#3000);
#1754=FACE_OUTER_BOUND('',#3001,.T.);
#1755=PLANE('',#3002);
#1756=FACE_OUTER_BOUND('',#3003,.T.);
#1757=PLANE('',#3004);
#1758=FACE_OUTER_BOUND('',#3005,.T.);
#1759=PLANE('',#3006);
#1760=FACE_OUTER_BOUND('',#3007,.T.);
#1761=PLANE('',#3008);
#1762=FACE_OUTER_BOUND('',#3009,.T.);
#1763=PLANE('',#3010);
#1764=FACE_OUTER_BOUND('',#3011,.T.);
#1765=PLANE('',#3012);
#1766=FACE_OUTER_BOUND('',#3013,.T.);
#1767=PLANE('',#3014);
#1768=FACE_OUTER_BOUND('',#3015,.T.);
#1769=PLANE('',#3016);
#1770=FACE_OUTER_BOUND('',#3017,.T.);
#1771=PLANE('',#3018);
#1772=FACE_OUTER_BOUND('',#3019,.T.);
#1773=PLANE('',#3020);
#1774=FACE_OUTER_BOUND('',#3021,.T.);
#1775=PLANE('',#3022);
#1776=FACE_OUTER_BOUND('',#3023,.T.);
#1777=PLANE('',#3024);
#1778=FACE_OUTER_BOUND('',#3025,.T.);
#1779=PLANE('',#3026);
#1780=FACE_OUTER_BOUND('',#3027,.T.);
#1781=PLANE('',#3028);
#1782=FACE_OUTER_BOUND('',#3029,.T.);
#1783=PLANE('',#3030);
#1784=FACE_OUTER_BOUND('',#3031,.T.);
#1785=PLANE('',#3032);
#1786=FACE_OUTER_BOUND('',#3033,.T.);
#1787=PLANE('',#3034);
#1788=FACE_OUTER_BOUND('',#3035,.T.);
#1789=PLANE('',#3036);
#1790=FACE_OUTER_BOUND('',#3037,.T.);
#1791=PLANE('',#3038);
#1792=FACE_OUTER_BOUND('',#3039,.T.);
#1793=PLANE('',#3040);
#1794=FACE_OUTER_BOUND('',#3041,.T.);
#1795=PLANE('',#3042);
#1796=FACE_OUTER_BOUND('',#3043,.T.);
#1797=PLANE('',#3044);
#1798=FACE_OUTER_BOUND('',#3045,.T.);
#1799=PLANE('',#3046);
#1800=FACE_OUTER_BOUND('',#3047,.T.);
#1801=PLANE('',#3048);
#1802=FACE_OUTER_BOUND('',#3049,.T.);
#1803=PLANE('',#3050);
#1804=FACE_OUTER_BOUND('',#3051,.T.);
#1805=PLANE('',#3052);
#1806=FACE_OUTER_BOUND('',#3053,.T.);
#1807=PLANE('',#3054);
#1808=FACE_OUTER_BOUND('',#3055,.T.);
#1809=PLANE('',#3056);
#1810=FACE_OUTER_BOUND('',#3057,.T.);
#1811=PLANE('',#3058);
#1812=FACE_OUTER_BOUND('',#3059,.T.);
#1813=PLANE('',#3060);
#1814=FACE_OUTER_BOUND('',#3061,.T.);
#1815=PLANE('',#3062);
#1816=FACE_OUTER_BOUND('',#3063,.T.);
#1817=PLANE('',#3064);
#1818=FACE_OUTER_BOUND('',#3065,.T.);
#1819=PLANE('',#3066);
#1820=FACE_OUTER_BOUND('',#3067,.T.);
#1821=PLANE('',#3068);
#1822=FACE_OUTER_BOUND('',#3069,.T.);
#1823=PLANE('',#3070);
#1824=FACE_OUTER_BOUND('',#3071,.T.);
#1825=PLANE('',#3072);
#1826=FACE_OUTER_BOUND('',#3073,.T.);
#1827=PLANE('',#3074);
#1828=FACE_OUTER_BOUND('',#3075,.T.);
#1829=PLANE('',#3076);
#1830=FACE_OUTER_BOUND('',#3077,.T.);
#1831=PLANE('',#3078);
#1832=FACE_OUTER_BOUND('',#3079,.T.);
#1833=PLANE('',#3080);
#1834=FACE_OUTER_BOUND('',#3081,.T.);
#1835=PLANE('',#3082);
#1836=FACE_OUTER_BOUND('',#3083,.T.);
#1837=PLANE('',#3084);
#1838=FACE_OUTER_BOUND('',#3085,.T.);
#1839=PLANE('',#3086);
#1840=FACE_OUTER_BOUND('',#3087,.T.);
#1841=PLANE('',#3088);
#1842=FACE_OUTER_BOUND('',#3089,.T.);
#1843=PLANE('',#3090);
#1844=FACE_OUTER_BOUND('',#3091,.T.);
#1845=PLANE('',#3092);
#1846=FACE_OUTER_BOUND('',#3093,.T.);
#1847=PLANE('',#3094);
#1848=FACE_OUTER_BOUND('',#3095,.T.);
#1849=PLANE('',#3096);
#1850=FACE_OUTER_BOUND('',#3097,.T.);
#1851=PLANE('',#3098);
#1852=FACE_OUTER_BOUND('',#3099,.T.);
#1853=PLANE('',#3100);
#1854=FACE_OUTER_BOUND('',#3101,.T.);
#1855=PLANE('',#3102);
#1856=FACE_OUTER_BOUND('',#3103,.T.);
#1857=PLANE('',#3104);
#1858=FACE_OUTER_BOUND('',#3105,.T.);
#1859=PLANE('',#3106);
#1860=FACE_OUTER_BOUND('',#3107,.T.);
#1861=PLANE('',#3108);
#1862=FACE_OUTER_BOUND('',#3109,.T.);
#1863=PLANE('',#3110);
#1864=FACE_OUTER_BOUND('',#3111,.T.);
#1865=PLANE('',#3112);
#1866=FACE_OUTER_BOUND('',#3113,.T.);
#1867=PLANE('',#3114);
#1868=FACE_OUTER_BOUND('',#3115,.T.);
#1869=PLANE('',#3116);
#1870=FACE_OUTER_BOUND('',#3117,.T.);
#1871=PLANE('',#3118);
#1872=FACE_OUTER_BOUND('',#3119,.T.);
#1873=PLANE('',#3120);
#1874=FACE_OUTER_BOUND('',#3121,.T.);
#1875=PLANE('',#3122);
#1876=FACE_OUTER_BOUND('',#3123,.T.);
#1877=PLANE('',#3124);
#1878=FACE_OUTER_BOUND('',#3125,.T.);
#1879=PLANE('',#3126);
#1880=FACE_OUTER_BOUND('',#3127,.T.);
#1881=PLANE('',#3128);
#1882=FACE_OUTER_BOUND('',#3129,.T.);
#1883=PLANE('',#3130);
#1884=FACE_OUTER_BOUND('',#3131,.T.);
#1885=PLANE('',#3132);
#1886=FACE_OUTER_BOUND('',#3133,.T.);
#1887=PLANE('',#3134);
#1888=FACE_OUTER_BOUND('',#3135,.T.);
#1889=PLANE('',#3136);
#1890=FACE_OUTER_BOUND('',#3137,.T.);
#1891=PLANE('',#3138);
#1892=FACE_OUTER_BOUND('',#3139,.T.);
#1893=PLANE('',#3140);
#1894=FACE_OUTER_BOUND('',#3141,.T.);
#1895=PLANE('',#3142);
#1896=FACE_OUTER_BOUND('',#3143,.T.);
#1897=PLANE('',#3144);
#1898=FACE_OUTER_BOUND('',#3145,.T.);
#1899=PLANE('',#3146);
#1900=FACE_OUTER_BOUND('',#3147,.T.);
#1901=PLANE('',#3148);
#1902=FACE_OUTER_BOUND('',#3149,.T.);
#1903=PLANE('',#3150);
#1904=FACE_OUTER_BOUND('',#3151,.T.);
#1905=PLANE('',#3152);
#1906=FACE_OUTER_BOUND('',#3153,.T.);
#1907=PLANE('',#3154);
#1908=FACE_OUTER_BOUND('',#3155,.T.);
#1909=PLANE('',#3156);
#1910=FACE_OUTER_BOUND('',#3157,.T.);
#1911=PLANE('',#3158);
#1912=FACE_OUTER_BOUND('',#3159,.T.);
#1913=PLANE('',#3160);
#1914=FILL_AREA_STYLE('',(#3161));
#1915=EDGE_LOOP('',(#3162,#3163,#3164,#3165));
#1916=EDGE_LOOP('',(#3166,#3167,#3168,#3169,#3170,#3171,#3172,#3173,#3174,#3175,#3176,#3177,#3178,#3179,#3180,#3181,#3182,#3183,#3184,#3185,#3186,#3187,#3188,#3189,#3190,#3191,#3192,#3193,#3194,#3195,#3196,#3197,#3198,#3199,#3200,#3201,#3202,#3203,#3204,#3205,#3206,#3207,#3208,#3209,#3210,#3211,#3212,#3213,#3214,#3215,#3216,#3217,#3218,#3219,#3220,#3221,#3222,#3223,#3224,#3225));
#1917=EDGE_LOOP('',(#3226,#3227,#3228,#3229));
#1918=AXIS2_PLACEMENT_3D('',#3230,#3231,#3232);
#1919=EDGE_LOOP('',(#3233,#3234,#3235,#3236,#3237,#3238,#3239,#3240,#3241,#3242,#3243,#3244,#3245,#3246,#3247,#3248,#3249,#3250,#3251,#3252,#3253,#3254,#3255,#3256,#3257,#3258,#3259,#3260,#3261,#3262,#3263,#3264,#3265,#3266,#3267,#3268,#3269,#3270,#3271,#3272,#3273,#3274,#3275,#3276,#3277,#3278,#3279,#3280,#3281,#3282,#3283,#3284,#3285,#3286,#3287,#3288,#3289,#3290,#3291,#3292,#3293,#3294,#3295,#3296,#3297,#3298,#3299,#3300,#3301,#3302,#3303,#3304,#3305,#3306,#3307,#3308,#3309,#3310,#3311,#3312,#3313,#3314,#3315,#3316,#3317,#3318,#3319,#3320));
#1920=AXIS2_PLACEMENT_3D('',#3321,#3322,#3323);
#1921=EDGE_LOOP('',(#3324,#3325,#3326,#3327));
#1922=AXIS2_PLACEMENT_3D('',#3328,#3329,#3330);
#1923=EDGE_LOOP('',(#3331,#3332,#3333,#3334));
#1924=AXIS2_PLACEMENT_3D('',#3335,#3336,#3337);
#1925=EDGE_LOOP('',(#3338,#3339,#3340,#3341));
#1926=AXIS2_PLACEMENT_3D('',#3342,#3343,#3344);
#1927=EDGE_LOOP('',(#3345,#3346,#3347,#3348));
#1928=AXIS2_PLACEMENT_3D('',#3349,#3350,#3351);
#1929=EDGE_LOOP('',(#3352,#3353,#3354,#3355));
#1930=AXIS2_PLACEMENT_3D('',#3356,#3357,#3358);
#1931=EDGE_LOOP('',(#3359,#3360,#3361,#3362));
#1932=AXIS2_PLACEMENT_3D('',#3363,#3364,#3365);
#1933=EDGE_LOOP('',(#3366,#3367,#3368,#3369));
#1934=AXIS2_PLACEMENT_3D('',#3370,#3371,#3372);
#1935=EDGE_LOOP('',(#3373,#3374,#3375,#3376));
#1936=AXIS2_PLACEMENT_3D('',#3377,#3378,#3379);
#1937=EDGE_LOOP('',(#3380,#3381,#3382,#3383));
#1938=AXIS2_PLACEMENT_3D('',#3384,#3385,#3386);
#1939=EDGE_LOOP('',(#3387,#3388,#3389,#3390));
#1940=AXIS2_PLACEMENT_3D('',#3391,#3392,#3393);
#1941=EDGE_LOOP('',(#3394,#3395,#3396,#3397));
#1942=AXIS2_PLACEMENT_3D('',#3398,#3399,#3400);
#1943=EDGE_LOOP('',(#3401,#3402,#3403,#3404));
#1944=AXIS2_PLACEMENT_3D('',#3405,#3406,#3407);
#1945=EDGE_LOOP('',(#3408,#3409,#3410,#3411));
#1946=AXIS2_PLACEMENT_3D('',#3412,#3413,#3414);
#1947=EDGE_LOOP('',(#3415,#3416,#3417,#3418));
#1948=AXIS2_PLACEMENT_3D('',#3419,#3420,#3421);
#1949=EDGE_LOOP('',(#3422,#3423,#3424,#3425,#3426,#3427,#3428,#3429,#3430,#3431,#3432,#3433,#3434,#3435,#3436,#3437,#3438,#3439,#3440,#3441,#3442,#3443,#3444,#3445,#3446,#3447,#3448,#3449,#3450,#3451,#3452,#3453,#3454,#3455,#3456,#3457,#3458,#3459,#3460,#3461,#3462,#3463,#3464,#3465,#3466,#3467,#3468,#3469,#3470,#3471,#3472,#3473,#3474,#3475,#3476,#3477,#3478,#3479,#3480,#3481));
#1950=AXIS2_PLACEMENT_3D('',#3482,#3483,#3484);
#1951=EDGE_LOOP('',(#3485,#3486,#3487,#3488,#3489,#3490,#3491,#3492,#3493,#3494,#3495,#3496,#3497,#3498,#3499,#3500,#3501,#3502,#3503,#3504,#3505,#3506,#3507,#3508,#3509,#3510,#3511,#3512,#3513,#3514,#3515,#3516,#3517,#3518,#3519,#3520,#3521,#3522,#3523,#3524,#3525,#3526,#3527,#3528,#3529,#3530,#3531,#3532,#3533,#3534,#3535,#3536,#3537,#3538,#3539,#3540,#3541,#3542,#3543,#3544,#3545,#3546,#3547,#3548));
#1952=AXIS2_PLACEMENT_3D('',#3549,#3550,#3551);
#1953=EDGE_LOOP('',(#3552,#3553,#3554,#3555));
#1954=AXIS2_PLACEMENT_3D('',#3556,#3557,#3558);
#1955=EDGE_LOOP('',(#3559,#3560,#3561,#3562));
#1956=AXIS2_PLACEMENT_3D('',#3563,#3564,#3565);
#1957=EDGE_LOOP('',(#3566,#3567,#3568,#3569));
#1958=AXIS2_PLACEMENT_3D('',#3570,#3571,#3572);
#1959=EDGE_LOOP('',(#3573,#3574,#3575,#3576));
#1960=AXIS2_PLACEMENT_3D('',#3577,#3578,#3579);
#1961=EDGE_LOOP('',(#3580,#3581,#3582,#3583));
#1962=AXIS2_PLACEMENT_3D('',#3584,#3585,#3586);
#1963=EDGE_LOOP('',(#3587,#3588,#3589,#3590));
#1964=AXIS2_PLACEMENT_3D('',#3591,#3592,#3593);
#1965=EDGE_LOOP('',(#3594,#3595,#3596,#3597));
#1966=AXIS2_PLACEMENT_3D('',#3598,#3599,#3600);
#1967=EDGE_LOOP('',(#3601,#3602,#3603,#3604));
#1968=AXIS2_PLACEMENT_3D('',#3605,#3606,#3607);
#1969=EDGE_LOOP('',(#3608,#3609,#3610,#3611));
#1970=AXIS2_PLACEMENT_3D('',#3612,#3613,#3614);
#1971=EDGE_LOOP('',(#3615,#3616,#3617,#3618));
#1972=AXIS2_PLACEMENT_3D('',#3619,#3620,#3621);
#1973=EDGE_LOOP('',(#3622,#3623,#3624,#3625));
#1974=AXIS2_PLACEMENT_3D('',#3626,#3627,#3628);
#1975=EDGE_LOOP('',(#3629,#3630,#3631,#3632));
#1976=AXIS2_PLACEMENT_3D('',#3633,#3634,#3635);
#1977=EDGE_LOOP('',(#3636,#3637,#3638,#3639));
#1978=AXIS2_PLACEMENT_3D('',#3640,#3641,#3642);
#1979=EDGE_LOOP('',(#3643,#3644,#3645,#3646));
#1980=AXIS2_PLACEMENT_3D('',#3647,#3648,#3649);
#1981=EDGE_LOOP('',(#3650,#3651,#3652,#3653));
#1982=AXIS2_PLACEMENT_3D('',#3654,#3655,#3656);
#1983=EDGE_LOOP('',(#3657,#3658,#3659,#3660));
#1984=AXIS2_PLACEMENT_3D('',#3661,#3662,#3663);
#1985=EDGE_LOOP('',(#3664,#3665,#3666,#3667));
#1986=AXIS2_PLACEMENT_3D('',#3668,#3669,#3670);
#1987=EDGE_LOOP('',(#3671,#3672,#3673,#3674));
#1988=AXIS2_PLACEMENT_3D('',#3675,#3676,#3677);
#1989=EDGE_LOOP('',(#3678,#3679,#3680,#3681));
#1990=AXIS2_PLACEMENT_3D('',#3682,#3683,#3684);
#1991=EDGE_LOOP('',(#3685,#3686,#3687,#3688));
#1992=AXIS2_PLACEMENT_3D('',#3689,#3690,#3691);
#1993=EDGE_LOOP('',(#3692,#3693,#3694,#3695));
#1994=AXIS2_PLACEMENT_3D('',#3696,#3697,#3698);
#1995=EDGE_LOOP('',(#3699,#3700,#3701,#3702));
#1996=AXIS2_PLACEMENT_3D('',#3703,#3704,#3705);
#1997=EDGE_LOOP('',(#3706,#3707,#3708,#3709));
#1998=AXIS2_PLACEMENT_3D('',#3710,#3711,#3712);
#1999=EDGE_LOOP('',(#3713,#3714,#3715,#3716));
#2000=AXIS2_PLACEMENT_3D('',#3717,#3718,#3719);
#2001=EDGE_LOOP('',(#3720,#3721,#3722,#3723));
#2002=AXIS2_PLACEMENT_3D('',#3724,#3725,#3726);
#2003=EDGE_LOOP('',(#3727,#3728,#3729,#3730));
#2004=AXIS2_PLACEMENT_3D('',#3731,#3732,#3733);
#2005=EDGE_LOOP('',(#3734,#3735,#3736,#3737));
#2006=AXIS2_PLACEMENT_3D('',#3738,#3739,#3740);
#2007=EDGE_LOOP('',(#3741,#3742,#3743,#3744));
#2008=AXIS2_PLACEMENT_3D('',#3745,#3746,#3747);
#2009=EDGE_LOOP('',(#3748,#3749,#3750,#3751));
#2010=AXIS2_PLACEMENT_3D('',#3752,#3753,#3754);
#2011=EDGE_LOOP('',(#3755,#3756,#3757,#3758));
#2012=AXIS2_PLACEMENT_3D('',#3759,#3760,#3761);
#2013=EDGE_LOOP('',(#3762,#3763,#3764,#3765));
#2014=AXIS2_PLACEMENT_3D('',#3766,#3767,#3768);
#2015=EDGE_LOOP('',(#3769,#3770,#3771,#3772));
#2016=AXIS2_PLACEMENT_3D('',#3773,#3774,#3775);
#2017=EDGE_LOOP('',(#3776,#3777,#3778,#3779));
#2018=AXIS2_PLACEMENT_3D('',#3780,#3781,#3782);
#2019=EDGE_LOOP('',(#3783,#3784,#3785,#3786));
#2020=AXIS2_PLACEMENT_3D('',#3787,#3788,#3789);
#2021=EDGE_LOOP('',(#3790,#3791,#3792,#3793));
#2022=AXIS2_PLACEMENT_3D('',#3794,#3795,#3796);
#2023=EDGE_LOOP('',(#3797,#3798,#3799,#3800));
#2024=AXIS2_PLACEMENT_3D('',#3801,#3802,#3803);
#2025=EDGE_LOOP('',(#3804,#3805,#3806,#3807));
#2026=AXIS2_PLACEMENT_3D('',#3808,#3809,#3810);
#2027=EDGE_LOOP('',(#3811,#3812,#3813,#3814));
#2028=AXIS2_PLACEMENT_3D('',#3815,#3816,#3817);
#2029=EDGE_LOOP('',(#3818,#3819,#3820,#3821));
#2030=AXIS2_PLACEMENT_3D('',#3822,#3823,#3824);
#2031=EDGE_LOOP('',(#3825,#3826,#3827,#3828,#3829,#3830,#3831,#3832,#3833,#3834,#3835,#3836,#3837,#3838,#3839,#3840,#3841,#3842,#3843,#3844,#3845,#3846,#3847,#3848,#3849,#3850,#3851,#3852,#3853,#3854,#3855,#3856,#3857,#3858,#3859,#3860,#3861,#3862,#3863,#3864,#3865,#3866,#3867,#3868,#3869,#3870,#3871,#3872,#3873,#3874,#3875,#3876,#3877,#3878,#3879,#3880,#3881,#3882,#3883,#3884,#3885,#3886,#3887,#3888,#3889,#3890,#3891,#3892,#3893,#3894,#3895,#3896,#3897,#3898,#3899,#3900,#3901,#3902,#3903,#3904,#3905,#3906,#3907,#3908,#3909,#3910,#3911,#3912,#3913,#3914,#3915,#3916,#3917,#3918,#3919,#3920,#3921,#3922,#3923,#3924,#3925,#3926,#3927,#3928,#3929,#3930,#3931,#3932,#3933,#3934,#3935,#3936,#3937,#3938,#3939,#3940,#3941,#3942,#3943,#3944,#3945,#3946,#3947,#3948,#3949,#3950,#3951,#3952,#3953,#3954,#3955,#3956,#3957,#3958,#3959,#3960,#3961,#3962,#3963,#3964,#3965,#3966,#3967,#3968));
#2032=AXIS2_PLACEMENT_3D('',#3969,#3970,#3971);
#2033=EDGE_LOOP('',(#3972,#3973,#3974,#3975));
#2034=AXIS2_PLACEMENT_3D('',#3976,#3977,#3978);
#2035=EDGE_LOOP('',(#3979,#3980,#3981,#3982));
#2036=AXIS2_PLACEMENT_3D('',#3983,#3984,#3985);
#2037=EDGE_LOOP('',(#3986,#3987,#3988,#3989));
#2038=AXIS2_PLACEMENT_3D('',#3990,#3991,#3992);
#2039=EDGE_LOOP('',(#3993,#3994,#3995,#3996));
#2040=AXIS2_PLACEMENT_3D('',#3997,#3998,#3999);
#2041=EDGE_LOOP('',(#4000,#4001,#4002,#4003));
#2042=AXIS2_PLACEMENT_3D('',#4004,#4005,#4006);
#2043=EDGE_LOOP('',(#4007,#4008,#4009,#4010));
#2044=AXIS2_PLACEMENT_3D('',#4011,#4012,#4013);
#2045=EDGE_LOOP('',(#4014,#4015,#4016,#4017));
#2046=AXIS2_PLACEMENT_3D('',#4018,#4019,#4020);
#2047=EDGE_LOOP('',(#4021,#4022,#4023,#4024));
#2048=AXIS2_PLACEMENT_3D('',#4025,#4026,#4027);
#2049=EDGE_LOOP('',(#4028,#4029,#4030,#4031));
#2050=AXIS2_PLACEMENT_3D('',#4032,#4033,#4034);
#2051=EDGE_LOOP('',(#4035,#4036,#4037,#4038));
#2052=AXIS2_PLACEMENT_3D('',#4039,#4040,#4041);
#2053=EDGE_LOOP('',(#4042,#4043,#4044,#4045));
#2054=AXIS2_PLACEMENT_3D('',#4046,#4047,#4048);
#2055=EDGE_LOOP('',(#4049,#4050,#4051,#4052));
#2056=AXIS2_PLACEMENT_3D('',#4053,#4054,#4055);
#2057=EDGE_LOOP('',(#4056,#4057,#4058,#4059));
#2058=AXIS2_PLACEMENT_3D('',#4060,#4061,#4062);
#2059=EDGE_LOOP('',(#4063,#4064,#4065,#4066,#4067,#4068,#4069,#4070,#4071,#4072,#4073,#4074,#4075,#4076,#4077,#4078));
#2060=AXIS2_PLACEMENT_3D('',#4079,#4080,#4081);
#2061=EDGE_LOOP('',(#4082,#4083,#4084,#4085,#4086,#4087,#4088,#4089,#4090,#4091,#4092,#4093));
#2062=AXIS2_PLACEMENT_3D('',#4094,#4095,#4096);
#2063=EDGE_LOOP('',(#4097,#4098,#4099,#4100));
#2064=AXIS2_PLACEMENT_3D('',#4101,#4102,#4103);
#2065=EDGE_LOOP('',(#4104,#4105,#4106,#4107));
#2066=AXIS2_PLACEMENT_3D('',#4108,#4109,#4110);
#2067=EDGE_LOOP('',(#4111,#4112,#4113,#4114));
#2068=AXIS2_PLACEMENT_3D('',#4115,#4116,#4117);
#2069=EDGE_LOOP('',(#4118,#4119,#4120,#4121));
#2070=AXIS2_PLACEMENT_3D('',#4122,#4123,#4124);
#2071=EDGE_LOOP('',(#4125,#4126,#4127,#4128));
#2072=AXIS2_PLACEMENT_3D('',#4129,#4130,#4131);
#2073=EDGE_LOOP('',(#4132,#4133,#4134,#4135));
#2074=AXIS2_PLACEMENT_3D('',#4136,#4137,#4138);
#2075=EDGE_LOOP('',(#4139,#4140,#4141,#4142));
#2076=AXIS2_PLACEMENT_3D('',#4143,#4144,#4145);
#2077=EDGE_LOOP('',(#4146,#4147,#4148,#4149));
#2078=AXIS2_PLACEMENT_3D('',#4150,#4151,#4152);
#2079=EDGE_LOOP('',(#4153,#4154,#4155,#4156));
#2080=AXIS2_PLACEMENT_3D('',#4157,#4158,#4159);
#2081=EDGE_LOOP('',(#4160,#4161,#4162,#4163));
#2082=AXIS2_PLACEMENT_3D('',#4164,#4165,#4166);
#2083=EDGE_LOOP('',(#4167,#4168,#4169,#4170));
#2084=AXIS2_PLACEMENT_3D('',#4171,#4172,#4173);
#2085=EDGE_LOOP('',(#4174,#4175,#4176,#4177));
#2086=AXIS2_PLACEMENT_3D('',#4178,#4179,#4180);
#2087=EDGE_LOOP('',(#4181,#4182,#4183,#4184,#4185,#4186,#4187,#4188,#4189,#4190,#4191,#4192));
#2088=EDGE_LOOP('',(#4193,#4194,#4195,#4196,#4197,#4198,#4199,#4200,#4201,#4202,#4203,#4204));
#2089=EDGE_LOOP('',(#4205,#4206,#4207,#4208,#4209,#4210,#4211,#4212,#4213,#4214,#4215,#4216));
#2090=EDGE_LOOP('',(#4217,#4218,#4219,#4220,#4221,#4222,#4223,#4224,#4225,#4226,#4227,#4228));
#2091=EDGE_LOOP('',(#4229,#4230,#4231,#4232,#4233,#4234,#4235,#4236,#4237,#4238,#4239,#4240));
#2092=EDGE_LOOP('',(#4241,#4242,#4243,#4244,#4245,#4246,#4247,#4248,#4249,#4250,#4251,#4252));
#2093=EDGE_LOOP('',(#4253,#4254,#4255,#4256,#4257,#4258,#4259,#4260,#4261,#4262,#4263,#4264));
#2094=EDGE_LOOP('',(#4265,#4266,#4267,#4268,#4269,#4270,#4271,#4272,#4273,#4274,#4275,#4276));
#2095=EDGE_LOOP('',(#4277,#4278,#4279,#4280,#4281,#4282,#4283,#4284,#4285,#4286,#4287,#4288));
#2096=EDGE_LOOP('',(#4289,#4290,#4291,#4292,#4293,#4294,#4295,#4296,#4297,#4298,#4299,#4300));
#2097=EDGE_LOOP('',(#4301,#4302,#4303,#4304,#4305,#4306,#4307,#4308,#4309,#4310,#4311,#4312));
#2098=EDGE_LOOP('',(#4313,#4314,#4315,#4316,#4317,#4318,#4319,#4320,#4321,#4322,#4323,#4324));
#2099=EDGE_LOOP('',(#4325,#4326,#4327,#4328,#4329,#4330,#4331,#4332,#4333,#4334,#4335,#4336));
#2100=EDGE_LOOP('',(#4337,#4338,#4339,#4340,#4341,#4342,#4343,#4344,#4345,#4346,#4347,#4348));
#2101=EDGE_LOOP('',(#4349,#4350,#4351,#4352,#4353,#4354,#4355,#4356));
#2102=AXIS2_PLACEMENT_3D('',#4357,#4358,#4359);
#2103=EDGE_LOOP('',(#4360,#4361,#4362,#4363));
#2104=AXIS2_PLACEMENT_3D('',#4364,#4365,#4366);
#2105=EDGE_LOOP('',(#4367,#4368,#4369,#4370,#4371,#4372,#4373,#4374,#4375,#4376,#4377,#4378));
#2106=AXIS2_PLACEMENT_3D('',#4379,#4380,#4381);
#2107=EDGE_LOOP('',(#4382,#4383,#4384,#4385,#4386,#4387));
#2108=AXIS2_PLACEMENT_3D('',#4388,#4389,#4390);
#2109=EDGE_LOOP('',(#4391,#4392,#4393,#4394,#4395,#4396));
#2110=AXIS2_PLACEMENT_3D('',#4397,#4398,#4399);
#2111=EDGE_LOOP('',(#4400,#4401,#4402,#4403));
#2112=AXIS2_PLACEMENT_3D('',#4404,#4405,#4406);
#2113=EDGE_LOOP('',(#4407,#4408,#4409,#4410));
#2114=AXIS2_PLACEMENT_3D('',#4411,#4412,#4413);
#2115=EDGE_LOOP('',(#4414,#4415,#4416,#4417));
#2116=AXIS2_PLACEMENT_3D('',#4418,#4419,#4420);
#2117=EDGE_LOOP('',(#4421,#4422,#4423,#4424));
#2118=AXIS2_PLACEMENT_3D('',#4425,#4426,#4427);
#2119=EDGE_LOOP('',(#4428,#4429,#4430,#4431));
#2120=AXIS2_PLACEMENT_3D('',#4432,#4433,#4434);
#2121=EDGE_LOOP('',(#4435,#4436,#4437,#4438));
#2122=AXIS2_PLACEMENT_3D('',#4439,#4440,#4441);
#2123=EDGE_LOOP('',(#4442,#4443,#4444,#4445));
#2124=AXIS2_PLACEMENT_3D('',#4446,#4447,#4448);
#2125=EDGE_LOOP('',(#4449,#4450,#4451,#4452));
#2126=AXIS2_PLACEMENT_3D('',#4453,#4454,#4455);
#2127=EDGE_LOOP('',(#4456,#4457,#4458,#4459));
#2128=AXIS2_PLACEMENT_3D('',#4460,#4461,#4462);
#2129=EDGE_LOOP('',(#4463,#4464,#4465,#4466));
#2130=AXIS2_PLACEMENT_3D('',#4467,#4468,#4469);
#2131=EDGE_LOOP('',(#4470,#4471,#4472,#4473));
#2132=AXIS2_PLACEMENT_3D('',#4474,#4475,#4476);
#2133=EDGE_LOOP('',(#4477,#4478,#4479,#4480));
#2134=AXIS2_PLACEMENT_3D('',#4481,#4482,#4483);
#2135=EDGE_LOOP('',(#4484,#4485,#4486,#4487));
#2136=AXIS2_PLACEMENT_3D('',#4488,#4489,#4490);
#2137=EDGE_LOOP('',(#4491,#4492,#4493,#4494,#4495,#4496,#4497,#4498,#4499,#4500,#4501,#4502));
#2138=AXIS2_PLACEMENT_3D('',#4503,#4504,#4505);
#2139=EDGE_LOOP('',(#4506,#4507,#4508,#4509));
#2140=AXIS2_PLACEMENT_3D('',#4510,#4511,#4512);
#2141=EDGE_LOOP('',(#4513,#4514,#4515,#4516));
#2142=AXIS2_PLACEMENT_3D('',#4517,#4518,#4519);
#2143=EDGE_LOOP('',(#4520,#4521,#4522,#4523));
#2144=AXIS2_PLACEMENT_3D('',#4524,#4525,#4526);
#2145=EDGE_LOOP('',(#4527,#4528,#4529,#4530));
#2146=AXIS2_PLACEMENT_3D('',#4531,#4532,#4533);
#2147=EDGE_LOOP('',(#4534,#4535,#4536,#4537));
#2148=AXIS2_PLACEMENT_3D('',#4538,#4539,#4540);
#2149=EDGE_LOOP('',(#4541,#4542,#4543,#4544));
#2150=AXIS2_PLACEMENT_3D('',#4545,#4546,#4547);
#2151=EDGE_LOOP('',(#4548,#4549,#4550,#4551));
#2152=AXIS2_PLACEMENT_3D('',#4552,#4553,#4554);
#2153=EDGE_LOOP('',(#4555,#4556,#4557,#4558));
#2154=AXIS2_PLACEMENT_3D('',#4559,#4560,#4561);
#2155=EDGE_LOOP('',(#4562,#4563,#4564,#4565));
#2156=AXIS2_PLACEMENT_3D('',#4566,#4567,#4568);
#2157=EDGE_LOOP('',(#4569,#4570,#4571,#4572));
#2158=AXIS2_PLACEMENT_3D('',#4573,#4574,#4575);
#2159=EDGE_LOOP('',(#4576,#4577,#4578,#4579));
#2160=AXIS2_PLACEMENT_3D('',#4580,#4581,#4582);
#2161=EDGE_LOOP('',(#4583,#4584,#4585,#4586));
#2162=AXIS2_PLACEMENT_3D('',#4587,#4588,#4589);
#2163=EDGE_LOOP('',(#4590,#4591,#4592,#4593));
#2164=AXIS2_PLACEMENT_3D('',#4594,#4595,#4596);
#2165=EDGE_LOOP('',(#4597,#4598,#4599,#4600));
#2166=AXIS2_PLACEMENT_3D('',#4601,#4602,#4603);
#2167=EDGE_LOOP('',(#4604,#4605,#4606,#4607));
#2168=AXIS2_PLACEMENT_3D('',#4608,#4609,#4610);
#2169=EDGE_LOOP('',(#4611,#4612,#4613,#4614));
#2170=AXIS2_PLACEMENT_3D('',#4615,#4616,#4617);
#2171=EDGE_LOOP('',(#4618,#4619,#4620,#4621));
#2172=AXIS2_PLACEMENT_3D('',#4622,#4623,#4624);
#2173=EDGE_LOOP('',(#4625,#4626,#4627,#4628));
#2174=AXIS2_PLACEMENT_3D('',#4629,#4630,#4631);
#2175=EDGE_LOOP('',(#4632,#4633,#4634,#4635));
#2176=AXIS2_PLACEMENT_3D('',#4636,#4637,#4638);
#2177=EDGE_LOOP('',(#4639,#4640,#4641,#4642));
#2178=AXIS2_PLACEMENT_3D('',#4643,#4644,#4645);
#2179=EDGE_LOOP('',(#4646,#4647,#4648,#4649));
#2180=AXIS2_PLACEMENT_3D('',#4650,#4651,#4652);
#2181=EDGE_LOOP('',(#4653,#4654,#4655,#4656));
#2182=AXIS2_PLACEMENT_3D('',#4657,#4658,#4659);
#2183=EDGE_LOOP('',(#4660,#4661,#4662,#4663));
#2184=AXIS2_PLACEMENT_3D('',#4664,#4665,#4666);
#2185=EDGE_LOOP('',(#4667,#4668,#4669,#4670));
#2186=AXIS2_PLACEMENT_3D('',#4671,#4672,#4673);
#2187=EDGE_LOOP('',(#4674,#4675,#4676,#4677));
#2188=AXIS2_PLACEMENT_3D('',#4678,#4679,#4680);
#2189=EDGE_LOOP('',(#4681,#4682,#4683,#4684));
#2190=AXIS2_PLACEMENT_3D('',#4685,#4686,#4687);
#2191=EDGE_LOOP('',(#4688,#4689,#4690,#4691));
#2192=AXIS2_PLACEMENT_3D('',#4692,#4693,#4694);
#2193=EDGE_LOOP('',(#4695,#4696,#4697,#4698));
#2194=AXIS2_PLACEMENT_3D('',#4699,#4700,#4701);
#2195=EDGE_LOOP('',(#4702,#4703,#4704,#4705));
#2196=AXIS2_PLACEMENT_3D('',#4706,#4707,#4708);
#2197=EDGE_LOOP('',(#4709,#4710,#4711,#4712));
#2198=AXIS2_PLACEMENT_3D('',#4713,#4714,#4715);
#2199=EDGE_LOOP('',(#4716,#4717,#4718,#4719));
#2200=AXIS2_PLACEMENT_3D('',#4720,#4721,#4722);
#2201=EDGE_LOOP('',(#4723,#4724,#4725,#4726));
#2202=AXIS2_PLACEMENT_3D('',#4727,#4728,#4729);
#2203=EDGE_LOOP('',(#4730,#4731,#4732,#4733));
#2204=AXIS2_PLACEMENT_3D('',#4734,#4735,#4736);
#2205=EDGE_LOOP('',(#4737,#4738,#4739,#4740));
#2206=AXIS2_PLACEMENT_3D('',#4741,#4742,#4743);
#2207=EDGE_LOOP('',(#4744,#4745,#4746));
#2208=AXIS2_PLACEMENT_3D('',#4747,#4748,#4749);
#2209=EDGE_LOOP('',(#4750,#4751,#4752,#4753));
#2210=AXIS2_PLACEMENT_3D('',#4754,#4755,#4756);
#2211=EDGE_LOOP('',(#4757,#4758,#4759));
#2212=AXIS2_PLACEMENT_3D('',#4760,#4761,#4762);
#2213=EDGE_LOOP('',(#4763,#4764,#4765,#4766));
#2214=AXIS2_PLACEMENT_3D('',#4767,#4768,#4769);
#2215=EDGE_LOOP('',(#4770,#4771,#4772,#4773,#4774,#4775));
#2216=AXIS2_PLACEMENT_3D('',#4776,#4777,#4778);
#2217=EDGE_LOOP('',(#4779,#4780,#4781,#4782,#4783,#4784));
#2218=AXIS2_PLACEMENT_3D('',#4785,#4786,#4787);
#2219=EDGE_LOOP('',(#4788,#4789,#4790,#4791,#4792,#4793));
#2220=AXIS2_PLACEMENT_3D('',#4794,#4795,#4796);
#2221=EDGE_LOOP('',(#4797,#4798,#4799,#4800,#4801,#4802));
#2222=AXIS2_PLACEMENT_3D('',#4803,#4804,#4805);
#2223=EDGE_LOOP('',(#4806,#4807,#4808,#4809,#4810,#4811));
#2224=AXIS2_PLACEMENT_3D('',#4812,#4813,#4814);
#2225=EDGE_LOOP('',(#4815,#4816,#4817,#4818,#4819,#4820));
#2226=AXIS2_PLACEMENT_3D('',#4821,#4822,#4823);
#2227=EDGE_LOOP('',(#4824,#4825,#4826,#4827,#4828,#4829));
#2228=AXIS2_PLACEMENT_3D('',#4830,#4831,#4832);
#2229=EDGE_LOOP('',(#4833,#4834,#4835,#4836,#4837,#4838));
#2230=AXIS2_PLACEMENT_3D('',#4839,#4840,#4841);
#2231=EDGE_LOOP('',(#4842,#4843,#4844,#4845,#4846,#4847));
#2232=AXIS2_PLACEMENT_3D('',#4848,#4849,#4850);
#2233=EDGE_LOOP('',(#4851,#4852,#4853,#4854,#4855,#4856));
#2234=AXIS2_PLACEMENT_3D('',#4857,#4858,#4859);
#2235=EDGE_LOOP('',(#4860,#4861,#4862,#4863,#4864,#4865));
#2236=AXIS2_PLACEMENT_3D('',#4866,#4867,#4868);
#2237=EDGE_LOOP('',(#4869,#4870,#4871,#4872,#4873,#4874));
#2238=AXIS2_PLACEMENT_3D('',#4875,#4876,#4877);
#2239=EDGE_LOOP('',(#4878,#4879,#4880,#4881,#4882,#4883));
#2240=AXIS2_PLACEMENT_3D('',#4884,#4885,#4886);
#2241=EDGE_LOOP('',(#4887,#4888,#4889,#4890,#4891,#4892));
#2242=AXIS2_PLACEMENT_3D('',#4893,#4894,#4895);
#2243=EDGE_LOOP('',(#4896,#4897,#4898,#4899,#4900,#4901));
#2244=AXIS2_PLACEMENT_3D('',#4902,#4903,#4904);
#2245=EDGE_LOOP('',(#4905,#4906,#4907,#4908,#4909,#4910));
#2246=AXIS2_PLACEMENT_3D('',#4911,#4912,#4913);
#2247=EDGE_LOOP('',(#4914,#4915,#4916,#4917,#4918,#4919));
#2248=AXIS2_PLACEMENT_3D('',#4920,#4921,#4922);
#2249=EDGE_LOOP('',(#4923,#4924,#4925,#4926,#4927,#4928));
#2250=AXIS2_PLACEMENT_3D('',#4929,#4930,#4931);
#2251=EDGE_LOOP('',(#4932,#4933,#4934,#4935,#4936,#4937));
#2252=AXIS2_PLACEMENT_3D('',#4938,#4939,#4940);
#2253=EDGE_LOOP('',(#4941,#4942,#4943,#4944,#4945,#4946));
#2254=AXIS2_PLACEMENT_3D('',#4947,#4948,#4949);
#2255=EDGE_LOOP('',(#4950,#4951,#4952,#4953,#4954,#4955));
#2256=AXIS2_PLACEMENT_3D('',#4956,#4957,#4958);
#2257=EDGE_LOOP('',(#4959,#4960,#4961,#4962,#4963,#4964));
#2258=AXIS2_PLACEMENT_3D('',#4965,#4966,#4967);
#2259=EDGE_LOOP('',(#4968,#4969,#4970,#4971,#4972,#4973));
#2260=AXIS2_PLACEMENT_3D('',#4974,#4975,#4976);
#2261=EDGE_LOOP('',(#4977,#4978,#4979,#4980,#4981,#4982));
#2262=AXIS2_PLACEMENT_3D('',#4983,#4984,#4985);
#2263=EDGE_LOOP('',(#4986,#4987,#4988,#4989,#4990,#4991));
#2264=AXIS2_PLACEMENT_3D('',#4992,#4993,#4994);
#2265=EDGE_LOOP('',(#4995,#4996,#4997,#4998,#4999,#5000));
#2266=AXIS2_PLACEMENT_3D('',#5001,#5002,#5003);
#2267=EDGE_LOOP('',(#5004,#5005,#5006,#5007));
#2268=AXIS2_PLACEMENT_3D('',#5008,#5009,#5010);
#2269=EDGE_LOOP('',(#5011,#5012,#5013,#5014));
#2270=AXIS2_PLACEMENT_3D('',#5015,#5016,#5017);
#2271=EDGE_LOOP('',(#5018,#5019,#5020,#5021));
#2272=AXIS2_PLACEMENT_3D('',#5022,#5023,#5024);
#2273=EDGE_LOOP('',(#5025,#5026,#5027,#5028));
#2274=AXIS2_PLACEMENT_3D('',#5029,#5030,#5031);
#2275=EDGE_LOOP('',(#5032,#5033,#5034,#5035));
#2276=AXIS2_PLACEMENT_3D('',#5036,#5037,#5038);
#2277=EDGE_LOOP('',(#5039,#5040,#5041,#5042));
#2278=AXIS2_PLACEMENT_3D('',#5043,#5044,#5045);
#2279=EDGE_LOOP('',(#5046,#5047,#5048,#5049));
#2280=AXIS2_PLACEMENT_3D('',#5050,#5051,#5052);
#2281=EDGE_LOOP('',(#5053,#5054,#5055,#5056));
#2282=AXIS2_PLACEMENT_3D('',#5057,#5058,#5059);
#2283=EDGE_LOOP('',(#5060,#5061,#5062,#5063));
#2284=AXIS2_PLACEMENT_3D('',#5064,#5065,#5066);
#2285=EDGE_LOOP('',(#5067,#5068,#5069,#5070));
#2286=AXIS2_PLACEMENT_3D('',#5071,#5072,#5073);
#2287=EDGE_LOOP('',(#5074,#5075,#5076,#5077));
#2288=AXIS2_PLACEMENT_3D('',#5078,#5079,#5080);
#2289=EDGE_LOOP('',(#5081,#5082,#5083,#5084));
#2290=AXIS2_PLACEMENT_3D('',#5085,#5086,#5087);
#2291=EDGE_LOOP('',(#5088,#5089,#5090,#5091));
#2292=AXIS2_PLACEMENT_3D('',#5092,#5093,#5094);
#2293=EDGE_LOOP('',(#5095,#5096,#5097,#5098));
#2294=AXIS2_PLACEMENT_3D('',#5099,#5100,#5101);
#2295=EDGE_LOOP('',(#5102,#5103,#5104,#5105));
#2296=AXIS2_PLACEMENT_3D('',#5106,#5107,#5108);
#2297=EDGE_LOOP('',(#5109,#5110,#5111,#5112));
#2298=AXIS2_PLACEMENT_3D('',#5113,#5114,#5115);
#2299=EDGE_LOOP('',(#5116,#5117,#5118,#5119));
#2300=AXIS2_PLACEMENT_3D('',#5120,#5121,#5122);
#2301=EDGE_LOOP('',(#5123,#5124,#5125,#5126));
#2302=AXIS2_PLACEMENT_3D('',#5127,#5128,#5129);
#2303=EDGE_LOOP('',(#5130,#5131,#5132,#5133));
#2304=AXIS2_PLACEMENT_3D('',#5134,#5135,#5136);
#2305=EDGE_LOOP('',(#5137,#5138,#5139,#5140));
#2306=AXIS2_PLACEMENT_3D('',#5141,#5142,#5143);
#2307=EDGE_LOOP('',(#5144,#5145,#5146,#5147));
#2308=AXIS2_PLACEMENT_3D('',#5148,#5149,#5150);
#2309=EDGE_LOOP('',(#5151,#5152,#5153,#5154));
#2310=AXIS2_PLACEMENT_3D('',#5155,#5156,#5157);
#2311=EDGE_LOOP('',(#5158,#5159,#5160,#5161));
#2312=AXIS2_PLACEMENT_3D('',#5162,#5163,#5164);
#2313=EDGE_LOOP('',(#5165,#5166,#5167,#5168));
#2314=AXIS2_PLACEMENT_3D('',#5169,#5170,#5171);
#2315=EDGE_LOOP('',(#5172,#5173,#5174,#5175));
#2316=AXIS2_PLACEMENT_3D('',#5176,#5177,#5178);
#2317=EDGE_LOOP('',(#5179,#5180,#5181,#5182,#5183,#5184,#5185,#5186,#5187,#5188,#5189,#5190));
#2318=AXIS2_PLACEMENT_3D('',#5191,#5192,#5193);
#2319=EDGE_LOOP('',(#5194,#5195,#5196,#5197));
#2320=AXIS2_PLACEMENT_3D('',#5198,#5199,#5200);
#2321=EDGE_LOOP('',(#5201,#5202,#5203,#5204));
#2322=AXIS2_PLACEMENT_3D('',#5205,#5206,#5207);
#2323=EDGE_LOOP('',(#5208,#5209,#5210,#5211));
#2324=AXIS2_PLACEMENT_3D('',#5212,#5213,#5214);
#2325=EDGE_LOOP('',(#5215,#5216,#5217,#5218));
#2326=AXIS2_PLACEMENT_3D('',#5219,#5220,#5221);
#2327=EDGE_LOOP('',(#5222,#5223,#5224,#5225));
#2328=AXIS2_PLACEMENT_3D('',#5226,#5227,#5228);
#2329=EDGE_LOOP('',(#5229,#5230,#5231,#5232));
#2330=AXIS2_PLACEMENT_3D('',#5233,#5234,#5235);
#2331=EDGE_LOOP('',(#5236,#5237,#5238,#5239));
#2332=AXIS2_PLACEMENT_3D('',#5240,#5241,#5242);
#2333=EDGE_LOOP('',(#5243,#5244,#5245,#5246));
#2334=AXIS2_PLACEMENT_3D('',#5247,#5248,#5249);
#2335=EDGE_LOOP('',(#5250,#5251,#5252,#5253));
#2336=AXIS2_PLACEMENT_3D('',#5254,#5255,#5256);
#2337=EDGE_LOOP('',(#5257,#5258,#5259,#5260));
#2338=AXIS2_PLACEMENT_3D('',#5261,#5262,#5263);
#2339=EDGE_LOOP('',(#5264,#5265,#5266,#5267));
#2340=AXIS2_PLACEMENT_3D('',#5268,#5269,#5270);
#2341=EDGE_LOOP('',(#5271,#5272,#5273,#5274));
#2342=AXIS2_PLACEMENT_3D('',#5275,#5276,#5277);
#2343=EDGE_LOOP('',(#5278,#5279,#5280,#5281,#5282,#5283,#5284,#5285,#5286,#5287,#5288,#5289));
#2344=AXIS2_PLACEMENT_3D('',#5290,#5291,#5292);
#2345=EDGE_LOOP('',(#5293,#5294,#5295,#5296));
#2346=AXIS2_PLACEMENT_3D('',#5297,#5298,#5299);
#2347=EDGE_LOOP('',(#5300,#5301,#5302,#5303));
#2348=AXIS2_PLACEMENT_3D('',#5304,#5305,#5306);
#2349=EDGE_LOOP('',(#5307,#5308,#5309,#5310));
#2350=AXIS2_PLACEMENT_3D('',#5311,#5312,#5313);
#2351=EDGE_LOOP('',(#5314,#5315,#5316,#5317));
#2352=AXIS2_PLACEMENT_3D('',#5318,#5319,#5320);
#2353=EDGE_LOOP('',(#5321,#5322,#5323,#5324));
#2354=AXIS2_PLACEMENT_3D('',#5325,#5326,#5327);
#2355=EDGE_LOOP('',(#5328,#5329,#5330,#5331));
#2356=AXIS2_PLACEMENT_3D('',#5332,#5333,#5334);
#2357=EDGE_LOOP('',(#5335,#5336,#5337,#5338));
#2358=AXIS2_PLACEMENT_3D('',#5339,#5340,#5341);
#2359=EDGE_LOOP('',(#5342,#5343,#5344,#5345));
#2360=AXIS2_PLACEMENT_3D('',#5346,#5347,#5348);
#2361=EDGE_LOOP('',(#5349,#5350,#5351,#5352));
#2362=AXIS2_PLACEMENT_3D('',#5353,#5354,#5355);
#2363=EDGE_LOOP('',(#5356,#5357,#5358,#5359));
#2364=AXIS2_PLACEMENT_3D('',#5360,#5361,#5362);
#2365=EDGE_LOOP('',(#5363,#5364,#5365,#5366));
#2366=AXIS2_PLACEMENT_3D('',#5367,#5368,#5369);
#2367=EDGE_LOOP('',(#5370,#5371,#5372,#5373));
#2368=AXIS2_PLACEMENT_3D('',#5374,#5375,#5376);
#2369=EDGE_LOOP('',(#5377,#5378,#5379,#5380,#5381,#5382,#5383,#5384,#5385,#5386,#5387,#5388));
#2370=AXIS2_PLACEMENT_3D('',#5389,#5390,#5391);
#2371=EDGE_LOOP('',(#5392,#5393,#5394,#5395));
#2372=AXIS2_PLACEMENT_3D('',#5396,#5397,#5398);
#2373=EDGE_LOOP('',(#5399,#5400,#5401,#5402));
#2374=AXIS2_PLACEMENT_3D('',#5403,#5404,#5405);
#2375=EDGE_LOOP('',(#5406,#5407,#5408,#5409));
#2376=AXIS2_PLACEMENT_3D('',#5410,#5411,#5412);
#2377=EDGE_LOOP('',(#5413,#5414,#5415,#5416));
#2378=AXIS2_PLACEMENT_3D('',#5417,#5418,#5419);
#2379=EDGE_LOOP('',(#5420,#5421,#5422,#5423));
#2380=AXIS2_PLACEMENT_3D('',#5424,#5425,#5426);
#2381=EDGE_LOOP('',(#5427,#5428,#5429,#5430));
#2382=AXIS2_PLACEMENT_3D('',#5431,#5432,#5433);
#2383=EDGE_LOOP('',(#5434,#5435,#5436,#5437));
#2384=AXIS2_PLACEMENT_3D('',#5438,#5439,#5440);
#2385=EDGE_LOOP('',(#5441,#5442,#5443,#5444));
#2386=AXIS2_PLACEMENT_3D('',#5445,#5446,#5447);
#2387=EDGE_LOOP('',(#5448,#5449,#5450,#5451));
#2388=AXIS2_PLACEMENT_3D('',#5452,#5453,#5454);
#2389=EDGE_LOOP('',(#5455,#5456,#5457,#5458));
#2390=AXIS2_PLACEMENT_3D('',#5459,#5460,#5461);
#2391=EDGE_LOOP('',(#5462,#5463,#5464,#5465));
#2392=AXIS2_PLACEMENT_3D('',#5466,#5467,#5468);
#2393=EDGE_LOOP('',(#5469,#5470,#5471,#5472));
#2394=AXIS2_PLACEMENT_3D('',#5473,#5474,#5475);
#2395=EDGE_LOOP('',(#5476,#5477,#5478,#5479,#5480,#5481,#5482,#5483,#5484,#5485,#5486,#5487));
#2396=AXIS2_PLACEMENT_3D('',#5488,#5489,#5490);
#2397=EDGE_LOOP('',(#5491,#5492,#5493,#5494));
#2398=AXIS2_PLACEMENT_3D('',#5495,#5496,#5497);
#2399=EDGE_LOOP('',(#5498,#5499,#5500,#5501));
#2400=AXIS2_PLACEMENT_3D('',#5502,#5503,#5504);
#2401=EDGE_LOOP('',(#5505,#5506,#5507,#5508));
#2402=AXIS2_PLACEMENT_3D('',#5509,#5510,#5511);
#2403=EDGE_LOOP('',(#5512,#5513,#5514,#5515));
#2404=AXIS2_PLACEMENT_3D('',#5516,#5517,#5518);
#2405=EDGE_LOOP('',(#5519,#5520,#5521,#5522));
#2406=AXIS2_PLACEMENT_3D('',#5523,#5524,#5525);
#2407=EDGE_LOOP('',(#5526,#5527,#5528,#5529));
#2408=AXIS2_PLACEMENT_3D('',#5530,#5531,#5532);
#2409=EDGE_LOOP('',(#5533,#5534,#5535,#5536));
#2410=AXIS2_PLACEMENT_3D('',#5537,#5538,#5539);
#2411=EDGE_LOOP('',(#5540,#5541,#5542,#5543));
#2412=AXIS2_PLACEMENT_3D('',#5544,#5545,#5546);
#2413=EDGE_LOOP('',(#5547,#5548,#5549,#5550));
#2414=AXIS2_PLACEMENT_3D('',#5551,#5552,#5553);
#2415=EDGE_LOOP('',(#5554,#5555,#5556,#5557));
#2416=AXIS2_PLACEMENT_3D('',#5558,#5559,#5560);
#2417=EDGE_LOOP('',(#5561,#5562,#5563,#5564));
#2418=AXIS2_PLACEMENT_3D('',#5565,#5566,#5567);
#2419=EDGE_LOOP('',(#5568,#5569,#5570,#5571));
#2420=AXIS2_PLACEMENT_3D('',#5572,#5573,#5574);
#2421=EDGE_LOOP('',(#5575,#5576,#5577,#5578,#5579,#5580,#5581,#5582,#5583,#5584,#5585,#5586));
#2422=AXIS2_PLACEMENT_3D('',#5587,#5588,#5589);
#2423=EDGE_LOOP('',(#5590,#5591,#5592,#5593));
#2424=AXIS2_PLACEMENT_3D('',#5594,#5595,#5596);
#2425=EDGE_LOOP('',(#5597,#5598,#5599,#5600));
#2426=AXIS2_PLACEMENT_3D('',#5601,#5602,#5603);
#2427=EDGE_LOOP('',(#5604,#5605,#5606,#5607));
#2428=AXIS2_PLACEMENT_3D('',#5608,#5609,#5610);
#2429=EDGE_LOOP('',(#5611,#5612,#5613,#5614));
#2430=AXIS2_PLACEMENT_3D('',#5615,#5616,#5617);
#2431=EDGE_LOOP('',(#5618,#5619,#5620,#5621));
#2432=AXIS2_PLACEMENT_3D('',#5622,#5623,#5624);
#2433=EDGE_LOOP('',(#5625,#5626,#5627,#5628));
#2434=AXIS2_PLACEMENT_3D('',#5629,#5630,#5631);
#2435=EDGE_LOOP('',(#5632,#5633,#5634,#5635));
#2436=AXIS2_PLACEMENT_3D('',#5636,#5637,#5638);
#2437=EDGE_LOOP('',(#5639,#5640,#5641,#5642));
#2438=AXIS2_PLACEMENT_3D('',#5643,#5644,#5645);
#2439=EDGE_LOOP('',(#5646,#5647,#5648,#5649));
#2440=AXIS2_PLACEMENT_3D('',#5650,#5651,#5652);
#2441=EDGE_LOOP('',(#5653,#5654,#5655,#5656));
#2442=AXIS2_PLACEMENT_3D('',#5657,#5658,#5659);
#2443=EDGE_LOOP('',(#5660,#5661,#5662,#5663));
#2444=AXIS2_PLACEMENT_3D('',#5664,#5665,#5666);
#2445=EDGE_LOOP('',(#5667,#5668,#5669,#5670));
#2446=AXIS2_PLACEMENT_3D('',#5671,#5672,#5673);
#2447=EDGE_LOOP('',(#5674,#5675,#5676,#5677,#5678,#5679,#5680,#5681,#5682,#5683,#5684,#5685));
#2448=AXIS2_PLACEMENT_3D('',#5686,#5687,#5688);
#2449=EDGE_LOOP('',(#5689,#5690,#5691,#5692));
#2450=AXIS2_PLACEMENT_3D('',#5693,#5694,#5695);
#2451=EDGE_LOOP('',(#5696,#5697,#5698,#5699));
#2452=AXIS2_PLACEMENT_3D('',#5700,#5701,#5702);
#2453=EDGE_LOOP('',(#5703,#5704,#5705,#5706));
#2454=AXIS2_PLACEMENT_3D('',#5707,#5708,#5709);
#2455=EDGE_LOOP('',(#5710,#5711,#5712,#5713));
#2456=AXIS2_PLACEMENT_3D('',#5714,#5715,#5716);
#2457=EDGE_LOOP('',(#5717,#5718,#5719,#5720));
#2458=AXIS2_PLACEMENT_3D('',#5721,#5722,#5723);
#2459=EDGE_LOOP('',(#5724,#5725,#5726,#5727));
#2460=AXIS2_PLACEMENT_3D('',#5728,#5729,#5730);
#2461=EDGE_LOOP('',(#5731,#5732,#5733,#5734));
#2462=AXIS2_PLACEMENT_3D('',#5735,#5736,#5737);
#2463=EDGE_LOOP('',(#5738,#5739,#5740,#5741));
#2464=AXIS2_PLACEMENT_3D('',#5742,#5743,#5744);
#2465=EDGE_LOOP('',(#5745,#5746,#5747,#5748));
#2466=AXIS2_PLACEMENT_3D('',#5749,#5750,#5751);
#2467=EDGE_LOOP('',(#5752,#5753,#5754,#5755));
#2468=AXIS2_PLACEMENT_3D('',#5756,#5757,#5758);
#2469=EDGE_LOOP('',(#5759,#5760,#5761,#5762));
#2470=AXIS2_PLACEMENT_3D('',#5763,#5764,#5765);
#2471=EDGE_LOOP('',(#5766,#5767,#5768,#5769));
#2472=AXIS2_PLACEMENT_3D('',#5770,#5771,#5772);
#2473=EDGE_LOOP('',(#5773,#5774,#5775,#5776,#5777,#5778,#5779,#5780,#5781,#5782,#5783,#5784));
#2474=AXIS2_PLACEMENT_3D('',#5785,#5786,#5787);
#2475=EDGE_LOOP('',(#5788,#5789,#5790,#5791));
#2476=AXIS2_PLACEMENT_3D('',#5792,#5793,#5794);
#2477=EDGE_LOOP('',(#5795,#5796,#5797,#5798));
#2478=AXIS2_PLACEMENT_3D('',#5799,#5800,#5801);
#2479=EDGE_LOOP('',(#5802,#5803,#5804,#5805));
#2480=AXIS2_PLACEMENT_3D('',#5806,#5807,#5808);
#2481=EDGE_LOOP('',(#5809,#5810,#5811,#5812));
#2482=AXIS2_PLACEMENT_3D('',#5813,#5814,#5815);
#2483=EDGE_LOOP('',(#5816,#5817,#5818,#5819));
#2484=AXIS2_PLACEMENT_3D('',#5820,#5821,#5822);
#2485=EDGE_LOOP('',(#5823,#5824,#5825,#5826));
#2486=AXIS2_PLACEMENT_3D('',#5827,#5828,#5829);
#2487=EDGE_LOOP('',(#5830,#5831,#5832,#5833));
#2488=AXIS2_PLACEMENT_3D('',#5834,#5835,#5836);
#2489=EDGE_LOOP('',(#5837,#5838,#5839,#5840));
#2490=AXIS2_PLACEMENT_3D('',#5841,#5842,#5843);
#2491=EDGE_LOOP('',(#5844,#5845,#5846,#5847));
#2492=AXIS2_PLACEMENT_3D('',#5848,#5849,#5850);
#2493=EDGE_LOOP('',(#5851,#5852,#5853,#5854));
#2494=AXIS2_PLACEMENT_3D('',#5855,#5856,#5857);
#2495=EDGE_LOOP('',(#5858,#5859,#5860,#5861));
#2496=AXIS2_PLACEMENT_3D('',#5862,#5863,#5864);
#2497=EDGE_LOOP('',(#5865,#5866,#5867,#5868));
#2498=AXIS2_PLACEMENT_3D('',#5869,#5870,#5871);
#2499=EDGE_LOOP('',(#5872,#5873,#5874,#5875,#5876,#5877,#5878,#5879,#5880,#5881,#5882,#5883));
#2500=AXIS2_PLACEMENT_3D('',#5884,#5885,#5886);
#2501=EDGE_LOOP('',(#5887,#5888,#5889,#5890));
#2502=AXIS2_PLACEMENT_3D('',#5891,#5892,#5893);
#2503=EDGE_LOOP('',(#5894,#5895,#5896,#5897));
#2504=AXIS2_PLACEMENT_3D('',#5898,#5899,#5900);
#2505=EDGE_LOOP('',(#5901,#5902,#5903,#5904));
#2506=AXIS2_PLACEMENT_3D('',#5905,#5906,#5907);
#2507=EDGE_LOOP('',(#5908,#5909,#5910,#5911));
#2508=AXIS2_PLACEMENT_3D('',#5912,#5913,#5914);
#2509=EDGE_LOOP('',(#5915,#5916,#5917,#5918));
#2510=AXIS2_PLACEMENT_3D('',#5919,#5920,#5921);
#2511=EDGE_LOOP('',(#5922,#5923,#5924,#5925));
#2512=AXIS2_PLACEMENT_3D('',#5926,#5927,#5928);
#2513=EDGE_LOOP('',(#5929,#5930,#5931,#5932));
#2514=AXIS2_PLACEMENT_3D('',#5933,#5934,#5935);
#2515=EDGE_LOOP('',(#5936,#5937,#5938,#5939));
#2516=AXIS2_PLACEMENT_3D('',#5940,#5941,#5942);
#2517=EDGE_LOOP('',(#5943,#5944,#5945,#5946));
#2518=AXIS2_PLACEMENT_3D('',#5947,#5948,#5949);
#2519=EDGE_LOOP('',(#5950,#5951,#5952,#5953));
#2520=AXIS2_PLACEMENT_3D('',#5954,#5955,#5956);
#2521=EDGE_LOOP('',(#5957,#5958,#5959,#5960));
#2522=AXIS2_PLACEMENT_3D('',#5961,#5962,#5963);
#2523=EDGE_LOOP('',(#5964,#5965,#5966,#5967));
#2524=AXIS2_PLACEMENT_3D('',#5968,#5969,#5970);
#2525=EDGE_LOOP('',(#5971,#5972,#5973,#5974,#5975,#5976,#5977,#5978,#5979,#5980,#5981,#5982));
#2526=AXIS2_PLACEMENT_3D('',#5983,#5984,#5985);
#2527=EDGE_LOOP('',(#5986,#5987,#5988,#5989));
#2528=AXIS2_PLACEMENT_3D('',#5990,#5991,#5992);
#2529=EDGE_LOOP('',(#5993,#5994,#5995,#5996));
#2530=AXIS2_PLACEMENT_3D('',#5997,#5998,#5999);
#2531=EDGE_LOOP('',(#6000,#6001,#6002,#6003));
#2532=AXIS2_PLACEMENT_3D('',#6004,#6005,#6006);
#2533=EDGE_LOOP('',(#6007,#6008,#6009,#6010));
#2534=AXIS2_PLACEMENT_3D('',#6011,#6012,#6013);
#2535=EDGE_LOOP('',(#6014,#6015,#6016,#6017));
#2536=AXIS2_PLACEMENT_3D('',#6018,#6019,#6020);
#2537=EDGE_LOOP('',(#6021,#6022,#6023,#6024));
#2538=AXIS2_PLACEMENT_3D('',#6025,#6026,#6027);
#2539=EDGE_LOOP('',(#6028,#6029,#6030,#6031));
#2540=AXIS2_PLACEMENT_3D('',#6032,#6033,#6034);
#2541=EDGE_LOOP('',(#6035,#6036,#6037,#6038));
#2542=AXIS2_PLACEMENT_3D('',#6039,#6040,#6041);
#2543=EDGE_LOOP('',(#6042,#6043,#6044,#6045));
#2544=AXIS2_PLACEMENT_3D('',#6046,#6047,#6048);
#2545=EDGE_LOOP('',(#6049,#6050,#6051,#6052));
#2546=AXIS2_PLACEMENT_3D('',#6053,#6054,#6055);
#2547=EDGE_LOOP('',(#6056,#6057,#6058,#6059));
#2548=AXIS2_PLACEMENT_3D('',#6060,#6061,#6062);
#2549=EDGE_LOOP('',(#6063,#6064,#6065,#6066));
#2550=AXIS2_PLACEMENT_3D('',#6067,#6068,#6069);
#2551=EDGE_LOOP('',(#6070,#6071,#6072,#6073,#6074,#6075,#6076,#6077,#6078,#6079,#6080,#6081));
#2552=AXIS2_PLACEMENT_3D('',#6082,#6083,#6084);
#2553=EDGE_LOOP('',(#6085,#6086,#6087,#6088));
#2554=AXIS2_PLACEMENT_3D('',#6089,#6090,#6091);
#2555=EDGE_LOOP('',(#6092,#6093,#6094,#6095));
#2556=AXIS2_PLACEMENT_3D('',#6096,#6097,#6098);
#2557=EDGE_LOOP('',(#6099,#6100,#6101,#6102));
#2558=AXIS2_PLACEMENT_3D('',#6103,#6104,#6105);
#2559=EDGE_LOOP('',(#6106,#6107,#6108,#6109));
#2560=AXIS2_PLACEMENT_3D('',#6110,#6111,#6112);
#2561=EDGE_LOOP('',(#6113,#6114,#6115,#6116));
#2562=AXIS2_PLACEMENT_3D('',#6117,#6118,#6119);
#2563=EDGE_LOOP('',(#6120,#6121,#6122,#6123));
#2564=AXIS2_PLACEMENT_3D('',#6124,#6125,#6126);
#2565=EDGE_LOOP('',(#6127,#6128,#6129,#6130));
#2566=AXIS2_PLACEMENT_3D('',#6131,#6132,#6133);
#2567=EDGE_LOOP('',(#6134,#6135,#6136,#6137));
#2568=AXIS2_PLACEMENT_3D('',#6138,#6139,#6140);
#2569=EDGE_LOOP('',(#6141,#6142,#6143,#6144));
#2570=AXIS2_PLACEMENT_3D('',#6145,#6146,#6147);
#2571=EDGE_LOOP('',(#6148,#6149,#6150,#6151));
#2572=AXIS2_PLACEMENT_3D('',#6152,#6153,#6154);
#2573=EDGE_LOOP('',(#6155,#6156,#6157,#6158));
#2574=AXIS2_PLACEMENT_3D('',#6159,#6160,#6161);
#2575=EDGE_LOOP('',(#6162,#6163,#6164,#6165));
#2576=AXIS2_PLACEMENT_3D('',#6166,#6167,#6168);
#2577=EDGE_LOOP('',(#6169,#6170,#6171,#6172,#6173,#6174,#6175,#6176,#6177,#6178,#6179,#6180));
#2578=AXIS2_PLACEMENT_3D('',#6181,#6182,#6183);
#2579=EDGE_LOOP('',(#6184,#6185,#6186,#6187));
#2580=AXIS2_PLACEMENT_3D('',#6188,#6189,#6190);
#2581=EDGE_LOOP('',(#6191,#6192,#6193,#6194));
#2582=AXIS2_PLACEMENT_3D('',#6195,#6196,#6197);
#2583=EDGE_LOOP('',(#6198,#6199,#6200,#6201));
#2584=AXIS2_PLACEMENT_3D('',#6202,#6203,#6204);
#2585=EDGE_LOOP('',(#6205,#6206,#6207,#6208));
#2586=AXIS2_PLACEMENT_3D('',#6209,#6210,#6211);
#2587=EDGE_LOOP('',(#6212,#6213,#6214,#6215));
#2588=AXIS2_PLACEMENT_3D('',#6216,#6217,#6218);
#2589=EDGE_LOOP('',(#6219,#6220,#6221,#6222));
#2590=AXIS2_PLACEMENT_3D('',#6223,#6224,#6225);
#2591=EDGE_LOOP('',(#6226,#6227,#6228,#6229));
#2592=AXIS2_PLACEMENT_3D('',#6230,#6231,#6232);
#2593=EDGE_LOOP('',(#6233,#6234,#6235,#6236));
#2594=AXIS2_PLACEMENT_3D('',#6237,#6238,#6239);
#2595=EDGE_LOOP('',(#6240,#6241,#6242,#6243));
#2596=AXIS2_PLACEMENT_3D('',#6244,#6245,#6246);
#2597=EDGE_LOOP('',(#6247,#6248,#6249,#6250));
#2598=AXIS2_PLACEMENT_3D('',#6251,#6252,#6253);
#2599=EDGE_LOOP('',(#6254,#6255,#6256,#6257));
#2600=AXIS2_PLACEMENT_3D('',#6258,#6259,#6260);
#2601=EDGE_LOOP('',(#6261,#6262,#6263,#6264));
#2602=AXIS2_PLACEMENT_3D('',#6265,#6266,#6267);
#2603=EDGE_LOOP('',(#6268,#6269,#6270,#6271,#6272,#6273,#6274,#6275,#6276,#6277,#6278,#6279));
#2604=AXIS2_PLACEMENT_3D('',#6280,#6281,#6282);
#2605=EDGE_LOOP('',(#6283,#6284,#6285,#6286));
#2606=AXIS2_PLACEMENT_3D('',#6287,#6288,#6289);
#2607=EDGE_LOOP('',(#6290,#6291,#6292,#6293));
#2608=AXIS2_PLACEMENT_3D('',#6294,#6295,#6296);
#2609=EDGE_LOOP('',(#6297,#6298,#6299,#6300));
#2610=AXIS2_PLACEMENT_3D('',#6301,#6302,#6303);
#2611=EDGE_LOOP('',(#6304,#6305,#6306,#6307));
#2612=AXIS2_PLACEMENT_3D('',#6308,#6309,#6310);
#2613=EDGE_LOOP('',(#6311,#6312,#6313,#6314));
#2614=AXIS2_PLACEMENT_3D('',#6315,#6316,#6317);
#2615=EDGE_LOOP('',(#6318,#6319,#6320,#6321));
#2616=AXIS2_PLACEMENT_3D('',#6322,#6323,#6324);
#2617=EDGE_LOOP('',(#6325,#6326,#6327,#6328));
#2618=AXIS2_PLACEMENT_3D('',#6329,#6330,#6331);
#2619=EDGE_LOOP('',(#6332,#6333,#6334,#6335));
#2620=AXIS2_PLACEMENT_3D('',#6336,#6337,#6338);
#2621=EDGE_LOOP('',(#6339,#6340,#6341,#6342));
#2622=AXIS2_PLACEMENT_3D('',#6343,#6344,#6345);
#2623=EDGE_LOOP('',(#6346,#6347,#6348,#6349));
#2624=AXIS2_PLACEMENT_3D('',#6350,#6351,#6352);
#2625=EDGE_LOOP('',(#6353,#6354,#6355,#6356));
#2626=AXIS2_PLACEMENT_3D('',#6357,#6358,#6359);
#2627=EDGE_LOOP('',(#6360,#6361,#6362,#6363));
#2628=AXIS2_PLACEMENT_3D('',#6364,#6365,#6366);
#2629=EDGE_LOOP('',(#6367,#6368,#6369,#6370,#6371,#6372,#6373,#6374,#6375,#6376,#6377,#6378));
#2630=AXIS2_PLACEMENT_3D('',#6379,#6380,#6381);
#2631=EDGE_LOOP('',(#6382,#6383,#6384,#6385));
#2632=AXIS2_PLACEMENT_3D('',#6386,#6387,#6388);
#2633=EDGE_LOOP('',(#6389,#6390,#6391,#6392));
#2634=AXIS2_PLACEMENT_3D('',#6393,#6394,#6395);
#2635=EDGE_LOOP('',(#6396,#6397,#6398,#6399));
#2636=AXIS2_PLACEMENT_3D('',#6400,#6401,#6402);
#2637=EDGE_LOOP('',(#6403,#6404,#6405,#6406));
#2638=AXIS2_PLACEMENT_3D('',#6407,#6408,#6409);
#2639=EDGE_LOOP('',(#6410,#6411,#6412,#6413));
#2640=AXIS2_PLACEMENT_3D('',#6414,#6415,#6416);
#2641=EDGE_LOOP('',(#6417,#6418,#6419,#6420));
#2642=AXIS2_PLACEMENT_3D('',#6421,#6422,#6423);
#2643=EDGE_LOOP('',(#6424,#6425,#6426,#6427));
#2644=AXIS2_PLACEMENT_3D('',#6428,#6429,#6430);
#2645=EDGE_LOOP('',(#6431,#6432,#6433,#6434));
#2646=AXIS2_PLACEMENT_3D('',#6435,#6436,#6437);
#2647=EDGE_LOOP('',(#6438,#6439,#6440,#6441));
#2648=AXIS2_PLACEMENT_3D('',#6442,#6443,#6444);
#2649=EDGE_LOOP('',(#6445,#6446,#6447,#6448));
#2650=AXIS2_PLACEMENT_3D('',#6449,#6450,#6451);
#2651=EDGE_LOOP('',(#6452,#6453,#6454,#6455));
#2652=AXIS2_PLACEMENT_3D('',#6456,#6457,#6458);
#2653=EDGE_LOOP('',(#6459,#6460,#6461,#6462));
#2654=AXIS2_PLACEMENT_3D('',#6463,#6464,#6465);
#2655=EDGE_LOOP('',(#6466,#6467,#6468,#6469));
#2656=AXIS2_PLACEMENT_3D('',#6470,#6471,#6472);
#2657=EDGE_LOOP('',(#6473,#6474,#6475,#6476));
#2658=AXIS2_PLACEMENT_3D('',#6477,#6478,#6479);
#2659=EDGE_LOOP('',(#6480,#6481,#6482,#6483));
#2660=AXIS2_PLACEMENT_3D('',#6484,#6485,#6486);
#2661=EDGE_LOOP('',(#6487,#6488,#6489,#6490));
#2662=AXIS2_PLACEMENT_3D('',#6491,#6492,#6493);
#2663=EDGE_LOOP('',(#6494,#6495,#6496,#6497));
#2664=AXIS2_PLACEMENT_3D('',#6498,#6499,#6500);
#2665=EDGE_LOOP('',(#6501,#6502,#6503,#6504));
#2666=AXIS2_PLACEMENT_3D('',#6505,#6506,#6507);
#2667=EDGE_LOOP('',(#6508,#6509,#6510,#6511));
#2668=AXIS2_PLACEMENT_3D('',#6512,#6513,#6514);
#2669=EDGE_LOOP('',(#6515,#6516,#6517,#6518));
#2670=AXIS2_PLACEMENT_3D('',#6519,#6520,#6521);
#2671=EDGE_LOOP('',(#6522,#6523,#6524,#6525));
#2672=AXIS2_PLACEMENT_3D('',#6526,#6527,#6528);
#2673=EDGE_LOOP('',(#6529,#6530,#6531,#6532));
#2674=AXIS2_PLACEMENT_3D('',#6533,#6534,#6535);
#2675=EDGE_LOOP('',(#6536,#6537,#6538,#6539));
#2676=AXIS2_PLACEMENT_3D('',#6540,#6541,#6542);
#2677=EDGE_LOOP('',(#6543,#6544,#6545,#6546));
#2678=AXIS2_PLACEMENT_3D('',#6547,#6548,#6549);
#2679=EDGE_LOOP('',(#6550,#6551,#6552,#6553));
#2680=AXIS2_PLACEMENT_3D('',#6554,#6555,#6556);
#2681=EDGE_LOOP('',(#6557,#6558,#6559,#6560));
#2682=AXIS2_PLACEMENT_3D('',#6561,#6562,#6563);
#2683=EDGE_LOOP('',(#6564,#6565,#6566,#6567));
#2684=AXIS2_PLACEMENT_3D('',#6568,#6569,#6570);
#2685=EDGE_LOOP('',(#6571,#6572,#6573,#6574));
#2686=AXIS2_PLACEMENT_3D('',#6575,#6576,#6577);
#2687=EDGE_LOOP('',(#6578,#6579,#6580,#6581));
#2688=AXIS2_PLACEMENT_3D('',#6582,#6583,#6584);
#2689=EDGE_LOOP('',(#6585,#6586,#6587,#6588));
#2690=AXIS2_PLACEMENT_3D('',#6589,#6590,#6591);
#2691=EDGE_LOOP('',(#6592,#6593,#6594,#6595));
#2692=AXIS2_PLACEMENT_3D('',#6596,#6597,#6598);
#2693=EDGE_LOOP('',(#6599,#6600,#6601,#6602));
#2694=AXIS2_PLACEMENT_3D('',#6603,#6604,#6605);
#2695=EDGE_LOOP('',(#6606,#6607,#6608,#6609));
#2696=AXIS2_PLACEMENT_3D('',#6610,#6611,#6612);
#2697=EDGE_LOOP('',(#6613,#6614,#6615,#6616));
#2698=AXIS2_PLACEMENT_3D('',#6617,#6618,#6619);
#2699=EDGE_LOOP('',(#6620,#6621,#6622,#6623));
#2700=AXIS2_PLACEMENT_3D('',#6624,#6625,#6626);
#2701=EDGE_LOOP('',(#6627,#6628,#6629,#6630));
#2702=AXIS2_PLACEMENT_3D('',#6631,#6632,#6633);
#2703=EDGE_LOOP('',(#6634,#6635,#6636,#6637));
#2704=AXIS2_PLACEMENT_3D('',#6638,#6639,#6640);
#2705=EDGE_LOOP('',(#6641,#6642,#6643,#6644));
#2706=AXIS2_PLACEMENT_3D('',#6645,#6646,#6647);
#2707=EDGE_LOOP('',(#6648,#6649,#6650,#6651));
#2708=AXIS2_PLACEMENT_3D('',#6652,#6653,#6654);
#2709=EDGE_LOOP('',(#6655,#6656,#6657,#6658));
#2710=AXIS2_PLACEMENT_3D('',#6659,#6660,#6661);
#2711=EDGE_LOOP('',(#6662,#6663,#6664,#6665));
#2712=AXIS2_PLACEMENT_3D('',#6666,#6667,#6668);
#2713=EDGE_LOOP('',(#6669,#6670,#6671,#6672));
#2714=AXIS2_PLACEMENT_3D('',#6673,#6674,#6675);
#2715=EDGE_LOOP('',(#6676,#6677,#6678,#6679));
#2716=AXIS2_PLACEMENT_3D('',#6680,#6681,#6682);
#2717=EDGE_LOOP('',(#6683,#6684,#6685,#6686));
#2718=AXIS2_PLACEMENT_3D('',#6687,#6688,#6689);
#2719=EDGE_LOOP('',(#6690,#6691,#6692,#6693));
#2720=AXIS2_PLACEMENT_3D('',#6694,#6695,#6696);
#2721=EDGE_LOOP('',(#6697,#6698,#6699,#6700));
#2722=AXIS2_PLACEMENT_3D('',#6701,#6702,#6703);
#2723=EDGE_LOOP('',(#6704,#6705,#6706,#6707));
#2724=AXIS2_PLACEMENT_3D('',#6708,#6709,#6710);
#2725=EDGE_LOOP('',(#6711,#6712,#6713,#6714));
#2726=AXIS2_PLACEMENT_3D('',#6715,#6716,#6717);
#2727=EDGE_LOOP('',(#6718,#6719,#6720,#6721));
#2728=AXIS2_PLACEMENT_3D('',#6722,#6723,#6724);
#2729=EDGE_LOOP('',(#6725,#6726,#6727,#6728));
#2730=AXIS2_PLACEMENT_3D('',#6729,#6730,#6731);
#2731=EDGE_LOOP('',(#6732,#6733,#6734,#6735));
#2732=AXIS2_PLACEMENT_3D('',#6736,#6737,#6738);
#2733=EDGE_LOOP('',(#6739,#6740,#6741,#6742));
#2734=AXIS2_PLACEMENT_3D('',#6743,#6744,#6745);
#2735=EDGE_LOOP('',(#6746,#6747,#6748,#6749));
#2736=AXIS2_PLACEMENT_3D('',#6750,#6751,#6752);
#2737=EDGE_LOOP('',(#6753,#6754,#6755,#6756));
#2738=AXIS2_PLACEMENT_3D('',#6757,#6758,#6759);
#2739=EDGE_LOOP('',(#6760,#6761,#6762,#6763));
#2740=AXIS2_PLACEMENT_3D('',#6764,#6765,#6766);
#2741=EDGE_LOOP('',(#6767,#6768,#6769,#6770));
#2742=AXIS2_PLACEMENT_3D('',#6771,#6772,#6773);
#2743=EDGE_LOOP('',(#6774,#6775,#6776,#6777));
#2744=AXIS2_PLACEMENT_3D('',#6778,#6779,#6780);
#2745=EDGE_LOOP('',(#6781,#6782,#6783,#6784));
#2746=AXIS2_PLACEMENT_3D('',#6785,#6786,#6787);
#2747=EDGE_LOOP('',(#6788,#6789,#6790,#6791));
#2748=AXIS2_PLACEMENT_3D('',#6792,#6793,#6794);
#2749=EDGE_LOOP('',(#6795,#6796,#6797,#6798));
#2750=AXIS2_PLACEMENT_3D('',#6799,#6800,#6801);
#2751=EDGE_LOOP('',(#6802,#6803,#6804,#6805));
#2752=AXIS2_PLACEMENT_3D('',#6806,#6807,#6808);
#2753=EDGE_LOOP('',(#6809,#6810,#6811,#6812));
#2754=AXIS2_PLACEMENT_3D('',#6813,#6814,#6815);
#2755=EDGE_LOOP('',(#6816,#6817,#6818,#6819));
#2756=AXIS2_PLACEMENT_3D('',#6820,#6821,#6822);
#2757=EDGE_LOOP('',(#6823,#6824,#6825,#6826));
#2758=AXIS2_PLACEMENT_3D('',#6827,#6828,#6829);
#2759=EDGE_LOOP('',(#6830,#6831,#6832,#6833));
#2760=AXIS2_PLACEMENT_3D('',#6834,#6835,#6836);
#2761=EDGE_LOOP('',(#6837,#6838,#6839,#6840));
#2762=AXIS2_PLACEMENT_3D('',#6841,#6842,#6843);
#2763=EDGE_LOOP('',(#6844,#6845,#6846,#6847));
#2764=AXIS2_PLACEMENT_3D('',#6848,#6849,#6850);
#2765=EDGE_LOOP('',(#6851,#6852,#6853,#6854));
#2766=AXIS2_PLACEMENT_3D('',#6855,#6856,#6857);
#2767=EDGE_LOOP('',(#6858,#6859,#6860,#6861));
#2768=AXIS2_PLACEMENT_3D('',#6862,#6863,#6864);
#2769=EDGE_LOOP('',(#6865,#6866,#6867,#6868));
#2770=AXIS2_PLACEMENT_3D('',#6869,#6870,#6871);
#2771=EDGE_LOOP('',(#6872,#6873,#6874,#6875));
#2772=AXIS2_PLACEMENT_3D('',#6876,#6877,#6878);
#2773=EDGE_LOOP('',(#6879,#6880,#6881,#6882));
#2774=AXIS2_PLACEMENT_3D('',#6883,#6884,#6885);
#2775=EDGE_LOOP('',(#6886,#6887,#6888,#6889));
#2776=AXIS2_PLACEMENT_3D('',#6890,#6891,#6892);
#2777=EDGE_LOOP('',(#6893,#6894,#6895,#6896));
#2778=AXIS2_PLACEMENT_3D('',#6897,#6898,#6899);
#2779=EDGE_LOOP('',(#6900,#6901,#6902,#6903));
#2780=AXIS2_PLACEMENT_3D('',#6904,#6905,#6906);
#2781=EDGE_LOOP('',(#6907,#6908,#6909,#6910));
#2782=AXIS2_PLACEMENT_3D('',#6911,#6912,#6913);
#2783=EDGE_LOOP('',(#6914,#6915,#6916,#6917));
#2784=AXIS2_PLACEMENT_3D('',#6918,#6919,#6920);
#2785=EDGE_LOOP('',(#6921,#6922,#6923,#6924));
#2786=AXIS2_PLACEMENT_3D('',#6925,#6926,#6927);
#2787=EDGE_LOOP('',(#6928,#6929,#6930,#6931));
#2788=AXIS2_PLACEMENT_3D('',#6932,#6933,#6934);
#2789=EDGE_LOOP('',(#6935,#6936,#6937,#6938));
#2790=AXIS2_PLACEMENT_3D('',#6939,#6940,#6941);
#2791=EDGE_LOOP('',(#6942,#6943,#6944,#6945));
#2792=AXIS2_PLACEMENT_3D('',#6946,#6947,#6948);
#2793=EDGE_LOOP('',(#6949,#6950,#6951,#6952));
#2794=AXIS2_PLACEMENT_3D('',#6953,#6954,#6955);
#2795=EDGE_LOOP('',(#6956,#6957,#6958,#6959));
#2796=AXIS2_PLACEMENT_3D('',#6960,#6961,#6962);
#2797=EDGE_LOOP('',(#6963,#6964,#6965,#6966));
#2798=AXIS2_PLACEMENT_3D('',#6967,#6968,#6969);
#2799=EDGE_LOOP('',(#6970,#6971,#6972,#6973));
#2800=AXIS2_PLACEMENT_3D('',#6974,#6975,#6976);
#2801=EDGE_LOOP('',(#6977,#6978,#6979,#6980));
#2802=AXIS2_PLACEMENT_3D('',#6981,#6982,#6983);
#2803=EDGE_LOOP('',(#6984,#6985,#6986,#6987));
#2804=AXIS2_PLACEMENT_3D('',#6988,#6989,#6990);
#2805=EDGE_LOOP('',(#6991,#6992,#6993,#6994));
#2806=AXIS2_PLACEMENT_3D('',#6995,#6996,#6997);
#2807=EDGE_LOOP('',(#6998,#6999,#7000,#7001));
#2808=AXIS2_PLACEMENT_3D('',#7002,#7003,#7004);
#2809=EDGE_LOOP('',(#7005,#7006,#7007,#7008));
#2810=AXIS2_PLACEMENT_3D('',#7009,#7010,#7011);
#2811=EDGE_LOOP('',(#7012,#7013,#7014,#7015));
#2812=AXIS2_PLACEMENT_3D('',#7016,#7017,#7018);
#2813=EDGE_LOOP('',(#7019,#7020,#7021,#7022));
#2814=AXIS2_PLACEMENT_3D('',#7023,#7024,#7025);
#2815=EDGE_LOOP('',(#7026,#7027,#7028,#7029));
#2816=AXIS2_PLACEMENT_3D('',#7030,#7031,#7032);
#2817=EDGE_LOOP('',(#7033,#7034,#7035,#7036));
#2818=AXIS2_PLACEMENT_3D('',#7037,#7038,#7039);
#2819=EDGE_LOOP('',(#7040,#7041,#7042,#7043));
#2820=AXIS2_PLACEMENT_3D('',#7044,#7045,#7046);
#2821=EDGE_LOOP('',(#7047,#7048,#7049,#7050));
#2822=AXIS2_PLACEMENT_3D('',#7051,#7052,#7053);
#2823=EDGE_LOOP('',(#7054,#7055,#7056,#7057));
#2824=AXIS2_PLACEMENT_3D('',#7058,#7059,#7060);
#2825=EDGE_LOOP('',(#7061,#7062,#7063,#7064));
#2826=AXIS2_PLACEMENT_3D('',#7065,#7066,#7067);
#2827=EDGE_LOOP('',(#7068,#7069,#7070,#7071));
#2828=AXIS2_PLACEMENT_3D('',#7072,#7073,#7074);
#2829=EDGE_LOOP('',(#7075,#7076,#7077,#7078));
#2830=AXIS2_PLACEMENT_3D('',#7079,#7080,#7081);
#2831=EDGE_LOOP('',(#7082,#7083,#7084,#7085));
#2832=AXIS2_PLACEMENT_3D('',#7086,#7087,#7088);
#2833=EDGE_LOOP('',(#7089,#7090,#7091,#7092));
#2834=AXIS2_PLACEMENT_3D('',#7093,#7094,#7095);
#2835=EDGE_LOOP('',(#7096,#7097,#7098,#7099));
#2836=AXIS2_PLACEMENT_3D('',#7100,#7101,#7102);
#2837=EDGE_LOOP('',(#7103,#7104,#7105,#7106));
#2838=AXIS2_PLACEMENT_3D('',#7107,#7108,#7109);
#2839=EDGE_LOOP('',(#7110,#7111,#7112,#7113));
#2840=AXIS2_PLACEMENT_3D('',#7114,#7115,#7116);
#2841=EDGE_LOOP('',(#7117,#7118,#7119,#7120));
#2842=AXIS2_PLACEMENT_3D('',#7121,#7122,#7123);
#2843=EDGE_LOOP('',(#7124,#7125,#7126,#7127));
#2844=AXIS2_PLACEMENT_3D('',#7128,#7129,#7130);
#2845=EDGE_LOOP('',(#7131,#7132,#7133,#7134));
#2846=AXIS2_PLACEMENT_3D('',#7135,#7136,#7137);
#2847=EDGE_LOOP('',(#7138,#7139,#7140,#7141));
#2848=AXIS2_PLACEMENT_3D('',#7142,#7143,#7144);
#2849=EDGE_LOOP('',(#7145,#7146,#7147,#7148));
#2850=AXIS2_PLACEMENT_3D('',#7149,#7150,#7151);
#2851=EDGE_LOOP('',(#7152,#7153,#7154,#7155));
#2852=AXIS2_PLACEMENT_3D('',#7156,#7157,#7158);
#2853=EDGE_LOOP('',(#7159,#7160,#7161,#7162));
#2854=AXIS2_PLACEMENT_3D('',#7163,#7164,#7165);
#2855=EDGE_LOOP('',(#7166,#7167,#7168,#7169));
#2856=AXIS2_PLACEMENT_3D('',#7170,#7171,#7172);
#2857=EDGE_LOOP('',(#7173,#7174,#7175,#7176));
#2858=AXIS2_PLACEMENT_3D('',#7177,#7178,#7179);
#2859=EDGE_LOOP('',(#7180,#7181,#7182,#7183));
#2860=AXIS2_PLACEMENT_3D('',#7184,#7185,#7186);
#2861=EDGE_LOOP('',(#7187,#7188,#7189,#7190));
#2862=AXIS2_PLACEMENT_3D('',#7191,#7192,#7193);
#2863=EDGE_LOOP('',(#7194,#7195,#7196,#7197));
#2864=AXIS2_PLACEMENT_3D('',#7198,#7199,#7200);
#2865=EDGE_LOOP('',(#7201,#7202,#7203,#7204));
#2866=AXIS2_PLACEMENT_3D('',#7205,#7206,#7207);
#2867=EDGE_LOOP('',(#7208,#7209,#7210,#7211));
#2868=AXIS2_PLACEMENT_3D('',#7212,#7213,#7214);
#2869=EDGE_LOOP('',(#7215,#7216,#7217,#7218));
#2870=AXIS2_PLACEMENT_3D('',#7219,#7220,#7221);
#2871=EDGE_LOOP('',(#7222,#7223,#7224,#7225));
#2872=AXIS2_PLACEMENT_3D('',#7226,#7227,#7228);
#2873=EDGE_LOOP('',(#7229,#7230,#7231,#7232));
#2874=AXIS2_PLACEMENT_3D('',#7233,#7234,#7235);
#2875=EDGE_LOOP('',(#7236,#7237,#7238,#7239));
#2876=AXIS2_PLACEMENT_3D('',#7240,#7241,#7242);
#2877=EDGE_LOOP('',(#7243,#7244,#7245,#7246));
#2878=AXIS2_PLACEMENT_3D('',#7247,#7248,#7249);
#2879=EDGE_LOOP('',(#7250,#7251,#7252,#7253));
#2880=AXIS2_PLACEMENT_3D('',#7254,#7255,#7256);
#2881=EDGE_LOOP('',(#7257,#7258,#7259,#7260));
#2882=AXIS2_PLACEMENT_3D('',#7261,#7262,#7263);
#2883=EDGE_LOOP('',(#7264,#7265,#7266,#7267));
#2884=AXIS2_PLACEMENT_3D('',#7268,#7269,#7270);
#2885=EDGE_LOOP('',(#7271,#7272,#7273,#7274));
#2886=AXIS2_PLACEMENT_3D('',#7275,#7276,#7277);
#2887=EDGE_LOOP('',(#7278,#7279,#7280,#7281));
#2888=AXIS2_PLACEMENT_3D('',#7282,#7283,#7284);
#2889=EDGE_LOOP('',(#7285,#7286,#7287,#7288));
#2890=AXIS2_PLACEMENT_3D('',#7289,#7290,#7291);
#2891=EDGE_LOOP('',(#7292,#7293,#7294,#7295));
#2892=AXIS2_PLACEMENT_3D('',#7296,#7297,#7298);
#2893=EDGE_LOOP('',(#7299,#7300,#7301,#7302));
#2894=AXIS2_PLACEMENT_3D('',#7303,#7304,#7305);
#2895=EDGE_LOOP('',(#7306,#7307,#7308,#7309));
#2896=AXIS2_PLACEMENT_3D('',#7310,#7311,#7312);
#2897=EDGE_LOOP('',(#7313,#7314,#7315,#7316));
#2898=AXIS2_PLACEMENT_3D('',#7317,#7318,#7319);
#2899=EDGE_LOOP('',(#7320,#7321,#7322,#7323));
#2900=AXIS2_PLACEMENT_3D('',#7324,#7325,#7326);
#2901=EDGE_LOOP('',(#7327,#7328,#7329,#7330));
#2902=AXIS2_PLACEMENT_3D('',#7331,#7332,#7333);
#2903=EDGE_LOOP('',(#7334,#7335,#7336,#7337));
#2904=AXIS2_PLACEMENT_3D('',#7338,#7339,#7340);
#2905=EDGE_LOOP('',(#7341,#7342,#7343,#7344));
#2906=AXIS2_PLACEMENT_3D('',#7345,#7346,#7347);
#2907=EDGE_LOOP('',(#7348,#7349,#7350,#7351));
#2908=AXIS2_PLACEMENT_3D('',#7352,#7353,#7354);
#2909=EDGE_LOOP('',(#7355,#7356,#7357,#7358));
#2910=AXIS2_PLACEMENT_3D('',#7359,#7360,#7361);
#2911=EDGE_LOOP('',(#7362,#7363,#7364,#7365));
#2912=AXIS2_PLACEMENT_3D('',#7366,#7367,#7368);
#2913=EDGE_LOOP('',(#7369,#7370,#7371,#7372));
#2914=AXIS2_PLACEMENT_3D('',#7373,#7374,#7375);
#2915=EDGE_LOOP('',(#7376,#7377,#7378,#7379));
#2916=AXIS2_PLACEMENT_3D('',#7380,#7381,#7382);
#2917=EDGE_LOOP('',(#7383,#7384,#7385,#7386));
#2918=AXIS2_PLACEMENT_3D('',#7387,#7388,#7389);
#2919=EDGE_LOOP('',(#7390,#7391,#7392,#7393));
#2920=AXIS2_PLACEMENT_3D('',#7394,#7395,#7396);
#2921=EDGE_LOOP('',(#7397,#7398,#7399,#7400));
#2922=AXIS2_PLACEMENT_3D('',#7401,#7402,#7403);
#2923=EDGE_LOOP('',(#7404,#7405,#7406,#7407));
#2924=AXIS2_PLACEMENT_3D('',#7408,#7409,#7410);
#2925=EDGE_LOOP('',(#7411,#7412,#7413,#7414));
#2926=AXIS2_PLACEMENT_3D('',#7415,#7416,#7417);
#2927=EDGE_LOOP('',(#7418,#7419,#7420,#7421));
#2928=AXIS2_PLACEMENT_3D('',#7422,#7423,#7424);
#2929=EDGE_LOOP('',(#7425,#7426,#7427,#7428));
#2930=AXIS2_PLACEMENT_3D('',#7429,#7430,#7431);
#2931=EDGE_LOOP('',(#7432,#7433,#7434,#7435));
#2932=AXIS2_PLACEMENT_3D('',#7436,#7437,#7438);
#2933=EDGE_LOOP('',(#7439,#7440,#7441,#7442));
#2934=AXIS2_PLACEMENT_3D('',#7443,#7444,#7445);
#2935=EDGE_LOOP('',(#7446,#7447,#7448,#7449));
#2936=AXIS2_PLACEMENT_3D('',#7450,#7451,#7452);
#2937=EDGE_LOOP('',(#7453,#7454,#7455,#7456));
#2938=AXIS2_PLACEMENT_3D('',#7457,#7458,#7459);
#2939=EDGE_LOOP('',(#7460,#7461,#7462,#7463));
#2940=AXIS2_PLACEMENT_3D('',#7464,#7465,#7466);
#2941=EDGE_LOOP('',(#7467,#7468,#7469,#7470));
#2942=AXIS2_PLACEMENT_3D('',#7471,#7472,#7473);
#2943=EDGE_LOOP('',(#7474,#7475,#7476,#7477));
#2944=AXIS2_PLACEMENT_3D('',#7478,#7479,#7480);
#2945=EDGE_LOOP('',(#7481,#7482,#7483,#7484));
#2946=AXIS2_PLACEMENT_3D('',#7485,#7486,#7487);
#2947=EDGE_LOOP('',(#7488,#7489,#7490,#7491));
#2948=AXIS2_PLACEMENT_3D('',#7492,#7493,#7494);
#2949=EDGE_LOOP('',(#7495,#7496,#7497,#7498));
#2950=AXIS2_PLACEMENT_3D('',#7499,#7500,#7501);
#2951=EDGE_LOOP('',(#7502,#7503,#7504,#7505));
#2952=AXIS2_PLACEMENT_3D('',#7506,#7507,#7508);
#2953=EDGE_LOOP('',(#7509,#7510,#7511,#7512));
#2954=AXIS2_PLACEMENT_3D('',#7513,#7514,#7515);
#2955=EDGE_LOOP('',(#7516,#7517,#7518,#7519));
#2956=AXIS2_PLACEMENT_3D('',#7520,#7521,#7522);
#2957=EDGE_LOOP('',(#7523,#7524,#7525,#7526));
#2958=AXIS2_PLACEMENT_3D('',#7527,#7528,#7529);
#2959=EDGE_LOOP('',(#7530,#7531,#7532,#7533));
#2960=AXIS2_PLACEMENT_3D('',#7534,#7535,#7536);
#2961=EDGE_LOOP('',(#7537,#7538,#7539,#7540));
#2962=AXIS2_PLACEMENT_3D('',#7541,#7542,#7543);
#2963=EDGE_LOOP('',(#7544,#7545,#7546,#7547));
#2964=AXIS2_PLACEMENT_3D('',#7548,#7549,#7550);
#2965=EDGE_LOOP('',(#7551,#7552,#7553,#7554));
#2966=AXIS2_PLACEMENT_3D('',#7555,#7556,#7557);
#2967=EDGE_LOOP('',(#7558,#7559,#7560,#7561));
#2968=AXIS2_PLACEMENT_3D('',#7562,#7563,#7564);
#2969=EDGE_LOOP('',(#7565,#7566,#7567,#7568));
#2970=AXIS2_PLACEMENT_3D('',#7569,#7570,#7571);
#2971=EDGE_LOOP('',(#7572,#7573,#7574,#7575));
#2972=AXIS2_PLACEMENT_3D('',#7576,#7577,#7578);
#2973=EDGE_LOOP('',(#7579,#7580,#7581,#7582));
#2974=AXIS2_PLACEMENT_3D('',#7583,#7584,#7585);
#2975=EDGE_LOOP('',(#7586,#7587,#7588,#7589));
#2976=AXIS2_PLACEMENT_3D('',#7590,#7591,#7592);
#2977=EDGE_LOOP('',(#7593,#7594,#7595,#7596));
#2978=AXIS2_PLACEMENT_3D('',#7597,#7598,#7599);
#2979=EDGE_LOOP('',(#7600,#7601,#7602,#7603));
#2980=AXIS2_PLACEMENT_3D('',#7604,#7605,#7606);
#2981=EDGE_LOOP('',(#7607,#7608,#7609,#7610));
#2982=AXIS2_PLACEMENT_3D('',#7611,#7612,#7613);
#2983=EDGE_LOOP('',(#7614,#7615,#7616,#7617));
#2984=AXIS2_PLACEMENT_3D('',#7618,#7619,#7620);
#2985=EDGE_LOOP('',(#7621,#7622,#7623,#7624));
#2986=AXIS2_PLACEMENT_3D('',#7625,#7626,#7627);
#2987=EDGE_LOOP('',(#7628,#7629,#7630,#7631));
#2988=AXIS2_PLACEMENT_3D('',#7632,#7633,#7634);
#2989=EDGE_LOOP('',(#7635,#7636,#7637,#7638));
#2990=AXIS2_PLACEMENT_3D('',#7639,#7640,#7641);
#2991=EDGE_LOOP('',(#7642,#7643,#7644,#7645));
#2992=AXIS2_PLACEMENT_3D('',#7646,#7647,#7648);
#2993=EDGE_LOOP('',(#7649,#7650,#7651,#7652));
#2994=AXIS2_PLACEMENT_3D('',#7653,#7654,#7655);
#2995=EDGE_LOOP('',(#7656,#7657,#7658,#7659));
#2996=AXIS2_PLACEMENT_3D('',#7660,#7661,#7662);
#2997=EDGE_LOOP('',(#7663,#7664,#7665,#7666));
#2998=AXIS2_PLACEMENT_3D('',#7667,#7668,#7669);
#2999=EDGE_LOOP('',(#7670,#7671,#7672,#7673));
#3000=AXIS2_PLACEMENT_3D('',#7674,#7675,#7676);
#3001=EDGE_LOOP('',(#7677,#7678,#7679,#7680));
#3002=AXIS2_PLACEMENT_3D('',#7681,#7682,#7683);
#3003=EDGE_LOOP('',(#7684,#7685,#7686,#7687));
#3004=AXIS2_PLACEMENT_3D('',#7688,#7689,#7690);
#3005=EDGE_LOOP('',(#7691,#7692,#7693,#7694));
#3006=AXIS2_PLACEMENT_3D('',#7695,#7696,#7697);
#3007=EDGE_LOOP('',(#7698,#7699,#7700,#7701));
#3008=AXIS2_PLACEMENT_3D('',#7702,#7703,#7704);
#3009=EDGE_LOOP('',(#7705,#7706,#7707,#7708));
#3010=AXIS2_PLACEMENT_3D('',#7709,#7710,#7711);
#3011=EDGE_LOOP('',(#7712,#7713,#7714,#7715));
#3012=AXIS2_PLACEMENT_3D('',#7716,#7717,#7718);
#3013=EDGE_LOOP('',(#7719,#7720,#7721,#7722));
#3014=AXIS2_PLACEMENT_3D('',#7723,#7724,#7725);
#3015=EDGE_LOOP('',(#7726,#7727,#7728,#7729));
#3016=AXIS2_PLACEMENT_3D('',#7730,#7731,#7732);
#3017=EDGE_LOOP('',(#7733,#7734,#7735,#7736));
#3018=AXIS2_PLACEMENT_3D('',#7737,#7738,#7739);
#3019=EDGE_LOOP('',(#7740,#7741,#7742,#7743));
#3020=AXIS2_PLACEMENT_3D('',#7744,#7745,#7746);
#3021=EDGE_LOOP('',(#7747,#7748,#7749,#7750));
#3022=AXIS2_PLACEMENT_3D('',#7751,#7752,#7753);
#3023=EDGE_LOOP('',(#7754,#7755,#7756,#7757));
#3024=AXIS2_PLACEMENT_3D('',#7758,#7759,#7760);
#3025=EDGE_LOOP('',(#7761,#7762,#7763,#7764));
#3026=AXIS2_PLACEMENT_3D('',#7765,#7766,#7767);
#3027=EDGE_LOOP('',(#7768,#7769,#7770,#7771));
#3028=AXIS2_PLACEMENT_3D('',#7772,#7773,#7774);
#3029=EDGE_LOOP('',(#7775,#7776,#7777,#7778));
#3030=AXIS2_PLACEMENT_3D('',#7779,#7780,#7781);
#3031=EDGE_LOOP('',(#7782,#7783,#7784,#7785));
#3032=AXIS2_PLACEMENT_3D('',#7786,#7787,#7788);
#3033=EDGE_LOOP('',(#7789,#7790,#7791,#7792));
#3034=AXIS2_PLACEMENT_3D('',#7793,#7794,#7795);
#3035=EDGE_LOOP('',(#7796,#7797,#7798,#7799));
#3036=AXIS2_PLACEMENT_3D('',#7800,#7801,#7802);
#3037=EDGE_LOOP('',(#7803,#7804,#7805,#7806));
#3038=AXIS2_PLACEMENT_3D('',#7807,#7808,#7809);
#3039=EDGE_LOOP('',(#7810,#7811,#7812,#7813));
#3040=AXIS2_PLACEMENT_3D('',#7814,#7815,#7816);
#3041=EDGE_LOOP('',(#7817,#7818,#7819,#7820));
#3042=AXIS2_PLACEMENT_3D('',#7821,#7822,#7823);
#3043=EDGE_LOOP('',(#7824,#7825,#7826,#7827));
#3044=AXIS2_PLACEMENT_3D('',#7828,#7829,#7830);
#3045=EDGE_LOOP('',(#7831,#7832,#7833,#7834));
#3046=AXIS2_PLACEMENT_3D('',#7835,#7836,#7837);
#3047=EDGE_LOOP('',(#7838,#7839,#7840,#7841));
#3048=AXIS2_PLACEMENT_3D('',#7842,#7843,#7844);
#3049=EDGE_LOOP('',(#7845,#7846,#7847,#7848));
#3050=AXIS2_PLACEMENT_3D('',#7849,#7850,#7851);
#3051=EDGE_LOOP('',(#7852,#7853,#7854,#7855));
#3052=AXIS2_PLACEMENT_3D('',#7856,#7857,#7858);
#3053=EDGE_LOOP('',(#7859,#7860,#7861,#7862));
#3054=AXIS2_PLACEMENT_3D('',#7863,#7864,#7865);
#3055=EDGE_LOOP('',(#7866,#7867,#7868,#7869));
#3056=AXIS2_PLACEMENT_3D('',#7870,#7871,#7872);
#3057=EDGE_LOOP('',(#7873,#7874,#7875,#7876));
#3058=AXIS2_PLACEMENT_3D('',#7877,#7878,#7879);
#3059=EDGE_LOOP('',(#7880,#7881,#7882,#7883));
#3060=AXIS2_PLACEMENT_3D('',#7884,#7885,#7886);
#3061=EDGE_LOOP('',(#7887,#7888,#7889,#7890));
#3062=AXIS2_PLACEMENT_3D('',#7891,#7892,#7893);
#3063=EDGE_LOOP('',(#7894,#7895,#7896,#7897));
#3064=AXIS2_PLACEMENT_3D('',#7898,#7899,#7900);
#3065=EDGE_LOOP('',(#7901,#7902,#7903,#7904));
#3066=AXIS2_PLACEMENT_3D('',#7905,#7906,#7907);
#3067=EDGE_LOOP('',(#7908,#7909,#7910,#7911));
#3068=AXIS2_PLACEMENT_3D('',#7912,#7913,#7914);
#3069=EDGE_LOOP('',(#7915,#7916,#7917,#7918));
#3070=AXIS2_PLACEMENT_3D('',#7919,#7920,#7921);
#3071=EDGE_LOOP('',(#7922,#7923,#7924,#7925));
#3072=AXIS2_PLACEMENT_3D('',#7926,#7927,#7928);
#3073=EDGE_LOOP('',(#7929,#7930,#7931,#7932));
#3074=AXIS2_PLACEMENT_3D('',#7933,#7934,#7935);
#3075=EDGE_LOOP('',(#7936,#7937,#7938,#7939));
#3076=AXIS2_PLACEMENT_3D('',#7940,#7941,#7942);
#3077=EDGE_LOOP('',(#7943,#7944,#7945,#7946));
#3078=AXIS2_PLACEMENT_3D('',#7947,#7948,#7949);
#3079=EDGE_LOOP('',(#7950,#7951,#7952,#7953));
#3080=AXIS2_PLACEMENT_3D('',#7954,#7955,#7956);
#3081=EDGE_LOOP('',(#7957,#7958,#7959,#7960));
#3082=AXIS2_PLACEMENT_3D('',#7961,#7962,#7963);
#3083=EDGE_LOOP('',(#7964,#7965,#7966,#7967));
#3084=AXIS2_PLACEMENT_3D('',#7968,#7969,#7970);
#3085=EDGE_LOOP('',(#7971,#7972,#7973,#7974));
#3086=AXIS2_PLACEMENT_3D('',#7975,#7976,#7977);
#3087=EDGE_LOOP('',(#7978,#7979,#7980,#7981));
#3088=AXIS2_PLACEMENT_3D('',#7982,#7983,#7984);
#3089=EDGE_LOOP('',(#7985,#7986,#7987,#7988));
#3090=AXIS2_PLACEMENT_3D('',#7989,#7990,#7991);
#3091=EDGE_LOOP('',(#7992,#7993,#7994,#7995));
#3092=AXIS2_PLACEMENT_3D('',#7996,#7997,#7998);
#3093=EDGE_LOOP('',(#7999,#8000,#8001,#8002));
#3094=AXIS2_PLACEMENT_3D('',#8003,#8004,#8005);
#3095=EDGE_LOOP('',(#8006,#8007,#8008,#8009));
#3096=AXIS2_PLACEMENT_3D('',#8010,#8011,#8012);
#3097=EDGE_LOOP('',(#8013,#8014,#8015,#8016));
#3098=AXIS2_PLACEMENT_3D('',#8017,#8018,#8019);
#3099=EDGE_LOOP('',(#8020,#8021,#8022,#8023));
#3100=AXIS2_PLACEMENT_3D('',#8024,#8025,#8026);
#3101=EDGE_LOOP('',(#8027,#8028,#8029,#8030));
#3102=AXIS2_PLACEMENT_3D('',#8031,#8032,#8033);
#3103=EDGE_LOOP('',(#8034,#8035,#8036,#8037));
#3104=AXIS2_PLACEMENT_3D('',#8038,#8039,#8040);
#3105=EDGE_LOOP('',(#8041,#8042,#8043,#8044));
#3106=AXIS2_PLACEMENT_3D('',#8045,#8046,#8047);
#3107=EDGE_LOOP('',(#8048,#8049,#8050,#8051));
#3108=AXIS2_PLACEMENT_3D('',#8052,#8053,#8054);
#3109=EDGE_LOOP('',(#8055,#8056,#8057,#8058));
#3110=AXIS2_PLACEMENT_3D('',#8059,#8060,#8061);
#3111=EDGE_LOOP('',(#8062,#8063,#8064,#8065));
#3112=AXIS2_PLACEMENT_3D('',#8066,#8067,#8068);
#3113=EDGE_LOOP('',(#8069,#8070,#8071,#8072));
#3114=AXIS2_PLACEMENT_3D('',#8073,#8074,#8075);
#3115=EDGE_LOOP('',(#8076,#8077,#8078,#8079));
#3116=AXIS2_PLACEMENT_3D('',#8080,#8081,#8082);
#3117=EDGE_LOOP('',(#8083,#8084,#8085,#8086));
#3118=AXIS2_PLACEMENT_3D('',#8087,#8088,#8089);
#3119=EDGE_LOOP('',(#8090,#8091,#8092,#8093));
#3120=AXIS2_PLACEMENT_3D('',#8094,#8095,#8096);
#3121=EDGE_LOOP('',(#8097,#8098,#8099,#8100));
#3122=AXIS2_PLACEMENT_3D('',#8101,#8102,#8103);
#3123=EDGE_LOOP('',(#8104,#8105,#8106,#8107));
#3124=AXIS2_PLACEMENT_3D('',#8108,#8109,#8110);
#3125=EDGE_LOOP('',(#8111,#8112,#8113,#8114));
#3126=AXIS2_PLACEMENT_3D('',#8115,#8116,#8117);
#3127=EDGE_LOOP('',(#8118,#8119,#8120,#8121));
#3128=AXIS2_PLACEMENT_3D('',#8122,#8123,#8124);
#3129=EDGE_LOOP('',(#8125,#8126,#8127,#8128));
#3130=AXIS2_PLACEMENT_3D('',#8129,#8130,#8131);
#3131=EDGE_LOOP('',(#8132,#8133,#8134,#8135));
#3132=AXIS2_PLACEMENT_3D('',#8136,#8137,#8138);
#3133=EDGE_LOOP('',(#8139,#8140,#8141,#8142));
#3134=AXIS2_PLACEMENT_3D('',#8143,#8144,#8145);
#3135=EDGE_LOOP('',(#8146,#8147,#8148,#8149));
#3136=AXIS2_PLACEMENT_3D('',#8150,#8151,#8152);
#3137=EDGE_LOOP('',(#8153,#8154,#8155,#8156));
#3138=AXIS2_PLACEMENT_3D('',#8157,#8158,#8159);
#3139=EDGE_LOOP('',(#8160,#8161,#8162,#8163));
#3140=AXIS2_PLACEMENT_3D('',#8164,#8165,#8166);
#3141=EDGE_LOOP('',(#8167,#8168,#8169,#8170));
#3142=AXIS2_PLACEMENT_3D('',#8171,#8172,#8173);
#3143=EDGE_LOOP('',(#8174,#8175,#8176,#8177));
#3144=AXIS2_PLACEMENT_3D('',#8178,#8179,#8180);
#3145=EDGE_LOOP('',(#8181,#8182,#8183,#8184));
#3146=AXIS2_PLACEMENT_3D('',#8185,#8186,#8187);
#3147=EDGE_LOOP('',(#8188,#8189,#8190,#8191));
#3148=AXIS2_PLACEMENT_3D('',#8192,#8193,#8194);
#3149=EDGE_LOOP('',(#8195,#8196,#8197,#8198));
#3150=AXIS2_PLACEMENT_3D('',#8199,#8200,#8201);
#3151=EDGE_LOOP('',(#8202,#8203,#8204,#8205));
#3152=AXIS2_PLACEMENT_3D('',#8206,#8207,#8208);
#3153=EDGE_LOOP('',(#8209,#8210,#8211,#8212));
#3154=AXIS2_PLACEMENT_3D('',#8213,#8214,#8215);
#3155=EDGE_LOOP('',(#8216,#8217,#8218,#8219));
#3156=AXIS2_PLACEMENT_3D('',#8220,#8221,#8222);
#3157=EDGE_LOOP('',(#8223,#8224,#8225,#8226));
#3158=AXIS2_PLACEMENT_3D('',#8227,#8228,#8229);
#3159=EDGE_LOOP('',(#8230,#8231,#8232,#8233));
#3160=AXIS2_PLACEMENT_3D('',#8234,#8235,#8236);
#3161=FILL_AREA_STYLE_COLOUR('',#8237);
#3162=ORIENTED_EDGE('',*,*,#8238,.F.);
#3163=ORIENTED_EDGE('',*,*,#8239,.F.);
#3164=ORIENTED_EDGE('',*,*,#8240,.F.);
#3165=ORIENTED_EDGE('',*,*,#8241,.F.);
#3166=ORIENTED_EDGE('',*,*,#8242,.F.);
#3167=ORIENTED_EDGE('',*,*,#8243,.T.);
#3168=ORIENTED_EDGE('',*,*,#8244,.F.);
#3169=ORIENTED_EDGE('',*,*,#8245,.T.);
#3170=ORIENTED_EDGE('',*,*,#8246,.F.);
#3171=ORIENTED_EDGE('',*,*,#8247,.T.);
#3172=ORIENTED_EDGE('',*,*,#8248,.F.);
#3173=ORIENTED_EDGE('',*,*,#8249,.T.);
#3174=ORIENTED_EDGE('',*,*,#8250,.F.);
#3175=ORIENTED_EDGE('',*,*,#8251,.T.);
#3176=ORIENTED_EDGE('',*,*,#8252,.F.);
#3177=ORIENTED_EDGE('',*,*,#8253,.T.);
#3178=ORIENTED_EDGE('',*,*,#8254,.F.);
#3179=ORIENTED_EDGE('',*,*,#8255,.T.);
#3180=ORIENTED_EDGE('',*,*,#8256,.F.);
#3181=ORIENTED_EDGE('',*,*,#8257,.T.);
#3182=ORIENTED_EDGE('',*,*,#8258,.F.);
#3183=ORIENTED_EDGE('',*,*,#8259,.T.);
#3184=ORIENTED_EDGE('',*,*,#8260,.F.);
#3185=ORIENTED_EDGE('',*,*,#8261,.T.);
#3186=ORIENTED_EDGE('',*,*,#8262,.F.);
#3187=ORIENTED_EDGE('',*,*,#8263,.T.);
#3188=ORIENTED_EDGE('',*,*,#8264,.F.);
#3189=ORIENTED_EDGE('',*,*,#8265,.T.);
#3190=ORIENTED_EDGE('',*,*,#8266,.F.);
#3191=ORIENTED_EDGE('',*,*,#8267,.T.);
#3192=ORIENTED_EDGE('',*,*,#8268,.F.);
#3193=ORIENTED_EDGE('',*,*,#8269,.T.);
#3194=ORIENTED_EDGE('',*,*,#8270,.F.);
#3195=ORIENTED_EDGE('',*,*,#8271,.T.);
#3196=ORIENTED_EDGE('',*,*,#8272,.F.);
#3197=ORIENTED_EDGE('',*,*,#8273,.T.);
#3198=ORIENTED_EDGE('',*,*,#8274,.F.);
#3199=ORIENTED_EDGE('',*,*,#8275,.T.);
#3200=ORIENTED_EDGE('',*,*,#8276,.F.);
#3201=ORIENTED_EDGE('',*,*,#8277,.T.);
#3202=ORIENTED_EDGE('',*,*,#8278,.F.);
#3203=ORIENTED_EDGE('',*,*,#8279,.T.);
#3204=ORIENTED_EDGE('',*,*,#8280,.F.);
#3205=ORIENTED_EDGE('',*,*,#8281,.T.);
#3206=ORIENTED_EDGE('',*,*,#8282,.F.);
#3207=ORIENTED_EDGE('',*,*,#8283,.T.);
#3208=ORIENTED_EDGE('',*,*,#8284,.F.);
#3209=ORIENTED_EDGE('',*,*,#8285,.T.);
#3210=ORIENTED_EDGE('',*,*,#8286,.F.);
#3211=ORIENTED_EDGE('',*,*,#8287,.T.);
#3212=ORIENTED_EDGE('',*,*,#8288,.F.);
#3213=ORIENTED_EDGE('',*,*,#8289,.T.);
#3214=ORIENTED_EDGE('',*,*,#8290,.F.);
#3215=ORIENTED_EDGE('',*,*,#8291,.T.);
#3216=ORIENTED_EDGE('',*,*,#8292,.F.);
#3217=ORIENTED_EDGE('',*,*,#8293,.T.);
#3218=ORIENTED_EDGE('',*,*,#8294,.F.);
#3219=ORIENTED_EDGE('',*,*,#8295,.T.);
#3220=ORIENTED_EDGE('',*,*,#8296,.F.);
#3221=ORIENTED_EDGE('',*,*,#8297,.F.);
#3222=ORIENTED_EDGE('',*,*,#8298,.T.);
#3223=ORIENTED_EDGE('',*,*,#8299,.T.);
#3224=ORIENTED_EDGE('',*,*,#8300,.F.);
#3225=ORIENTED_EDGE('',*,*,#8301,.T.);
#3226=ORIENTED_EDGE('',*,*,#8302,.F.);
#3227=ORIENTED_EDGE('',*,*,#8303,.F.);
#3228=ORIENTED_EDGE('',*,*,#8304,.F.);
#3229=ORIENTED_EDGE('',*,*,#8305,.F.);
#3230=CARTESIAN_POINT('',(8.975,0.6,0.45));
#3231=DIRECTION('',(0.0,-1.29456975819165E-16,1.0));
#3232=DIRECTION('',(0.0,-1.0,-1.29456975819165E-16));
#3233=ORIENTED_EDGE('',*,*,#8306,.T.);
#3234=ORIENTED_EDGE('',*,*,#8307,.T.);
#3235=ORIENTED_EDGE('',*,*,#8308,.T.);
#3236=ORIENTED_EDGE('',*,*,#8309,.T.);
#3237=ORIENTED_EDGE('',*,*,#8310,.T.);
#3238=ORIENTED_EDGE('',*,*,#8311,.F.);
#3239=ORIENTED_EDGE('',*,*,#8312,.T.);
#3240=ORIENTED_EDGE('',*,*,#8313,.T.);
#3241=ORIENTED_EDGE('',*,*,#8314,.T.);
#3242=ORIENTED_EDGE('',*,*,#8315,.T.);
#3243=ORIENTED_EDGE('',*,*,#8316,.T.);
#3244=ORIENTED_EDGE('',*,*,#8317,.F.);
#3245=ORIENTED_EDGE('',*,*,#8318,.F.);
#3246=ORIENTED_EDGE('',*,*,#8319,.T.);
#3247=ORIENTED_EDGE('',*,*,#8320,.T.);
#3248=ORIENTED_EDGE('',*,*,#8321,.F.);
#3249=ORIENTED_EDGE('',*,*,#8322,.T.);
#3250=ORIENTED_EDGE('',*,*,#8323,.T.);
#3251=ORIENTED_EDGE('',*,*,#8324,.T.);
#3252=ORIENTED_EDGE('',*,*,#8325,.T.);
#3253=ORIENTED_EDGE('',*,*,#8326,.T.);
#3254=ORIENTED_EDGE('',*,*,#8327,.F.);
#3255=ORIENTED_EDGE('',*,*,#8328,.T.);
#3256=ORIENTED_EDGE('',*,*,#8329,.T.);
#3257=ORIENTED_EDGE('',*,*,#8330,.T.);
#3258=ORIENTED_EDGE('',*,*,#8331,.T.);
#3259=ORIENTED_EDGE('',*,*,#8332,.T.);
#3260=ORIENTED_EDGE('',*,*,#8333,.F.);
#3261=ORIENTED_EDGE('',*,*,#8334,.T.);
#3262=ORIENTED_EDGE('',*,*,#8335,.T.);
#3263=ORIENTED_EDGE('',*,*,#8336,.T.);
#3264=ORIENTED_EDGE('',*,*,#8337,.T.);
#3265=ORIENTED_EDGE('',*,*,#8338,.T.);
#3266=ORIENTED_EDGE('',*,*,#8339,.F.);
#3267=ORIENTED_EDGE('',*,*,#8340,.T.);
#3268=ORIENTED_EDGE('',*,*,#8341,.T.);
#3269=ORIENTED_EDGE('',*,*,#8342,.T.);
#3270=ORIENTED_EDGE('',*,*,#8343,.T.);
#3271=ORIENTED_EDGE('',*,*,#8344,.T.);
#3272=ORIENTED_EDGE('',*,*,#8345,.F.);
#3273=ORIENTED_EDGE('',*,*,#8346,.T.);
#3274=ORIENTED_EDGE('',*,*,#8347,.T.);
#3275=ORIENTED_EDGE('',*,*,#8348,.T.);
#3276=ORIENTED_EDGE('',*,*,#8349,.T.);
#3277=ORIENTED_EDGE('',*,*,#8350,.T.);
#3278=ORIENTED_EDGE('',*,*,#8351,.F.);
#3279=ORIENTED_EDGE('',*,*,#8352,.T.);
#3280=ORIENTED_EDGE('',*,*,#8353,.T.);
#3281=ORIENTED_EDGE('',*,*,#8354,.T.);
#3282=ORIENTED_EDGE('',*,*,#8355,.T.);
#3283=ORIENTED_EDGE('',*,*,#8356,.T.);
#3284=ORIENTED_EDGE('',*,*,#8357,.F.);
#3285=ORIENTED_EDGE('',*,*,#8358,.T.);
#3286=ORIENTED_EDGE('',*,*,#8359,.T.);
#3287=ORIENTED_EDGE('',*,*,#8360,.T.);
#3288=ORIENTED_EDGE('',*,*,#8361,.T.);
#3289=ORIENTED_EDGE('',*,*,#8362,.T.);
#3290=ORIENTED_EDGE('',*,*,#8363,.F.);
#3291=ORIENTED_EDGE('',*,*,#8364,.T.);
#3292=ORIENTED_EDGE('',*,*,#8365,.T.);
#3293=ORIENTED_EDGE('',*,*,#8366,.T.);
#3294=ORIENTED_EDGE('',*,*,#8367,.T.);
#3295=ORIENTED_EDGE('',*,*,#8368,.T.);
#3296=ORIENTED_EDGE('',*,*,#8369,.F.);
#3297=ORIENTED_EDGE('',*,*,#8370,.T.);
#3298=ORIENTED_EDGE('',*,*,#8371,.T.);
#3299=ORIENTED_EDGE('',*,*,#8372,.T.);
#3300=ORIENTED_EDGE('',*,*,#8373,.T.);
#3301=ORIENTED_EDGE('',*,*,#8374,.T.);
#3302=ORIENTED_EDGE('',*,*,#8375,.F.);
#3303=ORIENTED_EDGE('',*,*,#8376,.T.);
#3304=ORIENTED_EDGE('',*,*,#8377,.T.);
#3305=ORIENTED_EDGE('',*,*,#8378,.T.);
#3306=ORIENTED_EDGE('',*,*,#8379,.T.);
#3307=ORIENTED_EDGE('',*,*,#8380,.T.);
#3308=ORIENTED_EDGE('',*,*,#8381,.F.);
#3309=ORIENTED_EDGE('',*,*,#8382,.T.);
#3310=ORIENTED_EDGE('',*,*,#8383,.T.);
#3311=ORIENTED_EDGE('',*,*,#8384,.T.);
#3312=ORIENTED_EDGE('',*,*,#8385,.T.);
#3313=ORIENTED_EDGE('',*,*,#8386,.T.);
#3314=ORIENTED_EDGE('',*,*,#8387,.F.);
#3315=ORIENTED_EDGE('',*,*,#8388,.T.);
#3316=ORIENTED_EDGE('',*,*,#8389,.T.);
#3317=ORIENTED_EDGE('',*,*,#8390,.T.);
#3318=ORIENTED_EDGE('',*,*,#8391,.T.);
#3319=ORIENTED_EDGE('',*,*,#8392,.T.);
#3320=ORIENTED_EDGE('',*,*,#8393,.F.);
#3321=CARTESIAN_POINT('',(8.975,3.95,2.75));
#3322=DIRECTION('',(0.0,0.0,-1.0));
#3323=DIRECTION('',(0.0,-1.0,0.0));
#3324=ORIENTED_EDGE('',*,*,#8394,.F.);
#3325=ORIENTED_EDGE('',*,*,#8395,.F.);
#3326=ORIENTED_EDGE('',*,*,#8396,.T.);
#3327=ORIENTED_EDGE('',*,*,#8311,.T.);
#3328=CARTESIAN_POINT('',(8.975,2.8,2.75));
#3329=DIRECTION('',(-0.0,1.0,0.0));
#3330=DIRECTION('',(1.0,0.0,0.0));
#3331=ORIENTED_EDGE('',*,*,#8397,.T.);
#3332=ORIENTED_EDGE('',*,*,#8393,.T.);
#3333=ORIENTED_EDGE('',*,*,#8398,.F.);
#3334=ORIENTED_EDGE('',*,*,#8399,.F.);
#3335=CARTESIAN_POINT('',(8.975,2.8,2.75));
#3336=DIRECTION('',(-0.0,1.0,0.0));
#3337=DIRECTION('',(1.0,0.0,0.0));
#3338=ORIENTED_EDGE('',*,*,#8400,.T.);
#3339=ORIENTED_EDGE('',*,*,#8387,.T.);
#3340=ORIENTED_EDGE('',*,*,#8401,.F.);
#3341=ORIENTED_EDGE('',*,*,#8402,.F.);
#3342=CARTESIAN_POINT('',(8.975,2.8,2.75));
#3343=DIRECTION('',(-0.0,1.0,0.0));
#3344=DIRECTION('',(1.0,0.0,0.0));
#3345=ORIENTED_EDGE('',*,*,#8403,.T.);
#3346=ORIENTED_EDGE('',*,*,#8381,.T.);
#3347=ORIENTED_EDGE('',*,*,#8404,.F.);
#3348=ORIENTED_EDGE('',*,*,#8405,.F.);
#3349=CARTESIAN_POINT('',(8.975,2.8,2.75));
#3350=DIRECTION('',(-0.0,1.0,0.0));
#3351=DIRECTION('',(1.0,0.0,0.0));
#3352=ORIENTED_EDGE('',*,*,#8406,.T.);
#3353=ORIENTED_EDGE('',*,*,#8375,.T.);
#3354=ORIENTED_EDGE('',*,*,#8407,.F.);
#3355=ORIENTED_EDGE('',*,*,#8408,.F.);
#3356=CARTESIAN_POINT('',(8.975,2.8,2.75));
#3357=DIRECTION('',(-0.0,1.0,0.0));
#3358=DIRECTION('',(1.0,0.0,0.0));
#3359=ORIENTED_EDGE('',*,*,#8409,.T.);
#3360=ORIENTED_EDGE('',*,*,#8369,.T.);
#3361=ORIENTED_EDGE('',*,*,#8410,.F.);
#3362=ORIENTED_EDGE('',*,*,#8411,.F.);
#3363=CARTESIAN_POINT('',(8.975,2.8,2.75));
#3364=DIRECTION('',(-0.0,1.0,0.0));
#3365=DIRECTION('',(1.0,0.0,0.0));
#3366=ORIENTED_EDGE('',*,*,#8412,.T.);
#3367=ORIENTED_EDGE('',*,*,#8363,.T.);
#3368=ORIENTED_EDGE('',*,*,#8413,.F.);
#3369=ORIENTED_EDGE('',*,*,#8414,.F.);
#3370=CARTESIAN_POINT('',(8.975,2.8,2.75));
#3371=DIRECTION('',(-0.0,1.0,0.0));
#3372=DIRECTION('',(1.0,0.0,0.0));
#3373=ORIENTED_EDGE('',*,*,#8415,.T.);
#3374=ORIENTED_EDGE('',*,*,#8357,.T.);
#3375=ORIENTED_EDGE('',*,*,#8416,.F.);
#3376=ORIENTED_EDGE('',*,*,#8417,.F.);
#3377=CARTESIAN_POINT('',(8.975,2.8,2.75));
#3378=DIRECTION('',(-0.0,1.0,0.0));
#3379=DIRECTION('',(1.0,0.0,0.0));
#3380=ORIENTED_EDGE('',*,*,#8418,.T.);
#3381=ORIENTED_EDGE('',*,*,#8351,.T.);
#3382=ORIENTED_EDGE('',*,*,#8419,.F.);
#3383=ORIENTED_EDGE('',*,*,#8420,.F.);
#3384=CARTESIAN_POINT('',(8.975,2.8,2.75));
#3385=DIRECTION('',(-0.0,1.0,0.0));
#3386=DIRECTION('',(1.0,0.0,0.0));
#3387=ORIENTED_EDGE('',*,*,#8421,.T.);
#3388=ORIENTED_EDGE('',*,*,#8345,.T.);
#3389=ORIENTED_EDGE('',*,*,#8422,.F.);
#3390=ORIENTED_EDGE('',*,*,#8423,.F.);
#3391=CARTESIAN_POINT('',(8.975,2.8,2.75));
#3392=DIRECTION('',(-0.0,1.0,0.0));
#3393=DIRECTION('',(1.0,0.0,0.0));
#3394=ORIENTED_EDGE('',*,*,#8424,.T.);
#3395=ORIENTED_EDGE('',*,*,#8339,.T.);
#3396=ORIENTED_EDGE('',*,*,#8425,.F.);
#3397=ORIENTED_EDGE('',*,*,#8426,.F.);
#3398=CARTESIAN_POINT('',(8.975,2.8,2.75));
#3399=DIRECTION('',(-0.0,1.0,0.0));
#3400=DIRECTION('',(1.0,0.0,0.0));
#3401=ORIENTED_EDGE('',*,*,#8427,.T.);
#3402=ORIENTED_EDGE('',*,*,#8333,.T.);
#3403=ORIENTED_EDGE('',*,*,#8428,.F.);
#3404=ORIENTED_EDGE('',*,*,#8429,.F.);
#3405=CARTESIAN_POINT('',(8.975,2.8,2.75));
#3406=DIRECTION('',(-0.0,1.0,0.0));
#3407=DIRECTION('',(1.0,0.0,0.0));
#3408=ORIENTED_EDGE('',*,*,#8430,.T.);
#3409=ORIENTED_EDGE('',*,*,#8327,.T.);
#3410=ORIENTED_EDGE('',*,*,#8431,.F.);
#3411=ORIENTED_EDGE('',*,*,#8432,.F.);
#3412=CARTESIAN_POINT('',(8.975,2.8,2.75));
#3413=DIRECTION('',(-0.0,1.0,0.0));
#3414=DIRECTION('',(1.0,0.0,0.0));
#3415=ORIENTED_EDGE('',*,*,#8433,.T.);
#3416=ORIENTED_EDGE('',*,*,#8321,.T.);
#3417=ORIENTED_EDGE('',*,*,#8434,.T.);
#3418=ORIENTED_EDGE('',*,*,#8435,.F.);
#3419=CARTESIAN_POINT('',(8.975,2.8,2.75));
#3420=DIRECTION('',(-0.0,1.0,0.0));
#3421=DIRECTION('',(1.0,0.0,0.0));
#3422=ORIENTED_EDGE('',*,*,#8244,.T.);
#3423=ORIENTED_EDGE('',*,*,#8436,.T.);
#3424=ORIENTED_EDGE('',*,*,#8437,.T.);
#3425=ORIENTED_EDGE('',*,*,#8438,.T.);
#3426=ORIENTED_EDGE('',*,*,#8300,.T.);
#3427=ORIENTED_EDGE('',*,*,#8439,.T.);
#3428=ORIENTED_EDGE('',*,*,#8319,.F.);
#3429=ORIENTED_EDGE('',*,*,#8440,.F.);
#3430=ORIENTED_EDGE('',*,*,#8296,.T.);
#3431=ORIENTED_EDGE('',*,*,#8441,.T.);
#3432=ORIENTED_EDGE('',*,*,#8442,.T.);
#3433=ORIENTED_EDGE('',*,*,#8443,.T.);
#3434=ORIENTED_EDGE('',*,*,#8292,.T.);
#3435=ORIENTED_EDGE('',*,*,#8444,.T.);
#3436=ORIENTED_EDGE('',*,*,#8445,.T.);
#3437=ORIENTED_EDGE('',*,*,#8446,.T.);
#3438=ORIENTED_EDGE('',*,*,#8288,.T.);
#3439=ORIENTED_EDGE('',*,*,#8447,.T.);
#3440=ORIENTED_EDGE('',*,*,#8448,.T.);
#3441=ORIENTED_EDGE('',*,*,#8449,.T.);
#3442=ORIENTED_EDGE('',*,*,#8284,.T.);
#3443=ORIENTED_EDGE('',*,*,#8450,.T.);
#3444=ORIENTED_EDGE('',*,*,#8451,.T.);
#3445=ORIENTED_EDGE('',*,*,#8452,.T.);
#3446=ORIENTED_EDGE('',*,*,#8280,.T.);
#3447=ORIENTED_EDGE('',*,*,#8453,.T.);
#3448=ORIENTED_EDGE('',*,*,#8454,.T.);
#3449=ORIENTED_EDGE('',*,*,#8455,.T.);
#3450=ORIENTED_EDGE('',*,*,#8276,.T.);
#3451=ORIENTED_EDGE('',*,*,#8456,.T.);
#3452=ORIENTED_EDGE('',*,*,#8457,.T.);
#3453=ORIENTED_EDGE('',*,*,#8458,.T.);
#3454=ORIENTED_EDGE('',*,*,#8272,.T.);
#3455=ORIENTED_EDGE('',*,*,#8459,.T.);
#3456=ORIENTED_EDGE('',*,*,#8460,.T.);
#3457=ORIENTED_EDGE('',*,*,#8461,.T.);
#3458=ORIENTED_EDGE('',*,*,#8268,.T.);
#3459=ORIENTED_EDGE('',*,*,#8462,.T.);
#3460=ORIENTED_EDGE('',*,*,#8463,.T.);
#3461=ORIENTED_EDGE('',*,*,#8464,.T.);
#3462=ORIENTED_EDGE('',*,*,#8264,.T.);
#3463=ORIENTED_EDGE('',*,*,#8465,.T.);
#3464=ORIENTED_EDGE('',*,*,#8466,.T.);
#3465=ORIENTED_EDGE('',*,*,#8467,.T.);
#3466=ORIENTED_EDGE('',*,*,#8260,.T.);
#3467=ORIENTED_EDGE('',*,*,#8468,.T.);
#3468=ORIENTED_EDGE('',*,*,#8469,.T.);
#3469=ORIENTED_EDGE('',*,*,#8470,.T.);
#3470=ORIENTED_EDGE('',*,*,#8256,.T.);
#3471=ORIENTED_EDGE('',*,*,#8471,.T.);
#3472=ORIENTED_EDGE('',*,*,#8472,.T.);
#3473=ORIENTED_EDGE('',*,*,#8473,.T.);
#3474=ORIENTED_EDGE('',*,*,#8252,.T.);
#3475=ORIENTED_EDGE('',*,*,#8474,.T.);
#3476=ORIENTED_EDGE('',*,*,#8475,.T.);
#3477=ORIENTED_EDGE('',*,*,#8476,.T.);
#3478=ORIENTED_EDGE('',*,*,#8248,.T.);
#3479=ORIENTED_EDGE('',*,*,#8477,.T.);
#3480=ORIENTED_EDGE('',*,*,#8478,.T.);
#3481=ORIENTED_EDGE('',*,*,#8479,.T.);
#3482=CARTESIAN_POINT('',(8.975,3.95,0.45));
#3483=DIRECTION('',(0.0,-1.0,0.0));
#3484=DIRECTION('',(0.0,0.0,-1.0));
#3485=ORIENTED_EDGE('',*,*,#8480,.T.);
#3486=ORIENTED_EDGE('',*,*,#8481,.F.);
#3487=ORIENTED_EDGE('',*,*,#8482,.T.);
#3488=ORIENTED_EDGE('',*,*,#8483,.F.);
#3489=ORIENTED_EDGE('',*,*,#8484,.T.);
#3490=ORIENTED_EDGE('',*,*,#8485,.F.);
#3491=ORIENTED_EDGE('',*,*,#8486,.T.);
#3492=ORIENTED_EDGE('',*,*,#8487,.F.);
#3493=ORIENTED_EDGE('',*,*,#8488,.T.);
#3494=ORIENTED_EDGE('',*,*,#8489,.F.);
#3495=ORIENTED_EDGE('',*,*,#8490,.T.);
#3496=ORIENTED_EDGE('',*,*,#8491,.F.);
#3497=ORIENTED_EDGE('',*,*,#8492,.T.);
#3498=ORIENTED_EDGE('',*,*,#8493,.F.);
#3499=ORIENTED_EDGE('',*,*,#8494,.T.);
#3500=ORIENTED_EDGE('',*,*,#8495,.F.);
#3501=ORIENTED_EDGE('',*,*,#8496,.T.);
#3502=ORIENTED_EDGE('',*,*,#8497,.F.);
#3503=ORIENTED_EDGE('',*,*,#8498,.T.);
#3504=ORIENTED_EDGE('',*,*,#8499,.F.);
#3505=ORIENTED_EDGE('',*,*,#8500,.T.);
#3506=ORIENTED_EDGE('',*,*,#8501,.F.);
#3507=ORIENTED_EDGE('',*,*,#8502,.T.);
#3508=ORIENTED_EDGE('',*,*,#8503,.F.);
#3509=ORIENTED_EDGE('',*,*,#8504,.T.);
#3510=ORIENTED_EDGE('',*,*,#8505,.F.);
#3511=ORIENTED_EDGE('',*,*,#8506,.T.);
#3512=ORIENTED_EDGE('',*,*,#8507,.F.);
#3513=ORIENTED_EDGE('',*,*,#8508,.T.);
#3514=ORIENTED_EDGE('',*,*,#8509,.F.);
#3515=ORIENTED_EDGE('',*,*,#8510,.T.);
#3516=ORIENTED_EDGE('',*,*,#8511,.F.);
#3517=ORIENTED_EDGE('',*,*,#8512,.T.);
#3518=ORIENTED_EDGE('',*,*,#8513,.F.);
#3519=ORIENTED_EDGE('',*,*,#8514,.T.);
#3520=ORIENTED_EDGE('',*,*,#8515,.F.);
#3521=ORIENTED_EDGE('',*,*,#8516,.T.);
#3522=ORIENTED_EDGE('',*,*,#8517,.F.);
#3523=ORIENTED_EDGE('',*,*,#8518,.T.);
#3524=ORIENTED_EDGE('',*,*,#8519,.F.);
#3525=ORIENTED_EDGE('',*,*,#8520,.T.);
#3526=ORIENTED_EDGE('',*,*,#8521,.F.);
#3527=ORIENTED_EDGE('',*,*,#8522,.T.);
#3528=ORIENTED_EDGE('',*,*,#8523,.F.);
#3529=ORIENTED_EDGE('',*,*,#8524,.T.);
#3530=ORIENTED_EDGE('',*,*,#8525,.F.);
#3531=ORIENTED_EDGE('',*,*,#8526,.T.);
#3532=ORIENTED_EDGE('',*,*,#8527,.F.);
#3533=ORIENTED_EDGE('',*,*,#8528,.T.);
#3534=ORIENTED_EDGE('',*,*,#8529,.F.);
#3535=ORIENTED_EDGE('',*,*,#8530,.T.);
#3536=ORIENTED_EDGE('',*,*,#8531,.T.);
#3537=ORIENTED_EDGE('',*,*,#8532,.T.);
#3538=ORIENTED_EDGE('',*,*,#8533,.T.);
#3539=ORIENTED_EDGE('',*,*,#8534,.F.);
#3540=ORIENTED_EDGE('',*,*,#8535,.F.);
#3541=ORIENTED_EDGE('',*,*,#8536,.T.);
#3542=ORIENTED_EDGE('',*,*,#8537,.F.);
#3543=ORIENTED_EDGE('',*,*,#8538,.T.);
#3544=ORIENTED_EDGE('',*,*,#8539,.F.);
#3545=ORIENTED_EDGE('',*,*,#8540,.T.);
#3546=ORIENTED_EDGE('',*,*,#8541,.F.);
#3547=ORIENTED_EDGE('',*,*,#8542,.T.);
#3548=ORIENTED_EDGE('',*,*,#8543,.F.);
#3549=CARTESIAN_POINT('',(9.325,0.6,3.2));
#3550=DIRECTION('',(0.0,0.0,1.0));
#3551=DIRECTION('',(1.0,0.0,0.0));
#3552=ORIENTED_EDGE('',*,*,#8544,.F.);
#3553=ORIENTED_EDGE('',*,*,#8545,.F.);
#3554=ORIENTED_EDGE('',*,*,#8546,.F.);
#3555=ORIENTED_EDGE('',*,*,#8547,.T.);
#3556=CARTESIAN_POINT('',(-7.675,2.5,2.35));
#3557=DIRECTION('',(0.0,-0.994521895368273,-0.104528463267653));
#3558=DIRECTION('',(0.0,0.104528463267653,-0.994521895368273));
#3559=ORIENTED_EDGE('',*,*,#8548,.F.);
#3560=ORIENTED_EDGE('',*,*,#8549,.F.);
#3561=ORIENTED_EDGE('',*,*,#8550,.F.);
#3562=ORIENTED_EDGE('',*,*,#8545,.T.);
#3563=CARTESIAN_POINT('',(-7.675,2.43168224707731,3.0));
#3564=DIRECTION('',(0.0,0.0,-1.0));
#3565=DIRECTION('',(0.0,-1.0,0.0));
#3566=ORIENTED_EDGE('',*,*,#8551,.F.);
#3567=ORIENTED_EDGE('',*,*,#8528,.F.);
#3568=ORIENTED_EDGE('',*,*,#8552,.F.);
#3569=ORIENTED_EDGE('',*,*,#8549,.T.);
#3570=CARTESIAN_POINT('',(-7.675,1.89949548389093,3.0));
#3571=DIRECTION('',(0.0,-0.342020143325668,-0.939692620785909));
#3572=DIRECTION('',(0.0,-0.939692620785909,0.342020143325668));
#3573=ORIENTED_EDGE('',*,*,#8553,.F.);
#3574=ORIENTED_EDGE('',*,*,#8554,.F.);
#3575=ORIENTED_EDGE('',*,*,#8555,.F.);
#3576=ORIENTED_EDGE('',*,*,#8556,.T.);
#3577=CARTESIAN_POINT('',(-6.425,2.5,2.35));
#3578=DIRECTION('',(0.0,-0.994521895368273,-0.104528463267653));
#3579=DIRECTION('',(0.0,0.104528463267653,-0.994521895368273));
#3580=ORIENTED_EDGE('',*,*,#8557,.F.);
#3581=ORIENTED_EDGE('',*,*,#8558,.F.);
#3582=ORIENTED_EDGE('',*,*,#8559,.F.);
#3583=ORIENTED_EDGE('',*,*,#8554,.T.);
#3584=CARTESIAN_POINT('',(-6.425,2.43168224707731,3.0));
#3585=DIRECTION('',(0.0,0.0,-1.0));
#3586=DIRECTION('',(0.0,-1.0,0.0));
#3587=ORIENTED_EDGE('',*,*,#8560,.F.);
#3588=ORIENTED_EDGE('',*,*,#8524,.F.);
#3589=ORIENTED_EDGE('',*,*,#8561,.F.);
#3590=ORIENTED_EDGE('',*,*,#8558,.T.);
#3591=CARTESIAN_POINT('',(-6.425,1.89949548389093,3.0));
#3592=DIRECTION('',(0.0,-0.342020143325668,-0.939692620785909));
#3593=DIRECTION('',(0.0,-0.939692620785909,0.342020143325668));
#3594=ORIENTED_EDGE('',*,*,#8562,.F.);
#3595=ORIENTED_EDGE('',*,*,#8563,.F.);
#3596=ORIENTED_EDGE('',*,*,#8564,.F.);
#3597=ORIENTED_EDGE('',*,*,#8565,.T.);
#3598=CARTESIAN_POINT('',(-5.175,2.5,2.35));
#3599=DIRECTION('',(0.0,-0.994521895368273,-0.104528463267653));
#3600=DIRECTION('',(0.0,0.104528463267653,-0.994521895368273));
#3601=ORIENTED_EDGE('',*,*,#8566,.F.);
#3602=ORIENTED_EDGE('',*,*,#8567,.F.);
#3603=ORIENTED_EDGE('',*,*,#8568,.F.);
#3604=ORIENTED_EDGE('',*,*,#8563,.T.);
#3605=CARTESIAN_POINT('',(-5.175,2.43168224707731,3.0));
#3606=DIRECTION('',(0.0,0.0,-1.0));
#3607=DIRECTION('',(0.0,-1.0,0.0));
#3608=ORIENTED_EDGE('',*,*,#8569,.F.);
#3609=ORIENTED_EDGE('',*,*,#8520,.F.);
#3610=ORIENTED_EDGE('',*,*,#8570,.F.);
#3611=ORIENTED_EDGE('',*,*,#8567,.T.);
#3612=CARTESIAN_POINT('',(-5.175,1.89949548389093,3.0));
#3613=DIRECTION('',(0.0,-0.342020143325668,-0.939692620785909));
#3614=DIRECTION('',(0.0,-0.939692620785909,0.342020143325668));
#3615=ORIENTED_EDGE('',*,*,#8571,.F.);
#3616=ORIENTED_EDGE('',*,*,#8572,.F.);
#3617=ORIENTED_EDGE('',*,*,#8573,.F.);
#3618=ORIENTED_EDGE('',*,*,#8574,.T.);
#3619=CARTESIAN_POINT('',(-3.925,2.5,2.35));
#3620=DIRECTION('',(0.0,-0.994521895368273,-0.104528463267653));
#3621=DIRECTION('',(0.0,0.104528463267653,-0.994521895368273));
#3622=ORIENTED_EDGE('',*,*,#8575,.F.);
#3623=ORIENTED_EDGE('',*,*,#8576,.F.);
#3624=ORIENTED_EDGE('',*,*,#8577,.F.);
#3625=ORIENTED_EDGE('',*,*,#8572,.T.);
#3626=CARTESIAN_POINT('',(-3.925,2.43168224707731,3.0));
#3627=DIRECTION('',(0.0,0.0,-1.0));
#3628=DIRECTION('',(0.0,-1.0,0.0));
#3629=ORIENTED_EDGE('',*,*,#8578,.F.);
#3630=ORIENTED_EDGE('',*,*,#8516,.F.);
#3631=ORIENTED_EDGE('',*,*,#8579,.F.);
#3632=ORIENTED_EDGE('',*,*,#8576,.T.);
#3633=CARTESIAN_POINT('',(-3.925,1.89949548389093,3.0));
#3634=DIRECTION('',(0.0,-0.342020143325668,-0.939692620785909));
#3635=DIRECTION('',(0.0,-0.939692620785909,0.342020143325668));
#3636=ORIENTED_EDGE('',*,*,#8580,.F.);
#3637=ORIENTED_EDGE('',*,*,#8581,.F.);
#3638=ORIENTED_EDGE('',*,*,#8582,.F.);
#3639=ORIENTED_EDGE('',*,*,#8583,.T.);
#3640=CARTESIAN_POINT('',(-2.675,2.5,2.35));
#3641=DIRECTION('',(0.0,-0.994521895368273,-0.104528463267653));
#3642=DIRECTION('',(0.0,0.104528463267653,-0.994521895368273));
#3643=ORIENTED_EDGE('',*,*,#8584,.F.);
#3644=ORIENTED_EDGE('',*,*,#8585,.F.);
#3645=ORIENTED_EDGE('',*,*,#8586,.F.);
#3646=ORIENTED_EDGE('',*,*,#8581,.T.);
#3647=CARTESIAN_POINT('',(-2.675,2.43168224707731,3.0));
#3648=DIRECTION('',(0.0,0.0,-1.0));
#3649=DIRECTION('',(0.0,-1.0,0.0));
#3650=ORIENTED_EDGE('',*,*,#8587,.F.);
#3651=ORIENTED_EDGE('',*,*,#8512,.F.);
#3652=ORIENTED_EDGE('',*,*,#8588,.F.);
#3653=ORIENTED_EDGE('',*,*,#8585,.T.);
#3654=CARTESIAN_POINT('',(-2.675,1.89949548389093,3.0));
#3655=DIRECTION('',(0.0,-0.342020143325668,-0.939692620785909));
#3656=DIRECTION('',(0.0,-0.939692620785909,0.342020143325668));
#3657=ORIENTED_EDGE('',*,*,#8589,.F.);
#3658=ORIENTED_EDGE('',*,*,#8590,.F.);
#3659=ORIENTED_EDGE('',*,*,#8591,.F.);
#3660=ORIENTED_EDGE('',*,*,#8592,.T.);
#3661=CARTESIAN_POINT('',(-1.425,2.5,2.35));
#3662=DIRECTION('',(0.0,-0.994521895368273,-0.104528463267653));
#3663=DIRECTION('',(0.0,0.104528463267653,-0.994521895368273));
#3664=ORIENTED_EDGE('',*,*,#8593,.F.);
#3665=ORIENTED_EDGE('',*,*,#8594,.F.);
#3666=ORIENTED_EDGE('',*,*,#8595,.F.);
#3667=ORIENTED_EDGE('',*,*,#8590,.T.);
#3668=CARTESIAN_POINT('',(-1.425,2.43168224707731,3.0));
#3669=DIRECTION('',(0.0,0.0,-1.0));
#3670=DIRECTION('',(0.0,-1.0,0.0));
#3671=ORIENTED_EDGE('',*,*,#8596,.F.);
#3672=ORIENTED_EDGE('',*,*,#8508,.F.);
#3673=ORIENTED_EDGE('',*,*,#8597,.F.);
#3674=ORIENTED_EDGE('',*,*,#8594,.T.);
#3675=CARTESIAN_POINT('',(-1.425,1.89949548389093,3.0));
#3676=DIRECTION('',(0.0,-0.342020143325668,-0.939692620785909));
#3677=DIRECTION('',(0.0,-0.939692620785909,0.342020143325668));
#3678=ORIENTED_EDGE('',*,*,#8598,.F.);
#3679=ORIENTED_EDGE('',*,*,#8599,.F.);
#3680=ORIENTED_EDGE('',*,*,#8600,.F.);
#3681=ORIENTED_EDGE('',*,*,#8601,.T.);
#3682=CARTESIAN_POINT('',(-0.175,2.5,2.35));
#3683=DIRECTION('',(0.0,-0.994521895368273,-0.104528463267653));
#3684=DIRECTION('',(0.0,0.104528463267653,-0.994521895368273));
#3685=ORIENTED_EDGE('',*,*,#8602,.F.);
#3686=ORIENTED_EDGE('',*,*,#8603,.F.);
#3687=ORIENTED_EDGE('',*,*,#8604,.F.);
#3688=ORIENTED_EDGE('',*,*,#8599,.T.);
#3689=CARTESIAN_POINT('',(-0.175,2.43168224707731,3.0));
#3690=DIRECTION('',(0.0,0.0,-1.0));
#3691=DIRECTION('',(0.0,-1.0,0.0));
#3692=ORIENTED_EDGE('',*,*,#8605,.F.);
#3693=ORIENTED_EDGE('',*,*,#8504,.F.);
#3694=ORIENTED_EDGE('',*,*,#8606,.F.);
#3695=ORIENTED_EDGE('',*,*,#8603,.T.);
#3696=CARTESIAN_POINT('',(-0.175,1.89949548389093,3.0));
#3697=DIRECTION('',(0.0,-0.342020143325668,-0.939692620785909));
#3698=DIRECTION('',(0.0,-0.939692620785909,0.342020143325668));
#3699=ORIENTED_EDGE('',*,*,#8607,.F.);
#3700=ORIENTED_EDGE('',*,*,#8608,.F.);
#3701=ORIENTED_EDGE('',*,*,#8609,.F.);
#3702=ORIENTED_EDGE('',*,*,#8610,.T.);
#3703=CARTESIAN_POINT('',(1.075,2.5,2.35));
#3704=DIRECTION('',(0.0,-0.994521895368273,-0.104528463267653));
#3705=DIRECTION('',(0.0,0.104528463267653,-0.994521895368273));
#3706=ORIENTED_EDGE('',*,*,#8611,.F.);
#3707=ORIENTED_EDGE('',*,*,#8612,.F.);
#3708=ORIENTED_EDGE('',*,*,#8613,.F.);
#3709=ORIENTED_EDGE('',*,*,#8608,.T.);
#3710=CARTESIAN_POINT('',(1.075,2.43168224707731,3.0));
#3711=DIRECTION('',(0.0,0.0,-1.0));
#3712=DIRECTION('',(0.0,-1.0,0.0));
#3713=ORIENTED_EDGE('',*,*,#8614,.F.);
#3714=ORIENTED_EDGE('',*,*,#8500,.F.);
#3715=ORIENTED_EDGE('',*,*,#8615,.F.);
#3716=ORIENTED_EDGE('',*,*,#8612,.T.);
#3717=CARTESIAN_POINT('',(1.075,1.89949548389093,3.0));
#3718=DIRECTION('',(0.0,-0.342020143325668,-0.939692620785909));
#3719=DIRECTION('',(0.0,-0.939692620785909,0.342020143325668));
#3720=ORIENTED_EDGE('',*,*,#8616,.F.);
#3721=ORIENTED_EDGE('',*,*,#8617,.F.);
#3722=ORIENTED_EDGE('',*,*,#8618,.F.);
#3723=ORIENTED_EDGE('',*,*,#8619,.T.);
#3724=CARTESIAN_POINT('',(2.325,2.5,2.35));
#3725=DIRECTION('',(0.0,-0.994521895368273,-0.104528463267653));
#3726=DIRECTION('',(0.0,0.104528463267653,-0.994521895368273));
#3727=ORIENTED_EDGE('',*,*,#8620,.F.);
#3728=ORIENTED_EDGE('',*,*,#8621,.F.);
#3729=ORIENTED_EDGE('',*,*,#8622,.F.);
#3730=ORIENTED_EDGE('',*,*,#8617,.T.);
#3731=CARTESIAN_POINT('',(2.325,2.43168224707731,3.0));
#3732=DIRECTION('',(0.0,0.0,-1.0));
#3733=DIRECTION('',(0.0,-1.0,0.0));
#3734=ORIENTED_EDGE('',*,*,#8623,.F.);
#3735=ORIENTED_EDGE('',*,*,#8496,.F.);
#3736=ORIENTED_EDGE('',*,*,#8624,.F.);
#3737=ORIENTED_EDGE('',*,*,#8621,.T.);
#3738=CARTESIAN_POINT('',(2.325,1.89949548389093,3.0));
#3739=DIRECTION('',(0.0,-0.342020143325668,-0.939692620785909));
#3740=DIRECTION('',(0.0,-0.939692620785909,0.342020143325668));
#3741=ORIENTED_EDGE('',*,*,#8625,.F.);
#3742=ORIENTED_EDGE('',*,*,#8626,.F.);
#3743=ORIENTED_EDGE('',*,*,#8627,.F.);
#3744=ORIENTED_EDGE('',*,*,#8628,.T.);
#3745=CARTESIAN_POINT('',(3.575,2.5,2.35));
#3746=DIRECTION('',(0.0,-0.994521895368273,-0.104528463267653));
#3747=DIRECTION('',(0.0,0.104528463267653,-0.994521895368273));
#3748=ORIENTED_EDGE('',*,*,#8629,.F.);
#3749=ORIENTED_EDGE('',*,*,#8630,.F.);
#3750=ORIENTED_EDGE('',*,*,#8631,.F.);
#3751=ORIENTED_EDGE('',*,*,#8626,.T.);
#3752=CARTESIAN_POINT('',(3.575,2.43168224707731,3.0));
#3753=DIRECTION('',(0.0,0.0,-1.0));
#3754=DIRECTION('',(0.0,-1.0,0.0));
#3755=ORIENTED_EDGE('',*,*,#8632,.F.);
#3756=ORIENTED_EDGE('',*,*,#8492,.F.);
#3757=ORIENTED_EDGE('',*,*,#8633,.F.);
#3758=ORIENTED_EDGE('',*,*,#8630,.T.);
#3759=CARTESIAN_POINT('',(3.575,1.89949548389093,3.0));
#3760=DIRECTION('',(0.0,-0.342020143325668,-0.939692620785909));
#3761=DIRECTION('',(0.0,-0.939692620785909,0.342020143325668));
#3762=ORIENTED_EDGE('',*,*,#8634,.F.);
#3763=ORIENTED_EDGE('',*,*,#8635,.F.);
#3764=ORIENTED_EDGE('',*,*,#8636,.F.);
#3765=ORIENTED_EDGE('',*,*,#8637,.T.);
#3766=CARTESIAN_POINT('',(4.825,2.5,2.35));
#3767=DIRECTION('',(0.0,-0.994521895368273,-0.104528463267653));
#3768=DIRECTION('',(0.0,0.104528463267653,-0.994521895368273));
#3769=ORIENTED_EDGE('',*,*,#8638,.F.);
#3770=ORIENTED_EDGE('',*,*,#8639,.F.);
#3771=ORIENTED_EDGE('',*,*,#8640,.F.);
#3772=ORIENTED_EDGE('',*,*,#8635,.T.);
#3773=CARTESIAN_POINT('',(4.825,2.43168224707731,3.0));
#3774=DIRECTION('',(0.0,0.0,-1.0));
#3775=DIRECTION('',(0.0,-1.0,0.0));
#3776=ORIENTED_EDGE('',*,*,#8641,.F.);
#3777=ORIENTED_EDGE('',*,*,#8488,.F.);
#3778=ORIENTED_EDGE('',*,*,#8642,.F.);
#3779=ORIENTED_EDGE('',*,*,#8639,.T.);
#3780=CARTESIAN_POINT('',(4.825,1.89949548389093,3.0));
#3781=DIRECTION('',(0.0,-0.342020143325668,-0.939692620785909));
#3782=DIRECTION('',(0.0,-0.939692620785909,0.342020143325668));
#3783=ORIENTED_EDGE('',*,*,#8643,.F.);
#3784=ORIENTED_EDGE('',*,*,#8644,.F.);
#3785=ORIENTED_EDGE('',*,*,#8645,.F.);
#3786=ORIENTED_EDGE('',*,*,#8646,.T.);
#3787=CARTESIAN_POINT('',(6.075,2.5,2.35));
#3788=DIRECTION('',(0.0,-0.994521895368273,-0.104528463267653));
#3789=DIRECTION('',(0.0,0.104528463267653,-0.994521895368273));
#3790=ORIENTED_EDGE('',*,*,#8647,.F.);
#3791=ORIENTED_EDGE('',*,*,#8648,.F.);
#3792=ORIENTED_EDGE('',*,*,#8649,.F.);
#3793=ORIENTED_EDGE('',*,*,#8644,.T.);
#3794=CARTESIAN_POINT('',(6.075,2.43168224707731,3.0));
#3795=DIRECTION('',(0.0,0.0,-1.0));
#3796=DIRECTION('',(0.0,-1.0,0.0));
#3797=ORIENTED_EDGE('',*,*,#8650,.F.);
#3798=ORIENTED_EDGE('',*,*,#8484,.F.);
#3799=ORIENTED_EDGE('',*,*,#8651,.F.);
#3800=ORIENTED_EDGE('',*,*,#8648,.T.);
#3801=CARTESIAN_POINT('',(6.075,1.89949548389093,3.0));
#3802=DIRECTION('',(0.0,-0.342020143325668,-0.939692620785909));
#3803=DIRECTION('',(0.0,-0.939692620785909,0.342020143325668));
#3804=ORIENTED_EDGE('',*,*,#8652,.F.);
#3805=ORIENTED_EDGE('',*,*,#8653,.F.);
#3806=ORIENTED_EDGE('',*,*,#8654,.F.);
#3807=ORIENTED_EDGE('',*,*,#8655,.T.);
#3808=CARTESIAN_POINT('',(7.325,2.5,2.35));
#3809=DIRECTION('',(0.0,-0.994521895368273,-0.104528463267653));
#3810=DIRECTION('',(0.0,0.104528463267653,-0.994521895368273));
#3811=ORIENTED_EDGE('',*,*,#8656,.F.);
#3812=ORIENTED_EDGE('',*,*,#8657,.F.);
#3813=ORIENTED_EDGE('',*,*,#8658,.F.);
#3814=ORIENTED_EDGE('',*,*,#8653,.T.);
#3815=CARTESIAN_POINT('',(7.325,2.43168224707731,3.0));
#3816=DIRECTION('',(0.0,0.0,-1.0));
#3817=DIRECTION('',(0.0,-1.0,0.0));
#3818=ORIENTED_EDGE('',*,*,#8659,.F.);
#3819=ORIENTED_EDGE('',*,*,#8480,.F.);
#3820=ORIENTED_EDGE('',*,*,#8660,.F.);
#3821=ORIENTED_EDGE('',*,*,#8657,.T.);
#3822=CARTESIAN_POINT('',(7.325,1.89949548389093,3.0));
#3823=DIRECTION('',(0.0,-0.342020143325668,-0.939692620785909));
#3824=DIRECTION('',(0.0,-0.939692620785909,0.342020143325668));
#3825=ORIENTED_EDGE('',*,*,#8547,.F.);
#3826=ORIENTED_EDGE('',*,*,#8661,.T.);
#3827=ORIENTED_EDGE('',*,*,#8662,.F.);
#3828=ORIENTED_EDGE('',*,*,#8663,.T.);
#3829=ORIENTED_EDGE('',*,*,#8556,.F.);
#3830=ORIENTED_EDGE('',*,*,#8664,.T.);
#3831=ORIENTED_EDGE('',*,*,#8665,.F.);
#3832=ORIENTED_EDGE('',*,*,#8666,.T.);
#3833=ORIENTED_EDGE('',*,*,#8565,.F.);
#3834=ORIENTED_EDGE('',*,*,#8667,.T.);
#3835=ORIENTED_EDGE('',*,*,#8668,.F.);
#3836=ORIENTED_EDGE('',*,*,#8669,.T.);
#3837=ORIENTED_EDGE('',*,*,#8574,.F.);
#3838=ORIENTED_EDGE('',*,*,#8670,.T.);
#3839=ORIENTED_EDGE('',*,*,#8671,.F.);
#3840=ORIENTED_EDGE('',*,*,#8672,.T.);
#3841=ORIENTED_EDGE('',*,*,#8583,.F.);
#3842=ORIENTED_EDGE('',*,*,#8673,.T.);
#3843=ORIENTED_EDGE('',*,*,#8674,.F.);
#3844=ORIENTED_EDGE('',*,*,#8675,.T.);
#3845=ORIENTED_EDGE('',*,*,#8592,.F.);
#3846=ORIENTED_EDGE('',*,*,#8676,.T.);
#3847=ORIENTED_EDGE('',*,*,#8677,.F.);
#3848=ORIENTED_EDGE('',*,*,#8678,.T.);
#3849=ORIENTED_EDGE('',*,*,#8601,.F.);
#3850=ORIENTED_EDGE('',*,*,#8679,.T.);
#3851=ORIENTED_EDGE('',*,*,#8680,.F.);
#3852=ORIENTED_EDGE('',*,*,#8681,.T.);
#3853=ORIENTED_EDGE('',*,*,#8610,.F.);
#3854=ORIENTED_EDGE('',*,*,#8682,.T.);
#3855=ORIENTED_EDGE('',*,*,#8683,.F.);
#3856=ORIENTED_EDGE('',*,*,#8684,.T.);
#3857=ORIENTED_EDGE('',*,*,#8619,.F.);
#3858=ORIENTED_EDGE('',*,*,#8685,.T.);
#3859=ORIENTED_EDGE('',*,*,#8686,.F.);
#3860=ORIENTED_EDGE('',*,*,#8687,.T.);
#3861=ORIENTED_EDGE('',*,*,#8628,.F.);
#3862=ORIENTED_EDGE('',*,*,#8688,.T.);
#3863=ORIENTED_EDGE('',*,*,#8689,.F.);
#3864=ORIENTED_EDGE('',*,*,#8690,.T.);
#3865=ORIENTED_EDGE('',*,*,#8637,.F.);
#3866=ORIENTED_EDGE('',*,*,#8691,.T.);
#3867=ORIENTED_EDGE('',*,*,#8692,.F.);
#3868=ORIENTED_EDGE('',*,*,#8693,.T.);
#3869=ORIENTED_EDGE('',*,*,#8646,.F.);
#3870=ORIENTED_EDGE('',*,*,#8694,.T.);
#3871=ORIENTED_EDGE('',*,*,#8695,.F.);
#3872=ORIENTED_EDGE('',*,*,#8696,.T.);
#3873=ORIENTED_EDGE('',*,*,#8655,.F.);
#3874=ORIENTED_EDGE('',*,*,#8697,.T.);
#3875=ORIENTED_EDGE('',*,*,#8698,.F.);
#3876=ORIENTED_EDGE('',*,*,#8699,.T.);
#3877=ORIENTED_EDGE('',*,*,#8700,.F.);
#3878=ORIENTED_EDGE('',*,*,#8701,.T.);
#3879=ORIENTED_EDGE('',*,*,#8702,.F.);
#3880=ORIENTED_EDGE('',*,*,#8703,.F.);
#3881=ORIENTED_EDGE('',*,*,#8704,.T.);
#3882=ORIENTED_EDGE('',*,*,#8705,.F.);
#3883=ORIENTED_EDGE('',*,*,#8706,.F.);
#3884=ORIENTED_EDGE('',*,*,#8707,.F.);
#3885=ORIENTED_EDGE('',*,*,#8708,.F.);
#3886=ORIENTED_EDGE('',*,*,#8709,.F.);
#3887=ORIENTED_EDGE('',*,*,#8395,.T.);
#3888=ORIENTED_EDGE('',*,*,#8710,.F.);
#3889=ORIENTED_EDGE('',*,*,#8711,.F.);
#3890=ORIENTED_EDGE('',*,*,#8712,.F.);
#3891=ORIENTED_EDGE('',*,*,#8713,.F.);
#3892=ORIENTED_EDGE('',*,*,#8714,.F.);
#3893=ORIENTED_EDGE('',*,*,#8399,.T.);
#3894=ORIENTED_EDGE('',*,*,#8715,.F.);
#3895=ORIENTED_EDGE('',*,*,#8716,.F.);
#3896=ORIENTED_EDGE('',*,*,#8717,.F.);
#3897=ORIENTED_EDGE('',*,*,#8718,.F.);
#3898=ORIENTED_EDGE('',*,*,#8719,.F.);
#3899=ORIENTED_EDGE('',*,*,#8402,.T.);
#3900=ORIENTED_EDGE('',*,*,#8720,.F.);
#3901=ORIENTED_EDGE('',*,*,#8721,.F.);
#3902=ORIENTED_EDGE('',*,*,#8722,.F.);
#3903=ORIENTED_EDGE('',*,*,#8723,.F.);
#3904=ORIENTED_EDGE('',*,*,#8724,.F.);
#3905=ORIENTED_EDGE('',*,*,#8405,.T.);
#3906=ORIENTED_EDGE('',*,*,#8725,.F.);
#3907=ORIENTED_EDGE('',*,*,#8726,.F.);
#3908=ORIENTED_EDGE('',*,*,#8727,.F.);
#3909=ORIENTED_EDGE('',*,*,#8728,.F.);
#3910=ORIENTED_EDGE('',*,*,#8729,.F.);
#3911=ORIENTED_EDGE('',*,*,#8408,.T.);
#3912=ORIENTED_EDGE('',*,*,#8730,.F.);
#3913=ORIENTED_EDGE('',*,*,#8731,.F.);
#3914=ORIENTED_EDGE('',*,*,#8732,.F.);
#3915=ORIENTED_EDGE('',*,*,#8733,.F.);
#3916=ORIENTED_EDGE('',*,*,#8734,.F.);
#3917=ORIENTED_EDGE('',*,*,#8411,.T.);
#3918=ORIENTED_EDGE('',*,*,#8735,.F.);
#3919=ORIENTED_EDGE('',*,*,#8736,.F.);
#3920=ORIENTED_EDGE('',*,*,#8737,.F.);
#3921=ORIENTED_EDGE('',*,*,#8738,.F.);
#3922=ORIENTED_EDGE('',*,*,#8739,.F.);
#3923=ORIENTED_EDGE('',*,*,#8414,.T.);
#3924=ORIENTED_EDGE('',*,*,#8740,.F.);
#3925=ORIENTED_EDGE('',*,*,#8741,.F.);
#3926=ORIENTED_EDGE('',*,*,#8742,.F.);
#3927=ORIENTED_EDGE('',*,*,#8743,.F.);
#3928=ORIENTED_EDGE('',*,*,#8744,.F.);
#3929=ORIENTED_EDGE('',*,*,#8417,.T.);
#3930=ORIENTED_EDGE('',*,*,#8745,.F.);
#3931=ORIENTED_EDGE('',*,*,#8746,.F.);
#3932=ORIENTED_EDGE('',*,*,#8747,.F.);
#3933=ORIENTED_EDGE('',*,*,#8748,.F.);
#3934=ORIENTED_EDGE('',*,*,#8749,.F.);
#3935=ORIENTED_EDGE('',*,*,#8420,.T.);
#3936=ORIENTED_EDGE('',*,*,#8750,.F.);
#3937=ORIENTED_EDGE('',*,*,#8751,.F.);
#3938=ORIENTED_EDGE('',*,*,#8752,.F.);
#3939=ORIENTED_EDGE('',*,*,#8753,.F.);
#3940=ORIENTED_EDGE('',*,*,#8754,.F.);
#3941=ORIENTED_EDGE('',*,*,#8423,.T.);
#3942=ORIENTED_EDGE('',*,*,#8755,.F.);
#3943=ORIENTED_EDGE('',*,*,#8756,.F.);
#3944=ORIENTED_EDGE('',*,*,#8757,.F.);
#3945=ORIENTED_EDGE('',*,*,#8758,.F.);
#3946=ORIENTED_EDGE('',*,*,#8759,.F.);
#3947=ORIENTED_EDGE('',*,*,#8426,.T.);
#3948=ORIENTED_EDGE('',*,*,#8760,.F.);
#3949=ORIENTED_EDGE('',*,*,#8761,.F.);
#3950=ORIENTED_EDGE('',*,*,#8762,.F.);
#3951=ORIENTED_EDGE('',*,*,#8763,.F.);
#3952=ORIENTED_EDGE('',*,*,#8764,.F.);
#3953=ORIENTED_EDGE('',*,*,#8429,.T.);
#3954=ORIENTED_EDGE('',*,*,#8765,.F.);
#3955=ORIENTED_EDGE('',*,*,#8766,.F.);
#3956=ORIENTED_EDGE('',*,*,#8767,.F.);
#3957=ORIENTED_EDGE('',*,*,#8768,.F.);
#3958=ORIENTED_EDGE('',*,*,#8769,.F.);
#3959=ORIENTED_EDGE('',*,*,#8432,.T.);
#3960=ORIENTED_EDGE('',*,*,#8770,.F.);
#3961=ORIENTED_EDGE('',*,*,#8771,.F.);
#3962=ORIENTED_EDGE('',*,*,#8772,.F.);
#3963=ORIENTED_EDGE('',*,*,#8773,.F.);
#3964=ORIENTED_EDGE('',*,*,#8774,.F.);
#3965=ORIENTED_EDGE('',*,*,#8435,.T.);
#3966=ORIENTED_EDGE('',*,*,#8775,.T.);
#3967=ORIENTED_EDGE('',*,*,#8776,.F.);
#3968=ORIENTED_EDGE('',*,*,#8777,.T.);
#3969=CARTESIAN_POINT('',(8.975,2.8,2.35));
#3970=DIRECTION('',(0.0,2.16840434497101E-16,-1.0));
#3971=DIRECTION('',(-1.0,0.0,0.0));
#3972=ORIENTED_EDGE('',*,*,#8778,.T.);
#3973=ORIENTED_EDGE('',*,*,#8695,.T.);
#3974=ORIENTED_EDGE('',*,*,#8779,.F.);
#3975=ORIENTED_EDGE('',*,*,#8482,.F.);
#3976=CARTESIAN_POINT('',(8.975,0.8,2.35));
#3977=DIRECTION('',(0.0,-1.0,0.0));
#3978=DIRECTION('',(0.0,0.0,-1.0));
#3979=ORIENTED_EDGE('',*,*,#8780,.T.);
#3980=ORIENTED_EDGE('',*,*,#8692,.T.);
#3981=ORIENTED_EDGE('',*,*,#8781,.F.);
#3982=ORIENTED_EDGE('',*,*,#8486,.F.);
#3983=CARTESIAN_POINT('',(8.975,0.8,2.35));
#3984=DIRECTION('',(0.0,-1.0,0.0));
#3985=DIRECTION('',(0.0,0.0,-1.0));
#3986=ORIENTED_EDGE('',*,*,#8782,.T.);
#3987=ORIENTED_EDGE('',*,*,#8689,.T.);
#3988=ORIENTED_EDGE('',*,*,#8783,.F.);
#3989=ORIENTED_EDGE('',*,*,#8490,.F.);
#3990=CARTESIAN_POINT('',(8.975,0.8,2.35));
#3991=DIRECTION('',(0.0,-1.0,0.0));
#3992=DIRECTION('',(0.0,0.0,-1.0));
#3993=ORIENTED_EDGE('',*,*,#8784,.T.);
#3994=ORIENTED_EDGE('',*,*,#8686,.T.);
#3995=ORIENTED_EDGE('',*,*,#8785,.F.);
#3996=ORIENTED_EDGE('',*,*,#8494,.F.);
#3997=CARTESIAN_POINT('',(8.975,0.8,2.35));
#3998=DIRECTION('',(0.0,-1.0,0.0));
#3999=DIRECTION('',(0.0,0.0,-1.0));
#4000=ORIENTED_EDGE('',*,*,#8786,.T.);
#4001=ORIENTED_EDGE('',*,*,#8683,.T.);
#4002=ORIENTED_EDGE('',*,*,#8787,.F.);
#4003=ORIENTED_EDGE('',*,*,#8498,.F.);
#4004=CARTESIAN_POINT('',(8.975,0.8,2.35));
#4005=DIRECTION('',(0.0,-1.0,0.0));
#4006=DIRECTION('',(0.0,0.0,-1.0));
#4007=ORIENTED_EDGE('',*,*,#8788,.T.);
#4008=ORIENTED_EDGE('',*,*,#8680,.T.);
#4009=ORIENTED_EDGE('',*,*,#8789,.F.);
#4010=ORIENTED_EDGE('',*,*,#8502,.F.);
#4011=CARTESIAN_POINT('',(8.975,0.8,2.35));
#4012=DIRECTION('',(0.0,-1.0,0.0));
#4013=DIRECTION('',(0.0,0.0,-1.0));
#4014=ORIENTED_EDGE('',*,*,#8790,.T.);
#4015=ORIENTED_EDGE('',*,*,#8677,.T.);
#4016=ORIENTED_EDGE('',*,*,#8791,.F.);
#4017=ORIENTED_EDGE('',*,*,#8506,.F.);
#4018=CARTESIAN_POINT('',(8.975,0.8,2.35));
#4019=DIRECTION('',(0.0,-1.0,0.0));
#4020=DIRECTION('',(0.0,0.0,-1.0));
#4021=ORIENTED_EDGE('',*,*,#8792,.T.);
#4022=ORIENTED_EDGE('',*,*,#8674,.T.);
#4023=ORIENTED_EDGE('',*,*,#8793,.F.);
#4024=ORIENTED_EDGE('',*,*,#8510,.F.);
#4025=CARTESIAN_POINT('',(8.975,0.8,2.35));
#4026=DIRECTION('',(0.0,-1.0,0.0));
#4027=DIRECTION('',(0.0,0.0,-1.0));
#4028=ORIENTED_EDGE('',*,*,#8794,.T.);
#4029=ORIENTED_EDGE('',*,*,#8671,.T.);
#4030=ORIENTED_EDGE('',*,*,#8795,.F.);
#4031=ORIENTED_EDGE('',*,*,#8514,.F.);
#4032=CARTESIAN_POINT('',(8.975,0.8,2.35));
#4033=DIRECTION('',(0.0,-1.0,0.0));
#4034=DIRECTION('',(0.0,0.0,-1.0));
#4035=ORIENTED_EDGE('',*,*,#8796,.T.);
#4036=ORIENTED_EDGE('',*,*,#8668,.T.);
#4037=ORIENTED_EDGE('',*,*,#8797,.F.);
#4038=ORIENTED_EDGE('',*,*,#8518,.F.);
#4039=CARTESIAN_POINT('',(8.975,0.8,2.35));
#4040=DIRECTION('',(0.0,-1.0,0.0));
#4041=DIRECTION('',(0.0,0.0,-1.0));
#4042=ORIENTED_EDGE('',*,*,#8798,.T.);
#4043=ORIENTED_EDGE('',*,*,#8665,.T.);
#4044=ORIENTED_EDGE('',*,*,#8799,.F.);
#4045=ORIENTED_EDGE('',*,*,#8522,.F.);
#4046=CARTESIAN_POINT('',(8.975,0.8,2.35));
#4047=DIRECTION('',(0.0,-1.0,0.0));
#4048=DIRECTION('',(0.0,0.0,-1.0));
#4049=ORIENTED_EDGE('',*,*,#8800,.T.);
#4050=ORIENTED_EDGE('',*,*,#8662,.T.);
#4051=ORIENTED_EDGE('',*,*,#8801,.F.);
#4052=ORIENTED_EDGE('',*,*,#8526,.F.);
#4053=CARTESIAN_POINT('',(8.975,0.8,2.35));
#4054=DIRECTION('',(0.0,-1.0,0.0));
#4055=DIRECTION('',(0.0,0.0,-1.0));
#4056=ORIENTED_EDGE('',*,*,#8802,.T.);
#4057=ORIENTED_EDGE('',*,*,#8776,.T.);
#4058=ORIENTED_EDGE('',*,*,#8803,.T.);
#4059=ORIENTED_EDGE('',*,*,#8530,.F.);
#4060=CARTESIAN_POINT('',(8.975,0.8,2.35));
#4061=DIRECTION('',(0.0,-1.0,0.0));
#4062=DIRECTION('',(0.0,0.0,-1.0));
#4063=ORIENTED_EDGE('',*,*,#8536,.F.);
#4064=ORIENTED_EDGE('',*,*,#8804,.T.);
#4065=ORIENTED_EDGE('',*,*,#8805,.T.);
#4066=ORIENTED_EDGE('',*,*,#8806,.T.);
#4067=ORIENTED_EDGE('',*,*,#8532,.F.);
#4068=ORIENTED_EDGE('',*,*,#8807,.T.);
#4069=ORIENTED_EDGE('',*,*,#8808,.F.);
#4070=ORIENTED_EDGE('',*,*,#8809,.F.);
#4071=ORIENTED_EDGE('',*,*,#8810,.F.);
#4072=ORIENTED_EDGE('',*,*,#8811,.T.);
#4073=ORIENTED_EDGE('',*,*,#8298,.F.);
#4074=ORIENTED_EDGE('',*,*,#8812,.F.);
#4075=ORIENTED_EDGE('',*,*,#8813,.F.);
#4076=ORIENTED_EDGE('',*,*,#8814,.F.);
#4077=ORIENTED_EDGE('',*,*,#8815,.F.);
#4078=ORIENTED_EDGE('',*,*,#8816,.F.);
#4079=CARTESIAN_POINT('',(-9.325,0.6,0.3));
#4080=DIRECTION('',(0.0,-1.0,0.0));
#4081=DIRECTION('',(0.0,0.0,-1.0));
#4082=ORIENTED_EDGE('',*,*,#8817,.F.);
#4083=ORIENTED_EDGE('',*,*,#8818,.F.);
#4084=ORIENTED_EDGE('',*,*,#8819,.T.);
#4085=ORIENTED_EDGE('',*,*,#8807,.F.);
#4086=ORIENTED_EDGE('',*,*,#8531,.F.);
#4087=ORIENTED_EDGE('',*,*,#8803,.F.);
#4088=ORIENTED_EDGE('',*,*,#8775,.F.);
#4089=ORIENTED_EDGE('',*,*,#8434,.F.);
#4090=ORIENTED_EDGE('',*,*,#8320,.F.);
#4091=ORIENTED_EDGE('',*,*,#8439,.F.);
#4092=ORIENTED_EDGE('',*,*,#8299,.F.);
#4093=ORIENTED_EDGE('',*,*,#8811,.F.);
#4094=CARTESIAN_POINT('',(-8.975,0.0,0.0));
#4095=DIRECTION('',(1.0,0.0,0.0));
#4096=DIRECTION('',(0.0,1.0,0.0));
#4097=ORIENTED_EDGE('',*,*,#8820,.F.);
#4098=ORIENTED_EDGE('',*,*,#8704,.F.);
#4099=ORIENTED_EDGE('',*,*,#8821,.F.);
#4100=ORIENTED_EDGE('',*,*,#8317,.T.);
#4101=CARTESIAN_POINT('',(8.975,2.8,2.75));
#4102=DIRECTION('',(-0.0,1.0,0.0));
#4103=DIRECTION('',(1.0,0.0,0.0));
#4104=ORIENTED_EDGE('',*,*,#8822,.F.);
#4105=ORIENTED_EDGE('',*,*,#8700,.T.);
#4106=ORIENTED_EDGE('',*,*,#8823,.F.);
#4107=ORIENTED_EDGE('',*,*,#8824,.F.);
#4108=CARTESIAN_POINT('',(8.575,2.5,2.35));
#4109=DIRECTION('',(0.0,-0.994521895368273,-0.104528463267653));
#4110=DIRECTION('',(0.0,0.104528463267653,-0.994521895368273));
#4111=ORIENTED_EDGE('',*,*,#8825,.F.);
#4112=ORIENTED_EDGE('',*,*,#8824,.T.);
#4113=ORIENTED_EDGE('',*,*,#8826,.F.);
#4114=ORIENTED_EDGE('',*,*,#8827,.F.);
#4115=CARTESIAN_POINT('',(8.575,2.43168224707731,3.0));
#4116=DIRECTION('',(0.0,0.0,-1.0));
#4117=DIRECTION('',(0.0,-1.0,0.0));
#4118=ORIENTED_EDGE('',*,*,#8828,.F.);
#4119=ORIENTED_EDGE('',*,*,#8827,.T.);
#4120=ORIENTED_EDGE('',*,*,#8829,.F.);
#4121=ORIENTED_EDGE('',*,*,#8540,.F.);
#4122=CARTESIAN_POINT('',(8.575,1.89949548389093,3.0));
#4123=DIRECTION('',(0.0,-0.342020143325668,-0.939692620785909));
#4124=DIRECTION('',(0.0,-0.939692620785909,0.342020143325668));
#4125=ORIENTED_EDGE('',*,*,#8830,.F.);
#4126=ORIENTED_EDGE('',*,*,#8538,.F.);
#4127=ORIENTED_EDGE('',*,*,#8831,.F.);
#4128=ORIENTED_EDGE('',*,*,#8702,.T.);
#4129=CARTESIAN_POINT('',(8.975,0.8,2.35));
#4130=DIRECTION('',(0.0,-1.0,0.0));
#4131=DIRECTION('',(0.0,0.0,-1.0));
#4132=ORIENTED_EDGE('',*,*,#8832,.F.);
#4133=ORIENTED_EDGE('',*,*,#8833,.T.);
#4134=ORIENTED_EDGE('',*,*,#8834,.T.);
#4135=ORIENTED_EDGE('',*,*,#8835,.F.);
#4136=CARTESIAN_POINT('',(-9.625,0.6,2.9));
#4137=DIRECTION('',(-1.0,0.0,0.0));
#4138=DIRECTION('',(0.0,0.0,1.0));
#4139=ORIENTED_EDGE('',*,*,#8834,.F.);
#4140=ORIENTED_EDGE('',*,*,#8836,.T.);
#4141=ORIENTED_EDGE('',*,*,#8837,.T.);
#4142=ORIENTED_EDGE('',*,*,#8838,.F.);
#4143=CARTESIAN_POINT('',(-9.325,0.6,0.3));
#4144=DIRECTION('',(0.0,1.0,0.0));
#4145=DIRECTION('',(0.0,0.0,-1.0));
#4146=ORIENTED_EDGE('',*,*,#8837,.F.);
#4147=ORIENTED_EDGE('',*,*,#8839,.T.);
#4148=ORIENTED_EDGE('',*,*,#8840,.T.);
#4149=ORIENTED_EDGE('',*,*,#8841,.F.);
#4150=CARTESIAN_POINT('',(-9.325,0.6,-5.55111512312578E-16));
#4151=DIRECTION('',(0.0,0.0,-1.0));
#4152=DIRECTION('',(0.0,-1.0,0.0));
#4153=ORIENTED_EDGE('',*,*,#8840,.F.);
#4154=ORIENTED_EDGE('',*,*,#8842,.T.);
#4155=ORIENTED_EDGE('',*,*,#8843,.T.);
#4156=ORIENTED_EDGE('',*,*,#8844,.F.);
#4157=CARTESIAN_POINT('',(9.325,0.6,0.3));
#4158=DIRECTION('',(0.0,1.0,0.0));
#4159=DIRECTION('',(0.0,0.0,-1.0));
#4160=ORIENTED_EDGE('',*,*,#8843,.F.);
#4161=ORIENTED_EDGE('',*,*,#8845,.T.);
#4162=ORIENTED_EDGE('',*,*,#8846,.T.);
#4163=ORIENTED_EDGE('',*,*,#8847,.F.);
#4164=CARTESIAN_POINT('',(9.625,0.6,0.300000000000001));
#4165=DIRECTION('',(1.0,0.0,0.0));
#4166=DIRECTION('',(0.0,1.0,0.0));
#4167=ORIENTED_EDGE('',*,*,#8846,.F.);
#4168=ORIENTED_EDGE('',*,*,#8848,.T.);
#4169=ORIENTED_EDGE('',*,*,#8535,.T.);
#4170=ORIENTED_EDGE('',*,*,#8849,.F.);
#4171=CARTESIAN_POINT('',(9.325,0.6,2.89999999999999));
#4172=DIRECTION('',(0.0,1.0,0.0));
#4173=DIRECTION('',(0.0,0.0,-1.0));
#4174=ORIENTED_EDGE('',*,*,#8533,.F.);
#4175=ORIENTED_EDGE('',*,*,#8850,.T.);
#4176=ORIENTED_EDGE('',*,*,#8832,.T.);
#4177=ORIENTED_EDGE('',*,*,#8851,.F.);
#4178=CARTESIAN_POINT('',(-9.325,0.6,2.89999999999999));
#4179=DIRECTION('',(0.0,1.0,0.0));
#4180=DIRECTION('',(0.0,0.0,-1.0));
#4181=ORIENTED_EDGE('',*,*,#8852,.T.);
#4182=ORIENTED_EDGE('',*,*,#8853,.T.);
#4183=ORIENTED_EDGE('',*,*,#8854,.T.);
#4184=ORIENTED_EDGE('',*,*,#8855,.T.);
#4185=ORIENTED_EDGE('',*,*,#8856,.T.);
#4186=ORIENTED_EDGE('',*,*,#8857,.T.);
#4187=ORIENTED_EDGE('',*,*,#8858,.T.);
#4188=ORIENTED_EDGE('',*,*,#8859,.T.);
#4189=ORIENTED_EDGE('',*,*,#8860,.T.);
#4190=ORIENTED_EDGE('',*,*,#8861,.T.);
#4191=ORIENTED_EDGE('',*,*,#8862,.T.);
#4192=ORIENTED_EDGE('',*,*,#8863,.T.);
#4193=ORIENTED_EDGE('',*,*,#8864,.T.);
#4194=ORIENTED_EDGE('',*,*,#8865,.T.);
#4195=ORIENTED_EDGE('',*,*,#8866,.T.);
#4196=ORIENTED_EDGE('',*,*,#8867,.T.);
#4197=ORIENTED_EDGE('',*,*,#8868,.T.);
#4198=ORIENTED_EDGE('',*,*,#8869,.T.);
#4199=ORIENTED_EDGE('',*,*,#8870,.T.);
#4200=ORIENTED_EDGE('',*,*,#8871,.T.);
#4201=ORIENTED_EDGE('',*,*,#8872,.T.);
#4202=ORIENTED_EDGE('',*,*,#8873,.T.);
#4203=ORIENTED_EDGE('',*,*,#8874,.T.);
#4204=ORIENTED_EDGE('',*,*,#8875,.T.);
#4205=ORIENTED_EDGE('',*,*,#8876,.T.);
#4206=ORIENTED_EDGE('',*,*,#8877,.T.);
#4207=ORIENTED_EDGE('',*,*,#8878,.T.);
#4208=ORIENTED_EDGE('',*,*,#8879,.T.);
#4209=ORIENTED_EDGE('',*,*,#8880,.T.);
#4210=ORIENTED_EDGE('',*,*,#8881,.T.);
#4211=ORIENTED_EDGE('',*,*,#8882,.T.);
#4212=ORIENTED_EDGE('',*,*,#8883,.T.);
#4213=ORIENTED_EDGE('',*,*,#8884,.T.);
#4214=ORIENTED_EDGE('',*,*,#8885,.T.);
#4215=ORIENTED_EDGE('',*,*,#8886,.T.);
#4216=ORIENTED_EDGE('',*,*,#8887,.T.);
#4217=ORIENTED_EDGE('',*,*,#8888,.T.);
#4218=ORIENTED_EDGE('',*,*,#8889,.T.);
#4219=ORIENTED_EDGE('',*,*,#8890,.T.);
#4220=ORIENTED_EDGE('',*,*,#8891,.T.);
#4221=ORIENTED_EDGE('',*,*,#8892,.T.);
#4222=ORIENTED_EDGE('',*,*,#8893,.T.);
#4223=ORIENTED_EDGE('',*,*,#8894,.T.);
#4224=ORIENTED_EDGE('',*,*,#8895,.T.);
#4225=ORIENTED_EDGE('',*,*,#8896,.T.);
#4226=ORIENTED_EDGE('',*,*,#8897,.T.);
#4227=ORIENTED_EDGE('',*,*,#8898,.T.);
#4228=ORIENTED_EDGE('',*,*,#8899,.T.);
#4229=ORIENTED_EDGE('',*,*,#8900,.T.);
#4230=ORIENTED_EDGE('',*,*,#8901,.T.);
#4231=ORIENTED_EDGE('',*,*,#8902,.T.);
#4232=ORIENTED_EDGE('',*,*,#8903,.T.);
#4233=ORIENTED_EDGE('',*,*,#8904,.T.);
#4234=ORIENTED_EDGE('',*,*,#8905,.T.);
#4235=ORIENTED_EDGE('',*,*,#8906,.T.);
#4236=ORIENTED_EDGE('',*,*,#8907,.T.);
#4237=ORIENTED_EDGE('',*,*,#8908,.T.);
#4238=ORIENTED_EDGE('',*,*,#8909,.T.);
#4239=ORIENTED_EDGE('',*,*,#8910,.T.);
#4240=ORIENTED_EDGE('',*,*,#8911,.T.);
#4241=ORIENTED_EDGE('',*,*,#8912,.T.);
#4242=ORIENTED_EDGE('',*,*,#8913,.T.);
#4243=ORIENTED_EDGE('',*,*,#8914,.T.);
#4244=ORIENTED_EDGE('',*,*,#8915,.T.);
#4245=ORIENTED_EDGE('',*,*,#8916,.T.);
#4246=ORIENTED_EDGE('',*,*,#8917,.T.);
#4247=ORIENTED_EDGE('',*,*,#8918,.T.);
#4248=ORIENTED_EDGE('',*,*,#8919,.T.);
#4249=ORIENTED_EDGE('',*,*,#8920,.T.);
#4250=ORIENTED_EDGE('',*,*,#8921,.T.);
#4251=ORIENTED_EDGE('',*,*,#8922,.T.);
#4252=ORIENTED_EDGE('',*,*,#8923,.T.);
#4253=ORIENTED_EDGE('',*,*,#8924,.T.);
#4254=ORIENTED_EDGE('',*,*,#8925,.T.);
#4255=ORIENTED_EDGE('',*,*,#8926,.T.);
#4256=ORIENTED_EDGE('',*,*,#8927,.T.);
#4257=ORIENTED_EDGE('',*,*,#8928,.T.);
#4258=ORIENTED_EDGE('',*,*,#8929,.T.);
#4259=ORIENTED_EDGE('',*,*,#8930,.T.);
#4260=ORIENTED_EDGE('',*,*,#8931,.T.);
#4261=ORIENTED_EDGE('',*,*,#8932,.T.);
#4262=ORIENTED_EDGE('',*,*,#8933,.T.);
#4263=ORIENTED_EDGE('',*,*,#8934,.T.);
#4264=ORIENTED_EDGE('',*,*,#8935,.T.);
#4265=ORIENTED_EDGE('',*,*,#8936,.T.);
#4266=ORIENTED_EDGE('',*,*,#8937,.T.);
#4267=ORIENTED_EDGE('',*,*,#8938,.T.);
#4268=ORIENTED_EDGE('',*,*,#8939,.T.);
#4269=ORIENTED_EDGE('',*,*,#8940,.T.);
#4270=ORIENTED_EDGE('',*,*,#8941,.T.);
#4271=ORIENTED_EDGE('',*,*,#8942,.T.);
#4272=ORIENTED_EDGE('',*,*,#8943,.T.);
#4273=ORIENTED_EDGE('',*,*,#8944,.T.);
#4274=ORIENTED_EDGE('',*,*,#8945,.T.);
#4275=ORIENTED_EDGE('',*,*,#8946,.T.);
#4276=ORIENTED_EDGE('',*,*,#8947,.T.);
#4277=ORIENTED_EDGE('',*,*,#8948,.T.);
#4278=ORIENTED_EDGE('',*,*,#8949,.T.);
#4279=ORIENTED_EDGE('',*,*,#8950,.T.);
#4280=ORIENTED_EDGE('',*,*,#8951,.T.);
#4281=ORIENTED_EDGE('',*,*,#8952,.T.);
#4282=ORIENTED_EDGE('',*,*,#8953,.T.);
#4283=ORIENTED_EDGE('',*,*,#8954,.T.);
#4284=ORIENTED_EDGE('',*,*,#8955,.T.);
#4285=ORIENTED_EDGE('',*,*,#8956,.T.);
#4286=ORIENTED_EDGE('',*,*,#8957,.T.);
#4287=ORIENTED_EDGE('',*,*,#8958,.T.);
#4288=ORIENTED_EDGE('',*,*,#8959,.T.);
#4289=ORIENTED_EDGE('',*,*,#8960,.T.);
#4290=ORIENTED_EDGE('',*,*,#8961,.T.);
#4291=ORIENTED_EDGE('',*,*,#8962,.T.);
#4292=ORIENTED_EDGE('',*,*,#8963,.T.);
#4293=ORIENTED_EDGE('',*,*,#8964,.T.);
#4294=ORIENTED_EDGE('',*,*,#8965,.T.);
#4295=ORIENTED_EDGE('',*,*,#8966,.T.);
#4296=ORIENTED_EDGE('',*,*,#8967,.T.);
#4297=ORIENTED_EDGE('',*,*,#8968,.T.);
#4298=ORIENTED_EDGE('',*,*,#8969,.T.);
#4299=ORIENTED_EDGE('',*,*,#8970,.T.);
#4300=ORIENTED_EDGE('',*,*,#8971,.T.);
#4301=ORIENTED_EDGE('',*,*,#8972,.T.);
#4302=ORIENTED_EDGE('',*,*,#8973,.T.);
#4303=ORIENTED_EDGE('',*,*,#8974,.T.);
#4304=ORIENTED_EDGE('',*,*,#8975,.T.);
#4305=ORIENTED_EDGE('',*,*,#8976,.T.);
#4306=ORIENTED_EDGE('',*,*,#8977,.T.);
#4307=ORIENTED_EDGE('',*,*,#8978,.T.);
#4308=ORIENTED_EDGE('',*,*,#8979,.T.);
#4309=ORIENTED_EDGE('',*,*,#8980,.T.);
#4310=ORIENTED_EDGE('',*,*,#8981,.T.);
#4311=ORIENTED_EDGE('',*,*,#8982,.T.);
#4312=ORIENTED_EDGE('',*,*,#8983,.T.);
#4313=ORIENTED_EDGE('',*,*,#8984,.T.);
#4314=ORIENTED_EDGE('',*,*,#8985,.T.);
#4315=ORIENTED_EDGE('',*,*,#8986,.T.);
#4316=ORIENTED_EDGE('',*,*,#8987,.T.);
#4317=ORIENTED_EDGE('',*,*,#8988,.T.);
#4318=ORIENTED_EDGE('',*,*,#8989,.T.);
#4319=ORIENTED_EDGE('',*,*,#8990,.T.);
#4320=ORIENTED_EDGE('',*,*,#8991,.T.);
#4321=ORIENTED_EDGE('',*,*,#8992,.T.);
#4322=ORIENTED_EDGE('',*,*,#8993,.T.);
#4323=ORIENTED_EDGE('',*,*,#8994,.T.);
#4324=ORIENTED_EDGE('',*,*,#8995,.T.);
#4325=ORIENTED_EDGE('',*,*,#8996,.T.);
#4326=ORIENTED_EDGE('',*,*,#8997,.T.);
#4327=ORIENTED_EDGE('',*,*,#8998,.T.);
#4328=ORIENTED_EDGE('',*,*,#8999,.T.);
#4329=ORIENTED_EDGE('',*,*,#9000,.T.);
#4330=ORIENTED_EDGE('',*,*,#9001,.T.);
#4331=ORIENTED_EDGE('',*,*,#9002,.T.);
#4332=ORIENTED_EDGE('',*,*,#9003,.T.);
#4333=ORIENTED_EDGE('',*,*,#9004,.T.);
#4334=ORIENTED_EDGE('',*,*,#9005,.T.);
#4335=ORIENTED_EDGE('',*,*,#9006,.T.);
#4336=ORIENTED_EDGE('',*,*,#9007,.T.);
#4337=ORIENTED_EDGE('',*,*,#9008,.T.);
#4338=ORIENTED_EDGE('',*,*,#9009,.T.);
#4339=ORIENTED_EDGE('',*,*,#9010,.T.);
#4340=ORIENTED_EDGE('',*,*,#9011,.T.);
#4341=ORIENTED_EDGE('',*,*,#9012,.T.);
#4342=ORIENTED_EDGE('',*,*,#9013,.T.);
#4343=ORIENTED_EDGE('',*,*,#9014,.T.);
#4344=ORIENTED_EDGE('',*,*,#9015,.T.);
#4345=ORIENTED_EDGE('',*,*,#9016,.T.);
#4346=ORIENTED_EDGE('',*,*,#9017,.T.);
#4347=ORIENTED_EDGE('',*,*,#9018,.T.);
#4348=ORIENTED_EDGE('',*,*,#9019,.T.);
#4349=ORIENTED_EDGE('',*,*,#8835,.T.);
#4350=ORIENTED_EDGE('',*,*,#8838,.T.);
#4351=ORIENTED_EDGE('',*,*,#8841,.T.);
#4352=ORIENTED_EDGE('',*,*,#8844,.T.);
#4353=ORIENTED_EDGE('',*,*,#8847,.T.);
#4354=ORIENTED_EDGE('',*,*,#8849,.T.);
#4355=ORIENTED_EDGE('',*,*,#8534,.T.);
#4356=ORIENTED_EDGE('',*,*,#8851,.T.);
#4357=CARTESIAN_POINT('',(-9.325,0.0,0.3));
#4358=DIRECTION('',(0.0,-1.0,0.0));
#4359=DIRECTION('',(0.0,0.0,-1.0));
#4360=ORIENTED_EDGE('',*,*,#8698,.T.);
#4361=ORIENTED_EDGE('',*,*,#9020,.F.);
#4362=ORIENTED_EDGE('',*,*,#8542,.F.);
#4363=ORIENTED_EDGE('',*,*,#9021,.T.);
#4364=CARTESIAN_POINT('',(8.975,0.8,2.35));
#4365=DIRECTION('',(0.0,-1.0,0.0));
#4366=DIRECTION('',(0.0,0.0,-1.0));
#4367=ORIENTED_EDGE('',*,*,#9022,.F.);
#4368=ORIENTED_EDGE('',*,*,#9023,.F.);
#4369=ORIENTED_EDGE('',*,*,#9024,.T.);
#4370=ORIENTED_EDGE('',*,*,#8812,.T.);
#4371=ORIENTED_EDGE('',*,*,#8297,.T.);
#4372=ORIENTED_EDGE('',*,*,#8440,.T.);
#4373=ORIENTED_EDGE('',*,*,#8318,.T.);
#4374=ORIENTED_EDGE('',*,*,#8821,.T.);
#4375=ORIENTED_EDGE('',*,*,#8703,.T.);
#4376=ORIENTED_EDGE('',*,*,#8831,.T.);
#4377=ORIENTED_EDGE('',*,*,#8537,.T.);
#4378=ORIENTED_EDGE('',*,*,#8816,.T.);
#4379=CARTESIAN_POINT('',(8.975,0.0,0.0));
#4380=DIRECTION('',(1.0,0.0,0.0));
#4381=DIRECTION('',(0.0,1.0,0.0));
#4382=ORIENTED_EDGE('',*,*,#8823,.T.);
#4383=ORIENTED_EDGE('',*,*,#8699,.F.);
#4384=ORIENTED_EDGE('',*,*,#9021,.F.);
#4385=ORIENTED_EDGE('',*,*,#8541,.T.);
#4386=ORIENTED_EDGE('',*,*,#8829,.T.);
#4387=ORIENTED_EDGE('',*,*,#8826,.T.);
#4388=CARTESIAN_POINT('',(7.675,0.799999999999998,10.765));
#4389=DIRECTION('',(-0.999891886047579,0.0147042924418761,3.18848516206884E-18));
#4390=DIRECTION('',(3.18882991907499E-18,0.0,1.0));
#4391=ORIENTED_EDGE('',*,*,#8822,.T.);
#4392=ORIENTED_EDGE('',*,*,#8825,.T.);
#4393=ORIENTED_EDGE('',*,*,#8828,.T.);
#4394=ORIENTED_EDGE('',*,*,#8539,.T.);
#4395=ORIENTED_EDGE('',*,*,#8830,.T.);
#4396=ORIENTED_EDGE('',*,*,#8701,.F.);
#4397=CARTESIAN_POINT('',(8.55,2.5,10.765));
#4398=DIRECTION('',(0.999891886047579,0.0147042924418766,3.18848516206895E-18));
#4399=DIRECTION('',(0.0,2.168404344971E-16,-1.0));
#4400=ORIENTED_EDGE('',*,*,#9025,.F.);
#4401=ORIENTED_EDGE('',*,*,#9026,.F.);
#4402=ORIENTED_EDGE('',*,*,#9027,.F.);
#4403=ORIENTED_EDGE('',*,*,#8294,.T.);
#4404=CARTESIAN_POINT('',(0.0,3.8,0.0));
#4405=DIRECTION('',(-0.0,1.0,0.0));
#4406=DIRECTION('',(1.0,0.0,0.0));
#4407=ORIENTED_EDGE('',*,*,#9028,.F.);
#4408=ORIENTED_EDGE('',*,*,#9029,.T.);
#4409=ORIENTED_EDGE('',*,*,#9030,.T.);
#4410=ORIENTED_EDGE('',*,*,#9031,.T.);
#4411=CARTESIAN_POINT('',(7.625,0.2,2.34999999999999));
#4412=DIRECTION('',(-1.0,0.0,0.0));
#4413=DIRECTION('',(0.0,0.0,1.0));
#4414=ORIENTED_EDGE('',*,*,#9030,.F.);
#4415=ORIENTED_EDGE('',*,*,#9032,.T.);
#4416=ORIENTED_EDGE('',*,*,#9033,.T.);
#4417=ORIENTED_EDGE('',*,*,#9034,.T.);
#4418=CARTESIAN_POINT('',(7.625,0.2,0.899999999999995));
#4419=DIRECTION('',(0.0,0.0,-1.0));
#4420=DIRECTION('',(0.0,-1.0,0.0));
#4421=ORIENTED_EDGE('',*,*,#9033,.F.);
#4422=ORIENTED_EDGE('',*,*,#9035,.T.);
#4423=ORIENTED_EDGE('',*,*,#9036,.T.);
#4424=ORIENTED_EDGE('',*,*,#9037,.T.);
#4425=CARTESIAN_POINT('',(7.925,0.2,0.899999999999995));
#4426=DIRECTION('',(-1.0,0.0,0.0));
#4427=DIRECTION('',(0.0,0.0,1.0));
#4428=ORIENTED_EDGE('',*,*,#9036,.F.);
#4429=ORIENTED_EDGE('',*,*,#9038,.T.);
#4430=ORIENTED_EDGE('',*,*,#9039,.T.);
#4431=ORIENTED_EDGE('',*,*,#9040,.T.);
#4432=CARTESIAN_POINT('',(7.925,0.2,0.749999999999995));
#4433=DIRECTION('',(0.0,0.0,-1.0));
#4434=DIRECTION('',(0.0,-1.0,0.0));
#4435=ORIENTED_EDGE('',*,*,#9039,.F.);
#4436=ORIENTED_EDGE('',*,*,#9041,.T.);
#4437=ORIENTED_EDGE('',*,*,#9042,.T.);
#4438=ORIENTED_EDGE('',*,*,#9043,.T.);
#4439=CARTESIAN_POINT('',(8.325,0.2,0.749999999999995));
#4440=DIRECTION('',(1.0,0.0,0.0));
#4441=DIRECTION('',(0.0,1.0,0.0));
#4442=ORIENTED_EDGE('',*,*,#9042,.F.);
#4443=ORIENTED_EDGE('',*,*,#9044,.T.);
#4444=ORIENTED_EDGE('',*,*,#9045,.T.);
#4445=ORIENTED_EDGE('',*,*,#9046,.T.);
#4446=CARTESIAN_POINT('',(8.325,0.2,0.899999999999995));
#4447=DIRECTION('',(0.0,0.0,-1.0));
#4448=DIRECTION('',(0.0,-1.0,0.0));
#4449=ORIENTED_EDGE('',*,*,#9045,.F.);
#4450=ORIENTED_EDGE('',*,*,#9047,.T.);
#4451=ORIENTED_EDGE('',*,*,#9048,.T.);
#4452=ORIENTED_EDGE('',*,*,#9049,.T.);
#4453=CARTESIAN_POINT('',(8.625,0.2,0.899999999999995));
#4454=DIRECTION('',(1.0,0.0,0.0));
#4455=DIRECTION('',(0.0,1.0,0.0));
#4456=ORIENTED_EDGE('',*,*,#9048,.F.);
#4457=ORIENTED_EDGE('',*,*,#9050,.T.);
#4458=ORIENTED_EDGE('',*,*,#9051,.T.);
#4459=ORIENTED_EDGE('',*,*,#9052,.T.);
#4460=CARTESIAN_POINT('',(8.625,0.2,2.34999999999999));
#4461=DIRECTION('',(0.0,0.0,1.0));
#4462=DIRECTION('',(1.0,0.0,0.0));
#4463=ORIENTED_EDGE('',*,*,#9051,.F.);
#4464=ORIENTED_EDGE('',*,*,#9053,.T.);
#4465=ORIENTED_EDGE('',*,*,#9054,.T.);
#4466=ORIENTED_EDGE('',*,*,#9055,.T.);
#4467=CARTESIAN_POINT('',(8.375,0.2,2.34999999999999));
#4468=DIRECTION('',(1.0,0.0,0.0));
#4469=DIRECTION('',(0.0,1.0,0.0));
#4470=ORIENTED_EDGE('',*,*,#9054,.F.);
#4471=ORIENTED_EDGE('',*,*,#9056,.T.);
#4472=ORIENTED_EDGE('',*,*,#9057,.T.);
#4473=ORIENTED_EDGE('',*,*,#9058,.T.);
#4474=CARTESIAN_POINT('',(8.375,0.2,2.74999999999999));
#4475=DIRECTION('',(0.0,0.0,1.0));
#4476=DIRECTION('',(1.0,0.0,0.0));
#4477=ORIENTED_EDGE('',*,*,#9057,.F.);
#4478=ORIENTED_EDGE('',*,*,#9059,.T.);
#4479=ORIENTED_EDGE('',*,*,#9060,.T.);
#4480=ORIENTED_EDGE('',*,*,#9061,.T.);
#4481=CARTESIAN_POINT('',(7.875,0.2,2.74999999999999));
#4482=DIRECTION('',(-1.0,0.0,0.0));
#4483=DIRECTION('',(0.0,0.0,1.0));
#4484=ORIENTED_EDGE('',*,*,#9060,.F.);
#4485=ORIENTED_EDGE('',*,*,#9062,.T.);
#4486=ORIENTED_EDGE('',*,*,#9028,.T.);
#4487=ORIENTED_EDGE('',*,*,#9063,.T.);
#4488=CARTESIAN_POINT('',(7.875,0.2,2.34999999999999));
#4489=DIRECTION('',(0.0,0.0,1.0));
#4490=DIRECTION('',(1.0,0.0,0.0));
#4491=ORIENTED_EDGE('',*,*,#9031,.F.);
#4492=ORIENTED_EDGE('',*,*,#9034,.F.);
#4493=ORIENTED_EDGE('',*,*,#9037,.F.);
#4494=ORIENTED_EDGE('',*,*,#9040,.F.);
#4495=ORIENTED_EDGE('',*,*,#9043,.F.);
#4496=ORIENTED_EDGE('',*,*,#9046,.F.);
#4497=ORIENTED_EDGE('',*,*,#9049,.F.);
#4498=ORIENTED_EDGE('',*,*,#9052,.F.);
#4499=ORIENTED_EDGE('',*,*,#9055,.F.);
#4500=ORIENTED_EDGE('',*,*,#9058,.F.);
#4501=ORIENTED_EDGE('',*,*,#9061,.F.);
#4502=ORIENTED_EDGE('',*,*,#9063,.F.);
#4503=CARTESIAN_POINT('',(0.0,0.2,0.0));
#4504=DIRECTION('',(0.0,-1.0,0.0));
#4505=DIRECTION('',(0.0,0.0,-1.0));
#4506=ORIENTED_EDGE('',*,*,#8708,.T.);
#4507=ORIENTED_EDGE('',*,*,#9064,.F.);
#4508=ORIENTED_EDGE('',*,*,#8313,.F.);
#4509=ORIENTED_EDGE('',*,*,#9065,.T.);
#4510=CARTESIAN_POINT('',(7.925,3.2,-1.21));
#4511=DIRECTION('',(1.0,0.0,0.0));
#4512=DIRECTION('',(0.0,1.0,0.0));
#4513=ORIENTED_EDGE('',*,*,#8707,.T.);
#4514=ORIENTED_EDGE('',*,*,#9066,.F.);
#4515=ORIENTED_EDGE('',*,*,#8314,.F.);
#4516=ORIENTED_EDGE('',*,*,#9064,.T.);
#4517=CARTESIAN_POINT('',(7.925,3.6,-1.21));
#4518=DIRECTION('',(0.0,-1.0,-2.16840434497101E-16));
#4519=DIRECTION('',(0.0,2.16840434497101E-16,-1.0));
#4520=ORIENTED_EDGE('',*,*,#8706,.T.);
#4521=ORIENTED_EDGE('',*,*,#9067,.F.);
#4522=ORIENTED_EDGE('',*,*,#8315,.F.);
#4523=ORIENTED_EDGE('',*,*,#9066,.T.);
#4524=CARTESIAN_POINT('',(8.325,3.6,-1.21));
#4525=DIRECTION('',(-1.0,0.0,0.0));
#4526=DIRECTION('',(0.0,0.0,1.0));
#4527=ORIENTED_EDGE('',*,*,#8705,.T.);
#4528=ORIENTED_EDGE('',*,*,#8820,.T.);
#4529=ORIENTED_EDGE('',*,*,#8316,.F.);
#4530=ORIENTED_EDGE('',*,*,#9067,.T.);
#4531=CARTESIAN_POINT('',(8.325,3.2,-1.21));
#4532=DIRECTION('',(-0.799999999999998,-0.600000000000002,-1.30104260698261E-16));
#4533=DIRECTION('',(-0.600000000000002,0.799999999999998,0.0));
#4534=ORIENTED_EDGE('',*,*,#8709,.T.);
#4535=ORIENTED_EDGE('',*,*,#9065,.F.);
#4536=ORIENTED_EDGE('',*,*,#8312,.F.);
#4537=ORIENTED_EDGE('',*,*,#8396,.F.);
#4538=CARTESIAN_POINT('',(7.625,2.8,-1.21));
#4539=DIRECTION('',(0.8,-0.6,-1.30104260698261E-16));
#4540=DIRECTION('',(0.0,2.16840434497102E-16,-1.0));
#4541=ORIENTED_EDGE('',*,*,#9068,.F.);
#4542=ORIENTED_EDGE('',*,*,#9015,.F.);
#4543=ORIENTED_EDGE('',*,*,#9069,.F.);
#4544=ORIENTED_EDGE('',*,*,#9041,.F.);
#4545=CARTESIAN_POINT('',(8.325,0.1,0.749999999999995));
#4546=DIRECTION('',(-0.866025403784436,-0.500000000000005,0.0));
#4547=DIRECTION('',(-0.500000000000005,0.866025403784436,0.0));
#4548=ORIENTED_EDGE('',*,*,#9069,.T.);
#4549=ORIENTED_EDGE('',*,*,#9014,.F.);
#4550=ORIENTED_EDGE('',*,*,#9070,.F.);
#4551=ORIENTED_EDGE('',*,*,#9044,.F.);
#4552=CARTESIAN_POINT('',(8.325,0.1,0.899999999999995));
#4553=DIRECTION('',(0.0,-0.5,0.866025403784439));
#4554=DIRECTION('',(-1.0,0.0,0.0));
#4555=ORIENTED_EDGE('',*,*,#9068,.T.);
#4556=ORIENTED_EDGE('',*,*,#9038,.F.);
#4557=ORIENTED_EDGE('',*,*,#9071,.F.);
#4558=ORIENTED_EDGE('',*,*,#9016,.F.);
#4559=CARTESIAN_POINT('',(7.925,0.1,0.749999999999995));
#4560=DIRECTION('',(0.0,-0.5,0.866025403784439));
#4561=DIRECTION('',(-1.0,0.0,0.0));
#4562=ORIENTED_EDGE('',*,*,#9070,.T.);
#4563=ORIENTED_EDGE('',*,*,#9013,.F.);
#4564=ORIENTED_EDGE('',*,*,#9072,.F.);
#4565=ORIENTED_EDGE('',*,*,#9047,.F.);
#4566=CARTESIAN_POINT('',(8.625,0.1,0.899999999999995));
#4567=DIRECTION('',(-0.866025403784436,-0.500000000000005,0.0));
#4568=DIRECTION('',(-0.500000000000005,0.866025403784436,0.0));
#4569=ORIENTED_EDGE('',*,*,#9071,.T.);
#4570=ORIENTED_EDGE('',*,*,#9035,.F.);
#4571=ORIENTED_EDGE('',*,*,#9073,.F.);
#4572=ORIENTED_EDGE('',*,*,#9017,.F.);
#4573=CARTESIAN_POINT('',(7.925,0.1,0.899999999999995));
#4574=DIRECTION('',(0.866025403784442,-0.499999999999994,0.0));
#4575=DIRECTION('',(0.0,0.0,-1.0));
#4576=ORIENTED_EDGE('',*,*,#9072,.T.);
#4577=ORIENTED_EDGE('',*,*,#9012,.F.);
#4578=ORIENTED_EDGE('',*,*,#9074,.F.);
#4579=ORIENTED_EDGE('',*,*,#9050,.F.);
#4580=CARTESIAN_POINT('',(8.625,0.1,2.34999999999999));
#4581=DIRECTION('',(0.0,-0.499999999999999,-0.866025403784439));
#4582=DIRECTION('',(0.0,-0.866025403784439,0.499999999999999));
#4583=ORIENTED_EDGE('',*,*,#9073,.T.);
#4584=ORIENTED_EDGE('',*,*,#9032,.F.);
#4585=ORIENTED_EDGE('',*,*,#9075,.F.);
#4586=ORIENTED_EDGE('',*,*,#9018,.F.);
#4587=CARTESIAN_POINT('',(7.625,0.1,0.899999999999995));
#4588=DIRECTION('',(0.0,-0.5,0.866025403784439));
#4589=DIRECTION('',(-1.0,0.0,0.0));
#4590=ORIENTED_EDGE('',*,*,#9074,.T.);
#4591=ORIENTED_EDGE('',*,*,#9011,.F.);
#4592=ORIENTED_EDGE('',*,*,#9076,.F.);
#4593=ORIENTED_EDGE('',*,*,#9053,.F.);
#4594=CARTESIAN_POINT('',(8.375,0.1,2.34999999999999));
#4595=DIRECTION('',(-0.866025403784436,-0.500000000000005,0.0));
#4596=DIRECTION('',(-0.500000000000005,0.866025403784436,0.0));
#4597=ORIENTED_EDGE('',*,*,#9075,.T.);
#4598=ORIENTED_EDGE('',*,*,#9029,.F.);
#4599=ORIENTED_EDGE('',*,*,#9077,.F.);
#4600=ORIENTED_EDGE('',*,*,#9019,.F.);
#4601=CARTESIAN_POINT('',(7.625,0.1,2.34999999999999));
#4602=DIRECTION('',(0.866025403784436,-0.500000000000005,0.0));
#4603=DIRECTION('',(0.0,0.0,-1.0));
#4604=ORIENTED_EDGE('',*,*,#9076,.T.);
#4605=ORIENTED_EDGE('',*,*,#9010,.F.);
#4606=ORIENTED_EDGE('',*,*,#9078,.F.);
#4607=ORIENTED_EDGE('',*,*,#9056,.F.);
#4608=CARTESIAN_POINT('',(8.375,0.1,2.74999999999999));
#4609=DIRECTION('',(0.0,-0.499999999999999,-0.866025403784439));
#4610=DIRECTION('',(0.0,-0.866025403784439,0.499999999999999));
#4611=ORIENTED_EDGE('',*,*,#9077,.T.);
#4612=ORIENTED_EDGE('',*,*,#9062,.F.);
#4613=ORIENTED_EDGE('',*,*,#9079,.F.);
#4614=ORIENTED_EDGE('',*,*,#9008,.F.);
#4615=CARTESIAN_POINT('',(7.875,0.1,2.34999999999999));
#4616=DIRECTION('',(0.0,-0.499999999999999,-0.866025403784439));
#4617=DIRECTION('',(0.0,-0.866025403784439,0.499999999999999));
#4618=ORIENTED_EDGE('',*,*,#9078,.T.);
#4619=ORIENTED_EDGE('',*,*,#9009,.F.);
#4620=ORIENTED_EDGE('',*,*,#9079,.T.);
#4621=ORIENTED_EDGE('',*,*,#9059,.F.);
#4622=CARTESIAN_POINT('',(7.875,0.1,2.74999999999999));
#4623=DIRECTION('',(0.866025403784436,-0.500000000000005,0.0));
#4624=DIRECTION('',(0.0,0.0,-1.0));
#4625=ORIENTED_EDGE('',*,*,#8293,.F.);
#4626=ORIENTED_EDGE('',*,*,#8443,.F.);
#4627=ORIENTED_EDGE('',*,*,#9080,.F.);
#4628=ORIENTED_EDGE('',*,*,#9025,.T.);
#4629=CARTESIAN_POINT('',(7.95,3.8,0.45));
#4630=DIRECTION('',(-0.707106781186548,-0.707106781186548,0.0));
#4631=DIRECTION('',(-0.707106781186548,0.707106781186548,0.0));
#4632=ORIENTED_EDGE('',*,*,#9080,.T.);
#4633=ORIENTED_EDGE('',*,*,#8442,.F.);
#4634=ORIENTED_EDGE('',*,*,#9081,.F.);
#4635=ORIENTED_EDGE('',*,*,#9026,.T.);
#4636=CARTESIAN_POINT('',(7.95,3.8,1.75));
#4637=DIRECTION('',(0.0,-0.707106781186547,0.707106781186548));
#4638=DIRECTION('',(-1.0,0.0,0.0));
#4639=ORIENTED_EDGE('',*,*,#9081,.T.);
#4640=ORIENTED_EDGE('',*,*,#8441,.F.);
#4641=ORIENTED_EDGE('',*,*,#8295,.F.);
#4642=ORIENTED_EDGE('',*,*,#9027,.T.);
#4643=CARTESIAN_POINT('',(8.3,3.8,1.75));
#4644=DIRECTION('',(0.707106781186546,-0.70710678118655,0.0));
#4645=DIRECTION('',(0.0,0.0,-1.0));
#4646=ORIENTED_EDGE('',*,*,#9082,.F.);
#4647=ORIENTED_EDGE('',*,*,#9083,.T.);
#4648=ORIENTED_EDGE('',*,*,#9022,.T.);
#4649=ORIENTED_EDGE('',*,*,#8815,.T.);
#4650=CARTESIAN_POINT('',(8.975,3.7,1.85));
#4651=DIRECTION('',(0.164398987305358,0.0,-0.986393923832144));
#4652=DIRECTION('',(0.0,-1.0,0.0));
#4653=ORIENTED_EDGE('',*,*,#9084,.F.);
#4654=ORIENTED_EDGE('',*,*,#9085,.T.);
#4655=ORIENTED_EDGE('',*,*,#9082,.T.);
#4656=ORIENTED_EDGE('',*,*,#8814,.T.);
#4657=CARTESIAN_POINT('',(9.275,3.7,1.9));
#4658=DIRECTION('',(-1.0,0.0,0.0));
#4659=DIRECTION('',(0.0,0.0,1.0));
#4660=ORIENTED_EDGE('',*,*,#9024,.F.);
#4661=ORIENTED_EDGE('',*,*,#9086,.T.);
#4662=ORIENTED_EDGE('',*,*,#9084,.T.);
#4663=ORIENTED_EDGE('',*,*,#8813,.T.);
#4664=CARTESIAN_POINT('',(9.275,3.7,1.3));
#4665=DIRECTION('',(0.164398987305356,0.0,0.986393923832144));
#4666=DIRECTION('',(0.0,-1.0,0.0));
#4667=ORIENTED_EDGE('',*,*,#9087,.F.);
#4668=ORIENTED_EDGE('',*,*,#9088,.T.);
#4669=ORIENTED_EDGE('',*,*,#9089,.T.);
#4670=ORIENTED_EDGE('',*,*,#8809,.T.);
#4671=CARTESIAN_POINT('',(-9.275,3.7,1.3));
#4672=DIRECTION('',(1.0,0.0,0.0));
#4673=DIRECTION('',(0.0,1.0,0.0));
#4674=ORIENTED_EDGE('',*,*,#8819,.F.);
#4675=ORIENTED_EDGE('',*,*,#9090,.T.);
#4676=ORIENTED_EDGE('',*,*,#9087,.T.);
#4677=ORIENTED_EDGE('',*,*,#8808,.T.);
#4678=CARTESIAN_POINT('',(-9.275,3.7,1.9));
#4679=DIRECTION('',(-0.164398987305357,0.0,-0.986393923832144));
#4680=DIRECTION('',(-0.986393923832144,0.0,0.164398987305357));
#4681=ORIENTED_EDGE('',*,*,#9089,.F.);
#4682=ORIENTED_EDGE('',*,*,#9091,.T.);
#4683=ORIENTED_EDGE('',*,*,#8817,.T.);
#4684=ORIENTED_EDGE('',*,*,#8810,.T.);
#4685=CARTESIAN_POINT('',(-8.975,3.7,1.35));
#4686=DIRECTION('',(-0.164398987305356,0.0,0.986393923832144));
#4687=DIRECTION('',(0.0,1.0,0.0));
#4688=ORIENTED_EDGE('',*,*,#9091,.F.);
#4689=ORIENTED_EDGE('',*,*,#9088,.F.);
#4690=ORIENTED_EDGE('',*,*,#9090,.F.);
#4691=ORIENTED_EDGE('',*,*,#8818,.T.);
#4692=CARTESIAN_POINT('',(-8.975,3.7,0.0));
#4693=DIRECTION('',(-0.866025403784438,0.500000000000001,0.0));
#4694=DIRECTION('',(0.0,0.0,1.0));
#4695=ORIENTED_EDGE('',*,*,#9083,.F.);
#4696=ORIENTED_EDGE('',*,*,#9085,.F.);
#4697=ORIENTED_EDGE('',*,*,#9086,.F.);
#4698=ORIENTED_EDGE('',*,*,#9023,.T.);
#4699=CARTESIAN_POINT('',(8.975,3.7,0.0));
#4700=DIRECTION('',(0.866025403784438,0.500000000000001,0.0));
#4701=DIRECTION('',(0.0,0.0,-1.0));
#4702=ORIENTED_EDGE('',*,*,#9092,.F.);
#4703=ORIENTED_EDGE('',*,*,#9093,.T.);
#4704=ORIENTED_EDGE('',*,*,#8238,.T.);
#4705=ORIENTED_EDGE('',*,*,#9094,.T.);
#4706=CARTESIAN_POINT('',(7.05,2.5,0.199999999999999));
#4707=DIRECTION('',(1.0,0.0,0.0));
#4708=DIRECTION('',(0.0,1.0,0.0));
#4709=ORIENTED_EDGE('',*,*,#8240,.T.);
#4710=ORIENTED_EDGE('',*,*,#9095,.T.);
#4711=ORIENTED_EDGE('',*,*,#9096,.F.);
#4712=ORIENTED_EDGE('',*,*,#9097,.T.);
#4713=CARTESIAN_POINT('',(7.95,3.6,0.2));
#4714=DIRECTION('',(-1.0,0.0,0.0));
#4715=DIRECTION('',(0.0,0.0,1.0));
#4716=ORIENTED_EDGE('',*,*,#9096,.T.);
#4717=ORIENTED_EDGE('',*,*,#9098,.T.);
#4718=ORIENTED_EDGE('',*,*,#9092,.T.);
#4719=ORIENTED_EDGE('',*,*,#9099,.T.);
#4720=CARTESIAN_POINT('',(-1.60294684203039E-31,-3.32652939285323E-16,0.199999999999997));
#4721=DIRECTION('',(3.56210409340088E-31,7.39228753967389E-16,-1.0));
#4722=DIRECTION('',(-1.0,0.0,-3.56210409340088E-31));
#4723=ORIENTED_EDGE('',*,*,#9095,.F.);
#4724=ORIENTED_EDGE('',*,*,#8239,.T.);
#4725=ORIENTED_EDGE('',*,*,#9093,.F.);
#4726=ORIENTED_EDGE('',*,*,#9098,.F.);
#4727=CARTESIAN_POINT('',(-1.60294684203039E-31,2.85,0.199999999999999));
#4728=DIRECTION('',(2.89860332872282E-31,-0.581238193719096,-0.813733471206735));
#4729=DIRECTION('',(0.0,-0.813733471206735,0.581238193719096));
#4730=ORIENTED_EDGE('',*,*,#9094,.F.);
#4731=ORIENTED_EDGE('',*,*,#8241,.T.);
#4732=ORIENTED_EDGE('',*,*,#9097,.F.);
#4733=ORIENTED_EDGE('',*,*,#9099,.F.);
#4734=CARTESIAN_POINT('',(1.39741613342577E-15,2.9,0.2));
#4735=DIRECTION('',(1.62069623249489E-16,0.336336396998157,-0.941741911594837));
#4736=DIRECTION('',(-1.0,0.0,-1.72095582934208E-16));
#4737=ORIENTED_EDGE('',*,*,#9100,.F.);
#4738=ORIENTED_EDGE('',*,*,#8833,.F.);
#4739=ORIENTED_EDGE('',*,*,#8850,.F.);
#4740=ORIENTED_EDGE('',*,*,#8806,.F.);
#4741=CARTESIAN_POINT('',(-9.325,0.3,2.9));
#4742=DIRECTION('',(0.0,0.0,-1.0));
#4743=DIRECTION('',(1.0,0.0,0.0));
#4744=ORIENTED_EDGE('',*,*,#8836,.F.);
#4745=ORIENTED_EDGE('',*,*,#9100,.T.);
#4746=ORIENTED_EDGE('',*,*,#9101,.F.);
#4747=CARTESIAN_POINT('',(-9.325,0.3,0.3));
#4748=DIRECTION('',(0.0,-1.0,0.0));
#4749=DIRECTION('',(0.0,0.0,-1.0));
#4750=ORIENTED_EDGE('',*,*,#9102,.F.);
#4751=ORIENTED_EDGE('',*,*,#8839,.F.);
#4752=ORIENTED_EDGE('',*,*,#9101,.T.);
#4753=ORIENTED_EDGE('',*,*,#8805,.F.);
#4754=CARTESIAN_POINT('',(-9.325,0.3,0.299999999999999));
#4755=DIRECTION('',(1.0,-0.0,0.0));
#4756=DIRECTION('',(0.0,0.0,1.0));
#4757=ORIENTED_EDGE('',*,*,#8842,.F.);
#4758=ORIENTED_EDGE('',*,*,#9102,.T.);
#4759=ORIENTED_EDGE('',*,*,#9103,.F.);
#4760=CARTESIAN_POINT('',(9.325,0.3,0.3));
#4761=DIRECTION('',(0.0,-1.0,0.0));
#4762=DIRECTION('',(0.0,0.0,-1.0));
#4763=ORIENTED_EDGE('',*,*,#9103,.T.);
#4764=ORIENTED_EDGE('',*,*,#8804,.F.);
#4765=ORIENTED_EDGE('',*,*,#8848,.F.);
#4766=ORIENTED_EDGE('',*,*,#8845,.F.);
#4767=CARTESIAN_POINT('',(9.325,0.3,0.300000000000001));
#4768=DIRECTION('',(0.0,0.0,1.0));
#4769=DIRECTION('',(-1.0,0.0,0.0));
#4770=ORIENTED_EDGE('',*,*,#8654,.T.);
#4771=ORIENTED_EDGE('',*,*,#8658,.T.);
#4772=ORIENTED_EDGE('',*,*,#8660,.T.);
#4773=ORIENTED_EDGE('',*,*,#8543,.T.);
#4774=ORIENTED_EDGE('',*,*,#9020,.T.);
#4775=ORIENTED_EDGE('',*,*,#8697,.F.);
#4776=CARTESIAN_POINT('',(7.3,2.5,10.765));
#4777=DIRECTION('',(0.999891886047579,0.0147042924418766,3.18848516206895E-18));
#4778=DIRECTION('',(0.0,2.168404344971E-16,-1.0));
#4779=ORIENTED_EDGE('',*,*,#8645,.T.);
#4780=ORIENTED_EDGE('',*,*,#8649,.T.);
#4781=ORIENTED_EDGE('',*,*,#8651,.T.);
#4782=ORIENTED_EDGE('',*,*,#8483,.T.);
#4783=ORIENTED_EDGE('',*,*,#8779,.T.);
#4784=ORIENTED_EDGE('',*,*,#8694,.F.);
#4785=CARTESIAN_POINT('',(6.05,2.5,10.765));
#4786=DIRECTION('',(0.999891886047579,0.0147042924418766,3.18848516206895E-18));
#4787=DIRECTION('',(0.0,2.168404344971E-16,-1.0));
#4788=ORIENTED_EDGE('',*,*,#8636,.T.);
#4789=ORIENTED_EDGE('',*,*,#8640,.T.);
#4790=ORIENTED_EDGE('',*,*,#8642,.T.);
#4791=ORIENTED_EDGE('',*,*,#8487,.T.);
#4792=ORIENTED_EDGE('',*,*,#8781,.T.);
#4793=ORIENTED_EDGE('',*,*,#8691,.F.);
#4794=CARTESIAN_POINT('',(4.8,2.5,10.765));
#4795=DIRECTION('',(0.999891886047579,0.0147042924418766,3.18848516206895E-18));
#4796=DIRECTION('',(0.0,2.168404344971E-16,-1.0));
#4797=ORIENTED_EDGE('',*,*,#8627,.T.);
#4798=ORIENTED_EDGE('',*,*,#8631,.T.);
#4799=ORIENTED_EDGE('',*,*,#8633,.T.);
#4800=ORIENTED_EDGE('',*,*,#8491,.T.);
#4801=ORIENTED_EDGE('',*,*,#8783,.T.);
#4802=ORIENTED_EDGE('',*,*,#8688,.F.);
#4803=CARTESIAN_POINT('',(3.55,2.5,10.765));
#4804=DIRECTION('',(0.999891886047579,0.0147042924418766,3.18848516206895E-18));
#4805=DIRECTION('',(0.0,2.168404344971E-16,-1.0));
#4806=ORIENTED_EDGE('',*,*,#8618,.T.);
#4807=ORIENTED_EDGE('',*,*,#8622,.T.);
#4808=ORIENTED_EDGE('',*,*,#8624,.T.);
#4809=ORIENTED_EDGE('',*,*,#8495,.T.);
#4810=ORIENTED_EDGE('',*,*,#8785,.T.);
#4811=ORIENTED_EDGE('',*,*,#8685,.F.);
#4812=CARTESIAN_POINT('',(2.3,2.5,10.765));
#4813=DIRECTION('',(0.999891886047579,0.0147042924418766,3.18848516206895E-18));
#4814=DIRECTION('',(0.0,2.168404344971E-16,-1.0));
#4815=ORIENTED_EDGE('',*,*,#8609,.T.);
#4816=ORIENTED_EDGE('',*,*,#8613,.T.);
#4817=ORIENTED_EDGE('',*,*,#8615,.T.);
#4818=ORIENTED_EDGE('',*,*,#8499,.T.);
#4819=ORIENTED_EDGE('',*,*,#8787,.T.);
#4820=ORIENTED_EDGE('',*,*,#8682,.F.);
#4821=CARTESIAN_POINT('',(1.05,2.5,10.765));
#4822=DIRECTION('',(0.999891886047579,0.0147042924418766,3.18848516206895E-18));
#4823=DIRECTION('',(0.0,2.168404344971E-16,-1.0));
#4824=ORIENTED_EDGE('',*,*,#8600,.T.);
#4825=ORIENTED_EDGE('',*,*,#8604,.T.);
#4826=ORIENTED_EDGE('',*,*,#8606,.T.);
#4827=ORIENTED_EDGE('',*,*,#8503,.T.);
#4828=ORIENTED_EDGE('',*,*,#8789,.T.);
#4829=ORIENTED_EDGE('',*,*,#8679,.F.);
#4830=CARTESIAN_POINT('',(-0.200000000000001,2.5,10.765));
#4831=DIRECTION('',(0.999891886047579,0.0147042924418766,3.18848516206895E-18));
#4832=DIRECTION('',(0.0,2.168404344971E-16,-1.0));
#4833=ORIENTED_EDGE('',*,*,#8591,.T.);
#4834=ORIENTED_EDGE('',*,*,#8595,.T.);
#4835=ORIENTED_EDGE('',*,*,#8597,.T.);
#4836=ORIENTED_EDGE('',*,*,#8507,.T.);
#4837=ORIENTED_EDGE('',*,*,#8791,.T.);
#4838=ORIENTED_EDGE('',*,*,#8676,.F.);
#4839=CARTESIAN_POINT('',(-1.45,2.5,10.765));
#4840=DIRECTION('',(0.999891886047579,0.0147042924418766,3.18848516206895E-18));
#4841=DIRECTION('',(0.0,2.168404344971E-16,-1.0));
#4842=ORIENTED_EDGE('',*,*,#8582,.T.);
#4843=ORIENTED_EDGE('',*,*,#8586,.T.);
#4844=ORIENTED_EDGE('',*,*,#8588,.T.);
#4845=ORIENTED_EDGE('',*,*,#8511,.T.);
#4846=ORIENTED_EDGE('',*,*,#8793,.T.);
#4847=ORIENTED_EDGE('',*,*,#8673,.F.);
#4848=CARTESIAN_POINT('',(-2.7,2.5,10.765));
#4849=DIRECTION('',(0.999891886047579,0.0147042924418766,3.18848516206895E-18));
#4850=DIRECTION('',(0.0,2.168404344971E-16,-1.0));
#4851=ORIENTED_EDGE('',*,*,#8573,.T.);
#4852=ORIENTED_EDGE('',*,*,#8577,.T.);
#4853=ORIENTED_EDGE('',*,*,#8579,.T.);
#4854=ORIENTED_EDGE('',*,*,#8515,.T.);
#4855=ORIENTED_EDGE('',*,*,#8795,.T.);
#4856=ORIENTED_EDGE('',*,*,#8670,.F.);
#4857=CARTESIAN_POINT('',(-3.95,2.5,10.765));
#4858=DIRECTION('',(0.999891886047579,0.0147042924418766,3.18848516206895E-18));
#4859=DIRECTION('',(0.0,2.168404344971E-16,-1.0));
#4860=ORIENTED_EDGE('',*,*,#8564,.T.);
#4861=ORIENTED_EDGE('',*,*,#8568,.T.);
#4862=ORIENTED_EDGE('',*,*,#8570,.T.);
#4863=ORIENTED_EDGE('',*,*,#8519,.T.);
#4864=ORIENTED_EDGE('',*,*,#8797,.T.);
#4865=ORIENTED_EDGE('',*,*,#8667,.F.);
#4866=CARTESIAN_POINT('',(-5.2,2.5,10.765));
#4867=DIRECTION('',(0.999891886047579,0.0147042924418766,3.18848516206895E-18));
#4868=DIRECTION('',(0.0,2.168404344971E-16,-1.0));
#4869=ORIENTED_EDGE('',*,*,#8555,.T.);
#4870=ORIENTED_EDGE('',*,*,#8559,.T.);
#4871=ORIENTED_EDGE('',*,*,#8561,.T.);
#4872=ORIENTED_EDGE('',*,*,#8523,.T.);
#4873=ORIENTED_EDGE('',*,*,#8799,.T.);
#4874=ORIENTED_EDGE('',*,*,#8664,.F.);
#4875=CARTESIAN_POINT('',(-6.45,2.5,10.765));
#4876=DIRECTION('',(0.999891886047579,0.0147042924418766,3.18848516206895E-18));
#4877=DIRECTION('',(0.0,2.168404344971E-16,-1.0));
#4878=ORIENTED_EDGE('',*,*,#8546,.T.);
#4879=ORIENTED_EDGE('',*,*,#8550,.T.);
#4880=ORIENTED_EDGE('',*,*,#8552,.T.);
#4881=ORIENTED_EDGE('',*,*,#8527,.T.);
#4882=ORIENTED_EDGE('',*,*,#8801,.T.);
#4883=ORIENTED_EDGE('',*,*,#8661,.F.);
#4884=CARTESIAN_POINT('',(-7.7,2.5,10.765));
#4885=DIRECTION('',(0.999891886047579,0.0147042924418766,3.18848516206895E-18));
#4886=DIRECTION('',(0.0,2.168404344971E-16,-1.0));
#4887=ORIENTED_EDGE('',*,*,#8652,.T.);
#4888=ORIENTED_EDGE('',*,*,#8696,.F.);
#4889=ORIENTED_EDGE('',*,*,#8778,.F.);
#4890=ORIENTED_EDGE('',*,*,#8481,.T.);
#4891=ORIENTED_EDGE('',*,*,#8659,.T.);
#4892=ORIENTED_EDGE('',*,*,#8656,.T.);
#4893=CARTESIAN_POINT('',(6.425,0.799999999999998,10.765));
#4894=DIRECTION('',(-0.999891886047579,0.0147042924418761,3.18848516206884E-18));
#4895=DIRECTION('',(3.18882991907499E-18,0.0,1.0));
#4896=ORIENTED_EDGE('',*,*,#8643,.T.);
#4897=ORIENTED_EDGE('',*,*,#8693,.F.);
#4898=ORIENTED_EDGE('',*,*,#8780,.F.);
#4899=ORIENTED_EDGE('',*,*,#8485,.T.);
#4900=ORIENTED_EDGE('',*,*,#8650,.T.);
#4901=ORIENTED_EDGE('',*,*,#8647,.T.);
#4902=CARTESIAN_POINT('',(5.175,0.799999999999998,10.765));
#4903=DIRECTION('',(-0.999891886047579,0.0147042924418761,3.18848516206884E-18));
#4904=DIRECTION('',(3.18882991907499E-18,0.0,1.0));
#4905=ORIENTED_EDGE('',*,*,#8634,.T.);
#4906=ORIENTED_EDGE('',*,*,#8690,.F.);
#4907=ORIENTED_EDGE('',*,*,#8782,.F.);
#4908=ORIENTED_EDGE('',*,*,#8489,.T.);
#4909=ORIENTED_EDGE('',*,*,#8641,.T.);
#4910=ORIENTED_EDGE('',*,*,#8638,.T.);
#4911=CARTESIAN_POINT('',(3.925,0.799999999999998,10.765));
#4912=DIRECTION('',(-0.999891886047579,0.0147042924418761,3.18848516206884E-18));
#4913=DIRECTION('',(3.18882991907499E-18,0.0,1.0));
#4914=ORIENTED_EDGE('',*,*,#8625,.T.);
#4915=ORIENTED_EDGE('',*,*,#8687,.F.);
#4916=ORIENTED_EDGE('',*,*,#8784,.F.);
#4917=ORIENTED_EDGE('',*,*,#8493,.T.);
#4918=ORIENTED_EDGE('',*,*,#8632,.T.);
#4919=ORIENTED_EDGE('',*,*,#8629,.T.);
#4920=CARTESIAN_POINT('',(2.675,0.799999999999998,10.765));
#4921=DIRECTION('',(-0.999891886047579,0.0147042924418761,3.18848516206884E-18));
#4922=DIRECTION('',(3.18882991907499E-18,0.0,1.0));
#4923=ORIENTED_EDGE('',*,*,#8616,.T.);
#4924=ORIENTED_EDGE('',*,*,#8684,.F.);
#4925=ORIENTED_EDGE('',*,*,#8786,.F.);
#4926=ORIENTED_EDGE('',*,*,#8497,.T.);
#4927=ORIENTED_EDGE('',*,*,#8623,.T.);
#4928=ORIENTED_EDGE('',*,*,#8620,.T.);
#4929=CARTESIAN_POINT('',(1.425,0.799999999999998,10.765));
#4930=DIRECTION('',(-0.999891886047579,0.0147042924418761,3.18848516206884E-18));
#4931=DIRECTION('',(3.18882991907499E-18,0.0,1.0));
#4932=ORIENTED_EDGE('',*,*,#8607,.T.);
#4933=ORIENTED_EDGE('',*,*,#8681,.F.);
#4934=ORIENTED_EDGE('',*,*,#8788,.F.);
#4935=ORIENTED_EDGE('',*,*,#8501,.T.);
#4936=ORIENTED_EDGE('',*,*,#8614,.T.);
#4937=ORIENTED_EDGE('',*,*,#8611,.T.);
#4938=CARTESIAN_POINT('',(0.175000000000002,0.799999999999998,10.765));
#4939=DIRECTION('',(-0.999891886047579,0.0147042924418761,3.18848516206884E-18));
#4940=DIRECTION('',(3.18882991907499E-18,0.0,1.0));
#4941=ORIENTED_EDGE('',*,*,#8598,.T.);
#4942=ORIENTED_EDGE('',*,*,#8678,.F.);
#4943=ORIENTED_EDGE('',*,*,#8790,.F.);
#4944=ORIENTED_EDGE('',*,*,#8505,.T.);
#4945=ORIENTED_EDGE('',*,*,#8605,.T.);
#4946=ORIENTED_EDGE('',*,*,#8602,.T.);
#4947=CARTESIAN_POINT('',(-1.075,0.799999999999998,10.765));
#4948=DIRECTION('',(-0.999891886047579,0.0147042924418761,3.18848516206884E-18));
#4949=DIRECTION('',(3.18882991907499E-18,0.0,1.0));
#4950=ORIENTED_EDGE('',*,*,#8589,.T.);
#4951=ORIENTED_EDGE('',*,*,#8675,.F.);
#4952=ORIENTED_EDGE('',*,*,#8792,.F.);
#4953=ORIENTED_EDGE('',*,*,#8509,.T.);
#4954=ORIENTED_EDGE('',*,*,#8596,.T.);
#4955=ORIENTED_EDGE('',*,*,#8593,.T.);
#4956=CARTESIAN_POINT('',(-2.325,0.799999999999998,10.765));
#4957=DIRECTION('',(-0.999891886047579,0.0147042924418761,3.18848516206884E-18));
#4958=DIRECTION('',(3.18882991907499E-18,0.0,1.0));
#4959=ORIENTED_EDGE('',*,*,#8580,.T.);
#4960=ORIENTED_EDGE('',*,*,#8672,.F.);
#4961=ORIENTED_EDGE('',*,*,#8794,.F.);
#4962=ORIENTED_EDGE('',*,*,#8513,.T.);
#4963=ORIENTED_EDGE('',*,*,#8587,.T.);
#4964=ORIENTED_EDGE('',*,*,#8584,.T.);
#4965=CARTESIAN_POINT('',(-3.575,0.799999999999998,10.765));
#4966=DIRECTION('',(-0.999891886047579,0.0147042924418761,3.18848516206884E-18));
#4967=DIRECTION('',(3.18882991907499E-18,0.0,1.0));
#4968=ORIENTED_EDGE('',*,*,#8571,.T.);
#4969=ORIENTED_EDGE('',*,*,#8669,.F.);
#4970=ORIENTED_EDGE('',*,*,#8796,.F.);
#4971=ORIENTED_EDGE('',*,*,#8517,.T.);
#4972=ORIENTED_EDGE('',*,*,#8578,.T.);
#4973=ORIENTED_EDGE('',*,*,#8575,.T.);
#4974=CARTESIAN_POINT('',(-4.825,0.799999999999998,10.765));
#4975=DIRECTION('',(-0.999891886047579,0.0147042924418761,3.18848516206884E-18));
#4976=DIRECTION('',(3.18882991907499E-18,0.0,1.0));
#4977=ORIENTED_EDGE('',*,*,#8562,.T.);
#4978=ORIENTED_EDGE('',*,*,#8666,.F.);
#4979=ORIENTED_EDGE('',*,*,#8798,.F.);
#4980=ORIENTED_EDGE('',*,*,#8521,.T.);
#4981=ORIENTED_EDGE('',*,*,#8569,.T.);
#4982=ORIENTED_EDGE('',*,*,#8566,.T.);
#4983=CARTESIAN_POINT('',(-6.075,0.799999999999998,10.765));
#4984=DIRECTION('',(-0.999891886047579,0.0147042924418761,3.18848516206884E-18));
#4985=DIRECTION('',(3.18882991907499E-18,0.0,1.0));
#4986=ORIENTED_EDGE('',*,*,#8553,.T.);
#4987=ORIENTED_EDGE('',*,*,#8663,.F.);
#4988=ORIENTED_EDGE('',*,*,#8800,.F.);
#4989=ORIENTED_EDGE('',*,*,#8525,.T.);
#4990=ORIENTED_EDGE('',*,*,#8560,.T.);
#4991=ORIENTED_EDGE('',*,*,#8557,.T.);
#4992=CARTESIAN_POINT('',(-7.325,0.799999999999998,10.765));
#4993=DIRECTION('',(-0.999891886047579,0.0147042924418761,3.18848516206884E-18));
#4994=DIRECTION('',(3.18882991907499E-18,0.0,1.0));
#4995=ORIENTED_EDGE('',*,*,#8544,.T.);
#4996=ORIENTED_EDGE('',*,*,#8777,.F.);
#4997=ORIENTED_EDGE('',*,*,#8802,.F.);
#4998=ORIENTED_EDGE('',*,*,#8529,.T.);
#4999=ORIENTED_EDGE('',*,*,#8551,.T.);
#5000=ORIENTED_EDGE('',*,*,#8548,.T.);
#5001=CARTESIAN_POINT('',(-8.575,0.799999999999998,10.765));
#5002=DIRECTION('',(-0.999891886047579,0.0147042924418761,3.18848516206884E-18));
#5003=DIRECTION('',(3.18882991907499E-18,0.0,1.0));
#5004=ORIENTED_EDGE('',*,*,#9104,.T.);
#5005=ORIENTED_EDGE('',*,*,#9105,.T.);
#5006=ORIENTED_EDGE('',*,*,#9106,.T.);
#5007=ORIENTED_EDGE('',*,*,#8242,.T.);
#5008=CARTESIAN_POINT('',(-16.25,3.8,0.0));
#5009=DIRECTION('',(-0.0,1.0,0.0));
#5010=DIRECTION('',(1.0,0.0,0.0));
#5011=ORIENTED_EDGE('',*,*,#9107,.T.);
#5012=ORIENTED_EDGE('',*,*,#9108,.T.);
#5013=ORIENTED_EDGE('',*,*,#9109,.T.);
#5014=ORIENTED_EDGE('',*,*,#8246,.T.);
#5015=CARTESIAN_POINT('',(-15.0,3.8,0.0));
#5016=DIRECTION('',(-0.0,1.0,0.0));
#5017=DIRECTION('',(1.0,0.0,0.0));
#5018=ORIENTED_EDGE('',*,*,#9110,.T.);
#5019=ORIENTED_EDGE('',*,*,#9111,.T.);
#5020=ORIENTED_EDGE('',*,*,#9112,.T.);
#5021=ORIENTED_EDGE('',*,*,#8250,.T.);
#5022=CARTESIAN_POINT('',(-13.75,3.8,0.0));
#5023=DIRECTION('',(-0.0,1.0,0.0));
#5024=DIRECTION('',(1.0,0.0,0.0));
#5025=ORIENTED_EDGE('',*,*,#9113,.T.);
#5026=ORIENTED_EDGE('',*,*,#9114,.T.);
#5027=ORIENTED_EDGE('',*,*,#9115,.T.);
#5028=ORIENTED_EDGE('',*,*,#8254,.T.);
#5029=CARTESIAN_POINT('',(-12.5,3.8,0.0));
#5030=DIRECTION('',(-0.0,1.0,0.0));
#5031=DIRECTION('',(1.0,0.0,0.0));
#5032=ORIENTED_EDGE('',*,*,#9116,.T.);
#5033=ORIENTED_EDGE('',*,*,#9117,.T.);
#5034=ORIENTED_EDGE('',*,*,#9118,.T.);
#5035=ORIENTED_EDGE('',*,*,#8258,.T.);
#5036=CARTESIAN_POINT('',(-11.25,3.8,0.0));
#5037=DIRECTION('',(-0.0,1.0,0.0));
#5038=DIRECTION('',(1.0,0.0,0.0));
#5039=ORIENTED_EDGE('',*,*,#9119,.T.);
#5040=ORIENTED_EDGE('',*,*,#9120,.T.);
#5041=ORIENTED_EDGE('',*,*,#9121,.T.);
#5042=ORIENTED_EDGE('',*,*,#8262,.T.);
#5043=CARTESIAN_POINT('',(-10.0,3.8,0.0));
#5044=DIRECTION('',(-0.0,1.0,0.0));
#5045=DIRECTION('',(1.0,0.0,0.0));
#5046=ORIENTED_EDGE('',*,*,#9122,.T.);
#5047=ORIENTED_EDGE('',*,*,#9123,.T.);
#5048=ORIENTED_EDGE('',*,*,#9124,.T.);
#5049=ORIENTED_EDGE('',*,*,#8266,.T.);
#5050=CARTESIAN_POINT('',(-8.75,3.8,0.0));
#5051=DIRECTION('',(-0.0,1.0,0.0));
#5052=DIRECTION('',(1.0,0.0,0.0));
#5053=ORIENTED_EDGE('',*,*,#9125,.T.);
#5054=ORIENTED_EDGE('',*,*,#9126,.T.);
#5055=ORIENTED_EDGE('',*,*,#9127,.T.);
#5056=ORIENTED_EDGE('',*,*,#8270,.T.);
#5057=CARTESIAN_POINT('',(-7.5,3.8,0.0));
#5058=DIRECTION('',(-0.0,1.0,0.0));
#5059=DIRECTION('',(1.0,0.0,0.0));
#5060=ORIENTED_EDGE('',*,*,#9128,.T.);
#5061=ORIENTED_EDGE('',*,*,#9129,.T.);
#5062=ORIENTED_EDGE('',*,*,#9130,.T.);
#5063=ORIENTED_EDGE('',*,*,#8274,.T.);
#5064=CARTESIAN_POINT('',(-6.25,3.8,0.0));
#5065=DIRECTION('',(-0.0,1.0,0.0));
#5066=DIRECTION('',(1.0,0.0,0.0));
#5067=ORIENTED_EDGE('',*,*,#9131,.T.);
#5068=ORIENTED_EDGE('',*,*,#9132,.T.);
#5069=ORIENTED_EDGE('',*,*,#9133,.T.);
#5070=ORIENTED_EDGE('',*,*,#8278,.T.);
#5071=CARTESIAN_POINT('',(-5.0,3.8,0.0));
#5072=DIRECTION('',(-0.0,1.0,0.0));
#5073=DIRECTION('',(1.0,0.0,0.0));
#5074=ORIENTED_EDGE('',*,*,#9134,.T.);
#5075=ORIENTED_EDGE('',*,*,#9135,.T.);
#5076=ORIENTED_EDGE('',*,*,#9136,.T.);
#5077=ORIENTED_EDGE('',*,*,#8282,.T.);
#5078=CARTESIAN_POINT('',(-3.75,3.8,0.0));
#5079=DIRECTION('',(-0.0,1.0,0.0));
#5080=DIRECTION('',(1.0,0.0,0.0));
#5081=ORIENTED_EDGE('',*,*,#9137,.T.);
#5082=ORIENTED_EDGE('',*,*,#9138,.T.);
#5083=ORIENTED_EDGE('',*,*,#9139,.T.);
#5084=ORIENTED_EDGE('',*,*,#8286,.T.);
#5085=CARTESIAN_POINT('',(-2.5,3.8,0.0));
#5086=DIRECTION('',(-0.0,1.0,0.0));
#5087=DIRECTION('',(1.0,0.0,0.0));
#5088=ORIENTED_EDGE('',*,*,#9140,.T.);
#5089=ORIENTED_EDGE('',*,*,#9141,.T.);
#5090=ORIENTED_EDGE('',*,*,#9142,.T.);
#5091=ORIENTED_EDGE('',*,*,#8290,.T.);
#5092=CARTESIAN_POINT('',(-1.25,3.8,0.0));
#5093=DIRECTION('',(-0.0,1.0,0.0));
#5094=DIRECTION('',(1.0,0.0,0.0));
#5095=ORIENTED_EDGE('',*,*,#9143,.T.);
#5096=ORIENTED_EDGE('',*,*,#9144,.T.);
#5097=ORIENTED_EDGE('',*,*,#9145,.F.);
#5098=ORIENTED_EDGE('',*,*,#9146,.F.);
#5099=CARTESIAN_POINT('',(-8.625,0.2,2.34999999999999));
#5100=DIRECTION('',(-1.0,0.0,0.0));
#5101=DIRECTION('',(0.0,0.0,1.0));
#5102=ORIENTED_EDGE('',*,*,#9145,.T.);
#5103=ORIENTED_EDGE('',*,*,#9147,.T.);
#5104=ORIENTED_EDGE('',*,*,#9148,.F.);
#5105=ORIENTED_EDGE('',*,*,#9149,.F.);
#5106=CARTESIAN_POINT('',(-8.625,0.2,0.899999999999995));
#5107=DIRECTION('',(0.0,0.0,-1.0));
#5108=DIRECTION('',(0.0,-1.0,0.0));
#5109=ORIENTED_EDGE('',*,*,#9148,.T.);
#5110=ORIENTED_EDGE('',*,*,#9150,.T.);
#5111=ORIENTED_EDGE('',*,*,#9151,.F.);
#5112=ORIENTED_EDGE('',*,*,#9152,.F.);
#5113=CARTESIAN_POINT('',(-8.325,0.2,0.899999999999995));
#5114=DIRECTION('',(-1.0,0.0,0.0));
#5115=DIRECTION('',(0.0,0.0,1.0));
#5116=ORIENTED_EDGE('',*,*,#9151,.T.);
#5117=ORIENTED_EDGE('',*,*,#9153,.T.);
#5118=ORIENTED_EDGE('',*,*,#9154,.F.);
#5119=ORIENTED_EDGE('',*,*,#9155,.F.);
#5120=CARTESIAN_POINT('',(-8.325,0.2,0.749999999999995));
#5121=DIRECTION('',(0.0,0.0,-1.0));
#5122=DIRECTION('',(0.0,-1.0,0.0));
#5123=ORIENTED_EDGE('',*,*,#9154,.T.);
#5124=ORIENTED_EDGE('',*,*,#9156,.T.);
#5125=ORIENTED_EDGE('',*,*,#9157,.F.);
#5126=ORIENTED_EDGE('',*,*,#9158,.F.);
#5127=CARTESIAN_POINT('',(-7.92500000000001,0.2,0.749999999999995));
#5128=DIRECTION('',(1.0,0.0,0.0));
#5129=DIRECTION('',(0.0,1.0,0.0));
#5130=ORIENTED_EDGE('',*,*,#9157,.T.);
#5131=ORIENTED_EDGE('',*,*,#9159,.T.);
#5132=ORIENTED_EDGE('',*,*,#9160,.F.);
#5133=ORIENTED_EDGE('',*,*,#9161,.F.);
#5134=CARTESIAN_POINT('',(-7.92500000000001,0.2,0.899999999999995));
#5135=DIRECTION('',(0.0,0.0,-1.0));
#5136=DIRECTION('',(0.0,-1.0,0.0));
#5137=ORIENTED_EDGE('',*,*,#9160,.T.);
#5138=ORIENTED_EDGE('',*,*,#9162,.T.);
#5139=ORIENTED_EDGE('',*,*,#9163,.F.);
#5140=ORIENTED_EDGE('',*,*,#9164,.F.);
#5141=CARTESIAN_POINT('',(-7.625,0.2,0.899999999999995));
#5142=DIRECTION('',(1.0,0.0,0.0));
#5143=DIRECTION('',(0.0,1.0,0.0));
#5144=ORIENTED_EDGE('',*,*,#9163,.T.);
#5145=ORIENTED_EDGE('',*,*,#9165,.T.);
#5146=ORIENTED_EDGE('',*,*,#9166,.F.);
#5147=ORIENTED_EDGE('',*,*,#9167,.F.);
#5148=CARTESIAN_POINT('',(-7.625,0.2,2.34999999999999));
#5149=DIRECTION('',(0.0,0.0,1.0));
#5150=DIRECTION('',(1.0,0.0,0.0));
#5151=ORIENTED_EDGE('',*,*,#9166,.T.);
#5152=ORIENTED_EDGE('',*,*,#9168,.T.);
#5153=ORIENTED_EDGE('',*,*,#9169,.F.);
#5154=ORIENTED_EDGE('',*,*,#9170,.F.);
#5155=CARTESIAN_POINT('',(-7.875,0.2,2.34999999999999));
#5156=DIRECTION('',(1.0,0.0,0.0));
#5157=DIRECTION('',(0.0,1.0,0.0));
#5158=ORIENTED_EDGE('',*,*,#9169,.T.);
#5159=ORIENTED_EDGE('',*,*,#9171,.T.);
#5160=ORIENTED_EDGE('',*,*,#9172,.F.);
#5161=ORIENTED_EDGE('',*,*,#9173,.F.);
#5162=CARTESIAN_POINT('',(-7.875,0.2,2.74999999999999));
#5163=DIRECTION('',(0.0,0.0,1.0));
#5164=DIRECTION('',(1.0,0.0,0.0));
#5165=ORIENTED_EDGE('',*,*,#9172,.T.);
#5166=ORIENTED_EDGE('',*,*,#9174,.T.);
#5167=ORIENTED_EDGE('',*,*,#9175,.F.);
#5168=ORIENTED_EDGE('',*,*,#9176,.F.);
#5169=CARTESIAN_POINT('',(-8.375,0.2,2.74999999999999));
#5170=DIRECTION('',(-1.0,0.0,0.0));
#5171=DIRECTION('',(0.0,0.0,1.0));
#5172=ORIENTED_EDGE('',*,*,#9175,.T.);
#5173=ORIENTED_EDGE('',*,*,#9177,.T.);
#5174=ORIENTED_EDGE('',*,*,#9143,.F.);
#5175=ORIENTED_EDGE('',*,*,#9178,.F.);
#5176=CARTESIAN_POINT('',(-8.375,0.2,2.34999999999999));
#5177=DIRECTION('',(0.0,0.0,1.0));
#5178=DIRECTION('',(1.0,0.0,0.0));
#5179=ORIENTED_EDGE('',*,*,#9146,.T.);
#5180=ORIENTED_EDGE('',*,*,#9149,.T.);
#5181=ORIENTED_EDGE('',*,*,#9152,.T.);
#5182=ORIENTED_EDGE('',*,*,#9155,.T.);
#5183=ORIENTED_EDGE('',*,*,#9158,.T.);
#5184=ORIENTED_EDGE('',*,*,#9161,.T.);
#5185=ORIENTED_EDGE('',*,*,#9164,.T.);
#5186=ORIENTED_EDGE('',*,*,#9167,.T.);
#5187=ORIENTED_EDGE('',*,*,#9170,.T.);
#5188=ORIENTED_EDGE('',*,*,#9173,.T.);
#5189=ORIENTED_EDGE('',*,*,#9176,.T.);
#5190=ORIENTED_EDGE('',*,*,#9178,.T.);
#5191=CARTESIAN_POINT('',(-16.25,0.2,0.0));
#5192=DIRECTION('',(0.0,-1.0,0.0));
#5193=DIRECTION('',(0.0,0.0,-1.0));
#5194=ORIENTED_EDGE('',*,*,#9179,.T.);
#5195=ORIENTED_EDGE('',*,*,#9180,.T.);
#5196=ORIENTED_EDGE('',*,*,#9181,.F.);
#5197=ORIENTED_EDGE('',*,*,#9182,.F.);
#5198=CARTESIAN_POINT('',(-7.375,0.2,2.34999999999999));
#5199=DIRECTION('',(-1.0,0.0,0.0));
#5200=DIRECTION('',(0.0,0.0,1.0));
#5201=ORIENTED_EDGE('',*,*,#9181,.T.);
#5202=ORIENTED_EDGE('',*,*,#9183,.T.);
#5203=ORIENTED_EDGE('',*,*,#9184,.F.);
#5204=ORIENTED_EDGE('',*,*,#9185,.F.);
#5205=CARTESIAN_POINT('',(-7.375,0.2,0.899999999999995));
#5206=DIRECTION('',(0.0,0.0,-1.0));
#5207=DIRECTION('',(0.0,-1.0,0.0));
#5208=ORIENTED_EDGE('',*,*,#9184,.T.);
#5209=ORIENTED_EDGE('',*,*,#9186,.T.);
#5210=ORIENTED_EDGE('',*,*,#9187,.F.);
#5211=ORIENTED_EDGE('',*,*,#9188,.F.);
#5212=CARTESIAN_POINT('',(-7.075,0.2,0.899999999999995));
#5213=DIRECTION('',(-1.0,0.0,0.0));
#5214=DIRECTION('',(0.0,0.0,1.0));
#5215=ORIENTED_EDGE('',*,*,#9187,.T.);
#5216=ORIENTED_EDGE('',*,*,#9189,.T.);
#5217=ORIENTED_EDGE('',*,*,#9190,.F.);
#5218=ORIENTED_EDGE('',*,*,#9191,.F.);
#5219=CARTESIAN_POINT('',(-7.075,0.2,0.749999999999995));
#5220=DIRECTION('',(0.0,0.0,-1.0));
#5221=DIRECTION('',(0.0,-1.0,0.0));
#5222=ORIENTED_EDGE('',*,*,#9190,.T.);
#5223=ORIENTED_EDGE('',*,*,#9192,.T.);
#5224=ORIENTED_EDGE('',*,*,#9193,.F.);
#5225=ORIENTED_EDGE('',*,*,#9194,.F.);
#5226=CARTESIAN_POINT('',(-6.675,0.2,0.749999999999995));
#5227=DIRECTION('',(1.0,0.0,0.0));
#5228=DIRECTION('',(0.0,1.0,0.0));
#5229=ORIENTED_EDGE('',*,*,#9193,.T.);
#5230=ORIENTED_EDGE('',*,*,#9195,.T.);
#5231=ORIENTED_EDGE('',*,*,#9196,.F.);
#5232=ORIENTED_EDGE('',*,*,#9197,.F.);
#5233=CARTESIAN_POINT('',(-6.675,0.2,0.899999999999995));
#5234=DIRECTION('',(0.0,0.0,-1.0));
#5235=DIRECTION('',(0.0,-1.0,0.0));
#5236=ORIENTED_EDGE('',*,*,#9196,.T.);
#5237=ORIENTED_EDGE('',*,*,#9198,.T.);
#5238=ORIENTED_EDGE('',*,*,#9199,.F.);
#5239=ORIENTED_EDGE('',*,*,#9200,.F.);
#5240=CARTESIAN_POINT('',(-6.375,0.2,0.899999999999995));
#5241=DIRECTION('',(1.0,0.0,0.0));
#5242=DIRECTION('',(0.0,1.0,0.0));
#5243=ORIENTED_EDGE('',*,*,#9199,.T.);
#5244=ORIENTED_EDGE('',*,*,#9201,.T.);
#5245=ORIENTED_EDGE('',*,*,#9202,.F.);
#5246=ORIENTED_EDGE('',*,*,#9203,.F.);
#5247=CARTESIAN_POINT('',(-6.375,0.2,2.34999999999999));
#5248=DIRECTION('',(0.0,0.0,1.0));
#5249=DIRECTION('',(1.0,0.0,0.0));
#5250=ORIENTED_EDGE('',*,*,#9202,.T.);
#5251=ORIENTED_EDGE('',*,*,#9204,.T.);
#5252=ORIENTED_EDGE('',*,*,#9205,.F.);
#5253=ORIENTED_EDGE('',*,*,#9206,.F.);
#5254=CARTESIAN_POINT('',(-6.625,0.2,2.34999999999999));
#5255=DIRECTION('',(1.0,0.0,0.0));
#5256=DIRECTION('',(0.0,1.0,0.0));
#5257=ORIENTED_EDGE('',*,*,#9205,.T.);
#5258=ORIENTED_EDGE('',*,*,#9207,.T.);
#5259=ORIENTED_EDGE('',*,*,#9208,.F.);
#5260=ORIENTED_EDGE('',*,*,#9209,.F.);
#5261=CARTESIAN_POINT('',(-6.625,0.2,2.74999999999999));
#5262=DIRECTION('',(0.0,0.0,1.0));
#5263=DIRECTION('',(1.0,0.0,0.0));
#5264=ORIENTED_EDGE('',*,*,#9208,.T.);
#5265=ORIENTED_EDGE('',*,*,#9210,.T.);
#5266=ORIENTED_EDGE('',*,*,#9211,.F.);
#5267=ORIENTED_EDGE('',*,*,#9212,.F.);
#5268=CARTESIAN_POINT('',(-7.125,0.2,2.74999999999999));
#5269=DIRECTION('',(-1.0,0.0,0.0));
#5270=DIRECTION('',(0.0,0.0,1.0));
#5271=ORIENTED_EDGE('',*,*,#9211,.T.);
#5272=ORIENTED_EDGE('',*,*,#9213,.T.);
#5273=ORIENTED_EDGE('',*,*,#9179,.F.);
#5274=ORIENTED_EDGE('',*,*,#9214,.F.);
#5275=CARTESIAN_POINT('',(-7.125,0.2,2.34999999999999));
#5276=DIRECTION('',(0.0,0.0,1.0));
#5277=DIRECTION('',(1.0,0.0,0.0));
#5278=ORIENTED_EDGE('',*,*,#9182,.T.);
#5279=ORIENTED_EDGE('',*,*,#9185,.T.);
#5280=ORIENTED_EDGE('',*,*,#9188,.T.);
#5281=ORIENTED_EDGE('',*,*,#9191,.T.);
#5282=ORIENTED_EDGE('',*,*,#9194,.T.);
#5283=ORIENTED_EDGE('',*,*,#9197,.T.);
#5284=ORIENTED_EDGE('',*,*,#9200,.T.);
#5285=ORIENTED_EDGE('',*,*,#9203,.T.);
#5286=ORIENTED_EDGE('',*,*,#9206,.T.);
#5287=ORIENTED_EDGE('',*,*,#9209,.T.);
#5288=ORIENTED_EDGE('',*,*,#9212,.T.);
#5289=ORIENTED_EDGE('',*,*,#9214,.T.);
#5290=CARTESIAN_POINT('',(-15.0,0.2,0.0));
#5291=DIRECTION('',(0.0,-1.0,0.0));
#5292=DIRECTION('',(0.0,0.0,-1.0));
#5293=ORIENTED_EDGE('',*,*,#9215,.T.);
#5294=ORIENTED_EDGE('',*,*,#9216,.T.);
#5295=ORIENTED_EDGE('',*,*,#9217,.F.);
#5296=ORIENTED_EDGE('',*,*,#9218,.F.);
#5297=CARTESIAN_POINT('',(-6.125,0.2,2.34999999999999));
#5298=DIRECTION('',(-1.0,0.0,0.0));
#5299=DIRECTION('',(0.0,0.0,1.0));
#5300=ORIENTED_EDGE('',*,*,#9217,.T.);
#5301=ORIENTED_EDGE('',*,*,#9219,.T.);
#5302=ORIENTED_EDGE('',*,*,#9220,.F.);
#5303=ORIENTED_EDGE('',*,*,#9221,.F.);
#5304=CARTESIAN_POINT('',(-6.125,0.2,0.899999999999995));
#5305=DIRECTION('',(0.0,0.0,-1.0));
#5306=DIRECTION('',(0.0,-1.0,0.0));
#5307=ORIENTED_EDGE('',*,*,#9220,.T.);
#5308=ORIENTED_EDGE('',*,*,#9222,.T.);
#5309=ORIENTED_EDGE('',*,*,#9223,.F.);
#5310=ORIENTED_EDGE('',*,*,#9224,.F.);
#5311=CARTESIAN_POINT('',(-5.825,0.2,0.899999999999995));
#5312=DIRECTION('',(-1.0,0.0,0.0));
#5313=DIRECTION('',(0.0,0.0,1.0));
#5314=ORIENTED_EDGE('',*,*,#9223,.T.);
#5315=ORIENTED_EDGE('',*,*,#9225,.T.);
#5316=ORIENTED_EDGE('',*,*,#9226,.F.);
#5317=ORIENTED_EDGE('',*,*,#9227,.F.);
#5318=CARTESIAN_POINT('',(-5.825,0.2,0.749999999999995));
#5319=DIRECTION('',(0.0,0.0,-1.0));
#5320=DIRECTION('',(0.0,-1.0,0.0));
#5321=ORIENTED_EDGE('',*,*,#9226,.T.);
#5322=ORIENTED_EDGE('',*,*,#9228,.T.);
#5323=ORIENTED_EDGE('',*,*,#9229,.F.);
#5324=ORIENTED_EDGE('',*,*,#9230,.F.);
#5325=CARTESIAN_POINT('',(-5.425,0.2,0.749999999999995));
#5326=DIRECTION('',(1.0,0.0,0.0));
#5327=DIRECTION('',(0.0,1.0,0.0));
#5328=ORIENTED_EDGE('',*,*,#9229,.T.);
#5329=ORIENTED_EDGE('',*,*,#9231,.T.);
#5330=ORIENTED_EDGE('',*,*,#9232,.F.);
#5331=ORIENTED_EDGE('',*,*,#9233,.F.);
#5332=CARTESIAN_POINT('',(-5.425,0.2,0.899999999999995));
#5333=DIRECTION('',(0.0,0.0,-1.0));
#5334=DIRECTION('',(0.0,-1.0,0.0));
#5335=ORIENTED_EDGE('',*,*,#9232,.T.);
#5336=ORIENTED_EDGE('',*,*,#9234,.T.);
#5337=ORIENTED_EDGE('',*,*,#9235,.F.);
#5338=ORIENTED_EDGE('',*,*,#9236,.F.);
#5339=CARTESIAN_POINT('',(-5.125,0.2,0.899999999999995));
#5340=DIRECTION('',(1.0,0.0,0.0));
#5341=DIRECTION('',(0.0,1.0,0.0));
#5342=ORIENTED_EDGE('',*,*,#9235,.T.);
#5343=ORIENTED_EDGE('',*,*,#9237,.T.);
#5344=ORIENTED_EDGE('',*,*,#9238,.F.);
#5345=ORIENTED_EDGE('',*,*,#9239,.F.);
#5346=CARTESIAN_POINT('',(-5.125,0.2,2.34999999999999));
#5347=DIRECTION('',(0.0,0.0,1.0));
#5348=DIRECTION('',(1.0,0.0,0.0));
#5349=ORIENTED_EDGE('',*,*,#9238,.T.);
#5350=ORIENTED_EDGE('',*,*,#9240,.T.);
#5351=ORIENTED_EDGE('',*,*,#9241,.F.);
#5352=ORIENTED_EDGE('',*,*,#9242,.F.);
#5353=CARTESIAN_POINT('',(-5.375,0.2,2.34999999999999));
#5354=DIRECTION('',(1.0,0.0,0.0));
#5355=DIRECTION('',(0.0,1.0,0.0));
#5356=ORIENTED_EDGE('',*,*,#9241,.T.);
#5357=ORIENTED_EDGE('',*,*,#9243,.T.);
#5358=ORIENTED_EDGE('',*,*,#9244,.F.);
#5359=ORIENTED_EDGE('',*,*,#9245,.F.);
#5360=CARTESIAN_POINT('',(-5.375,0.2,2.74999999999999));
#5361=DIRECTION('',(0.0,0.0,1.0));
#5362=DIRECTION('',(1.0,0.0,0.0));
#5363=ORIENTED_EDGE('',*,*,#9244,.T.);
#5364=ORIENTED_EDGE('',*,*,#9246,.T.);
#5365=ORIENTED_EDGE('',*,*,#9247,.F.);
#5366=ORIENTED_EDGE('',*,*,#9248,.F.);
#5367=CARTESIAN_POINT('',(-5.875,0.2,2.74999999999999));
#5368=DIRECTION('',(-1.0,0.0,0.0));
#5369=DIRECTION('',(0.0,0.0,1.0));
#5370=ORIENTED_EDGE('',*,*,#9247,.T.);
#5371=ORIENTED_EDGE('',*,*,#9249,.T.);
#5372=ORIENTED_EDGE('',*,*,#9215,.F.);
#5373=ORIENTED_EDGE('',*,*,#9250,.F.);
#5374=CARTESIAN_POINT('',(-5.875,0.2,2.34999999999999));
#5375=DIRECTION('',(0.0,0.0,1.0));
#5376=DIRECTION('',(1.0,0.0,0.0));
#5377=ORIENTED_EDGE('',*,*,#9218,.T.);
#5378=ORIENTED_EDGE('',*,*,#9221,.T.);
#5379=ORIENTED_EDGE('',*,*,#9224,.T.);
#5380=ORIENTED_EDGE('',*,*,#9227,.T.);
#5381=ORIENTED_EDGE('',*,*,#9230,.T.);
#5382=ORIENTED_EDGE('',*,*,#9233,.T.);
#5383=ORIENTED_EDGE('',*,*,#9236,.T.);
#5384=ORIENTED_EDGE('',*,*,#9239,.T.);
#5385=ORIENTED_EDGE('',*,*,#9242,.T.);
#5386=ORIENTED_EDGE('',*,*,#9245,.T.);
#5387=ORIENTED_EDGE('',*,*,#9248,.T.);
#5388=ORIENTED_EDGE('',*,*,#9250,.T.);
#5389=CARTESIAN_POINT('',(-13.75,0.2,0.0));
#5390=DIRECTION('',(0.0,-1.0,0.0));
#5391=DIRECTION('',(0.0,0.0,-1.0));
#5392=ORIENTED_EDGE('',*,*,#9251,.T.);
#5393=ORIENTED_EDGE('',*,*,#9252,.T.);
#5394=ORIENTED_EDGE('',*,*,#9253,.F.);
#5395=ORIENTED_EDGE('',*,*,#9254,.F.);
#5396=CARTESIAN_POINT('',(-4.875,0.2,2.34999999999999));
#5397=DIRECTION('',(-1.0,0.0,0.0));
#5398=DIRECTION('',(0.0,0.0,1.0));
#5399=ORIENTED_EDGE('',*,*,#9253,.T.);
#5400=ORIENTED_EDGE('',*,*,#9255,.T.);
#5401=ORIENTED_EDGE('',*,*,#9256,.F.);
#5402=ORIENTED_EDGE('',*,*,#9257,.F.);
#5403=CARTESIAN_POINT('',(-4.875,0.2,0.899999999999995));
#5404=DIRECTION('',(0.0,0.0,-1.0));
#5405=DIRECTION('',(0.0,-1.0,0.0));
#5406=ORIENTED_EDGE('',*,*,#9256,.T.);
#5407=ORIENTED_EDGE('',*,*,#9258,.T.);
#5408=ORIENTED_EDGE('',*,*,#9259,.F.);
#5409=ORIENTED_EDGE('',*,*,#9260,.F.);
#5410=CARTESIAN_POINT('',(-4.575,0.2,0.899999999999995));
#5411=DIRECTION('',(-1.0,0.0,0.0));
#5412=DIRECTION('',(0.0,0.0,1.0));
#5413=ORIENTED_EDGE('',*,*,#9259,.T.);
#5414=ORIENTED_EDGE('',*,*,#9261,.T.);
#5415=ORIENTED_EDGE('',*,*,#9262,.F.);
#5416=ORIENTED_EDGE('',*,*,#9263,.F.);
#5417=CARTESIAN_POINT('',(-4.575,0.2,0.749999999999995));
#5418=DIRECTION('',(0.0,0.0,-1.0));
#5419=DIRECTION('',(0.0,-1.0,0.0));
#5420=ORIENTED_EDGE('',*,*,#9262,.T.);
#5421=ORIENTED_EDGE('',*,*,#9264,.T.);
#5422=ORIENTED_EDGE('',*,*,#9265,.F.);
#5423=ORIENTED_EDGE('',*,*,#9266,.F.);
#5424=CARTESIAN_POINT('',(-4.17500000000001,0.2,0.749999999999995));
#5425=DIRECTION('',(1.0,0.0,0.0));
#5426=DIRECTION('',(0.0,1.0,0.0));
#5427=ORIENTED_EDGE('',*,*,#9265,.T.);
#5428=ORIENTED_EDGE('',*,*,#9267,.T.);
#5429=ORIENTED_EDGE('',*,*,#9268,.F.);
#5430=ORIENTED_EDGE('',*,*,#9269,.F.);
#5431=CARTESIAN_POINT('',(-4.17500000000001,0.2,0.899999999999995));
#5432=DIRECTION('',(0.0,0.0,-1.0));
#5433=DIRECTION('',(0.0,-1.0,0.0));
#5434=ORIENTED_EDGE('',*,*,#9268,.T.);
#5435=ORIENTED_EDGE('',*,*,#9270,.T.);
#5436=ORIENTED_EDGE('',*,*,#9271,.F.);
#5437=ORIENTED_EDGE('',*,*,#9272,.F.);
#5438=CARTESIAN_POINT('',(-3.875,0.2,0.899999999999995));
#5439=DIRECTION('',(1.0,0.0,0.0));
#5440=DIRECTION('',(0.0,1.0,0.0));
#5441=ORIENTED_EDGE('',*,*,#9271,.T.);
#5442=ORIENTED_EDGE('',*,*,#9273,.T.);
#5443=ORIENTED_EDGE('',*,*,#9274,.F.);
#5444=ORIENTED_EDGE('',*,*,#9275,.F.);
#5445=CARTESIAN_POINT('',(-3.875,0.2,2.34999999999999));
#5446=DIRECTION('',(0.0,0.0,1.0));
#5447=DIRECTION('',(1.0,0.0,0.0));
#5448=ORIENTED_EDGE('',*,*,#9274,.T.);
#5449=ORIENTED_EDGE('',*,*,#9276,.T.);
#5450=ORIENTED_EDGE('',*,*,#9277,.F.);
#5451=ORIENTED_EDGE('',*,*,#9278,.F.);
#5452=CARTESIAN_POINT('',(-4.125,0.2,2.34999999999999));
#5453=DIRECTION('',(1.0,0.0,0.0));
#5454=DIRECTION('',(0.0,1.0,0.0));
#5455=ORIENTED_EDGE('',*,*,#9277,.T.);
#5456=ORIENTED_EDGE('',*,*,#9279,.T.);
#5457=ORIENTED_EDGE('',*,*,#9280,.F.);
#5458=ORIENTED_EDGE('',*,*,#9281,.F.);
#5459=CARTESIAN_POINT('',(-4.125,0.2,2.74999999999999));
#5460=DIRECTION('',(0.0,0.0,1.0));
#5461=DIRECTION('',(1.0,0.0,0.0));
#5462=ORIENTED_EDGE('',*,*,#9280,.T.);
#5463=ORIENTED_EDGE('',*,*,#9282,.T.);
#5464=ORIENTED_EDGE('',*,*,#9283,.F.);
#5465=ORIENTED_EDGE('',*,*,#9284,.F.);
#5466=CARTESIAN_POINT('',(-4.625,0.2,2.74999999999999));
#5467=DIRECTION('',(-1.0,0.0,0.0));
#5468=DIRECTION('',(0.0,0.0,1.0));
#5469=ORIENTED_EDGE('',*,*,#9283,.T.);
#5470=ORIENTED_EDGE('',*,*,#9285,.T.);
#5471=ORIENTED_EDGE('',*,*,#9251,.F.);
#5472=ORIENTED_EDGE('',*,*,#9286,.F.);
#5473=CARTESIAN_POINT('',(-4.625,0.2,2.34999999999999));
#5474=DIRECTION('',(0.0,0.0,1.0));
#5475=DIRECTION('',(1.0,0.0,0.0));
#5476=ORIENTED_EDGE('',*,*,#9254,.T.);
#5477=ORIENTED_EDGE('',*,*,#9257,.T.);
#5478=ORIENTED_EDGE('',*,*,#9260,.T.);
#5479=ORIENTED_EDGE('',*,*,#9263,.T.);
#5480=ORIENTED_EDGE('',*,*,#9266,.T.);
#5481=ORIENTED_EDGE('',*,*,#9269,.T.);
#5482=ORIENTED_EDGE('',*,*,#9272,.T.);
#5483=ORIENTED_EDGE('',*,*,#9275,.T.);
#5484=ORIENTED_EDGE('',*,*,#9278,.T.);
#5485=ORIENTED_EDGE('',*,*,#9281,.T.);
#5486=ORIENTED_EDGE('',*,*,#9284,.T.);
#5487=ORIENTED_EDGE('',*,*,#9286,.T.);
#5488=CARTESIAN_POINT('',(-12.5,0.2,0.0));
#5489=DIRECTION('',(0.0,-1.0,0.0));
#5490=DIRECTION('',(0.0,0.0,-1.0));
#5491=ORIENTED_EDGE('',*,*,#9287,.T.);
#5492=ORIENTED_EDGE('',*,*,#9288,.T.);
#5493=ORIENTED_EDGE('',*,*,#9289,.F.);
#5494=ORIENTED_EDGE('',*,*,#9290,.F.);
#5495=CARTESIAN_POINT('',(-3.625,0.2,2.34999999999999));
#5496=DIRECTION('',(-1.0,0.0,0.0));
#5497=DIRECTION('',(0.0,0.0,1.0));
#5498=ORIENTED_EDGE('',*,*,#9289,.T.);
#5499=ORIENTED_EDGE('',*,*,#9291,.T.);
#5500=ORIENTED_EDGE('',*,*,#9292,.F.);
#5501=ORIENTED_EDGE('',*,*,#9293,.F.);
#5502=CARTESIAN_POINT('',(-3.625,0.2,0.899999999999995));
#5503=DIRECTION('',(0.0,0.0,-1.0));
#5504=DIRECTION('',(0.0,-1.0,0.0));
#5505=ORIENTED_EDGE('',*,*,#9292,.T.);
#5506=ORIENTED_EDGE('',*,*,#9294,.T.);
#5507=ORIENTED_EDGE('',*,*,#9295,.F.);
#5508=ORIENTED_EDGE('',*,*,#9296,.F.);
#5509=CARTESIAN_POINT('',(-3.325,0.2,0.899999999999995));
#5510=DIRECTION('',(-1.0,0.0,0.0));
#5511=DIRECTION('',(0.0,0.0,1.0));
#5512=ORIENTED_EDGE('',*,*,#9295,.T.);
#5513=ORIENTED_EDGE('',*,*,#9297,.T.);
#5514=ORIENTED_EDGE('',*,*,#9298,.F.);
#5515=ORIENTED_EDGE('',*,*,#9299,.F.);
#5516=CARTESIAN_POINT('',(-3.325,0.2,0.749999999999995));
#5517=DIRECTION('',(0.0,0.0,-1.0));
#5518=DIRECTION('',(0.0,-1.0,0.0));
#5519=ORIENTED_EDGE('',*,*,#9298,.T.);
#5520=ORIENTED_EDGE('',*,*,#9300,.T.);
#5521=ORIENTED_EDGE('',*,*,#9301,.F.);
#5522=ORIENTED_EDGE('',*,*,#9302,.F.);
#5523=CARTESIAN_POINT('',(-2.925,0.2,0.749999999999995));
#5524=DIRECTION('',(1.0,0.0,0.0));
#5525=DIRECTION('',(0.0,1.0,0.0));
#5526=ORIENTED_EDGE('',*,*,#9301,.T.);
#5527=ORIENTED_EDGE('',*,*,#9303,.T.);
#5528=ORIENTED_EDGE('',*,*,#9304,.F.);
#5529=ORIENTED_EDGE('',*,*,#9305,.F.);
#5530=CARTESIAN_POINT('',(-2.925,0.2,0.899999999999995));
#5531=DIRECTION('',(0.0,0.0,-1.0));
#5532=DIRECTION('',(0.0,-1.0,0.0));
#5533=ORIENTED_EDGE('',*,*,#9304,.T.);
#5534=ORIENTED_EDGE('',*,*,#9306,.T.);
#5535=ORIENTED_EDGE('',*,*,#9307,.F.);
#5536=ORIENTED_EDGE('',*,*,#9308,.F.);
#5537=CARTESIAN_POINT('',(-2.625,0.2,0.899999999999995));
#5538=DIRECTION('',(1.0,0.0,0.0));
#5539=DIRECTION('',(0.0,1.0,0.0));
#5540=ORIENTED_EDGE('',*,*,#9307,.T.);
#5541=ORIENTED_EDGE('',*,*,#9309,.T.);
#5542=ORIENTED_EDGE('',*,*,#9310,.F.);
#5543=ORIENTED_EDGE('',*,*,#9311,.F.);
#5544=CARTESIAN_POINT('',(-2.625,0.2,2.34999999999999));
#5545=DIRECTION('',(0.0,0.0,1.0));
#5546=DIRECTION('',(1.0,0.0,0.0));
#5547=ORIENTED_EDGE('',*,*,#9310,.T.);
#5548=ORIENTED_EDGE('',*,*,#9312,.T.);
#5549=ORIENTED_EDGE('',*,*,#9313,.F.);
#5550=ORIENTED_EDGE('',*,*,#9314,.F.);
#5551=CARTESIAN_POINT('',(-2.875,0.2,2.34999999999999));
#5552=DIRECTION('',(1.0,0.0,0.0));
#5553=DIRECTION('',(0.0,1.0,0.0));
#5554=ORIENTED_EDGE('',*,*,#9313,.T.);
#5555=ORIENTED_EDGE('',*,*,#9315,.T.);
#5556=ORIENTED_EDGE('',*,*,#9316,.F.);
#5557=ORIENTED_EDGE('',*,*,#9317,.F.);
#5558=CARTESIAN_POINT('',(-2.875,0.2,2.74999999999999));
#5559=DIRECTION('',(0.0,0.0,1.0));
#5560=DIRECTION('',(1.0,0.0,0.0));
#5561=ORIENTED_EDGE('',*,*,#9316,.T.);
#5562=ORIENTED_EDGE('',*,*,#9318,.T.);
#5563=ORIENTED_EDGE('',*,*,#9319,.F.);
#5564=ORIENTED_EDGE('',*,*,#9320,.F.);
#5565=CARTESIAN_POINT('',(-3.375,0.2,2.74999999999999));
#5566=DIRECTION('',(-1.0,0.0,0.0));
#5567=DIRECTION('',(0.0,0.0,1.0));
#5568=ORIENTED_EDGE('',*,*,#9319,.T.);
#5569=ORIENTED_EDGE('',*,*,#9321,.T.);
#5570=ORIENTED_EDGE('',*,*,#9287,.F.);
#5571=ORIENTED_EDGE('',*,*,#9322,.F.);
#5572=CARTESIAN_POINT('',(-3.375,0.2,2.34999999999999));
#5573=DIRECTION('',(0.0,0.0,1.0));
#5574=DIRECTION('',(1.0,0.0,0.0));
#5575=ORIENTED_EDGE('',*,*,#9290,.T.);
#5576=ORIENTED_EDGE('',*,*,#9293,.T.);
#5577=ORIENTED_EDGE('',*,*,#9296,.T.);
#5578=ORIENTED_EDGE('',*,*,#9299,.T.);
#5579=ORIENTED_EDGE('',*,*,#9302,.T.);
#5580=ORIENTED_EDGE('',*,*,#9305,.T.);
#5581=ORIENTED_EDGE('',*,*,#9308,.T.);
#5582=ORIENTED_EDGE('',*,*,#9311,.T.);
#5583=ORIENTED_EDGE('',*,*,#9314,.T.);
#5584=ORIENTED_EDGE('',*,*,#9317,.T.);
#5585=ORIENTED_EDGE('',*,*,#9320,.T.);
#5586=ORIENTED_EDGE('',*,*,#9322,.T.);
#5587=CARTESIAN_POINT('',(-11.25,0.2,0.0));
#5588=DIRECTION('',(0.0,-1.0,0.0));
#5589=DIRECTION('',(0.0,0.0,-1.0));
#5590=ORIENTED_EDGE('',*,*,#9323,.T.);
#5591=ORIENTED_EDGE('',*,*,#9324,.T.);
#5592=ORIENTED_EDGE('',*,*,#9325,.F.);
#5593=ORIENTED_EDGE('',*,*,#9326,.F.);
#5594=CARTESIAN_POINT('',(-2.375,0.2,2.34999999999999));
#5595=DIRECTION('',(-1.0,0.0,0.0));
#5596=DIRECTION('',(0.0,0.0,1.0));
#5597=ORIENTED_EDGE('',*,*,#9325,.T.);
#5598=ORIENTED_EDGE('',*,*,#9327,.T.);
#5599=ORIENTED_EDGE('',*,*,#9328,.F.);
#5600=ORIENTED_EDGE('',*,*,#9329,.F.);
#5601=CARTESIAN_POINT('',(-2.375,0.2,0.899999999999995));
#5602=DIRECTION('',(0.0,0.0,-1.0));
#5603=DIRECTION('',(0.0,-1.0,0.0));
#5604=ORIENTED_EDGE('',*,*,#9328,.T.);
#5605=ORIENTED_EDGE('',*,*,#9330,.T.);
#5606=ORIENTED_EDGE('',*,*,#9331,.F.);
#5607=ORIENTED_EDGE('',*,*,#9332,.F.);
#5608=CARTESIAN_POINT('',(-2.075,0.2,0.899999999999995));
#5609=DIRECTION('',(-1.0,0.0,0.0));
#5610=DIRECTION('',(0.0,0.0,1.0));
#5611=ORIENTED_EDGE('',*,*,#9331,.T.);
#5612=ORIENTED_EDGE('',*,*,#9333,.T.);
#5613=ORIENTED_EDGE('',*,*,#9334,.F.);
#5614=ORIENTED_EDGE('',*,*,#9335,.F.);
#5615=CARTESIAN_POINT('',(-2.075,0.2,0.749999999999995));
#5616=DIRECTION('',(0.0,0.0,-1.0));
#5617=DIRECTION('',(0.0,-1.0,0.0));
#5618=ORIENTED_EDGE('',*,*,#9334,.T.);
#5619=ORIENTED_EDGE('',*,*,#9336,.T.);
#5620=ORIENTED_EDGE('',*,*,#9337,.F.);
#5621=ORIENTED_EDGE('',*,*,#9338,.F.);
#5622=CARTESIAN_POINT('',(-1.675,0.2,0.749999999999995));
#5623=DIRECTION('',(1.0,0.0,0.0));
#5624=DIRECTION('',(0.0,1.0,0.0));
#5625=ORIENTED_EDGE('',*,*,#9337,.T.);
#5626=ORIENTED_EDGE('',*,*,#9339,.T.);
#5627=ORIENTED_EDGE('',*,*,#9340,.F.);
#5628=ORIENTED_EDGE('',*,*,#9341,.F.);
#5629=CARTESIAN_POINT('',(-1.675,0.2,0.899999999999995));
#5630=DIRECTION('',(0.0,0.0,-1.0));
#5631=DIRECTION('',(0.0,-1.0,0.0));
#5632=ORIENTED_EDGE('',*,*,#9340,.T.);
#5633=ORIENTED_EDGE('',*,*,#9342,.T.);
#5634=ORIENTED_EDGE('',*,*,#9343,.F.);
#5635=ORIENTED_EDGE('',*,*,#9344,.F.);
#5636=CARTESIAN_POINT('',(-1.375,0.2,0.899999999999995));
#5637=DIRECTION('',(1.0,0.0,0.0));
#5638=DIRECTION('',(0.0,1.0,0.0));
#5639=ORIENTED_EDGE('',*,*,#9343,.T.);
#5640=ORIENTED_EDGE('',*,*,#9345,.T.);
#5641=ORIENTED_EDGE('',*,*,#9346,.F.);
#5642=ORIENTED_EDGE('',*,*,#9347,.F.);
#5643=CARTESIAN_POINT('',(-1.375,0.2,2.34999999999999));
#5644=DIRECTION('',(0.0,0.0,1.0));
#5645=DIRECTION('',(1.0,0.0,0.0));
#5646=ORIENTED_EDGE('',*,*,#9346,.T.);
#5647=ORIENTED_EDGE('',*,*,#9348,.T.);
#5648=ORIENTED_EDGE('',*,*,#9349,.F.);
#5649=ORIENTED_EDGE('',*,*,#9350,.F.);
#5650=CARTESIAN_POINT('',(-1.625,0.2,2.34999999999999));
#5651=DIRECTION('',(1.0,0.0,0.0));
#5652=DIRECTION('',(0.0,1.0,0.0));
#5653=ORIENTED_EDGE('',*,*,#9349,.T.);
#5654=ORIENTED_EDGE('',*,*,#9351,.T.);
#5655=ORIENTED_EDGE('',*,*,#9352,.F.);
#5656=ORIENTED_EDGE('',*,*,#9353,.F.);
#5657=CARTESIAN_POINT('',(-1.625,0.2,2.74999999999999));
#5658=DIRECTION('',(0.0,0.0,1.0));
#5659=DIRECTION('',(1.0,0.0,0.0));
#5660=ORIENTED_EDGE('',*,*,#9352,.T.);
#5661=ORIENTED_EDGE('',*,*,#9354,.T.);
#5662=ORIENTED_EDGE('',*,*,#9355,.F.);
#5663=ORIENTED_EDGE('',*,*,#9356,.F.);
#5664=CARTESIAN_POINT('',(-2.125,0.2,2.74999999999999));
#5665=DIRECTION('',(-1.0,0.0,0.0));
#5666=DIRECTION('',(0.0,0.0,1.0));
#5667=ORIENTED_EDGE('',*,*,#9355,.T.);
#5668=ORIENTED_EDGE('',*,*,#9357,.T.);
#5669=ORIENTED_EDGE('',*,*,#9323,.F.);
#5670=ORIENTED_EDGE('',*,*,#9358,.F.);
#5671=CARTESIAN_POINT('',(-2.125,0.2,2.34999999999999));
#5672=DIRECTION('',(0.0,0.0,1.0));
#5673=DIRECTION('',(1.0,0.0,0.0));
#5674=ORIENTED_EDGE('',*,*,#9326,.T.);
#5675=ORIENTED_EDGE('',*,*,#9329,.T.);
#5676=ORIENTED_EDGE('',*,*,#9332,.T.);
#5677=ORIENTED_EDGE('',*,*,#9335,.T.);
#5678=ORIENTED_EDGE('',*,*,#9338,.T.);
#5679=ORIENTED_EDGE('',*,*,#9341,.T.);
#5680=ORIENTED_EDGE('',*,*,#9344,.T.);
#5681=ORIENTED_EDGE('',*,*,#9347,.T.);
#5682=ORIENTED_EDGE('',*,*,#9350,.T.);
#5683=ORIENTED_EDGE('',*,*,#9353,.T.);
#5684=ORIENTED_EDGE('',*,*,#9356,.T.);
#5685=ORIENTED_EDGE('',*,*,#9358,.T.);
#5686=CARTESIAN_POINT('',(-10.0,0.2,0.0));
#5687=DIRECTION('',(0.0,-1.0,0.0));
#5688=DIRECTION('',(0.0,0.0,-1.0));
#5689=ORIENTED_EDGE('',*,*,#9359,.T.);
#5690=ORIENTED_EDGE('',*,*,#9360,.T.);
#5691=ORIENTED_EDGE('',*,*,#9361,.F.);
#5692=ORIENTED_EDGE('',*,*,#9362,.F.);
#5693=CARTESIAN_POINT('',(-1.125,0.2,2.34999999999999));
#5694=DIRECTION('',(-1.0,0.0,0.0));
#5695=DIRECTION('',(0.0,0.0,1.0));
#5696=ORIENTED_EDGE('',*,*,#9361,.T.);
#5697=ORIENTED_EDGE('',*,*,#9363,.T.);
#5698=ORIENTED_EDGE('',*,*,#9364,.F.);
#5699=ORIENTED_EDGE('',*,*,#9365,.F.);
#5700=CARTESIAN_POINT('',(-1.125,0.2,0.899999999999995));
#5701=DIRECTION('',(0.0,0.0,-1.0));
#5702=DIRECTION('',(0.0,-1.0,0.0));
#5703=ORIENTED_EDGE('',*,*,#9364,.T.);
#5704=ORIENTED_EDGE('',*,*,#9366,.T.);
#5705=ORIENTED_EDGE('',*,*,#9367,.F.);
#5706=ORIENTED_EDGE('',*,*,#9368,.F.);
#5707=CARTESIAN_POINT('',(-0.825000000000005,0.2,0.899999999999995));
#5708=DIRECTION('',(-1.0,0.0,0.0));
#5709=DIRECTION('',(0.0,0.0,1.0));
#5710=ORIENTED_EDGE('',*,*,#9367,.T.);
#5711=ORIENTED_EDGE('',*,*,#9369,.T.);
#5712=ORIENTED_EDGE('',*,*,#9370,.F.);
#5713=ORIENTED_EDGE('',*,*,#9371,.F.);
#5714=CARTESIAN_POINT('',(-0.825000000000005,0.2,0.749999999999995));
#5715=DIRECTION('',(0.0,0.0,-1.0));
#5716=DIRECTION('',(0.0,-1.0,0.0));
#5717=ORIENTED_EDGE('',*,*,#9370,.T.);
#5718=ORIENTED_EDGE('',*,*,#9372,.T.);
#5719=ORIENTED_EDGE('',*,*,#9373,.F.);
#5720=ORIENTED_EDGE('',*,*,#9374,.F.);
#5721=CARTESIAN_POINT('',(-0.425000000000005,0.2,0.749999999999995));
#5722=DIRECTION('',(1.0,0.0,0.0));
#5723=DIRECTION('',(0.0,1.0,0.0));
#5724=ORIENTED_EDGE('',*,*,#9373,.T.);
#5725=ORIENTED_EDGE('',*,*,#9375,.T.);
#5726=ORIENTED_EDGE('',*,*,#9376,.F.);
#5727=ORIENTED_EDGE('',*,*,#9377,.F.);
#5728=CARTESIAN_POINT('',(-0.425000000000005,0.2,0.899999999999995));
#5729=DIRECTION('',(0.0,0.0,-1.0));
#5730=DIRECTION('',(0.0,-1.0,0.0));
#5731=ORIENTED_EDGE('',*,*,#9376,.T.);
#5732=ORIENTED_EDGE('',*,*,#9378,.T.);
#5733=ORIENTED_EDGE('',*,*,#9379,.F.);
#5734=ORIENTED_EDGE('',*,*,#9380,.F.);
#5735=CARTESIAN_POINT('',(-0.125000000000004,0.2,0.899999999999995));
#5736=DIRECTION('',(1.0,0.0,0.0));
#5737=DIRECTION('',(0.0,1.0,0.0));
#5738=ORIENTED_EDGE('',*,*,#9379,.T.);
#5739=ORIENTED_EDGE('',*,*,#9381,.T.);
#5740=ORIENTED_EDGE('',*,*,#9382,.F.);
#5741=ORIENTED_EDGE('',*,*,#9383,.F.);
#5742=CARTESIAN_POINT('',(-0.125000000000004,0.2,2.34999999999999));
#5743=DIRECTION('',(0.0,0.0,1.0));
#5744=DIRECTION('',(1.0,0.0,0.0));
#5745=ORIENTED_EDGE('',*,*,#9382,.T.);
#5746=ORIENTED_EDGE('',*,*,#9384,.T.);
#5747=ORIENTED_EDGE('',*,*,#9385,.F.);
#5748=ORIENTED_EDGE('',*,*,#9386,.F.);
#5749=CARTESIAN_POINT('',(-0.375000000000004,0.2,2.34999999999999));
#5750=DIRECTION('',(1.0,0.0,0.0));
#5751=DIRECTION('',(0.0,1.0,0.0));
#5752=ORIENTED_EDGE('',*,*,#9385,.T.);
#5753=ORIENTED_EDGE('',*,*,#9387,.T.);
#5754=ORIENTED_EDGE('',*,*,#9388,.F.);
#5755=ORIENTED_EDGE('',*,*,#9389,.F.);
#5756=CARTESIAN_POINT('',(-0.375000000000004,0.2,2.74999999999999));
#5757=DIRECTION('',(0.0,0.0,1.0));
#5758=DIRECTION('',(1.0,0.0,0.0));
#5759=ORIENTED_EDGE('',*,*,#9388,.T.);
#5760=ORIENTED_EDGE('',*,*,#9390,.T.);
#5761=ORIENTED_EDGE('',*,*,#9391,.F.);
#5762=ORIENTED_EDGE('',*,*,#9392,.F.);
#5763=CARTESIAN_POINT('',(-0.875000000000004,0.2,2.74999999999999));
#5764=DIRECTION('',(-1.0,0.0,0.0));
#5765=DIRECTION('',(0.0,0.0,1.0));
#5766=ORIENTED_EDGE('',*,*,#9391,.T.);
#5767=ORIENTED_EDGE('',*,*,#9393,.T.);
#5768=ORIENTED_EDGE('',*,*,#9359,.F.);
#5769=ORIENTED_EDGE('',*,*,#9394,.F.);
#5770=CARTESIAN_POINT('',(-0.875000000000004,0.2,2.34999999999999));
#5771=DIRECTION('',(0.0,0.0,1.0));
#5772=DIRECTION('',(1.0,0.0,0.0));
#5773=ORIENTED_EDGE('',*,*,#9362,.T.);
#5774=ORIENTED_EDGE('',*,*,#9365,.T.);
#5775=ORIENTED_EDGE('',*,*,#9368,.T.);
#5776=ORIENTED_EDGE('',*,*,#9371,.T.);
#5777=ORIENTED_EDGE('',*,*,#9374,.T.);
#5778=ORIENTED_EDGE('',*,*,#9377,.T.);
#5779=ORIENTED_EDGE('',*,*,#9380,.T.);
#5780=ORIENTED_EDGE('',*,*,#9383,.T.);
#5781=ORIENTED_EDGE('',*,*,#9386,.T.);
#5782=ORIENTED_EDGE('',*,*,#9389,.T.);
#5783=ORIENTED_EDGE('',*,*,#9392,.T.);
#5784=ORIENTED_EDGE('',*,*,#9394,.T.);
#5785=CARTESIAN_POINT('',(-8.75,0.2,0.0));
#5786=DIRECTION('',(0.0,-1.0,0.0));
#5787=DIRECTION('',(0.0,0.0,-1.0));
#5788=ORIENTED_EDGE('',*,*,#9395,.T.);
#5789=ORIENTED_EDGE('',*,*,#9396,.T.);
#5790=ORIENTED_EDGE('',*,*,#9397,.F.);
#5791=ORIENTED_EDGE('',*,*,#9398,.F.);
#5792=CARTESIAN_POINT('',(0.124999999999997,0.2,2.34999999999999));
#5793=DIRECTION('',(-1.0,0.0,0.0));
#5794=DIRECTION('',(0.0,0.0,1.0));
#5795=ORIENTED_EDGE('',*,*,#9397,.T.);
#5796=ORIENTED_EDGE('',*,*,#9399,.T.);
#5797=ORIENTED_EDGE('',*,*,#9400,.F.);
#5798=ORIENTED_EDGE('',*,*,#9401,.F.);
#5799=CARTESIAN_POINT('',(0.124999999999997,0.2,0.899999999999995));
#5800=DIRECTION('',(0.0,0.0,-1.0));
#5801=DIRECTION('',(0.0,-1.0,0.0));
#5802=ORIENTED_EDGE('',*,*,#9400,.T.);
#5803=ORIENTED_EDGE('',*,*,#9402,.T.);
#5804=ORIENTED_EDGE('',*,*,#9403,.F.);
#5805=ORIENTED_EDGE('',*,*,#9404,.F.);
#5806=CARTESIAN_POINT('',(0.424999999999997,0.2,0.899999999999995));
#5807=DIRECTION('',(-1.0,0.0,0.0));
#5808=DIRECTION('',(0.0,0.0,1.0));
#5809=ORIENTED_EDGE('',*,*,#9403,.T.);
#5810=ORIENTED_EDGE('',*,*,#9405,.T.);
#5811=ORIENTED_EDGE('',*,*,#9406,.F.);
#5812=ORIENTED_EDGE('',*,*,#9407,.F.);
#5813=CARTESIAN_POINT('',(0.424999999999997,0.2,0.749999999999995));
#5814=DIRECTION('',(0.0,0.0,-1.0));
#5815=DIRECTION('',(0.0,-1.0,0.0));
#5816=ORIENTED_EDGE('',*,*,#9406,.T.);
#5817=ORIENTED_EDGE('',*,*,#9408,.T.);
#5818=ORIENTED_EDGE('',*,*,#9409,.F.);
#5819=ORIENTED_EDGE('',*,*,#9410,.F.);
#5820=CARTESIAN_POINT('',(0.824999999999996,0.2,0.749999999999995));
#5821=DIRECTION('',(1.0,0.0,0.0));
#5822=DIRECTION('',(0.0,1.0,0.0));
#5823=ORIENTED_EDGE('',*,*,#9409,.T.);
#5824=ORIENTED_EDGE('',*,*,#9411,.T.);
#5825=ORIENTED_EDGE('',*,*,#9412,.F.);
#5826=ORIENTED_EDGE('',*,*,#9413,.F.);
#5827=CARTESIAN_POINT('',(0.824999999999996,0.2,0.899999999999995));
#5828=DIRECTION('',(0.0,0.0,-1.0));
#5829=DIRECTION('',(0.0,-1.0,0.0));
#5830=ORIENTED_EDGE('',*,*,#9412,.T.);
#5831=ORIENTED_EDGE('',*,*,#9414,.T.);
#5832=ORIENTED_EDGE('',*,*,#9415,.F.);
#5833=ORIENTED_EDGE('',*,*,#9416,.F.);
#5834=CARTESIAN_POINT('',(1.125,0.2,0.899999999999995));
#5835=DIRECTION('',(1.0,0.0,0.0));
#5836=DIRECTION('',(0.0,1.0,0.0));
#5837=ORIENTED_EDGE('',*,*,#9415,.T.);
#5838=ORIENTED_EDGE('',*,*,#9417,.T.);
#5839=ORIENTED_EDGE('',*,*,#9418,.F.);
#5840=ORIENTED_EDGE('',*,*,#9419,.F.);
#5841=CARTESIAN_POINT('',(1.125,0.2,2.34999999999999));
#5842=DIRECTION('',(0.0,0.0,1.0));
#5843=DIRECTION('',(1.0,0.0,0.0));
#5844=ORIENTED_EDGE('',*,*,#9418,.T.);
#5845=ORIENTED_EDGE('',*,*,#9420,.T.);
#5846=ORIENTED_EDGE('',*,*,#9421,.F.);
#5847=ORIENTED_EDGE('',*,*,#9422,.F.);
#5848=CARTESIAN_POINT('',(0.874999999999997,0.2,2.34999999999999));
#5849=DIRECTION('',(1.0,0.0,0.0));
#5850=DIRECTION('',(0.0,1.0,0.0));
#5851=ORIENTED_EDGE('',*,*,#9421,.T.);
#5852=ORIENTED_EDGE('',*,*,#9423,.T.);
#5853=ORIENTED_EDGE('',*,*,#9424,.F.);
#5854=ORIENTED_EDGE('',*,*,#9425,.F.);
#5855=CARTESIAN_POINT('',(0.874999999999997,0.2,2.74999999999999));
#5856=DIRECTION('',(0.0,0.0,1.0));
#5857=DIRECTION('',(1.0,0.0,0.0));
#5858=ORIENTED_EDGE('',*,*,#9424,.T.);
#5859=ORIENTED_EDGE('',*,*,#9426,.T.);
#5860=ORIENTED_EDGE('',*,*,#9427,.F.);
#5861=ORIENTED_EDGE('',*,*,#9428,.F.);
#5862=CARTESIAN_POINT('',(0.374999999999997,0.2,2.74999999999999));
#5863=DIRECTION('',(-1.0,0.0,0.0));
#5864=DIRECTION('',(0.0,0.0,1.0));
#5865=ORIENTED_EDGE('',*,*,#9427,.T.);
#5866=ORIENTED_EDGE('',*,*,#9429,.T.);
#5867=ORIENTED_EDGE('',*,*,#9395,.F.);
#5868=ORIENTED_EDGE('',*,*,#9430,.F.);
#5869=CARTESIAN_POINT('',(0.374999999999997,0.2,2.34999999999999));
#5870=DIRECTION('',(0.0,0.0,1.0));
#5871=DIRECTION('',(1.0,0.0,0.0));
#5872=ORIENTED_EDGE('',*,*,#9398,.T.);
#5873=ORIENTED_EDGE('',*,*,#9401,.T.);
#5874=ORIENTED_EDGE('',*,*,#9404,.T.);
#5875=ORIENTED_EDGE('',*,*,#9407,.T.);
#5876=ORIENTED_EDGE('',*,*,#9410,.T.);
#5877=ORIENTED_EDGE('',*,*,#9413,.T.);
#5878=ORIENTED_EDGE('',*,*,#9416,.T.);
#5879=ORIENTED_EDGE('',*,*,#9419,.T.);
#5880=ORIENTED_EDGE('',*,*,#9422,.T.);
#5881=ORIENTED_EDGE('',*,*,#9425,.T.);
#5882=ORIENTED_EDGE('',*,*,#9428,.T.);
#5883=ORIENTED_EDGE('',*,*,#9430,.T.);
#5884=CARTESIAN_POINT('',(-7.5,0.2,0.0));
#5885=DIRECTION('',(0.0,-1.0,0.0));
#5886=DIRECTION('',(0.0,0.0,-1.0));
#5887=ORIENTED_EDGE('',*,*,#9431,.T.);
#5888=ORIENTED_EDGE('',*,*,#9432,.T.);
#5889=ORIENTED_EDGE('',*,*,#9433,.F.);
#5890=ORIENTED_EDGE('',*,*,#9434,.F.);
#5891=CARTESIAN_POINT('',(1.375,0.2,2.34999999999999));
#5892=DIRECTION('',(-1.0,0.0,0.0));
#5893=DIRECTION('',(0.0,0.0,1.0));
#5894=ORIENTED_EDGE('',*,*,#9433,.T.);
#5895=ORIENTED_EDGE('',*,*,#9435,.T.);
#5896=ORIENTED_EDGE('',*,*,#9436,.F.);
#5897=ORIENTED_EDGE('',*,*,#9437,.F.);
#5898=CARTESIAN_POINT('',(1.375,0.2,0.899999999999995));
#5899=DIRECTION('',(0.0,0.0,-1.0));
#5900=DIRECTION('',(0.0,-1.0,0.0));
#5901=ORIENTED_EDGE('',*,*,#9436,.T.);
#5902=ORIENTED_EDGE('',*,*,#9438,.T.);
#5903=ORIENTED_EDGE('',*,*,#9439,.F.);
#5904=ORIENTED_EDGE('',*,*,#9440,.F.);
#5905=CARTESIAN_POINT('',(1.675,0.2,0.899999999999995));
#5906=DIRECTION('',(-1.0,0.0,0.0));
#5907=DIRECTION('',(0.0,0.0,1.0));
#5908=ORIENTED_EDGE('',*,*,#9439,.T.);
#5909=ORIENTED_EDGE('',*,*,#9441,.T.);
#5910=ORIENTED_EDGE('',*,*,#9442,.F.);
#5911=ORIENTED_EDGE('',*,*,#9443,.F.);
#5912=CARTESIAN_POINT('',(1.675,0.2,0.749999999999995));
#5913=DIRECTION('',(0.0,0.0,-1.0));
#5914=DIRECTION('',(0.0,-1.0,0.0));
#5915=ORIENTED_EDGE('',*,*,#9442,.T.);
#5916=ORIENTED_EDGE('',*,*,#9444,.T.);
#5917=ORIENTED_EDGE('',*,*,#9445,.F.);
#5918=ORIENTED_EDGE('',*,*,#9446,.F.);
#5919=CARTESIAN_POINT('',(2.075,0.2,0.749999999999995));
#5920=DIRECTION('',(1.0,0.0,0.0));
#5921=DIRECTION('',(0.0,1.0,0.0));
#5922=ORIENTED_EDGE('',*,*,#9445,.T.);
#5923=ORIENTED_EDGE('',*,*,#9447,.T.);
#5924=ORIENTED_EDGE('',*,*,#9448,.F.);
#5925=ORIENTED_EDGE('',*,*,#9449,.F.);
#5926=CARTESIAN_POINT('',(2.075,0.2,0.899999999999995));
#5927=DIRECTION('',(0.0,0.0,-1.0));
#5928=DIRECTION('',(0.0,-1.0,0.0));
#5929=ORIENTED_EDGE('',*,*,#9448,.T.);
#5930=ORIENTED_EDGE('',*,*,#9450,.T.);
#5931=ORIENTED_EDGE('',*,*,#9451,.F.);
#5932=ORIENTED_EDGE('',*,*,#9452,.F.);
#5933=CARTESIAN_POINT('',(2.375,0.2,0.899999999999995));
#5934=DIRECTION('',(1.0,0.0,0.0));
#5935=DIRECTION('',(0.0,1.0,0.0));
#5936=ORIENTED_EDGE('',*,*,#9451,.T.);
#5937=ORIENTED_EDGE('',*,*,#9453,.T.);
#5938=ORIENTED_EDGE('',*,*,#9454,.F.);
#5939=ORIENTED_EDGE('',*,*,#9455,.F.);
#5940=CARTESIAN_POINT('',(2.375,0.2,2.34999999999999));
#5941=DIRECTION('',(0.0,0.0,1.0));
#5942=DIRECTION('',(1.0,0.0,0.0));
#5943=ORIENTED_EDGE('',*,*,#9454,.T.);
#5944=ORIENTED_EDGE('',*,*,#9456,.T.);
#5945=ORIENTED_EDGE('',*,*,#9457,.F.);
#5946=ORIENTED_EDGE('',*,*,#9458,.F.);
#5947=CARTESIAN_POINT('',(2.125,0.2,2.34999999999999));
#5948=DIRECTION('',(1.0,0.0,0.0));
#5949=DIRECTION('',(0.0,1.0,0.0));
#5950=ORIENTED_EDGE('',*,*,#9457,.T.);
#5951=ORIENTED_EDGE('',*,*,#9459,.T.);
#5952=ORIENTED_EDGE('',*,*,#9460,.F.);
#5953=ORIENTED_EDGE('',*,*,#9461,.F.);
#5954=CARTESIAN_POINT('',(2.125,0.2,2.74999999999999));
#5955=DIRECTION('',(0.0,0.0,1.0));
#5956=DIRECTION('',(1.0,0.0,0.0));
#5957=ORIENTED_EDGE('',*,*,#9460,.T.);
#5958=ORIENTED_EDGE('',*,*,#9462,.T.);
#5959=ORIENTED_EDGE('',*,*,#9463,.F.);
#5960=ORIENTED_EDGE('',*,*,#9464,.F.);
#5961=CARTESIAN_POINT('',(1.625,0.2,2.74999999999999));
#5962=DIRECTION('',(-1.0,0.0,0.0));
#5963=DIRECTION('',(0.0,0.0,1.0));
#5964=ORIENTED_EDGE('',*,*,#9463,.T.);
#5965=ORIENTED_EDGE('',*,*,#9465,.T.);
#5966=ORIENTED_EDGE('',*,*,#9431,.F.);
#5967=ORIENTED_EDGE('',*,*,#9466,.F.);
#5968=CARTESIAN_POINT('',(1.625,0.2,2.34999999999999));
#5969=DIRECTION('',(0.0,0.0,1.0));
#5970=DIRECTION('',(1.0,0.0,0.0));
#5971=ORIENTED_EDGE('',*,*,#9434,.T.);
#5972=ORIENTED_EDGE('',*,*,#9437,.T.);
#5973=ORIENTED_EDGE('',*,*,#9440,.T.);
#5974=ORIENTED_EDGE('',*,*,#9443,.T.);
#5975=ORIENTED_EDGE('',*,*,#9446,.T.);
#5976=ORIENTED_EDGE('',*,*,#9449,.T.);
#5977=ORIENTED_EDGE('',*,*,#9452,.T.);
#5978=ORIENTED_EDGE('',*,*,#9455,.T.);
#5979=ORIENTED_EDGE('',*,*,#9458,.T.);
#5980=ORIENTED_EDGE('',*,*,#9461,.T.);
#5981=ORIENTED_EDGE('',*,*,#9464,.T.);
#5982=ORIENTED_EDGE('',*,*,#9466,.T.);
#5983=CARTESIAN_POINT('',(-6.25,0.2,0.0));
#5984=DIRECTION('',(0.0,-1.0,0.0));
#5985=DIRECTION('',(0.0,0.0,-1.0));
#5986=ORIENTED_EDGE('',*,*,#9467,.T.);
#5987=ORIENTED_EDGE('',*,*,#9468,.T.);
#5988=ORIENTED_EDGE('',*,*,#9469,.F.);
#5989=ORIENTED_EDGE('',*,*,#9470,.F.);
#5990=CARTESIAN_POINT('',(2.625,0.2,2.34999999999999));
#5991=DIRECTION('',(-1.0,0.0,0.0));
#5992=DIRECTION('',(0.0,0.0,1.0));
#5993=ORIENTED_EDGE('',*,*,#9469,.T.);
#5994=ORIENTED_EDGE('',*,*,#9471,.T.);
#5995=ORIENTED_EDGE('',*,*,#9472,.F.);
#5996=ORIENTED_EDGE('',*,*,#9473,.F.);
#5997=CARTESIAN_POINT('',(2.625,0.2,0.899999999999995));
#5998=DIRECTION('',(0.0,0.0,-1.0));
#5999=DIRECTION('',(0.0,-1.0,0.0));
#6000=ORIENTED_EDGE('',*,*,#9472,.T.);
#6001=ORIENTED_EDGE('',*,*,#9474,.T.);
#6002=ORIENTED_EDGE('',*,*,#9475,.F.);
#6003=ORIENTED_EDGE('',*,*,#9476,.F.);
#6004=CARTESIAN_POINT('',(2.925,0.2,0.899999999999995));
#6005=DIRECTION('',(-1.0,0.0,0.0));
#6006=DIRECTION('',(0.0,0.0,1.0));
#6007=ORIENTED_EDGE('',*,*,#9475,.T.);
#6008=ORIENTED_EDGE('',*,*,#9477,.T.);
#6009=ORIENTED_EDGE('',*,*,#9478,.F.);
#6010=ORIENTED_EDGE('',*,*,#9479,.F.);
#6011=CARTESIAN_POINT('',(2.925,0.2,0.749999999999995));
#6012=DIRECTION('',(0.0,0.0,-1.0));
#6013=DIRECTION('',(0.0,-1.0,0.0));
#6014=ORIENTED_EDGE('',*,*,#9478,.T.);
#6015=ORIENTED_EDGE('',*,*,#9480,.T.);
#6016=ORIENTED_EDGE('',*,*,#9481,.F.);
#6017=ORIENTED_EDGE('',*,*,#9482,.F.);
#6018=CARTESIAN_POINT('',(3.325,0.2,0.749999999999995));
#6019=DIRECTION('',(1.0,0.0,0.0));
#6020=DIRECTION('',(0.0,1.0,0.0));
#6021=ORIENTED_EDGE('',*,*,#9481,.T.);
#6022=ORIENTED_EDGE('',*,*,#9483,.T.);
#6023=ORIENTED_EDGE('',*,*,#9484,.F.);
#6024=ORIENTED_EDGE('',*,*,#9485,.F.);
#6025=CARTESIAN_POINT('',(3.325,0.2,0.899999999999995));
#6026=DIRECTION('',(0.0,0.0,-1.0));
#6027=DIRECTION('',(0.0,-1.0,0.0));
#6028=ORIENTED_EDGE('',*,*,#9484,.T.);
#6029=ORIENTED_EDGE('',*,*,#9486,.T.);
#6030=ORIENTED_EDGE('',*,*,#9487,.F.);
#6031=ORIENTED_EDGE('',*,*,#9488,.F.);
#6032=CARTESIAN_POINT('',(3.625,0.2,0.899999999999995));
#6033=DIRECTION('',(1.0,0.0,0.0));
#6034=DIRECTION('',(0.0,1.0,0.0));
#6035=ORIENTED_EDGE('',*,*,#9487,.T.);
#6036=ORIENTED_EDGE('',*,*,#9489,.T.);
#6037=ORIENTED_EDGE('',*,*,#9490,.F.);
#6038=ORIENTED_EDGE('',*,*,#9491,.F.);
#6039=CARTESIAN_POINT('',(3.625,0.2,2.34999999999999));
#6040=DIRECTION('',(0.0,0.0,1.0));
#6041=DIRECTION('',(1.0,0.0,0.0));
#6042=ORIENTED_EDGE('',*,*,#9490,.T.);
#6043=ORIENTED_EDGE('',*,*,#9492,.T.);
#6044=ORIENTED_EDGE('',*,*,#9493,.F.);
#6045=ORIENTED_EDGE('',*,*,#9494,.F.);
#6046=CARTESIAN_POINT('',(3.375,0.2,2.34999999999999));
#6047=DIRECTION('',(1.0,0.0,0.0));
#6048=DIRECTION('',(0.0,1.0,0.0));
#6049=ORIENTED_EDGE('',*,*,#9493,.T.);
#6050=ORIENTED_EDGE('',*,*,#9495,.T.);
#6051=ORIENTED_EDGE('',*,*,#9496,.F.);
#6052=ORIENTED_EDGE('',*,*,#9497,.F.);
#6053=CARTESIAN_POINT('',(3.375,0.2,2.74999999999999));
#6054=DIRECTION('',(0.0,0.0,1.0));
#6055=DIRECTION('',(1.0,0.0,0.0));
#6056=ORIENTED_EDGE('',*,*,#9496,.T.);
#6057=ORIENTED_EDGE('',*,*,#9498,.T.);
#6058=ORIENTED_EDGE('',*,*,#9499,.F.);
#6059=ORIENTED_EDGE('',*,*,#9500,.F.);
#6060=CARTESIAN_POINT('',(2.875,0.2,2.74999999999999));
#6061=DIRECTION('',(-1.0,0.0,0.0));
#6062=DIRECTION('',(0.0,0.0,1.0));
#6063=ORIENTED_EDGE('',*,*,#9499,.T.);
#6064=ORIENTED_EDGE('',*,*,#9501,.T.);
#6065=ORIENTED_EDGE('',*,*,#9467,.F.);
#6066=ORIENTED_EDGE('',*,*,#9502,.F.);
#6067=CARTESIAN_POINT('',(2.875,0.2,2.34999999999999));
#6068=DIRECTION('',(0.0,0.0,1.0));
#6069=DIRECTION('',(1.0,0.0,0.0));
#6070=ORIENTED_EDGE('',*,*,#9470,.T.);
#6071=ORIENTED_EDGE('',*,*,#9473,.T.);
#6072=ORIENTED_EDGE('',*,*,#9476,.T.);
#6073=ORIENTED_EDGE('',*,*,#9479,.T.);
#6074=ORIENTED_EDGE('',*,*,#9482,.T.);
#6075=ORIENTED_EDGE('',*,*,#9485,.T.);
#6076=ORIENTED_EDGE('',*,*,#9488,.T.);
#6077=ORIENTED_EDGE('',*,*,#9491,.T.);
#6078=ORIENTED_EDGE('',*,*,#9494,.T.);
#6079=ORIENTED_EDGE('',*,*,#9497,.T.);
#6080=ORIENTED_EDGE('',*,*,#9500,.T.);
#6081=ORIENTED_EDGE('',*,*,#9502,.T.);
#6082=CARTESIAN_POINT('',(-5.0,0.2,0.0));
#6083=DIRECTION('',(0.0,-1.0,0.0));
#6084=DIRECTION('',(0.0,0.0,-1.0));
#6085=ORIENTED_EDGE('',*,*,#9503,.T.);
#6086=ORIENTED_EDGE('',*,*,#9504,.T.);
#6087=ORIENTED_EDGE('',*,*,#9505,.F.);
#6088=ORIENTED_EDGE('',*,*,#9506,.F.);
#6089=CARTESIAN_POINT('',(3.875,0.2,2.34999999999999));
#6090=DIRECTION('',(-1.0,0.0,0.0));
#6091=DIRECTION('',(0.0,0.0,1.0));
#6092=ORIENTED_EDGE('',*,*,#9505,.T.);
#6093=ORIENTED_EDGE('',*,*,#9507,.T.);
#6094=ORIENTED_EDGE('',*,*,#9508,.F.);
#6095=ORIENTED_EDGE('',*,*,#9509,.F.);
#6096=CARTESIAN_POINT('',(3.875,0.2,0.899999999999995));
#6097=DIRECTION('',(0.0,0.0,-1.0));
#6098=DIRECTION('',(0.0,-1.0,0.0));
#6099=ORIENTED_EDGE('',*,*,#9508,.T.);
#6100=ORIENTED_EDGE('',*,*,#9510,.T.);
#6101=ORIENTED_EDGE('',*,*,#9511,.F.);
#6102=ORIENTED_EDGE('',*,*,#9512,.F.);
#6103=CARTESIAN_POINT('',(4.175,0.2,0.899999999999995));
#6104=DIRECTION('',(-1.0,0.0,0.0));
#6105=DIRECTION('',(0.0,0.0,1.0));
#6106=ORIENTED_EDGE('',*,*,#9511,.T.);
#6107=ORIENTED_EDGE('',*,*,#9513,.T.);
#6108=ORIENTED_EDGE('',*,*,#9514,.F.);
#6109=ORIENTED_EDGE('',*,*,#9515,.F.);
#6110=CARTESIAN_POINT('',(4.175,0.2,0.749999999999995));
#6111=DIRECTION('',(0.0,0.0,-1.0));
#6112=DIRECTION('',(0.0,-1.0,0.0));
#6113=ORIENTED_EDGE('',*,*,#9514,.T.);
#6114=ORIENTED_EDGE('',*,*,#9516,.T.);
#6115=ORIENTED_EDGE('',*,*,#9517,.F.);
#6116=ORIENTED_EDGE('',*,*,#9518,.F.);
#6117=CARTESIAN_POINT('',(4.575,0.2,0.749999999999995));
#6118=DIRECTION('',(1.0,0.0,0.0));
#6119=DIRECTION('',(0.0,1.0,0.0));
#6120=ORIENTED_EDGE('',*,*,#9517,.T.);
#6121=ORIENTED_EDGE('',*,*,#9519,.T.);
#6122=ORIENTED_EDGE('',*,*,#9520,.F.);
#6123=ORIENTED_EDGE('',*,*,#9521,.F.);
#6124=CARTESIAN_POINT('',(4.575,0.2,0.899999999999995));
#6125=DIRECTION('',(0.0,0.0,-1.0));
#6126=DIRECTION('',(0.0,-1.0,0.0));
#6127=ORIENTED_EDGE('',*,*,#9520,.T.);
#6128=ORIENTED_EDGE('',*,*,#9522,.T.);
#6129=ORIENTED_EDGE('',*,*,#9523,.F.);
#6130=ORIENTED_EDGE('',*,*,#9524,.F.);
#6131=CARTESIAN_POINT('',(4.875,0.2,0.899999999999995));
#6132=DIRECTION('',(1.0,0.0,0.0));
#6133=DIRECTION('',(0.0,1.0,0.0));
#6134=ORIENTED_EDGE('',*,*,#9523,.T.);
#6135=ORIENTED_EDGE('',*,*,#9525,.T.);
#6136=ORIENTED_EDGE('',*,*,#9526,.F.);
#6137=ORIENTED_EDGE('',*,*,#9527,.F.);
#6138=CARTESIAN_POINT('',(4.875,0.2,2.34999999999999));
#6139=DIRECTION('',(0.0,0.0,1.0));
#6140=DIRECTION('',(1.0,0.0,0.0));
#6141=ORIENTED_EDGE('',*,*,#9526,.T.);
#6142=ORIENTED_EDGE('',*,*,#9528,.T.);
#6143=ORIENTED_EDGE('',*,*,#9529,.F.);
#6144=ORIENTED_EDGE('',*,*,#9530,.F.);
#6145=CARTESIAN_POINT('',(4.625,0.2,2.34999999999999));
#6146=DIRECTION('',(1.0,0.0,0.0));
#6147=DIRECTION('',(0.0,1.0,0.0));
#6148=ORIENTED_EDGE('',*,*,#9529,.T.);
#6149=ORIENTED_EDGE('',*,*,#9531,.T.);
#6150=ORIENTED_EDGE('',*,*,#9532,.F.);
#6151=ORIENTED_EDGE('',*,*,#9533,.F.);
#6152=CARTESIAN_POINT('',(4.625,0.2,2.74999999999999));
#6153=DIRECTION('',(0.0,0.0,1.0));
#6154=DIRECTION('',(1.0,0.0,0.0));
#6155=ORIENTED_EDGE('',*,*,#9532,.T.);
#6156=ORIENTED_EDGE('',*,*,#9534,.T.);
#6157=ORIENTED_EDGE('',*,*,#9535,.F.);
#6158=ORIENTED_EDGE('',*,*,#9536,.F.);
#6159=CARTESIAN_POINT('',(4.125,0.2,2.74999999999999));
#6160=DIRECTION('',(-1.0,0.0,0.0));
#6161=DIRECTION('',(0.0,0.0,1.0));
#6162=ORIENTED_EDGE('',*,*,#9535,.T.);
#6163=ORIENTED_EDGE('',*,*,#9537,.T.);
#6164=ORIENTED_EDGE('',*,*,#9503,.F.);
#6165=ORIENTED_EDGE('',*,*,#9538,.F.);
#6166=CARTESIAN_POINT('',(4.125,0.2,2.34999999999999));
#6167=DIRECTION('',(0.0,0.0,1.0));
#6168=DIRECTION('',(1.0,0.0,0.0));
#6169=ORIENTED_EDGE('',*,*,#9506,.T.);
#6170=ORIENTED_EDGE('',*,*,#9509,.T.);
#6171=ORIENTED_EDGE('',*,*,#9512,.T.);
#6172=ORIENTED_EDGE('',*,*,#9515,.T.);
#6173=ORIENTED_EDGE('',*,*,#9518,.T.);
#6174=ORIENTED_EDGE('',*,*,#9521,.T.);
#6175=ORIENTED_EDGE('',*,*,#9524,.T.);
#6176=ORIENTED_EDGE('',*,*,#9527,.T.);
#6177=ORIENTED_EDGE('',*,*,#9530,.T.);
#6178=ORIENTED_EDGE('',*,*,#9533,.T.);
#6179=ORIENTED_EDGE('',*,*,#9536,.T.);
#6180=ORIENTED_EDGE('',*,*,#9538,.T.);
#6181=CARTESIAN_POINT('',(-3.75,0.2,0.0));
#6182=DIRECTION('',(0.0,-1.0,0.0));
#6183=DIRECTION('',(0.0,0.0,-1.0));
#6184=ORIENTED_EDGE('',*,*,#9539,.T.);
#6185=ORIENTED_EDGE('',*,*,#9540,.T.);
#6186=ORIENTED_EDGE('',*,*,#9541,.F.);
#6187=ORIENTED_EDGE('',*,*,#9542,.F.);
#6188=CARTESIAN_POINT('',(5.125,0.2,2.34999999999999));
#6189=DIRECTION('',(-1.0,0.0,0.0));
#6190=DIRECTION('',(0.0,0.0,1.0));
#6191=ORIENTED_EDGE('',*,*,#9541,.T.);
#6192=ORIENTED_EDGE('',*,*,#9543,.T.);
#6193=ORIENTED_EDGE('',*,*,#9544,.F.);
#6194=ORIENTED_EDGE('',*,*,#9545,.F.);
#6195=CARTESIAN_POINT('',(5.125,0.2,0.899999999999995));
#6196=DIRECTION('',(0.0,0.0,-1.0));
#6197=DIRECTION('',(0.0,-1.0,0.0));
#6198=ORIENTED_EDGE('',*,*,#9544,.T.);
#6199=ORIENTED_EDGE('',*,*,#9546,.T.);
#6200=ORIENTED_EDGE('',*,*,#9547,.F.);
#6201=ORIENTED_EDGE('',*,*,#9548,.F.);
#6202=CARTESIAN_POINT('',(5.425,0.2,0.899999999999995));
#6203=DIRECTION('',(-1.0,0.0,0.0));
#6204=DIRECTION('',(0.0,0.0,1.0));
#6205=ORIENTED_EDGE('',*,*,#9547,.T.);
#6206=ORIENTED_EDGE('',*,*,#9549,.T.);
#6207=ORIENTED_EDGE('',*,*,#9550,.F.);
#6208=ORIENTED_EDGE('',*,*,#9551,.F.);
#6209=CARTESIAN_POINT('',(5.425,0.2,0.749999999999995));
#6210=DIRECTION('',(0.0,0.0,-1.0));
#6211=DIRECTION('',(0.0,-1.0,0.0));
#6212=ORIENTED_EDGE('',*,*,#9550,.T.);
#6213=ORIENTED_EDGE('',*,*,#9552,.T.);
#6214=ORIENTED_EDGE('',*,*,#9553,.F.);
#6215=ORIENTED_EDGE('',*,*,#9554,.F.);
#6216=CARTESIAN_POINT('',(5.82499999999999,0.2,0.749999999999995));
#6217=DIRECTION('',(1.0,0.0,0.0));
#6218=DIRECTION('',(0.0,1.0,0.0));
#6219=ORIENTED_EDGE('',*,*,#9553,.T.);
#6220=ORIENTED_EDGE('',*,*,#9555,.T.);
#6221=ORIENTED_EDGE('',*,*,#9556,.F.);
#6222=ORIENTED_EDGE('',*,*,#9557,.F.);
#6223=CARTESIAN_POINT('',(5.82499999999999,0.2,0.899999999999995));
#6224=DIRECTION('',(0.0,0.0,-1.0));
#6225=DIRECTION('',(0.0,-1.0,0.0));
#6226=ORIENTED_EDGE('',*,*,#9556,.T.);
#6227=ORIENTED_EDGE('',*,*,#9558,.T.);
#6228=ORIENTED_EDGE('',*,*,#9559,.F.);
#6229=ORIENTED_EDGE('',*,*,#9560,.F.);
#6230=CARTESIAN_POINT('',(6.125,0.2,0.899999999999995));
#6231=DIRECTION('',(1.0,0.0,0.0));
#6232=DIRECTION('',(0.0,1.0,0.0));
#6233=ORIENTED_EDGE('',*,*,#9559,.T.);
#6234=ORIENTED_EDGE('',*,*,#9561,.T.);
#6235=ORIENTED_EDGE('',*,*,#9562,.F.);
#6236=ORIENTED_EDGE('',*,*,#9563,.F.);
#6237=CARTESIAN_POINT('',(6.125,0.2,2.34999999999999));
#6238=DIRECTION('',(0.0,0.0,1.0));
#6239=DIRECTION('',(1.0,0.0,0.0));
#6240=ORIENTED_EDGE('',*,*,#9562,.T.);
#6241=ORIENTED_EDGE('',*,*,#9564,.T.);
#6242=ORIENTED_EDGE('',*,*,#9565,.F.);
#6243=ORIENTED_EDGE('',*,*,#9566,.F.);
#6244=CARTESIAN_POINT('',(5.875,0.2,2.34999999999999));
#6245=DIRECTION('',(1.0,0.0,0.0));
#6246=DIRECTION('',(0.0,1.0,0.0));
#6247=ORIENTED_EDGE('',*,*,#9565,.T.);
#6248=ORIENTED_EDGE('',*,*,#9567,.T.);
#6249=ORIENTED_EDGE('',*,*,#9568,.F.);
#6250=ORIENTED_EDGE('',*,*,#9569,.F.);
#6251=CARTESIAN_POINT('',(5.875,0.2,2.74999999999999));
#6252=DIRECTION('',(0.0,0.0,1.0));
#6253=DIRECTION('',(1.0,0.0,0.0));
#6254=ORIENTED_EDGE('',*,*,#9568,.T.);
#6255=ORIENTED_EDGE('',*,*,#9570,.T.);
#6256=ORIENTED_EDGE('',*,*,#9571,.F.);
#6257=ORIENTED_EDGE('',*,*,#9572,.F.);
#6258=CARTESIAN_POINT('',(5.375,0.2,2.74999999999999));
#6259=DIRECTION('',(-1.0,0.0,0.0));
#6260=DIRECTION('',(0.0,0.0,1.0));
#6261=ORIENTED_EDGE('',*,*,#9571,.T.);
#6262=ORIENTED_EDGE('',*,*,#9573,.T.);
#6263=ORIENTED_EDGE('',*,*,#9539,.F.);
#6264=ORIENTED_EDGE('',*,*,#9574,.F.);
#6265=CARTESIAN_POINT('',(5.375,0.2,2.34999999999999));
#6266=DIRECTION('',(0.0,0.0,1.0));
#6267=DIRECTION('',(1.0,0.0,0.0));
#6268=ORIENTED_EDGE('',*,*,#9542,.T.);
#6269=ORIENTED_EDGE('',*,*,#9545,.T.);
#6270=ORIENTED_EDGE('',*,*,#9548,.T.);
#6271=ORIENTED_EDGE('',*,*,#9551,.T.);
#6272=ORIENTED_EDGE('',*,*,#9554,.T.);
#6273=ORIENTED_EDGE('',*,*,#9557,.T.);
#6274=ORIENTED_EDGE('',*,*,#9560,.T.);
#6275=ORIENTED_EDGE('',*,*,#9563,.T.);
#6276=ORIENTED_EDGE('',*,*,#9566,.T.);
#6277=ORIENTED_EDGE('',*,*,#9569,.T.);
#6278=ORIENTED_EDGE('',*,*,#9572,.T.);
#6279=ORIENTED_EDGE('',*,*,#9574,.T.);
#6280=CARTESIAN_POINT('',(-2.5,0.2,0.0));
#6281=DIRECTION('',(0.0,-1.0,0.0));
#6282=DIRECTION('',(0.0,0.0,-1.0));
#6283=ORIENTED_EDGE('',*,*,#9575,.T.);
#6284=ORIENTED_EDGE('',*,*,#9576,.T.);
#6285=ORIENTED_EDGE('',*,*,#9577,.F.);
#6286=ORIENTED_EDGE('',*,*,#9578,.F.);
#6287=CARTESIAN_POINT('',(6.375,0.2,2.34999999999999));
#6288=DIRECTION('',(-1.0,0.0,0.0));
#6289=DIRECTION('',(0.0,0.0,1.0));
#6290=ORIENTED_EDGE('',*,*,#9577,.T.);
#6291=ORIENTED_EDGE('',*,*,#9579,.T.);
#6292=ORIENTED_EDGE('',*,*,#9580,.F.);
#6293=ORIENTED_EDGE('',*,*,#9581,.F.);
#6294=CARTESIAN_POINT('',(6.375,0.2,0.899999999999995));
#6295=DIRECTION('',(0.0,0.0,-1.0));
#6296=DIRECTION('',(0.0,-1.0,0.0));
#6297=ORIENTED_EDGE('',*,*,#9580,.T.);
#6298=ORIENTED_EDGE('',*,*,#9582,.T.);
#6299=ORIENTED_EDGE('',*,*,#9583,.F.);
#6300=ORIENTED_EDGE('',*,*,#9584,.F.);
#6301=CARTESIAN_POINT('',(6.675,0.2,0.899999999999995));
#6302=DIRECTION('',(-1.0,0.0,0.0));
#6303=DIRECTION('',(0.0,0.0,1.0));
#6304=ORIENTED_EDGE('',*,*,#9583,.T.);
#6305=ORIENTED_EDGE('',*,*,#9585,.T.);
#6306=ORIENTED_EDGE('',*,*,#9586,.F.);
#6307=ORIENTED_EDGE('',*,*,#9587,.F.);
#6308=CARTESIAN_POINT('',(6.675,0.2,0.749999999999995));
#6309=DIRECTION('',(0.0,0.0,-1.0));
#6310=DIRECTION('',(0.0,-1.0,0.0));
#6311=ORIENTED_EDGE('',*,*,#9586,.T.);
#6312=ORIENTED_EDGE('',*,*,#9588,.T.);
#6313=ORIENTED_EDGE('',*,*,#9589,.F.);
#6314=ORIENTED_EDGE('',*,*,#9590,.F.);
#6315=CARTESIAN_POINT('',(7.075,0.2,0.749999999999995));
#6316=DIRECTION('',(1.0,0.0,0.0));
#6317=DIRECTION('',(0.0,1.0,0.0));
#6318=ORIENTED_EDGE('',*,*,#9589,.T.);
#6319=ORIENTED_EDGE('',*,*,#9591,.T.);
#6320=ORIENTED_EDGE('',*,*,#9592,.F.);
#6321=ORIENTED_EDGE('',*,*,#9593,.F.);
#6322=CARTESIAN_POINT('',(7.075,0.2,0.899999999999995));
#6323=DIRECTION('',(0.0,0.0,-1.0));
#6324=DIRECTION('',(0.0,-1.0,0.0));
#6325=ORIENTED_EDGE('',*,*,#9592,.T.);
#6326=ORIENTED_EDGE('',*,*,#9594,.T.);
#6327=ORIENTED_EDGE('',*,*,#9595,.F.);
#6328=ORIENTED_EDGE('',*,*,#9596,.F.);
#6329=CARTESIAN_POINT('',(7.375,0.2,0.899999999999995));
#6330=DIRECTION('',(1.0,0.0,0.0));
#6331=DIRECTION('',(0.0,1.0,0.0));
#6332=ORIENTED_EDGE('',*,*,#9595,.T.);
#6333=ORIENTED_EDGE('',*,*,#9597,.T.);
#6334=ORIENTED_EDGE('',*,*,#9598,.F.);
#6335=ORIENTED_EDGE('',*,*,#9599,.F.);
#6336=CARTESIAN_POINT('',(7.375,0.2,2.34999999999999));
#6337=DIRECTION('',(0.0,0.0,1.0));
#6338=DIRECTION('',(1.0,0.0,0.0));
#6339=ORIENTED_EDGE('',*,*,#9598,.T.);
#6340=ORIENTED_EDGE('',*,*,#9600,.T.);
#6341=ORIENTED_EDGE('',*,*,#9601,.F.);
#6342=ORIENTED_EDGE('',*,*,#9602,.F.);
#6343=CARTESIAN_POINT('',(7.125,0.2,2.34999999999999));
#6344=DIRECTION('',(1.0,0.0,0.0));
#6345=DIRECTION('',(0.0,1.0,0.0));
#6346=ORIENTED_EDGE('',*,*,#9601,.T.);
#6347=ORIENTED_EDGE('',*,*,#9603,.T.);
#6348=ORIENTED_EDGE('',*,*,#9604,.F.);
#6349=ORIENTED_EDGE('',*,*,#9605,.F.);
#6350=CARTESIAN_POINT('',(7.125,0.2,2.74999999999999));
#6351=DIRECTION('',(0.0,0.0,1.0));
#6352=DIRECTION('',(1.0,0.0,0.0));
#6353=ORIENTED_EDGE('',*,*,#9604,.T.);
#6354=ORIENTED_EDGE('',*,*,#9606,.T.);
#6355=ORIENTED_EDGE('',*,*,#9607,.F.);
#6356=ORIENTED_EDGE('',*,*,#9608,.F.);
#6357=CARTESIAN_POINT('',(6.625,0.2,2.74999999999999));
#6358=DIRECTION('',(-1.0,0.0,0.0));
#6359=DIRECTION('',(0.0,0.0,1.0));
#6360=ORIENTED_EDGE('',*,*,#9607,.T.);
#6361=ORIENTED_EDGE('',*,*,#9609,.T.);
#6362=ORIENTED_EDGE('',*,*,#9575,.F.);
#6363=ORIENTED_EDGE('',*,*,#9610,.F.);
#6364=CARTESIAN_POINT('',(6.625,0.2,2.34999999999999));
#6365=DIRECTION('',(0.0,0.0,1.0));
#6366=DIRECTION('',(1.0,0.0,0.0));
#6367=ORIENTED_EDGE('',*,*,#9578,.T.);
#6368=ORIENTED_EDGE('',*,*,#9581,.T.);
#6369=ORIENTED_EDGE('',*,*,#9584,.T.);
#6370=ORIENTED_EDGE('',*,*,#9587,.T.);
#6371=ORIENTED_EDGE('',*,*,#9590,.T.);
#6372=ORIENTED_EDGE('',*,*,#9593,.T.);
#6373=ORIENTED_EDGE('',*,*,#9596,.T.);
#6374=ORIENTED_EDGE('',*,*,#9599,.T.);
#6375=ORIENTED_EDGE('',*,*,#9602,.T.);
#6376=ORIENTED_EDGE('',*,*,#9605,.T.);
#6377=ORIENTED_EDGE('',*,*,#9608,.T.);
#6378=ORIENTED_EDGE('',*,*,#9610,.T.);
#6379=CARTESIAN_POINT('',(-1.25,0.2,0.0));
#6380=DIRECTION('',(0.0,-1.0,0.0));
#6381=DIRECTION('',(0.0,0.0,-1.0));
#6382=ORIENTED_EDGE('',*,*,#8773,.T.);
#6383=ORIENTED_EDGE('',*,*,#9611,.T.);
#6384=ORIENTED_EDGE('',*,*,#8323,.F.);
#6385=ORIENTED_EDGE('',*,*,#9612,.F.);
#6386=CARTESIAN_POINT('',(-8.325,3.2,-1.21));
#6387=DIRECTION('',(1.0,0.0,0.0));
#6388=DIRECTION('',(0.0,1.0,0.0));
#6389=ORIENTED_EDGE('',*,*,#8772,.T.);
#6390=ORIENTED_EDGE('',*,*,#9613,.T.);
#6391=ORIENTED_EDGE('',*,*,#8324,.F.);
#6392=ORIENTED_EDGE('',*,*,#9611,.F.);
#6393=CARTESIAN_POINT('',(-8.325,3.6,-1.21));
#6394=DIRECTION('',(0.0,-1.0,-2.16840434497101E-16));
#6395=DIRECTION('',(0.0,2.16840434497101E-16,-1.0));
#6396=ORIENTED_EDGE('',*,*,#8771,.T.);
#6397=ORIENTED_EDGE('',*,*,#9614,.T.);
#6398=ORIENTED_EDGE('',*,*,#8325,.F.);
#6399=ORIENTED_EDGE('',*,*,#9613,.F.);
#6400=CARTESIAN_POINT('',(-7.925,3.6,-1.21));
#6401=DIRECTION('',(-1.0,0.0,0.0));
#6402=DIRECTION('',(0.0,0.0,1.0));
#6403=ORIENTED_EDGE('',*,*,#8770,.T.);
#6404=ORIENTED_EDGE('',*,*,#8431,.T.);
#6405=ORIENTED_EDGE('',*,*,#8326,.F.);
#6406=ORIENTED_EDGE('',*,*,#9614,.F.);
#6407=CARTESIAN_POINT('',(-7.925,3.2,-1.21));
#6408=DIRECTION('',(-0.799999999999998,-0.600000000000002,-1.30104260698261E-16));
#6409=DIRECTION('',(-0.600000000000002,0.799999999999998,0.0));
#6410=ORIENTED_EDGE('',*,*,#8774,.T.);
#6411=ORIENTED_EDGE('',*,*,#9612,.T.);
#6412=ORIENTED_EDGE('',*,*,#8322,.F.);
#6413=ORIENTED_EDGE('',*,*,#8433,.F.);
#6414=CARTESIAN_POINT('',(-8.625,2.8,-1.21));
#6415=DIRECTION('',(0.8,-0.6,-1.30104260698261E-16));
#6416=DIRECTION('',(0.0,2.16840434497102E-16,-1.0));
#6417=ORIENTED_EDGE('',*,*,#8768,.T.);
#6418=ORIENTED_EDGE('',*,*,#9615,.T.);
#6419=ORIENTED_EDGE('',*,*,#8329,.F.);
#6420=ORIENTED_EDGE('',*,*,#9616,.F.);
#6421=CARTESIAN_POINT('',(-7.075,3.2,-1.21));
#6422=DIRECTION('',(1.0,0.0,0.0));
#6423=DIRECTION('',(0.0,1.0,0.0));
#6424=ORIENTED_EDGE('',*,*,#8767,.T.);
#6425=ORIENTED_EDGE('',*,*,#9617,.T.);
#6426=ORIENTED_EDGE('',*,*,#8330,.F.);
#6427=ORIENTED_EDGE('',*,*,#9615,.F.);
#6428=CARTESIAN_POINT('',(-7.075,3.6,-1.21));
#6429=DIRECTION('',(0.0,-1.0,-2.16840434497101E-16));
#6430=DIRECTION('',(0.0,2.16840434497101E-16,-1.0));
#6431=ORIENTED_EDGE('',*,*,#8766,.T.);
#6432=ORIENTED_EDGE('',*,*,#9618,.T.);
#6433=ORIENTED_EDGE('',*,*,#8331,.F.);
#6434=ORIENTED_EDGE('',*,*,#9617,.F.);
#6435=CARTESIAN_POINT('',(-6.675,3.6,-1.21));
#6436=DIRECTION('',(-1.0,0.0,0.0));
#6437=DIRECTION('',(0.0,0.0,1.0));
#6438=ORIENTED_EDGE('',*,*,#8765,.T.);
#6439=ORIENTED_EDGE('',*,*,#8428,.T.);
#6440=ORIENTED_EDGE('',*,*,#8332,.F.);
#6441=ORIENTED_EDGE('',*,*,#9618,.F.);
#6442=CARTESIAN_POINT('',(-6.675,3.2,-1.21));
#6443=DIRECTION('',(-0.799999999999998,-0.600000000000002,-1.30104260698261E-16));
#6444=DIRECTION('',(-0.600000000000002,0.799999999999998,0.0));
#6445=ORIENTED_EDGE('',*,*,#8769,.T.);
#6446=ORIENTED_EDGE('',*,*,#9616,.T.);
#6447=ORIENTED_EDGE('',*,*,#8328,.F.);
#6448=ORIENTED_EDGE('',*,*,#8430,.F.);
#6449=CARTESIAN_POINT('',(-7.375,2.8,-1.21));
#6450=DIRECTION('',(0.8,-0.6,-1.30104260698261E-16));
#6451=DIRECTION('',(0.0,2.16840434497102E-16,-1.0));
#6452=ORIENTED_EDGE('',*,*,#8763,.T.);
#6453=ORIENTED_EDGE('',*,*,#9619,.T.);
#6454=ORIENTED_EDGE('',*,*,#8335,.F.);
#6455=ORIENTED_EDGE('',*,*,#9620,.F.);
#6456=CARTESIAN_POINT('',(-5.825,3.2,-1.21));
#6457=DIRECTION('',(1.0,0.0,0.0));
#6458=DIRECTION('',(0.0,1.0,0.0));
#6459=ORIENTED_EDGE('',*,*,#8762,.T.);
#6460=ORIENTED_EDGE('',*,*,#9621,.T.);
#6461=ORIENTED_EDGE('',*,*,#8336,.F.);
#6462=ORIENTED_EDGE('',*,*,#9619,.F.);
#6463=CARTESIAN_POINT('',(-5.825,3.6,-1.21));
#6464=DIRECTION('',(0.0,-1.0,-2.16840434497101E-16));
#6465=DIRECTION('',(0.0,2.16840434497101E-16,-1.0));
#6466=ORIENTED_EDGE('',*,*,#8761,.T.);
#6467=ORIENTED_EDGE('',*,*,#9622,.T.);
#6468=ORIENTED_EDGE('',*,*,#8337,.F.);
#6469=ORIENTED_EDGE('',*,*,#9621,.F.);
#6470=CARTESIAN_POINT('',(-5.425,3.6,-1.21));
#6471=DIRECTION('',(-1.0,0.0,0.0));
#6472=DIRECTION('',(0.0,0.0,1.0));
#6473=ORIENTED_EDGE('',*,*,#8760,.T.);
#6474=ORIENTED_EDGE('',*,*,#8425,.T.);
#6475=ORIENTED_EDGE('',*,*,#8338,.F.);
#6476=ORIENTED_EDGE('',*,*,#9622,.F.);
#6477=CARTESIAN_POINT('',(-5.425,3.2,-1.21));
#6478=DIRECTION('',(-0.799999999999998,-0.600000000000002,-1.30104260698261E-16));
#6479=DIRECTION('',(-0.600000000000002,0.799999999999998,0.0));
#6480=ORIENTED_EDGE('',*,*,#8764,.T.);
#6481=ORIENTED_EDGE('',*,*,#9620,.T.);
#6482=ORIENTED_EDGE('',*,*,#8334,.F.);
#6483=ORIENTED_EDGE('',*,*,#8427,.F.);
#6484=CARTESIAN_POINT('',(-6.125,2.8,-1.21));
#6485=DIRECTION('',(0.8,-0.6,-1.30104260698261E-16));
#6486=DIRECTION('',(0.0,2.16840434497102E-16,-1.0));
#6487=ORIENTED_EDGE('',*,*,#8758,.T.);
#6488=ORIENTED_EDGE('',*,*,#9623,.T.);
#6489=ORIENTED_EDGE('',*,*,#8341,.F.);
#6490=ORIENTED_EDGE('',*,*,#9624,.F.);
#6491=CARTESIAN_POINT('',(-4.575,3.2,-1.21));
#6492=DIRECTION('',(1.0,0.0,0.0));
#6493=DIRECTION('',(0.0,1.0,0.0));
#6494=ORIENTED_EDGE('',*,*,#8757,.T.);
#6495=ORIENTED_EDGE('',*,*,#9625,.T.);
#6496=ORIENTED_EDGE('',*,*,#8342,.F.);
#6497=ORIENTED_EDGE('',*,*,#9623,.F.);
#6498=CARTESIAN_POINT('',(-4.575,3.6,-1.21));
#6499=DIRECTION('',(0.0,-1.0,-2.16840434497101E-16));
#6500=DIRECTION('',(0.0,2.16840434497101E-16,-1.0));
#6501=ORIENTED_EDGE('',*,*,#8756,.T.);
#6502=ORIENTED_EDGE('',*,*,#9626,.T.);
#6503=ORIENTED_EDGE('',*,*,#8343,.F.);
#6504=ORIENTED_EDGE('',*,*,#9625,.F.);
#6505=CARTESIAN_POINT('',(-4.175,3.6,-1.21));
#6506=DIRECTION('',(-1.0,0.0,0.0));
#6507=DIRECTION('',(0.0,0.0,1.0));
#6508=ORIENTED_EDGE('',*,*,#8755,.T.);
#6509=ORIENTED_EDGE('',*,*,#8422,.T.);
#6510=ORIENTED_EDGE('',*,*,#8344,.F.);
#6511=ORIENTED_EDGE('',*,*,#9626,.F.);
#6512=CARTESIAN_POINT('',(-4.175,3.2,-1.21));
#6513=DIRECTION('',(-0.799999999999998,-0.600000000000002,-1.30104260698261E-16));
#6514=DIRECTION('',(-0.600000000000002,0.799999999999998,0.0));
#6515=ORIENTED_EDGE('',*,*,#8759,.T.);
#6516=ORIENTED_EDGE('',*,*,#9624,.T.);
#6517=ORIENTED_EDGE('',*,*,#8340,.F.);
#6518=ORIENTED_EDGE('',*,*,#8424,.F.);
#6519=CARTESIAN_POINT('',(-4.875,2.8,-1.21));
#6520=DIRECTION('',(0.8,-0.6,-1.30104260698261E-16));
#6521=DIRECTION('',(0.0,2.16840434497102E-16,-1.0));
#6522=ORIENTED_EDGE('',*,*,#8753,.T.);
#6523=ORIENTED_EDGE('',*,*,#9627,.T.);
#6524=ORIENTED_EDGE('',*,*,#8347,.F.);
#6525=ORIENTED_EDGE('',*,*,#9628,.F.);
#6526=CARTESIAN_POINT('',(-3.325,3.2,-1.21));
#6527=DIRECTION('',(1.0,0.0,0.0));
#6528=DIRECTION('',(0.0,1.0,0.0));
#6529=ORIENTED_EDGE('',*,*,#8752,.T.);
#6530=ORIENTED_EDGE('',*,*,#9629,.T.);
#6531=ORIENTED_EDGE('',*,*,#8348,.F.);
#6532=ORIENTED_EDGE('',*,*,#9627,.F.);
#6533=CARTESIAN_POINT('',(-3.325,3.6,-1.21));
#6534=DIRECTION('',(0.0,-1.0,-2.16840434497101E-16));
#6535=DIRECTION('',(0.0,2.16840434497101E-16,-1.0));
#6536=ORIENTED_EDGE('',*,*,#8751,.T.);
#6537=ORIENTED_EDGE('',*,*,#9630,.T.);
#6538=ORIENTED_EDGE('',*,*,#8349,.F.);
#6539=ORIENTED_EDGE('',*,*,#9629,.F.);
#6540=CARTESIAN_POINT('',(-2.925,3.6,-1.21));
#6541=DIRECTION('',(-1.0,0.0,0.0));
#6542=DIRECTION('',(0.0,0.0,1.0));
#6543=ORIENTED_EDGE('',*,*,#8750,.T.);
#6544=ORIENTED_EDGE('',*,*,#8419,.T.);
#6545=ORIENTED_EDGE('',*,*,#8350,.F.);
#6546=ORIENTED_EDGE('',*,*,#9630,.F.);
#6547=CARTESIAN_POINT('',(-2.925,3.2,-1.21));
#6548=DIRECTION('',(-0.799999999999998,-0.600000000000002,-1.30104260698261E-16));
#6549=DIRECTION('',(-0.600000000000002,0.799999999999998,0.0));
#6550=ORIENTED_EDGE('',*,*,#8754,.T.);
#6551=ORIENTED_EDGE('',*,*,#9628,.T.);
#6552=ORIENTED_EDGE('',*,*,#8346,.F.);
#6553=ORIENTED_EDGE('',*,*,#8421,.F.);
#6554=CARTESIAN_POINT('',(-3.625,2.8,-1.21));
#6555=DIRECTION('',(0.8,-0.6,-1.30104260698261E-16));
#6556=DIRECTION('',(0.0,2.16840434497102E-16,-1.0));
#6557=ORIENTED_EDGE('',*,*,#8748,.T.);
#6558=ORIENTED_EDGE('',*,*,#9631,.T.);
#6559=ORIENTED_EDGE('',*,*,#8353,.F.);
#6560=ORIENTED_EDGE('',*,*,#9632,.F.);
#6561=CARTESIAN_POINT('',(-2.075,3.2,-1.21));
#6562=DIRECTION('',(1.0,0.0,0.0));
#6563=DIRECTION('',(0.0,1.0,0.0));
#6564=ORIENTED_EDGE('',*,*,#8747,.T.);
#6565=ORIENTED_EDGE('',*,*,#9633,.T.);
#6566=ORIENTED_EDGE('',*,*,#8354,.F.);
#6567=ORIENTED_EDGE('',*,*,#9631,.F.);
#6568=CARTESIAN_POINT('',(-2.075,3.6,-1.21));
#6569=DIRECTION('',(0.0,-1.0,-2.16840434497101E-16));
#6570=DIRECTION('',(0.0,2.16840434497101E-16,-1.0));
#6571=ORIENTED_EDGE('',*,*,#8746,.T.);
#6572=ORIENTED_EDGE('',*,*,#9634,.T.);
#6573=ORIENTED_EDGE('',*,*,#8355,.F.);
#6574=ORIENTED_EDGE('',*,*,#9633,.F.);
#6575=CARTESIAN_POINT('',(-1.675,3.6,-1.21));
#6576=DIRECTION('',(-1.0,0.0,0.0));
#6577=DIRECTION('',(0.0,0.0,1.0));
#6578=ORIENTED_EDGE('',*,*,#8745,.T.);
#6579=ORIENTED_EDGE('',*,*,#8416,.T.);
#6580=ORIENTED_EDGE('',*,*,#8356,.F.);
#6581=ORIENTED_EDGE('',*,*,#9634,.F.);
#6582=CARTESIAN_POINT('',(-1.675,3.2,-1.21));
#6583=DIRECTION('',(-0.799999999999998,-0.600000000000002,-1.30104260698261E-16));
#6584=DIRECTION('',(-0.600000000000002,0.799999999999998,0.0));
#6585=ORIENTED_EDGE('',*,*,#8749,.T.);
#6586=ORIENTED_EDGE('',*,*,#9632,.T.);
#6587=ORIENTED_EDGE('',*,*,#8352,.F.);
#6588=ORIENTED_EDGE('',*,*,#8418,.F.);
#6589=CARTESIAN_POINT('',(-2.375,2.8,-1.21));
#6590=DIRECTION('',(0.8,-0.6,-1.30104260698261E-16));
#6591=DIRECTION('',(0.0,2.16840434497102E-16,-1.0));
#6592=ORIENTED_EDGE('',*,*,#8743,.T.);
#6593=ORIENTED_EDGE('',*,*,#9635,.T.);
#6594=ORIENTED_EDGE('',*,*,#8359,.F.);
#6595=ORIENTED_EDGE('',*,*,#9636,.F.);
#6596=CARTESIAN_POINT('',(-0.825000000000001,3.2,-1.21));
#6597=DIRECTION('',(1.0,0.0,0.0));
#6598=DIRECTION('',(0.0,1.0,0.0));
#6599=ORIENTED_EDGE('',*,*,#8742,.T.);
#6600=ORIENTED_EDGE('',*,*,#9637,.T.);
#6601=ORIENTED_EDGE('',*,*,#8360,.F.);
#6602=ORIENTED_EDGE('',*,*,#9635,.F.);
#6603=CARTESIAN_POINT('',(-0.825000000000001,3.6,-1.21));
#6604=DIRECTION('',(0.0,-1.0,-2.16840434497101E-16));
#6605=DIRECTION('',(0.0,2.16840434497101E-16,-1.0));
#6606=ORIENTED_EDGE('',*,*,#8741,.T.);
#6607=ORIENTED_EDGE('',*,*,#9638,.T.);
#6608=ORIENTED_EDGE('',*,*,#8361,.F.);
#6609=ORIENTED_EDGE('',*,*,#9637,.F.);
#6610=CARTESIAN_POINT('',(-0.425000000000002,3.6,-1.21));
#6611=DIRECTION('',(-1.0,0.0,0.0));
#6612=DIRECTION('',(0.0,0.0,1.0));
#6613=ORIENTED_EDGE('',*,*,#8740,.T.);
#6614=ORIENTED_EDGE('',*,*,#8413,.T.);
#6615=ORIENTED_EDGE('',*,*,#8362,.F.);
#6616=ORIENTED_EDGE('',*,*,#9638,.F.);
#6617=CARTESIAN_POINT('',(-0.425000000000002,3.2,-1.21));
#6618=DIRECTION('',(-0.799999999999998,-0.600000000000002,-1.30104260698261E-16));
#6619=DIRECTION('',(-0.600000000000002,0.799999999999998,0.0));
#6620=ORIENTED_EDGE('',*,*,#8744,.T.);
#6621=ORIENTED_EDGE('',*,*,#9636,.T.);
#6622=ORIENTED_EDGE('',*,*,#8358,.F.);
#6623=ORIENTED_EDGE('',*,*,#8415,.F.);
#6624=CARTESIAN_POINT('',(-1.125,2.8,-1.21));
#6625=DIRECTION('',(0.8,-0.6,-1.30104260698261E-16));
#6626=DIRECTION('',(0.0,2.16840434497102E-16,-1.0));
#6627=ORIENTED_EDGE('',*,*,#8738,.T.);
#6628=ORIENTED_EDGE('',*,*,#9639,.T.);
#6629=ORIENTED_EDGE('',*,*,#8365,.F.);
#6630=ORIENTED_EDGE('',*,*,#9640,.F.);
#6631=CARTESIAN_POINT('',(0.425,3.2,-1.21));
#6632=DIRECTION('',(1.0,0.0,0.0));
#6633=DIRECTION('',(0.0,1.0,0.0));
#6634=ORIENTED_EDGE('',*,*,#8737,.T.);
#6635=ORIENTED_EDGE('',*,*,#9641,.T.);
#6636=ORIENTED_EDGE('',*,*,#8366,.F.);
#6637=ORIENTED_EDGE('',*,*,#9639,.F.);
#6638=CARTESIAN_POINT('',(0.425,3.6,-1.21));
#6639=DIRECTION('',(0.0,-1.0,-2.16840434497101E-16));
#6640=DIRECTION('',(0.0,2.16840434497101E-16,-1.0));
#6641=ORIENTED_EDGE('',*,*,#8736,.T.);
#6642=ORIENTED_EDGE('',*,*,#9642,.T.);
#6643=ORIENTED_EDGE('',*,*,#8367,.F.);
#6644=ORIENTED_EDGE('',*,*,#9641,.F.);
#6645=CARTESIAN_POINT('',(0.824999999999999,3.6,-1.21));
#6646=DIRECTION('',(-1.0,0.0,0.0));
#6647=DIRECTION('',(0.0,0.0,1.0));
#6648=ORIENTED_EDGE('',*,*,#8735,.T.);
#6649=ORIENTED_EDGE('',*,*,#8410,.T.);
#6650=ORIENTED_EDGE('',*,*,#8368,.F.);
#6651=ORIENTED_EDGE('',*,*,#9642,.F.);
#6652=CARTESIAN_POINT('',(0.824999999999999,3.2,-1.21));
#6653=DIRECTION('',(-0.799999999999998,-0.600000000000002,-1.30104260698261E-16));
#6654=DIRECTION('',(-0.600000000000002,0.799999999999998,0.0));
#6655=ORIENTED_EDGE('',*,*,#8739,.T.);
#6656=ORIENTED_EDGE('',*,*,#9640,.T.);
#6657=ORIENTED_EDGE('',*,*,#8364,.F.);
#6658=ORIENTED_EDGE('',*,*,#8412,.F.);
#6659=CARTESIAN_POINT('',(0.125,2.8,-1.21));
#6660=DIRECTION('',(0.8,-0.6,-1.30104260698261E-16));
#6661=DIRECTION('',(0.0,2.16840434497102E-16,-1.0));
#6662=ORIENTED_EDGE('',*,*,#8733,.T.);
#6663=ORIENTED_EDGE('',*,*,#9643,.T.);
#6664=ORIENTED_EDGE('',*,*,#8371,.F.);
#6665=ORIENTED_EDGE('',*,*,#9644,.F.);
#6666=CARTESIAN_POINT('',(1.675,3.2,-1.21));
#6667=DIRECTION('',(1.0,0.0,0.0));
#6668=DIRECTION('',(0.0,1.0,0.0));
#6669=ORIENTED_EDGE('',*,*,#8732,.T.);
#6670=ORIENTED_EDGE('',*,*,#9645,.T.);
#6671=ORIENTED_EDGE('',*,*,#8372,.F.);
#6672=ORIENTED_EDGE('',*,*,#9643,.F.);
#6673=CARTESIAN_POINT('',(1.675,3.6,-1.21));
#6674=DIRECTION('',(0.0,-1.0,-2.16840434497101E-16));
#6675=DIRECTION('',(0.0,2.16840434497101E-16,-1.0));
#6676=ORIENTED_EDGE('',*,*,#8731,.T.);
#6677=ORIENTED_EDGE('',*,*,#9646,.T.);
#6678=ORIENTED_EDGE('',*,*,#8373,.F.);
#6679=ORIENTED_EDGE('',*,*,#9645,.F.);
#6680=CARTESIAN_POINT('',(2.075,3.6,-1.21));
#6681=DIRECTION('',(-1.0,0.0,0.0));
#6682=DIRECTION('',(0.0,0.0,1.0));
#6683=ORIENTED_EDGE('',*,*,#8730,.T.);
#6684=ORIENTED_EDGE('',*,*,#8407,.T.);
#6685=ORIENTED_EDGE('',*,*,#8374,.F.);
#6686=ORIENTED_EDGE('',*,*,#9646,.F.);
#6687=CARTESIAN_POINT('',(2.075,3.2,-1.21));
#6688=DIRECTION('',(-0.799999999999998,-0.600000000000002,-1.30104260698261E-16));
#6689=DIRECTION('',(-0.600000000000002,0.799999999999998,0.0));
#6690=ORIENTED_EDGE('',*,*,#8734,.T.);
#6691=ORIENTED_EDGE('',*,*,#9644,.T.);
#6692=ORIENTED_EDGE('',*,*,#8370,.F.);
#6693=ORIENTED_EDGE('',*,*,#8409,.F.);
#6694=CARTESIAN_POINT('',(1.375,2.8,-1.21));
#6695=DIRECTION('',(0.8,-0.6,-1.30104260698261E-16));
#6696=DIRECTION('',(0.0,2.16840434497102E-16,-1.0));
#6697=ORIENTED_EDGE('',*,*,#8728,.T.);
#6698=ORIENTED_EDGE('',*,*,#9647,.T.);
#6699=ORIENTED_EDGE('',*,*,#8377,.F.);
#6700=ORIENTED_EDGE('',*,*,#9648,.F.);
#6701=CARTESIAN_POINT('',(2.925,3.2,-1.21));
#6702=DIRECTION('',(1.0,0.0,0.0));
#6703=DIRECTION('',(0.0,1.0,0.0));
#6704=ORIENTED_EDGE('',*,*,#8727,.T.);
#6705=ORIENTED_EDGE('',*,*,#9649,.T.);
#6706=ORIENTED_EDGE('',*,*,#8378,.F.);
#6707=ORIENTED_EDGE('',*,*,#9647,.F.);
#6708=CARTESIAN_POINT('',(2.925,3.6,-1.21));
#6709=DIRECTION('',(0.0,-1.0,-2.16840434497101E-16));
#6710=DIRECTION('',(0.0,2.16840434497101E-16,-1.0));
#6711=ORIENTED_EDGE('',*,*,#8726,.T.);
#6712=ORIENTED_EDGE('',*,*,#9650,.T.);
#6713=ORIENTED_EDGE('',*,*,#8379,.F.);
#6714=ORIENTED_EDGE('',*,*,#9649,.F.);
#6715=CARTESIAN_POINT('',(3.325,3.6,-1.21));
#6716=DIRECTION('',(-1.0,0.0,0.0));
#6717=DIRECTION('',(0.0,0.0,1.0));
#6718=ORIENTED_EDGE('',*,*,#8725,.T.);
#6719=ORIENTED_EDGE('',*,*,#8404,.T.);
#6720=ORIENTED_EDGE('',*,*,#8380,.F.);
#6721=ORIENTED_EDGE('',*,*,#9650,.F.);
#6722=CARTESIAN_POINT('',(3.325,3.2,-1.21));
#6723=DIRECTION('',(-0.799999999999998,-0.600000000000002,-1.30104260698261E-16));
#6724=DIRECTION('',(-0.600000000000002,0.799999999999998,0.0));
#6725=ORIENTED_EDGE('',*,*,#8729,.T.);
#6726=ORIENTED_EDGE('',*,*,#9648,.T.);
#6727=ORIENTED_EDGE('',*,*,#8376,.F.);
#6728=ORIENTED_EDGE('',*,*,#8406,.F.);
#6729=CARTESIAN_POINT('',(2.625,2.8,-1.21));
#6730=DIRECTION('',(0.8,-0.6,-1.30104260698261E-16));
#6731=DIRECTION('',(0.0,2.16840434497102E-16,-1.0));
#6732=ORIENTED_EDGE('',*,*,#8723,.T.);
#6733=ORIENTED_EDGE('',*,*,#9651,.T.);
#6734=ORIENTED_EDGE('',*,*,#8383,.F.);
#6735=ORIENTED_EDGE('',*,*,#9652,.F.);
#6736=CARTESIAN_POINT('',(4.175,3.2,-1.21));
#6737=DIRECTION('',(1.0,0.0,0.0));
#6738=DIRECTION('',(0.0,1.0,0.0));
#6739=ORIENTED_EDGE('',*,*,#8722,.T.);
#6740=ORIENTED_EDGE('',*,*,#9653,.T.);
#6741=ORIENTED_EDGE('',*,*,#8384,.F.);
#6742=ORIENTED_EDGE('',*,*,#9651,.F.);
#6743=CARTESIAN_POINT('',(4.175,3.6,-1.21));
#6744=DIRECTION('',(0.0,-1.0,-2.16840434497101E-16));
#6745=DIRECTION('',(0.0,2.16840434497101E-16,-1.0));
#6746=ORIENTED_EDGE('',*,*,#8721,.T.);
#6747=ORIENTED_EDGE('',*,*,#9654,.T.);
#6748=ORIENTED_EDGE('',*,*,#8385,.F.);
#6749=ORIENTED_EDGE('',*,*,#9653,.F.);
#6750=CARTESIAN_POINT('',(4.575,3.6,-1.21));
#6751=DIRECTION('',(-1.0,0.0,0.0));
#6752=DIRECTION('',(0.0,0.0,1.0));
#6753=ORIENTED_EDGE('',*,*,#8720,.T.);
#6754=ORIENTED_EDGE('',*,*,#8401,.T.);
#6755=ORIENTED_EDGE('',*,*,#8386,.F.);
#6756=ORIENTED_EDGE('',*,*,#9654,.F.);
#6757=CARTESIAN_POINT('',(4.575,3.2,-1.21));
#6758=DIRECTION('',(-0.799999999999998,-0.600000000000002,-1.30104260698261E-16));
#6759=DIRECTION('',(-0.600000000000002,0.799999999999998,0.0));
#6760=ORIENTED_EDGE('',*,*,#8724,.T.);
#6761=ORIENTED_EDGE('',*,*,#9652,.T.);
#6762=ORIENTED_EDGE('',*,*,#8382,.F.);
#6763=ORIENTED_EDGE('',*,*,#8403,.F.);
#6764=CARTESIAN_POINT('',(3.875,2.8,-1.21));
#6765=DIRECTION('',(0.8,-0.6,-1.30104260698261E-16));
#6766=DIRECTION('',(0.0,2.16840434497102E-16,-1.0));
#6767=ORIENTED_EDGE('',*,*,#8718,.T.);
#6768=ORIENTED_EDGE('',*,*,#9655,.T.);
#6769=ORIENTED_EDGE('',*,*,#8389,.F.);
#6770=ORIENTED_EDGE('',*,*,#9656,.F.);
#6771=CARTESIAN_POINT('',(5.425,3.2,-1.21));
#6772=DIRECTION('',(1.0,0.0,0.0));
#6773=DIRECTION('',(0.0,1.0,0.0));
#6774=ORIENTED_EDGE('',*,*,#8717,.T.);
#6775=ORIENTED_EDGE('',*,*,#9657,.T.);
#6776=ORIENTED_EDGE('',*,*,#8390,.F.);
#6777=ORIENTED_EDGE('',*,*,#9655,.F.);
#6778=CARTESIAN_POINT('',(5.425,3.6,-1.21));
#6779=DIRECTION('',(0.0,-1.0,-2.16840434497101E-16));
#6780=DIRECTION('',(0.0,2.16840434497101E-16,-1.0));
#6781=ORIENTED_EDGE('',*,*,#8716,.T.);
#6782=ORIENTED_EDGE('',*,*,#9658,.T.);
#6783=ORIENTED_EDGE('',*,*,#8391,.F.);
#6784=ORIENTED_EDGE('',*,*,#9657,.F.);
#6785=CARTESIAN_POINT('',(5.825,3.6,-1.21));
#6786=DIRECTION('',(-1.0,0.0,0.0));
#6787=DIRECTION('',(0.0,0.0,1.0));
#6788=ORIENTED_EDGE('',*,*,#8715,.T.);
#6789=ORIENTED_EDGE('',*,*,#8398,.T.);
#6790=ORIENTED_EDGE('',*,*,#8392,.F.);
#6791=ORIENTED_EDGE('',*,*,#9658,.F.);
#6792=CARTESIAN_POINT('',(5.825,3.2,-1.21));
#6793=DIRECTION('',(-0.799999999999998,-0.600000000000002,-1.30104260698261E-16));
#6794=DIRECTION('',(-0.600000000000002,0.799999999999998,0.0));
#6795=ORIENTED_EDGE('',*,*,#8719,.T.);
#6796=ORIENTED_EDGE('',*,*,#9656,.T.);
#6797=ORIENTED_EDGE('',*,*,#8388,.F.);
#6798=ORIENTED_EDGE('',*,*,#8400,.F.);
#6799=CARTESIAN_POINT('',(5.125,2.8,-1.21));
#6800=DIRECTION('',(0.8,-0.6,-1.30104260698261E-16));
#6801=DIRECTION('',(0.0,2.16840434497102E-16,-1.0));
#6802=ORIENTED_EDGE('',*,*,#8713,.T.);
#6803=ORIENTED_EDGE('',*,*,#9659,.T.);
#6804=ORIENTED_EDGE('',*,*,#8307,.F.);
#6805=ORIENTED_EDGE('',*,*,#9660,.F.);
#6806=CARTESIAN_POINT('',(6.675,3.2,-1.21));
#6807=DIRECTION('',(1.0,0.0,0.0));
#6808=DIRECTION('',(0.0,1.0,0.0));
#6809=ORIENTED_EDGE('',*,*,#8712,.T.);
#6810=ORIENTED_EDGE('',*,*,#9661,.T.);
#6811=ORIENTED_EDGE('',*,*,#8308,.F.);
#6812=ORIENTED_EDGE('',*,*,#9659,.F.);
#6813=CARTESIAN_POINT('',(6.675,3.6,-1.21));
#6814=DIRECTION('',(0.0,-1.0,-2.16840434497101E-16));
#6815=DIRECTION('',(0.0,2.16840434497101E-16,-1.0));
#6816=ORIENTED_EDGE('',*,*,#8711,.T.);
#6817=ORIENTED_EDGE('',*,*,#9662,.T.);
#6818=ORIENTED_EDGE('',*,*,#8309,.F.);
#6819=ORIENTED_EDGE('',*,*,#9661,.F.);
#6820=CARTESIAN_POINT('',(7.075,3.6,-1.21));
#6821=DIRECTION('',(-1.0,0.0,0.0));
#6822=DIRECTION('',(0.0,0.0,1.0));
#6823=ORIENTED_EDGE('',*,*,#8710,.T.);
#6824=ORIENTED_EDGE('',*,*,#8394,.T.);
#6825=ORIENTED_EDGE('',*,*,#8310,.F.);
#6826=ORIENTED_EDGE('',*,*,#9662,.F.);
#6827=CARTESIAN_POINT('',(7.075,3.2,-1.21));
#6828=DIRECTION('',(-0.799999999999998,-0.600000000000002,-1.30104260698261E-16));
#6829=DIRECTION('',(-0.600000000000002,0.799999999999998,0.0));
#6830=ORIENTED_EDGE('',*,*,#8714,.T.);
#6831=ORIENTED_EDGE('',*,*,#9660,.T.);
#6832=ORIENTED_EDGE('',*,*,#8306,.F.);
#6833=ORIENTED_EDGE('',*,*,#8397,.F.);
#6834=CARTESIAN_POINT('',(6.375,2.8,-1.21));
#6835=DIRECTION('',(0.8,-0.6,-1.30104260698261E-16));
#6836=DIRECTION('',(0.0,2.16840434497102E-16,-1.0));
#6837=ORIENTED_EDGE('',*,*,#9663,.F.);
#6838=ORIENTED_EDGE('',*,*,#8859,.F.);
#6839=ORIENTED_EDGE('',*,*,#9664,.F.);
#6840=ORIENTED_EDGE('',*,*,#9156,.F.);
#6841=CARTESIAN_POINT('',(-7.92500000000001,0.1,0.749999999999995));
#6842=DIRECTION('',(-0.866025403784436,-0.500000000000005,0.0));
#6843=DIRECTION('',(-0.500000000000005,0.866025403784436,0.0));
#6844=ORIENTED_EDGE('',*,*,#9664,.T.);
#6845=ORIENTED_EDGE('',*,*,#8858,.F.);
#6846=ORIENTED_EDGE('',*,*,#9665,.F.);
#6847=ORIENTED_EDGE('',*,*,#9159,.F.);
#6848=CARTESIAN_POINT('',(-7.92500000000001,0.1,0.899999999999995));
#6849=DIRECTION('',(0.0,-0.5,0.866025403784439));
#6850=DIRECTION('',(-1.0,0.0,0.0));
#6851=ORIENTED_EDGE('',*,*,#9663,.T.);
#6852=ORIENTED_EDGE('',*,*,#9153,.F.);
#6853=ORIENTED_EDGE('',*,*,#9666,.F.);
#6854=ORIENTED_EDGE('',*,*,#8860,.F.);
#6855=CARTESIAN_POINT('',(-8.325,0.1,0.749999999999995));
#6856=DIRECTION('',(0.0,-0.5,0.866025403784439));
#6857=DIRECTION('',(-1.0,0.0,0.0));
#6858=ORIENTED_EDGE('',*,*,#9665,.T.);
#6859=ORIENTED_EDGE('',*,*,#8857,.F.);
#6860=ORIENTED_EDGE('',*,*,#9667,.F.);
#6861=ORIENTED_EDGE('',*,*,#9162,.F.);
#6862=CARTESIAN_POINT('',(-7.625,0.1,0.899999999999995));
#6863=DIRECTION('',(-0.866025403784439,-0.499999999999999,0.0));
#6864=DIRECTION('',(-0.499999999999999,0.866025403784439,0.0));
#6865=ORIENTED_EDGE('',*,*,#9666,.T.);
#6866=ORIENTED_EDGE('',*,*,#9150,.F.);
#6867=ORIENTED_EDGE('',*,*,#9668,.F.);
#6868=ORIENTED_EDGE('',*,*,#8861,.F.);
#6869=CARTESIAN_POINT('',(-8.325,0.1,0.899999999999995));
#6870=DIRECTION('',(0.866025403784436,-0.500000000000005,0.0));
#6871=DIRECTION('',(0.0,0.0,-1.0));
#6872=ORIENTED_EDGE('',*,*,#9667,.T.);
#6873=ORIENTED_EDGE('',*,*,#8856,.F.);
#6874=ORIENTED_EDGE('',*,*,#9669,.F.);
#6875=ORIENTED_EDGE('',*,*,#9165,.F.);
#6876=CARTESIAN_POINT('',(-7.625,0.1,2.34999999999999));
#6877=DIRECTION('',(0.0,-0.499999999999999,-0.866025403784439));
#6878=DIRECTION('',(0.0,-0.866025403784439,0.499999999999999));
#6879=ORIENTED_EDGE('',*,*,#9668,.T.);
#6880=ORIENTED_EDGE('',*,*,#9147,.F.);
#6881=ORIENTED_EDGE('',*,*,#9670,.F.);
#6882=ORIENTED_EDGE('',*,*,#8862,.F.);
#6883=CARTESIAN_POINT('',(-8.625,0.1,0.899999999999995));
#6884=DIRECTION('',(0.0,-0.5,0.866025403784439));
#6885=DIRECTION('',(-1.0,0.0,0.0));
#6886=ORIENTED_EDGE('',*,*,#9669,.T.);
#6887=ORIENTED_EDGE('',*,*,#8855,.F.);
#6888=ORIENTED_EDGE('',*,*,#9671,.F.);
#6889=ORIENTED_EDGE('',*,*,#9168,.F.);
#6890=CARTESIAN_POINT('',(-7.875,0.1,2.34999999999999));
#6891=DIRECTION('',(-0.866025403784436,-0.500000000000005,0.0));
#6892=DIRECTION('',(-0.500000000000005,0.866025403784436,0.0));
#6893=ORIENTED_EDGE('',*,*,#9670,.T.);
#6894=ORIENTED_EDGE('',*,*,#9144,.F.);
#6895=ORIENTED_EDGE('',*,*,#9672,.F.);
#6896=ORIENTED_EDGE('',*,*,#8863,.F.);
#6897=CARTESIAN_POINT('',(-8.625,0.1,2.34999999999999));
#6898=DIRECTION('',(0.866025403784436,-0.500000000000005,0.0));
#6899=DIRECTION('',(0.0,0.0,-1.0));
#6900=ORIENTED_EDGE('',*,*,#9671,.T.);
#6901=ORIENTED_EDGE('',*,*,#8854,.F.);
#6902=ORIENTED_EDGE('',*,*,#9673,.F.);
#6903=ORIENTED_EDGE('',*,*,#9171,.F.);
#6904=CARTESIAN_POINT('',(-7.875,0.1,2.74999999999999));
#6905=DIRECTION('',(0.0,-0.499999999999999,-0.866025403784439));
#6906=DIRECTION('',(0.0,-0.866025403784439,0.499999999999999));
#6907=ORIENTED_EDGE('',*,*,#9672,.T.);
#6908=ORIENTED_EDGE('',*,*,#9177,.F.);
#6909=ORIENTED_EDGE('',*,*,#9674,.F.);
#6910=ORIENTED_EDGE('',*,*,#8852,.F.);
#6911=CARTESIAN_POINT('',(-8.375,0.1,2.34999999999999));
#6912=DIRECTION('',(0.0,-0.499999999999999,-0.866025403784439));
#6913=DIRECTION('',(0.0,-0.866025403784439,0.499999999999999));
#6914=ORIENTED_EDGE('',*,*,#9673,.T.);
#6915=ORIENTED_EDGE('',*,*,#8853,.F.);
#6916=ORIENTED_EDGE('',*,*,#9674,.T.);
#6917=ORIENTED_EDGE('',*,*,#9174,.F.);
#6918=CARTESIAN_POINT('',(-8.375,0.1,2.74999999999999));
#6919=DIRECTION('',(0.866025403784436,-0.500000000000005,0.0));
#6920=DIRECTION('',(0.0,0.0,-1.0));
#6921=ORIENTED_EDGE('',*,*,#9675,.F.);
#6922=ORIENTED_EDGE('',*,*,#8871,.F.);
#6923=ORIENTED_EDGE('',*,*,#9676,.F.);
#6924=ORIENTED_EDGE('',*,*,#9192,.F.);
#6925=CARTESIAN_POINT('',(-6.675,0.1,0.749999999999995));
#6926=DIRECTION('',(-0.866025403784439,-0.499999999999999,0.0));
#6927=DIRECTION('',(-0.499999999999999,0.866025403784439,0.0));
#6928=ORIENTED_EDGE('',*,*,#9676,.T.);
#6929=ORIENTED_EDGE('',*,*,#8870,.F.);
#6930=ORIENTED_EDGE('',*,*,#9677,.F.);
#6931=ORIENTED_EDGE('',*,*,#9195,.F.);
#6932=CARTESIAN_POINT('',(-6.675,0.1,0.899999999999995));
#6933=DIRECTION('',(0.0,-0.5,0.866025403784439));
#6934=DIRECTION('',(-1.0,0.0,0.0));
#6935=ORIENTED_EDGE('',*,*,#9675,.T.);
#6936=ORIENTED_EDGE('',*,*,#9189,.F.);
#6937=ORIENTED_EDGE('',*,*,#9678,.F.);
#6938=ORIENTED_EDGE('',*,*,#8872,.F.);
#6939=CARTESIAN_POINT('',(-7.075,0.1,0.749999999999995));
#6940=DIRECTION('',(0.0,-0.5,0.866025403784439));
#6941=DIRECTION('',(-1.0,0.0,0.0));
#6942=ORIENTED_EDGE('',*,*,#9677,.T.);
#6943=ORIENTED_EDGE('',*,*,#8869,.F.);
#6944=ORIENTED_EDGE('',*,*,#9679,.F.);
#6945=ORIENTED_EDGE('',*,*,#9198,.F.);
#6946=CARTESIAN_POINT('',(-6.375,0.1,0.899999999999995));
#6947=DIRECTION('',(-0.866025403784439,-0.499999999999999,0.0));
#6948=DIRECTION('',(-0.499999999999999,0.866025403784439,0.0));
#6949=ORIENTED_EDGE('',*,*,#9678,.T.);
#6950=ORIENTED_EDGE('',*,*,#9186,.F.);
#6951=ORIENTED_EDGE('',*,*,#9680,.F.);
#6952=ORIENTED_EDGE('',*,*,#8873,.F.);
#6953=CARTESIAN_POINT('',(-7.075,0.1,0.899999999999995));
#6954=DIRECTION('',(0.866025403784439,-0.499999999999999,0.0));
#6955=DIRECTION('',(0.0,0.0,-1.0));
#6956=ORIENTED_EDGE('',*,*,#9679,.T.);
#6957=ORIENTED_EDGE('',*,*,#8868,.F.);
#6958=ORIENTED_EDGE('',*,*,#9681,.F.);
#6959=ORIENTED_EDGE('',*,*,#9201,.F.);
#6960=CARTESIAN_POINT('',(-6.375,0.1,2.34999999999999));
#6961=DIRECTION('',(0.0,-0.499999999999999,-0.866025403784439));
#6962=DIRECTION('',(0.0,-0.866025403784439,0.499999999999999));
#6963=ORIENTED_EDGE('',*,*,#9680,.T.);
#6964=ORIENTED_EDGE('',*,*,#9183,.F.);
#6965=ORIENTED_EDGE('',*,*,#9682,.F.);
#6966=ORIENTED_EDGE('',*,*,#8874,.F.);
#6967=CARTESIAN_POINT('',(-7.375,0.1,0.899999999999995));
#6968=DIRECTION('',(0.0,-0.5,0.866025403784439));
#6969=DIRECTION('',(-1.0,0.0,0.0));
#6970=ORIENTED_EDGE('',*,*,#9681,.T.);
#6971=ORIENTED_EDGE('',*,*,#8867,.F.);
#6972=ORIENTED_EDGE('',*,*,#9683,.F.);
#6973=ORIENTED_EDGE('',*,*,#9204,.F.);
#6974=CARTESIAN_POINT('',(-6.625,0.1,2.34999999999999));
#6975=DIRECTION('',(-0.866025403784439,-0.499999999999999,0.0));
#6976=DIRECTION('',(-0.499999999999999,0.866025403784439,0.0));
#6977=ORIENTED_EDGE('',*,*,#9682,.T.);
#6978=ORIENTED_EDGE('',*,*,#9180,.F.);
#6979=ORIENTED_EDGE('',*,*,#9684,.F.);
#6980=ORIENTED_EDGE('',*,*,#8875,.F.);
#6981=CARTESIAN_POINT('',(-7.375,0.1,2.34999999999999));
#6982=DIRECTION('',(0.866025403784439,-0.499999999999999,0.0));
#6983=DIRECTION('',(0.0,0.0,-1.0));
#6984=ORIENTED_EDGE('',*,*,#9683,.T.);
#6985=ORIENTED_EDGE('',*,*,#8866,.F.);
#6986=ORIENTED_EDGE('',*,*,#9685,.F.);
#6987=ORIENTED_EDGE('',*,*,#9207,.F.);
#6988=CARTESIAN_POINT('',(-6.625,0.1,2.74999999999999));
#6989=DIRECTION('',(0.0,-0.499999999999999,-0.866025403784439));
#6990=DIRECTION('',(0.0,-0.866025403784439,0.499999999999999));
#6991=ORIENTED_EDGE('',*,*,#9684,.T.);
#6992=ORIENTED_EDGE('',*,*,#9213,.F.);
#6993=ORIENTED_EDGE('',*,*,#9686,.F.);
#6994=ORIENTED_EDGE('',*,*,#8864,.F.);
#6995=CARTESIAN_POINT('',(-7.125,0.1,2.34999999999999));
#6996=DIRECTION('',(0.0,-0.499999999999999,-0.866025403784439));
#6997=DIRECTION('',(0.0,-0.866025403784439,0.499999999999999));
#6998=ORIENTED_EDGE('',*,*,#9685,.T.);
#6999=ORIENTED_EDGE('',*,*,#8865,.F.);
#7000=ORIENTED_EDGE('',*,*,#9686,.T.);
#7001=ORIENTED_EDGE('',*,*,#9210,.F.);
#7002=CARTESIAN_POINT('',(-7.125,0.1,2.74999999999999));
#7003=DIRECTION('',(0.866025403784439,-0.499999999999999,0.0));
#7004=DIRECTION('',(0.0,0.0,-1.0));
#7005=ORIENTED_EDGE('',*,*,#9687,.F.);
#7006=ORIENTED_EDGE('',*,*,#8883,.F.);
#7007=ORIENTED_EDGE('',*,*,#9688,.F.);
#7008=ORIENTED_EDGE('',*,*,#9228,.F.);
#7009=CARTESIAN_POINT('',(-5.425,0.1,0.749999999999995));
#7010=DIRECTION('',(-0.866025403784439,-0.499999999999999,0.0));
#7011=DIRECTION('',(-0.499999999999999,0.866025403784439,0.0));
#7012=ORIENTED_EDGE('',*,*,#9688,.T.);
#7013=ORIENTED_EDGE('',*,*,#8882,.F.);
#7014=ORIENTED_EDGE('',*,*,#9689,.F.);
#7015=ORIENTED_EDGE('',*,*,#9231,.F.);
#7016=CARTESIAN_POINT('',(-5.425,0.1,0.899999999999995));
#7017=DIRECTION('',(0.0,-0.5,0.866025403784439));
#7018=DIRECTION('',(-1.0,0.0,0.0));
#7019=ORIENTED_EDGE('',*,*,#9687,.T.);
#7020=ORIENTED_EDGE('',*,*,#9225,.F.);
#7021=ORIENTED_EDGE('',*,*,#9690,.F.);
#7022=ORIENTED_EDGE('',*,*,#8884,.F.);
#7023=CARTESIAN_POINT('',(-5.825,0.1,0.749999999999995));
#7024=DIRECTION('',(0.0,-0.5,0.866025403784439));
#7025=DIRECTION('',(-1.0,0.0,0.0));
#7026=ORIENTED_EDGE('',*,*,#9689,.T.);
#7027=ORIENTED_EDGE('',*,*,#8881,.F.);
#7028=ORIENTED_EDGE('',*,*,#9691,.F.);
#7029=ORIENTED_EDGE('',*,*,#9234,.F.);
#7030=CARTESIAN_POINT('',(-5.125,0.1,0.899999999999995));
#7031=DIRECTION('',(-0.866025403784439,-0.499999999999999,0.0));
#7032=DIRECTION('',(-0.499999999999999,0.866025403784439,0.0));
#7033=ORIENTED_EDGE('',*,*,#9690,.T.);
#7034=ORIENTED_EDGE('',*,*,#9222,.F.);
#7035=ORIENTED_EDGE('',*,*,#9692,.F.);
#7036=ORIENTED_EDGE('',*,*,#8885,.F.);
#7037=CARTESIAN_POINT('',(-5.825,0.1,0.899999999999995));
#7038=DIRECTION('',(0.866025403784439,-0.499999999999999,0.0));
#7039=DIRECTION('',(0.0,0.0,-1.0));
#7040=ORIENTED_EDGE('',*,*,#9691,.T.);
#7041=ORIENTED_EDGE('',*,*,#8880,.F.);
#7042=ORIENTED_EDGE('',*,*,#9693,.F.);
#7043=ORIENTED_EDGE('',*,*,#9237,.F.);
#7044=CARTESIAN_POINT('',(-5.125,0.1,2.34999999999999));
#7045=DIRECTION('',(0.0,-0.499999999999999,-0.866025403784439));
#7046=DIRECTION('',(0.0,-0.866025403784439,0.499999999999999));
#7047=ORIENTED_EDGE('',*,*,#9692,.T.);
#7048=ORIENTED_EDGE('',*,*,#9219,.F.);
#7049=ORIENTED_EDGE('',*,*,#9694,.F.);
#7050=ORIENTED_EDGE('',*,*,#8886,.F.);
#7051=CARTESIAN_POINT('',(-6.125,0.1,0.899999999999995));
#7052=DIRECTION('',(0.0,-0.5,0.866025403784439));
#7053=DIRECTION('',(-1.0,0.0,0.0));
#7054=ORIENTED_EDGE('',*,*,#9693,.T.);
#7055=ORIENTED_EDGE('',*,*,#8879,.F.);
#7056=ORIENTED_EDGE('',*,*,#9695,.F.);
#7057=ORIENTED_EDGE('',*,*,#9240,.F.);
#7058=CARTESIAN_POINT('',(-5.375,0.1,2.34999999999999));
#7059=DIRECTION('',(-0.866025403784439,-0.499999999999999,0.0));
#7060=DIRECTION('',(-0.499999999999999,0.866025403784439,0.0));
#7061=ORIENTED_EDGE('',*,*,#9694,.T.);
#7062=ORIENTED_EDGE('',*,*,#9216,.F.);
#7063=ORIENTED_EDGE('',*,*,#9696,.F.);
#7064=ORIENTED_EDGE('',*,*,#8887,.F.);
#7065=CARTESIAN_POINT('',(-6.125,0.1,2.34999999999999));
#7066=DIRECTION('',(0.866025403784439,-0.499999999999999,0.0));
#7067=DIRECTION('',(0.0,0.0,-1.0));
#7068=ORIENTED_EDGE('',*,*,#9695,.T.);
#7069=ORIENTED_EDGE('',*,*,#8878,.F.);
#7070=ORIENTED_EDGE('',*,*,#9697,.F.);
#7071=ORIENTED_EDGE('',*,*,#9243,.F.);
#7072=CARTESIAN_POINT('',(-5.375,0.1,2.74999999999999));
#7073=DIRECTION('',(0.0,-0.499999999999999,-0.866025403784439));
#7074=DIRECTION('',(0.0,-0.866025403784439,0.499999999999999));
#7075=ORIENTED_EDGE('',*,*,#9696,.T.);
#7076=ORIENTED_EDGE('',*,*,#9249,.F.);
#7077=ORIENTED_EDGE('',*,*,#9698,.F.);
#7078=ORIENTED_EDGE('',*,*,#8876,.F.);
#7079=CARTESIAN_POINT('',(-5.875,0.1,2.34999999999999));
#7080=DIRECTION('',(0.0,-0.499999999999999,-0.866025403784439));
#7081=DIRECTION('',(0.0,-0.866025403784439,0.499999999999999));
#7082=ORIENTED_EDGE('',*,*,#9697,.T.);
#7083=ORIENTED_EDGE('',*,*,#8877,.F.);
#7084=ORIENTED_EDGE('',*,*,#9698,.T.);
#7085=ORIENTED_EDGE('',*,*,#9246,.F.);
#7086=CARTESIAN_POINT('',(-5.875,0.1,2.74999999999999));
#7087=DIRECTION('',(0.866025403784439,-0.499999999999999,0.0));
#7088=DIRECTION('',(0.0,0.0,-1.0));
#7089=ORIENTED_EDGE('',*,*,#9699,.F.);
#7090=ORIENTED_EDGE('',*,*,#8895,.F.);
#7091=ORIENTED_EDGE('',*,*,#9700,.F.);
#7092=ORIENTED_EDGE('',*,*,#9264,.F.);
#7093=CARTESIAN_POINT('',(-4.17500000000001,0.1,0.749999999999995));
#7094=DIRECTION('',(-0.866025403784439,-0.499999999999999,0.0));
#7095=DIRECTION('',(-0.499999999999999,0.866025403784439,0.0));
#7096=ORIENTED_EDGE('',*,*,#9700,.T.);
#7097=ORIENTED_EDGE('',*,*,#8894,.F.);
#7098=ORIENTED_EDGE('',*,*,#9701,.F.);
#7099=ORIENTED_EDGE('',*,*,#9267,.F.);
#7100=CARTESIAN_POINT('',(-4.17500000000001,0.1,0.899999999999995));
#7101=DIRECTION('',(0.0,-0.5,0.866025403784439));
#7102=DIRECTION('',(-1.0,0.0,0.0));
#7103=ORIENTED_EDGE('',*,*,#9699,.T.);
#7104=ORIENTED_EDGE('',*,*,#9261,.F.);
#7105=ORIENTED_EDGE('',*,*,#9702,.F.);
#7106=ORIENTED_EDGE('',*,*,#8896,.F.);
#7107=CARTESIAN_POINT('',(-4.575,0.1,0.749999999999995));
#7108=DIRECTION('',(0.0,-0.5,0.866025403784439));
#7109=DIRECTION('',(-1.0,0.0,0.0));
#7110=ORIENTED_EDGE('',*,*,#9701,.T.);
#7111=ORIENTED_EDGE('',*,*,#8893,.F.);
#7112=ORIENTED_EDGE('',*,*,#9703,.F.);
#7113=ORIENTED_EDGE('',*,*,#9270,.F.);
#7114=CARTESIAN_POINT('',(-3.875,0.1,0.899999999999995));
#7115=DIRECTION('',(-0.866025403784439,-0.499999999999999,0.0));
#7116=DIRECTION('',(-0.499999999999999,0.866025403784439,0.0));
#7117=ORIENTED_EDGE('',*,*,#9702,.T.);
#7118=ORIENTED_EDGE('',*,*,#9258,.F.);
#7119=ORIENTED_EDGE('',*,*,#9704,.F.);
#7120=ORIENTED_EDGE('',*,*,#8897,.F.);
#7121=CARTESIAN_POINT('',(-4.575,0.1,0.899999999999995));
#7122=DIRECTION('',(0.866025403784439,-0.499999999999999,0.0));
#7123=DIRECTION('',(0.0,0.0,-1.0));
#7124=ORIENTED_EDGE('',*,*,#9703,.T.);
#7125=ORIENTED_EDGE('',*,*,#8892,.F.);
#7126=ORIENTED_EDGE('',*,*,#9705,.F.);
#7127=ORIENTED_EDGE('',*,*,#9273,.F.);
#7128=CARTESIAN_POINT('',(-3.875,0.1,2.34999999999999));
#7129=DIRECTION('',(0.0,-0.499999999999999,-0.866025403784439));
#7130=DIRECTION('',(0.0,-0.866025403784439,0.499999999999999));
#7131=ORIENTED_EDGE('',*,*,#9704,.T.);
#7132=ORIENTED_EDGE('',*,*,#9255,.F.);
#7133=ORIENTED_EDGE('',*,*,#9706,.F.);
#7134=ORIENTED_EDGE('',*,*,#8898,.F.);
#7135=CARTESIAN_POINT('',(-4.875,0.1,0.899999999999995));
#7136=DIRECTION('',(0.0,-0.5,0.866025403784439));
#7137=DIRECTION('',(-1.0,0.0,0.0));
#7138=ORIENTED_EDGE('',*,*,#9705,.T.);
#7139=ORIENTED_EDGE('',*,*,#8891,.F.);
#7140=ORIENTED_EDGE('',*,*,#9707,.F.);
#7141=ORIENTED_EDGE('',*,*,#9276,.F.);
#7142=CARTESIAN_POINT('',(-4.125,0.1,2.34999999999999));
#7143=DIRECTION('',(-0.866025403784439,-0.499999999999999,0.0));
#7144=DIRECTION('',(-0.499999999999999,0.866025403784439,0.0));
#7145=ORIENTED_EDGE('',*,*,#9706,.T.);
#7146=ORIENTED_EDGE('',*,*,#9252,.F.);
#7147=ORIENTED_EDGE('',*,*,#9708,.F.);
#7148=ORIENTED_EDGE('',*,*,#8899,.F.);
#7149=CARTESIAN_POINT('',(-4.875,0.1,2.34999999999999));
#7150=DIRECTION('',(0.866025403784439,-0.499999999999999,0.0));
#7151=DIRECTION('',(0.0,0.0,-1.0));
#7152=ORIENTED_EDGE('',*,*,#9707,.T.);
#7153=ORIENTED_EDGE('',*,*,#8890,.F.);
#7154=ORIENTED_EDGE('',*,*,#9709,.F.);
#7155=ORIENTED_EDGE('',*,*,#9279,.F.);
#7156=CARTESIAN_POINT('',(-4.125,0.1,2.74999999999999));
#7157=DIRECTION('',(0.0,-0.499999999999999,-0.866025403784439));
#7158=DIRECTION('',(0.0,-0.866025403784439,0.499999999999999));
#7159=ORIENTED_EDGE('',*,*,#9708,.T.);
#7160=ORIENTED_EDGE('',*,*,#9285,.F.);
#7161=ORIENTED_EDGE('',*,*,#9710,.F.);
#7162=ORIENTED_EDGE('',*,*,#8888,.F.);
#7163=CARTESIAN_POINT('',(-4.625,0.1,2.34999999999999));
#7164=DIRECTION('',(0.0,-0.499999999999999,-0.866025403784439));
#7165=DIRECTION('',(0.0,-0.866025403784439,0.499999999999999));
#7166=ORIENTED_EDGE('',*,*,#9709,.T.);
#7167=ORIENTED_EDGE('',*,*,#8889,.F.);
#7168=ORIENTED_EDGE('',*,*,#9710,.T.);
#7169=ORIENTED_EDGE('',*,*,#9282,.F.);
#7170=CARTESIAN_POINT('',(-4.625,0.1,2.74999999999999));
#7171=DIRECTION('',(0.866025403784439,-0.499999999999999,0.0));
#7172=DIRECTION('',(0.0,0.0,-1.0));
#7173=ORIENTED_EDGE('',*,*,#9711,.F.);
#7174=ORIENTED_EDGE('',*,*,#8907,.F.);
#7175=ORIENTED_EDGE('',*,*,#9712,.F.);
#7176=ORIENTED_EDGE('',*,*,#9300,.F.);
#7177=CARTESIAN_POINT('',(-2.925,0.1,0.749999999999995));
#7178=DIRECTION('',(-0.866025403784439,-0.499999999999999,0.0));
#7179=DIRECTION('',(-0.499999999999999,0.866025403784439,0.0));
#7180=ORIENTED_EDGE('',*,*,#9712,.T.);
#7181=ORIENTED_EDGE('',*,*,#8906,.F.);
#7182=ORIENTED_EDGE('',*,*,#9713,.F.);
#7183=ORIENTED_EDGE('',*,*,#9303,.F.);
#7184=CARTESIAN_POINT('',(-2.925,0.1,0.899999999999995));
#7185=DIRECTION('',(0.0,-0.5,0.866025403784439));
#7186=DIRECTION('',(-1.0,0.0,0.0));
#7187=ORIENTED_EDGE('',*,*,#9711,.T.);
#7188=ORIENTED_EDGE('',*,*,#9297,.F.);
#7189=ORIENTED_EDGE('',*,*,#9714,.F.);
#7190=ORIENTED_EDGE('',*,*,#8908,.F.);
#7191=CARTESIAN_POINT('',(-3.325,0.1,0.749999999999995));
#7192=DIRECTION('',(0.0,-0.5,0.866025403784439));
#7193=DIRECTION('',(-1.0,0.0,0.0));
#7194=ORIENTED_EDGE('',*,*,#9713,.T.);
#7195=ORIENTED_EDGE('',*,*,#8905,.F.);
#7196=ORIENTED_EDGE('',*,*,#9715,.F.);
#7197=ORIENTED_EDGE('',*,*,#9306,.F.);
#7198=CARTESIAN_POINT('',(-2.625,0.1,0.899999999999995));
#7199=DIRECTION('',(-0.866025403784439,-0.499999999999999,0.0));
#7200=DIRECTION('',(-0.499999999999999,0.866025403784439,0.0));
#7201=ORIENTED_EDGE('',*,*,#9714,.T.);
#7202=ORIENTED_EDGE('',*,*,#9294,.F.);
#7203=ORIENTED_EDGE('',*,*,#9716,.F.);
#7204=ORIENTED_EDGE('',*,*,#8909,.F.);
#7205=CARTESIAN_POINT('',(-3.325,0.1,0.899999999999995));
#7206=DIRECTION('',(0.866025403784439,-0.499999999999999,0.0));
#7207=DIRECTION('',(0.0,0.0,-1.0));
#7208=ORIENTED_EDGE('',*,*,#9715,.T.);
#7209=ORIENTED_EDGE('',*,*,#8904,.F.);
#7210=ORIENTED_EDGE('',*,*,#9717,.F.);
#7211=ORIENTED_EDGE('',*,*,#9309,.F.);
#7212=CARTESIAN_POINT('',(-2.625,0.1,2.34999999999999));
#7213=DIRECTION('',(0.0,-0.499999999999999,-0.866025403784439));
#7214=DIRECTION('',(0.0,-0.866025403784439,0.499999999999999));
#7215=ORIENTED_EDGE('',*,*,#9716,.T.);
#7216=ORIENTED_EDGE('',*,*,#9291,.F.);
#7217=ORIENTED_EDGE('',*,*,#9718,.F.);
#7218=ORIENTED_EDGE('',*,*,#8910,.F.);
#7219=CARTESIAN_POINT('',(-3.625,0.1,0.899999999999995));
#7220=DIRECTION('',(0.0,-0.5,0.866025403784439));
#7221=DIRECTION('',(-1.0,0.0,0.0));
#7222=ORIENTED_EDGE('',*,*,#9717,.T.);
#7223=ORIENTED_EDGE('',*,*,#8903,.F.);
#7224=ORIENTED_EDGE('',*,*,#9719,.F.);
#7225=ORIENTED_EDGE('',*,*,#9312,.F.);
#7226=CARTESIAN_POINT('',(-2.875,0.1,2.34999999999999));
#7227=DIRECTION('',(-0.866025403784439,-0.499999999999999,0.0));
#7228=DIRECTION('',(-0.499999999999999,0.866025403784439,0.0));
#7229=ORIENTED_EDGE('',*,*,#9718,.T.);
#7230=ORIENTED_EDGE('',*,*,#9288,.F.);
#7231=ORIENTED_EDGE('',*,*,#9720,.F.);
#7232=ORIENTED_EDGE('',*,*,#8911,.F.);
#7233=CARTESIAN_POINT('',(-3.625,0.1,2.34999999999999));
#7234=DIRECTION('',(0.866025403784439,-0.499999999999999,0.0));
#7235=DIRECTION('',(0.0,0.0,-1.0));
#7236=ORIENTED_EDGE('',*,*,#9719,.T.);
#7237=ORIENTED_EDGE('',*,*,#8902,.F.);
#7238=ORIENTED_EDGE('',*,*,#9721,.F.);
#7239=ORIENTED_EDGE('',*,*,#9315,.F.);
#7240=CARTESIAN_POINT('',(-2.875,0.1,2.74999999999999));
#7241=DIRECTION('',(0.0,-0.499999999999999,-0.866025403784439));
#7242=DIRECTION('',(0.0,-0.866025403784439,0.499999999999999));
#7243=ORIENTED_EDGE('',*,*,#9720,.T.);
#7244=ORIENTED_EDGE('',*,*,#9321,.F.);
#7245=ORIENTED_EDGE('',*,*,#9722,.F.);
#7246=ORIENTED_EDGE('',*,*,#8900,.F.);
#7247=CARTESIAN_POINT('',(-3.375,0.1,2.34999999999999));
#7248=DIRECTION('',(0.0,-0.499999999999999,-0.866025403784439));
#7249=DIRECTION('',(0.0,-0.866025403784439,0.499999999999999));
#7250=ORIENTED_EDGE('',*,*,#9721,.T.);
#7251=ORIENTED_EDGE('',*,*,#8901,.F.);
#7252=ORIENTED_EDGE('',*,*,#9722,.T.);
#7253=ORIENTED_EDGE('',*,*,#9318,.F.);
#7254=CARTESIAN_POINT('',(-3.375,0.1,2.74999999999999));
#7255=DIRECTION('',(0.866025403784439,-0.499999999999999,0.0));
#7256=DIRECTION('',(0.0,0.0,-1.0));
#7257=ORIENTED_EDGE('',*,*,#9723,.F.);
#7258=ORIENTED_EDGE('',*,*,#8919,.F.);
#7259=ORIENTED_EDGE('',*,*,#9724,.F.);
#7260=ORIENTED_EDGE('',*,*,#9336,.F.);
#7261=CARTESIAN_POINT('',(-1.675,0.1,0.749999999999995));
#7262=DIRECTION('',(-0.866025403784439,-0.499999999999999,0.0));
#7263=DIRECTION('',(-0.499999999999999,0.866025403784439,0.0));
#7264=ORIENTED_EDGE('',*,*,#9724,.T.);
#7265=ORIENTED_EDGE('',*,*,#8918,.F.);
#7266=ORIENTED_EDGE('',*,*,#9725,.F.);
#7267=ORIENTED_EDGE('',*,*,#9339,.F.);
#7268=CARTESIAN_POINT('',(-1.675,0.1,0.899999999999995));
#7269=DIRECTION('',(0.0,-0.5,0.866025403784439));
#7270=DIRECTION('',(-1.0,0.0,0.0));
#7271=ORIENTED_EDGE('',*,*,#9723,.T.);
#7272=ORIENTED_EDGE('',*,*,#9333,.F.);
#7273=ORIENTED_EDGE('',*,*,#9726,.F.);
#7274=ORIENTED_EDGE('',*,*,#8920,.F.);
#7275=CARTESIAN_POINT('',(-2.075,0.1,0.749999999999995));
#7276=DIRECTION('',(0.0,-0.5,0.866025403784439));
#7277=DIRECTION('',(-1.0,0.0,0.0));
#7278=ORIENTED_EDGE('',*,*,#9725,.T.);
#7279=ORIENTED_EDGE('',*,*,#8917,.F.);
#7280=ORIENTED_EDGE('',*,*,#9727,.F.);
#7281=ORIENTED_EDGE('',*,*,#9342,.F.);
#7282=CARTESIAN_POINT('',(-1.375,0.1,0.899999999999995));
#7283=DIRECTION('',(-0.866025403784436,-0.500000000000005,0.0));
#7284=DIRECTION('',(-0.500000000000005,0.866025403784436,0.0));
#7285=ORIENTED_EDGE('',*,*,#9726,.T.);
#7286=ORIENTED_EDGE('',*,*,#9330,.F.);
#7287=ORIENTED_EDGE('',*,*,#9728,.F.);
#7288=ORIENTED_EDGE('',*,*,#8921,.F.);
#7289=CARTESIAN_POINT('',(-2.075,0.1,0.899999999999995));
#7290=DIRECTION('',(0.866025403784439,-0.499999999999999,0.0));
#7291=DIRECTION('',(0.0,0.0,-1.0));
#7292=ORIENTED_EDGE('',*,*,#9727,.T.);
#7293=ORIENTED_EDGE('',*,*,#8916,.F.);
#7294=ORIENTED_EDGE('',*,*,#9729,.F.);
#7295=ORIENTED_EDGE('',*,*,#9345,.F.);
#7296=CARTESIAN_POINT('',(-1.375,0.1,2.34999999999999));
#7297=DIRECTION('',(0.0,-0.499999999999999,-0.866025403784439));
#7298=DIRECTION('',(0.0,-0.866025403784439,0.499999999999999));
#7299=ORIENTED_EDGE('',*,*,#9728,.T.);
#7300=ORIENTED_EDGE('',*,*,#9327,.F.);
#7301=ORIENTED_EDGE('',*,*,#9730,.F.);
#7302=ORIENTED_EDGE('',*,*,#8922,.F.);
#7303=CARTESIAN_POINT('',(-2.375,0.1,0.899999999999995));
#7304=DIRECTION('',(0.0,-0.5,0.866025403784439));
#7305=DIRECTION('',(-1.0,0.0,0.0));
#7306=ORIENTED_EDGE('',*,*,#9729,.T.);
#7307=ORIENTED_EDGE('',*,*,#8915,.F.);
#7308=ORIENTED_EDGE('',*,*,#9731,.F.);
#7309=ORIENTED_EDGE('',*,*,#9348,.F.);
#7310=CARTESIAN_POINT('',(-1.625,0.1,2.34999999999999));
#7311=DIRECTION('',(-0.866025403784439,-0.499999999999999,0.0));
#7312=DIRECTION('',(-0.499999999999999,0.866025403784439,0.0));
#7313=ORIENTED_EDGE('',*,*,#9730,.T.);
#7314=ORIENTED_EDGE('',*,*,#9324,.F.);
#7315=ORIENTED_EDGE('',*,*,#9732,.F.);
#7316=ORIENTED_EDGE('',*,*,#8923,.F.);
#7317=CARTESIAN_POINT('',(-2.375,0.1,2.34999999999999));
#7318=DIRECTION('',(0.866025403784439,-0.499999999999999,0.0));
#7319=DIRECTION('',(0.0,0.0,-1.0));
#7320=ORIENTED_EDGE('',*,*,#9731,.T.);
#7321=ORIENTED_EDGE('',*,*,#8914,.F.);
#7322=ORIENTED_EDGE('',*,*,#9733,.F.);
#7323=ORIENTED_EDGE('',*,*,#9351,.F.);
#7324=CARTESIAN_POINT('',(-1.625,0.1,2.74999999999999));
#7325=DIRECTION('',(0.0,-0.499999999999999,-0.866025403784439));
#7326=DIRECTION('',(0.0,-0.866025403784439,0.499999999999999));
#7327=ORIENTED_EDGE('',*,*,#9732,.T.);
#7328=ORIENTED_EDGE('',*,*,#9357,.F.);
#7329=ORIENTED_EDGE('',*,*,#9734,.F.);
#7330=ORIENTED_EDGE('',*,*,#8912,.F.);
#7331=CARTESIAN_POINT('',(-2.125,0.1,2.34999999999999));
#7332=DIRECTION('',(0.0,-0.499999999999999,-0.866025403784439));
#7333=DIRECTION('',(0.0,-0.866025403784439,0.499999999999999));
#7334=ORIENTED_EDGE('',*,*,#9733,.T.);
#7335=ORIENTED_EDGE('',*,*,#8913,.F.);
#7336=ORIENTED_EDGE('',*,*,#9734,.T.);
#7337=ORIENTED_EDGE('',*,*,#9354,.F.);
#7338=CARTESIAN_POINT('',(-2.125,0.1,2.74999999999999));
#7339=DIRECTION('',(0.866025403784439,-0.499999999999999,0.0));
#7340=DIRECTION('',(0.0,0.0,-1.0));
#7341=ORIENTED_EDGE('',*,*,#9735,.F.);
#7342=ORIENTED_EDGE('',*,*,#8931,.F.);
#7343=ORIENTED_EDGE('',*,*,#9736,.F.);
#7344=ORIENTED_EDGE('',*,*,#9372,.F.);
#7345=CARTESIAN_POINT('',(-0.425000000000005,0.1,0.749999999999995));
#7346=DIRECTION('',(-0.866025403784436,-0.500000000000005,0.0));
#7347=DIRECTION('',(-0.500000000000005,0.866025403784436,0.0));
#7348=ORIENTED_EDGE('',*,*,#9736,.T.);
#7349=ORIENTED_EDGE('',*,*,#8930,.F.);
#7350=ORIENTED_EDGE('',*,*,#9737,.F.);
#7351=ORIENTED_EDGE('',*,*,#9375,.F.);
#7352=CARTESIAN_POINT('',(-0.425000000000005,0.1,0.899999999999995));
#7353=DIRECTION('',(0.0,-0.5,0.866025403784439));
#7354=DIRECTION('',(-1.0,0.0,0.0));
#7355=ORIENTED_EDGE('',*,*,#9735,.T.);
#7356=ORIENTED_EDGE('',*,*,#9369,.F.);
#7357=ORIENTED_EDGE('',*,*,#9738,.F.);
#7358=ORIENTED_EDGE('',*,*,#8932,.F.);
#7359=CARTESIAN_POINT('',(-0.825000000000005,0.1,0.749999999999995));
#7360=DIRECTION('',(0.0,-0.5,0.866025403784439));
#7361=DIRECTION('',(-1.0,0.0,0.0));
#7362=ORIENTED_EDGE('',*,*,#9737,.T.);
#7363=ORIENTED_EDGE('',*,*,#8929,.F.);
#7364=ORIENTED_EDGE('',*,*,#9739,.F.);
#7365=ORIENTED_EDGE('',*,*,#9378,.F.);
#7366=CARTESIAN_POINT('',(-0.125000000000004,0.1,0.899999999999995));
#7367=DIRECTION('',(-0.866025403784436,-0.500000000000005,0.0));
#7368=DIRECTION('',(-0.500000000000005,0.866025403784436,0.0));
#7369=ORIENTED_EDGE('',*,*,#9738,.T.);
#7370=ORIENTED_EDGE('',*,*,#9366,.F.);
#7371=ORIENTED_EDGE('',*,*,#9740,.F.);
#7372=ORIENTED_EDGE('',*,*,#8933,.F.);
#7373=CARTESIAN_POINT('',(-0.825000000000005,0.1,0.899999999999995));
#7374=DIRECTION('',(0.866025403784436,-0.500000000000005,0.0));
#7375=DIRECTION('',(0.0,0.0,-1.0));
#7376=ORIENTED_EDGE('',*,*,#9739,.T.);
#7377=ORIENTED_EDGE('',*,*,#8928,.F.);
#7378=ORIENTED_EDGE('',*,*,#9741,.F.);
#7379=ORIENTED_EDGE('',*,*,#9381,.F.);
#7380=CARTESIAN_POINT('',(-0.125000000000004,0.1,2.34999999999999));
#7381=DIRECTION('',(0.0,-0.499999999999999,-0.866025403784439));
#7382=DIRECTION('',(0.0,-0.866025403784439,0.499999999999999));
#7383=ORIENTED_EDGE('',*,*,#9740,.T.);
#7384=ORIENTED_EDGE('',*,*,#9363,.F.);
#7385=ORIENTED_EDGE('',*,*,#9742,.F.);
#7386=ORIENTED_EDGE('',*,*,#8934,.F.);
#7387=CARTESIAN_POINT('',(-1.125,0.1,0.899999999999995));
#7388=DIRECTION('',(0.0,-0.5,0.866025403784439));
#7389=DIRECTION('',(-1.0,0.0,0.0));
#7390=ORIENTED_EDGE('',*,*,#9741,.T.);
#7391=ORIENTED_EDGE('',*,*,#8927,.F.);
#7392=ORIENTED_EDGE('',*,*,#9743,.F.);
#7393=ORIENTED_EDGE('',*,*,#9384,.F.);
#7394=CARTESIAN_POINT('',(-0.375000000000004,0.1,2.34999999999999));
#7395=DIRECTION('',(-0.866025403784436,-0.500000000000005,0.0));
#7396=DIRECTION('',(-0.500000000000005,0.866025403784436,0.0));
#7397=ORIENTED_EDGE('',*,*,#9742,.T.);
#7398=ORIENTED_EDGE('',*,*,#9360,.F.);
#7399=ORIENTED_EDGE('',*,*,#9744,.F.);
#7400=ORIENTED_EDGE('',*,*,#8935,.F.);
#7401=CARTESIAN_POINT('',(-1.125,0.1,2.34999999999999));
#7402=DIRECTION('',(0.866025403784436,-0.500000000000005,0.0));
#7403=DIRECTION('',(0.0,0.0,-1.0));
#7404=ORIENTED_EDGE('',*,*,#9743,.T.);
#7405=ORIENTED_EDGE('',*,*,#8926,.F.);
#7406=ORIENTED_EDGE('',*,*,#9745,.F.);
#7407=ORIENTED_EDGE('',*,*,#9387,.F.);
#7408=CARTESIAN_POINT('',(-0.375000000000004,0.1,2.74999999999999));
#7409=DIRECTION('',(0.0,-0.499999999999999,-0.866025403784439));
#7410=DIRECTION('',(0.0,-0.866025403784439,0.499999999999999));
#7411=ORIENTED_EDGE('',*,*,#9744,.T.);
#7412=ORIENTED_EDGE('',*,*,#9393,.F.);
#7413=ORIENTED_EDGE('',*,*,#9746,.F.);
#7414=ORIENTED_EDGE('',*,*,#8924,.F.);
#7415=CARTESIAN_POINT('',(-0.875000000000004,0.1,2.34999999999999));
#7416=DIRECTION('',(0.0,-0.499999999999999,-0.866025403784439));
#7417=DIRECTION('',(0.0,-0.866025403784439,0.499999999999999));
#7418=ORIENTED_EDGE('',*,*,#9745,.T.);
#7419=ORIENTED_EDGE('',*,*,#8925,.F.);
#7420=ORIENTED_EDGE('',*,*,#9746,.T.);
#7421=ORIENTED_EDGE('',*,*,#9390,.F.);
#7422=CARTESIAN_POINT('',(-0.875000000000004,0.1,2.74999999999999));
#7423=DIRECTION('',(0.866025403784436,-0.500000000000005,0.0));
#7424=DIRECTION('',(0.0,0.0,-1.0));
#7425=ORIENTED_EDGE('',*,*,#9747,.F.);
#7426=ORIENTED_EDGE('',*,*,#8943,.F.);
#7427=ORIENTED_EDGE('',*,*,#9748,.F.);
#7428=ORIENTED_EDGE('',*,*,#9408,.F.);
#7429=CARTESIAN_POINT('',(0.824999999999996,0.1,0.749999999999995));
#7430=DIRECTION('',(-0.866025403784436,-0.500000000000005,0.0));
#7431=DIRECTION('',(-0.500000000000005,0.866025403784436,0.0));
#7432=ORIENTED_EDGE('',*,*,#9748,.T.);
#7433=ORIENTED_EDGE('',*,*,#8942,.F.);
#7434=ORIENTED_EDGE('',*,*,#9749,.F.);
#7435=ORIENTED_EDGE('',*,*,#9411,.F.);
#7436=CARTESIAN_POINT('',(0.824999999999996,0.1,0.899999999999995));
#7437=DIRECTION('',(0.0,-0.5,0.866025403784439));
#7438=DIRECTION('',(-1.0,0.0,0.0));
#7439=ORIENTED_EDGE('',*,*,#9747,.T.);
#7440=ORIENTED_EDGE('',*,*,#9405,.F.);
#7441=ORIENTED_EDGE('',*,*,#9750,.F.);
#7442=ORIENTED_EDGE('',*,*,#8944,.F.);
#7443=CARTESIAN_POINT('',(0.424999999999997,0.1,0.749999999999995));
#7444=DIRECTION('',(0.0,-0.5,0.866025403784439));
#7445=DIRECTION('',(-1.0,0.0,0.0));
#7446=ORIENTED_EDGE('',*,*,#9749,.T.);
#7447=ORIENTED_EDGE('',*,*,#8941,.F.);
#7448=ORIENTED_EDGE('',*,*,#9751,.F.);
#7449=ORIENTED_EDGE('',*,*,#9414,.F.);
#7450=CARTESIAN_POINT('',(1.125,0.1,0.899999999999995));
#7451=DIRECTION('',(-0.866025403784436,-0.500000000000005,0.0));
#7452=DIRECTION('',(-0.500000000000005,0.866025403784436,0.0));
#7453=ORIENTED_EDGE('',*,*,#9750,.T.);
#7454=ORIENTED_EDGE('',*,*,#9402,.F.);
#7455=ORIENTED_EDGE('',*,*,#9752,.F.);
#7456=ORIENTED_EDGE('',*,*,#8945,.F.);
#7457=CARTESIAN_POINT('',(0.424999999999997,0.1,0.899999999999995));
#7458=DIRECTION('',(0.866025403784436,-0.500000000000005,0.0));
#7459=DIRECTION('',(0.0,0.0,-1.0));
#7460=ORIENTED_EDGE('',*,*,#9751,.T.);
#7461=ORIENTED_EDGE('',*,*,#8940,.F.);
#7462=ORIENTED_EDGE('',*,*,#9753,.F.);
#7463=ORIENTED_EDGE('',*,*,#9417,.F.);
#7464=CARTESIAN_POINT('',(1.125,0.1,2.34999999999999));
#7465=DIRECTION('',(0.0,-0.499999999999999,-0.866025403784439));
#7466=DIRECTION('',(0.0,-0.866025403784439,0.499999999999999));
#7467=ORIENTED_EDGE('',*,*,#9752,.T.);
#7468=ORIENTED_EDGE('',*,*,#9399,.F.);
#7469=ORIENTED_EDGE('',*,*,#9754,.F.);
#7470=ORIENTED_EDGE('',*,*,#8946,.F.);
#7471=CARTESIAN_POINT('',(0.124999999999997,0.1,0.899999999999995));
#7472=DIRECTION('',(0.0,-0.5,0.866025403784439));
#7473=DIRECTION('',(-1.0,0.0,0.0));
#7474=ORIENTED_EDGE('',*,*,#9753,.T.);
#7475=ORIENTED_EDGE('',*,*,#8939,.F.);
#7476=ORIENTED_EDGE('',*,*,#9755,.F.);
#7477=ORIENTED_EDGE('',*,*,#9420,.F.);
#7478=CARTESIAN_POINT('',(0.874999999999997,0.1,2.34999999999999));
#7479=DIRECTION('',(-0.866025403784436,-0.500000000000005,0.0));
#7480=DIRECTION('',(-0.500000000000005,0.866025403784436,0.0));
#7481=ORIENTED_EDGE('',*,*,#9754,.T.);
#7482=ORIENTED_EDGE('',*,*,#9396,.F.);
#7483=ORIENTED_EDGE('',*,*,#9756,.F.);
#7484=ORIENTED_EDGE('',*,*,#8947,.F.);
#7485=CARTESIAN_POINT('',(0.124999999999997,0.1,2.34999999999999));
#7486=DIRECTION('',(0.866025403784436,-0.500000000000005,0.0));
#7487=DIRECTION('',(0.0,0.0,-1.0));
#7488=ORIENTED_EDGE('',*,*,#9755,.T.);
#7489=ORIENTED_EDGE('',*,*,#8938,.F.);
#7490=ORIENTED_EDGE('',*,*,#9757,.F.);
#7491=ORIENTED_EDGE('',*,*,#9423,.F.);
#7492=CARTESIAN_POINT('',(0.874999999999997,0.1,2.74999999999999));
#7493=DIRECTION('',(0.0,-0.499999999999999,-0.866025403784439));
#7494=DIRECTION('',(0.0,-0.866025403784439,0.499999999999999));
#7495=ORIENTED_EDGE('',*,*,#9756,.T.);
#7496=ORIENTED_EDGE('',*,*,#9429,.F.);
#7497=ORIENTED_EDGE('',*,*,#9758,.F.);
#7498=ORIENTED_EDGE('',*,*,#8936,.F.);
#7499=CARTESIAN_POINT('',(0.374999999999997,0.1,2.34999999999999));
#7500=DIRECTION('',(0.0,-0.499999999999999,-0.866025403784439));
#7501=DIRECTION('',(0.0,-0.866025403784439,0.499999999999999));
#7502=ORIENTED_EDGE('',*,*,#9757,.T.);
#7503=ORIENTED_EDGE('',*,*,#8937,.F.);
#7504=ORIENTED_EDGE('',*,*,#9758,.T.);
#7505=ORIENTED_EDGE('',*,*,#9426,.F.);
#7506=CARTESIAN_POINT('',(0.374999999999997,0.1,2.74999999999999));
#7507=DIRECTION('',(0.866025403784436,-0.500000000000005,0.0));
#7508=DIRECTION('',(0.0,0.0,-1.0));
#7509=ORIENTED_EDGE('',*,*,#9759,.F.);
#7510=ORIENTED_EDGE('',*,*,#8955,.F.);
#7511=ORIENTED_EDGE('',*,*,#9760,.F.);
#7512=ORIENTED_EDGE('',*,*,#9444,.F.);
#7513=CARTESIAN_POINT('',(2.075,0.1,0.749999999999995));
#7514=DIRECTION('',(-0.866025403784436,-0.500000000000005,0.0));
#7515=DIRECTION('',(-0.500000000000005,0.866025403784436,0.0));
#7516=ORIENTED_EDGE('',*,*,#9760,.T.);
#7517=ORIENTED_EDGE('',*,*,#8954,.F.);
#7518=ORIENTED_EDGE('',*,*,#9761,.F.);
#7519=ORIENTED_EDGE('',*,*,#9447,.F.);
#7520=CARTESIAN_POINT('',(2.075,0.1,0.899999999999995));
#7521=DIRECTION('',(0.0,-0.5,0.866025403784439));
#7522=DIRECTION('',(-1.0,0.0,0.0));
#7523=ORIENTED_EDGE('',*,*,#9759,.T.);
#7524=ORIENTED_EDGE('',*,*,#9441,.F.);
#7525=ORIENTED_EDGE('',*,*,#9762,.F.);
#7526=ORIENTED_EDGE('',*,*,#8956,.F.);
#7527=CARTESIAN_POINT('',(1.675,0.1,0.749999999999995));
#7528=DIRECTION('',(0.0,-0.5,0.866025403784439));
#7529=DIRECTION('',(-1.0,0.0,0.0));
#7530=ORIENTED_EDGE('',*,*,#9761,.T.);
#7531=ORIENTED_EDGE('',*,*,#8953,.F.);
#7532=ORIENTED_EDGE('',*,*,#9763,.F.);
#7533=ORIENTED_EDGE('',*,*,#9450,.F.);
#7534=CARTESIAN_POINT('',(2.375,0.1,0.899999999999995));
#7535=DIRECTION('',(-0.866025403784436,-0.500000000000005,0.0));
#7536=DIRECTION('',(-0.500000000000005,0.866025403784436,0.0));
#7537=ORIENTED_EDGE('',*,*,#9762,.T.);
#7538=ORIENTED_EDGE('',*,*,#9438,.F.);
#7539=ORIENTED_EDGE('',*,*,#9764,.F.);
#7540=ORIENTED_EDGE('',*,*,#8957,.F.);
#7541=CARTESIAN_POINT('',(1.675,0.1,0.899999999999995));
#7542=DIRECTION('',(0.866025403784436,-0.500000000000005,0.0));
#7543=DIRECTION('',(0.0,0.0,-1.0));
#7544=ORIENTED_EDGE('',*,*,#9763,.T.);
#7545=ORIENTED_EDGE('',*,*,#8952,.F.);
#7546=ORIENTED_EDGE('',*,*,#9765,.F.);
#7547=ORIENTED_EDGE('',*,*,#9453,.F.);
#7548=CARTESIAN_POINT('',(2.375,0.1,2.34999999999999));
#7549=DIRECTION('',(0.0,-0.499999999999999,-0.866025403784439));
#7550=DIRECTION('',(0.0,-0.866025403784439,0.499999999999999));
#7551=ORIENTED_EDGE('',*,*,#9764,.T.);
#7552=ORIENTED_EDGE('',*,*,#9435,.F.);
#7553=ORIENTED_EDGE('',*,*,#9766,.F.);
#7554=ORIENTED_EDGE('',*,*,#8958,.F.);
#7555=CARTESIAN_POINT('',(1.375,0.1,0.899999999999995));
#7556=DIRECTION('',(0.0,-0.5,0.866025403784439));
#7557=DIRECTION('',(-1.0,0.0,0.0));
#7558=ORIENTED_EDGE('',*,*,#9765,.T.);
#7559=ORIENTED_EDGE('',*,*,#8951,.F.);
#7560=ORIENTED_EDGE('',*,*,#9767,.F.);
#7561=ORIENTED_EDGE('',*,*,#9456,.F.);
#7562=CARTESIAN_POINT('',(2.125,0.1,2.34999999999999));
#7563=DIRECTION('',(-0.866025403784436,-0.500000000000005,0.0));
#7564=DIRECTION('',(-0.500000000000005,0.866025403784436,0.0));
#7565=ORIENTED_EDGE('',*,*,#9766,.T.);
#7566=ORIENTED_EDGE('',*,*,#9432,.F.);
#7567=ORIENTED_EDGE('',*,*,#9768,.F.);
#7568=ORIENTED_EDGE('',*,*,#8959,.F.);
#7569=CARTESIAN_POINT('',(1.375,0.1,2.34999999999999));
#7570=DIRECTION('',(0.866025403784436,-0.500000000000005,0.0));
#7571=DIRECTION('',(0.0,0.0,-1.0));
#7572=ORIENTED_EDGE('',*,*,#9767,.T.);
#7573=ORIENTED_EDGE('',*,*,#8950,.F.);
#7574=ORIENTED_EDGE('',*,*,#9769,.F.);
#7575=ORIENTED_EDGE('',*,*,#9459,.F.);
#7576=CARTESIAN_POINT('',(2.125,0.1,2.74999999999999));
#7577=DIRECTION('',(0.0,-0.499999999999999,-0.866025403784439));
#7578=DIRECTION('',(0.0,-0.866025403784439,0.499999999999999));
#7579=ORIENTED_EDGE('',*,*,#9768,.T.);
#7580=ORIENTED_EDGE('',*,*,#9465,.F.);
#7581=ORIENTED_EDGE('',*,*,#9770,.F.);
#7582=ORIENTED_EDGE('',*,*,#8948,.F.);
#7583=CARTESIAN_POINT('',(1.625,0.1,2.34999999999999));
#7584=DIRECTION('',(0.0,-0.499999999999999,-0.866025403784439));
#7585=DIRECTION('',(0.0,-0.866025403784439,0.499999999999999));
#7586=ORIENTED_EDGE('',*,*,#9769,.T.);
#7587=ORIENTED_EDGE('',*,*,#8949,.F.);
#7588=ORIENTED_EDGE('',*,*,#9770,.T.);
#7589=ORIENTED_EDGE('',*,*,#9462,.F.);
#7590=CARTESIAN_POINT('',(1.625,0.1,2.74999999999999));
#7591=DIRECTION('',(0.866025403784436,-0.500000000000005,0.0));
#7592=DIRECTION('',(0.0,0.0,-1.0));
#7593=ORIENTED_EDGE('',*,*,#9771,.F.);
#7594=ORIENTED_EDGE('',*,*,#8967,.F.);
#7595=ORIENTED_EDGE('',*,*,#9772,.F.);
#7596=ORIENTED_EDGE('',*,*,#9480,.F.);
#7597=CARTESIAN_POINT('',(3.325,0.1,0.749999999999995));
#7598=DIRECTION('',(-0.866025403784439,-0.499999999999999,0.0));
#7599=DIRECTION('',(-0.499999999999999,0.866025403784439,0.0));
#7600=ORIENTED_EDGE('',*,*,#9772,.T.);
#7601=ORIENTED_EDGE('',*,*,#8966,.F.);
#7602=ORIENTED_EDGE('',*,*,#9773,.F.);
#7603=ORIENTED_EDGE('',*,*,#9483,.F.);
#7604=CARTESIAN_POINT('',(3.325,0.1,0.899999999999995));
#7605=DIRECTION('',(0.0,-0.5,0.866025403784439));
#7606=DIRECTION('',(-1.0,0.0,0.0));
#7607=ORIENTED_EDGE('',*,*,#9771,.T.);
#7608=ORIENTED_EDGE('',*,*,#9477,.F.);
#7609=ORIENTED_EDGE('',*,*,#9774,.F.);
#7610=ORIENTED_EDGE('',*,*,#8968,.F.);
#7611=CARTESIAN_POINT('',(2.925,0.1,0.749999999999995));
#7612=DIRECTION('',(0.0,-0.5,0.866025403784439));
#7613=DIRECTION('',(-1.0,0.0,0.0));
#7614=ORIENTED_EDGE('',*,*,#9773,.T.);
#7615=ORIENTED_EDGE('',*,*,#8965,.F.);
#7616=ORIENTED_EDGE('',*,*,#9775,.F.);
#7617=ORIENTED_EDGE('',*,*,#9486,.F.);
#7618=CARTESIAN_POINT('',(3.625,0.1,0.899999999999995));
#7619=DIRECTION('',(-0.866025403784439,-0.499999999999999,0.0));
#7620=DIRECTION('',(-0.499999999999999,0.866025403784439,0.0));
#7621=ORIENTED_EDGE('',*,*,#9774,.T.);
#7622=ORIENTED_EDGE('',*,*,#9474,.F.);
#7623=ORIENTED_EDGE('',*,*,#9776,.F.);
#7624=ORIENTED_EDGE('',*,*,#8969,.F.);
#7625=CARTESIAN_POINT('',(2.925,0.1,0.899999999999995));
#7626=DIRECTION('',(0.866025403784439,-0.499999999999999,0.0));
#7627=DIRECTION('',(0.0,0.0,-1.0));
#7628=ORIENTED_EDGE('',*,*,#9775,.T.);
#7629=ORIENTED_EDGE('',*,*,#8964,.F.);
#7630=ORIENTED_EDGE('',*,*,#9777,.F.);
#7631=ORIENTED_EDGE('',*,*,#9489,.F.);
#7632=CARTESIAN_POINT('',(3.625,0.1,2.34999999999999));
#7633=DIRECTION('',(0.0,-0.499999999999999,-0.866025403784439));
#7634=DIRECTION('',(0.0,-0.866025403784439,0.499999999999999));
#7635=ORIENTED_EDGE('',*,*,#9776,.T.);
#7636=ORIENTED_EDGE('',*,*,#9471,.F.);
#7637=ORIENTED_EDGE('',*,*,#9778,.F.);
#7638=ORIENTED_EDGE('',*,*,#8970,.F.);
#7639=CARTESIAN_POINT('',(2.625,0.1,0.899999999999995));
#7640=DIRECTION('',(0.0,-0.5,0.866025403784439));
#7641=DIRECTION('',(-1.0,0.0,0.0));
#7642=ORIENTED_EDGE('',*,*,#9777,.T.);
#7643=ORIENTED_EDGE('',*,*,#8963,.F.);
#7644=ORIENTED_EDGE('',*,*,#9779,.F.);
#7645=ORIENTED_EDGE('',*,*,#9492,.F.);
#7646=CARTESIAN_POINT('',(3.375,0.1,2.34999999999999));
#7647=DIRECTION('',(-0.866025403784439,-0.499999999999999,0.0));
#7648=DIRECTION('',(-0.499999999999999,0.866025403784439,0.0));
#7649=ORIENTED_EDGE('',*,*,#9778,.T.);
#7650=ORIENTED_EDGE('',*,*,#9468,.F.);
#7651=ORIENTED_EDGE('',*,*,#9780,.F.);
#7652=ORIENTED_EDGE('',*,*,#8971,.F.);
#7653=CARTESIAN_POINT('',(2.625,0.1,2.34999999999999));
#7654=DIRECTION('',(0.866025403784439,-0.499999999999999,0.0));
#7655=DIRECTION('',(0.0,0.0,-1.0));
#7656=ORIENTED_EDGE('',*,*,#9779,.T.);
#7657=ORIENTED_EDGE('',*,*,#8962,.F.);
#7658=ORIENTED_EDGE('',*,*,#9781,.F.);
#7659=ORIENTED_EDGE('',*,*,#9495,.F.);
#7660=CARTESIAN_POINT('',(3.375,0.1,2.74999999999999));
#7661=DIRECTION('',(0.0,-0.499999999999999,-0.866025403784439));
#7662=DIRECTION('',(0.0,-0.866025403784439,0.499999999999999));
#7663=ORIENTED_EDGE('',*,*,#9780,.T.);
#7664=ORIENTED_EDGE('',*,*,#9501,.F.);
#7665=ORIENTED_EDGE('',*,*,#9782,.F.);
#7666=ORIENTED_EDGE('',*,*,#8960,.F.);
#7667=CARTESIAN_POINT('',(2.875,0.1,2.34999999999999));
#7668=DIRECTION('',(0.0,-0.499999999999999,-0.866025403784439));
#7669=DIRECTION('',(0.0,-0.866025403784439,0.499999999999999));
#7670=ORIENTED_EDGE('',*,*,#9781,.T.);
#7671=ORIENTED_EDGE('',*,*,#8961,.F.);
#7672=ORIENTED_EDGE('',*,*,#9782,.T.);
#7673=ORIENTED_EDGE('',*,*,#9498,.F.);
#7674=CARTESIAN_POINT('',(2.875,0.1,2.74999999999999));
#7675=DIRECTION('',(0.866025403784439,-0.499999999999999,0.0));
#7676=DIRECTION('',(0.0,0.0,-1.0));
#7677=ORIENTED_EDGE('',*,*,#9783,.F.);
#7678=ORIENTED_EDGE('',*,*,#8979,.F.);
#7679=ORIENTED_EDGE('',*,*,#9784,.F.);
#7680=ORIENTED_EDGE('',*,*,#9516,.F.);
#7681=CARTESIAN_POINT('',(4.575,0.1,0.749999999999995));
#7682=DIRECTION('',(-0.866025403784436,-0.500000000000005,0.0));
#7683=DIRECTION('',(-0.500000000000005,0.866025403784436,0.0));
#7684=ORIENTED_EDGE('',*,*,#9784,.T.);
#7685=ORIENTED_EDGE('',*,*,#8978,.F.);
#7686=ORIENTED_EDGE('',*,*,#9785,.F.);
#7687=ORIENTED_EDGE('',*,*,#9519,.F.);
#7688=CARTESIAN_POINT('',(4.575,0.1,0.899999999999995));
#7689=DIRECTION('',(0.0,-0.5,0.866025403784439));
#7690=DIRECTION('',(-1.0,0.0,0.0));
#7691=ORIENTED_EDGE('',*,*,#9783,.T.);
#7692=ORIENTED_EDGE('',*,*,#9513,.F.);
#7693=ORIENTED_EDGE('',*,*,#9786,.F.);
#7694=ORIENTED_EDGE('',*,*,#8980,.F.);
#7695=CARTESIAN_POINT('',(4.175,0.1,0.749999999999995));
#7696=DIRECTION('',(0.0,-0.5,0.866025403784439));
#7697=DIRECTION('',(-1.0,0.0,0.0));
#7698=ORIENTED_EDGE('',*,*,#9785,.T.);
#7699=ORIENTED_EDGE('',*,*,#8977,.F.);
#7700=ORIENTED_EDGE('',*,*,#9787,.F.);
#7701=ORIENTED_EDGE('',*,*,#9522,.F.);
#7702=CARTESIAN_POINT('',(4.875,0.1,0.899999999999995));
#7703=DIRECTION('',(-0.866025403784436,-0.500000000000005,0.0));
#7704=DIRECTION('',(-0.500000000000005,0.866025403784436,0.0));
#7705=ORIENTED_EDGE('',*,*,#9786,.T.);
#7706=ORIENTED_EDGE('',*,*,#9510,.F.);
#7707=ORIENTED_EDGE('',*,*,#9788,.F.);
#7708=ORIENTED_EDGE('',*,*,#8981,.F.);
#7709=CARTESIAN_POINT('',(4.175,0.1,0.899999999999995));
#7710=DIRECTION('',(0.866025403784436,-0.500000000000005,0.0));
#7711=DIRECTION('',(0.0,0.0,-1.0));
#7712=ORIENTED_EDGE('',*,*,#9787,.T.);
#7713=ORIENTED_EDGE('',*,*,#8976,.F.);
#7714=ORIENTED_EDGE('',*,*,#9789,.F.);
#7715=ORIENTED_EDGE('',*,*,#9525,.F.);
#7716=CARTESIAN_POINT('',(4.875,0.1,2.34999999999999));
#7717=DIRECTION('',(0.0,-0.499999999999999,-0.866025403784439));
#7718=DIRECTION('',(0.0,-0.866025403784439,0.499999999999999));
#7719=ORIENTED_EDGE('',*,*,#9788,.T.);
#7720=ORIENTED_EDGE('',*,*,#9507,.F.);
#7721=ORIENTED_EDGE('',*,*,#9790,.F.);
#7722=ORIENTED_EDGE('',*,*,#8982,.F.);
#7723=CARTESIAN_POINT('',(3.875,0.1,0.899999999999995));
#7724=DIRECTION('',(0.0,-0.5,0.866025403784439));
#7725=DIRECTION('',(-1.0,0.0,0.0));
#7726=ORIENTED_EDGE('',*,*,#9789,.T.);
#7727=ORIENTED_EDGE('',*,*,#8975,.F.);
#7728=ORIENTED_EDGE('',*,*,#9791,.F.);
#7729=ORIENTED_EDGE('',*,*,#9528,.F.);
#7730=CARTESIAN_POINT('',(4.625,0.1,2.34999999999999));
#7731=DIRECTION('',(-0.866025403784436,-0.500000000000005,0.0));
#7732=DIRECTION('',(-0.500000000000005,0.866025403784436,0.0));
#7733=ORIENTED_EDGE('',*,*,#9790,.T.);
#7734=ORIENTED_EDGE('',*,*,#9504,.F.);
#7735=ORIENTED_EDGE('',*,*,#9792,.F.);
#7736=ORIENTED_EDGE('',*,*,#8983,.F.);
#7737=CARTESIAN_POINT('',(3.875,0.1,2.34999999999999));
#7738=DIRECTION('',(0.866025403784436,-0.500000000000005,0.0));
#7739=DIRECTION('',(0.0,0.0,-1.0));
#7740=ORIENTED_EDGE('',*,*,#9791,.T.);
#7741=ORIENTED_EDGE('',*,*,#8974,.F.);
#7742=ORIENTED_EDGE('',*,*,#9793,.F.);
#7743=ORIENTED_EDGE('',*,*,#9531,.F.);
#7744=CARTESIAN_POINT('',(4.625,0.1,2.74999999999999));
#7745=DIRECTION('',(0.0,-0.499999999999999,-0.866025403784439));
#7746=DIRECTION('',(0.0,-0.866025403784439,0.499999999999999));
#7747=ORIENTED_EDGE('',*,*,#9792,.T.);
#7748=ORIENTED_EDGE('',*,*,#9537,.F.);
#7749=ORIENTED_EDGE('',*,*,#9794,.F.);
#7750=ORIENTED_EDGE('',*,*,#8972,.F.);
#7751=CARTESIAN_POINT('',(4.125,0.1,2.34999999999999));
#7752=DIRECTION('',(0.0,-0.499999999999999,-0.866025403784439));
#7753=DIRECTION('',(0.0,-0.866025403784439,0.499999999999999));
#7754=ORIENTED_EDGE('',*,*,#9793,.T.);
#7755=ORIENTED_EDGE('',*,*,#8973,.F.);
#7756=ORIENTED_EDGE('',*,*,#9794,.T.);
#7757=ORIENTED_EDGE('',*,*,#9534,.F.);
#7758=CARTESIAN_POINT('',(4.125,0.1,2.74999999999999));
#7759=DIRECTION('',(0.866025403784436,-0.500000000000005,0.0));
#7760=DIRECTION('',(0.0,0.0,-1.0));
#7761=ORIENTED_EDGE('',*,*,#9795,.F.);
#7762=ORIENTED_EDGE('',*,*,#8991,.F.);
#7763=ORIENTED_EDGE('',*,*,#9796,.F.);
#7764=ORIENTED_EDGE('',*,*,#9552,.F.);
#7765=CARTESIAN_POINT('',(5.82499999999999,0.1,0.749999999999995));
#7766=DIRECTION('',(-0.866025403784436,-0.500000000000005,0.0));
#7767=DIRECTION('',(-0.500000000000005,0.866025403784436,0.0));
#7768=ORIENTED_EDGE('',*,*,#9796,.T.);
#7769=ORIENTED_EDGE('',*,*,#8990,.F.);
#7770=ORIENTED_EDGE('',*,*,#9797,.F.);
#7771=ORIENTED_EDGE('',*,*,#9555,.F.);
#7772=CARTESIAN_POINT('',(5.82499999999999,0.1,0.899999999999995));
#7773=DIRECTION('',(0.0,-0.5,0.866025403784439));
#7774=DIRECTION('',(-1.0,0.0,0.0));
#7775=ORIENTED_EDGE('',*,*,#9795,.T.);
#7776=ORIENTED_EDGE('',*,*,#9549,.F.);
#7777=ORIENTED_EDGE('',*,*,#9798,.F.);
#7778=ORIENTED_EDGE('',*,*,#8992,.F.);
#7779=CARTESIAN_POINT('',(5.425,0.1,0.749999999999995));
#7780=DIRECTION('',(0.0,-0.5,0.866025403784439));
#7781=DIRECTION('',(-1.0,0.0,0.0));
#7782=ORIENTED_EDGE('',*,*,#9797,.T.);
#7783=ORIENTED_EDGE('',*,*,#8989,.F.);
#7784=ORIENTED_EDGE('',*,*,#9799,.F.);
#7785=ORIENTED_EDGE('',*,*,#9558,.F.);
#7786=CARTESIAN_POINT('',(6.125,0.1,0.899999999999995));
#7787=DIRECTION('',(-0.866025403784436,-0.500000000000005,0.0));
#7788=DIRECTION('',(-0.500000000000005,0.866025403784436,0.0));
#7789=ORIENTED_EDGE('',*,*,#9798,.T.);
#7790=ORIENTED_EDGE('',*,*,#9546,.F.);
#7791=ORIENTED_EDGE('',*,*,#9800,.F.);
#7792=ORIENTED_EDGE('',*,*,#8993,.F.);
#7793=CARTESIAN_POINT('',(5.425,0.1,0.899999999999995));
#7794=DIRECTION('',(0.866025403784436,-0.500000000000005,0.0));
#7795=DIRECTION('',(0.0,0.0,-1.0));
#7796=ORIENTED_EDGE('',*,*,#9799,.T.);
#7797=ORIENTED_EDGE('',*,*,#8988,.F.);
#7798=ORIENTED_EDGE('',*,*,#9801,.F.);
#7799=ORIENTED_EDGE('',*,*,#9561,.F.);
#7800=CARTESIAN_POINT('',(6.125,0.1,2.34999999999999));
#7801=DIRECTION('',(0.0,-0.499999999999999,-0.866025403784439));
#7802=DIRECTION('',(0.0,-0.866025403784439,0.499999999999999));
#7803=ORIENTED_EDGE('',*,*,#9800,.T.);
#7804=ORIENTED_EDGE('',*,*,#9543,.F.);
#7805=ORIENTED_EDGE('',*,*,#9802,.F.);
#7806=ORIENTED_EDGE('',*,*,#8994,.F.);
#7807=CARTESIAN_POINT('',(5.125,0.1,0.899999999999995));
#7808=DIRECTION('',(0.0,-0.5,0.866025403784439));
#7809=DIRECTION('',(-1.0,0.0,0.0));
#7810=ORIENTED_EDGE('',*,*,#9801,.T.);
#7811=ORIENTED_EDGE('',*,*,#8987,.F.);
#7812=ORIENTED_EDGE('',*,*,#9803,.F.);
#7813=ORIENTED_EDGE('',*,*,#9564,.F.);
#7814=CARTESIAN_POINT('',(5.875,0.1,2.34999999999999));
#7815=DIRECTION('',(-0.866025403784436,-0.500000000000005,0.0));
#7816=DIRECTION('',(-0.500000000000005,0.866025403784436,0.0));
#7817=ORIENTED_EDGE('',*,*,#9802,.T.);
#7818=ORIENTED_EDGE('',*,*,#9540,.F.);
#7819=ORIENTED_EDGE('',*,*,#9804,.F.);
#7820=ORIENTED_EDGE('',*,*,#8995,.F.);
#7821=CARTESIAN_POINT('',(5.125,0.1,2.34999999999999));
#7822=DIRECTION('',(0.866025403784436,-0.500000000000005,0.0));
#7823=DIRECTION('',(0.0,0.0,-1.0));
#7824=ORIENTED_EDGE('',*,*,#9803,.T.);
#7825=ORIENTED_EDGE('',*,*,#8986,.F.);
#7826=ORIENTED_EDGE('',*,*,#9805,.F.);
#7827=ORIENTED_EDGE('',*,*,#9567,.F.);
#7828=CARTESIAN_POINT('',(5.875,0.1,2.74999999999999));
#7829=DIRECTION('',(0.0,-0.499999999999999,-0.866025403784439));
#7830=DIRECTION('',(0.0,-0.866025403784439,0.499999999999999));
#7831=ORIENTED_EDGE('',*,*,#9804,.T.);
#7832=ORIENTED_EDGE('',*,*,#9573,.F.);
#7833=ORIENTED_EDGE('',*,*,#9806,.F.);
#7834=ORIENTED_EDGE('',*,*,#8984,.F.);
#7835=CARTESIAN_POINT('',(5.375,0.1,2.34999999999999));
#7836=DIRECTION('',(0.0,-0.499999999999999,-0.866025403784439));
#7837=DIRECTION('',(0.0,-0.866025403784439,0.499999999999999));
#7838=ORIENTED_EDGE('',*,*,#9805,.T.);
#7839=ORIENTED_EDGE('',*,*,#8985,.F.);
#7840=ORIENTED_EDGE('',*,*,#9806,.T.);
#7841=ORIENTED_EDGE('',*,*,#9570,.F.);
#7842=CARTESIAN_POINT('',(5.375,0.1,2.74999999999999));
#7843=DIRECTION('',(0.866025403784436,-0.500000000000005,0.0));
#7844=DIRECTION('',(0.0,0.0,-1.0));
#7845=ORIENTED_EDGE('',*,*,#9807,.F.);
#7846=ORIENTED_EDGE('',*,*,#9003,.F.);
#7847=ORIENTED_EDGE('',*,*,#9808,.F.);
#7848=ORIENTED_EDGE('',*,*,#9588,.F.);
#7849=CARTESIAN_POINT('',(7.075,0.1,0.749999999999995));
#7850=DIRECTION('',(-0.866025403784439,-0.499999999999999,0.0));
#7851=DIRECTION('',(-0.499999999999999,0.866025403784439,0.0));
#7852=ORIENTED_EDGE('',*,*,#9808,.T.);
#7853=ORIENTED_EDGE('',*,*,#9002,.F.);
#7854=ORIENTED_EDGE('',*,*,#9809,.F.);
#7855=ORIENTED_EDGE('',*,*,#9591,.F.);
#7856=CARTESIAN_POINT('',(7.075,0.1,0.899999999999995));
#7857=DIRECTION('',(0.0,-0.5,0.866025403784439));
#7858=DIRECTION('',(-1.0,0.0,0.0));
#7859=ORIENTED_EDGE('',*,*,#9807,.T.);
#7860=ORIENTED_EDGE('',*,*,#9585,.F.);
#7861=ORIENTED_EDGE('',*,*,#9810,.F.);
#7862=ORIENTED_EDGE('',*,*,#9004,.F.);
#7863=CARTESIAN_POINT('',(6.675,0.1,0.749999999999995));
#7864=DIRECTION('',(0.0,-0.5,0.866025403784439));
#7865=DIRECTION('',(-1.0,0.0,0.0));
#7866=ORIENTED_EDGE('',*,*,#9809,.T.);
#7867=ORIENTED_EDGE('',*,*,#9001,.F.);
#7868=ORIENTED_EDGE('',*,*,#9811,.F.);
#7869=ORIENTED_EDGE('',*,*,#9594,.F.);
#7870=CARTESIAN_POINT('',(7.375,0.1,0.899999999999995));
#7871=DIRECTION('',(-0.866025403784439,-0.499999999999999,0.0));
#7872=DIRECTION('',(-0.499999999999999,0.866025403784439,0.0));
#7873=ORIENTED_EDGE('',*,*,#9810,.T.);
#7874=ORIENTED_EDGE('',*,*,#9582,.F.);
#7875=ORIENTED_EDGE('',*,*,#9812,.F.);
#7876=ORIENTED_EDGE('',*,*,#9005,.F.);
#7877=CARTESIAN_POINT('',(6.675,0.1,0.899999999999995));
#7878=DIRECTION('',(0.866025403784439,-0.499999999999999,0.0));
#7879=DIRECTION('',(0.0,0.0,-1.0));
#7880=ORIENTED_EDGE('',*,*,#9811,.T.);
#7881=ORIENTED_EDGE('',*,*,#9000,.F.);
#7882=ORIENTED_EDGE('',*,*,#9813,.F.);
#7883=ORIENTED_EDGE('',*,*,#9597,.F.);
#7884=CARTESIAN_POINT('',(7.375,0.1,2.34999999999999));
#7885=DIRECTION('',(0.0,-0.499999999999999,-0.866025403784439));
#7886=DIRECTION('',(0.0,-0.866025403784439,0.499999999999999));
#7887=ORIENTED_EDGE('',*,*,#9812,.T.);
#7888=ORIENTED_EDGE('',*,*,#9579,.F.);
#7889=ORIENTED_EDGE('',*,*,#9814,.F.);
#7890=ORIENTED_EDGE('',*,*,#9006,.F.);
#7891=CARTESIAN_POINT('',(6.375,0.1,0.899999999999995));
#7892=DIRECTION('',(0.0,-0.5,0.866025403784439));
#7893=DIRECTION('',(-1.0,0.0,0.0));
#7894=ORIENTED_EDGE('',*,*,#9813,.T.);
#7895=ORIENTED_EDGE('',*,*,#8999,.F.);
#7896=ORIENTED_EDGE('',*,*,#9815,.F.);
#7897=ORIENTED_EDGE('',*,*,#9600,.F.);
#7898=CARTESIAN_POINT('',(7.125,0.1,2.34999999999999));
#7899=DIRECTION('',(-0.866025403784439,-0.499999999999999,0.0));
#7900=DIRECTION('',(-0.499999999999999,0.866025403784439,0.0));
#7901=ORIENTED_EDGE('',*,*,#9814,.T.);
#7902=ORIENTED_EDGE('',*,*,#9576,.F.);
#7903=ORIENTED_EDGE('',*,*,#9816,.F.);
#7904=ORIENTED_EDGE('',*,*,#9007,.F.);
#7905=CARTESIAN_POINT('',(6.375,0.1,2.34999999999999));
#7906=DIRECTION('',(0.866025403784433,-0.50000000000001,0.0));
#7907=DIRECTION('',(0.0,0.0,-1.0));
#7908=ORIENTED_EDGE('',*,*,#9815,.T.);
#7909=ORIENTED_EDGE('',*,*,#8998,.F.);
#7910=ORIENTED_EDGE('',*,*,#9817,.F.);
#7911=ORIENTED_EDGE('',*,*,#9603,.F.);
#7912=CARTESIAN_POINT('',(7.125,0.1,2.74999999999999));
#7913=DIRECTION('',(0.0,-0.499999999999999,-0.866025403784439));
#7914=DIRECTION('',(0.0,-0.866025403784439,0.499999999999999));
#7915=ORIENTED_EDGE('',*,*,#9816,.T.);
#7916=ORIENTED_EDGE('',*,*,#9609,.F.);
#7917=ORIENTED_EDGE('',*,*,#9818,.F.);
#7918=ORIENTED_EDGE('',*,*,#8996,.F.);
#7919=CARTESIAN_POINT('',(6.625,0.1,2.34999999999999));
#7920=DIRECTION('',(0.0,-0.499999999999999,-0.866025403784439));
#7921=DIRECTION('',(0.0,-0.866025403784439,0.499999999999999));
#7922=ORIENTED_EDGE('',*,*,#9817,.T.);
#7923=ORIENTED_EDGE('',*,*,#8997,.F.);
#7924=ORIENTED_EDGE('',*,*,#9818,.T.);
#7925=ORIENTED_EDGE('',*,*,#9606,.F.);
#7926=CARTESIAN_POINT('',(6.625,0.1,2.74999999999999));
#7927=DIRECTION('',(0.866025403784433,-0.50000000000001,0.0));
#7928=DIRECTION('',(0.0,0.0,-1.0));
#7929=ORIENTED_EDGE('',*,*,#8301,.F.);
#7930=ORIENTED_EDGE('',*,*,#8438,.F.);
#7931=ORIENTED_EDGE('',*,*,#9819,.F.);
#7932=ORIENTED_EDGE('',*,*,#9104,.F.);
#7933=CARTESIAN_POINT('',(-8.3,3.8,0.45));
#7934=DIRECTION('',(-0.707106781186541,-0.707106781186554,0.0));
#7935=DIRECTION('',(-0.707106781186554,0.707106781186541,0.0));
#7936=ORIENTED_EDGE('',*,*,#9819,.T.);
#7937=ORIENTED_EDGE('',*,*,#8437,.F.);
#7938=ORIENTED_EDGE('',*,*,#9820,.F.);
#7939=ORIENTED_EDGE('',*,*,#9105,.F.);
#7940=CARTESIAN_POINT('',(-8.3,3.8,1.75));
#7941=DIRECTION('',(0.0,-0.707106781186547,0.707106781186548));
#7942=DIRECTION('',(-1.0,0.0,0.0));
#7943=ORIENTED_EDGE('',*,*,#9820,.T.);
#7944=ORIENTED_EDGE('',*,*,#8436,.F.);
#7945=ORIENTED_EDGE('',*,*,#8243,.F.);
#7946=ORIENTED_EDGE('',*,*,#9106,.F.);
#7947=CARTESIAN_POINT('',(-7.95,3.8,1.75));
#7948=DIRECTION('',(0.707106781186541,-0.707106781186554,0.0));
#7949=DIRECTION('',(0.0,0.0,-1.0));
#7950=ORIENTED_EDGE('',*,*,#8245,.F.);
#7951=ORIENTED_EDGE('',*,*,#8479,.F.);
#7952=ORIENTED_EDGE('',*,*,#9821,.F.);
#7953=ORIENTED_EDGE('',*,*,#9107,.F.);
#7954=CARTESIAN_POINT('',(-7.05,3.8,0.45));
#7955=DIRECTION('',(-0.70710678118655,-0.707106781186545,0.0));
#7956=DIRECTION('',(-0.707106781186545,0.70710678118655,0.0));
#7957=ORIENTED_EDGE('',*,*,#9821,.T.);
#7958=ORIENTED_EDGE('',*,*,#8478,.F.);
#7959=ORIENTED_EDGE('',*,*,#9822,.F.);
#7960=ORIENTED_EDGE('',*,*,#9108,.F.);
#7961=CARTESIAN_POINT('',(-7.05,3.8,1.75));
#7962=DIRECTION('',(0.0,-0.707106781186547,0.707106781186548));
#7963=DIRECTION('',(-1.0,0.0,0.0));
#7964=ORIENTED_EDGE('',*,*,#9822,.T.);
#7965=ORIENTED_EDGE('',*,*,#8477,.F.);
#7966=ORIENTED_EDGE('',*,*,#8247,.F.);
#7967=ORIENTED_EDGE('',*,*,#9109,.F.);
#7968=CARTESIAN_POINT('',(-6.7,3.8,1.75));
#7969=DIRECTION('',(0.70710678118655,-0.707106781186545,0.0));
#7970=DIRECTION('',(0.0,0.0,-1.0));
#7971=ORIENTED_EDGE('',*,*,#8249,.F.);
#7972=ORIENTED_EDGE('',*,*,#8476,.F.);
#7973=ORIENTED_EDGE('',*,*,#9823,.F.);
#7974=ORIENTED_EDGE('',*,*,#9110,.F.);
#7975=CARTESIAN_POINT('',(-5.8,3.8,0.45));
#7976=DIRECTION('',(-0.707106781186546,-0.70710678118655,0.0));
#7977=DIRECTION('',(-0.70710678118655,0.707106781186546,0.0));
#7978=ORIENTED_EDGE('',*,*,#9823,.T.);
#7979=ORIENTED_EDGE('',*,*,#8475,.F.);
#7980=ORIENTED_EDGE('',*,*,#9824,.F.);
#7981=ORIENTED_EDGE('',*,*,#9111,.F.);
#7982=CARTESIAN_POINT('',(-5.8,3.8,1.75));
#7983=DIRECTION('',(0.0,-0.707106781186547,0.707106781186548));
#7984=DIRECTION('',(-1.0,0.0,0.0));
#7985=ORIENTED_EDGE('',*,*,#9824,.T.);
#7986=ORIENTED_EDGE('',*,*,#8474,.F.);
#7987=ORIENTED_EDGE('',*,*,#8251,.F.);
#7988=ORIENTED_EDGE('',*,*,#9112,.F.);
#7989=CARTESIAN_POINT('',(-5.45,3.8,1.75));
#7990=DIRECTION('',(0.707106781186546,-0.70710678118655,0.0));
#7991=DIRECTION('',(0.0,0.0,-1.0));
#7992=ORIENTED_EDGE('',*,*,#8253,.F.);
#7993=ORIENTED_EDGE('',*,*,#8473,.F.);
#7994=ORIENTED_EDGE('',*,*,#9825,.F.);
#7995=ORIENTED_EDGE('',*,*,#9113,.F.);
#7996=CARTESIAN_POINT('',(-4.55,3.8,0.45));
#7997=DIRECTION('',(-0.70710678118655,-0.707106781186545,0.0));
#7998=DIRECTION('',(-0.707106781186545,0.70710678118655,0.0));
#7999=ORIENTED_EDGE('',*,*,#9825,.T.);
#8000=ORIENTED_EDGE('',*,*,#8472,.F.);
#8001=ORIENTED_EDGE('',*,*,#9826,.F.);
#8002=ORIENTED_EDGE('',*,*,#9114,.F.);
#8003=CARTESIAN_POINT('',(-4.55,3.8,1.75));
#8004=DIRECTION('',(0.0,-0.707106781186547,0.707106781186548));
#8005=DIRECTION('',(-1.0,0.0,0.0));
#8006=ORIENTED_EDGE('',*,*,#9826,.T.);
#8007=ORIENTED_EDGE('',*,*,#8471,.F.);
#8008=ORIENTED_EDGE('',*,*,#8255,.F.);
#8009=ORIENTED_EDGE('',*,*,#9115,.F.);
#8010=CARTESIAN_POINT('',(-4.2,3.8,1.75));
#8011=DIRECTION('',(0.70710678118655,-0.707106781186545,0.0));
#8012=DIRECTION('',(0.0,0.0,-1.0));
#8013=ORIENTED_EDGE('',*,*,#8257,.F.);
#8014=ORIENTED_EDGE('',*,*,#8470,.F.);
#8015=ORIENTED_EDGE('',*,*,#9827,.F.);
#8016=ORIENTED_EDGE('',*,*,#9116,.F.);
#8017=CARTESIAN_POINT('',(-3.3,3.8,0.45));
#8018=DIRECTION('',(-0.70710678118655,-0.707106781186545,0.0));
#8019=DIRECTION('',(-0.707106781186545,0.70710678118655,0.0));
#8020=ORIENTED_EDGE('',*,*,#9827,.T.);
#8021=ORIENTED_EDGE('',*,*,#8469,.F.);
#8022=ORIENTED_EDGE('',*,*,#9828,.F.);
#8023=ORIENTED_EDGE('',*,*,#9117,.F.);
#8024=CARTESIAN_POINT('',(-3.3,3.8,1.75));
#8025=DIRECTION('',(0.0,-0.707106781186547,0.707106781186548));
#8026=DIRECTION('',(-1.0,0.0,0.0));
#8027=ORIENTED_EDGE('',*,*,#9828,.T.);
#8028=ORIENTED_EDGE('',*,*,#8468,.F.);
#8029=ORIENTED_EDGE('',*,*,#8259,.F.);
#8030=ORIENTED_EDGE('',*,*,#9118,.F.);
#8031=CARTESIAN_POINT('',(-2.95,3.8,1.75));
#8032=DIRECTION('',(0.70710678118655,-0.707106781186545,0.0));
#8033=DIRECTION('',(0.0,0.0,-1.0));
#8034=ORIENTED_EDGE('',*,*,#8261,.F.);
#8035=ORIENTED_EDGE('',*,*,#8467,.F.);
#8036=ORIENTED_EDGE('',*,*,#9829,.F.);
#8037=ORIENTED_EDGE('',*,*,#9119,.F.);
#8038=CARTESIAN_POINT('',(-2.05,3.8,0.45));
#8039=DIRECTION('',(-0.707106781186546,-0.70710678118655,0.0));
#8040=DIRECTION('',(-0.70710678118655,0.707106781186546,0.0));
#8041=ORIENTED_EDGE('',*,*,#9829,.T.);
#8042=ORIENTED_EDGE('',*,*,#8466,.F.);
#8043=ORIENTED_EDGE('',*,*,#9830,.F.);
#8044=ORIENTED_EDGE('',*,*,#9120,.F.);
#8045=CARTESIAN_POINT('',(-2.05,3.8,1.75));
#8046=DIRECTION('',(0.0,-0.707106781186547,0.707106781186548));
#8047=DIRECTION('',(-1.0,0.0,0.0));
#8048=ORIENTED_EDGE('',*,*,#9830,.T.);
#8049=ORIENTED_EDGE('',*,*,#8465,.F.);
#8050=ORIENTED_EDGE('',*,*,#8263,.F.);
#8051=ORIENTED_EDGE('',*,*,#9121,.F.);
#8052=CARTESIAN_POINT('',(-1.7,3.8,1.75));
#8053=DIRECTION('',(0.707106781186546,-0.70710678118655,0.0));
#8054=DIRECTION('',(0.0,0.0,-1.0));
#8055=ORIENTED_EDGE('',*,*,#8265,.F.);
#8056=ORIENTED_EDGE('',*,*,#8464,.F.);
#8057=ORIENTED_EDGE('',*,*,#9831,.F.);
#8058=ORIENTED_EDGE('',*,*,#9122,.F.);
#8059=CARTESIAN_POINT('',(-0.8,3.8,0.45));
#8060=DIRECTION('',(-0.70710678118655,-0.707106781186545,0.0));
#8061=DIRECTION('',(-0.707106781186545,0.70710678118655,0.0));
#8062=ORIENTED_EDGE('',*,*,#9831,.T.);
#8063=ORIENTED_EDGE('',*,*,#8463,.F.);
#8064=ORIENTED_EDGE('',*,*,#9832,.F.);
#8065=ORIENTED_EDGE('',*,*,#9123,.F.);
#8066=CARTESIAN_POINT('',(-0.8,3.8,1.75));
#8067=DIRECTION('',(0.0,-0.707106781186547,0.707106781186548));
#8068=DIRECTION('',(-1.0,0.0,0.0));
#8069=ORIENTED_EDGE('',*,*,#9832,.T.);
#8070=ORIENTED_EDGE('',*,*,#8462,.F.);
#8071=ORIENTED_EDGE('',*,*,#8267,.F.);
#8072=ORIENTED_EDGE('',*,*,#9124,.F.);
#8073=CARTESIAN_POINT('',(-0.450000000000001,3.8,1.75));
#8074=DIRECTION('',(0.70710678118655,-0.707106781186545,0.0));
#8075=DIRECTION('',(0.0,0.0,-1.0));
#8076=ORIENTED_EDGE('',*,*,#8269,.F.);
#8077=ORIENTED_EDGE('',*,*,#8461,.F.);
#8078=ORIENTED_EDGE('',*,*,#9833,.F.);
#8079=ORIENTED_EDGE('',*,*,#9125,.F.);
#8080=CARTESIAN_POINT('',(0.450000000000001,3.8,0.45));
#8081=DIRECTION('',(-0.70710678118655,-0.707106781186545,0.0));
#8082=DIRECTION('',(-0.707106781186545,0.70710678118655,0.0));
#8083=ORIENTED_EDGE('',*,*,#9833,.T.);
#8084=ORIENTED_EDGE('',*,*,#8460,.F.);
#8085=ORIENTED_EDGE('',*,*,#9834,.F.);
#8086=ORIENTED_EDGE('',*,*,#9126,.F.);
#8087=CARTESIAN_POINT('',(0.450000000000001,3.8,1.75));
#8088=DIRECTION('',(0.0,-0.707106781186547,0.707106781186548));
#8089=DIRECTION('',(-1.0,0.0,0.0));
#8090=ORIENTED_EDGE('',*,*,#9834,.T.);
#8091=ORIENTED_EDGE('',*,*,#8459,.F.);
#8092=ORIENTED_EDGE('',*,*,#8271,.F.);
#8093=ORIENTED_EDGE('',*,*,#9127,.F.);
#8094=CARTESIAN_POINT('',(0.8,3.8,1.75));
#8095=DIRECTION('',(0.70710678118655,-0.707106781186545,0.0));
#8096=DIRECTION('',(0.0,0.0,-1.0));
#8097=ORIENTED_EDGE('',*,*,#8273,.F.);
#8098=ORIENTED_EDGE('',*,*,#8458,.F.);
#8099=ORIENTED_EDGE('',*,*,#9835,.F.);
#8100=ORIENTED_EDGE('',*,*,#9128,.F.);
#8101=CARTESIAN_POINT('',(1.7,3.8,0.45));
#8102=DIRECTION('',(-0.707106781186548,-0.707106781186548,0.0));
#8103=DIRECTION('',(-0.707106781186548,0.707106781186548,0.0));
#8104=ORIENTED_EDGE('',*,*,#9835,.T.);
#8105=ORIENTED_EDGE('',*,*,#8457,.F.);
#8106=ORIENTED_EDGE('',*,*,#9836,.F.);
#8107=ORIENTED_EDGE('',*,*,#9129,.F.);
#8108=CARTESIAN_POINT('',(1.7,3.8,1.75));
#8109=DIRECTION('',(0.0,-0.707106781186547,0.707106781186548));
#8110=DIRECTION('',(-1.0,0.0,0.0));
#8111=ORIENTED_EDGE('',*,*,#9836,.T.);
#8112=ORIENTED_EDGE('',*,*,#8456,.F.);
#8113=ORIENTED_EDGE('',*,*,#8275,.F.);
#8114=ORIENTED_EDGE('',*,*,#9130,.F.);
#8115=CARTESIAN_POINT('',(2.05,3.8,1.75));
#8116=DIRECTION('',(0.707106781186548,-0.707106781186548,0.0));
#8117=DIRECTION('',(0.0,0.0,-1.0));
#8118=ORIENTED_EDGE('',*,*,#8277,.F.);
#8119=ORIENTED_EDGE('',*,*,#8455,.F.);
#8120=ORIENTED_EDGE('',*,*,#9837,.F.);
#8121=ORIENTED_EDGE('',*,*,#9131,.F.);
#8122=CARTESIAN_POINT('',(2.95,3.8,0.45));
#8123=DIRECTION('',(-0.707106781186548,-0.707106781186548,0.0));
#8124=DIRECTION('',(-0.707106781186548,0.707106781186548,0.0));
#8125=ORIENTED_EDGE('',*,*,#9837,.T.);
#8126=ORIENTED_EDGE('',*,*,#8454,.F.);
#8127=ORIENTED_EDGE('',*,*,#9838,.F.);
#8128=ORIENTED_EDGE('',*,*,#9132,.F.);
#8129=CARTESIAN_POINT('',(2.95,3.8,1.75));
#8130=DIRECTION('',(0.0,-0.707106781186547,0.707106781186548));
#8131=DIRECTION('',(-1.0,0.0,0.0));
#8132=ORIENTED_EDGE('',*,*,#9838,.T.);
#8133=ORIENTED_EDGE('',*,*,#8453,.F.);
#8134=ORIENTED_EDGE('',*,*,#8279,.F.);
#8135=ORIENTED_EDGE('',*,*,#9133,.F.);
#8136=CARTESIAN_POINT('',(3.3,3.8,1.75));
#8137=DIRECTION('',(0.707106781186548,-0.707106781186548,0.0));
#8138=DIRECTION('',(0.0,0.0,-1.0));
#8139=ORIENTED_EDGE('',*,*,#8281,.F.);
#8140=ORIENTED_EDGE('',*,*,#8452,.F.);
#8141=ORIENTED_EDGE('',*,*,#9839,.F.);
#8142=ORIENTED_EDGE('',*,*,#9134,.F.);
#8143=CARTESIAN_POINT('',(4.2,3.8,0.45));
#8144=DIRECTION('',(-0.707106781186548,-0.707106781186548,0.0));
#8145=DIRECTION('',(-0.707106781186548,0.707106781186548,0.0));
#8146=ORIENTED_EDGE('',*,*,#9839,.T.);
#8147=ORIENTED_EDGE('',*,*,#8451,.F.);
#8148=ORIENTED_EDGE('',*,*,#9840,.F.);
#8149=ORIENTED_EDGE('',*,*,#9135,.F.);
#8150=CARTESIAN_POINT('',(4.2,3.8,1.75));
#8151=DIRECTION('',(0.0,-0.707106781186547,0.707106781186548));
#8152=DIRECTION('',(-1.0,0.0,0.0));
#8153=ORIENTED_EDGE('',*,*,#9840,.T.);
#8154=ORIENTED_EDGE('',*,*,#8450,.F.);
#8155=ORIENTED_EDGE('',*,*,#8283,.F.);
#8156=ORIENTED_EDGE('',*,*,#9136,.F.);
#8157=CARTESIAN_POINT('',(4.55,3.8,1.75));
#8158=DIRECTION('',(0.707106781186548,-0.707106781186548,0.0));
#8159=DIRECTION('',(0.0,0.0,-1.0));
#8160=ORIENTED_EDGE('',*,*,#8285,.F.);
#8161=ORIENTED_EDGE('',*,*,#8449,.F.);
#8162=ORIENTED_EDGE('',*,*,#9841,.F.);
#8163=ORIENTED_EDGE('',*,*,#9137,.F.);
#8164=CARTESIAN_POINT('',(5.45,3.8,0.45));
#8165=DIRECTION('',(-0.707106781186548,-0.707106781186548,0.0));
#8166=DIRECTION('',(-0.707106781186548,0.707106781186548,0.0));
#8167=ORIENTED_EDGE('',*,*,#9841,.T.);
#8168=ORIENTED_EDGE('',*,*,#8448,.F.);
#8169=ORIENTED_EDGE('',*,*,#9842,.F.);
#8170=ORIENTED_EDGE('',*,*,#9138,.F.);
#8171=CARTESIAN_POINT('',(5.45,3.8,1.75));
#8172=DIRECTION('',(0.0,-0.707106781186547,0.707106781186548));
#8173=DIRECTION('',(-1.0,0.0,0.0));
#8174=ORIENTED_EDGE('',*,*,#9842,.T.);
#8175=ORIENTED_EDGE('',*,*,#8447,.F.);
#8176=ORIENTED_EDGE('',*,*,#8287,.F.);
#8177=ORIENTED_EDGE('',*,*,#9139,.F.);
#8178=CARTESIAN_POINT('',(5.8,3.8,1.75));
#8179=DIRECTION('',(0.707106781186548,-0.707106781186548,0.0));
#8180=DIRECTION('',(0.0,0.0,-1.0));
#8181=ORIENTED_EDGE('',*,*,#8289,.F.);
#8182=ORIENTED_EDGE('',*,*,#8446,.F.);
#8183=ORIENTED_EDGE('',*,*,#9843,.F.);
#8184=ORIENTED_EDGE('',*,*,#9140,.F.);
#8185=CARTESIAN_POINT('',(6.7,3.8,0.45));
#8186=DIRECTION('',(-0.707106781186548,-0.707106781186548,0.0));
#8187=DIRECTION('',(-0.707106781186548,0.707106781186548,0.0));
#8188=ORIENTED_EDGE('',*,*,#9843,.T.);
#8189=ORIENTED_EDGE('',*,*,#8445,.F.);
#8190=ORIENTED_EDGE('',*,*,#9844,.F.);
#8191=ORIENTED_EDGE('',*,*,#9141,.F.);
#8192=CARTESIAN_POINT('',(6.7,3.8,1.75));
#8193=DIRECTION('',(0.0,-0.707106781186547,0.707106781186548));
#8194=DIRECTION('',(-1.0,0.0,0.0));
#8195=ORIENTED_EDGE('',*,*,#9844,.T.);
#8196=ORIENTED_EDGE('',*,*,#8444,.F.);
#8197=ORIENTED_EDGE('',*,*,#8291,.F.);
#8198=ORIENTED_EDGE('',*,*,#9142,.F.);
#8199=CARTESIAN_POINT('',(7.05,3.8,1.75));
#8200=DIRECTION('',(0.707106781186548,-0.707106781186548,0.0));
#8201=DIRECTION('',(0.0,0.0,-1.0));
#8202=ORIENTED_EDGE('',*,*,#9845,.F.);
#8203=ORIENTED_EDGE('',*,*,#9846,.T.);
#8204=ORIENTED_EDGE('',*,*,#8302,.T.);
#8205=ORIENTED_EDGE('',*,*,#9847,.T.);
#8206=CARTESIAN_POINT('',(-7.95,2.5,0.199999999999999));
#8207=DIRECTION('',(1.0,0.0,0.0));
#8208=DIRECTION('',(0.0,1.0,0.0));
#8209=ORIENTED_EDGE('',*,*,#8304,.T.);
#8210=ORIENTED_EDGE('',*,*,#9848,.T.);
#8211=ORIENTED_EDGE('',*,*,#9849,.F.);
#8212=ORIENTED_EDGE('',*,*,#9850,.T.);
#8213=CARTESIAN_POINT('',(-7.05,3.6,0.2));
#8214=DIRECTION('',(-1.0,0.0,0.0));
#8215=DIRECTION('',(0.0,0.0,1.0));
#8216=ORIENTED_EDGE('',*,*,#9849,.T.);
#8217=ORIENTED_EDGE('',*,*,#9851,.T.);
#8218=ORIENTED_EDGE('',*,*,#9845,.T.);
#8219=ORIENTED_EDGE('',*,*,#9852,.T.);
#8220=CARTESIAN_POINT('',(-15.0,-3.32652939285323E-16,0.199999999999997));
#8221=DIRECTION('',(3.56210409340088E-31,7.39228753967389E-16,-1.0));
#8222=DIRECTION('',(-1.0,0.0,-3.56210409340088E-31));
#8223=ORIENTED_EDGE('',*,*,#9848,.F.);
#8224=ORIENTED_EDGE('',*,*,#8303,.T.);
#8225=ORIENTED_EDGE('',*,*,#9846,.F.);
#8226=ORIENTED_EDGE('',*,*,#9851,.F.);
#8227=CARTESIAN_POINT('',(-15.0,2.85,0.199999999999999));
#8228=DIRECTION('',(2.89860332872282E-31,-0.581238193719096,-0.813733471206735));
#8229=DIRECTION('',(0.0,-0.813733471206735,0.581238193719096));
#8230=ORIENTED_EDGE('',*,*,#9847,.F.);
#8231=ORIENTED_EDGE('',*,*,#8305,.T.);
#8232=ORIENTED_EDGE('',*,*,#9850,.F.);
#8233=ORIENTED_EDGE('',*,*,#9852,.F.);
#8234=CARTESIAN_POINT('',(-15.0,2.9,0.2));
#8235=DIRECTION('',(1.62069623249489E-16,0.336336396998157,-0.941741911594837));
#8236=DIRECTION('',(-1.0,0.0,-1.72095582934208E-16));
#8237=COLOUR_RGB('',0.596063196659088,0.666666686534882,0.686259269714355);
#8238=EDGE_CURVE('',#9853,#9854,#9855,.T.);
#8239=EDGE_CURVE('',#9856,#9853,#9857,.T.);
#8240=EDGE_CURVE('',#9858,#9856,#9859,.T.);
#8241=EDGE_CURVE('',#9854,#9858,#9860,.T.);
#8242=EDGE_CURVE('',#9861,#9862,#9863,.T.);
#8243=EDGE_CURVE('',#9861,#9864,#9865,.T.);
#8244=EDGE_CURVE('',#9866,#9864,#9867,.T.);
#8245=EDGE_CURVE('',#9866,#9868,#9869,.T.);
#8246=EDGE_CURVE('',#9870,#9868,#9871,.T.);
#8247=EDGE_CURVE('',#9870,#9872,#9873,.T.);
#8248=EDGE_CURVE('',#9874,#9872,#9875,.T.);
#8249=EDGE_CURVE('',#9874,#9876,#9877,.T.);
#8250=EDGE_CURVE('',#9878,#9876,#9879,.T.);
#8251=EDGE_CURVE('',#9878,#9880,#9881,.T.);
#8252=EDGE_CURVE('',#9882,#9880,#9883,.T.);
#8253=EDGE_CURVE('',#9882,#9884,#9885,.T.);
#8254=EDGE_CURVE('',#9886,#9884,#9887,.T.);
#8255=EDGE_CURVE('',#9886,#9888,#9889,.T.);
#8256=EDGE_CURVE('',#9890,#9888,#9891,.T.);
#8257=EDGE_CURVE('',#9890,#9892,#9893,.T.);
#8258=EDGE_CURVE('',#9894,#9892,#9895,.T.);
#8259=EDGE_CURVE('',#9894,#9896,#9897,.T.);
#8260=EDGE_CURVE('',#9898,#9896,#9899,.T.);
#8261=EDGE_CURVE('',#9898,#9900,#9901,.T.);
#8262=EDGE_CURVE('',#9902,#9900,#9903,.T.);
#8263=EDGE_CURVE('',#9902,#9904,#9905,.T.);
#8264=EDGE_CURVE('',#9906,#9904,#9907,.T.);
#8265=EDGE_CURVE('',#9906,#9908,#9909,.T.);
#8266=EDGE_CURVE('',#9910,#9908,#9911,.T.);
#8267=EDGE_CURVE('',#9910,#9912,#9913,.T.);
#8268=EDGE_CURVE('',#9914,#9912,#9915,.T.);
#8269=EDGE_CURVE('',#9914,#9916,#9917,.T.);
#8270=EDGE_CURVE('',#9918,#9916,#9919,.T.);
#8271=EDGE_CURVE('',#9918,#9920,#9921,.T.);
#8272=EDGE_CURVE('',#9922,#9920,#9923,.T.);
#8273=EDGE_CURVE('',#9922,#9924,#9925,.T.);
#8274=EDGE_CURVE('',#9926,#9924,#9927,.T.);
#8275=EDGE_CURVE('',#9926,#9928,#9929,.T.);
#8276=EDGE_CURVE('',#9930,#9928,#9931,.T.);
#8277=EDGE_CURVE('',#9930,#9932,#9933,.T.);
#8278=EDGE_CURVE('',#9934,#9932,#9935,.T.);
#8279=EDGE_CURVE('',#9934,#9936,#9937,.T.);
#8280=EDGE_CURVE('',#9938,#9936,#9939,.T.);
#8281=EDGE_CURVE('',#9938,#9940,#9941,.T.);
#8282=EDGE_CURVE('',#9942,#9940,#9943,.T.);
#8283=EDGE_CURVE('',#9942,#9944,#9945,.T.);
#8284=EDGE_CURVE('',#9946,#9944,#9947,.T.);
#8285=EDGE_CURVE('',#9946,#9948,#9949,.T.);
#8286=EDGE_CURVE('',#9950,#9948,#9951,.T.);
#8287=EDGE_CURVE('',#9950,#9952,#9953,.T.);
#8288=EDGE_CURVE('',#9954,#9952,#9955,.T.);
#8289=EDGE_CURVE('',#9954,#9956,#9957,.T.);
#8290=EDGE_CURVE('',#9958,#9956,#9959,.T.);
#8291=EDGE_CURVE('',#9958,#9960,#9961,.T.);
#8292=EDGE_CURVE('',#9962,#9960,#9963,.T.);
#8293=EDGE_CURVE('',#9962,#9964,#9965,.T.);
#8294=EDGE_CURVE('',#9966,#9964,#9967,.T.);
#8295=EDGE_CURVE('',#9966,#9968,#9969,.T.);
#8296=EDGE_CURVE('',#9970,#9968,#9971,.T.);
#8297=EDGE_CURVE('',#9972,#9970,#9973,.T.);
#8298=EDGE_CURVE('',#9972,#9974,#9975,.T.);
#8299=EDGE_CURVE('',#9974,#9976,#9977,.T.);
#8300=EDGE_CURVE('',#9978,#9976,#9979,.T.);
#8301=EDGE_CURVE('',#9978,#9862,#9980,.T.);
#8302=EDGE_CURVE('',#9981,#9982,#9983,.T.);
#8303=EDGE_CURVE('',#9984,#9981,#9985,.T.);
#8304=EDGE_CURVE('',#9986,#9984,#9987,.T.);
#8305=EDGE_CURVE('',#9982,#9986,#9988,.T.);
#8306=EDGE_CURVE('',#9989,#9990,#9991,.T.);
#8307=EDGE_CURVE('',#9990,#9992,#9993,.T.);
#8308=EDGE_CURVE('',#9992,#9994,#9995,.T.);
#8309=EDGE_CURVE('',#9994,#9996,#9997,.T.);
#8310=EDGE_CURVE('',#9996,#9998,#9999,.T.);
#8311=EDGE_CURVE('',#10000,#9998,#10001,.T.);
#8312=EDGE_CURVE('',#10000,#10002,#10003,.T.);
#8313=EDGE_CURVE('',#10002,#10004,#10005,.T.);
#8314=EDGE_CURVE('',#10004,#10006,#10007,.T.);
#8315=EDGE_CURVE('',#10006,#10008,#10009,.T.);
#8316=EDGE_CURVE('',#10008,#10010,#10011,.T.);
#8317=EDGE_CURVE('',#10012,#10010,#10013,.T.);
#8318=EDGE_CURVE('',#10014,#10012,#10015,.T.);
#8319=EDGE_CURVE('',#10014,#10016,#10017,.T.);
#8320=EDGE_CURVE('',#10016,#10018,#10019,.T.);
#8321=EDGE_CURVE('',#10020,#10018,#10021,.T.);
#8322=EDGE_CURVE('',#10020,#10022,#10023,.T.);
#8323=EDGE_CURVE('',#10022,#10024,#10025,.T.);
#8324=EDGE_CURVE('',#10024,#10026,#10027,.T.);
#8325=EDGE_CURVE('',#10026,#10028,#10029,.T.);
#8326=EDGE_CURVE('',#10028,#10030,#10031,.T.);
#8327=EDGE_CURVE('',#10032,#10030,#10033,.T.);
#8328=EDGE_CURVE('',#10032,#10034,#10035,.T.);
#8329=EDGE_CURVE('',#10034,#10036,#10037,.T.);
#8330=EDGE_CURVE('',#10036,#10038,#10039,.T.);
#8331=EDGE_CURVE('',#10038,#10040,#10041,.T.);
#8332=EDGE_CURVE('',#10040,#10042,#10043,.T.);
#8333=EDGE_CURVE('',#10044,#10042,#10045,.T.);
#8334=EDGE_CURVE('',#10044,#10046,#10047,.T.);
#8335=EDGE_CURVE('',#10046,#10048,#10049,.T.);
#8336=EDGE_CURVE('',#10048,#10050,#10051,.T.);
#8337=EDGE_CURVE('',#10050,#10052,#10053,.T.);
#8338=EDGE_CURVE('',#10052,#10054,#10055,.T.);
#8339=EDGE_CURVE('',#10056,#10054,#10057,.T.);
#8340=EDGE_CURVE('',#10056,#10058,#10059,.T.);
#8341=EDGE_CURVE('',#10058,#10060,#10061,.T.);
#8342=EDGE_CURVE('',#10060,#10062,#10063,.T.);
#8343=EDGE_CURVE('',#10062,#10064,#10065,.T.);
#8344=EDGE_CURVE('',#10064,#10066,#10067,.T.);
#8345=EDGE_CURVE('',#10068,#10066,#10069,.T.);
#8346=EDGE_CURVE('',#10068,#10070,#10071,.T.);
#8347=EDGE_CURVE('',#10070,#10072,#10073,.T.);
#8348=EDGE_CURVE('',#10072,#10074,#10075,.T.);
#8349=EDGE_CURVE('',#10074,#10076,#10077,.T.);
#8350=EDGE_CURVE('',#10076,#10078,#10079,.T.);
#8351=EDGE_CURVE('',#10080,#10078,#10081,.T.);
#8352=EDGE_CURVE('',#10080,#10082,#10083,.T.);
#8353=EDGE_CURVE('',#10082,#10084,#10085,.T.);
#8354=EDGE_CURVE('',#10084,#10086,#10087,.T.);
#8355=EDGE_CURVE('',#10086,#10088,#10089,.T.);
#8356=EDGE_CURVE('',#10088,#10090,#10091,.T.);
#8357=EDGE_CURVE('',#10092,#10090,#10093,.T.);
#8358=EDGE_CURVE('',#10092,#10094,#10095,.T.);
#8359=EDGE_CURVE('',#10094,#10096,#10097,.T.);
#8360=EDGE_CURVE('',#10096,#10098,#10099,.T.);
#8361=EDGE_CURVE('',#10098,#10100,#10101,.T.);
#8362=EDGE_CURVE('',#10100,#10102,#10103,.T.);
#8363=EDGE_CURVE('',#10104,#10102,#10105,.T.);
#8364=EDGE_CURVE('',#10104,#10106,#10107,.T.);
#8365=EDGE_CURVE('',#10106,#10108,#10109,.T.);
#8366=EDGE_CURVE('',#10108,#10110,#10111,.T.);
#8367=EDGE_CURVE('',#10110,#10112,#10113,.T.);
#8368=EDGE_CURVE('',#10112,#10114,#10115,.T.);
#8369=EDGE_CURVE('',#10116,#10114,#10117,.T.);
#8370=EDGE_CURVE('',#10116,#10118,#10119,.T.);
#8371=EDGE_CURVE('',#10118,#10120,#10121,.T.);
#8372=EDGE_CURVE('',#10120,#10122,#10123,.T.);
#8373=EDGE_CURVE('',#10122,#10124,#10125,.T.);
#8374=EDGE_CURVE('',#10124,#10126,#10127,.T.);
#8375=EDGE_CURVE('',#10128,#10126,#10129,.T.);
#8376=EDGE_CURVE('',#10128,#10130,#10131,.T.);
#8377=EDGE_CURVE('',#10130,#10132,#10133,.T.);
#8378=EDGE_CURVE('',#10132,#10134,#10135,.T.);
#8379=EDGE_CURVE('',#10134,#10136,#10137,.T.);
#8380=EDGE_CURVE('',#10136,#10138,#10139,.T.);
#8381=EDGE_CURVE('',#10140,#10138,#10141,.T.);
#8382=EDGE_CURVE('',#10140,#10142,#10143,.T.);
#8383=EDGE_CURVE('',#10142,#10144,#10145,.T.);
#8384=EDGE_CURVE('',#10144,#10146,#10147,.T.);
#8385=EDGE_CURVE('',#10146,#10148,#10149,.T.);
#8386=EDGE_CURVE('',#10148,#10150,#10151,.T.);
#8387=EDGE_CURVE('',#10152,#10150,#10153,.T.);
#8388=EDGE_CURVE('',#10152,#10154,#10155,.T.);
#8389=EDGE_CURVE('',#10154,#10156,#10157,.T.);
#8390=EDGE_CURVE('',#10156,#10158,#10159,.T.);
#8391=EDGE_CURVE('',#10158,#10160,#10161,.T.);
#8392=EDGE_CURVE('',#10160,#10162,#10163,.T.);
#8393=EDGE_CURVE('',#9989,#10162,#10164,.T.);
#8394=EDGE_CURVE('',#10165,#9998,#10166,.T.);
#8395=EDGE_CURVE('',#10167,#10165,#10168,.T.);
#8396=EDGE_CURVE('',#10167,#10000,#10169,.T.);
#8397=EDGE_CURVE('',#10170,#9989,#10171,.T.);
#8398=EDGE_CURVE('',#10172,#10162,#10173,.T.);
#8399=EDGE_CURVE('',#10170,#10172,#10174,.T.);
#8400=EDGE_CURVE('',#10175,#10152,#10176,.T.);
#8401=EDGE_CURVE('',#10177,#10150,#10178,.T.);
#8402=EDGE_CURVE('',#10175,#10177,#10179,.T.);
#8403=EDGE_CURVE('',#10180,#10140,#10181,.T.);
#8404=EDGE_CURVE('',#10182,#10138,#10183,.T.);
#8405=EDGE_CURVE('',#10180,#10182,#10184,.T.);
#8406=EDGE_CURVE('',#10185,#10128,#10186,.T.);
#8407=EDGE_CURVE('',#10187,#10126,#10188,.T.);
#8408=EDGE_CURVE('',#10185,#10187,#10189,.T.);
#8409=EDGE_CURVE('',#10190,#10116,#10191,.T.);
#8410=EDGE_CURVE('',#10192,#10114,#10193,.T.);
#8411=EDGE_CURVE('',#10190,#10192,#10194,.T.);
#8412=EDGE_CURVE('',#10195,#10104,#10196,.T.);
#8413=EDGE_CURVE('',#10197,#10102,#10198,.T.);
#8414=EDGE_CURVE('',#10195,#10197,#10199,.T.);
#8415=EDGE_CURVE('',#10200,#10092,#10201,.T.);
#8416=EDGE_CURVE('',#10202,#10090,#10203,.T.);
#8417=EDGE_CURVE('',#10200,#10202,#10204,.T.);
#8418=EDGE_CURVE('',#10205,#10080,#10206,.T.);
#8419=EDGE_CURVE('',#10207,#10078,#10208,.T.);
#8420=EDGE_CURVE('',#10205,#10207,#10209,.T.);
#8421=EDGE_CURVE('',#10210,#10068,#10211,.T.);
#8422=EDGE_CURVE('',#10212,#10066,#10213,.T.);
#8423=EDGE_CURVE('',#10210,#10212,#10214,.T.);
#8424=EDGE_CURVE('',#10215,#10056,#10216,.T.);
#8425=EDGE_CURVE('',#10217,#10054,#10218,.T.);
#8426=EDGE_CURVE('',#10215,#10217,#10219,.T.);
#8427=EDGE_CURVE('',#10220,#10044,#10221,.T.);
#8428=EDGE_CURVE('',#10222,#10042,#10223,.T.);
#8429=EDGE_CURVE('',#10220,#10222,#10224,.T.);
#8430=EDGE_CURVE('',#10225,#10032,#10226,.T.);
#8431=EDGE_CURVE('',#10227,#10030,#10228,.T.);
#8432=EDGE_CURVE('',#10225,#10227,#10229,.T.);
#8433=EDGE_CURVE('',#10230,#10020,#10231,.T.);
#8434=EDGE_CURVE('',#10018,#10232,#10233,.T.);
#8435=EDGE_CURVE('',#10230,#10232,#10234,.T.);
#8436=EDGE_CURVE('',#9864,#10235,#10236,.T.);
#8437=EDGE_CURVE('',#10235,#10237,#10238,.T.);
#8438=EDGE_CURVE('',#10237,#9978,#10239,.T.);
#8439=EDGE_CURVE('',#9976,#10016,#10240,.T.);
#8440=EDGE_CURVE('',#9970,#10014,#10241,.T.);
#8441=EDGE_CURVE('',#9968,#10242,#10243,.T.);
#8442=EDGE_CURVE('',#10242,#10244,#10245,.T.);
#8443=EDGE_CURVE('',#10244,#9962,#10246,.T.);
#8444=EDGE_CURVE('',#9960,#10247,#10248,.T.);
#8445=EDGE_CURVE('',#10247,#10249,#10250,.T.);
#8446=EDGE_CURVE('',#10249,#9954,#10251,.T.);
#8447=EDGE_CURVE('',#9952,#10252,#10253,.T.);
#8448=EDGE_CURVE('',#10252,#10254,#10255,.T.);
#8449=EDGE_CURVE('',#10254,#9946,#10256,.T.);
#8450=EDGE_CURVE('',#9944,#10257,#10258,.T.);
#8451=EDGE_CURVE('',#10257,#10259,#10260,.T.);
#8452=EDGE_CURVE('',#10259,#9938,#10261,.T.);
#8453=EDGE_CURVE('',#9936,#10262,#10263,.T.);
#8454=EDGE_CURVE('',#10262,#10264,#10265,.T.);
#8455=EDGE_CURVE('',#10264,#9930,#10266,.T.);
#8456=EDGE_CURVE('',#9928,#10267,#10268,.T.);
#8457=EDGE_CURVE('',#10267,#10269,#10270,.T.);
#8458=EDGE_CURVE('',#10269,#9922,#10271,.T.);
#8459=EDGE_CURVE('',#9920,#10272,#10273,.T.);
#8460=EDGE_CURVE('',#10272,#10274,#10275,.T.);
#8461=EDGE_CURVE('',#10274,#9914,#10276,.T.);
#8462=EDGE_CURVE('',#9912,#10277,#10278,.T.);
#8463=EDGE_CURVE('',#10277,#10279,#10280,.T.);
#8464=EDGE_CURVE('',#10279,#9906,#10281,.T.);
#8465=EDGE_CURVE('',#9904,#10282,#10283,.T.);
#8466=EDGE_CURVE('',#10282,#10284,#10285,.T.);
#8467=EDGE_CURVE('',#10284,#9898,#10286,.T.);
#8468=EDGE_CURVE('',#9896,#10287,#10288,.T.);
#8469=EDGE_CURVE('',#10287,#10289,#10290,.T.);
#8470=EDGE_CURVE('',#10289,#9890,#10291,.T.);
#8471=EDGE_CURVE('',#9888,#10292,#10293,.T.);
#8472=EDGE_CURVE('',#10292,#10294,#10295,.T.);
#8473=EDGE_CURVE('',#10294,#9882,#10296,.T.);
#8474=EDGE_CURVE('',#9880,#10297,#10298,.T.);
#8475=EDGE_CURVE('',#10297,#10299,#10300,.T.);
#8476=EDGE_CURVE('',#10299,#9874,#10301,.T.);
#8477=EDGE_CURVE('',#9872,#10302,#10303,.T.);
#8478=EDGE_CURVE('',#10302,#10304,#10305,.T.);
#8479=EDGE_CURVE('',#10304,#9866,#10306,.T.);
#8480=EDGE_CURVE('',#10307,#10308,#10309,.T.);
#8481=EDGE_CURVE('',#10310,#10308,#10311,.T.);
#8482=EDGE_CURVE('',#10310,#10312,#10313,.T.);
#8483=EDGE_CURVE('',#10314,#10312,#10315,.T.);
#8484=EDGE_CURVE('',#10314,#10316,#10317,.T.);
#8485=EDGE_CURVE('',#10318,#10316,#10319,.T.);
#8486=EDGE_CURVE('',#10318,#10320,#10321,.T.);
#8487=EDGE_CURVE('',#10322,#10320,#10323,.T.);
#8488=EDGE_CURVE('',#10322,#10324,#10325,.T.);
#8489=EDGE_CURVE('',#10326,#10324,#10327,.T.);
#8490=EDGE_CURVE('',#10326,#10328,#10329,.T.);
#8491=EDGE_CURVE('',#10330,#10328,#10331,.T.);
#8492=EDGE_CURVE('',#10330,#10332,#10333,.T.);
#8493=EDGE_CURVE('',#10334,#10332,#10335,.T.);
#8494=EDGE_CURVE('',#10334,#10336,#10337,.T.);
#8495=EDGE_CURVE('',#10338,#10336,#10339,.T.);
#8496=EDGE_CURVE('',#10338,#10340,#10341,.T.);
#8497=EDGE_CURVE('',#10342,#10340,#10343,.T.);
#8498=EDGE_CURVE('',#10342,#10344,#10345,.T.);
#8499=EDGE_CURVE('',#10346,#10344,#10347,.T.);
#8500=EDGE_CURVE('',#10346,#10348,#10349,.T.);
#8501=EDGE_CURVE('',#10350,#10348,#10351,.T.);
#8502=EDGE_CURVE('',#10350,#10352,#10353,.T.);
#8503=EDGE_CURVE('',#10354,#10352,#10355,.T.);
#8504=EDGE_CURVE('',#10354,#10356,#10357,.T.);
#8505=EDGE_CURVE('',#10358,#10356,#10359,.T.);
#8506=EDGE_CURVE('',#10358,#10360,#10361,.T.);
#8507=EDGE_CURVE('',#10362,#10360,#10363,.T.);
#8508=EDGE_CURVE('',#10362,#10364,#10365,.T.);
#8509=EDGE_CURVE('',#10366,#10364,#10367,.T.);
#8510=EDGE_CURVE('',#10366,#10368,#10369,.T.);
#8511=EDGE_CURVE('',#10370,#10368,#10371,.T.);
#8512=EDGE_CURVE('',#10370,#10372,#10373,.T.);
#8513=EDGE_CURVE('',#10374,#10372,#10375,.T.);
#8514=EDGE_CURVE('',#10374,#10376,#10377,.T.);
#8515=EDGE_CURVE('',#10378,#10376,#10379,.T.);
#8516=EDGE_CURVE('',#10378,#10380,#10381,.T.);
#8517=EDGE_CURVE('',#10382,#10380,#10383,.T.);
#8518=EDGE_CURVE('',#10382,#10384,#10385,.T.);
#8519=EDGE_CURVE('',#10386,#10384,#10387,.T.);
#8520=EDGE_CURVE('',#10386,#10388,#10389,.T.);
#8521=EDGE_CURVE('',#10390,#10388,#10391,.T.);
#8522=EDGE_CURVE('',#10390,#10392,#10393,.T.);
#8523=EDGE_CURVE('',#10394,#10392,#10395,.T.);
#8524=EDGE_CURVE('',#10394,#10396,#10397,.T.);
#8525=EDGE_CURVE('',#10398,#10396,#10399,.T.);
#8526=EDGE_CURVE('',#10398,#10400,#10401,.T.);
#8527=EDGE_CURVE('',#10402,#10400,#10403,.T.);
#8528=EDGE_CURVE('',#10402,#10404,#10405,.T.);
#8529=EDGE_CURVE('',#10406,#10404,#10407,.T.);
#8530=EDGE_CURVE('',#10406,#10408,#10409,.T.);
#8531=EDGE_CURVE('',#10408,#10410,#10411,.T.);
#8532=EDGE_CURVE('',#10410,#10412,#10413,.T.);
#8533=EDGE_CURVE('',#10412,#10414,#10415,.T.);
#8534=EDGE_CURVE('',#10416,#10414,#10417,.T.);
#8535=EDGE_CURVE('',#10418,#10416,#10419,.T.);
#8536=EDGE_CURVE('',#10418,#10420,#10421,.T.);
#8537=EDGE_CURVE('',#10422,#10420,#10423,.T.);
#8538=EDGE_CURVE('',#10422,#10424,#10425,.T.);
#8539=EDGE_CURVE('',#10426,#10424,#10427,.T.);
#8540=EDGE_CURVE('',#10426,#10428,#10429,.T.);
#8541=EDGE_CURVE('',#10430,#10428,#10431,.T.);
#8542=EDGE_CURVE('',#10430,#10432,#10433,.T.);
#8543=EDGE_CURVE('',#10307,#10432,#10434,.T.);
#8544=EDGE_CURVE('',#10435,#10436,#10437,.T.);
#8545=EDGE_CURVE('',#10438,#10435,#10439,.T.);
#8546=EDGE_CURVE('',#10440,#10438,#10441,.T.);
#8547=EDGE_CURVE('',#10440,#10436,#10442,.T.);
#8548=EDGE_CURVE('',#10443,#10435,#10444,.T.);
#8549=EDGE_CURVE('',#10445,#10443,#10446,.T.);
#8550=EDGE_CURVE('',#10438,#10445,#10447,.T.);
#8551=EDGE_CURVE('',#10404,#10443,#10448,.T.);
#8552=EDGE_CURVE('',#10445,#10402,#10449,.T.);
#8553=EDGE_CURVE('',#10450,#10451,#10452,.T.);
#8554=EDGE_CURVE('',#10453,#10450,#10454,.T.);
#8555=EDGE_CURVE('',#10455,#10453,#10456,.T.);
#8556=EDGE_CURVE('',#10455,#10451,#10457,.T.);
#8557=EDGE_CURVE('',#10458,#10450,#10459,.T.);
#8558=EDGE_CURVE('',#10460,#10458,#10461,.T.);
#8559=EDGE_CURVE('',#10453,#10460,#10462,.T.);
#8560=EDGE_CURVE('',#10396,#10458,#10463,.T.);
#8561=EDGE_CURVE('',#10460,#10394,#10464,.T.);
#8562=EDGE_CURVE('',#10465,#10466,#10467,.T.);
#8563=EDGE_CURVE('',#10468,#10465,#10469,.T.);
#8564=EDGE_CURVE('',#10470,#10468,#10471,.T.);
#8565=EDGE_CURVE('',#10470,#10466,#10472,.T.);
#8566=EDGE_CURVE('',#10473,#10465,#10474,.T.);
#8567=EDGE_CURVE('',#10475,#10473,#10476,.T.);
#8568=EDGE_CURVE('',#10468,#10475,#10477,.T.);
#8569=EDGE_CURVE('',#10388,#10473,#10478,.T.);
#8570=EDGE_CURVE('',#10475,#10386,#10479,.T.);
#8571=EDGE_CURVE('',#10480,#10481,#10482,.T.);
#8572=EDGE_CURVE('',#10483,#10480,#10484,.T.);
#8573=EDGE_CURVE('',#10485,#10483,#10486,.T.);
#8574=EDGE_CURVE('',#10485,#10481,#10487,.T.);
#8575=EDGE_CURVE('',#10488,#10480,#10489,.T.);
#8576=EDGE_CURVE('',#10490,#10488,#10491,.T.);
#8577=EDGE_CURVE('',#10483,#10490,#10492,.T.);
#8578=EDGE_CURVE('',#10380,#10488,#10493,.T.);
#8579=EDGE_CURVE('',#10490,#10378,#10494,.T.);
#8580=EDGE_CURVE('',#10495,#10496,#10497,.T.);
#8581=EDGE_CURVE('',#10498,#10495,#10499,.T.);
#8582=EDGE_CURVE('',#10500,#10498,#10501,.T.);
#8583=EDGE_CURVE('',#10500,#10496,#10502,.T.);
#8584=EDGE_CURVE('',#10503,#10495,#10504,.T.);
#8585=EDGE_CURVE('',#10505,#10503,#10506,.T.);
#8586=EDGE_CURVE('',#10498,#10505,#10507,.T.);
#8587=EDGE_CURVE('',#10372,#10503,#10508,.T.);
#8588=EDGE_CURVE('',#10505,#10370,#10509,.T.);
#8589=EDGE_CURVE('',#10510,#10511,#10512,.T.);
#8590=EDGE_CURVE('',#10513,#10510,#10514,.T.);
#8591=EDGE_CURVE('',#10515,#10513,#10516,.T.);
#8592=EDGE_CURVE('',#10515,#10511,#10517,.T.);
#8593=EDGE_CURVE('',#10518,#10510,#10519,.T.);
#8594=EDGE_CURVE('',#10520,#10518,#10521,.T.);
#8595=EDGE_CURVE('',#10513,#10520,#10522,.T.);
#8596=EDGE_CURVE('',#10364,#10518,#10523,.T.);
#8597=EDGE_CURVE('',#10520,#10362,#10524,.T.);
#8598=EDGE_CURVE('',#10525,#10526,#10527,.T.);
#8599=EDGE_CURVE('',#10528,#10525,#10529,.T.);
#8600=EDGE_CURVE('',#10530,#10528,#10531,.T.);
#8601=EDGE_CURVE('',#10530,#10526,#10532,.T.);
#8602=EDGE_CURVE('',#10533,#10525,#10534,.T.);
#8603=EDGE_CURVE('',#10535,#10533,#10536,.T.);
#8604=EDGE_CURVE('',#10528,#10535,#10537,.T.);
#8605=EDGE_CURVE('',#10356,#10533,#10538,.T.);
#8606=EDGE_CURVE('',#10535,#10354,#10539,.T.);
#8607=EDGE_CURVE('',#10540,#10541,#10542,.T.);
#8608=EDGE_CURVE('',#10543,#10540,#10544,.T.);
#8609=EDGE_CURVE('',#10545,#10543,#10546,.T.);
#8610=EDGE_CURVE('',#10545,#10541,#10547,.T.);
#8611=EDGE_CURVE('',#10548,#10540,#10549,.T.);
#8612=EDGE_CURVE('',#10550,#10548,#10551,.T.);
#8613=EDGE_CURVE('',#10543,#10550,#10552,.T.);
#8614=EDGE_CURVE('',#10348,#10548,#10553,.T.);
#8615=EDGE_CURVE('',#10550,#10346,#10554,.T.);
#8616=EDGE_CURVE('',#10555,#10556,#10557,.T.);
#8617=EDGE_CURVE('',#10558,#10555,#10559,.T.);
#8618=EDGE_CURVE('',#10560,#10558,#10561,.T.);
#8619=EDGE_CURVE('',#10560,#10556,#10562,.T.);
#8620=EDGE_CURVE('',#10563,#10555,#10564,.T.);
#8621=EDGE_CURVE('',#10565,#10563,#10566,.T.);
#8622=EDGE_CURVE('',#10558,#10565,#10567,.T.);
#8623=EDGE_CURVE('',#10340,#10563,#10568,.T.);
#8624=EDGE_CURVE('',#10565,#10338,#10569,.T.);
#8625=EDGE_CURVE('',#10570,#10571,#10572,.T.);
#8626=EDGE_CURVE('',#10573,#10570,#10574,.T.);
#8627=EDGE_CURVE('',#10575,#10573,#10576,.T.);
#8628=EDGE_CURVE('',#10575,#10571,#10577,.T.);
#8629=EDGE_CURVE('',#10578,#10570,#10579,.T.);
#8630=EDGE_CURVE('',#10580,#10578,#10581,.T.);
#8631=EDGE_CURVE('',#10573,#10580,#10582,.T.);
#8632=EDGE_CURVE('',#10332,#10578,#10583,.T.);
#8633=EDGE_CURVE('',#10580,#10330,#10584,.T.);
#8634=EDGE_CURVE('',#10585,#10586,#10587,.T.);
#8635=EDGE_CURVE('',#10588,#10585,#10589,.T.);
#8636=EDGE_CURVE('',#10590,#10588,#10591,.T.);
#8637=EDGE_CURVE('',#10590,#10586,#10592,.T.);
#8638=EDGE_CURVE('',#10593,#10585,#10594,.T.);
#8639=EDGE_CURVE('',#10595,#10593,#10596,.T.);
#8640=EDGE_CURVE('',#10588,#10595,#10597,.T.);
#8641=EDGE_CURVE('',#10324,#10593,#10598,.T.);
#8642=EDGE_CURVE('',#10595,#10322,#10599,.T.);
#8643=EDGE_CURVE('',#10600,#10601,#10602,.T.);
#8644=EDGE_CURVE('',#10603,#10600,#10604,.T.);
#8645=EDGE_CURVE('',#10605,#10603,#10606,.T.);
#8646=EDGE_CURVE('',#10605,#10601,#10607,.T.);
#8647=EDGE_CURVE('',#10608,#10600,#10609,.T.);
#8648=EDGE_CURVE('',#10610,#10608,#10611,.T.);
#8649=EDGE_CURVE('',#10603,#10610,#10612,.T.);
#8650=EDGE_CURVE('',#10316,#10608,#10613,.T.);
#8651=EDGE_CURVE('',#10610,#10314,#10614,.T.);
#8652=EDGE_CURVE('',#10615,#10616,#10617,.T.);
#8653=EDGE_CURVE('',#10618,#10615,#10619,.T.);
#8654=EDGE_CURVE('',#10620,#10618,#10621,.T.);
#8655=EDGE_CURVE('',#10620,#10616,#10622,.T.);
#8656=EDGE_CURVE('',#10623,#10615,#10624,.T.);
#8657=EDGE_CURVE('',#10625,#10623,#10626,.T.);
#8658=EDGE_CURVE('',#10618,#10625,#10627,.T.);
#8659=EDGE_CURVE('',#10308,#10623,#10628,.T.);
#8660=EDGE_CURVE('',#10625,#10307,#10629,.T.);
#8661=EDGE_CURVE('',#10440,#10630,#10631,.T.);
#8662=EDGE_CURVE('',#10632,#10630,#10633,.T.);
#8663=EDGE_CURVE('',#10632,#10451,#10634,.T.);
#8664=EDGE_CURVE('',#10455,#10635,#10636,.T.);
#8665=EDGE_CURVE('',#10637,#10635,#10638,.T.);
#8666=EDGE_CURVE('',#10637,#10466,#10639,.T.);
#8667=EDGE_CURVE('',#10470,#10640,#10641,.T.);
#8668=EDGE_CURVE('',#10642,#10640,#10643,.T.);
#8669=EDGE_CURVE('',#10642,#10481,#10644,.T.);
#8670=EDGE_CURVE('',#10485,#10645,#10646,.T.);
#8671=EDGE_CURVE('',#10647,#10645,#10648,.T.);
#8672=EDGE_CURVE('',#10647,#10496,#10649,.T.);
#8673=EDGE_CURVE('',#10500,#10650,#10651,.T.);
#8674=EDGE_CURVE('',#10652,#10650,#10653,.T.);
#8675=EDGE_CURVE('',#10652,#10511,#10654,.T.);
#8676=EDGE_CURVE('',#10515,#10655,#10656,.T.);
#8677=EDGE_CURVE('',#10657,#10655,#10658,.T.);
#8678=EDGE_CURVE('',#10657,#10526,#10659,.T.);
#8679=EDGE_CURVE('',#10530,#10660,#10661,.T.);
#8680=EDGE_CURVE('',#10662,#10660,#10663,.T.);
#8681=EDGE_CURVE('',#10662,#10541,#10664,.T.);
#8682=EDGE_CURVE('',#10545,#10665,#10666,.T.);
#8683=EDGE_CURVE('',#10667,#10665,#10668,.T.);
#8684=EDGE_CURVE('',#10667,#10556,#10669,.T.);
#8685=EDGE_CURVE('',#10560,#10670,#10671,.T.);
#8686=EDGE_CURVE('',#10672,#10670,#10673,.T.);
#8687=EDGE_CURVE('',#10672,#10571,#10674,.T.);
#8688=EDGE_CURVE('',#10575,#10675,#10676,.T.);
#8689=EDGE_CURVE('',#10677,#10675,#10678,.T.);
#8690=EDGE_CURVE('',#10677,#10586,#10679,.T.);
#8691=EDGE_CURVE('',#10590,#10680,#10681,.T.);
#8692=EDGE_CURVE('',#10682,#10680,#10683,.T.);
#8693=EDGE_CURVE('',#10682,#10601,#10684,.T.);
#8694=EDGE_CURVE('',#10605,#10685,#10686,.T.);
#8695=EDGE_CURVE('',#10687,#10685,#10688,.T.);
#8696=EDGE_CURVE('',#10687,#10616,#10689,.T.);
#8697=EDGE_CURVE('',#10620,#10690,#10691,.T.);
#8698=EDGE_CURVE('',#10692,#10690,#10693,.T.);
#8699=EDGE_CURVE('',#10692,#10694,#10695,.T.);
#8700=EDGE_CURVE('',#10696,#10694,#10697,.T.);
#8701=EDGE_CURVE('',#10696,#10698,#10699,.T.);
#8702=EDGE_CURVE('',#10700,#10698,#10701,.T.);
#8703=EDGE_CURVE('',#10702,#10700,#10703,.T.);
#8704=EDGE_CURVE('',#10702,#10704,#10705,.T.);
#8705=EDGE_CURVE('',#10706,#10704,#10707,.T.);
#8706=EDGE_CURVE('',#10708,#10706,#10709,.T.);
#8707=EDGE_CURVE('',#10710,#10708,#10711,.T.);
#8708=EDGE_CURVE('',#10712,#10710,#10713,.T.);
#8709=EDGE_CURVE('',#10167,#10712,#10714,.T.);
#8710=EDGE_CURVE('',#10715,#10165,#10716,.T.);
#8711=EDGE_CURVE('',#10717,#10715,#10718,.T.);
#8712=EDGE_CURVE('',#10719,#10717,#10720,.T.);
#8713=EDGE_CURVE('',#10721,#10719,#10722,.T.);
#8714=EDGE_CURVE('',#10170,#10721,#10723,.T.);
#8715=EDGE_CURVE('',#10724,#10172,#10725,.T.);
#8716=EDGE_CURVE('',#10726,#10724,#10727,.T.);
#8717=EDGE_CURVE('',#10728,#10726,#10729,.T.);
#8718=EDGE_CURVE('',#10730,#10728,#10731,.T.);
#8719=EDGE_CURVE('',#10175,#10730,#10732,.T.);
#8720=EDGE_CURVE('',#10733,#10177,#10734,.T.);
#8721=EDGE_CURVE('',#10735,#10733,#10736,.T.);
#8722=EDGE_CURVE('',#10737,#10735,#10738,.T.);
#8723=EDGE_CURVE('',#10739,#10737,#10740,.T.);
#8724=EDGE_CURVE('',#10180,#10739,#10741,.T.);
#8725=EDGE_CURVE('',#10742,#10182,#10743,.T.);
#8726=EDGE_CURVE('',#10744,#10742,#10745,.T.);
#8727=EDGE_CURVE('',#10746,#10744,#10747,.T.);
#8728=EDGE_CURVE('',#10748,#10746,#10749,.T.);
#8729=EDGE_CURVE('',#10185,#10748,#10750,.T.);
#8730=EDGE_CURVE('',#10751,#10187,#10752,.T.);
#8731=EDGE_CURVE('',#10753,#10751,#10754,.T.);
#8732=EDGE_CURVE('',#10755,#10753,#10756,.T.);
#8733=EDGE_CURVE('',#10757,#10755,#10758,.T.);
#8734=EDGE_CURVE('',#10190,#10757,#10759,.T.);
#8735=EDGE_CURVE('',#10760,#10192,#10761,.T.);
#8736=EDGE_CURVE('',#10762,#10760,#10763,.T.);
#8737=EDGE_CURVE('',#10764,#10762,#10765,.T.);
#8738=EDGE_CURVE('',#10766,#10764,#10767,.T.);
#8739=EDGE_CURVE('',#10195,#10766,#10768,.T.);
#8740=EDGE_CURVE('',#10769,#10197,#10770,.T.);
#8741=EDGE_CURVE('',#10771,#10769,#10772,.T.);
#8742=EDGE_CURVE('',#10773,#10771,#10774,.T.);
#8743=EDGE_CURVE('',#10775,#10773,#10776,.T.);
#8744=EDGE_CURVE('',#10200,#10775,#10777,.T.);
#8745=EDGE_CURVE('',#10778,#10202,#10779,.T.);
#8746=EDGE_CURVE('',#10780,#10778,#10781,.T.);
#8747=EDGE_CURVE('',#10782,#10780,#10783,.T.);
#8748=EDGE_CURVE('',#10784,#10782,#10785,.T.);
#8749=EDGE_CURVE('',#10205,#10784,#10786,.T.);
#8750=EDGE_CURVE('',#10787,#10207,#10788,.T.);
#8751=EDGE_CURVE('',#10789,#10787,#10790,.T.);
#8752=EDGE_CURVE('',#10791,#10789,#10792,.T.);
#8753=EDGE_CURVE('',#10793,#10791,#10794,.T.);
#8754=EDGE_CURVE('',#10210,#10793,#10795,.T.);
#8755=EDGE_CURVE('',#10796,#10212,#10797,.T.);
#8756=EDGE_CURVE('',#10798,#10796,#10799,.T.);
#8757=EDGE_CURVE('',#10800,#10798,#10801,.T.);
#8758=EDGE_CURVE('',#10802,#10800,#10803,.T.);
#8759=EDGE_CURVE('',#10215,#10802,#10804,.T.);
#8760=EDGE_CURVE('',#10805,#10217,#10806,.T.);
#8761=EDGE_CURVE('',#10807,#10805,#10808,.T.);
#8762=EDGE_CURVE('',#10809,#10807,#10810,.T.);
#8763=EDGE_CURVE('',#10811,#10809,#10812,.T.);
#8764=EDGE_CURVE('',#10220,#10811,#10813,.T.);
#8765=EDGE_CURVE('',#10814,#10222,#10815,.T.);
#8766=EDGE_CURVE('',#10816,#10814,#10817,.T.);
#8767=EDGE_CURVE('',#10818,#10816,#10819,.T.);
#8768=EDGE_CURVE('',#10820,#10818,#10821,.T.);
#8769=EDGE_CURVE('',#10225,#10820,#10822,.T.);
#8770=EDGE_CURVE('',#10823,#10227,#10824,.T.);
#8771=EDGE_CURVE('',#10825,#10823,#10826,.T.);
#8772=EDGE_CURVE('',#10827,#10825,#10828,.T.);
#8773=EDGE_CURVE('',#10829,#10827,#10830,.T.);
#8774=EDGE_CURVE('',#10230,#10829,#10831,.T.);
#8775=EDGE_CURVE('',#10232,#10832,#10833,.T.);
#8776=EDGE_CURVE('',#10834,#10832,#10835,.T.);
#8777=EDGE_CURVE('',#10834,#10436,#10836,.T.);
#8778=EDGE_CURVE('',#10310,#10687,#10837,.T.);
#8779=EDGE_CURVE('',#10312,#10685,#10838,.T.);
#8780=EDGE_CURVE('',#10318,#10682,#10839,.T.);
#8781=EDGE_CURVE('',#10320,#10680,#10840,.T.);
#8782=EDGE_CURVE('',#10326,#10677,#10841,.T.);
#8783=EDGE_CURVE('',#10328,#10675,#10842,.T.);
#8784=EDGE_CURVE('',#10334,#10672,#10843,.T.);
#8785=EDGE_CURVE('',#10336,#10670,#10844,.T.);
#8786=EDGE_CURVE('',#10342,#10667,#10845,.T.);
#8787=EDGE_CURVE('',#10344,#10665,#10846,.T.);
#8788=EDGE_CURVE('',#10350,#10662,#10847,.T.);
#8789=EDGE_CURVE('',#10352,#10660,#10848,.T.);
#8790=EDGE_CURVE('',#10358,#10657,#10849,.T.);
#8791=EDGE_CURVE('',#10360,#10655,#10850,.T.);
#8792=EDGE_CURVE('',#10366,#10652,#10851,.T.);
#8793=EDGE_CURVE('',#10368,#10650,#10852,.T.);
#8794=EDGE_CURVE('',#10374,#10647,#10853,.T.);
#8795=EDGE_CURVE('',#10376,#10645,#10854,.T.);
#8796=EDGE_CURVE('',#10382,#10642,#10855,.T.);
#8797=EDGE_CURVE('',#10384,#10640,#10856,.T.);
#8798=EDGE_CURVE('',#10390,#10637,#10857,.T.);
#8799=EDGE_CURVE('',#10392,#10635,#10858,.T.);
#8800=EDGE_CURVE('',#10398,#10632,#10859,.T.);
#8801=EDGE_CURVE('',#10400,#10630,#10860,.T.);
#8802=EDGE_CURVE('',#10406,#10834,#10861,.T.);
#8803=EDGE_CURVE('',#10832,#10408,#10862,.T.);
#8804=EDGE_CURVE('',#10418,#10863,#10864,.T.);
#8805=EDGE_CURVE('',#10863,#10865,#10866,.T.);
#8806=EDGE_CURVE('',#10865,#10412,#10867,.T.);
#8807=EDGE_CURVE('',#10410,#10868,#10869,.T.);
#8808=EDGE_CURVE('',#10870,#10868,#10871,.T.);
#8809=EDGE_CURVE('',#10872,#10870,#10873,.T.);
#8810=EDGE_CURVE('',#10874,#10872,#10875,.T.);
#8811=EDGE_CURVE('',#10874,#9974,#10876,.T.);
#8812=EDGE_CURVE('',#10877,#9972,#10878,.T.);
#8813=EDGE_CURVE('',#10879,#10877,#10880,.T.);
#8814=EDGE_CURVE('',#10881,#10879,#10882,.T.);
#8815=EDGE_CURVE('',#10883,#10881,#10884,.T.);
#8816=EDGE_CURVE('',#10420,#10883,#10885,.T.);
#8817=EDGE_CURVE('',#10886,#10874,#10887,.T.);
#8818=EDGE_CURVE('',#10888,#10886,#10889,.T.);
#8819=EDGE_CURVE('',#10888,#10868,#10890,.T.);
#8820=EDGE_CURVE('',#10704,#10010,#10891,.T.);
#8821=EDGE_CURVE('',#10012,#10702,#10892,.T.);
#8822=EDGE_CURVE('',#10696,#10893,#10894,.T.);
#8823=EDGE_CURVE('',#10895,#10694,#10896,.T.);
#8824=EDGE_CURVE('',#10893,#10895,#10897,.T.);
#8825=EDGE_CURVE('',#10893,#10898,#10899,.T.);
#8826=EDGE_CURVE('',#10900,#10895,#10901,.T.);
#8827=EDGE_CURVE('',#10898,#10900,#10902,.T.);
#8828=EDGE_CURVE('',#10898,#10426,#10903,.T.);
#8829=EDGE_CURVE('',#10428,#10900,#10904,.T.);
#8830=EDGE_CURVE('',#10424,#10698,#10905,.T.);
#8831=EDGE_CURVE('',#10700,#10422,#10906,.T.);
#8832=EDGE_CURVE('',#10907,#10908,#10909,.T.);
#8833=EDGE_CURVE('',#10907,#10910,#10911,.T.);
#8834=EDGE_CURVE('',#10910,#10912,#10913,.T.);
#8835=EDGE_CURVE('',#10908,#10912,#10914,.T.);
#8836=EDGE_CURVE('',#10910,#10915,#10916,.T.);
#8837=EDGE_CURVE('',#10915,#10917,#10918,.T.);
#8838=EDGE_CURVE('',#10912,#10917,#10919,.T.);
#8839=EDGE_CURVE('',#10915,#10920,#10921,.T.);
#8840=EDGE_CURVE('',#10920,#10922,#10923,.T.);
#8841=EDGE_CURVE('',#10917,#10922,#10924,.T.);
#8842=EDGE_CURVE('',#10920,#10925,#10926,.T.);
#8843=EDGE_CURVE('',#10925,#10927,#10928,.T.);
#8844=EDGE_CURVE('',#10922,#10927,#10929,.T.);
#8845=EDGE_CURVE('',#10925,#10930,#10931,.T.);
#8846=EDGE_CURVE('',#10930,#10932,#10933,.T.);
#8847=EDGE_CURVE('',#10927,#10932,#10934,.T.);
#8848=EDGE_CURVE('',#10930,#10418,#10935,.T.);
#8849=EDGE_CURVE('',#10932,#10416,#10936,.T.);
#8850=EDGE_CURVE('',#10412,#10907,#10937,.T.);
#8851=EDGE_CURVE('',#10414,#10908,#10938,.T.);
#8852=EDGE_CURVE('',#10939,#10940,#10941,.T.);
#8853=EDGE_CURVE('',#10940,#10942,#10943,.T.);
#8854=EDGE_CURVE('',#10942,#10944,#10945,.T.);
#8855=EDGE_CURVE('',#10944,#10946,#10947,.T.);
#8856=EDGE_CURVE('',#10946,#10948,#10949,.T.);
#8857=EDGE_CURVE('',#10948,#10950,#10951,.T.);
#8858=EDGE_CURVE('',#10950,#10952,#10953,.T.);
#8859=EDGE_CURVE('',#10952,#10954,#10955,.T.);
#8860=EDGE_CURVE('',#10954,#10956,#10957,.T.);
#8861=EDGE_CURVE('',#10956,#10958,#10959,.T.);
#8862=EDGE_CURVE('',#10958,#10960,#10961,.T.);
#8863=EDGE_CURVE('',#10960,#10939,#10962,.T.);
#8864=EDGE_CURVE('',#10963,#10964,#10965,.T.);
#8865=EDGE_CURVE('',#10964,#10966,#10967,.T.);
#8866=EDGE_CURVE('',#10966,#10968,#10969,.T.);
#8867=EDGE_CURVE('',#10968,#10970,#10971,.T.);
#8868=EDGE_CURVE('',#10970,#10972,#10973,.T.);
#8869=EDGE_CURVE('',#10972,#10974,#10975,.T.);
#8870=EDGE_CURVE('',#10974,#10976,#10977,.T.);
#8871=EDGE_CURVE('',#10976,#10978,#10979,.T.);
#8872=EDGE_CURVE('',#10978,#10980,#10981,.T.);
#8873=EDGE_CURVE('',#10980,#10982,#10983,.T.);
#8874=EDGE_CURVE('',#10982,#10984,#10985,.T.);
#8875=EDGE_CURVE('',#10984,#10963,#10986,.T.);
#8876=EDGE_CURVE('',#10987,#10988,#10989,.T.);
#8877=EDGE_CURVE('',#10988,#10990,#10991,.T.);
#8878=EDGE_CURVE('',#10990,#10992,#10993,.T.);
#8879=EDGE_CURVE('',#10992,#10994,#10995,.T.);
#8880=EDGE_CURVE('',#10994,#10996,#10997,.T.);
#8881=EDGE_CURVE('',#10996,#10998,#10999,.T.);
#8882=EDGE_CURVE('',#10998,#11000,#11001,.T.);
#8883=EDGE_CURVE('',#11000,#11002,#11003,.T.);
#8884=EDGE_CURVE('',#11002,#11004,#11005,.T.);
#8885=EDGE_CURVE('',#11004,#11006,#11007,.T.);
#8886=EDGE_CURVE('',#11006,#11008,#11009,.T.);
#8887=EDGE_CURVE('',#11008,#10987,#11010,.T.);
#8888=EDGE_CURVE('',#11011,#11012,#11013,.T.);
#8889=EDGE_CURVE('',#11012,#11014,#11015,.T.);
#8890=EDGE_CURVE('',#11014,#11016,#11017,.T.);
#8891=EDGE_CURVE('',#11016,#11018,#11019,.T.);
#8892=EDGE_CURVE('',#11018,#11020,#11021,.T.);
#8893=EDGE_CURVE('',#11020,#11022,#11023,.T.);
#8894=EDGE_CURVE('',#11022,#11024,#11025,.T.);
#8895=EDGE_CURVE('',#11024,#11026,#11027,.T.);
#8896=EDGE_CURVE('',#11026,#11028,#11029,.T.);
#8897=EDGE_CURVE('',#11028,#11030,#11031,.T.);
#8898=EDGE_CURVE('',#11030,#11032,#11033,.T.);
#8899=EDGE_CURVE('',#11032,#11011,#11034,.T.);
#8900=EDGE_CURVE('',#11035,#11036,#11037,.T.);
#8901=EDGE_CURVE('',#11036,#11038,#11039,.T.);
#8902=EDGE_CURVE('',#11038,#11040,#11041,.T.);
#8903=EDGE_CURVE('',#11040,#11042,#11043,.T.);
#8904=EDGE_CURVE('',#11042,#11044,#11045,.T.);
#8905=EDGE_CURVE('',#11044,#11046,#11047,.T.);
#8906=EDGE_CURVE('',#11046,#11048,#11049,.T.);
#8907=EDGE_CURVE('',#11048,#11050,#11051,.T.);
#8908=EDGE_CURVE('',#11050,#11052,#11053,.T.);
#8909=EDGE_CURVE('',#11052,#11054,#11055,.T.);
#8910=EDGE_CURVE('',#11054,#11056,#11057,.T.);
#8911=EDGE_CURVE('',#11056,#11035,#11058,.T.);
#8912=EDGE_CURVE('',#11059,#11060,#11061,.T.);
#8913=EDGE_CURVE('',#11060,#11062,#11063,.T.);
#8914=EDGE_CURVE('',#11062,#11064,#11065,.T.);
#8915=EDGE_CURVE('',#11064,#11066,#11067,.T.);
#8916=EDGE_CURVE('',#11066,#11068,#11069,.T.);
#8917=EDGE_CURVE('',#11068,#11070,#11071,.T.);
#8918=EDGE_CURVE('',#11070,#11072,#11073,.T.);
#8919=EDGE_CURVE('',#11072,#11074,#11075,.T.);
#8920=EDGE_CURVE('',#11074,#11076,#11077,.T.);
#8921=EDGE_CURVE('',#11076,#11078,#11079,.T.);
#8922=EDGE_CURVE('',#11078,#11080,#11081,.T.);
#8923=EDGE_CURVE('',#11080,#11059,#11082,.T.);
#8924=EDGE_CURVE('',#11083,#11084,#11085,.T.);
#8925=EDGE_CURVE('',#11084,#11086,#11087,.T.);
#8926=EDGE_CURVE('',#11086,#11088,#11089,.T.);
#8927=EDGE_CURVE('',#11088,#11090,#11091,.T.);
#8928=EDGE_CURVE('',#11090,#11092,#11093,.T.);
#8929=EDGE_CURVE('',#11092,#11094,#11095,.T.);
#8930=EDGE_CURVE('',#11094,#11096,#11097,.T.);
#8931=EDGE_CURVE('',#11096,#11098,#11099,.T.);
#8932=EDGE_CURVE('',#11098,#11100,#11101,.T.);
#8933=EDGE_CURVE('',#11100,#11102,#11103,.T.);
#8934=EDGE_CURVE('',#11102,#11104,#11105,.T.);
#8935=EDGE_CURVE('',#11104,#11083,#11106,.T.);
#8936=EDGE_CURVE('',#11107,#11108,#11109,.T.);
#8937=EDGE_CURVE('',#11108,#11110,#11111,.T.);
#8938=EDGE_CURVE('',#11110,#11112,#11113,.T.);
#8939=EDGE_CURVE('',#11112,#11114,#11115,.T.);
#8940=EDGE_CURVE('',#11114,#11116,#11117,.T.);
#8941=EDGE_CURVE('',#11116,#11118,#11119,.T.);
#8942=EDGE_CURVE('',#11118,#11120,#11121,.T.);
#8943=EDGE_CURVE('',#11120,#11122,#11123,.T.);
#8944=EDGE_CURVE('',#11122,#11124,#11125,.T.);
#8945=EDGE_CURVE('',#11124,#11126,#11127,.T.);
#8946=EDGE_CURVE('',#11126,#11128,#11129,.T.);
#8947=EDGE_CURVE('',#11128,#11107,#11130,.T.);
#8948=EDGE_CURVE('',#11131,#11132,#11133,.T.);
#8949=EDGE_CURVE('',#11132,#11134,#11135,.T.);
#8950=EDGE_CURVE('',#11134,#11136,#11137,.T.);
#8951=EDGE_CURVE('',#11136,#11138,#11139,.T.);
#8952=EDGE_CURVE('',#11138,#11140,#11141,.T.);
#8953=EDGE_CURVE('',#11140,#11142,#11143,.T.);
#8954=EDGE_CURVE('',#11142,#11144,#11145,.T.);
#8955=EDGE_CURVE('',#11144,#11146,#11147,.T.);
#8956=EDGE_CURVE('',#11146,#11148,#11149,.T.);
#8957=EDGE_CURVE('',#11148,#11150,#11151,.T.);
#8958=EDGE_CURVE('',#11150,#11152,#11153,.T.);
#8959=EDGE_CURVE('',#11152,#11131,#11154,.T.);
#8960=EDGE_CURVE('',#11155,#11156,#11157,.T.);
#8961=EDGE_CURVE('',#11156,#11158,#11159,.T.);
#8962=EDGE_CURVE('',#11158,#11160,#11161,.T.);
#8963=EDGE_CURVE('',#11160,#11162,#11163,.T.);
#8964=EDGE_CURVE('',#11162,#11164,#11165,.T.);
#8965=EDGE_CURVE('',#11164,#11166,#11167,.T.);
#8966=EDGE_CURVE('',#11166,#11168,#11169,.T.);
#8967=EDGE_CURVE('',#11168,#11170,#11171,.T.);
#8968=EDGE_CURVE('',#11170,#11172,#11173,.T.);
#8969=EDGE_CURVE('',#11172,#11174,#11175,.T.);
#8970=EDGE_CURVE('',#11174,#11176,#11177,.T.);
#8971=EDGE_CURVE('',#11176,#11155,#11178,.T.);
#8972=EDGE_CURVE('',#11179,#11180,#11181,.T.);
#8973=EDGE_CURVE('',#11180,#11182,#11183,.T.);
#8974=EDGE_CURVE('',#11182,#11184,#11185,.T.);
#8975=EDGE_CURVE('',#11184,#11186,#11187,.T.);
#8976=EDGE_CURVE('',#11186,#11188,#11189,.T.);
#8977=EDGE_CURVE('',#11188,#11190,#11191,.T.);
#8978=EDGE_CURVE('',#11190,#11192,#11193,.T.);
#8979=EDGE_CURVE('',#11192,#11194,#11195,.T.);
#8980=EDGE_CURVE('',#11194,#11196,#11197,.T.);
#8981=EDGE_CURVE('',#11196,#11198,#11199,.T.);
#8982=EDGE_CURVE('',#11198,#11200,#11201,.T.);
#8983=EDGE_CURVE('',#11200,#11179,#11202,.T.);
#8984=EDGE_CURVE('',#11203,#11204,#11205,.T.);
#8985=EDGE_CURVE('',#11204,#11206,#11207,.T.);
#8986=EDGE_CURVE('',#11206,#11208,#11209,.T.);
#8987=EDGE_CURVE('',#11208,#11210,#11211,.T.);
#8988=EDGE_CURVE('',#11210,#11212,#11213,.T.);
#8989=EDGE_CURVE('',#11212,#11214,#11215,.T.);
#8990=EDGE_CURVE('',#11214,#11216,#11217,.T.);
#8991=EDGE_CURVE('',#11216,#11218,#11219,.T.);
#8992=EDGE_CURVE('',#11218,#11220,#11221,.T.);
#8993=EDGE_CURVE('',#11220,#11222,#11223,.T.);
#8994=EDGE_CURVE('',#11222,#11224,#11225,.T.);
#8995=EDGE_CURVE('',#11224,#11203,#11226,.T.);
#8996=EDGE_CURVE('',#11227,#11228,#11229,.T.);
#8997=EDGE_CURVE('',#11228,#11230,#11231,.T.);
#8998=EDGE_CURVE('',#11230,#11232,#11233,.T.);
#8999=EDGE_CURVE('',#11232,#11234,#11235,.T.);
#9000=EDGE_CURVE('',#11234,#11236,#11237,.T.);
#9001=EDGE_CURVE('',#11236,#11238,#11239,.T.);
#9002=EDGE_CURVE('',#11238,#11240,#11241,.T.);
#9003=EDGE_CURVE('',#11240,#11242,#11243,.T.);
#9004=EDGE_CURVE('',#11242,#11244,#11245,.T.);
#9005=EDGE_CURVE('',#11244,#11246,#11247,.T.);
#9006=EDGE_CURVE('',#11246,#11248,#11249,.T.);
#9007=EDGE_CURVE('',#11248,#11227,#11250,.T.);
#9008=EDGE_CURVE('',#11251,#11252,#11253,.T.);
#9009=EDGE_CURVE('',#11252,#11254,#11255,.T.);
#9010=EDGE_CURVE('',#11254,#11256,#11257,.T.);
#9011=EDGE_CURVE('',#11256,#11258,#11259,.T.);
#9012=EDGE_CURVE('',#11258,#11260,#11261,.T.);
#9013=EDGE_CURVE('',#11260,#11262,#11263,.T.);
#9014=EDGE_CURVE('',#11262,#11264,#11265,.T.);
#9015=EDGE_CURVE('',#11264,#11266,#11267,.T.);
#9016=EDGE_CURVE('',#11266,#11268,#11269,.T.);
#9017=EDGE_CURVE('',#11268,#11270,#11271,.T.);
#9018=EDGE_CURVE('',#11270,#11272,#11273,.T.);
#9019=EDGE_CURVE('',#11272,#11251,#11274,.T.);
#9020=EDGE_CURVE('',#10432,#10690,#11275,.T.);
#9021=EDGE_CURVE('',#10430,#10692,#11276,.T.);
#9022=EDGE_CURVE('',#11277,#10883,#11278,.T.);
#9023=EDGE_CURVE('',#11279,#11277,#11280,.T.);
#9024=EDGE_CURVE('',#11279,#10877,#11281,.T.);
#9025=EDGE_CURVE('',#11282,#9964,#11283,.T.);
#9026=EDGE_CURVE('',#11284,#11282,#11285,.T.);
#9027=EDGE_CURVE('',#9966,#11284,#11286,.T.);
#9028=EDGE_CURVE('',#11287,#11288,#11289,.T.);
#9029=EDGE_CURVE('',#11287,#11290,#11291,.T.);
#9030=EDGE_CURVE('',#11290,#11292,#11293,.T.);
#9031=EDGE_CURVE('',#11292,#11288,#11294,.T.);
#9032=EDGE_CURVE('',#11290,#11295,#11296,.T.);
#9033=EDGE_CURVE('',#11295,#11297,#11298,.T.);
#9034=EDGE_CURVE('',#11297,#11292,#11299,.T.);
#9035=EDGE_CURVE('',#11295,#11300,#11301,.T.);
#9036=EDGE_CURVE('',#11300,#11302,#11303,.T.);
#9037=EDGE_CURVE('',#11302,#11297,#11304,.T.);
#9038=EDGE_CURVE('',#11300,#11305,#11306,.T.);
#9039=EDGE_CURVE('',#11305,#11307,#11308,.T.);
#9040=EDGE_CURVE('',#11307,#11302,#11309,.T.);
#9041=EDGE_CURVE('',#11305,#11310,#11311,.T.);
#9042=EDGE_CURVE('',#11310,#11312,#11313,.T.);
#9043=EDGE_CURVE('',#11312,#11307,#11314,.T.);
#9044=EDGE_CURVE('',#11310,#11315,#11316,.T.);
#9045=EDGE_CURVE('',#11315,#11317,#11318,.T.);
#9046=EDGE_CURVE('',#11317,#11312,#11319,.T.);
#9047=EDGE_CURVE('',#11315,#11320,#11321,.T.);
#9048=EDGE_CURVE('',#11320,#11322,#11323,.T.);
#9049=EDGE_CURVE('',#11322,#11317,#11324,.T.);
#9050=EDGE_CURVE('',#11320,#11325,#11326,.T.);
#9051=EDGE_CURVE('',#11325,#11327,#11328,.T.);
#9052=EDGE_CURVE('',#11327,#11322,#11329,.T.);
#9053=EDGE_CURVE('',#11325,#11330,#11331,.T.);
#9054=EDGE_CURVE('',#11330,#11332,#11333,.T.);
#9055=EDGE_CURVE('',#11332,#11327,#11334,.T.);
#9056=EDGE_CURVE('',#11330,#11335,#11336,.T.);
#9057=EDGE_CURVE('',#11335,#11337,#11338,.T.);
#9058=EDGE_CURVE('',#11337,#11332,#11339,.T.);
#9059=EDGE_CURVE('',#11335,#11340,#11341,.T.);
#9060=EDGE_CURVE('',#11340,#11342,#11343,.T.);
#9061=EDGE_CURVE('',#11342,#11337,#11344,.T.);
#9062=EDGE_CURVE('',#11340,#11287,#11345,.T.);
#9063=EDGE_CURVE('',#11288,#11342,#11346,.T.);
#9064=EDGE_CURVE('',#10004,#10710,#11347,.T.);
#9065=EDGE_CURVE('',#10002,#10712,#11348,.T.);
#9066=EDGE_CURVE('',#10006,#10708,#11349,.T.);
#9067=EDGE_CURVE('',#10008,#10706,#11350,.T.);
#9068=EDGE_CURVE('',#11266,#11305,#11351,.T.);
#9069=EDGE_CURVE('',#11310,#11264,#11352,.T.);
#9070=EDGE_CURVE('',#11315,#11262,#11353,.T.);
#9071=EDGE_CURVE('',#11268,#11300,#11354,.T.);
#9072=EDGE_CURVE('',#11320,#11260,#11355,.T.);
#9073=EDGE_CURVE('',#11270,#11295,#11356,.T.);
#9074=EDGE_CURVE('',#11325,#11258,#11357,.T.);
#9075=EDGE_CURVE('',#11272,#11290,#11358,.T.);
#9076=EDGE_CURVE('',#11330,#11256,#11359,.T.);
#9077=EDGE_CURVE('',#11251,#11287,#11360,.T.);
#9078=EDGE_CURVE('',#11335,#11254,#11361,.T.);
#9079=EDGE_CURVE('',#11252,#11340,#11362,.T.);
#9080=EDGE_CURVE('',#11282,#10244,#11363,.T.);
#9081=EDGE_CURVE('',#11284,#10242,#11364,.T.);
#9082=EDGE_CURVE('',#11365,#10881,#11366,.T.);
#9083=EDGE_CURVE('',#11365,#11277,#11367,.T.);
#9084=EDGE_CURVE('',#11368,#10879,#11369,.T.);
#9085=EDGE_CURVE('',#11368,#11365,#11370,.T.);
#9086=EDGE_CURVE('',#11279,#11368,#11371,.T.);
#9087=EDGE_CURVE('',#11372,#10870,#11373,.T.);
#9088=EDGE_CURVE('',#11372,#11374,#11375,.T.);
#9089=EDGE_CURVE('',#11374,#10872,#11376,.T.);
#9090=EDGE_CURVE('',#10888,#11372,#11377,.T.);
#9091=EDGE_CURVE('',#11374,#10886,#11378,.T.);
#9092=EDGE_CURVE('',#11379,#11380,#11381,.T.);
#9093=EDGE_CURVE('',#11379,#9853,#11382,.T.);
#9094=EDGE_CURVE('',#9854,#11380,#11383,.T.);
#9095=EDGE_CURVE('',#9856,#11384,#11385,.T.);
#9096=EDGE_CURVE('',#11386,#11384,#11387,.T.);
#9097=EDGE_CURVE('',#11386,#9858,#11388,.T.);
#9098=EDGE_CURVE('',#11384,#11379,#11389,.T.);
#9099=EDGE_CURVE('',#11380,#11386,#11390,.T.);
#9100=EDGE_CURVE('',#10910,#10865,#11391,.T.);
#9101=EDGE_CURVE('',#10915,#10865,#11392,.T.);
#9102=EDGE_CURVE('',#10920,#10863,#11393,.T.);
#9103=EDGE_CURVE('',#10925,#10863,#11394,.T.);
#9104=EDGE_CURVE('',#9862,#11395,#11396,.T.);
#9105=EDGE_CURVE('',#11395,#11397,#11398,.T.);
#9106=EDGE_CURVE('',#11397,#9861,#11399,.T.);
#9107=EDGE_CURVE('',#9868,#11400,#11401,.T.);
#9108=EDGE_CURVE('',#11400,#11402,#11403,.T.);
#9109=EDGE_CURVE('',#11402,#9870,#11404,.T.);
#9110=EDGE_CURVE('',#9876,#11405,#11406,.T.);
#9111=EDGE_CURVE('',#11405,#11407,#11408,.T.);
#9112=EDGE_CURVE('',#11407,#9878,#11409,.T.);
#9113=EDGE_CURVE('',#9884,#11410,#11411,.T.);
#9114=EDGE_CURVE('',#11410,#11412,#11413,.T.);
#9115=EDGE_CURVE('',#11412,#9886,#11414,.T.);
#9116=EDGE_CURVE('',#9892,#11415,#11416,.T.);
#9117=EDGE_CURVE('',#11415,#11417,#11418,.T.);
#9118=EDGE_CURVE('',#11417,#9894,#11419,.T.);
#9119=EDGE_CURVE('',#9900,#11420,#11421,.T.);
#9120=EDGE_CURVE('',#11420,#11422,#11423,.T.);
#9121=EDGE_CURVE('',#11422,#9902,#11424,.T.);
#9122=EDGE_CURVE('',#9908,#11425,#11426,.T.);
#9123=EDGE_CURVE('',#11425,#11427,#11428,.T.);
#9124=EDGE_CURVE('',#11427,#9910,#11429,.T.);
#9125=EDGE_CURVE('',#9916,#11430,#11431,.T.);
#9126=EDGE_CURVE('',#11430,#11432,#11433,.T.);
#9127=EDGE_CURVE('',#11432,#9918,#11434,.T.);
#9128=EDGE_CURVE('',#9924,#11435,#11436,.T.);
#9129=EDGE_CURVE('',#11435,#11437,#11438,.T.);
#9130=EDGE_CURVE('',#11437,#9926,#11439,.T.);
#9131=EDGE_CURVE('',#9932,#11440,#11441,.T.);
#9132=EDGE_CURVE('',#11440,#11442,#11443,.T.);
#9133=EDGE_CURVE('',#11442,#9934,#11444,.T.);
#9134=EDGE_CURVE('',#9940,#11445,#11446,.T.);
#9135=EDGE_CURVE('',#11445,#11447,#11448,.T.);
#9136=EDGE_CURVE('',#11447,#9942,#11449,.T.);
#9137=EDGE_CURVE('',#9948,#11450,#11451,.T.);
#9138=EDGE_CURVE('',#11450,#11452,#11453,.T.);
#9139=EDGE_CURVE('',#11452,#9950,#11454,.T.);
#9140=EDGE_CURVE('',#9956,#11455,#11456,.T.);
#9141=EDGE_CURVE('',#11455,#11457,#11458,.T.);
#9142=EDGE_CURVE('',#11457,#9958,#11459,.T.);
#9143=EDGE_CURVE('',#11460,#11461,#11462,.T.);
#9144=EDGE_CURVE('',#11461,#11463,#11464,.T.);
#9145=EDGE_CURVE('',#11465,#11463,#11466,.T.);
#9146=EDGE_CURVE('',#11460,#11465,#11467,.T.);
#9147=EDGE_CURVE('',#11463,#11468,#11469,.T.);
#9148=EDGE_CURVE('',#11470,#11468,#11471,.T.);
#9149=EDGE_CURVE('',#11465,#11470,#11472,.T.);
#9150=EDGE_CURVE('',#11468,#11473,#11474,.T.);
#9151=EDGE_CURVE('',#11475,#11473,#11476,.T.);
#9152=EDGE_CURVE('',#11470,#11475,#11477,.T.);
#9153=EDGE_CURVE('',#11473,#11478,#11479,.T.);
#9154=EDGE_CURVE('',#11480,#11478,#11481,.T.);
#9155=EDGE_CURVE('',#11475,#11480,#11482,.T.);
#9156=EDGE_CURVE('',#11478,#11483,#11484,.T.);
#9157=EDGE_CURVE('',#11485,#11483,#11486,.T.);
#9158=EDGE_CURVE('',#11480,#11485,#11487,.T.);
#9159=EDGE_CURVE('',#11483,#11488,#11489,.T.);
#9160=EDGE_CURVE('',#11490,#11488,#11491,.T.);
#9161=EDGE_CURVE('',#11485,#11490,#11492,.T.);
#9162=EDGE_CURVE('',#11488,#11493,#11494,.T.);
#9163=EDGE_CURVE('',#11495,#11493,#11496,.T.);
#9164=EDGE_CURVE('',#11490,#11495,#11497,.T.);
#9165=EDGE_CURVE('',#11493,#11498,#11499,.T.);
#9166=EDGE_CURVE('',#11500,#11498,#11501,.T.);
#9167=EDGE_CURVE('',#11495,#11500,#11502,.T.);
#9168=EDGE_CURVE('',#11498,#11503,#11504,.T.);
#9169=EDGE_CURVE('',#11505,#11503,#11506,.T.);
#9170=EDGE_CURVE('',#11500,#11505,#11507,.T.);
#9171=EDGE_CURVE('',#11503,#11508,#11509,.T.);
#9172=EDGE_CURVE('',#11510,#11508,#11511,.T.);
#9173=EDGE_CURVE('',#11505,#11510,#11512,.T.);
#9174=EDGE_CURVE('',#11508,#11513,#11514,.T.);
#9175=EDGE_CURVE('',#11515,#11513,#11516,.T.);
#9176=EDGE_CURVE('',#11510,#11515,#11517,.T.);
#9177=EDGE_CURVE('',#11513,#11461,#11518,.T.);
#9178=EDGE_CURVE('',#11515,#11460,#11519,.T.);
#9179=EDGE_CURVE('',#11520,#11521,#11522,.T.);
#9180=EDGE_CURVE('',#11521,#11523,#11524,.T.);
#9181=EDGE_CURVE('',#11525,#11523,#11526,.T.);
#9182=EDGE_CURVE('',#11520,#11525,#11527,.T.);
#9183=EDGE_CURVE('',#11523,#11528,#11529,.T.);
#9184=EDGE_CURVE('',#11530,#11528,#11531,.T.);
#9185=EDGE_CURVE('',#11525,#11530,#11532,.T.);
#9186=EDGE_CURVE('',#11528,#11533,#11534,.T.);
#9187=EDGE_CURVE('',#11535,#11533,#11536,.T.);
#9188=EDGE_CURVE('',#11530,#11535,#11537,.T.);
#9189=EDGE_CURVE('',#11533,#11538,#11539,.T.);
#9190=EDGE_CURVE('',#11540,#11538,#11541,.T.);
#9191=EDGE_CURVE('',#11535,#11540,#11542,.T.);
#9192=EDGE_CURVE('',#11538,#11543,#11544,.T.);
#9193=EDGE_CURVE('',#11545,#11543,#11546,.T.);
#9194=EDGE_CURVE('',#11540,#11545,#11547,.T.);
#9195=EDGE_CURVE('',#11543,#11548,#11549,.T.);
#9196=EDGE_CURVE('',#11550,#11548,#11551,.T.);
#9197=EDGE_CURVE('',#11545,#11550,#11552,.T.);
#9198=EDGE_CURVE('',#11548,#11553,#11554,.T.);
#9199=EDGE_CURVE('',#11555,#11553,#11556,.T.);
#9200=EDGE_CURVE('',#11550,#11555,#11557,.T.);
#9201=EDGE_CURVE('',#11553,#11558,#11559,.T.);
#9202=EDGE_CURVE('',#11560,#11558,#11561,.T.);
#9203=EDGE_CURVE('',#11555,#11560,#11562,.T.);
#9204=EDGE_CURVE('',#11558,#11563,#11564,.T.);
#9205=EDGE_CURVE('',#11565,#11563,#11566,.T.);
#9206=EDGE_CURVE('',#11560,#11565,#11567,.T.);
#9207=EDGE_CURVE('',#11563,#11568,#11569,.T.);
#9208=EDGE_CURVE('',#11570,#11568,#11571,.T.);
#9209=EDGE_CURVE('',#11565,#11570,#11572,.T.);
#9210=EDGE_CURVE('',#11568,#11573,#11574,.T.);
#9211=EDGE_CURVE('',#11575,#11573,#11576,.T.);
#9212=EDGE_CURVE('',#11570,#11575,#11577,.T.);
#9213=EDGE_CURVE('',#11573,#11521,#11578,.T.);
#9214=EDGE_CURVE('',#11575,#11520,#11579,.T.);
#9215=EDGE_CURVE('',#11580,#11581,#11582,.T.);
#9216=EDGE_CURVE('',#11581,#11583,#11584,.T.);
#9217=EDGE_CURVE('',#11585,#11583,#11586,.T.);
#9218=EDGE_CURVE('',#11580,#11585,#11587,.T.);
#9219=EDGE_CURVE('',#11583,#11588,#11589,.T.);
#9220=EDGE_CURVE('',#11590,#11588,#11591,.T.);
#9221=EDGE_CURVE('',#11585,#11590,#11592,.T.);
#9222=EDGE_CURVE('',#11588,#11593,#11594,.T.);
#9223=EDGE_CURVE('',#11595,#11593,#11596,.T.);
#9224=EDGE_CURVE('',#11590,#11595,#11597,.T.);
#9225=EDGE_CURVE('',#11593,#11598,#11599,.T.);
#9226=EDGE_CURVE('',#11600,#11598,#11601,.T.);
#9227=EDGE_CURVE('',#11595,#11600,#11602,.T.);
#9228=EDGE_CURVE('',#11598,#11603,#11604,.T.);
#9229=EDGE_CURVE('',#11605,#11603,#11606,.T.);
#9230=EDGE_CURVE('',#11600,#11605,#11607,.T.);
#9231=EDGE_CURVE('',#11603,#11608,#11609,.T.);
#9232=EDGE_CURVE('',#11610,#11608,#11611,.T.);
#9233=EDGE_CURVE('',#11605,#11610,#11612,.T.);
#9234=EDGE_CURVE('',#11608,#11613,#11614,.T.);
#9235=EDGE_CURVE('',#11615,#11613,#11616,.T.);
#9236=EDGE_CURVE('',#11610,#11615,#11617,.T.);
#9237=EDGE_CURVE('',#11613,#11618,#11619,.T.);
#9238=EDGE_CURVE('',#11620,#11618,#11621,.T.);
#9239=EDGE_CURVE('',#11615,#11620,#11622,.T.);
#9240=EDGE_CURVE('',#11618,#11623,#11624,.T.);
#9241=EDGE_CURVE('',#11625,#11623,#11626,.T.);
#9242=EDGE_CURVE('',#11620,#11625,#11627,.T.);
#9243=EDGE_CURVE('',#11623,#11628,#11629,.T.);
#9244=EDGE_CURVE('',#11630,#11628,#11631,.T.);
#9245=EDGE_CURVE('',#11625,#11630,#11632,.T.);
#9246=EDGE_CURVE('',#11628,#11633,#11634,.T.);
#9247=EDGE_CURVE('',#11635,#11633,#11636,.T.);
#9248=EDGE_CURVE('',#11630,#11635,#11637,.T.);
#9249=EDGE_CURVE('',#11633,#11581,#11638,.T.);
#9250=EDGE_CURVE('',#11635,#11580,#11639,.T.);
#9251=EDGE_CURVE('',#11640,#11641,#11642,.T.);
#9252=EDGE_CURVE('',#11641,#11643,#11644,.T.);
#9253=EDGE_CURVE('',#11645,#11643,#11646,.T.);
#9254=EDGE_CURVE('',#11640,#11645,#11647,.T.);
#9255=EDGE_CURVE('',#11643,#11648,#11649,.T.);
#9256=EDGE_CURVE('',#11650,#11648,#11651,.T.);
#9257=EDGE_CURVE('',#11645,#11650,#11652,.T.);
#9258=EDGE_CURVE('',#11648,#11653,#11654,.T.);
#9259=EDGE_CURVE('',#11655,#11653,#11656,.T.);
#9260=EDGE_CURVE('',#11650,#11655,#11657,.T.);
#9261=EDGE_CURVE('',#11653,#11658,#11659,.T.);
#9262=EDGE_CURVE('',#11660,#11658,#11661,.T.);
#9263=EDGE_CURVE('',#11655,#11660,#11662,.T.);
#9264=EDGE_CURVE('',#11658,#11663,#11664,.T.);
#9265=EDGE_CURVE('',#11665,#11663,#11666,.T.);
#9266=EDGE_CURVE('',#11660,#11665,#11667,.T.);
#9267=EDGE_CURVE('',#11663,#11668,#11669,.T.);
#9268=EDGE_CURVE('',#11670,#11668,#11671,.T.);
#9269=EDGE_CURVE('',#11665,#11670,#11672,.T.);
#9270=EDGE_CURVE('',#11668,#11673,#11674,.T.);
#9271=EDGE_CURVE('',#11675,#11673,#11676,.T.);
#9272=EDGE_CURVE('',#11670,#11675,#11677,.T.);
#9273=EDGE_CURVE('',#11673,#11678,#11679,.T.);
#9274=EDGE_CURVE('',#11680,#11678,#11681,.T.);
#9275=EDGE_CURVE('',#11675,#11680,#11682,.T.);
#9276=EDGE_CURVE('',#11678,#11683,#11684,.T.);
#9277=EDGE_CURVE('',#11685,#11683,#11686,.T.);
#9278=EDGE_CURVE('',#11680,#11685,#11687,.T.);
#9279=EDGE_CURVE('',#11683,#11688,#11689,.T.);
#9280=EDGE_CURVE('',#11690,#11688,#11691,.T.);
#9281=EDGE_CURVE('',#11685,#11690,#11692,.T.);
#9282=EDGE_CURVE('',#11688,#11693,#11694,.T.);
#9283=EDGE_CURVE('',#11695,#11693,#11696,.T.);
#9284=EDGE_CURVE('',#11690,#11695,#11697,.T.);
#9285=EDGE_CURVE('',#11693,#11641,#11698,.T.);
#9286=EDGE_CURVE('',#11695,#11640,#11699,.T.);
#9287=EDGE_CURVE('',#11700,#11701,#11702,.T.);
#9288=EDGE_CURVE('',#11701,#11703,#11704,.T.);
#9289=EDGE_CURVE('',#11705,#11703,#11706,.T.);
#9290=EDGE_CURVE('',#11700,#11705,#11707,.T.);
#9291=EDGE_CURVE('',#11703,#11708,#11709,.T.);
#9292=EDGE_CURVE('',#11710,#11708,#11711,.T.);
#9293=EDGE_CURVE('',#11705,#11710,#11712,.T.);
#9294=EDGE_CURVE('',#11708,#11713,#11714,.T.);
#9295=EDGE_CURVE('',#11715,#11713,#11716,.T.);
#9296=EDGE_CURVE('',#11710,#11715,#11717,.T.);
#9297=EDGE_CURVE('',#11713,#11718,#11719,.T.);
#9298=EDGE_CURVE('',#11720,#11718,#11721,.T.);
#9299=EDGE_CURVE('',#11715,#11720,#11722,.T.);
#9300=EDGE_CURVE('',#11718,#11723,#11724,.T.);
#9301=EDGE_CURVE('',#11725,#11723,#11726,.T.);
#9302=EDGE_CURVE('',#11720,#11725,#11727,.T.);
#9303=EDGE_CURVE('',#11723,#11728,#11729,.T.);
#9304=EDGE_CURVE('',#11730,#11728,#11731,.T.);
#9305=EDGE_CURVE('',#11725,#11730,#11732,.T.);
#9306=EDGE_CURVE('',#11728,#11733,#11734,.T.);
#9307=EDGE_CURVE('',#11735,#11733,#11736,.T.);
#9308=EDGE_CURVE('',#11730,#11735,#11737,.T.);
#9309=EDGE_CURVE('',#11733,#11738,#11739,.T.);
#9310=EDGE_CURVE('',#11740,#11738,#11741,.T.);
#9311=EDGE_CURVE('',#11735,#11740,#11742,.T.);
#9312=EDGE_CURVE('',#11738,#11743,#11744,.T.);
#9313=EDGE_CURVE('',#11745,#11743,#11746,.T.);
#9314=EDGE_CURVE('',#11740,#11745,#11747,.T.);
#9315=EDGE_CURVE('',#11743,#11748,#11749,.T.);
#9316=EDGE_CURVE('',#11750,#11748,#11751,.T.);
#9317=EDGE_CURVE('',#11745,#11750,#11752,.T.);
#9318=EDGE_CURVE('',#11748,#11753,#11754,.T.);
#9319=EDGE_CURVE('',#11755,#11753,#11756,.T.);
#9320=EDGE_CURVE('',#11750,#11755,#11757,.T.);
#9321=EDGE_CURVE('',#11753,#11701,#11758,.T.);
#9322=EDGE_CURVE('',#11755,#11700,#11759,.T.);
#9323=EDGE_CURVE('',#11760,#11761,#11762,.T.);
#9324=EDGE_CURVE('',#11761,#11763,#11764,.T.);
#9325=EDGE_CURVE('',#11765,#11763,#11766,.T.);
#9326=EDGE_CURVE('',#11760,#11765,#11767,.T.);
#9327=EDGE_CURVE('',#11763,#11768,#11769,.T.);
#9328=EDGE_CURVE('',#11770,#11768,#11771,.T.);
#9329=EDGE_CURVE('',#11765,#11770,#11772,.T.);
#9330=EDGE_CURVE('',#11768,#11773,#11774,.T.);
#9331=EDGE_CURVE('',#11775,#11773,#11776,.T.);
#9332=EDGE_CURVE('',#11770,#11775,#11777,.T.);
#9333=EDGE_CURVE('',#11773,#11778,#11779,.T.);
#9334=EDGE_CURVE('',#11780,#11778,#11781,.T.);
#9335=EDGE_CURVE('',#11775,#11780,#11782,.T.);
#9336=EDGE_CURVE('',#11778,#11783,#11784,.T.);
#9337=EDGE_CURVE('',#11785,#11783,#11786,.T.);
#9338=EDGE_CURVE('',#11780,#11785,#11787,.T.);
#9339=EDGE_CURVE('',#11783,#11788,#11789,.T.);
#9340=EDGE_CURVE('',#11790,#11788,#11791,.T.);
#9341=EDGE_CURVE('',#11785,#11790,#11792,.T.);
#9342=EDGE_CURVE('',#11788,#11793,#11794,.T.);
#9343=EDGE_CURVE('',#11795,#11793,#11796,.T.);
#9344=EDGE_CURVE('',#11790,#11795,#11797,.T.);
#9345=EDGE_CURVE('',#11793,#11798,#11799,.T.);
#9346=EDGE_CURVE('',#11800,#11798,#11801,.T.);
#9347=EDGE_CURVE('',#11795,#11800,#11802,.T.);
#9348=EDGE_CURVE('',#11798,#11803,#11804,.T.);
#9349=EDGE_CURVE('',#11805,#11803,#11806,.T.);
#9350=EDGE_CURVE('',#11800,#11805,#11807,.T.);
#9351=EDGE_CURVE('',#11803,#11808,#11809,.T.);
#9352=EDGE_CURVE('',#11810,#11808,#11811,.T.);
#9353=EDGE_CURVE('',#11805,#11810,#11812,.T.);
#9354=EDGE_CURVE('',#11808,#11813,#11814,.T.);
#9355=EDGE_CURVE('',#11815,#11813,#11816,.T.);
#9356=EDGE_CURVE('',#11810,#11815,#11817,.T.);
#9357=EDGE_CURVE('',#11813,#11761,#11818,.T.);
#9358=EDGE_CURVE('',#11815,#11760,#11819,.T.);
#9359=EDGE_CURVE('',#11820,#11821,#11822,.T.);
#9360=EDGE_CURVE('',#11821,#11823,#11824,.T.);
#9361=EDGE_CURVE('',#11825,#11823,#11826,.T.);
#9362=EDGE_CURVE('',#11820,#11825,#11827,.T.);
#9363=EDGE_CURVE('',#11823,#11828,#11829,.T.);
#9364=EDGE_CURVE('',#11830,#11828,#11831,.T.);
#9365=EDGE_CURVE('',#11825,#11830,#11832,.T.);
#9366=EDGE_CURVE('',#11828,#11833,#11834,.T.);
#9367=EDGE_CURVE('',#11835,#11833,#11836,.T.);
#9368=EDGE_CURVE('',#11830,#11835,#11837,.T.);
#9369=EDGE_CURVE('',#11833,#11838,#11839,.T.);
#9370=EDGE_CURVE('',#11840,#11838,#11841,.T.);
#9371=EDGE_CURVE('',#11835,#11840,#11842,.T.);
#9372=EDGE_CURVE('',#11838,#11843,#11844,.T.);
#9373=EDGE_CURVE('',#11845,#11843,#11846,.T.);
#9374=EDGE_CURVE('',#11840,#11845,#11847,.T.);
#9375=EDGE_CURVE('',#11843,#11848,#11849,.T.);
#9376=EDGE_CURVE('',#11850,#11848,#11851,.T.);
#9377=EDGE_CURVE('',#11845,#11850,#11852,.T.);
#9378=EDGE_CURVE('',#11848,#11853,#11854,.T.);
#9379=EDGE_CURVE('',#11855,#11853,#11856,.T.);
#9380=EDGE_CURVE('',#11850,#11855,#11857,.T.);
#9381=EDGE_CURVE('',#11853,#11858,#11859,.T.);
#9382=EDGE_CURVE('',#11860,#11858,#11861,.T.);
#9383=EDGE_CURVE('',#11855,#11860,#11862,.T.);
#9384=EDGE_CURVE('',#11858,#11863,#11864,.T.);
#9385=EDGE_CURVE('',#11865,#11863,#11866,.T.);
#9386=EDGE_CURVE('',#11860,#11865,#11867,.T.);
#9387=EDGE_CURVE('',#11863,#11868,#11869,.T.);
#9388=EDGE_CURVE('',#11870,#11868,#11871,.T.);
#9389=EDGE_CURVE('',#11865,#11870,#11872,.T.);
#9390=EDGE_CURVE('',#11868,#11873,#11874,.T.);
#9391=EDGE_CURVE('',#11875,#11873,#11876,.T.);
#9392=EDGE_CURVE('',#11870,#11875,#11877,.T.);
#9393=EDGE_CURVE('',#11873,#11821,#11878,.T.);
#9394=EDGE_CURVE('',#11875,#11820,#11879,.T.);
#9395=EDGE_CURVE('',#11880,#11881,#11882,.T.);
#9396=EDGE_CURVE('',#11881,#11883,#11884,.T.);
#9397=EDGE_CURVE('',#11885,#11883,#11886,.T.);
#9398=EDGE_CURVE('',#11880,#11885,#11887,.T.);
#9399=EDGE_CURVE('',#11883,#11888,#11889,.T.);
#9400=EDGE_CURVE('',#11890,#11888,#11891,.T.);
#9401=EDGE_CURVE('',#11885,#11890,#11892,.T.);
#9402=EDGE_CURVE('',#11888,#11893,#11894,.T.);
#9403=EDGE_CURVE('',#11895,#11893,#11896,.T.);
#9404=EDGE_CURVE('',#11890,#11895,#11897,.T.);
#9405=EDGE_CURVE('',#11893,#11898,#11899,.T.);
#9406=EDGE_CURVE('',#11900,#11898,#11901,.T.);
#9407=EDGE_CURVE('',#11895,#11900,#11902,.T.);
#9408=EDGE_CURVE('',#11898,#11903,#11904,.T.);
#9409=EDGE_CURVE('',#11905,#11903,#11906,.T.);
#9410=EDGE_CURVE('',#11900,#11905,#11907,.T.);
#9411=EDGE_CURVE('',#11903,#11908,#11909,.T.);
#9412=EDGE_CURVE('',#11910,#11908,#11911,.T.);
#9413=EDGE_CURVE('',#11905,#11910,#11912,.T.);
#9414=EDGE_CURVE('',#11908,#11913,#11914,.T.);
#9415=EDGE_CURVE('',#11915,#11913,#11916,.T.);
#9416=EDGE_CURVE('',#11910,#11915,#11917,.T.);
#9417=EDGE_CURVE('',#11913,#11918,#11919,.T.);
#9418=EDGE_CURVE('',#11920,#11918,#11921,.T.);
#9419=EDGE_CURVE('',#11915,#11920,#11922,.T.);
#9420=EDGE_CURVE('',#11918,#11923,#11924,.T.);
#9421=EDGE_CURVE('',#11925,#11923,#11926,.T.);
#9422=EDGE_CURVE('',#11920,#11925,#11927,.T.);
#9423=EDGE_CURVE('',#11923,#11928,#11929,.T.);
#9424=EDGE_CURVE('',#11930,#11928,#11931,.T.);
#9425=EDGE_CURVE('',#11925,#11930,#11932,.T.);
#9426=EDGE_CURVE('',#11928,#11933,#11934,.T.);
#9427=EDGE_CURVE('',#11935,#11933,#11936,.T.);
#9428=EDGE_CURVE('',#11930,#11935,#11937,.T.);
#9429=EDGE_CURVE('',#11933,#11881,#11938,.T.);
#9430=EDGE_CURVE('',#11935,#11880,#11939,.T.);
#9431=EDGE_CURVE('',#11940,#11941,#11942,.T.);
#9432=EDGE_CURVE('',#11941,#11943,#11944,.T.);
#9433=EDGE_CURVE('',#11945,#11943,#11946,.T.);
#9434=EDGE_CURVE('',#11940,#11945,#11947,.T.);
#9435=EDGE_CURVE('',#11943,#11948,#11949,.T.);
#9436=EDGE_CURVE('',#11950,#11948,#11951,.T.);
#9437=EDGE_CURVE('',#11945,#11950,#11952,.T.);
#9438=EDGE_CURVE('',#11948,#11953,#11954,.T.);
#9439=EDGE_CURVE('',#11955,#11953,#11956,.T.);
#9440=EDGE_CURVE('',#11950,#11955,#11957,.T.);
#9441=EDGE_CURVE('',#11953,#11958,#11959,.T.);
#9442=EDGE_CURVE('',#11960,#11958,#11961,.T.);
#9443=EDGE_CURVE('',#11955,#11960,#11962,.T.);
#9444=EDGE_CURVE('',#11958,#11963,#11964,.T.);
#9445=EDGE_CURVE('',#11965,#11963,#11966,.T.);
#9446=EDGE_CURVE('',#11960,#11965,#11967,.T.);
#9447=EDGE_CURVE('',#11963,#11968,#11969,.T.);
#9448=EDGE_CURVE('',#11970,#11968,#11971,.T.);
#9449=EDGE_CURVE('',#11965,#11970,#11972,.T.);
#9450=EDGE_CURVE('',#11968,#11973,#11974,.T.);
#9451=EDGE_CURVE('',#11975,#11973,#11976,.T.);
#9452=EDGE_CURVE('',#11970,#11975,#11977,.T.);
#9453=EDGE_CURVE('',#11973,#11978,#11979,.T.);
#9454=EDGE_CURVE('',#11980,#11978,#11981,.T.);
#9455=EDGE_CURVE('',#11975,#11980,#11982,.T.);
#9456=EDGE_CURVE('',#11978,#11983,#11984,.T.);
#9457=EDGE_CURVE('',#11985,#11983,#11986,.T.);
#9458=EDGE_CURVE('',#11980,#11985,#11987,.T.);
#9459=EDGE_CURVE('',#11983,#11988,#11989,.T.);
#9460=EDGE_CURVE('',#11990,#11988,#11991,.T.);
#9461=EDGE_CURVE('',#11985,#11990,#11992,.T.);
#9462=EDGE_CURVE('',#11988,#11993,#11994,.T.);
#9463=EDGE_CURVE('',#11995,#11993,#11996,.T.);
#9464=EDGE_CURVE('',#11990,#11995,#11997,.T.);
#9465=EDGE_CURVE('',#11993,#11941,#11998,.T.);
#9466=EDGE_CURVE('',#11995,#11940,#11999,.T.);
#9467=EDGE_CURVE('',#12000,#12001,#12002,.T.);
#9468=EDGE_CURVE('',#12001,#12003,#12004,.T.);
#9469=EDGE_CURVE('',#12005,#12003,#12006,.T.);
#9470=EDGE_CURVE('',#12000,#12005,#12007,.T.);
#9471=EDGE_CURVE('',#12003,#12008,#12009,.T.);
#9472=EDGE_CURVE('',#12010,#12008,#12011,.T.);
#9473=EDGE_CURVE('',#12005,#12010,#12012,.T.);
#9474=EDGE_CURVE('',#12008,#12013,#12014,.T.);
#9475=EDGE_CURVE('',#12015,#12013,#12016,.T.);
#9476=EDGE_CURVE('',#12010,#12015,#12017,.T.);
#9477=EDGE_CURVE('',#12013,#12018,#12019,.T.);
#9478=EDGE_CURVE('',#12020,#12018,#12021,.T.);
#9479=EDGE_CURVE('',#12015,#12020,#12022,.T.);
#9480=EDGE_CURVE('',#12018,#12023,#12024,.T.);
#9481=EDGE_CURVE('',#12025,#12023,#12026,.T.);
#9482=EDGE_CURVE('',#12020,#12025,#12027,.T.);
#9483=EDGE_CURVE('',#12023,#12028,#12029,.T.);
#9484=EDGE_CURVE('',#12030,#12028,#12031,.T.);
#9485=EDGE_CURVE('',#12025,#12030,#12032,.T.);
#9486=EDGE_CURVE('',#12028,#12033,#12034,.T.);
#9487=EDGE_CURVE('',#12035,#12033,#12036,.T.);
#9488=EDGE_CURVE('',#12030,#12035,#12037,.T.);
#9489=EDGE_CURVE('',#12033,#12038,#12039,.T.);
#9490=EDGE_CURVE('',#12040,#12038,#12041,.T.);
#9491=EDGE_CURVE('',#12035,#12040,#12042,.T.);
#9492=EDGE_CURVE('',#12038,#12043,#12044,.T.);
#9493=EDGE_CURVE('',#12045,#12043,#12046,.T.);
#9494=EDGE_CURVE('',#12040,#12045,#12047,.T.);
#9495=EDGE_CURVE('',#12043,#12048,#12049,.T.);
#9496=EDGE_CURVE('',#12050,#12048,#12051,.T.);
#9497=EDGE_CURVE('',#12045,#12050,#12052,.T.);
#9498=EDGE_CURVE('',#12048,#12053,#12054,.T.);
#9499=EDGE_CURVE('',#12055,#12053,#12056,.T.);
#9500=EDGE_CURVE('',#12050,#12055,#12057,.T.);
#9501=EDGE_CURVE('',#12053,#12001,#12058,.T.);
#9502=EDGE_CURVE('',#12055,#12000,#12059,.T.);
#9503=EDGE_CURVE('',#12060,#12061,#12062,.T.);
#9504=EDGE_CURVE('',#12061,#12063,#12064,.T.);
#9505=EDGE_CURVE('',#12065,#12063,#12066,.T.);
#9506=EDGE_CURVE('',#12060,#12065,#12067,.T.);
#9507=EDGE_CURVE('',#12063,#12068,#12069,.T.);
#9508=EDGE_CURVE('',#12070,#12068,#12071,.T.);
#9509=EDGE_CURVE('',#12065,#12070,#12072,.T.);
#9510=EDGE_CURVE('',#12068,#12073,#12074,.T.);
#9511=EDGE_CURVE('',#12075,#12073,#12076,.T.);
#9512=EDGE_CURVE('',#12070,#12075,#12077,.T.);
#9513=EDGE_CURVE('',#12073,#12078,#12079,.T.);
#9514=EDGE_CURVE('',#12080,#12078,#12081,.T.);
#9515=EDGE_CURVE('',#12075,#12080,#12082,.T.);
#9516=EDGE_CURVE('',#12078,#12083,#12084,.T.);
#9517=EDGE_CURVE('',#12085,#12083,#12086,.T.);
#9518=EDGE_CURVE('',#12080,#12085,#12087,.T.);
#9519=EDGE_CURVE('',#12083,#12088,#12089,.T.);
#9520=EDGE_CURVE('',#12090,#12088,#12091,.T.);
#9521=EDGE_CURVE('',#12085,#12090,#12092,.T.);
#9522=EDGE_CURVE('',#12088,#12093,#12094,.T.);
#9523=EDGE_CURVE('',#12095,#12093,#12096,.T.);
#9524=EDGE_CURVE('',#12090,#12095,#12097,.T.);
#9525=EDGE_CURVE('',#12093,#12098,#12099,.T.);
#9526=EDGE_CURVE('',#12100,#12098,#12101,.T.);
#9527=EDGE_CURVE('',#12095,#12100,#12102,.T.);
#9528=EDGE_CURVE('',#12098,#12103,#12104,.T.);
#9529=EDGE_CURVE('',#12105,#12103,#12106,.T.);
#9530=EDGE_CURVE('',#12100,#12105,#12107,.T.);
#9531=EDGE_CURVE('',#12103,#12108,#12109,.T.);
#9532=EDGE_CURVE('',#12110,#12108,#12111,.T.);
#9533=EDGE_CURVE('',#12105,#12110,#12112,.T.);
#9534=EDGE_CURVE('',#12108,#12113,#12114,.T.);
#9535=EDGE_CURVE('',#12115,#12113,#12116,.T.);
#9536=EDGE_CURVE('',#12110,#12115,#12117,.T.);
#9537=EDGE_CURVE('',#12113,#12061,#12118,.T.);
#9538=EDGE_CURVE('',#12115,#12060,#12119,.T.);
#9539=EDGE_CURVE('',#12120,#12121,#12122,.T.);
#9540=EDGE_CURVE('',#12121,#12123,#12124,.T.);
#9541=EDGE_CURVE('',#12125,#12123,#12126,.T.);
#9542=EDGE_CURVE('',#12120,#12125,#12127,.T.);
#9543=EDGE_CURVE('',#12123,#12128,#12129,.T.);
#9544=EDGE_CURVE('',#12130,#12128,#12131,.T.);
#9545=EDGE_CURVE('',#12125,#12130,#12132,.T.);
#9546=EDGE_CURVE('',#12128,#12133,#12134,.T.);
#9547=EDGE_CURVE('',#12135,#12133,#12136,.T.);
#9548=EDGE_CURVE('',#12130,#12135,#12137,.T.);
#9549=EDGE_CURVE('',#12133,#12138,#12139,.T.);
#9550=EDGE_CURVE('',#12140,#12138,#12141,.T.);
#9551=EDGE_CURVE('',#12135,#12140,#12142,.T.);
#9552=EDGE_CURVE('',#12138,#12143,#12144,.T.);
#9553=EDGE_CURVE('',#12145,#12143,#12146,.T.);
#9554=EDGE_CURVE('',#12140,#12145,#12147,.T.);
#9555=EDGE_CURVE('',#12143,#12148,#12149,.T.);
#9556=EDGE_CURVE('',#12150,#12148,#12151,.T.);
#9557=EDGE_CURVE('',#12145,#12150,#12152,.T.);
#9558=EDGE_CURVE('',#12148,#12153,#12154,.T.);
#9559=EDGE_CURVE('',#12155,#12153,#12156,.T.);
#9560=EDGE_CURVE('',#12150,#12155,#12157,.T.);
#9561=EDGE_CURVE('',#12153,#12158,#12159,.T.);
#9562=EDGE_CURVE('',#12160,#12158,#12161,.T.);
#9563=EDGE_CURVE('',#12155,#12160,#12162,.T.);
#9564=EDGE_CURVE('',#12158,#12163,#12164,.T.);
#9565=EDGE_CURVE('',#12165,#12163,#12166,.T.);
#9566=EDGE_CURVE('',#12160,#12165,#12167,.T.);
#9567=EDGE_CURVE('',#12163,#12168,#12169,.T.);
#9568=EDGE_CURVE('',#12170,#12168,#12171,.T.);
#9569=EDGE_CURVE('',#12165,#12170,#12172,.T.);
#9570=EDGE_CURVE('',#12168,#12173,#12174,.T.);
#9571=EDGE_CURVE('',#12175,#12173,#12176,.T.);
#9572=EDGE_CURVE('',#12170,#12175,#12177,.T.);
#9573=EDGE_CURVE('',#12173,#12121,#12178,.T.);
#9574=EDGE_CURVE('',#12175,#12120,#12179,.T.);
#9575=EDGE_CURVE('',#12180,#12181,#12182,.T.);
#9576=EDGE_CURVE('',#12181,#12183,#12184,.T.);
#9577=EDGE_CURVE('',#12185,#12183,#12186,.T.);
#9578=EDGE_CURVE('',#12180,#12185,#12187,.T.);
#9579=EDGE_CURVE('',#12183,#12188,#12189,.T.);
#9580=EDGE_CURVE('',#12190,#12188,#12191,.T.);
#9581=EDGE_CURVE('',#12185,#12190,#12192,.T.);
#9582=EDGE_CURVE('',#12188,#12193,#12194,.T.);
#9583=EDGE_CURVE('',#12195,#12193,#12196,.T.);
#9584=EDGE_CURVE('',#12190,#12195,#12197,.T.);
#9585=EDGE_CURVE('',#12193,#12198,#12199,.T.);
#9586=EDGE_CURVE('',#12200,#12198,#12201,.T.);
#9587=EDGE_CURVE('',#12195,#12200,#12202,.T.);
#9588=EDGE_CURVE('',#12198,#12203,#12204,.T.);
#9589=EDGE_CURVE('',#12205,#12203,#12206,.T.);
#9590=EDGE_CURVE('',#12200,#12205,#12207,.T.);
#9591=EDGE_CURVE('',#12203,#12208,#12209,.T.);
#9592=EDGE_CURVE('',#12210,#12208,#12211,.T.);
#9593=EDGE_CURVE('',#12205,#12210,#12212,.T.);
#9594=EDGE_CURVE('',#12208,#12213,#12214,.T.);
#9595=EDGE_CURVE('',#12215,#12213,#12216,.T.);
#9596=EDGE_CURVE('',#12210,#12215,#12217,.T.);
#9597=EDGE_CURVE('',#12213,#12218,#12219,.T.);
#9598=EDGE_CURVE('',#12220,#12218,#12221,.T.);
#9599=EDGE_CURVE('',#12215,#12220,#12222,.T.);
#9600=EDGE_CURVE('',#12218,#12223,#12224,.T.);
#9601=EDGE_CURVE('',#12225,#12223,#12226,.T.);
#9602=EDGE_CURVE('',#12220,#12225,#12227,.T.);
#9603=EDGE_CURVE('',#12223,#12228,#12229,.T.);
#9604=EDGE_CURVE('',#12230,#12228,#12231,.T.);
#9605=EDGE_CURVE('',#12225,#12230,#12232,.T.);
#9606=EDGE_CURVE('',#12228,#12233,#12234,.T.);
#9607=EDGE_CURVE('',#12235,#12233,#12236,.T.);
#9608=EDGE_CURVE('',#12230,#12235,#12237,.T.);
#9609=EDGE_CURVE('',#12233,#12181,#12238,.T.);
#9610=EDGE_CURVE('',#12235,#12180,#12239,.T.);
#9611=EDGE_CURVE('',#10827,#10024,#12240,.T.);
#9612=EDGE_CURVE('',#10829,#10022,#12241,.T.);
#9613=EDGE_CURVE('',#10825,#10026,#12242,.T.);
#9614=EDGE_CURVE('',#10823,#10028,#12243,.T.);
#9615=EDGE_CURVE('',#10818,#10036,#12244,.T.);
#9616=EDGE_CURVE('',#10820,#10034,#12245,.T.);
#9617=EDGE_CURVE('',#10816,#10038,#12246,.T.);
#9618=EDGE_CURVE('',#10814,#10040,#12247,.T.);
#9619=EDGE_CURVE('',#10809,#10048,#12248,.T.);
#9620=EDGE_CURVE('',#10811,#10046,#12249,.T.);
#9621=EDGE_CURVE('',#10807,#10050,#12250,.T.);
#9622=EDGE_CURVE('',#10805,#10052,#12251,.T.);
#9623=EDGE_CURVE('',#10800,#10060,#12252,.T.);
#9624=EDGE_CURVE('',#10802,#10058,#12253,.T.);
#9625=EDGE_CURVE('',#10798,#10062,#12254,.T.);
#9626=EDGE_CURVE('',#10796,#10064,#12255,.T.);
#9627=EDGE_CURVE('',#10791,#10072,#12256,.T.);
#9628=EDGE_CURVE('',#10793,#10070,#12257,.T.);
#9629=EDGE_CURVE('',#10789,#10074,#12258,.T.);
#9630=EDGE_CURVE('',#10787,#10076,#12259,.T.);
#9631=EDGE_CURVE('',#10782,#10084,#12260,.T.);
#9632=EDGE_CURVE('',#10784,#10082,#12261,.T.);
#9633=EDGE_CURVE('',#10780,#10086,#12262,.T.);
#9634=EDGE_CURVE('',#10778,#10088,#12263,.T.);
#9635=EDGE_CURVE('',#10773,#10096,#12264,.T.);
#9636=EDGE_CURVE('',#10775,#10094,#12265,.T.);
#9637=EDGE_CURVE('',#10771,#10098,#12266,.T.);
#9638=EDGE_CURVE('',#10769,#10100,#12267,.T.);
#9639=EDGE_CURVE('',#10764,#10108,#12268,.T.);
#9640=EDGE_CURVE('',#10766,#10106,#12269,.T.);
#9641=EDGE_CURVE('',#10762,#10110,#12270,.T.);
#9642=EDGE_CURVE('',#10760,#10112,#12271,.T.);
#9643=EDGE_CURVE('',#10755,#10120,#12272,.T.);
#9644=EDGE_CURVE('',#10757,#10118,#12273,.T.);
#9645=EDGE_CURVE('',#10753,#10122,#12274,.T.);
#9646=EDGE_CURVE('',#10751,#10124,#12275,.T.);
#9647=EDGE_CURVE('',#10746,#10132,#12276,.T.);
#9648=EDGE_CURVE('',#10748,#10130,#12277,.T.);
#9649=EDGE_CURVE('',#10744,#10134,#12278,.T.);
#9650=EDGE_CURVE('',#10742,#10136,#12279,.T.);
#9651=EDGE_CURVE('',#10737,#10144,#12280,.T.);
#9652=EDGE_CURVE('',#10739,#10142,#12281,.T.);
#9653=EDGE_CURVE('',#10735,#10146,#12282,.T.);
#9654=EDGE_CURVE('',#10733,#10148,#12283,.T.);
#9655=EDGE_CURVE('',#10728,#10156,#12284,.T.);
#9656=EDGE_CURVE('',#10730,#10154,#12285,.T.);
#9657=EDGE_CURVE('',#10726,#10158,#12286,.T.);
#9658=EDGE_CURVE('',#10724,#10160,#12287,.T.);
#9659=EDGE_CURVE('',#10719,#9992,#12288,.T.);
#9660=EDGE_CURVE('',#10721,#9990,#12289,.T.);
#9661=EDGE_CURVE('',#10717,#9994,#12290,.T.);
#9662=EDGE_CURVE('',#10715,#9996,#12291,.T.);
#9663=EDGE_CURVE('',#10954,#11478,#12292,.T.);
#9664=EDGE_CURVE('',#11483,#10952,#12293,.T.);
#9665=EDGE_CURVE('',#11488,#10950,#12294,.T.);
#9666=EDGE_CURVE('',#10956,#11473,#12295,.T.);
#9667=EDGE_CURVE('',#11493,#10948,#12296,.T.);
#9668=EDGE_CURVE('',#10958,#11468,#12297,.T.);
#9669=EDGE_CURVE('',#11498,#10946,#12298,.T.);
#9670=EDGE_CURVE('',#10960,#11463,#12299,.T.);
#9671=EDGE_CURVE('',#11503,#10944,#12300,.T.);
#9672=EDGE_CURVE('',#10939,#11461,#12301,.T.);
#9673=EDGE_CURVE('',#11508,#10942,#12302,.T.);
#9674=EDGE_CURVE('',#10940,#11513,#12303,.T.);
#9675=EDGE_CURVE('',#10978,#11538,#12304,.T.);
#9676=EDGE_CURVE('',#11543,#10976,#12305,.T.);
#9677=EDGE_CURVE('',#11548,#10974,#12306,.T.);
#9678=EDGE_CURVE('',#10980,#11533,#12307,.T.);
#9679=EDGE_CURVE('',#11553,#10972,#12308,.T.);
#9680=EDGE_CURVE('',#10982,#11528,#12309,.T.);
#9681=EDGE_CURVE('',#11558,#10970,#12310,.T.);
#9682=EDGE_CURVE('',#10984,#11523,#12311,.T.);
#9683=EDGE_CURVE('',#11563,#10968,#12312,.T.);
#9684=EDGE_CURVE('',#10963,#11521,#12313,.T.);
#9685=EDGE_CURVE('',#11568,#10966,#12314,.T.);
#9686=EDGE_CURVE('',#10964,#11573,#12315,.T.);
#9687=EDGE_CURVE('',#11002,#11598,#12316,.T.);
#9688=EDGE_CURVE('',#11603,#11000,#12317,.T.);
#9689=EDGE_CURVE('',#11608,#10998,#12318,.T.);
#9690=EDGE_CURVE('',#11004,#11593,#12319,.T.);
#9691=EDGE_CURVE('',#11613,#10996,#12320,.T.);
#9692=EDGE_CURVE('',#11006,#11588,#12321,.T.);
#9693=EDGE_CURVE('',#11618,#10994,#12322,.T.);
#9694=EDGE_CURVE('',#11008,#11583,#12323,.T.);
#9695=EDGE_CURVE('',#11623,#10992,#12324,.T.);
#9696=EDGE_CURVE('',#10987,#11581,#12325,.T.);
#9697=EDGE_CURVE('',#11628,#10990,#12326,.T.);
#9698=EDGE_CURVE('',#10988,#11633,#12327,.T.);
#9699=EDGE_CURVE('',#11026,#11658,#12328,.T.);
#9700=EDGE_CURVE('',#11663,#11024,#12329,.T.);
#9701=EDGE_CURVE('',#11668,#11022,#12330,.T.);
#9702=EDGE_CURVE('',#11028,#11653,#12331,.T.);
#9703=EDGE_CURVE('',#11673,#11020,#12332,.T.);
#9704=EDGE_CURVE('',#11030,#11648,#12333,.T.);
#9705=EDGE_CURVE('',#11678,#11018,#12334,.T.);
#9706=EDGE_CURVE('',#11032,#11643,#12335,.T.);
#9707=EDGE_CURVE('',#11683,#11016,#12336,.T.);
#9708=EDGE_CURVE('',#11011,#11641,#12337,.T.);
#9709=EDGE_CURVE('',#11688,#11014,#12338,.T.);
#9710=EDGE_CURVE('',#11012,#11693,#12339,.T.);
#9711=EDGE_CURVE('',#11050,#11718,#12340,.T.);
#9712=EDGE_CURVE('',#11723,#11048,#12341,.T.);
#9713=EDGE_CURVE('',#11728,#11046,#12342,.T.);
#9714=EDGE_CURVE('',#11052,#11713,#12343,.T.);
#9715=EDGE_CURVE('',#11733,#11044,#12344,.T.);
#9716=EDGE_CURVE('',#11054,#11708,#12345,.T.);
#9717=EDGE_CURVE('',#11738,#11042,#12346,.T.);
#9718=EDGE_CURVE('',#11056,#11703,#12347,.T.);
#9719=EDGE_CURVE('',#11743,#11040,#12348,.T.);
#9720=EDGE_CURVE('',#11035,#11701,#12349,.T.);
#9721=EDGE_CURVE('',#11748,#11038,#12350,.T.);
#9722=EDGE_CURVE('',#11036,#11753,#12351,.T.);
#9723=EDGE_CURVE('',#11074,#11778,#12352,.T.);
#9724=EDGE_CURVE('',#11783,#11072,#12353,.T.);
#9725=EDGE_CURVE('',#11788,#11070,#12354,.T.);
#9726=EDGE_CURVE('',#11076,#11773,#12355,.T.);
#9727=EDGE_CURVE('',#11793,#11068,#12356,.T.);
#9728=EDGE_CURVE('',#11078,#11768,#12357,.T.);
#9729=EDGE_CURVE('',#11798,#11066,#12358,.T.);
#9730=EDGE_CURVE('',#11080,#11763,#12359,.T.);
#9731=EDGE_CURVE('',#11803,#11064,#12360,.T.);
#9732=EDGE_CURVE('',#11059,#11761,#12361,.T.);
#9733=EDGE_CURVE('',#11808,#11062,#12362,.T.);
#9734=EDGE_CURVE('',#11060,#11813,#12363,.T.);
#9735=EDGE_CURVE('',#11098,#11838,#12364,.T.);
#9736=EDGE_CURVE('',#11843,#11096,#12365,.T.);
#9737=EDGE_CURVE('',#11848,#11094,#12366,.T.);
#9738=EDGE_CURVE('',#11100,#11833,#12367,.T.);
#9739=EDGE_CURVE('',#11853,#11092,#12368,.T.);
#9740=EDGE_CURVE('',#11102,#11828,#12369,.T.);
#9741=EDGE_CURVE('',#11858,#11090,#12370,.T.);
#9742=EDGE_CURVE('',#11104,#11823,#12371,.T.);
#9743=EDGE_CURVE('',#11863,#11088,#12372,.T.);
#9744=EDGE_CURVE('',#11083,#11821,#12373,.T.);
#9745=EDGE_CURVE('',#11868,#11086,#12374,.T.);
#9746=EDGE_CURVE('',#11084,#11873,#12375,.T.);
#9747=EDGE_CURVE('',#11122,#11898,#12376,.T.);
#9748=EDGE_CURVE('',#11903,#11120,#12377,.T.);
#9749=EDGE_CURVE('',#11908,#11118,#12378,.T.);
#9750=EDGE_CURVE('',#11124,#11893,#12379,.T.);
#9751=EDGE_CURVE('',#11913,#11116,#12380,.T.);
#9752=EDGE_CURVE('',#11126,#11888,#12381,.T.);
#9753=EDGE_CURVE('',#11918,#11114,#12382,.T.);
#9754=EDGE_CURVE('',#11128,#11883,#12383,.T.);
#9755=EDGE_CURVE('',#11923,#11112,#12384,.T.);
#9756=EDGE_CURVE('',#11107,#11881,#12385,.T.);
#9757=EDGE_CURVE('',#11928,#11110,#12386,.T.);
#9758=EDGE_CURVE('',#11108,#11933,#12387,.T.);
#9759=EDGE_CURVE('',#11146,#11958,#12388,.T.);
#9760=EDGE_CURVE('',#11963,#11144,#12389,.T.);
#9761=EDGE_CURVE('',#11968,#11142,#12390,.T.);
#9762=EDGE_CURVE('',#11148,#11953,#12391,.T.);
#9763=EDGE_CURVE('',#11973,#11140,#12392,.T.);
#9764=EDGE_CURVE('',#11150,#11948,#12393,.T.);
#9765=EDGE_CURVE('',#11978,#11138,#12394,.T.);
#9766=EDGE_CURVE('',#11152,#11943,#12395,.T.);
#9767=EDGE_CURVE('',#11983,#11136,#12396,.T.);
#9768=EDGE_CURVE('',#11131,#11941,#12397,.T.);
#9769=EDGE_CURVE('',#11988,#11134,#12398,.T.);
#9770=EDGE_CURVE('',#11132,#11993,#12399,.T.);
#9771=EDGE_CURVE('',#11170,#12018,#12400,.T.);
#9772=EDGE_CURVE('',#12023,#11168,#12401,.T.);
#9773=EDGE_CURVE('',#12028,#11166,#12402,.T.);
#9774=EDGE_CURVE('',#11172,#12013,#12403,.T.);
#9775=EDGE_CURVE('',#12033,#11164,#12404,.T.);
#9776=EDGE_CURVE('',#11174,#12008,#12405,.T.);
#9777=EDGE_CURVE('',#12038,#11162,#12406,.T.);
#9778=EDGE_CURVE('',#11176,#12003,#12407,.T.);
#9779=EDGE_CURVE('',#12043,#11160,#12408,.T.);
#9780=EDGE_CURVE('',#11155,#12001,#12409,.T.);
#9781=EDGE_CURVE('',#12048,#11158,#12410,.T.);
#9782=EDGE_CURVE('',#11156,#12053,#12411,.T.);
#9783=EDGE_CURVE('',#11194,#12078,#12412,.T.);
#9784=EDGE_CURVE('',#12083,#11192,#12413,.T.);
#9785=EDGE_CURVE('',#12088,#11190,#12414,.T.);
#9786=EDGE_CURVE('',#11196,#12073,#12415,.T.);
#9787=EDGE_CURVE('',#12093,#11188,#12416,.T.);
#9788=EDGE_CURVE('',#11198,#12068,#12417,.T.);
#9789=EDGE_CURVE('',#12098,#11186,#12418,.T.);
#9790=EDGE_CURVE('',#11200,#12063,#12419,.T.);
#9791=EDGE_CURVE('',#12103,#11184,#12420,.T.);
#9792=EDGE_CURVE('',#11179,#12061,#12421,.T.);
#9793=EDGE_CURVE('',#12108,#11182,#12422,.T.);
#9794=EDGE_CURVE('',#11180,#12113,#12423,.T.);
#9795=EDGE_CURVE('',#11218,#12138,#12424,.T.);
#9796=EDGE_CURVE('',#12143,#11216,#12425,.T.);
#9797=EDGE_CURVE('',#12148,#11214,#12426,.T.);
#9798=EDGE_CURVE('',#11220,#12133,#12427,.T.);
#9799=EDGE_CURVE('',#12153,#11212,#12428,.T.);
#9800=EDGE_CURVE('',#11222,#12128,#12429,.T.);
#9801=EDGE_CURVE('',#12158,#11210,#12430,.T.);
#9802=EDGE_CURVE('',#11224,#12123,#12431,.T.);
#9803=EDGE_CURVE('',#12163,#11208,#12432,.T.);
#9804=EDGE_CURVE('',#11203,#12121,#12433,.T.);
#9805=EDGE_CURVE('',#12168,#11206,#12434,.T.);
#9806=EDGE_CURVE('',#11204,#12173,#12435,.T.);
#9807=EDGE_CURVE('',#11242,#12198,#12436,.T.);
#9808=EDGE_CURVE('',#12203,#11240,#12437,.T.);
#9809=EDGE_CURVE('',#12208,#11238,#12438,.T.);
#9810=EDGE_CURVE('',#11244,#12193,#12439,.T.);
#9811=EDGE_CURVE('',#12213,#11236,#12440,.T.);
#9812=EDGE_CURVE('',#11246,#12188,#12441,.T.);
#9813=EDGE_CURVE('',#12218,#11234,#12442,.T.);
#9814=EDGE_CURVE('',#11248,#12183,#12443,.T.);
#9815=EDGE_CURVE('',#12223,#11232,#12444,.T.);
#9816=EDGE_CURVE('',#11227,#12181,#12445,.T.);
#9817=EDGE_CURVE('',#12228,#11230,#12446,.T.);
#9818=EDGE_CURVE('',#11228,#12233,#12447,.T.);
#9819=EDGE_CURVE('',#11395,#10237,#12448,.T.);
#9820=EDGE_CURVE('',#11397,#10235,#12449,.T.);
#9821=EDGE_CURVE('',#11400,#10304,#12450,.T.);
#9822=EDGE_CURVE('',#11402,#10302,#12451,.T.);
#9823=EDGE_CURVE('',#11405,#10299,#12452,.T.);
#9824=EDGE_CURVE('',#11407,#10297,#12453,.T.);
#9825=EDGE_CURVE('',#11410,#10294,#12454,.T.);
#9826=EDGE_CURVE('',#11412,#10292,#12455,.T.);
#9827=EDGE_CURVE('',#11415,#10289,#12456,.T.);
#9828=EDGE_CURVE('',#11417,#10287,#12457,.T.);
#9829=EDGE_CURVE('',#11420,#10284,#12458,.T.);
#9830=EDGE_CURVE('',#11422,#10282,#12459,.T.);
#9831=EDGE_CURVE('',#11425,#10279,#12460,.T.);
#9832=EDGE_CURVE('',#11427,#10277,#12461,.T.);
#9833=EDGE_CURVE('',#11430,#10274,#12462,.T.);
#9834=EDGE_CURVE('',#11432,#10272,#12463,.T.);
#9835=EDGE_CURVE('',#11435,#10269,#12464,.T.);
#9836=EDGE_CURVE('',#11437,#10267,#12465,.T.);
#9837=EDGE_CURVE('',#11440,#10264,#12466,.T.);
#9838=EDGE_CURVE('',#11442,#10262,#12467,.T.);
#9839=EDGE_CURVE('',#11445,#10259,#12468,.T.);
#9840=EDGE_CURVE('',#11447,#10257,#12469,.T.);
#9841=EDGE_CURVE('',#11450,#10254,#12470,.T.);
#9842=EDGE_CURVE('',#11452,#10252,#12471,.T.);
#9843=EDGE_CURVE('',#11455,#10249,#12472,.T.);
#9844=EDGE_CURVE('',#11457,#10247,#12473,.T.);
#9845=EDGE_CURVE('',#12474,#12475,#12476,.T.);
#9846=EDGE_CURVE('',#12474,#9981,#12477,.T.);
#9847=EDGE_CURVE('',#9982,#12475,#12478,.T.);
#9848=EDGE_CURVE('',#9984,#12479,#12480,.T.);
#9849=EDGE_CURVE('',#12481,#12479,#12482,.T.);
#9850=EDGE_CURVE('',#12481,#9986,#12483,.T.);
#9851=EDGE_CURVE('',#12479,#12474,#12484,.T.);
#9852=EDGE_CURVE('',#12475,#12481,#12485,.T.);
#9853=VERTEX_POINT('',#12486);
#9854=VERTEX_POINT('',#12487);
#9855=LINE('',#12488,#12489);
#9856=VERTEX_POINT('',#12490);
#9857=LINE('',#12491,#12492);
#9858=VERTEX_POINT('',#12493);
#9859=LINE('',#12494,#12495);
#9860=LINE('',#12496,#12497);
#9861=VERTEX_POINT('',#12498);
#9862=VERTEX_POINT('',#12499);
#9863=LINE('',#12500,#12501);
#9864=VERTEX_POINT('',#12502);
#9865=LINE('',#12503,#12504);
#9866=VERTEX_POINT('',#12505);
#9867=LINE('',#12506,#12507);
#9868=VERTEX_POINT('',#12508);
#9869=LINE('',#12509,#12510);
#9870=VERTEX_POINT('',#12511);
#9871=LINE('',#12512,#12513);
#9872=VERTEX_POINT('',#12514);
#9873=LINE('',#12515,#12516);
#9874=VERTEX_POINT('',#12517);
#9875=LINE('',#12518,#12519);
#9876=VERTEX_POINT('',#12520);
#9877=LINE('',#12521,#12522);
#9878=VERTEX_POINT('',#12523);
#9879=LINE('',#12524,#12525);
#9880=VERTEX_POINT('',#12526);
#9881=LINE('',#12527,#12528);
#9882=VERTEX_POINT('',#12529);
#9883=LINE('',#12530,#12531);
#9884=VERTEX_POINT('',#12532);
#9885=LINE('',#12533,#12534);
#9886=VERTEX_POINT('',#12535);
#9887=LINE('',#12536,#12537);
#9888=VERTEX_POINT('',#12538);
#9889=LINE('',#12539,#12540);
#9890=VERTEX_POINT('',#12541);
#9891=LINE('',#12542,#12543);
#9892=VERTEX_POINT('',#12544);
#9893=LINE('',#12545,#12546);
#9894=VERTEX_POINT('',#12547);
#9895=LINE('',#12548,#12549);
#9896=VERTEX_POINT('',#12550);
#9897=LINE('',#12551,#12552);
#9898=VERTEX_POINT('',#12553);
#9899=LINE('',#12554,#12555);
#9900=VERTEX_POINT('',#12556);
#9901=LINE('',#12557,#12558);
#9902=VERTEX_POINT('',#12559);
#9903=LINE('',#12560,#12561);
#9904=VERTEX_POINT('',#12562);
#9905=LINE('',#12563,#12564);
#9906=VERTEX_POINT('',#12565);
#9907=LINE('',#12566,#12567);
#9908=VERTEX_POINT('',#12568);
#9909=LINE('',#12569,#12570);
#9910=VERTEX_POINT('',#12571);
#9911=LINE('',#12572,#12573);
#9912=VERTEX_POINT('',#12574);
#9913=LINE('',#12575,#12576);
#9914=VERTEX_POINT('',#12577);
#9915=LINE('',#12578,#12579);
#9916=VERTEX_POINT('',#12580);
#9917=LINE('',#12581,#12582);
#9918=VERTEX_POINT('',#12583);
#9919=LINE('',#12584,#12585);
#9920=VERTEX_POINT('',#12586);
#9921=LINE('',#12587,#12588);
#9922=VERTEX_POINT('',#12589);
#9923=LINE('',#12590,#12591);
#9924=VERTEX_POINT('',#12592);
#9925=LINE('',#12593,#12594);
#9926=VERTEX_POINT('',#12595);
#9927=LINE('',#12596,#12597);
#9928=VERTEX_POINT('',#12598);
#9929=LINE('',#12599,#12600);
#9930=VERTEX_POINT('',#12601);
#9931=LINE('',#12602,#12603);
#9932=VERTEX_POINT('',#12604);
#9933=LINE('',#12605,#12606);
#9934=VERTEX_POINT('',#12607);
#9935=LINE('',#12608,#12609);
#9936=VERTEX_POINT('',#12610);
#9937=LINE('',#12611,#12612);
#9938=VERTEX_POINT('',#12613);
#9939=LINE('',#12614,#12615);
#9940=VERTEX_POINT('',#12616);
#9941=LINE('',#12617,#12618);
#9942=VERTEX_POINT('',#12619);
#9943=LINE('',#12620,#12621);
#9944=VERTEX_POINT('',#12622);
#9945=LINE('',#12623,#12624);
#9946=VERTEX_POINT('',#12625);
#9947=LINE('',#12626,#12627);
#9948=VERTEX_POINT('',#12628);
#9949=LINE('',#12629,#12630);
#9950=VERTEX_POINT('',#12631);
#9951=LINE('',#12632,#12633);
#9952=VERTEX_POINT('',#12634);
#9953=LINE('',#12635,#12636);
#9954=VERTEX_POINT('',#12637);
#9955=LINE('',#12638,#12639);
#9956=VERTEX_POINT('',#12640);
#9957=LINE('',#12641,#12642);
#9958=VERTEX_POINT('',#12643);
#9959=LINE('',#12644,#12645);
#9960=VERTEX_POINT('',#12646);
#9961=LINE('',#12647,#12648);
#9962=VERTEX_POINT('',#12649);
#9963=LINE('',#12650,#12651);
#9964=VERTEX_POINT('',#12652);
#9965=LINE('',#12653,#12654);
#9966=VERTEX_POINT('',#12655);
#9967=LINE('',#12656,#12657);
#9968=VERTEX_POINT('',#12658);
#9969=LINE('',#12659,#12660);
#9970=VERTEX_POINT('',#12661);
#9971=LINE('',#12662,#12663);
#9972=VERTEX_POINT('',#12664);
#9973=LINE('',#12665,#12666);
#9974=VERTEX_POINT('',#12667);
#9975=LINE('',#12668,#12669);
#9976=VERTEX_POINT('',#12670);
#9977=LINE('',#12671,#12672);
#9978=VERTEX_POINT('',#12673);
#9979=LINE('',#12674,#12675);
#9980=LINE('',#12676,#12677);
#9981=VERTEX_POINT('',#12678);
#9982=VERTEX_POINT('',#12679);
#9983=LINE('',#12680,#12681);
#9984=VERTEX_POINT('',#12682);
#9985=LINE('',#12683,#12684);
#9986=VERTEX_POINT('',#12685);
#9987=LINE('',#12686,#12687);
#9988=LINE('',#12688,#12689);
#9989=VERTEX_POINT('',#12690);
#9990=VERTEX_POINT('',#12691);
#9991=LINE('',#12692,#12693);
#9992=VERTEX_POINT('',#12694);
#9993=LINE('',#12695,#12696);
#9994=VERTEX_POINT('',#12697);
#9995=LINE('',#12698,#12699);
#9996=VERTEX_POINT('',#12700);
#9997=LINE('',#12701,#12702);
#9998=VERTEX_POINT('',#12703);
#9999=LINE('',#12704,#12705);
#10000=VERTEX_POINT('',#12706);
#10001=LINE('',#12707,#12708);
#10002=VERTEX_POINT('',#12709);
#10003=LINE('',#12710,#12711);
#10004=VERTEX_POINT('',#12712);
#10005=LINE('',#12713,#12714);
#10006=VERTEX_POINT('',#12715);
#10007=LINE('',#12716,#12717);
#10008=VERTEX_POINT('',#12718);
#10009=LINE('',#12719,#12720);
#10010=VERTEX_POINT('',#12721);
#10011=LINE('',#12722,#12723);
#10012=VERTEX_POINT('',#12724);
#10013=LINE('',#12725,#12726);
#10014=VERTEX_POINT('',#12727);
#10015=LINE('',#12728,#12729);
#10016=VERTEX_POINT('',#12730);
#10017=LINE('',#12731,#12732);
#10018=VERTEX_POINT('',#12733);
#10019=LINE('',#12734,#12735);
#10020=VERTEX_POINT('',#12736);
#10021=LINE('',#12737,#12738);
#10022=VERTEX_POINT('',#12739);
#10023=LINE('',#12740,#12741);
#10024=VERTEX_POINT('',#12742);
#10025=LINE('',#12743,#12744);
#10026=VERTEX_POINT('',#12745);
#10027=LINE('',#12746,#12747);
#10028=VERTEX_POINT('',#12748);
#10029=LINE('',#12749,#12750);
#10030=VERTEX_POINT('',#12751);
#10031=LINE('',#12752,#12753);
#10032=VERTEX_POINT('',#12754);
#10033=LINE('',#12755,#12756);
#10034=VERTEX_POINT('',#12757);
#10035=LINE('',#12758,#12759);
#10036=VERTEX_POINT('',#12760);
#10037=LINE('',#12761,#12762);
#10038=VERTEX_POINT('',#12763);
#10039=LINE('',#12764,#12765);
#10040=VERTEX_POINT('',#12766);
#10041=LINE('',#12767,#12768);
#10042=VERTEX_POINT('',#12769);
#10043=LINE('',#12770,#12771);
#10044=VERTEX_POINT('',#12772);
#10045=LINE('',#12773,#12774);
#10046=VERTEX_POINT('',#12775);
#10047=LINE('',#12776,#12777);
#10048=VERTEX_POINT('',#12778);
#10049=LINE('',#12779,#12780);
#10050=VERTEX_POINT('',#12781);
#10051=LINE('',#12782,#12783);
#10052=VERTEX_POINT('',#12784);
#10053=LINE('',#12785,#12786);
#10054=VERTEX_POINT('',#12787);
#10055=LINE('',#12788,#12789);
#10056=VERTEX_POINT('',#12790);
#10057=LINE('',#12791,#12792);
#10058=VERTEX_POINT('',#12793);
#10059=LINE('',#12794,#12795);
#10060=VERTEX_POINT('',#12796);
#10061=LINE('',#12797,#12798);
#10062=VERTEX_POINT('',#12799);
#10063=LINE('',#12800,#12801);
#10064=VERTEX_POINT('',#12802);
#10065=LINE('',#12803,#12804);
#10066=VERTEX_POINT('',#12805);
#10067=LINE('',#12806,#12807);
#10068=VERTEX_POINT('',#12808);
#10069=LINE('',#12809,#12810);
#10070=VERTEX_POINT('',#12811);
#10071=LINE('',#12812,#12813);
#10072=VERTEX_POINT('',#12814);
#10073=LINE('',#12815,#12816);
#10074=VERTEX_POINT('',#12817);
#10075=LINE('',#12818,#12819);
#10076=VERTEX_POINT('',#12820);
#10077=LINE('',#12821,#12822);
#10078=VERTEX_POINT('',#12823);
#10079=LINE('',#12824,#12825);
#10080=VERTEX_POINT('',#12826);
#10081=LINE('',#12827,#12828);
#10082=VERTEX_POINT('',#12829);
#10083=LINE('',#12830,#12831);
#10084=VERTEX_POINT('',#12832);
#10085=LINE('',#12833,#12834);
#10086=VERTEX_POINT('',#12835);
#10087=LINE('',#12836,#12837);
#10088=VERTEX_POINT('',#12838);
#10089=LINE('',#12839,#12840);
#10090=VERTEX_POINT('',#12841);
#10091=LINE('',#12842,#12843);
#10092=VERTEX_POINT('',#12844);
#10093=LINE('',#12845,#12846);
#10094=VERTEX_POINT('',#12847);
#10095=LINE('',#12848,#12849);
#10096=VERTEX_POINT('',#12850);
#10097=LINE('',#12851,#12852);
#10098=VERTEX_POINT('',#12853);
#10099=LINE('',#12854,#12855);
#10100=VERTEX_POINT('',#12856);
#10101=LINE('',#12857,#12858);
#10102=VERTEX_POINT('',#12859);
#10103=LINE('',#12860,#12861);
#10104=VERTEX_POINT('',#12862);
#10105=LINE('',#12863,#12864);
#10106=VERTEX_POINT('',#12865);
#10107=LINE('',#12866,#12867);
#10108=VERTEX_POINT('',#12868);
#10109=LINE('',#12869,#12870);
#10110=VERTEX_POINT('',#12871);
#10111=LINE('',#12872,#12873);
#10112=VERTEX_POINT('',#12874);
#10113=LINE('',#12875,#12876);
#10114=VERTEX_POINT('',#12877);
#10115=LINE('',#12878,#12879);
#10116=VERTEX_POINT('',#12880);
#10117=LINE('',#12881,#12882);
#10118=VERTEX_POINT('',#12883);
#10119=LINE('',#12884,#12885);
#10120=VERTEX_POINT('',#12886);
#10121=LINE('',#12887,#12888);
#10122=VERTEX_POINT('',#12889);
#10123=LINE('',#12890,#12891);
#10124=VERTEX_POINT('',#12892);
#10125=LINE('',#12893,#12894);
#10126=VERTEX_POINT('',#12895);
#10127=LINE('',#12896,#12897);
#10128=VERTEX_POINT('',#12898);
#10129=LINE('',#12899,#12900);
#10130=VERTEX_POINT('',#12901);
#10131=LINE('',#12902,#12903);
#10132=VERTEX_POINT('',#12904);
#10133=LINE('',#12905,#12906);
#10134=VERTEX_POINT('',#12907);
#10135=LINE('',#12908,#12909);
#10136=VERTEX_POINT('',#12910);
#10137=LINE('',#12911,#12912);
#10138=VERTEX_POINT('',#12913);
#10139=LINE('',#12914,#12915);
#10140=VERTEX_POINT('',#12916);
#10141=LINE('',#12917,#12918);
#10142=VERTEX_POINT('',#12919);
#10143=LINE('',#12920,#12921);
#10144=VERTEX_POINT('',#12922);
#10145=LINE('',#12923,#12924);
#10146=VERTEX_POINT('',#12925);
#10147=LINE('',#12926,#12927);
#10148=VERTEX_POINT('',#12928);
#10149=LINE('',#12929,#12930);
#10150=VERTEX_POINT('',#12931);
#10151=LINE('',#12932,#12933);
#10152=VERTEX_POINT('',#12934);
#10153=LINE('',#12935,#12936);
#10154=VERTEX_POINT('',#12937);
#10155=LINE('',#12938,#12939);
#10156=VERTEX_POINT('',#12940);
#10157=LINE('',#12941,#12942);
#10158=VERTEX_POINT('',#12943);
#10159=LINE('',#12944,#12945);
#10160=VERTEX_POINT('',#12946);
#10161=LINE('',#12947,#12948);
#10162=VERTEX_POINT('',#12949);
#10163=LINE('',#12950,#12951);
#10164=LINE('',#12952,#12953);
#10165=VERTEX_POINT('',#12954);
#10166=LINE('',#12955,#12956);
#10167=VERTEX_POINT('',#12957);
#10168=LINE('',#12958,#12959);
#10169=LINE('',#12960,#12961);
#10170=VERTEX_POINT('',#12962);
#10171=LINE('',#12963,#12964);
#10172=VERTEX_POINT('',#12965);
#10173=LINE('',#12966,#12967);
#10174=LINE('',#12968,#12969);
#10175=VERTEX_POINT('',#12970);
#10176=LINE('',#12971,#12972);
#10177=VERTEX_POINT('',#12973);
#10178=LINE('',#12974,#12975);
#10179=LINE('',#12976,#12977);
#10180=VERTEX_POINT('',#12978);
#10181=LINE('',#12979,#12980);
#10182=VERTEX_POINT('',#12981);
#10183=LINE('',#12982,#12983);
#10184=LINE('',#12984,#12985);
#10185=VERTEX_POINT('',#12986);
#10186=LINE('',#12987,#12988);
#10187=VERTEX_POINT('',#12989);
#10188=LINE('',#12990,#12991);
#10189=LINE('',#12992,#12993);
#10190=VERTEX_POINT('',#12994);
#10191=LINE('',#12995,#12996);
#10192=VERTEX_POINT('',#12997);
#10193=LINE('',#12998,#12999);
#10194=LINE('',#13000,#13001);
#10195=VERTEX_POINT('',#13002);
#10196=LINE('',#13003,#13004);
#10197=VERTEX_POINT('',#13005);
#10198=LINE('',#13006,#13007);
#10199=LINE('',#13008,#13009);
#10200=VERTEX_POINT('',#13010);
#10201=LINE('',#13011,#13012);
#10202=VERTEX_POINT('',#13013);
#10203=LINE('',#13014,#13015);
#10204=LINE('',#13016,#13017);
#10205=VERTEX_POINT('',#13018);
#10206=LINE('',#13019,#13020);
#10207=VERTEX_POINT('',#13021);
#10208=LINE('',#13022,#13023);
#10209=LINE('',#13024,#13025);
#10210=VERTEX_POINT('',#13026);
#10211=LINE('',#13027,#13028);
#10212=VERTEX_POINT('',#13029);
#10213=LINE('',#13030,#13031);
#10214=LINE('',#13032,#13033);
#10215=VERTEX_POINT('',#13034);
#10216=LINE('',#13035,#13036);
#10217=VERTEX_POINT('',#13037);
#10218=LINE('',#13038,#13039);
#10219=LINE('',#13040,#13041);
#10220=VERTEX_POINT('',#13042);
#10221=LINE('',#13043,#13044);
#10222=VERTEX_POINT('',#13045);
#10223=LINE('',#13046,#13047);
#10224=LINE('',#13048,#13049);
#10225=VERTEX_POINT('',#13050);
#10226=LINE('',#13051,#13052);
#10227=VERTEX_POINT('',#13053);
#10228=LINE('',#13054,#13055);
#10229=LINE('',#13056,#13057);
#10230=VERTEX_POINT('',#13058);
#10231=LINE('',#13059,#13060);
#10232=VERTEX_POINT('',#13061);
#10233=LINE('',#13062,#13063);
#10234=LINE('',#13064,#13065);
#10235=VERTEX_POINT('',#13066);
#10236=LINE('',#13067,#13068);
#10237=VERTEX_POINT('',#13069);
#10238=LINE('',#13070,#13071);
#10239=LINE('',#13072,#13073);
#10240=LINE('',#13074,#13075);
#10241=LINE('',#13076,#13077);
#10242=VERTEX_POINT('',#13078);
#10243=LINE('',#13079,#13080);
#10244=VERTEX_POINT('',#13081);
#10245=LINE('',#13082,#13083);
#10246=LINE('',#13084,#13085);
#10247=VERTEX_POINT('',#13086);
#10248=LINE('',#13087,#13088);
#10249=VERTEX_POINT('',#13089);
#10250=LINE('',#13090,#13091);
#10251=LINE('',#13092,#13093);
#10252=VERTEX_POINT('',#13094);
#10253=LINE('',#13095,#13096);
#10254=VERTEX_POINT('',#13097);
#10255=LINE('',#13098,#13099);
#10256=LINE('',#13100,#13101);
#10257=VERTEX_POINT('',#13102);
#10258=LINE('',#13103,#13104);
#10259=VERTEX_POINT('',#13105);
#10260=LINE('',#13106,#13107);
#10261=LINE('',#13108,#13109);
#10262=VERTEX_POINT('',#13110);
#10263=LINE('',#13111,#13112);
#10264=VERTEX_POINT('',#13113);
#10265=LINE('',#13114,#13115);
#10266=LINE('',#13116,#13117);
#10267=VERTEX_POINT('',#13118);
#10268=LINE('',#13119,#13120);
#10269=VERTEX_POINT('',#13121);
#10270=LINE('',#13122,#13123);
#10271=LINE('',#13124,#13125);
#10272=VERTEX_POINT('',#13126);
#10273=LINE('',#13127,#13128);
#10274=VERTEX_POINT('',#13129);
#10275=LINE('',#13130,#13131);
#10276=LINE('',#13132,#13133);
#10277=VERTEX_POINT('',#13134);
#10278=LINE('',#13135,#13136);
#10279=VERTEX_POINT('',#13137);
#10280=LINE('',#13138,#13139);
#10281=LINE('',#13140,#13141);
#10282=VERTEX_POINT('',#13142);
#10283=LINE('',#13143,#13144);
#10284=VERTEX_POINT('',#13145);
#10285=LINE('',#13146,#13147);
#10286=LINE('',#13148,#13149);
#10287=VERTEX_POINT('',#13150);
#10288=LINE('',#13151,#13152);
#10289=VERTEX_POINT('',#13153);
#10290=LINE('',#13154,#13155);
#10291=LINE('',#13156,#13157);
#10292=VERTEX_POINT('',#13158);
#10293=LINE('',#13159,#13160);
#10294=VERTEX_POINT('',#13161);
#10295=LINE('',#13162,#13163);
#10296=LINE('',#13164,#13165);
#10297=VERTEX_POINT('',#13166);
#10298=LINE('',#13167,#13168);
#10299=VERTEX_POINT('',#13169);
#10300=LINE('',#13170,#13171);
#10301=LINE('',#13172,#13173);
#10302=VERTEX_POINT('',#13174);
#10303=LINE('',#13175,#13176);
#10304=VERTEX_POINT('',#13177);
#10305=LINE('',#13178,#13179);
#10306=LINE('',#13180,#13181);
#10307=VERTEX_POINT('',#13182);
#10308=VERTEX_POINT('',#13183);
#10309=LINE('',#13184,#13185);
#10310=VERTEX_POINT('',#13186);
#10311=LINE('',#13187,#13188);
#10312=VERTEX_POINT('',#13189);
#10313=LINE('',#13190,#13191);
#10314=VERTEX_POINT('',#13192);
#10315=LINE('',#13193,#13194);
#10316=VERTEX_POINT('',#13195);
#10317=LINE('',#13196,#13197);
#10318=VERTEX_POINT('',#13198);
#10319=LINE('',#13199,#13200);
#10320=VERTEX_POINT('',#13201);
#10321=LINE('',#13202,#13203);
#10322=VERTEX_POINT('',#13204);
#10323=LINE('',#13205,#13206);
#10324=VERTEX_POINT('',#13207);
#10325=LINE('',#13208,#13209);
#10326=VERTEX_POINT('',#13210);
#10327=LINE('',#13211,#13212);
#10328=VERTEX_POINT('',#13213);
#10329=LINE('',#13214,#13215);
#10330=VERTEX_POINT('',#13216);
#10331=LINE('',#13217,#13218);
#10332=VERTEX_POINT('',#13219);
#10333=LINE('',#13220,#13221);
#10334=VERTEX_POINT('',#13222);
#10335=LINE('',#13223,#13224);
#10336=VERTEX_POINT('',#13225);
#10337=LINE('',#13226,#13227);
#10338=VERTEX_POINT('',#13228);
#10339=LINE('',#13229,#13230);
#10340=VERTEX_POINT('',#13231);
#10341=LINE('',#13232,#13233);
#10342=VERTEX_POINT('',#13234);
#10343=LINE('',#13235,#13236);
#10344=VERTEX_POINT('',#13237);
#10345=LINE('',#13238,#13239);
#10346=VERTEX_POINT('',#13240);
#10347=LINE('',#13241,#13242);
#10348=VERTEX_POINT('',#13243);
#10349=LINE('',#13244,#13245);
#10350=VERTEX_POINT('',#13246);
#10351=LINE('',#13247,#13248);
#10352=VERTEX_POINT('',#13249);
#10353=LINE('',#13250,#13251);
#10354=VERTEX_POINT('',#13252);
#10355=LINE('',#13253,#13254);
#10356=VERTEX_POINT('',#13255);
#10357=LINE('',#13256,#13257);
#10358=VERTEX_POINT('',#13258);
#10359=LINE('',#13259,#13260);
#10360=VERTEX_POINT('',#13261);
#10361=LINE('',#13262,#13263);
#10362=VERTEX_POINT('',#13264);
#10363=LINE('',#13265,#13266);
#10364=VERTEX_POINT('',#13267);
#10365=LINE('',#13268,#13269);
#10366=VERTEX_POINT('',#13270);
#10367=LINE('',#13271,#13272);
#10368=VERTEX_POINT('',#13273);
#10369=LINE('',#13274,#13275);
#10370=VERTEX_POINT('',#13276);
#10371=LINE('',#13277,#13278);
#10372=VERTEX_POINT('',#13279);
#10373=LINE('',#13280,#13281);
#10374=VERTEX_POINT('',#13282);
#10375=LINE('',#13283,#13284);
#10376=VERTEX_POINT('',#13285);
#10377=LINE('',#13286,#13287);
#10378=VERTEX_POINT('',#13288);
#10379=LINE('',#13289,#13290);
#10380=VERTEX_POINT('',#13291);
#10381=LINE('',#13292,#13293);
#10382=VERTEX_POINT('',#13294);
#10383=LINE('',#13295,#13296);
#10384=VERTEX_POINT('',#13297);
#10385=LINE('',#13298,#13299);
#10386=VERTEX_POINT('',#13300);
#10387=LINE('',#13301,#13302);
#10388=VERTEX_POINT('',#13303);
#10389=LINE('',#13304,#13305);
#10390=VERTEX_POINT('',#13306);
#10391=LINE('',#13307,#13308);
#10392=VERTEX_POINT('',#13309);
#10393=LINE('',#13310,#13311);
#10394=VERTEX_POINT('',#13312);
#10395=LINE('',#13313,#13314);
#10396=VERTEX_POINT('',#13315);
#10397=LINE('',#13316,#13317);
#10398=VERTEX_POINT('',#13318);
#10399=LINE('',#13319,#13320);
#10400=VERTEX_POINT('',#13321);
#10401=LINE('',#13322,#13323);
#10402=VERTEX_POINT('',#13324);
#10403=LINE('',#13325,#13326);
#10404=VERTEX_POINT('',#13327);
#10405=LINE('',#13328,#13329);
#10406=VERTEX_POINT('',#13330);
#10407=LINE('',#13331,#13332);
#10408=VERTEX_POINT('',#13333);
#10409=LINE('',#13334,#13335);
#10410=VERTEX_POINT('',#13336);
#10411=LINE('',#13337,#13338);
#10412=VERTEX_POINT('',#13339);
#10413=LINE('',#13340,#13341);
#10414=VERTEX_POINT('',#13342);
#10415=LINE('',#13343,#13344);
#10416=VERTEX_POINT('',#13345);
#10417=LINE('',#13346,#13347);
#10418=VERTEX_POINT('',#13348);
#10419=LINE('',#13349,#13350);
#10420=VERTEX_POINT('',#13351);
#10421=LINE('',#13352,#13353);
#10422=VERTEX_POINT('',#13354);
#10423=LINE('',#13355,#13356);
#10424=VERTEX_POINT('',#13357);
#10425=LINE('',#13358,#13359);
#10426=VERTEX_POINT('',#13360);
#10427=LINE('',#13361,#13362);
#10428=VERTEX_POINT('',#13363);
#10429=LINE('',#13364,#13365);
#10430=VERTEX_POINT('',#13366);
#10431=LINE('',#13367,#13368);
#10432=VERTEX_POINT('',#13369);
#10433=LINE('',#13370,#13371);
#10434=LINE('',#13372,#13373);
#10435=VERTEX_POINT('',#13374);
#10436=VERTEX_POINT('',#13375);
#10437=LINE('',#13376,#13377);
#10438=VERTEX_POINT('',#13378);
#10439=LINE('',#13379,#13380);
#10440=VERTEX_POINT('',#13381);
#10441=LINE('',#13382,#13383);
#10442=LINE('',#13384,#13385);
#10443=VERTEX_POINT('',#13386);
#10444=LINE('',#13387,#13388);
#10445=VERTEX_POINT('',#13389);
#10446=LINE('',#13390,#13391);
#10447=LINE('',#13392,#13393);
#10448=LINE('',#13394,#13395);
#10449=LINE('',#13396,#13397);
#10450=VERTEX_POINT('',#13398);
#10451=VERTEX_POINT('',#13399);
#10452=LINE('',#13400,#13401);
#10453=VERTEX_POINT('',#13402);
#10454=LINE('',#13403,#13404);
#10455=VERTEX_POINT('',#13405);
#10456=LINE('',#13406,#13407);
#10457=LINE('',#13408,#13409);
#10458=VERTEX_POINT('',#13410);
#10459=LINE('',#13411,#13412);
#10460=VERTEX_POINT('',#13413);
#10461=LINE('',#13414,#13415);
#10462=LINE('',#13416,#13417);
#10463=LINE('',#13418,#13419);
#10464=LINE('',#13420,#13421);
#10465=VERTEX_POINT('',#13422);
#10466=VERTEX_POINT('',#13423);
#10467=LINE('',#13424,#13425);
#10468=VERTEX_POINT('',#13426);
#10469=LINE('',#13427,#13428);
#10470=VERTEX_POINT('',#13429);
#10471=LINE('',#13430,#13431);
#10472=LINE('',#13432,#13433);
#10473=VERTEX_POINT('',#13434);
#10474=LINE('',#13435,#13436);
#10475=VERTEX_POINT('',#13437);
#10476=LINE('',#13438,#13439);
#10477=LINE('',#13440,#13441);
#10478=LINE('',#13442,#13443);
#10479=LINE('',#13444,#13445);
#10480=VERTEX_POINT('',#13446);
#10481=VERTEX_POINT('',#13447);
#10482=LINE('',#13448,#13449);
#10483=VERTEX_POINT('',#13450);
#10484=LINE('',#13451,#13452);
#10485=VERTEX_POINT('',#13453);
#10486=LINE('',#13454,#13455);
#10487=LINE('',#13456,#13457);
#10488=VERTEX_POINT('',#13458);
#10489=LINE('',#13459,#13460);
#10490=VERTEX_POINT('',#13461);
#10491=LINE('',#13462,#13463);
#10492=LINE('',#13464,#13465);
#10493=LINE('',#13466,#13467);
#10494=LINE('',#13468,#13469);
#10495=VERTEX_POINT('',#13470);
#10496=VERTEX_POINT('',#13471);
#10497=LINE('',#13472,#13473);
#10498=VERTEX_POINT('',#13474);
#10499=LINE('',#13475,#13476);
#10500=VERTEX_POINT('',#13477);
#10501=LINE('',#13478,#13479);
#10502=LINE('',#13480,#13481);
#10503=VERTEX_POINT('',#13482);
#10504=LINE('',#13483,#13484);
#10505=VERTEX_POINT('',#13485);
#10506=LINE('',#13486,#13487);
#10507=LINE('',#13488,#13489);
#10508=LINE('',#13490,#13491);
#10509=LINE('',#13492,#13493);
#10510=VERTEX_POINT('',#13494);
#10511=VERTEX_POINT('',#13495);
#10512=LINE('',#13496,#13497);
#10513=VERTEX_POINT('',#13498);
#10514=LINE('',#13499,#13500);
#10515=VERTEX_POINT('',#13501);
#10516=LINE('',#13502,#13503);
#10517=LINE('',#13504,#13505);
#10518=VERTEX_POINT('',#13506);
#10519=LINE('',#13507,#13508);
#10520=VERTEX_POINT('',#13509);
#10521=LINE('',#13510,#13511);
#10522=LINE('',#13512,#13513);
#10523=LINE('',#13514,#13515);
#10524=LINE('',#13516,#13517);
#10525=VERTEX_POINT('',#13518);
#10526=VERTEX_POINT('',#13519);
#10527=LINE('',#13520,#13521);
#10528=VERTEX_POINT('',#13522);
#10529=LINE('',#13523,#13524);
#10530=VERTEX_POINT('',#13525);
#10531=LINE('',#13526,#13527);
#10532=LINE('',#13528,#13529);
#10533=VERTEX_POINT('',#13530);
#10534=LINE('',#13531,#13532);
#10535=VERTEX_POINT('',#13533);
#10536=LINE('',#13534,#13535);
#10537=LINE('',#13536,#13537);
#10538=LINE('',#13538,#13539);
#10539=LINE('',#13540,#13541);
#10540=VERTEX_POINT('',#13542);
#10541=VERTEX_POINT('',#13543);
#10542=LINE('',#13544,#13545);
#10543=VERTEX_POINT('',#13546);
#10544=LINE('',#13547,#13548);
#10545=VERTEX_POINT('',#13549);
#10546=LINE('',#13550,#13551);
#10547=LINE('',#13552,#13553);
#10548=VERTEX_POINT('',#13554);
#10549=LINE('',#13555,#13556);
#10550=VERTEX_POINT('',#13557);
#10551=LINE('',#13558,#13559);
#10552=LINE('',#13560,#13561);
#10553=LINE('',#13562,#13563);
#10554=LINE('',#13564,#13565);
#10555=VERTEX_POINT('',#13566);
#10556=VERTEX_POINT('',#13567);
#10557=LINE('',#13568,#13569);
#10558=VERTEX_POINT('',#13570);
#10559=LINE('',#13571,#13572);
#10560=VERTEX_POINT('',#13573);
#10561=LINE('',#13574,#13575);
#10562=LINE('',#13576,#13577);
#10563=VERTEX_POINT('',#13578);
#10564=LINE('',#13579,#13580);
#10565=VERTEX_POINT('',#13581);
#10566=LINE('',#13582,#13583);
#10567=LINE('',#13584,#13585);
#10568=LINE('',#13586,#13587);
#10569=LINE('',#13588,#13589);
#10570=VERTEX_POINT('',#13590);
#10571=VERTEX_POINT('',#13591);
#10572=LINE('',#13592,#13593);
#10573=VERTEX_POINT('',#13594);
#10574=LINE('',#13595,#13596);
#10575=VERTEX_POINT('',#13597);
#10576=LINE('',#13598,#13599);
#10577=LINE('',#13600,#13601);
#10578=VERTEX_POINT('',#13602);
#10579=LINE('',#13603,#13604);
#10580=VERTEX_POINT('',#13605);
#10581=LINE('',#13606,#13607);
#10582=LINE('',#13608,#13609);
#10583=LINE('',#13610,#13611);
#10584=LINE('',#13612,#13613);
#10585=VERTEX_POINT('',#13614);
#10586=VERTEX_POINT('',#13615);
#10587=LINE('',#13616,#13617);
#10588=VERTEX_POINT('',#13618);
#10589=LINE('',#13619,#13620);
#10590=VERTEX_POINT('',#13621);
#10591=LINE('',#13622,#13623);
#10592=LINE('',#13624,#13625);
#10593=VERTEX_POINT('',#13626);
#10594=LINE('',#13627,#13628);
#10595=VERTEX_POINT('',#13629);
#10596=LINE('',#13630,#13631);
#10597=LINE('',#13632,#13633);
#10598=LINE('',#13634,#13635);
#10599=LINE('',#13636,#13637);
#10600=VERTEX_POINT('',#13638);
#10601=VERTEX_POINT('',#13639);
#10602=LINE('',#13640,#13641);
#10603=VERTEX_POINT('',#13642);
#10604=LINE('',#13643,#13644);
#10605=VERTEX_POINT('',#13645);
#10606=LINE('',#13646,#13647);
#10607=LINE('',#13648,#13649);
#10608=VERTEX_POINT('',#13650);
#10609=LINE('',#13651,#13652);
#10610=VERTEX_POINT('',#13653);
#10611=LINE('',#13654,#13655);
#10612=LINE('',#13656,#13657);
#10613=LINE('',#13658,#13659);
#10614=LINE('',#13660,#13661);
#10615=VERTEX_POINT('',#13662);
#10616=VERTEX_POINT('',#13663);
#10617=LINE('',#13664,#13665);
#10618=VERTEX_POINT('',#13666);
#10619=LINE('',#13667,#13668);
#10620=VERTEX_POINT('',#13669);
#10621=LINE('',#13670,#13671);
#10622=LINE('',#13672,#13673);
#10623=VERTEX_POINT('',#13674);
#10624=LINE('',#13675,#13676);
#10625=VERTEX_POINT('',#13677);
#10626=LINE('',#13678,#13679);
#10627=LINE('',#13680,#13681);
#10628=LINE('',#13682,#13683);
#10629=LINE('',#13684,#13685);
#10630=VERTEX_POINT('',#13686);
#10631=LINE('',#13687,#13688);
#10632=VERTEX_POINT('',#13689);
#10633=LINE('',#13690,#13691);
#10634=LINE('',#13692,#13693);
#10635=VERTEX_POINT('',#13694);
#10636=LINE('',#13695,#13696);
#10637=VERTEX_POINT('',#13697);
#10638=LINE('',#13698,#13699);
#10639=LINE('',#13700,#13701);
#10640=VERTEX_POINT('',#13702);
#10641=LINE('',#13703,#13704);
#10642=VERTEX_POINT('',#13705);
#10643=LINE('',#13706,#13707);
#10644=LINE('',#13708,#13709);
#10645=VERTEX_POINT('',#13710);
#10646=LINE('',#13711,#13712);
#10647=VERTEX_POINT('',#13713);
#10648=LINE('',#13714,#13715);
#10649=LINE('',#13716,#13717);
#10650=VERTEX_POINT('',#13718);
#10651=LINE('',#13719,#13720);
#10652=VERTEX_POINT('',#13721);
#10653=LINE('',#13722,#13723);
#10654=LINE('',#13724,#13725);
#10655=VERTEX_POINT('',#13726);
#10656=LINE('',#13727,#13728);
#10657=VERTEX_POINT('',#13729);
#10658=LINE('',#13730,#13731);
#10659=LINE('',#13732,#13733);
#10660=VERTEX_POINT('',#13734);
#10661=LINE('',#13735,#13736);
#10662=VERTEX_POINT('',#13737);
#10663=LINE('',#13738,#13739);
#10664=LINE('',#13740,#13741);
#10665=VERTEX_POINT('',#13742);
#10666=LINE('',#13743,#13744);
#10667=VERTEX_POINT('',#13745);
#10668=LINE('',#13746,#13747);
#10669=LINE('',#13748,#13749);
#10670=VERTEX_POINT('',#13750);
#10671=LINE('',#13751,#13752);
#10672=VERTEX_POINT('',#13753);
#10673=LINE('',#13754,#13755);
#10674=LINE('',#13756,#13757);
#10675=VERTEX_POINT('',#13758);
#10676=LINE('',#13759,#13760);
#10677=VERTEX_POINT('',#13761);
#10678=LINE('',#13762,#13763);
#10679=LINE('',#13764,#13765);
#10680=VERTEX_POINT('',#13766);
#10681=LINE('',#13767,#13768);
#10682=VERTEX_POINT('',#13769);
#10683=LINE('',#13770,#13771);
#10684=LINE('',#13772,#13773);
#10685=VERTEX_POINT('',#13774);
#10686=LINE('',#13775,#13776);
#10687=VERTEX_POINT('',#13777);
#10688=LINE('',#13778,#13779);
#10689=LINE('',#13780,#13781);
#10690=VERTEX_POINT('',#13782);
#10691=LINE('',#13783,#13784);
#10692=VERTEX_POINT('',#13785);
#10693=LINE('',#13786,#13787);
#10694=VERTEX_POINT('',#13788);
#10695=LINE('',#13789,#13790);
#10696=VERTEX_POINT('',#13791);
#10697=LINE('',#13792,#13793);
#10698=VERTEX_POINT('',#13794);
#10699=LINE('',#13795,#13796);
#10700=VERTEX_POINT('',#13797);
#10701=LINE('',#13798,#13799);
#10702=VERTEX_POINT('',#13800);
#10703=LINE('',#13801,#13802);
#10704=VERTEX_POINT('',#13803);
#10705=LINE('',#13804,#13805);
#10706=VERTEX_POINT('',#13806);
#10707=LINE('',#13807,#13808);
#10708=VERTEX_POINT('',#13809);
#10709=LINE('',#13810,#13811);
#10710=VERTEX_POINT('',#13812);
#10711=LINE('',#13813,#13814);
#10712=VERTEX_POINT('',#13815);
#10713=LINE('',#13816,#13817);
#10714=LINE('',#13818,#13819);
#10715=VERTEX_POINT('',#13820);
#10716=LINE('',#13821,#13822);
#10717=VERTEX_POINT('',#13823);
#10718=LINE('',#13824,#13825);
#10719=VERTEX_POINT('',#13826);
#10720=LINE('',#13827,#13828);
#10721=VERTEX_POINT('',#13829);
#10722=LINE('',#13830,#13831);
#10723=LINE('',#13832,#13833);
#10724=VERTEX_POINT('',#13834);
#10725=LINE('',#13835,#13836);
#10726=VERTEX_POINT('',#13837);
#10727=LINE('',#13838,#13839);
#10728=VERTEX_POINT('',#13840);
#10729=LINE('',#13841,#13842);
#10730=VERTEX_POINT('',#13843);
#10731=LINE('',#13844,#13845);
#10732=LINE('',#13846,#13847);
#10733=VERTEX_POINT('',#13848);
#10734=LINE('',#13849,#13850);
#10735=VERTEX_POINT('',#13851);
#10736=LINE('',#13852,#13853);
#10737=VERTEX_POINT('',#13854);
#10738=LINE('',#13855,#13856);
#10739=VERTEX_POINT('',#13857);
#10740=LINE('',#13858,#13859);
#10741=LINE('',#13860,#13861);
#10742=VERTEX_POINT('',#13862);
#10743=LINE('',#13863,#13864);
#10744=VERTEX_POINT('',#13865);
#10745=LINE('',#13866,#13867);
#10746=VERTEX_POINT('',#13868);
#10747=LINE('',#13869,#13870);
#10748=VERTEX_POINT('',#13871);
#10749=LINE('',#13872,#13873);
#10750=LINE('',#13874,#13875);
#10751=VERTEX_POINT('',#13876);
#10752=LINE('',#13877,#13878);
#10753=VERTEX_POINT('',#13879);
#10754=LINE('',#13880,#13881);
#10755=VERTEX_POINT('',#13882);
#10756=LINE('',#13883,#13884);
#10757=VERTEX_POINT('',#13885);
#10758=LINE('',#13886,#13887);
#10759=LINE('',#13888,#13889);
#10760=VERTEX_POINT('',#13890);
#10761=LINE('',#13891,#13892);
#10762=VERTEX_POINT('',#13893);
#10763=LINE('',#13894,#13895);
#10764=VERTEX_POINT('',#13896);
#10765=LINE('',#13897,#13898);
#10766=VERTEX_POINT('',#13899);
#10767=LINE('',#13900,#13901);
#10768=LINE('',#13902,#13903);
#10769=VERTEX_POINT('',#13904);
#10770=LINE('',#13905,#13906);
#10771=VERTEX_POINT('',#13907);
#10772=LINE('',#13908,#13909);
#10773=VERTEX_POINT('',#13910);
#10774=LINE('',#13911,#13912);
#10775=VERTEX_POINT('',#13913);
#10776=LINE('',#13914,#13915);
#10777=LINE('',#13916,#13917);
#10778=VERTEX_POINT('',#13918);
#10779=LINE('',#13919,#13920);
#10780=VERTEX_POINT('',#13921);
#10781=LINE('',#13922,#13923);
#10782=VERTEX_POINT('',#13924);
#10783=LINE('',#13925,#13926);
#10784=VERTEX_POINT('',#13927);
#10785=LINE('',#13928,#13929);
#10786=LINE('',#13930,#13931);
#10787=VERTEX_POINT('',#13932);
#10788=LINE('',#13933,#13934);
#10789=VERTEX_POINT('',#13935);
#10790=LINE('',#13936,#13937);
#10791=VERTEX_POINT('',#13938);
#10792=LINE('',#13939,#13940);
#10793=VERTEX_POINT('',#13941);
#10794=LINE('',#13942,#13943);
#10795=LINE('',#13944,#13945);
#10796=VERTEX_POINT('',#13946);
#10797=LINE('',#13947,#13948);
#10798=VERTEX_POINT('',#13949);
#10799=LINE('',#13950,#13951);
#10800=VERTEX_POINT('',#13952);
#10801=LINE('',#13953,#13954);
#10802=VERTEX_POINT('',#13955);
#10803=LINE('',#13956,#13957);
#10804=LINE('',#13958,#13959);
#10805=VERTEX_POINT('',#13960);
#10806=LINE('',#13961,#13962);
#10807=VERTEX_POINT('',#13963);
#10808=LINE('',#13964,#13965);
#10809=VERTEX_POINT('',#13966);
#10810=LINE('',#13967,#13968);
#10811=VERTEX_POINT('',#13969);
#10812=LINE('',#13970,#13971);
#10813=LINE('',#13972,#13973);
#10814=VERTEX_POINT('',#13974);
#10815=LINE('',#13975,#13976);
#10816=VERTEX_POINT('',#13977);
#10817=LINE('',#13978,#13979);
#10818=VERTEX_POINT('',#13980);
#10819=LINE('',#13981,#13982);
#10820=VERTEX_POINT('',#13983);
#10821=LINE('',#13984,#13985);
#10822=LINE('',#13986,#13987);
#10823=VERTEX_POINT('',#13988);
#10824=LINE('',#13989,#13990);
#10825=VERTEX_POINT('',#13991);
#10826=LINE('',#13992,#13993);
#10827=VERTEX_POINT('',#13994);
#10828=LINE('',#13995,#13996);
#10829=VERTEX_POINT('',#13997);
#10830=LINE('',#13998,#13999);
#10831=LINE('',#14000,#14001);
#10832=VERTEX_POINT('',#14002);
#10833=LINE('',#14003,#14004);
#10834=VERTEX_POINT('',#14005);
#10835=LINE('',#14006,#14007);
#10836=LINE('',#14008,#14009);
#10837=LINE('',#14010,#14011);
#10838=LINE('',#14012,#14013);
#10839=LINE('',#14014,#14015);
#10840=LINE('',#14016,#14017);
#10841=LINE('',#14018,#14019);
#10842=LINE('',#14020,#14021);
#10843=LINE('',#14022,#14023);
#10844=LINE('',#14024,#14025);
#10845=LINE('',#14026,#14027);
#10846=LINE('',#14028,#14029);
#10847=LINE('',#14030,#14031);
#10848=LINE('',#14032,#14033);
#10849=LINE('',#14034,#14035);
#10850=LINE('',#14036,#14037);
#10851=LINE('',#14038,#14039);
#10852=LINE('',#14040,#14041);
#10853=LINE('',#14042,#14043);
#10854=LINE('',#14044,#14045);
#10855=LINE('',#14046,#14047);
#10856=LINE('',#14048,#14049);
#10857=LINE('',#14050,#14051);
#10858=LINE('',#14052,#14053);
#10859=LINE('',#14054,#14055);
#10860=LINE('',#14056,#14057);
#10861=LINE('',#14058,#14059);
#10862=LINE('',#14060,#14061);
#10863=VERTEX_POINT('',#14062);
#10864=LINE('',#14063,#14064);
#10865=VERTEX_POINT('',#14065);
#10866=LINE('',#14066,#14067);
#10867=LINE('',#14068,#14069);
#10868=VERTEX_POINT('',#14070);
#10869=LINE('',#14071,#14072);
#10870=VERTEX_POINT('',#14073);
#10871=LINE('',#14074,#14075);
#10872=VERTEX_POINT('',#14076);
#10873=LINE('',#14077,#14078);
#10874=VERTEX_POINT('',#14079);
#10875=LINE('',#14080,#14081);
#10876=LINE('',#14082,#14083);
#10877=VERTEX_POINT('',#14084);
#10878=LINE('',#14085,#14086);
#10879=VERTEX_POINT('',#14087);
#10880=LINE('',#14088,#14089);
#10881=VERTEX_POINT('',#14090);
#10882=LINE('',#14091,#14092);
#10883=VERTEX_POINT('',#14093);
#10884=LINE('',#14094,#14095);
#10885=LINE('',#14096,#14097);
#10886=VERTEX_POINT('',#14098);
#10887=LINE('',#14099,#14100);
#10888=VERTEX_POINT('',#14101);
#10889=LINE('',#14102,#14103);
#10890=LINE('',#14104,#14105);
#10891=LINE('',#14106,#14107);
#10892=LINE('',#14108,#14109);
#10893=VERTEX_POINT('',#14110);
#10894=LINE('',#14111,#14112);
#10895=VERTEX_POINT('',#14113);
#10896=LINE('',#14114,#14115);
#10897=LINE('',#14116,#14117);
#10898=VERTEX_POINT('',#14118);
#10899=LINE('',#14119,#14120);
#10900=VERTEX_POINT('',#14121);
#10901=LINE('',#14122,#14123);
#10902=LINE('',#14124,#14125);
#10903=LINE('',#14126,#14127);
#10904=LINE('',#14128,#14129);
#10905=LINE('',#14130,#14131);
#10906=LINE('',#14132,#14133);
#10907=VERTEX_POINT('',#14134);
#10908=VERTEX_POINT('',#14135);
#10909=LINE('',#14136,#14137);
#10910=VERTEX_POINT('',#14138);
#10911=LINE('',#14139,#14140);
#10912=VERTEX_POINT('',#14141);
#10913=LINE('',#14142,#14143);
#10914=LINE('',#14144,#14145);
#10915=VERTEX_POINT('',#14146);
#10916=CIRCLE('',#14147,0.300000000000001);
#10917=VERTEX_POINT('',#14148);
#10918=LINE('',#14149,#14150);
#10919=CIRCLE('',#14151,0.300000000000001);
#10920=VERTEX_POINT('',#14152);
#10921=LINE('',#14153,#14154);
#10922=VERTEX_POINT('',#14155);
#10923=LINE('',#14156,#14157);
#10924=LINE('',#14158,#14159);
#10925=VERTEX_POINT('',#14160);
#10926=CIRCLE('',#14161,0.300000000000001);
#10927=VERTEX_POINT('',#14162);
#10928=LINE('',#14163,#14164);
#10929=CIRCLE('',#14165,0.300000000000001);
#10930=VERTEX_POINT('',#14166);
#10931=LINE('',#14167,#14168);
#10932=VERTEX_POINT('',#14169);
#10933=LINE('',#14170,#14171);
#10934=LINE('',#14172,#14173);
#10935=ELLIPSE('',#14174,0.424264068711929,0.3);
#10936=CIRCLE('',#14175,0.300000000000001);
#10937=ELLIPSE('',#14176,0.424264068711928,0.3);
#10938=CIRCLE('',#14177,0.3);
#10939=VERTEX_POINT('',#14178);
#10940=VERTEX_POINT('',#14179);
#10941=LINE('',#14180,#14181);
#10942=VERTEX_POINT('',#14182);
#10943=LINE('',#14183,#14184);
#10944=VERTEX_POINT('',#14185);
#10945=LINE('',#14186,#14187);
#10946=VERTEX_POINT('',#14188);
#10947=LINE('',#14189,#14190);
#10948=VERTEX_POINT('',#14191);
#10949=LINE('',#14192,#14193);
#10950=VERTEX_POINT('',#14194);
#10951=LINE('',#14195,#14196);
#10952=VERTEX_POINT('',#14197);
#10953=LINE('',#14198,#14199);
#10954=VERTEX_POINT('',#14200);
#10955=LINE('',#14201,#14202);
#10956=VERTEX_POINT('',#14203);
#10957=LINE('',#14204,#14205);
#10958=VERTEX_POINT('',#14206);
#10959=LINE('',#14207,#14208);
#10960=VERTEX_POINT('',#14209);
#10961=LINE('',#14210,#14211);
#10962=LINE('',#14212,#14213);
#10963=VERTEX_POINT('',#14214);
#10964=VERTEX_POINT('',#14215);
#10965=LINE('',#14216,#14217);
#10966=VERTEX_POINT('',#14218);
#10967=LINE('',#14219,#14220);
#10968=VERTEX_POINT('',#14221);
#10969=LINE('',#14222,#14223);
#10970=VERTEX_POINT('',#14224);
#10971=LINE('',#14225,#14226);
#10972=VERTEX_POINT('',#14227);
#10973=LINE('',#14228,#14229);
#10974=VERTEX_POINT('',#14230);
#10975=LINE('',#14231,#14232);
#10976=VERTEX_POINT('',#14233);
#10977=LINE('',#14234,#14235);
#10978=VERTEX_POINT('',#14236);
#10979=LINE('',#14237,#14238);
#10980=VERTEX_POINT('',#14239);
#10981=LINE('',#14240,#14241);
#10982=VERTEX_POINT('',#14242);
#10983=LINE('',#14243,#14244);
#10984=VERTEX_POINT('',#14245);
#10985=LINE('',#14246,#14247);
#10986=LINE('',#14248,#14249);
#10987=VERTEX_POINT('',#14250);
#10988=VERTEX_POINT('',#14251);
#10989=LINE('',#14252,#14253);
#10990=VERTEX_POINT('',#14254);
#10991=LINE('',#14255,#14256);
#10992=VERTEX_POINT('',#14257);
#10993=LINE('',#14258,#14259);
#10994=VERTEX_POINT('',#14260);
#10995=LINE('',#14261,#14262);
#10996=VERTEX_POINT('',#14263);
#10997=LINE('',#14264,#14265);
#10998=VERTEX_POINT('',#14266);
#10999=LINE('',#14267,#14268);
#11000=VERTEX_POINT('',#14269);
#11001=LINE('',#14270,#14271);
#11002=VERTEX_POINT('',#14272);
#11003=LINE('',#14273,#14274);
#11004=VERTEX_POINT('',#14275);
#11005=LINE('',#14276,#14277);
#11006=VERTEX_POINT('',#14278);
#11007=LINE('',#14279,#14280);
#11008=VERTEX_POINT('',#14281);
#11009=LINE('',#14282,#14283);
#11010=LINE('',#14284,#14285);
#11011=VERTEX_POINT('',#14286);
#11012=VERTEX_POINT('',#14287);
#11013=LINE('',#14288,#14289);
#11014=VERTEX_POINT('',#14290);
#11015=LINE('',#14291,#14292);
#11016=VERTEX_POINT('',#14293);
#11017=LINE('',#14294,#14295);
#11018=VERTEX_POINT('',#14296);
#11019=LINE('',#14297,#14298);
#11020=VERTEX_POINT('',#14299);
#11021=LINE('',#14300,#14301);
#11022=VERTEX_POINT('',#14302);
#11023=LINE('',#14303,#14304);
#11024=VERTEX_POINT('',#14305);
#11025=LINE('',#14306,#14307);
#11026=VERTEX_POINT('',#14308);
#11027=LINE('',#14309,#14310);
#11028=VERTEX_POINT('',#14311);
#11029=LINE('',#14312,#14313);
#11030=VERTEX_POINT('',#14314);
#11031=LINE('',#14315,#14316);
#11032=VERTEX_POINT('',#14317);
#11033=LINE('',#14318,#14319);
#11034=LINE('',#14320,#14321);
#11035=VERTEX_POINT('',#14322);
#11036=VERTEX_POINT('',#14323);
#11037=LINE('',#14324,#14325);
#11038=VERTEX_POINT('',#14326);
#11039=LINE('',#14327,#14328);
#11040=VERTEX_POINT('',#14329);
#11041=LINE('',#14330,#14331);
#11042=VERTEX_POINT('',#14332);
#11043=LINE('',#14333,#14334);
#11044=VERTEX_POINT('',#14335);
#11045=LINE('',#14336,#14337);
#11046=VERTEX_POINT('',#14338);
#11047=LINE('',#14339,#14340);
#11048=VERTEX_POINT('',#14341);
#11049=LINE('',#14342,#14343);
#11050=VERTEX_POINT('',#14344);
#11051=LINE('',#14345,#14346);
#11052=VERTEX_POINT('',#14347);
#11053=LINE('',#14348,#14349);
#11054=VERTEX_POINT('',#14350);
#11055=LINE('',#14351,#14352);
#11056=VERTEX_POINT('',#14353);
#11057=LINE('',#14354,#14355);
#11058=LINE('',#14356,#14357);
#11059=VERTEX_POINT('',#14358);
#11060=VERTEX_POINT('',#14359);
#11061=LINE('',#14360,#14361);
#11062=VERTEX_POINT('',#14362);
#11063=LINE('',#14363,#14364);
#11064=VERTEX_POINT('',#14365);
#11065=LINE('',#14366,#14367);
#11066=VERTEX_POINT('',#14368);
#11067=LINE('',#14369,#14370);
#11068=VERTEX_POINT('',#14371);
#11069=LINE('',#14372,#14373);
#11070=VERTEX_POINT('',#14374);
#11071=LINE('',#14375,#14376);
#11072=VERTEX_POINT('',#14377);
#11073=LINE('',#14378,#14379);
#11074=VERTEX_POINT('',#14380);
#11075=LINE('',#14381,#14382);
#11076=VERTEX_POINT('',#14383);
#11077=LINE('',#14384,#14385);
#11078=VERTEX_POINT('',#14386);
#11079=LINE('',#14387,#14388);
#11080=VERTEX_POINT('',#14389);
#11081=LINE('',#14390,#14391);
#11082=LINE('',#14392,#14393);
#11083=VERTEX_POINT('',#14394);
#11084=VERTEX_POINT('',#14395);
#11085=LINE('',#14396,#14397);
#11086=VERTEX_POINT('',#14398);
#11087=LINE('',#14399,#14400);
#11088=VERTEX_POINT('',#14401);
#11089=LINE('',#14402,#14403);
#11090=VERTEX_POINT('',#14404);
#11091=LINE('',#14405,#14406);
#11092=VERTEX_POINT('',#14407);
#11093=LINE('',#14408,#14409);
#11094=VERTEX_POINT('',#14410);
#11095=LINE('',#14411,#14412);
#11096=VERTEX_POINT('',#14413);
#11097=LINE('',#14414,#14415);
#11098=VERTEX_POINT('',#14416);
#11099=LINE('',#14417,#14418);
#11100=VERTEX_POINT('',#14419);
#11101=LINE('',#14420,#14421);
#11102=VERTEX_POINT('',#14422);
#11103=LINE('',#14423,#14424);
#11104=VERTEX_POINT('',#14425);
#11105=LINE('',#14426,#14427);
#11106=LINE('',#14428,#14429);
#11107=VERTEX_POINT('',#14430);
#11108=VERTEX_POINT('',#14431);
#11109=LINE('',#14432,#14433);
#11110=VERTEX_POINT('',#14434);
#11111=LINE('',#14435,#14436);
#11112=VERTEX_POINT('',#14437);
#11113=LINE('',#14438,#14439);
#11114=VERTEX_POINT('',#14440);
#11115=LINE('',#14441,#14442);
#11116=VERTEX_POINT('',#14443);
#11117=LINE('',#14444,#14445);
#11118=VERTEX_POINT('',#14446);
#11119=LINE('',#14447,#14448);
#11120=VERTEX_POINT('',#14449);
#11121=LINE('',#14450,#14451);
#11122=VERTEX_POINT('',#14452);
#11123=LINE('',#14453,#14454);
#11124=VERTEX_POINT('',#14455);
#11125=LINE('',#14456,#14457);
#11126=VERTEX_POINT('',#14458);
#11127=LINE('',#14459,#14460);
#11128=VERTEX_POINT('',#14461);
#11129=LINE('',#14462,#14463);
#11130=LINE('',#14464,#14465);
#11131=VERTEX_POINT('',#14466);
#11132=VERTEX_POINT('',#14467);
#11133=LINE('',#14468,#14469);
#11134=VERTEX_POINT('',#14470);
#11135=LINE('',#14471,#14472);
#11136=VERTEX_POINT('',#14473);
#11137=LINE('',#14474,#14475);
#11138=VERTEX_POINT('',#14476);
#11139=LINE('',#14477,#14478);
#11140=VERTEX_POINT('',#14479);
#11141=LINE('',#14480,#14481);
#11142=VERTEX_POINT('',#14482);
#11143=LINE('',#14483,#14484);
#11144=VERTEX_POINT('',#14485);
#11145=LINE('',#14486,#14487);
#11146=VERTEX_POINT('',#14488);
#11147=LINE('',#14489,#14490);
#11148=VERTEX_POINT('',#14491);
#11149=LINE('',#14492,#14493);
#11150=VERTEX_POINT('',#14494);
#11151=LINE('',#14495,#14496);
#11152=VERTEX_POINT('',#14497);
#11153=LINE('',#14498,#14499);
#11154=LINE('',#14500,#14501);
#11155=VERTEX_POINT('',#14502);
#11156=VERTEX_POINT('',#14503);
#11157=LINE('',#14504,#14505);
#11158=VERTEX_POINT('',#14506);
#11159=LINE('',#14507,#14508);
#11160=VERTEX_POINT('',#14509);
#11161=LINE('',#14510,#14511);
#11162=VERTEX_POINT('',#14512);
#11163=LINE('',#14513,#14514);
#11164=VERTEX_POINT('',#14515);
#11165=LINE('',#14516,#14517);
#11166=VERTEX_POINT('',#14518);
#11167=LINE('',#14519,#14520);
#11168=VERTEX_POINT('',#14521);
#11169=LINE('',#14522,#14523);
#11170=VERTEX_POINT('',#14524);
#11171=LINE('',#14525,#14526);
#11172=VERTEX_POINT('',#14527);
#11173=LINE('',#14528,#14529);
#11174=VERTEX_POINT('',#14530);
#11175=LINE('',#14531,#14532);
#11176=VERTEX_POINT('',#14533);
#11177=LINE('',#14534,#14535);
#11178=LINE('',#14536,#14537);
#11179=VERTEX_POINT('',#14538);
#11180=VERTEX_POINT('',#14539);
#11181=LINE('',#14540,#14541);
#11182=VERTEX_POINT('',#14542);
#11183=LINE('',#14543,#14544);
#11184=VERTEX_POINT('',#14545);
#11185=LINE('',#14546,#14547);
#11186=VERTEX_POINT('',#14548);
#11187=LINE('',#14549,#14550);
#11188=VERTEX_POINT('',#14551);
#11189=LINE('',#14552,#14553);
#11190=VERTEX_POINT('',#14554);
#11191=LINE('',#14555,#14556);
#11192=VERTEX_POINT('',#14557);
#11193=LINE('',#14558,#14559);
#11194=VERTEX_POINT('',#14560);
#11195=LINE('',#14561,#14562);
#11196=VERTEX_POINT('',#14563);
#11197=LINE('',#14564,#14565);
#11198=VERTEX_POINT('',#14566);
#11199=LINE('',#14567,#14568);
#11200=VERTEX_POINT('',#14569);
#11201=LINE('',#14570,#14571);
#11202=LINE('',#14572,#14573);
#11203=VERTEX_POINT('',#14574);
#11204=VERTEX_POINT('',#14575);
#11205=LINE('',#14576,#14577);
#11206=VERTEX_POINT('',#14578);
#11207=LINE('',#14579,#14580);
#11208=VERTEX_POINT('',#14581);
#11209=LINE('',#14582,#14583);
#11210=VERTEX_POINT('',#14584);
#11211=LINE('',#14585,#14586);
#11212=VERTEX_POINT('',#14587);
#11213=LINE('',#14588,#14589);
#11214=VERTEX_POINT('',#14590);
#11215=LINE('',#14591,#14592);
#11216=VERTEX_POINT('',#14593);
#11217=LINE('',#14594,#14595);
#11218=VERTEX_POINT('',#14596);
#11219=LINE('',#14597,#14598);
#11220=VERTEX_POINT('',#14599);
#11221=LINE('',#14600,#14601);
#11222=VERTEX_POINT('',#14602);
#11223=LINE('',#14603,#14604);
#11224=VERTEX_POINT('',#14605);
#11225=LINE('',#14606,#14607);
#11226=LINE('',#14608,#14609);
#11227=VERTEX_POINT('',#14610);
#11228=VERTEX_POINT('',#14611);
#11229=LINE('',#14612,#14613);
#11230=VERTEX_POINT('',#14614);
#11231=LINE('',#14615,#14616);
#11232=VERTEX_POINT('',#14617);
#11233=LINE('',#14618,#14619);
#11234=VERTEX_POINT('',#14620);
#11235=LINE('',#14621,#14622);
#11236=VERTEX_POINT('',#14623);
#11237=LINE('',#14624,#14625);
#11238=VERTEX_POINT('',#14626);
#11239=LINE('',#14627,#14628);
#11240=VERTEX_POINT('',#14629);
#11241=LINE('',#14630,#14631);
#11242=VERTEX_POINT('',#14632);
#11243=LINE('',#14633,#14634);
#11244=VERTEX_POINT('',#14635);
#11245=LINE('',#14636,#14637);
#11246=VERTEX_POINT('',#14638);
#11247=LINE('',#14639,#14640);
#11248=VERTEX_POINT('',#14641);
#11249=LINE('',#14642,#14643);
#11250=LINE('',#14644,#14645);
#11251=VERTEX_POINT('',#14646);
#11252=VERTEX_POINT('',#14647);
#11253=LINE('',#14648,#14649);
#11254=VERTEX_POINT('',#14650);
#11255=LINE('',#14651,#14652);
#11256=VERTEX_POINT('',#14653);
#11257=LINE('',#14654,#14655);
#11258=VERTEX_POINT('',#14656);
#11259=LINE('',#14657,#14658);
#11260=VERTEX_POINT('',#14659);
#11261=LINE('',#14660,#14661);
#11262=VERTEX_POINT('',#14662);
#11263=LINE('',#14663,#14664);
#11264=VERTEX_POINT('',#14665);
#11265=LINE('',#14666,#14667);
#11266=VERTEX_POINT('',#14668);
#11267=LINE('',#14669,#14670);
#11268=VERTEX_POINT('',#14671);
#11269=LINE('',#14672,#14673);
#11270=VERTEX_POINT('',#14674);
#11271=LINE('',#14675,#14676);
#11272=VERTEX_POINT('',#14677);
#11273=LINE('',#14678,#14679);
#11274=LINE('',#14680,#14681);
#11275=LINE('',#14682,#14683);
#11276=LINE('',#14684,#14685);
#11277=VERTEX_POINT('',#14686);
#11278=LINE('',#14687,#14688);
#11279=VERTEX_POINT('',#14689);
#11280=LINE('',#14690,#14691);
#11281=LINE('',#14692,#14693);
#11282=VERTEX_POINT('',#14694);
#11283=LINE('',#14695,#14696);
#11284=VERTEX_POINT('',#14697);
#11285=LINE('',#14698,#14699);
#11286=LINE('',#14700,#14701);
#11287=VERTEX_POINT('',#14702);
#11288=VERTEX_POINT('',#14703);
#11289=LINE('',#14704,#14705);
#11290=VERTEX_POINT('',#14706);
#11291=LINE('',#14707,#14708);
#11292=VERTEX_POINT('',#14709);
#11293=LINE('',#14710,#14711);
#11294=LINE('',#14712,#14713);
#11295=VERTEX_POINT('',#14714);
#11296=LINE('',#14715,#14716);
#11297=VERTEX_POINT('',#14717);
#11298=LINE('',#14718,#14719);
#11299=LINE('',#14720,#14721);
#11300=VERTEX_POINT('',#14722);
#11301=LINE('',#14723,#14724);
#11302=VERTEX_POINT('',#14725);
#11303=LINE('',#14726,#14727);
#11304=LINE('',#14728,#14729);
#11305=VERTEX_POINT('',#14730);
#11306=LINE('',#14731,#14732);
#11307=VERTEX_POINT('',#14733);
#11308=LINE('',#14734,#14735);
#11309=LINE('',#14736,#14737);
#11310=VERTEX_POINT('',#14738);
#11311=LINE('',#14739,#14740);
#11312=VERTEX_POINT('',#14741);
#11313=LINE('',#14742,#14743);
#11314=LINE('',#14744,#14745);
#11315=VERTEX_POINT('',#14746);
#11316=LINE('',#14747,#14748);
#11317=VERTEX_POINT('',#14749);
#11318=LINE('',#14750,#14751);
#11319=LINE('',#14752,#14753);
#11320=VERTEX_POINT('',#14754);
#11321=LINE('',#14755,#14756);
#11322=VERTEX_POINT('',#14757);
#11323=LINE('',#14758,#14759);
#11324=LINE('',#14760,#14761);
#11325=VERTEX_POINT('',#14762);
#11326=LINE('',#14763,#14764);
#11327=VERTEX_POINT('',#14765);
#11328=LINE('',#14766,#14767);
#11329=LINE('',#14768,#14769);
#11330=VERTEX_POINT('',#14770);
#11331=LINE('',#14771,#14772);
#11332=VERTEX_POINT('',#14773);
#11333=LINE('',#14774,#14775);
#11334=LINE('',#14776,#14777);
#11335=VERTEX_POINT('',#14778);
#11336=LINE('',#14779,#14780);
#11337=VERTEX_POINT('',#14781);
#11338=LINE('',#14782,#14783);
#11339=LINE('',#14784,#14785);
#11340=VERTEX_POINT('',#14786);
#11341=LINE('',#14787,#14788);
#11342=VERTEX_POINT('',#14789);
#11343=LINE('',#14790,#14791);
#11344=LINE('',#14792,#14793);
#11345=LINE('',#14794,#14795);
#11346=LINE('',#14796,#14797);
#11347=LINE('',#14798,#14799);
#11348=LINE('',#14800,#14801);
#11349=LINE('',#14802,#14803);
#11350=LINE('',#14804,#14805);
#11351=LINE('',#14806,#14807);
#11352=LINE('',#14808,#14809);
#11353=LINE('',#14810,#14811);
#11354=LINE('',#14812,#14813);
#11355=LINE('',#14814,#14815);
#11356=LINE('',#14816,#14817);
#11357=LINE('',#14818,#14819);
#11358=LINE('',#14820,#14821);
#11359=LINE('',#14822,#14823);
#11360=LINE('',#14824,#14825);
#11361=LINE('',#14826,#14827);
#11362=LINE('',#14828,#14829);
#11363=LINE('',#14830,#14831);
#11364=LINE('',#14832,#14833);
#11365=VERTEX_POINT('',#14834);
#11366=LINE('',#14835,#14836);
#11367=LINE('',#14837,#14838);
#11368=VERTEX_POINT('',#14839);
#11369=LINE('',#14840,#14841);
#11370=LINE('',#14842,#14843);
#11371=LINE('',#14844,#14845);
#11372=VERTEX_POINT('',#14846);
#11373=LINE('',#14847,#14848);
#11374=VERTEX_POINT('',#14849);
#11375=LINE('',#14850,#14851);
#11376=LINE('',#14852,#14853);
#11377=LINE('',#14854,#14855);
#11378=LINE('',#14856,#14857);
#11379=VERTEX_POINT('',#14858);
#11380=VERTEX_POINT('',#14859);
#11381=LINE('',#14860,#14861);
#11382=LINE('',#14862,#14863);
#11383=LINE('',#14864,#14865);
#11384=VERTEX_POINT('',#14866);
#11385=LINE('',#14867,#14868);
#11386=VERTEX_POINT('',#14869);
#11387=LINE('',#14870,#14871);
#11388=LINE('',#14872,#14873);
#11389=LINE('',#14874,#14875);
#11390=LINE('',#14876,#14877);
#11391=CIRCLE('',#14878,0.3);
#11392=CIRCLE('',#14879,0.3);
#11393=CIRCLE('',#14880,0.3);
#11394=CIRCLE('',#14881,0.3);
#11395=VERTEX_POINT('',#14882);
#11396=LINE('',#14883,#14884);
#11397=VERTEX_POINT('',#14885);
#11398=LINE('',#14886,#14887);
#11399=LINE('',#14888,#14889);
#11400=VERTEX_POINT('',#14890);
#11401=LINE('',#14891,#14892);
#11402=VERTEX_POINT('',#14893);
#11403=LINE('',#14894,#14895);
#11404=LINE('',#14896,#14897);
#11405=VERTEX_POINT('',#14898);
#11406=LINE('',#14899,#14900);
#11407=VERTEX_POINT('',#14901);
#11408=LINE('',#14902,#14903);
#11409=LINE('',#14904,#14905);
#11410=VERTEX_POINT('',#14906);
#11411=LINE('',#14907,#14908);
#11412=VERTEX_POINT('',#14909);
#11413=LINE('',#14910,#14911);
#11414=LINE('',#14912,#14913);
#11415=VERTEX_POINT('',#14914);
#11416=LINE('',#14915,#14916);
#11417=VERTEX_POINT('',#14917);
#11418=LINE('',#14918,#14919);
#11419=LINE('',#14920,#14921);
#11420=VERTEX_POINT('',#14922);
#11421=LINE('',#14923,#14924);
#11422=VERTEX_POINT('',#14925);
#11423=LINE('',#14926,#14927);
#11424=LINE('',#14928,#14929);
#11425=VERTEX_POINT('',#14930);
#11426=LINE('',#14931,#14932);
#11427=VERTEX_POINT('',#14933);
#11428=LINE('',#14934,#14935);
#11429=LINE('',#14936,#14937);
#11430=VERTEX_POINT('',#14938);
#11431=LINE('',#14939,#14940);
#11432=VERTEX_POINT('',#14941);
#11433=LINE('',#14942,#14943);
#11434=LINE('',#14944,#14945);
#11435=VERTEX_POINT('',#14946);
#11436=LINE('',#14947,#14948);
#11437=VERTEX_POINT('',#14949);
#11438=LINE('',#14950,#14951);
#11439=LINE('',#14952,#14953);
#11440=VERTEX_POINT('',#14954);
#11441=LINE('',#14955,#14956);
#11442=VERTEX_POINT('',#14957);
#11443=LINE('',#14958,#14959);
#11444=LINE('',#14960,#14961);
#11445=VERTEX_POINT('',#14962);
#11446=LINE('',#14963,#14964);
#11447=VERTEX_POINT('',#14965);
#11448=LINE('',#14966,#14967);
#11449=LINE('',#14968,#14969);
#11450=VERTEX_POINT('',#14970);
#11451=LINE('',#14971,#14972);
#11452=VERTEX_POINT('',#14973);
#11453=LINE('',#14974,#14975);
#11454=LINE('',#14976,#14977);
#11455=VERTEX_POINT('',#14978);
#11456=LINE('',#14979,#14980);
#11457=VERTEX_POINT('',#14981);
#11458=LINE('',#14982,#14983);
#11459=LINE('',#14984,#14985);
#11460=VERTEX_POINT('',#14986);
#11461=VERTEX_POINT('',#14987);
#11462=LINE('',#14988,#14989);
#11463=VERTEX_POINT('',#14990);
#11464=LINE('',#14991,#14992);
#11465=VERTEX_POINT('',#14993);
#11466=LINE('',#14994,#14995);
#11467=LINE('',#14996,#14997);
#11468=VERTEX_POINT('',#14998);
#11469=LINE('',#14999,#15000);
#11470=VERTEX_POINT('',#15001);
#11471=LINE('',#15002,#15003);
#11472=LINE('',#15004,#15005);
#11473=VERTEX_POINT('',#15006);
#11474=LINE('',#15007,#15008);
#11475=VERTEX_POINT('',#15009);
#11476=LINE('',#15010,#15011);
#11477=LINE('',#15012,#15013);
#11478=VERTEX_POINT('',#15014);
#11479=LINE('',#15015,#15016);
#11480=VERTEX_POINT('',#15017);
#11481=LINE('',#15018,#15019);
#11482=LINE('',#15020,#15021);
#11483=VERTEX_POINT('',#15022);
#11484=LINE('',#15023,#15024);
#11485=VERTEX_POINT('',#15025);
#11486=LINE('',#15026,#15027);
#11487=LINE('',#15028,#15029);
#11488=VERTEX_POINT('',#15030);
#11489=LINE('',#15031,#15032);
#11490=VERTEX_POINT('',#15033);
#11491=LINE('',#15034,#15035);
#11492=LINE('',#15036,#15037);
#11493=VERTEX_POINT('',#15038);
#11494=LINE('',#15039,#15040);
#11495=VERTEX_POINT('',#15041);
#11496=LINE('',#15042,#15043);
#11497=LINE('',#15044,#15045);
#11498=VERTEX_POINT('',#15046);
#11499=LINE('',#15047,#15048);
#11500=VERTEX_POINT('',#15049);
#11501=LINE('',#15050,#15051);
#11502=LINE('',#15052,#15053);
#11503=VERTEX_POINT('',#15054);
#11504=LINE('',#15055,#15056);
#11505=VERTEX_POINT('',#15057);
#11506=LINE('',#15058,#15059);
#11507=LINE('',#15060,#15061);
#11508=VERTEX_POINT('',#15062);
#11509=LINE('',#15063,#15064);
#11510=VERTEX_POINT('',#15065);
#11511=LINE('',#15066,#15067);
#11512=LINE('',#15068,#15069);
#11513=VERTEX_POINT('',#15070);
#11514=LINE('',#15071,#15072);
#11515=VERTEX_POINT('',#15073);
#11516=LINE('',#15074,#15075);
#11517=LINE('',#15076,#15077);
#11518=LINE('',#15078,#15079);
#11519=LINE('',#15080,#15081);
#11520=VERTEX_POINT('',#15082);
#11521=VERTEX_POINT('',#15083);
#11522=LINE('',#15084,#15085);
#11523=VERTEX_POINT('',#15086);
#11524=LINE('',#15087,#15088);
#11525=VERTEX_POINT('',#15089);
#11526=LINE('',#15090,#15091);
#11527=LINE('',#15092,#15093);
#11528=VERTEX_POINT('',#15094);
#11529=LINE('',#15095,#15096);
#11530=VERTEX_POINT('',#15097);
#11531=LINE('',#15098,#15099);
#11532=LINE('',#15100,#15101);
#11533=VERTEX_POINT('',#15102);
#11534=LINE('',#15103,#15104);
#11535=VERTEX_POINT('',#15105);
#11536=LINE('',#15106,#15107);
#11537=LINE('',#15108,#15109);
#11538=VERTEX_POINT('',#15110);
#11539=LINE('',#15111,#15112);
#11540=VERTEX_POINT('',#15113);
#11541=LINE('',#15114,#15115);
#11542=LINE('',#15116,#15117);
#11543=VERTEX_POINT('',#15118);
#11544=LINE('',#15119,#15120);
#11545=VERTEX_POINT('',#15121);
#11546=LINE('',#15122,#15123);
#11547=LINE('',#15124,#15125);
#11548=VERTEX_POINT('',#15126);
#11549=LINE('',#15127,#15128);
#11550=VERTEX_POINT('',#15129);
#11551=LINE('',#15130,#15131);
#11552=LINE('',#15132,#15133);
#11553=VERTEX_POINT('',#15134);
#11554=LINE('',#15135,#15136);
#11555=VERTEX_POINT('',#15137);
#11556=LINE('',#15138,#15139);
#11557=LINE('',#15140,#15141);
#11558=VERTEX_POINT('',#15142);
#11559=LINE('',#15143,#15144);
#11560=VERTEX_POINT('',#15145);
#11561=LINE('',#15146,#15147);
#11562=LINE('',#15148,#15149);
#11563=VERTEX_POINT('',#15150);
#11564=LINE('',#15151,#15152);
#11565=VERTEX_POINT('',#15153);
#11566=LINE('',#15154,#15155);
#11567=LINE('',#15156,#15157);
#11568=VERTEX_POINT('',#15158);
#11569=LINE('',#15159,#15160);
#11570=VERTEX_POINT('',#15161);
#11571=LINE('',#15162,#15163);
#11572=LINE('',#15164,#15165);
#11573=VERTEX_POINT('',#15166);
#11574=LINE('',#15167,#15168);
#11575=VERTEX_POINT('',#15169);
#11576=LINE('',#15170,#15171);
#11577=LINE('',#15172,#15173);
#11578=LINE('',#15174,#15175);
#11579=LINE('',#15176,#15177);
#11580=VERTEX_POINT('',#15178);
#11581=VERTEX_POINT('',#15179);
#11582=LINE('',#15180,#15181);
#11583=VERTEX_POINT('',#15182);
#11584=LINE('',#15183,#15184);
#11585=VERTEX_POINT('',#15185);
#11586=LINE('',#15186,#15187);
#11587=LINE('',#15188,#15189);
#11588=VERTEX_POINT('',#15190);
#11589=LINE('',#15191,#15192);
#11590=VERTEX_POINT('',#15193);
#11591=LINE('',#15194,#15195);
#11592=LINE('',#15196,#15197);
#11593=VERTEX_POINT('',#15198);
#11594=LINE('',#15199,#15200);
#11595=VERTEX_POINT('',#15201);
#11596=LINE('',#15202,#15203);
#11597=LINE('',#15204,#15205);
#11598=VERTEX_POINT('',#15206);
#11599=LINE('',#15207,#15208);
#11600=VERTEX_POINT('',#15209);
#11601=LINE('',#15210,#15211);
#11602=LINE('',#15212,#15213);
#11603=VERTEX_POINT('',#15214);
#11604=LINE('',#15215,#15216);
#11605=VERTEX_POINT('',#15217);
#11606=LINE('',#15218,#15219);
#11607=LINE('',#15220,#15221);
#11608=VERTEX_POINT('',#15222);
#11609=LINE('',#15223,#15224);
#11610=VERTEX_POINT('',#15225);
#11611=LINE('',#15226,#15227);
#11612=LINE('',#15228,#15229);
#11613=VERTEX_POINT('',#15230);
#11614=LINE('',#15231,#15232);
#11615=VERTEX_POINT('',#15233);
#11616=LINE('',#15234,#15235);
#11617=LINE('',#15236,#15237);
#11618=VERTEX_POINT('',#15238);
#11619=LINE('',#15239,#15240);
#11620=VERTEX_POINT('',#15241);
#11621=LINE('',#15242,#15243);
#11622=LINE('',#15244,#15245);
#11623=VERTEX_POINT('',#15246);
#11624=LINE('',#15247,#15248);
#11625=VERTEX_POINT('',#15249);
#11626=LINE('',#15250,#15251);
#11627=LINE('',#15252,#15253);
#11628=VERTEX_POINT('',#15254);
#11629=LINE('',#15255,#15256);
#11630=VERTEX_POINT('',#15257);
#11631=LINE('',#15258,#15259);
#11632=LINE('',#15260,#15261);
#11633=VERTEX_POINT('',#15262);
#11634=LINE('',#15263,#15264);
#11635=VERTEX_POINT('',#15265);
#11636=LINE('',#15266,#15267);
#11637=LINE('',#15268,#15269);
#11638=LINE('',#15270,#15271);
#11639=LINE('',#15272,#15273);
#11640=VERTEX_POINT('',#15274);
#11641=VERTEX_POINT('',#15275);
#11642=LINE('',#15276,#15277);
#11643=VERTEX_POINT('',#15278);
#11644=LINE('',#15279,#15280);
#11645=VERTEX_POINT('',#15281);
#11646=LINE('',#15282,#15283);
#11647=LINE('',#15284,#15285);
#11648=VERTEX_POINT('',#15286);
#11649=LINE('',#15287,#15288);
#11650=VERTEX_POINT('',#15289);
#11651=LINE('',#15290,#15291);
#11652=LINE('',#15292,#15293);
#11653=VERTEX_POINT('',#15294);
#11654=LINE('',#15295,#15296);
#11655=VERTEX_POINT('',#15297);
#11656=LINE('',#15298,#15299);
#11657=LINE('',#15300,#15301);
#11658=VERTEX_POINT('',#15302);
#11659=LINE('',#15303,#15304);
#11660=VERTEX_POINT('',#15305);
#11661=LINE('',#15306,#15307);
#11662=LINE('',#15308,#15309);
#11663=VERTEX_POINT('',#15310);
#11664=LINE('',#15311,#15312);
#11665=VERTEX_POINT('',#15313);
#11666=LINE('',#15314,#15315);
#11667=LINE('',#15316,#15317);
#11668=VERTEX_POINT('',#15318);
#11669=LINE('',#15319,#15320);
#11670=VERTEX_POINT('',#15321);
#11671=LINE('',#15322,#15323);
#11672=LINE('',#15324,#15325);
#11673=VERTEX_POINT('',#15326);
#11674=LINE('',#15327,#15328);
#11675=VERTEX_POINT('',#15329);
#11676=LINE('',#15330,#15331);
#11677=LINE('',#15332,#15333);
#11678=VERTEX_POINT('',#15334);
#11679=LINE('',#15335,#15336);
#11680=VERTEX_POINT('',#15337);
#11681=LINE('',#15338,#15339);
#11682=LINE('',#15340,#15341);
#11683=VERTEX_POINT('',#15342);
#11684=LINE('',#15343,#15344);
#11685=VERTEX_POINT('',#15345);
#11686=LINE('',#15346,#15347);
#11687=LINE('',#15348,#15349);
#11688=VERTEX_POINT('',#15350);
#11689=LINE('',#15351,#15352);
#11690=VERTEX_POINT('',#15353);
#11691=LINE('',#15354,#15355);
#11692=LINE('',#15356,#15357);
#11693=VERTEX_POINT('',#15358);
#11694=LINE('',#15359,#15360);
#11695=VERTEX_POINT('',#15361);
#11696=LINE('',#15362,#15363);
#11697=LINE('',#15364,#15365);
#11698=LINE('',#15366,#15367);
#11699=LINE('',#15368,#15369);
#11700=VERTEX_POINT('',#15370);
#11701=VERTEX_POINT('',#15371);
#11702=LINE('',#15372,#15373);
#11703=VERTEX_POINT('',#15374);
#11704=LINE('',#15375,#15376);
#11705=VERTEX_POINT('',#15377);
#11706=LINE('',#15378,#15379);
#11707=LINE('',#15380,#15381);
#11708=VERTEX_POINT('',#15382);
#11709=LINE('',#15383,#15384);
#11710=VERTEX_POINT('',#15385);
#11711=LINE('',#15386,#15387);
#11712=LINE('',#15388,#15389);
#11713=VERTEX_POINT('',#15390);
#11714=LINE('',#15391,#15392);
#11715=VERTEX_POINT('',#15393);
#11716=LINE('',#15394,#15395);
#11717=LINE('',#15396,#15397);
#11718=VERTEX_POINT('',#15398);
#11719=LINE('',#15399,#15400);
#11720=VERTEX_POINT('',#15401);
#11721=LINE('',#15402,#15403);
#11722=LINE('',#15404,#15405);
#11723=VERTEX_POINT('',#15406);
#11724=LINE('',#15407,#15408);
#11725=VERTEX_POINT('',#15409);
#11726=LINE('',#15410,#15411);
#11727=LINE('',#15412,#15413);
#11728=VERTEX_POINT('',#15414);
#11729=LINE('',#15415,#15416);
#11730=VERTEX_POINT('',#15417);
#11731=LINE('',#15418,#15419);
#11732=LINE('',#15420,#15421);
#11733=VERTEX_POINT('',#15422);
#11734=LINE('',#15423,#15424);
#11735=VERTEX_POINT('',#15425);
#11736=LINE('',#15426,#15427);
#11737=LINE('',#15428,#15429);
#11738=VERTEX_POINT('',#15430);
#11739=LINE('',#15431,#15432);
#11740=VERTEX_POINT('',#15433);
#11741=LINE('',#15434,#15435);
#11742=LINE('',#15436,#15437);
#11743=VERTEX_POINT('',#15438);
#11744=LINE('',#15439,#15440);
#11745=VERTEX_POINT('',#15441);
#11746=LINE('',#15442,#15443);
#11747=LINE('',#15444,#15445);
#11748=VERTEX_POINT('',#15446);
#11749=LINE('',#15447,#15448);
#11750=VERTEX_POINT('',#15449);
#11751=LINE('',#15450,#15451);
#11752=LINE('',#15452,#15453);
#11753=VERTEX_POINT('',#15454);
#11754=LINE('',#15455,#15456);
#11755=VERTEX_POINT('',#15457);
#11756=LINE('',#15458,#15459);
#11757=LINE('',#15460,#15461);
#11758=LINE('',#15462,#15463);
#11759=LINE('',#15464,#15465);
#11760=VERTEX_POINT('',#15466);
#11761=VERTEX_POINT('',#15467);
#11762=LINE('',#15468,#15469);
#11763=VERTEX_POINT('',#15470);
#11764=LINE('',#15471,#15472);
#11765=VERTEX_POINT('',#15473);
#11766=LINE('',#15474,#15475);
#11767=LINE('',#15476,#15477);
#11768=VERTEX_POINT('',#15478);
#11769=LINE('',#15479,#15480);
#11770=VERTEX_POINT('',#15481);
#11771=LINE('',#15482,#15483);
#11772=LINE('',#15484,#15485);
#11773=VERTEX_POINT('',#15486);
#11774=LINE('',#15487,#15488);
#11775=VERTEX_POINT('',#15489);
#11776=LINE('',#15490,#15491);
#11777=LINE('',#15492,#15493);
#11778=VERTEX_POINT('',#15494);
#11779=LINE('',#15495,#15496);
#11780=VERTEX_POINT('',#15497);
#11781=LINE('',#15498,#15499);
#11782=LINE('',#15500,#15501);
#11783=VERTEX_POINT('',#15502);
#11784=LINE('',#15503,#15504);
#11785=VERTEX_POINT('',#15505);
#11786=LINE('',#15506,#15507);
#11787=LINE('',#15508,#15509);
#11788=VERTEX_POINT('',#15510);
#11789=LINE('',#15511,#15512);
#11790=VERTEX_POINT('',#15513);
#11791=LINE('',#15514,#15515);
#11792=LINE('',#15516,#15517);
#11793=VERTEX_POINT('',#15518);
#11794=LINE('',#15519,#15520);
#11795=VERTEX_POINT('',#15521);
#11796=LINE('',#15522,#15523);
#11797=LINE('',#15524,#15525);
#11798=VERTEX_POINT('',#15526);
#11799=LINE('',#15527,#15528);
#11800=VERTEX_POINT('',#15529);
#11801=LINE('',#15530,#15531);
#11802=LINE('',#15532,#15533);
#11803=VERTEX_POINT('',#15534);
#11804=LINE('',#15535,#15536);
#11805=VERTEX_POINT('',#15537);
#11806=LINE('',#15538,#15539);
#11807=LINE('',#15540,#15541);
#11808=VERTEX_POINT('',#15542);
#11809=LINE('',#15543,#15544);
#11810=VERTEX_POINT('',#15545);
#11811=LINE('',#15546,#15547);
#11812=LINE('',#15548,#15549);
#11813=VERTEX_POINT('',#15550);
#11814=LINE('',#15551,#15552);
#11815=VERTEX_POINT('',#15553);
#11816=LINE('',#15554,#15555);
#11817=LINE('',#15556,#15557);
#11818=LINE('',#15558,#15559);
#11819=LINE('',#15560,#15561);
#11820=VERTEX_POINT('',#15562);
#11821=VERTEX_POINT('',#15563);
#11822=LINE('',#15564,#15565);
#11823=VERTEX_POINT('',#15566);
#11824=LINE('',#15567,#15568);
#11825=VERTEX_POINT('',#15569);
#11826=LINE('',#15570,#15571);
#11827=LINE('',#15572,#15573);
#11828=VERTEX_POINT('',#15574);
#11829=LINE('',#15575,#15576);
#11830=VERTEX_POINT('',#15577);
#11831=LINE('',#15578,#15579);
#11832=LINE('',#15580,#15581);
#11833=VERTEX_POINT('',#15582);
#11834=LINE('',#15583,#15584);
#11835=VERTEX_POINT('',#15585);
#11836=LINE('',#15586,#15587);
#11837=LINE('',#15588,#15589);
#11838=VERTEX_POINT('',#15590);
#11839=LINE('',#15591,#15592);
#11840=VERTEX_POINT('',#15593);
#11841=LINE('',#15594,#15595);
#11842=LINE('',#15596,#15597);
#11843=VERTEX_POINT('',#15598);
#11844=LINE('',#15599,#15600);
#11845=VERTEX_POINT('',#15601);
#11846=LINE('',#15602,#15603);
#11847=LINE('',#15604,#15605);
#11848=VERTEX_POINT('',#15606);
#11849=LINE('',#15607,#15608);
#11850=VERTEX_POINT('',#15609);
#11851=LINE('',#15610,#15611);
#11852=LINE('',#15612,#15613);
#11853=VERTEX_POINT('',#15614);
#11854=LINE('',#15615,#15616);
#11855=VERTEX_POINT('',#15617);
#11856=LINE('',#15618,#15619);
#11857=LINE('',#15620,#15621);
#11858=VERTEX_POINT('',#15622);
#11859=LINE('',#15623,#15624);
#11860=VERTEX_POINT('',#15625);
#11861=LINE('',#15626,#15627);
#11862=LINE('',#15628,#15629);
#11863=VERTEX_POINT('',#15630);
#11864=LINE('',#15631,#15632);
#11865=VERTEX_POINT('',#15633);
#11866=LINE('',#15634,#15635);
#11867=LINE('',#15636,#15637);
#11868=VERTEX_POINT('',#15638);
#11869=LINE('',#15639,#15640);
#11870=VERTEX_POINT('',#15641);
#11871=LINE('',#15642,#15643);
#11872=LINE('',#15644,#15645);
#11873=VERTEX_POINT('',#15646);
#11874=LINE('',#15647,#15648);
#11875=VERTEX_POINT('',#15649);
#11876=LINE('',#15650,#15651);
#11877=LINE('',#15652,#15653);
#11878=LINE('',#15654,#15655);
#11879=LINE('',#15656,#15657);
#11880=VERTEX_POINT('',#15658);
#11881=VERTEX_POINT('',#15659);
#11882=LINE('',#15660,#15661);
#11883=VERTEX_POINT('',#15662);
#11884=LINE('',#15663,#15664);
#11885=VERTEX_POINT('',#15665);
#11886=LINE('',#15666,#15667);
#11887=LINE('',#15668,#15669);
#11888=VERTEX_POINT('',#15670);
#11889=LINE('',#15671,#15672);
#11890=VERTEX_POINT('',#15673);
#11891=LINE('',#15674,#15675);
#11892=LINE('',#15676,#15677);
#11893=VERTEX_POINT('',#15678);
#11894=LINE('',#15679,#15680);
#11895=VERTEX_POINT('',#15681);
#11896=LINE('',#15682,#15683);
#11897=LINE('',#15684,#15685);
#11898=VERTEX_POINT('',#15686);
#11899=LINE('',#15687,#15688);
#11900=VERTEX_POINT('',#15689);
#11901=LINE('',#15690,#15691);
#11902=LINE('',#15692,#15693);
#11903=VERTEX_POINT('',#15694);
#11904=LINE('',#15695,#15696);
#11905=VERTEX_POINT('',#15697);
#11906=LINE('',#15698,#15699);
#11907=LINE('',#15700,#15701);
#11908=VERTEX_POINT('',#15702);
#11909=LINE('',#15703,#15704);
#11910=VERTEX_POINT('',#15705);
#11911=LINE('',#15706,#15707);
#11912=LINE('',#15708,#15709);
#11913=VERTEX_POINT('',#15710);
#11914=LINE('',#15711,#15712);
#11915=VERTEX_POINT('',#15713);
#11916=LINE('',#15714,#15715);
#11917=LINE('',#15716,#15717);
#11918=VERTEX_POINT('',#15718);
#11919=LINE('',#15719,#15720);
#11920=VERTEX_POINT('',#15721);
#11921=LINE('',#15722,#15723);
#11922=LINE('',#15724,#15725);
#11923=VERTEX_POINT('',#15726);
#11924=LINE('',#15727,#15728);
#11925=VERTEX_POINT('',#15729);
#11926=LINE('',#15730,#15731);
#11927=LINE('',#15732,#15733);
#11928=VERTEX_POINT('',#15734);
#11929=LINE('',#15735,#15736);
#11930=VERTEX_POINT('',#15737);
#11931=LINE('',#15738,#15739);
#11932=LINE('',#15740,#15741);
#11933=VERTEX_POINT('',#15742);
#11934=LINE('',#15743,#15744);
#11935=VERTEX_POINT('',#15745);
#11936=LINE('',#15746,#15747);
#11937=LINE('',#15748,#15749);
#11938=LINE('',#15750,#15751);
#11939=LINE('',#15752,#15753);
#11940=VERTEX_POINT('',#15754);
#11941=VERTEX_POINT('',#15755);
#11942=LINE('',#15756,#15757);
#11943=VERTEX_POINT('',#15758);
#11944=LINE('',#15759,#15760);
#11945=VERTEX_POINT('',#15761);
#11946=LINE('',#15762,#15763);
#11947=LINE('',#15764,#15765);
#11948=VERTEX_POINT('',#15766);
#11949=LINE('',#15767,#15768);
#11950=VERTEX_POINT('',#15769);
#11951=LINE('',#15770,#15771);
#11952=LINE('',#15772,#15773);
#11953=VERTEX_POINT('',#15774);
#11954=LINE('',#15775,#15776);
#11955=VERTEX_POINT('',#15777);
#11956=LINE('',#15778,#15779);
#11957=LINE('',#15780,#15781);
#11958=VERTEX_POINT('',#15782);
#11959=LINE('',#15783,#15784);
#11960=VERTEX_POINT('',#15785);
#11961=LINE('',#15786,#15787);
#11962=LINE('',#15788,#15789);
#11963=VERTEX_POINT('',#15790);
#11964=LINE('',#15791,#15792);
#11965=VERTEX_POINT('',#15793);
#11966=LINE('',#15794,#15795);
#11967=LINE('',#15796,#15797);
#11968=VERTEX_POINT('',#15798);
#11969=LINE('',#15799,#15800);
#11970=VERTEX_POINT('',#15801);
#11971=LINE('',#15802,#15803);
#11972=LINE('',#15804,#15805);
#11973=VERTEX_POINT('',#15806);
#11974=LINE('',#15807,#15808);
#11975=VERTEX_POINT('',#15809);
#11976=LINE('',#15810,#15811);
#11977=LINE('',#15812,#15813);
#11978=VERTEX_POINT('',#15814);
#11979=LINE('',#15815,#15816);
#11980=VERTEX_POINT('',#15817);
#11981=LINE('',#15818,#15819);
#11982=LINE('',#15820,#15821);
#11983=VERTEX_POINT('',#15822);
#11984=LINE('',#15823,#15824);
#11985=VERTEX_POINT('',#15825);
#11986=LINE('',#15826,#15827);
#11987=LINE('',#15828,#15829);
#11988=VERTEX_POINT('',#15830);
#11989=LINE('',#15831,#15832);
#11990=VERTEX_POINT('',#15833);
#11991=LINE('',#15834,#15835);
#11992=LINE('',#15836,#15837);
#11993=VERTEX_POINT('',#15838);
#11994=LINE('',#15839,#15840);
#11995=VERTEX_POINT('',#15841);
#11996=LINE('',#15842,#15843);
#11997=LINE('',#15844,#15845);
#11998=LINE('',#15846,#15847);
#11999=LINE('',#15848,#15849);
#12000=VERTEX_POINT('',#15850);
#12001=VERTEX_POINT('',#15851);
#12002=LINE('',#15852,#15853);
#12003=VERTEX_POINT('',#15854);
#12004=LINE('',#15855,#15856);
#12005=VERTEX_POINT('',#15857);
#12006=LINE('',#15858,#15859);
#12007=LINE('',#15860,#15861);
#12008=VERTEX_POINT('',#15862);
#12009=LINE('',#15863,#15864);
#12010=VERTEX_POINT('',#15865);
#12011=LINE('',#15866,#15867);
#12012=LINE('',#15868,#15869);
#12013=VERTEX_POINT('',#15870);
#12014=LINE('',#15871,#15872);
#12015=VERTEX_POINT('',#15873);
#12016=LINE('',#15874,#15875);
#12017=LINE('',#15876,#15877);
#12018=VERTEX_POINT('',#15878);
#12019=LINE('',#15879,#15880);
#12020=VERTEX_POINT('',#15881);
#12021=LINE('',#15882,#15883);
#12022=LINE('',#15884,#15885);
#12023=VERTEX_POINT('',#15886);
#12024=LINE('',#15887,#15888);
#12025=VERTEX_POINT('',#15889);
#12026=LINE('',#15890,#15891);
#12027=LINE('',#15892,#15893);
#12028=VERTEX_POINT('',#15894);
#12029=LINE('',#15895,#15896);
#12030=VERTEX_POINT('',#15897);
#12031=LINE('',#15898,#15899);
#12032=LINE('',#15900,#15901);
#12033=VERTEX_POINT('',#15902);
#12034=LINE('',#15903,#15904);
#12035=VERTEX_POINT('',#15905);
#12036=LINE('',#15906,#15907);
#12037=LINE('',#15908,#15909);
#12038=VERTEX_POINT('',#15910);
#12039=LINE('',#15911,#15912);
#12040=VERTEX_POINT('',#15913);
#12041=LINE('',#15914,#15915);
#12042=LINE('',#15916,#15917);
#12043=VERTEX_POINT('',#15918);
#12044=LINE('',#15919,#15920);
#12045=VERTEX_POINT('',#15921);
#12046=LINE('',#15922,#15923);
#12047=LINE('',#15924,#15925);
#12048=VERTEX_POINT('',#15926);
#12049=LINE('',#15927,#15928);
#12050=VERTEX_POINT('',#15929);
#12051=LINE('',#15930,#15931);
#12052=LINE('',#15932,#15933);
#12053=VERTEX_POINT('',#15934);
#12054=LINE('',#15935,#15936);
#12055=VERTEX_POINT('',#15937);
#12056=LINE('',#15938,#15939);
#12057=LINE('',#15940,#15941);
#12058=LINE('',#15942,#15943);
#12059=LINE('',#15944,#15945);
#12060=VERTEX_POINT('',#15946);
#12061=VERTEX_POINT('',#15947);
#12062=LINE('',#15948,#15949);
#12063=VERTEX_POINT('',#15950);
#12064=LINE('',#15951,#15952);
#12065=VERTEX_POINT('',#15953);
#12066=LINE('',#15954,#15955);
#12067=LINE('',#15956,#15957);
#12068=VERTEX_POINT('',#15958);
#12069=LINE('',#15959,#15960);
#12070=VERTEX_POINT('',#15961);
#12071=LINE('',#15962,#15963);
#12072=LINE('',#15964,#15965);
#12073=VERTEX_POINT('',#15966);
#12074=LINE('',#15967,#15968);
#12075=VERTEX_POINT('',#15969);
#12076=LINE('',#15970,#15971);
#12077=LINE('',#15972,#15973);
#12078=VERTEX_POINT('',#15974);
#12079=LINE('',#15975,#15976);
#12080=VERTEX_POINT('',#15977);
#12081=LINE('',#15978,#15979);
#12082=LINE('',#15980,#15981);
#12083=VERTEX_POINT('',#15982);
#12084=LINE('',#15983,#15984);
#12085=VERTEX_POINT('',#15985);
#12086=LINE('',#15986,#15987);
#12087=LINE('',#15988,#15989);
#12088=VERTEX_POINT('',#15990);
#12089=LINE('',#15991,#15992);
#12090=VERTEX_POINT('',#15993);
#12091=LINE('',#15994,#15995);
#12092=LINE('',#15996,#15997);
#12093=VERTEX_POINT('',#15998);
#12094=LINE('',#15999,#16000);
#12095=VERTEX_POINT('',#16001);
#12096=LINE('',#16002,#16003);
#12097=LINE('',#16004,#16005);
#12098=VERTEX_POINT('',#16006);
#12099=LINE('',#16007,#16008);
#12100=VERTEX_POINT('',#16009);
#12101=LINE('',#16010,#16011);
#12102=LINE('',#16012,#16013);
#12103=VERTEX_POINT('',#16014);
#12104=LINE('',#16015,#16016);
#12105=VERTEX_POINT('',#16017);
#12106=LINE('',#16018,#16019);
#12107=LINE('',#16020,#16021);
#12108=VERTEX_POINT('',#16022);
#12109=LINE('',#16023,#16024);
#12110=VERTEX_POINT('',#16025);
#12111=LINE('',#16026,#16027);
#12112=LINE('',#16028,#16029);
#12113=VERTEX_POINT('',#16030);
#12114=LINE('',#16031,#16032);
#12115=VERTEX_POINT('',#16033);
#12116=LINE('',#16034,#16035);
#12117=LINE('',#16036,#16037);
#12118=LINE('',#16038,#16039);
#12119=LINE('',#16040,#16041);
#12120=VERTEX_POINT('',#16042);
#12121=VERTEX_POINT('',#16043);
#12122=LINE('',#16044,#16045);
#12123=VERTEX_POINT('',#16046);
#12124=LINE('',#16047,#16048);
#12125=VERTEX_POINT('',#16049);
#12126=LINE('',#16050,#16051);
#12127=LINE('',#16052,#16053);
#12128=VERTEX_POINT('',#16054);
#12129=LINE('',#16055,#16056);
#12130=VERTEX_POINT('',#16057);
#12131=LINE('',#16058,#16059);
#12132=LINE('',#16060,#16061);
#12133=VERTEX_POINT('',#16062);
#12134=LINE('',#16063,#16064);
#12135=VERTEX_POINT('',#16065);
#12136=LINE('',#16066,#16067);
#12137=LINE('',#16068,#16069);
#12138=VERTEX_POINT('',#16070);
#12139=LINE('',#16071,#16072);
#12140=VERTEX_POINT('',#16073);
#12141=LINE('',#16074,#16075);
#12142=LINE('',#16076,#16077);
#12143=VERTEX_POINT('',#16078);
#12144=LINE('',#16079,#16080);
#12145=VERTEX_POINT('',#16081);
#12146=LINE('',#16082,#16083);
#12147=LINE('',#16084,#16085);
#12148=VERTEX_POINT('',#16086);
#12149=LINE('',#16087,#16088);
#12150=VERTEX_POINT('',#16089);
#12151=LINE('',#16090,#16091);
#12152=LINE('',#16092,#16093);
#12153=VERTEX_POINT('',#16094);
#12154=LINE('',#16095,#16096);
#12155=VERTEX_POINT('',#16097);
#12156=LINE('',#16098,#16099);
#12157=LINE('',#16100,#16101);
#12158=VERTEX_POINT('',#16102);
#12159=LINE('',#16103,#16104);
#12160=VERTEX_POINT('',#16105);
#12161=LINE('',#16106,#16107);
#12162=LINE('',#16108,#16109);
#12163=VERTEX_POINT('',#16110);
#12164=LINE('',#16111,#16112);
#12165=VERTEX_POINT('',#16113);
#12166=LINE('',#16114,#16115);
#12167=LINE('',#16116,#16117);
#12168=VERTEX_POINT('',#16118);
#12169=LINE('',#16119,#16120);
#12170=VERTEX_POINT('',#16121);
#12171=LINE('',#16122,#16123);
#12172=LINE('',#16124,#16125);
#12173=VERTEX_POINT('',#16126);
#12174=LINE('',#16127,#16128);
#12175=VERTEX_POINT('',#16129);
#12176=LINE('',#16130,#16131);
#12177=LINE('',#16132,#16133);
#12178=LINE('',#16134,#16135);
#12179=LINE('',#16136,#16137);
#12180=VERTEX_POINT('',#16138);
#12181=VERTEX_POINT('',#16139);
#12182=LINE('',#16140,#16141);
#12183=VERTEX_POINT('',#16142);
#12184=LINE('',#16143,#16144);
#12185=VERTEX_POINT('',#16145);
#12186=LINE('',#16146,#16147);
#12187=LINE('',#16148,#16149);
#12188=VERTEX_POINT('',#16150);
#12189=LINE('',#16151,#16152);
#12190=VERTEX_POINT('',#16153);
#12191=LINE('',#16154,#16155);
#12192=LINE('',#16156,#16157);
#12193=VERTEX_POINT('',#16158);
#12194=LINE('',#16159,#16160);
#12195=VERTEX_POINT('',#16161);
#12196=LINE('',#16162,#16163);
#12197=LINE('',#16164,#16165);
#12198=VERTEX_POINT('',#16166);
#12199=LINE('',#16167,#16168);
#12200=VERTEX_POINT('',#16169);
#12201=LINE('',#16170,#16171);
#12202=LINE('',#16172,#16173);
#12203=VERTEX_POINT('',#16174);
#12204=LINE('',#16175,#16176);
#12205=VERTEX_POINT('',#16177);
#12206=LINE('',#16178,#16179);
#12207=LINE('',#16180,#16181);
#12208=VERTEX_POINT('',#16182);
#12209=LINE('',#16183,#16184);
#12210=VERTEX_POINT('',#16185);
#12211=LINE('',#16186,#16187);
#12212=LINE('',#16188,#16189);
#12213=VERTEX_POINT('',#16190);
#12214=LINE('',#16191,#16192);
#12215=VERTEX_POINT('',#16193);
#12216=LINE('',#16194,#16195);
#12217=LINE('',#16196,#16197);
#12218=VERTEX_POINT('',#16198);
#12219=LINE('',#16199,#16200);
#12220=VERTEX_POINT('',#16201);
#12221=LINE('',#16202,#16203);
#12222=LINE('',#16204,#16205);
#12223=VERTEX_POINT('',#16206);
#12224=LINE('',#16207,#16208);
#12225=VERTEX_POINT('',#16209);
#12226=LINE('',#16210,#16211);
#12227=LINE('',#16212,#16213);
#12228=VERTEX_POINT('',#16214);
#12229=LINE('',#16215,#16216);
#12230=VERTEX_POINT('',#16217);
#12231=LINE('',#16218,#16219);
#12232=LINE('',#16220,#16221);
#12233=VERTEX_POINT('',#16222);
#12234=LINE('',#16223,#16224);
#12235=VERTEX_POINT('',#16225);
#12236=LINE('',#16226,#16227);
#12237=LINE('',#16228,#16229);
#12238=LINE('',#16230,#16231);
#12239=LINE('',#16232,#16233);
#12240=LINE('',#16234,#16235);
#12241=LINE('',#16236,#16237);
#12242=LINE('',#16238,#16239);
#12243=LINE('',#16240,#16241);
#12244=LINE('',#16242,#16243);
#12245=LINE('',#16244,#16245);
#12246=LINE('',#16246,#16247);
#12247=LINE('',#16248,#16249);
#12248=LINE('',#16250,#16251);
#12249=LINE('',#16252,#16253);
#12250=LINE('',#16254,#16255);
#12251=LINE('',#16256,#16257);
#12252=LINE('',#16258,#16259);
#12253=LINE('',#16260,#16261);
#12254=LINE('',#16262,#16263);
#12255=LINE('',#16264,#16265);
#12256=LINE('',#16266,#16267);
#12257=LINE('',#16268,#16269);
#12258=LINE('',#16270,#16271);
#12259=LINE('',#16272,#16273);
#12260=LINE('',#16274,#16275);
#12261=LINE('',#16276,#16277);
#12262=LINE('',#16278,#16279);
#12263=LINE('',#16280,#16281);
#12264=LINE('',#16282,#16283);
#12265=LINE('',#16284,#16285);
#12266=LINE('',#16286,#16287);
#12267=LINE('',#16288,#16289);
#12268=LINE('',#16290,#16291);
#12269=LINE('',#16292,#16293);
#12270=LINE('',#16294,#16295);
#12271=LINE('',#16296,#16297);
#12272=LINE('',#16298,#16299);
#12273=LINE('',#16300,#16301);
#12274=LINE('',#16302,#16303);
#12275=LINE('',#16304,#16305);
#12276=LINE('',#16306,#16307);
#12277=LINE('',#16308,#16309);
#12278=LINE('',#16310,#16311);
#12279=LINE('',#16312,#16313);
#12280=LINE('',#16314,#16315);
#12281=LINE('',#16316,#16317);
#12282=LINE('',#16318,#16319);
#12283=LINE('',#16320,#16321);
#12284=LINE('',#16322,#16323);
#12285=LINE('',#16324,#16325);
#12286=LINE('',#16326,#16327);
#12287=LINE('',#16328,#16329);
#12288=LINE('',#16330,#16331);
#12289=LINE('',#16332,#16333);
#12290=LINE('',#16334,#16335);
#12291=LINE('',#16336,#16337);
#12292=LINE('',#16338,#16339);
#12293=LINE('',#16340,#16341);
#12294=LINE('',#16342,#16343);
#12295=LINE('',#16344,#16345);
#12296=LINE('',#16346,#16347);
#12297=LINE('',#16348,#16349);
#12298=LINE('',#16350,#16351);
#12299=LINE('',#16352,#16353);
#12300=LINE('',#16354,#16355);
#12301=LINE('',#16356,#16357);
#12302=LINE('',#16358,#16359);
#12303=LINE('',#16360,#16361);
#12304=LINE('',#16362,#16363);
#12305=LINE('',#16364,#16365);
#12306=LINE('',#16366,#16367);
#12307=LINE('',#16368,#16369);
#12308=LINE('',#16370,#16371);
#12309=LINE('',#16372,#16373);
#12310=LINE('',#16374,#16375);
#12311=LINE('',#16376,#16377);
#12312=LINE('',#16378,#16379);
#12313=LINE('',#16380,#16381);
#12314=LINE('',#16382,#16383);
#12315=LINE('',#16384,#16385);
#12316=LINE('',#16386,#16387);
#12317=LINE('',#16388,#16389);
#12318=LINE('',#16390,#16391);
#12319=LINE('',#16392,#16393);
#12320=LINE('',#16394,#16395);
#12321=LINE('',#16396,#16397);
#12322=LINE('',#16398,#16399);
#12323=LINE('',#16400,#16401);
#12324=LINE('',#16402,#16403);
#12325=LINE('',#16404,#16405);
#12326=LINE('',#16406,#16407);
#12327=LINE('',#16408,#16409);
#12328=LINE('',#16410,#16411);
#12329=LINE('',#16412,#16413);
#12330=LINE('',#16414,#16415);
#12331=LINE('',#16416,#16417);
#12332=LINE('',#16418,#16419);
#12333=LINE('',#16420,#16421);
#12334=LINE('',#16422,#16423);
#12335=LINE('',#16424,#16425);
#12336=LINE('',#16426,#16427);
#12337=LINE('',#16428,#16429);
#12338=LINE('',#16430,#16431);
#12339=LINE('',#16432,#16433);
#12340=LINE('',#16434,#16435);
#12341=LINE('',#16436,#16437);
#12342=LINE('',#16438,#16439);
#12343=LINE('',#16440,#16441);
#12344=LINE('',#16442,#16443);
#12345=LINE('',#16444,#16445);
#12346=LINE('',#16446,#16447);
#12347=LINE('',#16448,#16449);
#12348=LINE('',#16450,#16451);
#12349=LINE('',#16452,#16453);
#12350=LINE('',#16454,#16455);
#12351=LINE('',#16456,#16457);
#12352=LINE('',#16458,#16459);
#12353=LINE('',#16460,#16461);
#12354=LINE('',#16462,#16463);
#12355=LINE('',#16464,#16465);
#12356=LINE('',#16466,#16467);
#12357=LINE('',#16468,#16469);
#12358=LINE('',#16470,#16471);
#12359=LINE('',#16472,#16473);
#12360=LINE('',#16474,#16475);
#12361=LINE('',#16476,#16477);
#12362=LINE('',#16478,#16479);
#12363=LINE('',#16480,#16481);
#12364=LINE('',#16482,#16483);
#12365=LINE('',#16484,#16485);
#12366=LINE('',#16486,#16487);
#12367=LINE('',#16488,#16489);
#12368=LINE('',#16490,#16491);
#12369=LINE('',#16492,#16493);
#12370=LINE('',#16494,#16495);
#12371=LINE('',#16496,#16497);
#12372=LINE('',#16498,#16499);
#12373=LINE('',#16500,#16501);
#12374=LINE('',#16502,#16503);
#12375=LINE('',#16504,#16505);
#12376=LINE('',#16506,#16507);
#12377=LINE('',#16508,#16509);
#12378=LINE('',#16510,#16511);
#12379=LINE('',#16512,#16513);
#12380=LINE('',#16514,#16515);
#12381=LINE('',#16516,#16517);
#12382=LINE('',#16518,#16519);
#12383=LINE('',#16520,#16521);
#12384=LINE('',#16522,#16523);
#12385=LINE('',#16524,#16525);
#12386=LINE('',#16526,#16527);
#12387=LINE('',#16528,#16529);
#12388=LINE('',#16530,#16531);
#12389=LINE('',#16532,#16533);
#12390=LINE('',#16534,#16535);
#12391=LINE('',#16536,#16537);
#12392=LINE('',#16538,#16539);
#12393=LINE('',#16540,#16541);
#12394=LINE('',#16542,#16543);
#12395=LINE('',#16544,#16545);
#12396=LINE('',#16546,#16547);
#12397=LINE('',#16548,#16549);
#12398=LINE('',#16550,#16551);
#12399=LINE('',#16552,#16553);
#12400=LINE('',#16554,#16555);
#12401=LINE('',#16556,#16557);
#12402=LINE('',#16558,#16559);
#12403=LINE('',#16560,#16561);
#12404=LINE('',#16562,#16563);
#12405=LINE('',#16564,#16565);
#12406=LINE('',#16566,#16567);
#12407=LINE('',#16568,#16569);
#12408=LINE('',#16570,#16571);
#12409=LINE('',#16572,#16573);
#12410=LINE('',#16574,#16575);
#12411=LINE('',#16576,#16577);
#12412=LINE('',#16578,#16579);
#12413=LINE('',#16580,#16581);
#12414=LINE('',#16582,#16583);
#12415=LINE('',#16584,#16585);
#12416=LINE('',#16586,#16587);
#12417=LINE('',#16588,#16589);
#12418=LINE('',#16590,#16591);
#12419=LINE('',#16592,#16593);
#12420=LINE('',#16594,#16595);
#12421=LINE('',#16596,#16597);
#12422=LINE('',#16598,#16599);
#12423=LINE('',#16600,#16601);
#12424=LINE('',#16602,#16603);
#12425=LINE('',#16604,#16605);
#12426=LINE('',#16606,#16607);
#12427=LINE('',#16608,#16609);
#12428=LINE('',#16610,#16611);
#12429=LINE('',#16612,#16613);
#12430=LINE('',#16614,#16615);
#12431=LINE('',#16616,#16617);
#12432=LINE('',#16618,#16619);
#12433=LINE('',#16620,#16621);
#12434=LINE('',#16622,#16623);
#12435=LINE('',#16624,#16625);
#12436=LINE('',#16626,#16627);
#12437=LINE('',#16628,#16629);
#12438=LINE('',#16630,#16631);
#12439=LINE('',#16632,#16633);
#12440=LINE('',#16634,#16635);
#12441=LINE('',#16636,#16637);
#12442=LINE('',#16638,#16639);
#12443=LINE('',#16640,#16641);
#12444=LINE('',#16642,#16643);
#12445=LINE('',#16644,#16645);
#12446=LINE('',#16646,#16647);
#12447=LINE('',#16648,#16649);
#12448=LINE('',#16650,#16651);
#12449=LINE('',#16652,#16653);
#12450=LINE('',#16654,#16655);
#12451=LINE('',#16656,#16657);
#12452=LINE('',#16658,#16659);
#12453=LINE('',#16660,#16661);
#12454=LINE('',#16662,#16663);
#12455=LINE('',#16664,#16665);
#12456=LINE('',#16666,#16667);
#12457=LINE('',#16668,#16669);
#12458=LINE('',#16670,#16671);
#12459=LINE('',#16672,#16673);
#12460=LINE('',#16674,#16675);
#12461=LINE('',#16676,#16677);
#12462=LINE('',#16678,#16679);
#12463=LINE('',#16680,#16681);
#12464=LINE('',#16682,#16683);
#12465=LINE('',#16684,#16685);
#12466=LINE('',#16686,#16687);
#12467=LINE('',#16688,#16689);
#12468=LINE('',#16690,#16691);
#12469=LINE('',#16692,#16693);
#12470=LINE('',#16694,#16695);
#12471=LINE('',#16696,#16697);
#12472=LINE('',#16698,#16699);
#12473=LINE('',#16700,#16701);
#12474=VERTEX_POINT('',#16702);
#12475=VERTEX_POINT('',#16703);
#12476=LINE('',#16704,#16705);
#12477=LINE('',#16706,#16707);
#12478=LINE('',#16708,#16709);
#12479=VERTEX_POINT('',#16710);
#12480=LINE('',#16711,#16712);
#12481=VERTEX_POINT('',#16713);
#12482=LINE('',#16714,#16715);
#12483=LINE('',#16716,#16717);
#12484=LINE('',#16718,#16719);
#12485=LINE('',#16720,#16721);
#12486=CARTESIAN_POINT('',(7.05,2.5,0.449999999999999));
#12487=CARTESIAN_POINT('',(7.05,3.6,0.45));
#12488=CARTESIAN_POINT('',(7.05,2.5,0.449999999999999));
#12489=VECTOR('',#16722,1.0);
#12490=CARTESIAN_POINT('',(7.95,2.5,0.45));
#12491=CARTESIAN_POINT('',(7.95,2.5,0.449999999999999));
#12492=VECTOR('',#16723,1.0);
#12493=CARTESIAN_POINT('',(7.95,3.6,0.45));
#12494=CARTESIAN_POINT('',(7.95,3.6,0.45));
#12495=VECTOR('',#16724,1.0);
#12496=CARTESIAN_POINT('',(7.05,3.6,0.45));
#12497=VECTOR('',#16725,1.0);
#12498=CARTESIAN_POINT('',(-7.95,3.8,0.450000000000001));
#12499=CARTESIAN_POINT('',(-8.3,3.8,0.45));
#12500=CARTESIAN_POINT('',(-7.95,3.8,0.45));
#12501=VECTOR('',#16726,1.0);
#12502=CARTESIAN_POINT('',(-7.8,3.95,0.45));
#12503=CARTESIAN_POINT('',(-7.95,3.8,0.450000000000001));
#12504=VECTOR('',#16727,1.0);
#12505=CARTESIAN_POINT('',(-7.2,3.95,0.45));
#12506=CARTESIAN_POINT('',(8.975,3.95,0.45));
#12507=VECTOR('',#16728,1.0);
#12508=CARTESIAN_POINT('',(-7.05,3.8,0.45));
#12509=CARTESIAN_POINT('',(-7.05,3.8,0.45));
#12510=VECTOR('',#16729,1.0);
#12511=CARTESIAN_POINT('',(-6.7,3.8,0.450000000000001));
#12512=CARTESIAN_POINT('',(-6.7,3.8,0.45));
#12513=VECTOR('',#16730,1.0);
#12514=CARTESIAN_POINT('',(-6.55,3.95,0.45));
#12515=CARTESIAN_POINT('',(-6.7,3.8,0.450000000000001));
#12516=VECTOR('',#16731,1.0);
#12517=CARTESIAN_POINT('',(-5.95,3.95,0.45));
#12518=CARTESIAN_POINT('',(8.975,3.95,0.45));
#12519=VECTOR('',#16732,1.0);
#12520=CARTESIAN_POINT('',(-5.8,3.8,0.45));
#12521=CARTESIAN_POINT('',(-5.8,3.8,0.45));
#12522=VECTOR('',#16733,1.0);
#12523=CARTESIAN_POINT('',(-5.45,3.8,0.450000000000001));
#12524=CARTESIAN_POINT('',(-5.45,3.8,0.45));
#12525=VECTOR('',#16734,1.0);
#12526=CARTESIAN_POINT('',(-5.3,3.95,0.45));
#12527=CARTESIAN_POINT('',(-5.45,3.8,0.450000000000001));
#12528=VECTOR('',#16735,1.0);
#12529=CARTESIAN_POINT('',(-4.7,3.95,0.45));
#12530=CARTESIAN_POINT('',(8.975,3.95,0.45));
#12531=VECTOR('',#16736,1.0);
#12532=CARTESIAN_POINT('',(-4.55,3.8,0.45));
#12533=CARTESIAN_POINT('',(-4.55,3.8,0.45));
#12534=VECTOR('',#16737,1.0);
#12535=CARTESIAN_POINT('',(-4.2,3.8,0.450000000000001));
#12536=CARTESIAN_POINT('',(-4.2,3.8,0.45));
#12537=VECTOR('',#16738,1.0);
#12538=CARTESIAN_POINT('',(-4.05,3.95,0.45));
#12539=CARTESIAN_POINT('',(-4.2,3.8,0.450000000000001));
#12540=VECTOR('',#16739,1.0);
#12541=CARTESIAN_POINT('',(-3.45,3.95,0.45));
#12542=CARTESIAN_POINT('',(8.975,3.95,0.45));
#12543=VECTOR('',#16740,1.0);
#12544=CARTESIAN_POINT('',(-3.3,3.8,0.45));
#12545=CARTESIAN_POINT('',(-3.3,3.8,0.45));
#12546=VECTOR('',#16741,1.0);
#12547=CARTESIAN_POINT('',(-2.95,3.8,0.450000000000001));
#12548=CARTESIAN_POINT('',(-2.95,3.8,0.45));
#12549=VECTOR('',#16742,1.0);
#12550=CARTESIAN_POINT('',(-2.8,3.95,0.45));
#12551=CARTESIAN_POINT('',(-2.95,3.8,0.450000000000001));
#12552=VECTOR('',#16743,1.0);
#12553=CARTESIAN_POINT('',(-2.2,3.95,0.45));
#12554=CARTESIAN_POINT('',(8.975,3.95,0.45));
#12555=VECTOR('',#16744,1.0);
#12556=CARTESIAN_POINT('',(-2.05,3.8,0.45));
#12557=CARTESIAN_POINT('',(-2.05,3.8,0.45));
#12558=VECTOR('',#16745,1.0);
#12559=CARTESIAN_POINT('',(-1.7,3.8,0.450000000000001));
#12560=CARTESIAN_POINT('',(-1.7,3.8,0.45));
#12561=VECTOR('',#16746,1.0);
#12562=CARTESIAN_POINT('',(-1.55,3.95,0.45));
#12563=CARTESIAN_POINT('',(-1.7,3.8,0.450000000000001));
#12564=VECTOR('',#16747,1.0);
#12565=CARTESIAN_POINT('',(-0.95,3.95,0.45));
#12566=CARTESIAN_POINT('',(8.975,3.95,0.45));
#12567=VECTOR('',#16748,1.0);
#12568=CARTESIAN_POINT('',(-0.8,3.8,0.45));
#12569=CARTESIAN_POINT('',(-0.8,3.8,0.45));
#12570=VECTOR('',#16749,1.0);
#12571=CARTESIAN_POINT('',(-0.450000000000001,3.8,0.450000000000001));
#12572=CARTESIAN_POINT('',(-0.450000000000001,3.8,0.45));
#12573=VECTOR('',#16750,1.0);
#12574=CARTESIAN_POINT('',(-0.300000000000002,3.95,0.45));
#12575=CARTESIAN_POINT('',(-0.450000000000001,3.8,0.450000000000001));
#12576=VECTOR('',#16751,1.0);
#12577=CARTESIAN_POINT('',(0.300000000000002,3.95,0.45));
#12578=CARTESIAN_POINT('',(8.975,3.95,0.45));
#12579=VECTOR('',#16752,1.0);
#12580=CARTESIAN_POINT('',(0.450000000000001,3.8,0.45));
#12581=CARTESIAN_POINT('',(0.450000000000001,3.8,0.45));
#12582=VECTOR('',#16753,1.0);
#12583=CARTESIAN_POINT('',(0.8,3.8,0.450000000000001));
#12584=CARTESIAN_POINT('',(0.8,3.8,0.45));
#12585=VECTOR('',#16754,1.0);
#12586=CARTESIAN_POINT('',(0.95,3.95,0.45));
#12587=CARTESIAN_POINT('',(0.8,3.8,0.450000000000001));
#12588=VECTOR('',#16755,1.0);
#12589=CARTESIAN_POINT('',(1.55,3.95,0.45));
#12590=CARTESIAN_POINT('',(8.975,3.95,0.45));
#12591=VECTOR('',#16756,1.0);
#12592=CARTESIAN_POINT('',(1.7,3.8,0.45));
#12593=CARTESIAN_POINT('',(1.7,3.8,0.45));
#12594=VECTOR('',#16757,1.0);
#12595=CARTESIAN_POINT('',(2.05,3.8,0.450000000000001));
#12596=CARTESIAN_POINT('',(2.05,3.8,0.45));
#12597=VECTOR('',#16758,1.0);
#12598=CARTESIAN_POINT('',(2.2,3.95,0.45));
#12599=CARTESIAN_POINT('',(2.05,3.8,0.450000000000001));
#12600=VECTOR('',#16759,1.0);
#12601=CARTESIAN_POINT('',(2.8,3.95,0.45));
#12602=CARTESIAN_POINT('',(8.975,3.95,0.45));
#12603=VECTOR('',#16760,1.0);
#12604=CARTESIAN_POINT('',(2.95,3.8,0.45));
#12605=CARTESIAN_POINT('',(2.95,3.8,0.45));
#12606=VECTOR('',#16761,1.0);
#12607=CARTESIAN_POINT('',(3.3,3.8,0.450000000000001));
#12608=CARTESIAN_POINT('',(3.3,3.8,0.45));
#12609=VECTOR('',#16762,1.0);
#12610=CARTESIAN_POINT('',(3.45,3.95,0.45));
#12611=CARTESIAN_POINT('',(3.3,3.8,0.450000000000001));
#12612=VECTOR('',#16763,1.0);
#12613=CARTESIAN_POINT('',(4.05,3.95,0.45));
#12614=CARTESIAN_POINT('',(8.975,3.95,0.45));
#12615=VECTOR('',#16764,1.0);
#12616=CARTESIAN_POINT('',(4.2,3.8,0.45));
#12617=CARTESIAN_POINT('',(4.2,3.8,0.45));
#12618=VECTOR('',#16765,1.0);
#12619=CARTESIAN_POINT('',(4.55,3.8,0.450000000000001));
#12620=CARTESIAN_POINT('',(4.55,3.8,0.45));
#12621=VECTOR('',#16766,1.0);
#12622=CARTESIAN_POINT('',(4.7,3.95,0.45));
#12623=CARTESIAN_POINT('',(4.55,3.8,0.450000000000001));
#12624=VECTOR('',#16767,1.0);
#12625=CARTESIAN_POINT('',(5.3,3.95,0.45));
#12626=CARTESIAN_POINT('',(8.975,3.95,0.45));
#12627=VECTOR('',#16768,1.0);
#12628=CARTESIAN_POINT('',(5.45,3.8,0.45));
#12629=CARTESIAN_POINT('',(5.45,3.8,0.45));
#12630=VECTOR('',#16769,1.0);
#12631=CARTESIAN_POINT('',(5.8,3.8,0.450000000000001));
#12632=CARTESIAN_POINT('',(5.8,3.8,0.45));
#12633=VECTOR('',#16770,1.0);
#12634=CARTESIAN_POINT('',(5.95,3.95,0.45));
#12635=CARTESIAN_POINT('',(5.8,3.8,0.450000000000001));
#12636=VECTOR('',#16771,1.0);
#12637=CARTESIAN_POINT('',(6.55,3.95,0.45));
#12638=CARTESIAN_POINT('',(8.975,3.95,0.45));
#12639=VECTOR('',#16772,1.0);
#12640=CARTESIAN_POINT('',(6.7,3.8,0.45));
#12641=CARTESIAN_POINT('',(6.7,3.8,0.45));
#12642=VECTOR('',#16773,1.0);
#12643=CARTESIAN_POINT('',(7.05,3.8,0.450000000000001));
#12644=CARTESIAN_POINT('',(7.05,3.8,0.45));
#12645=VECTOR('',#16774,1.0);
#12646=CARTESIAN_POINT('',(7.2,3.95,0.45));
#12647=CARTESIAN_POINT('',(7.05,3.8,0.450000000000001));
#12648=VECTOR('',#16775,1.0);
#12649=CARTESIAN_POINT('',(7.8,3.95,0.45));
#12650=CARTESIAN_POINT('',(8.975,3.95,0.45));
#12651=VECTOR('',#16776,1.0);
#12652=CARTESIAN_POINT('',(7.95,3.8,0.45));
#12653=CARTESIAN_POINT('',(7.95,3.8,0.45));
#12654=VECTOR('',#16777,1.0);
#12655=CARTESIAN_POINT('',(8.3,3.8,0.450000000000001));
#12656=CARTESIAN_POINT('',(8.3,3.8,0.45));
#12657=VECTOR('',#16778,1.0);
#12658=CARTESIAN_POINT('',(8.45,3.95,0.45));
#12659=CARTESIAN_POINT('',(8.3,3.8,0.450000000000001));
#12660=VECTOR('',#16779,1.0);
#12661=CARTESIAN_POINT('',(8.975,3.95,0.45));
#12662=CARTESIAN_POINT('',(8.975,3.95,0.45));
#12663=VECTOR('',#16780,1.0);
#12664=CARTESIAN_POINT('',(8.975,0.6,0.45));
#12665=CARTESIAN_POINT('',(8.975,0.6,0.45));
#12666=VECTOR('',#16781,1.0);
#12667=CARTESIAN_POINT('',(-8.975,0.6,0.45));
#12668=CARTESIAN_POINT('',(8.975,0.6,0.45));
#12669=VECTOR('',#16782,1.0);
#12670=CARTESIAN_POINT('',(-8.975,3.95,0.45));
#12671=CARTESIAN_POINT('',(-8.975,0.6,0.45));
#12672=VECTOR('',#16783,1.0);
#12673=CARTESIAN_POINT('',(-8.45,3.95,0.45));
#12674=CARTESIAN_POINT('',(8.975,3.95,0.45));
#12675=VECTOR('',#16784,1.0);
#12676=CARTESIAN_POINT('',(-8.3,3.8,0.45));
#12677=VECTOR('',#16785,1.0);
#12678=CARTESIAN_POINT('',(-7.95,2.5,0.449999999999999));
#12679=CARTESIAN_POINT('',(-7.95,3.6,0.45));
#12680=CARTESIAN_POINT('',(-7.95,2.5,0.449999999999999));
#12681=VECTOR('',#16786,1.0);
#12682=CARTESIAN_POINT('',(-7.05,2.5,0.449999999999999));
#12683=CARTESIAN_POINT('',(-7.05,2.5,0.449999999999999));
#12684=VECTOR('',#16787,1.0);
#12685=CARTESIAN_POINT('',(-7.05,3.6,0.45));
#12686=CARTESIAN_POINT('',(-7.05,3.6,0.45));
#12687=VECTOR('',#16788,1.0);
#12688=CARTESIAN_POINT('',(-7.95,3.6,0.45));
#12689=VECTOR('',#16789,1.0);
#12690=CARTESIAN_POINT('',(6.375,2.8,2.75));
#12691=CARTESIAN_POINT('',(6.675,3.2,2.75));
#12692=CARTESIAN_POINT('',(6.375,2.8,2.75));
#12693=VECTOR('',#16790,1.0);
#12694=CARTESIAN_POINT('',(6.675,3.6,2.75));
#12695=CARTESIAN_POINT('',(6.675,3.2,2.75));
#12696=VECTOR('',#16791,1.0);
#12697=CARTESIAN_POINT('',(7.075,3.6,2.75));
#12698=CARTESIAN_POINT('',(6.675,3.6,2.75));
#12699=VECTOR('',#16792,1.0);
#12700=CARTESIAN_POINT('',(7.075,3.2,2.75));
#12701=CARTESIAN_POINT('',(7.075,3.6,2.75));
#12702=VECTOR('',#16793,1.0);
#12703=CARTESIAN_POINT('',(7.375,2.8,2.75));
#12704=CARTESIAN_POINT('',(7.075,3.2,2.75));
#12705=VECTOR('',#16794,1.0);
#12706=CARTESIAN_POINT('',(7.625,2.8,2.75));
#12707=CARTESIAN_POINT('',(8.975,2.8,2.75));
#12708=VECTOR('',#16795,1.0);
#12709=CARTESIAN_POINT('',(7.925,3.2,2.75));
#12710=CARTESIAN_POINT('',(7.625,2.8,2.75));
#12711=VECTOR('',#16796,1.0);
#12712=CARTESIAN_POINT('',(7.925,3.6,2.75));
#12713=CARTESIAN_POINT('',(7.925,3.2,2.75));
#12714=VECTOR('',#16797,1.0);
#12715=CARTESIAN_POINT('',(8.325,3.6,2.75));
#12716=CARTESIAN_POINT('',(7.925,3.6,2.75));
#12717=VECTOR('',#16798,1.0);
#12718=CARTESIAN_POINT('',(8.325,3.2,2.75));
#12719=CARTESIAN_POINT('',(8.325,3.6,2.75));
#12720=VECTOR('',#16799,1.0);
#12721=CARTESIAN_POINT('',(8.625,2.8,2.75));
#12722=CARTESIAN_POINT('',(8.325,3.2,2.75));
#12723=VECTOR('',#16800,1.0);
#12724=CARTESIAN_POINT('',(8.975,2.8,2.75));
#12725=CARTESIAN_POINT('',(8.975,2.8,2.75));
#12726=VECTOR('',#16801,1.0);
#12727=CARTESIAN_POINT('',(8.975,3.95,2.75));
#12728=CARTESIAN_POINT('',(8.975,3.95,2.75));
#12729=VECTOR('',#16802,1.0);
#12730=CARTESIAN_POINT('',(-8.975,3.95,2.75));
#12731=CARTESIAN_POINT('',(8.975,3.95,2.75));
#12732=VECTOR('',#16803,1.0);
#12733=CARTESIAN_POINT('',(-8.975,2.8,2.75));
#12734=CARTESIAN_POINT('',(-8.975,3.95,2.75));
#12735=VECTOR('',#16804,1.0);
#12736=CARTESIAN_POINT('',(-8.625,2.8,2.75));
#12737=CARTESIAN_POINT('',(8.975,2.8,2.75));
#12738=VECTOR('',#16805,1.0);
#12739=CARTESIAN_POINT('',(-8.325,3.2,2.75));
#12740=CARTESIAN_POINT('',(-8.625,2.8,2.75));
#12741=VECTOR('',#16806,1.0);
#12742=CARTESIAN_POINT('',(-8.325,3.6,2.75));
#12743=CARTESIAN_POINT('',(-8.325,3.2,2.75));
#12744=VECTOR('',#16807,1.0);
#12745=CARTESIAN_POINT('',(-7.925,3.6,2.75));
#12746=CARTESIAN_POINT('',(-8.325,3.6,2.75));
#12747=VECTOR('',#16808,1.0);
#12748=CARTESIAN_POINT('',(-7.925,3.2,2.75));
#12749=CARTESIAN_POINT('',(-7.925,3.6,2.75));
#12750=VECTOR('',#16809,1.0);
#12751=CARTESIAN_POINT('',(-7.625,2.8,2.75));
#12752=CARTESIAN_POINT('',(-7.925,3.2,2.75));
#12753=VECTOR('',#16810,1.0);
#12754=CARTESIAN_POINT('',(-7.375,2.8,2.75));
#12755=CARTESIAN_POINT('',(8.975,2.8,2.75));
#12756=VECTOR('',#16811,1.0);
#12757=CARTESIAN_POINT('',(-7.075,3.2,2.75));
#12758=CARTESIAN_POINT('',(-7.375,2.8,2.75));
#12759=VECTOR('',#16812,1.0);
#12760=CARTESIAN_POINT('',(-7.075,3.6,2.75));
#12761=CARTESIAN_POINT('',(-7.075,3.2,2.75));
#12762=VECTOR('',#16813,1.0);
#12763=CARTESIAN_POINT('',(-6.675,3.6,2.75));
#12764=CARTESIAN_POINT('',(-7.075,3.6,2.75));
#12765=VECTOR('',#16814,1.0);
#12766=CARTESIAN_POINT('',(-6.675,3.2,2.75));
#12767=CARTESIAN_POINT('',(-6.675,3.6,2.75));
#12768=VECTOR('',#16815,1.0);
#12769=CARTESIAN_POINT('',(-6.375,2.8,2.75));
#12770=CARTESIAN_POINT('',(-6.675,3.2,2.75));
#12771=VECTOR('',#16816,1.0);
#12772=CARTESIAN_POINT('',(-6.125,2.8,2.75));
#12773=CARTESIAN_POINT('',(8.975,2.8,2.75));
#12774=VECTOR('',#16817,1.0);
#12775=CARTESIAN_POINT('',(-5.825,3.2,2.75));
#12776=CARTESIAN_POINT('',(-6.125,2.8,2.75));
#12777=VECTOR('',#16818,1.0);
#12778=CARTESIAN_POINT('',(-5.825,3.6,2.75));
#12779=CARTESIAN_POINT('',(-5.825,3.2,2.75));
#12780=VECTOR('',#16819,1.0);
#12781=CARTESIAN_POINT('',(-5.425,3.6,2.75));
#12782=CARTESIAN_POINT('',(-5.825,3.6,2.75));
#12783=VECTOR('',#16820,1.0);
#12784=CARTESIAN_POINT('',(-5.425,3.2,2.75));
#12785=CARTESIAN_POINT('',(-5.425,3.6,2.75));
#12786=VECTOR('',#16821,1.0);
#12787=CARTESIAN_POINT('',(-5.125,2.8,2.75));
#12788=CARTESIAN_POINT('',(-5.425,3.2,2.75));
#12789=VECTOR('',#16822,1.0);
#12790=CARTESIAN_POINT('',(-4.875,2.8,2.75));
#12791=CARTESIAN_POINT('',(8.975,2.8,2.75));
#12792=VECTOR('',#16823,1.0);
#12793=CARTESIAN_POINT('',(-4.575,3.2,2.75));
#12794=CARTESIAN_POINT('',(-4.875,2.8,2.75));
#12795=VECTOR('',#16824,1.0);
#12796=CARTESIAN_POINT('',(-4.575,3.6,2.75));
#12797=CARTESIAN_POINT('',(-4.575,3.2,2.75));
#12798=VECTOR('',#16825,1.0);
#12799=CARTESIAN_POINT('',(-4.175,3.6,2.75));
#12800=CARTESIAN_POINT('',(-4.575,3.6,2.75));
#12801=VECTOR('',#16826,1.0);
#12802=CARTESIAN_POINT('',(-4.175,3.2,2.75));
#12803=CARTESIAN_POINT('',(-4.175,3.6,2.75));
#12804=VECTOR('',#16827,1.0);
#12805=CARTESIAN_POINT('',(-3.875,2.8,2.75));
#12806=CARTESIAN_POINT('',(-4.175,3.2,2.75));
#12807=VECTOR('',#16828,1.0);
#12808=CARTESIAN_POINT('',(-3.625,2.8,2.75));
#12809=CARTESIAN_POINT('',(8.975,2.8,2.75));
#12810=VECTOR('',#16829,1.0);
#12811=CARTESIAN_POINT('',(-3.325,3.2,2.75));
#12812=CARTESIAN_POINT('',(-3.625,2.8,2.75));
#12813=VECTOR('',#16830,1.0);
#12814=CARTESIAN_POINT('',(-3.325,3.6,2.75));
#12815=CARTESIAN_POINT('',(-3.325,3.2,2.75));
#12816=VECTOR('',#16831,1.0);
#12817=CARTESIAN_POINT('',(-2.925,3.6,2.75));
#12818=CARTESIAN_POINT('',(-3.325,3.6,2.75));
#12819=VECTOR('',#16832,1.0);
#12820=CARTESIAN_POINT('',(-2.925,3.2,2.75));
#12821=CARTESIAN_POINT('',(-2.925,3.6,2.75));
#12822=VECTOR('',#16833,1.0);
#12823=CARTESIAN_POINT('',(-2.625,2.8,2.75));
#12824=CARTESIAN_POINT('',(-2.925,3.2,2.75));
#12825=VECTOR('',#16834,1.0);
#12826=CARTESIAN_POINT('',(-2.375,2.8,2.75));
#12827=CARTESIAN_POINT('',(8.975,2.8,2.75));
#12828=VECTOR('',#16835,1.0);
#12829=CARTESIAN_POINT('',(-2.075,3.2,2.75));
#12830=CARTESIAN_POINT('',(-2.375,2.8,2.75));
#12831=VECTOR('',#16836,1.0);
#12832=CARTESIAN_POINT('',(-2.075,3.6,2.75));
#12833=CARTESIAN_POINT('',(-2.075,3.2,2.75));
#12834=VECTOR('',#16837,1.0);
#12835=CARTESIAN_POINT('',(-1.675,3.6,2.75));
#12836=CARTESIAN_POINT('',(-2.075,3.6,2.75));
#12837=VECTOR('',#16838,1.0);
#12838=CARTESIAN_POINT('',(-1.675,3.2,2.75));
#12839=CARTESIAN_POINT('',(-1.675,3.6,2.75));
#12840=VECTOR('',#16839,1.0);
#12841=CARTESIAN_POINT('',(-1.375,2.8,2.75));
#12842=CARTESIAN_POINT('',(-1.675,3.2,2.75));
#12843=VECTOR('',#16840,1.0);
#12844=CARTESIAN_POINT('',(-1.125,2.8,2.75));
#12845=CARTESIAN_POINT('',(8.975,2.8,2.75));
#12846=VECTOR('',#16841,1.0);
#12847=CARTESIAN_POINT('',(-0.825000000000001,3.2,2.75));
#12848=CARTESIAN_POINT('',(-1.125,2.8,2.75));
#12849=VECTOR('',#16842,1.0);
#12850=CARTESIAN_POINT('',(-0.825000000000001,3.6,2.75));
#12851=CARTESIAN_POINT('',(-0.825000000000001,3.2,2.75));
#12852=VECTOR('',#16843,1.0);
#12853=CARTESIAN_POINT('',(-0.425000000000002,3.6,2.75));
#12854=CARTESIAN_POINT('',(-0.825000000000001,3.6,2.75));
#12855=VECTOR('',#16844,1.0);
#12856=CARTESIAN_POINT('',(-0.425000000000002,3.2,2.75));
#12857=CARTESIAN_POINT('',(-0.425000000000002,3.6,2.75));
#12858=VECTOR('',#16845,1.0);
#12859=CARTESIAN_POINT('',(-0.125,2.8,2.75));
#12860=CARTESIAN_POINT('',(-0.425000000000002,3.2,2.75));
#12861=VECTOR('',#16846,1.0);
#12862=CARTESIAN_POINT('',(0.125,2.8,2.75));
#12863=CARTESIAN_POINT('',(8.975,2.8,2.75));
#12864=VECTOR('',#16847,1.0);
#12865=CARTESIAN_POINT('',(0.425,3.2,2.75));
#12866=CARTESIAN_POINT('',(0.125,2.8,2.75));
#12867=VECTOR('',#16848,1.0);
#12868=CARTESIAN_POINT('',(0.425,3.6,2.75));
#12869=CARTESIAN_POINT('',(0.425,3.2,2.75));
#12870=VECTOR('',#16849,1.0);
#12871=CARTESIAN_POINT('',(0.824999999999999,3.6,2.75));
#12872=CARTESIAN_POINT('',(0.425,3.6,2.75));
#12873=VECTOR('',#16850,1.0);
#12874=CARTESIAN_POINT('',(0.824999999999999,3.2,2.75));
#12875=CARTESIAN_POINT('',(0.824999999999999,3.6,2.75));
#12876=VECTOR('',#16851,1.0);
#12877=CARTESIAN_POINT('',(1.125,2.8,2.75));
#12878=CARTESIAN_POINT('',(0.824999999999999,3.2,2.75));
#12879=VECTOR('',#16852,1.0);
#12880=CARTESIAN_POINT('',(1.375,2.8,2.75));
#12881=CARTESIAN_POINT('',(8.975,2.8,2.75));
#12882=VECTOR('',#16853,1.0);
#12883=CARTESIAN_POINT('',(1.675,3.2,2.75));
#12884=CARTESIAN_POINT('',(1.375,2.8,2.75));
#12885=VECTOR('',#16854,1.0);
#12886=CARTESIAN_POINT('',(1.675,3.6,2.75));
#12887=CARTESIAN_POINT('',(1.675,3.2,2.75));
#12888=VECTOR('',#16855,1.0);
#12889=CARTESIAN_POINT('',(2.075,3.6,2.75));
#12890=CARTESIAN_POINT('',(1.675,3.6,2.75));
#12891=VECTOR('',#16856,1.0);
#12892=CARTESIAN_POINT('',(2.075,3.2,2.75));
#12893=CARTESIAN_POINT('',(2.075,3.6,2.75));
#12894=VECTOR('',#16857,1.0);
#12895=CARTESIAN_POINT('',(2.375,2.8,2.75));
#12896=CARTESIAN_POINT('',(2.075,3.2,2.75));
#12897=VECTOR('',#16858,1.0);
#12898=CARTESIAN_POINT('',(2.625,2.8,2.75));
#12899=CARTESIAN_POINT('',(8.975,2.8,2.75));
#12900=VECTOR('',#16859,1.0);
#12901=CARTESIAN_POINT('',(2.925,3.2,2.75));
#12902=CARTESIAN_POINT('',(2.625,2.8,2.75));
#12903=VECTOR('',#16860,1.0);
#12904=CARTESIAN_POINT('',(2.925,3.6,2.75));
#12905=CARTESIAN_POINT('',(2.925,3.2,2.75));
#12906=VECTOR('',#16861,1.0);
#12907=CARTESIAN_POINT('',(3.325,3.6,2.75));
#12908=CARTESIAN_POINT('',(2.925,3.6,2.75));
#12909=VECTOR('',#16862,1.0);
#12910=CARTESIAN_POINT('',(3.325,3.2,2.75));
#12911=CARTESIAN_POINT('',(3.325,3.6,2.75));
#12912=VECTOR('',#16863,1.0);
#12913=CARTESIAN_POINT('',(3.625,2.8,2.75));
#12914=CARTESIAN_POINT('',(3.325,3.2,2.75));
#12915=VECTOR('',#16864,1.0);
#12916=CARTESIAN_POINT('',(3.875,2.8,2.75));
#12917=CARTESIAN_POINT('',(8.975,2.8,2.75));
#12918=VECTOR('',#16865,1.0);
#12919=CARTESIAN_POINT('',(4.175,3.2,2.75));
#12920=CARTESIAN_POINT('',(3.875,2.8,2.75));
#12921=VECTOR('',#16866,1.0);
#12922=CARTESIAN_POINT('',(4.175,3.6,2.75));
#12923=CARTESIAN_POINT('',(4.175,3.2,2.75));
#12924=VECTOR('',#16867,1.0);
#12925=CARTESIAN_POINT('',(4.575,3.6,2.75));
#12926=CARTESIAN_POINT('',(4.175,3.6,2.75));
#12927=VECTOR('',#16868,1.0);
#12928=CARTESIAN_POINT('',(4.575,3.2,2.75));
#12929=CARTESIAN_POINT('',(4.575,3.6,2.75));
#12930=VECTOR('',#16869,1.0);
#12931=CARTESIAN_POINT('',(4.875,2.8,2.75));
#12932=CARTESIAN_POINT('',(4.575,3.2,2.75));
#12933=VECTOR('',#16870,1.0);
#12934=CARTESIAN_POINT('',(5.125,2.8,2.75));
#12935=CARTESIAN_POINT('',(8.975,2.8,2.75));
#12936=VECTOR('',#16871,1.0);
#12937=CARTESIAN_POINT('',(5.425,3.2,2.75));
#12938=CARTESIAN_POINT('',(5.125,2.8,2.75));
#12939=VECTOR('',#16872,1.0);
#12940=CARTESIAN_POINT('',(5.425,3.6,2.75));
#12941=CARTESIAN_POINT('',(5.425,3.2,2.75));
#12942=VECTOR('',#16873,1.0);
#12943=CARTESIAN_POINT('',(5.825,3.6,2.75));
#12944=CARTESIAN_POINT('',(5.425,3.6,2.75));
#12945=VECTOR('',#16874,1.0);
#12946=CARTESIAN_POINT('',(5.825,3.2,2.75));
#12947=CARTESIAN_POINT('',(5.825,3.6,2.75));
#12948=VECTOR('',#16875,1.0);
#12949=CARTESIAN_POINT('',(6.125,2.8,2.75));
#12950=CARTESIAN_POINT('',(5.825,3.2,2.75));
#12951=VECTOR('',#16876,1.0);
#12952=CARTESIAN_POINT('',(8.975,2.8,2.75));
#12953=VECTOR('',#16877,1.0);
#12954=CARTESIAN_POINT('',(7.375,2.8,2.35));
#12955=CARTESIAN_POINT('',(7.375,2.8,-1.21));
#12956=VECTOR('',#16878,1.0);
#12957=CARTESIAN_POINT('',(7.625,2.8,2.35));
#12958=CARTESIAN_POINT('',(8.975,2.8,2.35));
#12959=VECTOR('',#16879,1.0);
#12960=CARTESIAN_POINT('',(7.625,2.8,-1.21));
#12961=VECTOR('',#16880,1.0);
#12962=CARTESIAN_POINT('',(6.375,2.8,2.35));
#12963=CARTESIAN_POINT('',(6.375,2.8,-1.21));
#12964=VECTOR('',#16881,1.0);
#12965=CARTESIAN_POINT('',(6.125,2.8,2.35));
#12966=CARTESIAN_POINT('',(6.125,2.8,-1.21));
#12967=VECTOR('',#16882,1.0);
#12968=CARTESIAN_POINT('',(8.975,2.8,2.35));
#12969=VECTOR('',#16883,1.0);
#12970=CARTESIAN_POINT('',(5.125,2.8,2.35));
#12971=CARTESIAN_POINT('',(5.125,2.8,-1.21));
#12972=VECTOR('',#16884,1.0);
#12973=CARTESIAN_POINT('',(4.875,2.8,2.35));
#12974=CARTESIAN_POINT('',(4.875,2.8,-1.21));
#12975=VECTOR('',#16885,1.0);
#12976=CARTESIAN_POINT('',(8.975,2.8,2.35));
#12977=VECTOR('',#16886,1.0);
#12978=CARTESIAN_POINT('',(3.875,2.8,2.35));
#12979=CARTESIAN_POINT('',(3.875,2.8,-1.21));
#12980=VECTOR('',#16887,1.0);
#12981=CARTESIAN_POINT('',(3.625,2.8,2.35));
#12982=CARTESIAN_POINT('',(3.625,2.8,-1.21));
#12983=VECTOR('',#16888,1.0);
#12984=CARTESIAN_POINT('',(8.975,2.8,2.35));
#12985=VECTOR('',#16889,1.0);
#12986=CARTESIAN_POINT('',(2.625,2.8,2.35));
#12987=CARTESIAN_POINT('',(2.625,2.8,-1.21));
#12988=VECTOR('',#16890,1.0);
#12989=CARTESIAN_POINT('',(2.375,2.8,2.35));
#12990=CARTESIAN_POINT('',(2.375,2.8,-1.21));
#12991=VECTOR('',#16891,1.0);
#12992=CARTESIAN_POINT('',(8.975,2.8,2.35));
#12993=VECTOR('',#16892,1.0);
#12994=CARTESIAN_POINT('',(1.375,2.8,2.35));
#12995=CARTESIAN_POINT('',(1.375,2.8,-1.21));
#12996=VECTOR('',#16893,1.0);
#12997=CARTESIAN_POINT('',(1.125,2.8,2.35));
#12998=CARTESIAN_POINT('',(1.125,2.8,-1.21));
#12999=VECTOR('',#16894,1.0);
#13000=CARTESIAN_POINT('',(8.975,2.8,2.35));
#13001=VECTOR('',#16895,1.0);
#13002=CARTESIAN_POINT('',(0.125,2.8,2.35));
#13003=CARTESIAN_POINT('',(0.125,2.8,-1.21));
#13004=VECTOR('',#16896,1.0);
#13005=CARTESIAN_POINT('',(-0.125,2.8,2.35));
#13006=CARTESIAN_POINT('',(-0.125,2.8,-1.21));
#13007=VECTOR('',#16897,1.0);
#13008=CARTESIAN_POINT('',(8.975,2.8,2.35));
#13009=VECTOR('',#16898,1.0);
#13010=CARTESIAN_POINT('',(-1.125,2.8,2.35));
#13011=CARTESIAN_POINT('',(-1.125,2.8,-1.21));
#13012=VECTOR('',#16899,1.0);
#13013=CARTESIAN_POINT('',(-1.375,2.8,2.35));
#13014=CARTESIAN_POINT('',(-1.375,2.8,-1.21));
#13015=VECTOR('',#16900,1.0);
#13016=CARTESIAN_POINT('',(8.975,2.8,2.35));
#13017=VECTOR('',#16901,1.0);
#13018=CARTESIAN_POINT('',(-2.375,2.8,2.35));
#13019=CARTESIAN_POINT('',(-2.375,2.8,-1.21));
#13020=VECTOR('',#16902,1.0);
#13021=CARTESIAN_POINT('',(-2.625,2.8,2.35));
#13022=CARTESIAN_POINT('',(-2.625,2.8,-1.21));
#13023=VECTOR('',#16903,1.0);
#13024=CARTESIAN_POINT('',(8.975,2.8,2.35));
#13025=VECTOR('',#16904,1.0);
#13026=CARTESIAN_POINT('',(-3.625,2.8,2.35));
#13027=CARTESIAN_POINT('',(-3.625,2.8,-1.21));
#13028=VECTOR('',#16905,1.0);
#13029=CARTESIAN_POINT('',(-3.875,2.8,2.35));
#13030=CARTESIAN_POINT('',(-3.875,2.8,-1.21));
#13031=VECTOR('',#16906,1.0);
#13032=CARTESIAN_POINT('',(8.975,2.8,2.35));
#13033=VECTOR('',#16907,1.0);
#13034=CARTESIAN_POINT('',(-4.875,2.8,2.35));
#13035=CARTESIAN_POINT('',(-4.875,2.8,-1.21));
#13036=VECTOR('',#16908,1.0);
#13037=CARTESIAN_POINT('',(-5.125,2.8,2.35));
#13038=CARTESIAN_POINT('',(-5.125,2.8,-1.21));
#13039=VECTOR('',#16909,1.0);
#13040=CARTESIAN_POINT('',(8.975,2.8,2.35));
#13041=VECTOR('',#16910,1.0);
#13042=CARTESIAN_POINT('',(-6.125,2.8,2.35));
#13043=CARTESIAN_POINT('',(-6.125,2.8,-1.21));
#13044=VECTOR('',#16911,1.0);
#13045=CARTESIAN_POINT('',(-6.375,2.8,2.35));
#13046=CARTESIAN_POINT('',(-6.375,2.8,-1.21));
#13047=VECTOR('',#16912,1.0);
#13048=CARTESIAN_POINT('',(8.975,2.8,2.35));
#13049=VECTOR('',#16913,1.0);
#13050=CARTESIAN_POINT('',(-7.375,2.8,2.35));
#13051=CARTESIAN_POINT('',(-7.375,2.8,-1.21));
#13052=VECTOR('',#16914,1.0);
#13053=CARTESIAN_POINT('',(-7.625,2.8,2.35));
#13054=CARTESIAN_POINT('',(-7.625,2.8,-1.21));
#13055=VECTOR('',#16915,1.0);
#13056=CARTESIAN_POINT('',(8.975,2.8,2.35));
#13057=VECTOR('',#16916,1.0);
#13058=CARTESIAN_POINT('',(-8.625,2.8,2.35));
#13059=CARTESIAN_POINT('',(-8.625,2.8,-1.21));
#13060=VECTOR('',#16917,1.0);
#13061=CARTESIAN_POINT('',(-8.975,2.8,2.35));
#13062=CARTESIAN_POINT('',(-8.975,2.8,2.75));
#13063=VECTOR('',#16918,1.0);
#13064=CARTESIAN_POINT('',(8.975,2.8,2.35));
#13065=VECTOR('',#16919,1.0);
#13066=CARTESIAN_POINT('',(-7.8,3.95,1.9));
#13067=CARTESIAN_POINT('',(-7.8,3.95,0.45));
#13068=VECTOR('',#16920,1.0);
#13069=CARTESIAN_POINT('',(-8.45,3.95,1.9));
#13070=CARTESIAN_POINT('',(8.975,3.95,1.9));
#13071=VECTOR('',#16921,1.0);
#13072=CARTESIAN_POINT('',(-8.45,3.95,0.45));
#13073=VECTOR('',#16922,1.0);
#13074=CARTESIAN_POINT('',(-8.975,3.95,0.45));
#13075=VECTOR('',#16923,1.0);
#13076=CARTESIAN_POINT('',(8.975,3.95,0.45));
#13077=VECTOR('',#16924,1.0);
#13078=CARTESIAN_POINT('',(8.45,3.95,1.9));
#13079=CARTESIAN_POINT('',(8.45,3.95,0.45));
#13080=VECTOR('',#16925,1.0);
#13081=CARTESIAN_POINT('',(7.8,3.95,1.9));
#13082=CARTESIAN_POINT('',(8.975,3.95,1.9));
#13083=VECTOR('',#16926,1.0);
#13084=CARTESIAN_POINT('',(7.8,3.95,0.45));
#13085=VECTOR('',#16927,1.0);
#13086=CARTESIAN_POINT('',(7.2,3.95,1.9));
#13087=CARTESIAN_POINT('',(7.2,3.95,0.45));
#13088=VECTOR('',#16928,1.0);
#13089=CARTESIAN_POINT('',(6.55,3.95,1.9));
#13090=CARTESIAN_POINT('',(8.975,3.95,1.9));
#13091=VECTOR('',#16929,1.0);
#13092=CARTESIAN_POINT('',(6.55,3.95,0.45));
#13093=VECTOR('',#16930,1.0);
#13094=CARTESIAN_POINT('',(5.95,3.95,1.9));
#13095=CARTESIAN_POINT('',(5.95,3.95,0.45));
#13096=VECTOR('',#16931,1.0);
#13097=CARTESIAN_POINT('',(5.3,3.95,1.9));
#13098=CARTESIAN_POINT('',(8.975,3.95,1.9));
#13099=VECTOR('',#16932,1.0);
#13100=CARTESIAN_POINT('',(5.3,3.95,0.45));
#13101=VECTOR('',#16933,1.0);
#13102=CARTESIAN_POINT('',(4.7,3.95,1.9));
#13103=CARTESIAN_POINT('',(4.7,3.95,0.45));
#13104=VECTOR('',#16934,1.0);
#13105=CARTESIAN_POINT('',(4.05,3.95,1.9));
#13106=CARTESIAN_POINT('',(8.975,3.95,1.9));
#13107=VECTOR('',#16935,1.0);
#13108=CARTESIAN_POINT('',(4.05,3.95,0.45));
#13109=VECTOR('',#16936,1.0);
#13110=CARTESIAN_POINT('',(3.45,3.95,1.9));
#13111=CARTESIAN_POINT('',(3.45,3.95,0.45));
#13112=VECTOR('',#16937,1.0);
#13113=CARTESIAN_POINT('',(2.8,3.95,1.9));
#13114=CARTESIAN_POINT('',(8.975,3.95,1.9));
#13115=VECTOR('',#16938,1.0);
#13116=CARTESIAN_POINT('',(2.8,3.95,0.45));
#13117=VECTOR('',#16939,1.0);
#13118=CARTESIAN_POINT('',(2.2,3.95,1.9));
#13119=CARTESIAN_POINT('',(2.2,3.95,0.45));
#13120=VECTOR('',#16940,1.0);
#13121=CARTESIAN_POINT('',(1.55,3.95,1.9));
#13122=CARTESIAN_POINT('',(8.975,3.95,1.9));
#13123=VECTOR('',#16941,1.0);
#13124=CARTESIAN_POINT('',(1.55,3.95,0.45));
#13125=VECTOR('',#16942,1.0);
#13126=CARTESIAN_POINT('',(0.95,3.95,1.9));
#13127=CARTESIAN_POINT('',(0.95,3.95,0.45));
#13128=VECTOR('',#16943,1.0);
#13129=CARTESIAN_POINT('',(0.300000000000002,3.95,1.9));
#13130=CARTESIAN_POINT('',(8.975,3.95,1.9));
#13131=VECTOR('',#16944,1.0);
#13132=CARTESIAN_POINT('',(0.300000000000002,3.95,0.45));
#13133=VECTOR('',#16945,1.0);
#13134=CARTESIAN_POINT('',(-0.300000000000002,3.95,1.9));
#13135=CARTESIAN_POINT('',(-0.300000000000002,3.95,0.45));
#13136=VECTOR('',#16946,1.0);
#13137=CARTESIAN_POINT('',(-0.95,3.95,1.9));
#13138=CARTESIAN_POINT('',(8.975,3.95,1.9));
#13139=VECTOR('',#16947,1.0);
#13140=CARTESIAN_POINT('',(-0.95,3.95,0.45));
#13141=VECTOR('',#16948,1.0);
#13142=CARTESIAN_POINT('',(-1.55,3.95,1.9));
#13143=CARTESIAN_POINT('',(-1.55,3.95,0.45));
#13144=VECTOR('',#16949,1.0);
#13145=CARTESIAN_POINT('',(-2.2,3.95,1.9));
#13146=CARTESIAN_POINT('',(8.975,3.95,1.9));
#13147=VECTOR('',#16950,1.0);
#13148=CARTESIAN_POINT('',(-2.2,3.95,0.45));
#13149=VECTOR('',#16951,1.0);
#13150=CARTESIAN_POINT('',(-2.8,3.95,1.9));
#13151=CARTESIAN_POINT('',(-2.8,3.95,0.45));
#13152=VECTOR('',#16952,1.0);
#13153=CARTESIAN_POINT('',(-3.45,3.95,1.9));
#13154=CARTESIAN_POINT('',(8.975,3.95,1.9));
#13155=VECTOR('',#16953,1.0);
#13156=CARTESIAN_POINT('',(-3.45,3.95,0.45));
#13157=VECTOR('',#16954,1.0);
#13158=CARTESIAN_POINT('',(-4.05,3.95,1.9));
#13159=CARTESIAN_POINT('',(-4.05,3.95,0.45));
#13160=VECTOR('',#16955,1.0);
#13161=CARTESIAN_POINT('',(-4.7,3.95,1.9));
#13162=CARTESIAN_POINT('',(8.975,3.95,1.9));
#13163=VECTOR('',#16956,1.0);
#13164=CARTESIAN_POINT('',(-4.7,3.95,0.45));
#13165=VECTOR('',#16957,1.0);
#13166=CARTESIAN_POINT('',(-5.3,3.95,1.9));
#13167=CARTESIAN_POINT('',(-5.3,3.95,0.45));
#13168=VECTOR('',#16958,1.0);
#13169=CARTESIAN_POINT('',(-5.95,3.95,1.9));
#13170=CARTESIAN_POINT('',(8.975,3.95,1.9));
#13171=VECTOR('',#16959,1.0);
#13172=CARTESIAN_POINT('',(-5.95,3.95,0.45));
#13173=VECTOR('',#16960,1.0);
#13174=CARTESIAN_POINT('',(-6.55,3.95,1.9));
#13175=CARTESIAN_POINT('',(-6.55,3.95,0.45));
#13176=VECTOR('',#16961,1.0);
#13177=CARTESIAN_POINT('',(-7.2,3.95,1.9));
#13178=CARTESIAN_POINT('',(8.975,3.95,1.9));
#13179=VECTOR('',#16962,1.0);
#13180=CARTESIAN_POINT('',(-7.2,3.95,0.45));
#13181=VECTOR('',#16963,1.0);
#13182=CARTESIAN_POINT('',(7.31691176470588,1.35000000000002,3.2));
#13183=CARTESIAN_POINT('',(6.43308823529412,1.35000000000001,3.2));
#13184=CARTESIAN_POINT('',(7.325,1.35,3.2));
#13185=VECTOR('',#16964,1.0);
#13186=CARTESIAN_POINT('',(6.425,0.8,3.2));
#13187=CARTESIAN_POINT('',(6.425,0.799999999999998,3.2));
#13188=VECTOR('',#16965,1.0);
#13189=CARTESIAN_POINT('',(6.075,0.8,3.2));
#13190=CARTESIAN_POINT('',(8.975,0.8,3.2));
#13191=VECTOR('',#16966,1.0);
#13192=CARTESIAN_POINT('',(6.06691176470588,1.35000000000002,3.2));
#13193=CARTESIAN_POINT('',(6.05,2.5,3.2));
#13194=VECTOR('',#16967,1.0);
#13195=CARTESIAN_POINT('',(5.18308823529412,1.35000000000001,3.2));
#13196=CARTESIAN_POINT('',(6.075,1.35,3.2));
#13197=VECTOR('',#16968,1.0);
#13198=CARTESIAN_POINT('',(5.175,0.8,3.2));
#13199=CARTESIAN_POINT('',(5.175,0.799999999999998,3.2));
#13200=VECTOR('',#16969,1.0);
#13201=CARTESIAN_POINT('',(4.825,0.8,3.2));
#13202=CARTESIAN_POINT('',(8.975,0.8,3.2));
#13203=VECTOR('',#16970,1.0);
#13204=CARTESIAN_POINT('',(4.81691176470588,1.35000000000002,3.2));
#13205=CARTESIAN_POINT('',(4.8,2.5,3.2));
#13206=VECTOR('',#16971,1.0);
#13207=CARTESIAN_POINT('',(3.93308823529412,1.35000000000001,3.2));
#13208=CARTESIAN_POINT('',(4.825,1.35,3.2));
#13209=VECTOR('',#16972,1.0);
#13210=CARTESIAN_POINT('',(3.925,0.8,3.2));
#13211=CARTESIAN_POINT('',(3.925,0.799999999999998,3.2));
#13212=VECTOR('',#16973,1.0);
#13213=CARTESIAN_POINT('',(3.575,0.8,3.2));
#13214=CARTESIAN_POINT('',(8.975,0.8,3.2));
#13215=VECTOR('',#16974,1.0);
#13216=CARTESIAN_POINT('',(3.56691176470588,1.35000000000002,3.2));
#13217=CARTESIAN_POINT('',(3.55,2.5,3.2));
#13218=VECTOR('',#16975,1.0);
#13219=CARTESIAN_POINT('',(2.68308823529412,1.35000000000001,3.2));
#13220=CARTESIAN_POINT('',(3.575,1.35,3.2));
#13221=VECTOR('',#16976,1.0);
#13222=CARTESIAN_POINT('',(2.675,0.8,3.2));
#13223=CARTESIAN_POINT('',(2.675,0.799999999999998,3.2));
#13224=VECTOR('',#16977,1.0);
#13225=CARTESIAN_POINT('',(2.325,0.8,3.2));
#13226=CARTESIAN_POINT('',(8.975,0.8,3.2));
#13227=VECTOR('',#16978,1.0);
#13228=CARTESIAN_POINT('',(2.31691176470588,1.35000000000002,3.2));
#13229=CARTESIAN_POINT('',(2.3,2.5,3.2));
#13230=VECTOR('',#16979,1.0);
#13231=CARTESIAN_POINT('',(1.43308823529412,1.35000000000001,3.2));
#13232=CARTESIAN_POINT('',(2.325,1.35,3.2));
#13233=VECTOR('',#16980,1.0);
#13234=CARTESIAN_POINT('',(1.425,0.8,3.2));
#13235=CARTESIAN_POINT('',(1.425,0.799999999999998,3.2));
#13236=VECTOR('',#16981,1.0);
#13237=CARTESIAN_POINT('',(1.075,0.8,3.2));
#13238=CARTESIAN_POINT('',(8.975,0.8,3.2));
#13239=VECTOR('',#16982,1.0);
#13240=CARTESIAN_POINT('',(1.06691176470588,1.35000000000002,3.2));
#13241=CARTESIAN_POINT('',(1.05,2.5,3.2));
#13242=VECTOR('',#16983,1.0);
#13243=CARTESIAN_POINT('',(0.183088235294119,1.35000000000001,3.2));
#13244=CARTESIAN_POINT('',(1.075,1.35,3.2));
#13245=VECTOR('',#16984,1.0);
#13246=CARTESIAN_POINT('',(0.175000000000002,0.8,3.2));
#13247=CARTESIAN_POINT('',(0.175000000000002,0.799999999999998,3.2));
#13248=VECTOR('',#16985,1.0);
#13249=CARTESIAN_POINT('',(-0.175,0.8,3.2));
#13250=CARTESIAN_POINT('',(8.975,0.8,3.2));
#13251=VECTOR('',#16986,1.0);
#13252=CARTESIAN_POINT('',(-0.183088235294118,1.35000000000002,3.2));
#13253=CARTESIAN_POINT('',(-0.200000000000001,2.5,3.2));
#13254=VECTOR('',#16987,1.0);
#13255=CARTESIAN_POINT('',(-1.06691176470588,1.35000000000001,3.2));
#13256=CARTESIAN_POINT('',(-0.175,1.35,3.2));
#13257=VECTOR('',#16988,1.0);
#13258=CARTESIAN_POINT('',(-1.075,0.8,3.2));
#13259=CARTESIAN_POINT('',(-1.075,0.799999999999998,3.2));
#13260=VECTOR('',#16989,1.0);
#13261=CARTESIAN_POINT('',(-1.425,0.8,3.2));
#13262=CARTESIAN_POINT('',(8.975,0.8,3.2));
#13263=VECTOR('',#16990,1.0);
#13264=CARTESIAN_POINT('',(-1.43308823529412,1.35000000000002,3.2));
#13265=CARTESIAN_POINT('',(-1.45,2.5,3.2));
#13266=VECTOR('',#16991,1.0);
#13267=CARTESIAN_POINT('',(-2.31691176470588,1.35000000000001,3.2));
#13268=CARTESIAN_POINT('',(-1.425,1.35,3.2));
#13269=VECTOR('',#16992,1.0);
#13270=CARTESIAN_POINT('',(-2.325,0.8,3.2));
#13271=CARTESIAN_POINT('',(-2.325,0.799999999999998,3.2));
#13272=VECTOR('',#16993,1.0);
#13273=CARTESIAN_POINT('',(-2.675,0.8,3.2));
#13274=CARTESIAN_POINT('',(8.975,0.8,3.2));
#13275=VECTOR('',#16994,1.0);
#13276=CARTESIAN_POINT('',(-2.68308823529412,1.35000000000002,3.2));
#13277=CARTESIAN_POINT('',(-2.7,2.5,3.2));
#13278=VECTOR('',#16995,1.0);
#13279=CARTESIAN_POINT('',(-3.56691176470588,1.35000000000001,3.2));
#13280=CARTESIAN_POINT('',(-2.675,1.35,3.2));
#13281=VECTOR('',#16996,1.0);
#13282=CARTESIAN_POINT('',(-3.575,0.8,3.2));
#13283=CARTESIAN_POINT('',(-3.575,0.799999999999998,3.2));
#13284=VECTOR('',#16997,1.0);
#13285=CARTESIAN_POINT('',(-3.925,0.8,3.2));
#13286=CARTESIAN_POINT('',(8.975,0.8,3.2));
#13287=VECTOR('',#16998,1.0);
#13288=CARTESIAN_POINT('',(-3.93308823529412,1.35000000000002,3.2));
#13289=CARTESIAN_POINT('',(-3.95,2.5,3.2));
#13290=VECTOR('',#16999,1.0);
#13291=CARTESIAN_POINT('',(-4.81691176470588,1.35000000000001,3.2));
#13292=CARTESIAN_POINT('',(-3.925,1.35,3.2));
#13293=VECTOR('',#17000,1.0);
#13294=CARTESIAN_POINT('',(-4.825,0.8,3.2));
#13295=CARTESIAN_POINT('',(-4.825,0.799999999999998,3.2));
#13296=VECTOR('',#17001,1.0);
#13297=CARTESIAN_POINT('',(-5.175,0.8,3.2));
#13298=CARTESIAN_POINT('',(8.975,0.8,3.2));
#13299=VECTOR('',#17002,1.0);
#13300=CARTESIAN_POINT('',(-5.18308823529412,1.35000000000002,3.2));
#13301=CARTESIAN_POINT('',(-5.2,2.5,3.2));
#13302=VECTOR('',#17003,1.0);
#13303=CARTESIAN_POINT('',(-6.06691176470588,1.35000000000001,3.2));
#13304=CARTESIAN_POINT('',(-5.175,1.35,3.2));
#13305=VECTOR('',#17004,1.0);
#13306=CARTESIAN_POINT('',(-6.075,0.8,3.2));
#13307=CARTESIAN_POINT('',(-6.075,0.799999999999998,3.2));
#13308=VECTOR('',#17005,1.0);
#13309=CARTESIAN_POINT('',(-6.425,0.8,3.2));
#13310=CARTESIAN_POINT('',(8.975,0.8,3.2));
#13311=VECTOR('',#17006,1.0);
#13312=CARTESIAN_POINT('',(-6.43308823529412,1.35000000000002,3.2));
#13313=CARTESIAN_POINT('',(-6.45,2.5,3.2));
#13314=VECTOR('',#17007,1.0);
#13315=CARTESIAN_POINT('',(-7.31691176470588,1.35000000000001,3.2));
#13316=CARTESIAN_POINT('',(-6.425,1.35,3.2));
#13317=VECTOR('',#17008,1.0);
#13318=CARTESIAN_POINT('',(-7.325,0.8,3.2));
#13319=CARTESIAN_POINT('',(-7.325,0.799999999999998,3.2));
#13320=VECTOR('',#17009,1.0);
#13321=CARTESIAN_POINT('',(-7.675,0.8,3.2));
#13322=CARTESIAN_POINT('',(8.975,0.8,3.2));
#13323=VECTOR('',#17010,1.0);
#13324=CARTESIAN_POINT('',(-7.68308823529412,1.35000000000002,3.2));
#13325=CARTESIAN_POINT('',(-7.7,2.5,3.2));
#13326=VECTOR('',#17011,1.0);
#13327=CARTESIAN_POINT('',(-8.56691176470588,1.35000000000001,3.2));
#13328=CARTESIAN_POINT('',(-7.675,1.35,3.2));
#13329=VECTOR('',#17012,1.0);
#13330=CARTESIAN_POINT('',(-8.575,0.8,3.2));
#13331=CARTESIAN_POINT('',(-8.575,0.799999999999998,3.2));
#13332=VECTOR('',#17013,1.0);
#13333=CARTESIAN_POINT('',(-8.975,0.8,3.2));
#13334=CARTESIAN_POINT('',(8.975,0.8,3.2));
#13335=VECTOR('',#17014,1.0);
#13336=CARTESIAN_POINT('',(-8.975,0.6,3.2));
#13337=CARTESIAN_POINT('',(-8.975,0.8,3.2));
#13338=VECTOR('',#17015,1.0);
#13339=CARTESIAN_POINT('',(-9.325,0.6,3.2));
#13340=CARTESIAN_POINT('',(9.325,0.6,3.2));
#13341=VECTOR('',#17016,1.0);
#13342=CARTESIAN_POINT('',(-9.325,0.0,3.2));
#13343=CARTESIAN_POINT('',(-9.325,0.6,3.2));
#13344=VECTOR('',#17017,1.0);
#13345=CARTESIAN_POINT('',(9.325,0.0,3.2));
#13346=CARTESIAN_POINT('',(9.325,0.0,3.2));
#13347=VECTOR('',#17018,1.0);
#13348=CARTESIAN_POINT('',(9.325,0.6,3.2));
#13349=CARTESIAN_POINT('',(9.325,0.6,3.2));
#13350=VECTOR('',#17019,1.0);
#13351=CARTESIAN_POINT('',(8.975,0.6,3.2));
#13352=CARTESIAN_POINT('',(9.325,0.6,3.2));
#13353=VECTOR('',#17020,1.0);
#13354=CARTESIAN_POINT('',(8.975,0.8,3.2));
#13355=CARTESIAN_POINT('',(8.975,0.8,3.2));
#13356=VECTOR('',#17021,1.0);
#13357=CARTESIAN_POINT('',(8.575,0.8,3.2));
#13358=CARTESIAN_POINT('',(8.975,0.8,3.2));
#13359=VECTOR('',#17022,1.0);
#13360=CARTESIAN_POINT('',(8.56691176470588,1.35000000000001,3.2));
#13361=CARTESIAN_POINT('',(8.55,2.5,3.2));
#13362=VECTOR('',#17023,1.0);
#13363=CARTESIAN_POINT('',(7.68308823529412,1.35,3.2));
#13364=CARTESIAN_POINT('',(8.575,1.35,3.2));
#13365=VECTOR('',#17024,1.0);
#13366=CARTESIAN_POINT('',(7.675,0.8,3.2));
#13367=CARTESIAN_POINT('',(7.675,0.799999999999998,3.2));
#13368=VECTOR('',#17025,1.0);
#13369=CARTESIAN_POINT('',(7.325,0.8,3.2));
#13370=CARTESIAN_POINT('',(8.975,0.8,3.2));
#13371=VECTOR('',#17026,1.0);
#13372=CARTESIAN_POINT('',(7.3,2.5,3.2));
#13373=VECTOR('',#17027,1.0);
#13374=CARTESIAN_POINT('',(-8.5510046728371,2.43168224707731,3.0));
#13375=CARTESIAN_POINT('',(-8.55,2.5,2.35));
#13376=CARTESIAN_POINT('',(-8.54999793243899,2.50014059414836,2.34866233603239));
#13377=VECTOR('',#17028,1.0);
#13378=CARTESIAN_POINT('',(-7.6989953271629,2.43168224707731,3.0));
#13379=CARTESIAN_POINT('',(-7.675,2.43168224707731,3.0));
#13380=VECTOR('',#17029,1.0);
#13381=CARTESIAN_POINT('',(-7.7,2.5,2.35));
#13382=CARTESIAN_POINT('',(-7.69999994092683,2.49999598302433,2.3500382189705));
#13383=VECTOR('',#17030,1.0);
#13384=CARTESIAN_POINT('',(-7.675,2.5,2.35));
#13385=VECTOR('',#17031,1.0);
#13386=CARTESIAN_POINT('',(-8.55883094876631,1.89949548389093,3.0));
#13387=CARTESIAN_POINT('',(-8.55081526642135,2.44456188334821,3.0));
#13388=VECTOR('',#17032,1.0);
#13389=CARTESIAN_POINT('',(-7.69116905123369,1.89949548389093,3.0));
#13390=CARTESIAN_POINT('',(-7.675,1.89949548389093,3.0));
#13391=VECTOR('',#17033,1.0);
#13392=CARTESIAN_POINT('',(-7.69899013898406,2.43132945091578,3.0));
#13393=VECTOR('',#17034,1.0);
#13394=CARTESIAN_POINT('',(-8.55866220020248,1.91097038623109,2.99582347710707));
#13395=VECTOR('',#17035,1.0);
#13396=CARTESIAN_POINT('',(-7.69116596410014,1.89928555880955,3.00007640648105));
#13397=VECTOR('',#17036,1.0);
#13398=CARTESIAN_POINT('',(-7.3010046728371,2.43168224707731,3.0));
#13399=CARTESIAN_POINT('',(-7.3,2.5,2.35));
#13400=CARTESIAN_POINT('',(-7.29999793243899,2.50014059414836,2.34866233603239));
#13401=VECTOR('',#17037,1.0);
#13402=CARTESIAN_POINT('',(-6.4489953271629,2.43168224707731,3.0));
#13403=CARTESIAN_POINT('',(-6.425,2.43168224707731,3.0));
#13404=VECTOR('',#17038,1.0);
#13405=CARTESIAN_POINT('',(-6.45,2.5,2.35));
#13406=CARTESIAN_POINT('',(-6.44999994092683,2.49999598302433,2.3500382189705));
#13407=VECTOR('',#17039,1.0);
#13408=CARTESIAN_POINT('',(-6.425,2.5,2.35));
#13409=VECTOR('',#17040,1.0);
#13410=CARTESIAN_POINT('',(-7.30883094876631,1.89949548389093,3.0));
#13411=CARTESIAN_POINT('',(-7.30081526642135,2.44456188334821,3.0));
#13412=VECTOR('',#17041,1.0);
#13413=CARTESIAN_POINT('',(-6.44116905123369,1.89949548389093,3.0));
#13414=CARTESIAN_POINT('',(-6.425,1.89949548389093,3.0));
#13415=VECTOR('',#17042,1.0);
#13416=CARTESIAN_POINT('',(-6.44899013898405,2.43132945091578,3.0));
#13417=VECTOR('',#17043,1.0);
#13418=CARTESIAN_POINT('',(-7.30866220020248,1.91097038623109,2.99582347710707));
#13419=VECTOR('',#17044,1.0);
#13420=CARTESIAN_POINT('',(-6.44116596410014,1.89928555880955,3.00007640648105));
#13421=VECTOR('',#17045,1.0);
#13422=CARTESIAN_POINT('',(-6.0510046728371,2.43168224707731,3.0));
#13423=CARTESIAN_POINT('',(-6.05,2.5,2.35));
#13424=CARTESIAN_POINT('',(-6.04999793243899,2.50014059414836,2.34866233603239));
#13425=VECTOR('',#17046,1.0);
#13426=CARTESIAN_POINT('',(-5.1989953271629,2.43168224707731,3.0));
#13427=CARTESIAN_POINT('',(-5.175,2.43168224707731,3.0));
#13428=VECTOR('',#17047,1.0);
#13429=CARTESIAN_POINT('',(-5.2,2.5,2.35));
#13430=CARTESIAN_POINT('',(-5.19999994092683,2.49999598302433,2.3500382189705));
#13431=VECTOR('',#17048,1.0);
#13432=CARTESIAN_POINT('',(-5.175,2.5,2.35));
#13433=VECTOR('',#17049,1.0);
#13434=CARTESIAN_POINT('',(-6.05883094876631,1.89949548389093,3.0));
#13435=CARTESIAN_POINT('',(-6.05081526642135,2.44456188334821,3.0));
#13436=VECTOR('',#17050,1.0);
#13437=CARTESIAN_POINT('',(-5.19116905123369,1.89949548389093,3.0));
#13438=CARTESIAN_POINT('',(-5.175,1.89949548389093,3.0));
#13439=VECTOR('',#17051,1.0);
#13440=CARTESIAN_POINT('',(-5.19899013898406,2.43132945091578,3.0));
#13441=VECTOR('',#17052,1.0);
#13442=CARTESIAN_POINT('',(-6.05866220020248,1.91097038623109,2.99582347710707));
#13443=VECTOR('',#17053,1.0);
#13444=CARTESIAN_POINT('',(-5.19116596410014,1.89928555880955,3.00007640648105));
#13445=VECTOR('',#17054,1.0);
#13446=CARTESIAN_POINT('',(-4.8010046728371,2.43168224707731,3.0));
#13447=CARTESIAN_POINT('',(-4.8,2.5,2.35));
#13448=CARTESIAN_POINT('',(-4.79999793243899,2.50014059414836,2.34866233603239));
#13449=VECTOR('',#17055,1.0);
#13450=CARTESIAN_POINT('',(-3.9489953271629,2.43168224707731,3.0));
#13451=CARTESIAN_POINT('',(-3.925,2.43168224707731,3.0));
#13452=VECTOR('',#17056,1.0);
#13453=CARTESIAN_POINT('',(-3.95,2.5,2.35));
#13454=CARTESIAN_POINT('',(-3.94999994092683,2.49999598302433,2.3500382189705));
#13455=VECTOR('',#17057,1.0);
#13456=CARTESIAN_POINT('',(-3.925,2.5,2.35));
#13457=VECTOR('',#17058,1.0);
#13458=CARTESIAN_POINT('',(-4.80883094876631,1.89949548389093,3.0));
#13459=CARTESIAN_POINT('',(-4.80081526642135,2.44456188334821,3.0));
#13460=VECTOR('',#17059,1.0);
#13461=CARTESIAN_POINT('',(-3.94116905123369,1.89949548389093,3.0));
#13462=CARTESIAN_POINT('',(-3.925,1.89949548389093,3.0));
#13463=VECTOR('',#17060,1.0);
#13464=CARTESIAN_POINT('',(-3.94899013898406,2.43132945091578,3.0));
#13465=VECTOR('',#17061,1.0);
#13466=CARTESIAN_POINT('',(-4.80866220020248,1.91097038623109,2.99582347710707));
#13467=VECTOR('',#17062,1.0);
#13468=CARTESIAN_POINT('',(-3.94116596410014,1.89928555880955,3.00007640648105));
#13469=VECTOR('',#17063,1.0);
#13470=CARTESIAN_POINT('',(-3.5510046728371,2.43168224707731,3.0));
#13471=CARTESIAN_POINT('',(-3.55,2.5,2.35));
#13472=CARTESIAN_POINT('',(-3.54999793243899,2.50014059414836,2.34866233603239));
#13473=VECTOR('',#17064,1.0);
#13474=CARTESIAN_POINT('',(-2.6989953271629,2.43168224707731,3.0));
#13475=CARTESIAN_POINT('',(-2.675,2.43168224707731,3.0));
#13476=VECTOR('',#17065,1.0);
#13477=CARTESIAN_POINT('',(-2.7,2.5,2.35));
#13478=CARTESIAN_POINT('',(-2.69999994092683,2.49999598302433,2.3500382189705));
#13479=VECTOR('',#17066,1.0);
#13480=CARTESIAN_POINT('',(-2.675,2.5,2.35));
#13481=VECTOR('',#17067,1.0);
#13482=CARTESIAN_POINT('',(-3.55883094876631,1.89949548389093,3.0));
#13483=CARTESIAN_POINT('',(-3.55081526642135,2.44456188334821,3.0));
#13484=VECTOR('',#17068,1.0);
#13485=CARTESIAN_POINT('',(-2.69116905123369,1.89949548389093,3.0));
#13486=CARTESIAN_POINT('',(-2.675,1.89949548389093,3.0));
#13487=VECTOR('',#17069,1.0);
#13488=CARTESIAN_POINT('',(-2.69899013898405,2.43132945091578,3.0));
#13489=VECTOR('',#17070,1.0);
#13490=CARTESIAN_POINT('',(-3.55866220020248,1.91097038623109,2.99582347710707));
#13491=VECTOR('',#17071,1.0);
#13492=CARTESIAN_POINT('',(-2.69116596410014,1.89928555880955,3.00007640648105));
#13493=VECTOR('',#17072,1.0);
#13494=CARTESIAN_POINT('',(-2.3010046728371,2.43168224707731,3.0));
#13495=CARTESIAN_POINT('',(-2.3,2.5,2.35));
#13496=CARTESIAN_POINT('',(-2.29999793243899,2.50014059414836,2.34866233603239));
#13497=VECTOR('',#17073,1.0);
#13498=CARTESIAN_POINT('',(-1.4489953271629,2.43168224707731,3.0));
#13499=CARTESIAN_POINT('',(-1.425,2.43168224707731,3.0));
#13500=VECTOR('',#17074,1.0);
#13501=CARTESIAN_POINT('',(-1.45,2.5,2.35));
#13502=CARTESIAN_POINT('',(-1.44999994092683,2.49999598302433,2.3500382189705));
#13503=VECTOR('',#17075,1.0);
#13504=CARTESIAN_POINT('',(-1.425,2.5,2.35));
#13505=VECTOR('',#17076,1.0);
#13506=CARTESIAN_POINT('',(-2.30883094876631,1.89949548389093,3.0));
#13507=CARTESIAN_POINT('',(-2.30081526642135,2.44456188334821,3.0));
#13508=VECTOR('',#17077,1.0);
#13509=CARTESIAN_POINT('',(-1.44116905123369,1.89949548389093,3.0));
#13510=CARTESIAN_POINT('',(-1.425,1.89949548389093,3.0));
#13511=VECTOR('',#17078,1.0);
#13512=CARTESIAN_POINT('',(-1.44899013898406,2.43132945091578,3.0));
#13513=VECTOR('',#17079,1.0);
#13514=CARTESIAN_POINT('',(-2.30866220020248,1.91097038623109,2.99582347710707));
#13515=VECTOR('',#17080,1.0);
#13516=CARTESIAN_POINT('',(-1.44116596410014,1.89928555880955,3.00007640648105));
#13517=VECTOR('',#17081,1.0);
#13518=CARTESIAN_POINT('',(-1.0510046728371,2.43168224707731,3.0));
#13519=CARTESIAN_POINT('',(-1.05,2.5,2.35));
#13520=CARTESIAN_POINT('',(-1.04999793243899,2.50014059414836,2.34866233603239));
#13521=VECTOR('',#17082,1.0);
#13522=CARTESIAN_POINT('',(-0.198995327162902,2.43168224707731,3.0));
#13523=CARTESIAN_POINT('',(-0.175,2.43168224707731,3.0));
#13524=VECTOR('',#17083,1.0);
#13525=CARTESIAN_POINT('',(-0.200000000000001,2.5,2.35));
#13526=CARTESIAN_POINT('',(-0.199999940926829,2.49999598302433,2.3500382189705));
#13527=VECTOR('',#17084,1.0);
#13528=CARTESIAN_POINT('',(-0.175,2.5,2.35));
#13529=VECTOR('',#17085,1.0);
#13530=CARTESIAN_POINT('',(-1.05883094876631,1.89949548389093,3.0));
#13531=CARTESIAN_POINT('',(-1.05081526642135,2.44456188334821,3.0));
#13532=VECTOR('',#17086,1.0);
#13533=CARTESIAN_POINT('',(-0.19116905123369,1.89949548389093,3.0));
#13534=CARTESIAN_POINT('',(-0.175,1.89949548389093,3.0));
#13535=VECTOR('',#17087,1.0);
#13536=CARTESIAN_POINT('',(-0.198990138984056,2.43132945091578,3.0));
#13537=VECTOR('',#17088,1.0);
#13538=CARTESIAN_POINT('',(-1.05866220020248,1.91097038623109,2.99582347710707));
#13539=VECTOR('',#17089,1.0);
#13540=CARTESIAN_POINT('',(-0.191165964100141,1.89928555880955,3.00007640648105));
#13541=VECTOR('',#17090,1.0);
#13542=CARTESIAN_POINT('',(0.198995327162903,2.43168224707731,3.0));
#13543=CARTESIAN_POINT('',(0.200000000000001,2.5,2.35));
#13544=CARTESIAN_POINT('',(0.200002067561007,2.50014059414836,2.34866233603239));
#13545=VECTOR('',#17091,1.0);
#13546=CARTESIAN_POINT('',(1.0510046728371,2.43168224707731,3.0));
#13547=CARTESIAN_POINT('',(1.075,2.43168224707731,3.0));
#13548=VECTOR('',#17092,1.0);
#13549=CARTESIAN_POINT('',(1.05,2.5,2.35));
#13550=CARTESIAN_POINT('',(1.05000005907317,2.49999598302433,2.3500382189705));
#13551=VECTOR('',#17093,1.0);
#13552=CARTESIAN_POINT('',(1.075,2.5,2.35));
#13553=VECTOR('',#17094,1.0);
#13554=CARTESIAN_POINT('',(0.191169051233692,1.89949548389093,3.0));
#13555=CARTESIAN_POINT('',(0.199184733578652,2.44456188334821,3.0));
#13556=VECTOR('',#17095,1.0);
#13557=CARTESIAN_POINT('',(1.05883094876631,1.89949548389093,3.0));
#13558=CARTESIAN_POINT('',(1.075,1.89949548389093,3.0));
#13559=VECTOR('',#17096,1.0);
#13560=CARTESIAN_POINT('',(1.05100986101595,2.43132945091578,3.0));
#13561=VECTOR('',#17097,1.0);
#13562=CARTESIAN_POINT('',(0.191337799797517,1.91097038623109,2.99582347710707));
#13563=VECTOR('',#17098,1.0);
#13564=CARTESIAN_POINT('',(1.05883403589986,1.89928555880955,3.00007640648105));
#13565=VECTOR('',#17099,1.0);
#13566=CARTESIAN_POINT('',(1.4489953271629,2.43168224707731,3.0));
#13567=CARTESIAN_POINT('',(1.45,2.5,2.35));
#13568=CARTESIAN_POINT('',(1.45000206756101,2.50014059414836,2.34866233603239));
#13569=VECTOR('',#17100,1.0);
#13570=CARTESIAN_POINT('',(2.3010046728371,2.43168224707731,3.0));
#13571=CARTESIAN_POINT('',(2.325,2.43168224707731,3.0));
#13572=VECTOR('',#17101,1.0);
#13573=CARTESIAN_POINT('',(2.3,2.5,2.35));
#13574=CARTESIAN_POINT('',(2.30000005907317,2.49999598302433,2.3500382189705));
#13575=VECTOR('',#17102,1.0);
#13576=CARTESIAN_POINT('',(2.325,2.5,2.35));
#13577=VECTOR('',#17103,1.0);
#13578=CARTESIAN_POINT('',(1.44116905123369,1.89949548389093,3.0));
#13579=CARTESIAN_POINT('',(1.44918473357865,2.44456188334821,3.0));
#13580=VECTOR('',#17104,1.0);
#13581=CARTESIAN_POINT('',(2.30883094876631,1.89949548389093,3.0));
#13582=CARTESIAN_POINT('',(2.325,1.89949548389093,3.0));
#13583=VECTOR('',#17105,1.0);
#13584=CARTESIAN_POINT('',(2.30100986101594,2.43132945091578,3.0));
#13585=VECTOR('',#17106,1.0);
#13586=CARTESIAN_POINT('',(1.44133779979752,1.91097038623109,2.99582347710707));
#13587=VECTOR('',#17107,1.0);
#13588=CARTESIAN_POINT('',(2.30883403589986,1.89928555880955,3.00007640648105));
#13589=VECTOR('',#17108,1.0);
#13590=CARTESIAN_POINT('',(2.6989953271629,2.43168224707731,3.0));
#13591=CARTESIAN_POINT('',(2.7,2.5,2.35));
#13592=CARTESIAN_POINT('',(2.70000206756101,2.50014059414836,2.34866233603239));
#13593=VECTOR('',#17109,1.0);
#13594=CARTESIAN_POINT('',(3.5510046728371,2.43168224707731,3.0));
#13595=CARTESIAN_POINT('',(3.575,2.43168224707731,3.0));
#13596=VECTOR('',#17110,1.0);
#13597=CARTESIAN_POINT('',(3.55,2.5,2.35));
#13598=CARTESIAN_POINT('',(3.55000005907317,2.49999598302433,2.3500382189705));
#13599=VECTOR('',#17111,1.0);
#13600=CARTESIAN_POINT('',(3.575,2.5,2.35));
#13601=VECTOR('',#17112,1.0);
#13602=CARTESIAN_POINT('',(2.69116905123369,1.89949548389093,3.0));
#13603=CARTESIAN_POINT('',(2.69918473357865,2.44456188334821,3.0));
#13604=VECTOR('',#17113,1.0);
#13605=CARTESIAN_POINT('',(3.55883094876631,1.89949548389093,3.0));
#13606=CARTESIAN_POINT('',(3.575,1.89949548389093,3.0));
#13607=VECTOR('',#17114,1.0);
#13608=CARTESIAN_POINT('',(3.55100986101594,2.43132945091578,3.0));
#13609=VECTOR('',#17115,1.0);
#13610=CARTESIAN_POINT('',(2.69133779979752,1.91097038623109,2.99582347710707));
#13611=VECTOR('',#17116,1.0);
#13612=CARTESIAN_POINT('',(3.55883403589986,1.89928555880955,3.00007640648105));
#13613=VECTOR('',#17117,1.0);
#13614=CARTESIAN_POINT('',(3.9489953271629,2.43168224707731,3.0));
#13615=CARTESIAN_POINT('',(3.95,2.5,2.35));
#13616=CARTESIAN_POINT('',(3.95000206756101,2.50014059414836,2.34866233603239));
#13617=VECTOR('',#17118,1.0);
#13618=CARTESIAN_POINT('',(4.8010046728371,2.43168224707731,3.0));
#13619=CARTESIAN_POINT('',(4.825,2.43168224707731,3.0));
#13620=VECTOR('',#17119,1.0);
#13621=CARTESIAN_POINT('',(4.8,2.5,2.35));
#13622=CARTESIAN_POINT('',(4.80000005907317,2.49999598302433,2.3500382189705));
#13623=VECTOR('',#17120,1.0);
#13624=CARTESIAN_POINT('',(4.825,2.5,2.35));
#13625=VECTOR('',#17121,1.0);
#13626=CARTESIAN_POINT('',(3.94116905123369,1.89949548389093,3.0));
#13627=CARTESIAN_POINT('',(3.94918473357865,2.44456188334821,3.0));
#13628=VECTOR('',#17122,1.0);
#13629=CARTESIAN_POINT('',(4.80883094876631,1.89949548389093,3.0));
#13630=CARTESIAN_POINT('',(4.825,1.89949548389093,3.0));
#13631=VECTOR('',#17123,1.0);
#13632=CARTESIAN_POINT('',(4.80100986101594,2.43132945091578,3.0));
#13633=VECTOR('',#17124,1.0);
#13634=CARTESIAN_POINT('',(3.94133779979752,1.91097038623109,2.99582347710707));
#13635=VECTOR('',#17125,1.0);
#13636=CARTESIAN_POINT('',(4.80883403589986,1.89928555880955,3.00007640648105));
#13637=VECTOR('',#17126,1.0);
#13638=CARTESIAN_POINT('',(5.1989953271629,2.43168224707731,3.0));
#13639=CARTESIAN_POINT('',(5.2,2.5,2.35));
#13640=CARTESIAN_POINT('',(5.20000206756101,2.50014059414836,2.34866233603239));
#13641=VECTOR('',#17127,1.0);
#13642=CARTESIAN_POINT('',(6.0510046728371,2.43168224707731,3.0));
#13643=CARTESIAN_POINT('',(6.075,2.43168224707731,3.0));
#13644=VECTOR('',#17128,1.0);
#13645=CARTESIAN_POINT('',(6.05,2.5,2.35));
#13646=CARTESIAN_POINT('',(6.05000005907317,2.49999598302433,2.3500382189705));
#13647=VECTOR('',#17129,1.0);
#13648=CARTESIAN_POINT('',(6.075,2.5,2.35));
#13649=VECTOR('',#17130,1.0);
#13650=CARTESIAN_POINT('',(5.19116905123369,1.89949548389093,3.0));
#13651=CARTESIAN_POINT('',(5.19918473357865,2.44456188334821,3.0));
#13652=VECTOR('',#17131,1.0);
#13653=CARTESIAN_POINT('',(6.05883094876631,1.89949548389093,3.0));
#13654=CARTESIAN_POINT('',(6.075,1.89949548389093,3.0));
#13655=VECTOR('',#17132,1.0);
#13656=CARTESIAN_POINT('',(6.05100986101594,2.43132945091578,3.0));
#13657=VECTOR('',#17133,1.0);
#13658=CARTESIAN_POINT('',(5.19133779979752,1.91097038623109,2.99582347710707));
#13659=VECTOR('',#17134,1.0);
#13660=CARTESIAN_POINT('',(6.05883403589986,1.89928555880955,3.00007640648105));
#13661=VECTOR('',#17135,1.0);
#13662=CARTESIAN_POINT('',(6.4489953271629,2.43168224707731,3.0));
#13663=CARTESIAN_POINT('',(6.45,2.5,2.35));
#13664=CARTESIAN_POINT('',(6.45000206756101,2.50014059414836,2.34866233603239));
#13665=VECTOR('',#17136,1.0);
#13666=CARTESIAN_POINT('',(7.3010046728371,2.43168224707731,3.0));
#13667=CARTESIAN_POINT('',(7.325,2.43168224707731,3.0));
#13668=VECTOR('',#17137,1.0);
#13669=CARTESIAN_POINT('',(7.3,2.5,2.35));
#13670=CARTESIAN_POINT('',(7.30000005907317,2.49999598302433,2.3500382189705));
#13671=VECTOR('',#17138,1.0);
#13672=CARTESIAN_POINT('',(7.325,2.5,2.35));
#13673=VECTOR('',#17139,1.0);
#13674=CARTESIAN_POINT('',(6.44116905123369,1.89949548389093,3.0));
#13675=CARTESIAN_POINT('',(6.44918473357865,2.44456188334821,3.0));
#13676=VECTOR('',#17140,1.0);
#13677=CARTESIAN_POINT('',(7.30883094876631,1.89949548389093,3.0));
#13678=CARTESIAN_POINT('',(7.325,1.89949548389093,3.0));
#13679=VECTOR('',#17141,1.0);
#13680=CARTESIAN_POINT('',(7.30100986101594,2.43132945091578,3.0));
#13681=VECTOR('',#17142,1.0);
#13682=CARTESIAN_POINT('',(6.44133779979752,1.91097038623109,2.99582347710707));
#13683=VECTOR('',#17143,1.0);
#13684=CARTESIAN_POINT('',(7.30883403589986,1.89928555880955,3.00007640648105));
#13685=VECTOR('',#17144,1.0);
#13686=CARTESIAN_POINT('',(-7.675,0.8,2.35));
#13687=CARTESIAN_POINT('',(-7.7,2.5,2.35));
#13688=VECTOR('',#17145,1.0);
#13689=CARTESIAN_POINT('',(-7.325,0.8,2.35));
#13690=CARTESIAN_POINT('',(8.975,0.8,2.35));
#13691=VECTOR('',#17146,1.0);
#13692=CARTESIAN_POINT('',(-7.325,0.8,2.35));
#13693=VECTOR('',#17147,1.0);
#13694=CARTESIAN_POINT('',(-6.425,0.8,2.35));
#13695=CARTESIAN_POINT('',(-6.45,2.5,2.35));
#13696=VECTOR('',#17148,1.0);
#13697=CARTESIAN_POINT('',(-6.075,0.8,2.35));
#13698=CARTESIAN_POINT('',(8.975,0.8,2.35));
#13699=VECTOR('',#17149,1.0);
#13700=CARTESIAN_POINT('',(-6.075,0.8,2.35));
#13701=VECTOR('',#17150,1.0);
#13702=CARTESIAN_POINT('',(-5.175,0.8,2.35));
#13703=CARTESIAN_POINT('',(-5.2,2.5,2.35));
#13704=VECTOR('',#17151,1.0);
#13705=CARTESIAN_POINT('',(-4.825,0.8,2.35));
#13706=CARTESIAN_POINT('',(8.975,0.8,2.35));
#13707=VECTOR('',#17152,1.0);
#13708=CARTESIAN_POINT('',(-4.825,0.8,2.35));
#13709=VECTOR('',#17153,1.0);
#13710=CARTESIAN_POINT('',(-3.925,0.8,2.35));
#13711=CARTESIAN_POINT('',(-3.95,2.5,2.35));
#13712=VECTOR('',#17154,1.0);
#13713=CARTESIAN_POINT('',(-3.575,0.8,2.35));
#13714=CARTESIAN_POINT('',(8.975,0.8,2.35));
#13715=VECTOR('',#17155,1.0);
#13716=CARTESIAN_POINT('',(-3.575,0.8,2.35));
#13717=VECTOR('',#17156,1.0);
#13718=CARTESIAN_POINT('',(-2.675,0.8,2.35));
#13719=CARTESIAN_POINT('',(-2.7,2.5,2.35));
#13720=VECTOR('',#17157,1.0);
#13721=CARTESIAN_POINT('',(-2.325,0.8,2.35));
#13722=CARTESIAN_POINT('',(8.975,0.8,2.35));
#13723=VECTOR('',#17158,1.0);
#13724=CARTESIAN_POINT('',(-2.325,0.8,2.35));
#13725=VECTOR('',#17159,1.0);
#13726=CARTESIAN_POINT('',(-1.425,0.8,2.35));
#13727=CARTESIAN_POINT('',(-1.45,2.5,2.35));
#13728=VECTOR('',#17160,1.0);
#13729=CARTESIAN_POINT('',(-1.075,0.8,2.35));
#13730=CARTESIAN_POINT('',(8.975,0.8,2.35));
#13731=VECTOR('',#17161,1.0);
#13732=CARTESIAN_POINT('',(-1.075,0.8,2.35));
#13733=VECTOR('',#17162,1.0);
#13734=CARTESIAN_POINT('',(-0.175,0.8,2.35));
#13735=CARTESIAN_POINT('',(-0.200000000000001,2.5,2.35));
#13736=VECTOR('',#17163,1.0);
#13737=CARTESIAN_POINT('',(0.175000000000002,0.8,2.35));
#13738=CARTESIAN_POINT('',(8.975,0.8,2.35));
#13739=VECTOR('',#17164,1.0);
#13740=CARTESIAN_POINT('',(0.175000000000002,0.8,2.35));
#13741=VECTOR('',#17165,1.0);
#13742=CARTESIAN_POINT('',(1.075,0.8,2.35));
#13743=CARTESIAN_POINT('',(1.05,2.5,2.35));
#13744=VECTOR('',#17166,1.0);
#13745=CARTESIAN_POINT('',(1.425,0.8,2.35));
#13746=CARTESIAN_POINT('',(8.975,0.8,2.35));
#13747=VECTOR('',#17167,1.0);
#13748=CARTESIAN_POINT('',(1.425,0.8,2.35));
#13749=VECTOR('',#17168,1.0);
#13750=CARTESIAN_POINT('',(2.325,0.8,2.35));
#13751=CARTESIAN_POINT('',(2.3,2.5,2.35));
#13752=VECTOR('',#17169,1.0);
#13753=CARTESIAN_POINT('',(2.675,0.8,2.35));
#13754=CARTESIAN_POINT('',(8.975,0.8,2.35));
#13755=VECTOR('',#17170,1.0);
#13756=CARTESIAN_POINT('',(2.675,0.8,2.35));
#13757=VECTOR('',#17171,1.0);
#13758=CARTESIAN_POINT('',(3.575,0.8,2.35));
#13759=CARTESIAN_POINT('',(3.55,2.5,2.35));
#13760=VECTOR('',#17172,1.0);
#13761=CARTESIAN_POINT('',(3.925,0.8,2.35));
#13762=CARTESIAN_POINT('',(8.975,0.8,2.35));
#13763=VECTOR('',#17173,1.0);
#13764=CARTESIAN_POINT('',(3.925,0.8,2.35));
#13765=VECTOR('',#17174,1.0);
#13766=CARTESIAN_POINT('',(4.825,0.8,2.35));
#13767=CARTESIAN_POINT('',(4.8,2.5,2.35));
#13768=VECTOR('',#17175,1.0);
#13769=CARTESIAN_POINT('',(5.175,0.8,2.35));
#13770=CARTESIAN_POINT('',(8.975,0.8,2.35));
#13771=VECTOR('',#17176,1.0);
#13772=CARTESIAN_POINT('',(5.175,0.8,2.35));
#13773=VECTOR('',#17177,1.0);
#13774=CARTESIAN_POINT('',(6.075,0.8,2.35));
#13775=CARTESIAN_POINT('',(6.05,2.5,2.35));
#13776=VECTOR('',#17178,1.0);
#13777=CARTESIAN_POINT('',(6.425,0.8,2.35));
#13778=CARTESIAN_POINT('',(8.975,0.8,2.35));
#13779=VECTOR('',#17179,1.0);
#13780=CARTESIAN_POINT('',(6.425,0.8,2.35));
#13781=VECTOR('',#17180,1.0);
#13782=CARTESIAN_POINT('',(7.325,0.8,2.35));
#13783=CARTESIAN_POINT('',(7.3,2.5,2.35));
#13784=VECTOR('',#17181,1.0);
#13785=CARTESIAN_POINT('',(7.675,0.8,2.35));
#13786=CARTESIAN_POINT('',(8.975,0.8,2.35));
#13787=VECTOR('',#17182,1.0);
#13788=CARTESIAN_POINT('',(7.7,2.5,2.35));
#13789=CARTESIAN_POINT('',(7.675,0.8,2.35));
#13790=VECTOR('',#17183,1.0);
#13791=CARTESIAN_POINT('',(8.55,2.5,2.35));
#13792=CARTESIAN_POINT('',(8.575,2.5,2.35));
#13793=VECTOR('',#17184,1.0);
#13794=CARTESIAN_POINT('',(8.575,0.8,2.35));
#13795=CARTESIAN_POINT('',(8.55,2.5,2.35));
#13796=VECTOR('',#17185,1.0);
#13797=CARTESIAN_POINT('',(8.975,0.8,2.35));
#13798=CARTESIAN_POINT('',(8.975,0.8,2.35));
#13799=VECTOR('',#17186,1.0);
#13800=CARTESIAN_POINT('',(8.975,2.8,2.35));
#13801=CARTESIAN_POINT('',(8.975,2.8,2.35));
#13802=VECTOR('',#17187,1.0);
#13803=CARTESIAN_POINT('',(8.625,2.8,2.35));
#13804=CARTESIAN_POINT('',(8.975,2.8,2.35));
#13805=VECTOR('',#17188,1.0);
#13806=CARTESIAN_POINT('',(8.325,3.2,2.35));
#13807=CARTESIAN_POINT('',(8.325,3.2,2.35));
#13808=VECTOR('',#17189,1.0);
#13809=CARTESIAN_POINT('',(8.325,3.6,2.35));
#13810=CARTESIAN_POINT('',(8.325,3.6,2.35));
#13811=VECTOR('',#17190,1.0);
#13812=CARTESIAN_POINT('',(7.925,3.6,2.35));
#13813=CARTESIAN_POINT('',(7.925,3.6,2.35));
#13814=VECTOR('',#17191,1.0);
#13815=CARTESIAN_POINT('',(7.925,3.2,2.35));
#13816=CARTESIAN_POINT('',(7.925,3.2,2.35));
#13817=VECTOR('',#17192,1.0);
#13818=CARTESIAN_POINT('',(7.625,2.8,2.35));
#13819=VECTOR('',#17193,1.0);
#13820=CARTESIAN_POINT('',(7.075,3.2,2.35));
#13821=CARTESIAN_POINT('',(7.075,3.2,2.35));
#13822=VECTOR('',#17194,1.0);
#13823=CARTESIAN_POINT('',(7.075,3.6,2.35));
#13824=CARTESIAN_POINT('',(7.075,3.6,2.35));
#13825=VECTOR('',#17195,1.0);
#13826=CARTESIAN_POINT('',(6.675,3.6,2.35));
#13827=CARTESIAN_POINT('',(6.675,3.6,2.35));
#13828=VECTOR('',#17196,1.0);
#13829=CARTESIAN_POINT('',(6.675,3.2,2.35));
#13830=CARTESIAN_POINT('',(6.675,3.2,2.35));
#13831=VECTOR('',#17197,1.0);
#13832=CARTESIAN_POINT('',(6.375,2.8,2.35));
#13833=VECTOR('',#17198,1.0);
#13834=CARTESIAN_POINT('',(5.825,3.2,2.35));
#13835=CARTESIAN_POINT('',(5.825,3.2,2.35));
#13836=VECTOR('',#17199,1.0);
#13837=CARTESIAN_POINT('',(5.825,3.6,2.35));
#13838=CARTESIAN_POINT('',(5.825,3.6,2.35));
#13839=VECTOR('',#17200,1.0);
#13840=CARTESIAN_POINT('',(5.425,3.6,2.35));
#13841=CARTESIAN_POINT('',(5.425,3.6,2.35));
#13842=VECTOR('',#17201,1.0);
#13843=CARTESIAN_POINT('',(5.425,3.2,2.35));
#13844=CARTESIAN_POINT('',(5.425,3.2,2.35));
#13845=VECTOR('',#17202,1.0);
#13846=CARTESIAN_POINT('',(5.125,2.8,2.35));
#13847=VECTOR('',#17203,1.0);
#13848=CARTESIAN_POINT('',(4.575,3.2,2.35));
#13849=CARTESIAN_POINT('',(4.575,3.2,2.35));
#13850=VECTOR('',#17204,1.0);
#13851=CARTESIAN_POINT('',(4.575,3.6,2.35));
#13852=CARTESIAN_POINT('',(4.575,3.6,2.35));
#13853=VECTOR('',#17205,1.0);
#13854=CARTESIAN_POINT('',(4.175,3.6,2.35));
#13855=CARTESIAN_POINT('',(4.175,3.6,2.35));
#13856=VECTOR('',#17206,1.0);
#13857=CARTESIAN_POINT('',(4.175,3.2,2.35));
#13858=CARTESIAN_POINT('',(4.175,3.2,2.35));
#13859=VECTOR('',#17207,1.0);
#13860=CARTESIAN_POINT('',(3.875,2.8,2.35));
#13861=VECTOR('',#17208,1.0);
#13862=CARTESIAN_POINT('',(3.325,3.2,2.35));
#13863=CARTESIAN_POINT('',(3.325,3.2,2.35));
#13864=VECTOR('',#17209,1.0);
#13865=CARTESIAN_POINT('',(3.325,3.6,2.35));
#13866=CARTESIAN_POINT('',(3.325,3.6,2.35));
#13867=VECTOR('',#17210,1.0);
#13868=CARTESIAN_POINT('',(2.925,3.6,2.35));
#13869=CARTESIAN_POINT('',(2.925,3.6,2.35));
#13870=VECTOR('',#17211,1.0);
#13871=CARTESIAN_POINT('',(2.925,3.2,2.35));
#13872=CARTESIAN_POINT('',(2.925,3.2,2.35));
#13873=VECTOR('',#17212,1.0);
#13874=CARTESIAN_POINT('',(2.625,2.8,2.35));
#13875=VECTOR('',#17213,1.0);
#13876=CARTESIAN_POINT('',(2.075,3.2,2.35));
#13877=CARTESIAN_POINT('',(2.075,3.2,2.35));
#13878=VECTOR('',#17214,1.0);
#13879=CARTESIAN_POINT('',(2.075,3.6,2.35));
#13880=CARTESIAN_POINT('',(2.075,3.6,2.35));
#13881=VECTOR('',#17215,1.0);
#13882=CARTESIAN_POINT('',(1.675,3.6,2.35));
#13883=CARTESIAN_POINT('',(1.675,3.6,2.35));
#13884=VECTOR('',#17216,1.0);
#13885=CARTESIAN_POINT('',(1.675,3.2,2.35));
#13886=CARTESIAN_POINT('',(1.675,3.2,2.35));
#13887=VECTOR('',#17217,1.0);
#13888=CARTESIAN_POINT('',(1.375,2.8,2.35));
#13889=VECTOR('',#17218,1.0);
#13890=CARTESIAN_POINT('',(0.824999999999999,3.2,2.35));
#13891=CARTESIAN_POINT('',(0.824999999999999,3.2,2.35));
#13892=VECTOR('',#17219,1.0);
#13893=CARTESIAN_POINT('',(0.824999999999999,3.6,2.35));
#13894=CARTESIAN_POINT('',(0.824999999999999,3.6,2.35));
#13895=VECTOR('',#17220,1.0);
#13896=CARTESIAN_POINT('',(0.425,3.6,2.35));
#13897=CARTESIAN_POINT('',(0.425,3.6,2.35));
#13898=VECTOR('',#17221,1.0);
#13899=CARTESIAN_POINT('',(0.425,3.2,2.35));
#13900=CARTESIAN_POINT('',(0.425,3.2,2.35));
#13901=VECTOR('',#17222,1.0);
#13902=CARTESIAN_POINT('',(0.125,2.8,2.35));
#13903=VECTOR('',#17223,1.0);
#13904=CARTESIAN_POINT('',(-0.425000000000002,3.2,2.35));
#13905=CARTESIAN_POINT('',(-0.425000000000002,3.2,2.35));
#13906=VECTOR('',#17224,1.0);
#13907=CARTESIAN_POINT('',(-0.425000000000002,3.6,2.35));
#13908=CARTESIAN_POINT('',(-0.425000000000002,3.6,2.35));
#13909=VECTOR('',#17225,1.0);
#13910=CARTESIAN_POINT('',(-0.825000000000001,3.6,2.35));
#13911=CARTESIAN_POINT('',(-0.825000000000001,3.6,2.35));
#13912=VECTOR('',#17226,1.0);
#13913=CARTESIAN_POINT('',(-0.825000000000001,3.2,2.35));
#13914=CARTESIAN_POINT('',(-0.825000000000001,3.2,2.35));
#13915=VECTOR('',#17227,1.0);
#13916=CARTESIAN_POINT('',(-1.125,2.8,2.35));
#13917=VECTOR('',#17228,1.0);
#13918=CARTESIAN_POINT('',(-1.675,3.2,2.35));
#13919=CARTESIAN_POINT('',(-1.675,3.2,2.35));
#13920=VECTOR('',#17229,1.0);
#13921=CARTESIAN_POINT('',(-1.675,3.6,2.35));
#13922=CARTESIAN_POINT('',(-1.675,3.6,2.35));
#13923=VECTOR('',#17230,1.0);
#13924=CARTESIAN_POINT('',(-2.075,3.6,2.35));
#13925=CARTESIAN_POINT('',(-2.075,3.6,2.35));
#13926=VECTOR('',#17231,1.0);
#13927=CARTESIAN_POINT('',(-2.075,3.2,2.35));
#13928=CARTESIAN_POINT('',(-2.075,3.2,2.35));
#13929=VECTOR('',#17232,1.0);
#13930=CARTESIAN_POINT('',(-2.375,2.8,2.35));
#13931=VECTOR('',#17233,1.0);
#13932=CARTESIAN_POINT('',(-2.925,3.2,2.35));
#13933=CARTESIAN_POINT('',(-2.925,3.2,2.35));
#13934=VECTOR('',#17234,1.0);
#13935=CARTESIAN_POINT('',(-2.925,3.6,2.35));
#13936=CARTESIAN_POINT('',(-2.925,3.6,2.35));
#13937=VECTOR('',#17235,1.0);
#13938=CARTESIAN_POINT('',(-3.325,3.6,2.35));
#13939=CARTESIAN_POINT('',(-3.325,3.6,2.35));
#13940=VECTOR('',#17236,1.0);
#13941=CARTESIAN_POINT('',(-3.325,3.2,2.35));
#13942=CARTESIAN_POINT('',(-3.325,3.2,2.35));
#13943=VECTOR('',#17237,1.0);
#13944=CARTESIAN_POINT('',(-3.625,2.8,2.35));
#13945=VECTOR('',#17238,1.0);
#13946=CARTESIAN_POINT('',(-4.175,3.2,2.35));
#13947=CARTESIAN_POINT('',(-4.175,3.2,2.35));
#13948=VECTOR('',#17239,1.0);
#13949=CARTESIAN_POINT('',(-4.175,3.6,2.35));
#13950=CARTESIAN_POINT('',(-4.175,3.6,2.35));
#13951=VECTOR('',#17240,1.0);
#13952=CARTESIAN_POINT('',(-4.575,3.6,2.35));
#13953=CARTESIAN_POINT('',(-4.575,3.6,2.35));
#13954=VECTOR('',#17241,1.0);
#13955=CARTESIAN_POINT('',(-4.575,3.2,2.35));
#13956=CARTESIAN_POINT('',(-4.575,3.2,2.35));
#13957=VECTOR('',#17242,1.0);
#13958=CARTESIAN_POINT('',(-4.875,2.8,2.35));
#13959=VECTOR('',#17243,1.0);
#13960=CARTESIAN_POINT('',(-5.425,3.2,2.35));
#13961=CARTESIAN_POINT('',(-5.425,3.2,2.35));
#13962=VECTOR('',#17244,1.0);
#13963=CARTESIAN_POINT('',(-5.425,3.6,2.35));
#13964=CARTESIAN_POINT('',(-5.425,3.6,2.35));
#13965=VECTOR('',#17245,1.0);
#13966=CARTESIAN_POINT('',(-5.825,3.6,2.35));
#13967=CARTESIAN_POINT('',(-5.825,3.6,2.35));
#13968=VECTOR('',#17246,1.0);
#13969=CARTESIAN_POINT('',(-5.825,3.2,2.35));
#13970=CARTESIAN_POINT('',(-5.825,3.2,2.35));
#13971=VECTOR('',#17247,1.0);
#13972=CARTESIAN_POINT('',(-6.125,2.8,2.35));
#13973=VECTOR('',#17248,1.0);
#13974=CARTESIAN_POINT('',(-6.675,3.2,2.35));
#13975=CARTESIAN_POINT('',(-6.675,3.2,2.35));
#13976=VECTOR('',#17249,1.0);
#13977=CARTESIAN_POINT('',(-6.675,3.6,2.35));
#13978=CARTESIAN_POINT('',(-6.675,3.6,2.35));
#13979=VECTOR('',#17250,1.0);
#13980=CARTESIAN_POINT('',(-7.075,3.6,2.35));
#13981=CARTESIAN_POINT('',(-7.075,3.6,2.35));
#13982=VECTOR('',#17251,1.0);
#13983=CARTESIAN_POINT('',(-7.075,3.2,2.35));
#13984=CARTESIAN_POINT('',(-7.075,3.2,2.35));
#13985=VECTOR('',#17252,1.0);
#13986=CARTESIAN_POINT('',(-7.375,2.8,2.35));
#13987=VECTOR('',#17253,1.0);
#13988=CARTESIAN_POINT('',(-7.925,3.2,2.35));
#13989=CARTESIAN_POINT('',(-7.925,3.2,2.35));
#13990=VECTOR('',#17254,1.0);
#13991=CARTESIAN_POINT('',(-7.925,3.6,2.35));
#13992=CARTESIAN_POINT('',(-7.925,3.6,2.35));
#13993=VECTOR('',#17255,1.0);
#13994=CARTESIAN_POINT('',(-8.325,3.6,2.35));
#13995=CARTESIAN_POINT('',(-8.325,3.6,2.35));
#13996=VECTOR('',#17256,1.0);
#13997=CARTESIAN_POINT('',(-8.325,3.2,2.35));
#13998=CARTESIAN_POINT('',(-8.325,3.2,2.35));
#13999=VECTOR('',#17257,1.0);
#14000=CARTESIAN_POINT('',(-8.625,2.8,2.35));
#14001=VECTOR('',#17258,1.0);
#14002=CARTESIAN_POINT('',(-8.975,0.8,2.35));
#14003=CARTESIAN_POINT('',(-8.975,2.8,2.35));
#14004=VECTOR('',#17259,1.0);
#14005=CARTESIAN_POINT('',(-8.575,0.8,2.35));
#14006=CARTESIAN_POINT('',(8.975,0.8,2.35));
#14007=VECTOR('',#17260,1.0);
#14008=CARTESIAN_POINT('',(-8.575,0.8,2.35));
#14009=VECTOR('',#17261,1.0);
#14010=CARTESIAN_POINT('',(6.425,0.8,3.2));
#14011=VECTOR('',#17262,1.0);
#14012=CARTESIAN_POINT('',(6.075,0.8,3.2));
#14013=VECTOR('',#17263,1.0);
#14014=CARTESIAN_POINT('',(5.175,0.8,3.2));
#14015=VECTOR('',#17264,1.0);
#14016=CARTESIAN_POINT('',(4.825,0.8,3.2));
#14017=VECTOR('',#17265,1.0);
#14018=CARTESIAN_POINT('',(3.925,0.8,3.2));
#14019=VECTOR('',#17266,1.0);
#14020=CARTESIAN_POINT('',(3.575,0.8,3.2));
#14021=VECTOR('',#17267,1.0);
#14022=CARTESIAN_POINT('',(2.675,0.8,3.2));
#14023=VECTOR('',#17268,1.0);
#14024=CARTESIAN_POINT('',(2.325,0.8,3.2));
#14025=VECTOR('',#17269,1.0);
#14026=CARTESIAN_POINT('',(1.425,0.8,3.2));
#14027=VECTOR('',#17270,1.0);
#14028=CARTESIAN_POINT('',(1.075,0.8,3.2));
#14029=VECTOR('',#17271,1.0);
#14030=CARTESIAN_POINT('',(0.175000000000001,0.8,3.2));
#14031=VECTOR('',#17272,1.0);
#14032=CARTESIAN_POINT('',(-0.175,0.8,3.2));
#14033=VECTOR('',#17273,1.0);
#14034=CARTESIAN_POINT('',(-1.075,0.8,3.2));
#14035=VECTOR('',#17274,1.0);
#14036=CARTESIAN_POINT('',(-1.425,0.8,3.2));
#14037=VECTOR('',#17275,1.0);
#14038=CARTESIAN_POINT('',(-2.325,0.8,3.2));
#14039=VECTOR('',#17276,1.0);
#14040=CARTESIAN_POINT('',(-2.675,0.8,3.2));
#14041=VECTOR('',#17277,1.0);
#14042=CARTESIAN_POINT('',(-3.575,0.8,3.2));
#14043=VECTOR('',#17278,1.0);
#14044=CARTESIAN_POINT('',(-3.925,0.8,3.2));
#14045=VECTOR('',#17279,1.0);
#14046=CARTESIAN_POINT('',(-4.825,0.8,3.2));
#14047=VECTOR('',#17280,1.0);
#14048=CARTESIAN_POINT('',(-5.175,0.8,3.2));
#14049=VECTOR('',#17281,1.0);
#14050=CARTESIAN_POINT('',(-6.075,0.8,3.2));
#14051=VECTOR('',#17282,1.0);
#14052=CARTESIAN_POINT('',(-6.425,0.8,3.2));
#14053=VECTOR('',#17283,1.0);
#14054=CARTESIAN_POINT('',(-7.325,0.8,3.2));
#14055=VECTOR('',#17284,1.0);
#14056=CARTESIAN_POINT('',(-7.675,0.8,3.2));
#14057=VECTOR('',#17285,1.0);
#14058=CARTESIAN_POINT('',(-8.575,0.8,3.2));
#14059=VECTOR('',#17286,1.0);
#14060=CARTESIAN_POINT('',(-8.975,0.8,2.35));
#14061=VECTOR('',#17287,1.0);
#14062=CARTESIAN_POINT('',(9.325,0.6,0.299999999999999));
#14063=CARTESIAN_POINT('',(9.325,0.6,0.3));
#14064=VECTOR('',#17288,1.0);
#14065=CARTESIAN_POINT('',(-9.325,0.6,0.3));
#14066=CARTESIAN_POINT('',(-9.325,0.6,0.299999999999999));
#14067=VECTOR('',#17289,1.0);
#14068=CARTESIAN_POINT('',(-9.325,0.6,2.9));
#14069=VECTOR('',#17290,1.0);
#14070=CARTESIAN_POINT('',(-8.975,0.6,1.85));
#14071=CARTESIAN_POINT('',(-8.975,0.6,3.2));
#14072=VECTOR('',#17291,1.0);
#14073=CARTESIAN_POINT('',(-9.275,0.6,1.9));
#14074=CARTESIAN_POINT('',(-9.275,0.6,1.9));
#14075=VECTOR('',#17292,1.0);
#14076=CARTESIAN_POINT('',(-9.275,0.6,1.3));
#14077=CARTESIAN_POINT('',(-9.275,0.6,1.3));
#14078=VECTOR('',#17293,1.0);
#14079=CARTESIAN_POINT('',(-8.975,0.6,1.35));
#14080=CARTESIAN_POINT('',(-8.975,0.6,1.35));
#14081=VECTOR('',#17294,1.0);
#14082=CARTESIAN_POINT('',(-8.975,0.6,3.2));
#14083=VECTOR('',#17295,1.0);
#14084=CARTESIAN_POINT('',(8.975,0.6,1.35));
#14085=CARTESIAN_POINT('',(8.975,0.6,3.2));
#14086=VECTOR('',#17296,1.0);
#14087=CARTESIAN_POINT('',(9.275,0.6,1.3));
#14088=CARTESIAN_POINT('',(9.275,0.6,1.3));
#14089=VECTOR('',#17297,1.0);
#14090=CARTESIAN_POINT('',(9.275,0.6,1.9));
#14091=CARTESIAN_POINT('',(9.275,0.6,1.9));
#14092=VECTOR('',#17298,1.0);
#14093=CARTESIAN_POINT('',(8.975,0.6,1.85));
#14094=CARTESIAN_POINT('',(8.975,0.6,1.85));
#14095=VECTOR('',#17299,1.0);
#14096=CARTESIAN_POINT('',(8.975,0.6,3.2));
#14097=VECTOR('',#17300,1.0);
#14098=CARTESIAN_POINT('',(-8.975,3.7,1.35));
#14099=CARTESIAN_POINT('',(-8.975,3.7,1.35));
#14100=VECTOR('',#17301,1.0);
#14101=CARTESIAN_POINT('',(-8.975,3.7,1.85));
#14102=CARTESIAN_POINT('',(-8.975,3.7,1.85));
#14103=VECTOR('',#17302,1.0);
#14104=CARTESIAN_POINT('',(-8.975,3.7,1.85));
#14105=VECTOR('',#17303,1.0);
#14106=CARTESIAN_POINT('',(8.625,2.8,-1.21));
#14107=VECTOR('',#17304,1.0);
#14108=CARTESIAN_POINT('',(8.975,2.8,2.75));
#14109=VECTOR('',#17305,1.0);
#14110=CARTESIAN_POINT('',(8.5510046728371,2.43168224707731,3.0));
#14111=CARTESIAN_POINT('',(8.55000005907317,2.49999598302433,2.3500382189705));
#14112=VECTOR('',#17306,1.0);
#14113=CARTESIAN_POINT('',(7.6989953271629,2.43168224707731,3.0));
#14114=CARTESIAN_POINT('',(7.70000206756101,2.50014059414836,2.34866233603239));
#14115=VECTOR('',#17307,1.0);
#14116=CARTESIAN_POINT('',(8.575,2.43168224707731,3.0));
#14117=VECTOR('',#17308,1.0);
#14118=CARTESIAN_POINT('',(8.55883094876631,1.89949548389093,3.0));
#14119=CARTESIAN_POINT('',(8.55100986101594,2.43132945091578,3.0));
#14120=VECTOR('',#17309,1.0);
#14121=CARTESIAN_POINT('',(7.69116905123369,1.89949548389093,3.0));
#14122=CARTESIAN_POINT('',(7.69918473357865,2.44456188334821,3.0));
#14123=VECTOR('',#17310,1.0);
#14124=CARTESIAN_POINT('',(8.575,1.89949548389093,3.0));
#14125=VECTOR('',#17311,1.0);
#14126=CARTESIAN_POINT('',(8.55883403589986,1.89928555880955,3.00007640648105));
#14127=VECTOR('',#17312,1.0);
#14128=CARTESIAN_POINT('',(7.69133779979752,1.91097038623109,2.99582347710707));
#14129=VECTOR('',#17313,1.0);
#14130=CARTESIAN_POINT('',(8.575,0.8,3.2));
#14131=VECTOR('',#17314,1.0);
#14132=CARTESIAN_POINT('',(8.975,0.8,2.35));
#14133=VECTOR('',#17315,1.0);
#14134=CARTESIAN_POINT('',(-9.625,0.3,2.9));
#14135=CARTESIAN_POINT('',(-9.625,0.0,2.9));
#14136=CARTESIAN_POINT('',(-9.625,0.6,2.9));
#14137=VECTOR('',#17316,1.0);
#14138=CARTESIAN_POINT('',(-9.625,0.3,0.300000000000001));
#14139=CARTESIAN_POINT('',(-9.625,0.3,0.300000000000001));
#14140=VECTOR('',#17317,1.0);
#14141=CARTESIAN_POINT('',(-9.625,0.0,0.300000000000001));
#14142=CARTESIAN_POINT('',(-9.625,0.6,0.300000000000001));
#14143=VECTOR('',#17318,1.0);
#14144=CARTESIAN_POINT('',(-9.625,0.0,2.9));
#14145=VECTOR('',#17319,1.0);
#14146=CARTESIAN_POINT('',(-9.325,0.3,-8.13151629364128E-16));
#14147=AXIS2_PLACEMENT_3D('',#17320,#17321,#17322);
#14148=CARTESIAN_POINT('',(-9.325,0.0,-8.13151629364128E-16));
#14149=CARTESIAN_POINT('',(-9.325,0.6,-8.13151629364128E-16));
#14150=VECTOR('',#17323,1.0);
#14151=AXIS2_PLACEMENT_3D('',#17324,#17325,#17326);
#14152=CARTESIAN_POINT('',(9.325,0.3,-5.55111512312578E-16));
#14153=CARTESIAN_POINT('',(9.325,0.3,-5.42101086242752E-16));
#14154=VECTOR('',#17327,1.0);
#14155=CARTESIAN_POINT('',(9.325,0.0,-5.55111512312578E-16));
#14156=CARTESIAN_POINT('',(9.325,0.6,-5.55111512312578E-16));
#14157=VECTOR('',#17328,1.0);
#14158=CARTESIAN_POINT('',(-9.325,0.0,-5.55111512312578E-16));
#14159=VECTOR('',#17329,1.0);
#14160=CARTESIAN_POINT('',(9.625,0.3,0.3));
#14161=AXIS2_PLACEMENT_3D('',#17330,#17331,#17332);
#14162=CARTESIAN_POINT('',(9.625,0.0,0.3));
#14163=CARTESIAN_POINT('',(9.625,0.6,0.3));
#14164=VECTOR('',#17333,1.0);
#14165=AXIS2_PLACEMENT_3D('',#17334,#17335,#17336);
#14166=CARTESIAN_POINT('',(9.625,0.3,2.9));
#14167=CARTESIAN_POINT('',(9.625,0.3,2.9));
#14168=VECTOR('',#17337,1.0);
#14169=CARTESIAN_POINT('',(9.625,0.0,2.9));
#14170=CARTESIAN_POINT('',(9.625,0.6,2.9));
#14171=VECTOR('',#17338,1.0);
#14172=CARTESIAN_POINT('',(9.625,0.0,0.300000000000001));
#14173=VECTOR('',#17339,1.0);
#14174=AXIS2_PLACEMENT_3D('',#17340,#17341,#17342);
#14175=AXIS2_PLACEMENT_3D('',#17343,#17344,#17345);
#14176=AXIS2_PLACEMENT_3D('',#17346,#17347,#17348);
#14177=AXIS2_PLACEMENT_3D('',#17349,#17350,#17351);
#14178=CARTESIAN_POINT('',(-8.68273502691897,0.0,2.40773502691896));
#14179=CARTESIAN_POINT('',(-8.43273502691897,0.0,2.40773502691896));
#14180=CARTESIAN_POINT('',(-8.375,0.0,2.40773502691896));
#14181=VECTOR('',#17352,1.0);
#14182=CARTESIAN_POINT('',(-8.43273502691897,0.0,2.80773502691896));
#14183=CARTESIAN_POINT('',(-8.43273502691897,0.0,2.74999999999999));
#14184=VECTOR('',#17353,1.0);
#14185=CARTESIAN_POINT('',(-7.81726497308104,0.0,2.80773502691896));
#14186=CARTESIAN_POINT('',(-7.875,0.0,2.80773502691896));
#14187=VECTOR('',#17354,1.0);
#14188=CARTESIAN_POINT('',(-7.81726497308104,0.0,2.40773502691896));
#14189=CARTESIAN_POINT('',(-7.81726497308104,0.0,2.34999999999999));
#14190=VECTOR('',#17355,1.0);
#14191=CARTESIAN_POINT('',(-7.56726497308104,0.0,2.40773502691896));
#14192=CARTESIAN_POINT('',(-7.625,0.0,2.40773502691896));
#14193=VECTOR('',#17356,1.0);
#14194=CARTESIAN_POINT('',(-7.56726497308104,0.0,0.842264973081032));
#14195=CARTESIAN_POINT('',(-7.56726497308104,0.0,0.899999999999995));
#14196=VECTOR('',#17357,1.0);
#14197=CARTESIAN_POINT('',(-7.86726497308104,0.0,0.842264973081032));
#14198=CARTESIAN_POINT('',(-7.92500000000001,0.0,0.842264973081032));
#14199=VECTOR('',#17358,1.0);
#14200=CARTESIAN_POINT('',(-7.86726497308104,0.0,0.692264973081032));
#14201=CARTESIAN_POINT('',(-7.86726497308104,0.0,0.749999999999995));
#14202=VECTOR('',#17359,1.0);
#14203=CARTESIAN_POINT('',(-8.38273502691897,0.0,0.692264973081032));
#14204=CARTESIAN_POINT('',(-8.325,0.0,0.692264973081032));
#14205=VECTOR('',#17360,1.0);
#14206=CARTESIAN_POINT('',(-8.38273502691897,0.0,0.842264973081032));
#14207=CARTESIAN_POINT('',(-8.38273502691897,0.0,0.899999999999995));
#14208=VECTOR('',#17361,1.0);
#14209=CARTESIAN_POINT('',(-8.68273502691897,0.0,0.842264973081032));
#14210=CARTESIAN_POINT('',(-8.625,0.0,0.842264973081032));
#14211=VECTOR('',#17362,1.0);
#14212=CARTESIAN_POINT('',(-8.68273502691897,0.0,2.34999999999999));
#14213=VECTOR('',#17363,1.0);
#14214=CARTESIAN_POINT('',(-7.43273502691897,0.0,2.40773502691896));
#14215=CARTESIAN_POINT('',(-7.18273502691896,0.0,2.40773502691896));
#14216=CARTESIAN_POINT('',(-7.125,0.0,2.40773502691896));
#14217=VECTOR('',#17364,1.0);
#14218=CARTESIAN_POINT('',(-7.18273502691896,0.0,2.80773502691896));
#14219=CARTESIAN_POINT('',(-7.18273502691896,0.0,2.74999999999999));
#14220=VECTOR('',#17365,1.0);
#14221=CARTESIAN_POINT('',(-6.56726497308104,0.0,2.80773502691896));
#14222=CARTESIAN_POINT('',(-6.625,0.0,2.80773502691896));
#14223=VECTOR('',#17366,1.0);
#14224=CARTESIAN_POINT('',(-6.56726497308104,0.0,2.40773502691896));
#14225=CARTESIAN_POINT('',(-6.56726497308104,0.0,2.34999999999999));
#14226=VECTOR('',#17367,1.0);
#14227=CARTESIAN_POINT('',(-6.31726497308104,0.0,2.40773502691896));
#14228=CARTESIAN_POINT('',(-6.375,0.0,2.40773502691896));
#14229=VECTOR('',#17368,1.0);
#14230=CARTESIAN_POINT('',(-6.31726497308104,0.0,0.842264973081032));
#14231=CARTESIAN_POINT('',(-6.31726497308104,0.0,0.899999999999995));
#14232=VECTOR('',#17369,1.0);
#14233=CARTESIAN_POINT('',(-6.61726497308104,0.0,0.842264973081032));
#14234=CARTESIAN_POINT('',(-6.675,0.0,0.842264973081032));
#14235=VECTOR('',#17370,1.0);
#14236=CARTESIAN_POINT('',(-6.61726497308104,0.0,0.692264973081032));
#14237=CARTESIAN_POINT('',(-6.61726497308104,0.0,0.749999999999995));
#14238=VECTOR('',#17371,1.0);
#14239=CARTESIAN_POINT('',(-7.13273502691897,0.0,0.692264973081032));
#14240=CARTESIAN_POINT('',(-7.075,0.0,0.692264973081032));
#14241=VECTOR('',#17372,1.0);
#14242=CARTESIAN_POINT('',(-7.13273502691897,0.0,0.842264973081032));
#14243=CARTESIAN_POINT('',(-7.13273502691897,0.0,0.899999999999995));
#14244=VECTOR('',#17373,1.0);
#14245=CARTESIAN_POINT('',(-7.43273502691897,0.0,0.842264973081032));
#14246=CARTESIAN_POINT('',(-7.375,0.0,0.842264973081032));
#14247=VECTOR('',#17374,1.0);
#14248=CARTESIAN_POINT('',(-7.43273502691897,0.0,2.34999999999999));
#14249=VECTOR('',#17375,1.0);
#14250=CARTESIAN_POINT('',(-6.18273502691897,0.0,2.40773502691896));
#14251=CARTESIAN_POINT('',(-5.93273502691897,0.0,2.40773502691896));
#14252=CARTESIAN_POINT('',(-5.875,0.0,2.40773502691896));
#14253=VECTOR('',#17376,1.0);
#14254=CARTESIAN_POINT('',(-5.93273502691897,0.0,2.80773502691896));
#14255=CARTESIAN_POINT('',(-5.93273502691897,0.0,2.74999999999999));
#14256=VECTOR('',#17377,1.0);
#14257=CARTESIAN_POINT('',(-5.31726497308104,0.0,2.80773502691896));
#14258=CARTESIAN_POINT('',(-5.375,0.0,2.80773502691896));
#14259=VECTOR('',#17378,1.0);
#14260=CARTESIAN_POINT('',(-5.31726497308104,0.0,2.40773502691896));
#14261=CARTESIAN_POINT('',(-5.31726497308104,0.0,2.34999999999999));
#14262=VECTOR('',#17379,1.0);
#14263=CARTESIAN_POINT('',(-5.06726497308104,0.0,2.40773502691896));
#14264=CARTESIAN_POINT('',(-5.125,0.0,2.40773502691896));
#14265=VECTOR('',#17380,1.0);
#14266=CARTESIAN_POINT('',(-5.06726497308104,0.0,0.842264973081032));
#14267=CARTESIAN_POINT('',(-5.06726497308104,0.0,0.899999999999995));
#14268=VECTOR('',#17381,1.0);
#14269=CARTESIAN_POINT('',(-5.36726497308104,0.0,0.842264973081032));
#14270=CARTESIAN_POINT('',(-5.425,0.0,0.842264973081032));
#14271=VECTOR('',#17382,1.0);
#14272=CARTESIAN_POINT('',(-5.36726497308104,0.0,0.692264973081032));
#14273=CARTESIAN_POINT('',(-5.36726497308104,0.0,0.749999999999995));
#14274=VECTOR('',#17383,1.0);
#14275=CARTESIAN_POINT('',(-5.88273502691897,0.0,0.692264973081032));
#14276=CARTESIAN_POINT('',(-5.825,0.0,0.692264973081032));
#14277=VECTOR('',#17384,1.0);
#14278=CARTESIAN_POINT('',(-5.88273502691897,0.0,0.842264973081032));
#14279=CARTESIAN_POINT('',(-5.88273502691897,0.0,0.899999999999995));
#14280=VECTOR('',#17385,1.0);
#14281=CARTESIAN_POINT('',(-6.18273502691897,0.0,0.842264973081032));
#14282=CARTESIAN_POINT('',(-6.125,0.0,0.842264973081032));
#14283=VECTOR('',#17386,1.0);
#14284=CARTESIAN_POINT('',(-6.18273502691897,0.0,2.34999999999999));
#14285=VECTOR('',#17387,1.0);
#14286=CARTESIAN_POINT('',(-4.93273502691897,0.0,2.40773502691896));
#14287=CARTESIAN_POINT('',(-4.68273502691897,0.0,2.40773502691896));
#14288=CARTESIAN_POINT('',(-4.625,0.0,2.40773502691896));
#14289=VECTOR('',#17388,1.0);
#14290=CARTESIAN_POINT('',(-4.68273502691897,0.0,2.80773502691896));
#14291=CARTESIAN_POINT('',(-4.68273502691897,0.0,2.74999999999999));
#14292=VECTOR('',#17389,1.0);
#14293=CARTESIAN_POINT('',(-4.06726497308104,0.0,2.80773502691896));
#14294=CARTESIAN_POINT('',(-4.125,0.0,2.80773502691896));
#14295=VECTOR('',#17390,1.0);
#14296=CARTESIAN_POINT('',(-4.06726497308104,0.0,2.40773502691896));
#14297=CARTESIAN_POINT('',(-4.06726497308104,0.0,2.34999999999999));
#14298=VECTOR('',#17391,1.0);
#14299=CARTESIAN_POINT('',(-3.81726497308104,0.0,2.40773502691896));
#14300=CARTESIAN_POINT('',(-3.875,0.0,2.40773502691896));
#14301=VECTOR('',#17392,1.0);
#14302=CARTESIAN_POINT('',(-3.81726497308104,0.0,0.842264973081032));
#14303=CARTESIAN_POINT('',(-3.81726497308104,0.0,0.899999999999995));
#14304=VECTOR('',#17393,1.0);
#14305=CARTESIAN_POINT('',(-4.11726497308104,0.0,0.842264973081032));
#14306=CARTESIAN_POINT('',(-4.17500000000001,0.0,0.842264973081032));
#14307=VECTOR('',#17394,1.0);
#14308=CARTESIAN_POINT('',(-4.11726497308104,0.0,0.692264973081032));
#14309=CARTESIAN_POINT('',(-4.11726497308104,0.0,0.749999999999995));
#14310=VECTOR('',#17395,1.0);
#14311=CARTESIAN_POINT('',(-4.63273502691897,0.0,0.692264973081032));
#14312=CARTESIAN_POINT('',(-4.575,0.0,0.692264973081032));
#14313=VECTOR('',#17396,1.0);
#14314=CARTESIAN_POINT('',(-4.63273502691897,0.0,0.842264973081032));
#14315=CARTESIAN_POINT('',(-4.63273502691897,0.0,0.899999999999995));
#14316=VECTOR('',#17397,1.0);
#14317=CARTESIAN_POINT('',(-4.93273502691897,0.0,0.842264973081032));
#14318=CARTESIAN_POINT('',(-4.875,0.0,0.842264973081032));
#14319=VECTOR('',#17398,1.0);
#14320=CARTESIAN_POINT('',(-4.93273502691897,0.0,2.34999999999999));
#14321=VECTOR('',#17399,1.0);
#14322=CARTESIAN_POINT('',(-3.68273502691897,0.0,2.40773502691896));
#14323=CARTESIAN_POINT('',(-3.43273502691897,0.0,2.40773502691896));
#14324=CARTESIAN_POINT('',(-3.375,0.0,2.40773502691896));
#14325=VECTOR('',#17400,1.0);
#14326=CARTESIAN_POINT('',(-3.43273502691897,0.0,2.80773502691896));
#14327=CARTESIAN_POINT('',(-3.43273502691897,0.0,2.74999999999999));
#14328=VECTOR('',#17401,1.0);
#14329=CARTESIAN_POINT('',(-2.81726497308104,0.0,2.80773502691896));
#14330=CARTESIAN_POINT('',(-2.875,0.0,2.80773502691896));
#14331=VECTOR('',#17402,1.0);
#14332=CARTESIAN_POINT('',(-2.81726497308104,0.0,2.40773502691896));
#14333=CARTESIAN_POINT('',(-2.81726497308104,0.0,2.34999999999999));
#14334=VECTOR('',#17403,1.0);
#14335=CARTESIAN_POINT('',(-2.56726497308104,0.0,2.40773502691896));
#14336=CARTESIAN_POINT('',(-2.625,0.0,2.40773502691896));
#14337=VECTOR('',#17404,1.0);
#14338=CARTESIAN_POINT('',(-2.56726497308104,0.0,0.842264973081032));
#14339=CARTESIAN_POINT('',(-2.56726497308104,0.0,0.899999999999995));
#14340=VECTOR('',#17405,1.0);
#14341=CARTESIAN_POINT('',(-2.86726497308104,0.0,0.842264973081032));
#14342=CARTESIAN_POINT('',(-2.925,0.0,0.842264973081032));
#14343=VECTOR('',#17406,1.0);
#14344=CARTESIAN_POINT('',(-2.86726497308104,0.0,0.692264973081032));
#14345=CARTESIAN_POINT('',(-2.86726497308104,0.0,0.749999999999995));
#14346=VECTOR('',#17407,1.0);
#14347=CARTESIAN_POINT('',(-3.38273502691897,0.0,0.692264973081032));
#14348=CARTESIAN_POINT('',(-3.325,0.0,0.692264973081032));
#14349=VECTOR('',#17408,1.0);
#14350=CARTESIAN_POINT('',(-3.38273502691897,0.0,0.842264973081032));
#14351=CARTESIAN_POINT('',(-3.38273502691897,0.0,0.899999999999995));
#14352=VECTOR('',#17409,1.0);
#14353=CARTESIAN_POINT('',(-3.68273502691897,0.0,0.842264973081032));
#14354=CARTESIAN_POINT('',(-3.625,0.0,0.842264973081032));
#14355=VECTOR('',#17410,1.0);
#14356=CARTESIAN_POINT('',(-3.68273502691897,0.0,2.34999999999999));
#14357=VECTOR('',#17411,1.0);
#14358=CARTESIAN_POINT('',(-2.43273502691897,0.0,2.40773502691896));
#14359=CARTESIAN_POINT('',(-2.18273502691897,0.0,2.40773502691896));
#14360=CARTESIAN_POINT('',(-2.125,0.0,2.40773502691896));
#14361=VECTOR('',#17412,1.0);
#14362=CARTESIAN_POINT('',(-2.18273502691897,0.0,2.80773502691896));
#14363=CARTESIAN_POINT('',(-2.18273502691897,0.0,2.74999999999999));
#14364=VECTOR('',#17413,1.0);
#14365=CARTESIAN_POINT('',(-1.56726497308104,0.0,2.80773502691896));
#14366=CARTESIAN_POINT('',(-1.625,0.0,2.80773502691896));
#14367=VECTOR('',#17414,1.0);
#14368=CARTESIAN_POINT('',(-1.56726497308104,0.0,2.40773502691896));
#14369=CARTESIAN_POINT('',(-1.56726497308104,0.0,2.34999999999999));
#14370=VECTOR('',#17415,1.0);
#14371=CARTESIAN_POINT('',(-1.31726497308104,0.0,2.40773502691896));
#14372=CARTESIAN_POINT('',(-1.375,0.0,2.40773502691896));
#14373=VECTOR('',#17416,1.0);
#14374=CARTESIAN_POINT('',(-1.31726497308104,0.0,0.842264973081032));
#14375=CARTESIAN_POINT('',(-1.31726497308104,0.0,0.899999999999995));
#14376=VECTOR('',#17417,1.0);
#14377=CARTESIAN_POINT('',(-1.61726497308104,0.0,0.842264973081032));
#14378=CARTESIAN_POINT('',(-1.675,0.0,0.842264973081032));
#14379=VECTOR('',#17418,1.0);
#14380=CARTESIAN_POINT('',(-1.61726497308104,0.0,0.692264973081032));
#14381=CARTESIAN_POINT('',(-1.61726497308104,0.0,0.749999999999995));
#14382=VECTOR('',#17419,1.0);
#14383=CARTESIAN_POINT('',(-2.13273502691897,0.0,0.692264973081032));
#14384=CARTESIAN_POINT('',(-2.075,0.0,0.692264973081032));
#14385=VECTOR('',#17420,1.0);
#14386=CARTESIAN_POINT('',(-2.13273502691897,0.0,0.842264973081032));
#14387=CARTESIAN_POINT('',(-2.13273502691897,0.0,0.899999999999995));
#14388=VECTOR('',#17421,1.0);
#14389=CARTESIAN_POINT('',(-2.43273502691897,0.0,0.842264973081032));
#14390=CARTESIAN_POINT('',(-2.375,0.0,0.842264973081032));
#14391=VECTOR('',#17422,1.0);
#14392=CARTESIAN_POINT('',(-2.43273502691897,0.0,2.34999999999999));
#14393=VECTOR('',#17423,1.0);
#14394=CARTESIAN_POINT('',(-1.18273502691897,0.0,2.40773502691896));
#14395=CARTESIAN_POINT('',(-0.932735026918968,0.0,2.40773502691896));
#14396=CARTESIAN_POINT('',(-0.875000000000004,0.0,2.40773502691896));
#14397=VECTOR('',#17424,1.0);
#14398=CARTESIAN_POINT('',(-0.932735026918968,0.0,2.80773502691896));
#14399=CARTESIAN_POINT('',(-0.932735026918968,0.0,2.74999999999999));
#14400=VECTOR('',#17425,1.0);
#14401=CARTESIAN_POINT('',(-0.317264973081041,0.0,2.80773502691896));
#14402=CARTESIAN_POINT('',(-0.375000000000004,0.0,2.80773502691896));
#14403=VECTOR('',#17426,1.0);
#14404=CARTESIAN_POINT('',(-0.317264973081041,0.0,2.40773502691896));
#14405=CARTESIAN_POINT('',(-0.317264973081041,0.0,2.34999999999999));
#14406=VECTOR('',#17427,1.0);
#14407=CARTESIAN_POINT('',(-0.0672649730810402,0.0,2.40773502691896));
#14408=CARTESIAN_POINT('',(-0.125000000000004,0.0,2.40773502691896));
#14409=VECTOR('',#17428,1.0);
#14410=CARTESIAN_POINT('',(-0.0672649730810402,0.0,0.842264973081032));
#14411=CARTESIAN_POINT('',(-0.0672649730810402,0.0,0.899999999999995));
#14412=VECTOR('',#17429,1.0);
#14413=CARTESIAN_POINT('',(-0.367264973081042,0.0,0.842264973081032));
#14414=CARTESIAN_POINT('',(-0.425000000000005,0.0,0.842264973081032));
#14415=VECTOR('',#17430,1.0);
#14416=CARTESIAN_POINT('',(-0.367264973081042,0.0,0.692264973081032));
#14417=CARTESIAN_POINT('',(-0.367264973081042,0.0,0.749999999999995));
#14418=VECTOR('',#17431,1.0);
#14419=CARTESIAN_POINT('',(-0.882735026918968,0.0,0.692264973081032));
#14420=CARTESIAN_POINT('',(-0.825000000000005,0.0,0.692264973081032));
#14421=VECTOR('',#17432,1.0);
#14422=CARTESIAN_POINT('',(-0.882735026918968,0.0,0.842264973081032));
#14423=CARTESIAN_POINT('',(-0.882735026918968,0.0,0.899999999999995));
#14424=VECTOR('',#17433,1.0);
#14425=CARTESIAN_POINT('',(-1.18273502691897,0.0,0.842264973081032));
#14426=CARTESIAN_POINT('',(-1.125,0.0,0.842264973081032));
#14427=VECTOR('',#17434,1.0);
#14428=CARTESIAN_POINT('',(-1.18273502691897,0.0,2.34999999999999));
#14429=VECTOR('',#17435,1.0);
#14430=CARTESIAN_POINT('',(0.0672649730810333,0.0,2.40773502691896));
#14431=CARTESIAN_POINT('',(0.317264973081034,0.0,2.40773502691896));
#14432=CARTESIAN_POINT('',(0.374999999999997,0.0,2.40773502691896));
#14433=VECTOR('',#17436,1.0);
#14434=CARTESIAN_POINT('',(0.317264973081034,0.0,2.80773502691896));
#14435=CARTESIAN_POINT('',(0.317264973081034,0.0,2.74999999999999));
#14436=VECTOR('',#17437,1.0);
#14437=CARTESIAN_POINT('',(0.932735026918961,0.0,2.80773502691896));
#14438=CARTESIAN_POINT('',(0.874999999999997,0.0,2.80773502691896));
#14439=VECTOR('',#17438,1.0);
#14440=CARTESIAN_POINT('',(0.932735026918961,0.0,2.40773502691896));
#14441=CARTESIAN_POINT('',(0.932735026918961,0.0,2.34999999999999));
#14442=VECTOR('',#17439,1.0);
#14443=CARTESIAN_POINT('',(1.18273502691896,0.0,2.40773502691896));
#14444=CARTESIAN_POINT('',(1.125,0.0,2.40773502691896));
#14445=VECTOR('',#17440,1.0);
#14446=CARTESIAN_POINT('',(1.18273502691896,0.0,0.842264973081032));
#14447=CARTESIAN_POINT('',(1.18273502691896,0.0,0.899999999999995));
#14448=VECTOR('',#17441,1.0);
#14449=CARTESIAN_POINT('',(0.882735026918959,0.0,0.842264973081032));
#14450=CARTESIAN_POINT('',(0.824999999999996,0.0,0.842264973081032));
#14451=VECTOR('',#17442,1.0);
#14452=CARTESIAN_POINT('',(0.882735026918959,0.0,0.692264973081032));
#14453=CARTESIAN_POINT('',(0.882735026918959,0.0,0.749999999999995));
#14454=VECTOR('',#17443,1.0);
#14455=CARTESIAN_POINT('',(0.367264973081033,0.0,0.692264973081032));
#14456=CARTESIAN_POINT('',(0.424999999999997,0.0,0.692264973081032));
#14457=VECTOR('',#17444,1.0);
#14458=CARTESIAN_POINT('',(0.367264973081033,0.0,0.842264973081032));
#14459=CARTESIAN_POINT('',(0.367264973081033,0.0,0.899999999999995));
#14460=VECTOR('',#17445,1.0);
#14461=CARTESIAN_POINT('',(0.0672649730810333,0.0,0.842264973081032));
#14462=CARTESIAN_POINT('',(0.124999999999997,0.0,0.842264973081032));
#14463=VECTOR('',#17446,1.0);
#14464=CARTESIAN_POINT('',(0.0672649730810333,0.0,2.34999999999999));
#14465=VECTOR('',#17447,1.0);
#14466=CARTESIAN_POINT('',(1.31726497308103,0.0,2.40773502691896));
#14467=CARTESIAN_POINT('',(1.56726497308103,0.0,2.40773502691896));
#14468=CARTESIAN_POINT('',(1.625,0.0,2.40773502691896));
#14469=VECTOR('',#17448,1.0);
#14470=CARTESIAN_POINT('',(1.56726497308103,0.0,2.80773502691896));
#14471=CARTESIAN_POINT('',(1.56726497308103,0.0,2.74999999999999));
#14472=VECTOR('',#17449,1.0);
#14473=CARTESIAN_POINT('',(2.18273502691896,0.0,2.80773502691896));
#14474=CARTESIAN_POINT('',(2.125,0.0,2.80773502691896));
#14475=VECTOR('',#17450,1.0);
#14476=CARTESIAN_POINT('',(2.18273502691896,0.0,2.40773502691896));
#14477=CARTESIAN_POINT('',(2.18273502691896,0.0,2.34999999999999));
#14478=VECTOR('',#17451,1.0);
#14479=CARTESIAN_POINT('',(2.43273502691896,0.0,2.40773502691896));
#14480=CARTESIAN_POINT('',(2.375,0.0,2.40773502691896));
#14481=VECTOR('',#17452,1.0);
#14482=CARTESIAN_POINT('',(2.43273502691896,0.0,0.842264973081032));
#14483=CARTESIAN_POINT('',(2.43273502691896,0.0,0.899999999999995));
#14484=VECTOR('',#17453,1.0);
#14485=CARTESIAN_POINT('',(2.13273502691896,0.0,0.842264973081032));
#14486=CARTESIAN_POINT('',(2.075,0.0,0.842264973081032));
#14487=VECTOR('',#17454,1.0);
#14488=CARTESIAN_POINT('',(2.13273502691896,0.0,0.692264973081032));
#14489=CARTESIAN_POINT('',(2.13273502691896,0.0,0.749999999999995));
#14490=VECTOR('',#17455,1.0);
#14491=CARTESIAN_POINT('',(1.61726497308103,0.0,0.692264973081032));
#14492=CARTESIAN_POINT('',(1.675,0.0,0.692264973081032));
#14493=VECTOR('',#17456,1.0);
#14494=CARTESIAN_POINT('',(1.61726497308103,0.0,0.842264973081032));
#14495=CARTESIAN_POINT('',(1.61726497308103,0.0,0.899999999999995));
#14496=VECTOR('',#17457,1.0);
#14497=CARTESIAN_POINT('',(1.31726497308103,0.0,0.842264973081032));
#14498=CARTESIAN_POINT('',(1.375,0.0,0.842264973081032));
#14499=VECTOR('',#17458,1.0);
#14500=CARTESIAN_POINT('',(1.31726497308103,0.0,2.34999999999999));
#14501=VECTOR('',#17459,1.0);
#14502=CARTESIAN_POINT('',(2.56726497308103,0.0,2.40773502691896));
#14503=CARTESIAN_POINT('',(2.81726497308103,0.0,2.40773502691896));
#14504=CARTESIAN_POINT('',(2.875,0.0,2.40773502691896));
#14505=VECTOR('',#17460,1.0);
#14506=CARTESIAN_POINT('',(2.81726497308103,0.0,2.80773502691896));
#14507=CARTESIAN_POINT('',(2.81726497308103,0.0,2.74999999999999));
#14508=VECTOR('',#17461,1.0);
#14509=CARTESIAN_POINT('',(3.43273502691896,0.0,2.80773502691896));
#14510=CARTESIAN_POINT('',(3.375,0.0,2.80773502691896));
#14511=VECTOR('',#17462,1.0);
#14512=CARTESIAN_POINT('',(3.43273502691896,0.0,2.40773502691896));
#14513=CARTESIAN_POINT('',(3.43273502691896,0.0,2.34999999999999));
#14514=VECTOR('',#17463,1.0);
#14515=CARTESIAN_POINT('',(3.68273502691896,0.0,2.40773502691896));
#14516=CARTESIAN_POINT('',(3.625,0.0,2.40773502691896));
#14517=VECTOR('',#17464,1.0);
#14518=CARTESIAN_POINT('',(3.68273502691896,0.0,0.842264973081032));
#14519=CARTESIAN_POINT('',(3.68273502691896,0.0,0.899999999999995));
#14520=VECTOR('',#17465,1.0);
#14521=CARTESIAN_POINT('',(3.38273502691896,0.0,0.842264973081032));
#14522=CARTESIAN_POINT('',(3.325,0.0,0.842264973081032));
#14523=VECTOR('',#17466,1.0);
#14524=CARTESIAN_POINT('',(3.38273502691896,0.0,0.692264973081032));
#14525=CARTESIAN_POINT('',(3.38273502691896,0.0,0.749999999999995));
#14526=VECTOR('',#17467,1.0);
#14527=CARTESIAN_POINT('',(2.86726497308103,0.0,0.692264973081032));
#14528=CARTESIAN_POINT('',(2.925,0.0,0.692264973081032));
#14529=VECTOR('',#17468,1.0);
#14530=CARTESIAN_POINT('',(2.86726497308103,0.0,0.842264973081032));
#14531=CARTESIAN_POINT('',(2.86726497308103,0.0,0.899999999999995));
#14532=VECTOR('',#17469,1.0);
#14533=CARTESIAN_POINT('',(2.56726497308103,0.0,0.842264973081032));
#14534=CARTESIAN_POINT('',(2.625,0.0,0.842264973081032));
#14535=VECTOR('',#17470,1.0);
#14536=CARTESIAN_POINT('',(2.56726497308103,0.0,2.34999999999999));
#14537=VECTOR('',#17471,1.0);
#14538=CARTESIAN_POINT('',(3.81726497308103,0.0,2.40773502691896));
#14539=CARTESIAN_POINT('',(4.06726497308103,0.0,2.40773502691896));
#14540=CARTESIAN_POINT('',(4.125,0.0,2.40773502691896));
#14541=VECTOR('',#17472,1.0);
#14542=CARTESIAN_POINT('',(4.06726497308103,0.0,2.80773502691896));
#14543=CARTESIAN_POINT('',(4.06726497308103,0.0,2.74999999999999));
#14544=VECTOR('',#17473,1.0);
#14545=CARTESIAN_POINT('',(4.68273502691896,0.0,2.80773502691896));
#14546=CARTESIAN_POINT('',(4.625,0.0,2.80773502691896));
#14547=VECTOR('',#17474,1.0);
#14548=CARTESIAN_POINT('',(4.68273502691896,0.0,2.40773502691896));
#14549=CARTESIAN_POINT('',(4.68273502691896,0.0,2.34999999999999));
#14550=VECTOR('',#17475,1.0);
#14551=CARTESIAN_POINT('',(4.93273502691896,0.0,2.40773502691896));
#14552=CARTESIAN_POINT('',(4.875,0.0,2.40773502691896));
#14553=VECTOR('',#17476,1.0);
#14554=CARTESIAN_POINT('',(4.93273502691896,0.0,0.842264973081032));
#14555=CARTESIAN_POINT('',(4.93273502691896,0.0,0.899999999999995));
#14556=VECTOR('',#17477,1.0);
#14557=CARTESIAN_POINT('',(4.63273502691896,0.0,0.842264973081032));
#14558=CARTESIAN_POINT('',(4.575,0.0,0.842264973081032));
#14559=VECTOR('',#17478,1.0);
#14560=CARTESIAN_POINT('',(4.63273502691896,0.0,0.692264973081032));
#14561=CARTESIAN_POINT('',(4.63273502691896,0.0,0.749999999999995));
#14562=VECTOR('',#17479,1.0);
#14563=CARTESIAN_POINT('',(4.11726497308103,0.0,0.692264973081032));
#14564=CARTESIAN_POINT('',(4.175,0.0,0.692264973081032));
#14565=VECTOR('',#17480,1.0);
#14566=CARTESIAN_POINT('',(4.11726497308103,0.0,0.842264973081032));
#14567=CARTESIAN_POINT('',(4.11726497308103,0.0,0.899999999999995));
#14568=VECTOR('',#17481,1.0);
#14569=CARTESIAN_POINT('',(3.81726497308103,0.0,0.842264973081032));
#14570=CARTESIAN_POINT('',(3.875,0.0,0.842264973081032));
#14571=VECTOR('',#17482,1.0);
#14572=CARTESIAN_POINT('',(3.81726497308103,0.0,2.34999999999999));
#14573=VECTOR('',#17483,1.0);
#14574=CARTESIAN_POINT('',(5.06726497308103,0.0,2.40773502691896));
#14575=CARTESIAN_POINT('',(5.31726497308103,0.0,2.40773502691896));
#14576=CARTESIAN_POINT('',(5.375,0.0,2.40773502691896));
#14577=VECTOR('',#17484,1.0);
#14578=CARTESIAN_POINT('',(5.31726497308103,0.0,2.80773502691896));
#14579=CARTESIAN_POINT('',(5.31726497308103,0.0,2.74999999999999));
#14580=VECTOR('',#17485,1.0);
#14581=CARTESIAN_POINT('',(5.93273502691896,0.0,2.80773502691896));
#14582=CARTESIAN_POINT('',(5.875,0.0,2.80773502691896));
#14583=VECTOR('',#17486,1.0);
#14584=CARTESIAN_POINT('',(5.93273502691896,0.0,2.40773502691896));
#14585=CARTESIAN_POINT('',(5.93273502691896,0.0,2.34999999999999));
#14586=VECTOR('',#17487,1.0);
#14587=CARTESIAN_POINT('',(6.18273502691896,0.0,2.40773502691896));
#14588=CARTESIAN_POINT('',(6.125,0.0,2.40773502691896));
#14589=VECTOR('',#17488,1.0);
#14590=CARTESIAN_POINT('',(6.18273502691896,0.0,0.842264973081032));
#14591=CARTESIAN_POINT('',(6.18273502691896,0.0,0.899999999999995));
#14592=VECTOR('',#17489,1.0);
#14593=CARTESIAN_POINT('',(5.88273502691896,0.0,0.842264973081032));
#14594=CARTESIAN_POINT('',(5.82499999999999,0.0,0.842264973081032));
#14595=VECTOR('',#17490,1.0);
#14596=CARTESIAN_POINT('',(5.88273502691896,0.0,0.692264973081032));
#14597=CARTESIAN_POINT('',(5.88273502691896,0.0,0.749999999999995));
#14598=VECTOR('',#17491,1.0);
#14599=CARTESIAN_POINT('',(5.36726497308103,0.0,0.692264973081032));
#14600=CARTESIAN_POINT('',(5.425,0.0,0.692264973081032));
#14601=VECTOR('',#17492,1.0);
#14602=CARTESIAN_POINT('',(5.36726497308103,0.0,0.842264973081032));
#14603=CARTESIAN_POINT('',(5.36726497308103,0.0,0.899999999999995));
#14604=VECTOR('',#17493,1.0);
#14605=CARTESIAN_POINT('',(5.06726497308103,0.0,0.842264973081032));
#14606=CARTESIAN_POINT('',(5.125,0.0,0.842264973081032));
#14607=VECTOR('',#17494,1.0);
#14608=CARTESIAN_POINT('',(5.06726497308103,0.0,2.34999999999999));
#14609=VECTOR('',#17495,1.0);
#14610=CARTESIAN_POINT('',(6.31726497308103,0.0,2.40773502691896));
#14611=CARTESIAN_POINT('',(6.56726497308103,0.0,2.40773502691896));
#14612=CARTESIAN_POINT('',(6.625,0.0,2.40773502691896));
#14613=VECTOR('',#17496,1.0);
#14614=CARTESIAN_POINT('',(6.56726497308103,0.0,2.80773502691896));
#14615=CARTESIAN_POINT('',(6.56726497308103,0.0,2.74999999999999));
#14616=VECTOR('',#17497,1.0);
#14617=CARTESIAN_POINT('',(7.18273502691896,0.0,2.80773502691896));
#14618=CARTESIAN_POINT('',(7.125,0.0,2.80773502691896));
#14619=VECTOR('',#17498,1.0);
#14620=CARTESIAN_POINT('',(7.18273502691896,0.0,2.40773502691896));
#14621=CARTESIAN_POINT('',(7.18273502691896,0.0,2.34999999999999));
#14622=VECTOR('',#17499,1.0);
#14623=CARTESIAN_POINT('',(7.43273502691896,0.0,2.40773502691896));
#14624=CARTESIAN_POINT('',(7.375,0.0,2.40773502691896));
#14625=VECTOR('',#17500,1.0);
#14626=CARTESIAN_POINT('',(7.43273502691896,0.0,0.842264973081032));
#14627=CARTESIAN_POINT('',(7.43273502691896,0.0,0.899999999999995));
#14628=VECTOR('',#17501,1.0);
#14629=CARTESIAN_POINT('',(7.13273502691896,0.0,0.842264973081032));
#14630=CARTESIAN_POINT('',(7.075,0.0,0.842264973081032));
#14631=VECTOR('',#17502,1.0);
#14632=CARTESIAN_POINT('',(7.13273502691896,0.0,0.692264973081032));
#14633=CARTESIAN_POINT('',(7.13273502691896,0.0,0.749999999999995));
#14634=VECTOR('',#17503,1.0);
#14635=CARTESIAN_POINT('',(6.61726497308103,0.0,0.692264973081032));
#14636=CARTESIAN_POINT('',(6.675,0.0,0.692264973081032));
#14637=VECTOR('',#17504,1.0);
#14638=CARTESIAN_POINT('',(6.61726497308103,0.0,0.842264973081032));
#14639=CARTESIAN_POINT('',(6.61726497308103,0.0,0.899999999999995));
#14640=VECTOR('',#17505,1.0);
#14641=CARTESIAN_POINT('',(6.31726497308103,0.0,0.842264973081032));
#14642=CARTESIAN_POINT('',(6.375,0.0,0.842264973081032));
#14643=VECTOR('',#17506,1.0);
#14644=CARTESIAN_POINT('',(6.31726497308103,0.0,2.34999999999999));
#14645=VECTOR('',#17507,1.0);
#14646=CARTESIAN_POINT('',(7.56726497308103,0.0,2.40773502691896));
#14647=CARTESIAN_POINT('',(7.81726497308103,0.0,2.40773502691896));
#14648=CARTESIAN_POINT('',(7.87499999999999,0.0,2.40773502691896));
#14649=VECTOR('',#17508,1.0);
#14650=CARTESIAN_POINT('',(7.81726497308103,0.0,2.80773502691896));
#14651=CARTESIAN_POINT('',(7.81726497308103,0.0,2.74999999999999));
#14652=VECTOR('',#17509,1.0);
#14653=CARTESIAN_POINT('',(8.43273502691896,0.0,2.80773502691896));
#14654=CARTESIAN_POINT('',(8.375,0.0,2.80773502691896));
#14655=VECTOR('',#17510,1.0);
#14656=CARTESIAN_POINT('',(8.43273502691896,0.0,2.40773502691896));
#14657=CARTESIAN_POINT('',(8.43273502691896,0.0,2.34999999999999));
#14658=VECTOR('',#17511,1.0);
#14659=CARTESIAN_POINT('',(8.68273502691896,0.0,2.40773502691896));
#14660=CARTESIAN_POINT('',(8.625,0.0,2.40773502691896));
#14661=VECTOR('',#17512,1.0);
#14662=CARTESIAN_POINT('',(8.68273502691896,0.0,0.842264973081032));
#14663=CARTESIAN_POINT('',(8.68273502691896,0.0,0.899999999999995));
#14664=VECTOR('',#17513,1.0);
#14665=CARTESIAN_POINT('',(8.38273502691896,0.0,0.842264973081032));
#14666=CARTESIAN_POINT('',(8.325,0.0,0.842264973081032));
#14667=VECTOR('',#17514,1.0);
#14668=CARTESIAN_POINT('',(8.38273502691896,0.0,0.692264973081032));
#14669=CARTESIAN_POINT('',(8.38273502691896,0.0,0.749999999999995));
#14670=VECTOR('',#17515,1.0);
#14671=CARTESIAN_POINT('',(7.86726497308103,0.0,0.692264973081032));
#14672=CARTESIAN_POINT('',(7.925,0.0,0.692264973081032));
#14673=VECTOR('',#17516,1.0);
#14674=CARTESIAN_POINT('',(7.86726497308103,0.0,0.842264973081032));
#14675=CARTESIAN_POINT('',(7.86726497308103,0.0,0.899999999999995));
#14676=VECTOR('',#17517,1.0);
#14677=CARTESIAN_POINT('',(7.56726497308103,0.0,0.842264973081032));
#14678=CARTESIAN_POINT('',(7.625,0.0,0.842264973081032));
#14679=VECTOR('',#17518,1.0);
#14680=CARTESIAN_POINT('',(7.56726497308103,0.0,2.34999999999999));
#14681=VECTOR('',#17519,1.0);
#14682=CARTESIAN_POINT('',(7.325,0.8,3.2));
#14683=VECTOR('',#17520,1.0);
#14684=CARTESIAN_POINT('',(7.675,0.8,3.2));
#14685=VECTOR('',#17521,1.0);
#14686=CARTESIAN_POINT('',(8.975,3.7,1.85));
#14687=CARTESIAN_POINT('',(8.975,3.7,1.85));
#14688=VECTOR('',#17522,1.0);
#14689=CARTESIAN_POINT('',(8.975,3.7,1.35));
#14690=CARTESIAN_POINT('',(8.975,3.7,1.35));
#14691=VECTOR('',#17523,1.0);
#14692=CARTESIAN_POINT('',(8.975,3.7,1.35));
#14693=VECTOR('',#17524,1.0);
#14694=CARTESIAN_POINT('',(7.95,3.8,1.75));
#14695=CARTESIAN_POINT('',(7.95,3.8,0.45));
#14696=VECTOR('',#17525,1.0);
#14697=CARTESIAN_POINT('',(8.3,3.8,1.75));
#14698=CARTESIAN_POINT('',(7.95,3.8,1.75));
#14699=VECTOR('',#17526,1.0);
#14700=CARTESIAN_POINT('',(8.3,3.8,1.75));
#14701=VECTOR('',#17527,1.0);
#14702=CARTESIAN_POINT('',(7.625,0.1,2.34999999999999));
#14703=CARTESIAN_POINT('',(7.625,0.2,2.34999999999999));
#14704=CARTESIAN_POINT('',(7.625,0.2,2.34999999999999));
#14705=VECTOR('',#17528,1.0);
#14706=CARTESIAN_POINT('',(7.625,0.1,0.899999999999995));
#14707=CARTESIAN_POINT('',(7.625,0.1,0.899999999999995));
#14708=VECTOR('',#17529,1.0);
#14709=CARTESIAN_POINT('',(7.625,0.2,0.899999999999995));
#14710=CARTESIAN_POINT('',(7.625,0.2,0.899999999999995));
#14711=VECTOR('',#17530,1.0);
#14712=CARTESIAN_POINT('',(7.625,0.2,2.34999999999999));
#14713=VECTOR('',#17531,1.0);
#14714=CARTESIAN_POINT('',(7.925,0.1,0.899999999999995));
#14715=CARTESIAN_POINT('',(7.925,0.1,0.899999999999995));
#14716=VECTOR('',#17532,1.0);
#14717=CARTESIAN_POINT('',(7.925,0.2,0.899999999999995));
#14718=CARTESIAN_POINT('',(7.925,0.2,0.899999999999995));
#14719=VECTOR('',#17533,1.0);
#14720=CARTESIAN_POINT('',(7.625,0.2,0.899999999999995));
#14721=VECTOR('',#17534,1.0);
#14722=CARTESIAN_POINT('',(7.925,0.1,0.749999999999995));
#14723=CARTESIAN_POINT('',(7.925,0.1,0.749999999999995));
#14724=VECTOR('',#17535,1.0);
#14725=CARTESIAN_POINT('',(7.925,0.2,0.749999999999995));
#14726=CARTESIAN_POINT('',(7.925,0.2,0.749999999999995));
#14727=VECTOR('',#17536,1.0);
#14728=CARTESIAN_POINT('',(7.925,0.2,0.899999999999995));
#14729=VECTOR('',#17537,1.0);
#14730=CARTESIAN_POINT('',(8.325,0.1,0.749999999999995));
#14731=CARTESIAN_POINT('',(8.325,0.1,0.749999999999995));
#14732=VECTOR('',#17538,1.0);
#14733=CARTESIAN_POINT('',(8.325,0.2,0.749999999999995));
#14734=CARTESIAN_POINT('',(8.325,0.2,0.749999999999995));
#14735=VECTOR('',#17539,1.0);
#14736=CARTESIAN_POINT('',(7.925,0.2,0.749999999999995));
#14737=VECTOR('',#17540,1.0);
#14738=CARTESIAN_POINT('',(8.325,0.1,0.899999999999995));
#14739=CARTESIAN_POINT('',(8.325,0.1,0.899999999999995));
#14740=VECTOR('',#17541,1.0);
#14741=CARTESIAN_POINT('',(8.325,0.2,0.899999999999995));
#14742=CARTESIAN_POINT('',(8.325,0.2,0.899999999999995));
#14743=VECTOR('',#17542,1.0);
#14744=CARTESIAN_POINT('',(8.325,0.2,0.749999999999995));
#14745=VECTOR('',#17543,1.0);
#14746=CARTESIAN_POINT('',(8.625,0.1,0.899999999999995));
#14747=CARTESIAN_POINT('',(8.625,0.1,0.899999999999995));
#14748=VECTOR('',#17544,1.0);
#14749=CARTESIAN_POINT('',(8.625,0.2,0.899999999999995));
#14750=CARTESIAN_POINT('',(8.625,0.2,0.899999999999995));
#14751=VECTOR('',#17545,1.0);
#14752=CARTESIAN_POINT('',(8.325,0.2,0.899999999999995));
#14753=VECTOR('',#17546,1.0);
#14754=CARTESIAN_POINT('',(8.625,0.1,2.34999999999999));
#14755=CARTESIAN_POINT('',(8.625,0.1,2.34999999999999));
#14756=VECTOR('',#17547,1.0);
#14757=CARTESIAN_POINT('',(8.625,0.2,2.34999999999999));
#14758=CARTESIAN_POINT('',(8.625,0.2,2.34999999999999));
#14759=VECTOR('',#17548,1.0);
#14760=CARTESIAN_POINT('',(8.625,0.2,0.899999999999995));
#14761=VECTOR('',#17549,1.0);
#14762=CARTESIAN_POINT('',(8.375,0.1,2.34999999999999));
#14763=CARTESIAN_POINT('',(8.375,0.1,2.34999999999999));
#14764=VECTOR('',#17550,1.0);
#14765=CARTESIAN_POINT('',(8.375,0.2,2.34999999999999));
#14766=CARTESIAN_POINT('',(8.375,0.2,2.34999999999999));
#14767=VECTOR('',#17551,1.0);
#14768=CARTESIAN_POINT('',(8.625,0.2,2.34999999999999));
#14769=VECTOR('',#17552,1.0);
#14770=CARTESIAN_POINT('',(8.375,0.1,2.74999999999999));
#14771=CARTESIAN_POINT('',(8.375,0.1,2.74999999999999));
#14772=VECTOR('',#17553,1.0);
#14773=CARTESIAN_POINT('',(8.375,0.2,2.74999999999999));
#14774=CARTESIAN_POINT('',(8.375,0.2,2.74999999999999));
#14775=VECTOR('',#17554,1.0);
#14776=CARTESIAN_POINT('',(8.375,0.2,2.34999999999999));
#14777=VECTOR('',#17555,1.0);
#14778=CARTESIAN_POINT('',(7.875,0.1,2.74999999999999));
#14779=CARTESIAN_POINT('',(7.875,0.1,2.74999999999999));
#14780=VECTOR('',#17556,1.0);
#14781=CARTESIAN_POINT('',(7.875,0.2,2.74999999999999));
#14782=CARTESIAN_POINT('',(7.875,0.2,2.74999999999999));
#14783=VECTOR('',#17557,1.0);
#14784=CARTESIAN_POINT('',(8.375,0.2,2.74999999999999));
#14785=VECTOR('',#17558,1.0);
#14786=CARTESIAN_POINT('',(7.875,0.1,2.34999999999999));
#14787=CARTESIAN_POINT('',(7.875,0.1,2.34999999999999));
#14788=VECTOR('',#17559,1.0);
#14789=CARTESIAN_POINT('',(7.875,0.2,2.34999999999999));
#14790=CARTESIAN_POINT('',(7.875,0.2,2.34999999999999));
#14791=VECTOR('',#17560,1.0);
#14792=CARTESIAN_POINT('',(7.875,0.2,2.74999999999999));
#14793=VECTOR('',#17561,1.0);
#14794=CARTESIAN_POINT('',(7.625,0.1,2.34999999999999));
#14795=VECTOR('',#17562,1.0);
#14796=CARTESIAN_POINT('',(7.875,0.2,2.34999999999999));
#14797=VECTOR('',#17563,1.0);
#14798=CARTESIAN_POINT('',(7.925,3.6,-1.21));
#14799=VECTOR('',#17564,1.0);
#14800=CARTESIAN_POINT('',(7.925,3.2,-1.21));
#14801=VECTOR('',#17565,1.0);
#14802=CARTESIAN_POINT('',(8.325,3.6,-1.21));
#14803=VECTOR('',#17566,1.0);
#14804=CARTESIAN_POINT('',(8.325,3.2,-1.21));
#14805=VECTOR('',#17567,1.0);
#14806=CARTESIAN_POINT('',(8.325,0.1,0.749999999999995));
#14807=VECTOR('',#17568,1.0);
#14808=CARTESIAN_POINT('',(8.355,0.048038475772934,0.869999999999995));
#14809=VECTOR('',#17569,1.0);
#14810=CARTESIAN_POINT('',(8.625,0.1,0.899999999999995));
#14811=VECTOR('',#17570,1.0);
#14812=CARTESIAN_POINT('',(7.925,0.1,0.749999999999995));
#14813=VECTOR('',#17571,1.0);
#14814=CARTESIAN_POINT('',(8.625,0.1,2.34999999999999));
#14815=VECTOR('',#17572,1.0);
#14816=CARTESIAN_POINT('',(7.865,-0.00392304845413155,0.839999999999995));
#14817=VECTOR('',#17573,1.0);
#14818=CARTESIAN_POINT('',(8.425,0.0133974596215553,2.4));
#14819=VECTOR('',#17574,1.0);
#14820=CARTESIAN_POINT('',(7.625,0.1,0.899999999999995));
#14821=VECTOR('',#17575,1.0);
#14822=CARTESIAN_POINT('',(8.375,0.1,2.74999999999999));
#14823=VECTOR('',#17576,1.0);
#14824=CARTESIAN_POINT('',(7.625,0.1,2.34999999999999));
#14825=VECTOR('',#17577,1.0);
#14826=CARTESIAN_POINT('',(7.875,0.1,2.74999999999999));
#14827=VECTOR('',#17578,1.0);
#14828=CARTESIAN_POINT('',(7.875,0.1,2.34999999999999));
#14829=VECTOR('',#17579,1.0);
#14830=CARTESIAN_POINT('',(7.95,3.8,1.75));
#14831=VECTOR('',#17580,1.0);
#14832=CARTESIAN_POINT('',(8.3,3.8,1.75));
#14833=VECTOR('',#17581,1.0);
#14834=CARTESIAN_POINT('',(9.275,3.18038475772934,1.9));
#14835=CARTESIAN_POINT('',(9.275,3.7,1.9));
#14836=VECTOR('',#17582,1.0);
#14837=CARTESIAN_POINT('',(8.89844827586207,3.83259147561389,1.83724137931034));
#14838=VECTOR('',#17583,1.0);
#14839=CARTESIAN_POINT('',(9.275,3.18038475772934,1.3));
#14840=CARTESIAN_POINT('',(9.275,3.7,1.3));
#14841=VECTOR('',#17584,1.0);
#14842=CARTESIAN_POINT('',(9.275,3.18038475772934,1.9));
#14843=VECTOR('',#17585,1.0);
#14844=CARTESIAN_POINT('',(9.03086206896552,3.60324405833581,1.34068965517241));
#14845=VECTOR('',#17586,1.0);
#14846=CARTESIAN_POINT('',(-9.275,3.18038475772934,1.9));
#14847=CARTESIAN_POINT('',(-9.275,3.7,1.9));
#14848=VECTOR('',#17587,1.0);
#14849=CARTESIAN_POINT('',(-9.275,3.18038475772934,1.3));
#14850=CARTESIAN_POINT('',(-9.275,3.18038475772934,1.3));
#14851=VECTOR('',#17588,1.0);
#14852=CARTESIAN_POINT('',(-9.275,3.7,1.3));
#14853=VECTOR('',#17589,1.0);
#14854=CARTESIAN_POINT('',(-8.89844827586207,3.83259147561389,1.83724137931035));
#14855=VECTOR('',#17590,1.0);
#14856=CARTESIAN_POINT('',(-9.03086206896552,3.60324405833581,1.34068965517241));
#14857=VECTOR('',#17591,1.0);
#14858=CARTESIAN_POINT('',(7.05,2.85,0.199999999999999));
#14859=CARTESIAN_POINT('',(7.05,2.9,0.2));
#14860=CARTESIAN_POINT('',(7.05,2.5,0.199999999999999));
#14861=VECTOR('',#17592,1.0);
#14862=CARTESIAN_POINT('',(7.05,2.85,0.199999999999999));
#14863=VECTOR('',#17593,1.0);
#14864=CARTESIAN_POINT('',(7.05,2.9,0.200000000000001));
#14865=VECTOR('',#17594,1.0);
#14866=CARTESIAN_POINT('',(7.95,2.85,0.199999999999999));
#14867=CARTESIAN_POINT('',(7.95,2.85,0.199999999999999));
#14868=VECTOR('',#17595,1.0);
#14869=CARTESIAN_POINT('',(7.95,2.9,0.2));
#14870=CARTESIAN_POINT('',(7.95,3.6,0.2));
#14871=VECTOR('',#17596,1.0);
#14872=CARTESIAN_POINT('',(7.95,2.9,0.200000000000001));
#14873=VECTOR('',#17597,1.0);
#14874=CARTESIAN_POINT('',(7.05,2.85,0.199999999999999));
#14875=VECTOR('',#17598,1.0);
#14876=CARTESIAN_POINT('',(7.95,2.9,0.2));
#14877=VECTOR('',#17599,1.0);
#14878=AXIS2_PLACEMENT_3D('',#17600,#17601,#17602);
#14879=AXIS2_PLACEMENT_3D('',#17603,#17604,#17605);
#14880=AXIS2_PLACEMENT_3D('',#17606,#17607,#17608);
#14881=AXIS2_PLACEMENT_3D('',#17609,#17610,#17611);
#14882=CARTESIAN_POINT('',(-8.3,3.8,1.75));
#14883=CARTESIAN_POINT('',(-8.3,3.8,0.45));
#14884=VECTOR('',#17612,1.0);
#14885=CARTESIAN_POINT('',(-7.95,3.8,1.75));
#14886=CARTESIAN_POINT('',(-8.3,3.8,1.75));
#14887=VECTOR('',#17613,1.0);
#14888=CARTESIAN_POINT('',(-7.95,3.8,1.75));
#14889=VECTOR('',#17614,1.0);
#14890=CARTESIAN_POINT('',(-7.05,3.8,1.75));
#14891=CARTESIAN_POINT('',(-7.05,3.8,0.45));
#14892=VECTOR('',#17615,1.0);
#14893=CARTESIAN_POINT('',(-6.7,3.8,1.75));
#14894=CARTESIAN_POINT('',(-7.05,3.8,1.75));
#14895=VECTOR('',#17616,1.0);
#14896=CARTESIAN_POINT('',(-6.7,3.8,1.75));
#14897=VECTOR('',#17617,1.0);
#14898=CARTESIAN_POINT('',(-5.8,3.8,1.75));
#14899=CARTESIAN_POINT('',(-5.8,3.8,0.45));
#14900=VECTOR('',#17618,1.0);
#14901=CARTESIAN_POINT('',(-5.45,3.8,1.75));
#14902=CARTESIAN_POINT('',(-5.8,3.8,1.75));
#14903=VECTOR('',#17619,1.0);
#14904=CARTESIAN_POINT('',(-5.45,3.8,1.75));
#14905=VECTOR('',#17620,1.0);
#14906=CARTESIAN_POINT('',(-4.55,3.8,1.75));
#14907=CARTESIAN_POINT('',(-4.55,3.8,0.45));
#14908=VECTOR('',#17621,1.0);
#14909=CARTESIAN_POINT('',(-4.2,3.8,1.75));
#14910=CARTESIAN_POINT('',(-4.55,3.8,1.75));
#14911=VECTOR('',#17622,1.0);
#14912=CARTESIAN_POINT('',(-4.2,3.8,1.75));
#14913=VECTOR('',#17623,1.0);
#14914=CARTESIAN_POINT('',(-3.3,3.8,1.75));
#14915=CARTESIAN_POINT('',(-3.3,3.8,0.45));
#14916=VECTOR('',#17624,1.0);
#14917=CARTESIAN_POINT('',(-2.95,3.8,1.75));
#14918=CARTESIAN_POINT('',(-3.3,3.8,1.75));
#14919=VECTOR('',#17625,1.0);
#14920=CARTESIAN_POINT('',(-2.95,3.8,1.75));
#14921=VECTOR('',#17626,1.0);
#14922=CARTESIAN_POINT('',(-2.05,3.8,1.75));
#14923=CARTESIAN_POINT('',(-2.05,3.8,0.45));
#14924=VECTOR('',#17627,1.0);
#14925=CARTESIAN_POINT('',(-1.7,3.8,1.75));
#14926=CARTESIAN_POINT('',(-2.05,3.8,1.75));
#14927=VECTOR('',#17628,1.0);
#14928=CARTESIAN_POINT('',(-1.7,3.8,1.75));
#14929=VECTOR('',#17629,1.0);
#14930=CARTESIAN_POINT('',(-0.8,3.8,1.75));
#14931=CARTESIAN_POINT('',(-0.8,3.8,0.45));
#14932=VECTOR('',#17630,1.0);
#14933=CARTESIAN_POINT('',(-0.450000000000001,3.8,1.75));
#14934=CARTESIAN_POINT('',(-0.8,3.8,1.75));
#14935=VECTOR('',#17631,1.0);
#14936=CARTESIAN_POINT('',(-0.450000000000001,3.8,1.75));
#14937=VECTOR('',#17632,1.0);
#14938=CARTESIAN_POINT('',(0.450000000000001,3.8,1.75));
#14939=CARTESIAN_POINT('',(0.450000000000001,3.8,0.45));
#14940=VECTOR('',#17633,1.0);
#14941=CARTESIAN_POINT('',(0.8,3.8,1.75));
#14942=CARTESIAN_POINT('',(0.450000000000001,3.8,1.75));
#14943=VECTOR('',#17634,1.0);
#14944=CARTESIAN_POINT('',(0.8,3.8,1.75));
#14945=VECTOR('',#17635,1.0);
#14946=CARTESIAN_POINT('',(1.7,3.8,1.75));
#14947=CARTESIAN_POINT('',(1.7,3.8,0.45));
#14948=VECTOR('',#17636,1.0);
#14949=CARTESIAN_POINT('',(2.05,3.8,1.75));
#14950=CARTESIAN_POINT('',(1.7,3.8,1.75));
#14951=VECTOR('',#17637,1.0);
#14952=CARTESIAN_POINT('',(2.05,3.8,1.75));
#14953=VECTOR('',#17638,1.0);
#14954=CARTESIAN_POINT('',(2.95,3.8,1.75));
#14955=CARTESIAN_POINT('',(2.95,3.8,0.45));
#14956=VECTOR('',#17639,1.0);
#14957=CARTESIAN_POINT('',(3.3,3.8,1.75));
#14958=CARTESIAN_POINT('',(2.95,3.8,1.75));
#14959=VECTOR('',#17640,1.0);
#14960=CARTESIAN_POINT('',(3.3,3.8,1.75));
#14961=VECTOR('',#17641,1.0);
#14962=CARTESIAN_POINT('',(4.2,3.8,1.75));
#14963=CARTESIAN_POINT('',(4.2,3.8,0.45));
#14964=VECTOR('',#17642,1.0);
#14965=CARTESIAN_POINT('',(4.55,3.8,1.75));
#14966=CARTESIAN_POINT('',(4.2,3.8,1.75));
#14967=VECTOR('',#17643,1.0);
#14968=CARTESIAN_POINT('',(4.55,3.8,1.75));
#14969=VECTOR('',#17644,1.0);
#14970=CARTESIAN_POINT('',(5.45,3.8,1.75));
#14971=CARTESIAN_POINT('',(5.45,3.8,0.45));
#14972=VECTOR('',#17645,1.0);
#14973=CARTESIAN_POINT('',(5.8,3.8,1.75));
#14974=CARTESIAN_POINT('',(5.45,3.8,1.75));
#14975=VECTOR('',#17646,1.0);
#14976=CARTESIAN_POINT('',(5.8,3.8,1.75));
#14977=VECTOR('',#17647,1.0);
#14978=CARTESIAN_POINT('',(6.7,3.8,1.75));
#14979=CARTESIAN_POINT('',(6.7,3.8,0.45));
#14980=VECTOR('',#17648,1.0);
#14981=CARTESIAN_POINT('',(7.05,3.8,1.75));
#14982=CARTESIAN_POINT('',(6.7,3.8,1.75));
#14983=VECTOR('',#17649,1.0);
#14984=CARTESIAN_POINT('',(7.05,3.8,1.75));
#14985=VECTOR('',#17650,1.0);
#14986=CARTESIAN_POINT('',(-8.625,0.2,2.34999999999999));
#14987=CARTESIAN_POINT('',(-8.625,0.1,2.34999999999999));
#14988=CARTESIAN_POINT('',(-8.625,0.2,2.34999999999999));
#14989=VECTOR('',#17651,1.0);
#14990=CARTESIAN_POINT('',(-8.625,0.1,0.899999999999995));
#14991=CARTESIAN_POINT('',(-8.625,0.1,0.899999999999995));
#14992=VECTOR('',#17652,1.0);
#14993=CARTESIAN_POINT('',(-8.625,0.2,0.899999999999995));
#14994=CARTESIAN_POINT('',(-8.625,0.2,0.899999999999995));
#14995=VECTOR('',#17653,1.0);
#14996=CARTESIAN_POINT('',(-8.625,0.2,2.34999999999999));
#14997=VECTOR('',#17654,1.0);
#14998=CARTESIAN_POINT('',(-8.325,0.1,0.899999999999995));
#14999=CARTESIAN_POINT('',(-8.325,0.1,0.899999999999995));
#15000=VECTOR('',#17655,1.0);
#15001=CARTESIAN_POINT('',(-8.325,0.2,0.899999999999995));
#15002=CARTESIAN_POINT('',(-8.325,0.2,0.899999999999995));
#15003=VECTOR('',#17656,1.0);
#15004=CARTESIAN_POINT('',(-8.625,0.2,0.899999999999995));
#15005=VECTOR('',#17657,1.0);
#15006=CARTESIAN_POINT('',(-8.325,0.1,0.749999999999995));
#15007=CARTESIAN_POINT('',(-8.325,0.1,0.749999999999995));
#15008=VECTOR('',#17658,1.0);
#15009=CARTESIAN_POINT('',(-8.325,0.2,0.749999999999995));
#15010=CARTESIAN_POINT('',(-8.325,0.2,0.749999999999995));
#15011=VECTOR('',#17659,1.0);
#15012=CARTESIAN_POINT('',(-8.325,0.2,0.899999999999995));
#15013=VECTOR('',#17660,1.0);
#15014=CARTESIAN_POINT('',(-7.92500000000001,0.1,0.749999999999995));
#15015=CARTESIAN_POINT('',(-7.92500000000001,0.1,0.749999999999995));
#15016=VECTOR('',#17661,1.0);
#15017=CARTESIAN_POINT('',(-7.92500000000001,0.2,0.749999999999995));
#15018=CARTESIAN_POINT('',(-7.92500000000001,0.2,0.749999999999995));
#15019=VECTOR('',#17662,1.0);
#15020=CARTESIAN_POINT('',(-8.325,0.2,0.749999999999995));
#15021=VECTOR('',#17663,1.0);
#15022=CARTESIAN_POINT('',(-7.92500000000001,0.1,0.899999999999995));
#15023=CARTESIAN_POINT('',(-7.92500000000001,0.1,0.899999999999995));
#15024=VECTOR('',#17664,1.0);
#15025=CARTESIAN_POINT('',(-7.92500000000001,0.2,0.899999999999995));
#15026=CARTESIAN_POINT('',(-7.92500000000001,0.2,0.899999999999995));
#15027=VECTOR('',#17665,1.0);
#15028=CARTESIAN_POINT('',(-7.92500000000001,0.2,0.749999999999995));
#15029=VECTOR('',#17666,1.0);
#15030=CARTESIAN_POINT('',(-7.625,0.1,0.899999999999995));
#15031=CARTESIAN_POINT('',(-7.625,0.1,0.899999999999995));
#15032=VECTOR('',#17667,1.0);
#15033=CARTESIAN_POINT('',(-7.625,0.2,0.899999999999995));
#15034=CARTESIAN_POINT('',(-7.625,0.2,0.899999999999995));
#15035=VECTOR('',#17668,1.0);
#15036=CARTESIAN_POINT('',(-7.92500000000001,0.2,0.899999999999995));
#15037=VECTOR('',#17669,1.0);
#15038=CARTESIAN_POINT('',(-7.625,0.1,2.34999999999999));
#15039=CARTESIAN_POINT('',(-7.625,0.1,2.34999999999999));
#15040=VECTOR('',#17670,1.0);
#15041=CARTESIAN_POINT('',(-7.625,0.2,2.34999999999999));
#15042=CARTESIAN_POINT('',(-7.625,0.2,2.34999999999999));
#15043=VECTOR('',#17671,1.0);
#15044=CARTESIAN_POINT('',(-7.625,0.2,0.899999999999995));
#15045=VECTOR('',#17672,1.0);
#15046=CARTESIAN_POINT('',(-7.875,0.1,2.34999999999999));
#15047=CARTESIAN_POINT('',(-7.875,0.1,2.34999999999999));
#15048=VECTOR('',#17673,1.0);
#15049=CARTESIAN_POINT('',(-7.875,0.2,2.34999999999999));
#15050=CARTESIAN_POINT('',(-7.875,0.2,2.34999999999999));
#15051=VECTOR('',#17674,1.0);
#15052=CARTESIAN_POINT('',(-7.625,0.2,2.34999999999999));
#15053=VECTOR('',#17675,1.0);
#15054=CARTESIAN_POINT('',(-7.875,0.1,2.74999999999999));
#15055=CARTESIAN_POINT('',(-7.875,0.1,2.74999999999999));
#15056=VECTOR('',#17676,1.0);
#15057=CARTESIAN_POINT('',(-7.875,0.2,2.74999999999999));
#15058=CARTESIAN_POINT('',(-7.875,0.2,2.74999999999999));
#15059=VECTOR('',#17677,1.0);
#15060=CARTESIAN_POINT('',(-7.875,0.2,2.34999999999999));
#15061=VECTOR('',#17678,1.0);
#15062=CARTESIAN_POINT('',(-8.375,0.1,2.74999999999999));
#15063=CARTESIAN_POINT('',(-8.375,0.1,2.74999999999999));
#15064=VECTOR('',#17679,1.0);
#15065=CARTESIAN_POINT('',(-8.375,0.2,2.74999999999999));
#15066=CARTESIAN_POINT('',(-8.375,0.2,2.74999999999999));
#15067=VECTOR('',#17680,1.0);
#15068=CARTESIAN_POINT('',(-7.875,0.2,2.74999999999999));
#15069=VECTOR('',#17681,1.0);
#15070=CARTESIAN_POINT('',(-8.375,0.1,2.34999999999999));
#15071=CARTESIAN_POINT('',(-8.375,0.1,2.34999999999999));
#15072=VECTOR('',#17682,1.0);
#15073=CARTESIAN_POINT('',(-8.375,0.2,2.34999999999999));
#15074=CARTESIAN_POINT('',(-8.375,0.2,2.34999999999999));
#15075=VECTOR('',#17683,1.0);
#15076=CARTESIAN_POINT('',(-8.375,0.2,2.74999999999999));
#15077=VECTOR('',#17684,1.0);
#15078=CARTESIAN_POINT('',(-8.625,0.1,2.34999999999999));
#15079=VECTOR('',#17685,1.0);
#15080=CARTESIAN_POINT('',(-8.375,0.2,2.34999999999999));
#15081=VECTOR('',#17686,1.0);
#15082=CARTESIAN_POINT('',(-7.375,0.2,2.34999999999999));
#15083=CARTESIAN_POINT('',(-7.375,0.1,2.34999999999999));
#15084=CARTESIAN_POINT('',(-7.375,0.2,2.34999999999999));
#15085=VECTOR('',#17687,1.0);
#15086=CARTESIAN_POINT('',(-7.375,0.1,0.899999999999995));
#15087=CARTESIAN_POINT('',(-7.375,0.1,0.899999999999995));
#15088=VECTOR('',#17688,1.0);
#15089=CARTESIAN_POINT('',(-7.375,0.2,0.899999999999995));
#15090=CARTESIAN_POINT('',(-7.375,0.2,0.899999999999995));
#15091=VECTOR('',#17689,1.0);
#15092=CARTESIAN_POINT('',(-7.375,0.2,2.34999999999999));
#15093=VECTOR('',#17690,1.0);
#15094=CARTESIAN_POINT('',(-7.075,0.1,0.899999999999995));
#15095=CARTESIAN_POINT('',(-7.075,0.1,0.899999999999995));
#15096=VECTOR('',#17691,1.0);
#15097=CARTESIAN_POINT('',(-7.075,0.2,0.899999999999995));
#15098=CARTESIAN_POINT('',(-7.075,0.2,0.899999999999995));
#15099=VECTOR('',#17692,1.0);
#15100=CARTESIAN_POINT('',(-7.375,0.2,0.899999999999995));
#15101=VECTOR('',#17693,1.0);
#15102=CARTESIAN_POINT('',(-7.075,0.1,0.749999999999995));
#15103=CARTESIAN_POINT('',(-7.075,0.1,0.749999999999995));
#15104=VECTOR('',#17694,1.0);
#15105=CARTESIAN_POINT('',(-7.075,0.2,0.749999999999995));
#15106=CARTESIAN_POINT('',(-7.075,0.2,0.749999999999995));
#15107=VECTOR('',#17695,1.0);
#15108=CARTESIAN_POINT('',(-7.075,0.2,0.899999999999995));
#15109=VECTOR('',#17696,1.0);
#15110=CARTESIAN_POINT('',(-6.675,0.1,0.749999999999995));
#15111=CARTESIAN_POINT('',(-6.675,0.1,0.749999999999995));
#15112=VECTOR('',#17697,1.0);
#15113=CARTESIAN_POINT('',(-6.675,0.2,0.749999999999995));
#15114=CARTESIAN_POINT('',(-6.675,0.2,0.749999999999995));
#15115=VECTOR('',#17698,1.0);
#15116=CARTESIAN_POINT('',(-7.075,0.2,0.749999999999995));
#15117=VECTOR('',#17699,1.0);
#15118=CARTESIAN_POINT('',(-6.675,0.1,0.899999999999995));
#15119=CARTESIAN_POINT('',(-6.675,0.1,0.899999999999995));
#15120=VECTOR('',#17700,1.0);
#15121=CARTESIAN_POINT('',(-6.675,0.2,0.899999999999995));
#15122=CARTESIAN_POINT('',(-6.675,0.2,0.899999999999995));
#15123=VECTOR('',#17701,1.0);
#15124=CARTESIAN_POINT('',(-6.675,0.2,0.749999999999995));
#15125=VECTOR('',#17702,1.0);
#15126=CARTESIAN_POINT('',(-6.375,0.1,0.899999999999995));
#15127=CARTESIAN_POINT('',(-6.375,0.1,0.899999999999995));
#15128=VECTOR('',#17703,1.0);
#15129=CARTESIAN_POINT('',(-6.375,0.2,0.899999999999995));
#15130=CARTESIAN_POINT('',(-6.375,0.2,0.899999999999995));
#15131=VECTOR('',#17704,1.0);
#15132=CARTESIAN_POINT('',(-6.675,0.2,0.899999999999995));
#15133=VECTOR('',#17705,1.0);
#15134=CARTESIAN_POINT('',(-6.375,0.1,2.34999999999999));
#15135=CARTESIAN_POINT('',(-6.375,0.1,2.34999999999999));
#15136=VECTOR('',#17706,1.0);
#15137=CARTESIAN_POINT('',(-6.375,0.2,2.34999999999999));
#15138=CARTESIAN_POINT('',(-6.375,0.2,2.34999999999999));
#15139=VECTOR('',#17707,1.0);
#15140=CARTESIAN_POINT('',(-6.375,0.2,0.899999999999995));
#15141=VECTOR('',#17708,1.0);
#15142=CARTESIAN_POINT('',(-6.625,0.1,2.34999999999999));
#15143=CARTESIAN_POINT('',(-6.625,0.1,2.34999999999999));
#15144=VECTOR('',#17709,1.0);
#15145=CARTESIAN_POINT('',(-6.625,0.2,2.34999999999999));
#15146=CARTESIAN_POINT('',(-6.625,0.2,2.34999999999999));
#15147=VECTOR('',#17710,1.0);
#15148=CARTESIAN_POINT('',(-6.375,0.2,2.34999999999999));
#15149=VECTOR('',#17711,1.0);
#15150=CARTESIAN_POINT('',(-6.625,0.1,2.74999999999999));
#15151=CARTESIAN_POINT('',(-6.625,0.1,2.74999999999999));
#15152=VECTOR('',#17712,1.0);
#15153=CARTESIAN_POINT('',(-6.625,0.2,2.74999999999999));
#15154=CARTESIAN_POINT('',(-6.625,0.2,2.74999999999999));
#15155=VECTOR('',#17713,1.0);
#15156=CARTESIAN_POINT('',(-6.625,0.2,2.34999999999999));
#15157=VECTOR('',#17714,1.0);
#15158=CARTESIAN_POINT('',(-7.125,0.1,2.74999999999999));
#15159=CARTESIAN_POINT('',(-7.125,0.1,2.74999999999999));
#15160=VECTOR('',#17715,1.0);
#15161=CARTESIAN_POINT('',(-7.125,0.2,2.74999999999999));
#15162=CARTESIAN_POINT('',(-7.125,0.2,2.74999999999999));
#15163=VECTOR('',#17716,1.0);
#15164=CARTESIAN_POINT('',(-6.625,0.2,2.74999999999999));
#15165=VECTOR('',#17717,1.0);
#15166=CARTESIAN_POINT('',(-7.125,0.1,2.34999999999999));
#15167=CARTESIAN_POINT('',(-7.125,0.1,2.34999999999999));
#15168=VECTOR('',#17718,1.0);
#15169=CARTESIAN_POINT('',(-7.125,0.2,2.34999999999999));
#15170=CARTESIAN_POINT('',(-7.125,0.2,2.34999999999999));
#15171=VECTOR('',#17719,1.0);
#15172=CARTESIAN_POINT('',(-7.125,0.2,2.74999999999999));
#15173=VECTOR('',#17720,1.0);
#15174=CARTESIAN_POINT('',(-7.375,0.1,2.34999999999999));
#15175=VECTOR('',#17721,1.0);
#15176=CARTESIAN_POINT('',(-7.125,0.2,2.34999999999999));
#15177=VECTOR('',#17722,1.0);
#15178=CARTESIAN_POINT('',(-6.125,0.2,2.34999999999999));
#15179=CARTESIAN_POINT('',(-6.125,0.1,2.34999999999999));
#15180=CARTESIAN_POINT('',(-6.125,0.2,2.34999999999999));
#15181=VECTOR('',#17723,1.0);
#15182=CARTESIAN_POINT('',(-6.125,0.1,0.899999999999995));
#15183=CARTESIAN_POINT('',(-6.125,0.1,0.899999999999995));
#15184=VECTOR('',#17724,1.0);
#15185=CARTESIAN_POINT('',(-6.125,0.2,0.899999999999995));
#15186=CARTESIAN_POINT('',(-6.125,0.2,0.899999999999995));
#15187=VECTOR('',#17725,1.0);
#15188=CARTESIAN_POINT('',(-6.125,0.2,2.34999999999999));
#15189=VECTOR('',#17726,1.0);
#15190=CARTESIAN_POINT('',(-5.825,0.1,0.899999999999995));
#15191=CARTESIAN_POINT('',(-5.825,0.1,0.899999999999995));
#15192=VECTOR('',#17727,1.0);
#15193=CARTESIAN_POINT('',(-5.825,0.2,0.899999999999995));
#15194=CARTESIAN_POINT('',(-5.825,0.2,0.899999999999995));
#15195=VECTOR('',#17728,1.0);
#15196=CARTESIAN_POINT('',(-6.125,0.2,0.899999999999995));
#15197=VECTOR('',#17729,1.0);
#15198=CARTESIAN_POINT('',(-5.825,0.1,0.749999999999995));
#15199=CARTESIAN_POINT('',(-5.825,0.1,0.749999999999995));
#15200=VECTOR('',#17730,1.0);
#15201=CARTESIAN_POINT('',(-5.825,0.2,0.749999999999995));
#15202=CARTESIAN_POINT('',(-5.825,0.2,0.749999999999995));
#15203=VECTOR('',#17731,1.0);
#15204=CARTESIAN_POINT('',(-5.825,0.2,0.899999999999995));
#15205=VECTOR('',#17732,1.0);
#15206=CARTESIAN_POINT('',(-5.425,0.1,0.749999999999995));
#15207=CARTESIAN_POINT('',(-5.425,0.1,0.749999999999995));
#15208=VECTOR('',#17733,1.0);
#15209=CARTESIAN_POINT('',(-5.425,0.2,0.749999999999995));
#15210=CARTESIAN_POINT('',(-5.425,0.2,0.749999999999995));
#15211=VECTOR('',#17734,1.0);
#15212=CARTESIAN_POINT('',(-5.825,0.2,0.749999999999995));
#15213=VECTOR('',#17735,1.0);
#15214=CARTESIAN_POINT('',(-5.425,0.1,0.899999999999995));
#15215=CARTESIAN_POINT('',(-5.425,0.1,0.899999999999995));
#15216=VECTOR('',#17736,1.0);
#15217=CARTESIAN_POINT('',(-5.425,0.2,0.899999999999995));
#15218=CARTESIAN_POINT('',(-5.425,0.2,0.899999999999995));
#15219=VECTOR('',#17737,1.0);
#15220=CARTESIAN_POINT('',(-5.425,0.2,0.749999999999995));
#15221=VECTOR('',#17738,1.0);
#15222=CARTESIAN_POINT('',(-5.125,0.1,0.899999999999995));
#15223=CARTESIAN_POINT('',(-5.125,0.1,0.899999999999995));
#15224=VECTOR('',#17739,1.0);
#15225=CARTESIAN_POINT('',(-5.125,0.2,0.899999999999995));
#15226=CARTESIAN_POINT('',(-5.125,0.2,0.899999999999995));
#15227=VECTOR('',#17740,1.0);
#15228=CARTESIAN_POINT('',(-5.425,0.2,0.899999999999995));
#15229=VECTOR('',#17741,1.0);
#15230=CARTESIAN_POINT('',(-5.125,0.1,2.34999999999999));
#15231=CARTESIAN_POINT('',(-5.125,0.1,2.34999999999999));
#15232=VECTOR('',#17742,1.0);
#15233=CARTESIAN_POINT('',(-5.125,0.2,2.34999999999999));
#15234=CARTESIAN_POINT('',(-5.125,0.2,2.34999999999999));
#15235=VECTOR('',#17743,1.0);
#15236=CARTESIAN_POINT('',(-5.125,0.2,0.899999999999995));
#15237=VECTOR('',#17744,1.0);
#15238=CARTESIAN_POINT('',(-5.375,0.1,2.34999999999999));
#15239=CARTESIAN_POINT('',(-5.375,0.1,2.34999999999999));
#15240=VECTOR('',#17745,1.0);
#15241=CARTESIAN_POINT('',(-5.375,0.2,2.34999999999999));
#15242=CARTESIAN_POINT('',(-5.375,0.2,2.34999999999999));
#15243=VECTOR('',#17746,1.0);
#15244=CARTESIAN_POINT('',(-5.125,0.2,2.34999999999999));
#15245=VECTOR('',#17747,1.0);
#15246=CARTESIAN_POINT('',(-5.375,0.1,2.74999999999999));
#15247=CARTESIAN_POINT('',(-5.375,0.1,2.74999999999999));
#15248=VECTOR('',#17748,1.0);
#15249=CARTESIAN_POINT('',(-5.375,0.2,2.74999999999999));
#15250=CARTESIAN_POINT('',(-5.375,0.2,2.74999999999999));
#15251=VECTOR('',#17749,1.0);
#15252=CARTESIAN_POINT('',(-5.375,0.2,2.34999999999999));
#15253=VECTOR('',#17750,1.0);
#15254=CARTESIAN_POINT('',(-5.875,0.1,2.74999999999999));
#15255=CARTESIAN_POINT('',(-5.875,0.1,2.74999999999999));
#15256=VECTOR('',#17751,1.0);
#15257=CARTESIAN_POINT('',(-5.875,0.2,2.74999999999999));
#15258=CARTESIAN_POINT('',(-5.875,0.2,2.74999999999999));
#15259=VECTOR('',#17752,1.0);
#15260=CARTESIAN_POINT('',(-5.375,0.2,2.74999999999999));
#15261=VECTOR('',#17753,1.0);
#15262=CARTESIAN_POINT('',(-5.875,0.1,2.34999999999999));
#15263=CARTESIAN_POINT('',(-5.875,0.1,2.34999999999999));
#15264=VECTOR('',#17754,1.0);
#15265=CARTESIAN_POINT('',(-5.875,0.2,2.34999999999999));
#15266=CARTESIAN_POINT('',(-5.875,0.2,2.34999999999999));
#15267=VECTOR('',#17755,1.0);
#15268=CARTESIAN_POINT('',(-5.875,0.2,2.74999999999999));
#15269=VECTOR('',#17756,1.0);
#15270=CARTESIAN_POINT('',(-6.125,0.1,2.34999999999999));
#15271=VECTOR('',#17757,1.0);
#15272=CARTESIAN_POINT('',(-5.875,0.2,2.34999999999999));
#15273=VECTOR('',#17758,1.0);
#15274=CARTESIAN_POINT('',(-4.875,0.2,2.34999999999999));
#15275=CARTESIAN_POINT('',(-4.875,0.1,2.34999999999999));
#15276=CARTESIAN_POINT('',(-4.875,0.2,2.34999999999999));
#15277=VECTOR('',#17759,1.0);
#15278=CARTESIAN_POINT('',(-4.875,0.1,0.899999999999995));
#15279=CARTESIAN_POINT('',(-4.875,0.1,0.899999999999995));
#15280=VECTOR('',#17760,1.0);
#15281=CARTESIAN_POINT('',(-4.875,0.2,0.899999999999995));
#15282=CARTESIAN_POINT('',(-4.875,0.2,0.899999999999995));
#15283=VECTOR('',#17761,1.0);
#15284=CARTESIAN_POINT('',(-4.875,0.2,2.34999999999999));
#15285=VECTOR('',#17762,1.0);
#15286=CARTESIAN_POINT('',(-4.575,0.1,0.899999999999995));
#15287=CARTESIAN_POINT('',(-4.575,0.1,0.899999999999995));
#15288=VECTOR('',#17763,1.0);
#15289=CARTESIAN_POINT('',(-4.575,0.2,0.899999999999995));
#15290=CARTESIAN_POINT('',(-4.575,0.2,0.899999999999995));
#15291=VECTOR('',#17764,1.0);
#15292=CARTESIAN_POINT('',(-4.875,0.2,0.899999999999995));
#15293=VECTOR('',#17765,1.0);
#15294=CARTESIAN_POINT('',(-4.575,0.1,0.749999999999995));
#15295=CARTESIAN_POINT('',(-4.575,0.1,0.749999999999995));
#15296=VECTOR('',#17766,1.0);
#15297=CARTESIAN_POINT('',(-4.575,0.2,0.749999999999995));
#15298=CARTESIAN_POINT('',(-4.575,0.2,0.749999999999995));
#15299=VECTOR('',#17767,1.0);
#15300=CARTESIAN_POINT('',(-4.575,0.2,0.899999999999995));
#15301=VECTOR('',#17768,1.0);
#15302=CARTESIAN_POINT('',(-4.17500000000001,0.1,0.749999999999995));
#15303=CARTESIAN_POINT('',(-4.17500000000001,0.1,0.749999999999995));
#15304=VECTOR('',#17769,1.0);
#15305=CARTESIAN_POINT('',(-4.17500000000001,0.2,0.749999999999995));
#15306=CARTESIAN_POINT('',(-4.17500000000001,0.2,0.749999999999995));
#15307=VECTOR('',#17770,1.0);
#15308=CARTESIAN_POINT('',(-4.575,0.2,0.749999999999995));
#15309=VECTOR('',#17771,1.0);
#15310=CARTESIAN_POINT('',(-4.17500000000001,0.1,0.899999999999995));
#15311=CARTESIAN_POINT('',(-4.17500000000001,0.1,0.899999999999995));
#15312=VECTOR('',#17772,1.0);
#15313=CARTESIAN_POINT('',(-4.17500000000001,0.2,0.899999999999995));
#15314=CARTESIAN_POINT('',(-4.17500000000001,0.2,0.899999999999995));
#15315=VECTOR('',#17773,1.0);
#15316=CARTESIAN_POINT('',(-4.17500000000001,0.2,0.749999999999995));
#15317=VECTOR('',#17774,1.0);
#15318=CARTESIAN_POINT('',(-3.875,0.1,0.899999999999995));
#15319=CARTESIAN_POINT('',(-3.875,0.1,0.899999999999995));
#15320=VECTOR('',#17775,1.0);
#15321=CARTESIAN_POINT('',(-3.875,0.2,0.899999999999995));
#15322=CARTESIAN_POINT('',(-3.875,0.2,0.899999999999995));
#15323=VECTOR('',#17776,1.0);
#15324=CARTESIAN_POINT('',(-4.17500000000001,0.2,0.899999999999995));
#15325=VECTOR('',#17777,1.0);
#15326=CARTESIAN_POINT('',(-3.875,0.1,2.34999999999999));
#15327=CARTESIAN_POINT('',(-3.875,0.1,2.34999999999999));
#15328=VECTOR('',#17778,1.0);
#15329=CARTESIAN_POINT('',(-3.875,0.2,2.34999999999999));
#15330=CARTESIAN_POINT('',(-3.875,0.2,2.34999999999999));
#15331=VECTOR('',#17779,1.0);
#15332=CARTESIAN_POINT('',(-3.875,0.2,0.899999999999995));
#15333=VECTOR('',#17780,1.0);
#15334=CARTESIAN_POINT('',(-4.125,0.1,2.34999999999999));
#15335=CARTESIAN_POINT('',(-4.125,0.1,2.34999999999999));
#15336=VECTOR('',#17781,1.0);
#15337=CARTESIAN_POINT('',(-4.125,0.2,2.34999999999999));
#15338=CARTESIAN_POINT('',(-4.125,0.2,2.34999999999999));
#15339=VECTOR('',#17782,1.0);
#15340=CARTESIAN_POINT('',(-3.875,0.2,2.34999999999999));
#15341=VECTOR('',#17783,1.0);
#15342=CARTESIAN_POINT('',(-4.125,0.1,2.74999999999999));
#15343=CARTESIAN_POINT('',(-4.125,0.1,2.74999999999999));
#15344=VECTOR('',#17784,1.0);
#15345=CARTESIAN_POINT('',(-4.125,0.2,2.74999999999999));
#15346=CARTESIAN_POINT('',(-4.125,0.2,2.74999999999999));
#15347=VECTOR('',#17785,1.0);
#15348=CARTESIAN_POINT('',(-4.125,0.2,2.34999999999999));
#15349=VECTOR('',#17786,1.0);
#15350=CARTESIAN_POINT('',(-4.625,0.1,2.74999999999999));
#15351=CARTESIAN_POINT('',(-4.625,0.1,2.74999999999999));
#15352=VECTOR('',#17787,1.0);
#15353=CARTESIAN_POINT('',(-4.625,0.2,2.74999999999999));
#15354=CARTESIAN_POINT('',(-4.625,0.2,2.74999999999999));
#15355=VECTOR('',#17788,1.0);
#15356=CARTESIAN_POINT('',(-4.125,0.2,2.74999999999999));
#15357=VECTOR('',#17789,1.0);
#15358=CARTESIAN_POINT('',(-4.625,0.1,2.34999999999999));
#15359=CARTESIAN_POINT('',(-4.625,0.1,2.34999999999999));
#15360=VECTOR('',#17790,1.0);
#15361=CARTESIAN_POINT('',(-4.625,0.2,2.34999999999999));
#15362=CARTESIAN_POINT('',(-4.625,0.2,2.34999999999999));
#15363=VECTOR('',#17791,1.0);
#15364=CARTESIAN_POINT('',(-4.625,0.2,2.74999999999999));
#15365=VECTOR('',#17792,1.0);
#15366=CARTESIAN_POINT('',(-4.875,0.1,2.34999999999999));
#15367=VECTOR('',#17793,1.0);
#15368=CARTESIAN_POINT('',(-4.625,0.2,2.34999999999999));
#15369=VECTOR('',#17794,1.0);
#15370=CARTESIAN_POINT('',(-3.625,0.2,2.34999999999999));
#15371=CARTESIAN_POINT('',(-3.625,0.1,2.34999999999999));
#15372=CARTESIAN_POINT('',(-3.625,0.2,2.34999999999999));
#15373=VECTOR('',#17795,1.0);
#15374=CARTESIAN_POINT('',(-3.625,0.1,0.899999999999995));
#15375=CARTESIAN_POINT('',(-3.625,0.1,0.899999999999995));
#15376=VECTOR('',#17796,1.0);
#15377=CARTESIAN_POINT('',(-3.625,0.2,0.899999999999995));
#15378=CARTESIAN_POINT('',(-3.625,0.2,0.899999999999995));
#15379=VECTOR('',#17797,1.0);
#15380=CARTESIAN_POINT('',(-3.625,0.2,2.34999999999999));
#15381=VECTOR('',#17798,1.0);
#15382=CARTESIAN_POINT('',(-3.325,0.1,0.899999999999995));
#15383=CARTESIAN_POINT('',(-3.325,0.1,0.899999999999995));
#15384=VECTOR('',#17799,1.0);
#15385=CARTESIAN_POINT('',(-3.325,0.2,0.899999999999995));
#15386=CARTESIAN_POINT('',(-3.325,0.2,0.899999999999995));
#15387=VECTOR('',#17800,1.0);
#15388=CARTESIAN_POINT('',(-3.625,0.2,0.899999999999995));
#15389=VECTOR('',#17801,1.0);
#15390=CARTESIAN_POINT('',(-3.325,0.1,0.749999999999995));
#15391=CARTESIAN_POINT('',(-3.325,0.1,0.749999999999995));
#15392=VECTOR('',#17802,1.0);
#15393=CARTESIAN_POINT('',(-3.325,0.2,0.749999999999995));
#15394=CARTESIAN_POINT('',(-3.325,0.2,0.749999999999995));
#15395=VECTOR('',#17803,1.0);
#15396=CARTESIAN_POINT('',(-3.325,0.2,0.899999999999995));
#15397=VECTOR('',#17804,1.0);
#15398=CARTESIAN_POINT('',(-2.925,0.1,0.749999999999995));
#15399=CARTESIAN_POINT('',(-2.925,0.1,0.749999999999995));
#15400=VECTOR('',#17805,1.0);
#15401=CARTESIAN_POINT('',(-2.925,0.2,0.749999999999995));
#15402=CARTESIAN_POINT('',(-2.925,0.2,0.749999999999995));
#15403=VECTOR('',#17806,1.0);
#15404=CARTESIAN_POINT('',(-3.325,0.2,0.749999999999995));
#15405=VECTOR('',#17807,1.0);
#15406=CARTESIAN_POINT('',(-2.925,0.1,0.899999999999995));
#15407=CARTESIAN_POINT('',(-2.925,0.1,0.899999999999995));
#15408=VECTOR('',#17808,1.0);
#15409=CARTESIAN_POINT('',(-2.925,0.2,0.899999999999995));
#15410=CARTESIAN_POINT('',(-2.925,0.2,0.899999999999995));
#15411=VECTOR('',#17809,1.0);
#15412=CARTESIAN_POINT('',(-2.925,0.2,0.749999999999995));
#15413=VECTOR('',#17810,1.0);
#15414=CARTESIAN_POINT('',(-2.625,0.1,0.899999999999995));
#15415=CARTESIAN_POINT('',(-2.625,0.1,0.899999999999995));
#15416=VECTOR('',#17811,1.0);
#15417=CARTESIAN_POINT('',(-2.625,0.2,0.899999999999995));
#15418=CARTESIAN_POINT('',(-2.625,0.2,0.899999999999995));
#15419=VECTOR('',#17812,1.0);
#15420=CARTESIAN_POINT('',(-2.925,0.2,0.899999999999995));
#15421=VECTOR('',#17813,1.0);
#15422=CARTESIAN_POINT('',(-2.625,0.1,2.34999999999999));
#15423=CARTESIAN_POINT('',(-2.625,0.1,2.34999999999999));
#15424=VECTOR('',#17814,1.0);
#15425=CARTESIAN_POINT('',(-2.625,0.2,2.34999999999999));
#15426=CARTESIAN_POINT('',(-2.625,0.2,2.34999999999999));
#15427=VECTOR('',#17815,1.0);
#15428=CARTESIAN_POINT('',(-2.625,0.2,0.899999999999995));
#15429=VECTOR('',#17816,1.0);
#15430=CARTESIAN_POINT('',(-2.875,0.1,2.34999999999999));
#15431=CARTESIAN_POINT('',(-2.875,0.1,2.34999999999999));
#15432=VECTOR('',#17817,1.0);
#15433=CARTESIAN_POINT('',(-2.875,0.2,2.34999999999999));
#15434=CARTESIAN_POINT('',(-2.875,0.2,2.34999999999999));
#15435=VECTOR('',#17818,1.0);
#15436=CARTESIAN_POINT('',(-2.625,0.2,2.34999999999999));
#15437=VECTOR('',#17819,1.0);
#15438=CARTESIAN_POINT('',(-2.875,0.1,2.74999999999999));
#15439=CARTESIAN_POINT('',(-2.875,0.1,2.74999999999999));
#15440=VECTOR('',#17820,1.0);
#15441=CARTESIAN_POINT('',(-2.875,0.2,2.74999999999999));
#15442=CARTESIAN_POINT('',(-2.875,0.2,2.74999999999999));
#15443=VECTOR('',#17821,1.0);
#15444=CARTESIAN_POINT('',(-2.875,0.2,2.34999999999999));
#15445=VECTOR('',#17822,1.0);
#15446=CARTESIAN_POINT('',(-3.375,0.1,2.74999999999999));
#15447=CARTESIAN_POINT('',(-3.375,0.1,2.74999999999999));
#15448=VECTOR('',#17823,1.0);
#15449=CARTESIAN_POINT('',(-3.375,0.2,2.74999999999999));
#15450=CARTESIAN_POINT('',(-3.375,0.2,2.74999999999999));
#15451=VECTOR('',#17824,1.0);
#15452=CARTESIAN_POINT('',(-2.875,0.2,2.74999999999999));
#15453=VECTOR('',#17825,1.0);
#15454=CARTESIAN_POINT('',(-3.375,0.1,2.34999999999999));
#15455=CARTESIAN_POINT('',(-3.375,0.1,2.34999999999999));
#15456=VECTOR('',#17826,1.0);
#15457=CARTESIAN_POINT('',(-3.375,0.2,2.34999999999999));
#15458=CARTESIAN_POINT('',(-3.375,0.2,2.34999999999999));
#15459=VECTOR('',#17827,1.0);
#15460=CARTESIAN_POINT('',(-3.375,0.2,2.74999999999999));
#15461=VECTOR('',#17828,1.0);
#15462=CARTESIAN_POINT('',(-3.625,0.1,2.34999999999999));
#15463=VECTOR('',#17829,1.0);
#15464=CARTESIAN_POINT('',(-3.375,0.2,2.34999999999999));
#15465=VECTOR('',#17830,1.0);
#15466=CARTESIAN_POINT('',(-2.375,0.2,2.34999999999999));
#15467=CARTESIAN_POINT('',(-2.375,0.1,2.34999999999999));
#15468=CARTESIAN_POINT('',(-2.375,0.2,2.34999999999999));
#15469=VECTOR('',#17831,1.0);
#15470=CARTESIAN_POINT('',(-2.375,0.1,0.899999999999995));
#15471=CARTESIAN_POINT('',(-2.375,0.1,0.899999999999995));
#15472=VECTOR('',#17832,1.0);
#15473=CARTESIAN_POINT('',(-2.375,0.2,0.899999999999995));
#15474=CARTESIAN_POINT('',(-2.375,0.2,0.899999999999995));
#15475=VECTOR('',#17833,1.0);
#15476=CARTESIAN_POINT('',(-2.375,0.2,2.34999999999999));
#15477=VECTOR('',#17834,1.0);
#15478=CARTESIAN_POINT('',(-2.075,0.1,0.899999999999995));
#15479=CARTESIAN_POINT('',(-2.075,0.1,0.899999999999995));
#15480=VECTOR('',#17835,1.0);
#15481=CARTESIAN_POINT('',(-2.075,0.2,0.899999999999995));
#15482=CARTESIAN_POINT('',(-2.075,0.2,0.899999999999995));
#15483=VECTOR('',#17836,1.0);
#15484=CARTESIAN_POINT('',(-2.375,0.2,0.899999999999995));
#15485=VECTOR('',#17837,1.0);
#15486=CARTESIAN_POINT('',(-2.075,0.1,0.749999999999995));
#15487=CARTESIAN_POINT('',(-2.075,0.1,0.749999999999995));
#15488=VECTOR('',#17838,1.0);
#15489=CARTESIAN_POINT('',(-2.075,0.2,0.749999999999995));
#15490=CARTESIAN_POINT('',(-2.075,0.2,0.749999999999995));
#15491=VECTOR('',#17839,1.0);
#15492=CARTESIAN_POINT('',(-2.075,0.2,0.899999999999995));
#15493=VECTOR('',#17840,1.0);
#15494=CARTESIAN_POINT('',(-1.675,0.1,0.749999999999995));
#15495=CARTESIAN_POINT('',(-1.675,0.1,0.749999999999995));
#15496=VECTOR('',#17841,1.0);
#15497=CARTESIAN_POINT('',(-1.675,0.2,0.749999999999995));
#15498=CARTESIAN_POINT('',(-1.675,0.2,0.749999999999995));
#15499=VECTOR('',#17842,1.0);
#15500=CARTESIAN_POINT('',(-2.075,0.2,0.749999999999995));
#15501=VECTOR('',#17843,1.0);
#15502=CARTESIAN_POINT('',(-1.675,0.1,0.899999999999995));
#15503=CARTESIAN_POINT('',(-1.675,0.1,0.899999999999995));
#15504=VECTOR('',#17844,1.0);
#15505=CARTESIAN_POINT('',(-1.675,0.2,0.899999999999995));
#15506=CARTESIAN_POINT('',(-1.675,0.2,0.899999999999995));
#15507=VECTOR('',#17845,1.0);
#15508=CARTESIAN_POINT('',(-1.675,0.2,0.749999999999995));
#15509=VECTOR('',#17846,1.0);
#15510=CARTESIAN_POINT('',(-1.375,0.1,0.899999999999995));
#15511=CARTESIAN_POINT('',(-1.375,0.1,0.899999999999995));
#15512=VECTOR('',#17847,1.0);
#15513=CARTESIAN_POINT('',(-1.375,0.2,0.899999999999995));
#15514=CARTESIAN_POINT('',(-1.375,0.2,0.899999999999995));
#15515=VECTOR('',#17848,1.0);
#15516=CARTESIAN_POINT('',(-1.675,0.2,0.899999999999995));
#15517=VECTOR('',#17849,1.0);
#15518=CARTESIAN_POINT('',(-1.375,0.1,2.34999999999999));
#15519=CARTESIAN_POINT('',(-1.375,0.1,2.34999999999999));
#15520=VECTOR('',#17850,1.0);
#15521=CARTESIAN_POINT('',(-1.375,0.2,2.34999999999999));
#15522=CARTESIAN_POINT('',(-1.375,0.2,2.34999999999999));
#15523=VECTOR('',#17851,1.0);
#15524=CARTESIAN_POINT('',(-1.375,0.2,0.899999999999995));
#15525=VECTOR('',#17852,1.0);
#15526=CARTESIAN_POINT('',(-1.625,0.1,2.34999999999999));
#15527=CARTESIAN_POINT('',(-1.625,0.1,2.34999999999999));
#15528=VECTOR('',#17853,1.0);
#15529=CARTESIAN_POINT('',(-1.625,0.2,2.34999999999999));
#15530=CARTESIAN_POINT('',(-1.625,0.2,2.34999999999999));
#15531=VECTOR('',#17854,1.0);
#15532=CARTESIAN_POINT('',(-1.375,0.2,2.34999999999999));
#15533=VECTOR('',#17855,1.0);
#15534=CARTESIAN_POINT('',(-1.625,0.1,2.74999999999999));
#15535=CARTESIAN_POINT('',(-1.625,0.1,2.74999999999999));
#15536=VECTOR('',#17856,1.0);
#15537=CARTESIAN_POINT('',(-1.625,0.2,2.74999999999999));
#15538=CARTESIAN_POINT('',(-1.625,0.2,2.74999999999999));
#15539=VECTOR('',#17857,1.0);
#15540=CARTESIAN_POINT('',(-1.625,0.2,2.34999999999999));
#15541=VECTOR('',#17858,1.0);
#15542=CARTESIAN_POINT('',(-2.125,0.1,2.74999999999999));
#15543=CARTESIAN_POINT('',(-2.125,0.1,2.74999999999999));
#15544=VECTOR('',#17859,1.0);
#15545=CARTESIAN_POINT('',(-2.125,0.2,2.74999999999999));
#15546=CARTESIAN_POINT('',(-2.125,0.2,2.74999999999999));
#15547=VECTOR('',#17860,1.0);
#15548=CARTESIAN_POINT('',(-1.625,0.2,2.74999999999999));
#15549=VECTOR('',#17861,1.0);
#15550=CARTESIAN_POINT('',(-2.125,0.1,2.34999999999999));
#15551=CARTESIAN_POINT('',(-2.125,0.1,2.34999999999999));
#15552=VECTOR('',#17862,1.0);
#15553=CARTESIAN_POINT('',(-2.125,0.2,2.34999999999999));
#15554=CARTESIAN_POINT('',(-2.125,0.2,2.34999999999999));
#15555=VECTOR('',#17863,1.0);
#15556=CARTESIAN_POINT('',(-2.125,0.2,2.74999999999999));
#15557=VECTOR('',#17864,1.0);
#15558=CARTESIAN_POINT('',(-2.375,0.1,2.34999999999999));
#15559=VECTOR('',#17865,1.0);
#15560=CARTESIAN_POINT('',(-2.125,0.2,2.34999999999999));
#15561=VECTOR('',#17866,1.0);
#15562=CARTESIAN_POINT('',(-1.125,0.2,2.34999999999999));
#15563=CARTESIAN_POINT('',(-1.125,0.1,2.34999999999999));
#15564=CARTESIAN_POINT('',(-1.125,0.2,2.34999999999999));
#15565=VECTOR('',#17867,1.0);
#15566=CARTESIAN_POINT('',(-1.125,0.1,0.899999999999995));
#15567=CARTESIAN_POINT('',(-1.125,0.1,0.899999999999995));
#15568=VECTOR('',#17868,1.0);
#15569=CARTESIAN_POINT('',(-1.125,0.2,0.899999999999995));
#15570=CARTESIAN_POINT('',(-1.125,0.2,0.899999999999995));
#15571=VECTOR('',#17869,1.0);
#15572=CARTESIAN_POINT('',(-1.125,0.2,2.34999999999999));
#15573=VECTOR('',#17870,1.0);
#15574=CARTESIAN_POINT('',(-0.825000000000005,0.1,0.899999999999995));
#15575=CARTESIAN_POINT('',(-0.825000000000005,0.1,0.899999999999995));
#15576=VECTOR('',#17871,1.0);
#15577=CARTESIAN_POINT('',(-0.825000000000005,0.2,0.899999999999995));
#15578=CARTESIAN_POINT('',(-0.825000000000005,0.2,0.899999999999995));
#15579=VECTOR('',#17872,1.0);
#15580=CARTESIAN_POINT('',(-1.125,0.2,0.899999999999995));
#15581=VECTOR('',#17873,1.0);
#15582=CARTESIAN_POINT('',(-0.825000000000005,0.1,0.749999999999995));
#15583=CARTESIAN_POINT('',(-0.825000000000005,0.1,0.749999999999995));
#15584=VECTOR('',#17874,1.0);
#15585=CARTESIAN_POINT('',(-0.825000000000005,0.2,0.749999999999995));
#15586=CARTESIAN_POINT('',(-0.825000000000005,0.2,0.749999999999995));
#15587=VECTOR('',#17875,1.0);
#15588=CARTESIAN_POINT('',(-0.825000000000005,0.2,0.899999999999995));
#15589=VECTOR('',#17876,1.0);
#15590=CARTESIAN_POINT('',(-0.425000000000005,0.1,0.749999999999995));
#15591=CARTESIAN_POINT('',(-0.425000000000005,0.1,0.749999999999995));
#15592=VECTOR('',#17877,1.0);
#15593=CARTESIAN_POINT('',(-0.425000000000005,0.2,0.749999999999995));
#15594=CARTESIAN_POINT('',(-0.425000000000005,0.2,0.749999999999995));
#15595=VECTOR('',#17878,1.0);
#15596=CARTESIAN_POINT('',(-0.825000000000005,0.2,0.749999999999995));
#15597=VECTOR('',#17879,1.0);
#15598=CARTESIAN_POINT('',(-0.425000000000005,0.1,0.899999999999995));
#15599=CARTESIAN_POINT('',(-0.425000000000005,0.1,0.899999999999995));
#15600=VECTOR('',#17880,1.0);
#15601=CARTESIAN_POINT('',(-0.425000000000005,0.2,0.899999999999995));
#15602=CARTESIAN_POINT('',(-0.425000000000005,0.2,0.899999999999995));
#15603=VECTOR('',#17881,1.0);
#15604=CARTESIAN_POINT('',(-0.425000000000005,0.2,0.749999999999995));
#15605=VECTOR('',#17882,1.0);
#15606=CARTESIAN_POINT('',(-0.125000000000004,0.1,0.899999999999995));
#15607=CARTESIAN_POINT('',(-0.125000000000004,0.1,0.899999999999995));
#15608=VECTOR('',#17883,1.0);
#15609=CARTESIAN_POINT('',(-0.125000000000004,0.2,0.899999999999995));
#15610=CARTESIAN_POINT('',(-0.125000000000004,0.2,0.899999999999995));
#15611=VECTOR('',#17884,1.0);
#15612=CARTESIAN_POINT('',(-0.425000000000005,0.2,0.899999999999995));
#15613=VECTOR('',#17885,1.0);
#15614=CARTESIAN_POINT('',(-0.125000000000004,0.1,2.34999999999999));
#15615=CARTESIAN_POINT('',(-0.125000000000004,0.1,2.34999999999999));
#15616=VECTOR('',#17886,1.0);
#15617=CARTESIAN_POINT('',(-0.125000000000004,0.2,2.34999999999999));
#15618=CARTESIAN_POINT('',(-0.125000000000004,0.2,2.34999999999999));
#15619=VECTOR('',#17887,1.0);
#15620=CARTESIAN_POINT('',(-0.125000000000004,0.2,0.899999999999995));
#15621=VECTOR('',#17888,1.0);
#15622=CARTESIAN_POINT('',(-0.375000000000004,0.1,2.34999999999999));
#15623=CARTESIAN_POINT('',(-0.375000000000004,0.1,2.34999999999999));
#15624=VECTOR('',#17889,1.0);
#15625=CARTESIAN_POINT('',(-0.375000000000004,0.2,2.34999999999999));
#15626=CARTESIAN_POINT('',(-0.375000000000004,0.2,2.34999999999999));
#15627=VECTOR('',#17890,1.0);
#15628=CARTESIAN_POINT('',(-0.125000000000004,0.2,2.34999999999999));
#15629=VECTOR('',#17891,1.0);
#15630=CARTESIAN_POINT('',(-0.375000000000004,0.1,2.74999999999999));
#15631=CARTESIAN_POINT('',(-0.375000000000004,0.1,2.74999999999999));
#15632=VECTOR('',#17892,1.0);
#15633=CARTESIAN_POINT('',(-0.375000000000004,0.2,2.74999999999999));
#15634=CARTESIAN_POINT('',(-0.375000000000004,0.2,2.74999999999999));
#15635=VECTOR('',#17893,1.0);
#15636=CARTESIAN_POINT('',(-0.375000000000004,0.2,2.34999999999999));
#15637=VECTOR('',#17894,1.0);
#15638=CARTESIAN_POINT('',(-0.875000000000004,0.1,2.74999999999999));
#15639=CARTESIAN_POINT('',(-0.875000000000004,0.1,2.74999999999999));
#15640=VECTOR('',#17895,1.0);
#15641=CARTESIAN_POINT('',(-0.875000000000004,0.2,2.74999999999999));
#15642=CARTESIAN_POINT('',(-0.875000000000004,0.2,2.74999999999999));
#15643=VECTOR('',#17896,1.0);
#15644=CARTESIAN_POINT('',(-0.375000000000004,0.2,2.74999999999999));
#15645=VECTOR('',#17897,1.0);
#15646=CARTESIAN_POINT('',(-0.875000000000004,0.1,2.34999999999999));
#15647=CARTESIAN_POINT('',(-0.875000000000004,0.1,2.34999999999999));
#15648=VECTOR('',#17898,1.0);
#15649=CARTESIAN_POINT('',(-0.875000000000004,0.2,2.34999999999999));
#15650=CARTESIAN_POINT('',(-0.875000000000004,0.2,2.34999999999999));
#15651=VECTOR('',#17899,1.0);
#15652=CARTESIAN_POINT('',(-0.875000000000004,0.2,2.74999999999999));
#15653=VECTOR('',#17900,1.0);
#15654=CARTESIAN_POINT('',(-1.125,0.1,2.34999999999999));
#15655=VECTOR('',#17901,1.0);
#15656=CARTESIAN_POINT('',(-0.875000000000004,0.2,2.34999999999999));
#15657=VECTOR('',#17902,1.0);
#15658=CARTESIAN_POINT('',(0.124999999999997,0.2,2.34999999999999));
#15659=CARTESIAN_POINT('',(0.124999999999997,0.1,2.34999999999999));
#15660=CARTESIAN_POINT('',(0.124999999999997,0.2,2.34999999999999));
#15661=VECTOR('',#17903,1.0);
#15662=CARTESIAN_POINT('',(0.124999999999997,0.1,0.899999999999995));
#15663=CARTESIAN_POINT('',(0.124999999999997,0.1,0.899999999999995));
#15664=VECTOR('',#17904,1.0);
#15665=CARTESIAN_POINT('',(0.124999999999997,0.2,0.899999999999995));
#15666=CARTESIAN_POINT('',(0.124999999999997,0.2,0.899999999999995));
#15667=VECTOR('',#17905,1.0);
#15668=CARTESIAN_POINT('',(0.124999999999997,0.2,2.34999999999999));
#15669=VECTOR('',#17906,1.0);
#15670=CARTESIAN_POINT('',(0.424999999999997,0.1,0.899999999999995));
#15671=CARTESIAN_POINT('',(0.424999999999997,0.1,0.899999999999995));
#15672=VECTOR('',#17907,1.0);
#15673=CARTESIAN_POINT('',(0.424999999999997,0.2,0.899999999999995));
#15674=CARTESIAN_POINT('',(0.424999999999997,0.2,0.899999999999995));
#15675=VECTOR('',#17908,1.0);
#15676=CARTESIAN_POINT('',(0.124999999999997,0.2,0.899999999999995));
#15677=VECTOR('',#17909,1.0);
#15678=CARTESIAN_POINT('',(0.424999999999997,0.1,0.749999999999995));
#15679=CARTESIAN_POINT('',(0.424999999999997,0.1,0.749999999999995));
#15680=VECTOR('',#17910,1.0);
#15681=CARTESIAN_POINT('',(0.424999999999997,0.2,0.749999999999995));
#15682=CARTESIAN_POINT('',(0.424999999999997,0.2,0.749999999999995));
#15683=VECTOR('',#17911,1.0);
#15684=CARTESIAN_POINT('',(0.424999999999997,0.2,0.899999999999995));
#15685=VECTOR('',#17912,1.0);
#15686=CARTESIAN_POINT('',(0.824999999999996,0.1,0.749999999999995));
#15687=CARTESIAN_POINT('',(0.824999999999996,0.1,0.749999999999995));
#15688=VECTOR('',#17913,1.0);
#15689=CARTESIAN_POINT('',(0.824999999999996,0.2,0.749999999999995));
#15690=CARTESIAN_POINT('',(0.824999999999996,0.2,0.749999999999995));
#15691=VECTOR('',#17914,1.0);
#15692=CARTESIAN_POINT('',(0.424999999999997,0.2,0.749999999999995));
#15693=VECTOR('',#17915,1.0);
#15694=CARTESIAN_POINT('',(0.824999999999996,0.1,0.899999999999995));
#15695=CARTESIAN_POINT('',(0.824999999999996,0.1,0.899999999999995));
#15696=VECTOR('',#17916,1.0);
#15697=CARTESIAN_POINT('',(0.824999999999996,0.2,0.899999999999995));
#15698=CARTESIAN_POINT('',(0.824999999999996,0.2,0.899999999999995));
#15699=VECTOR('',#17917,1.0);
#15700=CARTESIAN_POINT('',(0.824999999999996,0.2,0.749999999999995));
#15701=VECTOR('',#17918,1.0);
#15702=CARTESIAN_POINT('',(1.125,0.1,0.899999999999995));
#15703=CARTESIAN_POINT('',(1.125,0.1,0.899999999999995));
#15704=VECTOR('',#17919,1.0);
#15705=CARTESIAN_POINT('',(1.125,0.2,0.899999999999995));
#15706=CARTESIAN_POINT('',(1.125,0.2,0.899999999999995));
#15707=VECTOR('',#17920,1.0);
#15708=CARTESIAN_POINT('',(0.824999999999996,0.2,0.899999999999995));
#15709=VECTOR('',#17921,1.0);
#15710=CARTESIAN_POINT('',(1.125,0.1,2.34999999999999));
#15711=CARTESIAN_POINT('',(1.125,0.1,2.34999999999999));
#15712=VECTOR('',#17922,1.0);
#15713=CARTESIAN_POINT('',(1.125,0.2,2.34999999999999));
#15714=CARTESIAN_POINT('',(1.125,0.2,2.34999999999999));
#15715=VECTOR('',#17923,1.0);
#15716=CARTESIAN_POINT('',(1.125,0.2,0.899999999999995));
#15717=VECTOR('',#17924,1.0);
#15718=CARTESIAN_POINT('',(0.874999999999997,0.1,2.34999999999999));
#15719=CARTESIAN_POINT('',(0.874999999999997,0.1,2.34999999999999));
#15720=VECTOR('',#17925,1.0);
#15721=CARTESIAN_POINT('',(0.874999999999997,0.2,2.34999999999999));
#15722=CARTESIAN_POINT('',(0.874999999999997,0.2,2.34999999999999));
#15723=VECTOR('',#17926,1.0);
#15724=CARTESIAN_POINT('',(1.125,0.2,2.34999999999999));
#15725=VECTOR('',#17927,1.0);
#15726=CARTESIAN_POINT('',(0.874999999999997,0.1,2.74999999999999));
#15727=CARTESIAN_POINT('',(0.874999999999997,0.1,2.74999999999999));
#15728=VECTOR('',#17928,1.0);
#15729=CARTESIAN_POINT('',(0.874999999999997,0.2,2.74999999999999));
#15730=CARTESIAN_POINT('',(0.874999999999997,0.2,2.74999999999999));
#15731=VECTOR('',#17929,1.0);
#15732=CARTESIAN_POINT('',(0.874999999999997,0.2,2.34999999999999));
#15733=VECTOR('',#17930,1.0);
#15734=CARTESIAN_POINT('',(0.374999999999997,0.1,2.74999999999999));
#15735=CARTESIAN_POINT('',(0.374999999999997,0.1,2.74999999999999));
#15736=VECTOR('',#17931,1.0);
#15737=CARTESIAN_POINT('',(0.374999999999997,0.2,2.74999999999999));
#15738=CARTESIAN_POINT('',(0.374999999999997,0.2,2.74999999999999));
#15739=VECTOR('',#17932,1.0);
#15740=CARTESIAN_POINT('',(0.874999999999997,0.2,2.74999999999999));
#15741=VECTOR('',#17933,1.0);
#15742=CARTESIAN_POINT('',(0.374999999999997,0.1,2.34999999999999));
#15743=CARTESIAN_POINT('',(0.374999999999997,0.1,2.34999999999999));
#15744=VECTOR('',#17934,1.0);
#15745=CARTESIAN_POINT('',(0.374999999999997,0.2,2.34999999999999));
#15746=CARTESIAN_POINT('',(0.374999999999997,0.2,2.34999999999999));
#15747=VECTOR('',#17935,1.0);
#15748=CARTESIAN_POINT('',(0.374999999999997,0.2,2.74999999999999));
#15749=VECTOR('',#17936,1.0);
#15750=CARTESIAN_POINT('',(0.124999999999997,0.1,2.34999999999999));
#15751=VECTOR('',#17937,1.0);
#15752=CARTESIAN_POINT('',(0.374999999999997,0.2,2.34999999999999));
#15753=VECTOR('',#17938,1.0);
#15754=CARTESIAN_POINT('',(1.375,0.2,2.34999999999999));
#15755=CARTESIAN_POINT('',(1.375,0.1,2.34999999999999));
#15756=CARTESIAN_POINT('',(1.375,0.2,2.34999999999999));
#15757=VECTOR('',#17939,1.0);
#15758=CARTESIAN_POINT('',(1.375,0.1,0.899999999999995));
#15759=CARTESIAN_POINT('',(1.375,0.1,0.899999999999995));
#15760=VECTOR('',#17940,1.0);
#15761=CARTESIAN_POINT('',(1.375,0.2,0.899999999999995));
#15762=CARTESIAN_POINT('',(1.375,0.2,0.899999999999995));
#15763=VECTOR('',#17941,1.0);
#15764=CARTESIAN_POINT('',(1.375,0.2,2.34999999999999));
#15765=VECTOR('',#17942,1.0);
#15766=CARTESIAN_POINT('',(1.675,0.1,0.899999999999995));
#15767=CARTESIAN_POINT('',(1.675,0.1,0.899999999999995));
#15768=VECTOR('',#17943,1.0);
#15769=CARTESIAN_POINT('',(1.675,0.2,0.899999999999995));
#15770=CARTESIAN_POINT('',(1.675,0.2,0.899999999999995));
#15771=VECTOR('',#17944,1.0);
#15772=CARTESIAN_POINT('',(1.375,0.2,0.899999999999995));
#15773=VECTOR('',#17945,1.0);
#15774=CARTESIAN_POINT('',(1.675,0.1,0.749999999999995));
#15775=CARTESIAN_POINT('',(1.675,0.1,0.749999999999995));
#15776=VECTOR('',#17946,1.0);
#15777=CARTESIAN_POINT('',(1.675,0.2,0.749999999999995));
#15778=CARTESIAN_POINT('',(1.675,0.2,0.749999999999995));
#15779=VECTOR('',#17947,1.0);
#15780=CARTESIAN_POINT('',(1.675,0.2,0.899999999999995));
#15781=VECTOR('',#17948,1.0);
#15782=CARTESIAN_POINT('',(2.075,0.1,0.749999999999995));
#15783=CARTESIAN_POINT('',(2.075,0.1,0.749999999999995));
#15784=VECTOR('',#17949,1.0);
#15785=CARTESIAN_POINT('',(2.075,0.2,0.749999999999995));
#15786=CARTESIAN_POINT('',(2.075,0.2,0.749999999999995));
#15787=VECTOR('',#17950,1.0);
#15788=CARTESIAN_POINT('',(1.675,0.2,0.749999999999995));
#15789=VECTOR('',#17951,1.0);
#15790=CARTESIAN_POINT('',(2.075,0.1,0.899999999999995));
#15791=CARTESIAN_POINT('',(2.075,0.1,0.899999999999995));
#15792=VECTOR('',#17952,1.0);
#15793=CARTESIAN_POINT('',(2.075,0.2,0.899999999999995));
#15794=CARTESIAN_POINT('',(2.075,0.2,0.899999999999995));
#15795=VECTOR('',#17953,1.0);
#15796=CARTESIAN_POINT('',(2.075,0.2,0.749999999999995));
#15797=VECTOR('',#17954,1.0);
#15798=CARTESIAN_POINT('',(2.375,0.1,0.899999999999995));
#15799=CARTESIAN_POINT('',(2.375,0.1,0.899999999999995));
#15800=VECTOR('',#17955,1.0);
#15801=CARTESIAN_POINT('',(2.375,0.2,0.899999999999995));
#15802=CARTESIAN_POINT('',(2.375,0.2,0.899999999999995));
#15803=VECTOR('',#17956,1.0);
#15804=CARTESIAN_POINT('',(2.075,0.2,0.899999999999995));
#15805=VECTOR('',#17957,1.0);
#15806=CARTESIAN_POINT('',(2.375,0.1,2.34999999999999));
#15807=CARTESIAN_POINT('',(2.375,0.1,2.34999999999999));
#15808=VECTOR('',#17958,1.0);
#15809=CARTESIAN_POINT('',(2.375,0.2,2.34999999999999));
#15810=CARTESIAN_POINT('',(2.375,0.2,2.34999999999999));
#15811=VECTOR('',#17959,1.0);
#15812=CARTESIAN_POINT('',(2.375,0.2,0.899999999999995));
#15813=VECTOR('',#17960,1.0);
#15814=CARTESIAN_POINT('',(2.125,0.1,2.34999999999999));
#15815=CARTESIAN_POINT('',(2.125,0.1,2.34999999999999));
#15816=VECTOR('',#17961,1.0);
#15817=CARTESIAN_POINT('',(2.125,0.2,2.34999999999999));
#15818=CARTESIAN_POINT('',(2.125,0.2,2.34999999999999));
#15819=VECTOR('',#17962,1.0);
#15820=CARTESIAN_POINT('',(2.375,0.2,2.34999999999999));
#15821=VECTOR('',#17963,1.0);
#15822=CARTESIAN_POINT('',(2.125,0.1,2.74999999999999));
#15823=CARTESIAN_POINT('',(2.125,0.1,2.74999999999999));
#15824=VECTOR('',#17964,1.0);
#15825=CARTESIAN_POINT('',(2.125,0.2,2.74999999999999));
#15826=CARTESIAN_POINT('',(2.125,0.2,2.74999999999999));
#15827=VECTOR('',#17965,1.0);
#15828=CARTESIAN_POINT('',(2.125,0.2,2.34999999999999));
#15829=VECTOR('',#17966,1.0);
#15830=CARTESIAN_POINT('',(1.625,0.1,2.74999999999999));
#15831=CARTESIAN_POINT('',(1.625,0.1,2.74999999999999));
#15832=VECTOR('',#17967,1.0);
#15833=CARTESIAN_POINT('',(1.625,0.2,2.74999999999999));
#15834=CARTESIAN_POINT('',(1.625,0.2,2.74999999999999));
#15835=VECTOR('',#17968,1.0);
#15836=CARTESIAN_POINT('',(2.125,0.2,2.74999999999999));
#15837=VECTOR('',#17969,1.0);
#15838=CARTESIAN_POINT('',(1.625,0.1,2.34999999999999));
#15839=CARTESIAN_POINT('',(1.625,0.1,2.34999999999999));
#15840=VECTOR('',#17970,1.0);
#15841=CARTESIAN_POINT('',(1.625,0.2,2.34999999999999));
#15842=CARTESIAN_POINT('',(1.625,0.2,2.34999999999999));
#15843=VECTOR('',#17971,1.0);
#15844=CARTESIAN_POINT('',(1.625,0.2,2.74999999999999));
#15845=VECTOR('',#17972,1.0);
#15846=CARTESIAN_POINT('',(1.375,0.1,2.34999999999999));
#15847=VECTOR('',#17973,1.0);
#15848=CARTESIAN_POINT('',(1.625,0.2,2.34999999999999));
#15849=VECTOR('',#17974,1.0);
#15850=CARTESIAN_POINT('',(2.625,0.2,2.34999999999999));
#15851=CARTESIAN_POINT('',(2.625,0.1,2.34999999999999));
#15852=CARTESIAN_POINT('',(2.625,0.2,2.34999999999999));
#15853=VECTOR('',#17975,1.0);
#15854=CARTESIAN_POINT('',(2.625,0.1,0.899999999999995));
#15855=CARTESIAN_POINT('',(2.625,0.1,0.899999999999995));
#15856=VECTOR('',#17976,1.0);
#15857=CARTESIAN_POINT('',(2.625,0.2,0.899999999999995));
#15858=CARTESIAN_POINT('',(2.625,0.2,0.899999999999995));
#15859=VECTOR('',#17977,1.0);
#15860=CARTESIAN_POINT('',(2.625,0.2,2.34999999999999));
#15861=VECTOR('',#17978,1.0);
#15862=CARTESIAN_POINT('',(2.925,0.1,0.899999999999995));
#15863=CARTESIAN_POINT('',(2.925,0.1,0.899999999999995));
#15864=VECTOR('',#17979,1.0);
#15865=CARTESIAN_POINT('',(2.925,0.2,0.899999999999995));
#15866=CARTESIAN_POINT('',(2.925,0.2,0.899999999999995));
#15867=VECTOR('',#17980,1.0);
#15868=CARTESIAN_POINT('',(2.625,0.2,0.899999999999995));
#15869=VECTOR('',#17981,1.0);
#15870=CARTESIAN_POINT('',(2.925,0.1,0.749999999999995));
#15871=CARTESIAN_POINT('',(2.925,0.1,0.749999999999995));
#15872=VECTOR('',#17982,1.0);
#15873=CARTESIAN_POINT('',(2.925,0.2,0.749999999999995));
#15874=CARTESIAN_POINT('',(2.925,0.2,0.749999999999995));
#15875=VECTOR('',#17983,1.0);
#15876=CARTESIAN_POINT('',(2.925,0.2,0.899999999999995));
#15877=VECTOR('',#17984,1.0);
#15878=CARTESIAN_POINT('',(3.325,0.1,0.749999999999995));
#15879=CARTESIAN_POINT('',(3.325,0.1,0.749999999999995));
#15880=VECTOR('',#17985,1.0);
#15881=CARTESIAN_POINT('',(3.325,0.2,0.749999999999995));
#15882=CARTESIAN_POINT('',(3.325,0.2,0.749999999999995));
#15883=VECTOR('',#17986,1.0);
#15884=CARTESIAN_POINT('',(2.925,0.2,0.749999999999995));
#15885=VECTOR('',#17987,1.0);
#15886=CARTESIAN_POINT('',(3.325,0.1,0.899999999999995));
#15887=CARTESIAN_POINT('',(3.325,0.1,0.899999999999995));
#15888=VECTOR('',#17988,1.0);
#15889=CARTESIAN_POINT('',(3.325,0.2,0.899999999999995));
#15890=CARTESIAN_POINT('',(3.325,0.2,0.899999999999995));
#15891=VECTOR('',#17989,1.0);
#15892=CARTESIAN_POINT('',(3.325,0.2,0.749999999999995));
#15893=VECTOR('',#17990,1.0);
#15894=CARTESIAN_POINT('',(3.625,0.1,0.899999999999995));
#15895=CARTESIAN_POINT('',(3.625,0.1,0.899999999999995));
#15896=VECTOR('',#17991,1.0);
#15897=CARTESIAN_POINT('',(3.625,0.2,0.899999999999995));
#15898=CARTESIAN_POINT('',(3.625,0.2,0.899999999999995));
#15899=VECTOR('',#17992,1.0);
#15900=CARTESIAN_POINT('',(3.325,0.2,0.899999999999995));
#15901=VECTOR('',#17993,1.0);
#15902=CARTESIAN_POINT('',(3.625,0.1,2.34999999999999));
#15903=CARTESIAN_POINT('',(3.625,0.1,2.34999999999999));
#15904=VECTOR('',#17994,1.0);
#15905=CARTESIAN_POINT('',(3.625,0.2,2.34999999999999));
#15906=CARTESIAN_POINT('',(3.625,0.2,2.34999999999999));
#15907=VECTOR('',#17995,1.0);
#15908=CARTESIAN_POINT('',(3.625,0.2,0.899999999999995));
#15909=VECTOR('',#17996,1.0);
#15910=CARTESIAN_POINT('',(3.375,0.1,2.34999999999999));
#15911=CARTESIAN_POINT('',(3.375,0.1,2.34999999999999));
#15912=VECTOR('',#17997,1.0);
#15913=CARTESIAN_POINT('',(3.375,0.2,2.34999999999999));
#15914=CARTESIAN_POINT('',(3.375,0.2,2.34999999999999));
#15915=VECTOR('',#17998,1.0);
#15916=CARTESIAN_POINT('',(3.625,0.2,2.34999999999999));
#15917=VECTOR('',#17999,1.0);
#15918=CARTESIAN_POINT('',(3.375,0.1,2.74999999999999));
#15919=CARTESIAN_POINT('',(3.375,0.1,2.74999999999999));
#15920=VECTOR('',#18000,1.0);
#15921=CARTESIAN_POINT('',(3.375,0.2,2.74999999999999));
#15922=CARTESIAN_POINT('',(3.375,0.2,2.74999999999999));
#15923=VECTOR('',#18001,1.0);
#15924=CARTESIAN_POINT('',(3.375,0.2,2.34999999999999));
#15925=VECTOR('',#18002,1.0);
#15926=CARTESIAN_POINT('',(2.875,0.1,2.74999999999999));
#15927=CARTESIAN_POINT('',(2.875,0.1,2.74999999999999));
#15928=VECTOR('',#18003,1.0);
#15929=CARTESIAN_POINT('',(2.875,0.2,2.74999999999999));
#15930=CARTESIAN_POINT('',(2.875,0.2,2.74999999999999));
#15931=VECTOR('',#18004,1.0);
#15932=CARTESIAN_POINT('',(3.375,0.2,2.74999999999999));
#15933=VECTOR('',#18005,1.0);
#15934=CARTESIAN_POINT('',(2.875,0.1,2.34999999999999));
#15935=CARTESIAN_POINT('',(2.875,0.1,2.34999999999999));
#15936=VECTOR('',#18006,1.0);
#15937=CARTESIAN_POINT('',(2.875,0.2,2.34999999999999));
#15938=CARTESIAN_POINT('',(2.875,0.2,2.34999999999999));
#15939=VECTOR('',#18007,1.0);
#15940=CARTESIAN_POINT('',(2.875,0.2,2.74999999999999));
#15941=VECTOR('',#18008,1.0);
#15942=CARTESIAN_POINT('',(2.625,0.1,2.34999999999999));
#15943=VECTOR('',#18009,1.0);
#15944=CARTESIAN_POINT('',(2.875,0.2,2.34999999999999));
#15945=VECTOR('',#18010,1.0);
#15946=CARTESIAN_POINT('',(3.875,0.2,2.34999999999999));
#15947=CARTESIAN_POINT('',(3.875,0.1,2.34999999999999));
#15948=CARTESIAN_POINT('',(3.875,0.2,2.34999999999999));
#15949=VECTOR('',#18011,1.0);
#15950=CARTESIAN_POINT('',(3.875,0.1,0.899999999999995));
#15951=CARTESIAN_POINT('',(3.875,0.1,0.899999999999995));
#15952=VECTOR('',#18012,1.0);
#15953=CARTESIAN_POINT('',(3.875,0.2,0.899999999999995));
#15954=CARTESIAN_POINT('',(3.875,0.2,0.899999999999995));
#15955=VECTOR('',#18013,1.0);
#15956=CARTESIAN_POINT('',(3.875,0.2,2.34999999999999));
#15957=VECTOR('',#18014,1.0);
#15958=CARTESIAN_POINT('',(4.175,0.1,0.899999999999995));
#15959=CARTESIAN_POINT('',(4.175,0.1,0.899999999999995));
#15960=VECTOR('',#18015,1.0);
#15961=CARTESIAN_POINT('',(4.175,0.2,0.899999999999995));
#15962=CARTESIAN_POINT('',(4.175,0.2,0.899999999999995));
#15963=VECTOR('',#18016,1.0);
#15964=CARTESIAN_POINT('',(3.875,0.2,0.899999999999995));
#15965=VECTOR('',#18017,1.0);
#15966=CARTESIAN_POINT('',(4.175,0.1,0.749999999999995));
#15967=CARTESIAN_POINT('',(4.175,0.1,0.749999999999995));
#15968=VECTOR('',#18018,1.0);
#15969=CARTESIAN_POINT('',(4.175,0.2,0.749999999999995));
#15970=CARTESIAN_POINT('',(4.175,0.2,0.749999999999995));
#15971=VECTOR('',#18019,1.0);
#15972=CARTESIAN_POINT('',(4.175,0.2,0.899999999999995));
#15973=VECTOR('',#18020,1.0);
#15974=CARTESIAN_POINT('',(4.575,0.1,0.749999999999995));
#15975=CARTESIAN_POINT('',(4.575,0.1,0.749999999999995));
#15976=VECTOR('',#18021,1.0);
#15977=CARTESIAN_POINT('',(4.575,0.2,0.749999999999995));
#15978=CARTESIAN_POINT('',(4.575,0.2,0.749999999999995));
#15979=VECTOR('',#18022,1.0);
#15980=CARTESIAN_POINT('',(4.175,0.2,0.749999999999995));
#15981=VECTOR('',#18023,1.0);
#15982=CARTESIAN_POINT('',(4.575,0.1,0.899999999999995));
#15983=CARTESIAN_POINT('',(4.575,0.1,0.899999999999995));
#15984=VECTOR('',#18024,1.0);
#15985=CARTESIAN_POINT('',(4.575,0.2,0.899999999999995));
#15986=CARTESIAN_POINT('',(4.575,0.2,0.899999999999995));
#15987=VECTOR('',#18025,1.0);
#15988=CARTESIAN_POINT('',(4.575,0.2,0.749999999999995));
#15989=VECTOR('',#18026,1.0);
#15990=CARTESIAN_POINT('',(4.875,0.1,0.899999999999995));
#15991=CARTESIAN_POINT('',(4.875,0.1,0.899999999999995));
#15992=VECTOR('',#18027,1.0);
#15993=CARTESIAN_POINT('',(4.875,0.2,0.899999999999995));
#15994=CARTESIAN_POINT('',(4.875,0.2,0.899999999999995));
#15995=VECTOR('',#18028,1.0);
#15996=CARTESIAN_POINT('',(4.575,0.2,0.899999999999995));
#15997=VECTOR('',#18029,1.0);
#15998=CARTESIAN_POINT('',(4.875,0.1,2.34999999999999));
#15999=CARTESIAN_POINT('',(4.875,0.1,2.34999999999999));
#16000=VECTOR('',#18030,1.0);
#16001=CARTESIAN_POINT('',(4.875,0.2,2.34999999999999));
#16002=CARTESIAN_POINT('',(4.875,0.2,2.34999999999999));
#16003=VECTOR('',#18031,1.0);
#16004=CARTESIAN_POINT('',(4.875,0.2,0.899999999999995));
#16005=VECTOR('',#18032,1.0);
#16006=CARTESIAN_POINT('',(4.625,0.1,2.34999999999999));
#16007=CARTESIAN_POINT('',(4.625,0.1,2.34999999999999));
#16008=VECTOR('',#18033,1.0);
#16009=CARTESIAN_POINT('',(4.625,0.2,2.34999999999999));
#16010=CARTESIAN_POINT('',(4.625,0.2,2.34999999999999));
#16011=VECTOR('',#18034,1.0);
#16012=CARTESIAN_POINT('',(4.875,0.2,2.34999999999999));
#16013=VECTOR('',#18035,1.0);
#16014=CARTESIAN_POINT('',(4.625,0.1,2.74999999999999));
#16015=CARTESIAN_POINT('',(4.625,0.1,2.74999999999999));
#16016=VECTOR('',#18036,1.0);
#16017=CARTESIAN_POINT('',(4.625,0.2,2.74999999999999));
#16018=CARTESIAN_POINT('',(4.625,0.2,2.74999999999999));
#16019=VECTOR('',#18037,1.0);
#16020=CARTESIAN_POINT('',(4.625,0.2,2.34999999999999));
#16021=VECTOR('',#18038,1.0);
#16022=CARTESIAN_POINT('',(4.125,0.1,2.74999999999999));
#16023=CARTESIAN_POINT('',(4.125,0.1,2.74999999999999));
#16024=VECTOR('',#18039,1.0);
#16025=CARTESIAN_POINT('',(4.125,0.2,2.74999999999999));
#16026=CARTESIAN_POINT('',(4.125,0.2,2.74999999999999));
#16027=VECTOR('',#18040,1.0);
#16028=CARTESIAN_POINT('',(4.625,0.2,2.74999999999999));
#16029=VECTOR('',#18041,1.0);
#16030=CARTESIAN_POINT('',(4.125,0.1,2.34999999999999));
#16031=CARTESIAN_POINT('',(4.125,0.1,2.34999999999999));
#16032=VECTOR('',#18042,1.0);
#16033=CARTESIAN_POINT('',(4.125,0.2,2.34999999999999));
#16034=CARTESIAN_POINT('',(4.125,0.2,2.34999999999999));
#16035=VECTOR('',#18043,1.0);
#16036=CARTESIAN_POINT('',(4.125,0.2,2.74999999999999));
#16037=VECTOR('',#18044,1.0);
#16038=CARTESIAN_POINT('',(3.875,0.1,2.34999999999999));
#16039=VECTOR('',#18045,1.0);
#16040=CARTESIAN_POINT('',(4.125,0.2,2.34999999999999));
#16041=VECTOR('',#18046,1.0);
#16042=CARTESIAN_POINT('',(5.125,0.2,2.34999999999999));
#16043=CARTESIAN_POINT('',(5.125,0.1,2.34999999999999));
#16044=CARTESIAN_POINT('',(5.125,0.2,2.34999999999999));
#16045=VECTOR('',#18047,1.0);
#16046=CARTESIAN_POINT('',(5.125,0.1,0.899999999999995));
#16047=CARTESIAN_POINT('',(5.125,0.1,0.899999999999995));
#16048=VECTOR('',#18048,1.0);
#16049=CARTESIAN_POINT('',(5.125,0.2,0.899999999999995));
#16050=CARTESIAN_POINT('',(5.125,0.2,0.899999999999995));
#16051=VECTOR('',#18049,1.0);
#16052=CARTESIAN_POINT('',(5.125,0.2,2.34999999999999));
#16053=VECTOR('',#18050,1.0);
#16054=CARTESIAN_POINT('',(5.425,0.1,0.899999999999995));
#16055=CARTESIAN_POINT('',(5.425,0.1,0.899999999999995));
#16056=VECTOR('',#18051,1.0);
#16057=CARTESIAN_POINT('',(5.425,0.2,0.899999999999995));
#16058=CARTESIAN_POINT('',(5.425,0.2,0.899999999999995));
#16059=VECTOR('',#18052,1.0);
#16060=CARTESIAN_POINT('',(5.125,0.2,0.899999999999995));
#16061=VECTOR('',#18053,1.0);
#16062=CARTESIAN_POINT('',(5.425,0.1,0.749999999999995));
#16063=CARTESIAN_POINT('',(5.425,0.1,0.749999999999995));
#16064=VECTOR('',#18054,1.0);
#16065=CARTESIAN_POINT('',(5.425,0.2,0.749999999999995));
#16066=CARTESIAN_POINT('',(5.425,0.2,0.749999999999995));
#16067=VECTOR('',#18055,1.0);
#16068=CARTESIAN_POINT('',(5.425,0.2,0.899999999999995));
#16069=VECTOR('',#18056,1.0);
#16070=CARTESIAN_POINT('',(5.82499999999999,0.1,0.749999999999995));
#16071=CARTESIAN_POINT('',(5.82499999999999,0.1,0.749999999999995));
#16072=VECTOR('',#18057,1.0);
#16073=CARTESIAN_POINT('',(5.82499999999999,0.2,0.749999999999995));
#16074=CARTESIAN_POINT('',(5.82499999999999,0.2,0.749999999999995));
#16075=VECTOR('',#18058,1.0);
#16076=CARTESIAN_POINT('',(5.425,0.2,0.749999999999995));
#16077=VECTOR('',#18059,1.0);
#16078=CARTESIAN_POINT('',(5.82499999999999,0.1,0.899999999999995));
#16079=CARTESIAN_POINT('',(5.82499999999999,0.1,0.899999999999995));
#16080=VECTOR('',#18060,1.0);
#16081=CARTESIAN_POINT('',(5.82499999999999,0.2,0.899999999999995));
#16082=CARTESIAN_POINT('',(5.82499999999999,0.2,0.899999999999995));
#16083=VECTOR('',#18061,1.0);
#16084=CARTESIAN_POINT('',(5.82499999999999,0.2,0.749999999999995));
#16085=VECTOR('',#18062,1.0);
#16086=CARTESIAN_POINT('',(6.125,0.1,0.899999999999995));
#16087=CARTESIAN_POINT('',(6.125,0.1,0.899999999999995));
#16088=VECTOR('',#18063,1.0);
#16089=CARTESIAN_POINT('',(6.125,0.2,0.899999999999995));
#16090=CARTESIAN_POINT('',(6.125,0.2,0.899999999999995));
#16091=VECTOR('',#18064,1.0);
#16092=CARTESIAN_POINT('',(5.82499999999999,0.2,0.899999999999995));
#16093=VECTOR('',#18065,1.0);
#16094=CARTESIAN_POINT('',(6.125,0.1,2.34999999999999));
#16095=CARTESIAN_POINT('',(6.125,0.1,2.34999999999999));
#16096=VECTOR('',#18066,1.0);
#16097=CARTESIAN_POINT('',(6.125,0.2,2.34999999999999));
#16098=CARTESIAN_POINT('',(6.125,0.2,2.34999999999999));
#16099=VECTOR('',#18067,1.0);
#16100=CARTESIAN_POINT('',(6.125,0.2,0.899999999999995));
#16101=VECTOR('',#18068,1.0);
#16102=CARTESIAN_POINT('',(5.875,0.1,2.34999999999999));
#16103=CARTESIAN_POINT('',(5.875,0.1,2.34999999999999));
#16104=VECTOR('',#18069,1.0);
#16105=CARTESIAN_POINT('',(5.875,0.2,2.34999999999999));
#16106=CARTESIAN_POINT('',(5.875,0.2,2.34999999999999));
#16107=VECTOR('',#18070,1.0);
#16108=CARTESIAN_POINT('',(6.125,0.2,2.34999999999999));
#16109=VECTOR('',#18071,1.0);
#16110=CARTESIAN_POINT('',(5.875,0.1,2.74999999999999));
#16111=CARTESIAN_POINT('',(5.875,0.1,2.74999999999999));
#16112=VECTOR('',#18072,1.0);
#16113=CARTESIAN_POINT('',(5.875,0.2,2.74999999999999));
#16114=CARTESIAN_POINT('',(5.875,0.2,2.74999999999999));
#16115=VECTOR('',#18073,1.0);
#16116=CARTESIAN_POINT('',(5.875,0.2,2.34999999999999));
#16117=VECTOR('',#18074,1.0);
#16118=CARTESIAN_POINT('',(5.375,0.1,2.74999999999999));
#16119=CARTESIAN_POINT('',(5.375,0.1,2.74999999999999));
#16120=VECTOR('',#18075,1.0);
#16121=CARTESIAN_POINT('',(5.375,0.2,2.74999999999999));
#16122=CARTESIAN_POINT('',(5.375,0.2,2.74999999999999));
#16123=VECTOR('',#18076,1.0);
#16124=CARTESIAN_POINT('',(5.875,0.2,2.74999999999999));
#16125=VECTOR('',#18077,1.0);
#16126=CARTESIAN_POINT('',(5.375,0.1,2.34999999999999));
#16127=CARTESIAN_POINT('',(5.375,0.1,2.34999999999999));
#16128=VECTOR('',#18078,1.0);
#16129=CARTESIAN_POINT('',(5.375,0.2,2.34999999999999));
#16130=CARTESIAN_POINT('',(5.375,0.2,2.34999999999999));
#16131=VECTOR('',#18079,1.0);
#16132=CARTESIAN_POINT('',(5.375,0.2,2.74999999999999));
#16133=VECTOR('',#18080,1.0);
#16134=CARTESIAN_POINT('',(5.125,0.1,2.34999999999999));
#16135=VECTOR('',#18081,1.0);
#16136=CARTESIAN_POINT('',(5.375,0.2,2.34999999999999));
#16137=VECTOR('',#18082,1.0);
#16138=CARTESIAN_POINT('',(6.375,0.2,2.34999999999999));
#16139=CARTESIAN_POINT('',(6.375,0.1,2.34999999999999));
#16140=CARTESIAN_POINT('',(6.375,0.2,2.34999999999999));
#16141=VECTOR('',#18083,1.0);
#16142=CARTESIAN_POINT('',(6.375,0.1,0.899999999999995));
#16143=CARTESIAN_POINT('',(6.375,0.1,0.899999999999995));
#16144=VECTOR('',#18084,1.0);
#16145=CARTESIAN_POINT('',(6.375,0.2,0.899999999999995));
#16146=CARTESIAN_POINT('',(6.375,0.2,0.899999999999995));
#16147=VECTOR('',#18085,1.0);
#16148=CARTESIAN_POINT('',(6.375,0.2,2.34999999999999));
#16149=VECTOR('',#18086,1.0);
#16150=CARTESIAN_POINT('',(6.675,0.1,0.899999999999995));
#16151=CARTESIAN_POINT('',(6.675,0.1,0.899999999999995));
#16152=VECTOR('',#18087,1.0);
#16153=CARTESIAN_POINT('',(6.675,0.2,0.899999999999995));
#16154=CARTESIAN_POINT('',(6.675,0.2,0.899999999999995));
#16155=VECTOR('',#18088,1.0);
#16156=CARTESIAN_POINT('',(6.375,0.2,0.899999999999995));
#16157=VECTOR('',#18089,1.0);
#16158=CARTESIAN_POINT('',(6.675,0.1,0.749999999999995));
#16159=CARTESIAN_POINT('',(6.675,0.1,0.749999999999995));
#16160=VECTOR('',#18090,1.0);
#16161=CARTESIAN_POINT('',(6.675,0.2,0.749999999999995));
#16162=CARTESIAN_POINT('',(6.675,0.2,0.749999999999995));
#16163=VECTOR('',#18091,1.0);
#16164=CARTESIAN_POINT('',(6.675,0.2,0.899999999999995));
#16165=VECTOR('',#18092,1.0);
#16166=CARTESIAN_POINT('',(7.075,0.1,0.749999999999995));
#16167=CARTESIAN_POINT('',(7.075,0.1,0.749999999999995));
#16168=VECTOR('',#18093,1.0);
#16169=CARTESIAN_POINT('',(7.075,0.2,0.749999999999995));
#16170=CARTESIAN_POINT('',(7.075,0.2,0.749999999999995));
#16171=VECTOR('',#18094,1.0);
#16172=CARTESIAN_POINT('',(6.675,0.2,0.749999999999995));
#16173=VECTOR('',#18095,1.0);
#16174=CARTESIAN_POINT('',(7.075,0.1,0.899999999999995));
#16175=CARTESIAN_POINT('',(7.075,0.1,0.899999999999995));
#16176=VECTOR('',#18096,1.0);
#16177=CARTESIAN_POINT('',(7.075,0.2,0.899999999999995));
#16178=CARTESIAN_POINT('',(7.075,0.2,0.899999999999995));
#16179=VECTOR('',#18097,1.0);
#16180=CARTESIAN_POINT('',(7.075,0.2,0.749999999999995));
#16181=VECTOR('',#18098,1.0);
#16182=CARTESIAN_POINT('',(7.375,0.1,0.899999999999995));
#16183=CARTESIAN_POINT('',(7.375,0.1,0.899999999999995));
#16184=VECTOR('',#18099,1.0);
#16185=CARTESIAN_POINT('',(7.375,0.2,0.899999999999995));
#16186=CARTESIAN_POINT('',(7.375,0.2,0.899999999999995));
#16187=VECTOR('',#18100,1.0);
#16188=CARTESIAN_POINT('',(7.075,0.2,0.899999999999995));
#16189=VECTOR('',#18101,1.0);
#16190=CARTESIAN_POINT('',(7.375,0.1,2.34999999999999));
#16191=CARTESIAN_POINT('',(7.375,0.1,2.34999999999999));
#16192=VECTOR('',#18102,1.0);
#16193=CARTESIAN_POINT('',(7.375,0.2,2.34999999999999));
#16194=CARTESIAN_POINT('',(7.375,0.2,2.34999999999999));
#16195=VECTOR('',#18103,1.0);
#16196=CARTESIAN_POINT('',(7.375,0.2,0.899999999999995));
#16197=VECTOR('',#18104,1.0);
#16198=CARTESIAN_POINT('',(7.125,0.1,2.34999999999999));
#16199=CARTESIAN_POINT('',(7.125,0.1,2.34999999999999));
#16200=VECTOR('',#18105,1.0);
#16201=CARTESIAN_POINT('',(7.125,0.2,2.34999999999999));
#16202=CARTESIAN_POINT('',(7.125,0.2,2.34999999999999));
#16203=VECTOR('',#18106,1.0);
#16204=CARTESIAN_POINT('',(7.375,0.2,2.34999999999999));
#16205=VECTOR('',#18107,1.0);
#16206=CARTESIAN_POINT('',(7.125,0.1,2.74999999999999));
#16207=CARTESIAN_POINT('',(7.125,0.1,2.74999999999999));
#16208=VECTOR('',#18108,1.0);
#16209=CARTESIAN_POINT('',(7.125,0.2,2.74999999999999));
#16210=CARTESIAN_POINT('',(7.125,0.2,2.74999999999999));
#16211=VECTOR('',#18109,1.0);
#16212=CARTESIAN_POINT('',(7.125,0.2,2.34999999999999));
#16213=VECTOR('',#18110,1.0);
#16214=CARTESIAN_POINT('',(6.625,0.1,2.74999999999999));
#16215=CARTESIAN_POINT('',(6.625,0.1,2.74999999999999));
#16216=VECTOR('',#18111,1.0);
#16217=CARTESIAN_POINT('',(6.625,0.2,2.74999999999999));
#16218=CARTESIAN_POINT('',(6.625,0.2,2.74999999999999));
#16219=VECTOR('',#18112,1.0);
#16220=CARTESIAN_POINT('',(7.125,0.2,2.74999999999999));
#16221=VECTOR('',#18113,1.0);
#16222=CARTESIAN_POINT('',(6.625,0.1,2.34999999999999));
#16223=CARTESIAN_POINT('',(6.625,0.1,2.34999999999999));
#16224=VECTOR('',#18114,1.0);
#16225=CARTESIAN_POINT('',(6.625,0.2,2.34999999999999));
#16226=CARTESIAN_POINT('',(6.625,0.2,2.34999999999999));
#16227=VECTOR('',#18115,1.0);
#16228=CARTESIAN_POINT('',(6.625,0.2,2.74999999999999));
#16229=VECTOR('',#18116,1.0);
#16230=CARTESIAN_POINT('',(6.375,0.1,2.34999999999999));
#16231=VECTOR('',#18117,1.0);
#16232=CARTESIAN_POINT('',(6.625,0.2,2.34999999999999));
#16233=VECTOR('',#18118,1.0);
#16234=CARTESIAN_POINT('',(-8.325,3.6,-1.21));
#16235=VECTOR('',#18119,1.0);
#16236=CARTESIAN_POINT('',(-8.325,3.2,-1.21));
#16237=VECTOR('',#18120,1.0);
#16238=CARTESIAN_POINT('',(-7.925,3.6,-1.21));
#16239=VECTOR('',#18121,1.0);
#16240=CARTESIAN_POINT('',(-7.925,3.2,-1.21));
#16241=VECTOR('',#18122,1.0);
#16242=CARTESIAN_POINT('',(-7.075,3.6,-1.21));
#16243=VECTOR('',#18123,1.0);
#16244=CARTESIAN_POINT('',(-7.075,3.2,-1.21));
#16245=VECTOR('',#18124,1.0);
#16246=CARTESIAN_POINT('',(-6.675,3.6,-1.21));
#16247=VECTOR('',#18125,1.0);
#16248=CARTESIAN_POINT('',(-6.675,3.2,-1.21));
#16249=VECTOR('',#18126,1.0);
#16250=CARTESIAN_POINT('',(-5.825,3.6,-1.21));
#16251=VECTOR('',#18127,1.0);
#16252=CARTESIAN_POINT('',(-5.825,3.2,-1.21));
#16253=VECTOR('',#18128,1.0);
#16254=CARTESIAN_POINT('',(-5.425,3.6,-1.21));
#16255=VECTOR('',#18129,1.0);
#16256=CARTESIAN_POINT('',(-5.425,3.2,-1.21));
#16257=VECTOR('',#18130,1.0);
#16258=CARTESIAN_POINT('',(-4.575,3.6,-1.21));
#16259=VECTOR('',#18131,1.0);
#16260=CARTESIAN_POINT('',(-4.575,3.2,-1.21));
#16261=VECTOR('',#18132,1.0);
#16262=CARTESIAN_POINT('',(-4.175,3.6,-1.21));
#16263=VECTOR('',#18133,1.0);
#16264=CARTESIAN_POINT('',(-4.175,3.2,-1.21));
#16265=VECTOR('',#18134,1.0);
#16266=CARTESIAN_POINT('',(-3.325,3.6,-1.21));
#16267=VECTOR('',#18135,1.0);
#16268=CARTESIAN_POINT('',(-3.325,3.2,-1.21));
#16269=VECTOR('',#18136,1.0);
#16270=CARTESIAN_POINT('',(-2.925,3.6,-1.21));
#16271=VECTOR('',#18137,1.0);
#16272=CARTESIAN_POINT('',(-2.925,3.2,-1.21));
#16273=VECTOR('',#18138,1.0);
#16274=CARTESIAN_POINT('',(-2.075,3.6,-1.21));
#16275=VECTOR('',#18139,1.0);
#16276=CARTESIAN_POINT('',(-2.075,3.2,-1.21));
#16277=VECTOR('',#18140,1.0);
#16278=CARTESIAN_POINT('',(-1.675,3.6,-1.21));
#16279=VECTOR('',#18141,1.0);
#16280=CARTESIAN_POINT('',(-1.675,3.2,-1.21));
#16281=VECTOR('',#18142,1.0);
#16282=CARTESIAN_POINT('',(-0.825000000000001,3.6,-1.21));
#16283=VECTOR('',#18143,1.0);
#16284=CARTESIAN_POINT('',(-0.825000000000001,3.2,-1.21));
#16285=VECTOR('',#18144,1.0);
#16286=CARTESIAN_POINT('',(-0.425000000000002,3.6,-1.21));
#16287=VECTOR('',#18145,1.0);
#16288=CARTESIAN_POINT('',(-0.425000000000002,3.2,-1.21));
#16289=VECTOR('',#18146,1.0);
#16290=CARTESIAN_POINT('',(0.425,3.6,-1.21));
#16291=VECTOR('',#18147,1.0);
#16292=CARTESIAN_POINT('',(0.425,3.2,-1.21));
#16293=VECTOR('',#18148,1.0);
#16294=CARTESIAN_POINT('',(0.824999999999999,3.6,-1.21));
#16295=VECTOR('',#18149,1.0);
#16296=CARTESIAN_POINT('',(0.824999999999999,3.2,-1.21));
#16297=VECTOR('',#18150,1.0);
#16298=CARTESIAN_POINT('',(1.675,3.6,-1.21));
#16299=VECTOR('',#18151,1.0);
#16300=CARTESIAN_POINT('',(1.675,3.2,-1.21));
#16301=VECTOR('',#18152,1.0);
#16302=CARTESIAN_POINT('',(2.075,3.6,-1.21));
#16303=VECTOR('',#18153,1.0);
#16304=CARTESIAN_POINT('',(2.075,3.2,-1.21));
#16305=VECTOR('',#18154,1.0);
#16306=CARTESIAN_POINT('',(2.925,3.6,-1.21));
#16307=VECTOR('',#18155,1.0);
#16308=CARTESIAN_POINT('',(2.925,3.2,-1.21));
#16309=VECTOR('',#18156,1.0);
#16310=CARTESIAN_POINT('',(3.325,3.6,-1.21));
#16311=VECTOR('',#18157,1.0);
#16312=CARTESIAN_POINT('',(3.325,3.2,-1.21));
#16313=VECTOR('',#18158,1.0);
#16314=CARTESIAN_POINT('',(4.175,3.6,-1.21));
#16315=VECTOR('',#18159,1.0);
#16316=CARTESIAN_POINT('',(4.175,3.2,-1.21));
#16317=VECTOR('',#18160,1.0);
#16318=CARTESIAN_POINT('',(4.575,3.6,-1.21));
#16319=VECTOR('',#18161,1.0);
#16320=CARTESIAN_POINT('',(4.575,3.2,-1.21));
#16321=VECTOR('',#18162,1.0);
#16322=CARTESIAN_POINT('',(5.425,3.6,-1.21));
#16323=VECTOR('',#18163,1.0);
#16324=CARTESIAN_POINT('',(5.425,3.2,-1.21));
#16325=VECTOR('',#18164,1.0);
#16326=CARTESIAN_POINT('',(5.825,3.6,-1.21));
#16327=VECTOR('',#18165,1.0);
#16328=CARTESIAN_POINT('',(5.825,3.2,-1.21));
#16329=VECTOR('',#18166,1.0);
#16330=CARTESIAN_POINT('',(6.675,3.6,-1.21));
#16331=VECTOR('',#18167,1.0);
#16332=CARTESIAN_POINT('',(6.675,3.2,-1.21));
#16333=VECTOR('',#18168,1.0);
#16334=CARTESIAN_POINT('',(7.075,3.6,-1.21));
#16335=VECTOR('',#18169,1.0);
#16336=CARTESIAN_POINT('',(7.075,3.2,-1.21));
#16337=VECTOR('',#18170,1.0);
#16338=CARTESIAN_POINT('',(-7.92500000000001,0.1,0.749999999999995));
#16339=VECTOR('',#18171,1.0);
#16340=CARTESIAN_POINT('',(-7.895,0.048038475772934,0.869999999999995));
#16341=VECTOR('',#18172,1.0);
#16342=CARTESIAN_POINT('',(-7.625,0.1,0.899999999999995));
#16343=VECTOR('',#18173,1.0);
#16344=CARTESIAN_POINT('',(-8.325,0.1,0.749999999999995));
#16345=VECTOR('',#18174,1.0);
#16346=CARTESIAN_POINT('',(-7.625,0.1,2.34999999999999));
#16347=VECTOR('',#18175,1.0);
#16348=CARTESIAN_POINT('',(-8.38500000000001,-0.00392304845413342,0.839999999999994));
#16349=VECTOR('',#18176,1.0);
#16350=CARTESIAN_POINT('',(-7.825,0.0133974596215553,2.4));
#16351=VECTOR('',#18177,1.0);
#16352=CARTESIAN_POINT('',(-8.625,0.1,0.899999999999995));
#16353=VECTOR('',#18178,1.0);
#16354=CARTESIAN_POINT('',(-7.875,0.1,2.74999999999999));
#16355=VECTOR('',#18179,1.0);
#16356=CARTESIAN_POINT('',(-8.625,0.1,2.34999999999999));
#16357=VECTOR('',#18180,1.0);
#16358=CARTESIAN_POINT('',(-8.375,0.1,2.74999999999999));
#16359=VECTOR('',#18181,1.0);
#16360=CARTESIAN_POINT('',(-8.375,0.1,2.34999999999999));
#16361=VECTOR('',#18182,1.0);
#16362=CARTESIAN_POINT('',(-6.675,0.1,0.749999999999995));
#16363=VECTOR('',#18183,1.0);
#16364=CARTESIAN_POINT('',(-6.645,0.0480384757729337,0.869999999999995));
#16365=VECTOR('',#18184,1.0);
#16366=CARTESIAN_POINT('',(-6.375,0.1,0.899999999999995));
#16367=VECTOR('',#18185,1.0);
#16368=CARTESIAN_POINT('',(-7.075,0.1,0.749999999999995));
#16369=VECTOR('',#18186,1.0);
#16370=CARTESIAN_POINT('',(-6.375,0.1,2.34999999999999));
#16371=VECTOR('',#18187,1.0);
#16372=CARTESIAN_POINT('',(-7.135,-0.00392304845413248,0.839999999999995));
#16373=VECTOR('',#18188,1.0);
#16374=CARTESIAN_POINT('',(-6.575,0.0133974596215561,2.39999999999999));
#16375=VECTOR('',#18189,1.0);
#16376=CARTESIAN_POINT('',(-7.375,0.1,0.899999999999995));
#16377=VECTOR('',#18190,1.0);
#16378=CARTESIAN_POINT('',(-6.625,0.1,2.74999999999999));
#16379=VECTOR('',#18191,1.0);
#16380=CARTESIAN_POINT('',(-7.375,0.1,2.34999999999999));
#16381=VECTOR('',#18192,1.0);
#16382=CARTESIAN_POINT('',(-7.125,0.1,2.74999999999999));
#16383=VECTOR('',#18193,1.0);
#16384=CARTESIAN_POINT('',(-7.125,0.1,2.34999999999999));
#16385=VECTOR('',#18194,1.0);
#16386=CARTESIAN_POINT('',(-5.425,0.1,0.749999999999995));
#16387=VECTOR('',#18195,1.0);
#16388=CARTESIAN_POINT('',(-5.395,0.0480384757729337,0.869999999999995));
#16389=VECTOR('',#18196,1.0);
#16390=CARTESIAN_POINT('',(-5.125,0.1,0.899999999999995));
#16391=VECTOR('',#18197,1.0);
#16392=CARTESIAN_POINT('',(-5.825,0.1,0.749999999999995));
#16393=VECTOR('',#18198,1.0);
#16394=CARTESIAN_POINT('',(-5.125,0.1,2.34999999999999));
#16395=VECTOR('',#18199,1.0);
#16396=CARTESIAN_POINT('',(-5.885,-0.00392304845413248,0.839999999999995));
#16397=VECTOR('',#18200,1.0);
#16398=CARTESIAN_POINT('',(-5.325,0.0133974596215561,2.39999999999999));
#16399=VECTOR('',#18201,1.0);
#16400=CARTESIAN_POINT('',(-6.125,0.1,0.899999999999995));
#16401=VECTOR('',#18202,1.0);
#16402=CARTESIAN_POINT('',(-5.375,0.1,2.74999999999999));
#16403=VECTOR('',#18203,1.0);
#16404=CARTESIAN_POINT('',(-6.125,0.1,2.34999999999999));
#16405=VECTOR('',#18204,1.0);
#16406=CARTESIAN_POINT('',(-5.875,0.1,2.74999999999999));
#16407=VECTOR('',#18205,1.0);
#16408=CARTESIAN_POINT('',(-5.875,0.1,2.34999999999999));
#16409=VECTOR('',#18206,1.0);
#16410=CARTESIAN_POINT('',(-4.17500000000001,0.1,0.749999999999995));
#16411=VECTOR('',#18207,1.0);
#16412=CARTESIAN_POINT('',(-4.14500000000001,0.0480384757729337,0.869999999999995));
#16413=VECTOR('',#18208,1.0);
#16414=CARTESIAN_POINT('',(-3.875,0.1,0.899999999999995));
#16415=VECTOR('',#18209,1.0);
#16416=CARTESIAN_POINT('',(-4.575,0.1,0.749999999999995));
#16417=VECTOR('',#18210,1.0);
#16418=CARTESIAN_POINT('',(-3.875,0.1,2.34999999999999));
#16419=VECTOR('',#18211,1.0);
#16420=CARTESIAN_POINT('',(-4.635,-0.00392304845413248,0.839999999999995));
#16421=VECTOR('',#18212,1.0);
#16422=CARTESIAN_POINT('',(-4.075,0.0133974596215561,2.39999999999999));
#16423=VECTOR('',#18213,1.0);
#16424=CARTESIAN_POINT('',(-4.875,0.1,0.899999999999995));
#16425=VECTOR('',#18214,1.0);
#16426=CARTESIAN_POINT('',(-4.125,0.1,2.74999999999999));
#16427=VECTOR('',#18215,1.0);
#16428=CARTESIAN_POINT('',(-4.875,0.1,2.34999999999999));
#16429=VECTOR('',#18216,1.0);
#16430=CARTESIAN_POINT('',(-4.625,0.1,2.74999999999999));
#16431=VECTOR('',#18217,1.0);
#16432=CARTESIAN_POINT('',(-4.625,0.1,2.34999999999999));
#16433=VECTOR('',#18218,1.0);
#16434=CARTESIAN_POINT('',(-2.925,0.1,0.749999999999995));
#16435=VECTOR('',#18219,1.0);
#16436=CARTESIAN_POINT('',(-2.895,0.0480384757729337,0.869999999999995));
#16437=VECTOR('',#18220,1.0);
#16438=CARTESIAN_POINT('',(-2.625,0.1,0.899999999999995));
#16439=VECTOR('',#18221,1.0);
#16440=CARTESIAN_POINT('',(-3.325,0.1,0.749999999999995));
#16441=VECTOR('',#18222,1.0);
#16442=CARTESIAN_POINT('',(-2.625,0.1,2.34999999999999));
#16443=VECTOR('',#18223,1.0);
#16444=CARTESIAN_POINT('',(-3.385,-0.00392304845413248,0.839999999999995));
#16445=VECTOR('',#18224,1.0);
#16446=CARTESIAN_POINT('',(-2.825,0.0133974596215561,2.39999999999999));
#16447=VECTOR('',#18225,1.0);
#16448=CARTESIAN_POINT('',(-3.625,0.1,0.899999999999995));
#16449=VECTOR('',#18226,1.0);
#16450=CARTESIAN_POINT('',(-2.875,0.1,2.74999999999999));
#16451=VECTOR('',#18227,1.0);
#16452=CARTESIAN_POINT('',(-3.625,0.1,2.34999999999999));
#16453=VECTOR('',#18228,1.0);
#16454=CARTESIAN_POINT('',(-3.375,0.1,2.74999999999999));
#16455=VECTOR('',#18229,1.0);
#16456=CARTESIAN_POINT('',(-3.375,0.1,2.34999999999999));
#16457=VECTOR('',#18230,1.0);
#16458=CARTESIAN_POINT('',(-1.675,0.1,0.749999999999995));
#16459=VECTOR('',#18231,1.0);
#16460=CARTESIAN_POINT('',(-1.645,0.0480384757729337,0.869999999999995));
#16461=VECTOR('',#18232,1.0);
#16462=CARTESIAN_POINT('',(-1.375,0.1,0.899999999999995));
#16463=VECTOR('',#18233,1.0);
#16464=CARTESIAN_POINT('',(-2.075,0.1,0.749999999999995));
#16465=VECTOR('',#18234,1.0);
#16466=CARTESIAN_POINT('',(-1.375,0.1,2.34999999999999));
#16467=VECTOR('',#18235,1.0);
#16468=CARTESIAN_POINT('',(-2.135,-0.00392304845413248,0.839999999999995));
#16469=VECTOR('',#18236,1.0);
#16470=CARTESIAN_POINT('',(-1.575,0.0133974596215561,2.39999999999999));
#16471=VECTOR('',#18237,1.0);
#16472=CARTESIAN_POINT('',(-2.375,0.1,0.899999999999995));
#16473=VECTOR('',#18238,1.0);
#16474=CARTESIAN_POINT('',(-1.625,0.1,2.74999999999999));
#16475=VECTOR('',#18239,1.0);
#16476=CARTESIAN_POINT('',(-2.375,0.1,2.34999999999999));
#16477=VECTOR('',#18240,1.0);
#16478=CARTESIAN_POINT('',(-2.125,0.1,2.74999999999999));
#16479=VECTOR('',#18241,1.0);
#16480=CARTESIAN_POINT('',(-2.125,0.1,2.34999999999999));
#16481=VECTOR('',#18242,1.0);
#16482=CARTESIAN_POINT('',(-0.425000000000005,0.1,0.749999999999995));
#16483=VECTOR('',#18243,1.0);
#16484=CARTESIAN_POINT('',(-0.395000000000005,0.048038475772934,0.869999999999995));
#16485=VECTOR('',#18244,1.0);
#16486=CARTESIAN_POINT('',(-0.125000000000004,0.1,0.899999999999995));
#16487=VECTOR('',#18245,1.0);
#16488=CARTESIAN_POINT('',(-0.825000000000005,0.1,0.749999999999995));
#16489=VECTOR('',#18246,1.0);
#16490=CARTESIAN_POINT('',(-0.125000000000004,0.1,2.34999999999999));
#16491=VECTOR('',#18247,1.0);
#16492=CARTESIAN_POINT('',(-0.885000000000006,-0.00392304845413342,0.839999999999994));
#16493=VECTOR('',#18248,1.0);
#16494=CARTESIAN_POINT('',(-0.325000000000003,0.0133974596215553,2.4));
#16495=VECTOR('',#18249,1.0);
#16496=CARTESIAN_POINT('',(-1.125,0.1,0.899999999999995));
#16497=VECTOR('',#18250,1.0);
#16498=CARTESIAN_POINT('',(-0.375000000000004,0.1,2.74999999999999));
#16499=VECTOR('',#18251,1.0);
#16500=CARTESIAN_POINT('',(-1.125,0.1,2.34999999999999));
#16501=VECTOR('',#18252,1.0);
#16502=CARTESIAN_POINT('',(-0.875000000000004,0.1,2.74999999999999));
#16503=VECTOR('',#18253,1.0);
#16504=CARTESIAN_POINT('',(-0.875000000000004,0.1,2.34999999999999));
#16505=VECTOR('',#18254,1.0);
#16506=CARTESIAN_POINT('',(0.824999999999996,0.1,0.749999999999995));
#16507=VECTOR('',#18255,1.0);
#16508=CARTESIAN_POINT('',(0.854999999999996,0.048038475772934,0.869999999999995));
#16509=VECTOR('',#18256,1.0);
#16510=CARTESIAN_POINT('',(1.125,0.1,0.899999999999995));
#16511=VECTOR('',#18257,1.0);
#16512=CARTESIAN_POINT('',(0.424999999999997,0.1,0.749999999999995));
#16513=VECTOR('',#18258,1.0);
#16514=CARTESIAN_POINT('',(1.125,0.1,2.34999999999999));
#16515=VECTOR('',#18259,1.0);
#16516=CARTESIAN_POINT('',(0.364999999999995,-0.00392304845413342,0.839999999999994));
#16517=VECTOR('',#18260,1.0);
#16518=CARTESIAN_POINT('',(0.924999999999998,0.0133974596215553,2.4));
#16519=VECTOR('',#18261,1.0);
#16520=CARTESIAN_POINT('',(0.124999999999997,0.1,0.899999999999995));
#16521=VECTOR('',#18262,1.0);
#16522=CARTESIAN_POINT('',(0.874999999999997,0.1,2.74999999999999));
#16523=VECTOR('',#18263,1.0);
#16524=CARTESIAN_POINT('',(0.124999999999997,0.1,2.34999999999999));
#16525=VECTOR('',#18264,1.0);
#16526=CARTESIAN_POINT('',(0.374999999999997,0.1,2.74999999999999));
#16527=VECTOR('',#18265,1.0);
#16528=CARTESIAN_POINT('',(0.374999999999997,0.1,2.34999999999999));
#16529=VECTOR('',#18266,1.0);
#16530=CARTESIAN_POINT('',(2.075,0.1,0.749999999999995));
#16531=VECTOR('',#18267,1.0);
#16532=CARTESIAN_POINT('',(2.105,0.048038475772934,0.869999999999995));
#16533=VECTOR('',#18268,1.0);
#16534=CARTESIAN_POINT('',(2.375,0.1,0.899999999999995));
#16535=VECTOR('',#18269,1.0);
#16536=CARTESIAN_POINT('',(1.675,0.1,0.749999999999995));
#16537=VECTOR('',#18270,1.0);
#16538=CARTESIAN_POINT('',(2.375,0.1,2.34999999999999));
#16539=VECTOR('',#18271,1.0);
#16540=CARTESIAN_POINT('',(1.61499999999999,-0.00392304845413342,0.839999999999994));
#16541=VECTOR('',#18272,1.0);
#16542=CARTESIAN_POINT('',(2.175,0.0133974596215553,2.4));
#16543=VECTOR('',#18273,1.0);
#16544=CARTESIAN_POINT('',(1.375,0.1,0.899999999999995));
#16545=VECTOR('',#18274,1.0);
#16546=CARTESIAN_POINT('',(2.125,0.1,2.74999999999999));
#16547=VECTOR('',#18275,1.0);
#16548=CARTESIAN_POINT('',(1.375,0.1,2.34999999999999));
#16549=VECTOR('',#18276,1.0);
#16550=CARTESIAN_POINT('',(1.625,0.1,2.74999999999999));
#16551=VECTOR('',#18277,1.0);
#16552=CARTESIAN_POINT('',(1.625,0.1,2.34999999999999));
#16553=VECTOR('',#18278,1.0);
#16554=CARTESIAN_POINT('',(3.325,0.1,0.749999999999995));
#16555=VECTOR('',#18279,1.0);
#16556=CARTESIAN_POINT('',(3.355,0.0480384757729337,0.869999999999995));
#16557=VECTOR('',#18280,1.0);
#16558=CARTESIAN_POINT('',(3.625,0.1,0.899999999999995));
#16559=VECTOR('',#18281,1.0);
#16560=CARTESIAN_POINT('',(2.925,0.1,0.749999999999995));
#16561=VECTOR('',#18282,1.0);
#16562=CARTESIAN_POINT('',(3.625,0.1,2.34999999999999));
#16563=VECTOR('',#18283,1.0);
#16564=CARTESIAN_POINT('',(2.865,-0.00392304845413248,0.839999999999995));
#16565=VECTOR('',#18284,1.0);
#16566=CARTESIAN_POINT('',(3.425,0.0133974596215561,2.39999999999999));
#16567=VECTOR('',#18285,1.0);
#16568=CARTESIAN_POINT('',(2.625,0.1,0.899999999999995));
#16569=VECTOR('',#18286,1.0);
#16570=CARTESIAN_POINT('',(3.375,0.1,2.74999999999999));
#16571=VECTOR('',#18287,1.0);
#16572=CARTESIAN_POINT('',(2.625,0.1,2.34999999999999));
#16573=VECTOR('',#18288,1.0);
#16574=CARTESIAN_POINT('',(2.875,0.1,2.74999999999999));
#16575=VECTOR('',#18289,1.0);
#16576=CARTESIAN_POINT('',(2.875,0.1,2.34999999999999));
#16577=VECTOR('',#18290,1.0);
#16578=CARTESIAN_POINT('',(4.575,0.1,0.749999999999995));
#16579=VECTOR('',#18291,1.0);
#16580=CARTESIAN_POINT('',(4.605,0.048038475772934,0.869999999999995));
#16581=VECTOR('',#18292,1.0);
#16582=CARTESIAN_POINT('',(4.875,0.1,0.899999999999995));
#16583=VECTOR('',#18293,1.0);
#16584=CARTESIAN_POINT('',(4.175,0.1,0.749999999999995));
#16585=VECTOR('',#18294,1.0);
#16586=CARTESIAN_POINT('',(4.875,0.1,2.34999999999999));
#16587=VECTOR('',#18295,1.0);
#16588=CARTESIAN_POINT('',(4.115,-0.00392304845413342,0.839999999999994));
#16589=VECTOR('',#18296,1.0);
#16590=CARTESIAN_POINT('',(4.675,0.0133974596215553,2.4));
#16591=VECTOR('',#18297,1.0);
#16592=CARTESIAN_POINT('',(3.875,0.1,0.899999999999995));
#16593=VECTOR('',#18298,1.0);
#16594=CARTESIAN_POINT('',(4.625,0.1,2.74999999999999));
#16595=VECTOR('',#18299,1.0);
#16596=CARTESIAN_POINT('',(3.875,0.1,2.34999999999999));
#16597=VECTOR('',#18300,1.0);
#16598=CARTESIAN_POINT('',(4.125,0.1,2.74999999999999));
#16599=VECTOR('',#18301,1.0);
#16600=CARTESIAN_POINT('',(4.125,0.1,2.34999999999999));
#16601=VECTOR('',#18302,1.0);
#16602=CARTESIAN_POINT('',(5.82499999999999,0.1,0.749999999999995));
#16603=VECTOR('',#18303,1.0);
#16604=CARTESIAN_POINT('',(5.855,0.048038475772934,0.869999999999995));
#16605=VECTOR('',#18304,1.0);
#16606=CARTESIAN_POINT('',(6.125,0.1,0.899999999999995));
#16607=VECTOR('',#18305,1.0);
#16608=CARTESIAN_POINT('',(5.425,0.1,0.749999999999995));
#16609=VECTOR('',#18306,1.0);
#16610=CARTESIAN_POINT('',(6.125,0.1,2.34999999999999));
#16611=VECTOR('',#18307,1.0);
#16612=CARTESIAN_POINT('',(5.36499999999999,-0.00392304845413342,0.839999999999994));
#16613=VECTOR('',#18308,1.0);
#16614=CARTESIAN_POINT('',(5.925,0.0133974596215553,2.4));
#16615=VECTOR('',#18309,1.0);
#16616=CARTESIAN_POINT('',(5.125,0.1,0.899999999999995));
#16617=VECTOR('',#18310,1.0);
#16618=CARTESIAN_POINT('',(5.875,0.1,2.74999999999999));
#16619=VECTOR('',#18311,1.0);
#16620=CARTESIAN_POINT('',(5.125,0.1,2.34999999999999));
#16621=VECTOR('',#18312,1.0);
#16622=CARTESIAN_POINT('',(5.375,0.1,2.74999999999999));
#16623=VECTOR('',#18313,1.0);
#16624=CARTESIAN_POINT('',(5.375,0.1,2.34999999999999));
#16625=VECTOR('',#18314,1.0);
#16626=CARTESIAN_POINT('',(7.075,0.1,0.749999999999995));
#16627=VECTOR('',#18315,1.0);
#16628=CARTESIAN_POINT('',(7.105,0.0480384757729337,0.869999999999995));
#16629=VECTOR('',#18316,1.0);
#16630=CARTESIAN_POINT('',(7.375,0.1,0.899999999999995));
#16631=VECTOR('',#18317,1.0);
#16632=CARTESIAN_POINT('',(6.675,0.1,0.749999999999995));
#16633=VECTOR('',#18318,1.0);
#16634=CARTESIAN_POINT('',(7.375,0.1,2.34999999999999));
#16635=VECTOR('',#18319,1.0);
#16636=CARTESIAN_POINT('',(6.615,-0.00392304845413248,0.839999999999995));
#16637=VECTOR('',#18320,1.0);
#16638=CARTESIAN_POINT('',(7.175,0.0133974596215561,2.39999999999999));
#16639=VECTOR('',#18321,1.0);
#16640=CARTESIAN_POINT('',(6.375,0.1,0.899999999999995));
#16641=VECTOR('',#18322,1.0);
#16642=CARTESIAN_POINT('',(7.125,0.1,2.74999999999999));
#16643=VECTOR('',#18323,1.0);
#16644=CARTESIAN_POINT('',(6.375,0.1,2.34999999999999));
#16645=VECTOR('',#18324,1.0);
#16646=CARTESIAN_POINT('',(6.625,0.1,2.74999999999999));
#16647=VECTOR('',#18325,1.0);
#16648=CARTESIAN_POINT('',(6.625,0.1,2.34999999999999));
#16649=VECTOR('',#18326,1.0);
#16650=CARTESIAN_POINT('',(-8.3,3.8,1.75));
#16651=VECTOR('',#18327,1.0);
#16652=CARTESIAN_POINT('',(-7.95,3.8,1.75));
#16653=VECTOR('',#18328,1.0);
#16654=CARTESIAN_POINT('',(-7.05,3.8,1.75));
#16655=VECTOR('',#18329,1.0);
#16656=CARTESIAN_POINT('',(-6.7,3.8,1.75));
#16657=VECTOR('',#18330,1.0);
#16658=CARTESIAN_POINT('',(-5.8,3.8,1.75));
#16659=VECTOR('',#18331,1.0);
#16660=CARTESIAN_POINT('',(-5.45,3.8,1.75));
#16661=VECTOR('',#18332,1.0);
#16662=CARTESIAN_POINT('',(-4.55,3.8,1.75));
#16663=VECTOR('',#18333,1.0);
#16664=CARTESIAN_POINT('',(-4.2,3.8,1.75));
#16665=VECTOR('',#18334,1.0);
#16666=CARTESIAN_POINT('',(-3.3,3.8,1.75));
#16667=VECTOR('',#18335,1.0);
#16668=CARTESIAN_POINT('',(-2.95,3.8,1.75));
#16669=VECTOR('',#18336,1.0);
#16670=CARTESIAN_POINT('',(-2.05,3.8,1.75));
#16671=VECTOR('',#18337,1.0);
#16672=CARTESIAN_POINT('',(-1.7,3.8,1.75));
#16673=VECTOR('',#18338,1.0);
#16674=CARTESIAN_POINT('',(-0.8,3.8,1.75));
#16675=VECTOR('',#18339,1.0);
#16676=CARTESIAN_POINT('',(-0.450000000000001,3.8,1.75));
#16677=VECTOR('',#18340,1.0);
#16678=CARTESIAN_POINT('',(0.450000000000001,3.8,1.75));
#16679=VECTOR('',#18341,1.0);
#16680=CARTESIAN_POINT('',(0.8,3.8,1.75));
#16681=VECTOR('',#18342,1.0);
#16682=CARTESIAN_POINT('',(1.7,3.8,1.75));
#16683=VECTOR('',#18343,1.0);
#16684=CARTESIAN_POINT('',(2.05,3.8,1.75));
#16685=VECTOR('',#18344,1.0);
#16686=CARTESIAN_POINT('',(2.95,3.8,1.75));
#16687=VECTOR('',#18345,1.0);
#16688=CARTESIAN_POINT('',(3.3,3.8,1.75));
#16689=VECTOR('',#18346,1.0);
#16690=CARTESIAN_POINT('',(4.2,3.8,1.75));
#16691=VECTOR('',#18347,1.0);
#16692=CARTESIAN_POINT('',(4.55,3.8,1.75));
#16693=VECTOR('',#18348,1.0);
#16694=CARTESIAN_POINT('',(5.45,3.8,1.75));
#16695=VECTOR('',#18349,1.0);
#16696=CARTESIAN_POINT('',(5.8,3.8,1.75));
#16697=VECTOR('',#18350,1.0);
#16698=CARTESIAN_POINT('',(6.7,3.8,1.75));
#16699=VECTOR('',#18351,1.0);
#16700=CARTESIAN_POINT('',(7.05,3.8,1.75));
#16701=VECTOR('',#18352,1.0);
#16702=CARTESIAN_POINT('',(-7.95,2.85,0.199999999999999));
#16703=CARTESIAN_POINT('',(-7.95,2.9,0.2));
#16704=CARTESIAN_POINT('',(-7.95,2.5,0.199999999999999));
#16705=VECTOR('',#18353,1.0);
#16706=CARTESIAN_POINT('',(-7.95,2.85,0.199999999999999));
#16707=VECTOR('',#18354,1.0);
#16708=CARTESIAN_POINT('',(-7.95,2.9,0.200000000000001));
#16709=VECTOR('',#18355,1.0);
#16710=CARTESIAN_POINT('',(-7.05,2.85,0.199999999999999));
#16711=CARTESIAN_POINT('',(-7.05,2.85,0.199999999999999));
#16712=VECTOR('',#18356,1.0);
#16713=CARTESIAN_POINT('',(-7.05,2.9,0.2));
#16714=CARTESIAN_POINT('',(-7.05,3.6,0.2));
#16715=VECTOR('',#18357,1.0);
#16716=CARTESIAN_POINT('',(-7.05,2.9,0.200000000000001));
#16717=VECTOR('',#18358,1.0);
#16718=CARTESIAN_POINT('',(-7.95,2.85,0.199999999999999));
#16719=VECTOR('',#18359,1.0);
#16720=CARTESIAN_POINT('',(-7.05,2.9,0.2));
#16721=VECTOR('',#18360,1.0);
#16722=DIRECTION('',(0.0,1.0,7.39228753967389E-16));
#16723=DIRECTION('',(-1.0,0.0,0.0));
#16724=DIRECTION('',(0.0,-1.0,-7.39228753967389E-16));
#16725=DIRECTION('',(1.0,-4.81867632215781E-16,0.0));
#16726=DIRECTION('',(-1.0,0.0,0.0));
#16727=DIRECTION('',(0.707106781186554,0.707106781186541,9.15399054736335E-17));
#16728=DIRECTION('',(-1.0,0.0,0.0));
#16729=DIRECTION('',(0.707106781186545,-0.70710678118655,-9.15399054736345E-17));
#16730=DIRECTION('',(-1.0,0.0,0.0));
#16731=DIRECTION('',(0.707106781186545,0.70710678118655,9.15399054736345E-17));
#16732=DIRECTION('',(-1.0,0.0,0.0));
#16733=DIRECTION('',(0.70710678118655,-0.707106781186546,-9.15399054736339E-17));
#16734=DIRECTION('',(-1.0,0.0,0.0));
#16735=DIRECTION('',(0.70710678118655,0.707106781186546,9.15399054736339E-17));
#16736=DIRECTION('',(-1.0,0.0,0.0));
#16737=DIRECTION('',(0.707106781186545,-0.70710678118655,-9.15399054736345E-17));
#16738=DIRECTION('',(-1.0,0.0,0.0));
#16739=DIRECTION('',(0.707106781186545,0.70710678118655,9.15399054736345E-17));
#16740=DIRECTION('',(-1.0,0.0,0.0));
#16741=DIRECTION('',(0.707106781186545,-0.70710678118655,-9.15399054736345E-17));
#16742=DIRECTION('',(-1.0,0.0,0.0));
#16743=DIRECTION('',(0.707106781186545,0.70710678118655,9.15399054736345E-17));
#16744=DIRECTION('',(-1.0,0.0,0.0));
#16745=DIRECTION('',(0.70710678118655,-0.707106781186546,-9.15399054736339E-17));
#16746=DIRECTION('',(-1.0,0.0,0.0));
#16747=DIRECTION('',(0.70710678118655,0.707106781186546,9.15399054736339E-17));
#16748=DIRECTION('',(-1.0,0.0,0.0));
#16749=DIRECTION('',(0.707106781186545,-0.70710678118655,-9.15399054736345E-17));
#16750=DIRECTION('',(-1.0,0.0,0.0));
#16751=DIRECTION('',(0.707106781186545,0.70710678118655,9.15399054736345E-17));
#16752=DIRECTION('',(-1.0,0.0,0.0));
#16753=DIRECTION('',(0.707106781186545,-0.70710678118655,-9.15399054736345E-17));
#16754=DIRECTION('',(-1.0,0.0,0.0));
#16755=DIRECTION('',(0.707106781186545,0.70710678118655,9.15399054736345E-17));
#16756=DIRECTION('',(-1.0,0.0,0.0));
#16757=DIRECTION('',(0.707106781186548,-0.707106781186548,-9.15399054736342E-17));
#16758=DIRECTION('',(-1.0,0.0,0.0));
#16759=DIRECTION('',(0.707106781186548,0.707106781186548,9.15399054736342E-17));
#16760=DIRECTION('',(-1.0,0.0,0.0));
#16761=DIRECTION('',(0.707106781186548,-0.707106781186548,-9.15399054736342E-17));
#16762=DIRECTION('',(-1.0,0.0,0.0));
#16763=DIRECTION('',(0.707106781186548,0.707106781186548,9.15399054736342E-17));
#16764=DIRECTION('',(-1.0,0.0,0.0));
#16765=DIRECTION('',(0.707106781186548,-0.707106781186548,-9.15399054736342E-17));
#16766=DIRECTION('',(-1.0,0.0,0.0));
#16767=DIRECTION('',(0.707106781186548,0.707106781186548,9.15399054736342E-17));
#16768=DIRECTION('',(-1.0,0.0,0.0));
#16769=DIRECTION('',(0.707106781186548,-0.707106781186548,-9.15399054736342E-17));
#16770=DIRECTION('',(-1.0,0.0,0.0));
#16771=DIRECTION('',(0.707106781186548,0.707106781186548,9.15399054736342E-17));
#16772=DIRECTION('',(-1.0,0.0,0.0));
#16773=DIRECTION('',(0.707106781186548,-0.707106781186548,-9.15399054736342E-17));
#16774=DIRECTION('',(-1.0,0.0,0.0));
#16775=DIRECTION('',(0.707106781186548,0.707106781186548,9.15399054736342E-17));
#16776=DIRECTION('',(-1.0,0.0,0.0));
#16777=DIRECTION('',(0.707106781186548,-0.707106781186548,-9.15399054736342E-17));
#16778=DIRECTION('',(-1.0,0.0,0.0));
#16779=DIRECTION('',(0.70710678118655,0.707106781186546,9.15399054736339E-17));
#16780=DIRECTION('',(-1.0,0.0,0.0));
#16781=DIRECTION('',(0.0,1.0,1.29456975819165E-16));
#16782=DIRECTION('',(-1.0,0.0,0.0));
#16783=DIRECTION('',(0.0,1.0,1.29456975819165E-16));
#16784=DIRECTION('',(-1.0,0.0,0.0));
#16785=DIRECTION('',(0.707106781186554,-0.707106781186541,-9.15399054736335E-17));
#16786=DIRECTION('',(0.0,1.0,7.39228753967389E-16));
#16787=DIRECTION('',(-1.0,0.0,0.0));
#16788=DIRECTION('',(0.0,-1.0,-7.39228753967389E-16));
#16789=DIRECTION('',(1.0,-4.81867632215781E-16,0.0));
#16790=DIRECTION('',(0.6,0.8,-5.20417042793042E-15));
#16791=DIRECTION('',(0.0,1.0,-1.0842021724855E-15));
#16792=DIRECTION('',(1.0,0.0,0.0));
#16793=DIRECTION('',(0.0,-1.0,0.0));
#16794=DIRECTION('',(0.600000000000002,-0.799999999999998,6.07153216591882E-15));
#16795=DIRECTION('',(-1.0,0.0,0.0));
#16796=DIRECTION('',(0.6,0.8,-5.20417042793042E-15));
#16797=DIRECTION('',(0.0,1.0,-1.0842021724855E-15));
#16798=DIRECTION('',(1.0,0.0,0.0));
#16799=DIRECTION('',(0.0,-1.0,0.0));
#16800=DIRECTION('',(0.600000000000002,-0.799999999999998,6.07153216591882E-15));
#16801=DIRECTION('',(-1.0,0.0,0.0));
#16802=DIRECTION('',(0.0,-1.0,0.0));
#16803=DIRECTION('',(-1.0,0.0,0.0));
#16804=DIRECTION('',(0.0,-1.0,0.0));
#16805=DIRECTION('',(-1.0,0.0,0.0));
#16806=DIRECTION('',(0.6,0.8,-5.20417042793042E-15));
#16807=DIRECTION('',(0.0,1.0,-1.0842021724855E-15));
#16808=DIRECTION('',(1.0,0.0,0.0));
#16809=DIRECTION('',(0.0,-1.0,0.0));
#16810=DIRECTION('',(0.600000000000002,-0.799999999999998,6.07153216591882E-15));
#16811=DIRECTION('',(-1.0,0.0,0.0));
#16812=DIRECTION('',(0.6,0.8,-5.20417042793042E-15));
#16813=DIRECTION('',(0.0,1.0,-1.0842021724855E-15));
#16814=DIRECTION('',(1.0,0.0,0.0));
#16815=DIRECTION('',(0.0,-1.0,0.0));
#16816=DIRECTION('',(0.600000000000002,-0.799999999999998,6.07153216591882E-15));
#16817=DIRECTION('',(-1.0,0.0,0.0));
#16818=DIRECTION('',(0.6,0.8,-5.20417042793042E-15));
#16819=DIRECTION('',(0.0,1.0,-1.0842021724855E-15));
#16820=DIRECTION('',(1.0,0.0,0.0));
#16821=DIRECTION('',(0.0,-1.0,0.0));
#16822=DIRECTION('',(0.600000000000002,-0.799999999999998,6.07153216591882E-15));
#16823=DIRECTION('',(-1.0,0.0,0.0));
#16824=DIRECTION('',(0.6,0.8,-5.20417042793042E-15));
#16825=DIRECTION('',(0.0,1.0,-1.0842021724855E-15));
#16826=DIRECTION('',(1.0,0.0,0.0));
#16827=DIRECTION('',(0.0,-1.0,0.0));
#16828=DIRECTION('',(0.600000000000002,-0.799999999999998,6.07153216591882E-15));
#16829=DIRECTION('',(-1.0,0.0,0.0));
#16830=DIRECTION('',(0.6,0.8,-5.20417042793042E-15));
#16831=DIRECTION('',(0.0,1.0,-1.0842021724855E-15));
#16832=DIRECTION('',(1.0,0.0,0.0));
#16833=DIRECTION('',(0.0,-1.0,0.0));
#16834=DIRECTION('',(0.600000000000002,-0.799999999999998,6.07153216591882E-15));
#16835=DIRECTION('',(-1.0,0.0,0.0));
#16836=DIRECTION('',(0.6,0.8,-5.20417042793042E-15));
#16837=DIRECTION('',(0.0,1.0,-1.0842021724855E-15));
#16838=DIRECTION('',(1.0,0.0,0.0));
#16839=DIRECTION('',(0.0,-1.0,0.0));
#16840=DIRECTION('',(0.600000000000002,-0.799999999999998,6.07153216591882E-15));
#16841=DIRECTION('',(-1.0,0.0,0.0));
#16842=DIRECTION('',(0.6,0.8,-5.20417042793042E-15));
#16843=DIRECTION('',(0.0,1.0,-1.0842021724855E-15));
#16844=DIRECTION('',(1.0,0.0,0.0));
#16845=DIRECTION('',(0.0,-1.0,0.0));
#16846=DIRECTION('',(0.600000000000002,-0.799999999999998,6.07153216591882E-15));
#16847=DIRECTION('',(-1.0,0.0,0.0));
#16848=DIRECTION('',(0.6,0.8,-5.20417042793042E-15));
#16849=DIRECTION('',(0.0,1.0,-1.0842021724855E-15));
#16850=DIRECTION('',(1.0,0.0,0.0));
#16851=DIRECTION('',(0.0,-1.0,0.0));
#16852=DIRECTION('',(0.600000000000002,-0.799999999999998,6.07153216591882E-15));
#16853=DIRECTION('',(-1.0,0.0,0.0));
#16854=DIRECTION('',(0.6,0.8,-5.20417042793042E-15));
#16855=DIRECTION('',(0.0,1.0,-1.0842021724855E-15));
#16856=DIRECTION('',(1.0,0.0,0.0));
#16857=DIRECTION('',(0.0,-1.0,0.0));
#16858=DIRECTION('',(0.600000000000002,-0.799999999999998,6.07153216591882E-15));
#16859=DIRECTION('',(-1.0,0.0,0.0));
#16860=DIRECTION('',(0.6,0.8,-5.20417042793042E-15));
#16861=DIRECTION('',(0.0,1.0,-1.0842021724855E-15));
#16862=DIRECTION('',(1.0,0.0,0.0));
#16863=DIRECTION('',(0.0,-1.0,0.0));
#16864=DIRECTION('',(0.600000000000002,-0.799999999999998,6.07153216591882E-15));
#16865=DIRECTION('',(-1.0,0.0,0.0));
#16866=DIRECTION('',(0.6,0.8,-5.20417042793042E-15));
#16867=DIRECTION('',(0.0,1.0,-1.0842021724855E-15));
#16868=DIRECTION('',(1.0,0.0,0.0));
#16869=DIRECTION('',(0.0,-1.0,0.0));
#16870=DIRECTION('',(0.600000000000002,-0.799999999999998,6.07153216591882E-15));
#16871=DIRECTION('',(-1.0,0.0,0.0));
#16872=DIRECTION('',(0.6,0.8,-5.20417042793042E-15));
#16873=DIRECTION('',(0.0,1.0,-1.0842021724855E-15));
#16874=DIRECTION('',(1.0,0.0,0.0));
#16875=DIRECTION('',(0.0,-1.0,0.0));
#16876=DIRECTION('',(0.600000000000002,-0.799999999999998,6.07153216591882E-15));
#16877=DIRECTION('',(-1.0,0.0,0.0));
#16878=DIRECTION('',(0.0,-2.16840434497101E-16,1.0));
#16879=DIRECTION('',(-1.0,0.0,0.0));
#16880=DIRECTION('',(0.0,-2.16840434497101E-16,1.0));
#16881=DIRECTION('',(0.0,-2.16840434497101E-16,1.0));
#16882=DIRECTION('',(0.0,-2.16840434497101E-16,1.0));
#16883=DIRECTION('',(-1.0,0.0,0.0));
#16884=DIRECTION('',(0.0,-2.16840434497101E-16,1.0));
#16885=DIRECTION('',(0.0,-2.16840434497101E-16,1.0));
#16886=DIRECTION('',(-1.0,0.0,0.0));
#16887=DIRECTION('',(0.0,-2.16840434497101E-16,1.0));
#16888=DIRECTION('',(0.0,-2.16840434497101E-16,1.0));
#16889=DIRECTION('',(-1.0,0.0,0.0));
#16890=DIRECTION('',(0.0,-2.16840434497101E-16,1.0));
#16891=DIRECTION('',(0.0,-2.16840434497101E-16,1.0));
#16892=DIRECTION('',(-1.0,0.0,0.0));
#16893=DIRECTION('',(0.0,-2.16840434497101E-16,1.0));
#16894=DIRECTION('',(0.0,-2.16840434497101E-16,1.0));
#16895=DIRECTION('',(-1.0,0.0,0.0));
#16896=DIRECTION('',(0.0,-2.16840434497101E-16,1.0));
#16897=DIRECTION('',(0.0,-2.16840434497101E-16,1.0));
#16898=DIRECTION('',(-1.0,0.0,0.0));
#16899=DIRECTION('',(0.0,-2.16840434497101E-16,1.0));
#16900=DIRECTION('',(0.0,-2.16840434497101E-16,1.0));
#16901=DIRECTION('',(-1.0,0.0,0.0));
#16902=DIRECTION('',(0.0,-2.16840434497101E-16,1.0));
#16903=DIRECTION('',(0.0,-2.16840434497101E-16,1.0));
#16904=DIRECTION('',(-1.0,0.0,0.0));
#16905=DIRECTION('',(0.0,-2.16840434497101E-16,1.0));
#16906=DIRECTION('',(0.0,-2.16840434497101E-16,1.0));
#16907=DIRECTION('',(-1.0,0.0,0.0));
#16908=DIRECTION('',(0.0,-2.16840434497101E-16,1.0));
#16909=DIRECTION('',(0.0,-2.16840434497101E-16,1.0));
#16910=DIRECTION('',(-1.0,0.0,0.0));
#16911=DIRECTION('',(0.0,-2.16840434497101E-16,1.0));
#16912=DIRECTION('',(0.0,-2.16840434497101E-16,1.0));
#16913=DIRECTION('',(-1.0,0.0,0.0));
#16914=DIRECTION('',(0.0,-2.16840434497101E-16,1.0));
#16915=DIRECTION('',(0.0,-2.16840434497101E-16,1.0));
#16916=DIRECTION('',(-1.0,0.0,0.0));
#16917=DIRECTION('',(0.0,-2.16840434497101E-16,1.0));
#16918=DIRECTION('',(0.0,0.0,-1.0));
#16919=DIRECTION('',(-1.0,0.0,0.0));
#16920=DIRECTION('',(0.0,0.0,1.0));
#16921=DIRECTION('',(-1.0,0.0,0.0));
#16922=DIRECTION('',(0.0,0.0,-1.0));
#16923=DIRECTION('',(0.0,0.0,1.0));
#16924=DIRECTION('',(0.0,0.0,1.0));
#16925=DIRECTION('',(0.0,0.0,1.0));
#16926=DIRECTION('',(-1.0,0.0,0.0));
#16927=DIRECTION('',(0.0,0.0,-1.0));
#16928=DIRECTION('',(0.0,0.0,1.0));
#16929=DIRECTION('',(-1.0,0.0,0.0));
#16930=DIRECTION('',(0.0,0.0,-1.0));
#16931=DIRECTION('',(0.0,0.0,1.0));
#16932=DIRECTION('',(-1.0,0.0,0.0));
#16933=DIRECTION('',(0.0,0.0,-1.0));
#16934=DIRECTION('',(0.0,0.0,1.0));
#16935=DIRECTION('',(-1.0,0.0,0.0));
#16936=DIRECTION('',(0.0,0.0,-1.0));
#16937=DIRECTION('',(0.0,0.0,1.0));
#16938=DIRECTION('',(-1.0,0.0,0.0));
#16939=DIRECTION('',(0.0,0.0,-1.0));
#16940=DIRECTION('',(0.0,0.0,1.0));
#16941=DIRECTION('',(-1.0,0.0,0.0));
#16942=DIRECTION('',(0.0,0.0,-1.0));
#16943=DIRECTION('',(0.0,0.0,1.0));
#16944=DIRECTION('',(-1.0,0.0,0.0));
#16945=DIRECTION('',(0.0,0.0,-1.0));
#16946=DIRECTION('',(0.0,0.0,1.0));
#16947=DIRECTION('',(-1.0,0.0,0.0));
#16948=DIRECTION('',(0.0,0.0,-1.0));
#16949=DIRECTION('',(0.0,0.0,1.0));
#16950=DIRECTION('',(-1.0,0.0,0.0));
#16951=DIRECTION('',(0.0,0.0,-1.0));
#16952=DIRECTION('',(0.0,0.0,1.0));
#16953=DIRECTION('',(-1.0,0.0,0.0));
#16954=DIRECTION('',(0.0,0.0,-1.0));
#16955=DIRECTION('',(0.0,0.0,1.0));
#16956=DIRECTION('',(-1.0,0.0,0.0));
#16957=DIRECTION('',(0.0,0.0,-1.0));
#16958=DIRECTION('',(0.0,0.0,1.0));
#16959=DIRECTION('',(-1.0,0.0,0.0));
#16960=DIRECTION('',(0.0,0.0,-1.0));
#16961=DIRECTION('',(0.0,0.0,1.0));
#16962=DIRECTION('',(-1.0,0.0,0.0));
#16963=DIRECTION('',(0.0,0.0,-1.0));
#16964=DIRECTION('',(-1.0,0.0,0.0));
#16965=DIRECTION('',(0.0147042924418761,0.999891886047579,0.0));
#16966=DIRECTION('',(-1.0,0.0,0.0));
#16967=DIRECTION('',(0.0147042924418766,-0.999891886047579,0.0));
#16968=DIRECTION('',(-1.0,0.0,0.0));
#16969=DIRECTION('',(0.0147042924418761,0.999891886047579,0.0));
#16970=DIRECTION('',(-1.0,0.0,0.0));
#16971=DIRECTION('',(0.0147042924418766,-0.999891886047579,0.0));
#16972=DIRECTION('',(-1.0,0.0,0.0));
#16973=DIRECTION('',(0.0147042924418761,0.999891886047579,0.0));
#16974=DIRECTION('',(-1.0,0.0,0.0));
#16975=DIRECTION('',(0.0147042924418766,-0.999891886047579,0.0));
#16976=DIRECTION('',(-1.0,0.0,0.0));
#16977=DIRECTION('',(0.0147042924418761,0.999891886047579,0.0));
#16978=DIRECTION('',(-1.0,0.0,0.0));
#16979=DIRECTION('',(0.0147042924418766,-0.999891886047579,0.0));
#16980=DIRECTION('',(-1.0,0.0,0.0));
#16981=DIRECTION('',(0.0147042924418761,0.999891886047579,0.0));
#16982=DIRECTION('',(-1.0,0.0,0.0));
#16983=DIRECTION('',(0.0147042924418766,-0.999891886047579,0.0));
#16984=DIRECTION('',(-1.0,0.0,0.0));
#16985=DIRECTION('',(0.0147042924418761,0.999891886047579,0.0));
#16986=DIRECTION('',(-1.0,0.0,0.0));
#16987=DIRECTION('',(0.0147042924418766,-0.999891886047579,0.0));
#16988=DIRECTION('',(-1.0,0.0,0.0));
#16989=DIRECTION('',(0.0147042924418761,0.999891886047579,0.0));
#16990=DIRECTION('',(-1.0,0.0,0.0));
#16991=DIRECTION('',(0.0147042924418766,-0.999891886047579,0.0));
#16992=DIRECTION('',(-1.0,0.0,0.0));
#16993=DIRECTION('',(0.0147042924418761,0.999891886047579,0.0));
#16994=DIRECTION('',(-1.0,0.0,0.0));
#16995=DIRECTION('',(0.0147042924418766,-0.999891886047579,0.0));
#16996=DIRECTION('',(-1.0,0.0,0.0));
#16997=DIRECTION('',(0.0147042924418761,0.999891886047579,0.0));
#16998=DIRECTION('',(-1.0,0.0,0.0));
#16999=DIRECTION('',(0.0147042924418766,-0.999891886047579,0.0));
#17000=DIRECTION('',(-1.0,0.0,0.0));
#17001=DIRECTION('',(0.0147042924418761,0.999891886047579,0.0));
#17002=DIRECTION('',(-1.0,0.0,0.0));
#17003=DIRECTION('',(0.0147042924418766,-0.999891886047579,0.0));
#17004=DIRECTION('',(-1.0,0.0,0.0));
#17005=DIRECTION('',(0.0147042924418761,0.999891886047579,0.0));
#17006=DIRECTION('',(-1.0,0.0,0.0));
#17007=DIRECTION('',(0.0147042924418766,-0.999891886047579,0.0));
#17008=DIRECTION('',(-1.0,0.0,0.0));
#17009=DIRECTION('',(0.0147042924418761,0.999891886047579,0.0));
#17010=DIRECTION('',(-1.0,0.0,0.0));
#17011=DIRECTION('',(0.0147042924418766,-0.999891886047579,0.0));
#17012=DIRECTION('',(-1.0,0.0,0.0));
#17013=DIRECTION('',(0.0147042924418761,0.999891886047579,0.0));
#17014=DIRECTION('',(-1.0,0.0,0.0));
#17015=DIRECTION('',(0.0,-1.0,0.0));
#17016=DIRECTION('',(-1.0,0.0,0.0));
#17017=DIRECTION('',(0.0,-1.0,0.0));
#17018=DIRECTION('',(-1.0,0.0,0.0));
#17019=DIRECTION('',(0.0,-1.0,0.0));
#17020=DIRECTION('',(-1.0,0.0,0.0));
#17021=DIRECTION('',(0.0,-1.0,0.0));
#17022=DIRECTION('',(-1.0,0.0,0.0));
#17023=DIRECTION('',(0.0147042924418766,-0.999891886047579,0.0));
#17024=DIRECTION('',(-1.0,0.0,0.0));
#17025=DIRECTION('',(0.0147042924418761,0.999891886047579,0.0));
#17026=DIRECTION('',(-1.0,0.0,0.0));
#17027=DIRECTION('',(0.0147042924418766,-0.999891886047579,0.0));
#17028=DIRECTION('',(0.00153718146722092,0.104528339771023,-0.994520720376328));
#17029=DIRECTION('',(-1.0,0.0,0.0));
#17030=DIRECTION('',(0.00153718146722097,-0.104528339771023,0.994520720376328));
#17031=DIRECTION('',(-1.0,0.0,0.0));
#17032=DIRECTION('',(0.0147042924418761,0.999891886047579,0.0));
#17033=DIRECTION('',(-1.0,0.0,0.0));
#17034=DIRECTION('',(0.0147042924418766,-0.999891886047579,0.0));
#17035=DIRECTION('',(0.0138176898445232,0.939602909427583,-0.341987491061562));
#17036=DIRECTION('',(0.0138176898445237,-0.939602909427583,0.341987491061562));
#17037=DIRECTION('',(0.00153718146722092,0.104528339771023,-0.994520720376328));
#17038=DIRECTION('',(-1.0,0.0,0.0));
#17039=DIRECTION('',(0.00153718146722097,-0.104528339771023,0.994520720376328));
#17040=DIRECTION('',(-1.0,0.0,0.0));
#17041=DIRECTION('',(0.0147042924418761,0.999891886047579,0.0));
#17042=DIRECTION('',(-1.0,0.0,0.0));
#17043=DIRECTION('',(0.0147042924418766,-0.999891886047579,0.0));
#17044=DIRECTION('',(0.0138176898445232,0.939602909427583,-0.341987491061562));
#17045=DIRECTION('',(0.0138176898445237,-0.939602909427583,0.341987491061562));
#17046=DIRECTION('',(0.00153718146722092,0.104528339771023,-0.994520720376328));
#17047=DIRECTION('',(-1.0,0.0,0.0));
#17048=DIRECTION('',(0.00153718146722097,-0.104528339771023,0.994520720376328));
#17049=DIRECTION('',(-1.0,0.0,0.0));
#17050=DIRECTION('',(0.0147042924418761,0.999891886047579,0.0));
#17051=DIRECTION('',(-1.0,0.0,0.0));
#17052=DIRECTION('',(0.0147042924418766,-0.999891886047579,0.0));
#17053=DIRECTION('',(0.0138176898445232,0.939602909427583,-0.341987491061562));
#17054=DIRECTION('',(0.0138176898445237,-0.939602909427583,0.341987491061562));
#17055=DIRECTION('',(0.00153718146722092,0.104528339771023,-0.994520720376328));
#17056=DIRECTION('',(-1.0,0.0,0.0));
#17057=DIRECTION('',(0.00153718146722097,-0.104528339771023,0.994520720376328));
#17058=DIRECTION('',(-1.0,0.0,0.0));
#17059=DIRECTION('',(0.0147042924418761,0.999891886047579,0.0));
#17060=DIRECTION('',(-1.0,0.0,0.0));
#17061=DIRECTION('',(0.0147042924418766,-0.999891886047579,0.0));
#17062=DIRECTION('',(0.0138176898445232,0.939602909427583,-0.341987491061562));
#17063=DIRECTION('',(0.0138176898445237,-0.939602909427583,0.341987491061562));
#17064=DIRECTION('',(0.00153718146722092,0.104528339771023,-0.994520720376328));
#17065=DIRECTION('',(-1.0,0.0,0.0));
#17066=DIRECTION('',(0.00153718146722097,-0.104528339771023,0.994520720376328));
#17067=DIRECTION('',(-1.0,0.0,0.0));
#17068=DIRECTION('',(0.0147042924418761,0.999891886047579,0.0));
#17069=DIRECTION('',(-1.0,0.0,0.0));
#17070=DIRECTION('',(0.0147042924418766,-0.999891886047579,0.0));
#17071=DIRECTION('',(0.0138176898445232,0.939602909427583,-0.341987491061562));
#17072=DIRECTION('',(0.0138176898445237,-0.939602909427583,0.341987491061562));
#17073=DIRECTION('',(0.00153718146722092,0.104528339771023,-0.994520720376328));
#17074=DIRECTION('',(-1.0,0.0,0.0));
#17075=DIRECTION('',(0.00153718146722097,-0.104528339771023,0.994520720376328));
#17076=DIRECTION('',(-1.0,0.0,0.0));
#17077=DIRECTION('',(0.0147042924418761,0.999891886047579,0.0));
#17078=DIRECTION('',(-1.0,0.0,0.0));
#17079=DIRECTION('',(0.0147042924418766,-0.999891886047579,0.0));
#17080=DIRECTION('',(0.0138176898445232,0.939602909427583,-0.341987491061562));
#17081=DIRECTION('',(0.0138176898445237,-0.939602909427583,0.341987491061562));
#17082=DIRECTION('',(0.00153718146722092,0.104528339771023,-0.994520720376328));
#17083=DIRECTION('',(-1.0,0.0,0.0));
#17084=DIRECTION('',(0.00153718146722097,-0.104528339771023,0.994520720376328));
#17085=DIRECTION('',(-1.0,0.0,0.0));
#17086=DIRECTION('',(0.0147042924418761,0.999891886047579,0.0));
#17087=DIRECTION('',(-1.0,0.0,0.0));
#17088=DIRECTION('',(0.0147042924418766,-0.999891886047579,0.0));
#17089=DIRECTION('',(0.0138176898445232,0.939602909427583,-0.341987491061562));
#17090=DIRECTION('',(0.0138176898445237,-0.939602909427583,0.341987491061562));
#17091=DIRECTION('',(0.00153718146722092,0.104528339771023,-0.994520720376328));
#17092=DIRECTION('',(-1.0,0.0,0.0));
#17093=DIRECTION('',(0.00153718146722097,-0.104528339771023,0.994520720376328));
#17094=DIRECTION('',(-1.0,0.0,0.0));
#17095=DIRECTION('',(0.0147042924418761,0.999891886047579,0.0));
#17096=DIRECTION('',(-1.0,0.0,0.0));
#17097=DIRECTION('',(0.0147042924418766,-0.999891886047579,0.0));
#17098=DIRECTION('',(0.0138176898445232,0.939602909427583,-0.341987491061562));
#17099=DIRECTION('',(0.0138176898445237,-0.939602909427583,0.341987491061562));
#17100=DIRECTION('',(0.00153718146722092,0.104528339771023,-0.994520720376328));
#17101=DIRECTION('',(-1.0,0.0,0.0));
#17102=DIRECTION('',(0.00153718146722097,-0.104528339771023,0.994520720376328));
#17103=DIRECTION('',(-1.0,0.0,0.0));
#17104=DIRECTION('',(0.0147042924418761,0.999891886047579,0.0));
#17105=DIRECTION('',(-1.0,0.0,0.0));
#17106=DIRECTION('',(0.0147042924418766,-0.999891886047579,0.0));
#17107=DIRECTION('',(0.0138176898445232,0.939602909427583,-0.341987491061562));
#17108=DIRECTION('',(0.0138176898445237,-0.939602909427583,0.341987491061562));
#17109=DIRECTION('',(0.00153718146722092,0.104528339771023,-0.994520720376328));
#17110=DIRECTION('',(-1.0,0.0,0.0));
#17111=DIRECTION('',(0.00153718146722097,-0.104528339771023,0.994520720376328));
#17112=DIRECTION('',(-1.0,0.0,0.0));
#17113=DIRECTION('',(0.0147042924418761,0.999891886047579,0.0));
#17114=DIRECTION('',(-1.0,0.0,0.0));
#17115=DIRECTION('',(0.0147042924418766,-0.999891886047579,0.0));
#17116=DIRECTION('',(0.0138176898445232,0.939602909427583,-0.341987491061562));
#17117=DIRECTION('',(0.0138176898445237,-0.939602909427583,0.341987491061562));
#17118=DIRECTION('',(0.00153718146722092,0.104528339771023,-0.994520720376328));
#17119=DIRECTION('',(-1.0,0.0,0.0));
#17120=DIRECTION('',(0.00153718146722097,-0.104528339771023,0.994520720376328));
#17121=DIRECTION('',(-1.0,0.0,0.0));
#17122=DIRECTION('',(0.0147042924418761,0.999891886047579,0.0));
#17123=DIRECTION('',(-1.0,0.0,0.0));
#17124=DIRECTION('',(0.0147042924418766,-0.999891886047579,0.0));
#17125=DIRECTION('',(0.0138176898445232,0.939602909427583,-0.341987491061562));
#17126=DIRECTION('',(0.0138176898445237,-0.939602909427583,0.341987491061562));
#17127=DIRECTION('',(0.00153718146722092,0.104528339771023,-0.994520720376328));
#17128=DIRECTION('',(-1.0,0.0,0.0));
#17129=DIRECTION('',(0.00153718146722097,-0.104528339771023,0.994520720376328));
#17130=DIRECTION('',(-1.0,0.0,0.0));
#17131=DIRECTION('',(0.0147042924418761,0.999891886047579,0.0));
#17132=DIRECTION('',(-1.0,0.0,0.0));
#17133=DIRECTION('',(0.0147042924418766,-0.999891886047579,0.0));
#17134=DIRECTION('',(0.0138176898445232,0.939602909427583,-0.341987491061562));
#17135=DIRECTION('',(0.0138176898445237,-0.939602909427583,0.341987491061562));
#17136=DIRECTION('',(0.00153718146722092,0.104528339771023,-0.994520720376328));
#17137=DIRECTION('',(-1.0,0.0,0.0));
#17138=DIRECTION('',(0.00153718146722097,-0.104528339771023,0.994520720376328));
#17139=DIRECTION('',(-1.0,0.0,0.0));
#17140=DIRECTION('',(0.0147042924418761,0.999891886047579,0.0));
#17141=DIRECTION('',(-1.0,0.0,0.0));
#17142=DIRECTION('',(0.0147042924418766,-0.999891886047579,0.0));
#17143=DIRECTION('',(0.0138176898445232,0.939602909427583,-0.341987491061562));
#17144=DIRECTION('',(0.0138176898445237,-0.939602909427583,0.341987491061562));
#17145=DIRECTION('',(0.0147042924418766,-0.999891886047579,-2.55078812965509E-16));
#17146=DIRECTION('',(-1.0,0.0,0.0));
#17147=DIRECTION('',(0.0147042924418761,0.999891886047579,2.55078812965509E-16));
#17148=DIRECTION('',(0.0147042924418766,-0.999891886047579,-2.55078812965509E-16));
#17149=DIRECTION('',(-1.0,0.0,0.0));
#17150=DIRECTION('',(0.0147042924418761,0.999891886047579,2.55078812965509E-16));
#17151=DIRECTION('',(0.0147042924418766,-0.999891886047579,-2.55078812965509E-16));
#17152=DIRECTION('',(-1.0,0.0,0.0));
#17153=DIRECTION('',(0.0147042924418761,0.999891886047579,2.55078812965509E-16));
#17154=DIRECTION('',(0.0147042924418766,-0.999891886047579,-2.55078812965509E-16));
#17155=DIRECTION('',(-1.0,0.0,0.0));
#17156=DIRECTION('',(0.0147042924418761,0.999891886047579,2.55078812965509E-16));
#17157=DIRECTION('',(0.0147042924418766,-0.999891886047579,-2.55078812965509E-16));
#17158=DIRECTION('',(-1.0,0.0,0.0));
#17159=DIRECTION('',(0.0147042924418761,0.999891886047579,2.55078812965509E-16));
#17160=DIRECTION('',(0.0147042924418766,-0.999891886047579,-2.55078812965509E-16));
#17161=DIRECTION('',(-1.0,0.0,0.0));
#17162=DIRECTION('',(0.0147042924418761,0.999891886047579,2.55078812965509E-16));
#17163=DIRECTION('',(0.0147042924418766,-0.999891886047579,-2.55078812965509E-16));
#17164=DIRECTION('',(-1.0,0.0,0.0));
#17165=DIRECTION('',(0.0147042924418761,0.999891886047579,2.55078812965509E-16));
#17166=DIRECTION('',(0.0147042924418766,-0.999891886047579,-2.55078812965509E-16));
#17167=DIRECTION('',(-1.0,0.0,0.0));
#17168=DIRECTION('',(0.0147042924418761,0.999891886047579,2.55078812965509E-16));
#17169=DIRECTION('',(0.0147042924418766,-0.999891886047579,-2.55078812965509E-16));
#17170=DIRECTION('',(-1.0,0.0,0.0));
#17171=DIRECTION('',(0.0147042924418761,0.999891886047579,2.55078812965509E-16));
#17172=DIRECTION('',(0.0147042924418766,-0.999891886047579,-2.55078812965509E-16));
#17173=DIRECTION('',(-1.0,0.0,0.0));
#17174=DIRECTION('',(0.0147042924418761,0.999891886047579,2.55078812965509E-16));
#17175=DIRECTION('',(0.0147042924418766,-0.999891886047579,-2.55078812965509E-16));
#17176=DIRECTION('',(-1.0,0.0,0.0));
#17177=DIRECTION('',(0.0147042924418761,0.999891886047579,2.55078812965509E-16));
#17178=DIRECTION('',(0.0147042924418766,-0.999891886047579,-2.55078812965509E-16));
#17179=DIRECTION('',(-1.0,0.0,0.0));
#17180=DIRECTION('',(0.0147042924418761,0.999891886047579,2.55078812965509E-16));
#17181=DIRECTION('',(0.0147042924418766,-0.999891886047579,-2.55078812965509E-16));
#17182=DIRECTION('',(-1.0,0.0,0.0));
#17183=DIRECTION('',(0.0147042924418761,0.999891886047579,2.55078812965509E-16));
#17184=DIRECTION('',(-1.0,0.0,0.0));
#17185=DIRECTION('',(0.0147042924418766,-0.999891886047579,-2.55078812965509E-16));
#17186=DIRECTION('',(-1.0,0.0,0.0));
#17187=DIRECTION('',(0.0,-1.0,-2.16840434497101E-16));
#17188=DIRECTION('',(-1.0,0.0,0.0));
#17189=DIRECTION('',(0.600000000000002,-0.799999999999998,-1.7347234759768E-16));
#17190=DIRECTION('',(0.0,-1.0,-2.16840434497101E-16));
#17191=DIRECTION('',(1.0,0.0,0.0));
#17192=DIRECTION('',(0.0,1.0,2.16840434497101E-16));
#17193=DIRECTION('',(0.6,0.8,1.73472347597681E-16));
#17194=DIRECTION('',(0.600000000000002,-0.799999999999998,-1.7347234759768E-16));
#17195=DIRECTION('',(0.0,-1.0,-2.16840434497101E-16));
#17196=DIRECTION('',(1.0,0.0,0.0));
#17197=DIRECTION('',(0.0,1.0,2.16840434497101E-16));
#17198=DIRECTION('',(0.6,0.8,1.73472347597681E-16));
#17199=DIRECTION('',(0.600000000000002,-0.799999999999998,-1.7347234759768E-16));
#17200=DIRECTION('',(0.0,-1.0,-2.16840434497101E-16));
#17201=DIRECTION('',(1.0,0.0,0.0));
#17202=DIRECTION('',(0.0,1.0,2.16840434497101E-16));
#17203=DIRECTION('',(0.6,0.8,1.73472347597681E-16));
#17204=DIRECTION('',(0.600000000000002,-0.799999999999998,-1.7347234759768E-16));
#17205=DIRECTION('',(0.0,-1.0,-2.16840434497101E-16));
#17206=DIRECTION('',(1.0,0.0,0.0));
#17207=DIRECTION('',(0.0,1.0,2.16840434497101E-16));
#17208=DIRECTION('',(0.6,0.8,1.73472347597681E-16));
#17209=DIRECTION('',(0.600000000000002,-0.799999999999998,-1.7347234759768E-16));
#17210=DIRECTION('',(0.0,-1.0,-2.16840434497101E-16));
#17211=DIRECTION('',(1.0,0.0,0.0));
#17212=DIRECTION('',(0.0,1.0,2.16840434497101E-16));
#17213=DIRECTION('',(0.6,0.8,1.73472347597681E-16));
#17214=DIRECTION('',(0.600000000000002,-0.799999999999998,-1.7347234759768E-16));
#17215=DIRECTION('',(0.0,-1.0,-2.16840434497101E-16));
#17216=DIRECTION('',(1.0,0.0,0.0));
#17217=DIRECTION('',(0.0,1.0,2.16840434497101E-16));
#17218=DIRECTION('',(0.6,0.8,1.73472347597681E-16));
#17219=DIRECTION('',(0.600000000000002,-0.799999999999998,-1.7347234759768E-16));
#17220=DIRECTION('',(0.0,-1.0,-2.16840434497101E-16));
#17221=DIRECTION('',(1.0,0.0,0.0));
#17222=DIRECTION('',(0.0,1.0,2.16840434497101E-16));
#17223=DIRECTION('',(0.6,0.8,1.73472347597681E-16));
#17224=DIRECTION('',(0.600000000000002,-0.799999999999998,-1.7347234759768E-16));
#17225=DIRECTION('',(0.0,-1.0,-2.16840434497101E-16));
#17226=DIRECTION('',(1.0,0.0,0.0));
#17227=DIRECTION('',(0.0,1.0,2.16840434497101E-16));
#17228=DIRECTION('',(0.6,0.8,1.73472347597681E-16));
#17229=DIRECTION('',(0.600000000000002,-0.799999999999998,-1.7347234759768E-16));
#17230=DIRECTION('',(0.0,-1.0,-2.16840434497101E-16));
#17231=DIRECTION('',(1.0,0.0,0.0));
#17232=DIRECTION('',(0.0,1.0,2.16840434497101E-16));
#17233=DIRECTION('',(0.6,0.8,1.73472347597681E-16));
#17234=DIRECTION('',(0.600000000000002,-0.799999999999998,-1.7347234759768E-16));
#17235=DIRECTION('',(0.0,-1.0,-2.16840434497101E-16));
#17236=DIRECTION('',(1.0,0.0,0.0));
#17237=DIRECTION('',(0.0,1.0,2.16840434497101E-16));
#17238=DIRECTION('',(0.6,0.8,1.73472347597681E-16));
#17239=DIRECTION('',(0.600000000000002,-0.799999999999998,-1.7347234759768E-16));
#17240=DIRECTION('',(0.0,-1.0,-2.16840434497101E-16));
#17241=DIRECTION('',(1.0,0.0,0.0));
#17242=DIRECTION('',(0.0,1.0,2.16840434497101E-16));
#17243=DIRECTION('',(0.6,0.8,1.73472347597681E-16));
#17244=DIRECTION('',(0.600000000000002,-0.799999999999998,-1.7347234759768E-16));
#17245=DIRECTION('',(0.0,-1.0,-2.16840434497101E-16));
#17246=DIRECTION('',(1.0,0.0,0.0));
#17247=DIRECTION('',(0.0,1.0,2.16840434497101E-16));
#17248=DIRECTION('',(0.6,0.8,1.73472347597681E-16));
#17249=DIRECTION('',(0.600000000000002,-0.799999999999998,-1.7347234759768E-16));
#17250=DIRECTION('',(0.0,-1.0,-2.16840434497101E-16));
#17251=DIRECTION('',(1.0,0.0,0.0));
#17252=DIRECTION('',(0.0,1.0,2.16840434497101E-16));
#17253=DIRECTION('',(0.6,0.8,1.73472347597681E-16));
#17254=DIRECTION('',(0.600000000000002,-0.799999999999998,-1.7347234759768E-16));
#17255=DIRECTION('',(0.0,-1.0,-2.16840434497101E-16));
#17256=DIRECTION('',(1.0,0.0,0.0));
#17257=DIRECTION('',(0.0,1.0,2.16840434497101E-16));
#17258=DIRECTION('',(0.6,0.8,1.73472347597681E-16));
#17259=DIRECTION('',(0.0,-1.0,-2.16840434497101E-16));
#17260=DIRECTION('',(-1.0,0.0,0.0));
#17261=DIRECTION('',(0.0147042924418761,0.999891886047579,2.55078812965509E-16));
#17262=DIRECTION('',(0.0,-5.10212787052003E-16,-1.0));
#17263=DIRECTION('',(0.0,-5.10212787052003E-16,-1.0));
#17264=DIRECTION('',(0.0,-5.10212787052003E-16,-1.0));
#17265=DIRECTION('',(0.0,-5.10212787052003E-16,-1.0));
#17266=DIRECTION('',(0.0,-5.10212787052003E-16,-1.0));
#17267=DIRECTION('',(0.0,-5.10212787052003E-16,-1.0));
#17268=DIRECTION('',(0.0,-5.10212787052003E-16,-1.0));
#17269=DIRECTION('',(0.0,-5.10212787052003E-16,-1.0));
#17270=DIRECTION('',(0.0,-5.10212787052003E-16,-1.0));
#17271=DIRECTION('',(0.0,-5.10212787052003E-16,-1.0));
#17272=DIRECTION('',(0.0,-5.10212787052003E-16,-1.0));
#17273=DIRECTION('',(0.0,-5.10212787052003E-16,-1.0));
#17274=DIRECTION('',(0.0,-5.10212787052003E-16,-1.0));
#17275=DIRECTION('',(0.0,-5.10212787052003E-16,-1.0));
#17276=DIRECTION('',(0.0,-5.10212787052003E-16,-1.0));
#17277=DIRECTION('',(0.0,-5.10212787052003E-16,-1.0));
#17278=DIRECTION('',(0.0,-5.10212787052003E-16,-1.0));
#17279=DIRECTION('',(0.0,-5.10212787052003E-16,-1.0));
#17280=DIRECTION('',(0.0,-5.10212787052003E-16,-1.0));
#17281=DIRECTION('',(0.0,-5.10212787052003E-16,-1.0));
#17282=DIRECTION('',(0.0,-5.10212787052003E-16,-1.0));
#17283=DIRECTION('',(0.0,-5.10212787052003E-16,-1.0));
#17284=DIRECTION('',(0.0,-5.10212787052003E-16,-1.0));
#17285=DIRECTION('',(0.0,-5.10212787052003E-16,-1.0));
#17286=DIRECTION('',(0.0,-5.10212787052003E-16,-1.0));
#17287=DIRECTION('',(0.0,0.0,1.0));
#17288=DIRECTION('',(0.0,0.0,-1.0));
#17289=DIRECTION('',(-1.0,0.0,0.0));
#17290=DIRECTION('',(0.0,0.0,1.0));
#17291=DIRECTION('',(0.0,0.0,-1.0));
#17292=DIRECTION('',(0.986393923832144,0.0,-0.164398987305357));
#17293=DIRECTION('',(0.0,0.0,1.0));
#17294=DIRECTION('',(-0.986393923832144,0.0,-0.164398987305356));
#17295=DIRECTION('',(0.0,0.0,-1.0));
#17296=DIRECTION('',(0.0,0.0,-1.0));
#17297=DIRECTION('',(-0.986393923832144,0.0,0.164398987305356));
#17298=DIRECTION('',(0.0,0.0,-1.0));
#17299=DIRECTION('',(0.986393923832144,0.0,0.164398987305358));
#17300=DIRECTION('',(0.0,0.0,-1.0));
#17301=DIRECTION('',(0.0,-1.0,0.0));
#17302=DIRECTION('',(0.0,0.0,-1.0));
#17303=DIRECTION('',(0.0,-1.0,0.0));
#17304=DIRECTION('',(0.0,-2.16840434497101E-16,1.0));
#17305=DIRECTION('',(0.0,0.0,-1.0));
#17306=DIRECTION('',(0.00153718146722097,-0.104528339771023,0.994520720376328));
#17307=DIRECTION('',(0.00153718146722092,0.104528339771023,-0.994520720376328));
#17308=DIRECTION('',(-1.0,0.0,0.0));
#17309=DIRECTION('',(0.0147042924418766,-0.999891886047579,0.0));
#17310=DIRECTION('',(0.0147042924418761,0.999891886047579,0.0));
#17311=DIRECTION('',(-1.0,0.0,0.0));
#17312=DIRECTION('',(0.0138176898445237,-0.939602909427583,0.341987491061562));
#17313=DIRECTION('',(0.0138176898445232,0.939602909427583,-0.341987491061562));
#17314=DIRECTION('',(0.0,-5.10212787052003E-16,-1.0));
#17315=DIRECTION('',(0.0,0.0,1.0));
#17316=DIRECTION('',(0.0,-1.0,0.0));
#17317=DIRECTION('',(0.0,0.0,-1.0));
#17318=DIRECTION('',(0.0,-1.0,0.0));
#17319=DIRECTION('',(0.0,0.0,-1.0));
#17320=CARTESIAN_POINT('',(-9.325,0.3,0.3));
#17321=DIRECTION('',(0.0,-1.0,0.0));
#17322=DIRECTION('',(0.0,0.0,-1.0));
#17323=DIRECTION('',(0.0,-1.0,0.0));
#17324=CARTESIAN_POINT('',(-9.325,0.0,0.3));
#17325=DIRECTION('',(0.0,-1.0,0.0));
#17326=DIRECTION('',(1.0,0.0,0.0));
#17327=DIRECTION('',(1.0,0.0,0.0));
#17328=DIRECTION('',(0.0,-1.0,0.0));
#17329=DIRECTION('',(1.0,0.0,0.0));
#17330=CARTESIAN_POINT('',(9.325,0.3,0.3));
#17331=DIRECTION('',(0.0,-1.0,0.0));
#17332=DIRECTION('',(0.0,0.0,-1.0));
#17333=DIRECTION('',(0.0,-1.0,0.0));
#17334=CARTESIAN_POINT('',(9.325,0.0,0.3));
#17335=DIRECTION('',(0.0,-1.0,0.0));
#17336=DIRECTION('',(1.0,0.0,0.0));
#17337=DIRECTION('',(0.0,0.0,1.0));
#17338=DIRECTION('',(0.0,-1.0,0.0));
#17339=DIRECTION('',(0.0,0.0,1.0));
#17340=CARTESIAN_POINT('',(9.325,0.3,2.89999999999999));
#17341=DIRECTION('',(0.0,-0.707106781186547,0.707106781186547));
#17342=DIRECTION('',(0.0,-0.707106781186547,-0.707106781186547));
#17343=CARTESIAN_POINT('',(9.325,0.0,2.89999999999999));
#17344=DIRECTION('',(0.0,-1.0,0.0));
#17345=DIRECTION('',(1.0,0.0,0.0));
#17346=CARTESIAN_POINT('',(-9.325,0.3,2.89999999999999));
#17347=DIRECTION('',(0.0,-0.707106781186547,0.707106781186547));
#17348=DIRECTION('',(0.0,-0.707106781186548,-0.707106781186548));
#17349=CARTESIAN_POINT('',(-9.325,0.0,2.89999999999999));
#17350=DIRECTION('',(0.0,-1.0,0.0));
#17351=DIRECTION('',(1.0,0.0,0.0));
#17352=DIRECTION('',(1.0,0.0,0.0));
#17353=DIRECTION('',(0.0,0.0,1.0));
#17354=DIRECTION('',(1.0,0.0,0.0));
#17355=DIRECTION('',(0.0,0.0,-1.0));
#17356=DIRECTION('',(1.0,0.0,0.0));
#17357=DIRECTION('',(0.0,0.0,-1.0));
#17358=DIRECTION('',(-1.0,0.0,0.0));
#17359=DIRECTION('',(0.0,0.0,-1.0));
#17360=DIRECTION('',(-1.0,0.0,0.0));
#17361=DIRECTION('',(0.0,0.0,1.0));
#17362=DIRECTION('',(-1.0,0.0,0.0));
#17363=DIRECTION('',(0.0,0.0,1.0));
#17364=DIRECTION('',(1.0,0.0,0.0));
#17365=DIRECTION('',(0.0,0.0,1.0));
#17366=DIRECTION('',(1.0,0.0,0.0));
#17367=DIRECTION('',(0.0,0.0,-1.0));
#17368=DIRECTION('',(1.0,0.0,0.0));
#17369=DIRECTION('',(0.0,0.0,-1.0));
#17370=DIRECTION('',(-1.0,0.0,0.0));
#17371=DIRECTION('',(0.0,0.0,-1.0));
#17372=DIRECTION('',(-1.0,0.0,0.0));
#17373=DIRECTION('',(0.0,0.0,1.0));
#17374=DIRECTION('',(-1.0,0.0,0.0));
#17375=DIRECTION('',(0.0,0.0,1.0));
#17376=DIRECTION('',(1.0,0.0,0.0));
#17377=DIRECTION('',(0.0,0.0,1.0));
#17378=DIRECTION('',(1.0,0.0,0.0));
#17379=DIRECTION('',(0.0,0.0,-1.0));
#17380=DIRECTION('',(1.0,0.0,0.0));
#17381=DIRECTION('',(0.0,0.0,-1.0));
#17382=DIRECTION('',(-1.0,0.0,0.0));
#17383=DIRECTION('',(0.0,0.0,-1.0));
#17384=DIRECTION('',(-1.0,0.0,0.0));
#17385=DIRECTION('',(0.0,0.0,1.0));
#17386=DIRECTION('',(-1.0,0.0,0.0));
#17387=DIRECTION('',(0.0,0.0,1.0));
#17388=DIRECTION('',(1.0,0.0,0.0));
#17389=DIRECTION('',(0.0,0.0,1.0));
#17390=DIRECTION('',(1.0,0.0,0.0));
#17391=DIRECTION('',(0.0,0.0,-1.0));
#17392=DIRECTION('',(1.0,0.0,0.0));
#17393=DIRECTION('',(0.0,0.0,-1.0));
#17394=DIRECTION('',(-1.0,0.0,0.0));
#17395=DIRECTION('',(0.0,0.0,-1.0));
#17396=DIRECTION('',(-1.0,0.0,0.0));
#17397=DIRECTION('',(0.0,0.0,1.0));
#17398=DIRECTION('',(-1.0,0.0,0.0));
#17399=DIRECTION('',(0.0,0.0,1.0));
#17400=DIRECTION('',(1.0,0.0,0.0));
#17401=DIRECTION('',(0.0,0.0,1.0));
#17402=DIRECTION('',(1.0,0.0,0.0));
#17403=DIRECTION('',(0.0,0.0,-1.0));
#17404=DIRECTION('',(1.0,0.0,0.0));
#17405=DIRECTION('',(0.0,0.0,-1.0));
#17406=DIRECTION('',(-1.0,0.0,0.0));
#17407=DIRECTION('',(0.0,0.0,-1.0));
#17408=DIRECTION('',(-1.0,0.0,0.0));
#17409=DIRECTION('',(0.0,0.0,1.0));
#17410=DIRECTION('',(-1.0,0.0,0.0));
#17411=DIRECTION('',(0.0,0.0,1.0));
#17412=DIRECTION('',(1.0,0.0,0.0));
#17413=DIRECTION('',(0.0,0.0,1.0));
#17414=DIRECTION('',(1.0,0.0,0.0));
#17415=DIRECTION('',(0.0,0.0,-1.0));
#17416=DIRECTION('',(1.0,0.0,0.0));
#17417=DIRECTION('',(0.0,0.0,-1.0));
#17418=DIRECTION('',(-1.0,0.0,0.0));
#17419=DIRECTION('',(0.0,0.0,-1.0));
#17420=DIRECTION('',(-1.0,0.0,0.0));
#17421=DIRECTION('',(0.0,0.0,1.0));
#17422=DIRECTION('',(-1.0,0.0,0.0));
#17423=DIRECTION('',(0.0,0.0,1.0));
#17424=DIRECTION('',(1.0,0.0,0.0));
#17425=DIRECTION('',(0.0,0.0,1.0));
#17426=DIRECTION('',(1.0,0.0,0.0));
#17427=DIRECTION('',(0.0,0.0,-1.0));
#17428=DIRECTION('',(1.0,0.0,0.0));
#17429=DIRECTION('',(0.0,0.0,-1.0));
#17430=DIRECTION('',(-1.0,0.0,0.0));
#17431=DIRECTION('',(0.0,0.0,-1.0));
#17432=DIRECTION('',(-1.0,0.0,0.0));
#17433=DIRECTION('',(0.0,0.0,1.0));
#17434=DIRECTION('',(-1.0,0.0,0.0));
#17435=DIRECTION('',(0.0,0.0,1.0));
#17436=DIRECTION('',(1.0,0.0,0.0));
#17437=DIRECTION('',(0.0,0.0,1.0));
#17438=DIRECTION('',(1.0,0.0,0.0));
#17439=DIRECTION('',(0.0,0.0,-1.0));
#17440=DIRECTION('',(1.0,0.0,0.0));
#17441=DIRECTION('',(0.0,0.0,-1.0));
#17442=DIRECTION('',(-1.0,0.0,0.0));
#17443=DIRECTION('',(0.0,0.0,-1.0));
#17444=DIRECTION('',(-1.0,0.0,0.0));
#17445=DIRECTION('',(0.0,0.0,1.0));
#17446=DIRECTION('',(-1.0,0.0,0.0));
#17447=DIRECTION('',(0.0,0.0,1.0));
#17448=DIRECTION('',(1.0,0.0,0.0));
#17449=DIRECTION('',(0.0,0.0,1.0));
#17450=DIRECTION('',(1.0,0.0,0.0));
#17451=DIRECTION('',(0.0,0.0,-1.0));
#17452=DIRECTION('',(1.0,0.0,0.0));
#17453=DIRECTION('',(0.0,0.0,-1.0));
#17454=DIRECTION('',(-1.0,0.0,0.0));
#17455=DIRECTION('',(0.0,0.0,-1.0));
#17456=DIRECTION('',(-1.0,0.0,0.0));
#17457=DIRECTION('',(0.0,0.0,1.0));
#17458=DIRECTION('',(-1.0,0.0,0.0));
#17459=DIRECTION('',(0.0,0.0,1.0));
#17460=DIRECTION('',(1.0,0.0,0.0));
#17461=DIRECTION('',(0.0,0.0,1.0));
#17462=DIRECTION('',(1.0,0.0,0.0));
#17463=DIRECTION('',(0.0,0.0,-1.0));
#17464=DIRECTION('',(1.0,0.0,0.0));
#17465=DIRECTION('',(0.0,0.0,-1.0));
#17466=DIRECTION('',(-1.0,0.0,0.0));
#17467=DIRECTION('',(0.0,0.0,-1.0));
#17468=DIRECTION('',(-1.0,0.0,0.0));
#17469=DIRECTION('',(0.0,0.0,1.0));
#17470=DIRECTION('',(-1.0,0.0,0.0));
#17471=DIRECTION('',(0.0,0.0,1.0));
#17472=DIRECTION('',(1.0,0.0,0.0));
#17473=DIRECTION('',(0.0,0.0,1.0));
#17474=DIRECTION('',(1.0,0.0,0.0));
#17475=DIRECTION('',(0.0,0.0,-1.0));
#17476=DIRECTION('',(1.0,0.0,0.0));
#17477=DIRECTION('',(0.0,0.0,-1.0));
#17478=DIRECTION('',(-1.0,0.0,0.0));
#17479=DIRECTION('',(0.0,0.0,-1.0));
#17480=DIRECTION('',(-1.0,0.0,0.0));
#17481=DIRECTION('',(0.0,0.0,1.0));
#17482=DIRECTION('',(-1.0,0.0,0.0));
#17483=DIRECTION('',(0.0,0.0,1.0));
#17484=DIRECTION('',(1.0,0.0,0.0));
#17485=DIRECTION('',(0.0,0.0,1.0));
#17486=DIRECTION('',(1.0,0.0,0.0));
#17487=DIRECTION('',(0.0,0.0,-1.0));
#17488=DIRECTION('',(1.0,0.0,0.0));
#17489=DIRECTION('',(0.0,0.0,-1.0));
#17490=DIRECTION('',(-1.0,0.0,0.0));
#17491=DIRECTION('',(0.0,0.0,-1.0));
#17492=DIRECTION('',(-1.0,0.0,0.0));
#17493=DIRECTION('',(0.0,0.0,1.0));
#17494=DIRECTION('',(-1.0,0.0,0.0));
#17495=DIRECTION('',(0.0,0.0,1.0));
#17496=DIRECTION('',(1.0,0.0,0.0));
#17497=DIRECTION('',(0.0,0.0,1.0));
#17498=DIRECTION('',(1.0,0.0,0.0));
#17499=DIRECTION('',(0.0,0.0,-1.0));
#17500=DIRECTION('',(1.0,0.0,0.0));
#17501=DIRECTION('',(0.0,0.0,-1.0));
#17502=DIRECTION('',(-1.0,0.0,0.0));
#17503=DIRECTION('',(0.0,0.0,-1.0));
#17504=DIRECTION('',(-1.0,0.0,0.0));
#17505=DIRECTION('',(0.0,0.0,1.0));
#17506=DIRECTION('',(-1.0,0.0,0.0));
#17507=DIRECTION('',(0.0,0.0,1.0));
#17508=DIRECTION('',(1.0,0.0,0.0));
#17509=DIRECTION('',(0.0,0.0,1.0));
#17510=DIRECTION('',(1.0,0.0,0.0));
#17511=DIRECTION('',(0.0,0.0,-1.0));
#17512=DIRECTION('',(1.0,0.0,0.0));
#17513=DIRECTION('',(0.0,0.0,-1.0));
#17514=DIRECTION('',(-1.0,0.0,0.0));
#17515=DIRECTION('',(0.0,0.0,-1.0));
#17516=DIRECTION('',(-1.0,0.0,0.0));
#17517=DIRECTION('',(0.0,0.0,1.0));
#17518=DIRECTION('',(-1.0,0.0,0.0));
#17519=DIRECTION('',(0.0,0.0,1.0));
#17520=DIRECTION('',(0.0,-5.10212787052003E-16,-1.0));
#17521=DIRECTION('',(0.0,-5.10212787052003E-16,-1.0));
#17522=DIRECTION('',(0.0,-1.0,0.0));
#17523=DIRECTION('',(0.0,0.0,1.0));
#17524=DIRECTION('',(0.0,-1.0,0.0));
#17525=DIRECTION('',(0.0,0.0,-1.0));
#17526=DIRECTION('',(-1.0,0.0,0.0));
#17527=DIRECTION('',(0.0,0.0,1.0));
#17528=DIRECTION('',(0.0,1.0,0.0));
#17529=DIRECTION('',(0.0,0.0,-1.0));
#17530=DIRECTION('',(0.0,1.0,0.0));
#17531=DIRECTION('',(0.0,0.0,1.0));
#17532=DIRECTION('',(1.0,0.0,0.0));
#17533=DIRECTION('',(0.0,1.0,0.0));
#17534=DIRECTION('',(-1.0,0.0,0.0));
#17535=DIRECTION('',(0.0,0.0,-1.0));
#17536=DIRECTION('',(0.0,1.0,0.0));
#17537=DIRECTION('',(0.0,0.0,1.0));
#17538=DIRECTION('',(1.0,0.0,0.0));
#17539=DIRECTION('',(0.0,1.0,0.0));
#17540=DIRECTION('',(-1.0,0.0,0.0));
#17541=DIRECTION('',(0.0,0.0,1.0));
#17542=DIRECTION('',(0.0,1.0,0.0));
#17543=DIRECTION('',(0.0,0.0,-1.0));
#17544=DIRECTION('',(1.0,0.0,0.0));
#17545=DIRECTION('',(0.0,1.0,0.0));
#17546=DIRECTION('',(-1.0,0.0,0.0));
#17547=DIRECTION('',(0.0,0.0,1.0));
#17548=DIRECTION('',(0.0,1.0,0.0));
#17549=DIRECTION('',(0.0,0.0,-1.0));
#17550=DIRECTION('',(-1.0,0.0,0.0));
#17551=DIRECTION('',(0.0,1.0,0.0));
#17552=DIRECTION('',(1.0,0.0,0.0));
#17553=DIRECTION('',(0.0,0.0,1.0));
#17554=DIRECTION('',(0.0,1.0,0.0));
#17555=DIRECTION('',(0.0,0.0,-1.0));
#17556=DIRECTION('',(-1.0,0.0,0.0));
#17557=DIRECTION('',(0.0,1.0,0.0));
#17558=DIRECTION('',(1.0,0.0,0.0));
#17559=DIRECTION('',(0.0,0.0,-1.0));
#17560=DIRECTION('',(0.0,1.0,0.0));
#17561=DIRECTION('',(0.0,0.0,1.0));
#17562=DIRECTION('',(-1.0,0.0,0.0));
#17563=DIRECTION('',(1.0,0.0,0.0));
#17564=DIRECTION('',(0.0,2.16840434497101E-16,-1.0));
#17565=DIRECTION('',(0.0,2.16840434497101E-16,-1.0));
#17566=DIRECTION('',(0.0,2.16840434497101E-16,-1.0));
#17567=DIRECTION('',(0.0,2.16840434497101E-16,-1.0));
#17568=DIRECTION('',(-0.447213595499963,0.774596669241481,0.447213595499957));
#17569=DIRECTION('',(0.447213595499963,-0.774596669241481,-0.447213595499957));
#17570=DIRECTION('',(0.447213595499963,-0.774596669241481,-0.447213595499957));
#17571=DIRECTION('',(0.447213595499952,0.774596669241486,0.447213595499959));
#17572=DIRECTION('',(0.447213595499963,-0.774596669241482,0.447213595499956));
#17573=DIRECTION('',(0.447213595499952,0.774596669241486,0.447213595499959));
#17574=DIRECTION('',(0.447213595499963,-0.774596669241482,0.447213595499956));
#17575=DIRECTION('',(0.447213595499963,0.774596669241481,0.447213595499957));
#17576=DIRECTION('',(0.447213595499963,-0.774596669241482,0.447213595499956));
#17577=DIRECTION('',(0.447213595499963,0.774596669241482,-0.447213595499956));
#17578=DIRECTION('',(-0.447213595499963,-0.774596669241482,0.447213595499956));
#17579=DIRECTION('',(0.447213595499963,0.774596669241482,-0.447213595499956));
#17580=DIRECTION('',(-0.577350269189626,0.577350269189626,0.577350269189625));
#17581=DIRECTION('',(0.577350269189628,0.577350269189625,0.577350269189624));
#17582=DIRECTION('',(0.0,-1.0,0.0));
#17583=DIRECTION('',(-0.498272879122441,0.863033942673691,-0.0830454798537407));
#17584=DIRECTION('',(0.0,-1.0,0.0));
#17585=DIRECTION('',(0.0,0.0,1.0));
#17586=DIRECTION('',(0.498272879122441,-0.863033942673691,-0.0830454798537396));
#17587=DIRECTION('',(0.0,-1.0,0.0));
#17588=DIRECTION('',(0.0,0.0,-1.0));
#17589=DIRECTION('',(0.0,-1.0,0.0));
#17590=DIRECTION('',(-0.498272879122441,-0.863033942673691,0.08304547985374));
#17591=DIRECTION('',(0.498272879122441,0.863033942673691,0.0830454798537396));
#17592=DIRECTION('',(0.0,1.0,7.39228753967389E-16));
#17593=DIRECTION('',(0.0,-0.813733471206735,0.581238193719096));
#17594=DIRECTION('',(0.0,-0.941741911594837,-0.336336396998157));
#17595=DIRECTION('',(0.0,0.813733471206735,-0.581238193719096));
#17596=DIRECTION('',(0.0,-1.0,-7.39228753967389E-16));
#17597=DIRECTION('',(0.0,0.941741911594837,0.336336396998157));
#17598=DIRECTION('',(-1.0,0.0,-3.56210409340088E-31));
#17599=DIRECTION('',(1.0,-4.81867632215781E-16,0.0));
#17600=CARTESIAN_POINT('',(-9.325,0.3,0.300000000000001));
#17601=DIRECTION('',(0.0,-2.89120579329468E-15,-1.0));
#17602=DIRECTION('',(0.0,1.0,-2.89120579329468E-15));
#17603=CARTESIAN_POINT('',(-9.325,0.3,0.299999999999999));
#17604=DIRECTION('',(1.0,0.0,0.0));
#17605=DIRECTION('',(0.0,0.0,-1.0));
#17606=CARTESIAN_POINT('',(9.325,0.3,0.299999999999999));
#17607=DIRECTION('',(1.0,5.78241158658936E-15,0.0));
#17608=DIRECTION('',(-5.78241158658936E-15,1.0,0.0));
#17609=CARTESIAN_POINT('',(9.325,0.3,0.3));
#17610=DIRECTION('',(0.0,0.0,1.0));
#17611=DIRECTION('',(1.0,0.0,0.0));
#17612=DIRECTION('',(0.0,0.0,1.0));
#17613=DIRECTION('',(1.0,0.0,0.0));
#17614=DIRECTION('',(0.0,0.0,-1.0));
#17615=DIRECTION('',(0.0,0.0,1.0));
#17616=DIRECTION('',(1.0,0.0,0.0));
#17617=DIRECTION('',(0.0,0.0,-1.0));
#17618=DIRECTION('',(0.0,0.0,1.0));
#17619=DIRECTION('',(1.0,0.0,0.0));
#17620=DIRECTION('',(0.0,0.0,-1.0));
#17621=DIRECTION('',(0.0,0.0,1.0));
#17622=DIRECTION('',(1.0,0.0,0.0));
#17623=DIRECTION('',(0.0,0.0,-1.0));
#17624=DIRECTION('',(0.0,0.0,1.0));
#17625=DIRECTION('',(1.0,0.0,0.0));
#17626=DIRECTION('',(0.0,0.0,-1.0));
#17627=DIRECTION('',(0.0,0.0,1.0));
#17628=DIRECTION('',(1.0,0.0,0.0));
#17629=DIRECTION('',(0.0,0.0,-1.0));
#17630=DIRECTION('',(0.0,0.0,1.0));
#17631=DIRECTION('',(1.0,0.0,0.0));
#17632=DIRECTION('',(0.0,0.0,-1.0));
#17633=DIRECTION('',(0.0,0.0,1.0));
#17634=DIRECTION('',(1.0,0.0,0.0));
#17635=DIRECTION('',(0.0,0.0,-1.0));
#17636=DIRECTION('',(0.0,0.0,1.0));
#17637=DIRECTION('',(1.0,0.0,0.0));
#17638=DIRECTION('',(0.0,0.0,-1.0));
#17639=DIRECTION('',(0.0,0.0,1.0));
#17640=DIRECTION('',(1.0,0.0,0.0));
#17641=DIRECTION('',(0.0,0.0,-1.0));
#17642=DIRECTION('',(0.0,0.0,1.0));
#17643=DIRECTION('',(1.0,0.0,0.0));
#17644=DIRECTION('',(0.0,0.0,-1.0));
#17645=DIRECTION('',(0.0,0.0,1.0));
#17646=DIRECTION('',(1.0,0.0,0.0));
#17647=DIRECTION('',(0.0,0.0,-1.0));
#17648=DIRECTION('',(0.0,0.0,1.0));
#17649=DIRECTION('',(1.0,0.0,0.0));
#17650=DIRECTION('',(0.0,0.0,-1.0));
#17651=DIRECTION('',(0.0,-1.0,0.0));
#17652=DIRECTION('',(0.0,0.0,-1.0));
#17653=DIRECTION('',(0.0,-1.0,0.0));
#17654=DIRECTION('',(0.0,0.0,-1.0));
#17655=DIRECTION('',(1.0,0.0,0.0));
#17656=DIRECTION('',(0.0,-1.0,0.0));
#17657=DIRECTION('',(1.0,0.0,0.0));
#17658=DIRECTION('',(0.0,0.0,-1.0));
#17659=DIRECTION('',(0.0,-1.0,0.0));
#17660=DIRECTION('',(0.0,0.0,-1.0));
#17661=DIRECTION('',(1.0,0.0,0.0));
#17662=DIRECTION('',(0.0,-1.0,0.0));
#17663=DIRECTION('',(1.0,0.0,0.0));
#17664=DIRECTION('',(0.0,0.0,1.0));
#17665=DIRECTION('',(0.0,-1.0,0.0));
#17666=DIRECTION('',(0.0,0.0,1.0));
#17667=DIRECTION('',(1.0,0.0,0.0));
#17668=DIRECTION('',(0.0,-1.0,0.0));
#17669=DIRECTION('',(1.0,0.0,0.0));
#17670=DIRECTION('',(0.0,0.0,1.0));
#17671=DIRECTION('',(0.0,-1.0,0.0));
#17672=DIRECTION('',(0.0,0.0,1.0));
#17673=DIRECTION('',(-1.0,0.0,0.0));
#17674=DIRECTION('',(0.0,-1.0,0.0));
#17675=DIRECTION('',(-1.0,0.0,0.0));
#17676=DIRECTION('',(0.0,0.0,1.0));
#17677=DIRECTION('',(0.0,-1.0,0.0));
#17678=DIRECTION('',(0.0,0.0,1.0));
#17679=DIRECTION('',(-1.0,0.0,0.0));
#17680=DIRECTION('',(0.0,-1.0,0.0));
#17681=DIRECTION('',(-1.0,0.0,0.0));
#17682=DIRECTION('',(0.0,0.0,-1.0));
#17683=DIRECTION('',(0.0,-1.0,0.0));
#17684=DIRECTION('',(0.0,0.0,-1.0));
#17685=DIRECTION('',(-1.0,0.0,0.0));
#17686=DIRECTION('',(-1.0,0.0,0.0));
#17687=DIRECTION('',(0.0,-1.0,0.0));
#17688=DIRECTION('',(0.0,0.0,-1.0));
#17689=DIRECTION('',(0.0,-1.0,0.0));
#17690=DIRECTION('',(0.0,0.0,-1.0));
#17691=DIRECTION('',(1.0,0.0,0.0));
#17692=DIRECTION('',(0.0,-1.0,0.0));
#17693=DIRECTION('',(1.0,0.0,0.0));
#17694=DIRECTION('',(0.0,0.0,-1.0));
#17695=DIRECTION('',(0.0,-1.0,0.0));
#17696=DIRECTION('',(0.0,0.0,-1.0));
#17697=DIRECTION('',(1.0,0.0,0.0));
#17698=DIRECTION('',(0.0,-1.0,0.0));
#17699=DIRECTION('',(1.0,0.0,0.0));
#17700=DIRECTION('',(0.0,0.0,1.0));
#17701=DIRECTION('',(0.0,-1.0,0.0));
#17702=DIRECTION('',(0.0,0.0,1.0));
#17703=DIRECTION('',(1.0,0.0,0.0));
#17704=DIRECTION('',(0.0,-1.0,0.0));
#17705=DIRECTION('',(1.0,0.0,0.0));
#17706=DIRECTION('',(0.0,0.0,1.0));
#17707=DIRECTION('',(0.0,-1.0,0.0));
#17708=DIRECTION('',(0.0,0.0,1.0));
#17709=DIRECTION('',(-1.0,0.0,0.0));
#17710=DIRECTION('',(0.0,-1.0,0.0));
#17711=DIRECTION('',(-1.0,0.0,0.0));
#17712=DIRECTION('',(0.0,0.0,1.0));
#17713=DIRECTION('',(0.0,-1.0,0.0));
#17714=DIRECTION('',(0.0,0.0,1.0));
#17715=DIRECTION('',(-1.0,0.0,0.0));
#17716=DIRECTION('',(0.0,-1.0,0.0));
#17717=DIRECTION('',(-1.0,0.0,0.0));
#17718=DIRECTION('',(0.0,0.0,-1.0));
#17719=DIRECTION('',(0.0,-1.0,0.0));
#17720=DIRECTION('',(0.0,0.0,-1.0));
#17721=DIRECTION('',(-1.0,0.0,0.0));
#17722=DIRECTION('',(-1.0,0.0,0.0));
#17723=DIRECTION('',(0.0,-1.0,0.0));
#17724=DIRECTION('',(0.0,0.0,-1.0));
#17725=DIRECTION('',(0.0,-1.0,0.0));
#17726=DIRECTION('',(0.0,0.0,-1.0));
#17727=DIRECTION('',(1.0,0.0,0.0));
#17728=DIRECTION('',(0.0,-1.0,0.0));
#17729=DIRECTION('',(1.0,0.0,0.0));
#17730=DIRECTION('',(0.0,0.0,-1.0));
#17731=DIRECTION('',(0.0,-1.0,0.0));
#17732=DIRECTION('',(0.0,0.0,-1.0));
#17733=DIRECTION('',(1.0,0.0,0.0));
#17734=DIRECTION('',(0.0,-1.0,0.0));
#17735=DIRECTION('',(1.0,0.0,0.0));
#17736=DIRECTION('',(0.0,0.0,1.0));
#17737=DIRECTION('',(0.0,-1.0,0.0));
#17738=DIRECTION('',(0.0,0.0,1.0));
#17739=DIRECTION('',(1.0,0.0,0.0));
#17740=DIRECTION('',(0.0,-1.0,0.0));
#17741=DIRECTION('',(1.0,0.0,0.0));
#17742=DIRECTION('',(0.0,0.0,1.0));
#17743=DIRECTION('',(0.0,-1.0,0.0));
#17744=DIRECTION('',(0.0,0.0,1.0));
#17745=DIRECTION('',(-1.0,0.0,0.0));
#17746=DIRECTION('',(0.0,-1.0,0.0));
#17747=DIRECTION('',(-1.0,0.0,0.0));
#17748=DIRECTION('',(0.0,0.0,1.0));
#17749=DIRECTION('',(0.0,-1.0,0.0));
#17750=DIRECTION('',(0.0,0.0,1.0));
#17751=DIRECTION('',(-1.0,0.0,0.0));
#17752=DIRECTION('',(0.0,-1.0,0.0));
#17753=DIRECTION('',(-1.0,0.0,0.0));
#17754=DIRECTION('',(0.0,0.0,-1.0));
#17755=DIRECTION('',(0.0,-1.0,0.0));
#17756=DIRECTION('',(0.0,0.0,-1.0));
#17757=DIRECTION('',(-1.0,0.0,0.0));
#17758=DIRECTION('',(-1.0,0.0,0.0));
#17759=DIRECTION('',(0.0,-1.0,0.0));
#17760=DIRECTION('',(0.0,0.0,-1.0));
#17761=DIRECTION('',(0.0,-1.0,0.0));
#17762=DIRECTION('',(0.0,0.0,-1.0));
#17763=DIRECTION('',(1.0,0.0,0.0));
#17764=DIRECTION('',(0.0,-1.0,0.0));
#17765=DIRECTION('',(1.0,0.0,0.0));
#17766=DIRECTION('',(0.0,0.0,-1.0));
#17767=DIRECTION('',(0.0,-1.0,0.0));
#17768=DIRECTION('',(0.0,0.0,-1.0));
#17769=DIRECTION('',(1.0,0.0,0.0));
#17770=DIRECTION('',(0.0,-1.0,0.0));
#17771=DIRECTION('',(1.0,0.0,0.0));
#17772=DIRECTION('',(0.0,0.0,1.0));
#17773=DIRECTION('',(0.0,-1.0,0.0));
#17774=DIRECTION('',(0.0,0.0,1.0));
#17775=DIRECTION('',(1.0,0.0,0.0));
#17776=DIRECTION('',(0.0,-1.0,0.0));
#17777=DIRECTION('',(1.0,0.0,0.0));
#17778=DIRECTION('',(0.0,0.0,1.0));
#17779=DIRECTION('',(0.0,-1.0,0.0));
#17780=DIRECTION('',(0.0,0.0,1.0));
#17781=DIRECTION('',(-1.0,0.0,0.0));
#17782=DIRECTION('',(0.0,-1.0,0.0));
#17783=DIRECTION('',(-1.0,0.0,0.0));
#17784=DIRECTION('',(0.0,0.0,1.0));
#17785=DIRECTION('',(0.0,-1.0,0.0));
#17786=DIRECTION('',(0.0,0.0,1.0));
#17787=DIRECTION('',(-1.0,0.0,0.0));
#17788=DIRECTION('',(0.0,-1.0,0.0));
#17789=DIRECTION('',(-1.0,0.0,0.0));
#17790=DIRECTION('',(0.0,0.0,-1.0));
#17791=DIRECTION('',(0.0,-1.0,0.0));
#17792=DIRECTION('',(0.0,0.0,-1.0));
#17793=DIRECTION('',(-1.0,0.0,0.0));
#17794=DIRECTION('',(-1.0,0.0,0.0));
#17795=DIRECTION('',(0.0,-1.0,0.0));
#17796=DIRECTION('',(0.0,0.0,-1.0));
#17797=DIRECTION('',(0.0,-1.0,0.0));
#17798=DIRECTION('',(0.0,0.0,-1.0));
#17799=DIRECTION('',(1.0,0.0,0.0));
#17800=DIRECTION('',(0.0,-1.0,0.0));
#17801=DIRECTION('',(1.0,0.0,0.0));
#17802=DIRECTION('',(0.0,0.0,-1.0));
#17803=DIRECTION('',(0.0,-1.0,0.0));
#17804=DIRECTION('',(0.0,0.0,-1.0));
#17805=DIRECTION('',(1.0,0.0,0.0));
#17806=DIRECTION('',(0.0,-1.0,0.0));
#17807=DIRECTION('',(1.0,0.0,0.0));
#17808=DIRECTION('',(0.0,0.0,1.0));
#17809=DIRECTION('',(0.0,-1.0,0.0));
#17810=DIRECTION('',(0.0,0.0,1.0));
#17811=DIRECTION('',(1.0,0.0,0.0));
#17812=DIRECTION('',(0.0,-1.0,0.0));
#17813=DIRECTION('',(1.0,0.0,0.0));
#17814=DIRECTION('',(0.0,0.0,1.0));
#17815=DIRECTION('',(0.0,-1.0,0.0));
#17816=DIRECTION('',(0.0,0.0,1.0));
#17817=DIRECTION('',(-1.0,0.0,0.0));
#17818=DIRECTION('',(0.0,-1.0,0.0));
#17819=DIRECTION('',(-1.0,0.0,0.0));
#17820=DIRECTION('',(0.0,0.0,1.0));
#17821=DIRECTION('',(0.0,-1.0,0.0));
#17822=DIRECTION('',(0.0,0.0,1.0));
#17823=DIRECTION('',(-1.0,0.0,0.0));
#17824=DIRECTION('',(0.0,-1.0,0.0));
#17825=DIRECTION('',(-1.0,0.0,0.0));
#17826=DIRECTION('',(0.0,0.0,-1.0));
#17827=DIRECTION('',(0.0,-1.0,0.0));
#17828=DIRECTION('',(0.0,0.0,-1.0));
#17829=DIRECTION('',(-1.0,0.0,0.0));
#17830=DIRECTION('',(-1.0,0.0,0.0));
#17831=DIRECTION('',(0.0,-1.0,0.0));
#17832=DIRECTION('',(0.0,0.0,-1.0));
#17833=DIRECTION('',(0.0,-1.0,0.0));
#17834=DIRECTION('',(0.0,0.0,-1.0));
#17835=DIRECTION('',(1.0,0.0,0.0));
#17836=DIRECTION('',(0.0,-1.0,0.0));
#17837=DIRECTION('',(1.0,0.0,0.0));
#17838=DIRECTION('',(0.0,0.0,-1.0));
#17839=DIRECTION('',(0.0,-1.0,0.0));
#17840=DIRECTION('',(0.0,0.0,-1.0));
#17841=DIRECTION('',(1.0,0.0,0.0));
#17842=DIRECTION('',(0.0,-1.0,0.0));
#17843=DIRECTION('',(1.0,0.0,0.0));
#17844=DIRECTION('',(0.0,0.0,1.0));
#17845=DIRECTION('',(0.0,-1.0,0.0));
#17846=DIRECTION('',(0.0,0.0,1.0));
#17847=DIRECTION('',(1.0,0.0,0.0));
#17848=DIRECTION('',(0.0,-1.0,0.0));
#17849=DIRECTION('',(1.0,0.0,0.0));
#17850=DIRECTION('',(0.0,0.0,1.0));
#17851=DIRECTION('',(0.0,-1.0,0.0));
#17852=DIRECTION('',(0.0,0.0,1.0));
#17853=DIRECTION('',(-1.0,0.0,0.0));
#17854=DIRECTION('',(0.0,-1.0,0.0));
#17855=DIRECTION('',(-1.0,0.0,0.0));
#17856=DIRECTION('',(0.0,0.0,1.0));
#17857=DIRECTION('',(0.0,-1.0,0.0));
#17858=DIRECTION('',(0.0,0.0,1.0));
#17859=DIRECTION('',(-1.0,0.0,0.0));
#17860=DIRECTION('',(0.0,-1.0,0.0));
#17861=DIRECTION('',(-1.0,0.0,0.0));
#17862=DIRECTION('',(0.0,0.0,-1.0));
#17863=DIRECTION('',(0.0,-1.0,0.0));
#17864=DIRECTION('',(0.0,0.0,-1.0));
#17865=DIRECTION('',(-1.0,0.0,0.0));
#17866=DIRECTION('',(-1.0,0.0,0.0));
#17867=DIRECTION('',(0.0,-1.0,0.0));
#17868=DIRECTION('',(0.0,0.0,-1.0));
#17869=DIRECTION('',(0.0,-1.0,0.0));
#17870=DIRECTION('',(0.0,0.0,-1.0));
#17871=DIRECTION('',(1.0,0.0,0.0));
#17872=DIRECTION('',(0.0,-1.0,0.0));
#17873=DIRECTION('',(1.0,0.0,0.0));
#17874=DIRECTION('',(0.0,0.0,-1.0));
#17875=DIRECTION('',(0.0,-1.0,0.0));
#17876=DIRECTION('',(0.0,0.0,-1.0));
#17877=DIRECTION('',(1.0,0.0,0.0));
#17878=DIRECTION('',(0.0,-1.0,0.0));
#17879=DIRECTION('',(1.0,0.0,0.0));
#17880=DIRECTION('',(0.0,0.0,1.0));
#17881=DIRECTION('',(0.0,-1.0,0.0));
#17882=DIRECTION('',(0.0,0.0,1.0));
#17883=DIRECTION('',(1.0,0.0,0.0));
#17884=DIRECTION('',(0.0,-1.0,0.0));
#17885=DIRECTION('',(1.0,0.0,0.0));
#17886=DIRECTION('',(0.0,0.0,1.0));
#17887=DIRECTION('',(0.0,-1.0,0.0));
#17888=DIRECTION('',(0.0,0.0,1.0));
#17889=DIRECTION('',(-1.0,0.0,0.0));
#17890=DIRECTION('',(0.0,-1.0,0.0));
#17891=DIRECTION('',(-1.0,0.0,0.0));
#17892=DIRECTION('',(0.0,0.0,1.0));
#17893=DIRECTION('',(0.0,-1.0,0.0));
#17894=DIRECTION('',(0.0,0.0,1.0));
#17895=DIRECTION('',(-1.0,0.0,0.0));
#17896=DIRECTION('',(0.0,-1.0,0.0));
#17897=DIRECTION('',(-1.0,0.0,0.0));
#17898=DIRECTION('',(0.0,0.0,-1.0));
#17899=DIRECTION('',(0.0,-1.0,0.0));
#17900=DIRECTION('',(0.0,0.0,-1.0));
#17901=DIRECTION('',(-1.0,0.0,0.0));
#17902=DIRECTION('',(-1.0,0.0,0.0));
#17903=DIRECTION('',(0.0,-1.0,0.0));
#17904=DIRECTION('',(0.0,0.0,-1.0));
#17905=DIRECTION('',(0.0,-1.0,0.0));
#17906=DIRECTION('',(0.0,0.0,-1.0));
#17907=DIRECTION('',(1.0,0.0,0.0));
#17908=DIRECTION('',(0.0,-1.0,0.0));
#17909=DIRECTION('',(1.0,0.0,0.0));
#17910=DIRECTION('',(0.0,0.0,-1.0));
#17911=DIRECTION('',(0.0,-1.0,0.0));
#17912=DIRECTION('',(0.0,0.0,-1.0));
#17913=DIRECTION('',(1.0,0.0,0.0));
#17914=DIRECTION('',(0.0,-1.0,0.0));
#17915=DIRECTION('',(1.0,0.0,0.0));
#17916=DIRECTION('',(0.0,0.0,1.0));
#17917=DIRECTION('',(0.0,-1.0,0.0));
#17918=DIRECTION('',(0.0,0.0,1.0));
#17919=DIRECTION('',(1.0,0.0,0.0));
#17920=DIRECTION('',(0.0,-1.0,0.0));
#17921=DIRECTION('',(1.0,0.0,0.0));
#17922=DIRECTION('',(0.0,0.0,1.0));
#17923=DIRECTION('',(0.0,-1.0,0.0));
#17924=DIRECTION('',(0.0,0.0,1.0));
#17925=DIRECTION('',(-1.0,0.0,0.0));
#17926=DIRECTION('',(0.0,-1.0,0.0));
#17927=DIRECTION('',(-1.0,0.0,0.0));
#17928=DIRECTION('',(0.0,0.0,1.0));
#17929=DIRECTION('',(0.0,-1.0,0.0));
#17930=DIRECTION('',(0.0,0.0,1.0));
#17931=DIRECTION('',(-1.0,0.0,0.0));
#17932=DIRECTION('',(0.0,-1.0,0.0));
#17933=DIRECTION('',(-1.0,0.0,0.0));
#17934=DIRECTION('',(0.0,0.0,-1.0));
#17935=DIRECTION('',(0.0,-1.0,0.0));
#17936=DIRECTION('',(0.0,0.0,-1.0));
#17937=DIRECTION('',(-1.0,0.0,0.0));
#17938=DIRECTION('',(-1.0,0.0,0.0));
#17939=DIRECTION('',(0.0,-1.0,0.0));
#17940=DIRECTION('',(0.0,0.0,-1.0));
#17941=DIRECTION('',(0.0,-1.0,0.0));
#17942=DIRECTION('',(0.0,0.0,-1.0));
#17943=DIRECTION('',(1.0,0.0,0.0));
#17944=DIRECTION('',(0.0,-1.0,0.0));
#17945=DIRECTION('',(1.0,0.0,0.0));
#17946=DIRECTION('',(0.0,0.0,-1.0));
#17947=DIRECTION('',(0.0,-1.0,0.0));
#17948=DIRECTION('',(0.0,0.0,-1.0));
#17949=DIRECTION('',(1.0,0.0,0.0));
#17950=DIRECTION('',(0.0,-1.0,0.0));
#17951=DIRECTION('',(1.0,0.0,0.0));
#17952=DIRECTION('',(0.0,0.0,1.0));
#17953=DIRECTION('',(0.0,-1.0,0.0));
#17954=DIRECTION('',(0.0,0.0,1.0));
#17955=DIRECTION('',(1.0,0.0,0.0));
#17956=DIRECTION('',(0.0,-1.0,0.0));
#17957=DIRECTION('',(1.0,0.0,0.0));
#17958=DIRECTION('',(0.0,0.0,1.0));
#17959=DIRECTION('',(0.0,-1.0,0.0));
#17960=DIRECTION('',(0.0,0.0,1.0));
#17961=DIRECTION('',(-1.0,0.0,0.0));
#17962=DIRECTION('',(0.0,-1.0,0.0));
#17963=DIRECTION('',(-1.0,0.0,0.0));
#17964=DIRECTION('',(0.0,0.0,1.0));
#17965=DIRECTION('',(0.0,-1.0,0.0));
#17966=DIRECTION('',(0.0,0.0,1.0));
#17967=DIRECTION('',(-1.0,0.0,0.0));
#17968=DIRECTION('',(0.0,-1.0,0.0));
#17969=DIRECTION('',(-1.0,0.0,0.0));
#17970=DIRECTION('',(0.0,0.0,-1.0));
#17971=DIRECTION('',(0.0,-1.0,0.0));
#17972=DIRECTION('',(0.0,0.0,-1.0));
#17973=DIRECTION('',(-1.0,0.0,0.0));
#17974=DIRECTION('',(-1.0,0.0,0.0));
#17975=DIRECTION('',(0.0,-1.0,0.0));
#17976=DIRECTION('',(0.0,0.0,-1.0));
#17977=DIRECTION('',(0.0,-1.0,0.0));
#17978=DIRECTION('',(0.0,0.0,-1.0));
#17979=DIRECTION('',(1.0,0.0,0.0));
#17980=DIRECTION('',(0.0,-1.0,0.0));
#17981=DIRECTION('',(1.0,0.0,0.0));
#17982=DIRECTION('',(0.0,0.0,-1.0));
#17983=DIRECTION('',(0.0,-1.0,0.0));
#17984=DIRECTION('',(0.0,0.0,-1.0));
#17985=DIRECTION('',(1.0,0.0,0.0));
#17986=DIRECTION('',(0.0,-1.0,0.0));
#17987=DIRECTION('',(1.0,0.0,0.0));
#17988=DIRECTION('',(0.0,0.0,1.0));
#17989=DIRECTION('',(0.0,-1.0,0.0));
#17990=DIRECTION('',(0.0,0.0,1.0));
#17991=DIRECTION('',(1.0,0.0,0.0));
#17992=DIRECTION('',(0.0,-1.0,0.0));
#17993=DIRECTION('',(1.0,0.0,0.0));
#17994=DIRECTION('',(0.0,0.0,1.0));
#17995=DIRECTION('',(0.0,-1.0,0.0));
#17996=DIRECTION('',(0.0,0.0,1.0));
#17997=DIRECTION('',(-1.0,0.0,0.0));
#17998=DIRECTION('',(0.0,-1.0,0.0));
#17999=DIRECTION('',(-1.0,0.0,0.0));
#18000=DIRECTION('',(0.0,0.0,1.0));
#18001=DIRECTION('',(0.0,-1.0,0.0));
#18002=DIRECTION('',(0.0,0.0,1.0));
#18003=DIRECTION('',(-1.0,0.0,0.0));
#18004=DIRECTION('',(0.0,-1.0,0.0));
#18005=DIRECTION('',(-1.0,0.0,0.0));
#18006=DIRECTION('',(0.0,0.0,-1.0));
#18007=DIRECTION('',(0.0,-1.0,0.0));
#18008=DIRECTION('',(0.0,0.0,-1.0));
#18009=DIRECTION('',(-1.0,0.0,0.0));
#18010=DIRECTION('',(-1.0,0.0,0.0));
#18011=DIRECTION('',(0.0,-1.0,0.0));
#18012=DIRECTION('',(0.0,0.0,-1.0));
#18013=DIRECTION('',(0.0,-1.0,0.0));
#18014=DIRECTION('',(0.0,0.0,-1.0));
#18015=DIRECTION('',(1.0,0.0,0.0));
#18016=DIRECTION('',(0.0,-1.0,0.0));
#18017=DIRECTION('',(1.0,0.0,0.0));
#18018=DIRECTION('',(0.0,0.0,-1.0));
#18019=DIRECTION('',(0.0,-1.0,0.0));
#18020=DIRECTION('',(0.0,0.0,-1.0));
#18021=DIRECTION('',(1.0,0.0,0.0));
#18022=DIRECTION('',(0.0,-1.0,0.0));
#18023=DIRECTION('',(1.0,0.0,0.0));
#18024=DIRECTION('',(0.0,0.0,1.0));
#18025=DIRECTION('',(0.0,-1.0,0.0));
#18026=DIRECTION('',(0.0,0.0,1.0));
#18027=DIRECTION('',(1.0,0.0,0.0));
#18028=DIRECTION('',(0.0,-1.0,0.0));
#18029=DIRECTION('',(1.0,0.0,0.0));
#18030=DIRECTION('',(0.0,0.0,1.0));
#18031=DIRECTION('',(0.0,-1.0,0.0));
#18032=DIRECTION('',(0.0,0.0,1.0));
#18033=DIRECTION('',(-1.0,0.0,0.0));
#18034=DIRECTION('',(0.0,-1.0,0.0));
#18035=DIRECTION('',(-1.0,0.0,0.0));
#18036=DIRECTION('',(0.0,0.0,1.0));
#18037=DIRECTION('',(0.0,-1.0,0.0));
#18038=DIRECTION('',(0.0,0.0,1.0));
#18039=DIRECTION('',(-1.0,0.0,0.0));
#18040=DIRECTION('',(0.0,-1.0,0.0));
#18041=DIRECTION('',(-1.0,0.0,0.0));
#18042=DIRECTION('',(0.0,0.0,-1.0));
#18043=DIRECTION('',(0.0,-1.0,0.0));
#18044=DIRECTION('',(0.0,0.0,-1.0));
#18045=DIRECTION('',(-1.0,0.0,0.0));
#18046=DIRECTION('',(-1.0,0.0,0.0));
#18047=DIRECTION('',(0.0,-1.0,0.0));
#18048=DIRECTION('',(0.0,0.0,-1.0));
#18049=DIRECTION('',(0.0,-1.0,0.0));
#18050=DIRECTION('',(0.0,0.0,-1.0));
#18051=DIRECTION('',(1.0,0.0,0.0));
#18052=DIRECTION('',(0.0,-1.0,0.0));
#18053=DIRECTION('',(1.0,0.0,0.0));
#18054=DIRECTION('',(0.0,0.0,-1.0));
#18055=DIRECTION('',(0.0,-1.0,0.0));
#18056=DIRECTION('',(0.0,0.0,-1.0));
#18057=DIRECTION('',(1.0,0.0,0.0));
#18058=DIRECTION('',(0.0,-1.0,0.0));
#18059=DIRECTION('',(1.0,0.0,0.0));
#18060=DIRECTION('',(0.0,0.0,1.0));
#18061=DIRECTION('',(0.0,-1.0,0.0));
#18062=DIRECTION('',(0.0,0.0,1.0));
#18063=DIRECTION('',(1.0,0.0,0.0));
#18064=DIRECTION('',(0.0,-1.0,0.0));
#18065=DIRECTION('',(1.0,0.0,0.0));
#18066=DIRECTION('',(0.0,0.0,1.0));
#18067=DIRECTION('',(0.0,-1.0,0.0));
#18068=DIRECTION('',(0.0,0.0,1.0));
#18069=DIRECTION('',(-1.0,0.0,0.0));
#18070=DIRECTION('',(0.0,-1.0,0.0));
#18071=DIRECTION('',(-1.0,0.0,0.0));
#18072=DIRECTION('',(0.0,0.0,1.0));
#18073=DIRECTION('',(0.0,-1.0,0.0));
#18074=DIRECTION('',(0.0,0.0,1.0));
#18075=DIRECTION('',(-1.0,0.0,0.0));
#18076=DIRECTION('',(0.0,-1.0,0.0));
#18077=DIRECTION('',(-1.0,0.0,0.0));
#18078=DIRECTION('',(0.0,0.0,-1.0));
#18079=DIRECTION('',(0.0,-1.0,0.0));
#18080=DIRECTION('',(0.0,0.0,-1.0));
#18081=DIRECTION('',(-1.0,0.0,0.0));
#18082=DIRECTION('',(-1.0,0.0,0.0));
#18083=DIRECTION('',(0.0,-1.0,0.0));
#18084=DIRECTION('',(0.0,0.0,-1.0));
#18085=DIRECTION('',(0.0,-1.0,0.0));
#18086=DIRECTION('',(0.0,0.0,-1.0));
#18087=DIRECTION('',(1.0,0.0,0.0));
#18088=DIRECTION('',(0.0,-1.0,0.0));
#18089=DIRECTION('',(1.0,0.0,0.0));
#18090=DIRECTION('',(0.0,0.0,-1.0));
#18091=DIRECTION('',(0.0,-1.0,0.0));
#18092=DIRECTION('',(0.0,0.0,-1.0));
#18093=DIRECTION('',(1.0,0.0,0.0));
#18094=DIRECTION('',(0.0,-1.0,0.0));
#18095=DIRECTION('',(1.0,0.0,0.0));
#18096=DIRECTION('',(0.0,0.0,1.0));
#18097=DIRECTION('',(0.0,-1.0,0.0));
#18098=DIRECTION('',(0.0,0.0,1.0));
#18099=DIRECTION('',(1.0,0.0,0.0));
#18100=DIRECTION('',(0.0,-1.0,0.0));
#18101=DIRECTION('',(1.0,0.0,0.0));
#18102=DIRECTION('',(0.0,0.0,1.0));
#18103=DIRECTION('',(0.0,-1.0,0.0));
#18104=DIRECTION('',(0.0,0.0,1.0));
#18105=DIRECTION('',(-1.0,0.0,0.0));
#18106=DIRECTION('',(0.0,-1.0,0.0));
#18107=DIRECTION('',(-1.0,0.0,0.0));
#18108=DIRECTION('',(0.0,0.0,1.0));
#18109=DIRECTION('',(0.0,-1.0,0.0));
#18110=DIRECTION('',(0.0,0.0,1.0));
#18111=DIRECTION('',(-1.0,0.0,0.0));
#18112=DIRECTION('',(0.0,-1.0,0.0));
#18113=DIRECTION('',(-1.0,0.0,0.0));
#18114=DIRECTION('',(0.0,0.0,-1.0));
#18115=DIRECTION('',(0.0,-1.0,0.0));
#18116=DIRECTION('',(0.0,0.0,-1.0));
#18117=DIRECTION('',(-1.0,0.0,0.0));
#18118=DIRECTION('',(-1.0,0.0,0.0));
#18119=DIRECTION('',(0.0,-2.16840434497101E-16,1.0));
#18120=DIRECTION('',(0.0,-2.16840434497101E-16,1.0));
#18121=DIRECTION('',(0.0,-2.16840434497101E-16,1.0));
#18122=DIRECTION('',(0.0,-2.16840434497101E-16,1.0));
#18123=DIRECTION('',(0.0,-2.16840434497101E-16,1.0));
#18124=DIRECTION('',(0.0,-2.16840434497101E-16,1.0));
#18125=DIRECTION('',(0.0,-2.16840434497101E-16,1.0));
#18126=DIRECTION('',(0.0,-2.16840434497101E-16,1.0));
#18127=DIRECTION('',(0.0,-2.16840434497101E-16,1.0));
#18128=DIRECTION('',(0.0,-2.16840434497101E-16,1.0));
#18129=DIRECTION('',(0.0,-2.16840434497101E-16,1.0));
#18130=DIRECTION('',(0.0,-2.16840434497101E-16,1.0));
#18131=DIRECTION('',(0.0,-2.16840434497101E-16,1.0));
#18132=DIRECTION('',(0.0,-2.16840434497101E-16,1.0));
#18133=DIRECTION('',(0.0,-2.16840434497101E-16,1.0));
#18134=DIRECTION('',(0.0,-2.16840434497101E-16,1.0));
#18135=DIRECTION('',(0.0,-2.16840434497101E-16,1.0));
#18136=DIRECTION('',(0.0,-2.16840434497101E-16,1.0));
#18137=DIRECTION('',(0.0,-2.16840434497101E-16,1.0));
#18138=DIRECTION('',(0.0,-2.16840434497101E-16,1.0));
#18139=DIRECTION('',(0.0,-2.16840434497101E-16,1.0));
#18140=DIRECTION('',(0.0,-2.16840434497101E-16,1.0));
#18141=DIRECTION('',(0.0,-2.16840434497101E-16,1.0));
#18142=DIRECTION('',(0.0,-2.16840434497101E-16,1.0));
#18143=DIRECTION('',(0.0,-2.16840434497101E-16,1.0));
#18144=DIRECTION('',(0.0,-2.16840434497101E-16,1.0));
#18145=DIRECTION('',(0.0,-2.16840434497101E-16,1.0));
#18146=DIRECTION('',(0.0,-2.16840434497101E-16,1.0));
#18147=DIRECTION('',(0.0,-2.16840434497101E-16,1.0));
#18148=DIRECTION('',(0.0,-2.16840434497101E-16,1.0));
#18149=DIRECTION('',(0.0,-2.16840434497101E-16,1.0));
#18150=DIRECTION('',(0.0,-2.16840434497101E-16,1.0));
#18151=DIRECTION('',(0.0,-2.16840434497101E-16,1.0));
#18152=DIRECTION('',(0.0,-2.16840434497101E-16,1.0));
#18153=DIRECTION('',(0.0,-2.16840434497101E-16,1.0));
#18154=DIRECTION('',(0.0,-2.16840434497101E-16,1.0));
#18155=DIRECTION('',(0.0,-2.16840434497101E-16,1.0));
#18156=DIRECTION('',(0.0,-2.16840434497101E-16,1.0));
#18157=DIRECTION('',(0.0,-2.16840434497101E-16,1.0));
#18158=DIRECTION('',(0.0,-2.16840434497101E-16,1.0));
#18159=DIRECTION('',(0.0,-2.16840434497101E-16,1.0));
#18160=DIRECTION('',(0.0,-2.16840434497101E-16,1.0));
#18161=DIRECTION('',(0.0,-2.16840434497101E-16,1.0));
#18162=DIRECTION('',(0.0,-2.16840434497101E-16,1.0));
#18163=DIRECTION('',(0.0,-2.16840434497101E-16,1.0));
#18164=DIRECTION('',(0.0,-2.16840434497101E-16,1.0));
#18165=DIRECTION('',(0.0,-2.16840434497101E-16,1.0));
#18166=DIRECTION('',(0.0,-2.16840434497101E-16,1.0));
#18167=DIRECTION('',(0.0,-2.16840434497101E-16,1.0));
#18168=DIRECTION('',(0.0,-2.16840434497101E-16,1.0));
#18169=DIRECTION('',(0.0,-2.16840434497101E-16,1.0));
#18170=DIRECTION('',(0.0,-2.16840434497101E-16,1.0));
#18171=DIRECTION('',(-0.447213595499963,0.774596669241481,0.447213595499957));
#18172=DIRECTION('',(0.447213595499963,-0.774596669241481,-0.447213595499957));
#18173=DIRECTION('',(0.447213595499957,-0.774596669241484,-0.447213595499958));
#18174=DIRECTION('',(0.447213595499963,0.774596669241481,0.447213595499957));
#18175=DIRECTION('',(0.447213595499957,-0.774596669241484,0.447213595499957));
#18176=DIRECTION('',(0.447213595499963,0.774596669241481,0.447213595499957));
#18177=DIRECTION('',(0.447213595499963,-0.774596669241482,0.447213595499956));
#18178=DIRECTION('',(0.447213595499963,0.774596669241481,0.447213595499957));
#18179=DIRECTION('',(0.447213595499963,-0.774596669241482,0.447213595499956));
#18180=DIRECTION('',(0.447213595499963,0.774596669241482,-0.447213595499956));
#18181=DIRECTION('',(-0.447213595499963,-0.774596669241482,0.447213595499956));
#18182=DIRECTION('',(0.447213595499963,0.774596669241482,-0.447213595499956));
#18183=DIRECTION('',(-0.447213595499957,0.774596669241484,0.447213595499958));
#18184=DIRECTION('',(0.447213595499957,-0.774596669241484,-0.447213595499958));
#18185=DIRECTION('',(0.447213595499957,-0.774596669241484,-0.447213595499958));
#18186=DIRECTION('',(0.447213595499957,0.774596669241484,0.447213595499958));
#18187=DIRECTION('',(0.447213595499957,-0.774596669241484,0.447213595499957));
#18188=DIRECTION('',(0.447213595499957,0.774596669241484,0.447213595499958));
#18189=DIRECTION('',(0.447213595499957,-0.774596669241484,0.447213595499957));
#18190=DIRECTION('',(0.447213595499957,0.774596669241484,0.447213595499958));
#18191=DIRECTION('',(0.447213595499957,-0.774596669241484,0.447213595499957));
#18192=DIRECTION('',(0.447213595499957,0.774596669241484,-0.447213595499957));
#18193=DIRECTION('',(-0.447213595499957,-0.774596669241484,0.447213595499957));
#18194=DIRECTION('',(0.447213595499957,0.774596669241484,-0.447213595499957));
#18195=DIRECTION('',(-0.447213595499957,0.774596669241484,0.447213595499958));
#18196=DIRECTION('',(0.447213595499957,-0.774596669241484,-0.447213595499958));
#18197=DIRECTION('',(0.447213595499957,-0.774596669241484,-0.447213595499958));
#18198=DIRECTION('',(0.447213595499957,0.774596669241484,0.447213595499958));
#18199=DIRECTION('',(0.447213595499957,-0.774596669241484,0.447213595499957));
#18200=DIRECTION('',(0.447213595499957,0.774596669241484,0.447213595499958));
#18201=DIRECTION('',(0.447213595499957,-0.774596669241484,0.447213595499957));
#18202=DIRECTION('',(0.447213595499957,0.774596669241484,0.447213595499958));
#18203=DIRECTION('',(0.447213595499957,-0.774596669241484,0.447213595499957));
#18204=DIRECTION('',(0.447213595499957,0.774596669241484,-0.447213595499957));
#18205=DIRECTION('',(-0.447213595499957,-0.774596669241484,0.447213595499957));
#18206=DIRECTION('',(0.447213595499957,0.774596669241484,-0.447213595499957));
#18207=DIRECTION('',(-0.447213595499957,0.774596669241484,0.447213595499958));
#18208=DIRECTION('',(0.447213595499957,-0.774596669241484,-0.447213595499958));
#18209=DIRECTION('',(0.447213595499957,-0.774596669241484,-0.447213595499958));
#18210=DIRECTION('',(0.447213595499957,0.774596669241484,0.447213595499958));
#18211=DIRECTION('',(0.447213595499957,-0.774596669241484,0.447213595499957));
#18212=DIRECTION('',(0.447213595499957,0.774596669241484,0.447213595499958));
#18213=DIRECTION('',(0.447213595499957,-0.774596669241484,0.447213595499957));
#18214=DIRECTION('',(0.447213595499957,0.774596669241484,0.447213595499958));
#18215=DIRECTION('',(0.447213595499957,-0.774596669241484,0.447213595499957));
#18216=DIRECTION('',(0.447213595499957,0.774596669241484,-0.447213595499957));
#18217=DIRECTION('',(-0.447213595499957,-0.774596669241484,0.447213595499957));
#18218=DIRECTION('',(0.447213595499957,0.774596669241484,-0.447213595499957));
#18219=DIRECTION('',(-0.447213595499957,0.774596669241484,0.447213595499958));
#18220=DIRECTION('',(0.447213595499957,-0.774596669241484,-0.447213595499958));
#18221=DIRECTION('',(0.447213595499957,-0.774596669241484,-0.447213595499958));
#18222=DIRECTION('',(0.447213595499957,0.774596669241484,0.447213595499958));
#18223=DIRECTION('',(0.447213595499957,-0.774596669241484,0.447213595499957));
#18224=DIRECTION('',(0.447213595499957,0.774596669241484,0.447213595499958));
#18225=DIRECTION('',(0.447213595499957,-0.774596669241484,0.447213595499957));
#18226=DIRECTION('',(0.447213595499957,0.774596669241484,0.447213595499958));
#18227=DIRECTION('',(0.447213595499957,-0.774596669241484,0.447213595499957));
#18228=DIRECTION('',(0.447213595499957,0.774596669241484,-0.447213595499957));
#18229=DIRECTION('',(-0.447213595499957,-0.774596669241484,0.447213595499957));
#18230=DIRECTION('',(0.447213595499957,0.774596669241484,-0.447213595499957));
#18231=DIRECTION('',(-0.447213595499957,0.774596669241484,0.447213595499958));
#18232=DIRECTION('',(0.447213595499957,-0.774596669241484,-0.447213595499958));
#18233=DIRECTION('',(0.447213595499963,-0.774596669241481,-0.447213595499957));
#18234=DIRECTION('',(0.447213595499957,0.774596669241484,0.447213595499958));
#18235=DIRECTION('',(0.447213595499963,-0.774596669241482,0.447213595499956));
#18236=DIRECTION('',(0.447213595499957,0.774596669241484,0.447213595499958));
#18237=DIRECTION('',(0.447213595499957,-0.774596669241484,0.447213595499957));
#18238=DIRECTION('',(0.447213595499957,0.774596669241484,0.447213595499958));
#18239=DIRECTION('',(0.447213595499957,-0.774596669241484,0.447213595499957));
#18240=DIRECTION('',(0.447213595499957,0.774596669241484,-0.447213595499957));
#18241=DIRECTION('',(-0.447213595499957,-0.774596669241484,0.447213595499957));
#18242=DIRECTION('',(0.447213595499957,0.774596669241484,-0.447213595499957));
#18243=DIRECTION('',(-0.447213595499963,0.774596669241481,0.447213595499957));
#18244=DIRECTION('',(0.447213595499963,-0.774596669241481,-0.447213595499957));
#18245=DIRECTION('',(0.447213595499963,-0.774596669241481,-0.447213595499957));
#18246=DIRECTION('',(0.447213595499963,0.774596669241481,0.447213595499957));
#18247=DIRECTION('',(0.447213595499963,-0.774596669241482,0.447213595499956));
#18248=DIRECTION('',(0.447213595499963,0.774596669241481,0.447213595499957));
#18249=DIRECTION('',(0.447213595499963,-0.774596669241482,0.447213595499956));
#18250=DIRECTION('',(0.447213595499963,0.774596669241481,0.447213595499957));
#18251=DIRECTION('',(0.447213595499963,-0.774596669241482,0.447213595499956));
#18252=DIRECTION('',(0.447213595499963,0.774596669241482,-0.447213595499956));
#18253=DIRECTION('',(-0.447213595499963,-0.774596669241482,0.447213595499956));
#18254=DIRECTION('',(0.447213595499963,0.774596669241482,-0.447213595499956));
#18255=DIRECTION('',(-0.447213595499963,0.774596669241481,0.447213595499957));
#18256=DIRECTION('',(0.447213595499963,-0.774596669241481,-0.447213595499957));
#18257=DIRECTION('',(0.447213595499963,-0.774596669241481,-0.447213595499957));
#18258=DIRECTION('',(0.447213595499963,0.774596669241481,0.447213595499957));
#18259=DIRECTION('',(0.447213595499963,-0.774596669241482,0.447213595499956));
#18260=DIRECTION('',(0.447213595499963,0.774596669241481,0.447213595499957));
#18261=DIRECTION('',(0.447213595499963,-0.774596669241482,0.447213595499956));
#18262=DIRECTION('',(0.447213595499963,0.774596669241481,0.447213595499957));
#18263=DIRECTION('',(0.447213595499963,-0.774596669241482,0.447213595499956));
#18264=DIRECTION('',(0.447213595499963,0.774596669241482,-0.447213595499956));
#18265=DIRECTION('',(-0.447213595499963,-0.774596669241482,0.447213595499956));
#18266=DIRECTION('',(0.447213595499963,0.774596669241482,-0.447213595499956));
#18267=DIRECTION('',(-0.447213595499963,0.774596669241481,0.447213595499957));
#18268=DIRECTION('',(0.447213595499963,-0.774596669241481,-0.447213595499957));
#18269=DIRECTION('',(0.447213595499963,-0.774596669241481,-0.447213595499957));
#18270=DIRECTION('',(0.447213595499963,0.774596669241481,0.447213595499957));
#18271=DIRECTION('',(0.447213595499963,-0.774596669241482,0.447213595499956));
#18272=DIRECTION('',(0.447213595499963,0.774596669241481,0.447213595499957));
#18273=DIRECTION('',(0.447213595499963,-0.774596669241482,0.447213595499956));
#18274=DIRECTION('',(0.447213595499963,0.774596669241481,0.447213595499957));
#18275=DIRECTION('',(0.447213595499963,-0.774596669241482,0.447213595499956));
#18276=DIRECTION('',(0.447213595499963,0.774596669241482,-0.447213595499956));
#18277=DIRECTION('',(-0.447213595499963,-0.774596669241482,0.447213595499956));
#18278=DIRECTION('',(0.447213595499963,0.774596669241482,-0.447213595499956));
#18279=DIRECTION('',(-0.447213595499957,0.774596669241484,0.447213595499958));
#18280=DIRECTION('',(0.447213595499957,-0.774596669241484,-0.447213595499958));
#18281=DIRECTION('',(0.447213595499957,-0.774596669241484,-0.447213595499958));
#18282=DIRECTION('',(0.447213595499957,0.774596669241484,0.447213595499958));
#18283=DIRECTION('',(0.447213595499957,-0.774596669241484,0.447213595499957));
#18284=DIRECTION('',(0.447213595499957,0.774596669241484,0.447213595499958));
#18285=DIRECTION('',(0.447213595499957,-0.774596669241484,0.447213595499957));
#18286=DIRECTION('',(0.447213595499957,0.774596669241484,0.447213595499958));
#18287=DIRECTION('',(0.447213595499957,-0.774596669241484,0.447213595499957));
#18288=DIRECTION('',(0.447213595499957,0.774596669241484,-0.447213595499957));
#18289=DIRECTION('',(-0.447213595499957,-0.774596669241484,0.447213595499957));
#18290=DIRECTION('',(0.447213595499957,0.774596669241484,-0.447213595499957));
#18291=DIRECTION('',(-0.447213595499963,0.774596669241481,0.447213595499957));
#18292=DIRECTION('',(0.447213595499963,-0.774596669241481,-0.447213595499957));
#18293=DIRECTION('',(0.447213595499963,-0.774596669241481,-0.447213595499957));
#18294=DIRECTION('',(0.447213595499963,0.774596669241481,0.447213595499957));
#18295=DIRECTION('',(0.447213595499963,-0.774596669241482,0.447213595499956));
#18296=DIRECTION('',(0.447213595499963,0.774596669241481,0.447213595499957));
#18297=DIRECTION('',(0.447213595499963,-0.774596669241482,0.447213595499956));
#18298=DIRECTION('',(0.447213595499963,0.774596669241481,0.447213595499957));
#18299=DIRECTION('',(0.447213595499963,-0.774596669241482,0.447213595499956));
#18300=DIRECTION('',(0.447213595499963,0.774596669241482,-0.447213595499956));
#18301=DIRECTION('',(-0.447213595499963,-0.774596669241482,0.447213595499956));
#18302=DIRECTION('',(0.447213595499963,0.774596669241482,-0.447213595499956));
#18303=DIRECTION('',(-0.447213595499963,0.774596669241481,0.447213595499957));
#18304=DIRECTION('',(0.447213595499963,-0.774596669241481,-0.447213595499957));
#18305=DIRECTION('',(0.447213595499963,-0.774596669241481,-0.447213595499957));
#18306=DIRECTION('',(0.447213595499963,0.774596669241481,0.447213595499957));
#18307=DIRECTION('',(0.447213595499963,-0.774596669241482,0.447213595499956));
#18308=DIRECTION('',(0.447213595499963,0.774596669241481,0.447213595499957));
#18309=DIRECTION('',(0.447213595499963,-0.774596669241482,0.447213595499956));
#18310=DIRECTION('',(0.447213595499963,0.774596669241481,0.447213595499957));
#18311=DIRECTION('',(0.447213595499963,-0.774596669241482,0.447213595499956));
#18312=DIRECTION('',(0.447213595499963,0.774596669241482,-0.447213595499956));
#18313=DIRECTION('',(-0.447213595499963,-0.774596669241482,0.447213595499956));
#18314=DIRECTION('',(0.447213595499963,0.774596669241482,-0.447213595499956));
#18315=DIRECTION('',(-0.447213595499957,0.774596669241484,0.447213595499958));
#18316=DIRECTION('',(0.447213595499957,-0.774596669241484,-0.447213595499958));
#18317=DIRECTION('',(0.447213595499957,-0.774596669241484,-0.447213595499958));
#18318=DIRECTION('',(0.447213595499957,0.774596669241484,0.447213595499958));
#18319=DIRECTION('',(0.447213595499957,-0.774596669241484,0.447213595499957));
#18320=DIRECTION('',(0.447213595499957,0.774596669241484,0.447213595499958));
#18321=DIRECTION('',(0.447213595499957,-0.774596669241484,0.447213595499957));
#18322=DIRECTION('',(0.447213595499968,0.774596669241479,0.447213595499955));
#18323=DIRECTION('',(0.447213595499957,-0.774596669241484,0.447213595499957));
#18324=DIRECTION('',(0.447213595499968,0.774596669241479,-0.447213595499955));
#18325=DIRECTION('',(-0.447213595499968,-0.774596669241479,0.447213595499955));
#18326=DIRECTION('',(0.447213595499968,0.774596669241479,-0.447213595499955));
#18327=DIRECTION('',(-0.577350269189633,0.577350269189623,0.577350269189622));
#18328=DIRECTION('',(0.577350269189633,0.577350269189623,0.577350269189622));
#18329=DIRECTION('',(-0.577350269189624,0.577350269189627,0.577350269189626));
#18330=DIRECTION('',(0.577350269189624,0.577350269189627,0.577350269189626));
#18331=DIRECTION('',(-0.577350269189628,0.577350269189625,0.577350269189624));
#18332=DIRECTION('',(0.577350269189628,0.577350269189625,0.577350269189624));
#18333=DIRECTION('',(-0.577350269189624,0.577350269189627,0.577350269189626));
#18334=DIRECTION('',(0.577350269189624,0.577350269189627,0.577350269189626));
#18335=DIRECTION('',(-0.577350269189624,0.577350269189627,0.577350269189626));
#18336=DIRECTION('',(0.577350269189624,0.577350269189627,0.577350269189626));
#18337=DIRECTION('',(-0.577350269189628,0.577350269189625,0.577350269189624));
#18338=DIRECTION('',(0.577350269189628,0.577350269189625,0.577350269189624));
#18339=DIRECTION('',(-0.577350269189624,0.577350269189627,0.577350269189626));
#18340=DIRECTION('',(0.577350269189624,0.577350269189627,0.577350269189626));
#18341=DIRECTION('',(-0.577350269189624,0.577350269189627,0.577350269189626));
#18342=DIRECTION('',(0.577350269189624,0.577350269189627,0.577350269189626));
#18343=DIRECTION('',(-0.577350269189626,0.577350269189626,0.577350269189625));
#18344=DIRECTION('',(0.577350269189626,0.577350269189626,0.577350269189625));
#18345=DIRECTION('',(-0.577350269189626,0.577350269189626,0.577350269189625));
#18346=DIRECTION('',(0.577350269189626,0.577350269189626,0.577350269189625));
#18347=DIRECTION('',(-0.577350269189626,0.577350269189626,0.577350269189625));
#18348=DIRECTION('',(0.577350269189626,0.577350269189626,0.577350269189625));
#18349=DIRECTION('',(-0.577350269189626,0.577350269189626,0.577350269189625));
#18350=DIRECTION('',(0.577350269189626,0.577350269189626,0.577350269189625));
#18351=DIRECTION('',(-0.577350269189626,0.577350269189626,0.577350269189625));
#18352=DIRECTION('',(0.577350269189626,0.577350269189626,0.577350269189625));
#18353=DIRECTION('',(0.0,1.0,7.39228753967389E-16));
#18354=DIRECTION('',(0.0,-0.813733471206735,0.581238193719096));
#18355=DIRECTION('',(0.0,-0.941741911594837,-0.336336396998157));
#18356=DIRECTION('',(0.0,0.813733471206735,-0.581238193719096));
#18357=DIRECTION('',(0.0,-1.0,-7.39228753967389E-16));
#18358=DIRECTION('',(0.0,0.941741911594837,0.336336396998157));
#18359=DIRECTION('',(-1.0,0.0,-3.56210409340088E-31));
#18360=DIRECTION('',(1.0,-4.81867632215781E-16,0.0));
#18361=PRESENTATION_LAYER_ASSIGNMENT('1','Layer 1',(#25));
ENDSEC;
END-ISO-10303-21;
