ISO-10303-21;
HEADER;
FILE_DESCRIPTION(('STEP AP242'),'1');
FILE_NAME('0533981471.stp','2024-12-24T22:49:29',('TraceParts'),('TraceParts S.A.'),'Spatial InterOp 3D',' ',' ');
FILE_SCHEMA(('AP242_MANAGED_MODEL_BASED_3D_ENGINEERING_MIM_LF  {1 0 10303 442 1 1 4}'));
ENDSEC;
DATA;
#1=MECHANICAL_DESIGN_GEOMETRIC_PRESENTATION_REPRESENTATION(' ',(#10),#6);
#2=PRODUCT_DEFINITION_CONTEXT('',#11,'design');
#3=APPLICATION_PROTOCOL_DEFINITION('INTERNATIONAL STANDARD','ap242_managed_model_based_3d_engineering',2014,#11);
#4=PRODUCT_CATEGORY_RELATIONSHIP('NONE','NONE',#12,#13);
#5=SHAPE_DEFINITION_REPRESENTATION(#14,#15);
#6= (GEOMETRIC_REPRESENTATION_CONTEXT(3)GLOBAL_UNCERTAINTY_ASSIGNED_CONTEXT((#18))GLOBAL_UNIT_ASSIGNED_CONTEXT((#20,#21,#22))REPRESENTATION_CONTEXT('NONE','WORKSPACE'));
#10=STYLED_ITEM('',(#24),#25);
#11=APPLICATION_CONTEXT('managed model based 3d engineering');
#12=PRODUCT_CATEGORY('part','NONE');
#13=PRODUCT_RELATED_PRODUCT_CATEGORY('detail',' ',(#26));
#14=PRODUCT_DEFINITION_SHAPE('NONE','NONE',#27);
#15=ADVANCED_BREP_SHAPE_REPRESENTATION('0533981471',(#25,#28),#6);
#18=UNCERTAINTY_MEASURE_WITH_UNIT(LENGTH_MEASURE(1.0E-06),#20,'','');
#20= (CONVERSION_BASED_UNIT('MILLIMETRE',#31)LENGTH_UNIT()NAMED_UNIT(#34));
#21= (NAMED_UNIT(#36)PLANE_ANGLE_UNIT()SI_UNIT($,.RADIAN.));
#22= (NAMED_UNIT(#36)SOLID_ANGLE_UNIT()SI_UNIT($,.STERADIAN.));
#24=PRESENTATION_STYLE_ASSIGNMENT((#42));
#25=MANIFOLD_SOLID_BREP('0533981471',#43);
#26=PRODUCT('0533981471','','PART--DESC',(#44));
#27=PRODUCT_DEFINITION('','NONE',#45,#2);
#28=AXIS2_PLACEMENT_3D('',#46,#47,#48);
#31=LENGTH_MEASURE_WITH_UNIT(LENGTH_MEASURE(1.0),#49);
#34=DIMENSIONAL_EXPONENTS(1.0,0.0,0.0,0.0,0.0,0.0,0.0);
#36=DIMENSIONAL_EXPONENTS(0.0,0.0,0.0,0.0,0.0,0.0,0.0);
#42=SURFACE_STYLE_USAGE(.BOTH.,#50);
#43=CLOSED_SHELL('',(#51,#52,#53,#54,#55,#56,#57,#58,#59,#60,#61,#62,#63,#64,#65,#66,#67,#68,#69,#70,#71,#72,#73,#74,#75,#76,#77,#78,#79,#80,#81,#82,#83,#84,#85,#86,#87,#88,#89,#90,#91,#92,#93,#94,#95,#96,#97,#98,#99,#100,#101,#102,#103,#104,#105,#106,#107,#108,#109,#110,#111,#112,#113,#114,#115,#116,#117,#118,#119,#120,#121,#122,#123,#124,#125,#126,#127,#128,#129,#130,#131,#132,#133,#134,#135,#136,#137,#138,#139,#140,#141,#142,#143,#144,#145,#146,#147,#148,#149,#150,#151,#152,#153,#154,#155,#156,#157,#158,#159,#160,#161,#162,#163,#164,#165,#166,#167,#168,#169,#170,#171,#172,#173,#174,#175,#176,#177,#178,#179,#180,#181,#182,#183,#184,#185,#186,#187,#188,#189,#190,#191,#192,#193,#194,#195,#196,#197,#198,#199,#200,#201,#202,#203,#204,#205,#206,#207,#208,#209,#210,#211,#212,#213,#214,#215,#216,#217,#218,#219,#220,#221,#222,#223,#224,#225,#226,#227,#228,#229,#230,#231,#232,#233,#234,#235,#236,#237,#238,#239,#240,#241,#242,#243,#244,#245,#246,#247,#248,#249,#250,#251,#252,#253,#254,#255,#256,#257,#258,#259,#260,#261,#262,#263,#264,#265,#266,#267,#268,#269,#270,#271,#272,#273,#274,#275,#276,#277,#278,#279,#280,#281,#282,#283,#284,#285,#286,#287,#288,#289,#290,#291,#292,#293,#294,#295,#296,#297,#298,#299,#300,#301,#302,#303,#304,#305,#306,#307,#308,#309,#310,#311,#312,#313,#314,#315,#316,#317,#318,#319,#320,#321,#322,#323,#324,#325,#326,#327,#328,#329,#330,#331,#332,#333,#334,#335,#336,#337,#338,#339,#340,#341,#342,#343,#344,#345,#346,#347,#348,#349,#350,#351,#352,#353,#354,#355,#356,#357,#358,#359,#360,#361,#362,#363,#364,#365,#366,#367,#368,#369,#370,#371));
#44=PRODUCT_CONTEXT('',#11,'mechanical');
#45=PRODUCT_DEFINITION_FORMATION_WITH_SPECIFIED_SOURCE(' ','NONE',#26,.NOT_KNOWN.);
#46=CARTESIAN_POINT('',(0.0,0.0,0.0));
#47=DIRECTION('',(0.0,0.0,1.0));
#48=DIRECTION('',(1.0,0.0,0.0));
#49= (NAMED_UNIT(#34)LENGTH_UNIT()SI_UNIT(.MILLI.,.METRE.));
#50=SURFACE_SIDE_STYLE('',(#373));
#51=ADVANCED_FACE('',(#374),#375,.T.);
#52=ADVANCED_FACE('',(#376),#377,.T.);
#53=ADVANCED_FACE('',(#378),#379,.T.);
#54=ADVANCED_FACE('',(#380),#381,.T.);
#55=ADVANCED_FACE('',(#382),#383,.T.);
#56=ADVANCED_FACE('',(#384),#385,.T.);
#57=ADVANCED_FACE('',(#386),#387,.T.);
#58=ADVANCED_FACE('',(#388),#389,.T.);
#59=ADVANCED_FACE('',(#390),#391,.T.);
#60=ADVANCED_FACE('',(#392),#393,.T.);
#61=ADVANCED_FACE('',(#394),#395,.F.);
#62=ADVANCED_FACE('',(#396),#397,.F.);
#63=ADVANCED_FACE('',(#398),#399,.F.);
#64=ADVANCED_FACE('',(#400),#401,.T.);
#65=ADVANCED_FACE('',(#402),#403,.F.);
#66=ADVANCED_FACE('',(#404),#405,.F.);
#67=ADVANCED_FACE('',(#406),#407,.F.);
#68=ADVANCED_FACE('',(#408),#409,.F.);
#69=ADVANCED_FACE('',(#410),#411,.F.);
#70=ADVANCED_FACE('',(#412),#413,.F.);
#71=ADVANCED_FACE('',(#414),#415,.F.);
#72=ADVANCED_FACE('',(#416,#417,#418,#419,#420,#421,#422,#423,#424,#425,#426,#427,#428,#429,#430),#431,.F.);
#73=ADVANCED_FACE('',(#432),#433,.F.);
#74=ADVANCED_FACE('',(#434),#435,.F.);
#75=ADVANCED_FACE('',(#436),#437,.F.);
#76=ADVANCED_FACE('',(#438),#439,.T.);
#77=ADVANCED_FACE('',(#440),#441,.F.);
#78=ADVANCED_FACE('',(#442),#443,.F.);
#79=ADVANCED_FACE('',(#444),#445,.T.);
#80=ADVANCED_FACE('',(#446),#447,.F.);
#81=ADVANCED_FACE('',(#448),#449,.F.);
#82=ADVANCED_FACE('',(#450),#451,.F.);
#83=ADVANCED_FACE('',(#452),#453,.T.);
#84=ADVANCED_FACE('',(#454),#455,.F.);
#85=ADVANCED_FACE('',(#456),#457,.F.);
#86=ADVANCED_FACE('',(#458),#459,.T.);
#87=ADVANCED_FACE('',(#460),#461,.F.);
#88=ADVANCED_FACE('',(#462),#463,.F.);
#89=ADVANCED_FACE('',(#464),#465,.F.);
#90=ADVANCED_FACE('',(#466),#467,.F.);
#91=ADVANCED_FACE('',(#468),#469,.T.);
#92=ADVANCED_FACE('',(#470),#471,.F.);
#93=ADVANCED_FACE('',(#472),#473,.F.);
#94=ADVANCED_FACE('',(#474),#475,.F.);
#95=ADVANCED_FACE('',(#476),#477,.T.);
#96=ADVANCED_FACE('',(#478),#479,.F.);
#97=ADVANCED_FACE('',(#480),#481,.F.);
#98=ADVANCED_FACE('',(#482),#483,.F.);
#99=ADVANCED_FACE('',(#484),#485,.T.);
#100=ADVANCED_FACE('',(#486),#487,.F.);
#101=ADVANCED_FACE('',(#488),#489,.F.);
#102=ADVANCED_FACE('',(#490),#491,.T.);
#103=ADVANCED_FACE('',(#492),#493,.F.);
#104=ADVANCED_FACE('',(#494),#495,.F.);
#105=ADVANCED_FACE('',(#496),#497,.T.);
#106=ADVANCED_FACE('',(#498),#499,.F.);
#107=ADVANCED_FACE('',(#500),#501,.F.);
#108=ADVANCED_FACE('',(#502),#503,.T.);
#109=ADVANCED_FACE('',(#504),#505,.F.);
#110=ADVANCED_FACE('',(#506),#507,.F.);
#111=ADVANCED_FACE('',(#508),#509,.T.);
#112=ADVANCED_FACE('',(#510),#511,.F.);
#113=ADVANCED_FACE('',(#512),#513,.F.);
#114=ADVANCED_FACE('',(#514),#515,.F.);
#115=ADVANCED_FACE('',(#516),#517,.F.);
#116=ADVANCED_FACE('',(#518),#519,.T.);
#117=ADVANCED_FACE('',(#520),#521,.T.);
#118=ADVANCED_FACE('',(#522),#523,.F.);
#119=ADVANCED_FACE('',(#524),#525,.F.);
#120=ADVANCED_FACE('',(#526),#527,.F.);
#121=ADVANCED_FACE('',(#528),#529,.F.);
#122=ADVANCED_FACE('',(#530),#531,.F.);
#123=ADVANCED_FACE('',(#532),#533,.F.);
#124=ADVANCED_FACE('',(#534),#535,.F.);
#125=ADVANCED_FACE('',(#536),#537,.T.);
#126=ADVANCED_FACE('',(#538),#539,.T.);
#127=ADVANCED_FACE('',(#540),#541,.F.);
#128=ADVANCED_FACE('',(#542),#543,.T.);
#129=ADVANCED_FACE('',(#544),#545,.T.);
#130=ADVANCED_FACE('',(#546),#547,.F.);
#131=ADVANCED_FACE('',(#548),#549,.T.);
#132=ADVANCED_FACE('',(#550),#551,.T.);
#133=ADVANCED_FACE('',(#552),#553,.T.);
#134=ADVANCED_FACE('',(#554),#555,.T.);
#135=ADVANCED_FACE('',(#556),#557,.T.);
#136=ADVANCED_FACE('',(#558),#559,.T.);
#137=ADVANCED_FACE('',(#560),#561,.T.);
#138=ADVANCED_FACE('',(#562),#563,.T.);
#139=ADVANCED_FACE('',(#564),#565,.F.);
#140=ADVANCED_FACE('',(#566),#567,.F.);
#141=ADVANCED_FACE('',(#568),#569,.T.);
#142=ADVANCED_FACE('',(#570),#571,.T.);
#143=ADVANCED_FACE('',(#572),#573,.T.);
#144=ADVANCED_FACE('',(#574),#575,.T.);
#145=ADVANCED_FACE('',(#576),#577,.F.);
#146=ADVANCED_FACE('',(#578),#579,.F.);
#147=ADVANCED_FACE('',(#580),#581,.T.);
#148=ADVANCED_FACE('',(#582),#583,.T.);
#149=ADVANCED_FACE('',(#584),#585,.T.);
#150=ADVANCED_FACE('',(#586),#587,.F.);
#151=ADVANCED_FACE('',(#588),#589,.F.);
#152=ADVANCED_FACE('',(#590),#591,.F.);
#153=ADVANCED_FACE('',(#592),#593,.F.);
#154=ADVANCED_FACE('',(#594),#595,.T.);
#155=ADVANCED_FACE('',(#596),#597,.F.);
#156=ADVANCED_FACE('',(#598),#599,.F.);
#157=ADVANCED_FACE('',(#600),#601,.F.);
#158=ADVANCED_FACE('',(#602),#603,.F.);
#159=ADVANCED_FACE('',(#604),#605,.F.);
#160=ADVANCED_FACE('',(#606),#607,.T.);
#161=ADVANCED_FACE('',(#608),#609,.F.);
#162=ADVANCED_FACE('',(#610),#611,.F.);
#163=ADVANCED_FACE('',(#612),#613,.F.);
#164=ADVANCED_FACE('',(#614),#615,.F.);
#165=ADVANCED_FACE('',(#616),#617,.F.);
#166=ADVANCED_FACE('',(#618),#619,.F.);
#167=ADVANCED_FACE('',(#620),#621,.F.);
#168=ADVANCED_FACE('',(#622),#623,.F.);
#169=ADVANCED_FACE('',(#624),#625,.T.);
#170=ADVANCED_FACE('',(#626),#627,.F.);
#171=ADVANCED_FACE('',(#628),#629,.F.);
#172=ADVANCED_FACE('',(#630),#631,.F.);
#173=ADVANCED_FACE('',(#632),#633,.F.);
#174=ADVANCED_FACE('',(#634),#635,.F.);
#175=ADVANCED_FACE('',(#636),#637,.F.);
#176=ADVANCED_FACE('',(#638),#639,.F.);
#177=ADVANCED_FACE('',(#640),#641,.T.);
#178=ADVANCED_FACE('',(#642),#643,.F.);
#179=ADVANCED_FACE('',(#644),#645,.F.);
#180=ADVANCED_FACE('',(#646),#647,.F.);
#181=ADVANCED_FACE('',(#648),#649,.F.);
#182=ADVANCED_FACE('',(#650),#651,.F.);
#183=ADVANCED_FACE('',(#652),#653,.F.);
#184=ADVANCED_FACE('',(#654),#655,.F.);
#185=ADVANCED_FACE('',(#656),#657,.T.);
#186=ADVANCED_FACE('',(#658),#659,.F.);
#187=ADVANCED_FACE('',(#660),#661,.F.);
#188=ADVANCED_FACE('',(#662),#663,.F.);
#189=ADVANCED_FACE('',(#664),#665,.F.);
#190=ADVANCED_FACE('',(#666),#667,.F.);
#191=ADVANCED_FACE('',(#668),#669,.F.);
#192=ADVANCED_FACE('',(#670),#671,.F.);
#193=ADVANCED_FACE('',(#672),#673,.T.);
#194=ADVANCED_FACE('',(#674),#675,.F.);
#195=ADVANCED_FACE('',(#676),#677,.F.);
#196=ADVANCED_FACE('',(#678),#679,.F.);
#197=ADVANCED_FACE('',(#680),#681,.F.);
#198=ADVANCED_FACE('',(#682),#683,.F.);
#199=ADVANCED_FACE('',(#684),#685,.F.);
#200=ADVANCED_FACE('',(#686),#687,.F.);
#201=ADVANCED_FACE('',(#688),#689,.T.);
#202=ADVANCED_FACE('',(#690),#691,.F.);
#203=ADVANCED_FACE('',(#692),#693,.F.);
#204=ADVANCED_FACE('',(#694),#695,.F.);
#205=ADVANCED_FACE('',(#696),#697,.F.);
#206=ADVANCED_FACE('',(#698),#699,.F.);
#207=ADVANCED_FACE('',(#700),#701,.F.);
#208=ADVANCED_FACE('',(#702),#703,.F.);
#209=ADVANCED_FACE('',(#704),#705,.T.);
#210=ADVANCED_FACE('',(#706),#707,.F.);
#211=ADVANCED_FACE('',(#708),#709,.F.);
#212=ADVANCED_FACE('',(#710),#711,.F.);
#213=ADVANCED_FACE('',(#712),#713,.F.);
#214=ADVANCED_FACE('',(#714),#715,.F.);
#215=ADVANCED_FACE('',(#716),#717,.F.);
#216=ADVANCED_FACE('',(#718),#719,.F.);
#217=ADVANCED_FACE('',(#720),#721,.T.);
#218=ADVANCED_FACE('',(#722),#723,.F.);
#219=ADVANCED_FACE('',(#724),#725,.F.);
#220=ADVANCED_FACE('',(#726),#727,.F.);
#221=ADVANCED_FACE('',(#728),#729,.F.);
#222=ADVANCED_FACE('',(#730),#731,.F.);
#223=ADVANCED_FACE('',(#732),#733,.F.);
#224=ADVANCED_FACE('',(#734),#735,.F.);
#225=ADVANCED_FACE('',(#736),#737,.T.);
#226=ADVANCED_FACE('',(#738),#739,.F.);
#227=ADVANCED_FACE('',(#740),#741,.F.);
#228=ADVANCED_FACE('',(#742),#743,.F.);
#229=ADVANCED_FACE('',(#744),#745,.F.);
#230=ADVANCED_FACE('',(#746),#747,.F.);
#231=ADVANCED_FACE('',(#748),#749,.F.);
#232=ADVANCED_FACE('',(#750),#751,.F.);
#233=ADVANCED_FACE('',(#752),#753,.T.);
#234=ADVANCED_FACE('',(#754),#755,.F.);
#235=ADVANCED_FACE('',(#756),#757,.F.);
#236=ADVANCED_FACE('',(#758),#759,.F.);
#237=ADVANCED_FACE('',(#760),#761,.F.);
#238=ADVANCED_FACE('',(#762),#763,.F.);
#239=ADVANCED_FACE('',(#764),#765,.F.);
#240=ADVANCED_FACE('',(#766),#767,.F.);
#241=ADVANCED_FACE('',(#768),#769,.T.);
#242=ADVANCED_FACE('',(#770),#771,.F.);
#243=ADVANCED_FACE('',(#772),#773,.F.);
#244=ADVANCED_FACE('',(#774),#775,.F.);
#245=ADVANCED_FACE('',(#776),#777,.F.);
#246=ADVANCED_FACE('',(#778),#779,.F.);
#247=ADVANCED_FACE('',(#780),#781,.F.);
#248=ADVANCED_FACE('',(#782),#783,.F.);
#249=ADVANCED_FACE('',(#784),#785,.T.);
#250=ADVANCED_FACE('',(#786),#787,.F.);
#251=ADVANCED_FACE('',(#788),#789,.F.);
#252=ADVANCED_FACE('',(#790),#791,.F.);
#253=ADVANCED_FACE('',(#792),#793,.F.);
#254=ADVANCED_FACE('',(#794),#795,.F.);
#255=ADVANCED_FACE('',(#796),#797,.F.);
#256=ADVANCED_FACE('',(#798),#799,.F.);
#257=ADVANCED_FACE('',(#800),#801,.T.);
#258=ADVANCED_FACE('',(#802),#803,.F.);
#259=ADVANCED_FACE('',(#804),#805,.F.);
#260=ADVANCED_FACE('',(#806),#807,.F.);
#261=ADVANCED_FACE('',(#808),#809,.F.);
#262=ADVANCED_FACE('',(#810),#811,.F.);
#263=ADVANCED_FACE('',(#812),#813,.F.);
#264=ADVANCED_FACE('',(#814),#815,.F.);
#265=ADVANCED_FACE('',(#816),#817,.T.);
#266=ADVANCED_FACE('',(#818),#819,.F.);
#267=ADVANCED_FACE('',(#820),#821,.F.);
#268=ADVANCED_FACE('',(#822),#823,.F.);
#269=ADVANCED_FACE('',(#824),#825,.F.);
#270=ADVANCED_FACE('',(#826),#827,.F.);
#271=ADVANCED_FACE('',(#828),#829,.T.);
#272=ADVANCED_FACE('',(#830),#831,.F.);
#273=ADVANCED_FACE('',(#832),#833,.F.);
#274=ADVANCED_FACE('',(#834),#835,.F.);
#275=ADVANCED_FACE('',(#836),#837,.F.);
#276=ADVANCED_FACE('',(#838),#839,.F.);
#277=ADVANCED_FACE('',(#840),#841,.F.);
#278=ADVANCED_FACE('',(#842),#843,.T.);
#279=ADVANCED_FACE('',(#844),#845,.F.);
#280=ADVANCED_FACE('',(#846),#847,.F.);
#281=ADVANCED_FACE('',(#848),#849,.F.);
#282=ADVANCED_FACE('',(#850),#851,.F.);
#283=ADVANCED_FACE('',(#852),#853,.F.);
#284=ADVANCED_FACE('',(#854),#855,.F.);
#285=ADVANCED_FACE('',(#856),#857,.T.);
#286=ADVANCED_FACE('',(#858),#859,.F.);
#287=ADVANCED_FACE('',(#860),#861,.F.);
#288=ADVANCED_FACE('',(#862),#863,.F.);
#289=ADVANCED_FACE('',(#864),#865,.F.);
#290=ADVANCED_FACE('',(#866),#867,.F.);
#291=ADVANCED_FACE('',(#868),#869,.F.);
#292=ADVANCED_FACE('',(#870),#871,.T.);
#293=ADVANCED_FACE('',(#872),#873,.F.);
#294=ADVANCED_FACE('',(#874),#875,.F.);
#295=ADVANCED_FACE('',(#876),#877,.F.);
#296=ADVANCED_FACE('',(#878),#879,.F.);
#297=ADVANCED_FACE('',(#880),#881,.F.);
#298=ADVANCED_FACE('',(#882),#883,.F.);
#299=ADVANCED_FACE('',(#884),#885,.T.);
#300=ADVANCED_FACE('',(#886),#887,.F.);
#301=ADVANCED_FACE('',(#888),#889,.F.);
#302=ADVANCED_FACE('',(#890),#891,.F.);
#303=ADVANCED_FACE('',(#892),#893,.F.);
#304=ADVANCED_FACE('',(#894),#895,.F.);
#305=ADVANCED_FACE('',(#896),#897,.F.);
#306=ADVANCED_FACE('',(#898),#899,.T.);
#307=ADVANCED_FACE('',(#900),#901,.F.);
#308=ADVANCED_FACE('',(#902),#903,.F.);
#309=ADVANCED_FACE('',(#904),#905,.F.);
#310=ADVANCED_FACE('',(#906),#907,.F.);
#311=ADVANCED_FACE('',(#908),#909,.F.);
#312=ADVANCED_FACE('',(#910),#911,.F.);
#313=ADVANCED_FACE('',(#912),#913,.T.);
#314=ADVANCED_FACE('',(#914),#915,.F.);
#315=ADVANCED_FACE('',(#916),#917,.F.);
#316=ADVANCED_FACE('',(#918),#919,.F.);
#317=ADVANCED_FACE('',(#920),#921,.F.);
#318=ADVANCED_FACE('',(#922),#923,.F.);
#319=ADVANCED_FACE('',(#924),#925,.F.);
#320=ADVANCED_FACE('',(#926),#927,.T.);
#321=ADVANCED_FACE('',(#928),#929,.F.);
#322=ADVANCED_FACE('',(#930),#931,.F.);
#323=ADVANCED_FACE('',(#932),#933,.F.);
#324=ADVANCED_FACE('',(#934),#935,.F.);
#325=ADVANCED_FACE('',(#936),#937,.F.);
#326=ADVANCED_FACE('',(#938),#939,.F.);
#327=ADVANCED_FACE('',(#940),#941,.T.);
#328=ADVANCED_FACE('',(#942),#943,.F.);
#329=ADVANCED_FACE('',(#944),#945,.F.);
#330=ADVANCED_FACE('',(#946),#947,.F.);
#331=ADVANCED_FACE('',(#948),#949,.F.);
#332=ADVANCED_FACE('',(#950),#951,.F.);
#333=ADVANCED_FACE('',(#952),#953,.F.);
#334=ADVANCED_FACE('',(#954),#955,.T.);
#335=ADVANCED_FACE('',(#956),#957,.F.);
#336=ADVANCED_FACE('',(#958),#959,.F.);
#337=ADVANCED_FACE('',(#960),#961,.F.);
#338=ADVANCED_FACE('',(#962),#963,.F.);
#339=ADVANCED_FACE('',(#964),#965,.F.);
#340=ADVANCED_FACE('',(#966),#967,.F.);
#341=ADVANCED_FACE('',(#968),#969,.T.);
#342=ADVANCED_FACE('',(#970),#971,.F.);
#343=ADVANCED_FACE('',(#972),#973,.F.);
#344=ADVANCED_FACE('',(#974),#975,.F.);
#345=ADVANCED_FACE('',(#976),#977,.F.);
#346=ADVANCED_FACE('',(#978),#979,.F.);
#347=ADVANCED_FACE('',(#980),#981,.F.);
#348=ADVANCED_FACE('',(#982),#983,.T.);
#349=ADVANCED_FACE('',(#984),#985,.F.);
#350=ADVANCED_FACE('',(#986),#987,.F.);
#351=ADVANCED_FACE('',(#988),#989,.F.);
#352=ADVANCED_FACE('',(#990),#991,.F.);
#353=ADVANCED_FACE('',(#992),#993,.F.);
#354=ADVANCED_FACE('',(#994),#995,.F.);
#355=ADVANCED_FACE('',(#996),#997,.T.);
#356=ADVANCED_FACE('',(#998),#999,.F.);
#357=ADVANCED_FACE('',(#1000),#1001,.F.);
#358=ADVANCED_FACE('',(#1002),#1003,.F.);
#359=ADVANCED_FACE('',(#1004),#1005,.F.);
#360=ADVANCED_FACE('',(#1006),#1007,.T.);
#361=ADVANCED_FACE('',(#1008),#1009,.T.);
#362=ADVANCED_FACE('',(#1010),#1011,.T.);
#363=ADVANCED_FACE('',(#1012),#1013,.T.);
#364=ADVANCED_FACE('',(#1014),#1015,.T.);
#365=ADVANCED_FACE('',(#1016),#1017,.T.);
#366=ADVANCED_FACE('',(#1018),#1019,.T.);
#367=ADVANCED_FACE('',(#1020),#1021,.T.);
#368=ADVANCED_FACE('',(#1022),#1023,.T.);
#369=ADVANCED_FACE('',(#1024),#1025,.T.);
#370=ADVANCED_FACE('',(#1026),#1027,.T.);
#371=ADVANCED_FACE('',(#1028),#1029,.T.);
#373=SURFACE_STYLE_FILL_AREA(#1030);
#374=FACE_OUTER_BOUND('',#1031,.T.);
#375=CYLINDRICAL_SURFACE('',#1032,0.100000000000001);
#376=FACE_OUTER_BOUND('',#1033,.T.);
#377=CYLINDRICAL_SURFACE('',#1034,0.0999999999999783);
#378=FACE_OUTER_BOUND('',#1035,.T.);
#379=CYLINDRICAL_SURFACE('',#1036,0.1);
#380=FACE_OUTER_BOUND('',#1037,.T.);
#381=CYLINDRICAL_SURFACE('',#1038,0.1);
#382=FACE_OUTER_BOUND('',#1039,.T.);
#383=PLANE('',#1040);
#384=FACE_OUTER_BOUND('',#1041,.T.);
#385=PLANE('',#1042);
#386=FACE_OUTER_BOUND('',#1043,.T.);
#387=PLANE('',#1044);
#388=FACE_OUTER_BOUND('',#1045,.T.);
#389=PLANE('',#1046);
#390=FACE_OUTER_BOUND('',#1047,.T.);
#391=PLANE('',#1048);
#392=FACE_OUTER_BOUND('',#1049,.T.);
#393=PLANE('',#1050);
#394=FACE_OUTER_BOUND('',#1051,.T.);
#395=PLANE('',#1052);
#396=FACE_OUTER_BOUND('',#1053,.T.);
#397=PLANE('',#1054);
#398=FACE_OUTER_BOUND('',#1055,.T.);
#399=PLANE('',#1056);
#400=FACE_OUTER_BOUND('',#1057,.T.);
#401=PLANE('',#1058);
#402=FACE_OUTER_BOUND('',#1059,.T.);
#403=PLANE('',#1060);
#404=FACE_OUTER_BOUND('',#1061,.T.);
#405=PLANE('',#1062);
#406=FACE_OUTER_BOUND('',#1063,.T.);
#407=PLANE('',#1064);
#408=FACE_OUTER_BOUND('',#1065,.T.);
#409=PLANE('',#1066);
#410=FACE_OUTER_BOUND('',#1067,.T.);
#411=PLANE('',#1068);
#412=FACE_OUTER_BOUND('',#1069,.T.);
#413=PLANE('',#1070);
#414=FACE_OUTER_BOUND('',#1071,.T.);
#415=PLANE('',#1072);
#416=FACE_BOUND('',#1073,.T.);
#417=FACE_BOUND('',#1074,.T.);
#418=FACE_BOUND('',#1075,.T.);
#419=FACE_BOUND('',#1076,.T.);
#420=FACE_BOUND('',#1077,.T.);
#421=FACE_BOUND('',#1078,.T.);
#422=FACE_BOUND('',#1079,.T.);
#423=FACE_BOUND('',#1080,.T.);
#424=FACE_BOUND('',#1081,.T.);
#425=FACE_BOUND('',#1082,.T.);
#426=FACE_BOUND('',#1083,.T.);
#427=FACE_BOUND('',#1084,.T.);
#428=FACE_BOUND('',#1085,.T.);
#429=FACE_BOUND('',#1086,.T.);
#430=FACE_OUTER_BOUND('',#1087,.T.);
#431=PLANE('',#1088);
#432=FACE_OUTER_BOUND('',#1089,.T.);
#433=PLANE('',#1090);
#434=FACE_OUTER_BOUND('',#1091,.T.);
#435=PLANE('',#1092);
#436=FACE_OUTER_BOUND('',#1093,.T.);
#437=PLANE('',#1094);
#438=FACE_OUTER_BOUND('',#1095,.T.);
#439=PLANE('',#1096);
#440=FACE_OUTER_BOUND('',#1097,.T.);
#441=PLANE('',#1098);
#442=FACE_OUTER_BOUND('',#1099,.T.);
#443=PLANE('',#1100);
#444=FACE_OUTER_BOUND('',#1101,.T.);
#445=CYLINDRICAL_SURFACE('',#1102,0.1);
#446=FACE_OUTER_BOUND('',#1103,.T.);
#447=PLANE('',#1104);
#448=FACE_OUTER_BOUND('',#1105,.T.);
#449=PLANE('',#1106);
#450=FACE_OUTER_BOUND('',#1107,.T.);
#451=PLANE('',#1108);
#452=FACE_OUTER_BOUND('',#1109,.T.);
#453=CYLINDRICAL_SURFACE('',#1110,0.1);
#454=FACE_OUTER_BOUND('',#1111,.T.);
#455=PLANE('',#1112);
#456=FACE_OUTER_BOUND('',#1113,.T.);
#457=PLANE('',#1114);
#458=FACE_OUTER_BOUND('',#1115,.T.);
#459=CYLINDRICAL_SURFACE('',#1116,0.0999999999999783);
#460=FACE_OUTER_BOUND('',#1117,.T.);
#461=PLANE('',#1118);
#462=FACE_OUTER_BOUND('',#1119,.T.);
#463=PLANE('',#1120);
#464=FACE_OUTER_BOUND('',#1121,.T.);
#465=PLANE('',#1122);
#466=FACE_OUTER_BOUND('',#1123,.T.);
#467=PLANE('',#1124);
#468=FACE_OUTER_BOUND('',#1125,.T.);
#469=CYLINDRICAL_SURFACE('',#1126,0.100000000000001);
#470=FACE_OUTER_BOUND('',#1127,.T.);
#471=PLANE('',#1128);
#472=FACE_OUTER_BOUND('',#1129,.T.);
#473=PLANE('',#1130);
#474=FACE_OUTER_BOUND('',#1131,.T.);
#475=PLANE('',#1132);
#476=FACE_OUTER_BOUND('',#1133,.T.);
#477=PLANE('',#1134);
#478=FACE_OUTER_BOUND('',#1135,.T.);
#479=PLANE('',#1136);
#480=FACE_OUTER_BOUND('',#1137,.T.);
#481=PLANE('',#1138);
#482=FACE_OUTER_BOUND('',#1139,.T.);
#483=PLANE('',#1140);
#484=FACE_OUTER_BOUND('',#1141,.T.);
#485=PLANE('',#1142);
#486=FACE_OUTER_BOUND('',#1143,.T.);
#487=PLANE('',#1144);
#488=FACE_OUTER_BOUND('',#1145,.T.);
#489=PLANE('',#1146);
#490=FACE_OUTER_BOUND('',#1147,.T.);
#491=PLANE('',#1148);
#492=FACE_OUTER_BOUND('',#1149,.T.);
#493=PLANE('',#1150);
#494=FACE_OUTER_BOUND('',#1151,.T.);
#495=PLANE('',#1152);
#496=FACE_OUTER_BOUND('',#1153,.T.);
#497=PLANE('',#1154);
#498=FACE_OUTER_BOUND('',#1155,.T.);
#499=PLANE('',#1156);
#500=FACE_OUTER_BOUND('',#1157,.T.);
#501=PLANE('',#1158);
#502=FACE_OUTER_BOUND('',#1159,.T.);
#503=PLANE('',#1160);
#504=FACE_OUTER_BOUND('',#1161,.T.);
#505=PLANE('',#1162);
#506=FACE_OUTER_BOUND('',#1163,.T.);
#507=PLANE('',#1164);
#508=FACE_OUTER_BOUND('',#1165,.T.);
#509=PLANE('',#1166);
#510=FACE_OUTER_BOUND('',#1167,.T.);
#511=PLANE('',#1168);
#512=FACE_OUTER_BOUND('',#1169,.T.);
#513=PLANE('',#1170);
#514=FACE_OUTER_BOUND('',#1171,.T.);
#515=PLANE('',#1172);
#516=FACE_OUTER_BOUND('',#1173,.T.);
#517=PLANE('',#1174);
#518=FACE_OUTER_BOUND('',#1175,.T.);
#519=PLANE('',#1176);
#520=FACE_OUTER_BOUND('',#1177,.T.);
#521=PLANE('',#1178);
#522=FACE_OUTER_BOUND('',#1179,.T.);
#523=PLANE('',#1180);
#524=FACE_OUTER_BOUND('',#1181,.T.);
#525=PLANE('',#1182);
#526=FACE_OUTER_BOUND('',#1183,.T.);
#527=PLANE('',#1184);
#528=FACE_OUTER_BOUND('',#1185,.T.);
#529=PLANE('',#1186);
#530=FACE_OUTER_BOUND('',#1187,.T.);
#531=PLANE('',#1188);
#532=FACE_OUTER_BOUND('',#1189,.T.);
#533=PLANE('',#1190);
#534=FACE_OUTER_BOUND('',#1191,.T.);
#535=PLANE('',#1192);
#536=FACE_OUTER_BOUND('',#1193,.T.);
#537=PLANE('',#1194);
#538=FACE_OUTER_BOUND('',#1195,.T.);
#539=PLANE('',#1196);
#540=FACE_OUTER_BOUND('',#1197,.T.);
#541=PLANE('',#1198);
#542=FACE_OUTER_BOUND('',#1199,.T.);
#543=PLANE('',#1200);
#544=FACE_OUTER_BOUND('',#1201,.T.);
#545=PLANE('',#1202);
#546=FACE_OUTER_BOUND('',#1203,.T.);
#547=PLANE('',#1204);
#548=FACE_OUTER_BOUND('',#1205,.T.);
#549=PLANE('',#1206);
#550=FACE_OUTER_BOUND('',#1207,.T.);
#551=PLANE('',#1208);
#552=FACE_OUTER_BOUND('',#1209,.T.);
#553=PLANE('',#1210);
#554=FACE_OUTER_BOUND('',#1211,.T.);
#555=PLANE('',#1212);
#556=FACE_OUTER_BOUND('',#1213,.T.);
#557=PLANE('',#1214);
#558=FACE_OUTER_BOUND('',#1215,.T.);
#559=PLANE('',#1216);
#560=FACE_OUTER_BOUND('',#1217,.T.);
#561=PLANE('',#1218);
#562=FACE_OUTER_BOUND('',#1219,.T.);
#563=CYLINDRICAL_SURFACE('',#1220,0.449999999999989);
#564=FACE_OUTER_BOUND('',#1221,.T.);
#565=CYLINDRICAL_SURFACE('',#1222,0.199999999999999);
#566=FACE_OUTER_BOUND('',#1223,.T.);
#567=PLANE('',#1224);
#568=FACE_OUTER_BOUND('',#1225,.T.);
#569=PLANE('',#1226);
#570=FACE_OUTER_BOUND('',#1227,.T.);
#571=PLANE('',#1228);
#572=FACE_OUTER_BOUND('',#1229,.T.);
#573=PLANE('',#1230);
#574=FACE_OUTER_BOUND('',#1231,.T.);
#575=CYLINDRICAL_SURFACE('',#1232,0.45);
#576=FACE_OUTER_BOUND('',#1233,.T.);
#577=CYLINDRICAL_SURFACE('',#1234,0.2);
#578=FACE_OUTER_BOUND('',#1235,.T.);
#579=PLANE('',#1236);
#580=FACE_OUTER_BOUND('',#1237,.T.);
#581=PLANE('',#1238);
#582=FACE_OUTER_BOUND('',#1239,.T.);
#583=PLANE('',#1240);
#584=FACE_OUTER_BOUND('',#1241,.T.);
#585=PLANE('',#1242);
#586=FACE_OUTER_BOUND('',#1243,.T.);
#587=PLANE('',#1244);
#588=FACE_OUTER_BOUND('',#1245,.T.);
#589=PLANE('',#1246);
#590=FACE_OUTER_BOUND('',#1247,.T.);
#591=PLANE('',#1248);
#592=FACE_OUTER_BOUND('',#1249,.T.);
#593=PLANE('',#1250);
#594=FACE_OUTER_BOUND('',#1251,.T.);
#595=PLANE('',#1252);
#596=FACE_OUTER_BOUND('',#1253,.T.);
#597=PLANE('',#1254);
#598=FACE_OUTER_BOUND('',#1255,.T.);
#599=PLANE('',#1256);
#600=FACE_OUTER_BOUND('',#1257,.T.);
#601=PLANE('',#1258);
#602=FACE_OUTER_BOUND('',#1259,.T.);
#603=PLANE('',#1260);
#604=FACE_OUTER_BOUND('',#1261,.T.);
#605=PLANE('',#1262);
#606=FACE_OUTER_BOUND('',#1263,.T.);
#607=PLANE('',#1264);
#608=FACE_OUTER_BOUND('',#1265,.T.);
#609=PLANE('',#1266);
#610=FACE_OUTER_BOUND('',#1267,.T.);
#611=PLANE('',#1268);
#612=FACE_OUTER_BOUND('',#1269,.T.);
#613=PLANE('',#1270);
#614=FACE_OUTER_BOUND('',#1271,.T.);
#615=PLANE('',#1272);
#616=FACE_OUTER_BOUND('',#1273,.T.);
#617=PLANE('',#1274);
#618=FACE_OUTER_BOUND('',#1275,.T.);
#619=PLANE('',#1276);
#620=FACE_OUTER_BOUND('',#1277,.T.);
#621=PLANE('',#1278);
#622=FACE_OUTER_BOUND('',#1279,.T.);
#623=PLANE('',#1280);
#624=FACE_OUTER_BOUND('',#1281,.T.);
#625=PLANE('',#1282);
#626=FACE_OUTER_BOUND('',#1283,.T.);
#627=PLANE('',#1284);
#628=FACE_OUTER_BOUND('',#1285,.T.);
#629=PLANE('',#1286);
#630=FACE_OUTER_BOUND('',#1287,.T.);
#631=PLANE('',#1288);
#632=FACE_OUTER_BOUND('',#1289,.T.);
#633=PLANE('',#1290);
#634=FACE_OUTER_BOUND('',#1291,.T.);
#635=PLANE('',#1292);
#636=FACE_OUTER_BOUND('',#1293,.T.);
#637=PLANE('',#1294);
#638=FACE_OUTER_BOUND('',#1295,.T.);
#639=PLANE('',#1296);
#640=FACE_OUTER_BOUND('',#1297,.T.);
#641=PLANE('',#1298);
#642=FACE_OUTER_BOUND('',#1299,.T.);
#643=PLANE('',#1300);
#644=FACE_OUTER_BOUND('',#1301,.T.);
#645=PLANE('',#1302);
#646=FACE_OUTER_BOUND('',#1303,.T.);
#647=PLANE('',#1304);
#648=FACE_OUTER_BOUND('',#1305,.T.);
#649=PLANE('',#1306);
#650=FACE_OUTER_BOUND('',#1307,.T.);
#651=PLANE('',#1308);
#652=FACE_OUTER_BOUND('',#1309,.T.);
#653=PLANE('',#1310);
#654=FACE_OUTER_BOUND('',#1311,.T.);
#655=PLANE('',#1312);
#656=FACE_OUTER_BOUND('',#1313,.T.);
#657=PLANE('',#1314);
#658=FACE_OUTER_BOUND('',#1315,.T.);
#659=PLANE('',#1316);
#660=FACE_OUTER_BOUND('',#1317,.T.);
#661=PLANE('',#1318);
#662=FACE_OUTER_BOUND('',#1319,.T.);
#663=PLANE('',#1320);
#664=FACE_OUTER_BOUND('',#1321,.T.);
#665=PLANE('',#1322);
#666=FACE_OUTER_BOUND('',#1323,.T.);
#667=PLANE('',#1324);
#668=FACE_OUTER_BOUND('',#1325,.T.);
#669=PLANE('',#1326);
#670=FACE_OUTER_BOUND('',#1327,.T.);
#671=PLANE('',#1328);
#672=FACE_OUTER_BOUND('',#1329,.T.);
#673=PLANE('',#1330);
#674=FACE_OUTER_BOUND('',#1331,.T.);
#675=PLANE('',#1332);
#676=FACE_OUTER_BOUND('',#1333,.T.);
#677=PLANE('',#1334);
#678=FACE_OUTER_BOUND('',#1335,.T.);
#679=PLANE('',#1336);
#680=FACE_OUTER_BOUND('',#1337,.T.);
#681=PLANE('',#1338);
#682=FACE_OUTER_BOUND('',#1339,.T.);
#683=PLANE('',#1340);
#684=FACE_OUTER_BOUND('',#1341,.T.);
#685=PLANE('',#1342);
#686=FACE_OUTER_BOUND('',#1343,.T.);
#687=PLANE('',#1344);
#688=FACE_OUTER_BOUND('',#1345,.T.);
#689=PLANE('',#1346);
#690=FACE_OUTER_BOUND('',#1347,.T.);
#691=PLANE('',#1348);
#692=FACE_OUTER_BOUND('',#1349,.T.);
#693=PLANE('',#1350);
#694=FACE_OUTER_BOUND('',#1351,.T.);
#695=PLANE('',#1352);
#696=FACE_OUTER_BOUND('',#1353,.T.);
#697=PLANE('',#1354);
#698=FACE_OUTER_BOUND('',#1355,.T.);
#699=PLANE('',#1356);
#700=FACE_OUTER_BOUND('',#1357,.T.);
#701=PLANE('',#1358);
#702=FACE_OUTER_BOUND('',#1359,.T.);
#703=PLANE('',#1360);
#704=FACE_OUTER_BOUND('',#1361,.T.);
#705=PLANE('',#1362);
#706=FACE_OUTER_BOUND('',#1363,.T.);
#707=PLANE('',#1364);
#708=FACE_OUTER_BOUND('',#1365,.T.);
#709=PLANE('',#1366);
#710=FACE_OUTER_BOUND('',#1367,.T.);
#711=PLANE('',#1368);
#712=FACE_OUTER_BOUND('',#1369,.T.);
#713=PLANE('',#1370);
#714=FACE_OUTER_BOUND('',#1371,.T.);
#715=PLANE('',#1372);
#716=FACE_OUTER_BOUND('',#1373,.T.);
#717=PLANE('',#1374);
#718=FACE_OUTER_BOUND('',#1375,.T.);
#719=PLANE('',#1376);
#720=FACE_OUTER_BOUND('',#1377,.T.);
#721=PLANE('',#1378);
#722=FACE_OUTER_BOUND('',#1379,.T.);
#723=PLANE('',#1380);
#724=FACE_OUTER_BOUND('',#1381,.T.);
#725=PLANE('',#1382);
#726=FACE_OUTER_BOUND('',#1383,.T.);
#727=PLANE('',#1384);
#728=FACE_OUTER_BOUND('',#1385,.T.);
#729=PLANE('',#1386);
#730=FACE_OUTER_BOUND('',#1387,.T.);
#731=PLANE('',#1388);
#732=FACE_OUTER_BOUND('',#1389,.T.);
#733=PLANE('',#1390);
#734=FACE_OUTER_BOUND('',#1391,.T.);
#735=PLANE('',#1392);
#736=FACE_OUTER_BOUND('',#1393,.T.);
#737=PLANE('',#1394);
#738=FACE_OUTER_BOUND('',#1395,.T.);
#739=PLANE('',#1396);
#740=FACE_OUTER_BOUND('',#1397,.T.);
#741=PLANE('',#1398);
#742=FACE_OUTER_BOUND('',#1399,.T.);
#743=PLANE('',#1400);
#744=FACE_OUTER_BOUND('',#1401,.T.);
#745=PLANE('',#1402);
#746=FACE_OUTER_BOUND('',#1403,.T.);
#747=PLANE('',#1404);
#748=FACE_OUTER_BOUND('',#1405,.T.);
#749=PLANE('',#1406);
#750=FACE_OUTER_BOUND('',#1407,.T.);
#751=PLANE('',#1408);
#752=FACE_OUTER_BOUND('',#1409,.T.);
#753=PLANE('',#1410);
#754=FACE_OUTER_BOUND('',#1411,.T.);
#755=PLANE('',#1412);
#756=FACE_OUTER_BOUND('',#1413,.T.);
#757=PLANE('',#1414);
#758=FACE_OUTER_BOUND('',#1415,.T.);
#759=PLANE('',#1416);
#760=FACE_OUTER_BOUND('',#1417,.T.);
#761=PLANE('',#1418);
#762=FACE_OUTER_BOUND('',#1419,.T.);
#763=PLANE('',#1420);
#764=FACE_OUTER_BOUND('',#1421,.T.);
#765=PLANE('',#1422);
#766=FACE_OUTER_BOUND('',#1423,.T.);
#767=PLANE('',#1424);
#768=FACE_OUTER_BOUND('',#1425,.T.);
#769=PLANE('',#1426);
#770=FACE_OUTER_BOUND('',#1427,.T.);
#771=PLANE('',#1428);
#772=FACE_OUTER_BOUND('',#1429,.T.);
#773=PLANE('',#1430);
#774=FACE_OUTER_BOUND('',#1431,.T.);
#775=PLANE('',#1432);
#776=FACE_OUTER_BOUND('',#1433,.T.);
#777=PLANE('',#1434);
#778=FACE_OUTER_BOUND('',#1435,.T.);
#779=PLANE('',#1436);
#780=FACE_OUTER_BOUND('',#1437,.T.);
#781=PLANE('',#1438);
#782=FACE_OUTER_BOUND('',#1439,.T.);
#783=PLANE('',#1440);
#784=FACE_OUTER_BOUND('',#1441,.T.);
#785=PLANE('',#1442);
#786=FACE_OUTER_BOUND('',#1443,.T.);
#787=PLANE('',#1444);
#788=FACE_OUTER_BOUND('',#1445,.T.);
#789=PLANE('',#1446);
#790=FACE_OUTER_BOUND('',#1447,.T.);
#791=PLANE('',#1448);
#792=FACE_OUTER_BOUND('',#1449,.T.);
#793=PLANE('',#1450);
#794=FACE_OUTER_BOUND('',#1451,.T.);
#795=PLANE('',#1452);
#796=FACE_OUTER_BOUND('',#1453,.T.);
#797=PLANE('',#1454);
#798=FACE_OUTER_BOUND('',#1455,.T.);
#799=PLANE('',#1456);
#800=FACE_OUTER_BOUND('',#1457,.T.);
#801=PLANE('',#1458);
#802=FACE_OUTER_BOUND('',#1459,.T.);
#803=PLANE('',#1460);
#804=FACE_OUTER_BOUND('',#1461,.T.);
#805=PLANE('',#1462);
#806=FACE_OUTER_BOUND('',#1463,.T.);
#807=PLANE('',#1464);
#808=FACE_OUTER_BOUND('',#1465,.T.);
#809=PLANE('',#1466);
#810=FACE_OUTER_BOUND('',#1467,.T.);
#811=PLANE('',#1468);
#812=FACE_OUTER_BOUND('',#1469,.T.);
#813=PLANE('',#1470);
#814=FACE_OUTER_BOUND('',#1471,.T.);
#815=PLANE('',#1472);
#816=FACE_OUTER_BOUND('',#1473,.T.);
#817=PLANE('',#1474);
#818=FACE_OUTER_BOUND('',#1475,.T.);
#819=PLANE('',#1476);
#820=FACE_OUTER_BOUND('',#1477,.T.);
#821=PLANE('',#1478);
#822=FACE_OUTER_BOUND('',#1479,.T.);
#823=PLANE('',#1480);
#824=FACE_OUTER_BOUND('',#1481,.T.);
#825=PLANE('',#1482);
#826=FACE_OUTER_BOUND('',#1483,.T.);
#827=PLANE('',#1484);
#828=FACE_OUTER_BOUND('',#1485,.T.);
#829=PLANE('',#1486);
#830=FACE_OUTER_BOUND('',#1487,.T.);
#831=PLANE('',#1488);
#832=FACE_OUTER_BOUND('',#1489,.T.);
#833=PLANE('',#1490);
#834=FACE_OUTER_BOUND('',#1491,.T.);
#835=PLANE('',#1492);
#836=FACE_OUTER_BOUND('',#1493,.T.);
#837=PLANE('',#1494);
#838=FACE_OUTER_BOUND('',#1495,.T.);
#839=PLANE('',#1496);
#840=FACE_OUTER_BOUND('',#1497,.T.);
#841=PLANE('',#1498);
#842=FACE_OUTER_BOUND('',#1499,.T.);
#843=PLANE('',#1500);
#844=FACE_OUTER_BOUND('',#1501,.T.);
#845=PLANE('',#1502);
#846=FACE_OUTER_BOUND('',#1503,.T.);
#847=PLANE('',#1504);
#848=FACE_OUTER_BOUND('',#1505,.T.);
#849=PLANE('',#1506);
#850=FACE_OUTER_BOUND('',#1507,.T.);
#851=PLANE('',#1508);
#852=FACE_OUTER_BOUND('',#1509,.T.);
#853=PLANE('',#1510);
#854=FACE_OUTER_BOUND('',#1511,.T.);
#855=PLANE('',#1512);
#856=FACE_OUTER_BOUND('',#1513,.T.);
#857=PLANE('',#1514);
#858=FACE_OUTER_BOUND('',#1515,.T.);
#859=PLANE('',#1516);
#860=FACE_OUTER_BOUND('',#1517,.T.);
#861=PLANE('',#1518);
#862=FACE_OUTER_BOUND('',#1519,.T.);
#863=PLANE('',#1520);
#864=FACE_OUTER_BOUND('',#1521,.T.);
#865=PLANE('',#1522);
#866=FACE_OUTER_BOUND('',#1523,.T.);
#867=PLANE('',#1524);
#868=FACE_OUTER_BOUND('',#1525,.T.);
#869=PLANE('',#1526);
#870=FACE_OUTER_BOUND('',#1527,.T.);
#871=PLANE('',#1528);
#872=FACE_OUTER_BOUND('',#1529,.T.);
#873=PLANE('',#1530);
#874=FACE_OUTER_BOUND('',#1531,.T.);
#875=PLANE('',#1532);
#876=FACE_OUTER_BOUND('',#1533,.T.);
#877=PLANE('',#1534);
#878=FACE_OUTER_BOUND('',#1535,.T.);
#879=PLANE('',#1536);
#880=FACE_OUTER_BOUND('',#1537,.T.);
#881=PLANE('',#1538);
#882=FACE_OUTER_BOUND('',#1539,.T.);
#883=PLANE('',#1540);
#884=FACE_OUTER_BOUND('',#1541,.T.);
#885=PLANE('',#1542);
#886=FACE_OUTER_BOUND('',#1543,.T.);
#887=PLANE('',#1544);
#888=FACE_OUTER_BOUND('',#1545,.T.);
#889=PLANE('',#1546);
#890=FACE_OUTER_BOUND('',#1547,.T.);
#891=PLANE('',#1548);
#892=FACE_OUTER_BOUND('',#1549,.T.);
#893=PLANE('',#1550);
#894=FACE_OUTER_BOUND('',#1551,.T.);
#895=PLANE('',#1552);
#896=FACE_OUTER_BOUND('',#1553,.T.);
#897=PLANE('',#1554);
#898=FACE_OUTER_BOUND('',#1555,.T.);
#899=PLANE('',#1556);
#900=FACE_OUTER_BOUND('',#1557,.T.);
#901=PLANE('',#1558);
#902=FACE_OUTER_BOUND('',#1559,.T.);
#903=PLANE('',#1560);
#904=FACE_OUTER_BOUND('',#1561,.T.);
#905=PLANE('',#1562);
#906=FACE_OUTER_BOUND('',#1563,.T.);
#907=PLANE('',#1564);
#908=FACE_OUTER_BOUND('',#1565,.T.);
#909=PLANE('',#1566);
#910=FACE_OUTER_BOUND('',#1567,.T.);
#911=PLANE('',#1568);
#912=FACE_OUTER_BOUND('',#1569,.T.);
#913=PLANE('',#1570);
#914=FACE_OUTER_BOUND('',#1571,.T.);
#915=PLANE('',#1572);
#916=FACE_OUTER_BOUND('',#1573,.T.);
#917=PLANE('',#1574);
#918=FACE_OUTER_BOUND('',#1575,.T.);
#919=PLANE('',#1576);
#920=FACE_OUTER_BOUND('',#1577,.T.);
#921=PLANE('',#1578);
#922=FACE_OUTER_BOUND('',#1579,.T.);
#923=PLANE('',#1580);
#924=FACE_OUTER_BOUND('',#1581,.T.);
#925=PLANE('',#1582);
#926=FACE_OUTER_BOUND('',#1583,.T.);
#927=PLANE('',#1584);
#928=FACE_OUTER_BOUND('',#1585,.T.);
#929=PLANE('',#1586);
#930=FACE_OUTER_BOUND('',#1587,.T.);
#931=PLANE('',#1588);
#932=FACE_OUTER_BOUND('',#1589,.T.);
#933=PLANE('',#1590);
#934=FACE_OUTER_BOUND('',#1591,.T.);
#935=PLANE('',#1592);
#936=FACE_OUTER_BOUND('',#1593,.T.);
#937=PLANE('',#1594);
#938=FACE_OUTER_BOUND('',#1595,.T.);
#939=PLANE('',#1596);
#940=FACE_OUTER_BOUND('',#1597,.T.);
#941=PLANE('',#1598);
#942=FACE_OUTER_BOUND('',#1599,.T.);
#943=PLANE('',#1600);
#944=FACE_OUTER_BOUND('',#1601,.T.);
#945=PLANE('',#1602);
#946=FACE_OUTER_BOUND('',#1603,.T.);
#947=PLANE('',#1604);
#948=FACE_OUTER_BOUND('',#1605,.T.);
#949=PLANE('',#1606);
#950=FACE_OUTER_BOUND('',#1607,.T.);
#951=PLANE('',#1608);
#952=FACE_OUTER_BOUND('',#1609,.T.);
#953=PLANE('',#1610);
#954=FACE_OUTER_BOUND('',#1611,.T.);
#955=PLANE('',#1612);
#956=FACE_OUTER_BOUND('',#1613,.T.);
#957=PLANE('',#1614);
#958=FACE_OUTER_BOUND('',#1615,.T.);
#959=PLANE('',#1616);
#960=FACE_OUTER_BOUND('',#1617,.T.);
#961=PLANE('',#1618);
#962=FACE_OUTER_BOUND('',#1619,.T.);
#963=PLANE('',#1620);
#964=FACE_OUTER_BOUND('',#1621,.T.);
#965=PLANE('',#1622);
#966=FACE_OUTER_BOUND('',#1623,.T.);
#967=PLANE('',#1624);
#968=FACE_OUTER_BOUND('',#1625,.T.);
#969=PLANE('',#1626);
#970=FACE_OUTER_BOUND('',#1627,.T.);
#971=PLANE('',#1628);
#972=FACE_OUTER_BOUND('',#1629,.T.);
#973=PLANE('',#1630);
#974=FACE_OUTER_BOUND('',#1631,.T.);
#975=PLANE('',#1632);
#976=FACE_OUTER_BOUND('',#1633,.T.);
#977=PLANE('',#1634);
#978=FACE_OUTER_BOUND('',#1635,.T.);
#979=PLANE('',#1636);
#980=FACE_OUTER_BOUND('',#1637,.T.);
#981=PLANE('',#1638);
#982=FACE_OUTER_BOUND('',#1639,.T.);
#983=PLANE('',#1640);
#984=FACE_OUTER_BOUND('',#1641,.T.);
#985=PLANE('',#1642);
#986=FACE_OUTER_BOUND('',#1643,.T.);
#987=PLANE('',#1644);
#988=FACE_OUTER_BOUND('',#1645,.T.);
#989=PLANE('',#1646);
#990=FACE_OUTER_BOUND('',#1647,.T.);
#991=PLANE('',#1648);
#992=FACE_OUTER_BOUND('',#1649,.T.);
#993=PLANE('',#1650);
#994=FACE_OUTER_BOUND('',#1651,.T.);
#995=PLANE('',#1652);
#996=FACE_OUTER_BOUND('',#1653,.T.);
#997=PLANE('',#1654);
#998=FACE_OUTER_BOUND('',#1655,.T.);
#999=PLANE('',#1656);
#1000=FACE_OUTER_BOUND('',#1657,.T.);
#1001=PLANE('',#1658);
#1002=FACE_OUTER_BOUND('',#1659,.T.);
#1003=PLANE('',#1660);
#1004=FACE_OUTER_BOUND('',#1661,.T.);
#1005=PLANE('',#1662);
#1006=FACE_OUTER_BOUND('',#1663,.T.);
#1007=PLANE('',#1664);
#1008=FACE_OUTER_BOUND('',#1665,.T.);
#1009=PLANE('',#1666);
#1010=FACE_OUTER_BOUND('',#1667,.T.);
#1011=PLANE('',#1668);
#1012=FACE_OUTER_BOUND('',#1669,.T.);
#1013=PLANE('',#1670);
#1014=FACE_OUTER_BOUND('',#1671,.T.);
#1015=PLANE('',#1672);
#1016=FACE_OUTER_BOUND('',#1673,.T.);
#1017=PLANE('',#1674);
#1018=FACE_OUTER_BOUND('',#1675,.T.);
#1019=PLANE('',#1676);
#1020=FACE_OUTER_BOUND('',#1677,.T.);
#1021=PLANE('',#1678);
#1022=FACE_OUTER_BOUND('',#1679,.T.);
#1023=PLANE('',#1680);
#1024=FACE_OUTER_BOUND('',#1681,.T.);
#1025=PLANE('',#1682);
#1026=FACE_OUTER_BOUND('',#1683,.T.);
#1027=PLANE('',#1684);
#1028=FACE_OUTER_BOUND('',#1685,.T.);
#1029=PLANE('',#1686);
#1030=FILL_AREA_STYLE('',(#1687));
#1031=EDGE_LOOP('',(#1688,#1689,#1690,#1691));
#1032=AXIS2_PLACEMENT_3D('',#1692,#1693,#1694);
#1033=EDGE_LOOP('',(#1695,#1696,#1697,#1698));
#1034=AXIS2_PLACEMENT_3D('',#1699,#1700,#1701);
#1035=EDGE_LOOP('',(#1702,#1703,#1704,#1705));
#1036=AXIS2_PLACEMENT_3D('',#1706,#1707,#1708);
#1037=EDGE_LOOP('',(#1709,#1710,#1711,#1712));
#1038=AXIS2_PLACEMENT_3D('',#1713,#1714,#1715);
#1039=EDGE_LOOP('',(#1716,#1717,#1718,#1719));
#1040=AXIS2_PLACEMENT_3D('',#1720,#1721,#1722);
#1041=EDGE_LOOP('',(#1723,#1724,#1725,#1726));
#1042=AXIS2_PLACEMENT_3D('',#1727,#1728,#1729);
#1043=EDGE_LOOP('',(#1730,#1731,#1732,#1733,#1734,#1735,#1736,#1737));
#1044=AXIS2_PLACEMENT_3D('',#1738,#1739,#1740);
#1045=EDGE_LOOP('',(#1741,#1742,#1743,#1744,#1745,#1746,#1747,#1748));
#1046=AXIS2_PLACEMENT_3D('',#1749,#1750,#1751);
#1047=EDGE_LOOP('',(#1752,#1753,#1754,#1755));
#1048=AXIS2_PLACEMENT_3D('',#1756,#1757,#1758);
#1049=EDGE_LOOP('',(#1759,#1760,#1761,#1762));
#1050=AXIS2_PLACEMENT_3D('',#1763,#1764,#1765);
#1051=EDGE_LOOP('',(#1766,#1767,#1768,#1769,#1770,#1771,#1772,#1773));
#1052=AXIS2_PLACEMENT_3D('',#1774,#1775,#1776);
#1053=EDGE_LOOP('',(#1777,#1778,#1779,#1780));
#1054=AXIS2_PLACEMENT_3D('',#1781,#1782,#1783);
#1055=EDGE_LOOP('',(#1784,#1785,#1786,#1787));
#1056=AXIS2_PLACEMENT_3D('',#1788,#1789,#1790);
#1057=EDGE_LOOP('',(#1791,#1792,#1793,#1794));
#1058=AXIS2_PLACEMENT_3D('',#1795,#1796,#1797);
#1059=EDGE_LOOP('',(#1798,#1799,#1800,#1801));
#1060=AXIS2_PLACEMENT_3D('',#1802,#1803,#1804);
#1061=EDGE_LOOP('',(#1805,#1806,#1807,#1808,#1809,#1810,#1811,#1812,#1813,#1814,#1815,#1816,#1817,#1818,#1819,#1820,#1821,#1822,#1823,#1824));
#1062=AXIS2_PLACEMENT_3D('',#1825,#1826,#1827);
#1063=EDGE_LOOP('',(#1828,#1829,#1830,#1831));
#1064=AXIS2_PLACEMENT_3D('',#1832,#1833,#1834);
#1065=EDGE_LOOP('',(#1835,#1836,#1837,#1838,#1839,#1840,#1841,#1842,#1843,#1844,#1845,#1846,#1847,#1848,#1849,#1850,#1851,#1852,#1853,#1854,#1855,#1856,#1857,#1858,#1859,#1860,#1861,#1862,#1863,#1864,#1865,#1866,#1867,#1868,#1869,#1870,#1871,#1872,#1873,#1874,#1875,#1876,#1877,#1878,#1879,#1880,#1881,#1882));
#1066=AXIS2_PLACEMENT_3D('',#1883,#1884,#1885);
#1067=EDGE_LOOP('',(#1886,#1887,#1888,#1889));
#1068=AXIS2_PLACEMENT_3D('',#1890,#1891,#1892);
#1069=EDGE_LOOP('',(#1893,#1894,#1895,#1896,#1897,#1898,#1899,#1900,#1901,#1902,#1903,#1904,#1905,#1906,#1907,#1908,#1909,#1910,#1911,#1912,#1913,#1914,#1915,#1916,#1917,#1918,#1919,#1920,#1921,#1922,#1923,#1924,#1925,#1926,#1927,#1928,#1929,#1930,#1931,#1932,#1933,#1934,#1935,#1936,#1937,#1938,#1939,#1940,#1941,#1942,#1943,#1944,#1945,#1946,#1947,#1948,#1949,#1950,#1951,#1952,#1953,#1954,#1955,#1956,#1957,#1958,#1959,#1960,#1961,#1962,#1963,#1964,#1965,#1966,#1967,#1968,#1969,#1970,#1971,#1972,#1973,#1974));
#1070=AXIS2_PLACEMENT_3D('',#1975,#1976,#1977);
#1071=EDGE_LOOP('',(#1978,#1979,#1980,#1981,#1982));
#1072=AXIS2_PLACEMENT_3D('',#1983,#1984,#1985);
#1073=EDGE_LOOP('',(#1986,#1987,#1988,#1989));
#1074=EDGE_LOOP('',(#1990,#1991,#1992,#1993));
#1075=EDGE_LOOP('',(#1994,#1995,#1996,#1997));
#1076=EDGE_LOOP('',(#1998,#1999,#2000,#2001));
#1077=EDGE_LOOP('',(#2002,#2003,#2004,#2005));
#1078=EDGE_LOOP('',(#2006,#2007,#2008,#2009));
#1079=EDGE_LOOP('',(#2010,#2011,#2012,#2013));
#1080=EDGE_LOOP('',(#2014,#2015,#2016,#2017));
#1081=EDGE_LOOP('',(#2018,#2019,#2020,#2021));
#1082=EDGE_LOOP('',(#2022,#2023,#2024,#2025));
#1083=EDGE_LOOP('',(#2026,#2027,#2028,#2029));
#1084=EDGE_LOOP('',(#2030,#2031,#2032,#2033));
#1085=EDGE_LOOP('',(#2034,#2035,#2036,#2037));
#1086=EDGE_LOOP('',(#2038,#2039,#2040,#2041));
#1087=EDGE_LOOP('',(#2042,#2043,#2044,#2045,#2046,#2047,#2048,#2049,#2050,#2051,#2052,#2053,#2054,#2055,#2056,#2057,#2058,#2059,#2060,#2061,#2062,#2063,#2064,#2065,#2066,#2067,#2068,#2069));
#1088=AXIS2_PLACEMENT_3D('',#2070,#2071,#2072);
#1089=EDGE_LOOP('',(#2073,#2074,#2075,#2076,#2077));
#1090=AXIS2_PLACEMENT_3D('',#2078,#2079,#2080);
#1091=EDGE_LOOP('',(#2081,#2082,#2083,#2084,#2085,#2086,#2087,#2088));
#1092=AXIS2_PLACEMENT_3D('',#2089,#2090,#2091);
#1093=EDGE_LOOP('',(#2092,#2093,#2094,#2095,#2096,#2097,#2098,#2099,#2100,#2101,#2102,#2103,#2104,#2105,#2106,#2107,#2108,#2109,#2110,#2111,#2112,#2113,#2114,#2115,#2116,#2117,#2118,#2119,#2120,#2121,#2122,#2123,#2124,#2125,#2126,#2127,#2128,#2129,#2130,#2131,#2132,#2133,#2134,#2135,#2136,#2137,#2138,#2139,#2140,#2141,#2142,#2143,#2144,#2145,#2146,#2147,#2148,#2149,#2150,#2151,#2152,#2153,#2154,#2155));
#1094=AXIS2_PLACEMENT_3D('',#2156,#2157,#2158);
#1095=EDGE_LOOP('',(#2159,#2160,#2161,#2162,#2163,#2164,#2165,#2166,#2167,#2168,#2169,#2170,#2171,#2172,#2173));
#1096=AXIS2_PLACEMENT_3D('',#2174,#2175,#2176);
#1097=EDGE_LOOP('',(#2177,#2178,#2179,#2180,#2181,#2182,#2183,#2184,#2185,#2186,#2187,#2188,#2189,#2190,#2191));
#1098=AXIS2_PLACEMENT_3D('',#2192,#2193,#2194);
#1099=EDGE_LOOP('',(#2195,#2196,#2197,#2198));
#1100=AXIS2_PLACEMENT_3D('',#2199,#2200,#2201);
#1101=EDGE_LOOP('',(#2202,#2203,#2204,#2205));
#1102=AXIS2_PLACEMENT_3D('',#2206,#2207,#2208);
#1103=EDGE_LOOP('',(#2209,#2210,#2211,#2212));
#1104=AXIS2_PLACEMENT_3D('',#2213,#2214,#2215);
#1105=EDGE_LOOP('',(#2216,#2217,#2218,#2219));
#1106=AXIS2_PLACEMENT_3D('',#2220,#2221,#2222);
#1107=EDGE_LOOP('',(#2223,#2224,#2225,#2226));
#1108=AXIS2_PLACEMENT_3D('',#2227,#2228,#2229);
#1109=EDGE_LOOP('',(#2230,#2231,#2232,#2233));
#1110=AXIS2_PLACEMENT_3D('',#2234,#2235,#2236);
#1111=EDGE_LOOP('',(#2237,#2238,#2239,#2240,#2241,#2242,#2243));
#1112=AXIS2_PLACEMENT_3D('',#2244,#2245,#2246);
#1113=EDGE_LOOP('',(#2247,#2248,#2249,#2250,#2251,#2252,#2253));
#1114=AXIS2_PLACEMENT_3D('',#2254,#2255,#2256);
#1115=EDGE_LOOP('',(#2257,#2258,#2259,#2260));
#1116=AXIS2_PLACEMENT_3D('',#2261,#2262,#2263);
#1117=EDGE_LOOP('',(#2264,#2265,#2266,#2267));
#1118=AXIS2_PLACEMENT_3D('',#2268,#2269,#2270);
#1119=EDGE_LOOP('',(#2271,#2272,#2273,#2274));
#1120=AXIS2_PLACEMENT_3D('',#2275,#2276,#2277);
#1121=EDGE_LOOP('',(#2278,#2279,#2280,#2281));
#1122=AXIS2_PLACEMENT_3D('',#2282,#2283,#2284);
#1123=EDGE_LOOP('',(#2285,#2286,#2287,#2288));
#1124=AXIS2_PLACEMENT_3D('',#2289,#2290,#2291);
#1125=EDGE_LOOP('',(#2292,#2293,#2294,#2295));
#1126=AXIS2_PLACEMENT_3D('',#2296,#2297,#2298);
#1127=EDGE_LOOP('',(#2299,#2300,#2301,#2302));
#1128=AXIS2_PLACEMENT_3D('',#2303,#2304,#2305);
#1129=EDGE_LOOP('',(#2306,#2307,#2308,#2309,#2310));
#1130=AXIS2_PLACEMENT_3D('',#2311,#2312,#2313);
#1131=EDGE_LOOP('',(#2314,#2315,#2316,#2317));
#1132=AXIS2_PLACEMENT_3D('',#2318,#2319,#2320);
#1133=EDGE_LOOP('',(#2321,#2322,#2323,#2324,#2325,#2326));
#1134=AXIS2_PLACEMENT_3D('',#2327,#2328,#2329);
#1135=EDGE_LOOP('',(#2330,#2331,#2332,#2333,#2334));
#1136=AXIS2_PLACEMENT_3D('',#2335,#2336,#2337);
#1137=EDGE_LOOP('',(#2338,#2339,#2340,#2341));
#1138=AXIS2_PLACEMENT_3D('',#2342,#2343,#2344);
#1139=EDGE_LOOP('',(#2345,#2346,#2347,#2348));
#1140=AXIS2_PLACEMENT_3D('',#2349,#2350,#2351);
#1141=EDGE_LOOP('',(#2352,#2353,#2354,#2355,#2356,#2357));
#1142=AXIS2_PLACEMENT_3D('',#2358,#2359,#2360);
#1143=EDGE_LOOP('',(#2361,#2362,#2363,#2364));
#1144=AXIS2_PLACEMENT_3D('',#2365,#2366,#2367);
#1145=EDGE_LOOP('',(#2368,#2369,#2370,#2371));
#1146=AXIS2_PLACEMENT_3D('',#2372,#2373,#2374);
#1147=EDGE_LOOP('',(#2375,#2376,#2377,#2378));
#1148=AXIS2_PLACEMENT_3D('',#2379,#2380,#2381);
#1149=EDGE_LOOP('',(#2382,#2383,#2384,#2385));
#1150=AXIS2_PLACEMENT_3D('',#2386,#2387,#2388);
#1151=EDGE_LOOP('',(#2389,#2390,#2391,#2392));
#1152=AXIS2_PLACEMENT_3D('',#2393,#2394,#2395);
#1153=EDGE_LOOP('',(#2396,#2397,#2398,#2399));
#1154=AXIS2_PLACEMENT_3D('',#2400,#2401,#2402);
#1155=EDGE_LOOP('',(#2403,#2404,#2405,#2406));
#1156=AXIS2_PLACEMENT_3D('',#2407,#2408,#2409);
#1157=EDGE_LOOP('',(#2410,#2411,#2412,#2413));
#1158=AXIS2_PLACEMENT_3D('',#2414,#2415,#2416);
#1159=EDGE_LOOP('',(#2417,#2418,#2419,#2420));
#1160=AXIS2_PLACEMENT_3D('',#2421,#2422,#2423);
#1161=EDGE_LOOP('',(#2424,#2425,#2426,#2427));
#1162=AXIS2_PLACEMENT_3D('',#2428,#2429,#2430);
#1163=EDGE_LOOP('',(#2431,#2432,#2433,#2434));
#1164=AXIS2_PLACEMENT_3D('',#2435,#2436,#2437);
#1165=EDGE_LOOP('',(#2438,#2439,#2440,#2441));
#1166=AXIS2_PLACEMENT_3D('',#2442,#2443,#2444);
#1167=EDGE_LOOP('',(#2445,#2446,#2447,#2448,#2449,#2450));
#1168=AXIS2_PLACEMENT_3D('',#2451,#2452,#2453);
#1169=EDGE_LOOP('',(#2454,#2455,#2456,#2457,#2458,#2459));
#1170=AXIS2_PLACEMENT_3D('',#2460,#2461,#2462);
#1171=EDGE_LOOP('',(#2463,#2464,#2465,#2466,#2467,#2468));
#1172=AXIS2_PLACEMENT_3D('',#2469,#2470,#2471);
#1173=EDGE_LOOP('',(#2472,#2473,#2474,#2475,#2476,#2477));
#1174=AXIS2_PLACEMENT_3D('',#2478,#2479,#2480);
#1175=EDGE_LOOP('',(#2481,#2482,#2483,#2484));
#1176=AXIS2_PLACEMENT_3D('',#2485,#2486,#2487);
#1177=EDGE_LOOP('',(#2488,#2489,#2490,#2491));
#1178=AXIS2_PLACEMENT_3D('',#2492,#2493,#2494);
#1179=EDGE_LOOP('',(#2495,#2496,#2497,#2498));
#1180=AXIS2_PLACEMENT_3D('',#2499,#2500,#2501);
#1181=EDGE_LOOP('',(#2502,#2503,#2504,#2505));
#1182=AXIS2_PLACEMENT_3D('',#2506,#2507,#2508);
#1183=EDGE_LOOP('',(#2509,#2510,#2511,#2512));
#1184=AXIS2_PLACEMENT_3D('',#2513,#2514,#2515);
#1185=EDGE_LOOP('',(#2516,#2517,#2518,#2519));
#1186=AXIS2_PLACEMENT_3D('',#2520,#2521,#2522);
#1187=EDGE_LOOP('',(#2523,#2524,#2525,#2526,#2527));
#1188=AXIS2_PLACEMENT_3D('',#2528,#2529,#2530);
#1189=EDGE_LOOP('',(#2531,#2532,#2533,#2534,#2535));
#1190=AXIS2_PLACEMENT_3D('',#2536,#2537,#2538);
#1191=EDGE_LOOP('',(#2539,#2540,#2541,#2542));
#1192=AXIS2_PLACEMENT_3D('',#2543,#2544,#2545);
#1193=EDGE_LOOP('',(#2546,#2547,#2548,#2549));
#1194=AXIS2_PLACEMENT_3D('',#2550,#2551,#2552);
#1195=EDGE_LOOP('',(#2553,#2554,#2555,#2556));
#1196=AXIS2_PLACEMENT_3D('',#2557,#2558,#2559);
#1197=EDGE_LOOP('',(#2560,#2561,#2562,#2563,#2564,#2565));
#1198=AXIS2_PLACEMENT_3D('',#2566,#2567,#2568);
#1199=EDGE_LOOP('',(#2569,#2570,#2571,#2572));
#1200=AXIS2_PLACEMENT_3D('',#2573,#2574,#2575);
#1201=EDGE_LOOP('',(#2576,#2577,#2578,#2579));
#1202=AXIS2_PLACEMENT_3D('',#2580,#2581,#2582);
#1203=EDGE_LOOP('',(#2583,#2584,#2585,#2586,#2587,#2588));
#1204=AXIS2_PLACEMENT_3D('',#2589,#2590,#2591);
#1205=EDGE_LOOP('',(#2592,#2593,#2594,#2595));
#1206=AXIS2_PLACEMENT_3D('',#2596,#2597,#2598);
#1207=EDGE_LOOP('',(#2599,#2600,#2601,#2602));
#1208=AXIS2_PLACEMENT_3D('',#2603,#2604,#2605);
#1209=EDGE_LOOP('',(#2606,#2607,#2608,#2609));
#1210=AXIS2_PLACEMENT_3D('',#2610,#2611,#2612);
#1211=EDGE_LOOP('',(#2613,#2614,#2615,#2616,#2617));
#1212=AXIS2_PLACEMENT_3D('',#2618,#2619,#2620);
#1213=EDGE_LOOP('',(#2621,#2622,#2623,#2624,#2625));
#1214=AXIS2_PLACEMENT_3D('',#2626,#2627,#2628);
#1215=EDGE_LOOP('',(#2629,#2630,#2631,#2632));
#1216=AXIS2_PLACEMENT_3D('',#2633,#2634,#2635);
#1217=EDGE_LOOP('',(#2636,#2637,#2638,#2639));
#1218=AXIS2_PLACEMENT_3D('',#2640,#2641,#2642);
#1219=EDGE_LOOP('',(#2643,#2644,#2645,#2646));
#1220=AXIS2_PLACEMENT_3D('',#2647,#2648,#2649);
#1221=EDGE_LOOP('',(#2650,#2651,#2652,#2653));
#1222=AXIS2_PLACEMENT_3D('',#2654,#2655,#2656);
#1223=EDGE_LOOP('',(#2657,#2658,#2659,#2660,#2661,#2662));
#1224=AXIS2_PLACEMENT_3D('',#2663,#2664,#2665);
#1225=EDGE_LOOP('',(#2666,#2667,#2668,#2669));
#1226=AXIS2_PLACEMENT_3D('',#2670,#2671,#2672);
#1227=EDGE_LOOP('',(#2673,#2674,#2675,#2676,#2677,#2678));
#1228=AXIS2_PLACEMENT_3D('',#2679,#2680,#2681);
#1229=EDGE_LOOP('',(#2682,#2683,#2684,#2685,#2686,#2687));
#1230=AXIS2_PLACEMENT_3D('',#2688,#2689,#2690);
#1231=EDGE_LOOP('',(#2691,#2692,#2693,#2694));
#1232=AXIS2_PLACEMENT_3D('',#2695,#2696,#2697);
#1233=EDGE_LOOP('',(#2698,#2699,#2700,#2701));
#1234=AXIS2_PLACEMENT_3D('',#2702,#2703,#2704);
#1235=EDGE_LOOP('',(#2705,#2706,#2707,#2708,#2709,#2710));
#1236=AXIS2_PLACEMENT_3D('',#2711,#2712,#2713);
#1237=EDGE_LOOP('',(#2714,#2715,#2716,#2717,#2718,#2719));
#1238=AXIS2_PLACEMENT_3D('',#2720,#2721,#2722);
#1239=EDGE_LOOP('',(#2723,#2724,#2725,#2726));
#1240=AXIS2_PLACEMENT_3D('',#2727,#2728,#2729);
#1241=EDGE_LOOP('',(#2730,#2731,#2732,#2733,#2734,#2735));
#1242=AXIS2_PLACEMENT_3D('',#2736,#2737,#2738);
#1243=EDGE_LOOP('',(#2739,#2740,#2741,#2742));
#1244=AXIS2_PLACEMENT_3D('',#2743,#2744,#2745);
#1245=EDGE_LOOP('',(#2746,#2747,#2748,#2749));
#1246=AXIS2_PLACEMENT_3D('',#2750,#2751,#2752);
#1247=EDGE_LOOP('',(#2753,#2754,#2755,#2756));
#1248=AXIS2_PLACEMENT_3D('',#2757,#2758,#2759);
#1249=EDGE_LOOP('',(#2760,#2761,#2762,#2763));
#1250=AXIS2_PLACEMENT_3D('',#2764,#2765,#2766);
#1251=EDGE_LOOP('',(#2767,#2768,#2769,#2770,#2771,#2772,#2773,#2774));
#1252=AXIS2_PLACEMENT_3D('',#2775,#2776,#2777);
#1253=EDGE_LOOP('',(#2778,#2779,#2780,#2781,#2782,#2783,#2784,#2785));
#1254=AXIS2_PLACEMENT_3D('',#2786,#2787,#2788);
#1255=EDGE_LOOP('',(#2789,#2790,#2791,#2792));
#1256=AXIS2_PLACEMENT_3D('',#2793,#2794,#2795);
#1257=EDGE_LOOP('',(#2796,#2797,#2798,#2799));
#1258=AXIS2_PLACEMENT_3D('',#2800,#2801,#2802);
#1259=EDGE_LOOP('',(#2803,#2804,#2805,#2806));
#1260=AXIS2_PLACEMENT_3D('',#2807,#2808,#2809);
#1261=EDGE_LOOP('',(#2810,#2811,#2812,#2813));
#1262=AXIS2_PLACEMENT_3D('',#2814,#2815,#2816);
#1263=EDGE_LOOP('',(#2817,#2818,#2819,#2820,#2821,#2822));
#1264=AXIS2_PLACEMENT_3D('',#2823,#2824,#2825);
#1265=EDGE_LOOP('',(#2826,#2827,#2828,#2829,#2830,#2831));
#1266=AXIS2_PLACEMENT_3D('',#2832,#2833,#2834);
#1267=EDGE_LOOP('',(#2835,#2836,#2837,#2838));
#1268=AXIS2_PLACEMENT_3D('',#2839,#2840,#2841);
#1269=EDGE_LOOP('',(#2842,#2843,#2844,#2845));
#1270=AXIS2_PLACEMENT_3D('',#2846,#2847,#2848);
#1271=EDGE_LOOP('',(#2849,#2850,#2851,#2852));
#1272=AXIS2_PLACEMENT_3D('',#2853,#2854,#2855);
#1273=EDGE_LOOP('',(#2856,#2857,#2858,#2859));
#1274=AXIS2_PLACEMENT_3D('',#2860,#2861,#2862);
#1275=EDGE_LOOP('',(#2863,#2864,#2865,#2866));
#1276=AXIS2_PLACEMENT_3D('',#2867,#2868,#2869);
#1277=EDGE_LOOP('',(#2870,#2871,#2872,#2873));
#1278=AXIS2_PLACEMENT_3D('',#2874,#2875,#2876);
#1279=EDGE_LOOP('',(#2877,#2878,#2879,#2880));
#1280=AXIS2_PLACEMENT_3D('',#2881,#2882,#2883);
#1281=EDGE_LOOP('',(#2884,#2885,#2886,#2887,#2888,#2889,#2890,#2891));
#1282=AXIS2_PLACEMENT_3D('',#2892,#2893,#2894);
#1283=EDGE_LOOP('',(#2895,#2896,#2897,#2898,#2899,#2900,#2901,#2902));
#1284=AXIS2_PLACEMENT_3D('',#2903,#2904,#2905);
#1285=EDGE_LOOP('',(#2906,#2907,#2908,#2909));
#1286=AXIS2_PLACEMENT_3D('',#2910,#2911,#2912);
#1287=EDGE_LOOP('',(#2913,#2914,#2915,#2916));
#1288=AXIS2_PLACEMENT_3D('',#2917,#2918,#2919);
#1289=EDGE_LOOP('',(#2920,#2921,#2922,#2923));
#1290=AXIS2_PLACEMENT_3D('',#2924,#2925,#2926);
#1291=EDGE_LOOP('',(#2927,#2928,#2929,#2930));
#1292=AXIS2_PLACEMENT_3D('',#2931,#2932,#2933);
#1293=EDGE_LOOP('',(#2934,#2935,#2936,#2937));
#1294=AXIS2_PLACEMENT_3D('',#2938,#2939,#2940);
#1295=EDGE_LOOP('',(#2941,#2942,#2943,#2944));
#1296=AXIS2_PLACEMENT_3D('',#2945,#2946,#2947);
#1297=EDGE_LOOP('',(#2948,#2949,#2950,#2951,#2952,#2953,#2954,#2955));
#1298=AXIS2_PLACEMENT_3D('',#2956,#2957,#2958);
#1299=EDGE_LOOP('',(#2959,#2960,#2961,#2962,#2963,#2964,#2965,#2966));
#1300=AXIS2_PLACEMENT_3D('',#2967,#2968,#2969);
#1301=EDGE_LOOP('',(#2970,#2971,#2972,#2973));
#1302=AXIS2_PLACEMENT_3D('',#2974,#2975,#2976);
#1303=EDGE_LOOP('',(#2977,#2978,#2979,#2980));
#1304=AXIS2_PLACEMENT_3D('',#2981,#2982,#2983);
#1305=EDGE_LOOP('',(#2984,#2985,#2986,#2987));
#1306=AXIS2_PLACEMENT_3D('',#2988,#2989,#2990);
#1307=EDGE_LOOP('',(#2991,#2992,#2993,#2994));
#1308=AXIS2_PLACEMENT_3D('',#2995,#2996,#2997);
#1309=EDGE_LOOP('',(#2998,#2999,#3000,#3001));
#1310=AXIS2_PLACEMENT_3D('',#3002,#3003,#3004);
#1311=EDGE_LOOP('',(#3005,#3006,#3007,#3008));
#1312=AXIS2_PLACEMENT_3D('',#3009,#3010,#3011);
#1313=EDGE_LOOP('',(#3012,#3013,#3014,#3015,#3016,#3017,#3018,#3019));
#1314=AXIS2_PLACEMENT_3D('',#3020,#3021,#3022);
#1315=EDGE_LOOP('',(#3023,#3024,#3025,#3026,#3027,#3028,#3029,#3030));
#1316=AXIS2_PLACEMENT_3D('',#3031,#3032,#3033);
#1317=EDGE_LOOP('',(#3034,#3035,#3036,#3037));
#1318=AXIS2_PLACEMENT_3D('',#3038,#3039,#3040);
#1319=EDGE_LOOP('',(#3041,#3042,#3043,#3044));
#1320=AXIS2_PLACEMENT_3D('',#3045,#3046,#3047);
#1321=EDGE_LOOP('',(#3048,#3049,#3050,#3051));
#1322=AXIS2_PLACEMENT_3D('',#3052,#3053,#3054);
#1323=EDGE_LOOP('',(#3055,#3056,#3057,#3058));
#1324=AXIS2_PLACEMENT_3D('',#3059,#3060,#3061);
#1325=EDGE_LOOP('',(#3062,#3063,#3064,#3065));
#1326=AXIS2_PLACEMENT_3D('',#3066,#3067,#3068);
#1327=EDGE_LOOP('',(#3069,#3070,#3071,#3072));
#1328=AXIS2_PLACEMENT_3D('',#3073,#3074,#3075);
#1329=EDGE_LOOP('',(#3076,#3077,#3078,#3079,#3080,#3081,#3082,#3083));
#1330=AXIS2_PLACEMENT_3D('',#3084,#3085,#3086);
#1331=EDGE_LOOP('',(#3087,#3088,#3089,#3090,#3091,#3092,#3093,#3094));
#1332=AXIS2_PLACEMENT_3D('',#3095,#3096,#3097);
#1333=EDGE_LOOP('',(#3098,#3099,#3100,#3101));
#1334=AXIS2_PLACEMENT_3D('',#3102,#3103,#3104);
#1335=EDGE_LOOP('',(#3105,#3106,#3107,#3108));
#1336=AXIS2_PLACEMENT_3D('',#3109,#3110,#3111);
#1337=EDGE_LOOP('',(#3112,#3113,#3114,#3115));
#1338=AXIS2_PLACEMENT_3D('',#3116,#3117,#3118);
#1339=EDGE_LOOP('',(#3119,#3120,#3121,#3122));
#1340=AXIS2_PLACEMENT_3D('',#3123,#3124,#3125);
#1341=EDGE_LOOP('',(#3126,#3127,#3128,#3129));
#1342=AXIS2_PLACEMENT_3D('',#3130,#3131,#3132);
#1343=EDGE_LOOP('',(#3133,#3134,#3135,#3136));
#1344=AXIS2_PLACEMENT_3D('',#3137,#3138,#3139);
#1345=EDGE_LOOP('',(#3140,#3141,#3142,#3143,#3144,#3145,#3146,#3147));
#1346=AXIS2_PLACEMENT_3D('',#3148,#3149,#3150);
#1347=EDGE_LOOP('',(#3151,#3152,#3153,#3154,#3155,#3156,#3157,#3158));
#1348=AXIS2_PLACEMENT_3D('',#3159,#3160,#3161);
#1349=EDGE_LOOP('',(#3162,#3163,#3164,#3165));
#1350=AXIS2_PLACEMENT_3D('',#3166,#3167,#3168);
#1351=EDGE_LOOP('',(#3169,#3170,#3171,#3172));
#1352=AXIS2_PLACEMENT_3D('',#3173,#3174,#3175);
#1353=EDGE_LOOP('',(#3176,#3177,#3178,#3179));
#1354=AXIS2_PLACEMENT_3D('',#3180,#3181,#3182);
#1355=EDGE_LOOP('',(#3183,#3184,#3185,#3186));
#1356=AXIS2_PLACEMENT_3D('',#3187,#3188,#3189);
#1357=EDGE_LOOP('',(#3190,#3191,#3192,#3193));
#1358=AXIS2_PLACEMENT_3D('',#3194,#3195,#3196);
#1359=EDGE_LOOP('',(#3197,#3198,#3199,#3200));
#1360=AXIS2_PLACEMENT_3D('',#3201,#3202,#3203);
#1361=EDGE_LOOP('',(#3204,#3205,#3206,#3207,#3208,#3209,#3210,#3211));
#1362=AXIS2_PLACEMENT_3D('',#3212,#3213,#3214);
#1363=EDGE_LOOP('',(#3215,#3216,#3217,#3218,#3219,#3220,#3221,#3222));
#1364=AXIS2_PLACEMENT_3D('',#3223,#3224,#3225);
#1365=EDGE_LOOP('',(#3226,#3227,#3228,#3229));
#1366=AXIS2_PLACEMENT_3D('',#3230,#3231,#3232);
#1367=EDGE_LOOP('',(#3233,#3234,#3235,#3236));
#1368=AXIS2_PLACEMENT_3D('',#3237,#3238,#3239);
#1369=EDGE_LOOP('',(#3240,#3241,#3242,#3243));
#1370=AXIS2_PLACEMENT_3D('',#3244,#3245,#3246);
#1371=EDGE_LOOP('',(#3247,#3248,#3249,#3250));
#1372=AXIS2_PLACEMENT_3D('',#3251,#3252,#3253);
#1373=EDGE_LOOP('',(#3254,#3255,#3256,#3257));
#1374=AXIS2_PLACEMENT_3D('',#3258,#3259,#3260);
#1375=EDGE_LOOP('',(#3261,#3262,#3263,#3264));
#1376=AXIS2_PLACEMENT_3D('',#3265,#3266,#3267);
#1377=EDGE_LOOP('',(#3268,#3269,#3270,#3271,#3272,#3273,#3274,#3275));
#1378=AXIS2_PLACEMENT_3D('',#3276,#3277,#3278);
#1379=EDGE_LOOP('',(#3279,#3280,#3281,#3282,#3283,#3284,#3285,#3286));
#1380=AXIS2_PLACEMENT_3D('',#3287,#3288,#3289);
#1381=EDGE_LOOP('',(#3290,#3291,#3292,#3293));
#1382=AXIS2_PLACEMENT_3D('',#3294,#3295,#3296);
#1383=EDGE_LOOP('',(#3297,#3298,#3299,#3300));
#1384=AXIS2_PLACEMENT_3D('',#3301,#3302,#3303);
#1385=EDGE_LOOP('',(#3304,#3305,#3306,#3307));
#1386=AXIS2_PLACEMENT_3D('',#3308,#3309,#3310);
#1387=EDGE_LOOP('',(#3311,#3312,#3313,#3314));
#1388=AXIS2_PLACEMENT_3D('',#3315,#3316,#3317);
#1389=EDGE_LOOP('',(#3318,#3319,#3320,#3321));
#1390=AXIS2_PLACEMENT_3D('',#3322,#3323,#3324);
#1391=EDGE_LOOP('',(#3325,#3326,#3327,#3328));
#1392=AXIS2_PLACEMENT_3D('',#3329,#3330,#3331);
#1393=EDGE_LOOP('',(#3332,#3333,#3334,#3335,#3336,#3337,#3338,#3339));
#1394=AXIS2_PLACEMENT_3D('',#3340,#3341,#3342);
#1395=EDGE_LOOP('',(#3343,#3344,#3345,#3346,#3347,#3348,#3349,#3350));
#1396=AXIS2_PLACEMENT_3D('',#3351,#3352,#3353);
#1397=EDGE_LOOP('',(#3354,#3355,#3356,#3357));
#1398=AXIS2_PLACEMENT_3D('',#3358,#3359,#3360);
#1399=EDGE_LOOP('',(#3361,#3362,#3363,#3364));
#1400=AXIS2_PLACEMENT_3D('',#3365,#3366,#3367);
#1401=EDGE_LOOP('',(#3368,#3369,#3370,#3371));
#1402=AXIS2_PLACEMENT_3D('',#3372,#3373,#3374);
#1403=EDGE_LOOP('',(#3375,#3376,#3377,#3378));
#1404=AXIS2_PLACEMENT_3D('',#3379,#3380,#3381);
#1405=EDGE_LOOP('',(#3382,#3383,#3384,#3385));
#1406=AXIS2_PLACEMENT_3D('',#3386,#3387,#3388);
#1407=EDGE_LOOP('',(#3389,#3390,#3391,#3392));
#1408=AXIS2_PLACEMENT_3D('',#3393,#3394,#3395);
#1409=EDGE_LOOP('',(#3396,#3397,#3398,#3399,#3400,#3401,#3402,#3403));
#1410=AXIS2_PLACEMENT_3D('',#3404,#3405,#3406);
#1411=EDGE_LOOP('',(#3407,#3408,#3409,#3410,#3411,#3412,#3413,#3414));
#1412=AXIS2_PLACEMENT_3D('',#3415,#3416,#3417);
#1413=EDGE_LOOP('',(#3418,#3419,#3420,#3421));
#1414=AXIS2_PLACEMENT_3D('',#3422,#3423,#3424);
#1415=EDGE_LOOP('',(#3425,#3426,#3427,#3428));
#1416=AXIS2_PLACEMENT_3D('',#3429,#3430,#3431);
#1417=EDGE_LOOP('',(#3432,#3433,#3434,#3435));
#1418=AXIS2_PLACEMENT_3D('',#3436,#3437,#3438);
#1419=EDGE_LOOP('',(#3439,#3440,#3441,#3442));
#1420=AXIS2_PLACEMENT_3D('',#3443,#3444,#3445);
#1421=EDGE_LOOP('',(#3446,#3447,#3448,#3449));
#1422=AXIS2_PLACEMENT_3D('',#3450,#3451,#3452);
#1423=EDGE_LOOP('',(#3453,#3454,#3455,#3456));
#1424=AXIS2_PLACEMENT_3D('',#3457,#3458,#3459);
#1425=EDGE_LOOP('',(#3460,#3461,#3462,#3463,#3464,#3465,#3466,#3467));
#1426=AXIS2_PLACEMENT_3D('',#3468,#3469,#3470);
#1427=EDGE_LOOP('',(#3471,#3472,#3473,#3474,#3475,#3476,#3477,#3478));
#1428=AXIS2_PLACEMENT_3D('',#3479,#3480,#3481);
#1429=EDGE_LOOP('',(#3482,#3483,#3484,#3485));
#1430=AXIS2_PLACEMENT_3D('',#3486,#3487,#3488);
#1431=EDGE_LOOP('',(#3489,#3490,#3491,#3492));
#1432=AXIS2_PLACEMENT_3D('',#3493,#3494,#3495);
#1433=EDGE_LOOP('',(#3496,#3497,#3498,#3499));
#1434=AXIS2_PLACEMENT_3D('',#3500,#3501,#3502);
#1435=EDGE_LOOP('',(#3503,#3504,#3505,#3506));
#1436=AXIS2_PLACEMENT_3D('',#3507,#3508,#3509);
#1437=EDGE_LOOP('',(#3510,#3511,#3512,#3513));
#1438=AXIS2_PLACEMENT_3D('',#3514,#3515,#3516);
#1439=EDGE_LOOP('',(#3517,#3518,#3519,#3520));
#1440=AXIS2_PLACEMENT_3D('',#3521,#3522,#3523);
#1441=EDGE_LOOP('',(#3524,#3525,#3526,#3527,#3528,#3529,#3530,#3531));
#1442=AXIS2_PLACEMENT_3D('',#3532,#3533,#3534);
#1443=EDGE_LOOP('',(#3535,#3536,#3537,#3538,#3539,#3540,#3541,#3542));
#1444=AXIS2_PLACEMENT_3D('',#3543,#3544,#3545);
#1445=EDGE_LOOP('',(#3546,#3547,#3548,#3549));
#1446=AXIS2_PLACEMENT_3D('',#3550,#3551,#3552);
#1447=EDGE_LOOP('',(#3553,#3554,#3555,#3556));
#1448=AXIS2_PLACEMENT_3D('',#3557,#3558,#3559);
#1449=EDGE_LOOP('',(#3560,#3561,#3562,#3563));
#1450=AXIS2_PLACEMENT_3D('',#3564,#3565,#3566);
#1451=EDGE_LOOP('',(#3567,#3568,#3569,#3570));
#1452=AXIS2_PLACEMENT_3D('',#3571,#3572,#3573);
#1453=EDGE_LOOP('',(#3574,#3575,#3576,#3577));
#1454=AXIS2_PLACEMENT_3D('',#3578,#3579,#3580);
#1455=EDGE_LOOP('',(#3581,#3582,#3583,#3584));
#1456=AXIS2_PLACEMENT_3D('',#3585,#3586,#3587);
#1457=EDGE_LOOP('',(#3588,#3589,#3590,#3591,#3592,#3593,#3594,#3595));
#1458=AXIS2_PLACEMENT_3D('',#3596,#3597,#3598);
#1459=EDGE_LOOP('',(#3599,#3600,#3601,#3602,#3603,#3604,#3605,#3606));
#1460=AXIS2_PLACEMENT_3D('',#3607,#3608,#3609);
#1461=EDGE_LOOP('',(#3610,#3611,#3612,#3613));
#1462=AXIS2_PLACEMENT_3D('',#3614,#3615,#3616);
#1463=EDGE_LOOP('',(#3617,#3618,#3619,#3620));
#1464=AXIS2_PLACEMENT_3D('',#3621,#3622,#3623);
#1465=EDGE_LOOP('',(#3624,#3625,#3626,#3627));
#1466=AXIS2_PLACEMENT_3D('',#3628,#3629,#3630);
#1467=EDGE_LOOP('',(#3631,#3632,#3633,#3634));
#1468=AXIS2_PLACEMENT_3D('',#3635,#3636,#3637);
#1469=EDGE_LOOP('',(#3638,#3639,#3640,#3641));
#1470=AXIS2_PLACEMENT_3D('',#3642,#3643,#3644);
#1471=EDGE_LOOP('',(#3645,#3646,#3647,#3648));
#1472=AXIS2_PLACEMENT_3D('',#3649,#3650,#3651);
#1473=EDGE_LOOP('',(#3652,#3653,#3654,#3655,#3656,#3657,#3658,#3659));
#1474=AXIS2_PLACEMENT_3D('',#3660,#3661,#3662);
#1475=EDGE_LOOP('',(#3663,#3664,#3665,#3666,#3667,#3668,#3669,#3670));
#1476=AXIS2_PLACEMENT_3D('',#3671,#3672,#3673);
#1477=EDGE_LOOP('',(#3674,#3675,#3676,#3677));
#1478=AXIS2_PLACEMENT_3D('',#3678,#3679,#3680);
#1479=EDGE_LOOP('',(#3681,#3682,#3683,#3684));
#1480=AXIS2_PLACEMENT_3D('',#3685,#3686,#3687);
#1481=EDGE_LOOP('',(#3688,#3689,#3690,#3691));
#1482=AXIS2_PLACEMENT_3D('',#3692,#3693,#3694);
#1483=EDGE_LOOP('',(#3695,#3696,#3697,#3698));
#1484=AXIS2_PLACEMENT_3D('',#3699,#3700,#3701);
#1485=EDGE_LOOP('',(#3702,#3703,#3704,#3705,#3706,#3707));
#1486=AXIS2_PLACEMENT_3D('',#3708,#3709,#3710);
#1487=EDGE_LOOP('',(#3711,#3712,#3713,#3714,#3715,#3716));
#1488=AXIS2_PLACEMENT_3D('',#3717,#3718,#3719);
#1489=EDGE_LOOP('',(#3720,#3721,#3722,#3723));
#1490=AXIS2_PLACEMENT_3D('',#3724,#3725,#3726);
#1491=EDGE_LOOP('',(#3727,#3728,#3729,#3730));
#1492=AXIS2_PLACEMENT_3D('',#3731,#3732,#3733);
#1493=EDGE_LOOP('',(#3734,#3735,#3736,#3737));
#1494=AXIS2_PLACEMENT_3D('',#3738,#3739,#3740);
#1495=EDGE_LOOP('',(#3741,#3742,#3743,#3744));
#1496=AXIS2_PLACEMENT_3D('',#3745,#3746,#3747);
#1497=EDGE_LOOP('',(#3748,#3749,#3750,#3751));
#1498=AXIS2_PLACEMENT_3D('',#3752,#3753,#3754);
#1499=EDGE_LOOP('',(#3755,#3756,#3757,#3758,#3759,#3760));
#1500=AXIS2_PLACEMENT_3D('',#3761,#3762,#3763);
#1501=EDGE_LOOP('',(#3764,#3765,#3766,#3767,#3768,#3769));
#1502=AXIS2_PLACEMENT_3D('',#3770,#3771,#3772);
#1503=EDGE_LOOP('',(#3773,#3774,#3775,#3776));
#1504=AXIS2_PLACEMENT_3D('',#3777,#3778,#3779);
#1505=EDGE_LOOP('',(#3780,#3781,#3782,#3783));
#1506=AXIS2_PLACEMENT_3D('',#3784,#3785,#3786);
#1507=EDGE_LOOP('',(#3787,#3788,#3789,#3790));
#1508=AXIS2_PLACEMENT_3D('',#3791,#3792,#3793);
#1509=EDGE_LOOP('',(#3794,#3795,#3796,#3797));
#1510=AXIS2_PLACEMENT_3D('',#3798,#3799,#3800);
#1511=EDGE_LOOP('',(#3801,#3802,#3803,#3804));
#1512=AXIS2_PLACEMENT_3D('',#3805,#3806,#3807);
#1513=EDGE_LOOP('',(#3808,#3809,#3810,#3811,#3812,#3813));
#1514=AXIS2_PLACEMENT_3D('',#3814,#3815,#3816);
#1515=EDGE_LOOP('',(#3817,#3818,#3819,#3820,#3821,#3822));
#1516=AXIS2_PLACEMENT_3D('',#3823,#3824,#3825);
#1517=EDGE_LOOP('',(#3826,#3827,#3828,#3829));
#1518=AXIS2_PLACEMENT_3D('',#3830,#3831,#3832);
#1519=EDGE_LOOP('',(#3833,#3834,#3835,#3836));
#1520=AXIS2_PLACEMENT_3D('',#3837,#3838,#3839);
#1521=EDGE_LOOP('',(#3840,#3841,#3842,#3843));
#1522=AXIS2_PLACEMENT_3D('',#3844,#3845,#3846);
#1523=EDGE_LOOP('',(#3847,#3848,#3849,#3850));
#1524=AXIS2_PLACEMENT_3D('',#3851,#3852,#3853);
#1525=EDGE_LOOP('',(#3854,#3855,#3856,#3857));
#1526=AXIS2_PLACEMENT_3D('',#3858,#3859,#3860);
#1527=EDGE_LOOP('',(#3861,#3862,#3863,#3864,#3865,#3866));
#1528=AXIS2_PLACEMENT_3D('',#3867,#3868,#3869);
#1529=EDGE_LOOP('',(#3870,#3871,#3872,#3873,#3874,#3875));
#1530=AXIS2_PLACEMENT_3D('',#3876,#3877,#3878);
#1531=EDGE_LOOP('',(#3879,#3880,#3881,#3882));
#1532=AXIS2_PLACEMENT_3D('',#3883,#3884,#3885);
#1533=EDGE_LOOP('',(#3886,#3887,#3888,#3889));
#1534=AXIS2_PLACEMENT_3D('',#3890,#3891,#3892);
#1535=EDGE_LOOP('',(#3893,#3894,#3895,#3896));
#1536=AXIS2_PLACEMENT_3D('',#3897,#3898,#3899);
#1537=EDGE_LOOP('',(#3900,#3901,#3902,#3903));
#1538=AXIS2_PLACEMENT_3D('',#3904,#3905,#3906);
#1539=EDGE_LOOP('',(#3907,#3908,#3909,#3910));
#1540=AXIS2_PLACEMENT_3D('',#3911,#3912,#3913);
#1541=EDGE_LOOP('',(#3914,#3915,#3916,#3917,#3918,#3919));
#1542=AXIS2_PLACEMENT_3D('',#3920,#3921,#3922);
#1543=EDGE_LOOP('',(#3923,#3924,#3925,#3926,#3927,#3928));
#1544=AXIS2_PLACEMENT_3D('',#3929,#3930,#3931);
#1545=EDGE_LOOP('',(#3932,#3933,#3934,#3935));
#1546=AXIS2_PLACEMENT_3D('',#3936,#3937,#3938);
#1547=EDGE_LOOP('',(#3939,#3940,#3941,#3942));
#1548=AXIS2_PLACEMENT_3D('',#3943,#3944,#3945);
#1549=EDGE_LOOP('',(#3946,#3947,#3948,#3949));
#1550=AXIS2_PLACEMENT_3D('',#3950,#3951,#3952);
#1551=EDGE_LOOP('',(#3953,#3954,#3955,#3956));
#1552=AXIS2_PLACEMENT_3D('',#3957,#3958,#3959);
#1553=EDGE_LOOP('',(#3960,#3961,#3962,#3963));
#1554=AXIS2_PLACEMENT_3D('',#3964,#3965,#3966);
#1555=EDGE_LOOP('',(#3967,#3968,#3969,#3970,#3971,#3972));
#1556=AXIS2_PLACEMENT_3D('',#3973,#3974,#3975);
#1557=EDGE_LOOP('',(#3976,#3977,#3978,#3979,#3980,#3981));
#1558=AXIS2_PLACEMENT_3D('',#3982,#3983,#3984);
#1559=EDGE_LOOP('',(#3985,#3986,#3987,#3988));
#1560=AXIS2_PLACEMENT_3D('',#3989,#3990,#3991);
#1561=EDGE_LOOP('',(#3992,#3993,#3994,#3995));
#1562=AXIS2_PLACEMENT_3D('',#3996,#3997,#3998);
#1563=EDGE_LOOP('',(#3999,#4000,#4001,#4002));
#1564=AXIS2_PLACEMENT_3D('',#4003,#4004,#4005);
#1565=EDGE_LOOP('',(#4006,#4007,#4008,#4009));
#1566=AXIS2_PLACEMENT_3D('',#4010,#4011,#4012);
#1567=EDGE_LOOP('',(#4013,#4014,#4015,#4016));
#1568=AXIS2_PLACEMENT_3D('',#4017,#4018,#4019);
#1569=EDGE_LOOP('',(#4020,#4021,#4022,#4023,#4024,#4025));
#1570=AXIS2_PLACEMENT_3D('',#4026,#4027,#4028);
#1571=EDGE_LOOP('',(#4029,#4030,#4031,#4032,#4033,#4034));
#1572=AXIS2_PLACEMENT_3D('',#4035,#4036,#4037);
#1573=EDGE_LOOP('',(#4038,#4039,#4040,#4041));
#1574=AXIS2_PLACEMENT_3D('',#4042,#4043,#4044);
#1575=EDGE_LOOP('',(#4045,#4046,#4047,#4048));
#1576=AXIS2_PLACEMENT_3D('',#4049,#4050,#4051);
#1577=EDGE_LOOP('',(#4052,#4053,#4054,#4055));
#1578=AXIS2_PLACEMENT_3D('',#4056,#4057,#4058);
#1579=EDGE_LOOP('',(#4059,#4060,#4061,#4062));
#1580=AXIS2_PLACEMENT_3D('',#4063,#4064,#4065);
#1581=EDGE_LOOP('',(#4066,#4067,#4068,#4069));
#1582=AXIS2_PLACEMENT_3D('',#4070,#4071,#4072);
#1583=EDGE_LOOP('',(#4073,#4074,#4075,#4076,#4077,#4078));
#1584=AXIS2_PLACEMENT_3D('',#4079,#4080,#4081);
#1585=EDGE_LOOP('',(#4082,#4083,#4084,#4085,#4086,#4087));
#1586=AXIS2_PLACEMENT_3D('',#4088,#4089,#4090);
#1587=EDGE_LOOP('',(#4091,#4092,#4093,#4094));
#1588=AXIS2_PLACEMENT_3D('',#4095,#4096,#4097);
#1589=EDGE_LOOP('',(#4098,#4099,#4100,#4101));
#1590=AXIS2_PLACEMENT_3D('',#4102,#4103,#4104);
#1591=EDGE_LOOP('',(#4105,#4106,#4107,#4108));
#1592=AXIS2_PLACEMENT_3D('',#4109,#4110,#4111);
#1593=EDGE_LOOP('',(#4112,#4113,#4114,#4115));
#1594=AXIS2_PLACEMENT_3D('',#4116,#4117,#4118);
#1595=EDGE_LOOP('',(#4119,#4120,#4121,#4122));
#1596=AXIS2_PLACEMENT_3D('',#4123,#4124,#4125);
#1597=EDGE_LOOP('',(#4126,#4127,#4128,#4129,#4130,#4131));
#1598=AXIS2_PLACEMENT_3D('',#4132,#4133,#4134);
#1599=EDGE_LOOP('',(#4135,#4136,#4137,#4138,#4139,#4140));
#1600=AXIS2_PLACEMENT_3D('',#4141,#4142,#4143);
#1601=EDGE_LOOP('',(#4144,#4145,#4146,#4147));
#1602=AXIS2_PLACEMENT_3D('',#4148,#4149,#4150);
#1603=EDGE_LOOP('',(#4151,#4152,#4153,#4154));
#1604=AXIS2_PLACEMENT_3D('',#4155,#4156,#4157);
#1605=EDGE_LOOP('',(#4158,#4159,#4160,#4161));
#1606=AXIS2_PLACEMENT_3D('',#4162,#4163,#4164);
#1607=EDGE_LOOP('',(#4165,#4166,#4167,#4168));
#1608=AXIS2_PLACEMENT_3D('',#4169,#4170,#4171);
#1609=EDGE_LOOP('',(#4172,#4173,#4174,#4175));
#1610=AXIS2_PLACEMENT_3D('',#4176,#4177,#4178);
#1611=EDGE_LOOP('',(#4179,#4180,#4181,#4182,#4183,#4184));
#1612=AXIS2_PLACEMENT_3D('',#4185,#4186,#4187);
#1613=EDGE_LOOP('',(#4188,#4189,#4190,#4191,#4192,#4193));
#1614=AXIS2_PLACEMENT_3D('',#4194,#4195,#4196);
#1615=EDGE_LOOP('',(#4197,#4198,#4199,#4200));
#1616=AXIS2_PLACEMENT_3D('',#4201,#4202,#4203);
#1617=EDGE_LOOP('',(#4204,#4205,#4206,#4207));
#1618=AXIS2_PLACEMENT_3D('',#4208,#4209,#4210);
#1619=EDGE_LOOP('',(#4211,#4212,#4213,#4214));
#1620=AXIS2_PLACEMENT_3D('',#4215,#4216,#4217);
#1621=EDGE_LOOP('',(#4218,#4219,#4220,#4221));
#1622=AXIS2_PLACEMENT_3D('',#4222,#4223,#4224);
#1623=EDGE_LOOP('',(#4225,#4226,#4227,#4228));
#1624=AXIS2_PLACEMENT_3D('',#4229,#4230,#4231);
#1625=EDGE_LOOP('',(#4232,#4233,#4234,#4235,#4236,#4237));
#1626=AXIS2_PLACEMENT_3D('',#4238,#4239,#4240);
#1627=EDGE_LOOP('',(#4241,#4242,#4243,#4244,#4245,#4246));
#1628=AXIS2_PLACEMENT_3D('',#4247,#4248,#4249);
#1629=EDGE_LOOP('',(#4250,#4251,#4252,#4253));
#1630=AXIS2_PLACEMENT_3D('',#4254,#4255,#4256);
#1631=EDGE_LOOP('',(#4257,#4258,#4259,#4260));
#1632=AXIS2_PLACEMENT_3D('',#4261,#4262,#4263);
#1633=EDGE_LOOP('',(#4264,#4265,#4266,#4267));
#1634=AXIS2_PLACEMENT_3D('',#4268,#4269,#4270);
#1635=EDGE_LOOP('',(#4271,#4272,#4273,#4274));
#1636=AXIS2_PLACEMENT_3D('',#4275,#4276,#4277);
#1637=EDGE_LOOP('',(#4278,#4279,#4280,#4281));
#1638=AXIS2_PLACEMENT_3D('',#4282,#4283,#4284);
#1639=EDGE_LOOP('',(#4285,#4286,#4287,#4288,#4289,#4290));
#1640=AXIS2_PLACEMENT_3D('',#4291,#4292,#4293);
#1641=EDGE_LOOP('',(#4294,#4295,#4296,#4297,#4298,#4299));
#1642=AXIS2_PLACEMENT_3D('',#4300,#4301,#4302);
#1643=EDGE_LOOP('',(#4303,#4304,#4305,#4306));
#1644=AXIS2_PLACEMENT_3D('',#4307,#4308,#4309);
#1645=EDGE_LOOP('',(#4310,#4311,#4312,#4313));
#1646=AXIS2_PLACEMENT_3D('',#4314,#4315,#4316);
#1647=EDGE_LOOP('',(#4317,#4318,#4319,#4320));
#1648=AXIS2_PLACEMENT_3D('',#4321,#4322,#4323);
#1649=EDGE_LOOP('',(#4324,#4325,#4326,#4327));
#1650=AXIS2_PLACEMENT_3D('',#4328,#4329,#4330);
#1651=EDGE_LOOP('',(#4331,#4332,#4333,#4334));
#1652=AXIS2_PLACEMENT_3D('',#4335,#4336,#4337);
#1653=EDGE_LOOP('',(#4338,#4339,#4340,#4341,#4342,#4343));
#1654=AXIS2_PLACEMENT_3D('',#4344,#4345,#4346);
#1655=EDGE_LOOP('',(#4347,#4348,#4349,#4350,#4351,#4352));
#1656=AXIS2_PLACEMENT_3D('',#4353,#4354,#4355);
#1657=EDGE_LOOP('',(#4356,#4357,#4358,#4359));
#1658=AXIS2_PLACEMENT_3D('',#4360,#4361,#4362);
#1659=EDGE_LOOP('',(#4363,#4364,#4365,#4366));
#1660=AXIS2_PLACEMENT_3D('',#4367,#4368,#4369);
#1661=EDGE_LOOP('',(#4370,#4371,#4372,#4373));
#1662=AXIS2_PLACEMENT_3D('',#4374,#4375,#4376);
#1663=EDGE_LOOP('',(#4377,#4378,#4379,#4380,#4381));
#1664=AXIS2_PLACEMENT_3D('',#4382,#4383,#4384);
#1665=EDGE_LOOP('',(#4385,#4386,#4387,#4388));
#1666=AXIS2_PLACEMENT_3D('',#4389,#4390,#4391);
#1667=EDGE_LOOP('',(#4392,#4393,#4394,#4395,#4396));
#1668=AXIS2_PLACEMENT_3D('',#4397,#4398,#4399);
#1669=EDGE_LOOP('',(#4400,#4401,#4402,#4403));
#1670=AXIS2_PLACEMENT_3D('',#4404,#4405,#4406);
#1671=EDGE_LOOP('',(#4407,#4408,#4409,#4410));
#1672=AXIS2_PLACEMENT_3D('',#4411,#4412,#4413);
#1673=EDGE_LOOP('',(#4414,#4415,#4416,#4417,#4418));
#1674=AXIS2_PLACEMENT_3D('',#4419,#4420,#4421);
#1675=EDGE_LOOP('',(#4422,#4423,#4424,#4425,#4426));
#1676=AXIS2_PLACEMENT_3D('',#4427,#4428,#4429);
#1677=EDGE_LOOP('',(#4430,#4431,#4432,#4433));
#1678=AXIS2_PLACEMENT_3D('',#4434,#4435,#4436);
#1679=EDGE_LOOP('',(#4437,#4438,#4439,#4440));
#1680=AXIS2_PLACEMENT_3D('',#4441,#4442,#4443);
#1681=EDGE_LOOP('',(#4444,#4445,#4446,#4447));
#1682=AXIS2_PLACEMENT_3D('',#4448,#4449,#4450);
#1683=EDGE_LOOP('',(#4451,#4452,#4453,#4454));
#1684=AXIS2_PLACEMENT_3D('',#4455,#4456,#4457);
#1685=EDGE_LOOP('',(#4458,#4459,#4460,#4461));
#1686=AXIS2_PLACEMENT_3D('',#4462,#4463,#4464);
#1687=FILL_AREA_STYLE_COLOUR('',#4465);
#1688=ORIENTED_EDGE('',*,*,#4466,.F.);
#1689=ORIENTED_EDGE('',*,*,#4467,.T.);
#1690=ORIENTED_EDGE('',*,*,#4468,.T.);
#1691=ORIENTED_EDGE('',*,*,#4469,.T.);
#1692=CARTESIAN_POINT('',(9.125,-25.255,1.12499999999999));
#1693=DIRECTION('',(0.0,-1.0,0.0));
#1694=DIRECTION('',(0.0,0.0,1.0));
#1695=ORIENTED_EDGE('',*,*,#4470,.F.);
#1696=ORIENTED_EDGE('',*,*,#4471,.T.);
#1697=ORIENTED_EDGE('',*,*,#4472,.F.);
#1698=ORIENTED_EDGE('',*,*,#4473,.T.);
#1699=CARTESIAN_POINT('',(9.125,-25.255,2.07499999999999));
#1700=DIRECTION('',(0.0,-1.0,0.0));
#1701=DIRECTION('',(0.0,0.0,1.0));
#1702=ORIENTED_EDGE('',*,*,#4474,.F.);
#1703=ORIENTED_EDGE('',*,*,#4475,.T.);
#1704=ORIENTED_EDGE('',*,*,#4476,.F.);
#1705=ORIENTED_EDGE('',*,*,#4477,.T.);
#1706=CARTESIAN_POINT('',(-9.125,-25.255,2.07499999999999));
#1707=DIRECTION('',(0.0,-1.0,0.0));
#1708=DIRECTION('',(0.0,0.0,1.0));
#1709=ORIENTED_EDGE('',*,*,#4478,.F.);
#1710=ORIENTED_EDGE('',*,*,#4479,.T.);
#1711=ORIENTED_EDGE('',*,*,#4480,.T.);
#1712=ORIENTED_EDGE('',*,*,#4481,.T.);
#1713=CARTESIAN_POINT('',(-9.125,-25.255,1.12499999999999));
#1714=DIRECTION('',(0.0,-1.0,0.0));
#1715=DIRECTION('',(0.0,0.0,1.0));
#1716=ORIENTED_EDGE('',*,*,#4482,.F.);
#1717=ORIENTED_EDGE('',*,*,#4483,.T.);
#1718=ORIENTED_EDGE('',*,*,#4484,.T.);
#1719=ORIENTED_EDGE('',*,*,#4485,.F.);
#1720=CARTESIAN_POINT('',(-9.625,2.8,2.8));
#1721=DIRECTION('',(-0.707106781186545,-0.70710678118655,0.0));
#1722=DIRECTION('',(-0.70710678118655,0.707106781186545,0.0));
#1723=ORIENTED_EDGE('',*,*,#4486,.T.);
#1724=ORIENTED_EDGE('',*,*,#4487,.T.);
#1725=ORIENTED_EDGE('',*,*,#4488,.F.);
#1726=ORIENTED_EDGE('',*,*,#4489,.T.);
#1727=CARTESIAN_POINT('',(-9.625,2.8,2.8));
#1728=DIRECTION('',(-0.707106781186545,-0.70710678118655,0.0));
#1729=DIRECTION('',(-0.70710678118655,0.707106781186545,0.0));
#1730=ORIENTED_EDGE('',*,*,#4484,.F.);
#1731=ORIENTED_EDGE('',*,*,#4490,.T.);
#1732=ORIENTED_EDGE('',*,*,#4491,.T.);
#1733=ORIENTED_EDGE('',*,*,#4492,.T.);
#1734=ORIENTED_EDGE('',*,*,#4486,.F.);
#1735=ORIENTED_EDGE('',*,*,#4493,.T.);
#1736=ORIENTED_EDGE('',*,*,#4494,.T.);
#1737=ORIENTED_EDGE('',*,*,#4495,.F.);
#1738=CARTESIAN_POINT('',(-9.925,3.1,2.8));
#1739=DIRECTION('',(0.0,-1.0,0.0));
#1740=DIRECTION('',(0.0,0.0,-1.0));
#1741=ORIENTED_EDGE('',*,*,#4496,.T.);
#1742=ORIENTED_EDGE('',*,*,#4497,.T.);
#1743=ORIENTED_EDGE('',*,*,#4498,.T.);
#1744=ORIENTED_EDGE('',*,*,#4499,.F.);
#1745=ORIENTED_EDGE('',*,*,#4500,.F.);
#1746=ORIENTED_EDGE('',*,*,#4501,.T.);
#1747=ORIENTED_EDGE('',*,*,#4502,.T.);
#1748=ORIENTED_EDGE('',*,*,#4503,.T.);
#1749=CARTESIAN_POINT('',(11.125,3.1,2.8));
#1750=DIRECTION('',(0.0,-1.0,0.0));
#1751=DIRECTION('',(0.0,0.0,-1.0));
#1752=ORIENTED_EDGE('',*,*,#4498,.F.);
#1753=ORIENTED_EDGE('',*,*,#4504,.T.);
#1754=ORIENTED_EDGE('',*,*,#4505,.T.);
#1755=ORIENTED_EDGE('',*,*,#4506,.F.);
#1756=CARTESIAN_POINT('',(9.925,3.1,2.8));
#1757=DIRECTION('',(0.70710678118655,-0.707106781186545,0.0));
#1758=DIRECTION('',(0.0,0.0,-1.0));
#1759=ORIENTED_EDGE('',*,*,#4507,.T.);
#1760=ORIENTED_EDGE('',*,*,#4508,.T.);
#1761=ORIENTED_EDGE('',*,*,#4502,.F.);
#1762=ORIENTED_EDGE('',*,*,#4509,.T.);
#1763=CARTESIAN_POINT('',(9.925,3.1,2.8));
#1764=DIRECTION('',(0.70710678118655,-0.707106781186545,0.0));
#1765=DIRECTION('',(0.0,0.0,-1.0));
#1766=ORIENTED_EDGE('',*,*,#4510,.F.);
#1767=ORIENTED_EDGE('',*,*,#4511,.T.);
#1768=ORIENTED_EDGE('',*,*,#4512,.T.);
#1769=ORIENTED_EDGE('',*,*,#4513,.F.);
#1770=ORIENTED_EDGE('',*,*,#4514,.T.);
#1771=ORIENTED_EDGE('',*,*,#4515,.F.);
#1772=ORIENTED_EDGE('',*,*,#4516,.T.);
#1773=ORIENTED_EDGE('',*,*,#4517,.F.);
#1774=CARTESIAN_POINT('',(9.625,1.0,0.4));
#1775=DIRECTION('',(-0.0,1.0,0.0));
#1776=DIRECTION('',(1.0,0.0,0.0));
#1777=ORIENTED_EDGE('',*,*,#4511,.F.);
#1778=ORIENTED_EDGE('',*,*,#4518,.T.);
#1779=ORIENTED_EDGE('',*,*,#4519,.F.);
#1780=ORIENTED_EDGE('',*,*,#4520,.F.);
#1781=CARTESIAN_POINT('',(9.625,1.0,0.2));
#1782=DIRECTION('',(0.0,0.70710678118655,-0.707106781186545));
#1783=DIRECTION('',(-1.0,0.0,0.0));
#1784=ORIENTED_EDGE('',*,*,#4521,.F.);
#1785=ORIENTED_EDGE('',*,*,#4522,.T.);
#1786=ORIENTED_EDGE('',*,*,#4523,.F.);
#1787=ORIENTED_EDGE('',*,*,#4524,.F.);
#1788=CARTESIAN_POINT('',(9.625,1.0,0.2));
#1789=DIRECTION('',(0.0,0.70710678118655,-0.707106781186545));
#1790=DIRECTION('',(-1.0,0.0,0.0));
#1791=ORIENTED_EDGE('',*,*,#4525,.T.);
#1792=ORIENTED_EDGE('',*,*,#4526,.T.);
#1793=ORIENTED_EDGE('',*,*,#4527,.T.);
#1794=ORIENTED_EDGE('',*,*,#4528,.F.);
#1795=CARTESIAN_POINT('',(9.625,0.0,0.0));
#1796=DIRECTION('',(1.0,0.0,0.0));
#1797=DIRECTION('',(0.0,1.0,0.0));
#1798=ORIENTED_EDGE('',*,*,#4529,.F.);
#1799=ORIENTED_EDGE('',*,*,#4530,.F.);
#1800=ORIENTED_EDGE('',*,*,#4531,.F.);
#1801=ORIENTED_EDGE('',*,*,#4532,.F.);
#1802=CARTESIAN_POINT('',(-9.625,0.0,0.0));
#1803=DIRECTION('',(1.0,0.0,0.0));
#1804=DIRECTION('',(0.0,1.0,0.0));
#1805=ORIENTED_EDGE('',*,*,#4533,.T.);
#1806=ORIENTED_EDGE('',*,*,#4534,.T.);
#1807=ORIENTED_EDGE('',*,*,#4521,.T.);
#1808=ORIENTED_EDGE('',*,*,#4535,.F.);
#1809=ORIENTED_EDGE('',*,*,#4536,.F.);
#1810=ORIENTED_EDGE('',*,*,#4537,.F.);
#1811=ORIENTED_EDGE('',*,*,#4538,.F.);
#1812=ORIENTED_EDGE('',*,*,#4539,.F.);
#1813=ORIENTED_EDGE('',*,*,#4540,.F.);
#1814=ORIENTED_EDGE('',*,*,#4541,.F.);
#1815=ORIENTED_EDGE('',*,*,#4542,.T.);
#1816=ORIENTED_EDGE('',*,*,#4543,.T.);
#1817=ORIENTED_EDGE('',*,*,#4544,.T.);
#1818=ORIENTED_EDGE('',*,*,#4545,.F.);
#1819=ORIENTED_EDGE('',*,*,#4519,.T.);
#1820=ORIENTED_EDGE('',*,*,#4546,.T.);
#1821=ORIENTED_EDGE('',*,*,#4547,.T.);
#1822=ORIENTED_EDGE('',*,*,#4548,.T.);
#1823=ORIENTED_EDGE('',*,*,#4549,.T.);
#1824=ORIENTED_EDGE('',*,*,#4550,.T.);
#1825=CARTESIAN_POINT('',(9.625,3.95,0.4));
#1826=DIRECTION('',(0.0,1.10257848049373E-16,-1.0));
#1827=DIRECTION('',(-1.0,0.0,0.0));
#1828=ORIENTED_EDGE('',*,*,#4523,.T.);
#1829=ORIENTED_EDGE('',*,*,#4551,.T.);
#1830=ORIENTED_EDGE('',*,*,#4552,.F.);
#1831=ORIENTED_EDGE('',*,*,#4553,.F.);
#1832=CARTESIAN_POINT('',(9.625,1.0,0.4));
#1833=DIRECTION('',(-0.0,1.0,0.0));
#1834=DIRECTION('',(1.0,0.0,0.0));
#1835=ORIENTED_EDGE('',*,*,#4554,.T.);
#1836=ORIENTED_EDGE('',*,*,#4555,.T.);
#1837=ORIENTED_EDGE('',*,*,#4556,.T.);
#1838=ORIENTED_EDGE('',*,*,#4557,.F.);
#1839=ORIENTED_EDGE('',*,*,#4558,.F.);
#1840=ORIENTED_EDGE('',*,*,#4532,.T.);
#1841=ORIENTED_EDGE('',*,*,#4559,.F.);
#1842=ORIENTED_EDGE('',*,*,#4560,.T.);
#1843=ORIENTED_EDGE('',*,*,#4561,.F.);
#1844=ORIENTED_EDGE('',*,*,#4562,.F.);
#1845=ORIENTED_EDGE('',*,*,#4563,.F.);
#1846=ORIENTED_EDGE('',*,*,#4527,.F.);
#1847=ORIENTED_EDGE('',*,*,#4564,.F.);
#1848=ORIENTED_EDGE('',*,*,#4565,.F.);
#1849=ORIENTED_EDGE('',*,*,#4566,.T.);
#1850=ORIENTED_EDGE('',*,*,#4567,.T.);
#1851=ORIENTED_EDGE('',*,*,#4568,.T.);
#1852=ORIENTED_EDGE('',*,*,#4569,.F.);
#1853=ORIENTED_EDGE('',*,*,#4570,.F.);
#1854=ORIENTED_EDGE('',*,*,#4571,.T.);
#1855=ORIENTED_EDGE('',*,*,#4572,.T.);
#1856=ORIENTED_EDGE('',*,*,#4499,.T.);
#1857=ORIENTED_EDGE('',*,*,#4506,.T.);
#1858=ORIENTED_EDGE('',*,*,#4573,.F.);
#1859=ORIENTED_EDGE('',*,*,#4574,.T.);
#1860=ORIENTED_EDGE('',*,*,#4575,.F.);
#1861=ORIENTED_EDGE('',*,*,#4576,.F.);
#1862=ORIENTED_EDGE('',*,*,#4577,.F.);
#1863=ORIENTED_EDGE('',*,*,#4578,.F.);
#1864=ORIENTED_EDGE('',*,*,#4579,.F.);
#1865=ORIENTED_EDGE('',*,*,#4580,.F.);
#1866=ORIENTED_EDGE('',*,*,#4581,.F.);
#1867=ORIENTED_EDGE('',*,*,#4552,.T.);
#1868=ORIENTED_EDGE('',*,*,#4582,.T.);
#1869=ORIENTED_EDGE('',*,*,#4583,.T.);
#1870=ORIENTED_EDGE('',*,*,#4584,.T.);
#1871=ORIENTED_EDGE('',*,*,#4585,.T.);
#1872=ORIENTED_EDGE('',*,*,#4586,.T.);
#1873=ORIENTED_EDGE('',*,*,#4587,.T.);
#1874=ORIENTED_EDGE('',*,*,#4588,.T.);
#1875=ORIENTED_EDGE('',*,*,#4517,.T.);
#1876=ORIENTED_EDGE('',*,*,#4589,.T.);
#1877=ORIENTED_EDGE('',*,*,#4485,.T.);
#1878=ORIENTED_EDGE('',*,*,#4495,.T.);
#1879=ORIENTED_EDGE('',*,*,#4590,.T.);
#1880=ORIENTED_EDGE('',*,*,#4591,.T.);
#1881=ORIENTED_EDGE('',*,*,#4592,.F.);
#1882=ORIENTED_EDGE('',*,*,#4593,.F.);
#1883=CARTESIAN_POINT('',(9.625,1.0,0.0));
#1884=DIRECTION('',(0.0,0.0,1.0));
#1885=DIRECTION('',(1.0,0.0,0.0));
#1886=ORIENTED_EDGE('',*,*,#4594,.F.);
#1887=ORIENTED_EDGE('',*,*,#4595,.F.);
#1888=ORIENTED_EDGE('',*,*,#4596,.T.);
#1889=ORIENTED_EDGE('',*,*,#4542,.F.);
#1890=CARTESIAN_POINT('',(9.625,1.0,0.2));
#1891=DIRECTION('',(0.0,0.70710678118655,-0.707106781186545));
#1892=DIRECTION('',(-1.0,0.0,0.0));
#1893=ORIENTED_EDGE('',*,*,#4597,.F.);
#1894=ORIENTED_EDGE('',*,*,#4598,.T.);
#1895=ORIENTED_EDGE('',*,*,#4599,.F.);
#1896=ORIENTED_EDGE('',*,*,#4600,.F.);
#1897=ORIENTED_EDGE('',*,*,#4601,.F.);
#1898=ORIENTED_EDGE('',*,*,#4602,.T.);
#1899=ORIENTED_EDGE('',*,*,#4603,.F.);
#1900=ORIENTED_EDGE('',*,*,#4604,.F.);
#1901=ORIENTED_EDGE('',*,*,#4605,.F.);
#1902=ORIENTED_EDGE('',*,*,#4606,.T.);
#1903=ORIENTED_EDGE('',*,*,#4607,.T.);
#1904=ORIENTED_EDGE('',*,*,#4570,.T.);
#1905=ORIENTED_EDGE('',*,*,#4608,.T.);
#1906=ORIENTED_EDGE('',*,*,#4609,.F.);
#1907=ORIENTED_EDGE('',*,*,#4610,.T.);
#1908=ORIENTED_EDGE('',*,*,#4564,.T.);
#1909=ORIENTED_EDGE('',*,*,#4526,.F.);
#1910=ORIENTED_EDGE('',*,*,#4611,.F.);
#1911=ORIENTED_EDGE('',*,*,#4612,.F.);
#1912=ORIENTED_EDGE('',*,*,#4561,.T.);
#1913=ORIENTED_EDGE('',*,*,#4613,.F.);
#1914=ORIENTED_EDGE('',*,*,#4614,.F.);
#1915=ORIENTED_EDGE('',*,*,#4529,.T.);
#1916=ORIENTED_EDGE('',*,*,#4558,.T.);
#1917=ORIENTED_EDGE('',*,*,#4615,.T.);
#1918=ORIENTED_EDGE('',*,*,#4616,.F.);
#1919=ORIENTED_EDGE('',*,*,#4617,.T.);
#1920=ORIENTED_EDGE('',*,*,#4592,.T.);
#1921=ORIENTED_EDGE('',*,*,#4618,.F.);
#1922=ORIENTED_EDGE('',*,*,#4619,.T.);
#1923=ORIENTED_EDGE('',*,*,#4620,.F.);
#1924=ORIENTED_EDGE('',*,*,#4621,.F.);
#1925=ORIENTED_EDGE('',*,*,#4622,.F.);
#1926=ORIENTED_EDGE('',*,*,#4623,.F.);
#1927=ORIENTED_EDGE('',*,*,#4624,.F.);
#1928=ORIENTED_EDGE('',*,*,#4625,.T.);
#1929=ORIENTED_EDGE('',*,*,#4626,.F.);
#1930=ORIENTED_EDGE('',*,*,#4627,.F.);
#1931=ORIENTED_EDGE('',*,*,#4628,.F.);
#1932=ORIENTED_EDGE('',*,*,#4629,.T.);
#1933=ORIENTED_EDGE('',*,*,#4630,.F.);
#1934=ORIENTED_EDGE('',*,*,#4631,.F.);
#1935=ORIENTED_EDGE('',*,*,#4632,.F.);
#1936=ORIENTED_EDGE('',*,*,#4633,.T.);
#1937=ORIENTED_EDGE('',*,*,#4634,.F.);
#1938=ORIENTED_EDGE('',*,*,#4635,.F.);
#1939=ORIENTED_EDGE('',*,*,#4636,.F.);
#1940=ORIENTED_EDGE('',*,*,#4637,.T.);
#1941=ORIENTED_EDGE('',*,*,#4638,.F.);
#1942=ORIENTED_EDGE('',*,*,#4639,.F.);
#1943=ORIENTED_EDGE('',*,*,#4640,.F.);
#1944=ORIENTED_EDGE('',*,*,#4641,.T.);
#1945=ORIENTED_EDGE('',*,*,#4642,.F.);
#1946=ORIENTED_EDGE('',*,*,#4643,.F.);
#1947=ORIENTED_EDGE('',*,*,#4644,.F.);
#1948=ORIENTED_EDGE('',*,*,#4645,.T.);
#1949=ORIENTED_EDGE('',*,*,#4646,.F.);
#1950=ORIENTED_EDGE('',*,*,#4647,.F.);
#1951=ORIENTED_EDGE('',*,*,#4648,.F.);
#1952=ORIENTED_EDGE('',*,*,#4649,.T.);
#1953=ORIENTED_EDGE('',*,*,#4650,.F.);
#1954=ORIENTED_EDGE('',*,*,#4651,.F.);
#1955=ORIENTED_EDGE('',*,*,#4652,.F.);
#1956=ORIENTED_EDGE('',*,*,#4653,.T.);
#1957=ORIENTED_EDGE('',*,*,#4654,.F.);
#1958=ORIENTED_EDGE('',*,*,#4655,.F.);
#1959=ORIENTED_EDGE('',*,*,#4656,.F.);
#1960=ORIENTED_EDGE('',*,*,#4657,.T.);
#1961=ORIENTED_EDGE('',*,*,#4658,.F.);
#1962=ORIENTED_EDGE('',*,*,#4659,.F.);
#1963=ORIENTED_EDGE('',*,*,#4660,.F.);
#1964=ORIENTED_EDGE('',*,*,#4661,.T.);
#1965=ORIENTED_EDGE('',*,*,#4662,.F.);
#1966=ORIENTED_EDGE('',*,*,#4663,.F.);
#1967=ORIENTED_EDGE('',*,*,#4664,.F.);
#1968=ORIENTED_EDGE('',*,*,#4665,.T.);
#1969=ORIENTED_EDGE('',*,*,#4666,.F.);
#1970=ORIENTED_EDGE('',*,*,#4667,.F.);
#1971=ORIENTED_EDGE('',*,*,#4668,.F.);
#1972=ORIENTED_EDGE('',*,*,#4669,.T.);
#1973=ORIENTED_EDGE('',*,*,#4670,.F.);
#1974=ORIENTED_EDGE('',*,*,#4671,.F.);
#1975=CARTESIAN_POINT('',(9.625,5.4,0.0));
#1976=DIRECTION('',(0.0,-1.0,0.0));
#1977=DIRECTION('',(0.0,0.0,-1.0));
#1978=ORIENTED_EDGE('',*,*,#4672,.F.);
#1979=ORIENTED_EDGE('',*,*,#4673,.T.);
#1980=ORIENTED_EDGE('',*,*,#4674,.T.);
#1981=ORIENTED_EDGE('',*,*,#4675,.T.);
#1982=ORIENTED_EDGE('',*,*,#4676,.F.);
#1983=CARTESIAN_POINT('',(9.625,-25.255,2.79999999999998));
#1984=DIRECTION('',(-1.44560289664734E-15,0.0,-1.0));
#1985=DIRECTION('',(-1.0,0.0,1.44560289664734E-15));
#1986=ORIENTED_EDGE('',*,*,#4677,.F.);
#1987=ORIENTED_EDGE('',*,*,#4678,.T.);
#1988=ORIENTED_EDGE('',*,*,#4679,.F.);
#1989=ORIENTED_EDGE('',*,*,#4680,.F.);
#1990=ORIENTED_EDGE('',*,*,#4681,.F.);
#1991=ORIENTED_EDGE('',*,*,#4682,.T.);
#1992=ORIENTED_EDGE('',*,*,#4683,.F.);
#1993=ORIENTED_EDGE('',*,*,#4684,.F.);
#1994=ORIENTED_EDGE('',*,*,#4685,.F.);
#1995=ORIENTED_EDGE('',*,*,#4686,.T.);
#1996=ORIENTED_EDGE('',*,*,#4687,.F.);
#1997=ORIENTED_EDGE('',*,*,#4688,.F.);
#1998=ORIENTED_EDGE('',*,*,#4689,.F.);
#1999=ORIENTED_EDGE('',*,*,#4690,.T.);
#2000=ORIENTED_EDGE('',*,*,#4691,.F.);
#2001=ORIENTED_EDGE('',*,*,#4692,.F.);
#2002=ORIENTED_EDGE('',*,*,#4693,.F.);
#2003=ORIENTED_EDGE('',*,*,#4694,.T.);
#2004=ORIENTED_EDGE('',*,*,#4695,.F.);
#2005=ORIENTED_EDGE('',*,*,#4696,.F.);
#2006=ORIENTED_EDGE('',*,*,#4697,.F.);
#2007=ORIENTED_EDGE('',*,*,#4698,.T.);
#2008=ORIENTED_EDGE('',*,*,#4699,.F.);
#2009=ORIENTED_EDGE('',*,*,#4700,.F.);
#2010=ORIENTED_EDGE('',*,*,#4701,.F.);
#2011=ORIENTED_EDGE('',*,*,#4702,.T.);
#2012=ORIENTED_EDGE('',*,*,#4703,.F.);
#2013=ORIENTED_EDGE('',*,*,#4704,.F.);
#2014=ORIENTED_EDGE('',*,*,#4705,.F.);
#2015=ORIENTED_EDGE('',*,*,#4706,.T.);
#2016=ORIENTED_EDGE('',*,*,#4707,.F.);
#2017=ORIENTED_EDGE('',*,*,#4708,.F.);
#2018=ORIENTED_EDGE('',*,*,#4709,.F.);
#2019=ORIENTED_EDGE('',*,*,#4710,.T.);
#2020=ORIENTED_EDGE('',*,*,#4711,.F.);
#2021=ORIENTED_EDGE('',*,*,#4712,.F.);
#2022=ORIENTED_EDGE('',*,*,#4713,.F.);
#2023=ORIENTED_EDGE('',*,*,#4714,.T.);
#2024=ORIENTED_EDGE('',*,*,#4715,.F.);
#2025=ORIENTED_EDGE('',*,*,#4716,.F.);
#2026=ORIENTED_EDGE('',*,*,#4717,.F.);
#2027=ORIENTED_EDGE('',*,*,#4718,.T.);
#2028=ORIENTED_EDGE('',*,*,#4719,.F.);
#2029=ORIENTED_EDGE('',*,*,#4720,.F.);
#2030=ORIENTED_EDGE('',*,*,#4721,.F.);
#2031=ORIENTED_EDGE('',*,*,#4722,.T.);
#2032=ORIENTED_EDGE('',*,*,#4723,.F.);
#2033=ORIENTED_EDGE('',*,*,#4724,.F.);
#2034=ORIENTED_EDGE('',*,*,#4725,.F.);
#2035=ORIENTED_EDGE('',*,*,#4726,.T.);
#2036=ORIENTED_EDGE('',*,*,#4727,.F.);
#2037=ORIENTED_EDGE('',*,*,#4728,.F.);
#2038=ORIENTED_EDGE('',*,*,#4729,.F.);
#2039=ORIENTED_EDGE('',*,*,#4730,.T.);
#2040=ORIENTED_EDGE('',*,*,#4731,.F.);
#2041=ORIENTED_EDGE('',*,*,#4732,.F.);
#2042=ORIENTED_EDGE('',*,*,#4733,.F.);
#2043=ORIENTED_EDGE('',*,*,#4734,.F.);
#2044=ORIENTED_EDGE('',*,*,#4735,.T.);
#2045=ORIENTED_EDGE('',*,*,#4736,.T.);
#2046=ORIENTED_EDGE('',*,*,#4737,.F.);
#2047=ORIENTED_EDGE('',*,*,#4738,.F.);
#2048=ORIENTED_EDGE('',*,*,#4739,.F.);
#2049=ORIENTED_EDGE('',*,*,#4740,.F.);
#2050=ORIENTED_EDGE('',*,*,#4475,.F.);
#2051=ORIENTED_EDGE('',*,*,#4741,.F.);
#2052=ORIENTED_EDGE('',*,*,#4742,.F.);
#2053=ORIENTED_EDGE('',*,*,#4743,.F.);
#2054=ORIENTED_EDGE('',*,*,#4744,.F.);
#2055=ORIENTED_EDGE('',*,*,#4745,.F.);
#2056=ORIENTED_EDGE('',*,*,#4481,.F.);
#2057=ORIENTED_EDGE('',*,*,#4746,.F.);
#2058=ORIENTED_EDGE('',*,*,#4544,.F.);
#2059=ORIENTED_EDGE('',*,*,#4747,.F.);
#2060=ORIENTED_EDGE('',*,*,#4748,.F.);
#2061=ORIENTED_EDGE('',*,*,#4469,.F.);
#2062=ORIENTED_EDGE('',*,*,#4749,.F.);
#2063=ORIENTED_EDGE('',*,*,#4750,.F.);
#2064=ORIENTED_EDGE('',*,*,#4751,.F.);
#2065=ORIENTED_EDGE('',*,*,#4471,.F.);
#2066=ORIENTED_EDGE('',*,*,#4752,.F.);
#2067=ORIENTED_EDGE('',*,*,#4753,.F.);
#2068=ORIENTED_EDGE('',*,*,#4754,.F.);
#2069=ORIENTED_EDGE('',*,*,#4755,.F.);
#2070=CARTESIAN_POINT('',(9.625,3.95,3.7));
#2071=DIRECTION('',(0.0,1.0,2.62836890299516E-16));
#2072=DIRECTION('',(0.0,2.62836890299516E-16,-1.0));
#2073=ORIENTED_EDGE('',*,*,#4515,.T.);
#2074=ORIENTED_EDGE('',*,*,#4756,.T.);
#2075=ORIENTED_EDGE('',*,*,#4757,.T.);
#2076=ORIENTED_EDGE('',*,*,#4758,.F.);
#2077=ORIENTED_EDGE('',*,*,#4759,.F.);
#2078=CARTESIAN_POINT('',(-9.025,-25.255,2.8));
#2079=DIRECTION('',(-7.2280144832367E-16,0.0,-1.0));
#2080=DIRECTION('',(-1.0,0.0,7.2280144832367E-16));
#2081=ORIENTED_EDGE('',*,*,#4595,.T.);
#2082=ORIENTED_EDGE('',*,*,#4760,.T.);
#2083=ORIENTED_EDGE('',*,*,#4574,.F.);
#2084=ORIENTED_EDGE('',*,*,#4761,.F.);
#2085=ORIENTED_EDGE('',*,*,#4674,.F.);
#2086=ORIENTED_EDGE('',*,*,#4762,.T.);
#2087=ORIENTED_EDGE('',*,*,#4763,.F.);
#2088=ORIENTED_EDGE('',*,*,#4764,.T.);
#2089=CARTESIAN_POINT('',(9.625,1.0,0.4));
#2090=DIRECTION('',(-0.0,1.0,0.0));
#2091=DIRECTION('',(1.0,0.0,0.0));
#2092=ORIENTED_EDGE('',*,*,#4599,.T.);
#2093=ORIENTED_EDGE('',*,*,#4765,.T.);
#2094=ORIENTED_EDGE('',*,*,#4766,.F.);
#2095=ORIENTED_EDGE('',*,*,#4767,.F.);
#2096=ORIENTED_EDGE('',*,*,#4670,.T.);
#2097=ORIENTED_EDGE('',*,*,#4768,.T.);
#2098=ORIENTED_EDGE('',*,*,#4769,.F.);
#2099=ORIENTED_EDGE('',*,*,#4770,.F.);
#2100=ORIENTED_EDGE('',*,*,#4666,.T.);
#2101=ORIENTED_EDGE('',*,*,#4771,.T.);
#2102=ORIENTED_EDGE('',*,*,#4772,.F.);
#2103=ORIENTED_EDGE('',*,*,#4773,.F.);
#2104=ORIENTED_EDGE('',*,*,#4662,.T.);
#2105=ORIENTED_EDGE('',*,*,#4774,.T.);
#2106=ORIENTED_EDGE('',*,*,#4775,.F.);
#2107=ORIENTED_EDGE('',*,*,#4776,.F.);
#2108=ORIENTED_EDGE('',*,*,#4658,.T.);
#2109=ORIENTED_EDGE('',*,*,#4777,.T.);
#2110=ORIENTED_EDGE('',*,*,#4778,.F.);
#2111=ORIENTED_EDGE('',*,*,#4779,.F.);
#2112=ORIENTED_EDGE('',*,*,#4654,.T.);
#2113=ORIENTED_EDGE('',*,*,#4780,.T.);
#2114=ORIENTED_EDGE('',*,*,#4781,.F.);
#2115=ORIENTED_EDGE('',*,*,#4782,.F.);
#2116=ORIENTED_EDGE('',*,*,#4650,.T.);
#2117=ORIENTED_EDGE('',*,*,#4783,.T.);
#2118=ORIENTED_EDGE('',*,*,#4784,.F.);
#2119=ORIENTED_EDGE('',*,*,#4785,.F.);
#2120=ORIENTED_EDGE('',*,*,#4646,.T.);
#2121=ORIENTED_EDGE('',*,*,#4786,.T.);
#2122=ORIENTED_EDGE('',*,*,#4787,.F.);
#2123=ORIENTED_EDGE('',*,*,#4788,.F.);
#2124=ORIENTED_EDGE('',*,*,#4642,.T.);
#2125=ORIENTED_EDGE('',*,*,#4789,.T.);
#2126=ORIENTED_EDGE('',*,*,#4790,.F.);
#2127=ORIENTED_EDGE('',*,*,#4791,.F.);
#2128=ORIENTED_EDGE('',*,*,#4638,.T.);
#2129=ORIENTED_EDGE('',*,*,#4792,.T.);
#2130=ORIENTED_EDGE('',*,*,#4793,.F.);
#2131=ORIENTED_EDGE('',*,*,#4794,.F.);
#2132=ORIENTED_EDGE('',*,*,#4634,.T.);
#2133=ORIENTED_EDGE('',*,*,#4795,.T.);
#2134=ORIENTED_EDGE('',*,*,#4796,.F.);
#2135=ORIENTED_EDGE('',*,*,#4797,.F.);
#2136=ORIENTED_EDGE('',*,*,#4630,.T.);
#2137=ORIENTED_EDGE('',*,*,#4798,.T.);
#2138=ORIENTED_EDGE('',*,*,#4799,.F.);
#2139=ORIENTED_EDGE('',*,*,#4800,.F.);
#2140=ORIENTED_EDGE('',*,*,#4626,.T.);
#2141=ORIENTED_EDGE('',*,*,#4801,.T.);
#2142=ORIENTED_EDGE('',*,*,#4802,.F.);
#2143=ORIENTED_EDGE('',*,*,#4803,.F.);
#2144=ORIENTED_EDGE('',*,*,#4622,.T.);
#2145=ORIENTED_EDGE('',*,*,#4804,.F.);
#2146=ORIENTED_EDGE('',*,*,#4805,.F.);
#2147=ORIENTED_EDGE('',*,*,#4806,.T.);
#2148=ORIENTED_EDGE('',*,*,#4735,.F.);
#2149=ORIENTED_EDGE('',*,*,#4807,.F.);
#2150=ORIENTED_EDGE('',*,*,#4808,.F.);
#2151=ORIENTED_EDGE('',*,*,#4809,.T.);
#2152=ORIENTED_EDGE('',*,*,#4603,.T.);
#2153=ORIENTED_EDGE('',*,*,#4810,.T.);
#2154=ORIENTED_EDGE('',*,*,#4811,.F.);
#2155=ORIENTED_EDGE('',*,*,#4812,.F.);
#2156=CARTESIAN_POINT('',(9.625,5.4,3.7));
#2157=DIRECTION('',(0.0,2.9909025447876E-16,-1.0));
#2158=DIRECTION('',(-1.0,0.0,0.0));
#2159=ORIENTED_EDGE('',*,*,#4505,.F.);
#2160=ORIENTED_EDGE('',*,*,#4813,.T.);
#2161=ORIENTED_EDGE('',*,*,#4814,.F.);
#2162=ORIENTED_EDGE('',*,*,#4815,.F.);
#2163=ORIENTED_EDGE('',*,*,#4507,.F.);
#2164=ORIENTED_EDGE('',*,*,#4816,.T.);
#2165=ORIENTED_EDGE('',*,*,#4817,.F.);
#2166=ORIENTED_EDGE('',*,*,#4818,.F.);
#2167=ORIENTED_EDGE('',*,*,#4807,.T.);
#2168=ORIENTED_EDGE('',*,*,#4734,.T.);
#2169=ORIENTED_EDGE('',*,*,#4819,.F.);
#2170=ORIENTED_EDGE('',*,*,#4820,.F.);
#2171=ORIENTED_EDGE('',*,*,#4675,.F.);
#2172=ORIENTED_EDGE('',*,*,#4761,.T.);
#2173=ORIENTED_EDGE('',*,*,#4573,.T.);
#2174=CARTESIAN_POINT('',(9.625,0.0,0.0));
#2175=DIRECTION('',(1.0,0.0,0.0));
#2176=DIRECTION('',(0.0,1.0,0.0));
#2177=ORIENTED_EDGE('',*,*,#4488,.T.);
#2178=ORIENTED_EDGE('',*,*,#4821,.T.);
#2179=ORIENTED_EDGE('',*,*,#4822,.F.);
#2180=ORIENTED_EDGE('',*,*,#4823,.F.);
#2181=ORIENTED_EDGE('',*,*,#4482,.T.);
#2182=ORIENTED_EDGE('',*,*,#4589,.F.);
#2183=ORIENTED_EDGE('',*,*,#4516,.F.);
#2184=ORIENTED_EDGE('',*,*,#4759,.T.);
#2185=ORIENTED_EDGE('',*,*,#4824,.F.);
#2186=ORIENTED_EDGE('',*,*,#4825,.T.);
#2187=ORIENTED_EDGE('',*,*,#4736,.F.);
#2188=ORIENTED_EDGE('',*,*,#4806,.F.);
#2189=ORIENTED_EDGE('',*,*,#4826,.F.);
#2190=ORIENTED_EDGE('',*,*,#4827,.T.);
#2191=ORIENTED_EDGE('',*,*,#4828,.T.);
#2192=CARTESIAN_POINT('',(-9.625,0.0,0.0));
#2193=DIRECTION('',(1.0,0.0,0.0));
#2194=DIRECTION('',(0.0,1.0,0.0));
#2195=ORIENTED_EDGE('',*,*,#4480,.F.);
#2196=ORIENTED_EDGE('',*,*,#4829,.T.);
#2197=ORIENTED_EDGE('',*,*,#4545,.T.);
#2198=ORIENTED_EDGE('',*,*,#4746,.T.);
#2199=CARTESIAN_POINT('',(-9.025,-25.255,0.4));
#2200=DIRECTION('',(-1.0,0.0,0.0));
#2201=DIRECTION('',(0.0,0.0,1.0));
#2202=ORIENTED_EDGE('',*,*,#4478,.T.);
#2203=ORIENTED_EDGE('',*,*,#4745,.T.);
#2204=ORIENTED_EDGE('',*,*,#4830,.F.);
#2205=ORIENTED_EDGE('',*,*,#4831,.T.);
#2206=CARTESIAN_POINT('',(-9.125,-25.255,1.12499999999999));
#2207=DIRECTION('',(0.0,-1.0,0.0));
#2208=DIRECTION('',(0.0,0.0,1.0));
#2209=ORIENTED_EDGE('',*,*,#4832,.F.);
#2210=ORIENTED_EDGE('',*,*,#4833,.T.);
#2211=ORIENTED_EDGE('',*,*,#4830,.T.);
#2212=ORIENTED_EDGE('',*,*,#4744,.T.);
#2213=CARTESIAN_POINT('',(-9.15084969837962,-25.255,1.22160120648151));
#2214=DIRECTION('',(0.258496983796237,0.0,-0.966012064815056));
#2215=DIRECTION('',(0.0,-1.0,0.0));
#2216=ORIENTED_EDGE('',*,*,#4834,.F.);
#2217=ORIENTED_EDGE('',*,*,#4513,.T.);
#2218=ORIENTED_EDGE('',*,*,#4832,.T.);
#2219=ORIENTED_EDGE('',*,*,#4743,.T.);
#2220=CARTESIAN_POINT('',(-9.325,-25.255,1.175));
#2221=DIRECTION('',(-1.0,0.0,0.0));
#2222=DIRECTION('',(0.0,0.0,1.0));
#2223=ORIENTED_EDGE('',*,*,#4835,.F.);
#2224=ORIENTED_EDGE('',*,*,#4836,.T.);
#2225=ORIENTED_EDGE('',*,*,#4834,.T.);
#2226=ORIENTED_EDGE('',*,*,#4742,.T.);
#2227=CARTESIAN_POINT('',(-9.325,-25.255,2.025));
#2228=DIRECTION('',(0.258496983796235,0.0,0.966012064815057));
#2229=DIRECTION('',(0.0,-1.0,0.0));
#2230=ORIENTED_EDGE('',*,*,#4474,.T.);
#2231=ORIENTED_EDGE('',*,*,#4837,.T.);
#2232=ORIENTED_EDGE('',*,*,#4835,.T.);
#2233=ORIENTED_EDGE('',*,*,#4741,.T.);
#2234=CARTESIAN_POINT('',(-9.125,-25.255,2.07499999999999));
#2235=DIRECTION('',(0.0,-1.0,0.0));
#2236=DIRECTION('',(0.0,0.0,1.0));
#2237=ORIENTED_EDGE('',*,*,#4757,.F.);
#2238=ORIENTED_EDGE('',*,*,#4838,.T.);
#2239=ORIENTED_EDGE('',*,*,#4476,.T.);
#2240=ORIENTED_EDGE('',*,*,#4740,.T.);
#2241=ORIENTED_EDGE('',*,*,#4839,.F.);
#2242=ORIENTED_EDGE('',*,*,#4840,.T.);
#2243=ORIENTED_EDGE('',*,*,#4841,.F.);
#2244=CARTESIAN_POINT('',(-9.025,-25.255,2.075));
#2245=DIRECTION('',(-1.0,0.0,0.0));
#2246=DIRECTION('',(0.0,0.0,1.0));
#2247=ORIENTED_EDGE('',*,*,#4842,.F.);
#2248=ORIENTED_EDGE('',*,*,#4843,.T.);
#2249=ORIENTED_EDGE('',*,*,#4672,.T.);
#2250=ORIENTED_EDGE('',*,*,#4844,.F.);
#2251=ORIENTED_EDGE('',*,*,#4845,.T.);
#2252=ORIENTED_EDGE('',*,*,#4846,.T.);
#2253=ORIENTED_EDGE('',*,*,#4753,.T.);
#2254=CARTESIAN_POINT('',(9.025,-25.255,2.79999999999998));
#2255=DIRECTION('',(1.0,0.0,0.0));
#2256=DIRECTION('',(0.0,1.0,0.0));
#2257=ORIENTED_EDGE('',*,*,#4470,.T.);
#2258=ORIENTED_EDGE('',*,*,#4847,.T.);
#2259=ORIENTED_EDGE('',*,*,#4842,.T.);
#2260=ORIENTED_EDGE('',*,*,#4752,.T.);
#2261=CARTESIAN_POINT('',(9.125,-25.255,2.07499999999999));
#2262=DIRECTION('',(0.0,-1.0,0.0));
#2263=DIRECTION('',(0.0,0.0,1.0));
#2264=ORIENTED_EDGE('',*,*,#4848,.F.);
#2265=ORIENTED_EDGE('',*,*,#4849,.T.);
#2266=ORIENTED_EDGE('',*,*,#4472,.T.);
#2267=ORIENTED_EDGE('',*,*,#4751,.T.);
#2268=CARTESIAN_POINT('',(9.15084969837962,-25.255,1.97839879351851));
#2269=DIRECTION('',(-0.258496983796202,0.0,0.966012064815065));
#2270=DIRECTION('',(0.0,1.0,0.0));
#2271=ORIENTED_EDGE('',*,*,#4850,.F.);
#2272=ORIENTED_EDGE('',*,*,#4763,.T.);
#2273=ORIENTED_EDGE('',*,*,#4848,.T.);
#2274=ORIENTED_EDGE('',*,*,#4750,.T.);
#2275=CARTESIAN_POINT('',(9.325,-25.255,2.02500000000001));
#2276=DIRECTION('',(1.0,0.0,0.0));
#2277=DIRECTION('',(0.0,1.0,0.0));
#2278=ORIENTED_EDGE('',*,*,#4468,.F.);
#2279=ORIENTED_EDGE('',*,*,#4851,.T.);
#2280=ORIENTED_EDGE('',*,*,#4850,.T.);
#2281=ORIENTED_EDGE('',*,*,#4749,.T.);
#2282=CARTESIAN_POINT('',(9.325,-25.255,1.17499999999999));
#2283=DIRECTION('',(-0.258496983796237,0.0,-0.966012064815056));
#2284=DIRECTION('',(-0.966012064815056,0.0,0.258496983796237));
#2285=ORIENTED_EDGE('',*,*,#4543,.F.);
#2286=ORIENTED_EDGE('',*,*,#4852,.T.);
#2287=ORIENTED_EDGE('',*,*,#4853,.T.);
#2288=ORIENTED_EDGE('',*,*,#4747,.T.);
#2289=CARTESIAN_POINT('',(9.025,-25.255,1.12499999999999));
#2290=DIRECTION('',(1.0,0.0,0.0));
#2291=DIRECTION('',(0.0,1.0,0.0));
#2292=ORIENTED_EDGE('',*,*,#4466,.T.);
#2293=ORIENTED_EDGE('',*,*,#4748,.T.);
#2294=ORIENTED_EDGE('',*,*,#4853,.F.);
#2295=ORIENTED_EDGE('',*,*,#4854,.T.);
#2296=CARTESIAN_POINT('',(9.125,-25.255,1.12499999999999));
#2297=DIRECTION('',(0.0,-1.0,0.0));
#2298=DIRECTION('',(0.0,0.0,1.0));
#2299=ORIENTED_EDGE('',*,*,#4855,.F.);
#2300=ORIENTED_EDGE('',*,*,#4856,.T.);
#2301=ORIENTED_EDGE('',*,*,#4839,.T.);
#2302=ORIENTED_EDGE('',*,*,#4739,.T.);
#2303=CARTESIAN_POINT('',(-9.625,2.0,2.79999999999998));
#2304=DIRECTION('',(4.56506177888635E-16,-2.62836890299516E-16,1.0));
#2305=DIRECTION('',(1.0,0.0,-4.56506177888635E-16));
#2306=ORIENTED_EDGE('',*,*,#4857,.F.);
#2307=ORIENTED_EDGE('',*,*,#4858,.T.);
#2308=ORIENTED_EDGE('',*,*,#4855,.T.);
#2309=ORIENTED_EDGE('',*,*,#4738,.T.);
#2310=ORIENTED_EDGE('',*,*,#4859,.F.);
#2311=CARTESIAN_POINT('',(-8.675,2.0,2.79999999999998));
#2312=DIRECTION('',(-1.0,0.0,0.0));
#2313=DIRECTION('',(0.0,0.0,1.0));
#2314=ORIENTED_EDGE('',*,*,#4737,.T.);
#2315=ORIENTED_EDGE('',*,*,#4825,.F.);
#2316=ORIENTED_EDGE('',*,*,#4860,.F.);
#2317=ORIENTED_EDGE('',*,*,#4859,.T.);
#2318=CARTESIAN_POINT('',(-8.675,2.0,3.39999999999998));
#2319=DIRECTION('',(0.0,2.62836890299516E-16,-1.0));
#2320=DIRECTION('',(-1.0,0.0,0.0));
#2321=ORIENTED_EDGE('',*,*,#4841,.T.);
#2322=ORIENTED_EDGE('',*,*,#4861,.T.);
#2323=ORIENTED_EDGE('',*,*,#4857,.T.);
#2324=ORIENTED_EDGE('',*,*,#4860,.T.);
#2325=ORIENTED_EDGE('',*,*,#4824,.T.);
#2326=ORIENTED_EDGE('',*,*,#4758,.T.);
#2327=CARTESIAN_POINT('',(0.0,2.0,-5.12531936084057E-16));
#2328=DIRECTION('',(0.0,-1.0,0.0));
#2329=DIRECTION('',(0.0,0.0,-1.0));
#2330=ORIENTED_EDGE('',*,*,#4862,.F.);
#2331=ORIENTED_EDGE('',*,*,#4863,.T.);
#2332=ORIENTED_EDGE('',*,*,#4864,.F.);
#2333=ORIENTED_EDGE('',*,*,#4865,.T.);
#2334=ORIENTED_EDGE('',*,*,#4755,.T.);
#2335=CARTESIAN_POINT('',(8.675,2.0,3.39999999999998));
#2336=DIRECTION('',(1.0,0.0,0.0));
#2337=DIRECTION('',(0.0,1.0,0.0));
#2338=ORIENTED_EDGE('',*,*,#4846,.F.);
#2339=ORIENTED_EDGE('',*,*,#4866,.T.);
#2340=ORIENTED_EDGE('',*,*,#4862,.T.);
#2341=ORIENTED_EDGE('',*,*,#4754,.T.);
#2342=CARTESIAN_POINT('',(8.675,2.0,2.79999999999998));
#2343=DIRECTION('',(0.0,-2.62836890299516E-16,1.0));
#2344=DIRECTION('',(0.0,-1.0,-2.62836890299516E-16));
#2345=ORIENTED_EDGE('',*,*,#4733,.T.);
#2346=ORIENTED_EDGE('',*,*,#4865,.F.);
#2347=ORIENTED_EDGE('',*,*,#4867,.F.);
#2348=ORIENTED_EDGE('',*,*,#4819,.T.);
#2349=CARTESIAN_POINT('',(9.625,2.0,3.39999999999998));
#2350=DIRECTION('',(0.0,2.62836890299516E-16,-1.0));
#2351=DIRECTION('',(-1.0,0.0,0.0));
#2352=ORIENTED_EDGE('',*,*,#4864,.T.);
#2353=ORIENTED_EDGE('',*,*,#4868,.T.);
#2354=ORIENTED_EDGE('',*,*,#4844,.T.);
#2355=ORIENTED_EDGE('',*,*,#4676,.T.);
#2356=ORIENTED_EDGE('',*,*,#4820,.T.);
#2357=ORIENTED_EDGE('',*,*,#4867,.T.);
#2358=CARTESIAN_POINT('',(0.0,2.0,-5.12531936084057E-16));
#2359=DIRECTION('',(0.0,-1.0,0.0));
#2360=DIRECTION('',(0.0,0.0,-1.0));
#2361=ORIENTED_EDGE('',*,*,#4604,.T.);
#2362=ORIENTED_EDGE('',*,*,#4809,.F.);
#2363=ORIENTED_EDGE('',*,*,#4869,.F.);
#2364=ORIENTED_EDGE('',*,*,#4870,.T.);
#2365=CARTESIAN_POINT('',(9.125,5.65,2.8));
#2366=DIRECTION('',(1.0,0.0,0.0));
#2367=DIRECTION('',(0.0,1.0,0.0));
#2368=ORIENTED_EDGE('',*,*,#4605,.T.);
#2369=ORIENTED_EDGE('',*,*,#4870,.F.);
#2370=ORIENTED_EDGE('',*,*,#4871,.F.);
#2371=ORIENTED_EDGE('',*,*,#4817,.T.);
#2372=CARTESIAN_POINT('',(9.625,5.65,2.8));
#2373=DIRECTION('',(0.0,0.0,1.0));
#2374=DIRECTION('',(1.0,0.0,0.0));
#2375=ORIENTED_EDGE('',*,*,#4869,.T.);
#2376=ORIENTED_EDGE('',*,*,#4808,.T.);
#2377=ORIENTED_EDGE('',*,*,#4818,.T.);
#2378=ORIENTED_EDGE('',*,*,#4871,.T.);
#2379=CARTESIAN_POINT('',(0.0,5.65,0.0));
#2380=DIRECTION('',(-0.0,1.0,0.0));
#2381=DIRECTION('',(1.0,0.0,0.0));
#2382=ORIENTED_EDGE('',*,*,#4612,.T.);
#2383=ORIENTED_EDGE('',*,*,#4872,.F.);
#2384=ORIENTED_EDGE('',*,*,#4873,.F.);
#2385=ORIENTED_EDGE('',*,*,#4562,.T.);
#2386=CARTESIAN_POINT('',(9.125,5.65,0.0));
#2387=DIRECTION('',(1.0,0.0,0.0));
#2388=DIRECTION('',(0.0,1.0,0.0));
#2389=ORIENTED_EDGE('',*,*,#4611,.T.);
#2390=ORIENTED_EDGE('',*,*,#4525,.F.);
#2391=ORIENTED_EDGE('',*,*,#4874,.F.);
#2392=ORIENTED_EDGE('',*,*,#4872,.T.);
#2393=CARTESIAN_POINT('',(9.125,5.65,0.7));
#2394=DIRECTION('',(-2.168404344971E-16,0.0,-1.0));
#2395=DIRECTION('',(-1.0,0.0,2.168404344971E-16));
#2396=ORIENTED_EDGE('',*,*,#4873,.T.);
#2397=ORIENTED_EDGE('',*,*,#4874,.T.);
#2398=ORIENTED_EDGE('',*,*,#4528,.T.);
#2399=ORIENTED_EDGE('',*,*,#4563,.T.);
#2400=CARTESIAN_POINT('',(0.0,5.65,0.0));
#2401=DIRECTION('',(-0.0,1.0,0.0));
#2402=DIRECTION('',(1.0,0.0,0.0));
#2403=ORIENTED_EDGE('',*,*,#4621,.T.);
#2404=ORIENTED_EDGE('',*,*,#4875,.F.);
#2405=ORIENTED_EDGE('',*,*,#4876,.F.);
#2406=ORIENTED_EDGE('',*,*,#4804,.T.);
#2407=CARTESIAN_POINT('',(-9.125,5.65,3.7));
#2408=DIRECTION('',(-1.0,0.0,0.0));
#2409=DIRECTION('',(0.0,0.0,1.0));
#2410=ORIENTED_EDGE('',*,*,#4620,.T.);
#2411=ORIENTED_EDGE('',*,*,#4827,.F.);
#2412=ORIENTED_EDGE('',*,*,#4877,.F.);
#2413=ORIENTED_EDGE('',*,*,#4875,.T.);
#2414=CARTESIAN_POINT('',(-9.125,5.65,2.8));
#2415=DIRECTION('',(0.0,0.0,1.0));
#2416=DIRECTION('',(1.0,0.0,0.0));
#2417=ORIENTED_EDGE('',*,*,#4826,.T.);
#2418=ORIENTED_EDGE('',*,*,#4805,.T.);
#2419=ORIENTED_EDGE('',*,*,#4876,.T.);
#2420=ORIENTED_EDGE('',*,*,#4877,.T.);
#2421=CARTESIAN_POINT('',(0.0,5.65,0.0));
#2422=DIRECTION('',(-0.0,1.0,0.0));
#2423=DIRECTION('',(1.0,0.0,0.0));
#2424=ORIENTED_EDGE('',*,*,#4614,.T.);
#2425=ORIENTED_EDGE('',*,*,#4878,.F.);
#2426=ORIENTED_EDGE('',*,*,#4879,.F.);
#2427=ORIENTED_EDGE('',*,*,#4530,.T.);
#2428=CARTESIAN_POINT('',(-9.625,5.65,0.7));
#2429=DIRECTION('',(0.0,0.0,-1.0));
#2430=DIRECTION('',(0.0,-1.0,0.0));
#2431=ORIENTED_EDGE('',*,*,#4613,.T.);
#2432=ORIENTED_EDGE('',*,*,#4560,.F.);
#2433=ORIENTED_EDGE('',*,*,#4880,.F.);
#2434=ORIENTED_EDGE('',*,*,#4878,.T.);
#2435=CARTESIAN_POINT('',(-9.125,5.65,0.7));
#2436=DIRECTION('',(-1.0,0.0,0.0));
#2437=DIRECTION('',(0.0,0.0,1.0));
#2438=ORIENTED_EDGE('',*,*,#4531,.T.);
#2439=ORIENTED_EDGE('',*,*,#4879,.T.);
#2440=ORIENTED_EDGE('',*,*,#4880,.T.);
#2441=ORIENTED_EDGE('',*,*,#4559,.T.);
#2442=CARTESIAN_POINT('',(0.0,5.65,0.0));
#2443=DIRECTION('',(-0.0,1.0,0.0));
#2444=DIRECTION('',(1.0,0.0,0.0));
#2445=ORIENTED_EDGE('',*,*,#4756,.F.);
#2446=ORIENTED_EDGE('',*,*,#4514,.F.);
#2447=ORIENTED_EDGE('',*,*,#4836,.F.);
#2448=ORIENTED_EDGE('',*,*,#4837,.F.);
#2449=ORIENTED_EDGE('',*,*,#4477,.F.);
#2450=ORIENTED_EDGE('',*,*,#4838,.F.);
#2451=CARTESIAN_POINT('',(-9.025,1.2,2.075));
#2452=DIRECTION('',(-0.554700196225225,0.832050294337847,0.0));
#2453=DIRECTION('',(0.0,0.0,1.0));
#2454=ORIENTED_EDGE('',*,*,#4854,.F.);
#2455=ORIENTED_EDGE('',*,*,#4852,.F.);
#2456=ORIENTED_EDGE('',*,*,#4596,.F.);
#2457=ORIENTED_EDGE('',*,*,#4764,.F.);
#2458=ORIENTED_EDGE('',*,*,#4851,.F.);
#2459=ORIENTED_EDGE('',*,*,#4467,.F.);
#2460=CARTESIAN_POINT('',(9.025,1.2,1.12499999999999));
#2461=DIRECTION('',(0.554700196225227,0.832050294337845,0.0));
#2462=DIRECTION('',(0.0,0.0,-1.0));
#2463=ORIENTED_EDGE('',*,*,#4833,.F.);
#2464=ORIENTED_EDGE('',*,*,#4512,.F.);
#2465=ORIENTED_EDGE('',*,*,#4520,.T.);
#2466=ORIENTED_EDGE('',*,*,#4829,.F.);
#2467=ORIENTED_EDGE('',*,*,#4479,.F.);
#2468=ORIENTED_EDGE('',*,*,#4831,.F.);
#2469=CARTESIAN_POINT('',(-9.025,1.2,0.4));
#2470=DIRECTION('',(-0.554700196225225,0.832050294337847,0.0));
#2471=DIRECTION('',(0.0,0.0,1.0));
#2472=ORIENTED_EDGE('',*,*,#4849,.F.);
#2473=ORIENTED_EDGE('',*,*,#4762,.F.);
#2474=ORIENTED_EDGE('',*,*,#4673,.F.);
#2475=ORIENTED_EDGE('',*,*,#4843,.F.);
#2476=ORIENTED_EDGE('',*,*,#4847,.F.);
#2477=ORIENTED_EDGE('',*,*,#4473,.F.);
#2478=CARTESIAN_POINT('',(9.025,1.2,2.79999999999998));
#2479=DIRECTION('',(0.554700196225227,0.832050294337845,0.0));
#2480=DIRECTION('',(0.0,0.0,-1.0));
#2481=ORIENTED_EDGE('',*,*,#4840,.F.);
#2482=ORIENTED_EDGE('',*,*,#4856,.F.);
#2483=ORIENTED_EDGE('',*,*,#4858,.F.);
#2484=ORIENTED_EDGE('',*,*,#4861,.F.);
#2485=CARTESIAN_POINT('',(1.41516915145476E-15,2.0,3.09999999999998));
#2486=DIRECTION('',(-3.22798614038606E-16,-0.707106781186548,-0.707106781186547));
#2487=DIRECTION('',(0.0,0.707106781186547,-0.707106781186548));
#2488=ORIENTED_EDGE('',*,*,#4863,.F.);
#2489=ORIENTED_EDGE('',*,*,#4866,.F.);
#2490=ORIENTED_EDGE('',*,*,#4845,.F.);
#2491=ORIENTED_EDGE('',*,*,#4868,.F.);
#2492=CARTESIAN_POINT('',(0.0,2.0,3.09999999999998));
#2493=DIRECTION('',(0.0,-0.707106781186548,-0.707106781186548));
#2494=DIRECTION('',(0.0,-0.707106781186548,0.707106781186548));
#2495=ORIENTED_EDGE('',*,*,#4537,.T.);
#2496=ORIENTED_EDGE('',*,*,#4881,.F.);
#2497=ORIENTED_EDGE('',*,*,#4579,.T.);
#2498=ORIENTED_EDGE('',*,*,#4882,.T.);
#2499=CARTESIAN_POINT('',(6.95000000000001,2.45,3.96));
#2500=DIRECTION('',(-1.0,0.0,0.0));
#2501=DIRECTION('',(0.0,0.0,1.0));
#2502=ORIENTED_EDGE('',*,*,#4538,.T.);
#2503=ORIENTED_EDGE('',*,*,#4882,.F.);
#2504=ORIENTED_EDGE('',*,*,#4578,.T.);
#2505=ORIENTED_EDGE('',*,*,#4883,.T.);
#2506=CARTESIAN_POINT('',(6.95000000000001,3.6,3.96));
#2507=DIRECTION('',(3.94255335449276E-16,1.0,0.0));
#2508=DIRECTION('',(1.0,-3.94255335449276E-16,0.0));
#2509=ORIENTED_EDGE('',*,*,#4539,.T.);
#2510=ORIENTED_EDGE('',*,*,#4883,.F.);
#2511=ORIENTED_EDGE('',*,*,#4577,.T.);
#2512=ORIENTED_EDGE('',*,*,#4884,.T.);
#2513=CARTESIAN_POINT('',(8.05,3.6,3.96));
#2514=DIRECTION('',(1.0,0.0,0.0));
#2515=DIRECTION('',(0.0,1.0,0.0));
#2516=ORIENTED_EDGE('',*,*,#4540,.T.);
#2517=ORIENTED_EDGE('',*,*,#4884,.F.);
#2518=ORIENTED_EDGE('',*,*,#4576,.T.);
#2519=ORIENTED_EDGE('',*,*,#4885,.T.);
#2520=CARTESIAN_POINT('',(8.05,2.45,3.96));
#2521=DIRECTION('',(0.0,-1.0,0.0));
#2522=DIRECTION('',(0.0,0.0,-1.0));
#2523=ORIENTED_EDGE('',*,*,#4594,.T.);
#2524=ORIENTED_EDGE('',*,*,#4541,.T.);
#2525=ORIENTED_EDGE('',*,*,#4885,.F.);
#2526=ORIENTED_EDGE('',*,*,#4575,.T.);
#2527=ORIENTED_EDGE('',*,*,#4760,.F.);
#2528=CARTESIAN_POINT('',(7.65,2.45,3.96));
#2529=DIRECTION('',(1.0,0.0,0.0));
#2530=DIRECTION('',(0.0,1.0,0.0));
#2531=ORIENTED_EDGE('',*,*,#4524,.T.);
#2532=ORIENTED_EDGE('',*,*,#4553,.T.);
#2533=ORIENTED_EDGE('',*,*,#4581,.T.);
#2534=ORIENTED_EDGE('',*,*,#4886,.T.);
#2535=ORIENTED_EDGE('',*,*,#4535,.T.);
#2536=CARTESIAN_POINT('',(7.35,1.0,3.96));
#2537=DIRECTION('',(-1.0,0.0,0.0));
#2538=DIRECTION('',(0.0,0.0,1.0));
#2539=ORIENTED_EDGE('',*,*,#4536,.T.);
#2540=ORIENTED_EDGE('',*,*,#4886,.F.);
#2541=ORIENTED_EDGE('',*,*,#4580,.T.);
#2542=ORIENTED_EDGE('',*,*,#4881,.T.);
#2543=CARTESIAN_POINT('',(7.35,2.45,3.96));
#2544=DIRECTION('',(0.0,-1.0,0.0));
#2545=DIRECTION('',(0.0,0.0,-1.0));
#2546=ORIENTED_EDGE('',*,*,#4590,.F.);
#2547=ORIENTED_EDGE('',*,*,#4494,.F.);
#2548=ORIENTED_EDGE('',*,*,#4887,.T.);
#2549=ORIENTED_EDGE('',*,*,#4888,.T.);
#2550=CARTESIAN_POINT('',(-11.125,3.1,2.8));
#2551=DIRECTION('',(-1.0,0.0,0.0));
#2552=DIRECTION('',(0.0,0.0,1.0));
#2553=ORIENTED_EDGE('',*,*,#4591,.F.);
#2554=ORIENTED_EDGE('',*,*,#4888,.F.);
#2555=ORIENTED_EDGE('',*,*,#4889,.T.);
#2556=ORIENTED_EDGE('',*,*,#4618,.T.);
#2557=CARTESIAN_POINT('',(-11.125,4.9,2.8));
#2558=DIRECTION('',(-0.707106781186548,0.707106781186547,0.0));
#2559=DIRECTION('',(0.0,0.0,1.0));
#2560=ORIENTED_EDGE('',*,*,#4887,.F.);
#2561=ORIENTED_EDGE('',*,*,#4493,.F.);
#2562=ORIENTED_EDGE('',*,*,#4489,.F.);
#2563=ORIENTED_EDGE('',*,*,#4828,.F.);
#2564=ORIENTED_EDGE('',*,*,#4619,.F.);
#2565=ORIENTED_EDGE('',*,*,#4889,.F.);
#2566=CARTESIAN_POINT('',(0.0,0.0,2.8));
#2567=DIRECTION('',(0.0,0.0,-1.0));
#2568=DIRECTION('',(0.0,-1.0,0.0));
#2569=ORIENTED_EDGE('',*,*,#4571,.F.);
#2570=ORIENTED_EDGE('',*,*,#4607,.F.);
#2571=ORIENTED_EDGE('',*,*,#4890,.T.);
#2572=ORIENTED_EDGE('',*,*,#4891,.T.);
#2573=CARTESIAN_POINT('',(10.625,5.4,2.8));
#2574=DIRECTION('',(0.707106781186548,0.707106781186547,0.0));
#2575=DIRECTION('',(0.0,0.0,-1.0));
#2576=ORIENTED_EDGE('',*,*,#4572,.F.);
#2577=ORIENTED_EDGE('',*,*,#4891,.F.);
#2578=ORIENTED_EDGE('',*,*,#4892,.T.);
#2579=ORIENTED_EDGE('',*,*,#4500,.T.);
#2580=CARTESIAN_POINT('',(11.125,4.9,2.8));
#2581=DIRECTION('',(1.0,0.0,0.0));
#2582=DIRECTION('',(0.0,1.0,0.0));
#2583=ORIENTED_EDGE('',*,*,#4816,.F.);
#2584=ORIENTED_EDGE('',*,*,#4509,.F.);
#2585=ORIENTED_EDGE('',*,*,#4501,.F.);
#2586=ORIENTED_EDGE('',*,*,#4892,.F.);
#2587=ORIENTED_EDGE('',*,*,#4890,.F.);
#2588=ORIENTED_EDGE('',*,*,#4606,.F.);
#2589=CARTESIAN_POINT('',(0.0,0.0,2.8));
#2590=DIRECTION('',(0.0,0.0,-1.0));
#2591=DIRECTION('',(0.0,-1.0,0.0));
#2592=ORIENTED_EDGE('',*,*,#4893,.F.);
#2593=ORIENTED_EDGE('',*,*,#4585,.F.);
#2594=ORIENTED_EDGE('',*,*,#4894,.T.);
#2595=ORIENTED_EDGE('',*,*,#4549,.F.);
#2596=CARTESIAN_POINT('',(-6.95000000000001,3.6,3.96));
#2597=DIRECTION('',(3.94255335449276E-16,-1.0,0.0));
#2598=DIRECTION('',(0.0,0.0,-1.0));
#2599=ORIENTED_EDGE('',*,*,#4895,.F.);
#2600=ORIENTED_EDGE('',*,*,#4586,.F.);
#2601=ORIENTED_EDGE('',*,*,#4893,.T.);
#2602=ORIENTED_EDGE('',*,*,#4548,.F.);
#2603=CARTESIAN_POINT('',(-8.05,3.6,3.96));
#2604=DIRECTION('',(1.0,0.0,0.0));
#2605=DIRECTION('',(0.0,1.0,0.0));
#2606=ORIENTED_EDGE('',*,*,#4896,.F.);
#2607=ORIENTED_EDGE('',*,*,#4587,.F.);
#2608=ORIENTED_EDGE('',*,*,#4895,.T.);
#2609=ORIENTED_EDGE('',*,*,#4547,.F.);
#2610=CARTESIAN_POINT('',(-8.05,2.45,3.96));
#2611=DIRECTION('',(-0.0,1.0,0.0));
#2612=DIRECTION('',(1.0,0.0,0.0));
#2613=ORIENTED_EDGE('',*,*,#4510,.T.);
#2614=ORIENTED_EDGE('',*,*,#4588,.F.);
#2615=ORIENTED_EDGE('',*,*,#4896,.T.);
#2616=ORIENTED_EDGE('',*,*,#4546,.F.);
#2617=ORIENTED_EDGE('',*,*,#4518,.F.);
#2618=CARTESIAN_POINT('',(-7.65,2.45,3.96));
#2619=DIRECTION('',(1.0,0.0,0.0));
#2620=DIRECTION('',(0.0,1.0,0.0));
#2621=ORIENTED_EDGE('',*,*,#4534,.F.);
#2622=ORIENTED_EDGE('',*,*,#4897,.F.);
#2623=ORIENTED_EDGE('',*,*,#4582,.F.);
#2624=ORIENTED_EDGE('',*,*,#4551,.F.);
#2625=ORIENTED_EDGE('',*,*,#4522,.F.);
#2626=CARTESIAN_POINT('',(-7.35,1.0,3.96));
#2627=DIRECTION('',(-1.0,0.0,0.0));
#2628=DIRECTION('',(0.0,0.0,1.0));
#2629=ORIENTED_EDGE('',*,*,#4894,.F.);
#2630=ORIENTED_EDGE('',*,*,#4584,.F.);
#2631=ORIENTED_EDGE('',*,*,#4898,.T.);
#2632=ORIENTED_EDGE('',*,*,#4550,.F.);
#2633=CARTESIAN_POINT('',(-6.95000000000001,2.45,3.96));
#2634=DIRECTION('',(-1.0,0.0,0.0));
#2635=DIRECTION('',(0.0,0.0,1.0));
#2636=ORIENTED_EDGE('',*,*,#4898,.F.);
#2637=ORIENTED_EDGE('',*,*,#4583,.F.);
#2638=ORIENTED_EDGE('',*,*,#4897,.T.);
#2639=ORIENTED_EDGE('',*,*,#4533,.F.);
#2640=CARTESIAN_POINT('',(-7.35,2.45,3.96));
#2641=DIRECTION('',(-0.0,1.0,0.0));
#2642=DIRECTION('',(1.0,0.0,0.0));
#2643=ORIENTED_EDGE('',*,*,#4615,.F.);
#2644=ORIENTED_EDGE('',*,*,#4557,.T.);
#2645=ORIENTED_EDGE('',*,*,#4899,.F.);
#2646=ORIENTED_EDGE('',*,*,#4900,.T.);
#2647=CARTESIAN_POINT('',(-10.295,5.25000000000001,2.2));
#2648=DIRECTION('',(0.0,0.0,1.0));
#2649=DIRECTION('',(-1.0,0.0,0.0));
#2650=ORIENTED_EDGE('',*,*,#4617,.F.);
#2651=ORIENTED_EDGE('',*,*,#4901,.T.);
#2652=ORIENTED_EDGE('',*,*,#4902,.T.);
#2653=ORIENTED_EDGE('',*,*,#4593,.T.);
#2654=CARTESIAN_POINT('',(-10.295,5.25000000000001,2.2));
#2655=DIRECTION('',(0.0,0.0,1.0));
#2656=DIRECTION('',(-1.0,0.0,0.0));
#2657=ORIENTED_EDGE('',*,*,#4903,.F.);
#2658=ORIENTED_EDGE('',*,*,#4904,.T.);
#2659=ORIENTED_EDGE('',*,*,#4905,.F.);
#2660=ORIENTED_EDGE('',*,*,#4901,.F.);
#2661=ORIENTED_EDGE('',*,*,#4616,.T.);
#2662=ORIENTED_EDGE('',*,*,#4900,.F.);
#2663=CARTESIAN_POINT('',(-10.295,5.25000000000001,2.2));
#2664=DIRECTION('',(0.0,0.0,-1.0));
#2665=DIRECTION('',(0.0,-1.0,0.0));
#2666=ORIENTED_EDGE('',*,*,#4906,.T.);
#2667=ORIENTED_EDGE('',*,*,#4907,.T.);
#2668=ORIENTED_EDGE('',*,*,#4908,.F.);
#2669=ORIENTED_EDGE('',*,*,#4909,.T.);
#2670=CARTESIAN_POINT('',(-11.325,5.45,2.2));
#2671=DIRECTION('',(-1.0,0.0,0.0));
#2672=DIRECTION('',(0.0,0.0,1.0));
#2673=ORIENTED_EDGE('',*,*,#4556,.F.);
#2674=ORIENTED_EDGE('',*,*,#4910,.T.);
#2675=ORIENTED_EDGE('',*,*,#4906,.F.);
#2676=ORIENTED_EDGE('',*,*,#4911,.T.);
#2677=ORIENTED_EDGE('',*,*,#4903,.T.);
#2678=ORIENTED_EDGE('',*,*,#4899,.T.);
#2679=CARTESIAN_POINT('',(-11.325,5.7,2.2));
#2680=DIRECTION('',(3.36839509898406E-15,1.0,0.0));
#2681=DIRECTION('',(1.0,-3.36839509898406E-15,0.0));
#2682=ORIENTED_EDGE('',*,*,#4908,.T.);
#2683=ORIENTED_EDGE('',*,*,#4912,.T.);
#2684=ORIENTED_EDGE('',*,*,#4554,.F.);
#2685=ORIENTED_EDGE('',*,*,#4902,.F.);
#2686=ORIENTED_EDGE('',*,*,#4905,.T.);
#2687=ORIENTED_EDGE('',*,*,#4913,.T.);
#2688=CARTESIAN_POINT('',(-10.295,5.45,2.2));
#2689=DIRECTION('',(0.0,-1.0,0.0));
#2690=DIRECTION('',(0.0,0.0,-1.0));
#2691=ORIENTED_EDGE('',*,*,#4610,.F.);
#2692=ORIENTED_EDGE('',*,*,#4914,.T.);
#2693=ORIENTED_EDGE('',*,*,#4915,.T.);
#2694=ORIENTED_EDGE('',*,*,#4565,.T.);
#2695=CARTESIAN_POINT('',(10.295,5.25,2.2));
#2696=DIRECTION('',(0.0,0.0,1.0));
#2697=DIRECTION('',(-1.0,0.0,0.0));
#2698=ORIENTED_EDGE('',*,*,#4608,.F.);
#2699=ORIENTED_EDGE('',*,*,#4569,.T.);
#2700=ORIENTED_EDGE('',*,*,#4916,.F.);
#2701=ORIENTED_EDGE('',*,*,#4917,.T.);
#2702=CARTESIAN_POINT('',(10.295,5.25,2.20000000000001));
#2703=DIRECTION('',(0.0,0.0,1.0));
#2704=DIRECTION('',(-1.0,0.0,0.0));
#2705=ORIENTED_EDGE('',*,*,#4918,.F.);
#2706=ORIENTED_EDGE('',*,*,#4919,.T.);
#2707=ORIENTED_EDGE('',*,*,#4920,.F.);
#2708=ORIENTED_EDGE('',*,*,#4914,.F.);
#2709=ORIENTED_EDGE('',*,*,#4609,.T.);
#2710=ORIENTED_EDGE('',*,*,#4917,.F.);
#2711=CARTESIAN_POINT('',(10.295,5.25,2.2));
#2712=DIRECTION('',(0.0,0.0,-1.0));
#2713=DIRECTION('',(0.0,-1.0,0.0));
#2714=ORIENTED_EDGE('',*,*,#4920,.T.);
#2715=ORIENTED_EDGE('',*,*,#4921,.T.);
#2716=ORIENTED_EDGE('',*,*,#4922,.T.);
#2717=ORIENTED_EDGE('',*,*,#4923,.T.);
#2718=ORIENTED_EDGE('',*,*,#4566,.F.);
#2719=ORIENTED_EDGE('',*,*,#4915,.F.);
#2720=CARTESIAN_POINT('',(10.295,5.7,2.2));
#2721=DIRECTION('',(-0.0,1.0,0.0));
#2722=DIRECTION('',(1.0,0.0,0.0));
#2723=ORIENTED_EDGE('',*,*,#4922,.F.);
#2724=ORIENTED_EDGE('',*,*,#4924,.T.);
#2725=ORIENTED_EDGE('',*,*,#4925,.T.);
#2726=ORIENTED_EDGE('',*,*,#4926,.T.);
#2727=CARTESIAN_POINT('',(11.325,5.7,2.2));
#2728=DIRECTION('',(1.0,6.93889390390722E-15,0.0));
#2729=DIRECTION('',(-6.93889390390722E-15,1.0,0.0));
#2730=ORIENTED_EDGE('',*,*,#4925,.F.);
#2731=ORIENTED_EDGE('',*,*,#4927,.T.);
#2732=ORIENTED_EDGE('',*,*,#4918,.T.);
#2733=ORIENTED_EDGE('',*,*,#4916,.T.);
#2734=ORIENTED_EDGE('',*,*,#4568,.F.);
#2735=ORIENTED_EDGE('',*,*,#4928,.T.);
#2736=CARTESIAN_POINT('',(11.325,5.45,2.2));
#2737=DIRECTION('',(0.0,-1.0,0.0));
#2738=DIRECTION('',(0.0,0.0,-1.0));
#2739=ORIENTED_EDGE('',*,*,#4929,.T.);
#2740=ORIENTED_EDGE('',*,*,#4930,.F.);
#2741=ORIENTED_EDGE('',*,*,#4931,.F.);
#2742=ORIENTED_EDGE('',*,*,#4932,.T.);
#2743=CARTESIAN_POINT('',(8.285,5.7,3.6));
#2744=DIRECTION('',(0.0,-1.0,0.0));
#2745=DIRECTION('',(0.0,0.0,-1.0));
#2746=ORIENTED_EDGE('',*,*,#4933,.T.);
#2747=ORIENTED_EDGE('',*,*,#4934,.F.);
#2748=ORIENTED_EDGE('',*,*,#4935,.F.);
#2749=ORIENTED_EDGE('',*,*,#4930,.T.);
#2750=CARTESIAN_POINT('',(8.285,5.7,4.1));
#2751=DIRECTION('',(0.0,-0.707106781186551,-0.707106781186545));
#2752=DIRECTION('',(0.0,0.707106781186545,-0.707106781186551));
#2753=ORIENTED_EDGE('',*,*,#4936,.T.);
#2754=ORIENTED_EDGE('',*,*,#4937,.F.);
#2755=ORIENTED_EDGE('',*,*,#4938,.F.);
#2756=ORIENTED_EDGE('',*,*,#4934,.T.);
#2757=CARTESIAN_POINT('',(8.285,5.6,4.2));
#2758=DIRECTION('',(0.0,-6.93889390390717E-15,-1.0));
#2759=DIRECTION('',(0.0,-1.0,6.93889390390717E-15));
#2760=ORIENTED_EDGE('',*,*,#4939,.T.);
#2761=ORIENTED_EDGE('',*,*,#4940,.F.);
#2762=ORIENTED_EDGE('',*,*,#4941,.F.);
#2763=ORIENTED_EDGE('',*,*,#4937,.T.);
#2764=CARTESIAN_POINT('',(8.285,5.35,4.2));
#2765=DIRECTION('',(0.0,0.707106781186548,-0.707106781186548));
#2766=DIRECTION('',(-1.0,0.0,0.0));
#2767=ORIENTED_EDGE('',*,*,#4602,.F.);
#2768=ORIENTED_EDGE('',*,*,#4942,.T.);
#2769=ORIENTED_EDGE('',*,*,#4931,.T.);
#2770=ORIENTED_EDGE('',*,*,#4935,.T.);
#2771=ORIENTED_EDGE('',*,*,#4938,.T.);
#2772=ORIENTED_EDGE('',*,*,#4941,.T.);
#2773=ORIENTED_EDGE('',*,*,#4943,.T.);
#2774=ORIENTED_EDGE('',*,*,#4810,.F.);
#2775=CARTESIAN_POINT('',(8.285,0.0,0.0));
#2776=DIRECTION('',(1.0,0.0,0.0));
#2777=DIRECTION('',(0.0,1.0,0.0));
#2778=ORIENTED_EDGE('',*,*,#4944,.F.);
#2779=ORIENTED_EDGE('',*,*,#4600,.T.);
#2780=ORIENTED_EDGE('',*,*,#4812,.T.);
#2781=ORIENTED_EDGE('',*,*,#4945,.F.);
#2782=ORIENTED_EDGE('',*,*,#4939,.F.);
#2783=ORIENTED_EDGE('',*,*,#4936,.F.);
#2784=ORIENTED_EDGE('',*,*,#4933,.F.);
#2785=ORIENTED_EDGE('',*,*,#4929,.F.);
#2786=CARTESIAN_POINT('',(7.965,0.0,0.0));
#2787=DIRECTION('',(1.0,0.0,0.0));
#2788=DIRECTION('',(0.0,1.0,0.0));
#2789=ORIENTED_EDGE('',*,*,#4945,.T.);
#2790=ORIENTED_EDGE('',*,*,#4811,.T.);
#2791=ORIENTED_EDGE('',*,*,#4943,.F.);
#2792=ORIENTED_EDGE('',*,*,#4940,.T.);
#2793=CARTESIAN_POINT('',(8.285,5.25,4.1));
#2794=DIRECTION('',(-0.0,1.0,0.0));
#2795=DIRECTION('',(1.0,0.0,0.0));
#2796=ORIENTED_EDGE('',*,*,#4944,.T.);
#2797=ORIENTED_EDGE('',*,*,#4932,.F.);
#2798=ORIENTED_EDGE('',*,*,#4942,.F.);
#2799=ORIENTED_EDGE('',*,*,#4601,.T.);
#2800=CARTESIAN_POINT('',(8.285,5.4,3.3));
#2801=DIRECTION('',(0.0,-0.707106781186548,0.707106781186548));
#2802=DIRECTION('',(-1.0,0.0,0.0));
#2803=ORIENTED_EDGE('',*,*,#4946,.T.);
#2804=ORIENTED_EDGE('',*,*,#4731,.T.);
#2805=ORIENTED_EDGE('',*,*,#4947,.F.);
#2806=ORIENTED_EDGE('',*,*,#4948,.T.);
#2807=CARTESIAN_POINT('',(8.285,2.7,0.775000000000002));
#2808=DIRECTION('',(0.0,0.0,1.0));
#2809=DIRECTION('',(1.0,0.0,0.0));
#2810=ORIENTED_EDGE('',*,*,#4949,.F.);
#2811=ORIENTED_EDGE('',*,*,#4729,.T.);
#2812=ORIENTED_EDGE('',*,*,#4950,.T.);
#2813=ORIENTED_EDGE('',*,*,#4951,.F.);
#2814=CARTESIAN_POINT('',(8.285,4.25,1.525));
#2815=DIRECTION('',(0.0,0.0,-1.0));
#2816=DIRECTION('',(0.0,-1.0,0.0));
#2817=ORIENTED_EDGE('',*,*,#4730,.F.);
#2818=ORIENTED_EDGE('',*,*,#4949,.T.);
#2819=ORIENTED_EDGE('',*,*,#4952,.T.);
#2820=ORIENTED_EDGE('',*,*,#4953,.T.);
#2821=ORIENTED_EDGE('',*,*,#4954,.T.);
#2822=ORIENTED_EDGE('',*,*,#4947,.T.);
#2823=CARTESIAN_POINT('',(8.285,0.0,0.0));
#2824=DIRECTION('',(1.0,0.0,0.0));
#2825=DIRECTION('',(0.0,1.0,0.0));
#2826=ORIENTED_EDGE('',*,*,#4950,.F.);
#2827=ORIENTED_EDGE('',*,*,#4732,.T.);
#2828=ORIENTED_EDGE('',*,*,#4946,.F.);
#2829=ORIENTED_EDGE('',*,*,#4955,.F.);
#2830=ORIENTED_EDGE('',*,*,#4956,.F.);
#2831=ORIENTED_EDGE('',*,*,#4957,.F.);
#2832=CARTESIAN_POINT('',(7.965,0.0,0.0));
#2833=DIRECTION('',(1.0,0.0,0.0));
#2834=DIRECTION('',(0.0,1.0,0.0));
#2835=ORIENTED_EDGE('',*,*,#4956,.T.);
#2836=ORIENTED_EDGE('',*,*,#4958,.F.);
#2837=ORIENTED_EDGE('',*,*,#4953,.F.);
#2838=ORIENTED_EDGE('',*,*,#4959,.T.);
#2839=CARTESIAN_POINT('',(8.285,1.7,1.375));
#2840=DIRECTION('',(-0.0,1.0,0.0));
#2841=DIRECTION('',(1.0,0.0,0.0));
#2842=ORIENTED_EDGE('',*,*,#4955,.T.);
#2843=ORIENTED_EDGE('',*,*,#4948,.F.);
#2844=ORIENTED_EDGE('',*,*,#4954,.F.);
#2845=ORIENTED_EDGE('',*,*,#4958,.T.);
#2846=CARTESIAN_POINT('',(8.285,1.7,0.975000000000002));
#2847=DIRECTION('',(0.0,0.196116135138184,0.98058067569092));
#2848=DIRECTION('',(1.0,-0.0,0.0));
#2849=ORIENTED_EDGE('',*,*,#4957,.T.);
#2850=ORIENTED_EDGE('',*,*,#4959,.F.);
#2851=ORIENTED_EDGE('',*,*,#4952,.F.);
#2852=ORIENTED_EDGE('',*,*,#4951,.T.);
#2853=CARTESIAN_POINT('',(8.285,2.4,1.525));
#2854=DIRECTION('',(0.0,0.209529088730873,-0.97780241407741));
#2855=DIRECTION('',(-1.0,0.0,0.0));
#2856=ORIENTED_EDGE('',*,*,#4960,.T.);
#2857=ORIENTED_EDGE('',*,*,#4961,.F.);
#2858=ORIENTED_EDGE('',*,*,#4962,.F.);
#2859=ORIENTED_EDGE('',*,*,#4963,.T.);
#2860=CARTESIAN_POINT('',(-7.965,5.7,3.6));
#2861=DIRECTION('',(0.0,-1.0,0.0));
#2862=DIRECTION('',(0.0,0.0,-1.0));
#2863=ORIENTED_EDGE('',*,*,#4964,.T.);
#2864=ORIENTED_EDGE('',*,*,#4965,.F.);
#2865=ORIENTED_EDGE('',*,*,#4966,.F.);
#2866=ORIENTED_EDGE('',*,*,#4961,.T.);
#2867=CARTESIAN_POINT('',(-7.965,5.7,4.1));
#2868=DIRECTION('',(0.0,-0.707106781186551,-0.707106781186545));
#2869=DIRECTION('',(0.0,0.707106781186545,-0.707106781186551));
#2870=ORIENTED_EDGE('',*,*,#4967,.T.);
#2871=ORIENTED_EDGE('',*,*,#4968,.F.);
#2872=ORIENTED_EDGE('',*,*,#4969,.F.);
#2873=ORIENTED_EDGE('',*,*,#4965,.T.);
#2874=CARTESIAN_POINT('',(-7.965,5.6,4.2));
#2875=DIRECTION('',(0.0,-6.93889390390717E-15,-1.0));
#2876=DIRECTION('',(0.0,-1.0,6.93889390390717E-15));
#2877=ORIENTED_EDGE('',*,*,#4970,.T.);
#2878=ORIENTED_EDGE('',*,*,#4971,.F.);
#2879=ORIENTED_EDGE('',*,*,#4972,.F.);
#2880=ORIENTED_EDGE('',*,*,#4968,.T.);
#2881=CARTESIAN_POINT('',(-7.965,5.35,4.2));
#2882=DIRECTION('',(0.0,0.707106781186548,-0.707106781186548));
#2883=DIRECTION('',(-1.0,0.0,0.0));
#2884=ORIENTED_EDGE('',*,*,#4625,.F.);
#2885=ORIENTED_EDGE('',*,*,#4973,.T.);
#2886=ORIENTED_EDGE('',*,*,#4962,.T.);
#2887=ORIENTED_EDGE('',*,*,#4966,.T.);
#2888=ORIENTED_EDGE('',*,*,#4969,.T.);
#2889=ORIENTED_EDGE('',*,*,#4972,.T.);
#2890=ORIENTED_EDGE('',*,*,#4974,.T.);
#2891=ORIENTED_EDGE('',*,*,#4801,.F.);
#2892=CARTESIAN_POINT('',(-7.965,0.0,0.0));
#2893=DIRECTION('',(1.0,0.0,0.0));
#2894=DIRECTION('',(0.0,1.0,0.0));
#2895=ORIENTED_EDGE('',*,*,#4975,.F.);
#2896=ORIENTED_EDGE('',*,*,#4623,.T.);
#2897=ORIENTED_EDGE('',*,*,#4803,.T.);
#2898=ORIENTED_EDGE('',*,*,#4976,.F.);
#2899=ORIENTED_EDGE('',*,*,#4970,.F.);
#2900=ORIENTED_EDGE('',*,*,#4967,.F.);
#2901=ORIENTED_EDGE('',*,*,#4964,.F.);
#2902=ORIENTED_EDGE('',*,*,#4960,.F.);
#2903=CARTESIAN_POINT('',(-8.285,0.0,0.0));
#2904=DIRECTION('',(1.0,0.0,0.0));
#2905=DIRECTION('',(0.0,1.0,0.0));
#2906=ORIENTED_EDGE('',*,*,#4976,.T.);
#2907=ORIENTED_EDGE('',*,*,#4802,.T.);
#2908=ORIENTED_EDGE('',*,*,#4974,.F.);
#2909=ORIENTED_EDGE('',*,*,#4971,.T.);
#2910=CARTESIAN_POINT('',(-7.965,5.25,4.1));
#2911=DIRECTION('',(-0.0,1.0,0.0));
#2912=DIRECTION('',(1.0,0.0,0.0));
#2913=ORIENTED_EDGE('',*,*,#4975,.T.);
#2914=ORIENTED_EDGE('',*,*,#4963,.F.);
#2915=ORIENTED_EDGE('',*,*,#4973,.F.);
#2916=ORIENTED_EDGE('',*,*,#4624,.T.);
#2917=CARTESIAN_POINT('',(-7.965,5.4,3.3));
#2918=DIRECTION('',(0.0,-0.707106781186548,0.707106781186548));
#2919=DIRECTION('',(-1.0,0.0,0.0));
#2920=ORIENTED_EDGE('',*,*,#4977,.T.);
#2921=ORIENTED_EDGE('',*,*,#4978,.F.);
#2922=ORIENTED_EDGE('',*,*,#4979,.F.);
#2923=ORIENTED_EDGE('',*,*,#4980,.T.);
#2924=CARTESIAN_POINT('',(-6.715,5.7,3.6));
#2925=DIRECTION('',(0.0,-1.0,0.0));
#2926=DIRECTION('',(0.0,0.0,-1.0));
#2927=ORIENTED_EDGE('',*,*,#4981,.T.);
#2928=ORIENTED_EDGE('',*,*,#4982,.F.);
#2929=ORIENTED_EDGE('',*,*,#4983,.F.);
#2930=ORIENTED_EDGE('',*,*,#4978,.T.);
#2931=CARTESIAN_POINT('',(-6.715,5.7,4.1));
#2932=DIRECTION('',(0.0,-0.707106781186551,-0.707106781186545));
#2933=DIRECTION('',(0.0,0.707106781186545,-0.707106781186551));
#2934=ORIENTED_EDGE('',*,*,#4984,.T.);
#2935=ORIENTED_EDGE('',*,*,#4985,.F.);
#2936=ORIENTED_EDGE('',*,*,#4986,.F.);
#2937=ORIENTED_EDGE('',*,*,#4982,.T.);
#2938=CARTESIAN_POINT('',(-6.715,5.6,4.2));
#2939=DIRECTION('',(0.0,-6.93889390390717E-15,-1.0));
#2940=DIRECTION('',(0.0,-1.0,6.93889390390717E-15));
#2941=ORIENTED_EDGE('',*,*,#4987,.T.);
#2942=ORIENTED_EDGE('',*,*,#4988,.F.);
#2943=ORIENTED_EDGE('',*,*,#4989,.F.);
#2944=ORIENTED_EDGE('',*,*,#4985,.T.);
#2945=CARTESIAN_POINT('',(-6.715,5.35,4.2));
#2946=DIRECTION('',(0.0,0.707106781186548,-0.707106781186548));
#2947=DIRECTION('',(-1.0,0.0,0.0));
#2948=ORIENTED_EDGE('',*,*,#4629,.F.);
#2949=ORIENTED_EDGE('',*,*,#4990,.T.);
#2950=ORIENTED_EDGE('',*,*,#4979,.T.);
#2951=ORIENTED_EDGE('',*,*,#4983,.T.);
#2952=ORIENTED_EDGE('',*,*,#4986,.T.);
#2953=ORIENTED_EDGE('',*,*,#4989,.T.);
#2954=ORIENTED_EDGE('',*,*,#4991,.T.);
#2955=ORIENTED_EDGE('',*,*,#4798,.F.);
#2956=CARTESIAN_POINT('',(-6.715,0.0,0.0));
#2957=DIRECTION('',(1.0,0.0,0.0));
#2958=DIRECTION('',(0.0,1.0,0.0));
#2959=ORIENTED_EDGE('',*,*,#4992,.F.);
#2960=ORIENTED_EDGE('',*,*,#4627,.T.);
#2961=ORIENTED_EDGE('',*,*,#4800,.T.);
#2962=ORIENTED_EDGE('',*,*,#4993,.F.);
#2963=ORIENTED_EDGE('',*,*,#4987,.F.);
#2964=ORIENTED_EDGE('',*,*,#4984,.F.);
#2965=ORIENTED_EDGE('',*,*,#4981,.F.);
#2966=ORIENTED_EDGE('',*,*,#4977,.F.);
#2967=CARTESIAN_POINT('',(-7.035,0.0,0.0));
#2968=DIRECTION('',(1.0,0.0,0.0));
#2969=DIRECTION('',(0.0,1.0,0.0));
#2970=ORIENTED_EDGE('',*,*,#4993,.T.);
#2971=ORIENTED_EDGE('',*,*,#4799,.T.);
#2972=ORIENTED_EDGE('',*,*,#4991,.F.);
#2973=ORIENTED_EDGE('',*,*,#4988,.T.);
#2974=CARTESIAN_POINT('',(-6.715,5.25,4.1));
#2975=DIRECTION('',(-0.0,1.0,0.0));
#2976=DIRECTION('',(1.0,0.0,0.0));
#2977=ORIENTED_EDGE('',*,*,#4992,.T.);
#2978=ORIENTED_EDGE('',*,*,#4980,.F.);
#2979=ORIENTED_EDGE('',*,*,#4990,.F.);
#2980=ORIENTED_EDGE('',*,*,#4628,.T.);
#2981=CARTESIAN_POINT('',(-6.715,5.4,3.3));
#2982=DIRECTION('',(0.0,-0.707106781186548,0.707106781186548));
#2983=DIRECTION('',(-1.0,0.0,0.0));
#2984=ORIENTED_EDGE('',*,*,#4994,.T.);
#2985=ORIENTED_EDGE('',*,*,#4995,.F.);
#2986=ORIENTED_EDGE('',*,*,#4996,.F.);
#2987=ORIENTED_EDGE('',*,*,#4997,.T.);
#2988=CARTESIAN_POINT('',(-5.465,5.7,3.6));
#2989=DIRECTION('',(0.0,-1.0,0.0));
#2990=DIRECTION('',(0.0,0.0,-1.0));
#2991=ORIENTED_EDGE('',*,*,#4998,.T.);
#2992=ORIENTED_EDGE('',*,*,#4999,.F.);
#2993=ORIENTED_EDGE('',*,*,#5000,.F.);
#2994=ORIENTED_EDGE('',*,*,#4995,.T.);
#2995=CARTESIAN_POINT('',(-5.465,5.7,4.1));
#2996=DIRECTION('',(0.0,-0.707106781186551,-0.707106781186545));
#2997=DIRECTION('',(0.0,0.707106781186545,-0.707106781186551));
#2998=ORIENTED_EDGE('',*,*,#5001,.T.);
#2999=ORIENTED_EDGE('',*,*,#5002,.F.);
#3000=ORIENTED_EDGE('',*,*,#5003,.F.);
#3001=ORIENTED_EDGE('',*,*,#4999,.T.);
#3002=CARTESIAN_POINT('',(-5.465,5.6,4.2));
#3003=DIRECTION('',(0.0,-6.93889390390717E-15,-1.0));
#3004=DIRECTION('',(0.0,-1.0,6.93889390390717E-15));
#3005=ORIENTED_EDGE('',*,*,#5004,.T.);
#3006=ORIENTED_EDGE('',*,*,#5005,.F.);
#3007=ORIENTED_EDGE('',*,*,#5006,.F.);
#3008=ORIENTED_EDGE('',*,*,#5002,.T.);
#3009=CARTESIAN_POINT('',(-5.465,5.35,4.2));
#3010=DIRECTION('',(0.0,0.707106781186548,-0.707106781186548));
#3011=DIRECTION('',(-1.0,0.0,0.0));
#3012=ORIENTED_EDGE('',*,*,#4633,.F.);
#3013=ORIENTED_EDGE('',*,*,#5007,.T.);
#3014=ORIENTED_EDGE('',*,*,#4996,.T.);
#3015=ORIENTED_EDGE('',*,*,#5000,.T.);
#3016=ORIENTED_EDGE('',*,*,#5003,.T.);
#3017=ORIENTED_EDGE('',*,*,#5006,.T.);
#3018=ORIENTED_EDGE('',*,*,#5008,.T.);
#3019=ORIENTED_EDGE('',*,*,#4795,.F.);
#3020=CARTESIAN_POINT('',(-5.465,0.0,0.0));
#3021=DIRECTION('',(1.0,0.0,0.0));
#3022=DIRECTION('',(0.0,1.0,0.0));
#3023=ORIENTED_EDGE('',*,*,#5009,.F.);
#3024=ORIENTED_EDGE('',*,*,#4631,.T.);
#3025=ORIENTED_EDGE('',*,*,#4797,.T.);
#3026=ORIENTED_EDGE('',*,*,#5010,.F.);
#3027=ORIENTED_EDGE('',*,*,#5004,.F.);
#3028=ORIENTED_EDGE('',*,*,#5001,.F.);
#3029=ORIENTED_EDGE('',*,*,#4998,.F.);
#3030=ORIENTED_EDGE('',*,*,#4994,.F.);
#3031=CARTESIAN_POINT('',(-5.785,0.0,0.0));
#3032=DIRECTION('',(1.0,0.0,0.0));
#3033=DIRECTION('',(0.0,1.0,0.0));
#3034=ORIENTED_EDGE('',*,*,#5010,.T.);
#3035=ORIENTED_EDGE('',*,*,#4796,.T.);
#3036=ORIENTED_EDGE('',*,*,#5008,.F.);
#3037=ORIENTED_EDGE('',*,*,#5005,.T.);
#3038=CARTESIAN_POINT('',(-5.465,5.25,4.1));
#3039=DIRECTION('',(-0.0,1.0,0.0));
#3040=DIRECTION('',(1.0,0.0,0.0));
#3041=ORIENTED_EDGE('',*,*,#5009,.T.);
#3042=ORIENTED_EDGE('',*,*,#4997,.F.);
#3043=ORIENTED_EDGE('',*,*,#5007,.F.);
#3044=ORIENTED_EDGE('',*,*,#4632,.T.);
#3045=CARTESIAN_POINT('',(-5.465,5.4,3.3));
#3046=DIRECTION('',(0.0,-0.707106781186548,0.707106781186548));
#3047=DIRECTION('',(-1.0,0.0,0.0));
#3048=ORIENTED_EDGE('',*,*,#5011,.T.);
#3049=ORIENTED_EDGE('',*,*,#5012,.F.);
#3050=ORIENTED_EDGE('',*,*,#5013,.F.);
#3051=ORIENTED_EDGE('',*,*,#5014,.T.);
#3052=CARTESIAN_POINT('',(-4.215,5.7,3.6));
#3053=DIRECTION('',(0.0,-1.0,0.0));
#3054=DIRECTION('',(0.0,0.0,-1.0));
#3055=ORIENTED_EDGE('',*,*,#5015,.T.);
#3056=ORIENTED_EDGE('',*,*,#5016,.F.);
#3057=ORIENTED_EDGE('',*,*,#5017,.F.);
#3058=ORIENTED_EDGE('',*,*,#5012,.T.);
#3059=CARTESIAN_POINT('',(-4.215,5.7,4.1));
#3060=DIRECTION('',(0.0,-0.707106781186551,-0.707106781186545));
#3061=DIRECTION('',(0.0,0.707106781186545,-0.707106781186551));
#3062=ORIENTED_EDGE('',*,*,#5018,.T.);
#3063=ORIENTED_EDGE('',*,*,#5019,.F.);
#3064=ORIENTED_EDGE('',*,*,#5020,.F.);
#3065=ORIENTED_EDGE('',*,*,#5016,.T.);
#3066=CARTESIAN_POINT('',(-4.215,5.6,4.2));
#3067=DIRECTION('',(0.0,-6.93889390390717E-15,-1.0));
#3068=DIRECTION('',(0.0,-1.0,6.93889390390717E-15));
#3069=ORIENTED_EDGE('',*,*,#5021,.T.);
#3070=ORIENTED_EDGE('',*,*,#5022,.F.);
#3071=ORIENTED_EDGE('',*,*,#5023,.F.);
#3072=ORIENTED_EDGE('',*,*,#5019,.T.);
#3073=CARTESIAN_POINT('',(-4.215,5.35,4.2));
#3074=DIRECTION('',(0.0,0.707106781186548,-0.707106781186548));
#3075=DIRECTION('',(-1.0,0.0,0.0));
#3076=ORIENTED_EDGE('',*,*,#4637,.F.);
#3077=ORIENTED_EDGE('',*,*,#5024,.T.);
#3078=ORIENTED_EDGE('',*,*,#5013,.T.);
#3079=ORIENTED_EDGE('',*,*,#5017,.T.);
#3080=ORIENTED_EDGE('',*,*,#5020,.T.);
#3081=ORIENTED_EDGE('',*,*,#5023,.T.);
#3082=ORIENTED_EDGE('',*,*,#5025,.T.);
#3083=ORIENTED_EDGE('',*,*,#4792,.F.);
#3084=CARTESIAN_POINT('',(-4.215,0.0,0.0));
#3085=DIRECTION('',(1.0,0.0,0.0));
#3086=DIRECTION('',(0.0,1.0,0.0));
#3087=ORIENTED_EDGE('',*,*,#5026,.F.);
#3088=ORIENTED_EDGE('',*,*,#4635,.T.);
#3089=ORIENTED_EDGE('',*,*,#4794,.T.);
#3090=ORIENTED_EDGE('',*,*,#5027,.F.);
#3091=ORIENTED_EDGE('',*,*,#5021,.F.);
#3092=ORIENTED_EDGE('',*,*,#5018,.F.);
#3093=ORIENTED_EDGE('',*,*,#5015,.F.);
#3094=ORIENTED_EDGE('',*,*,#5011,.F.);
#3095=CARTESIAN_POINT('',(-4.535,0.0,0.0));
#3096=DIRECTION('',(1.0,0.0,0.0));
#3097=DIRECTION('',(0.0,1.0,0.0));
#3098=ORIENTED_EDGE('',*,*,#5027,.T.);
#3099=ORIENTED_EDGE('',*,*,#4793,.T.);
#3100=ORIENTED_EDGE('',*,*,#5025,.F.);
#3101=ORIENTED_EDGE('',*,*,#5022,.T.);
#3102=CARTESIAN_POINT('',(-4.215,5.25,4.1));
#3103=DIRECTION('',(-0.0,1.0,0.0));
#3104=DIRECTION('',(1.0,0.0,0.0));
#3105=ORIENTED_EDGE('',*,*,#5026,.T.);
#3106=ORIENTED_EDGE('',*,*,#5014,.F.);
#3107=ORIENTED_EDGE('',*,*,#5024,.F.);
#3108=ORIENTED_EDGE('',*,*,#4636,.T.);
#3109=CARTESIAN_POINT('',(-4.215,5.4,3.3));
#3110=DIRECTION('',(0.0,-0.707106781186548,0.707106781186548));
#3111=DIRECTION('',(-1.0,0.0,0.0));
#3112=ORIENTED_EDGE('',*,*,#5028,.T.);
#3113=ORIENTED_EDGE('',*,*,#5029,.F.);
#3114=ORIENTED_EDGE('',*,*,#5030,.F.);
#3115=ORIENTED_EDGE('',*,*,#5031,.T.);
#3116=CARTESIAN_POINT('',(-2.965,5.7,3.6));
#3117=DIRECTION('',(0.0,-1.0,0.0));
#3118=DIRECTION('',(0.0,0.0,-1.0));
#3119=ORIENTED_EDGE('',*,*,#5032,.T.);
#3120=ORIENTED_EDGE('',*,*,#5033,.F.);
#3121=ORIENTED_EDGE('',*,*,#5034,.F.);
#3122=ORIENTED_EDGE('',*,*,#5029,.T.);
#3123=CARTESIAN_POINT('',(-2.965,5.7,4.1));
#3124=DIRECTION('',(0.0,-0.707106781186551,-0.707106781186545));
#3125=DIRECTION('',(0.0,0.707106781186545,-0.707106781186551));
#3126=ORIENTED_EDGE('',*,*,#5035,.T.);
#3127=ORIENTED_EDGE('',*,*,#5036,.F.);
#3128=ORIENTED_EDGE('',*,*,#5037,.F.);
#3129=ORIENTED_EDGE('',*,*,#5033,.T.);
#3130=CARTESIAN_POINT('',(-2.965,5.6,4.2));
#3131=DIRECTION('',(0.0,-6.93889390390717E-15,-1.0));
#3132=DIRECTION('',(0.0,-1.0,6.93889390390717E-15));
#3133=ORIENTED_EDGE('',*,*,#5038,.T.);
#3134=ORIENTED_EDGE('',*,*,#5039,.F.);
#3135=ORIENTED_EDGE('',*,*,#5040,.F.);
#3136=ORIENTED_EDGE('',*,*,#5036,.T.);
#3137=CARTESIAN_POINT('',(-2.965,5.35,4.2));
#3138=DIRECTION('',(0.0,0.707106781186548,-0.707106781186548));
#3139=DIRECTION('',(-1.0,0.0,0.0));
#3140=ORIENTED_EDGE('',*,*,#4641,.F.);
#3141=ORIENTED_EDGE('',*,*,#5041,.T.);
#3142=ORIENTED_EDGE('',*,*,#5030,.T.);
#3143=ORIENTED_EDGE('',*,*,#5034,.T.);
#3144=ORIENTED_EDGE('',*,*,#5037,.T.);
#3145=ORIENTED_EDGE('',*,*,#5040,.T.);
#3146=ORIENTED_EDGE('',*,*,#5042,.T.);
#3147=ORIENTED_EDGE('',*,*,#4789,.F.);
#3148=CARTESIAN_POINT('',(-2.965,0.0,0.0));
#3149=DIRECTION('',(1.0,0.0,0.0));
#3150=DIRECTION('',(0.0,1.0,0.0));
#3151=ORIENTED_EDGE('',*,*,#5043,.F.);
#3152=ORIENTED_EDGE('',*,*,#4639,.T.);
#3153=ORIENTED_EDGE('',*,*,#4791,.T.);
#3154=ORIENTED_EDGE('',*,*,#5044,.F.);
#3155=ORIENTED_EDGE('',*,*,#5038,.F.);
#3156=ORIENTED_EDGE('',*,*,#5035,.F.);
#3157=ORIENTED_EDGE('',*,*,#5032,.F.);
#3158=ORIENTED_EDGE('',*,*,#5028,.F.);
#3159=CARTESIAN_POINT('',(-3.285,0.0,0.0));
#3160=DIRECTION('',(1.0,0.0,0.0));
#3161=DIRECTION('',(0.0,1.0,0.0));
#3162=ORIENTED_EDGE('',*,*,#5044,.T.);
#3163=ORIENTED_EDGE('',*,*,#4790,.T.);
#3164=ORIENTED_EDGE('',*,*,#5042,.F.);
#3165=ORIENTED_EDGE('',*,*,#5039,.T.);
#3166=CARTESIAN_POINT('',(-2.965,5.25,4.1));
#3167=DIRECTION('',(-0.0,1.0,0.0));
#3168=DIRECTION('',(1.0,0.0,0.0));
#3169=ORIENTED_EDGE('',*,*,#5043,.T.);
#3170=ORIENTED_EDGE('',*,*,#5031,.F.);
#3171=ORIENTED_EDGE('',*,*,#5041,.F.);
#3172=ORIENTED_EDGE('',*,*,#4640,.T.);
#3173=CARTESIAN_POINT('',(-2.965,5.4,3.3));
#3174=DIRECTION('',(0.0,-0.707106781186548,0.707106781186548));
#3175=DIRECTION('',(-1.0,0.0,0.0));
#3176=ORIENTED_EDGE('',*,*,#5045,.T.);
#3177=ORIENTED_EDGE('',*,*,#5046,.F.);
#3178=ORIENTED_EDGE('',*,*,#5047,.F.);
#3179=ORIENTED_EDGE('',*,*,#5048,.T.);
#3180=CARTESIAN_POINT('',(-1.715,5.7,3.6));
#3181=DIRECTION('',(0.0,-1.0,0.0));
#3182=DIRECTION('',(0.0,0.0,-1.0));
#3183=ORIENTED_EDGE('',*,*,#5049,.T.);
#3184=ORIENTED_EDGE('',*,*,#5050,.F.);
#3185=ORIENTED_EDGE('',*,*,#5051,.F.);
#3186=ORIENTED_EDGE('',*,*,#5046,.T.);
#3187=CARTESIAN_POINT('',(-1.715,5.7,4.1));
#3188=DIRECTION('',(0.0,-0.707106781186551,-0.707106781186545));
#3189=DIRECTION('',(0.0,0.707106781186545,-0.707106781186551));
#3190=ORIENTED_EDGE('',*,*,#5052,.T.);
#3191=ORIENTED_EDGE('',*,*,#5053,.F.);
#3192=ORIENTED_EDGE('',*,*,#5054,.F.);
#3193=ORIENTED_EDGE('',*,*,#5050,.T.);
#3194=CARTESIAN_POINT('',(-1.715,5.6,4.2));
#3195=DIRECTION('',(0.0,-6.93889390390717E-15,-1.0));
#3196=DIRECTION('',(0.0,-1.0,6.93889390390717E-15));
#3197=ORIENTED_EDGE('',*,*,#5055,.T.);
#3198=ORIENTED_EDGE('',*,*,#5056,.F.);
#3199=ORIENTED_EDGE('',*,*,#5057,.F.);
#3200=ORIENTED_EDGE('',*,*,#5053,.T.);
#3201=CARTESIAN_POINT('',(-1.715,5.35,4.2));
#3202=DIRECTION('',(0.0,0.707106781186548,-0.707106781186548));
#3203=DIRECTION('',(-1.0,0.0,0.0));
#3204=ORIENTED_EDGE('',*,*,#4645,.F.);
#3205=ORIENTED_EDGE('',*,*,#5058,.T.);
#3206=ORIENTED_EDGE('',*,*,#5047,.T.);
#3207=ORIENTED_EDGE('',*,*,#5051,.T.);
#3208=ORIENTED_EDGE('',*,*,#5054,.T.);
#3209=ORIENTED_EDGE('',*,*,#5057,.T.);
#3210=ORIENTED_EDGE('',*,*,#5059,.T.);
#3211=ORIENTED_EDGE('',*,*,#4786,.F.);
#3212=CARTESIAN_POINT('',(-1.715,0.0,0.0));
#3213=DIRECTION('',(1.0,0.0,0.0));
#3214=DIRECTION('',(0.0,1.0,0.0));
#3215=ORIENTED_EDGE('',*,*,#5060,.F.);
#3216=ORIENTED_EDGE('',*,*,#4643,.T.);
#3217=ORIENTED_EDGE('',*,*,#4788,.T.);
#3218=ORIENTED_EDGE('',*,*,#5061,.F.);
#3219=ORIENTED_EDGE('',*,*,#5055,.F.);
#3220=ORIENTED_EDGE('',*,*,#5052,.F.);
#3221=ORIENTED_EDGE('',*,*,#5049,.F.);
#3222=ORIENTED_EDGE('',*,*,#5045,.F.);
#3223=CARTESIAN_POINT('',(-2.035,0.0,0.0));
#3224=DIRECTION('',(1.0,0.0,0.0));
#3225=DIRECTION('',(0.0,1.0,0.0));
#3226=ORIENTED_EDGE('',*,*,#5061,.T.);
#3227=ORIENTED_EDGE('',*,*,#4787,.T.);
#3228=ORIENTED_EDGE('',*,*,#5059,.F.);
#3229=ORIENTED_EDGE('',*,*,#5056,.T.);
#3230=CARTESIAN_POINT('',(-1.715,5.25,4.1));
#3231=DIRECTION('',(-0.0,1.0,0.0));
#3232=DIRECTION('',(1.0,0.0,0.0));
#3233=ORIENTED_EDGE('',*,*,#5060,.T.);
#3234=ORIENTED_EDGE('',*,*,#5048,.F.);
#3235=ORIENTED_EDGE('',*,*,#5058,.F.);
#3236=ORIENTED_EDGE('',*,*,#4644,.T.);
#3237=CARTESIAN_POINT('',(-1.715,5.4,3.3));
#3238=DIRECTION('',(0.0,-0.707106781186548,0.707106781186548));
#3239=DIRECTION('',(-1.0,0.0,0.0));
#3240=ORIENTED_EDGE('',*,*,#5062,.T.);
#3241=ORIENTED_EDGE('',*,*,#5063,.F.);
#3242=ORIENTED_EDGE('',*,*,#5064,.F.);
#3243=ORIENTED_EDGE('',*,*,#5065,.T.);
#3244=CARTESIAN_POINT('',(-0.465,5.7,3.6));
#3245=DIRECTION('',(0.0,-1.0,0.0));
#3246=DIRECTION('',(0.0,0.0,-1.0));
#3247=ORIENTED_EDGE('',*,*,#5066,.T.);
#3248=ORIENTED_EDGE('',*,*,#5067,.F.);
#3249=ORIENTED_EDGE('',*,*,#5068,.F.);
#3250=ORIENTED_EDGE('',*,*,#5063,.T.);
#3251=CARTESIAN_POINT('',(-0.465,5.7,4.1));
#3252=DIRECTION('',(0.0,-0.707106781186551,-0.707106781186545));
#3253=DIRECTION('',(0.0,0.707106781186545,-0.707106781186551));
#3254=ORIENTED_EDGE('',*,*,#5069,.T.);
#3255=ORIENTED_EDGE('',*,*,#5070,.F.);
#3256=ORIENTED_EDGE('',*,*,#5071,.F.);
#3257=ORIENTED_EDGE('',*,*,#5067,.T.);
#3258=CARTESIAN_POINT('',(-0.465,5.6,4.2));
#3259=DIRECTION('',(0.0,-6.93889390390717E-15,-1.0));
#3260=DIRECTION('',(0.0,-1.0,6.93889390390717E-15));
#3261=ORIENTED_EDGE('',*,*,#5072,.T.);
#3262=ORIENTED_EDGE('',*,*,#5073,.F.);
#3263=ORIENTED_EDGE('',*,*,#5074,.F.);
#3264=ORIENTED_EDGE('',*,*,#5070,.T.);
#3265=CARTESIAN_POINT('',(-0.465,5.35,4.2));
#3266=DIRECTION('',(0.0,0.707106781186548,-0.707106781186548));
#3267=DIRECTION('',(-1.0,0.0,0.0));
#3268=ORIENTED_EDGE('',*,*,#4649,.F.);
#3269=ORIENTED_EDGE('',*,*,#5075,.T.);
#3270=ORIENTED_EDGE('',*,*,#5064,.T.);
#3271=ORIENTED_EDGE('',*,*,#5068,.T.);
#3272=ORIENTED_EDGE('',*,*,#5071,.T.);
#3273=ORIENTED_EDGE('',*,*,#5074,.T.);
#3274=ORIENTED_EDGE('',*,*,#5076,.T.);
#3275=ORIENTED_EDGE('',*,*,#4783,.F.);
#3276=CARTESIAN_POINT('',(-0.465,0.0,0.0));
#3277=DIRECTION('',(1.0,0.0,0.0));
#3278=DIRECTION('',(0.0,1.0,0.0));
#3279=ORIENTED_EDGE('',*,*,#5077,.F.);
#3280=ORIENTED_EDGE('',*,*,#4647,.T.);
#3281=ORIENTED_EDGE('',*,*,#4785,.T.);
#3282=ORIENTED_EDGE('',*,*,#5078,.F.);
#3283=ORIENTED_EDGE('',*,*,#5072,.F.);
#3284=ORIENTED_EDGE('',*,*,#5069,.F.);
#3285=ORIENTED_EDGE('',*,*,#5066,.F.);
#3286=ORIENTED_EDGE('',*,*,#5062,.F.);
#3287=CARTESIAN_POINT('',(-0.785000000000001,0.0,0.0));
#3288=DIRECTION('',(1.0,0.0,0.0));
#3289=DIRECTION('',(0.0,1.0,0.0));
#3290=ORIENTED_EDGE('',*,*,#5078,.T.);
#3291=ORIENTED_EDGE('',*,*,#4784,.T.);
#3292=ORIENTED_EDGE('',*,*,#5076,.F.);
#3293=ORIENTED_EDGE('',*,*,#5073,.T.);
#3294=CARTESIAN_POINT('',(-0.465,5.25,4.1));
#3295=DIRECTION('',(-0.0,1.0,0.0));
#3296=DIRECTION('',(1.0,0.0,0.0));
#3297=ORIENTED_EDGE('',*,*,#5077,.T.);
#3298=ORIENTED_EDGE('',*,*,#5065,.F.);
#3299=ORIENTED_EDGE('',*,*,#5075,.F.);
#3300=ORIENTED_EDGE('',*,*,#4648,.T.);
#3301=CARTESIAN_POINT('',(-0.465,5.4,3.3));
#3302=DIRECTION('',(0.0,-0.707106781186548,0.707106781186548));
#3303=DIRECTION('',(-1.0,0.0,0.0));
#3304=ORIENTED_EDGE('',*,*,#5079,.T.);
#3305=ORIENTED_EDGE('',*,*,#5080,.F.);
#3306=ORIENTED_EDGE('',*,*,#5081,.F.);
#3307=ORIENTED_EDGE('',*,*,#5082,.T.);
#3308=CARTESIAN_POINT('',(0.785000000000001,5.7,3.6));
#3309=DIRECTION('',(0.0,-1.0,0.0));
#3310=DIRECTION('',(0.0,0.0,-1.0));
#3311=ORIENTED_EDGE('',*,*,#5083,.T.);
#3312=ORIENTED_EDGE('',*,*,#5084,.F.);
#3313=ORIENTED_EDGE('',*,*,#5085,.F.);
#3314=ORIENTED_EDGE('',*,*,#5080,.T.);
#3315=CARTESIAN_POINT('',(0.785000000000001,5.7,4.1));
#3316=DIRECTION('',(0.0,-0.707106781186551,-0.707106781186545));
#3317=DIRECTION('',(0.0,0.707106781186545,-0.707106781186551));
#3318=ORIENTED_EDGE('',*,*,#5086,.T.);
#3319=ORIENTED_EDGE('',*,*,#5087,.F.);
#3320=ORIENTED_EDGE('',*,*,#5088,.F.);
#3321=ORIENTED_EDGE('',*,*,#5084,.T.);
#3322=CARTESIAN_POINT('',(0.785000000000001,5.6,4.2));
#3323=DIRECTION('',(0.0,-6.93889390390717E-15,-1.0));
#3324=DIRECTION('',(0.0,-1.0,6.93889390390717E-15));
#3325=ORIENTED_EDGE('',*,*,#5089,.T.);
#3326=ORIENTED_EDGE('',*,*,#5090,.F.);
#3327=ORIENTED_EDGE('',*,*,#5091,.F.);
#3328=ORIENTED_EDGE('',*,*,#5087,.T.);
#3329=CARTESIAN_POINT('',(0.785000000000001,5.35,4.2));
#3330=DIRECTION('',(0.0,0.707106781186548,-0.707106781186548));
#3331=DIRECTION('',(-1.0,0.0,0.0));
#3332=ORIENTED_EDGE('',*,*,#4653,.F.);
#3333=ORIENTED_EDGE('',*,*,#5092,.T.);
#3334=ORIENTED_EDGE('',*,*,#5081,.T.);
#3335=ORIENTED_EDGE('',*,*,#5085,.T.);
#3336=ORIENTED_EDGE('',*,*,#5088,.T.);
#3337=ORIENTED_EDGE('',*,*,#5091,.T.);
#3338=ORIENTED_EDGE('',*,*,#5093,.T.);
#3339=ORIENTED_EDGE('',*,*,#4780,.F.);
#3340=CARTESIAN_POINT('',(0.785000000000001,0.0,0.0));
#3341=DIRECTION('',(1.0,0.0,0.0));
#3342=DIRECTION('',(0.0,1.0,0.0));
#3343=ORIENTED_EDGE('',*,*,#5094,.F.);
#3344=ORIENTED_EDGE('',*,*,#4651,.T.);
#3345=ORIENTED_EDGE('',*,*,#4782,.T.);
#3346=ORIENTED_EDGE('',*,*,#5095,.F.);
#3347=ORIENTED_EDGE('',*,*,#5089,.F.);
#3348=ORIENTED_EDGE('',*,*,#5086,.F.);
#3349=ORIENTED_EDGE('',*,*,#5083,.F.);
#3350=ORIENTED_EDGE('',*,*,#5079,.F.);
#3351=CARTESIAN_POINT('',(0.465,0.0,0.0));
#3352=DIRECTION('',(1.0,0.0,0.0));
#3353=DIRECTION('',(0.0,1.0,0.0));
#3354=ORIENTED_EDGE('',*,*,#5095,.T.);
#3355=ORIENTED_EDGE('',*,*,#4781,.T.);
#3356=ORIENTED_EDGE('',*,*,#5093,.F.);
#3357=ORIENTED_EDGE('',*,*,#5090,.T.);
#3358=CARTESIAN_POINT('',(0.785000000000001,5.25,4.1));
#3359=DIRECTION('',(-0.0,1.0,0.0));
#3360=DIRECTION('',(1.0,0.0,0.0));
#3361=ORIENTED_EDGE('',*,*,#5094,.T.);
#3362=ORIENTED_EDGE('',*,*,#5082,.F.);
#3363=ORIENTED_EDGE('',*,*,#5092,.F.);
#3364=ORIENTED_EDGE('',*,*,#4652,.T.);
#3365=CARTESIAN_POINT('',(0.785000000000001,5.4,3.3));
#3366=DIRECTION('',(0.0,-0.707106781186548,0.707106781186548));
#3367=DIRECTION('',(-1.0,0.0,0.0));
#3368=ORIENTED_EDGE('',*,*,#5096,.T.);
#3369=ORIENTED_EDGE('',*,*,#5097,.F.);
#3370=ORIENTED_EDGE('',*,*,#5098,.F.);
#3371=ORIENTED_EDGE('',*,*,#5099,.T.);
#3372=CARTESIAN_POINT('',(2.035,5.7,3.6));
#3373=DIRECTION('',(0.0,-1.0,0.0));
#3374=DIRECTION('',(0.0,0.0,-1.0));
#3375=ORIENTED_EDGE('',*,*,#5100,.T.);
#3376=ORIENTED_EDGE('',*,*,#5101,.F.);
#3377=ORIENTED_EDGE('',*,*,#5102,.F.);
#3378=ORIENTED_EDGE('',*,*,#5097,.T.);
#3379=CARTESIAN_POINT('',(2.035,5.7,4.1));
#3380=DIRECTION('',(0.0,-0.707106781186551,-0.707106781186545));
#3381=DIRECTION('',(0.0,0.707106781186545,-0.707106781186551));
#3382=ORIENTED_EDGE('',*,*,#5103,.T.);
#3383=ORIENTED_EDGE('',*,*,#5104,.F.);
#3384=ORIENTED_EDGE('',*,*,#5105,.F.);
#3385=ORIENTED_EDGE('',*,*,#5101,.T.);
#3386=CARTESIAN_POINT('',(2.035,5.6,4.2));
#3387=DIRECTION('',(0.0,-6.93889390390717E-15,-1.0));
#3388=DIRECTION('',(0.0,-1.0,6.93889390390717E-15));
#3389=ORIENTED_EDGE('',*,*,#5106,.T.);
#3390=ORIENTED_EDGE('',*,*,#5107,.F.);
#3391=ORIENTED_EDGE('',*,*,#5108,.F.);
#3392=ORIENTED_EDGE('',*,*,#5104,.T.);
#3393=CARTESIAN_POINT('',(2.035,5.35,4.2));
#3394=DIRECTION('',(0.0,0.707106781186548,-0.707106781186548));
#3395=DIRECTION('',(-1.0,0.0,0.0));
#3396=ORIENTED_EDGE('',*,*,#4657,.F.);
#3397=ORIENTED_EDGE('',*,*,#5109,.T.);
#3398=ORIENTED_EDGE('',*,*,#5098,.T.);
#3399=ORIENTED_EDGE('',*,*,#5102,.T.);
#3400=ORIENTED_EDGE('',*,*,#5105,.T.);
#3401=ORIENTED_EDGE('',*,*,#5108,.T.);
#3402=ORIENTED_EDGE('',*,*,#5110,.T.);
#3403=ORIENTED_EDGE('',*,*,#4777,.F.);
#3404=CARTESIAN_POINT('',(2.035,0.0,0.0));
#3405=DIRECTION('',(1.0,0.0,0.0));
#3406=DIRECTION('',(0.0,1.0,0.0));
#3407=ORIENTED_EDGE('',*,*,#5111,.F.);
#3408=ORIENTED_EDGE('',*,*,#4655,.T.);
#3409=ORIENTED_EDGE('',*,*,#4779,.T.);
#3410=ORIENTED_EDGE('',*,*,#5112,.F.);
#3411=ORIENTED_EDGE('',*,*,#5106,.F.);
#3412=ORIENTED_EDGE('',*,*,#5103,.F.);
#3413=ORIENTED_EDGE('',*,*,#5100,.F.);
#3414=ORIENTED_EDGE('',*,*,#5096,.F.);
#3415=CARTESIAN_POINT('',(1.715,0.0,0.0));
#3416=DIRECTION('',(1.0,0.0,0.0));
#3417=DIRECTION('',(0.0,1.0,0.0));
#3418=ORIENTED_EDGE('',*,*,#5112,.T.);
#3419=ORIENTED_EDGE('',*,*,#4778,.T.);
#3420=ORIENTED_EDGE('',*,*,#5110,.F.);
#3421=ORIENTED_EDGE('',*,*,#5107,.T.);
#3422=CARTESIAN_POINT('',(2.035,5.25,4.1));
#3423=DIRECTION('',(-0.0,1.0,0.0));
#3424=DIRECTION('',(1.0,0.0,0.0));
#3425=ORIENTED_EDGE('',*,*,#5111,.T.);
#3426=ORIENTED_EDGE('',*,*,#5099,.F.);
#3427=ORIENTED_EDGE('',*,*,#5109,.F.);
#3428=ORIENTED_EDGE('',*,*,#4656,.T.);
#3429=CARTESIAN_POINT('',(2.035,5.4,3.3));
#3430=DIRECTION('',(0.0,-0.707106781186548,0.707106781186548));
#3431=DIRECTION('',(-1.0,0.0,0.0));
#3432=ORIENTED_EDGE('',*,*,#5113,.T.);
#3433=ORIENTED_EDGE('',*,*,#5114,.F.);
#3434=ORIENTED_EDGE('',*,*,#5115,.F.);
#3435=ORIENTED_EDGE('',*,*,#5116,.T.);
#3436=CARTESIAN_POINT('',(3.285,5.7,3.6));
#3437=DIRECTION('',(0.0,-1.0,0.0));
#3438=DIRECTION('',(0.0,0.0,-1.0));
#3439=ORIENTED_EDGE('',*,*,#5117,.T.);
#3440=ORIENTED_EDGE('',*,*,#5118,.F.);
#3441=ORIENTED_EDGE('',*,*,#5119,.F.);
#3442=ORIENTED_EDGE('',*,*,#5114,.T.);
#3443=CARTESIAN_POINT('',(3.285,5.7,4.1));
#3444=DIRECTION('',(0.0,-0.707106781186551,-0.707106781186545));
#3445=DIRECTION('',(0.0,0.707106781186545,-0.707106781186551));
#3446=ORIENTED_EDGE('',*,*,#5120,.T.);
#3447=ORIENTED_EDGE('',*,*,#5121,.F.);
#3448=ORIENTED_EDGE('',*,*,#5122,.F.);
#3449=ORIENTED_EDGE('',*,*,#5118,.T.);
#3450=CARTESIAN_POINT('',(3.285,5.6,4.2));
#3451=DIRECTION('',(0.0,-6.93889390390717E-15,-1.0));
#3452=DIRECTION('',(0.0,-1.0,6.93889390390717E-15));
#3453=ORIENTED_EDGE('',*,*,#5123,.T.);
#3454=ORIENTED_EDGE('',*,*,#5124,.F.);
#3455=ORIENTED_EDGE('',*,*,#5125,.F.);
#3456=ORIENTED_EDGE('',*,*,#5121,.T.);
#3457=CARTESIAN_POINT('',(3.285,5.35,4.2));
#3458=DIRECTION('',(0.0,0.707106781186548,-0.707106781186548));
#3459=DIRECTION('',(-1.0,0.0,0.0));
#3460=ORIENTED_EDGE('',*,*,#4661,.F.);
#3461=ORIENTED_EDGE('',*,*,#5126,.T.);
#3462=ORIENTED_EDGE('',*,*,#5115,.T.);
#3463=ORIENTED_EDGE('',*,*,#5119,.T.);
#3464=ORIENTED_EDGE('',*,*,#5122,.T.);
#3465=ORIENTED_EDGE('',*,*,#5125,.T.);
#3466=ORIENTED_EDGE('',*,*,#5127,.T.);
#3467=ORIENTED_EDGE('',*,*,#4774,.F.);
#3468=CARTESIAN_POINT('',(3.285,0.0,0.0));
#3469=DIRECTION('',(1.0,0.0,0.0));
#3470=DIRECTION('',(0.0,1.0,0.0));
#3471=ORIENTED_EDGE('',*,*,#5128,.F.);
#3472=ORIENTED_EDGE('',*,*,#4659,.T.);
#3473=ORIENTED_EDGE('',*,*,#4776,.T.);
#3474=ORIENTED_EDGE('',*,*,#5129,.F.);
#3475=ORIENTED_EDGE('',*,*,#5123,.F.);
#3476=ORIENTED_EDGE('',*,*,#5120,.F.);
#3477=ORIENTED_EDGE('',*,*,#5117,.F.);
#3478=ORIENTED_EDGE('',*,*,#5113,.F.);
#3479=CARTESIAN_POINT('',(2.965,0.0,0.0));
#3480=DIRECTION('',(1.0,0.0,0.0));
#3481=DIRECTION('',(0.0,1.0,0.0));
#3482=ORIENTED_EDGE('',*,*,#5129,.T.);
#3483=ORIENTED_EDGE('',*,*,#4775,.T.);
#3484=ORIENTED_EDGE('',*,*,#5127,.F.);
#3485=ORIENTED_EDGE('',*,*,#5124,.T.);
#3486=CARTESIAN_POINT('',(3.285,5.25,4.1));
#3487=DIRECTION('',(-0.0,1.0,0.0));
#3488=DIRECTION('',(1.0,0.0,0.0));
#3489=ORIENTED_EDGE('',*,*,#5128,.T.);
#3490=ORIENTED_EDGE('',*,*,#5116,.F.);
#3491=ORIENTED_EDGE('',*,*,#5126,.F.);
#3492=ORIENTED_EDGE('',*,*,#4660,.T.);
#3493=CARTESIAN_POINT('',(3.285,5.4,3.3));
#3494=DIRECTION('',(0.0,-0.707106781186548,0.707106781186548));
#3495=DIRECTION('',(-1.0,0.0,0.0));
#3496=ORIENTED_EDGE('',*,*,#5130,.T.);
#3497=ORIENTED_EDGE('',*,*,#5131,.F.);
#3498=ORIENTED_EDGE('',*,*,#5132,.F.);
#3499=ORIENTED_EDGE('',*,*,#5133,.T.);
#3500=CARTESIAN_POINT('',(4.535,5.7,3.6));
#3501=DIRECTION('',(0.0,-1.0,0.0));
#3502=DIRECTION('',(0.0,0.0,-1.0));
#3503=ORIENTED_EDGE('',*,*,#5134,.T.);
#3504=ORIENTED_EDGE('',*,*,#5135,.F.);
#3505=ORIENTED_EDGE('',*,*,#5136,.F.);
#3506=ORIENTED_EDGE('',*,*,#5131,.T.);
#3507=CARTESIAN_POINT('',(4.535,5.7,4.1));
#3508=DIRECTION('',(0.0,-0.707106781186551,-0.707106781186545));
#3509=DIRECTION('',(0.0,0.707106781186545,-0.707106781186551));
#3510=ORIENTED_EDGE('',*,*,#5137,.T.);
#3511=ORIENTED_EDGE('',*,*,#5138,.F.);
#3512=ORIENTED_EDGE('',*,*,#5139,.F.);
#3513=ORIENTED_EDGE('',*,*,#5135,.T.);
#3514=CARTESIAN_POINT('',(4.535,5.6,4.2));
#3515=DIRECTION('',(0.0,-6.93889390390717E-15,-1.0));
#3516=DIRECTION('',(0.0,-1.0,6.93889390390717E-15));
#3517=ORIENTED_EDGE('',*,*,#5140,.T.);
#3518=ORIENTED_EDGE('',*,*,#5141,.F.);
#3519=ORIENTED_EDGE('',*,*,#5142,.F.);
#3520=ORIENTED_EDGE('',*,*,#5138,.T.);
#3521=CARTESIAN_POINT('',(4.535,5.35,4.2));
#3522=DIRECTION('',(0.0,0.707106781186548,-0.707106781186548));
#3523=DIRECTION('',(-1.0,0.0,0.0));
#3524=ORIENTED_EDGE('',*,*,#4665,.F.);
#3525=ORIENTED_EDGE('',*,*,#5143,.T.);
#3526=ORIENTED_EDGE('',*,*,#5132,.T.);
#3527=ORIENTED_EDGE('',*,*,#5136,.T.);
#3528=ORIENTED_EDGE('',*,*,#5139,.T.);
#3529=ORIENTED_EDGE('',*,*,#5142,.T.);
#3530=ORIENTED_EDGE('',*,*,#5144,.T.);
#3531=ORIENTED_EDGE('',*,*,#4771,.F.);
#3532=CARTESIAN_POINT('',(4.535,0.0,0.0));
#3533=DIRECTION('',(1.0,0.0,0.0));
#3534=DIRECTION('',(0.0,1.0,0.0));
#3535=ORIENTED_EDGE('',*,*,#5145,.F.);
#3536=ORIENTED_EDGE('',*,*,#4663,.T.);
#3537=ORIENTED_EDGE('',*,*,#4773,.T.);
#3538=ORIENTED_EDGE('',*,*,#5146,.F.);
#3539=ORIENTED_EDGE('',*,*,#5140,.F.);
#3540=ORIENTED_EDGE('',*,*,#5137,.F.);
#3541=ORIENTED_EDGE('',*,*,#5134,.F.);
#3542=ORIENTED_EDGE('',*,*,#5130,.F.);
#3543=CARTESIAN_POINT('',(4.215,0.0,0.0));
#3544=DIRECTION('',(1.0,0.0,0.0));
#3545=DIRECTION('',(0.0,1.0,0.0));
#3546=ORIENTED_EDGE('',*,*,#5146,.T.);
#3547=ORIENTED_EDGE('',*,*,#4772,.T.);
#3548=ORIENTED_EDGE('',*,*,#5144,.F.);
#3549=ORIENTED_EDGE('',*,*,#5141,.T.);
#3550=CARTESIAN_POINT('',(4.535,5.25,4.1));
#3551=DIRECTION('',(-0.0,1.0,0.0));
#3552=DIRECTION('',(1.0,0.0,0.0));
#3553=ORIENTED_EDGE('',*,*,#5145,.T.);
#3554=ORIENTED_EDGE('',*,*,#5133,.F.);
#3555=ORIENTED_EDGE('',*,*,#5143,.F.);
#3556=ORIENTED_EDGE('',*,*,#4664,.T.);
#3557=CARTESIAN_POINT('',(4.535,5.4,3.3));
#3558=DIRECTION('',(0.0,-0.707106781186548,0.707106781186548));
#3559=DIRECTION('',(-1.0,0.0,0.0));
#3560=ORIENTED_EDGE('',*,*,#5147,.T.);
#3561=ORIENTED_EDGE('',*,*,#5148,.F.);
#3562=ORIENTED_EDGE('',*,*,#5149,.F.);
#3563=ORIENTED_EDGE('',*,*,#5150,.T.);
#3564=CARTESIAN_POINT('',(5.785,5.7,3.6));
#3565=DIRECTION('',(0.0,-1.0,0.0));
#3566=DIRECTION('',(0.0,0.0,-1.0));
#3567=ORIENTED_EDGE('',*,*,#5151,.T.);
#3568=ORIENTED_EDGE('',*,*,#5152,.F.);
#3569=ORIENTED_EDGE('',*,*,#5153,.F.);
#3570=ORIENTED_EDGE('',*,*,#5148,.T.);
#3571=CARTESIAN_POINT('',(5.785,5.7,4.1));
#3572=DIRECTION('',(0.0,-0.707106781186551,-0.707106781186545));
#3573=DIRECTION('',(0.0,0.707106781186545,-0.707106781186551));
#3574=ORIENTED_EDGE('',*,*,#5154,.T.);
#3575=ORIENTED_EDGE('',*,*,#5155,.F.);
#3576=ORIENTED_EDGE('',*,*,#5156,.F.);
#3577=ORIENTED_EDGE('',*,*,#5152,.T.);
#3578=CARTESIAN_POINT('',(5.785,5.6,4.2));
#3579=DIRECTION('',(0.0,-6.93889390390717E-15,-1.0));
#3580=DIRECTION('',(0.0,-1.0,6.93889390390717E-15));
#3581=ORIENTED_EDGE('',*,*,#5157,.T.);
#3582=ORIENTED_EDGE('',*,*,#5158,.F.);
#3583=ORIENTED_EDGE('',*,*,#5159,.F.);
#3584=ORIENTED_EDGE('',*,*,#5155,.T.);
#3585=CARTESIAN_POINT('',(5.785,5.35,4.2));
#3586=DIRECTION('',(0.0,0.707106781186548,-0.707106781186548));
#3587=DIRECTION('',(-1.0,0.0,0.0));
#3588=ORIENTED_EDGE('',*,*,#4669,.F.);
#3589=ORIENTED_EDGE('',*,*,#5160,.T.);
#3590=ORIENTED_EDGE('',*,*,#5149,.T.);
#3591=ORIENTED_EDGE('',*,*,#5153,.T.);
#3592=ORIENTED_EDGE('',*,*,#5156,.T.);
#3593=ORIENTED_EDGE('',*,*,#5159,.T.);
#3594=ORIENTED_EDGE('',*,*,#5161,.T.);
#3595=ORIENTED_EDGE('',*,*,#4768,.F.);
#3596=CARTESIAN_POINT('',(5.785,0.0,0.0));
#3597=DIRECTION('',(1.0,0.0,0.0));
#3598=DIRECTION('',(0.0,1.0,0.0));
#3599=ORIENTED_EDGE('',*,*,#5162,.F.);
#3600=ORIENTED_EDGE('',*,*,#4667,.T.);
#3601=ORIENTED_EDGE('',*,*,#4770,.T.);
#3602=ORIENTED_EDGE('',*,*,#5163,.F.);
#3603=ORIENTED_EDGE('',*,*,#5157,.F.);
#3604=ORIENTED_EDGE('',*,*,#5154,.F.);
#3605=ORIENTED_EDGE('',*,*,#5151,.F.);
#3606=ORIENTED_EDGE('',*,*,#5147,.F.);
#3607=CARTESIAN_POINT('',(5.465,0.0,0.0));
#3608=DIRECTION('',(1.0,0.0,0.0));
#3609=DIRECTION('',(0.0,1.0,0.0));
#3610=ORIENTED_EDGE('',*,*,#5163,.T.);
#3611=ORIENTED_EDGE('',*,*,#4769,.T.);
#3612=ORIENTED_EDGE('',*,*,#5161,.F.);
#3613=ORIENTED_EDGE('',*,*,#5158,.T.);
#3614=CARTESIAN_POINT('',(5.785,5.25,4.1));
#3615=DIRECTION('',(-0.0,1.0,0.0));
#3616=DIRECTION('',(1.0,0.0,0.0));
#3617=ORIENTED_EDGE('',*,*,#5162,.T.);
#3618=ORIENTED_EDGE('',*,*,#5150,.F.);
#3619=ORIENTED_EDGE('',*,*,#5160,.F.);
#3620=ORIENTED_EDGE('',*,*,#4668,.T.);
#3621=CARTESIAN_POINT('',(5.785,5.4,3.3));
#3622=DIRECTION('',(0.0,-0.707106781186548,0.707106781186548));
#3623=DIRECTION('',(-1.0,0.0,0.0));
#3624=ORIENTED_EDGE('',*,*,#5164,.T.);
#3625=ORIENTED_EDGE('',*,*,#5165,.F.);
#3626=ORIENTED_EDGE('',*,*,#5166,.F.);
#3627=ORIENTED_EDGE('',*,*,#5167,.T.);
#3628=CARTESIAN_POINT('',(7.035,5.7,3.6));
#3629=DIRECTION('',(0.0,-1.0,0.0));
#3630=DIRECTION('',(0.0,0.0,-1.0));
#3631=ORIENTED_EDGE('',*,*,#5168,.T.);
#3632=ORIENTED_EDGE('',*,*,#5169,.F.);
#3633=ORIENTED_EDGE('',*,*,#5170,.F.);
#3634=ORIENTED_EDGE('',*,*,#5165,.T.);
#3635=CARTESIAN_POINT('',(7.035,5.7,4.1));
#3636=DIRECTION('',(0.0,-0.707106781186551,-0.707106781186545));
#3637=DIRECTION('',(0.0,0.707106781186545,-0.707106781186551));
#3638=ORIENTED_EDGE('',*,*,#5171,.T.);
#3639=ORIENTED_EDGE('',*,*,#5172,.F.);
#3640=ORIENTED_EDGE('',*,*,#5173,.F.);
#3641=ORIENTED_EDGE('',*,*,#5169,.T.);
#3642=CARTESIAN_POINT('',(7.035,5.6,4.2));
#3643=DIRECTION('',(0.0,-6.93889390390717E-15,-1.0));
#3644=DIRECTION('',(0.0,-1.0,6.93889390390717E-15));
#3645=ORIENTED_EDGE('',*,*,#5174,.T.);
#3646=ORIENTED_EDGE('',*,*,#5175,.F.);
#3647=ORIENTED_EDGE('',*,*,#5176,.F.);
#3648=ORIENTED_EDGE('',*,*,#5172,.T.);
#3649=CARTESIAN_POINT('',(7.035,5.35,4.2));
#3650=DIRECTION('',(0.0,0.707106781186548,-0.707106781186548));
#3651=DIRECTION('',(-1.0,0.0,0.0));
#3652=ORIENTED_EDGE('',*,*,#4598,.F.);
#3653=ORIENTED_EDGE('',*,*,#5177,.T.);
#3654=ORIENTED_EDGE('',*,*,#5166,.T.);
#3655=ORIENTED_EDGE('',*,*,#5170,.T.);
#3656=ORIENTED_EDGE('',*,*,#5173,.T.);
#3657=ORIENTED_EDGE('',*,*,#5176,.T.);
#3658=ORIENTED_EDGE('',*,*,#5178,.T.);
#3659=ORIENTED_EDGE('',*,*,#4765,.F.);
#3660=CARTESIAN_POINT('',(7.035,0.0,0.0));
#3661=DIRECTION('',(1.0,0.0,0.0));
#3662=DIRECTION('',(0.0,1.0,0.0));
#3663=ORIENTED_EDGE('',*,*,#5179,.F.);
#3664=ORIENTED_EDGE('',*,*,#4671,.T.);
#3665=ORIENTED_EDGE('',*,*,#4767,.T.);
#3666=ORIENTED_EDGE('',*,*,#5180,.F.);
#3667=ORIENTED_EDGE('',*,*,#5174,.F.);
#3668=ORIENTED_EDGE('',*,*,#5171,.F.);
#3669=ORIENTED_EDGE('',*,*,#5168,.F.);
#3670=ORIENTED_EDGE('',*,*,#5164,.F.);
#3671=CARTESIAN_POINT('',(6.715,0.0,0.0));
#3672=DIRECTION('',(1.0,0.0,0.0));
#3673=DIRECTION('',(0.0,1.0,0.0));
#3674=ORIENTED_EDGE('',*,*,#5180,.T.);
#3675=ORIENTED_EDGE('',*,*,#4766,.T.);
#3676=ORIENTED_EDGE('',*,*,#5178,.F.);
#3677=ORIENTED_EDGE('',*,*,#5175,.T.);
#3678=CARTESIAN_POINT('',(7.035,5.25,4.1));
#3679=DIRECTION('',(-0.0,1.0,0.0));
#3680=DIRECTION('',(1.0,0.0,0.0));
#3681=ORIENTED_EDGE('',*,*,#5179,.T.);
#3682=ORIENTED_EDGE('',*,*,#5167,.F.);
#3683=ORIENTED_EDGE('',*,*,#5177,.F.);
#3684=ORIENTED_EDGE('',*,*,#4597,.T.);
#3685=CARTESIAN_POINT('',(7.035,5.4,3.3));
#3686=DIRECTION('',(0.0,-0.707106781186548,0.707106781186548));
#3687=DIRECTION('',(-1.0,0.0,0.0));
#3688=ORIENTED_EDGE('',*,*,#5181,.T.);
#3689=ORIENTED_EDGE('',*,*,#4727,.T.);
#3690=ORIENTED_EDGE('',*,*,#5182,.F.);
#3691=ORIENTED_EDGE('',*,*,#5183,.T.);
#3692=CARTESIAN_POINT('',(-7.965,2.7,0.775000000000002));
#3693=DIRECTION('',(0.0,0.0,1.0));
#3694=DIRECTION('',(1.0,0.0,0.0));
#3695=ORIENTED_EDGE('',*,*,#5184,.F.);
#3696=ORIENTED_EDGE('',*,*,#4725,.T.);
#3697=ORIENTED_EDGE('',*,*,#5185,.T.);
#3698=ORIENTED_EDGE('',*,*,#5186,.F.);
#3699=CARTESIAN_POINT('',(-7.965,4.25,1.525));
#3700=DIRECTION('',(0.0,0.0,-1.0));
#3701=DIRECTION('',(0.0,-1.0,0.0));
#3702=ORIENTED_EDGE('',*,*,#4726,.F.);
#3703=ORIENTED_EDGE('',*,*,#5184,.T.);
#3704=ORIENTED_EDGE('',*,*,#5187,.T.);
#3705=ORIENTED_EDGE('',*,*,#5188,.T.);
#3706=ORIENTED_EDGE('',*,*,#5189,.T.);
#3707=ORIENTED_EDGE('',*,*,#5182,.T.);
#3708=CARTESIAN_POINT('',(-7.965,0.0,0.0));
#3709=DIRECTION('',(1.0,0.0,0.0));
#3710=DIRECTION('',(0.0,1.0,0.0));
#3711=ORIENTED_EDGE('',*,*,#5185,.F.);
#3712=ORIENTED_EDGE('',*,*,#4728,.T.);
#3713=ORIENTED_EDGE('',*,*,#5181,.F.);
#3714=ORIENTED_EDGE('',*,*,#5190,.F.);
#3715=ORIENTED_EDGE('',*,*,#5191,.F.);
#3716=ORIENTED_EDGE('',*,*,#5192,.F.);
#3717=CARTESIAN_POINT('',(-8.285,0.0,0.0));
#3718=DIRECTION('',(1.0,0.0,0.0));
#3719=DIRECTION('',(0.0,1.0,0.0));
#3720=ORIENTED_EDGE('',*,*,#5191,.T.);
#3721=ORIENTED_EDGE('',*,*,#5193,.F.);
#3722=ORIENTED_EDGE('',*,*,#5188,.F.);
#3723=ORIENTED_EDGE('',*,*,#5194,.T.);
#3724=CARTESIAN_POINT('',(-7.965,1.7,1.375));
#3725=DIRECTION('',(-0.0,1.0,0.0));
#3726=DIRECTION('',(1.0,0.0,0.0));
#3727=ORIENTED_EDGE('',*,*,#5190,.T.);
#3728=ORIENTED_EDGE('',*,*,#5183,.F.);
#3729=ORIENTED_EDGE('',*,*,#5189,.F.);
#3730=ORIENTED_EDGE('',*,*,#5193,.T.);
#3731=CARTESIAN_POINT('',(-7.965,1.7,0.975000000000002));
#3732=DIRECTION('',(0.0,0.196116135138184,0.98058067569092));
#3733=DIRECTION('',(1.0,-0.0,0.0));
#3734=ORIENTED_EDGE('',*,*,#5192,.T.);
#3735=ORIENTED_EDGE('',*,*,#5194,.F.);
#3736=ORIENTED_EDGE('',*,*,#5187,.F.);
#3737=ORIENTED_EDGE('',*,*,#5186,.T.);
#3738=CARTESIAN_POINT('',(-7.965,2.4,1.525));
#3739=DIRECTION('',(0.0,0.209529088730873,-0.97780241407741));
#3740=DIRECTION('',(-1.0,0.0,0.0));
#3741=ORIENTED_EDGE('',*,*,#5195,.T.);
#3742=ORIENTED_EDGE('',*,*,#4723,.T.);
#3743=ORIENTED_EDGE('',*,*,#5196,.F.);
#3744=ORIENTED_EDGE('',*,*,#5197,.T.);
#3745=CARTESIAN_POINT('',(-6.715,2.7,0.775000000000002));
#3746=DIRECTION('',(0.0,0.0,1.0));
#3747=DIRECTION('',(1.0,0.0,0.0));
#3748=ORIENTED_EDGE('',*,*,#5198,.F.);
#3749=ORIENTED_EDGE('',*,*,#4721,.T.);
#3750=ORIENTED_EDGE('',*,*,#5199,.T.);
#3751=ORIENTED_EDGE('',*,*,#5200,.F.);
#3752=CARTESIAN_POINT('',(-6.715,4.25,1.525));
#3753=DIRECTION('',(0.0,0.0,-1.0));
#3754=DIRECTION('',(0.0,-1.0,0.0));
#3755=ORIENTED_EDGE('',*,*,#4722,.F.);
#3756=ORIENTED_EDGE('',*,*,#5198,.T.);
#3757=ORIENTED_EDGE('',*,*,#5201,.T.);
#3758=ORIENTED_EDGE('',*,*,#5202,.T.);
#3759=ORIENTED_EDGE('',*,*,#5203,.T.);
#3760=ORIENTED_EDGE('',*,*,#5196,.T.);
#3761=CARTESIAN_POINT('',(-6.715,0.0,0.0));
#3762=DIRECTION('',(1.0,0.0,0.0));
#3763=DIRECTION('',(0.0,1.0,0.0));
#3764=ORIENTED_EDGE('',*,*,#5199,.F.);
#3765=ORIENTED_EDGE('',*,*,#4724,.T.);
#3766=ORIENTED_EDGE('',*,*,#5195,.F.);
#3767=ORIENTED_EDGE('',*,*,#5204,.F.);
#3768=ORIENTED_EDGE('',*,*,#5205,.F.);
#3769=ORIENTED_EDGE('',*,*,#5206,.F.);
#3770=CARTESIAN_POINT('',(-7.035,0.0,0.0));
#3771=DIRECTION('',(1.0,0.0,0.0));
#3772=DIRECTION('',(0.0,1.0,0.0));
#3773=ORIENTED_EDGE('',*,*,#5205,.T.);
#3774=ORIENTED_EDGE('',*,*,#5207,.F.);
#3775=ORIENTED_EDGE('',*,*,#5202,.F.);
#3776=ORIENTED_EDGE('',*,*,#5208,.T.);
#3777=CARTESIAN_POINT('',(-6.715,1.7,1.375));
#3778=DIRECTION('',(-0.0,1.0,0.0));
#3779=DIRECTION('',(1.0,0.0,0.0));
#3780=ORIENTED_EDGE('',*,*,#5204,.T.);
#3781=ORIENTED_EDGE('',*,*,#5197,.F.);
#3782=ORIENTED_EDGE('',*,*,#5203,.F.);
#3783=ORIENTED_EDGE('',*,*,#5207,.T.);
#3784=CARTESIAN_POINT('',(-6.715,1.7,0.975000000000002));
#3785=DIRECTION('',(0.0,0.196116135138184,0.98058067569092));
#3786=DIRECTION('',(1.0,-0.0,0.0));
#3787=ORIENTED_EDGE('',*,*,#5206,.T.);
#3788=ORIENTED_EDGE('',*,*,#5208,.F.);
#3789=ORIENTED_EDGE('',*,*,#5201,.F.);
#3790=ORIENTED_EDGE('',*,*,#5200,.T.);
#3791=CARTESIAN_POINT('',(-6.715,2.4,1.525));
#3792=DIRECTION('',(0.0,0.209529088730873,-0.97780241407741));
#3793=DIRECTION('',(-1.0,0.0,0.0));
#3794=ORIENTED_EDGE('',*,*,#5209,.T.);
#3795=ORIENTED_EDGE('',*,*,#4719,.T.);
#3796=ORIENTED_EDGE('',*,*,#5210,.F.);
#3797=ORIENTED_EDGE('',*,*,#5211,.T.);
#3798=CARTESIAN_POINT('',(-5.465,2.7,0.775000000000002));
#3799=DIRECTION('',(0.0,0.0,1.0));
#3800=DIRECTION('',(1.0,0.0,0.0));
#3801=ORIENTED_EDGE('',*,*,#5212,.F.);
#3802=ORIENTED_EDGE('',*,*,#4717,.T.);
#3803=ORIENTED_EDGE('',*,*,#5213,.T.);
#3804=ORIENTED_EDGE('',*,*,#5214,.F.);
#3805=CARTESIAN_POINT('',(-5.465,4.25,1.525));
#3806=DIRECTION('',(0.0,0.0,-1.0));
#3807=DIRECTION('',(0.0,-1.0,0.0));
#3808=ORIENTED_EDGE('',*,*,#4718,.F.);
#3809=ORIENTED_EDGE('',*,*,#5212,.T.);
#3810=ORIENTED_EDGE('',*,*,#5215,.T.);
#3811=ORIENTED_EDGE('',*,*,#5216,.T.);
#3812=ORIENTED_EDGE('',*,*,#5217,.T.);
#3813=ORIENTED_EDGE('',*,*,#5210,.T.);
#3814=CARTESIAN_POINT('',(-5.465,0.0,0.0));
#3815=DIRECTION('',(1.0,0.0,0.0));
#3816=DIRECTION('',(0.0,1.0,0.0));
#3817=ORIENTED_EDGE('',*,*,#5213,.F.);
#3818=ORIENTED_EDGE('',*,*,#4720,.T.);
#3819=ORIENTED_EDGE('',*,*,#5209,.F.);
#3820=ORIENTED_EDGE('',*,*,#5218,.F.);
#3821=ORIENTED_EDGE('',*,*,#5219,.F.);
#3822=ORIENTED_EDGE('',*,*,#5220,.F.);
#3823=CARTESIAN_POINT('',(-5.785,0.0,0.0));
#3824=DIRECTION('',(1.0,0.0,0.0));
#3825=DIRECTION('',(0.0,1.0,0.0));
#3826=ORIENTED_EDGE('',*,*,#5219,.T.);
#3827=ORIENTED_EDGE('',*,*,#5221,.F.);
#3828=ORIENTED_EDGE('',*,*,#5216,.F.);
#3829=ORIENTED_EDGE('',*,*,#5222,.T.);
#3830=CARTESIAN_POINT('',(-5.465,1.7,1.375));
#3831=DIRECTION('',(-0.0,1.0,0.0));
#3832=DIRECTION('',(1.0,0.0,0.0));
#3833=ORIENTED_EDGE('',*,*,#5218,.T.);
#3834=ORIENTED_EDGE('',*,*,#5211,.F.);
#3835=ORIENTED_EDGE('',*,*,#5217,.F.);
#3836=ORIENTED_EDGE('',*,*,#5221,.T.);
#3837=CARTESIAN_POINT('',(-5.465,1.7,0.975000000000002));
#3838=DIRECTION('',(0.0,0.196116135138184,0.98058067569092));
#3839=DIRECTION('',(1.0,-0.0,0.0));
#3840=ORIENTED_EDGE('',*,*,#5220,.T.);
#3841=ORIENTED_EDGE('',*,*,#5222,.F.);
#3842=ORIENTED_EDGE('',*,*,#5215,.F.);
#3843=ORIENTED_EDGE('',*,*,#5214,.T.);
#3844=CARTESIAN_POINT('',(-5.465,2.4,1.525));
#3845=DIRECTION('',(0.0,0.209529088730873,-0.97780241407741));
#3846=DIRECTION('',(-1.0,0.0,0.0));
#3847=ORIENTED_EDGE('',*,*,#5223,.T.);
#3848=ORIENTED_EDGE('',*,*,#4715,.T.);
#3849=ORIENTED_EDGE('',*,*,#5224,.F.);
#3850=ORIENTED_EDGE('',*,*,#5225,.T.);
#3851=CARTESIAN_POINT('',(-4.215,2.7,0.775000000000002));
#3852=DIRECTION('',(0.0,0.0,1.0));
#3853=DIRECTION('',(1.0,0.0,0.0));
#3854=ORIENTED_EDGE('',*,*,#5226,.F.);
#3855=ORIENTED_EDGE('',*,*,#4713,.T.);
#3856=ORIENTED_EDGE('',*,*,#5227,.T.);
#3857=ORIENTED_EDGE('',*,*,#5228,.F.);
#3858=CARTESIAN_POINT('',(-4.215,4.25,1.525));
#3859=DIRECTION('',(0.0,0.0,-1.0));
#3860=DIRECTION('',(0.0,-1.0,0.0));
#3861=ORIENTED_EDGE('',*,*,#4714,.F.);
#3862=ORIENTED_EDGE('',*,*,#5226,.T.);
#3863=ORIENTED_EDGE('',*,*,#5229,.T.);
#3864=ORIENTED_EDGE('',*,*,#5230,.T.);
#3865=ORIENTED_EDGE('',*,*,#5231,.T.);
#3866=ORIENTED_EDGE('',*,*,#5224,.T.);
#3867=CARTESIAN_POINT('',(-4.215,0.0,0.0));
#3868=DIRECTION('',(1.0,0.0,0.0));
#3869=DIRECTION('',(0.0,1.0,0.0));
#3870=ORIENTED_EDGE('',*,*,#5227,.F.);
#3871=ORIENTED_EDGE('',*,*,#4716,.T.);
#3872=ORIENTED_EDGE('',*,*,#5223,.F.);
#3873=ORIENTED_EDGE('',*,*,#5232,.F.);
#3874=ORIENTED_EDGE('',*,*,#5233,.F.);
#3875=ORIENTED_EDGE('',*,*,#5234,.F.);
#3876=CARTESIAN_POINT('',(-4.535,0.0,0.0));
#3877=DIRECTION('',(1.0,0.0,0.0));
#3878=DIRECTION('',(0.0,1.0,0.0));
#3879=ORIENTED_EDGE('',*,*,#5233,.T.);
#3880=ORIENTED_EDGE('',*,*,#5235,.F.);
#3881=ORIENTED_EDGE('',*,*,#5230,.F.);
#3882=ORIENTED_EDGE('',*,*,#5236,.T.);
#3883=CARTESIAN_POINT('',(-4.215,1.7,1.375));
#3884=DIRECTION('',(-0.0,1.0,0.0));
#3885=DIRECTION('',(1.0,0.0,0.0));
#3886=ORIENTED_EDGE('',*,*,#5232,.T.);
#3887=ORIENTED_EDGE('',*,*,#5225,.F.);
#3888=ORIENTED_EDGE('',*,*,#5231,.F.);
#3889=ORIENTED_EDGE('',*,*,#5235,.T.);
#3890=CARTESIAN_POINT('',(-4.215,1.7,0.975000000000002));
#3891=DIRECTION('',(0.0,0.196116135138184,0.98058067569092));
#3892=DIRECTION('',(1.0,-0.0,0.0));
#3893=ORIENTED_EDGE('',*,*,#5234,.T.);
#3894=ORIENTED_EDGE('',*,*,#5236,.F.);
#3895=ORIENTED_EDGE('',*,*,#5229,.F.);
#3896=ORIENTED_EDGE('',*,*,#5228,.T.);
#3897=CARTESIAN_POINT('',(-4.215,2.4,1.525));
#3898=DIRECTION('',(0.0,0.209529088730873,-0.97780241407741));
#3899=DIRECTION('',(-1.0,0.0,0.0));
#3900=ORIENTED_EDGE('',*,*,#5237,.T.);
#3901=ORIENTED_EDGE('',*,*,#4711,.T.);
#3902=ORIENTED_EDGE('',*,*,#5238,.F.);
#3903=ORIENTED_EDGE('',*,*,#5239,.T.);
#3904=CARTESIAN_POINT('',(-2.965,2.7,0.775000000000002));
#3905=DIRECTION('',(0.0,0.0,1.0));
#3906=DIRECTION('',(1.0,0.0,0.0));
#3907=ORIENTED_EDGE('',*,*,#5240,.F.);
#3908=ORIENTED_EDGE('',*,*,#4709,.T.);
#3909=ORIENTED_EDGE('',*,*,#5241,.T.);
#3910=ORIENTED_EDGE('',*,*,#5242,.F.);
#3911=CARTESIAN_POINT('',(-2.965,4.25,1.525));
#3912=DIRECTION('',(0.0,0.0,-1.0));
#3913=DIRECTION('',(0.0,-1.0,0.0));
#3914=ORIENTED_EDGE('',*,*,#4710,.F.);
#3915=ORIENTED_EDGE('',*,*,#5240,.T.);
#3916=ORIENTED_EDGE('',*,*,#5243,.T.);
#3917=ORIENTED_EDGE('',*,*,#5244,.T.);
#3918=ORIENTED_EDGE('',*,*,#5245,.T.);
#3919=ORIENTED_EDGE('',*,*,#5238,.T.);
#3920=CARTESIAN_POINT('',(-2.965,0.0,0.0));
#3921=DIRECTION('',(1.0,0.0,0.0));
#3922=DIRECTION('',(0.0,1.0,0.0));
#3923=ORIENTED_EDGE('',*,*,#5241,.F.);
#3924=ORIENTED_EDGE('',*,*,#4712,.T.);
#3925=ORIENTED_EDGE('',*,*,#5237,.F.);
#3926=ORIENTED_EDGE('',*,*,#5246,.F.);
#3927=ORIENTED_EDGE('',*,*,#5247,.F.);
#3928=ORIENTED_EDGE('',*,*,#5248,.F.);
#3929=CARTESIAN_POINT('',(-3.285,0.0,0.0));
#3930=DIRECTION('',(1.0,0.0,0.0));
#3931=DIRECTION('',(0.0,1.0,0.0));
#3932=ORIENTED_EDGE('',*,*,#5247,.T.);
#3933=ORIENTED_EDGE('',*,*,#5249,.F.);
#3934=ORIENTED_EDGE('',*,*,#5244,.F.);
#3935=ORIENTED_EDGE('',*,*,#5250,.T.);
#3936=CARTESIAN_POINT('',(-2.965,1.7,1.375));
#3937=DIRECTION('',(-0.0,1.0,0.0));
#3938=DIRECTION('',(1.0,0.0,0.0));
#3939=ORIENTED_EDGE('',*,*,#5246,.T.);
#3940=ORIENTED_EDGE('',*,*,#5239,.F.);
#3941=ORIENTED_EDGE('',*,*,#5245,.F.);
#3942=ORIENTED_EDGE('',*,*,#5249,.T.);
#3943=CARTESIAN_POINT('',(-2.965,1.7,0.975000000000002));
#3944=DIRECTION('',(0.0,0.196116135138184,0.98058067569092));
#3945=DIRECTION('',(1.0,-0.0,0.0));
#3946=ORIENTED_EDGE('',*,*,#5248,.T.);
#3947=ORIENTED_EDGE('',*,*,#5250,.F.);
#3948=ORIENTED_EDGE('',*,*,#5243,.F.);
#3949=ORIENTED_EDGE('',*,*,#5242,.T.);
#3950=CARTESIAN_POINT('',(-2.965,2.4,1.525));
#3951=DIRECTION('',(0.0,0.209529088730873,-0.97780241407741));
#3952=DIRECTION('',(-1.0,0.0,0.0));
#3953=ORIENTED_EDGE('',*,*,#5251,.T.);
#3954=ORIENTED_EDGE('',*,*,#4707,.T.);
#3955=ORIENTED_EDGE('',*,*,#5252,.F.);
#3956=ORIENTED_EDGE('',*,*,#5253,.T.);
#3957=CARTESIAN_POINT('',(-1.715,2.7,0.775000000000002));
#3958=DIRECTION('',(0.0,0.0,1.0));
#3959=DIRECTION('',(1.0,0.0,0.0));
#3960=ORIENTED_EDGE('',*,*,#5254,.F.);
#3961=ORIENTED_EDGE('',*,*,#4705,.T.);
#3962=ORIENTED_EDGE('',*,*,#5255,.T.);
#3963=ORIENTED_EDGE('',*,*,#5256,.F.);
#3964=CARTESIAN_POINT('',(-1.715,4.25,1.525));
#3965=DIRECTION('',(0.0,0.0,-1.0));
#3966=DIRECTION('',(0.0,-1.0,0.0));
#3967=ORIENTED_EDGE('',*,*,#4706,.F.);
#3968=ORIENTED_EDGE('',*,*,#5254,.T.);
#3969=ORIENTED_EDGE('',*,*,#5257,.T.);
#3970=ORIENTED_EDGE('',*,*,#5258,.T.);
#3971=ORIENTED_EDGE('',*,*,#5259,.T.);
#3972=ORIENTED_EDGE('',*,*,#5252,.T.);
#3973=CARTESIAN_POINT('',(-1.715,0.0,0.0));
#3974=DIRECTION('',(1.0,0.0,0.0));
#3975=DIRECTION('',(0.0,1.0,0.0));
#3976=ORIENTED_EDGE('',*,*,#5255,.F.);
#3977=ORIENTED_EDGE('',*,*,#4708,.T.);
#3978=ORIENTED_EDGE('',*,*,#5251,.F.);
#3979=ORIENTED_EDGE('',*,*,#5260,.F.);
#3980=ORIENTED_EDGE('',*,*,#5261,.F.);
#3981=ORIENTED_EDGE('',*,*,#5262,.F.);
#3982=CARTESIAN_POINT('',(-2.035,0.0,0.0));
#3983=DIRECTION('',(1.0,0.0,0.0));
#3984=DIRECTION('',(0.0,1.0,0.0));
#3985=ORIENTED_EDGE('',*,*,#5261,.T.);
#3986=ORIENTED_EDGE('',*,*,#5263,.F.);
#3987=ORIENTED_EDGE('',*,*,#5258,.F.);
#3988=ORIENTED_EDGE('',*,*,#5264,.T.);
#3989=CARTESIAN_POINT('',(-1.715,1.7,1.375));
#3990=DIRECTION('',(-0.0,1.0,0.0));
#3991=DIRECTION('',(1.0,0.0,0.0));
#3992=ORIENTED_EDGE('',*,*,#5260,.T.);
#3993=ORIENTED_EDGE('',*,*,#5253,.F.);
#3994=ORIENTED_EDGE('',*,*,#5259,.F.);
#3995=ORIENTED_EDGE('',*,*,#5263,.T.);
#3996=CARTESIAN_POINT('',(-1.715,1.7,0.975000000000002));
#3997=DIRECTION('',(0.0,0.196116135138184,0.98058067569092));
#3998=DIRECTION('',(1.0,-0.0,0.0));
#3999=ORIENTED_EDGE('',*,*,#5262,.T.);
#4000=ORIENTED_EDGE('',*,*,#5264,.F.);
#4001=ORIENTED_EDGE('',*,*,#5257,.F.);
#4002=ORIENTED_EDGE('',*,*,#5256,.T.);
#4003=CARTESIAN_POINT('',(-1.715,2.4,1.525));
#4004=DIRECTION('',(0.0,0.209529088730873,-0.97780241407741));
#4005=DIRECTION('',(-1.0,0.0,0.0));
#4006=ORIENTED_EDGE('',*,*,#5265,.T.);
#4007=ORIENTED_EDGE('',*,*,#4703,.T.);
#4008=ORIENTED_EDGE('',*,*,#5266,.F.);
#4009=ORIENTED_EDGE('',*,*,#5267,.T.);
#4010=CARTESIAN_POINT('',(-0.465,2.7,0.775000000000002));
#4011=DIRECTION('',(0.0,0.0,1.0));
#4012=DIRECTION('',(1.0,0.0,0.0));
#4013=ORIENTED_EDGE('',*,*,#5268,.F.);
#4014=ORIENTED_EDGE('',*,*,#4701,.T.);
#4015=ORIENTED_EDGE('',*,*,#5269,.T.);
#4016=ORIENTED_EDGE('',*,*,#5270,.F.);
#4017=CARTESIAN_POINT('',(-0.465,4.25,1.525));
#4018=DIRECTION('',(0.0,0.0,-1.0));
#4019=DIRECTION('',(0.0,-1.0,0.0));
#4020=ORIENTED_EDGE('',*,*,#4702,.F.);
#4021=ORIENTED_EDGE('',*,*,#5268,.T.);
#4022=ORIENTED_EDGE('',*,*,#5271,.T.);
#4023=ORIENTED_EDGE('',*,*,#5272,.T.);
#4024=ORIENTED_EDGE('',*,*,#5273,.T.);
#4025=ORIENTED_EDGE('',*,*,#5266,.T.);
#4026=CARTESIAN_POINT('',(-0.465,0.0,0.0));
#4027=DIRECTION('',(1.0,0.0,0.0));
#4028=DIRECTION('',(0.0,1.0,0.0));
#4029=ORIENTED_EDGE('',*,*,#5269,.F.);
#4030=ORIENTED_EDGE('',*,*,#4704,.T.);
#4031=ORIENTED_EDGE('',*,*,#5265,.F.);
#4032=ORIENTED_EDGE('',*,*,#5274,.F.);
#4033=ORIENTED_EDGE('',*,*,#5275,.F.);
#4034=ORIENTED_EDGE('',*,*,#5276,.F.);
#4035=CARTESIAN_POINT('',(-0.785000000000001,0.0,0.0));
#4036=DIRECTION('',(1.0,0.0,0.0));
#4037=DIRECTION('',(0.0,1.0,0.0));
#4038=ORIENTED_EDGE('',*,*,#5275,.T.);
#4039=ORIENTED_EDGE('',*,*,#5277,.F.);
#4040=ORIENTED_EDGE('',*,*,#5272,.F.);
#4041=ORIENTED_EDGE('',*,*,#5278,.T.);
#4042=CARTESIAN_POINT('',(-0.465,1.7,1.375));
#4043=DIRECTION('',(-0.0,1.0,0.0));
#4044=DIRECTION('',(1.0,0.0,0.0));
#4045=ORIENTED_EDGE('',*,*,#5274,.T.);
#4046=ORIENTED_EDGE('',*,*,#5267,.F.);
#4047=ORIENTED_EDGE('',*,*,#5273,.F.);
#4048=ORIENTED_EDGE('',*,*,#5277,.T.);
#4049=CARTESIAN_POINT('',(-0.465,1.7,0.975000000000002));
#4050=DIRECTION('',(0.0,0.196116135138184,0.98058067569092));
#4051=DIRECTION('',(1.0,-0.0,0.0));
#4052=ORIENTED_EDGE('',*,*,#5276,.T.);
#4053=ORIENTED_EDGE('',*,*,#5278,.F.);
#4054=ORIENTED_EDGE('',*,*,#5271,.F.);
#4055=ORIENTED_EDGE('',*,*,#5270,.T.);
#4056=CARTESIAN_POINT('',(-0.465,2.4,1.525));
#4057=DIRECTION('',(0.0,0.209529088730873,-0.97780241407741));
#4058=DIRECTION('',(-1.0,0.0,0.0));
#4059=ORIENTED_EDGE('',*,*,#5279,.T.);
#4060=ORIENTED_EDGE('',*,*,#4699,.T.);
#4061=ORIENTED_EDGE('',*,*,#5280,.F.);
#4062=ORIENTED_EDGE('',*,*,#5281,.T.);
#4063=CARTESIAN_POINT('',(0.785000000000001,2.7,0.775000000000002));
#4064=DIRECTION('',(0.0,0.0,1.0));
#4065=DIRECTION('',(1.0,0.0,0.0));
#4066=ORIENTED_EDGE('',*,*,#5282,.F.);
#4067=ORIENTED_EDGE('',*,*,#4697,.T.);
#4068=ORIENTED_EDGE('',*,*,#5283,.T.);
#4069=ORIENTED_EDGE('',*,*,#5284,.F.);
#4070=CARTESIAN_POINT('',(0.785000000000001,4.25,1.525));
#4071=DIRECTION('',(0.0,0.0,-1.0));
#4072=DIRECTION('',(0.0,-1.0,0.0));
#4073=ORIENTED_EDGE('',*,*,#4698,.F.);
#4074=ORIENTED_EDGE('',*,*,#5282,.T.);
#4075=ORIENTED_EDGE('',*,*,#5285,.T.);
#4076=ORIENTED_EDGE('',*,*,#5286,.T.);
#4077=ORIENTED_EDGE('',*,*,#5287,.T.);
#4078=ORIENTED_EDGE('',*,*,#5280,.T.);
#4079=CARTESIAN_POINT('',(0.785000000000001,0.0,0.0));
#4080=DIRECTION('',(1.0,0.0,0.0));
#4081=DIRECTION('',(0.0,1.0,0.0));
#4082=ORIENTED_EDGE('',*,*,#5283,.F.);
#4083=ORIENTED_EDGE('',*,*,#4700,.T.);
#4084=ORIENTED_EDGE('',*,*,#5279,.F.);
#4085=ORIENTED_EDGE('',*,*,#5288,.F.);
#4086=ORIENTED_EDGE('',*,*,#5289,.F.);
#4087=ORIENTED_EDGE('',*,*,#5290,.F.);
#4088=CARTESIAN_POINT('',(0.465,0.0,0.0));
#4089=DIRECTION('',(1.0,0.0,0.0));
#4090=DIRECTION('',(0.0,1.0,0.0));
#4091=ORIENTED_EDGE('',*,*,#5289,.T.);
#4092=ORIENTED_EDGE('',*,*,#5291,.F.);
#4093=ORIENTED_EDGE('',*,*,#5286,.F.);
#4094=ORIENTED_EDGE('',*,*,#5292,.T.);
#4095=CARTESIAN_POINT('',(0.785000000000001,1.7,1.375));
#4096=DIRECTION('',(-0.0,1.0,0.0));
#4097=DIRECTION('',(1.0,0.0,0.0));
#4098=ORIENTED_EDGE('',*,*,#5288,.T.);
#4099=ORIENTED_EDGE('',*,*,#5281,.F.);
#4100=ORIENTED_EDGE('',*,*,#5287,.F.);
#4101=ORIENTED_EDGE('',*,*,#5291,.T.);
#4102=CARTESIAN_POINT('',(0.785000000000001,1.7,0.975000000000002));
#4103=DIRECTION('',(0.0,0.196116135138184,0.98058067569092));
#4104=DIRECTION('',(1.0,-0.0,0.0));
#4105=ORIENTED_EDGE('',*,*,#5290,.T.);
#4106=ORIENTED_EDGE('',*,*,#5292,.F.);
#4107=ORIENTED_EDGE('',*,*,#5285,.F.);
#4108=ORIENTED_EDGE('',*,*,#5284,.T.);
#4109=CARTESIAN_POINT('',(0.785000000000001,2.4,1.525));
#4110=DIRECTION('',(0.0,0.209529088730873,-0.97780241407741));
#4111=DIRECTION('',(-1.0,0.0,0.0));
#4112=ORIENTED_EDGE('',*,*,#5293,.T.);
#4113=ORIENTED_EDGE('',*,*,#4695,.T.);
#4114=ORIENTED_EDGE('',*,*,#5294,.F.);
#4115=ORIENTED_EDGE('',*,*,#5295,.T.);
#4116=CARTESIAN_POINT('',(2.035,2.7,0.775000000000002));
#4117=DIRECTION('',(0.0,0.0,1.0));
#4118=DIRECTION('',(1.0,0.0,0.0));
#4119=ORIENTED_EDGE('',*,*,#5296,.F.);
#4120=ORIENTED_EDGE('',*,*,#4693,.T.);
#4121=ORIENTED_EDGE('',*,*,#5297,.T.);
#4122=ORIENTED_EDGE('',*,*,#5298,.F.);
#4123=CARTESIAN_POINT('',(2.035,4.25,1.525));
#4124=DIRECTION('',(0.0,0.0,-1.0));
#4125=DIRECTION('',(0.0,-1.0,0.0));
#4126=ORIENTED_EDGE('',*,*,#4694,.F.);
#4127=ORIENTED_EDGE('',*,*,#5296,.T.);
#4128=ORIENTED_EDGE('',*,*,#5299,.T.);
#4129=ORIENTED_EDGE('',*,*,#5300,.T.);
#4130=ORIENTED_EDGE('',*,*,#5301,.T.);
#4131=ORIENTED_EDGE('',*,*,#5294,.T.);
#4132=CARTESIAN_POINT('',(2.035,0.0,0.0));
#4133=DIRECTION('',(1.0,0.0,0.0));
#4134=DIRECTION('',(0.0,1.0,0.0));
#4135=ORIENTED_EDGE('',*,*,#5297,.F.);
#4136=ORIENTED_EDGE('',*,*,#4696,.T.);
#4137=ORIENTED_EDGE('',*,*,#5293,.F.);
#4138=ORIENTED_EDGE('',*,*,#5302,.F.);
#4139=ORIENTED_EDGE('',*,*,#5303,.F.);
#4140=ORIENTED_EDGE('',*,*,#5304,.F.);
#4141=CARTESIAN_POINT('',(1.715,0.0,0.0));
#4142=DIRECTION('',(1.0,0.0,0.0));
#4143=DIRECTION('',(0.0,1.0,0.0));
#4144=ORIENTED_EDGE('',*,*,#5303,.T.);
#4145=ORIENTED_EDGE('',*,*,#5305,.F.);
#4146=ORIENTED_EDGE('',*,*,#5300,.F.);
#4147=ORIENTED_EDGE('',*,*,#5306,.T.);
#4148=CARTESIAN_POINT('',(2.035,1.7,1.375));
#4149=DIRECTION('',(-0.0,1.0,0.0));
#4150=DIRECTION('',(1.0,0.0,0.0));
#4151=ORIENTED_EDGE('',*,*,#5302,.T.);
#4152=ORIENTED_EDGE('',*,*,#5295,.F.);
#4153=ORIENTED_EDGE('',*,*,#5301,.F.);
#4154=ORIENTED_EDGE('',*,*,#5305,.T.);
#4155=CARTESIAN_POINT('',(2.035,1.7,0.975000000000002));
#4156=DIRECTION('',(0.0,0.196116135138184,0.98058067569092));
#4157=DIRECTION('',(1.0,-0.0,0.0));
#4158=ORIENTED_EDGE('',*,*,#5304,.T.);
#4159=ORIENTED_EDGE('',*,*,#5306,.F.);
#4160=ORIENTED_EDGE('',*,*,#5299,.F.);
#4161=ORIENTED_EDGE('',*,*,#5298,.T.);
#4162=CARTESIAN_POINT('',(2.035,2.4,1.525));
#4163=DIRECTION('',(0.0,0.209529088730873,-0.97780241407741));
#4164=DIRECTION('',(-1.0,0.0,0.0));
#4165=ORIENTED_EDGE('',*,*,#5307,.T.);
#4166=ORIENTED_EDGE('',*,*,#4691,.T.);
#4167=ORIENTED_EDGE('',*,*,#5308,.F.);
#4168=ORIENTED_EDGE('',*,*,#5309,.T.);
#4169=CARTESIAN_POINT('',(3.285,2.7,0.775000000000002));
#4170=DIRECTION('',(0.0,0.0,1.0));
#4171=DIRECTION('',(1.0,0.0,0.0));
#4172=ORIENTED_EDGE('',*,*,#5310,.F.);
#4173=ORIENTED_EDGE('',*,*,#4689,.T.);
#4174=ORIENTED_EDGE('',*,*,#5311,.T.);
#4175=ORIENTED_EDGE('',*,*,#5312,.F.);
#4176=CARTESIAN_POINT('',(3.285,4.25,1.525));
#4177=DIRECTION('',(0.0,0.0,-1.0));
#4178=DIRECTION('',(0.0,-1.0,0.0));
#4179=ORIENTED_EDGE('',*,*,#4690,.F.);
#4180=ORIENTED_EDGE('',*,*,#5310,.T.);
#4181=ORIENTED_EDGE('',*,*,#5313,.T.);
#4182=ORIENTED_EDGE('',*,*,#5314,.T.);
#4183=ORIENTED_EDGE('',*,*,#5315,.T.);
#4184=ORIENTED_EDGE('',*,*,#5308,.T.);
#4185=CARTESIAN_POINT('',(3.285,0.0,0.0));
#4186=DIRECTION('',(1.0,0.0,0.0));
#4187=DIRECTION('',(0.0,1.0,0.0));
#4188=ORIENTED_EDGE('',*,*,#5311,.F.);
#4189=ORIENTED_EDGE('',*,*,#4692,.T.);
#4190=ORIENTED_EDGE('',*,*,#5307,.F.);
#4191=ORIENTED_EDGE('',*,*,#5316,.F.);
#4192=ORIENTED_EDGE('',*,*,#5317,.F.);
#4193=ORIENTED_EDGE('',*,*,#5318,.F.);
#4194=CARTESIAN_POINT('',(2.965,0.0,0.0));
#4195=DIRECTION('',(1.0,0.0,0.0));
#4196=DIRECTION('',(0.0,1.0,0.0));
#4197=ORIENTED_EDGE('',*,*,#5317,.T.);
#4198=ORIENTED_EDGE('',*,*,#5319,.F.);
#4199=ORIENTED_EDGE('',*,*,#5314,.F.);
#4200=ORIENTED_EDGE('',*,*,#5320,.T.);
#4201=CARTESIAN_POINT('',(3.285,1.7,1.375));
#4202=DIRECTION('',(-0.0,1.0,0.0));
#4203=DIRECTION('',(1.0,0.0,0.0));
#4204=ORIENTED_EDGE('',*,*,#5316,.T.);
#4205=ORIENTED_EDGE('',*,*,#5309,.F.);
#4206=ORIENTED_EDGE('',*,*,#5315,.F.);
#4207=ORIENTED_EDGE('',*,*,#5319,.T.);
#4208=CARTESIAN_POINT('',(3.285,1.7,0.975000000000002));
#4209=DIRECTION('',(0.0,0.196116135138184,0.98058067569092));
#4210=DIRECTION('',(1.0,-0.0,0.0));
#4211=ORIENTED_EDGE('',*,*,#5318,.T.);
#4212=ORIENTED_EDGE('',*,*,#5320,.F.);
#4213=ORIENTED_EDGE('',*,*,#5313,.F.);
#4214=ORIENTED_EDGE('',*,*,#5312,.T.);
#4215=CARTESIAN_POINT('',(3.285,2.4,1.525));
#4216=DIRECTION('',(0.0,0.209529088730873,-0.97780241407741));
#4217=DIRECTION('',(-1.0,0.0,0.0));
#4218=ORIENTED_EDGE('',*,*,#5321,.T.);
#4219=ORIENTED_EDGE('',*,*,#4687,.T.);
#4220=ORIENTED_EDGE('',*,*,#5322,.F.);
#4221=ORIENTED_EDGE('',*,*,#5323,.T.);
#4222=CARTESIAN_POINT('',(4.535,2.7,0.775000000000002));
#4223=DIRECTION('',(0.0,0.0,1.0));
#4224=DIRECTION('',(1.0,0.0,0.0));
#4225=ORIENTED_EDGE('',*,*,#5324,.F.);
#4226=ORIENTED_EDGE('',*,*,#4685,.T.);
#4227=ORIENTED_EDGE('',*,*,#5325,.T.);
#4228=ORIENTED_EDGE('',*,*,#5326,.F.);
#4229=CARTESIAN_POINT('',(4.535,4.25,1.525));
#4230=DIRECTION('',(0.0,0.0,-1.0));
#4231=DIRECTION('',(0.0,-1.0,0.0));
#4232=ORIENTED_EDGE('',*,*,#4686,.F.);
#4233=ORIENTED_EDGE('',*,*,#5324,.T.);
#4234=ORIENTED_EDGE('',*,*,#5327,.T.);
#4235=ORIENTED_EDGE('',*,*,#5328,.T.);
#4236=ORIENTED_EDGE('',*,*,#5329,.T.);
#4237=ORIENTED_EDGE('',*,*,#5322,.T.);
#4238=CARTESIAN_POINT('',(4.535,0.0,0.0));
#4239=DIRECTION('',(1.0,0.0,0.0));
#4240=DIRECTION('',(0.0,1.0,0.0));
#4241=ORIENTED_EDGE('',*,*,#5325,.F.);
#4242=ORIENTED_EDGE('',*,*,#4688,.T.);
#4243=ORIENTED_EDGE('',*,*,#5321,.F.);
#4244=ORIENTED_EDGE('',*,*,#5330,.F.);
#4245=ORIENTED_EDGE('',*,*,#5331,.F.);
#4246=ORIENTED_EDGE('',*,*,#5332,.F.);
#4247=CARTESIAN_POINT('',(4.215,0.0,0.0));
#4248=DIRECTION('',(1.0,0.0,0.0));
#4249=DIRECTION('',(0.0,1.0,0.0));
#4250=ORIENTED_EDGE('',*,*,#5331,.T.);
#4251=ORIENTED_EDGE('',*,*,#5333,.F.);
#4252=ORIENTED_EDGE('',*,*,#5328,.F.);
#4253=ORIENTED_EDGE('',*,*,#5334,.T.);
#4254=CARTESIAN_POINT('',(4.535,1.7,1.375));
#4255=DIRECTION('',(-0.0,1.0,0.0));
#4256=DIRECTION('',(1.0,0.0,0.0));
#4257=ORIENTED_EDGE('',*,*,#5330,.T.);
#4258=ORIENTED_EDGE('',*,*,#5323,.F.);
#4259=ORIENTED_EDGE('',*,*,#5329,.F.);
#4260=ORIENTED_EDGE('',*,*,#5333,.T.);
#4261=CARTESIAN_POINT('',(4.535,1.7,0.975000000000002));
#4262=DIRECTION('',(0.0,0.196116135138184,0.98058067569092));
#4263=DIRECTION('',(1.0,-0.0,0.0));
#4264=ORIENTED_EDGE('',*,*,#5332,.T.);
#4265=ORIENTED_EDGE('',*,*,#5334,.F.);
#4266=ORIENTED_EDGE('',*,*,#5327,.F.);
#4267=ORIENTED_EDGE('',*,*,#5326,.T.);
#4268=CARTESIAN_POINT('',(4.535,2.4,1.525));
#4269=DIRECTION('',(0.0,0.209529088730873,-0.97780241407741));
#4270=DIRECTION('',(-1.0,0.0,0.0));
#4271=ORIENTED_EDGE('',*,*,#5335,.T.);
#4272=ORIENTED_EDGE('',*,*,#4683,.T.);
#4273=ORIENTED_EDGE('',*,*,#5336,.F.);
#4274=ORIENTED_EDGE('',*,*,#5337,.T.);
#4275=CARTESIAN_POINT('',(5.785,2.7,0.775000000000002));
#4276=DIRECTION('',(0.0,0.0,1.0));
#4277=DIRECTION('',(1.0,0.0,0.0));
#4278=ORIENTED_EDGE('',*,*,#5338,.F.);
#4279=ORIENTED_EDGE('',*,*,#4681,.T.);
#4280=ORIENTED_EDGE('',*,*,#5339,.T.);
#4281=ORIENTED_EDGE('',*,*,#5340,.F.);
#4282=CARTESIAN_POINT('',(5.785,4.25,1.525));
#4283=DIRECTION('',(0.0,0.0,-1.0));
#4284=DIRECTION('',(0.0,-1.0,0.0));
#4285=ORIENTED_EDGE('',*,*,#4682,.F.);
#4286=ORIENTED_EDGE('',*,*,#5338,.T.);
#4287=ORIENTED_EDGE('',*,*,#5341,.T.);
#4288=ORIENTED_EDGE('',*,*,#5342,.T.);
#4289=ORIENTED_EDGE('',*,*,#5343,.T.);
#4290=ORIENTED_EDGE('',*,*,#5336,.T.);
#4291=CARTESIAN_POINT('',(5.785,0.0,0.0));
#4292=DIRECTION('',(1.0,0.0,0.0));
#4293=DIRECTION('',(0.0,1.0,0.0));
#4294=ORIENTED_EDGE('',*,*,#5339,.F.);
#4295=ORIENTED_EDGE('',*,*,#4684,.T.);
#4296=ORIENTED_EDGE('',*,*,#5335,.F.);
#4297=ORIENTED_EDGE('',*,*,#5344,.F.);
#4298=ORIENTED_EDGE('',*,*,#5345,.F.);
#4299=ORIENTED_EDGE('',*,*,#5346,.F.);
#4300=CARTESIAN_POINT('',(5.465,0.0,0.0));
#4301=DIRECTION('',(1.0,0.0,0.0));
#4302=DIRECTION('',(0.0,1.0,0.0));
#4303=ORIENTED_EDGE('',*,*,#5345,.T.);
#4304=ORIENTED_EDGE('',*,*,#5347,.F.);
#4305=ORIENTED_EDGE('',*,*,#5342,.F.);
#4306=ORIENTED_EDGE('',*,*,#5348,.T.);
#4307=CARTESIAN_POINT('',(5.785,1.7,1.375));
#4308=DIRECTION('',(-0.0,1.0,0.0));
#4309=DIRECTION('',(1.0,0.0,0.0));
#4310=ORIENTED_EDGE('',*,*,#5344,.T.);
#4311=ORIENTED_EDGE('',*,*,#5337,.F.);
#4312=ORIENTED_EDGE('',*,*,#5343,.F.);
#4313=ORIENTED_EDGE('',*,*,#5347,.T.);
#4314=CARTESIAN_POINT('',(5.785,1.7,0.975000000000002));
#4315=DIRECTION('',(0.0,0.196116135138184,0.98058067569092));
#4316=DIRECTION('',(1.0,-0.0,0.0));
#4317=ORIENTED_EDGE('',*,*,#5346,.T.);
#4318=ORIENTED_EDGE('',*,*,#5348,.F.);
#4319=ORIENTED_EDGE('',*,*,#5341,.F.);
#4320=ORIENTED_EDGE('',*,*,#5340,.T.);
#4321=CARTESIAN_POINT('',(5.785,2.4,1.525));
#4322=DIRECTION('',(0.0,0.209529088730873,-0.97780241407741));
#4323=DIRECTION('',(-1.0,0.0,0.0));
#4324=ORIENTED_EDGE('',*,*,#5349,.T.);
#4325=ORIENTED_EDGE('',*,*,#4679,.T.);
#4326=ORIENTED_EDGE('',*,*,#5350,.F.);
#4327=ORIENTED_EDGE('',*,*,#5351,.T.);
#4328=CARTESIAN_POINT('',(7.035,2.7,0.775000000000002));
#4329=DIRECTION('',(0.0,0.0,1.0));
#4330=DIRECTION('',(1.0,0.0,0.0));
#4331=ORIENTED_EDGE('',*,*,#5352,.F.);
#4332=ORIENTED_EDGE('',*,*,#4677,.T.);
#4333=ORIENTED_EDGE('',*,*,#5353,.T.);
#4334=ORIENTED_EDGE('',*,*,#5354,.F.);
#4335=CARTESIAN_POINT('',(7.035,4.25,1.525));
#4336=DIRECTION('',(0.0,0.0,-1.0));
#4337=DIRECTION('',(0.0,-1.0,0.0));
#4338=ORIENTED_EDGE('',*,*,#4678,.F.);
#4339=ORIENTED_EDGE('',*,*,#5352,.T.);
#4340=ORIENTED_EDGE('',*,*,#5355,.T.);
#4341=ORIENTED_EDGE('',*,*,#5356,.T.);
#4342=ORIENTED_EDGE('',*,*,#5357,.T.);
#4343=ORIENTED_EDGE('',*,*,#5350,.T.);
#4344=CARTESIAN_POINT('',(7.035,0.0,0.0));
#4345=DIRECTION('',(1.0,0.0,0.0));
#4346=DIRECTION('',(0.0,1.0,0.0));
#4347=ORIENTED_EDGE('',*,*,#5353,.F.);
#4348=ORIENTED_EDGE('',*,*,#4680,.T.);
#4349=ORIENTED_EDGE('',*,*,#5349,.F.);
#4350=ORIENTED_EDGE('',*,*,#5358,.F.);
#4351=ORIENTED_EDGE('',*,*,#5359,.F.);
#4352=ORIENTED_EDGE('',*,*,#5360,.F.);
#4353=CARTESIAN_POINT('',(6.715,0.0,0.0));
#4354=DIRECTION('',(1.0,0.0,0.0));
#4355=DIRECTION('',(0.0,1.0,0.0));
#4356=ORIENTED_EDGE('',*,*,#5359,.T.);
#4357=ORIENTED_EDGE('',*,*,#5361,.F.);
#4358=ORIENTED_EDGE('',*,*,#5356,.F.);
#4359=ORIENTED_EDGE('',*,*,#5362,.T.);
#4360=CARTESIAN_POINT('',(7.035,1.7,1.375));
#4361=DIRECTION('',(-0.0,1.0,0.0));
#4362=DIRECTION('',(1.0,0.0,0.0));
#4363=ORIENTED_EDGE('',*,*,#5358,.T.);
#4364=ORIENTED_EDGE('',*,*,#5351,.F.);
#4365=ORIENTED_EDGE('',*,*,#5357,.F.);
#4366=ORIENTED_EDGE('',*,*,#5361,.T.);
#4367=CARTESIAN_POINT('',(7.035,1.7,0.975000000000002));
#4368=DIRECTION('',(0.0,0.196116135138184,0.98058067569092));
#4369=DIRECTION('',(1.0,-0.0,0.0));
#4370=ORIENTED_EDGE('',*,*,#5360,.T.);
#4371=ORIENTED_EDGE('',*,*,#5362,.F.);
#4372=ORIENTED_EDGE('',*,*,#5355,.F.);
#4373=ORIENTED_EDGE('',*,*,#5354,.T.);
#4374=CARTESIAN_POINT('',(7.035,2.4,1.525));
#4375=DIRECTION('',(0.0,0.209529088730873,-0.97780241407741));
#4376=DIRECTION('',(-1.0,0.0,0.0));
#4377=ORIENTED_EDGE('',*,*,#5363,.F.);
#4378=ORIENTED_EDGE('',*,*,#5364,.T.);
#4379=ORIENTED_EDGE('',*,*,#4813,.F.);
#4380=ORIENTED_EDGE('',*,*,#4504,.F.);
#4381=ORIENTED_EDGE('',*,*,#4497,.F.);
#4382=CARTESIAN_POINT('',(9.625,2.75,0.3));
#4383=DIRECTION('',(9.0350181040459E-17,0.0,1.0));
#4384=DIRECTION('',(1.0,0.0,-9.0350181040459E-17));
#4385=ORIENTED_EDGE('',*,*,#5365,.F.);
#4386=ORIENTED_EDGE('',*,*,#5366,.T.);
#4387=ORIENTED_EDGE('',*,*,#5363,.T.);
#4388=ORIENTED_EDGE('',*,*,#4496,.F.);
#4389=CARTESIAN_POINT('',(10.825,2.75,0.3));
#4390=DIRECTION('',(-1.0,0.0,0.0));
#4391=DIRECTION('',(0.0,0.0,1.0));
#4392=ORIENTED_EDGE('',*,*,#4508,.F.);
#4393=ORIENTED_EDGE('',*,*,#4815,.T.);
#4394=ORIENTED_EDGE('',*,*,#5367,.T.);
#4395=ORIENTED_EDGE('',*,*,#5365,.T.);
#4396=ORIENTED_EDGE('',*,*,#4503,.F.);
#4397=CARTESIAN_POINT('',(10.825,2.75,2.5));
#4398=DIRECTION('',(0.0,0.0,-1.0));
#4399=DIRECTION('',(0.0,-1.0,0.0));
#4400=ORIENTED_EDGE('',*,*,#4814,.T.);
#4401=ORIENTED_EDGE('',*,*,#5364,.F.);
#4402=ORIENTED_EDGE('',*,*,#5366,.F.);
#4403=ORIENTED_EDGE('',*,*,#5367,.F.);
#4404=CARTESIAN_POINT('',(0.0,3.6,0.0));
#4405=DIRECTION('',(0.0,-1.0,0.0));
#4406=DIRECTION('',(0.0,0.0,-1.0));
#4407=ORIENTED_EDGE('',*,*,#5368,.F.);
#4408=ORIENTED_EDGE('',*,*,#5369,.T.);
#4409=ORIENTED_EDGE('',*,*,#5370,.T.);
#4410=ORIENTED_EDGE('',*,*,#4491,.F.);
#4411=CARTESIAN_POINT('',(-10.825,2.75,2.5));
#4412=DIRECTION('',(1.0,0.0,7.88510670898549E-16));
#4413=DIRECTION('',(-7.88510670898549E-16,0.0,1.0));
#4414=ORIENTED_EDGE('',*,*,#4823,.T.);
#4415=ORIENTED_EDGE('',*,*,#5371,.T.);
#4416=ORIENTED_EDGE('',*,*,#5368,.T.);
#4417=ORIENTED_EDGE('',*,*,#4490,.F.);
#4418=ORIENTED_EDGE('',*,*,#4483,.F.);
#4419=CARTESIAN_POINT('',(-10.825,2.75,0.3));
#4420=DIRECTION('',(-2.25875452601147E-16,0.0,1.0));
#4421=DIRECTION('',(1.0,-0.0,2.25875452601147E-16));
#4422=ORIENTED_EDGE('',*,*,#4492,.F.);
#4423=ORIENTED_EDGE('',*,*,#5370,.F.);
#4424=ORIENTED_EDGE('',*,*,#5372,.T.);
#4425=ORIENTED_EDGE('',*,*,#4821,.F.);
#4426=ORIENTED_EDGE('',*,*,#4487,.F.);
#4427=CARTESIAN_POINT('',(-9.625,2.75,2.5));
#4428=DIRECTION('',(0.0,0.0,-1.0));
#4429=DIRECTION('',(0.0,-1.0,0.0));
#4430=ORIENTED_EDGE('',*,*,#5369,.F.);
#4431=ORIENTED_EDGE('',*,*,#5371,.F.);
#4432=ORIENTED_EDGE('',*,*,#4822,.T.);
#4433=ORIENTED_EDGE('',*,*,#5372,.F.);
#4434=CARTESIAN_POINT('',(0.0,3.6,0.0));
#4435=DIRECTION('',(0.0,-1.0,0.0));
#4436=DIRECTION('',(0.0,0.0,-1.0));
#4437=ORIENTED_EDGE('',*,*,#4912,.F.);
#4438=ORIENTED_EDGE('',*,*,#4907,.F.);
#4439=ORIENTED_EDGE('',*,*,#4910,.F.);
#4440=ORIENTED_EDGE('',*,*,#4555,.F.);
#4441=CARTESIAN_POINT('',(-11.125,1.0,0.0));
#4442=DIRECTION('',(-0.70710678118655,0.0,-0.707106781186545));
#4443=DIRECTION('',(-0.707106781186545,0.0,0.70710678118655));
#4444=ORIENTED_EDGE('',*,*,#4913,.F.);
#4445=ORIENTED_EDGE('',*,*,#4904,.F.);
#4446=ORIENTED_EDGE('',*,*,#4911,.F.);
#4447=ORIENTED_EDGE('',*,*,#4909,.F.);
#4448=CARTESIAN_POINT('',(-11.325,5.45,2.0));
#4449=DIRECTION('',(-0.707106781186547,0.0,0.707106781186548));
#4450=DIRECTION('',(0.0,1.0,0.0));
#4451=ORIENTED_EDGE('',*,*,#4921,.F.);
#4452=ORIENTED_EDGE('',*,*,#4919,.F.);
#4453=ORIENTED_EDGE('',*,*,#4927,.F.);
#4454=ORIENTED_EDGE('',*,*,#4924,.F.);
#4455=CARTESIAN_POINT('',(11.325,5.7,2.0));
#4456=DIRECTION('',(0.707106781186544,4.90653893338677E-15,0.707106781186551));
#4457=DIRECTION('',(6.93889390390723E-15,-1.0,0.0));
#4458=ORIENTED_EDGE('',*,*,#4923,.F.);
#4459=ORIENTED_EDGE('',*,*,#4926,.F.);
#4460=ORIENTED_EDGE('',*,*,#4928,.F.);
#4461=ORIENTED_EDGE('',*,*,#4567,.F.);
#4462=CARTESIAN_POINT('',(11.125,1.00000000000001,0.0));
#4463=DIRECTION('',(0.707106781186544,4.90653893338677E-15,-0.707106781186551));
#4464=DIRECTION('',(0.0,-1.0,-6.93889390390716E-15));
#4465=COLOUR_RGB('',0.596063196659088,0.666666686534882,0.686259269714355);
#4466=EDGE_CURVE('',#5373,#5374,#5375,.T.);
#4467=EDGE_CURVE('',#5373,#5376,#5377,.T.);
#4468=EDGE_CURVE('',#5376,#5378,#5379,.T.);
#4469=EDGE_CURVE('',#5378,#5374,#5380,.T.);
#4470=EDGE_CURVE('',#5381,#5382,#5383,.T.);
#4471=EDGE_CURVE('',#5381,#5384,#5385,.T.);
#4472=EDGE_CURVE('',#5386,#5384,#5387,.T.);
#4473=EDGE_CURVE('',#5386,#5382,#5388,.T.);
#4474=EDGE_CURVE('',#5389,#5390,#5391,.T.);
#4475=EDGE_CURVE('',#5389,#5392,#5393,.T.);
#4476=EDGE_CURVE('',#5394,#5392,#5395,.T.);
#4477=EDGE_CURVE('',#5394,#5390,#5396,.T.);
#4478=EDGE_CURVE('',#5397,#5398,#5399,.T.);
#4479=EDGE_CURVE('',#5397,#5400,#5401,.T.);
#4480=EDGE_CURVE('',#5400,#5402,#5403,.T.);
#4481=EDGE_CURVE('',#5402,#5398,#5404,.T.);
#4482=EDGE_CURVE('',#5405,#5406,#5407,.T.);
#4483=EDGE_CURVE('',#5405,#5408,#5409,.T.);
#4484=EDGE_CURVE('',#5408,#5410,#5411,.T.);
#4485=EDGE_CURVE('',#5406,#5410,#5412,.T.);
#4486=EDGE_CURVE('',#5413,#5414,#5415,.T.);
#4487=EDGE_CURVE('',#5414,#5416,#5417,.T.);
#4488=EDGE_CURVE('',#5418,#5416,#5419,.T.);
#4489=EDGE_CURVE('',#5418,#5413,#5420,.T.);
#4490=EDGE_CURVE('',#5408,#5421,#5422,.T.);
#4491=EDGE_CURVE('',#5421,#5423,#5424,.T.);
#4492=EDGE_CURVE('',#5423,#5414,#5425,.T.);
#4493=EDGE_CURVE('',#5413,#5426,#5427,.T.);
#4494=EDGE_CURVE('',#5426,#5428,#5429,.T.);
#4495=EDGE_CURVE('',#5410,#5428,#5430,.T.);
#4496=EDGE_CURVE('',#5431,#5432,#5433,.T.);
#4497=EDGE_CURVE('',#5432,#5434,#5435,.T.);
#4498=EDGE_CURVE('',#5434,#5436,#5437,.T.);
#4499=EDGE_CURVE('',#5438,#5436,#5439,.T.);
#4500=EDGE_CURVE('',#5440,#5438,#5441,.T.);
#4501=EDGE_CURVE('',#5440,#5442,#5443,.T.);
#4502=EDGE_CURVE('',#5442,#5444,#5445,.T.);
#4503=EDGE_CURVE('',#5444,#5431,#5446,.T.);
#4504=EDGE_CURVE('',#5434,#5447,#5448,.T.);
#4505=EDGE_CURVE('',#5447,#5449,#5450,.T.);
#4506=EDGE_CURVE('',#5436,#5449,#5451,.T.);
#4507=EDGE_CURVE('',#5452,#5453,#5454,.T.);
#4508=EDGE_CURVE('',#5453,#5444,#5455,.T.);
#4509=EDGE_CURVE('',#5442,#5452,#5456,.T.);
#4510=EDGE_CURVE('',#5457,#5458,#5459,.T.);
#4511=EDGE_CURVE('',#5457,#5460,#5461,.T.);
#4512=EDGE_CURVE('',#5460,#5462,#5463,.T.);
#4513=EDGE_CURVE('',#5464,#5462,#5465,.T.);
#4514=EDGE_CURVE('',#5464,#5466,#5467,.T.);
#4515=EDGE_CURVE('',#5468,#5466,#5469,.T.);
#4516=EDGE_CURVE('',#5468,#5470,#5471,.T.);
#4517=EDGE_CURVE('',#5458,#5470,#5472,.T.);
#4518=EDGE_CURVE('',#5457,#5473,#5474,.T.);
#4519=EDGE_CURVE('',#5475,#5473,#5476,.T.);
#4520=EDGE_CURVE('',#5460,#5475,#5477,.T.);
#4521=EDGE_CURVE('',#5478,#5479,#5480,.T.);
#4522=EDGE_CURVE('',#5478,#5481,#5482,.T.);
#4523=EDGE_CURVE('',#5483,#5481,#5484,.T.);
#4524=EDGE_CURVE('',#5479,#5483,#5485,.T.);
#4525=EDGE_CURVE('',#5486,#5487,#5488,.T.);
#4526=EDGE_CURVE('',#5487,#5489,#5490,.T.);
#4527=EDGE_CURVE('',#5489,#5491,#5492,.T.);
#4528=EDGE_CURVE('',#5486,#5491,#5493,.T.);
#4529=EDGE_CURVE('',#5494,#5495,#5496,.T.);
#4530=EDGE_CURVE('',#5497,#5494,#5498,.T.);
#4531=EDGE_CURVE('',#5499,#5497,#5500,.T.);
#4532=EDGE_CURVE('',#5495,#5499,#5501,.T.);
#4533=EDGE_CURVE('',#5502,#5503,#5504,.T.);
#4534=EDGE_CURVE('',#5503,#5478,#5505,.T.);
#4535=EDGE_CURVE('',#5506,#5479,#5507,.T.);
#4536=EDGE_CURVE('',#5508,#5506,#5509,.T.);
#4537=EDGE_CURVE('',#5510,#5508,#5511,.T.);
#4538=EDGE_CURVE('',#5512,#5510,#5513,.T.);
#4539=EDGE_CURVE('',#5514,#5512,#5515,.T.);
#4540=EDGE_CURVE('',#5516,#5514,#5517,.T.);
#4541=EDGE_CURVE('',#5518,#5516,#5519,.T.);
#4542=EDGE_CURVE('',#5518,#5520,#5521,.T.);
#4543=EDGE_CURVE('',#5520,#5522,#5523,.T.);
#4544=EDGE_CURVE('',#5522,#5524,#5525,.T.);
#4545=EDGE_CURVE('',#5475,#5524,#5526,.T.);
#4546=EDGE_CURVE('',#5473,#5527,#5528,.T.);
#4547=EDGE_CURVE('',#5527,#5529,#5530,.T.);
#4548=EDGE_CURVE('',#5529,#5531,#5532,.T.);
#4549=EDGE_CURVE('',#5531,#5533,#5534,.T.);
#4550=EDGE_CURVE('',#5533,#5502,#5535,.T.);
#4551=EDGE_CURVE('',#5481,#5536,#5537,.T.);
#4552=EDGE_CURVE('',#5538,#5536,#5539,.T.);
#4553=EDGE_CURVE('',#5483,#5538,#5540,.T.);
#4554=EDGE_CURVE('',#5541,#5542,#5543,.T.);
#4555=EDGE_CURVE('',#5542,#5544,#5545,.T.);
#4556=EDGE_CURVE('',#5544,#5546,#5547,.T.);
#4557=EDGE_CURVE('',#5548,#5546,#5549,.T.);
#4558=EDGE_CURVE('',#5495,#5548,#5550,.T.);
#4559=EDGE_CURVE('',#5551,#5499,#5552,.T.);
#4560=EDGE_CURVE('',#5551,#5553,#5554,.T.);
#4561=EDGE_CURVE('',#5555,#5553,#5556,.T.);
#4562=EDGE_CURVE('',#5557,#5555,#5558,.T.);
#4563=EDGE_CURVE('',#5491,#5557,#5559,.T.);
#4564=EDGE_CURVE('',#5560,#5489,#5561,.T.);
#4565=EDGE_CURVE('',#5562,#5560,#5563,.T.);
#4566=EDGE_CURVE('',#5562,#5564,#5565,.T.);
#4567=EDGE_CURVE('',#5564,#5566,#5567,.T.);
#4568=EDGE_CURVE('',#5566,#5568,#5569,.T.);
#4569=EDGE_CURVE('',#5570,#5568,#5571,.T.);
#4570=EDGE_CURVE('',#5572,#5570,#5573,.T.);
#4571=EDGE_CURVE('',#5572,#5574,#5575,.T.);
#4572=EDGE_CURVE('',#5574,#5438,#5576,.T.);
#4573=EDGE_CURVE('',#5577,#5449,#5578,.T.);
#4574=EDGE_CURVE('',#5577,#5579,#5580,.T.);
#4575=EDGE_CURVE('',#5581,#5579,#5582,.T.);
#4576=EDGE_CURVE('',#5583,#5581,#5584,.T.);
#4577=EDGE_CURVE('',#5585,#5583,#5586,.T.);
#4578=EDGE_CURVE('',#5587,#5585,#5588,.T.);
#4579=EDGE_CURVE('',#5589,#5587,#5590,.T.);
#4580=EDGE_CURVE('',#5591,#5589,#5592,.T.);
#4581=EDGE_CURVE('',#5538,#5591,#5593,.T.);
#4582=EDGE_CURVE('',#5536,#5594,#5595,.T.);
#4583=EDGE_CURVE('',#5594,#5596,#5597,.T.);
#4584=EDGE_CURVE('',#5596,#5598,#5599,.T.);
#4585=EDGE_CURVE('',#5598,#5600,#5601,.T.);
#4586=EDGE_CURVE('',#5600,#5602,#5603,.T.);
#4587=EDGE_CURVE('',#5602,#5604,#5605,.T.);
#4588=EDGE_CURVE('',#5604,#5458,#5606,.T.);
#4589=EDGE_CURVE('',#5470,#5406,#5607,.T.);
#4590=EDGE_CURVE('',#5428,#5608,#5609,.T.);
#4591=EDGE_CURVE('',#5608,#5610,#5611,.T.);
#4592=EDGE_CURVE('',#5612,#5610,#5613,.T.);
#4593=EDGE_CURVE('',#5541,#5612,#5614,.T.);
#4594=EDGE_CURVE('',#5615,#5518,#5616,.T.);
#4595=EDGE_CURVE('',#5617,#5615,#5618,.T.);
#4596=EDGE_CURVE('',#5617,#5520,#5619,.T.);
#4597=EDGE_CURVE('',#5620,#5621,#5622,.T.);
#4598=EDGE_CURVE('',#5620,#5623,#5624,.T.);
#4599=EDGE_CURVE('',#5625,#5623,#5626,.T.);
#4600=EDGE_CURVE('',#5627,#5625,#5628,.T.);
#4601=EDGE_CURVE('',#5629,#5627,#5630,.T.);
#4602=EDGE_CURVE('',#5629,#5631,#5632,.T.);
#4603=EDGE_CURVE('',#5633,#5631,#5634,.T.);
#4604=EDGE_CURVE('',#5635,#5633,#5636,.T.);
#4605=EDGE_CURVE('',#5637,#5635,#5638,.T.);
#4606=EDGE_CURVE('',#5637,#5639,#5640,.T.);
#4607=EDGE_CURVE('',#5639,#5572,#5641,.T.);
#4608=EDGE_CURVE('',#5570,#5642,#5643,.T.);
#4609=EDGE_CURVE('',#5644,#5642,#5645,.T.);
#4610=EDGE_CURVE('',#5644,#5560,#5646,.T.);
#4611=EDGE_CURVE('',#5647,#5487,#5648,.T.);
#4612=EDGE_CURVE('',#5555,#5647,#5649,.T.);
#4613=EDGE_CURVE('',#5650,#5553,#5651,.T.);
#4614=EDGE_CURVE('',#5494,#5650,#5652,.T.);
#4615=EDGE_CURVE('',#5548,#5653,#5654,.T.);
#4616=EDGE_CURVE('',#5655,#5653,#5656,.T.);
#4617=EDGE_CURVE('',#5655,#5612,#5657,.T.);
#4618=EDGE_CURVE('',#5658,#5610,#5659,.T.);
#4619=EDGE_CURVE('',#5658,#5660,#5661,.T.);
#4620=EDGE_CURVE('',#5662,#5660,#5663,.T.);
#4621=EDGE_CURVE('',#5664,#5662,#5665,.T.);
#4622=EDGE_CURVE('',#5666,#5664,#5667,.T.);
#4623=EDGE_CURVE('',#5668,#5666,#5669,.T.);
#4624=EDGE_CURVE('',#5670,#5668,#5671,.T.);
#4625=EDGE_CURVE('',#5670,#5672,#5673,.T.);
#4626=EDGE_CURVE('',#5674,#5672,#5675,.T.);
#4627=EDGE_CURVE('',#5676,#5674,#5677,.T.);
#4628=EDGE_CURVE('',#5678,#5676,#5679,.T.);
#4629=EDGE_CURVE('',#5678,#5680,#5681,.T.);
#4630=EDGE_CURVE('',#5682,#5680,#5683,.T.);
#4631=EDGE_CURVE('',#5684,#5682,#5685,.T.);
#4632=EDGE_CURVE('',#5686,#5684,#5687,.T.);
#4633=EDGE_CURVE('',#5686,#5688,#5689,.T.);
#4634=EDGE_CURVE('',#5690,#5688,#5691,.T.);
#4635=EDGE_CURVE('',#5692,#5690,#5693,.T.);
#4636=EDGE_CURVE('',#5694,#5692,#5695,.T.);
#4637=EDGE_CURVE('',#5694,#5696,#5697,.T.);
#4638=EDGE_CURVE('',#5698,#5696,#5699,.T.);
#4639=EDGE_CURVE('',#5700,#5698,#5701,.T.);
#4640=EDGE_CURVE('',#5702,#5700,#5703,.T.);
#4641=EDGE_CURVE('',#5702,#5704,#5705,.T.);
#4642=EDGE_CURVE('',#5706,#5704,#5707,.T.);
#4643=EDGE_CURVE('',#5708,#5706,#5709,.T.);
#4644=EDGE_CURVE('',#5710,#5708,#5711,.T.);
#4645=EDGE_CURVE('',#5710,#5712,#5713,.T.);
#4646=EDGE_CURVE('',#5714,#5712,#5715,.T.);
#4647=EDGE_CURVE('',#5716,#5714,#5717,.T.);
#4648=EDGE_CURVE('',#5718,#5716,#5719,.T.);
#4649=EDGE_CURVE('',#5718,#5720,#5721,.T.);
#4650=EDGE_CURVE('',#5722,#5720,#5723,.T.);
#4651=EDGE_CURVE('',#5724,#5722,#5725,.T.);
#4652=EDGE_CURVE('',#5726,#5724,#5727,.T.);
#4653=EDGE_CURVE('',#5726,#5728,#5729,.T.);
#4654=EDGE_CURVE('',#5730,#5728,#5731,.T.);
#4655=EDGE_CURVE('',#5732,#5730,#5733,.T.);
#4656=EDGE_CURVE('',#5734,#5732,#5735,.T.);
#4657=EDGE_CURVE('',#5734,#5736,#5737,.T.);
#4658=EDGE_CURVE('',#5738,#5736,#5739,.T.);
#4659=EDGE_CURVE('',#5740,#5738,#5741,.T.);
#4660=EDGE_CURVE('',#5742,#5740,#5743,.T.);
#4661=EDGE_CURVE('',#5742,#5744,#5745,.T.);
#4662=EDGE_CURVE('',#5746,#5744,#5747,.T.);
#4663=EDGE_CURVE('',#5748,#5746,#5749,.T.);
#4664=EDGE_CURVE('',#5750,#5748,#5751,.T.);
#4665=EDGE_CURVE('',#5750,#5752,#5753,.T.);
#4666=EDGE_CURVE('',#5754,#5752,#5755,.T.);
#4667=EDGE_CURVE('',#5756,#5754,#5757,.T.);
#4668=EDGE_CURVE('',#5758,#5756,#5759,.T.);
#4669=EDGE_CURVE('',#5758,#5760,#5761,.T.);
#4670=EDGE_CURVE('',#5762,#5760,#5763,.T.);
#4671=EDGE_CURVE('',#5621,#5762,#5764,.T.);
#4672=EDGE_CURVE('',#5765,#5766,#5767,.T.);
#4673=EDGE_CURVE('',#5765,#5768,#5769,.T.);
#4674=EDGE_CURVE('',#5768,#5770,#5771,.T.);
#4675=EDGE_CURVE('',#5770,#5772,#5773,.T.);
#4676=EDGE_CURVE('',#5766,#5772,#5774,.T.);
#4677=EDGE_CURVE('',#5775,#5776,#5777,.T.);
#4678=EDGE_CURVE('',#5775,#5778,#5779,.T.);
#4679=EDGE_CURVE('',#5780,#5778,#5781,.T.);
#4680=EDGE_CURVE('',#5776,#5780,#5782,.T.);
#4681=EDGE_CURVE('',#5783,#5784,#5785,.T.);
#4682=EDGE_CURVE('',#5783,#5786,#5787,.T.);
#4683=EDGE_CURVE('',#5788,#5786,#5789,.T.);
#4684=EDGE_CURVE('',#5784,#5788,#5790,.T.);
#4685=EDGE_CURVE('',#5791,#5792,#5793,.T.);
#4686=EDGE_CURVE('',#5791,#5794,#5795,.T.);
#4687=EDGE_CURVE('',#5796,#5794,#5797,.T.);
#4688=EDGE_CURVE('',#5792,#5796,#5798,.T.);
#4689=EDGE_CURVE('',#5799,#5800,#5801,.T.);
#4690=EDGE_CURVE('',#5799,#5802,#5803,.T.);
#4691=EDGE_CURVE('',#5804,#5802,#5805,.T.);
#4692=EDGE_CURVE('',#5800,#5804,#5806,.T.);
#4693=EDGE_CURVE('',#5807,#5808,#5809,.T.);
#4694=EDGE_CURVE('',#5807,#5810,#5811,.T.);
#4695=EDGE_CURVE('',#5812,#5810,#5813,.T.);
#4696=EDGE_CURVE('',#5808,#5812,#5814,.T.);
#4697=EDGE_CURVE('',#5815,#5816,#5817,.T.);
#4698=EDGE_CURVE('',#5815,#5818,#5819,.T.);
#4699=EDGE_CURVE('',#5820,#5818,#5821,.T.);
#4700=EDGE_CURVE('',#5816,#5820,#5822,.T.);
#4701=EDGE_CURVE('',#5823,#5824,#5825,.T.);
#4702=EDGE_CURVE('',#5823,#5826,#5827,.T.);
#4703=EDGE_CURVE('',#5828,#5826,#5829,.T.);
#4704=EDGE_CURVE('',#5824,#5828,#5830,.T.);
#4705=EDGE_CURVE('',#5831,#5832,#5833,.T.);
#4706=EDGE_CURVE('',#5831,#5834,#5835,.T.);
#4707=EDGE_CURVE('',#5836,#5834,#5837,.T.);
#4708=EDGE_CURVE('',#5832,#5836,#5838,.T.);
#4709=EDGE_CURVE('',#5839,#5840,#5841,.T.);
#4710=EDGE_CURVE('',#5839,#5842,#5843,.T.);
#4711=EDGE_CURVE('',#5844,#5842,#5845,.T.);
#4712=EDGE_CURVE('',#5840,#5844,#5846,.T.);
#4713=EDGE_CURVE('',#5847,#5848,#5849,.T.);
#4714=EDGE_CURVE('',#5847,#5850,#5851,.T.);
#4715=EDGE_CURVE('',#5852,#5850,#5853,.T.);
#4716=EDGE_CURVE('',#5848,#5852,#5854,.T.);
#4717=EDGE_CURVE('',#5855,#5856,#5857,.T.);
#4718=EDGE_CURVE('',#5855,#5858,#5859,.T.);
#4719=EDGE_CURVE('',#5860,#5858,#5861,.T.);
#4720=EDGE_CURVE('',#5856,#5860,#5862,.T.);
#4721=EDGE_CURVE('',#5863,#5864,#5865,.T.);
#4722=EDGE_CURVE('',#5863,#5866,#5867,.T.);
#4723=EDGE_CURVE('',#5868,#5866,#5869,.T.);
#4724=EDGE_CURVE('',#5864,#5868,#5870,.T.);
#4725=EDGE_CURVE('',#5871,#5872,#5873,.T.);
#4726=EDGE_CURVE('',#5871,#5874,#5875,.T.);
#4727=EDGE_CURVE('',#5876,#5874,#5877,.T.);
#4728=EDGE_CURVE('',#5872,#5876,#5878,.T.);
#4729=EDGE_CURVE('',#5879,#5880,#5881,.T.);
#4730=EDGE_CURVE('',#5879,#5882,#5883,.T.);
#4731=EDGE_CURVE('',#5884,#5882,#5885,.T.);
#4732=EDGE_CURVE('',#5880,#5884,#5886,.T.);
#4733=EDGE_CURVE('',#5887,#5888,#5889,.T.);
#4734=EDGE_CURVE('',#5890,#5887,#5891,.T.);
#4735=EDGE_CURVE('',#5890,#5892,#5893,.T.);
#4736=EDGE_CURVE('',#5892,#5894,#5895,.T.);
#4737=EDGE_CURVE('',#5896,#5894,#5897,.T.);
#4738=EDGE_CURVE('',#5898,#5896,#5899,.T.);
#4739=EDGE_CURVE('',#5900,#5898,#5901,.T.);
#4740=EDGE_CURVE('',#5392,#5900,#5902,.T.);
#4741=EDGE_CURVE('',#5903,#5389,#5904,.T.);
#4742=EDGE_CURVE('',#5905,#5903,#5906,.T.);
#4743=EDGE_CURVE('',#5907,#5905,#5908,.T.);
#4744=EDGE_CURVE('',#5909,#5907,#5910,.T.);
#4745=EDGE_CURVE('',#5398,#5909,#5911,.T.);
#4746=EDGE_CURVE('',#5524,#5402,#5912,.T.);
#4747=EDGE_CURVE('',#5913,#5522,#5914,.T.);
#4748=EDGE_CURVE('',#5374,#5913,#5915,.T.);
#4749=EDGE_CURVE('',#5916,#5378,#5917,.T.);
#4750=EDGE_CURVE('',#5918,#5916,#5919,.T.);
#4751=EDGE_CURVE('',#5384,#5918,#5920,.T.);
#4752=EDGE_CURVE('',#5921,#5381,#5922,.T.);
#4753=EDGE_CURVE('',#5923,#5921,#5924,.T.);
#4754=EDGE_CURVE('',#5925,#5923,#5926,.T.);
#4755=EDGE_CURVE('',#5888,#5925,#5927,.T.);
#4756=EDGE_CURVE('',#5466,#5928,#5929,.T.);
#4757=EDGE_CURVE('',#5928,#5930,#5931,.T.);
#4758=EDGE_CURVE('',#5932,#5930,#5933,.T.);
#4759=EDGE_CURVE('',#5468,#5932,#5934,.T.);
#4760=EDGE_CURVE('',#5615,#5579,#5935,.T.);
#4761=EDGE_CURVE('',#5770,#5577,#5936,.T.);
#4762=EDGE_CURVE('',#5768,#5937,#5938,.T.);
#4763=EDGE_CURVE('',#5939,#5937,#5940,.T.);
#4764=EDGE_CURVE('',#5939,#5617,#5941,.T.);
#4765=EDGE_CURVE('',#5623,#5942,#5943,.T.);
#4766=EDGE_CURVE('',#5944,#5942,#5945,.T.);
#4767=EDGE_CURVE('',#5762,#5944,#5946,.T.);
#4768=EDGE_CURVE('',#5760,#5947,#5948,.T.);
#4769=EDGE_CURVE('',#5949,#5947,#5950,.T.);
#4770=EDGE_CURVE('',#5754,#5949,#5951,.T.);
#4771=EDGE_CURVE('',#5752,#5952,#5953,.T.);
#4772=EDGE_CURVE('',#5954,#5952,#5955,.T.);
#4773=EDGE_CURVE('',#5746,#5954,#5956,.T.);
#4774=EDGE_CURVE('',#5744,#5957,#5958,.T.);
#4775=EDGE_CURVE('',#5959,#5957,#5960,.T.);
#4776=EDGE_CURVE('',#5738,#5959,#5961,.T.);
#4777=EDGE_CURVE('',#5736,#5962,#5963,.T.);
#4778=EDGE_CURVE('',#5964,#5962,#5965,.T.);
#4779=EDGE_CURVE('',#5730,#5964,#5966,.T.);
#4780=EDGE_CURVE('',#5728,#5967,#5968,.T.);
#4781=EDGE_CURVE('',#5969,#5967,#5970,.T.);
#4782=EDGE_CURVE('',#5722,#5969,#5971,.T.);
#4783=EDGE_CURVE('',#5720,#5972,#5973,.T.);
#4784=EDGE_CURVE('',#5974,#5972,#5975,.T.);
#4785=EDGE_CURVE('',#5714,#5974,#5976,.T.);
#4786=EDGE_CURVE('',#5712,#5977,#5978,.T.);
#4787=EDGE_CURVE('',#5979,#5977,#5980,.T.);
#4788=EDGE_CURVE('',#5706,#5979,#5981,.T.);
#4789=EDGE_CURVE('',#5704,#5982,#5983,.T.);
#4790=EDGE_CURVE('',#5984,#5982,#5985,.T.);
#4791=EDGE_CURVE('',#5698,#5984,#5986,.T.);
#4792=EDGE_CURVE('',#5696,#5987,#5988,.T.);
#4793=EDGE_CURVE('',#5989,#5987,#5990,.T.);
#4794=EDGE_CURVE('',#5690,#5989,#5991,.T.);
#4795=EDGE_CURVE('',#5688,#5992,#5993,.T.);
#4796=EDGE_CURVE('',#5994,#5992,#5995,.T.);
#4797=EDGE_CURVE('',#5682,#5994,#5996,.T.);
#4798=EDGE_CURVE('',#5680,#5997,#5998,.T.);
#4799=EDGE_CURVE('',#5999,#5997,#6000,.T.);
#4800=EDGE_CURVE('',#5674,#5999,#6001,.T.);
#4801=EDGE_CURVE('',#5672,#6002,#6003,.T.);
#4802=EDGE_CURVE('',#6004,#6002,#6005,.T.);
#4803=EDGE_CURVE('',#5666,#6004,#6006,.T.);
#4804=EDGE_CURVE('',#6007,#5664,#6008,.T.);
#4805=EDGE_CURVE('',#6009,#6007,#6010,.T.);
#4806=EDGE_CURVE('',#6009,#5892,#6011,.T.);
#4807=EDGE_CURVE('',#6012,#5890,#6013,.T.);
#4808=EDGE_CURVE('',#6014,#6012,#6015,.T.);
#4809=EDGE_CURVE('',#6014,#5633,#6016,.T.);
#4810=EDGE_CURVE('',#5631,#6017,#6018,.T.);
#4811=EDGE_CURVE('',#6019,#6017,#6020,.T.);
#4812=EDGE_CURVE('',#5625,#6019,#6021,.T.);
#4813=EDGE_CURVE('',#5447,#6022,#6023,.T.);
#4814=EDGE_CURVE('',#6024,#6022,#6025,.T.);
#4815=EDGE_CURVE('',#5453,#6024,#6026,.T.);
#4816=EDGE_CURVE('',#5452,#5637,#6027,.T.);
#4817=EDGE_CURVE('',#6028,#5637,#6029,.T.);
#4818=EDGE_CURVE('',#6012,#6028,#6030,.T.);
#4819=EDGE_CURVE('',#6031,#5887,#6032,.T.);
#4820=EDGE_CURVE('',#5772,#6031,#6033,.T.);
#4821=EDGE_CURVE('',#5416,#6034,#6035,.T.);
#4822=EDGE_CURVE('',#6036,#6034,#6037,.T.);
#4823=EDGE_CURVE('',#5405,#6036,#6038,.T.);
#4824=EDGE_CURVE('',#6039,#5932,#6040,.T.);
#4825=EDGE_CURVE('',#6039,#5894,#6041,.T.);
#4826=EDGE_CURVE('',#6042,#6009,#6043,.T.);
#4827=EDGE_CURVE('',#6042,#5660,#6044,.T.);
#4828=EDGE_CURVE('',#5660,#5418,#6045,.T.);
#4829=EDGE_CURVE('',#5400,#5475,#6046,.T.);
#4830=EDGE_CURVE('',#6047,#5909,#6048,.T.);
#4831=EDGE_CURVE('',#6047,#5397,#6049,.T.);
#4832=EDGE_CURVE('',#5462,#5907,#6050,.T.);
#4833=EDGE_CURVE('',#5462,#6047,#6051,.T.);
#4834=EDGE_CURVE('',#5464,#5905,#6052,.T.);
#4835=EDGE_CURVE('',#6053,#5903,#6054,.T.);
#4836=EDGE_CURVE('',#6053,#5464,#6055,.T.);
#4837=EDGE_CURVE('',#5390,#6053,#6056,.T.);
#4838=EDGE_CURVE('',#5928,#5394,#6057,.T.);
#4839=EDGE_CURVE('',#6058,#5900,#6059,.T.);
#4840=EDGE_CURVE('',#6058,#6060,#6061,.T.);
#4841=EDGE_CURVE('',#5930,#6060,#6062,.T.);
#4842=EDGE_CURVE('',#6063,#5921,#6064,.T.);
#4843=EDGE_CURVE('',#6063,#5765,#6065,.T.);
#4844=EDGE_CURVE('',#6066,#5766,#6067,.T.);
#4845=EDGE_CURVE('',#6066,#6068,#6069,.T.);
#4846=EDGE_CURVE('',#6068,#5923,#6070,.T.);
#4847=EDGE_CURVE('',#5382,#6063,#6071,.T.);
#4848=EDGE_CURVE('',#5937,#5918,#6072,.T.);
#4849=EDGE_CURVE('',#5937,#5386,#6073,.T.);
#4850=EDGE_CURVE('',#5939,#5916,#6074,.T.);
#4851=EDGE_CURVE('',#5376,#5939,#6075,.T.);
#4852=EDGE_CURVE('',#5520,#6076,#6077,.T.);
#4853=EDGE_CURVE('',#6076,#5913,#6078,.T.);
#4854=EDGE_CURVE('',#6076,#5373,#6079,.T.);
#4855=EDGE_CURVE('',#6080,#5898,#6081,.T.);
#4856=EDGE_CURVE('',#6080,#6058,#6082,.T.);
#4857=EDGE_CURVE('',#6083,#6084,#6085,.T.);
#4858=EDGE_CURVE('',#6083,#6080,#6086,.T.);
#4859=EDGE_CURVE('',#6084,#5896,#6087,.T.);
#4860=EDGE_CURVE('',#6084,#6039,#6088,.T.);
#4861=EDGE_CURVE('',#6060,#6083,#6089,.T.);
#4862=EDGE_CURVE('',#6090,#5925,#6091,.T.);
#4863=EDGE_CURVE('',#6090,#6092,#6093,.T.);
#4864=EDGE_CURVE('',#6094,#6092,#6095,.T.);
#4865=EDGE_CURVE('',#6094,#5888,#6096,.T.);
#4866=EDGE_CURVE('',#6068,#6090,#6097,.T.);
#4867=EDGE_CURVE('',#6031,#6094,#6098,.T.);
#4868=EDGE_CURVE('',#6092,#6066,#6099,.T.);
#4869=EDGE_CURVE('',#6100,#6014,#6101,.T.);
#4870=EDGE_CURVE('',#6100,#5635,#6102,.T.);
#4871=EDGE_CURVE('',#6028,#6100,#6103,.T.);
#4872=EDGE_CURVE('',#6104,#5647,#6105,.T.);
#4873=EDGE_CURVE('',#5557,#6104,#6106,.T.);
#4874=EDGE_CURVE('',#6104,#5486,#6107,.T.);
#4875=EDGE_CURVE('',#6108,#5662,#6109,.T.);
#4876=EDGE_CURVE('',#6007,#6108,#6110,.T.);
#4877=EDGE_CURVE('',#6108,#6042,#6111,.T.);
#4878=EDGE_CURVE('',#6112,#5650,#6113,.T.);
#4879=EDGE_CURVE('',#5497,#6112,#6114,.T.);
#4880=EDGE_CURVE('',#6112,#5551,#6115,.T.);
#4881=EDGE_CURVE('',#5589,#5508,#6116,.T.);
#4882=EDGE_CURVE('',#5587,#5510,#6117,.T.);
#4883=EDGE_CURVE('',#5585,#5512,#6118,.T.);
#4884=EDGE_CURVE('',#5583,#5514,#6119,.T.);
#4885=EDGE_CURVE('',#5581,#5516,#6120,.T.);
#4886=EDGE_CURVE('',#5591,#5506,#6121,.T.);
#4887=EDGE_CURVE('',#5426,#6122,#6123,.T.);
#4888=EDGE_CURVE('',#6122,#5608,#6124,.T.);
#4889=EDGE_CURVE('',#6122,#5658,#6125,.T.);
#4890=EDGE_CURVE('',#5639,#6126,#6127,.T.);
#4891=EDGE_CURVE('',#6126,#5574,#6128,.T.);
#4892=EDGE_CURVE('',#6126,#5440,#6129,.T.);
#4893=EDGE_CURVE('',#5600,#5531,#6130,.T.);
#4894=EDGE_CURVE('',#5598,#5533,#6131,.T.);
#4895=EDGE_CURVE('',#5602,#5529,#6132,.T.);
#4896=EDGE_CURVE('',#5604,#5527,#6133,.T.);
#4897=EDGE_CURVE('',#5594,#5503,#6134,.T.);
#4898=EDGE_CURVE('',#5596,#5502,#6135,.T.);
#4899=EDGE_CURVE('',#6136,#5546,#6137,.T.);
#4900=EDGE_CURVE('',#6136,#5653,#6138,.T.);
#4901=EDGE_CURVE('',#5655,#6139,#6140,.T.);
#4902=EDGE_CURVE('',#6139,#5541,#6141,.T.);
#4903=EDGE_CURVE('',#6142,#6136,#6143,.T.);
#4904=EDGE_CURVE('',#6142,#6144,#6145,.T.);
#4905=EDGE_CURVE('',#6139,#6144,#6146,.T.);
#4906=EDGE_CURVE('',#6147,#6148,#6149,.T.);
#4907=EDGE_CURVE('',#6148,#6150,#6151,.T.);
#4908=EDGE_CURVE('',#6152,#6150,#6153,.T.);
#4909=EDGE_CURVE('',#6152,#6147,#6154,.T.);
#4910=EDGE_CURVE('',#5544,#6148,#6155,.T.);
#4911=EDGE_CURVE('',#6147,#6142,#6156,.T.);
#4912=EDGE_CURVE('',#6150,#5542,#6157,.T.);
#4913=EDGE_CURVE('',#6144,#6152,#6158,.T.);
#4914=EDGE_CURVE('',#5644,#6159,#6160,.T.);
#4915=EDGE_CURVE('',#6159,#5562,#6161,.T.);
#4916=EDGE_CURVE('',#6162,#5568,#6163,.T.);
#4917=EDGE_CURVE('',#6162,#5642,#6164,.T.);
#4918=EDGE_CURVE('',#6165,#6162,#6166,.T.);
#4919=EDGE_CURVE('',#6165,#6167,#6168,.T.);
#4920=EDGE_CURVE('',#6159,#6167,#6169,.T.);
#4921=EDGE_CURVE('',#6167,#6170,#6171,.T.);
#4922=EDGE_CURVE('',#6170,#6172,#6173,.T.);
#4923=EDGE_CURVE('',#6172,#5564,#6174,.T.);
#4924=EDGE_CURVE('',#6170,#6175,#6176,.T.);
#4925=EDGE_CURVE('',#6175,#6177,#6178,.T.);
#4926=EDGE_CURVE('',#6177,#6172,#6179,.T.);
#4927=EDGE_CURVE('',#6175,#6165,#6180,.T.);
#4928=EDGE_CURVE('',#5566,#6177,#6181,.T.);
#4929=EDGE_CURVE('',#6182,#6183,#6184,.T.);
#4930=EDGE_CURVE('',#6185,#6183,#6186,.T.);
#4931=EDGE_CURVE('',#6187,#6185,#6188,.T.);
#4932=EDGE_CURVE('',#6187,#6182,#6189,.T.);
#4933=EDGE_CURVE('',#6183,#6190,#6191,.T.);
#4934=EDGE_CURVE('',#6192,#6190,#6193,.T.);
#4935=EDGE_CURVE('',#6185,#6192,#6194,.T.);
#4936=EDGE_CURVE('',#6190,#6195,#6196,.T.);
#4937=EDGE_CURVE('',#6197,#6195,#6198,.T.);
#4938=EDGE_CURVE('',#6192,#6197,#6199,.T.);
#4939=EDGE_CURVE('',#6195,#6200,#6201,.T.);
#4940=EDGE_CURVE('',#6202,#6200,#6203,.T.);
#4941=EDGE_CURVE('',#6197,#6202,#6204,.T.);
#4942=EDGE_CURVE('',#5629,#6187,#6205,.T.);
#4943=EDGE_CURVE('',#6202,#6017,#6206,.T.);
#4944=EDGE_CURVE('',#5627,#6182,#6207,.T.);
#4945=EDGE_CURVE('',#6200,#6019,#6208,.T.);
#4946=EDGE_CURVE('',#6209,#5884,#6210,.T.);
#4947=EDGE_CURVE('',#6211,#5882,#6212,.T.);
#4948=EDGE_CURVE('',#6211,#6209,#6213,.T.);
#4949=EDGE_CURVE('',#5879,#6214,#6215,.T.);
#4950=EDGE_CURVE('',#5880,#6216,#6217,.T.);
#4951=EDGE_CURVE('',#6214,#6216,#6218,.T.);
#4952=EDGE_CURVE('',#6214,#6219,#6220,.T.);
#4953=EDGE_CURVE('',#6219,#6221,#6222,.T.);
#4954=EDGE_CURVE('',#6221,#6211,#6223,.T.);
#4955=EDGE_CURVE('',#6224,#6209,#6225,.T.);
#4956=EDGE_CURVE('',#6226,#6224,#6227,.T.);
#4957=EDGE_CURVE('',#6216,#6226,#6228,.T.);
#4958=EDGE_CURVE('',#6221,#6224,#6229,.T.);
#4959=EDGE_CURVE('',#6219,#6226,#6230,.T.);
#4960=EDGE_CURVE('',#6231,#6232,#6233,.T.);
#4961=EDGE_CURVE('',#6234,#6232,#6235,.T.);
#4962=EDGE_CURVE('',#6236,#6234,#6237,.T.);
#4963=EDGE_CURVE('',#6236,#6231,#6238,.T.);
#4964=EDGE_CURVE('',#6232,#6239,#6240,.T.);
#4965=EDGE_CURVE('',#6241,#6239,#6242,.T.);
#4966=EDGE_CURVE('',#6234,#6241,#6243,.T.);
#4967=EDGE_CURVE('',#6239,#6244,#6245,.T.);
#4968=EDGE_CURVE('',#6246,#6244,#6247,.T.);
#4969=EDGE_CURVE('',#6241,#6246,#6248,.T.);
#4970=EDGE_CURVE('',#6244,#6249,#6250,.T.);
#4971=EDGE_CURVE('',#6251,#6249,#6252,.T.);
#4972=EDGE_CURVE('',#6246,#6251,#6253,.T.);
#4973=EDGE_CURVE('',#5670,#6236,#6254,.T.);
#4974=EDGE_CURVE('',#6251,#6002,#6255,.T.);
#4975=EDGE_CURVE('',#5668,#6231,#6256,.T.);
#4976=EDGE_CURVE('',#6249,#6004,#6257,.T.);
#4977=EDGE_CURVE('',#6258,#6259,#6260,.T.);
#4978=EDGE_CURVE('',#6261,#6259,#6262,.T.);
#4979=EDGE_CURVE('',#6263,#6261,#6264,.T.);
#4980=EDGE_CURVE('',#6263,#6258,#6265,.T.);
#4981=EDGE_CURVE('',#6259,#6266,#6267,.T.);
#4982=EDGE_CURVE('',#6268,#6266,#6269,.T.);
#4983=EDGE_CURVE('',#6261,#6268,#6270,.T.);
#4984=EDGE_CURVE('',#6266,#6271,#6272,.T.);
#4985=EDGE_CURVE('',#6273,#6271,#6274,.T.);
#4986=EDGE_CURVE('',#6268,#6273,#6275,.T.);
#4987=EDGE_CURVE('',#6271,#6276,#6277,.T.);
#4988=EDGE_CURVE('',#6278,#6276,#6279,.T.);
#4989=EDGE_CURVE('',#6273,#6278,#6280,.T.);
#4990=EDGE_CURVE('',#5678,#6263,#6281,.T.);
#4991=EDGE_CURVE('',#6278,#5997,#6282,.T.);
#4992=EDGE_CURVE('',#5676,#6258,#6283,.T.);
#4993=EDGE_CURVE('',#6276,#5999,#6284,.T.);
#4994=EDGE_CURVE('',#6285,#6286,#6287,.T.);
#4995=EDGE_CURVE('',#6288,#6286,#6289,.T.);
#4996=EDGE_CURVE('',#6290,#6288,#6291,.T.);
#4997=EDGE_CURVE('',#6290,#6285,#6292,.T.);
#4998=EDGE_CURVE('',#6286,#6293,#6294,.T.);
#4999=EDGE_CURVE('',#6295,#6293,#6296,.T.);
#5000=EDGE_CURVE('',#6288,#6295,#6297,.T.);
#5001=EDGE_CURVE('',#6293,#6298,#6299,.T.);
#5002=EDGE_CURVE('',#6300,#6298,#6301,.T.);
#5003=EDGE_CURVE('',#6295,#6300,#6302,.T.);
#5004=EDGE_CURVE('',#6298,#6303,#6304,.T.);
#5005=EDGE_CURVE('',#6305,#6303,#6306,.T.);
#5006=EDGE_CURVE('',#6300,#6305,#6307,.T.);
#5007=EDGE_CURVE('',#5686,#6290,#6308,.T.);
#5008=EDGE_CURVE('',#6305,#5992,#6309,.T.);
#5009=EDGE_CURVE('',#5684,#6285,#6310,.T.);
#5010=EDGE_CURVE('',#6303,#5994,#6311,.T.);
#5011=EDGE_CURVE('',#6312,#6313,#6314,.T.);
#5012=EDGE_CURVE('',#6315,#6313,#6316,.T.);
#5013=EDGE_CURVE('',#6317,#6315,#6318,.T.);
#5014=EDGE_CURVE('',#6317,#6312,#6319,.T.);
#5015=EDGE_CURVE('',#6313,#6320,#6321,.T.);
#5016=EDGE_CURVE('',#6322,#6320,#6323,.T.);
#5017=EDGE_CURVE('',#6315,#6322,#6324,.T.);
#5018=EDGE_CURVE('',#6320,#6325,#6326,.T.);
#5019=EDGE_CURVE('',#6327,#6325,#6328,.T.);
#5020=EDGE_CURVE('',#6322,#6327,#6329,.T.);
#5021=EDGE_CURVE('',#6325,#6330,#6331,.T.);
#5022=EDGE_CURVE('',#6332,#6330,#6333,.T.);
#5023=EDGE_CURVE('',#6327,#6332,#6334,.T.);
#5024=EDGE_CURVE('',#5694,#6317,#6335,.T.);
#5025=EDGE_CURVE('',#6332,#5987,#6336,.T.);
#5026=EDGE_CURVE('',#5692,#6312,#6337,.T.);
#5027=EDGE_CURVE('',#6330,#5989,#6338,.T.);
#5028=EDGE_CURVE('',#6339,#6340,#6341,.T.);
#5029=EDGE_CURVE('',#6342,#6340,#6343,.T.);
#5030=EDGE_CURVE('',#6344,#6342,#6345,.T.);
#5031=EDGE_CURVE('',#6344,#6339,#6346,.T.);
#5032=EDGE_CURVE('',#6340,#6347,#6348,.T.);
#5033=EDGE_CURVE('',#6349,#6347,#6350,.T.);
#5034=EDGE_CURVE('',#6342,#6349,#6351,.T.);
#5035=EDGE_CURVE('',#6347,#6352,#6353,.T.);
#5036=EDGE_CURVE('',#6354,#6352,#6355,.T.);
#5037=EDGE_CURVE('',#6349,#6354,#6356,.T.);
#5038=EDGE_CURVE('',#6352,#6357,#6358,.T.);
#5039=EDGE_CURVE('',#6359,#6357,#6360,.T.);
#5040=EDGE_CURVE('',#6354,#6359,#6361,.T.);
#5041=EDGE_CURVE('',#5702,#6344,#6362,.T.);
#5042=EDGE_CURVE('',#6359,#5982,#6363,.T.);
#5043=EDGE_CURVE('',#5700,#6339,#6364,.T.);
#5044=EDGE_CURVE('',#6357,#5984,#6365,.T.);
#5045=EDGE_CURVE('',#6366,#6367,#6368,.T.);
#5046=EDGE_CURVE('',#6369,#6367,#6370,.T.);
#5047=EDGE_CURVE('',#6371,#6369,#6372,.T.);
#5048=EDGE_CURVE('',#6371,#6366,#6373,.T.);
#5049=EDGE_CURVE('',#6367,#6374,#6375,.T.);
#5050=EDGE_CURVE('',#6376,#6374,#6377,.T.);
#5051=EDGE_CURVE('',#6369,#6376,#6378,.T.);
#5052=EDGE_CURVE('',#6374,#6379,#6380,.T.);
#5053=EDGE_CURVE('',#6381,#6379,#6382,.T.);
#5054=EDGE_CURVE('',#6376,#6381,#6383,.T.);
#5055=EDGE_CURVE('',#6379,#6384,#6385,.T.);
#5056=EDGE_CURVE('',#6386,#6384,#6387,.T.);
#5057=EDGE_CURVE('',#6381,#6386,#6388,.T.);
#5058=EDGE_CURVE('',#5710,#6371,#6389,.T.);
#5059=EDGE_CURVE('',#6386,#5977,#6390,.T.);
#5060=EDGE_CURVE('',#5708,#6366,#6391,.T.);
#5061=EDGE_CURVE('',#6384,#5979,#6392,.T.);
#5062=EDGE_CURVE('',#6393,#6394,#6395,.T.);
#5063=EDGE_CURVE('',#6396,#6394,#6397,.T.);
#5064=EDGE_CURVE('',#6398,#6396,#6399,.T.);
#5065=EDGE_CURVE('',#6398,#6393,#6400,.T.);
#5066=EDGE_CURVE('',#6394,#6401,#6402,.T.);
#5067=EDGE_CURVE('',#6403,#6401,#6404,.T.);
#5068=EDGE_CURVE('',#6396,#6403,#6405,.T.);
#5069=EDGE_CURVE('',#6401,#6406,#6407,.T.);
#5070=EDGE_CURVE('',#6408,#6406,#6409,.T.);
#5071=EDGE_CURVE('',#6403,#6408,#6410,.T.);
#5072=EDGE_CURVE('',#6406,#6411,#6412,.T.);
#5073=EDGE_CURVE('',#6413,#6411,#6414,.T.);
#5074=EDGE_CURVE('',#6408,#6413,#6415,.T.);
#5075=EDGE_CURVE('',#5718,#6398,#6416,.T.);
#5076=EDGE_CURVE('',#6413,#5972,#6417,.T.);
#5077=EDGE_CURVE('',#5716,#6393,#6418,.T.);
#5078=EDGE_CURVE('',#6411,#5974,#6419,.T.);
#5079=EDGE_CURVE('',#6420,#6421,#6422,.T.);
#5080=EDGE_CURVE('',#6423,#6421,#6424,.T.);
#5081=EDGE_CURVE('',#6425,#6423,#6426,.T.);
#5082=EDGE_CURVE('',#6425,#6420,#6427,.T.);
#5083=EDGE_CURVE('',#6421,#6428,#6429,.T.);
#5084=EDGE_CURVE('',#6430,#6428,#6431,.T.);
#5085=EDGE_CURVE('',#6423,#6430,#6432,.T.);
#5086=EDGE_CURVE('',#6428,#6433,#6434,.T.);
#5087=EDGE_CURVE('',#6435,#6433,#6436,.T.);
#5088=EDGE_CURVE('',#6430,#6435,#6437,.T.);
#5089=EDGE_CURVE('',#6433,#6438,#6439,.T.);
#5090=EDGE_CURVE('',#6440,#6438,#6441,.T.);
#5091=EDGE_CURVE('',#6435,#6440,#6442,.T.);
#5092=EDGE_CURVE('',#5726,#6425,#6443,.T.);
#5093=EDGE_CURVE('',#6440,#5967,#6444,.T.);
#5094=EDGE_CURVE('',#5724,#6420,#6445,.T.);
#5095=EDGE_CURVE('',#6438,#5969,#6446,.T.);
#5096=EDGE_CURVE('',#6447,#6448,#6449,.T.);
#5097=EDGE_CURVE('',#6450,#6448,#6451,.T.);
#5098=EDGE_CURVE('',#6452,#6450,#6453,.T.);
#5099=EDGE_CURVE('',#6452,#6447,#6454,.T.);
#5100=EDGE_CURVE('',#6448,#6455,#6456,.T.);
#5101=EDGE_CURVE('',#6457,#6455,#6458,.T.);
#5102=EDGE_CURVE('',#6450,#6457,#6459,.T.);
#5103=EDGE_CURVE('',#6455,#6460,#6461,.T.);
#5104=EDGE_CURVE('',#6462,#6460,#6463,.T.);
#5105=EDGE_CURVE('',#6457,#6462,#6464,.T.);
#5106=EDGE_CURVE('',#6460,#6465,#6466,.T.);
#5107=EDGE_CURVE('',#6467,#6465,#6468,.T.);
#5108=EDGE_CURVE('',#6462,#6467,#6469,.T.);
#5109=EDGE_CURVE('',#5734,#6452,#6470,.T.);
#5110=EDGE_CURVE('',#6467,#5962,#6471,.T.);
#5111=EDGE_CURVE('',#5732,#6447,#6472,.T.);
#5112=EDGE_CURVE('',#6465,#5964,#6473,.T.);
#5113=EDGE_CURVE('',#6474,#6475,#6476,.T.);
#5114=EDGE_CURVE('',#6477,#6475,#6478,.T.);
#5115=EDGE_CURVE('',#6479,#6477,#6480,.T.);
#5116=EDGE_CURVE('',#6479,#6474,#6481,.T.);
#5117=EDGE_CURVE('',#6475,#6482,#6483,.T.);
#5118=EDGE_CURVE('',#6484,#6482,#6485,.T.);
#5119=EDGE_CURVE('',#6477,#6484,#6486,.T.);
#5120=EDGE_CURVE('',#6482,#6487,#6488,.T.);
#5121=EDGE_CURVE('',#6489,#6487,#6490,.T.);
#5122=EDGE_CURVE('',#6484,#6489,#6491,.T.);
#5123=EDGE_CURVE('',#6487,#6492,#6493,.T.);
#5124=EDGE_CURVE('',#6494,#6492,#6495,.T.);
#5125=EDGE_CURVE('',#6489,#6494,#6496,.T.);
#5126=EDGE_CURVE('',#5742,#6479,#6497,.T.);
#5127=EDGE_CURVE('',#6494,#5957,#6498,.T.);
#5128=EDGE_CURVE('',#5740,#6474,#6499,.T.);
#5129=EDGE_CURVE('',#6492,#5959,#6500,.T.);
#5130=EDGE_CURVE('',#6501,#6502,#6503,.T.);
#5131=EDGE_CURVE('',#6504,#6502,#6505,.T.);
#5132=EDGE_CURVE('',#6506,#6504,#6507,.T.);
#5133=EDGE_CURVE('',#6506,#6501,#6508,.T.);
#5134=EDGE_CURVE('',#6502,#6509,#6510,.T.);
#5135=EDGE_CURVE('',#6511,#6509,#6512,.T.);
#5136=EDGE_CURVE('',#6504,#6511,#6513,.T.);
#5137=EDGE_CURVE('',#6509,#6514,#6515,.T.);
#5138=EDGE_CURVE('',#6516,#6514,#6517,.T.);
#5139=EDGE_CURVE('',#6511,#6516,#6518,.T.);
#5140=EDGE_CURVE('',#6514,#6519,#6520,.T.);
#5141=EDGE_CURVE('',#6521,#6519,#6522,.T.);
#5142=EDGE_CURVE('',#6516,#6521,#6523,.T.);
#5143=EDGE_CURVE('',#5750,#6506,#6524,.T.);
#5144=EDGE_CURVE('',#6521,#5952,#6525,.T.);
#5145=EDGE_CURVE('',#5748,#6501,#6526,.T.);
#5146=EDGE_CURVE('',#6519,#5954,#6527,.T.);
#5147=EDGE_CURVE('',#6528,#6529,#6530,.T.);
#5148=EDGE_CURVE('',#6531,#6529,#6532,.T.);
#5149=EDGE_CURVE('',#6533,#6531,#6534,.T.);
#5150=EDGE_CURVE('',#6533,#6528,#6535,.T.);
#5151=EDGE_CURVE('',#6529,#6536,#6537,.T.);
#5152=EDGE_CURVE('',#6538,#6536,#6539,.T.);
#5153=EDGE_CURVE('',#6531,#6538,#6540,.T.);
#5154=EDGE_CURVE('',#6536,#6541,#6542,.T.);
#5155=EDGE_CURVE('',#6543,#6541,#6544,.T.);
#5156=EDGE_CURVE('',#6538,#6543,#6545,.T.);
#5157=EDGE_CURVE('',#6541,#6546,#6547,.T.);
#5158=EDGE_CURVE('',#6548,#6546,#6549,.T.);
#5159=EDGE_CURVE('',#6543,#6548,#6550,.T.);
#5160=EDGE_CURVE('',#5758,#6533,#6551,.T.);
#5161=EDGE_CURVE('',#6548,#5947,#6552,.T.);
#5162=EDGE_CURVE('',#5756,#6528,#6553,.T.);
#5163=EDGE_CURVE('',#6546,#5949,#6554,.T.);
#5164=EDGE_CURVE('',#6555,#6556,#6557,.T.);
#5165=EDGE_CURVE('',#6558,#6556,#6559,.T.);
#5166=EDGE_CURVE('',#6560,#6558,#6561,.T.);
#5167=EDGE_CURVE('',#6560,#6555,#6562,.T.);
#5168=EDGE_CURVE('',#6556,#6563,#6564,.T.);
#5169=EDGE_CURVE('',#6565,#6563,#6566,.T.);
#5170=EDGE_CURVE('',#6558,#6565,#6567,.T.);
#5171=EDGE_CURVE('',#6563,#6568,#6569,.T.);
#5172=EDGE_CURVE('',#6570,#6568,#6571,.T.);
#5173=EDGE_CURVE('',#6565,#6570,#6572,.T.);
#5174=EDGE_CURVE('',#6568,#6573,#6574,.T.);
#5175=EDGE_CURVE('',#6575,#6573,#6576,.T.);
#5176=EDGE_CURVE('',#6570,#6575,#6577,.T.);
#5177=EDGE_CURVE('',#5620,#6560,#6578,.T.);
#5178=EDGE_CURVE('',#6575,#5942,#6579,.T.);
#5179=EDGE_CURVE('',#5621,#6555,#6580,.T.);
#5180=EDGE_CURVE('',#6573,#5944,#6581,.T.);
#5181=EDGE_CURVE('',#6582,#5876,#6583,.T.);
#5182=EDGE_CURVE('',#6584,#5874,#6585,.T.);
#5183=EDGE_CURVE('',#6584,#6582,#6586,.T.);
#5184=EDGE_CURVE('',#5871,#6587,#6588,.T.);
#5185=EDGE_CURVE('',#5872,#6589,#6590,.T.);
#5186=EDGE_CURVE('',#6587,#6589,#6591,.T.);
#5187=EDGE_CURVE('',#6587,#6592,#6593,.T.);
#5188=EDGE_CURVE('',#6592,#6594,#6595,.T.);
#5189=EDGE_CURVE('',#6594,#6584,#6596,.T.);
#5190=EDGE_CURVE('',#6597,#6582,#6598,.T.);
#5191=EDGE_CURVE('',#6599,#6597,#6600,.T.);
#5192=EDGE_CURVE('',#6589,#6599,#6601,.T.);
#5193=EDGE_CURVE('',#6594,#6597,#6602,.T.);
#5194=EDGE_CURVE('',#6592,#6599,#6603,.T.);
#5195=EDGE_CURVE('',#6604,#5868,#6605,.T.);
#5196=EDGE_CURVE('',#6606,#5866,#6607,.T.);
#5197=EDGE_CURVE('',#6606,#6604,#6608,.T.);
#5198=EDGE_CURVE('',#5863,#6609,#6610,.T.);
#5199=EDGE_CURVE('',#5864,#6611,#6612,.T.);
#5200=EDGE_CURVE('',#6609,#6611,#6613,.T.);
#5201=EDGE_CURVE('',#6609,#6614,#6615,.T.);
#5202=EDGE_CURVE('',#6614,#6616,#6617,.T.);
#5203=EDGE_CURVE('',#6616,#6606,#6618,.T.);
#5204=EDGE_CURVE('',#6619,#6604,#6620,.T.);
#5205=EDGE_CURVE('',#6621,#6619,#6622,.T.);
#5206=EDGE_CURVE('',#6611,#6621,#6623,.T.);
#5207=EDGE_CURVE('',#6616,#6619,#6624,.T.);
#5208=EDGE_CURVE('',#6614,#6621,#6625,.T.);
#5209=EDGE_CURVE('',#6626,#5860,#6627,.T.);
#5210=EDGE_CURVE('',#6628,#5858,#6629,.T.);
#5211=EDGE_CURVE('',#6628,#6626,#6630,.T.);
#5212=EDGE_CURVE('',#5855,#6631,#6632,.T.);
#5213=EDGE_CURVE('',#5856,#6633,#6634,.T.);
#5214=EDGE_CURVE('',#6631,#6633,#6635,.T.);
#5215=EDGE_CURVE('',#6631,#6636,#6637,.T.);
#5216=EDGE_CURVE('',#6636,#6638,#6639,.T.);
#5217=EDGE_CURVE('',#6638,#6628,#6640,.T.);
#5218=EDGE_CURVE('',#6641,#6626,#6642,.T.);
#5219=EDGE_CURVE('',#6643,#6641,#6644,.T.);
#5220=EDGE_CURVE('',#6633,#6643,#6645,.T.);
#5221=EDGE_CURVE('',#6638,#6641,#6646,.T.);
#5222=EDGE_CURVE('',#6636,#6643,#6647,.T.);
#5223=EDGE_CURVE('',#6648,#5852,#6649,.T.);
#5224=EDGE_CURVE('',#6650,#5850,#6651,.T.);
#5225=EDGE_CURVE('',#6650,#6648,#6652,.T.);
#5226=EDGE_CURVE('',#5847,#6653,#6654,.T.);
#5227=EDGE_CURVE('',#5848,#6655,#6656,.T.);
#5228=EDGE_CURVE('',#6653,#6655,#6657,.T.);
#5229=EDGE_CURVE('',#6653,#6658,#6659,.T.);
#5230=EDGE_CURVE('',#6658,#6660,#6661,.T.);
#5231=EDGE_CURVE('',#6660,#6650,#6662,.T.);
#5232=EDGE_CURVE('',#6663,#6648,#6664,.T.);
#5233=EDGE_CURVE('',#6665,#6663,#6666,.T.);
#5234=EDGE_CURVE('',#6655,#6665,#6667,.T.);
#5235=EDGE_CURVE('',#6660,#6663,#6668,.T.);
#5236=EDGE_CURVE('',#6658,#6665,#6669,.T.);
#5237=EDGE_CURVE('',#6670,#5844,#6671,.T.);
#5238=EDGE_CURVE('',#6672,#5842,#6673,.T.);
#5239=EDGE_CURVE('',#6672,#6670,#6674,.T.);
#5240=EDGE_CURVE('',#5839,#6675,#6676,.T.);
#5241=EDGE_CURVE('',#5840,#6677,#6678,.T.);
#5242=EDGE_CURVE('',#6675,#6677,#6679,.T.);
#5243=EDGE_CURVE('',#6675,#6680,#6681,.T.);
#5244=EDGE_CURVE('',#6680,#6682,#6683,.T.);
#5245=EDGE_CURVE('',#6682,#6672,#6684,.T.);
#5246=EDGE_CURVE('',#6685,#6670,#6686,.T.);
#5247=EDGE_CURVE('',#6687,#6685,#6688,.T.);
#5248=EDGE_CURVE('',#6677,#6687,#6689,.T.);
#5249=EDGE_CURVE('',#6682,#6685,#6690,.T.);
#5250=EDGE_CURVE('',#6680,#6687,#6691,.T.);
#5251=EDGE_CURVE('',#6692,#5836,#6693,.T.);
#5252=EDGE_CURVE('',#6694,#5834,#6695,.T.);
#5253=EDGE_CURVE('',#6694,#6692,#6696,.T.);
#5254=EDGE_CURVE('',#5831,#6697,#6698,.T.);
#5255=EDGE_CURVE('',#5832,#6699,#6700,.T.);
#5256=EDGE_CURVE('',#6697,#6699,#6701,.T.);
#5257=EDGE_CURVE('',#6697,#6702,#6703,.T.);
#5258=EDGE_CURVE('',#6702,#6704,#6705,.T.);
#5259=EDGE_CURVE('',#6704,#6694,#6706,.T.);
#5260=EDGE_CURVE('',#6707,#6692,#6708,.T.);
#5261=EDGE_CURVE('',#6709,#6707,#6710,.T.);
#5262=EDGE_CURVE('',#6699,#6709,#6711,.T.);
#5263=EDGE_CURVE('',#6704,#6707,#6712,.T.);
#5264=EDGE_CURVE('',#6702,#6709,#6713,.T.);
#5265=EDGE_CURVE('',#6714,#5828,#6715,.T.);
#5266=EDGE_CURVE('',#6716,#5826,#6717,.T.);
#5267=EDGE_CURVE('',#6716,#6714,#6718,.T.);
#5268=EDGE_CURVE('',#5823,#6719,#6720,.T.);
#5269=EDGE_CURVE('',#5824,#6721,#6722,.T.);
#5270=EDGE_CURVE('',#6719,#6721,#6723,.T.);
#5271=EDGE_CURVE('',#6719,#6724,#6725,.T.);
#5272=EDGE_CURVE('',#6724,#6726,#6727,.T.);
#5273=EDGE_CURVE('',#6726,#6716,#6728,.T.);
#5274=EDGE_CURVE('',#6729,#6714,#6730,.T.);
#5275=EDGE_CURVE('',#6731,#6729,#6732,.T.);
#5276=EDGE_CURVE('',#6721,#6731,#6733,.T.);
#5277=EDGE_CURVE('',#6726,#6729,#6734,.T.);
#5278=EDGE_CURVE('',#6724,#6731,#6735,.T.);
#5279=EDGE_CURVE('',#6736,#5820,#6737,.T.);
#5280=EDGE_CURVE('',#6738,#5818,#6739,.T.);
#5281=EDGE_CURVE('',#6738,#6736,#6740,.T.);
#5282=EDGE_CURVE('',#5815,#6741,#6742,.T.);
#5283=EDGE_CURVE('',#5816,#6743,#6744,.T.);
#5284=EDGE_CURVE('',#6741,#6743,#6745,.T.);
#5285=EDGE_CURVE('',#6741,#6746,#6747,.T.);
#5286=EDGE_CURVE('',#6746,#6748,#6749,.T.);
#5287=EDGE_CURVE('',#6748,#6738,#6750,.T.);
#5288=EDGE_CURVE('',#6751,#6736,#6752,.T.);
#5289=EDGE_CURVE('',#6753,#6751,#6754,.T.);
#5290=EDGE_CURVE('',#6743,#6753,#6755,.T.);
#5291=EDGE_CURVE('',#6748,#6751,#6756,.T.);
#5292=EDGE_CURVE('',#6746,#6753,#6757,.T.);
#5293=EDGE_CURVE('',#6758,#5812,#6759,.T.);
#5294=EDGE_CURVE('',#6760,#5810,#6761,.T.);
#5295=EDGE_CURVE('',#6760,#6758,#6762,.T.);
#5296=EDGE_CURVE('',#5807,#6763,#6764,.T.);
#5297=EDGE_CURVE('',#5808,#6765,#6766,.T.);
#5298=EDGE_CURVE('',#6763,#6765,#6767,.T.);
#5299=EDGE_CURVE('',#6763,#6768,#6769,.T.);
#5300=EDGE_CURVE('',#6768,#6770,#6771,.T.);
#5301=EDGE_CURVE('',#6770,#6760,#6772,.T.);
#5302=EDGE_CURVE('',#6773,#6758,#6774,.T.);
#5303=EDGE_CURVE('',#6775,#6773,#6776,.T.);
#5304=EDGE_CURVE('',#6765,#6775,#6777,.T.);
#5305=EDGE_CURVE('',#6770,#6773,#6778,.T.);
#5306=EDGE_CURVE('',#6768,#6775,#6779,.T.);
#5307=EDGE_CURVE('',#6780,#5804,#6781,.T.);
#5308=EDGE_CURVE('',#6782,#5802,#6783,.T.);
#5309=EDGE_CURVE('',#6782,#6780,#6784,.T.);
#5310=EDGE_CURVE('',#5799,#6785,#6786,.T.);
#5311=EDGE_CURVE('',#5800,#6787,#6788,.T.);
#5312=EDGE_CURVE('',#6785,#6787,#6789,.T.);
#5313=EDGE_CURVE('',#6785,#6790,#6791,.T.);
#5314=EDGE_CURVE('',#6790,#6792,#6793,.T.);
#5315=EDGE_CURVE('',#6792,#6782,#6794,.T.);
#5316=EDGE_CURVE('',#6795,#6780,#6796,.T.);
#5317=EDGE_CURVE('',#6797,#6795,#6798,.T.);
#5318=EDGE_CURVE('',#6787,#6797,#6799,.T.);
#5319=EDGE_CURVE('',#6792,#6795,#6800,.T.);
#5320=EDGE_CURVE('',#6790,#6797,#6801,.T.);
#5321=EDGE_CURVE('',#6802,#5796,#6803,.T.);
#5322=EDGE_CURVE('',#6804,#5794,#6805,.T.);
#5323=EDGE_CURVE('',#6804,#6802,#6806,.T.);
#5324=EDGE_CURVE('',#5791,#6807,#6808,.T.);
#5325=EDGE_CURVE('',#5792,#6809,#6810,.T.);
#5326=EDGE_CURVE('',#6807,#6809,#6811,.T.);
#5327=EDGE_CURVE('',#6807,#6812,#6813,.T.);
#5328=EDGE_CURVE('',#6812,#6814,#6815,.T.);
#5329=EDGE_CURVE('',#6814,#6804,#6816,.T.);
#5330=EDGE_CURVE('',#6817,#6802,#6818,.T.);
#5331=EDGE_CURVE('',#6819,#6817,#6820,.T.);
#5332=EDGE_CURVE('',#6809,#6819,#6821,.T.);
#5333=EDGE_CURVE('',#6814,#6817,#6822,.T.);
#5334=EDGE_CURVE('',#6812,#6819,#6823,.T.);
#5335=EDGE_CURVE('',#6824,#5788,#6825,.T.);
#5336=EDGE_CURVE('',#6826,#5786,#6827,.T.);
#5337=EDGE_CURVE('',#6826,#6824,#6828,.T.);
#5338=EDGE_CURVE('',#5783,#6829,#6830,.T.);
#5339=EDGE_CURVE('',#5784,#6831,#6832,.T.);
#5340=EDGE_CURVE('',#6829,#6831,#6833,.T.);
#5341=EDGE_CURVE('',#6829,#6834,#6835,.T.);
#5342=EDGE_CURVE('',#6834,#6836,#6837,.T.);
#5343=EDGE_CURVE('',#6836,#6826,#6838,.T.);
#5344=EDGE_CURVE('',#6839,#6824,#6840,.T.);
#5345=EDGE_CURVE('',#6841,#6839,#6842,.T.);
#5346=EDGE_CURVE('',#6831,#6841,#6843,.T.);
#5347=EDGE_CURVE('',#6836,#6839,#6844,.T.);
#5348=EDGE_CURVE('',#6834,#6841,#6845,.T.);
#5349=EDGE_CURVE('',#6846,#5780,#6847,.T.);
#5350=EDGE_CURVE('',#6848,#5778,#6849,.T.);
#5351=EDGE_CURVE('',#6848,#6846,#6850,.T.);
#5352=EDGE_CURVE('',#5775,#6851,#6852,.T.);
#5353=EDGE_CURVE('',#5776,#6853,#6854,.T.);
#5354=EDGE_CURVE('',#6851,#6853,#6855,.T.);
#5355=EDGE_CURVE('',#6851,#6856,#6857,.T.);
#5356=EDGE_CURVE('',#6856,#6858,#6859,.T.);
#5357=EDGE_CURVE('',#6858,#6848,#6860,.T.);
#5358=EDGE_CURVE('',#6861,#6846,#6862,.T.);
#5359=EDGE_CURVE('',#6863,#6861,#6864,.T.);
#5360=EDGE_CURVE('',#6853,#6863,#6865,.T.);
#5361=EDGE_CURVE('',#6858,#6861,#6866,.T.);
#5362=EDGE_CURVE('',#6856,#6863,#6867,.T.);
#5363=EDGE_CURVE('',#6868,#5432,#6869,.T.);
#5364=EDGE_CURVE('',#6868,#6022,#6870,.T.);
#5365=EDGE_CURVE('',#6871,#5431,#6872,.T.);
#5366=EDGE_CURVE('',#6871,#6868,#6873,.T.);
#5367=EDGE_CURVE('',#6024,#6871,#6874,.T.);
#5368=EDGE_CURVE('',#6875,#5421,#6876,.T.);
#5369=EDGE_CURVE('',#6875,#6877,#6878,.T.);
#5370=EDGE_CURVE('',#6877,#5423,#6879,.T.);
#5371=EDGE_CURVE('',#6036,#6875,#6880,.T.);
#5372=EDGE_CURVE('',#6877,#6034,#6881,.T.);
#5373=VERTEX_POINT('',#6882);
#5374=VERTEX_POINT('',#6883);
#5375=LINE('',#6884,#6885);
#5376=VERTEX_POINT('',#6886);
#5377=ELLIPSE('',#6887,0.120185042515468,0.100000000000001);
#5378=VERTEX_POINT('',#6888);
#5379=LINE('',#6889,#6890);
#5380=CIRCLE('',#6891,0.100000000000001);
#5381=VERTEX_POINT('',#6892);
#5382=VERTEX_POINT('',#6893);
#5383=LINE('',#6894,#6895);
#5384=VERTEX_POINT('',#6896);
#5385=CIRCLE('',#6897,0.0999999999999783);
#5386=VERTEX_POINT('',#6898);
#5387=LINE('',#6899,#6900);
#5388=ELLIPSE('',#6901,0.12018504251544,0.0999999999999783);
#5389=VERTEX_POINT('',#6902);
#5390=VERTEX_POINT('',#6903);
#5391=LINE('',#6904,#6905);
#5392=VERTEX_POINT('',#6906);
#5393=CIRCLE('',#6907,0.1);
#5394=VERTEX_POINT('',#6908);
#5395=LINE('',#6909,#6910);
#5396=ELLIPSE('',#6911,0.120185042515466,0.1);
#5397=VERTEX_POINT('',#6912);
#5398=VERTEX_POINT('',#6913);
#5399=LINE('',#6914,#6915);
#5400=VERTEX_POINT('',#6916);
#5401=ELLIPSE('',#6917,0.120185042515466,0.1);
#5402=VERTEX_POINT('',#6918);
#5403=LINE('',#6919,#6920);
#5404=CIRCLE('',#6921,0.1);
#5405=VERTEX_POINT('',#6922);
#5406=VERTEX_POINT('',#6923);
#5407=LINE('',#6924,#6925);
#5408=VERTEX_POINT('',#6926);
#5409=LINE('',#6927,#6928);
#5410=VERTEX_POINT('',#6929);
#5411=LINE('',#6930,#6931);
#5412=LINE('',#6932,#6933);
#5413=VERTEX_POINT('',#6934);
#5414=VERTEX_POINT('',#6935);
#5415=LINE('',#6936,#6937);
#5416=VERTEX_POINT('',#6938);
#5417=LINE('',#6939,#6940);
#5418=VERTEX_POINT('',#6941);
#5419=LINE('',#6942,#6943);
#5420=LINE('',#6944,#6945);
#5421=VERTEX_POINT('',#6946);
#5422=LINE('',#6947,#6948);
#5423=VERTEX_POINT('',#6949);
#5424=LINE('',#6950,#6951);
#5425=LINE('',#6952,#6953);
#5426=VERTEX_POINT('',#6954);
#5427=LINE('',#6955,#6956);
#5428=VERTEX_POINT('',#6957);
#5429=LINE('',#6958,#6959);
#5430=LINE('',#6960,#6961);
#5431=VERTEX_POINT('',#6962);
#5432=VERTEX_POINT('',#6963);
#5433=LINE('',#6964,#6965);
#5434=VERTEX_POINT('',#6966);
#5435=LINE('',#6967,#6968);
#5436=VERTEX_POINT('',#6969);
#5437=LINE('',#6970,#6971);
#5438=VERTEX_POINT('',#6972);
#5439=LINE('',#6973,#6974);
#5440=VERTEX_POINT('',#6975);
#5441=LINE('',#6976,#6977);
#5442=VERTEX_POINT('',#6978);
#5443=LINE('',#6979,#6980);
#5444=VERTEX_POINT('',#6981);
#5445=LINE('',#6982,#6983);
#5446=LINE('',#6984,#6985);
#5447=VERTEX_POINT('',#6986);
#5448=LINE('',#6987,#6988);
#5449=VERTEX_POINT('',#6989);
#5450=LINE('',#6990,#6991);
#5451=LINE('',#6992,#6993);
#5452=VERTEX_POINT('',#6994);
#5453=VERTEX_POINT('',#6995);
#5454=LINE('',#6996,#6997);
#5455=LINE('',#6998,#6999);
#5456=LINE('',#7000,#7001);
#5457=VERTEX_POINT('',#7002);
#5458=VERTEX_POINT('',#7003);
#5459=LINE('',#7004,#7005);
#5460=VERTEX_POINT('',#7006);
#5461=LINE('',#7007,#7008);
#5462=VERTEX_POINT('',#7009);
#5463=LINE('',#7010,#7011);
#5464=VERTEX_POINT('',#7012);
#5465=LINE('',#7013,#7014);
#5466=VERTEX_POINT('',#7015);
#5467=LINE('',#7016,#7017);
#5468=VERTEX_POINT('',#7018);
#5469=LINE('',#7019,#7020);
#5470=VERTEX_POINT('',#7021);
#5471=LINE('',#7022,#7023);
#5472=LINE('',#7024,#7025);
#5473=VERTEX_POINT('',#7026);
#5474=LINE('',#7027,#7028);
#5475=VERTEX_POINT('',#7029);
#5476=LINE('',#7030,#7031);
#5477=LINE('',#7032,#7033);
#5478=VERTEX_POINT('',#7034);
#5479=VERTEX_POINT('',#7035);
#5480=LINE('',#7036,#7037);
#5481=VERTEX_POINT('',#7038);
#5482=LINE('',#7039,#7040);
#5483=VERTEX_POINT('',#7041);
#5484=LINE('',#7042,#7043);
#5485=LINE('',#7044,#7045);
#5486=VERTEX_POINT('',#7046);
#5487=VERTEX_POINT('',#7047);
#5488=LINE('',#7048,#7049);
#5489=VERTEX_POINT('',#7050);
#5490=LINE('',#7051,#7052);
#5491=VERTEX_POINT('',#7053);
#5492=LINE('',#7054,#7055);
#5493=LINE('',#7056,#7057);
#5494=VERTEX_POINT('',#7058);
#5495=VERTEX_POINT('',#7059);
#5496=LINE('',#7060,#7061);
#5497=VERTEX_POINT('',#7062);
#5498=LINE('',#7063,#7064);
#5499=VERTEX_POINT('',#7065);
#5500=LINE('',#7066,#7067);
#5501=LINE('',#7068,#7069);
#5502=VERTEX_POINT('',#7070);
#5503=VERTEX_POINT('',#7071);
#5504=LINE('',#7072,#7073);
#5505=LINE('',#7074,#7075);
#5506=VERTEX_POINT('',#7076);
#5507=LINE('',#7077,#7078);
#5508=VERTEX_POINT('',#7079);
#5509=LINE('',#7080,#7081);
#5510=VERTEX_POINT('',#7082);
#5511=LINE('',#7083,#7084);
#5512=VERTEX_POINT('',#7085);
#5513=LINE('',#7086,#7087);
#5514=VERTEX_POINT('',#7088);
#5515=LINE('',#7089,#7090);
#5516=VERTEX_POINT('',#7091);
#5517=LINE('',#7092,#7093);
#5518=VERTEX_POINT('',#7094);
#5519=LINE('',#7095,#7096);
#5520=VERTEX_POINT('',#7097);
#5521=LINE('',#7098,#7099);
#5522=VERTEX_POINT('',#7100);
#5523=LINE('',#7101,#7102);
#5524=VERTEX_POINT('',#7103);
#5525=LINE('',#7104,#7105);
#5526=LINE('',#7106,#7107);
#5527=VERTEX_POINT('',#7108);
#5528=LINE('',#7109,#7110);
#5529=VERTEX_POINT('',#7111);
#5530=LINE('',#7112,#7113);
#5531=VERTEX_POINT('',#7114);
#5532=LINE('',#7115,#7116);
#5533=VERTEX_POINT('',#7117);
#5534=LINE('',#7118,#7119);
#5535=LINE('',#7120,#7121);
#5536=VERTEX_POINT('',#7122);
#5537=LINE('',#7123,#7124);
#5538=VERTEX_POINT('',#7125);
#5539=LINE('',#7126,#7127);
#5540=LINE('',#7128,#7129);
#5541=VERTEX_POINT('',#7130);
#5542=VERTEX_POINT('',#7131);
#5543=LINE('',#7132,#7133);
#5544=VERTEX_POINT('',#7134);
#5545=LINE('',#7135,#7136);
#5546=VERTEX_POINT('',#7137);
#5547=LINE('',#7138,#7139);
#5548=VERTEX_POINT('',#7140);
#5549=CIRCLE('',#7141,0.449999999999989);
#5550=LINE('',#7142,#7143);
#5551=VERTEX_POINT('',#7144);
#5552=LINE('',#7145,#7146);
#5553=VERTEX_POINT('',#7147);
#5554=LINE('',#7148,#7149);
#5555=VERTEX_POINT('',#7150);
#5556=LINE('',#7151,#7152);
#5557=VERTEX_POINT('',#7153);
#5558=LINE('',#7154,#7155);
#5559=LINE('',#7156,#7157);
#5560=VERTEX_POINT('',#7158);
#5561=LINE('',#7159,#7160);
#5562=VERTEX_POINT('',#7161);
#5563=CIRCLE('',#7162,0.45);
#5564=VERTEX_POINT('',#7163);
#5565=LINE('',#7164,#7165);
#5566=VERTEX_POINT('',#7166);
#5567=LINE('',#7167,#7168);
#5568=VERTEX_POINT('',#7169);
#5569=LINE('',#7170,#7171);
#5570=VERTEX_POINT('',#7172);
#5571=CIRCLE('',#7173,0.2);
#5572=VERTEX_POINT('',#7174);
#5573=LINE('',#7175,#7176);
#5574=VERTEX_POINT('',#7177);
#5575=LINE('',#7178,#7179);
#5576=LINE('',#7180,#7181);
#5577=VERTEX_POINT('',#7182);
#5578=LINE('',#7183,#7184);
#5579=VERTEX_POINT('',#7185);
#5580=LINE('',#7186,#7187);
#5581=VERTEX_POINT('',#7188);
#5582=LINE('',#7189,#7190);
#5583=VERTEX_POINT('',#7191);
#5584=LINE('',#7192,#7193);
#5585=VERTEX_POINT('',#7194);
#5586=LINE('',#7195,#7196);
#5587=VERTEX_POINT('',#7197);
#5588=LINE('',#7198,#7199);
#5589=VERTEX_POINT('',#7200);
#5590=LINE('',#7201,#7202);
#5591=VERTEX_POINT('',#7203);
#5592=LINE('',#7204,#7205);
#5593=LINE('',#7206,#7207);
#5594=VERTEX_POINT('',#7208);
#5595=LINE('',#7209,#7210);
#5596=VERTEX_POINT('',#7211);
#5597=LINE('',#7212,#7213);
#5598=VERTEX_POINT('',#7214);
#5599=LINE('',#7215,#7216);
#5600=VERTEX_POINT('',#7217);
#5601=LINE('',#7218,#7219);
#5602=VERTEX_POINT('',#7220);
#5603=LINE('',#7221,#7222);
#5604=VERTEX_POINT('',#7223);
#5605=LINE('',#7224,#7225);
#5606=LINE('',#7226,#7227);
#5607=LINE('',#7228,#7229);
#5608=VERTEX_POINT('',#7230);
#5609=LINE('',#7231,#7232);
#5610=VERTEX_POINT('',#7233);
#5611=LINE('',#7234,#7235);
#5612=VERTEX_POINT('',#7236);
#5613=LINE('',#7237,#7238);
#5614=CIRCLE('',#7239,0.199999999999999);
#5615=VERTEX_POINT('',#7240);
#5616=LINE('',#7241,#7242);
#5617=VERTEX_POINT('',#7243);
#5618=LINE('',#7244,#7245);
#5619=LINE('',#7246,#7247);
#5620=VERTEX_POINT('',#7248);
#5621=VERTEX_POINT('',#7249);
#5622=LINE('',#7250,#7251);
#5623=VERTEX_POINT('',#7252);
#5624=LINE('',#7253,#7254);
#5625=VERTEX_POINT('',#7255);
#5626=LINE('',#7256,#7257);
#5627=VERTEX_POINT('',#7258);
#5628=LINE('',#7259,#7260);
#5629=VERTEX_POINT('',#7261);
#5630=LINE('',#7262,#7263);
#5631=VERTEX_POINT('',#7264);
#5632=LINE('',#7265,#7266);
#5633=VERTEX_POINT('',#7267);
#5634=LINE('',#7268,#7269);
#5635=VERTEX_POINT('',#7270);
#5636=LINE('',#7271,#7272);
#5637=VERTEX_POINT('',#7273);
#5638=LINE('',#7274,#7275);
#5639=VERTEX_POINT('',#7276);
#5640=LINE('',#7277,#7278);
#5641=LINE('',#7279,#7280);
#5642=VERTEX_POINT('',#7281);
#5643=LINE('',#7282,#7283);
#5644=VERTEX_POINT('',#7284);
#5645=LINE('',#7285,#7286);
#5646=LINE('',#7287,#7288);
#5647=VERTEX_POINT('',#7289);
#5648=LINE('',#7290,#7291);
#5649=LINE('',#7292,#7293);
#5650=VERTEX_POINT('',#7294);
#5651=LINE('',#7295,#7296);
#5652=LINE('',#7297,#7298);
#5653=VERTEX_POINT('',#7299);
#5654=LINE('',#7300,#7301);
#5655=VERTEX_POINT('',#7302);
#5656=LINE('',#7303,#7304);
#5657=LINE('',#7305,#7306);
#5658=VERTEX_POINT('',#7307);
#5659=LINE('',#7308,#7309);
#5660=VERTEX_POINT('',#7310);
#5661=LINE('',#7311,#7312);
#5662=VERTEX_POINT('',#7313);
#5663=LINE('',#7314,#7315);
#5664=VERTEX_POINT('',#7316);
#5665=LINE('',#7317,#7318);
#5666=VERTEX_POINT('',#7319);
#5667=LINE('',#7320,#7321);
#5668=VERTEX_POINT('',#7322);
#5669=LINE('',#7323,#7324);
#5670=VERTEX_POINT('',#7325);
#5671=LINE('',#7326,#7327);
#5672=VERTEX_POINT('',#7328);
#5673=LINE('',#7329,#7330);
#5674=VERTEX_POINT('',#7331);
#5675=LINE('',#7332,#7333);
#5676=VERTEX_POINT('',#7334);
#5677=LINE('',#7335,#7336);
#5678=VERTEX_POINT('',#7337);
#5679=LINE('',#7338,#7339);
#5680=VERTEX_POINT('',#7340);
#5681=LINE('',#7341,#7342);
#5682=VERTEX_POINT('',#7343);
#5683=LINE('',#7344,#7345);
#5684=VERTEX_POINT('',#7346);
#5685=LINE('',#7347,#7348);
#5686=VERTEX_POINT('',#7349);
#5687=LINE('',#7350,#7351);
#5688=VERTEX_POINT('',#7352);
#5689=LINE('',#7353,#7354);
#5690=VERTEX_POINT('',#7355);
#5691=LINE('',#7356,#7357);
#5692=VERTEX_POINT('',#7358);
#5693=LINE('',#7359,#7360);
#5694=VERTEX_POINT('',#7361);
#5695=LINE('',#7362,#7363);
#5696=VERTEX_POINT('',#7364);
#5697=LINE('',#7365,#7366);
#5698=VERTEX_POINT('',#7367);
#5699=LINE('',#7368,#7369);
#5700=VERTEX_POINT('',#7370);
#5701=LINE('',#7371,#7372);
#5702=VERTEX_POINT('',#7373);
#5703=LINE('',#7374,#7375);
#5704=VERTEX_POINT('',#7376);
#5705=LINE('',#7377,#7378);
#5706=VERTEX_POINT('',#7379);
#5707=LINE('',#7380,#7381);
#5708=VERTEX_POINT('',#7382);
#5709=LINE('',#7383,#7384);
#5710=VERTEX_POINT('',#7385);
#5711=LINE('',#7386,#7387);
#5712=VERTEX_POINT('',#7388);
#5713=LINE('',#7389,#7390);
#5714=VERTEX_POINT('',#7391);
#5715=LINE('',#7392,#7393);
#5716=VERTEX_POINT('',#7394);
#5717=LINE('',#7395,#7396);
#5718=VERTEX_POINT('',#7397);
#5719=LINE('',#7398,#7399);
#5720=VERTEX_POINT('',#7400);
#5721=LINE('',#7401,#7402);
#5722=VERTEX_POINT('',#7403);
#5723=LINE('',#7404,#7405);
#5724=VERTEX_POINT('',#7406);
#5725=LINE('',#7407,#7408);
#5726=VERTEX_POINT('',#7409);
#5727=LINE('',#7410,#7411);
#5728=VERTEX_POINT('',#7412);
#5729=LINE('',#7413,#7414);
#5730=VERTEX_POINT('',#7415);
#5731=LINE('',#7416,#7417);
#5732=VERTEX_POINT('',#7418);
#5733=LINE('',#7419,#7420);
#5734=VERTEX_POINT('',#7421);
#5735=LINE('',#7422,#7423);
#5736=VERTEX_POINT('',#7424);
#5737=LINE('',#7425,#7426);
#5738=VERTEX_POINT('',#7427);
#5739=LINE('',#7428,#7429);
#5740=VERTEX_POINT('',#7430);
#5741=LINE('',#7431,#7432);
#5742=VERTEX_POINT('',#7433);
#5743=LINE('',#7434,#7435);
#5744=VERTEX_POINT('',#7436);
#5745=LINE('',#7437,#7438);
#5746=VERTEX_POINT('',#7439);
#5747=LINE('',#7440,#7441);
#5748=VERTEX_POINT('',#7442);
#5749=LINE('',#7443,#7444);
#5750=VERTEX_POINT('',#7445);
#5751=LINE('',#7446,#7447);
#5752=VERTEX_POINT('',#7448);
#5753=LINE('',#7449,#7450);
#5754=VERTEX_POINT('',#7451);
#5755=LINE('',#7452,#7453);
#5756=VERTEX_POINT('',#7454);
#5757=LINE('',#7455,#7456);
#5758=VERTEX_POINT('',#7457);
#5759=LINE('',#7458,#7459);
#5760=VERTEX_POINT('',#7460);
#5761=LINE('',#7461,#7462);
#5762=VERTEX_POINT('',#7463);
#5763=LINE('',#7464,#7465);
#5764=LINE('',#7466,#7467);
#5765=VERTEX_POINT('',#7468);
#5766=VERTEX_POINT('',#7469);
#5767=LINE('',#7470,#7471);
#5768=VERTEX_POINT('',#7472);
#5769=LINE('',#7473,#7474);
#5770=VERTEX_POINT('',#7475);
#5771=LINE('',#7476,#7477);
#5772=VERTEX_POINT('',#7478);
#5773=LINE('',#7479,#7480);
#5774=LINE('',#7481,#7482);
#5775=VERTEX_POINT('',#7483);
#5776=VERTEX_POINT('',#7484);
#5777=LINE('',#7485,#7486);
#5778=VERTEX_POINT('',#7487);
#5779=LINE('',#7488,#7489);
#5780=VERTEX_POINT('',#7490);
#5781=LINE('',#7491,#7492);
#5782=LINE('',#7493,#7494);
#5783=VERTEX_POINT('',#7495);
#5784=VERTEX_POINT('',#7496);
#5785=LINE('',#7497,#7498);
#5786=VERTEX_POINT('',#7499);
#5787=LINE('',#7500,#7501);
#5788=VERTEX_POINT('',#7502);
#5789=LINE('',#7503,#7504);
#5790=LINE('',#7505,#7506);
#5791=VERTEX_POINT('',#7507);
#5792=VERTEX_POINT('',#7508);
#5793=LINE('',#7509,#7510);
#5794=VERTEX_POINT('',#7511);
#5795=LINE('',#7512,#7513);
#5796=VERTEX_POINT('',#7514);
#5797=LINE('',#7515,#7516);
#5798=LINE('',#7517,#7518);
#5799=VERTEX_POINT('',#7519);
#5800=VERTEX_POINT('',#7520);
#5801=LINE('',#7521,#7522);
#5802=VERTEX_POINT('',#7523);
#5803=LINE('',#7524,#7525);
#5804=VERTEX_POINT('',#7526);
#5805=LINE('',#7527,#7528);
#5806=LINE('',#7529,#7530);
#5807=VERTEX_POINT('',#7531);
#5808=VERTEX_POINT('',#7532);
#5809=LINE('',#7533,#7534);
#5810=VERTEX_POINT('',#7535);
#5811=LINE('',#7536,#7537);
#5812=VERTEX_POINT('',#7538);
#5813=LINE('',#7539,#7540);
#5814=LINE('',#7541,#7542);
#5815=VERTEX_POINT('',#7543);
#5816=VERTEX_POINT('',#7544);
#5817=LINE('',#7545,#7546);
#5818=VERTEX_POINT('',#7547);
#5819=LINE('',#7548,#7549);
#5820=VERTEX_POINT('',#7550);
#5821=LINE('',#7551,#7552);
#5822=LINE('',#7553,#7554);
#5823=VERTEX_POINT('',#7555);
#5824=VERTEX_POINT('',#7556);
#5825=LINE('',#7557,#7558);
#5826=VERTEX_POINT('',#7559);
#5827=LINE('',#7560,#7561);
#5828=VERTEX_POINT('',#7562);
#5829=LINE('',#7563,#7564);
#5830=LINE('',#7565,#7566);
#5831=VERTEX_POINT('',#7567);
#5832=VERTEX_POINT('',#7568);
#5833=LINE('',#7569,#7570);
#5834=VERTEX_POINT('',#7571);
#5835=LINE('',#7572,#7573);
#5836=VERTEX_POINT('',#7574);
#5837=LINE('',#7575,#7576);
#5838=LINE('',#7577,#7578);
#5839=VERTEX_POINT('',#7579);
#5840=VERTEX_POINT('',#7580);
#5841=LINE('',#7581,#7582);
#5842=VERTEX_POINT('',#7583);
#5843=LINE('',#7584,#7585);
#5844=VERTEX_POINT('',#7586);
#5845=LINE('',#7587,#7588);
#5846=LINE('',#7589,#7590);
#5847=VERTEX_POINT('',#7591);
#5848=VERTEX_POINT('',#7592);
#5849=LINE('',#7593,#7594);
#5850=VERTEX_POINT('',#7595);
#5851=LINE('',#7596,#7597);
#5852=VERTEX_POINT('',#7598);
#5853=LINE('',#7599,#7600);
#5854=LINE('',#7601,#7602);
#5855=VERTEX_POINT('',#7603);
#5856=VERTEX_POINT('',#7604);
#5857=LINE('',#7605,#7606);
#5858=VERTEX_POINT('',#7607);
#5859=LINE('',#7608,#7609);
#5860=VERTEX_POINT('',#7610);
#5861=LINE('',#7611,#7612);
#5862=LINE('',#7613,#7614);
#5863=VERTEX_POINT('',#7615);
#5864=VERTEX_POINT('',#7616);
#5865=LINE('',#7617,#7618);
#5866=VERTEX_POINT('',#7619);
#5867=LINE('',#7620,#7621);
#5868=VERTEX_POINT('',#7622);
#5869=LINE('',#7623,#7624);
#5870=LINE('',#7625,#7626);
#5871=VERTEX_POINT('',#7627);
#5872=VERTEX_POINT('',#7628);
#5873=LINE('',#7629,#7630);
#5874=VERTEX_POINT('',#7631);
#5875=LINE('',#7632,#7633);
#5876=VERTEX_POINT('',#7634);
#5877=LINE('',#7635,#7636);
#5878=LINE('',#7637,#7638);
#5879=VERTEX_POINT('',#7639);
#5880=VERTEX_POINT('',#7640);
#5881=LINE('',#7641,#7642);
#5882=VERTEX_POINT('',#7643);
#5883=LINE('',#7644,#7645);
#5884=VERTEX_POINT('',#7646);
#5885=LINE('',#7647,#7648);
#5886=LINE('',#7649,#7650);
#5887=VERTEX_POINT('',#7651);
#5888=VERTEX_POINT('',#7652);
#5889=LINE('',#7653,#7654);
#5890=VERTEX_POINT('',#7655);
#5891=LINE('',#7656,#7657);
#5892=VERTEX_POINT('',#7658);
#5893=LINE('',#7659,#7660);
#5894=VERTEX_POINT('',#7661);
#5895=LINE('',#7662,#7663);
#5896=VERTEX_POINT('',#7664);
#5897=LINE('',#7665,#7666);
#5898=VERTEX_POINT('',#7667);
#5899=LINE('',#7668,#7669);
#5900=VERTEX_POINT('',#7670);
#5901=LINE('',#7671,#7672);
#5902=LINE('',#7673,#7674);
#5903=VERTEX_POINT('',#7675);
#5904=CIRCLE('',#7676,0.1);
#5905=VERTEX_POINT('',#7677);
#5906=LINE('',#7678,#7679);
#5907=VERTEX_POINT('',#7680);
#5908=LINE('',#7681,#7682);
#5909=VERTEX_POINT('',#7683);
#5910=LINE('',#7684,#7685);
#5911=CIRCLE('',#7686,0.1);
#5912=LINE('',#7687,#7688);
#5913=VERTEX_POINT('',#7689);
#5914=LINE('',#7690,#7691);
#5915=CIRCLE('',#7692,0.100000000000001);
#5916=VERTEX_POINT('',#7693);
#5917=LINE('',#7694,#7695);
#5918=VERTEX_POINT('',#7696);
#5919=LINE('',#7697,#7698);
#5920=LINE('',#7699,#7700);
#5921=VERTEX_POINT('',#7701);
#5922=CIRCLE('',#7702,0.0999999999999783);
#5923=VERTEX_POINT('',#7703);
#5924=LINE('',#7704,#7705);
#5925=VERTEX_POINT('',#7706);
#5926=LINE('',#7707,#7708);
#5927=LINE('',#7709,#7710);
#5928=VERTEX_POINT('',#7711);
#5929=LINE('',#7712,#7713);
#5930=VERTEX_POINT('',#7714);
#5931=LINE('',#7715,#7716);
#5932=VERTEX_POINT('',#7717);
#5933=LINE('',#7718,#7719);
#5934=LINE('',#7720,#7721);
#5935=LINE('',#7722,#7723);
#5936=LINE('',#7724,#7725);
#5937=VERTEX_POINT('',#7726);
#5938=LINE('',#7727,#7728);
#5939=VERTEX_POINT('',#7729);
#5940=LINE('',#7730,#7731);
#5941=LINE('',#7732,#7733);
#5942=VERTEX_POINT('',#7734);
#5943=LINE('',#7735,#7736);
#5944=VERTEX_POINT('',#7737);
#5945=LINE('',#7738,#7739);
#5946=LINE('',#7740,#7741);
#5947=VERTEX_POINT('',#7742);
#5948=LINE('',#7743,#7744);
#5949=VERTEX_POINT('',#7745);
#5950=LINE('',#7746,#7747);
#5951=LINE('',#7748,#7749);
#5952=VERTEX_POINT('',#7750);
#5953=LINE('',#7751,#7752);
#5954=VERTEX_POINT('',#7753);
#5955=LINE('',#7754,#7755);
#5956=LINE('',#7756,#7757);
#5957=VERTEX_POINT('',#7758);
#5958=LINE('',#7759,#7760);
#5959=VERTEX_POINT('',#7761);
#5960=LINE('',#7762,#7763);
#5961=LINE('',#7764,#7765);
#5962=VERTEX_POINT('',#7766);
#5963=LINE('',#7767,#7768);
#5964=VERTEX_POINT('',#7769);
#5965=LINE('',#7770,#7771);
#5966=LINE('',#7772,#7773);
#5967=VERTEX_POINT('',#7774);
#5968=LINE('',#7775,#7776);
#5969=VERTEX_POINT('',#7777);
#5970=LINE('',#7778,#7779);
#5971=LINE('',#7780,#7781);
#5972=VERTEX_POINT('',#7782);
#5973=LINE('',#7783,#7784);
#5974=VERTEX_POINT('',#7785);
#5975=LINE('',#7786,#7787);
#5976=LINE('',#7788,#7789);
#5977=VERTEX_POINT('',#7790);
#5978=LINE('',#7791,#7792);
#5979=VERTEX_POINT('',#7793);
#5980=LINE('',#7794,#7795);
#5981=LINE('',#7796,#7797);
#5982=VERTEX_POINT('',#7798);
#5983=LINE('',#7799,#7800);
#5984=VERTEX_POINT('',#7801);
#5985=LINE('',#7802,#7803);
#5986=LINE('',#7804,#7805);
#5987=VERTEX_POINT('',#7806);
#5988=LINE('',#7807,#7808);
#5989=VERTEX_POINT('',#7809);
#5990=LINE('',#7810,#7811);
#5991=LINE('',#7812,#7813);
#5992=VERTEX_POINT('',#7814);
#5993=LINE('',#7815,#7816);
#5994=VERTEX_POINT('',#7817);
#5995=LINE('',#7818,#7819);
#5996=LINE('',#7820,#7821);
#5997=VERTEX_POINT('',#7822);
#5998=LINE('',#7823,#7824);
#5999=VERTEX_POINT('',#7825);
#6000=LINE('',#7826,#7827);
#6001=LINE('',#7828,#7829);
#6002=VERTEX_POINT('',#7830);
#6003=LINE('',#7831,#7832);
#6004=VERTEX_POINT('',#7833);
#6005=LINE('',#7834,#7835);
#6006=LINE('',#7836,#7837);
#6007=VERTEX_POINT('',#7838);
#6008=LINE('',#7839,#7840);
#6009=VERTEX_POINT('',#7841);
#6010=LINE('',#7842,#7843);
#6011=LINE('',#7844,#7845);
#6012=VERTEX_POINT('',#7846);
#6013=LINE('',#7847,#7848);
#6014=VERTEX_POINT('',#7849);
#6015=LINE('',#7850,#7851);
#6016=LINE('',#7852,#7853);
#6017=VERTEX_POINT('',#7854);
#6018=LINE('',#7855,#7856);
#6019=VERTEX_POINT('',#7857);
#6020=LINE('',#7858,#7859);
#6021=LINE('',#7860,#7861);
#6022=VERTEX_POINT('',#7862);
#6023=LINE('',#7863,#7864);
#6024=VERTEX_POINT('',#7865);
#6025=LINE('',#7866,#7867);
#6026=LINE('',#7868,#7869);
#6027=LINE('',#7870,#7871);
#6028=VERTEX_POINT('',#7872);
#6029=LINE('',#7873,#7874);
#6030=LINE('',#7875,#7876);
#6031=VERTEX_POINT('',#7877);
#6032=LINE('',#7878,#7879);
#6033=LINE('',#7880,#7881);
#6034=VERTEX_POINT('',#7882);
#6035=LINE('',#7883,#7884);
#6036=VERTEX_POINT('',#7885);
#6037=LINE('',#7886,#7887);
#6038=LINE('',#7888,#7889);
#6039=VERTEX_POINT('',#7890);
#6040=LINE('',#7891,#7892);
#6041=LINE('',#7893,#7894);
#6042=VERTEX_POINT('',#7895);
#6043=LINE('',#7896,#7897);
#6044=LINE('',#7898,#7899);
#6045=LINE('',#7900,#7901);
#6046=LINE('',#7902,#7903);
#6047=VERTEX_POINT('',#7904);
#6048=LINE('',#7905,#7906);
#6049=ELLIPSE('',#7907,0.120185042515466,0.1);
#6050=LINE('',#7908,#7909);
#6051=LINE('',#7910,#7911);
#6052=LINE('',#7912,#7913);
#6053=VERTEX_POINT('',#7914);
#6054=LINE('',#7915,#7916);
#6055=LINE('',#7917,#7918);
#6056=ELLIPSE('',#7919,0.120185042515466,0.1);
#6057=LINE('',#7920,#7921);
#6058=VERTEX_POINT('',#7922);
#6059=LINE('',#7923,#7924);
#6060=VERTEX_POINT('',#7925);
#6061=LINE('',#7926,#7927);
#6062=LINE('',#7928,#7929);
#6063=VERTEX_POINT('',#7930);
#6064=LINE('',#7931,#7932);
#6065=LINE('',#7933,#7934);
#6066=VERTEX_POINT('',#7935);
#6067=LINE('',#7936,#7937);
#6068=VERTEX_POINT('',#7938);
#6069=LINE('',#7939,#7940);
#6070=LINE('',#7941,#7942);
#6071=ELLIPSE('',#7943,0.12018504251544,0.0999999999999783);
#6072=LINE('',#7944,#7945);
#6073=LINE('',#7946,#7947);
#6074=LINE('',#7948,#7949);
#6075=LINE('',#7950,#7951);
#6076=VERTEX_POINT('',#7952);
#6077=LINE('',#7953,#7954);
#6078=LINE('',#7955,#7956);
#6079=ELLIPSE('',#7957,0.120185042515468,0.100000000000001);
#6080=VERTEX_POINT('',#7958);
#6081=LINE('',#7959,#7960);
#6082=LINE('',#7961,#7962);
#6083=VERTEX_POINT('',#7963);
#6084=VERTEX_POINT('',#7964);
#6085=LINE('',#7965,#7966);
#6086=LINE('',#7967,#7968);
#6087=LINE('',#7969,#7970);
#6088=LINE('',#7971,#7972);
#6089=LINE('',#7973,#7974);
#6090=VERTEX_POINT('',#7975);
#6091=LINE('',#7976,#7977);
#6092=VERTEX_POINT('',#7978);
#6093=LINE('',#7979,#7980);
#6094=VERTEX_POINT('',#7981);
#6095=LINE('',#7982,#7983);
#6096=LINE('',#7984,#7985);
#6097=LINE('',#7986,#7987);
#6098=LINE('',#7988,#7989);
#6099=LINE('',#7990,#7991);
#6100=VERTEX_POINT('',#7992);
#6101=LINE('',#7993,#7994);
#6102=LINE('',#7995,#7996);
#6103=LINE('',#7997,#7998);
#6104=VERTEX_POINT('',#7999);
#6105=LINE('',#8000,#8001);
#6106=LINE('',#8002,#8003);
#6107=LINE('',#8004,#8005);
#6108=VERTEX_POINT('',#8006);
#6109=LINE('',#8007,#8008);
#6110=LINE('',#8009,#8010);
#6111=LINE('',#8011,#8012);
#6112=VERTEX_POINT('',#8013);
#6113=LINE('',#8014,#8015);
#6114=LINE('',#8016,#8017);
#6115=LINE('',#8018,#8019);
#6116=LINE('',#8020,#8021);
#6117=LINE('',#8022,#8023);
#6118=LINE('',#8024,#8025);
#6119=LINE('',#8026,#8027);
#6120=LINE('',#8028,#8029);
#6121=LINE('',#8030,#8031);
#6122=VERTEX_POINT('',#8032);
#6123=LINE('',#8033,#8034);
#6124=LINE('',#8035,#8036);
#6125=LINE('',#8037,#8038);
#6126=VERTEX_POINT('',#8039);
#6127=LINE('',#8040,#8041);
#6128=LINE('',#8042,#8043);
#6129=LINE('',#8044,#8045);
#6130=LINE('',#8046,#8047);
#6131=LINE('',#8048,#8049);
#6132=LINE('',#8050,#8051);
#6133=LINE('',#8052,#8053);
#6134=LINE('',#8054,#8055);
#6135=LINE('',#8056,#8057);
#6136=VERTEX_POINT('',#8058);
#6137=LINE('',#8059,#8060);
#6138=CIRCLE('',#8061,0.449999999999989);
#6139=VERTEX_POINT('',#8062);
#6140=CIRCLE('',#8063,0.199999999999999);
#6141=LINE('',#8064,#8065);
#6142=VERTEX_POINT('',#8066);
#6143=LINE('',#8067,#8068);
#6144=VERTEX_POINT('',#8069);
#6145=LINE('',#8070,#8071);
#6146=LINE('',#8072,#8073);
#6147=VERTEX_POINT('',#8074);
#6148=VERTEX_POINT('',#8075);
#6149=LINE('',#8076,#8077);
#6150=VERTEX_POINT('',#8078);
#6151=LINE('',#8079,#8080);
#6152=VERTEX_POINT('',#8081);
#6153=LINE('',#8082,#8083);
#6154=LINE('',#8084,#8085);
#6155=LINE('',#8086,#8087);
#6156=LINE('',#8088,#8089);
#6157=LINE('',#8090,#8091);
#6158=LINE('',#8092,#8093);
#6159=VERTEX_POINT('',#8094);
#6160=CIRCLE('',#8095,0.45);
#6161=LINE('',#8096,#8097);
#6162=VERTEX_POINT('',#8098);
#6163=LINE('',#8099,#8100);
#6164=CIRCLE('',#8101,0.2);
#6165=VERTEX_POINT('',#8102);
#6166=LINE('',#8103,#8104);
#6167=VERTEX_POINT('',#8105);
#6168=LINE('',#8106,#8107);
#6169=LINE('',#8108,#8109);
#6170=VERTEX_POINT('',#8110);
#6171=LINE('',#8111,#8112);
#6172=VERTEX_POINT('',#8113);
#6173=LINE('',#8114,#8115);
#6174=LINE('',#8116,#8117);
#6175=VERTEX_POINT('',#8118);
#6176=LINE('',#8119,#8120);
#6177=VERTEX_POINT('',#8121);
#6178=LINE('',#8122,#8123);
#6179=LINE('',#8124,#8125);
#6180=LINE('',#8126,#8127);
#6181=LINE('',#8128,#8129);
#6182=VERTEX_POINT('',#8130);
#6183=VERTEX_POINT('',#8131);
#6184=LINE('',#8132,#8133);
#6185=VERTEX_POINT('',#8134);
#6186=LINE('',#8135,#8136);
#6187=VERTEX_POINT('',#8137);
#6188=LINE('',#8138,#8139);
#6189=LINE('',#8140,#8141);
#6190=VERTEX_POINT('',#8142);
#6191=LINE('',#8143,#8144);
#6192=VERTEX_POINT('',#8145);
#6193=LINE('',#8146,#8147);
#6194=LINE('',#8148,#8149);
#6195=VERTEX_POINT('',#8150);
#6196=LINE('',#8151,#8152);
#6197=VERTEX_POINT('',#8153);
#6198=LINE('',#8154,#8155);
#6199=LINE('',#8156,#8157);
#6200=VERTEX_POINT('',#8158);
#6201=LINE('',#8159,#8160);
#6202=VERTEX_POINT('',#8161);
#6203=LINE('',#8162,#8163);
#6204=LINE('',#8164,#8165);
#6205=LINE('',#8166,#8167);
#6206=LINE('',#8168,#8169);
#6207=LINE('',#8170,#8171);
#6208=LINE('',#8172,#8173);
#6209=VERTEX_POINT('',#8174);
#6210=LINE('',#8175,#8176);
#6211=VERTEX_POINT('',#8177);
#6212=LINE('',#8178,#8179);
#6213=LINE('',#8180,#8181);
#6214=VERTEX_POINT('',#8182);
#6215=LINE('',#8183,#8184);
#6216=VERTEX_POINT('',#8185);
#6217=LINE('',#8186,#8187);
#6218=LINE('',#8188,#8189);
#6219=VERTEX_POINT('',#8190);
#6220=LINE('',#8191,#8192);
#6221=VERTEX_POINT('',#8193);
#6222=LINE('',#8194,#8195);
#6223=LINE('',#8196,#8197);
#6224=VERTEX_POINT('',#8198);
#6225=LINE('',#8199,#8200);
#6226=VERTEX_POINT('',#8201);
#6227=LINE('',#8202,#8203);
#6228=LINE('',#8204,#8205);
#6229=LINE('',#8206,#8207);
#6230=LINE('',#8208,#8209);
#6231=VERTEX_POINT('',#8210);
#6232=VERTEX_POINT('',#8211);
#6233=LINE('',#8212,#8213);
#6234=VERTEX_POINT('',#8214);
#6235=LINE('',#8215,#8216);
#6236=VERTEX_POINT('',#8217);
#6237=LINE('',#8218,#8219);
#6238=LINE('',#8220,#8221);
#6239=VERTEX_POINT('',#8222);
#6240=LINE('',#8223,#8224);
#6241=VERTEX_POINT('',#8225);
#6242=LINE('',#8226,#8227);
#6243=LINE('',#8228,#8229);
#6244=VERTEX_POINT('',#8230);
#6245=LINE('',#8231,#8232);
#6246=VERTEX_POINT('',#8233);
#6247=LINE('',#8234,#8235);
#6248=LINE('',#8236,#8237);
#6249=VERTEX_POINT('',#8238);
#6250=LINE('',#8239,#8240);
#6251=VERTEX_POINT('',#8241);
#6252=LINE('',#8242,#8243);
#6253=LINE('',#8244,#8245);
#6254=LINE('',#8246,#8247);
#6255=LINE('',#8248,#8249);
#6256=LINE('',#8250,#8251);
#6257=LINE('',#8252,#8253);
#6258=VERTEX_POINT('',#8254);
#6259=VERTEX_POINT('',#8255);
#6260=LINE('',#8256,#8257);
#6261=VERTEX_POINT('',#8258);
#6262=LINE('',#8259,#8260);
#6263=VERTEX_POINT('',#8261);
#6264=LINE('',#8262,#8263);
#6265=LINE('',#8264,#8265);
#6266=VERTEX_POINT('',#8266);
#6267=LINE('',#8267,#8268);
#6268=VERTEX_POINT('',#8269);
#6269=LINE('',#8270,#8271);
#6270=LINE('',#8272,#8273);
#6271=VERTEX_POINT('',#8274);
#6272=LINE('',#8275,#8276);
#6273=VERTEX_POINT('',#8277);
#6274=LINE('',#8278,#8279);
#6275=LINE('',#8280,#8281);
#6276=VERTEX_POINT('',#8282);
#6277=LINE('',#8283,#8284);
#6278=VERTEX_POINT('',#8285);
#6279=LINE('',#8286,#8287);
#6280=LINE('',#8288,#8289);
#6281=LINE('',#8290,#8291);
#6282=LINE('',#8292,#8293);
#6283=LINE('',#8294,#8295);
#6284=LINE('',#8296,#8297);
#6285=VERTEX_POINT('',#8298);
#6286=VERTEX_POINT('',#8299);
#6287=LINE('',#8300,#8301);
#6288=VERTEX_POINT('',#8302);
#6289=LINE('',#8303,#8304);
#6290=VERTEX_POINT('',#8305);
#6291=LINE('',#8306,#8307);
#6292=LINE('',#8308,#8309);
#6293=VERTEX_POINT('',#8310);
#6294=LINE('',#8311,#8312);
#6295=VERTEX_POINT('',#8313);
#6296=LINE('',#8314,#8315);
#6297=LINE('',#8316,#8317);
#6298=VERTEX_POINT('',#8318);
#6299=LINE('',#8319,#8320);
#6300=VERTEX_POINT('',#8321);
#6301=LINE('',#8322,#8323);
#6302=LINE('',#8324,#8325);
#6303=VERTEX_POINT('',#8326);
#6304=LINE('',#8327,#8328);
#6305=VERTEX_POINT('',#8329);
#6306=LINE('',#8330,#8331);
#6307=LINE('',#8332,#8333);
#6308=LINE('',#8334,#8335);
#6309=LINE('',#8336,#8337);
#6310=LINE('',#8338,#8339);
#6311=LINE('',#8340,#8341);
#6312=VERTEX_POINT('',#8342);
#6313=VERTEX_POINT('',#8343);
#6314=LINE('',#8344,#8345);
#6315=VERTEX_POINT('',#8346);
#6316=LINE('',#8347,#8348);
#6317=VERTEX_POINT('',#8349);
#6318=LINE('',#8350,#8351);
#6319=LINE('',#8352,#8353);
#6320=VERTEX_POINT('',#8354);
#6321=LINE('',#8355,#8356);
#6322=VERTEX_POINT('',#8357);
#6323=LINE('',#8358,#8359);
#6324=LINE('',#8360,#8361);
#6325=VERTEX_POINT('',#8362);
#6326=LINE('',#8363,#8364);
#6327=VERTEX_POINT('',#8365);
#6328=LINE('',#8366,#8367);
#6329=LINE('',#8368,#8369);
#6330=VERTEX_POINT('',#8370);
#6331=LINE('',#8371,#8372);
#6332=VERTEX_POINT('',#8373);
#6333=LINE('',#8374,#8375);
#6334=LINE('',#8376,#8377);
#6335=LINE('',#8378,#8379);
#6336=LINE('',#8380,#8381);
#6337=LINE('',#8382,#8383);
#6338=LINE('',#8384,#8385);
#6339=VERTEX_POINT('',#8386);
#6340=VERTEX_POINT('',#8387);
#6341=LINE('',#8388,#8389);
#6342=VERTEX_POINT('',#8390);
#6343=LINE('',#8391,#8392);
#6344=VERTEX_POINT('',#8393);
#6345=LINE('',#8394,#8395);
#6346=LINE('',#8396,#8397);
#6347=VERTEX_POINT('',#8398);
#6348=LINE('',#8399,#8400);
#6349=VERTEX_POINT('',#8401);
#6350=LINE('',#8402,#8403);
#6351=LINE('',#8404,#8405);
#6352=VERTEX_POINT('',#8406);
#6353=LINE('',#8407,#8408);
#6354=VERTEX_POINT('',#8409);
#6355=LINE('',#8410,#8411);
#6356=LINE('',#8412,#8413);
#6357=VERTEX_POINT('',#8414);
#6358=LINE('',#8415,#8416);
#6359=VERTEX_POINT('',#8417);
#6360=LINE('',#8418,#8419);
#6361=LINE('',#8420,#8421);
#6362=LINE('',#8422,#8423);
#6363=LINE('',#8424,#8425);
#6364=LINE('',#8426,#8427);
#6365=LINE('',#8428,#8429);
#6366=VERTEX_POINT('',#8430);
#6367=VERTEX_POINT('',#8431);
#6368=LINE('',#8432,#8433);
#6369=VERTEX_POINT('',#8434);
#6370=LINE('',#8435,#8436);
#6371=VERTEX_POINT('',#8437);
#6372=LINE('',#8438,#8439);
#6373=LINE('',#8440,#8441);
#6374=VERTEX_POINT('',#8442);
#6375=LINE('',#8443,#8444);
#6376=VERTEX_POINT('',#8445);
#6377=LINE('',#8446,#8447);
#6378=LINE('',#8448,#8449);
#6379=VERTEX_POINT('',#8450);
#6380=LINE('',#8451,#8452);
#6381=VERTEX_POINT('',#8453);
#6382=LINE('',#8454,#8455);
#6383=LINE('',#8456,#8457);
#6384=VERTEX_POINT('',#8458);
#6385=LINE('',#8459,#8460);
#6386=VERTEX_POINT('',#8461);
#6387=LINE('',#8462,#8463);
#6388=LINE('',#8464,#8465);
#6389=LINE('',#8466,#8467);
#6390=LINE('',#8468,#8469);
#6391=LINE('',#8470,#8471);
#6392=LINE('',#8472,#8473);
#6393=VERTEX_POINT('',#8474);
#6394=VERTEX_POINT('',#8475);
#6395=LINE('',#8476,#8477);
#6396=VERTEX_POINT('',#8478);
#6397=LINE('',#8479,#8480);
#6398=VERTEX_POINT('',#8481);
#6399=LINE('',#8482,#8483);
#6400=LINE('',#8484,#8485);
#6401=VERTEX_POINT('',#8486);
#6402=LINE('',#8487,#8488);
#6403=VERTEX_POINT('',#8489);
#6404=LINE('',#8490,#8491);
#6405=LINE('',#8492,#8493);
#6406=VERTEX_POINT('',#8494);
#6407=LINE('',#8495,#8496);
#6408=VERTEX_POINT('',#8497);
#6409=LINE('',#8498,#8499);
#6410=LINE('',#8500,#8501);
#6411=VERTEX_POINT('',#8502);
#6412=LINE('',#8503,#8504);
#6413=VERTEX_POINT('',#8505);
#6414=LINE('',#8506,#8507);
#6415=LINE('',#8508,#8509);
#6416=LINE('',#8510,#8511);
#6417=LINE('',#8512,#8513);
#6418=LINE('',#8514,#8515);
#6419=LINE('',#8516,#8517);
#6420=VERTEX_POINT('',#8518);
#6421=VERTEX_POINT('',#8519);
#6422=LINE('',#8520,#8521);
#6423=VERTEX_POINT('',#8522);
#6424=LINE('',#8523,#8524);
#6425=VERTEX_POINT('',#8525);
#6426=LINE('',#8526,#8527);
#6427=LINE('',#8528,#8529);
#6428=VERTEX_POINT('',#8530);
#6429=LINE('',#8531,#8532);
#6430=VERTEX_POINT('',#8533);
#6431=LINE('',#8534,#8535);
#6432=LINE('',#8536,#8537);
#6433=VERTEX_POINT('',#8538);
#6434=LINE('',#8539,#8540);
#6435=VERTEX_POINT('',#8541);
#6436=LINE('',#8542,#8543);
#6437=LINE('',#8544,#8545);
#6438=VERTEX_POINT('',#8546);
#6439=LINE('',#8547,#8548);
#6440=VERTEX_POINT('',#8549);
#6441=LINE('',#8550,#8551);
#6442=LINE('',#8552,#8553);
#6443=LINE('',#8554,#8555);
#6444=LINE('',#8556,#8557);
#6445=LINE('',#8558,#8559);
#6446=LINE('',#8560,#8561);
#6447=VERTEX_POINT('',#8562);
#6448=VERTEX_POINT('',#8563);
#6449=LINE('',#8564,#8565);
#6450=VERTEX_POINT('',#8566);
#6451=LINE('',#8567,#8568);
#6452=VERTEX_POINT('',#8569);
#6453=LINE('',#8570,#8571);
#6454=LINE('',#8572,#8573);
#6455=VERTEX_POINT('',#8574);
#6456=LINE('',#8575,#8576);
#6457=VERTEX_POINT('',#8577);
#6458=LINE('',#8578,#8579);
#6459=LINE('',#8580,#8581);
#6460=VERTEX_POINT('',#8582);
#6461=LINE('',#8583,#8584);
#6462=VERTEX_POINT('',#8585);
#6463=LINE('',#8586,#8587);
#6464=LINE('',#8588,#8589);
#6465=VERTEX_POINT('',#8590);
#6466=LINE('',#8591,#8592);
#6467=VERTEX_POINT('',#8593);
#6468=LINE('',#8594,#8595);
#6469=LINE('',#8596,#8597);
#6470=LINE('',#8598,#8599);
#6471=LINE('',#8600,#8601);
#6472=LINE('',#8602,#8603);
#6473=LINE('',#8604,#8605);
#6474=VERTEX_POINT('',#8606);
#6475=VERTEX_POINT('',#8607);
#6476=LINE('',#8608,#8609);
#6477=VERTEX_POINT('',#8610);
#6478=LINE('',#8611,#8612);
#6479=VERTEX_POINT('',#8613);
#6480=LINE('',#8614,#8615);
#6481=LINE('',#8616,#8617);
#6482=VERTEX_POINT('',#8618);
#6483=LINE('',#8619,#8620);
#6484=VERTEX_POINT('',#8621);
#6485=LINE('',#8622,#8623);
#6486=LINE('',#8624,#8625);
#6487=VERTEX_POINT('',#8626);
#6488=LINE('',#8627,#8628);
#6489=VERTEX_POINT('',#8629);
#6490=LINE('',#8630,#8631);
#6491=LINE('',#8632,#8633);
#6492=VERTEX_POINT('',#8634);
#6493=LINE('',#8635,#8636);
#6494=VERTEX_POINT('',#8637);
#6495=LINE('',#8638,#8639);
#6496=LINE('',#8640,#8641);
#6497=LINE('',#8642,#8643);
#6498=LINE('',#8644,#8645);
#6499=LINE('',#8646,#8647);
#6500=LINE('',#8648,#8649);
#6501=VERTEX_POINT('',#8650);
#6502=VERTEX_POINT('',#8651);
#6503=LINE('',#8652,#8653);
#6504=VERTEX_POINT('',#8654);
#6505=LINE('',#8655,#8656);
#6506=VERTEX_POINT('',#8657);
#6507=LINE('',#8658,#8659);
#6508=LINE('',#8660,#8661);
#6509=VERTEX_POINT('',#8662);
#6510=LINE('',#8663,#8664);
#6511=VERTEX_POINT('',#8665);
#6512=LINE('',#8666,#8667);
#6513=LINE('',#8668,#8669);
#6514=VERTEX_POINT('',#8670);
#6515=LINE('',#8671,#8672);
#6516=VERTEX_POINT('',#8673);
#6517=LINE('',#8674,#8675);
#6518=LINE('',#8676,#8677);
#6519=VERTEX_POINT('',#8678);
#6520=LINE('',#8679,#8680);
#6521=VERTEX_POINT('',#8681);
#6522=LINE('',#8682,#8683);
#6523=LINE('',#8684,#8685);
#6524=LINE('',#8686,#8687);
#6525=LINE('',#8688,#8689);
#6526=LINE('',#8690,#8691);
#6527=LINE('',#8692,#8693);
#6528=VERTEX_POINT('',#8694);
#6529=VERTEX_POINT('',#8695);
#6530=LINE('',#8696,#8697);
#6531=VERTEX_POINT('',#8698);
#6532=LINE('',#8699,#8700);
#6533=VERTEX_POINT('',#8701);
#6534=LINE('',#8702,#8703);
#6535=LINE('',#8704,#8705);
#6536=VERTEX_POINT('',#8706);
#6537=LINE('',#8707,#8708);
#6538=VERTEX_POINT('',#8709);
#6539=LINE('',#8710,#8711);
#6540=LINE('',#8712,#8713);
#6541=VERTEX_POINT('',#8714);
#6542=LINE('',#8715,#8716);
#6543=VERTEX_POINT('',#8717);
#6544=LINE('',#8718,#8719);
#6545=LINE('',#8720,#8721);
#6546=VERTEX_POINT('',#8722);
#6547=LINE('',#8723,#8724);
#6548=VERTEX_POINT('',#8725);
#6549=LINE('',#8726,#8727);
#6550=LINE('',#8728,#8729);
#6551=LINE('',#8730,#8731);
#6552=LINE('',#8732,#8733);
#6553=LINE('',#8734,#8735);
#6554=LINE('',#8736,#8737);
#6555=VERTEX_POINT('',#8738);
#6556=VERTEX_POINT('',#8739);
#6557=LINE('',#8740,#8741);
#6558=VERTEX_POINT('',#8742);
#6559=LINE('',#8743,#8744);
#6560=VERTEX_POINT('',#8745);
#6561=LINE('',#8746,#8747);
#6562=LINE('',#8748,#8749);
#6563=VERTEX_POINT('',#8750);
#6564=LINE('',#8751,#8752);
#6565=VERTEX_POINT('',#8753);
#6566=LINE('',#8754,#8755);
#6567=LINE('',#8756,#8757);
#6568=VERTEX_POINT('',#8758);
#6569=LINE('',#8759,#8760);
#6570=VERTEX_POINT('',#8761);
#6571=LINE('',#8762,#8763);
#6572=LINE('',#8764,#8765);
#6573=VERTEX_POINT('',#8766);
#6574=LINE('',#8767,#8768);
#6575=VERTEX_POINT('',#8769);
#6576=LINE('',#8770,#8771);
#6577=LINE('',#8772,#8773);
#6578=LINE('',#8774,#8775);
#6579=LINE('',#8776,#8777);
#6580=LINE('',#8778,#8779);
#6581=LINE('',#8780,#8781);
#6582=VERTEX_POINT('',#8782);
#6583=LINE('',#8783,#8784);
#6584=VERTEX_POINT('',#8785);
#6585=LINE('',#8786,#8787);
#6586=LINE('',#8788,#8789);
#6587=VERTEX_POINT('',#8790);
#6588=LINE('',#8791,#8792);
#6589=VERTEX_POINT('',#8793);
#6590=LINE('',#8794,#8795);
#6591=LINE('',#8796,#8797);
#6592=VERTEX_POINT('',#8798);
#6593=LINE('',#8799,#8800);
#6594=VERTEX_POINT('',#8801);
#6595=LINE('',#8802,#8803);
#6596=LINE('',#8804,#8805);
#6597=VERTEX_POINT('',#8806);
#6598=LINE('',#8807,#8808);
#6599=VERTEX_POINT('',#8809);
#6600=LINE('',#8810,#8811);
#6601=LINE('',#8812,#8813);
#6602=LINE('',#8814,#8815);
#6603=LINE('',#8816,#8817);
#6604=VERTEX_POINT('',#8818);
#6605=LINE('',#8819,#8820);
#6606=VERTEX_POINT('',#8821);
#6607=LINE('',#8822,#8823);
#6608=LINE('',#8824,#8825);
#6609=VERTEX_POINT('',#8826);
#6610=LINE('',#8827,#8828);
#6611=VERTEX_POINT('',#8829);
#6612=LINE('',#8830,#8831);
#6613=LINE('',#8832,#8833);
#6614=VERTEX_POINT('',#8834);
#6615=LINE('',#8835,#8836);
#6616=VERTEX_POINT('',#8837);
#6617=LINE('',#8838,#8839);
#6618=LINE('',#8840,#8841);
#6619=VERTEX_POINT('',#8842);
#6620=LINE('',#8843,#8844);
#6621=VERTEX_POINT('',#8845);
#6622=LINE('',#8846,#8847);
#6623=LINE('',#8848,#8849);
#6624=LINE('',#8850,#8851);
#6625=LINE('',#8852,#8853);
#6626=VERTEX_POINT('',#8854);
#6627=LINE('',#8855,#8856);
#6628=VERTEX_POINT('',#8857);
#6629=LINE('',#8858,#8859);
#6630=LINE('',#8860,#8861);
#6631=VERTEX_POINT('',#8862);
#6632=LINE('',#8863,#8864);
#6633=VERTEX_POINT('',#8865);
#6634=LINE('',#8866,#8867);
#6635=LINE('',#8868,#8869);
#6636=VERTEX_POINT('',#8870);
#6637=LINE('',#8871,#8872);
#6638=VERTEX_POINT('',#8873);
#6639=LINE('',#8874,#8875);
#6640=LINE('',#8876,#8877);
#6641=VERTEX_POINT('',#8878);
#6642=LINE('',#8879,#8880);
#6643=VERTEX_POINT('',#8881);
#6644=LINE('',#8882,#8883);
#6645=LINE('',#8884,#8885);
#6646=LINE('',#8886,#8887);
#6647=LINE('',#8888,#8889);
#6648=VERTEX_POINT('',#8890);
#6649=LINE('',#8891,#8892);
#6650=VERTEX_POINT('',#8893);
#6651=LINE('',#8894,#8895);
#6652=LINE('',#8896,#8897);
#6653=VERTEX_POINT('',#8898);
#6654=LINE('',#8899,#8900);
#6655=VERTEX_POINT('',#8901);
#6656=LINE('',#8902,#8903);
#6657=LINE('',#8904,#8905);
#6658=VERTEX_POINT('',#8906);
#6659=LINE('',#8907,#8908);
#6660=VERTEX_POINT('',#8909);
#6661=LINE('',#8910,#8911);
#6662=LINE('',#8912,#8913);
#6663=VERTEX_POINT('',#8914);
#6664=LINE('',#8915,#8916);
#6665=VERTEX_POINT('',#8917);
#6666=LINE('',#8918,#8919);
#6667=LINE('',#8920,#8921);
#6668=LINE('',#8922,#8923);
#6669=LINE('',#8924,#8925);
#6670=VERTEX_POINT('',#8926);
#6671=LINE('',#8927,#8928);
#6672=VERTEX_POINT('',#8929);
#6673=LINE('',#8930,#8931);
#6674=LINE('',#8932,#8933);
#6675=VERTEX_POINT('',#8934);
#6676=LINE('',#8935,#8936);
#6677=VERTEX_POINT('',#8937);
#6678=LINE('',#8938,#8939);
#6679=LINE('',#8940,#8941);
#6680=VERTEX_POINT('',#8942);
#6681=LINE('',#8943,#8944);
#6682=VERTEX_POINT('',#8945);
#6683=LINE('',#8946,#8947);
#6684=LINE('',#8948,#8949);
#6685=VERTEX_POINT('',#8950);
#6686=LINE('',#8951,#8952);
#6687=VERTEX_POINT('',#8953);
#6688=LINE('',#8954,#8955);
#6689=LINE('',#8956,#8957);
#6690=LINE('',#8958,#8959);
#6691=LINE('',#8960,#8961);
#6692=VERTEX_POINT('',#8962);
#6693=LINE('',#8963,#8964);
#6694=VERTEX_POINT('',#8965);
#6695=LINE('',#8966,#8967);
#6696=LINE('',#8968,#8969);
#6697=VERTEX_POINT('',#8970);
#6698=LINE('',#8971,#8972);
#6699=VERTEX_POINT('',#8973);
#6700=LINE('',#8974,#8975);
#6701=LINE('',#8976,#8977);
#6702=VERTEX_POINT('',#8978);
#6703=LINE('',#8979,#8980);
#6704=VERTEX_POINT('',#8981);
#6705=LINE('',#8982,#8983);
#6706=LINE('',#8984,#8985);
#6707=VERTEX_POINT('',#8986);
#6708=LINE('',#8987,#8988);
#6709=VERTEX_POINT('',#8989);
#6710=LINE('',#8990,#8991);
#6711=LINE('',#8992,#8993);
#6712=LINE('',#8994,#8995);
#6713=LINE('',#8996,#8997);
#6714=VERTEX_POINT('',#8998);
#6715=LINE('',#8999,#9000);
#6716=VERTEX_POINT('',#9001);
#6717=LINE('',#9002,#9003);
#6718=LINE('',#9004,#9005);
#6719=VERTEX_POINT('',#9006);
#6720=LINE('',#9007,#9008);
#6721=VERTEX_POINT('',#9009);
#6722=LINE('',#9010,#9011);
#6723=LINE('',#9012,#9013);
#6724=VERTEX_POINT('',#9014);
#6725=LINE('',#9015,#9016);
#6726=VERTEX_POINT('',#9017);
#6727=LINE('',#9018,#9019);
#6728=LINE('',#9020,#9021);
#6729=VERTEX_POINT('',#9022);
#6730=LINE('',#9023,#9024);
#6731=VERTEX_POINT('',#9025);
#6732=LINE('',#9026,#9027);
#6733=LINE('',#9028,#9029);
#6734=LINE('',#9030,#9031);
#6735=LINE('',#9032,#9033);
#6736=VERTEX_POINT('',#9034);
#6737=LINE('',#9035,#9036);
#6738=VERTEX_POINT('',#9037);
#6739=LINE('',#9038,#9039);
#6740=LINE('',#9040,#9041);
#6741=VERTEX_POINT('',#9042);
#6742=LINE('',#9043,#9044);
#6743=VERTEX_POINT('',#9045);
#6744=LINE('',#9046,#9047);
#6745=LINE('',#9048,#9049);
#6746=VERTEX_POINT('',#9050);
#6747=LINE('',#9051,#9052);
#6748=VERTEX_POINT('',#9053);
#6749=LINE('',#9054,#9055);
#6750=LINE('',#9056,#9057);
#6751=VERTEX_POINT('',#9058);
#6752=LINE('',#9059,#9060);
#6753=VERTEX_POINT('',#9061);
#6754=LINE('',#9062,#9063);
#6755=LINE('',#9064,#9065);
#6756=LINE('',#9066,#9067);
#6757=LINE('',#9068,#9069);
#6758=VERTEX_POINT('',#9070);
#6759=LINE('',#9071,#9072);
#6760=VERTEX_POINT('',#9073);
#6761=LINE('',#9074,#9075);
#6762=LINE('',#9076,#9077);
#6763=VERTEX_POINT('',#9078);
#6764=LINE('',#9079,#9080);
#6765=VERTEX_POINT('',#9081);
#6766=LINE('',#9082,#9083);
#6767=LINE('',#9084,#9085);
#6768=VERTEX_POINT('',#9086);
#6769=LINE('',#9087,#9088);
#6770=VERTEX_POINT('',#9089);
#6771=LINE('',#9090,#9091);
#6772=LINE('',#9092,#9093);
#6773=VERTEX_POINT('',#9094);
#6774=LINE('',#9095,#9096);
#6775=VERTEX_POINT('',#9097);
#6776=LINE('',#9098,#9099);
#6777=LINE('',#9100,#9101);
#6778=LINE('',#9102,#9103);
#6779=LINE('',#9104,#9105);
#6780=VERTEX_POINT('',#9106);
#6781=LINE('',#9107,#9108);
#6782=VERTEX_POINT('',#9109);
#6783=LINE('',#9110,#9111);
#6784=LINE('',#9112,#9113);
#6785=VERTEX_POINT('',#9114);
#6786=LINE('',#9115,#9116);
#6787=VERTEX_POINT('',#9117);
#6788=LINE('',#9118,#9119);
#6789=LINE('',#9120,#9121);
#6790=VERTEX_POINT('',#9122);
#6791=LINE('',#9123,#9124);
#6792=VERTEX_POINT('',#9125);
#6793=LINE('',#9126,#9127);
#6794=LINE('',#9128,#9129);
#6795=VERTEX_POINT('',#9130);
#6796=LINE('',#9131,#9132);
#6797=VERTEX_POINT('',#9133);
#6798=LINE('',#9134,#9135);
#6799=LINE('',#9136,#9137);
#6800=LINE('',#9138,#9139);
#6801=LINE('',#9140,#9141);
#6802=VERTEX_POINT('',#9142);
#6803=LINE('',#9143,#9144);
#6804=VERTEX_POINT('',#9145);
#6805=LINE('',#9146,#9147);
#6806=LINE('',#9148,#9149);
#6807=VERTEX_POINT('',#9150);
#6808=LINE('',#9151,#9152);
#6809=VERTEX_POINT('',#9153);
#6810=LINE('',#9154,#9155);
#6811=LINE('',#9156,#9157);
#6812=VERTEX_POINT('',#9158);
#6813=LINE('',#9159,#9160);
#6814=VERTEX_POINT('',#9161);
#6815=LINE('',#9162,#9163);
#6816=LINE('',#9164,#9165);
#6817=VERTEX_POINT('',#9166);
#6818=LINE('',#9167,#9168);
#6819=VERTEX_POINT('',#9169);
#6820=LINE('',#9170,#9171);
#6821=LINE('',#9172,#9173);
#6822=LINE('',#9174,#9175);
#6823=LINE('',#9176,#9177);
#6824=VERTEX_POINT('',#9178);
#6825=LINE('',#9179,#9180);
#6826=VERTEX_POINT('',#9181);
#6827=LINE('',#9182,#9183);
#6828=LINE('',#9184,#9185);
#6829=VERTEX_POINT('',#9186);
#6830=LINE('',#9187,#9188);
#6831=VERTEX_POINT('',#9189);
#6832=LINE('',#9190,#9191);
#6833=LINE('',#9192,#9193);
#6834=VERTEX_POINT('',#9194);
#6835=LINE('',#9195,#9196);
#6836=VERTEX_POINT('',#9197);
#6837=LINE('',#9198,#9199);
#6838=LINE('',#9200,#9201);
#6839=VERTEX_POINT('',#9202);
#6840=LINE('',#9203,#9204);
#6841=VERTEX_POINT('',#9205);
#6842=LINE('',#9206,#9207);
#6843=LINE('',#9208,#9209);
#6844=LINE('',#9210,#9211);
#6845=LINE('',#9212,#9213);
#6846=VERTEX_POINT('',#9214);
#6847=LINE('',#9215,#9216);
#6848=VERTEX_POINT('',#9217);
#6849=LINE('',#9218,#9219);
#6850=LINE('',#9220,#9221);
#6851=VERTEX_POINT('',#9222);
#6852=LINE('',#9223,#9224);
#6853=VERTEX_POINT('',#9225);
#6854=LINE('',#9226,#9227);
#6855=LINE('',#9228,#9229);
#6856=VERTEX_POINT('',#9230);
#6857=LINE('',#9231,#9232);
#6858=VERTEX_POINT('',#9233);
#6859=LINE('',#9234,#9235);
#6860=LINE('',#9236,#9237);
#6861=VERTEX_POINT('',#9238);
#6862=LINE('',#9239,#9240);
#6863=VERTEX_POINT('',#9241);
#6864=LINE('',#9242,#9243);
#6865=LINE('',#9244,#9245);
#6866=LINE('',#9246,#9247);
#6867=LINE('',#9248,#9249);
#6868=VERTEX_POINT('',#9250);
#6869=LINE('',#9251,#9252);
#6870=LINE('',#9253,#9254);
#6871=VERTEX_POINT('',#9255);
#6872=LINE('',#9256,#9257);
#6873=LINE('',#9258,#9259);
#6874=LINE('',#9260,#9261);
#6875=VERTEX_POINT('',#9262);
#6876=LINE('',#9263,#9264);
#6877=VERTEX_POINT('',#9265);
#6878=LINE('',#9266,#9267);
#6879=LINE('',#9268,#9269);
#6880=LINE('',#9270,#9271);
#6881=LINE('',#9272,#9273);
#6882=CARTESIAN_POINT('',(9.125,1.13333333333333,1.22499999999999));
#6883=CARTESIAN_POINT('',(9.125,3.95,1.22499999999999));
#6884=CARTESIAN_POINT('',(9.125,2.53305010054012,1.22499999999999));
#6885=VECTOR('',#9274,1.0);
#6886=CARTESIAN_POINT('',(9.15084969837962,1.11610020108025,1.22160120648149));
#6887=AXIS2_PLACEMENT_3D('',#9275,#9276,#9277);
#6888=CARTESIAN_POINT('',(9.15084969837962,3.95,1.2216012064815));
#6889=CARTESIAN_POINT('',(9.15084969837962,-25.255,1.22160120648149));
#6890=VECTOR('',#9278,1.0);
#6891=AXIS2_PLACEMENT_3D('',#9279,#9280,#9281);
#6892=CARTESIAN_POINT('',(9.125,3.95,1.97500000000001));
#6893=CARTESIAN_POINT('',(9.125,1.13333333333333,1.97500000000001));
#6894=CARTESIAN_POINT('',(9.125,2.53305010054013,1.97500000000001));
#6895=VECTOR('',#9282,1.0);
#6896=CARTESIAN_POINT('',(9.15084969837962,3.95,1.97839879351851));
#6897=AXIS2_PLACEMENT_3D('',#9283,#9284,#9285);
#6898=CARTESIAN_POINT('',(9.15084969837962,1.11610020108025,1.97839879351851));
#6899=CARTESIAN_POINT('',(9.15084969837962,-25.255,1.97839879351851));
#6900=VECTOR('',#9286,1.0);
#6901=AXIS2_PLACEMENT_3D('',#9287,#9288,#9289);
#6902=CARTESIAN_POINT('',(-9.125,3.95,1.97499999999999));
#6903=CARTESIAN_POINT('',(-9.125,1.13333333333334,1.97499999999999));
#6904=CARTESIAN_POINT('',(-9.125,2.53305010054013,1.97499999999999));
#6905=VECTOR('',#9290,1.0);
#6906=CARTESIAN_POINT('',(-9.025,3.95,2.07499999999999));
#6907=AXIS2_PLACEMENT_3D('',#9291,#9292,#9293);
#6908=CARTESIAN_POINT('',(-9.025,1.2,2.07499999999999));
#6909=CARTESIAN_POINT('',(-9.025,-25.255,2.07499999999999));
#6910=VECTOR('',#9294,1.0);
#6911=AXIS2_PLACEMENT_3D('',#9295,#9296,#9297);
#6912=CARTESIAN_POINT('',(-9.125,1.13333333333334,1.22499999999999));
#6913=CARTESIAN_POINT('',(-9.125,3.95,1.22499999999999));
#6914=CARTESIAN_POINT('',(-9.125,2.53305010054013,1.22499999999999));
#6915=VECTOR('',#9298,1.0);
#6916=CARTESIAN_POINT('',(-9.025,1.2,1.125));
#6917=AXIS2_PLACEMENT_3D('',#9299,#9300,#9301);
#6918=CARTESIAN_POINT('',(-9.025,3.95,1.125));
#6919=CARTESIAN_POINT('',(-9.025,-25.255,1.125));
#6920=VECTOR('',#9302,1.0);
#6921=AXIS2_PLACEMENT_3D('',#9303,#9304,#9305);
#6922=CARTESIAN_POINT('',(-9.625,2.8,0.3));
#6923=CARTESIAN_POINT('',(-9.625,2.8,0.0));
#6924=CARTESIAN_POINT('',(-9.625,2.8,2.8));
#6925=VECTOR('',#9306,1.0);
#6926=CARTESIAN_POINT('',(-9.925,3.1,0.3));
#6927=CARTESIAN_POINT('',(-9.625,2.8,0.3));
#6928=VECTOR('',#9307,1.0);
#6929=CARTESIAN_POINT('',(-9.925,3.1,0.0));
#6930=CARTESIAN_POINT('',(-9.925,3.1,2.8));
#6931=VECTOR('',#9308,1.0);
#6932=CARTESIAN_POINT('',(-9.625,2.8,0.0));
#6933=VECTOR('',#9309,1.0);
#6934=CARTESIAN_POINT('',(-9.925,3.1,2.8));
#6935=CARTESIAN_POINT('',(-9.925,3.1,2.5));
#6936=CARTESIAN_POINT('',(-9.925,3.1,2.8));
#6937=VECTOR('',#9310,1.0);
#6938=CARTESIAN_POINT('',(-9.625,2.8,2.5));
#6939=CARTESIAN_POINT('',(-9.625,2.8,2.5));
#6940=VECTOR('',#9311,1.0);
#6941=CARTESIAN_POINT('',(-9.625,2.8,2.8));
#6942=CARTESIAN_POINT('',(-9.625,2.8,2.8));
#6943=VECTOR('',#9312,1.0);
#6944=CARTESIAN_POINT('',(-9.625,2.8,2.8));
#6945=VECTOR('',#9313,1.0);
#6946=CARTESIAN_POINT('',(-10.825,3.1,0.3));
#6947=CARTESIAN_POINT('',(-9.925,3.1,0.3));
#6948=VECTOR('',#9314,1.0);
#6949=CARTESIAN_POINT('',(-10.825,3.1,2.5));
#6950=CARTESIAN_POINT('',(-10.825,3.1,2.8));
#6951=VECTOR('',#9315,1.0);
#6952=CARTESIAN_POINT('',(-9.925,3.1,2.5));
#6953=VECTOR('',#9316,1.0);
#6954=CARTESIAN_POINT('',(-11.125,3.1,2.8));
#6955=CARTESIAN_POINT('',(-9.925,3.1,2.8));
#6956=VECTOR('',#9317,1.0);
#6957=CARTESIAN_POINT('',(-11.125,3.1,0.0));
#6958=CARTESIAN_POINT('',(-11.125,3.1,2.8));
#6959=VECTOR('',#9318,1.0);
#6960=CARTESIAN_POINT('',(-9.925,3.1,0.0));
#6961=VECTOR('',#9319,1.0);
#6962=CARTESIAN_POINT('',(10.825,3.1,2.5));
#6963=CARTESIAN_POINT('',(10.825,3.1,0.3));
#6964=CARTESIAN_POINT('',(10.825,3.1,2.8));
#6965=VECTOR('',#9320,1.0);
#6966=CARTESIAN_POINT('',(9.925,3.1,0.3));
#6967=CARTESIAN_POINT('',(11.125,3.1,0.3));
#6968=VECTOR('',#9321,1.0);
#6969=CARTESIAN_POINT('',(9.925,3.1,0.0));
#6970=CARTESIAN_POINT('',(9.925,3.1,2.8));
#6971=VECTOR('',#9322,1.0);
#6972=CARTESIAN_POINT('',(11.125,3.1,0.0));
#6973=CARTESIAN_POINT('',(11.125,3.1,0.0));
#6974=VECTOR('',#9323,1.0);
#6975=CARTESIAN_POINT('',(11.125,3.1,2.8));
#6976=CARTESIAN_POINT('',(11.125,3.1,2.8));
#6977=VECTOR('',#9324,1.0);
#6978=CARTESIAN_POINT('',(9.925,3.1,2.8));
#6979=CARTESIAN_POINT('',(11.125,3.1,2.8));
#6980=VECTOR('',#9325,1.0);
#6981=CARTESIAN_POINT('',(9.925,3.1,2.5));
#6982=CARTESIAN_POINT('',(9.925,3.1,2.8));
#6983=VECTOR('',#9326,1.0);
#6984=CARTESIAN_POINT('',(11.125,3.1,2.5));
#6985=VECTOR('',#9327,1.0);
#6986=CARTESIAN_POINT('',(9.625,2.8,0.3));
#6987=CARTESIAN_POINT('',(9.925,3.1,0.3));
#6988=VECTOR('',#9328,1.0);
#6989=CARTESIAN_POINT('',(9.625,2.8,0.0));
#6990=CARTESIAN_POINT('',(9.625,2.8,2.8));
#6991=VECTOR('',#9329,1.0);
#6992=CARTESIAN_POINT('',(9.925,3.1,0.0));
#6993=VECTOR('',#9330,1.0);
#6994=CARTESIAN_POINT('',(9.625,2.8,2.8));
#6995=CARTESIAN_POINT('',(9.625,2.8,2.5));
#6996=CARTESIAN_POINT('',(9.625,2.8,2.8));
#6997=VECTOR('',#9331,1.0);
#6998=CARTESIAN_POINT('',(9.925,3.1,2.5));
#6999=VECTOR('',#9332,1.0);
#7000=CARTESIAN_POINT('',(9.925,3.1,2.8));
#7001=VECTOR('',#9333,1.0);
#7002=CARTESIAN_POINT('',(-7.65,1.0,0.199999999999999));
#7003=CARTESIAN_POINT('',(-7.65,1.0,0.0));
#7004=CARTESIAN_POINT('',(-7.65,1.0,3.96));
#7005=VECTOR('',#9334,1.0);
#7006=CARTESIAN_POINT('',(-9.325,1.0,0.2));
#7007=CARTESIAN_POINT('',(9.625,1.0,0.2));
#7008=VECTOR('',#9335,1.0);
#7009=CARTESIAN_POINT('',(-9.325,1.0,1.175));
#7010=CARTESIAN_POINT('',(-9.325,1.0,0.4));
#7011=VECTOR('',#9336,1.0);
#7012=CARTESIAN_POINT('',(-9.325,1.0,2.025));
#7013=CARTESIAN_POINT('',(-9.325,1.0,1.175));
#7014=VECTOR('',#9337,1.0);
#7015=CARTESIAN_POINT('',(-9.325,1.0,2.8));
#7016=CARTESIAN_POINT('',(-9.325,1.0,0.4));
#7017=VECTOR('',#9338,1.0);
#7018=CARTESIAN_POINT('',(-9.625,1.0,2.8));
#7019=CARTESIAN_POINT('',(-9.025,1.0,2.8));
#7020=VECTOR('',#9339,1.0);
#7021=CARTESIAN_POINT('',(-9.625,1.0,0.0));
#7022=CARTESIAN_POINT('',(-9.625,1.0,0.4));
#7023=VECTOR('',#9340,1.0);
#7024=CARTESIAN_POINT('',(9.625,1.0,0.0));
#7025=VECTOR('',#9341,1.0);
#7026=CARTESIAN_POINT('',(-7.65,1.2,0.4));
#7027=CARTESIAN_POINT('',(-7.65,1.0,0.2));
#7028=VECTOR('',#9342,1.0);
#7029=CARTESIAN_POINT('',(-9.025,1.2,0.4));
#7030=CARTESIAN_POINT('',(9.625,1.2,0.4));
#7031=VECTOR('',#9343,1.0);
#7032=CARTESIAN_POINT('',(-9.025,1.2,0.4));
#7033=VECTOR('',#9344,1.0);
#7034=CARTESIAN_POINT('',(-7.35,1.2,0.4));
#7035=CARTESIAN_POINT('',(7.35,1.2,0.4));
#7036=CARTESIAN_POINT('',(9.625,1.2,0.4));
#7037=VECTOR('',#9345,1.0);
#7038=CARTESIAN_POINT('',(-7.35,1.0,0.2));
#7039=CARTESIAN_POINT('',(-7.35,1.0,0.2));
#7040=VECTOR('',#9346,1.0);
#7041=CARTESIAN_POINT('',(7.35,1.0,0.199999999999999));
#7042=CARTESIAN_POINT('',(9.625,1.0,0.2));
#7043=VECTOR('',#9347,1.0);
#7044=CARTESIAN_POINT('',(7.35,1.0,0.2));
#7045=VECTOR('',#9348,1.0);
#7046=CARTESIAN_POINT('',(9.625,5.65,0.7));
#7047=CARTESIAN_POINT('',(9.625,5.4,0.7));
#7048=CARTESIAN_POINT('',(9.625,5.65,0.7));
#7049=VECTOR('',#9349,1.0);
#7050=CARTESIAN_POINT('',(9.625,5.4,0.0));
#7051=CARTESIAN_POINT('',(9.625,5.4,2.8));
#7052=VECTOR('',#9350,1.0);
#7053=CARTESIAN_POINT('',(9.625,5.65,0.0));
#7054=CARTESIAN_POINT('',(9.625,1.0,0.0));
#7055=VECTOR('',#9351,1.0);
#7056=CARTESIAN_POINT('',(9.625,5.65,0.7));
#7057=VECTOR('',#9352,1.0);
#7058=CARTESIAN_POINT('',(-9.625,5.4,0.7));
#7059=CARTESIAN_POINT('',(-9.625,5.4,0.0));
#7060=CARTESIAN_POINT('',(-9.625,5.4,2.8));
#7061=VECTOR('',#9353,1.0);
#7062=CARTESIAN_POINT('',(-9.625,5.65,0.7));
#7063=CARTESIAN_POINT('',(-9.625,5.65,0.7));
#7064=VECTOR('',#9354,1.0);
#7065=CARTESIAN_POINT('',(-9.625,5.65,0.0));
#7066=CARTESIAN_POINT('',(-9.625,5.65,0.0));
#7067=VECTOR('',#9355,1.0);
#7068=CARTESIAN_POINT('',(-9.625,1.0,0.0));
#7069=VECTOR('',#9356,1.0);
#7070=CARTESIAN_POINT('',(-6.95000000000001,2.45,0.4));
#7071=CARTESIAN_POINT('',(-7.35,2.45,0.4));
#7072=CARTESIAN_POINT('',(-7.35,2.45,0.4));
#7073=VECTOR('',#9357,1.0);
#7074=CARTESIAN_POINT('',(-7.35,1.0,0.4));
#7075=VECTOR('',#9358,1.0);
#7076=CARTESIAN_POINT('',(7.35,2.45,0.4));
#7077=CARTESIAN_POINT('',(7.35,1.0,0.4));
#7078=VECTOR('',#9359,1.0);
#7079=CARTESIAN_POINT('',(6.95000000000001,2.45,0.4));
#7080=CARTESIAN_POINT('',(7.35,2.45,0.4));
#7081=VECTOR('',#9360,1.0);
#7082=CARTESIAN_POINT('',(6.95000000000001,3.6,0.4));
#7083=CARTESIAN_POINT('',(6.95000000000001,2.45,0.4));
#7084=VECTOR('',#9361,1.0);
#7085=CARTESIAN_POINT('',(8.05,3.6,0.4));
#7086=CARTESIAN_POINT('',(6.95000000000001,3.6,0.4));
#7087=VECTOR('',#9362,1.0);
#7088=CARTESIAN_POINT('',(8.05,2.45,0.4));
#7089=CARTESIAN_POINT('',(8.05,3.6,0.4));
#7090=VECTOR('',#9363,1.0);
#7091=CARTESIAN_POINT('',(7.65,2.45,0.4));
#7092=CARTESIAN_POINT('',(8.05,2.45,0.4));
#7093=VECTOR('',#9364,1.0);
#7094=CARTESIAN_POINT('',(7.65,1.2,0.4));
#7095=CARTESIAN_POINT('',(7.65,2.45,0.4));
#7096=VECTOR('',#9365,1.0);
#7097=CARTESIAN_POINT('',(9.025,1.2,0.399999999999999));
#7098=CARTESIAN_POINT('',(9.625,1.2,0.4));
#7099=VECTOR('',#9366,1.0);
#7100=CARTESIAN_POINT('',(9.025,3.95,0.4));
#7101=CARTESIAN_POINT('',(9.025,-25.255,0.399999999999999));
#7102=VECTOR('',#9367,1.0);
#7103=CARTESIAN_POINT('',(-9.025,3.95,0.4));
#7104=CARTESIAN_POINT('',(9.625,3.95,0.4));
#7105=VECTOR('',#9368,1.0);
#7106=CARTESIAN_POINT('',(-9.025,-25.255,0.4));
#7107=VECTOR('',#9369,1.0);
#7108=CARTESIAN_POINT('',(-7.65,2.45,0.4));
#7109=CARTESIAN_POINT('',(-7.65,2.45,0.4));
#7110=VECTOR('',#9370,1.0);
#7111=CARTESIAN_POINT('',(-8.05,2.45,0.4));
#7112=CARTESIAN_POINT('',(-8.05,2.45,0.4));
#7113=VECTOR('',#9371,1.0);
#7114=CARTESIAN_POINT('',(-8.05,3.6,0.4));
#7115=CARTESIAN_POINT('',(-8.05,3.6,0.4));
#7116=VECTOR('',#9372,1.0);
#7117=CARTESIAN_POINT('',(-6.95000000000001,3.6,0.4));
#7118=CARTESIAN_POINT('',(-6.95000000000001,3.6,0.4));
#7119=VECTOR('',#9373,1.0);
#7120=CARTESIAN_POINT('',(-6.95000000000001,2.45,0.4));
#7121=VECTOR('',#9374,1.0);
#7122=CARTESIAN_POINT('',(-7.35,1.0,0.0));
#7123=CARTESIAN_POINT('',(-7.35,1.0,3.96));
#7124=VECTOR('',#9375,1.0);
#7125=CARTESIAN_POINT('',(7.35,1.0,0.0));
#7126=CARTESIAN_POINT('',(9.625,1.0,0.0));
#7127=VECTOR('',#9376,1.0);
#7128=CARTESIAN_POINT('',(7.35,1.0,3.96));
#7129=VECTOR('',#9377,1.0);
#7130=CARTESIAN_POINT('',(-10.295,5.45000000000001,0.0));
#7131=CARTESIAN_POINT('',(-11.125,5.45,0.0));
#7132=CARTESIAN_POINT('',(-10.295,5.45,0.0));
#7133=VECTOR('',#9378,1.0);
#7134=CARTESIAN_POINT('',(-11.125,5.7,0.0));
#7135=CARTESIAN_POINT('',(-11.125,5.7,0.0));
#7136=VECTOR('',#9379,1.0);
#7137=CARTESIAN_POINT('',(-10.295,5.7,0.0));
#7138=CARTESIAN_POINT('',(-11.325,5.7,0.0));
#7139=VECTOR('',#9380,1.0);
#7140=CARTESIAN_POINT('',(-9.87073593128807,5.4,0.0));
#7141=AXIS2_PLACEMENT_3D('',#9381,#9382,#9383);
#7142=CARTESIAN_POINT('',(-10.625,5.4,0.0));
#7143=VECTOR('',#9384,1.0);
#7144=CARTESIAN_POINT('',(-9.125,5.65,0.0));
#7145=CARTESIAN_POINT('',(-9.125,5.65,3.06161699786839E-17));
#7146=VECTOR('',#9385,1.0);
#7147=CARTESIAN_POINT('',(-9.125,5.4,0.0));
#7148=CARTESIAN_POINT('',(-9.125,5.65,0.0));
#7149=VECTOR('',#9386,1.0);
#7150=CARTESIAN_POINT('',(9.125,5.4,0.0));
#7151=CARTESIAN_POINT('',(9.625,5.4,0.0));
#7152=VECTOR('',#9387,1.0);
#7153=CARTESIAN_POINT('',(9.125,5.65,0.0));
#7154=CARTESIAN_POINT('',(9.125,5.65,0.0));
#7155=VECTOR('',#9388,1.0);
#7156=CARTESIAN_POINT('',(9.625,5.65,-5.55111512312578E-17));
#7157=VECTOR('',#9389,1.0);
#7158=CARTESIAN_POINT('',(9.87073593128807,5.4,0.0));
#7159=CARTESIAN_POINT('',(9.625,5.4,0.0));
#7160=VECTOR('',#9390,1.0);
#7161=CARTESIAN_POINT('',(10.295,5.7,0.0));
#7162=AXIS2_PLACEMENT_3D('',#9391,#9392,#9393);
#7163=CARTESIAN_POINT('',(11.125,5.7,0.0));
#7164=CARTESIAN_POINT('',(10.295,5.7,0.0));
#7165=VECTOR('',#9394,1.0);
#7166=CARTESIAN_POINT('',(11.125,5.45,0.0));
#7167=CARTESIAN_POINT('',(11.125,5.45,0.0));
#7168=VECTOR('',#9395,1.0);
#7169=CARTESIAN_POINT('',(10.295,5.45,0.0));
#7170=CARTESIAN_POINT('',(11.325,5.45,0.0));
#7171=VECTOR('',#9396,1.0);
#7172=CARTESIAN_POINT('',(10.1627124344468,5.4,0.0));
#7173=AXIS2_PLACEMENT_3D('',#9397,#9398,#9399);
#7174=CARTESIAN_POINT('',(10.625,5.4,0.0));
#7175=CARTESIAN_POINT('',(9.625,5.4,0.0));
#7176=VECTOR('',#9400,1.0);
#7177=CARTESIAN_POINT('',(11.125,4.9,0.0));
#7178=CARTESIAN_POINT('',(10.625,5.4,0.0));
#7179=VECTOR('',#9401,1.0);
#7180=CARTESIAN_POINT('',(11.125,4.9,0.0));
#7181=VECTOR('',#9402,1.0);
#7182=CARTESIAN_POINT('',(9.625,1.0,0.0));
#7183=CARTESIAN_POINT('',(9.625,1.0,0.0));
#7184=VECTOR('',#9403,1.0);
#7185=CARTESIAN_POINT('',(7.65,1.0,0.0));
#7186=CARTESIAN_POINT('',(9.625,1.0,0.0));
#7187=VECTOR('',#9404,1.0);
#7188=CARTESIAN_POINT('',(7.65,2.45,0.0));
#7189=CARTESIAN_POINT('',(7.65,2.45,0.0));
#7190=VECTOR('',#9405,1.0);
#7191=CARTESIAN_POINT('',(8.05,2.45,0.0));
#7192=CARTESIAN_POINT('',(8.05,2.45,0.0));
#7193=VECTOR('',#9406,1.0);
#7194=CARTESIAN_POINT('',(8.05,3.6,0.0));
#7195=CARTESIAN_POINT('',(8.05,3.6,0.0));
#7196=VECTOR('',#9407,1.0);
#7197=CARTESIAN_POINT('',(6.95000000000001,3.6,0.0));
#7198=CARTESIAN_POINT('',(6.95000000000001,3.6,0.0));
#7199=VECTOR('',#9408,1.0);
#7200=CARTESIAN_POINT('',(6.95000000000001,2.45,0.0));
#7201=CARTESIAN_POINT('',(6.95000000000001,2.45,0.0));
#7202=VECTOR('',#9409,1.0);
#7203=CARTESIAN_POINT('',(7.35,2.45,0.0));
#7204=CARTESIAN_POINT('',(7.35,2.45,0.0));
#7205=VECTOR('',#9410,1.0);
#7206=CARTESIAN_POINT('',(7.35,1.0,0.0));
#7207=VECTOR('',#9411,1.0);
#7208=CARTESIAN_POINT('',(-7.35,2.45,0.0));
#7209=CARTESIAN_POINT('',(-7.35,1.0,0.0));
#7210=VECTOR('',#9412,1.0);
#7211=CARTESIAN_POINT('',(-6.95000000000001,2.45,0.0));
#7212=CARTESIAN_POINT('',(-7.35,2.45,0.0));
#7213=VECTOR('',#9413,1.0);
#7214=CARTESIAN_POINT('',(-6.95000000000001,3.6,0.0));
#7215=CARTESIAN_POINT('',(-6.95000000000001,2.45,0.0));
#7216=VECTOR('',#9414,1.0);
#7217=CARTESIAN_POINT('',(-8.05,3.6,0.0));
#7218=CARTESIAN_POINT('',(-6.95000000000001,3.6,0.0));
#7219=VECTOR('',#9415,1.0);
#7220=CARTESIAN_POINT('',(-8.05,2.45,0.0));
#7221=CARTESIAN_POINT('',(-8.05,3.6,0.0));
#7222=VECTOR('',#9416,1.0);
#7223=CARTESIAN_POINT('',(-7.65,2.45,0.0));
#7224=CARTESIAN_POINT('',(-8.05,2.45,0.0));
#7225=VECTOR('',#9417,1.0);
#7226=CARTESIAN_POINT('',(-7.65,2.45,0.0));
#7227=VECTOR('',#9418,1.0);
#7228=CARTESIAN_POINT('',(-9.625,1.0,0.0));
#7229=VECTOR('',#9419,1.0);
#7230=CARTESIAN_POINT('',(-11.125,4.9,0.0));
#7231=CARTESIAN_POINT('',(-11.125,3.1,0.0));
#7232=VECTOR('',#9420,1.0);
#7233=CARTESIAN_POINT('',(-10.625,5.4,0.0));
#7234=CARTESIAN_POINT('',(-11.125,4.9,0.0));
#7235=VECTOR('',#9421,1.0);
#7236=CARTESIAN_POINT('',(-10.1627124344468,5.4,0.0));
#7237=CARTESIAN_POINT('',(-10.625,5.4,0.0));
#7238=VECTOR('',#9422,1.0);
#7239=AXIS2_PLACEMENT_3D('',#9423,#9424,#9425);
#7240=CARTESIAN_POINT('',(7.65,1.0,0.199999999999999));
#7241=CARTESIAN_POINT('',(7.65,1.0,0.2));
#7242=VECTOR('',#9426,1.0);
#7243=CARTESIAN_POINT('',(9.325,1.0,0.2));
#7244=CARTESIAN_POINT('',(9.625,1.0,0.2));
#7245=VECTOR('',#9427,1.0);
#7246=CARTESIAN_POINT('',(8.76911764705883,1.37058823529411,0.570588235294115));
#7247=VECTOR('',#9428,1.0);
#7248=CARTESIAN_POINT('',(7.035,5.4,3.3));
#7249=CARTESIAN_POINT('',(6.715,5.4,3.3));
#7250=CARTESIAN_POINT('',(7.035,5.4,3.3));
#7251=VECTOR('',#9429,1.0);
#7252=CARTESIAN_POINT('',(7.035,5.4,3.7));
#7253=CARTESIAN_POINT('',(7.035,5.4,0.0));
#7254=VECTOR('',#9430,1.0);
#7255=CARTESIAN_POINT('',(7.965,5.4,3.7));
#7256=CARTESIAN_POINT('',(9.625,5.4,3.7));
#7257=VECTOR('',#9431,1.0);
#7258=CARTESIAN_POINT('',(7.965,5.4,3.3));
#7259=CARTESIAN_POINT('',(7.965,5.4,0.0));
#7260=VECTOR('',#9432,1.0);
#7261=CARTESIAN_POINT('',(8.285,5.4,3.3));
#7262=CARTESIAN_POINT('',(8.285,5.4,3.3));
#7263=VECTOR('',#9433,1.0);
#7264=CARTESIAN_POINT('',(8.285,5.4,3.7));
#7265=CARTESIAN_POINT('',(8.285,5.4,0.0));
#7266=VECTOR('',#9434,1.0);
#7267=CARTESIAN_POINT('',(9.125,5.4,3.7));
#7268=CARTESIAN_POINT('',(9.625,5.4,3.7));
#7269=VECTOR('',#9435,1.0);
#7270=CARTESIAN_POINT('',(9.125,5.4,2.8));
#7271=CARTESIAN_POINT('',(9.125,5.4,2.8));
#7272=VECTOR('',#9436,1.0);
#7273=CARTESIAN_POINT('',(9.625,5.4,2.8));
#7274=CARTESIAN_POINT('',(9.625,5.4,2.8));
#7275=VECTOR('',#9437,1.0);
#7276=CARTESIAN_POINT('',(10.625,5.4,2.8));
#7277=CARTESIAN_POINT('',(9.625,5.4,2.8));
#7278=VECTOR('',#9438,1.0);
#7279=CARTESIAN_POINT('',(10.625,5.4,2.8));
#7280=VECTOR('',#9439,1.0);
#7281=CARTESIAN_POINT('',(10.1627124344468,5.4,2.20000000000001));
#7282=CARTESIAN_POINT('',(10.1627124344468,5.4,2.20000000000001));
#7283=VECTOR('',#9440,1.0);
#7284=CARTESIAN_POINT('',(9.87073593128807,5.4,2.2));
#7285=CARTESIAN_POINT('',(9.625,5.4,2.2));
#7286=VECTOR('',#9441,1.0);
#7287=CARTESIAN_POINT('',(9.87073593128807,5.4,2.2));
#7288=VECTOR('',#9442,1.0);
#7289=CARTESIAN_POINT('',(9.125,5.4,0.7));
#7290=CARTESIAN_POINT('',(9.125,5.4,0.7));
#7291=VECTOR('',#9443,1.0);
#7292=CARTESIAN_POINT('',(9.125,5.4,0.0));
#7293=VECTOR('',#9444,1.0);
#7294=CARTESIAN_POINT('',(-9.125,5.4,0.7));
#7295=CARTESIAN_POINT('',(-9.125,5.4,0.7));
#7296=VECTOR('',#9445,1.0);
#7297=CARTESIAN_POINT('',(-9.625,5.4,0.7));
#7298=VECTOR('',#9446,1.0);
#7299=CARTESIAN_POINT('',(-9.87073593128808,5.4,2.2));
#7300=CARTESIAN_POINT('',(-9.87073593128808,5.4,2.2));
#7301=VECTOR('',#9447,1.0);
#7302=CARTESIAN_POINT('',(-10.1627124344468,5.4,2.2));
#7303=CARTESIAN_POINT('',(9.625,5.4,2.2));
#7304=VECTOR('',#9448,1.0);
#7305=CARTESIAN_POINT('',(-10.1627124344468,5.4,2.2));
#7306=VECTOR('',#9449,1.0);
#7307=CARTESIAN_POINT('',(-10.625,5.4,2.8));
#7308=CARTESIAN_POINT('',(-10.625,5.4,2.8));
#7309=VECTOR('',#9450,1.0);
#7310=CARTESIAN_POINT('',(-9.625,5.4,2.8));
#7311=CARTESIAN_POINT('',(-10.625,5.4,2.8));
#7312=VECTOR('',#9451,1.0);
#7313=CARTESIAN_POINT('',(-9.125,5.4,2.8));
#7314=CARTESIAN_POINT('',(-9.125,5.4,2.8));
#7315=VECTOR('',#9452,1.0);
#7316=CARTESIAN_POINT('',(-9.125,5.4,3.7));
#7317=CARTESIAN_POINT('',(-9.125,5.4,3.7));
#7318=VECTOR('',#9453,1.0);
#7319=CARTESIAN_POINT('',(-8.285,5.4,3.7));
#7320=CARTESIAN_POINT('',(9.625,5.4,3.7));
#7321=VECTOR('',#9454,1.0);
#7322=CARTESIAN_POINT('',(-8.285,5.4,3.3));
#7323=CARTESIAN_POINT('',(-8.285,5.4,0.0));
#7324=VECTOR('',#9455,1.0);
#7325=CARTESIAN_POINT('',(-7.965,5.4,3.3));
#7326=CARTESIAN_POINT('',(-7.965,5.4,3.3));
#7327=VECTOR('',#9456,1.0);
#7328=CARTESIAN_POINT('',(-7.965,5.4,3.7));
#7329=CARTESIAN_POINT('',(-7.965,5.4,0.0));
#7330=VECTOR('',#9457,1.0);
#7331=CARTESIAN_POINT('',(-7.035,5.4,3.7));
#7332=CARTESIAN_POINT('',(9.625,5.4,3.7));
#7333=VECTOR('',#9458,1.0);
#7334=CARTESIAN_POINT('',(-7.035,5.4,3.3));
#7335=CARTESIAN_POINT('',(-7.035,5.4,0.0));
#7336=VECTOR('',#9459,1.0);
#7337=CARTESIAN_POINT('',(-6.715,5.4,3.3));
#7338=CARTESIAN_POINT('',(-6.715,5.4,3.3));
#7339=VECTOR('',#9460,1.0);
#7340=CARTESIAN_POINT('',(-6.715,5.4,3.7));
#7341=CARTESIAN_POINT('',(-6.715,5.4,0.0));
#7342=VECTOR('',#9461,1.0);
#7343=CARTESIAN_POINT('',(-5.785,5.4,3.7));
#7344=CARTESIAN_POINT('',(9.625,5.4,3.7));
#7345=VECTOR('',#9462,1.0);
#7346=CARTESIAN_POINT('',(-5.785,5.4,3.3));
#7347=CARTESIAN_POINT('',(-5.785,5.4,0.0));
#7348=VECTOR('',#9463,1.0);
#7349=CARTESIAN_POINT('',(-5.465,5.4,3.3));
#7350=CARTESIAN_POINT('',(-5.465,5.4,3.3));
#7351=VECTOR('',#9464,1.0);
#7352=CARTESIAN_POINT('',(-5.465,5.4,3.7));
#7353=CARTESIAN_POINT('',(-5.465,5.4,0.0));
#7354=VECTOR('',#9465,1.0);
#7355=CARTESIAN_POINT('',(-4.535,5.4,3.7));
#7356=CARTESIAN_POINT('',(9.625,5.4,3.7));
#7357=VECTOR('',#9466,1.0);
#7358=CARTESIAN_POINT('',(-4.535,5.4,3.3));
#7359=CARTESIAN_POINT('',(-4.535,5.4,0.0));
#7360=VECTOR('',#9467,1.0);
#7361=CARTESIAN_POINT('',(-4.215,5.4,3.3));
#7362=CARTESIAN_POINT('',(-4.215,5.4,3.3));
#7363=VECTOR('',#9468,1.0);
#7364=CARTESIAN_POINT('',(-4.215,5.4,3.7));
#7365=CARTESIAN_POINT('',(-4.215,5.4,0.0));
#7366=VECTOR('',#9469,1.0);
#7367=CARTESIAN_POINT('',(-3.285,5.4,3.7));
#7368=CARTESIAN_POINT('',(9.625,5.4,3.7));
#7369=VECTOR('',#9470,1.0);
#7370=CARTESIAN_POINT('',(-3.285,5.4,3.3));
#7371=CARTESIAN_POINT('',(-3.285,5.4,0.0));
#7372=VECTOR('',#9471,1.0);
#7373=CARTESIAN_POINT('',(-2.965,5.4,3.3));
#7374=CARTESIAN_POINT('',(-2.965,5.4,3.3));
#7375=VECTOR('',#9472,1.0);
#7376=CARTESIAN_POINT('',(-2.965,5.4,3.7));
#7377=CARTESIAN_POINT('',(-2.965,5.4,0.0));
#7378=VECTOR('',#9473,1.0);
#7379=CARTESIAN_POINT('',(-2.035,5.4,3.7));
#7380=CARTESIAN_POINT('',(9.625,5.4,3.7));
#7381=VECTOR('',#9474,1.0);
#7382=CARTESIAN_POINT('',(-2.035,5.4,3.3));
#7383=CARTESIAN_POINT('',(-2.035,5.4,0.0));
#7384=VECTOR('',#9475,1.0);
#7385=CARTESIAN_POINT('',(-1.715,5.4,3.3));
#7386=CARTESIAN_POINT('',(-1.715,5.4,3.3));
#7387=VECTOR('',#9476,1.0);
#7388=CARTESIAN_POINT('',(-1.715,5.4,3.7));
#7389=CARTESIAN_POINT('',(-1.715,5.4,0.0));
#7390=VECTOR('',#9477,1.0);
#7391=CARTESIAN_POINT('',(-0.785000000000001,5.4,3.7));
#7392=CARTESIAN_POINT('',(9.625,5.4,3.7));
#7393=VECTOR('',#9478,1.0);
#7394=CARTESIAN_POINT('',(-0.785000000000001,5.4,3.3));
#7395=CARTESIAN_POINT('',(-0.785000000000001,5.4,0.0));
#7396=VECTOR('',#9479,1.0);
#7397=CARTESIAN_POINT('',(-0.465,5.4,3.3));
#7398=CARTESIAN_POINT('',(-0.465,5.4,3.3));
#7399=VECTOR('',#9480,1.0);
#7400=CARTESIAN_POINT('',(-0.465,5.4,3.7));
#7401=CARTESIAN_POINT('',(-0.465,5.4,0.0));
#7402=VECTOR('',#9481,1.0);
#7403=CARTESIAN_POINT('',(0.465,5.4,3.7));
#7404=CARTESIAN_POINT('',(9.625,5.4,3.7));
#7405=VECTOR('',#9482,1.0);
#7406=CARTESIAN_POINT('',(0.465,5.4,3.3));
#7407=CARTESIAN_POINT('',(0.465,5.4,0.0));
#7408=VECTOR('',#9483,1.0);
#7409=CARTESIAN_POINT('',(0.785000000000001,5.4,3.3));
#7410=CARTESIAN_POINT('',(0.785000000000001,5.4,3.3));
#7411=VECTOR('',#9484,1.0);
#7412=CARTESIAN_POINT('',(0.785000000000001,5.4,3.7));
#7413=CARTESIAN_POINT('',(0.785000000000001,5.4,0.0));
#7414=VECTOR('',#9485,1.0);
#7415=CARTESIAN_POINT('',(1.715,5.4,3.7));
#7416=CARTESIAN_POINT('',(9.625,5.4,3.7));
#7417=VECTOR('',#9486,1.0);
#7418=CARTESIAN_POINT('',(1.715,5.4,3.3));
#7419=CARTESIAN_POINT('',(1.715,5.4,0.0));
#7420=VECTOR('',#9487,1.0);
#7421=CARTESIAN_POINT('',(2.035,5.4,3.3));
#7422=CARTESIAN_POINT('',(2.035,5.4,3.3));
#7423=VECTOR('',#9488,1.0);
#7424=CARTESIAN_POINT('',(2.035,5.4,3.7));
#7425=CARTESIAN_POINT('',(2.035,5.4,0.0));
#7426=VECTOR('',#9489,1.0);
#7427=CARTESIAN_POINT('',(2.965,5.4,3.7));
#7428=CARTESIAN_POINT('',(9.625,5.4,3.7));
#7429=VECTOR('',#9490,1.0);
#7430=CARTESIAN_POINT('',(2.965,5.4,3.3));
#7431=CARTESIAN_POINT('',(2.965,5.4,0.0));
#7432=VECTOR('',#9491,1.0);
#7433=CARTESIAN_POINT('',(3.285,5.4,3.3));
#7434=CARTESIAN_POINT('',(3.285,5.4,3.3));
#7435=VECTOR('',#9492,1.0);
#7436=CARTESIAN_POINT('',(3.285,5.4,3.7));
#7437=CARTESIAN_POINT('',(3.285,5.4,0.0));
#7438=VECTOR('',#9493,1.0);
#7439=CARTESIAN_POINT('',(4.215,5.4,3.7));
#7440=CARTESIAN_POINT('',(9.625,5.4,3.7));
#7441=VECTOR('',#9494,1.0);
#7442=CARTESIAN_POINT('',(4.215,5.4,3.3));
#7443=CARTESIAN_POINT('',(4.215,5.4,0.0));
#7444=VECTOR('',#9495,1.0);
#7445=CARTESIAN_POINT('',(4.535,5.4,3.3));
#7446=CARTESIAN_POINT('',(4.535,5.4,3.3));
#7447=VECTOR('',#9496,1.0);
#7448=CARTESIAN_POINT('',(4.535,5.4,3.7));
#7449=CARTESIAN_POINT('',(4.535,5.4,0.0));
#7450=VECTOR('',#9497,1.0);
#7451=CARTESIAN_POINT('',(5.465,5.4,3.7));
#7452=CARTESIAN_POINT('',(9.625,5.4,3.7));
#7453=VECTOR('',#9498,1.0);
#7454=CARTESIAN_POINT('',(5.465,5.4,3.3));
#7455=CARTESIAN_POINT('',(5.465,5.4,0.0));
#7456=VECTOR('',#9499,1.0);
#7457=CARTESIAN_POINT('',(5.785,5.4,3.3));
#7458=CARTESIAN_POINT('',(5.785,5.4,3.3));
#7459=VECTOR('',#9500,1.0);
#7460=CARTESIAN_POINT('',(5.785,5.4,3.7));
#7461=CARTESIAN_POINT('',(5.785,5.4,0.0));
#7462=VECTOR('',#9501,1.0);
#7463=CARTESIAN_POINT('',(6.715,5.4,3.7));
#7464=CARTESIAN_POINT('',(9.625,5.4,3.7));
#7465=VECTOR('',#9502,1.0);
#7466=CARTESIAN_POINT('',(6.715,5.4,0.0));
#7467=VECTOR('',#9503,1.0);
#7468=CARTESIAN_POINT('',(9.025,1.2,2.79999999999998));
#7469=CARTESIAN_POINT('',(9.025,2.0,2.79999999999998));
#7470=CARTESIAN_POINT('',(9.025,-25.255,2.79999999999998));
#7471=VECTOR('',#9504,1.0);
#7472=CARTESIAN_POINT('',(9.325,1.0,2.79999999999998));
#7473=CARTESIAN_POINT('',(9.025,1.2,2.79999999999998));
#7474=VECTOR('',#9505,1.0);
#7475=CARTESIAN_POINT('',(9.625,1.0,2.79999999999998));
#7476=CARTESIAN_POINT('',(9.625,1.0,2.79999999999998));
#7477=VECTOR('',#9506,1.0);
#7478=CARTESIAN_POINT('',(9.625,2.0,2.79999999999998));
#7479=CARTESIAN_POINT('',(9.625,-25.255,2.79999999999998));
#7480=VECTOR('',#9507,1.0);
#7481=CARTESIAN_POINT('',(8.675,2.0,2.79999999999998));
#7482=VECTOR('',#9508,1.0);
#7483=CARTESIAN_POINT('',(7.035,3.95,1.525));
#7484=CARTESIAN_POINT('',(6.715,3.95,1.525));
#7485=CARTESIAN_POINT('',(9.625,3.95,1.525));
#7486=VECTOR('',#9509,1.0);
#7487=CARTESIAN_POINT('',(7.035,3.95,0.775000000000002));
#7488=CARTESIAN_POINT('',(7.035,3.95,3.7));
#7489=VECTOR('',#9510,1.0);
#7490=CARTESIAN_POINT('',(6.715,3.95,0.775000000000002));
#7491=CARTESIAN_POINT('',(9.625,3.95,0.775000000000002));
#7492=VECTOR('',#9511,1.0);
#7493=CARTESIAN_POINT('',(6.715,3.95,3.7));
#7494=VECTOR('',#9512,1.0);
#7495=CARTESIAN_POINT('',(5.785,3.95,1.525));
#7496=CARTESIAN_POINT('',(5.465,3.95,1.525));
#7497=CARTESIAN_POINT('',(9.625,3.95,1.525));
#7498=VECTOR('',#9513,1.0);
#7499=CARTESIAN_POINT('',(5.785,3.95,0.775000000000002));
#7500=CARTESIAN_POINT('',(5.785,3.95,3.7));
#7501=VECTOR('',#9514,1.0);
#7502=CARTESIAN_POINT('',(5.465,3.95,0.775000000000002));
#7503=CARTESIAN_POINT('',(9.625,3.95,0.775000000000002));
#7504=VECTOR('',#9515,1.0);
#7505=CARTESIAN_POINT('',(5.465,3.95,3.7));
#7506=VECTOR('',#9516,1.0);
#7507=CARTESIAN_POINT('',(4.535,3.95,1.525));
#7508=CARTESIAN_POINT('',(4.215,3.95,1.525));
#7509=CARTESIAN_POINT('',(9.625,3.95,1.525));
#7510=VECTOR('',#9517,1.0);
#7511=CARTESIAN_POINT('',(4.535,3.95,0.775000000000002));
#7512=CARTESIAN_POINT('',(4.535,3.95,3.7));
#7513=VECTOR('',#9518,1.0);
#7514=CARTESIAN_POINT('',(4.215,3.95,0.775000000000002));
#7515=CARTESIAN_POINT('',(9.625,3.95,0.775000000000002));
#7516=VECTOR('',#9519,1.0);
#7517=CARTESIAN_POINT('',(4.215,3.95,3.7));
#7518=VECTOR('',#9520,1.0);
#7519=CARTESIAN_POINT('',(3.285,3.95,1.525));
#7520=CARTESIAN_POINT('',(2.965,3.95,1.525));
#7521=CARTESIAN_POINT('',(9.625,3.95,1.525));
#7522=VECTOR('',#9521,1.0);
#7523=CARTESIAN_POINT('',(3.285,3.95,0.775000000000002));
#7524=CARTESIAN_POINT('',(3.285,3.95,3.7));
#7525=VECTOR('',#9522,1.0);
#7526=CARTESIAN_POINT('',(2.965,3.95,0.775000000000002));
#7527=CARTESIAN_POINT('',(9.625,3.95,0.775000000000002));
#7528=VECTOR('',#9523,1.0);
#7529=CARTESIAN_POINT('',(2.965,3.95,3.7));
#7530=VECTOR('',#9524,1.0);
#7531=CARTESIAN_POINT('',(2.035,3.95,1.525));
#7532=CARTESIAN_POINT('',(1.715,3.95,1.525));
#7533=CARTESIAN_POINT('',(9.625,3.95,1.525));
#7534=VECTOR('',#9525,1.0);
#7535=CARTESIAN_POINT('',(2.035,3.95,0.775000000000002));
#7536=CARTESIAN_POINT('',(2.035,3.95,3.7));
#7537=VECTOR('',#9526,1.0);
#7538=CARTESIAN_POINT('',(1.715,3.95,0.775000000000002));
#7539=CARTESIAN_POINT('',(9.625,3.95,0.775000000000002));
#7540=VECTOR('',#9527,1.0);
#7541=CARTESIAN_POINT('',(1.715,3.95,3.7));
#7542=VECTOR('',#9528,1.0);
#7543=CARTESIAN_POINT('',(0.785000000000001,3.95,1.525));
#7544=CARTESIAN_POINT('',(0.465,3.95,1.525));
#7545=CARTESIAN_POINT('',(9.625,3.95,1.525));
#7546=VECTOR('',#9529,1.0);
#7547=CARTESIAN_POINT('',(0.785000000000001,3.95,0.775000000000002));
#7548=CARTESIAN_POINT('',(0.785000000000001,3.95,3.7));
#7549=VECTOR('',#9530,1.0);
#7550=CARTESIAN_POINT('',(0.465,3.95,0.775000000000002));
#7551=CARTESIAN_POINT('',(9.625,3.95,0.775000000000002));
#7552=VECTOR('',#9531,1.0);
#7553=CARTESIAN_POINT('',(0.465,3.95,3.7));
#7554=VECTOR('',#9532,1.0);
#7555=CARTESIAN_POINT('',(-0.465,3.95,1.525));
#7556=CARTESIAN_POINT('',(-0.785000000000001,3.95,1.525));
#7557=CARTESIAN_POINT('',(9.625,3.95,1.525));
#7558=VECTOR('',#9533,1.0);
#7559=CARTESIAN_POINT('',(-0.465,3.95,0.775000000000002));
#7560=CARTESIAN_POINT('',(-0.465,3.95,3.7));
#7561=VECTOR('',#9534,1.0);
#7562=CARTESIAN_POINT('',(-0.785000000000001,3.95,0.775000000000002));
#7563=CARTESIAN_POINT('',(9.625,3.95,0.775000000000002));
#7564=VECTOR('',#9535,1.0);
#7565=CARTESIAN_POINT('',(-0.785000000000001,3.95,3.7));
#7566=VECTOR('',#9536,1.0);
#7567=CARTESIAN_POINT('',(-1.715,3.95,1.525));
#7568=CARTESIAN_POINT('',(-2.035,3.95,1.525));
#7569=CARTESIAN_POINT('',(9.625,3.95,1.525));
#7570=VECTOR('',#9537,1.0);
#7571=CARTESIAN_POINT('',(-1.715,3.95,0.775000000000002));
#7572=CARTESIAN_POINT('',(-1.715,3.95,3.7));
#7573=VECTOR('',#9538,1.0);
#7574=CARTESIAN_POINT('',(-2.035,3.95,0.775000000000002));
#7575=CARTESIAN_POINT('',(9.625,3.95,0.775000000000002));
#7576=VECTOR('',#9539,1.0);
#7577=CARTESIAN_POINT('',(-2.035,3.95,3.7));
#7578=VECTOR('',#9540,1.0);
#7579=CARTESIAN_POINT('',(-2.965,3.95,1.525));
#7580=CARTESIAN_POINT('',(-3.285,3.95,1.525));
#7581=CARTESIAN_POINT('',(9.625,3.95,1.525));
#7582=VECTOR('',#9541,1.0);
#7583=CARTESIAN_POINT('',(-2.965,3.95,0.775000000000002));
#7584=CARTESIAN_POINT('',(-2.965,3.95,3.7));
#7585=VECTOR('',#9542,1.0);
#7586=CARTESIAN_POINT('',(-3.285,3.95,0.775000000000002));
#7587=CARTESIAN_POINT('',(9.625,3.95,0.775000000000002));
#7588=VECTOR('',#9543,1.0);
#7589=CARTESIAN_POINT('',(-3.285,3.95,3.7));
#7590=VECTOR('',#9544,1.0);
#7591=CARTESIAN_POINT('',(-4.215,3.95,1.525));
#7592=CARTESIAN_POINT('',(-4.535,3.95,1.525));
#7593=CARTESIAN_POINT('',(9.625,3.95,1.525));
#7594=VECTOR('',#9545,1.0);
#7595=CARTESIAN_POINT('',(-4.215,3.95,0.775000000000002));
#7596=CARTESIAN_POINT('',(-4.215,3.95,3.7));
#7597=VECTOR('',#9546,1.0);
#7598=CARTESIAN_POINT('',(-4.535,3.95,0.775000000000002));
#7599=CARTESIAN_POINT('',(9.625,3.95,0.775000000000002));
#7600=VECTOR('',#9547,1.0);
#7601=CARTESIAN_POINT('',(-4.535,3.95,3.7));
#7602=VECTOR('',#9548,1.0);
#7603=CARTESIAN_POINT('',(-5.465,3.95,1.525));
#7604=CARTESIAN_POINT('',(-5.785,3.95,1.525));
#7605=CARTESIAN_POINT('',(9.625,3.95,1.525));
#7606=VECTOR('',#9549,1.0);
#7607=CARTESIAN_POINT('',(-5.465,3.95,0.775000000000002));
#7608=CARTESIAN_POINT('',(-5.465,3.95,3.7));
#7609=VECTOR('',#9550,1.0);
#7610=CARTESIAN_POINT('',(-5.785,3.95,0.775000000000002));
#7611=CARTESIAN_POINT('',(9.625,3.95,0.775000000000002));
#7612=VECTOR('',#9551,1.0);
#7613=CARTESIAN_POINT('',(-5.785,3.95,3.7));
#7614=VECTOR('',#9552,1.0);
#7615=CARTESIAN_POINT('',(-6.715,3.95,1.525));
#7616=CARTESIAN_POINT('',(-7.035,3.95,1.525));
#7617=CARTESIAN_POINT('',(9.625,3.95,1.525));
#7618=VECTOR('',#9553,1.0);
#7619=CARTESIAN_POINT('',(-6.715,3.95,0.775000000000002));
#7620=CARTESIAN_POINT('',(-6.715,3.95,3.7));
#7621=VECTOR('',#9554,1.0);
#7622=CARTESIAN_POINT('',(-7.035,3.95,0.775000000000002));
#7623=CARTESIAN_POINT('',(9.625,3.95,0.775000000000002));
#7624=VECTOR('',#9555,1.0);
#7625=CARTESIAN_POINT('',(-7.035,3.95,3.7));
#7626=VECTOR('',#9556,1.0);
#7627=CARTESIAN_POINT('',(-7.965,3.95,1.525));
#7628=CARTESIAN_POINT('',(-8.285,3.95,1.525));
#7629=CARTESIAN_POINT('',(9.625,3.95,1.525));
#7630=VECTOR('',#9557,1.0);
#7631=CARTESIAN_POINT('',(-7.965,3.95,0.775000000000002));
#7632=CARTESIAN_POINT('',(-7.965,3.95,3.7));
#7633=VECTOR('',#9558,1.0);
#7634=CARTESIAN_POINT('',(-8.285,3.95,0.775000000000002));
#7635=CARTESIAN_POINT('',(9.625,3.95,0.775000000000002));
#7636=VECTOR('',#9559,1.0);
#7637=CARTESIAN_POINT('',(-8.285,3.95,3.7));
#7638=VECTOR('',#9560,1.0);
#7639=CARTESIAN_POINT('',(8.285,3.95,1.525));
#7640=CARTESIAN_POINT('',(7.965,3.95,1.525));
#7641=CARTESIAN_POINT('',(9.625,3.95,1.525));
#7642=VECTOR('',#9561,1.0);
#7643=CARTESIAN_POINT('',(8.285,3.95,0.775000000000002));
#7644=CARTESIAN_POINT('',(8.285,3.95,3.7));
#7645=VECTOR('',#9562,1.0);
#7646=CARTESIAN_POINT('',(7.965,3.95,0.775000000000002));
#7647=CARTESIAN_POINT('',(9.625,3.95,0.775000000000002));
#7648=VECTOR('',#9563,1.0);
#7649=CARTESIAN_POINT('',(7.965,3.95,3.7));
#7650=VECTOR('',#9564,1.0);
#7651=CARTESIAN_POINT('',(9.625,3.95,3.39999999999998));
#7652=CARTESIAN_POINT('',(8.675,3.95,3.39999999999998));
#7653=CARTESIAN_POINT('',(9.625,3.95,3.39999999999998));
#7654=VECTOR('',#9565,1.0);
#7655=CARTESIAN_POINT('',(9.625,3.95,3.7));
#7656=CARTESIAN_POINT('',(9.625,3.95,3.7));
#7657=VECTOR('',#9566,1.0);
#7658=CARTESIAN_POINT('',(-9.625,3.95,3.7));
#7659=CARTESIAN_POINT('',(9.625,3.95,3.7));
#7660=VECTOR('',#9567,1.0);
#7661=CARTESIAN_POINT('',(-9.625,3.95,3.39999999999998));
#7662=CARTESIAN_POINT('',(-9.625,3.95,3.7));
#7663=VECTOR('',#9568,1.0);
#7664=CARTESIAN_POINT('',(-8.675,3.95,3.39999999999998));
#7665=CARTESIAN_POINT('',(-8.675,3.95,3.39999999999998));
#7666=VECTOR('',#9569,1.0);
#7667=CARTESIAN_POINT('',(-8.675,3.95,2.79999999999998));
#7668=CARTESIAN_POINT('',(-8.675,3.95,2.79999999999998));
#7669=VECTOR('',#9570,1.0);
#7670=CARTESIAN_POINT('',(-9.025,3.94999999999999,2.8));
#7671=CARTESIAN_POINT('',(-9.625,3.95,2.79999999999998));
#7672=VECTOR('',#9571,1.0);
#7673=CARTESIAN_POINT('',(-9.025,3.95,2.075));
#7674=VECTOR('',#9572,1.0);
#7675=CARTESIAN_POINT('',(-9.15084969837963,3.95,1.97839879351849));
#7676=AXIS2_PLACEMENT_3D('',#9573,#9574,#9575);
#7677=CARTESIAN_POINT('',(-9.325,3.95,2.025));
#7678=CARTESIAN_POINT('',(-9.325,3.95,2.025));
#7679=VECTOR('',#9576,1.0);
#7680=CARTESIAN_POINT('',(-9.325,3.95,1.175));
#7681=CARTESIAN_POINT('',(-9.325,3.95,1.175));
#7682=VECTOR('',#9577,1.0);
#7683=CARTESIAN_POINT('',(-9.15084969837962,3.95,1.22160120648151));
#7684=CARTESIAN_POINT('',(-9.15084969837962,3.95,1.22160120648151));
#7685=VECTOR('',#9578,1.0);
#7686=AXIS2_PLACEMENT_3D('',#9579,#9580,#9581);
#7687=CARTESIAN_POINT('',(-9.025,3.95,0.4));
#7688=VECTOR('',#9582,1.0);
#7689=CARTESIAN_POINT('',(9.025,3.95,1.12499999999999));
#7690=CARTESIAN_POINT('',(9.025,3.95,1.12499999999999));
#7691=VECTOR('',#9583,1.0);
#7692=AXIS2_PLACEMENT_3D('',#9584,#9585,#9586);
#7693=CARTESIAN_POINT('',(9.325,3.95,1.17499999999999));
#7694=CARTESIAN_POINT('',(9.325,3.95,1.17499999999999));
#7695=VECTOR('',#9587,1.0);
#7696=CARTESIAN_POINT('',(9.325,3.95,2.02500000000001));
#7697=CARTESIAN_POINT('',(9.325,3.95,2.02500000000001));
#7698=VECTOR('',#9588,1.0);
#7699=CARTESIAN_POINT('',(9.15084969837962,3.95,1.97839879351851));
#7700=VECTOR('',#9589,1.0);
#7701=CARTESIAN_POINT('',(9.02500000000002,3.95,2.07499999999999));
#7702=AXIS2_PLACEMENT_3D('',#9590,#9591,#9592);
#7703=CARTESIAN_POINT('',(9.025,3.95,2.79999999999998));
#7704=CARTESIAN_POINT('',(9.025,3.94999999999999,2.79999999999998));
#7705=VECTOR('',#9593,1.0);
#7706=CARTESIAN_POINT('',(8.675,3.95,2.79999999999998));
#7707=CARTESIAN_POINT('',(8.675,3.95,2.79999999999998));
#7708=VECTOR('',#9594,1.0);
#7709=CARTESIAN_POINT('',(8.675,3.95,3.39999999999998));
#7710=VECTOR('',#9595,1.0);
#7711=CARTESIAN_POINT('',(-9.025,1.2,2.8));
#7712=CARTESIAN_POINT('',(-9.025,1.2,2.8));
#7713=VECTOR('',#9596,0.999999999999999);
#7714=CARTESIAN_POINT('',(-9.025,2.0,2.8));
#7715=CARTESIAN_POINT('',(-9.025,-25.255,2.8));
#7716=VECTOR('',#9597,1.0);
#7717=CARTESIAN_POINT('',(-9.625,2.0,2.8));
#7718=CARTESIAN_POINT('',(-9.625,2.0,2.79999999999998));
#7719=VECTOR('',#9598,1.0);
#7720=CARTESIAN_POINT('',(-9.625,-25.255,2.8));
#7721=VECTOR('',#9599,1.0);
#7722=CARTESIAN_POINT('',(7.65,1.0,3.96));
#7723=VECTOR('',#9600,1.0);
#7724=CARTESIAN_POINT('',(9.625,1.0,0.4));
#7725=VECTOR('',#9601,1.0);
#7726=CARTESIAN_POINT('',(9.325,1.0,2.02500000000001));
#7727=CARTESIAN_POINT('',(9.325,1.0,0.4));
#7728=VECTOR('',#9602,1.0);
#7729=CARTESIAN_POINT('',(9.325,1.0,1.17499999999999));
#7730=CARTESIAN_POINT('',(9.325,1.0,2.02500000000001));
#7731=VECTOR('',#9603,1.0);
#7732=CARTESIAN_POINT('',(9.325,1.0,0.4));
#7733=VECTOR('',#9604,1.0);
#7734=CARTESIAN_POINT('',(7.035,5.25,3.7));
#7735=CARTESIAN_POINT('',(7.035,5.4,3.7));
#7736=VECTOR('',#9605,1.0);
#7737=CARTESIAN_POINT('',(6.715,5.25,3.7));
#7738=CARTESIAN_POINT('',(9.625,5.25,3.7));
#7739=VECTOR('',#9606,1.0);
#7740=CARTESIAN_POINT('',(6.715,5.4,3.7));
#7741=VECTOR('',#9607,1.0);
#7742=CARTESIAN_POINT('',(5.785,5.25,3.7));
#7743=CARTESIAN_POINT('',(5.785,5.4,3.7));
#7744=VECTOR('',#9608,1.0);
#7745=CARTESIAN_POINT('',(5.465,5.25,3.7));
#7746=CARTESIAN_POINT('',(9.625,5.25,3.7));
#7747=VECTOR('',#9609,1.0);
#7748=CARTESIAN_POINT('',(5.465,5.4,3.7));
#7749=VECTOR('',#9610,1.0);
#7750=CARTESIAN_POINT('',(4.535,5.25,3.7));
#7751=CARTESIAN_POINT('',(4.535,5.4,3.7));
#7752=VECTOR('',#9611,1.0);
#7753=CARTESIAN_POINT('',(4.215,5.25,3.7));
#7754=CARTESIAN_POINT('',(9.625,5.25,3.7));
#7755=VECTOR('',#9612,1.0);
#7756=CARTESIAN_POINT('',(4.215,5.4,3.7));
#7757=VECTOR('',#9613,1.0);
#7758=CARTESIAN_POINT('',(3.285,5.25,3.7));
#7759=CARTESIAN_POINT('',(3.285,5.4,3.7));
#7760=VECTOR('',#9614,1.0);
#7761=CARTESIAN_POINT('',(2.965,5.25,3.7));
#7762=CARTESIAN_POINT('',(9.625,5.25,3.7));
#7763=VECTOR('',#9615,1.0);
#7764=CARTESIAN_POINT('',(2.965,5.4,3.7));
#7765=VECTOR('',#9616,1.0);
#7766=CARTESIAN_POINT('',(2.035,5.25,3.7));
#7767=CARTESIAN_POINT('',(2.035,5.4,3.7));
#7768=VECTOR('',#9617,1.0);
#7769=CARTESIAN_POINT('',(1.715,5.25,3.7));
#7770=CARTESIAN_POINT('',(9.625,5.25,3.7));
#7771=VECTOR('',#9618,1.0);
#7772=CARTESIAN_POINT('',(1.715,5.4,3.7));
#7773=VECTOR('',#9619,1.0);
#7774=CARTESIAN_POINT('',(0.785000000000001,5.25,3.7));
#7775=CARTESIAN_POINT('',(0.785000000000001,5.4,3.7));
#7776=VECTOR('',#9620,1.0);
#7777=CARTESIAN_POINT('',(0.465,5.25,3.7));
#7778=CARTESIAN_POINT('',(9.625,5.25,3.7));
#7779=VECTOR('',#9621,1.0);
#7780=CARTESIAN_POINT('',(0.465,5.4,3.7));
#7781=VECTOR('',#9622,1.0);
#7782=CARTESIAN_POINT('',(-0.465,5.25,3.7));
#7783=CARTESIAN_POINT('',(-0.465,5.4,3.7));
#7784=VECTOR('',#9623,1.0);
#7785=CARTESIAN_POINT('',(-0.785000000000001,5.25,3.7));
#7786=CARTESIAN_POINT('',(9.625,5.25,3.7));
#7787=VECTOR('',#9624,1.0);
#7788=CARTESIAN_POINT('',(-0.785000000000001,5.4,3.7));
#7789=VECTOR('',#9625,1.0);
#7790=CARTESIAN_POINT('',(-1.715,5.25,3.7));
#7791=CARTESIAN_POINT('',(-1.715,5.4,3.7));
#7792=VECTOR('',#9626,1.0);
#7793=CARTESIAN_POINT('',(-2.035,5.25,3.7));
#7794=CARTESIAN_POINT('',(9.625,5.25,3.7));
#7795=VECTOR('',#9627,1.0);
#7796=CARTESIAN_POINT('',(-2.035,5.4,3.7));
#7797=VECTOR('',#9628,1.0);
#7798=CARTESIAN_POINT('',(-2.965,5.25,3.7));
#7799=CARTESIAN_POINT('',(-2.965,5.4,3.7));
#7800=VECTOR('',#9629,1.0);
#7801=CARTESIAN_POINT('',(-3.285,5.25,3.7));
#7802=CARTESIAN_POINT('',(9.625,5.25,3.7));
#7803=VECTOR('',#9630,1.0);
#7804=CARTESIAN_POINT('',(-3.285,5.4,3.7));
#7805=VECTOR('',#9631,1.0);
#7806=CARTESIAN_POINT('',(-4.215,5.25,3.7));
#7807=CARTESIAN_POINT('',(-4.215,5.4,3.7));
#7808=VECTOR('',#9632,1.0);
#7809=CARTESIAN_POINT('',(-4.535,5.25,3.7));
#7810=CARTESIAN_POINT('',(9.625,5.25,3.7));
#7811=VECTOR('',#9633,1.0);
#7812=CARTESIAN_POINT('',(-4.535,5.4,3.7));
#7813=VECTOR('',#9634,1.0);
#7814=CARTESIAN_POINT('',(-5.465,5.25,3.7));
#7815=CARTESIAN_POINT('',(-5.465,5.4,3.7));
#7816=VECTOR('',#9635,1.0);
#7817=CARTESIAN_POINT('',(-5.785,5.25,3.7));
#7818=CARTESIAN_POINT('',(9.625,5.25,3.7));
#7819=VECTOR('',#9636,1.0);
#7820=CARTESIAN_POINT('',(-5.785,5.4,3.7));
#7821=VECTOR('',#9637,1.0);
#7822=CARTESIAN_POINT('',(-6.715,5.25,3.7));
#7823=CARTESIAN_POINT('',(-6.715,5.4,3.7));
#7824=VECTOR('',#9638,1.0);
#7825=CARTESIAN_POINT('',(-7.035,5.25,3.7));
#7826=CARTESIAN_POINT('',(9.625,5.25,3.7));
#7827=VECTOR('',#9639,1.0);
#7828=CARTESIAN_POINT('',(-7.035,5.4,3.7));
#7829=VECTOR('',#9640,1.0);
#7830=CARTESIAN_POINT('',(-7.965,5.25,3.7));
#7831=CARTESIAN_POINT('',(-7.965,5.4,3.7));
#7832=VECTOR('',#9641,1.0);
#7833=CARTESIAN_POINT('',(-8.285,5.25,3.7));
#7834=CARTESIAN_POINT('',(9.625,5.25,3.7));
#7835=VECTOR('',#9642,1.0);
#7836=CARTESIAN_POINT('',(-8.285,5.4,3.7));
#7837=VECTOR('',#9643,1.0);
#7838=CARTESIAN_POINT('',(-9.125,5.65,3.7));
#7839=CARTESIAN_POINT('',(-9.125,5.65,3.7));
#7840=VECTOR('',#9644,1.0);
#7841=CARTESIAN_POINT('',(-9.625,5.65,3.7));
#7842=CARTESIAN_POINT('',(-9.625,5.65,3.7));
#7843=VECTOR('',#9645,1.0);
#7844=CARTESIAN_POINT('',(-9.625,5.4,3.7));
#7845=VECTOR('',#9646,1.0);
#7846=CARTESIAN_POINT('',(9.625,5.65,3.7));
#7847=CARTESIAN_POINT('',(9.625,5.4,3.7));
#7848=VECTOR('',#9647,1.0);
#7849=CARTESIAN_POINT('',(9.125,5.65,3.7));
#7850=CARTESIAN_POINT('',(9.125,5.65,3.7));
#7851=VECTOR('',#9648,1.0);
#7852=CARTESIAN_POINT('',(9.125,5.65,3.7));
#7853=VECTOR('',#9649,1.0);
#7854=CARTESIAN_POINT('',(8.285,5.25,3.7));
#7855=CARTESIAN_POINT('',(8.285,5.4,3.7));
#7856=VECTOR('',#9650,1.0);
#7857=CARTESIAN_POINT('',(7.965,5.25,3.7));
#7858=CARTESIAN_POINT('',(9.625,5.25,3.7));
#7859=VECTOR('',#9651,1.0);
#7860=CARTESIAN_POINT('',(7.965,5.4,3.7));
#7861=VECTOR('',#9652,1.0);
#7862=CARTESIAN_POINT('',(9.625,3.6,0.3));
#7863=CARTESIAN_POINT('',(9.625,2.75,0.3));
#7864=VECTOR('',#9653,1.0);
#7865=CARTESIAN_POINT('',(9.625,3.6,2.5));
#7866=CARTESIAN_POINT('',(9.625,3.6,2.5));
#7867=VECTOR('',#9654,1.0);
#7868=CARTESIAN_POINT('',(9.625,2.75,2.5));
#7869=VECTOR('',#9655,1.0);
#7870=CARTESIAN_POINT('',(9.625,2.8,2.8));
#7871=VECTOR('',#9656,1.0);
#7872=CARTESIAN_POINT('',(9.625,5.65,2.8));
#7873=CARTESIAN_POINT('',(9.625,5.65,2.8));
#7874=VECTOR('',#9657,1.0);
#7875=CARTESIAN_POINT('',(9.625,5.65,3.7));
#7876=VECTOR('',#9658,1.0);
#7877=CARTESIAN_POINT('',(9.625,2.0,3.39999999999998));
#7878=CARTESIAN_POINT('',(9.625,2.0,3.39999999999998));
#7879=VECTOR('',#9659,1.0);
#7880=CARTESIAN_POINT('',(9.625,2.0,2.79999999999998));
#7881=VECTOR('',#9660,1.0);
#7882=CARTESIAN_POINT('',(-9.625,3.6,2.5));
#7883=CARTESIAN_POINT('',(-9.625,2.75,2.5));
#7884=VECTOR('',#9661,1.0);
#7885=CARTESIAN_POINT('',(-9.625,3.6,0.3));
#7886=CARTESIAN_POINT('',(-9.625,3.6,0.3));
#7887=VECTOR('',#9662,1.0);
#7888=CARTESIAN_POINT('',(-9.625,2.75,0.3));
#7889=VECTOR('',#9663,1.0);
#7890=CARTESIAN_POINT('',(-9.625,2.0,3.39999999999998));
#7891=CARTESIAN_POINT('',(-9.625,2.0,3.39999999999998));
#7892=VECTOR('',#9664,1.0);
#7893=CARTESIAN_POINT('',(-9.625,2.0,3.39999999999998));
#7894=VECTOR('',#9665,1.0);
#7895=CARTESIAN_POINT('',(-9.625,5.65,2.8));
#7896=CARTESIAN_POINT('',(-9.625,5.65,2.8));
#7897=VECTOR('',#9666,1.0);
#7898=CARTESIAN_POINT('',(-9.625,5.65,2.8));
#7899=VECTOR('',#9667,1.0);
#7900=CARTESIAN_POINT('',(-9.625,5.4,2.8));
#7901=VECTOR('',#9668,1.0);
#7902=CARTESIAN_POINT('',(-9.025,1.2,0.4));
#7903=VECTOR('',#9669,1.0);
#7904=CARTESIAN_POINT('',(-9.15084969837962,1.11610020108025,1.22160120648149));
#7905=CARTESIAN_POINT('',(-9.15084969837962,-25.255,1.22160120648149));
#7906=VECTOR('',#9670,1.0);
#7907=AXIS2_PLACEMENT_3D('',#9671,#9672,#9673);
#7908=CARTESIAN_POINT('',(-9.325,-25.255,1.175));
#7909=VECTOR('',#9674,1.0);
#7910=CARTESIAN_POINT('',(-9.1759616120572,1.0993589252952,1.21488146230911));
#7911=VECTOR('',#9675,1.0);
#7912=CARTESIAN_POINT('',(-9.325,-25.255,2.025));
#7913=VECTOR('',#9676,1.0);
#7914=CARTESIAN_POINT('',(-9.15084969837962,1.11610020108025,1.97839879351849));
#7915=CARTESIAN_POINT('',(-9.15084969837962,-25.255,1.97839879351849));
#7916=VECTOR('',#9677,1.0);
#7917=CARTESIAN_POINT('',(-9.04799477020691,1.1846701531954,1.95087564999925));
#7918=VECTOR('',#9678,1.0);
#7919=AXIS2_PLACEMENT_3D('',#9679,#9680,#9681);
#7920=CARTESIAN_POINT('',(-9.025,1.2,2.075));
#7921=VECTOR('',#9682,1.0);
#7922=CARTESIAN_POINT('',(-9.025,2.3,2.8));
#7923=CARTESIAN_POINT('',(-9.025,-25.255,2.8));
#7924=VECTOR('',#9683,1.0);
#7925=CARTESIAN_POINT('',(-9.025,2.0,3.09999999999998));
#7926=CARTESIAN_POINT('',(-9.025,-11.115,16.215));
#7927=VECTOR('',#9684,1.0);
#7928=CARTESIAN_POINT('',(-9.025,2.0,2.075));
#7929=VECTOR('',#9685,1.0);
#7930=CARTESIAN_POINT('',(9.025,1.2,2.07499999999999));
#7931=CARTESIAN_POINT('',(9.025,-25.255,2.07499999999999));
#7932=VECTOR('',#9686,1.0);
#7933=CARTESIAN_POINT('',(9.025,1.2,2.79999999999998));
#7934=VECTOR('',#9687,1.0);
#7935=CARTESIAN_POINT('',(9.025,2.0,3.09999999999998));
#7936=CARTESIAN_POINT('',(9.025,2.0,2.79999999999998));
#7937=VECTOR('',#9688,1.0);
#7938=CARTESIAN_POINT('',(9.025,2.3,2.79999999999998));
#7939=CARTESIAN_POINT('',(9.025,-11.4775,16.5775));
#7940=VECTOR('',#9689,1.0);
#7941=CARTESIAN_POINT('',(9.025,-25.255,2.79999999999998));
#7942=VECTOR('',#9690,1.0);
#7943=AXIS2_PLACEMENT_3D('',#9691,#9692,#9693);
#7944=CARTESIAN_POINT('',(9.325,-25.255,2.02500000000001));
#7945=VECTOR('',#9694,1.0);
#7946=CARTESIAN_POINT('',(9.17596161205717,1.09935892529522,1.98511853769089));
#7947=VECTOR('',#9695,1.0);
#7948=CARTESIAN_POINT('',(9.325,-25.255,1.17499999999999));
#7949=VECTOR('',#9696,1.0);
#7950=CARTESIAN_POINT('',(9.0479947702069,1.1846701531954,1.24912435000074));
#7951=VECTOR('',#9697,1.0);
#7952=CARTESIAN_POINT('',(9.025,1.2,1.12499999999999));
#7953=CARTESIAN_POINT('',(9.025,1.2,1.12499999999999));
#7954=VECTOR('',#9698,1.0);
#7955=CARTESIAN_POINT('',(9.025,-25.255,1.12499999999999));
#7956=VECTOR('',#9699,1.0);
#7957=AXIS2_PLACEMENT_3D('',#9700,#9701,#9702);
#7958=CARTESIAN_POINT('',(-8.675,2.3,2.79999999999998));
#7959=CARTESIAN_POINT('',(-8.675,2.0,2.79999999999998));
#7960=VECTOR('',#9703,1.0);
#7961=CARTESIAN_POINT('',(-9.025,2.3,2.79999999999998));
#7962=VECTOR('',#9704,1.0);
#7963=CARTESIAN_POINT('',(-8.675,2.0,3.09999999999998));
#7964=CARTESIAN_POINT('',(-8.675,2.0,3.39999999999998));
#7965=CARTESIAN_POINT('',(-8.675,2.0,2.79999999999998));
#7966=VECTOR('',#9705,1.0);
#7967=CARTESIAN_POINT('',(-8.675,2.0,3.09999999999998));
#7968=VECTOR('',#9706,1.0);
#7969=CARTESIAN_POINT('',(-8.675,2.0,3.39999999999998));
#7970=VECTOR('',#9707,1.0);
#7971=CARTESIAN_POINT('',(-8.675,2.0,3.39999999999998));
#7972=VECTOR('',#9708,1.0);
#7973=CARTESIAN_POINT('',(-8.675,2.0,3.09999999999998));
#7974=VECTOR('',#9709,1.0);
#7975=CARTESIAN_POINT('',(8.675,2.3,2.79999999999998));
#7976=CARTESIAN_POINT('',(8.675,2.0,2.79999999999998));
#7977=VECTOR('',#9710,1.0);
#7978=CARTESIAN_POINT('',(8.675,2.0,3.09999999999998));
#7979=CARTESIAN_POINT('',(8.675,2.0,3.09999999999998));
#7980=VECTOR('',#9711,1.0);
#7981=CARTESIAN_POINT('',(8.675,2.0,3.39999999999998));
#7982=CARTESIAN_POINT('',(8.675,2.0,3.39999999999998));
#7983=VECTOR('',#9712,1.0);
#7984=CARTESIAN_POINT('',(8.675,2.0,3.39999999999998));
#7985=VECTOR('',#9713,1.0);
#7986=CARTESIAN_POINT('',(8.675,2.3,2.79999999999998));
#7987=VECTOR('',#9714,1.0);
#7988=CARTESIAN_POINT('',(9.625,2.0,3.39999999999998));
#7989=VECTOR('',#9715,1.0);
#7990=CARTESIAN_POINT('',(9.025,2.0,3.09999999999998));
#7991=VECTOR('',#9716,1.0);
#7992=CARTESIAN_POINT('',(9.125,5.65,2.8));
#7993=CARTESIAN_POINT('',(9.125,5.65,2.8));
#7994=VECTOR('',#9717,1.0);
#7995=CARTESIAN_POINT('',(9.125,5.65,2.8));
#7996=VECTOR('',#9718,1.0);
#7997=CARTESIAN_POINT('',(9.625,5.65,2.8));
#7998=VECTOR('',#9719,1.0);
#7999=CARTESIAN_POINT('',(9.125,5.65,0.7));
#8000=CARTESIAN_POINT('',(9.125,5.65,0.7));
#8001=VECTOR('',#9720,1.0);
#8002=CARTESIAN_POINT('',(9.125,5.65,0.0));
#8003=VECTOR('',#9721,1.0);
#8004=CARTESIAN_POINT('',(9.125,5.65,0.7));
#8005=VECTOR('',#9722,1.0);
#8006=CARTESIAN_POINT('',(-9.125,5.65,2.8));
#8007=CARTESIAN_POINT('',(-9.125,5.65,2.8));
#8008=VECTOR('',#9723,1.0);
#8009=CARTESIAN_POINT('',(-9.125,5.65,3.7));
#8010=VECTOR('',#9724,1.0);
#8011=CARTESIAN_POINT('',(-9.125,5.65,2.8));
#8012=VECTOR('',#9725,1.0);
#8013=CARTESIAN_POINT('',(-9.125,5.65,0.7));
#8014=CARTESIAN_POINT('',(-9.125,5.65,0.7));
#8015=VECTOR('',#9726,1.0);
#8016=CARTESIAN_POINT('',(-9.625,5.65,0.7));
#8017=VECTOR('',#9727,1.0);
#8018=CARTESIAN_POINT('',(-9.125,5.65,0.7));
#8019=VECTOR('',#9728,1.0);
#8020=CARTESIAN_POINT('',(6.95000000000001,2.45,3.96));
#8021=VECTOR('',#9729,1.0);
#8022=CARTESIAN_POINT('',(6.95000000000001,3.6,3.96));
#8023=VECTOR('',#9730,1.0);
#8024=CARTESIAN_POINT('',(8.05,3.6,3.96));
#8025=VECTOR('',#9731,1.0);
#8026=CARTESIAN_POINT('',(8.05,2.45,3.96));
#8027=VECTOR('',#9732,1.0);
#8028=CARTESIAN_POINT('',(7.65,2.45,3.96));
#8029=VECTOR('',#9733,1.0);
#8030=CARTESIAN_POINT('',(7.35,2.45,3.96));
#8031=VECTOR('',#9734,1.0);
#8032=CARTESIAN_POINT('',(-11.125,4.9,2.8));
#8033=CARTESIAN_POINT('',(-11.125,3.1,2.8));
#8034=VECTOR('',#9735,1.0);
#8035=CARTESIAN_POINT('',(-11.125,4.9,2.8));
#8036=VECTOR('',#9736,1.0);
#8037=CARTESIAN_POINT('',(-11.125,4.9,2.8));
#8038=VECTOR('',#9737,1.0);
#8039=CARTESIAN_POINT('',(11.125,4.9,2.8));
#8040=CARTESIAN_POINT('',(10.625,5.4,2.8));
#8041=VECTOR('',#9738,1.0);
#8042=CARTESIAN_POINT('',(11.125,4.9,2.8));
#8043=VECTOR('',#9739,1.0);
#8044=CARTESIAN_POINT('',(11.125,4.9,2.8));
#8045=VECTOR('',#9740,1.0);
#8046=CARTESIAN_POINT('',(-8.05,3.6,3.96));
#8047=VECTOR('',#9741,1.0);
#8048=CARTESIAN_POINT('',(-6.95000000000001,3.6,3.96));
#8049=VECTOR('',#9742,1.0);
#8050=CARTESIAN_POINT('',(-8.05,2.45,3.96));
#8051=VECTOR('',#9743,1.0);
#8052=CARTESIAN_POINT('',(-7.65,2.45,3.96));
#8053=VECTOR('',#9744,1.0);
#8054=CARTESIAN_POINT('',(-7.35,2.45,3.96));
#8055=VECTOR('',#9745,1.0);
#8056=CARTESIAN_POINT('',(-6.95000000000001,2.45,3.96));
#8057=VECTOR('',#9746,1.0);
#8058=CARTESIAN_POINT('',(-10.295,5.7,2.2));
#8059=CARTESIAN_POINT('',(-10.295,5.7,2.2));
#8060=VECTOR('',#9747,1.0);
#8061=AXIS2_PLACEMENT_3D('',#9748,#9749,#9750);
#8062=CARTESIAN_POINT('',(-10.295,5.45000000000001,2.2));
#8063=AXIS2_PLACEMENT_3D('',#9751,#9752,#9753);
#8064=CARTESIAN_POINT('',(-10.295,5.45000000000001,2.2));
#8065=VECTOR('',#9754,1.0);
#8066=CARTESIAN_POINT('',(-11.125,5.7,2.2));
#8067=CARTESIAN_POINT('',(-11.325,5.7,2.2));
#8068=VECTOR('',#9755,1.0);
#8069=CARTESIAN_POINT('',(-11.125,5.45,2.2));
#8070=CARTESIAN_POINT('',(-11.125,5.45,2.2));
#8071=VECTOR('',#9756,1.0);
#8072=CARTESIAN_POINT('',(-10.295,5.45,2.2));
#8073=VECTOR('',#9757,1.0);
#8074=CARTESIAN_POINT('',(-11.325,5.7,2.0));
#8075=CARTESIAN_POINT('',(-11.325,5.7,0.2));
#8076=CARTESIAN_POINT('',(-11.325,5.7,2.2));
#8077=VECTOR('',#9758,1.0);
#8078=CARTESIAN_POINT('',(-11.325,5.45,0.2));
#8079=CARTESIAN_POINT('',(-11.325,5.45,0.2));
#8080=VECTOR('',#9759,1.0);
#8081=CARTESIAN_POINT('',(-11.325,5.45,2.0));
#8082=CARTESIAN_POINT('',(-11.325,5.45,2.2));
#8083=VECTOR('',#9760,1.0);
#8084=CARTESIAN_POINT('',(-11.325,5.7,2.0));
#8085=VECTOR('',#9761,1.0);
#8086=CARTESIAN_POINT('',(-12.325,5.7,1.20000000000001));
#8087=VECTOR('',#9762,1.0);
#8088=CARTESIAN_POINT('',(-11.225,5.7,2.1));
#8089=VECTOR('',#9763,1.0);
#8090=CARTESIAN_POINT('',(-11.81,5.45,0.685000000000002));
#8091=VECTOR('',#9764,1.0);
#8092=CARTESIAN_POINT('',(-10.71,5.45,2.615));
#8093=VECTOR('',#9765,1.0);
#8094=CARTESIAN_POINT('',(10.295,5.7,2.2));
#8095=AXIS2_PLACEMENT_3D('',#9766,#9767,#9768);
#8096=CARTESIAN_POINT('',(10.295,5.7,2.2));
#8097=VECTOR('',#9769,1.0);
#8098=CARTESIAN_POINT('',(10.295,5.45,2.2));
#8099=CARTESIAN_POINT('',(10.295,5.45,2.2));
#8100=VECTOR('',#9770,1.0);
#8101=AXIS2_PLACEMENT_3D('',#9771,#9772,#9773);
#8102=CARTESIAN_POINT('',(11.125,5.45,2.2));
#8103=CARTESIAN_POINT('',(11.325,5.45,2.2));
#8104=VECTOR('',#9774,1.0);
#8105=CARTESIAN_POINT('',(11.125,5.7,2.2));
#8106=CARTESIAN_POINT('',(11.125,5.7,2.2));
#8107=VECTOR('',#9775,1.0);
#8108=CARTESIAN_POINT('',(10.295,5.7,2.2));
#8109=VECTOR('',#9776,1.0);
#8110=CARTESIAN_POINT('',(11.325,5.7,2.0));
#8111=CARTESIAN_POINT('',(10.71,5.7,2.615));
#8112=VECTOR('',#9777,1.0);
#8113=CARTESIAN_POINT('',(11.325,5.7,0.2));
#8114=CARTESIAN_POINT('',(11.325,5.7,2.2));
#8115=VECTOR('',#9778,1.0);
#8116=CARTESIAN_POINT('',(11.81,5.7,0.684999999999991));
#8117=VECTOR('',#9779,1.0);
#8118=CARTESIAN_POINT('',(11.325,5.45,2.0));
#8119=CARTESIAN_POINT('',(11.325,5.45,2.0));
#8120=VECTOR('',#9780,1.0);
#8121=CARTESIAN_POINT('',(11.325,5.45,0.2));
#8122=CARTESIAN_POINT('',(11.325,5.45,2.2));
#8123=VECTOR('',#9781,1.0);
#8124=CARTESIAN_POINT('',(11.325,5.7,0.2));
#8125=VECTOR('',#9782,1.0);
#8126=CARTESIAN_POINT('',(11.225,5.45,2.1));
#8127=VECTOR('',#9783,1.0);
#8128=CARTESIAN_POINT('',(12.325,5.45,1.19999999999999));
#8129=VECTOR('',#9784,1.0);
#8130=CARTESIAN_POINT('',(7.965,5.7,3.6));
#8131=CARTESIAN_POINT('',(7.965,5.7,4.1));
#8132=CARTESIAN_POINT('',(7.965,5.7,3.6));
#8133=VECTOR('',#9785,1.0);
#8134=CARTESIAN_POINT('',(8.285,5.7,4.1));
#8135=CARTESIAN_POINT('',(8.285,5.7,4.1));
#8136=VECTOR('',#9786,1.0);
#8137=CARTESIAN_POINT('',(8.285,5.7,3.6));
#8138=CARTESIAN_POINT('',(8.285,5.7,3.6));
#8139=VECTOR('',#9787,1.0);
#8140=CARTESIAN_POINT('',(8.285,5.7,3.6));
#8141=VECTOR('',#9788,1.0);
#8142=CARTESIAN_POINT('',(7.965,5.6,4.2));
#8143=CARTESIAN_POINT('',(7.965,5.7,4.1));
#8144=VECTOR('',#9789,1.0);
#8145=CARTESIAN_POINT('',(8.285,5.6,4.2));
#8146=CARTESIAN_POINT('',(8.285,5.6,4.2));
#8147=VECTOR('',#9790,1.0);
#8148=CARTESIAN_POINT('',(8.285,5.7,4.1));
#8149=VECTOR('',#9791,1.0);
#8150=CARTESIAN_POINT('',(7.965,5.35,4.2));
#8151=CARTESIAN_POINT('',(7.965,5.6,4.2));
#8152=VECTOR('',#9792,1.0);
#8153=CARTESIAN_POINT('',(8.285,5.35,4.2));
#8154=CARTESIAN_POINT('',(8.285,5.35,4.2));
#8155=VECTOR('',#9793,1.0);
#8156=CARTESIAN_POINT('',(8.285,5.6,4.2));
#8157=VECTOR('',#9794,1.0);
#8158=CARTESIAN_POINT('',(7.965,5.25,4.1));
#8159=CARTESIAN_POINT('',(7.965,5.35,4.2));
#8160=VECTOR('',#9795,1.0);
#8161=CARTESIAN_POINT('',(8.285,5.25,4.1));
#8162=CARTESIAN_POINT('',(8.285,5.25,4.1));
#8163=VECTOR('',#9796,1.0);
#8164=CARTESIAN_POINT('',(8.285,5.35,4.2));
#8165=VECTOR('',#9797,1.0);
#8166=CARTESIAN_POINT('',(8.285,5.4,3.3));
#8167=VECTOR('',#9798,1.0);
#8168=CARTESIAN_POINT('',(8.285,5.25,4.1));
#8169=VECTOR('',#9799,1.0);
#8170=CARTESIAN_POINT('',(7.965,5.4,3.3));
#8171=VECTOR('',#9800,1.0);
#8172=CARTESIAN_POINT('',(7.965,5.25,4.1));
#8173=VECTOR('',#9801,1.0);
#8174=CARTESIAN_POINT('',(7.965,2.7,0.775000000000002));
#8175=CARTESIAN_POINT('',(7.965,2.7,0.775000000000002));
#8176=VECTOR('',#9802,1.0);
#8177=CARTESIAN_POINT('',(8.285,2.7,0.775000000000002));
#8178=CARTESIAN_POINT('',(8.285,2.7,0.775000000000002));
#8179=VECTOR('',#9803,1.0);
#8180=CARTESIAN_POINT('',(8.285,2.7,0.775000000000002));
#8181=VECTOR('',#9804,1.0);
#8182=CARTESIAN_POINT('',(8.285,2.4,1.525));
#8183=CARTESIAN_POINT('',(8.285,4.25,1.525));
#8184=VECTOR('',#9805,1.0);
#8185=CARTESIAN_POINT('',(7.965,2.4,1.525));
#8186=CARTESIAN_POINT('',(7.965,4.25,1.525));
#8187=VECTOR('',#9806,1.0);
#8188=CARTESIAN_POINT('',(8.285,2.4,1.525));
#8189=VECTOR('',#9807,1.0);
#8190=CARTESIAN_POINT('',(8.285,1.7,1.375));
#8191=CARTESIAN_POINT('',(8.285,2.4,1.525));
#8192=VECTOR('',#9808,1.0);
#8193=CARTESIAN_POINT('',(8.285,1.7,0.975000000000002));
#8194=CARTESIAN_POINT('',(8.285,1.7,1.375));
#8195=VECTOR('',#9809,1.0);
#8196=CARTESIAN_POINT('',(8.285,1.7,0.975000000000002));
#8197=VECTOR('',#9810,1.0);
#8198=CARTESIAN_POINT('',(7.965,1.7,0.975000000000002));
#8199=CARTESIAN_POINT('',(7.965,1.7,0.975000000000002));
#8200=VECTOR('',#9811,1.0);
#8201=CARTESIAN_POINT('',(7.965,1.7,1.375));
#8202=CARTESIAN_POINT('',(7.965,1.7,1.375));
#8203=VECTOR('',#9812,1.0);
#8204=CARTESIAN_POINT('',(7.965,2.4,1.525));
#8205=VECTOR('',#9813,1.0);
#8206=CARTESIAN_POINT('',(8.285,1.7,0.975000000000002));
#8207=VECTOR('',#9814,1.0);
#8208=CARTESIAN_POINT('',(8.285,1.7,1.375));
#8209=VECTOR('',#9815,1.0);
#8210=CARTESIAN_POINT('',(-8.285,5.7,3.6));
#8211=CARTESIAN_POINT('',(-8.285,5.7,4.1));
#8212=CARTESIAN_POINT('',(-8.285,5.7,3.6));
#8213=VECTOR('',#9816,1.0);
#8214=CARTESIAN_POINT('',(-7.965,5.7,4.1));
#8215=CARTESIAN_POINT('',(-7.965,5.7,4.1));
#8216=VECTOR('',#9817,1.0);
#8217=CARTESIAN_POINT('',(-7.965,5.7,3.6));
#8218=CARTESIAN_POINT('',(-7.965,5.7,3.6));
#8219=VECTOR('',#9818,1.0);
#8220=CARTESIAN_POINT('',(-7.965,5.7,3.6));
#8221=VECTOR('',#9819,1.0);
#8222=CARTESIAN_POINT('',(-8.285,5.6,4.2));
#8223=CARTESIAN_POINT('',(-8.285,5.7,4.1));
#8224=VECTOR('',#9820,1.0);
#8225=CARTESIAN_POINT('',(-7.965,5.6,4.2));
#8226=CARTESIAN_POINT('',(-7.965,5.6,4.2));
#8227=VECTOR('',#9821,1.0);
#8228=CARTESIAN_POINT('',(-7.965,5.7,4.1));
#8229=VECTOR('',#9822,1.0);
#8230=CARTESIAN_POINT('',(-8.285,5.35,4.2));
#8231=CARTESIAN_POINT('',(-8.285,5.6,4.2));
#8232=VECTOR('',#9823,1.0);
#8233=CARTESIAN_POINT('',(-7.965,5.35,4.2));
#8234=CARTESIAN_POINT('',(-7.965,5.35,4.2));
#8235=VECTOR('',#9824,1.0);
#8236=CARTESIAN_POINT('',(-7.965,5.6,4.2));
#8237=VECTOR('',#9825,1.0);
#8238=CARTESIAN_POINT('',(-8.285,5.25,4.1));
#8239=CARTESIAN_POINT('',(-8.285,5.35,4.2));
#8240=VECTOR('',#9826,1.0);
#8241=CARTESIAN_POINT('',(-7.965,5.25,4.1));
#8242=CARTESIAN_POINT('',(-7.965,5.25,4.1));
#8243=VECTOR('',#9827,1.0);
#8244=CARTESIAN_POINT('',(-7.965,5.35,4.2));
#8245=VECTOR('',#9828,1.0);
#8246=CARTESIAN_POINT('',(-7.965,5.4,3.3));
#8247=VECTOR('',#9829,1.0);
#8248=CARTESIAN_POINT('',(-7.965,5.25,4.1));
#8249=VECTOR('',#9830,1.0);
#8250=CARTESIAN_POINT('',(-8.285,5.4,3.3));
#8251=VECTOR('',#9831,1.0);
#8252=CARTESIAN_POINT('',(-8.285,5.25,4.1));
#8253=VECTOR('',#9832,1.0);
#8254=CARTESIAN_POINT('',(-7.035,5.7,3.6));
#8255=CARTESIAN_POINT('',(-7.035,5.7,4.1));
#8256=CARTESIAN_POINT('',(-7.035,5.7,3.6));
#8257=VECTOR('',#9833,1.0);
#8258=CARTESIAN_POINT('',(-6.715,5.7,4.1));
#8259=CARTESIAN_POINT('',(-6.715,5.7,4.1));
#8260=VECTOR('',#9834,1.0);
#8261=CARTESIAN_POINT('',(-6.715,5.7,3.6));
#8262=CARTESIAN_POINT('',(-6.715,5.7,3.6));
#8263=VECTOR('',#9835,1.0);
#8264=CARTESIAN_POINT('',(-6.715,5.7,3.6));
#8265=VECTOR('',#9836,1.0);
#8266=CARTESIAN_POINT('',(-7.035,5.6,4.2));
#8267=CARTESIAN_POINT('',(-7.035,5.7,4.1));
#8268=VECTOR('',#9837,1.0);
#8269=CARTESIAN_POINT('',(-6.715,5.6,4.2));
#8270=CARTESIAN_POINT('',(-6.715,5.6,4.2));
#8271=VECTOR('',#9838,1.0);
#8272=CARTESIAN_POINT('',(-6.715,5.7,4.1));
#8273=VECTOR('',#9839,1.0);
#8274=CARTESIAN_POINT('',(-7.035,5.35,4.2));
#8275=CARTESIAN_POINT('',(-7.035,5.6,4.2));
#8276=VECTOR('',#9840,1.0);
#8277=CARTESIAN_POINT('',(-6.715,5.35,4.2));
#8278=CARTESIAN_POINT('',(-6.715,5.35,4.2));
#8279=VECTOR('',#9841,1.0);
#8280=CARTESIAN_POINT('',(-6.715,5.6,4.2));
#8281=VECTOR('',#9842,1.0);
#8282=CARTESIAN_POINT('',(-7.035,5.25,4.1));
#8283=CARTESIAN_POINT('',(-7.035,5.35,4.2));
#8284=VECTOR('',#9843,1.0);
#8285=CARTESIAN_POINT('',(-6.715,5.25,4.1));
#8286=CARTESIAN_POINT('',(-6.715,5.25,4.1));
#8287=VECTOR('',#9844,1.0);
#8288=CARTESIAN_POINT('',(-6.715,5.35,4.2));
#8289=VECTOR('',#9845,1.0);
#8290=CARTESIAN_POINT('',(-6.715,5.4,3.3));
#8291=VECTOR('',#9846,1.0);
#8292=CARTESIAN_POINT('',(-6.715,5.25,4.1));
#8293=VECTOR('',#9847,1.0);
#8294=CARTESIAN_POINT('',(-7.035,5.4,3.3));
#8295=VECTOR('',#9848,1.0);
#8296=CARTESIAN_POINT('',(-7.035,5.25,4.1));
#8297=VECTOR('',#9849,1.0);
#8298=CARTESIAN_POINT('',(-5.785,5.7,3.6));
#8299=CARTESIAN_POINT('',(-5.785,5.7,4.1));
#8300=CARTESIAN_POINT('',(-5.785,5.7,3.6));
#8301=VECTOR('',#9850,1.0);
#8302=CARTESIAN_POINT('',(-5.465,5.7,4.1));
#8303=CARTESIAN_POINT('',(-5.465,5.7,4.1));
#8304=VECTOR('',#9851,1.0);
#8305=CARTESIAN_POINT('',(-5.465,5.7,3.6));
#8306=CARTESIAN_POINT('',(-5.465,5.7,3.6));
#8307=VECTOR('',#9852,1.0);
#8308=CARTESIAN_POINT('',(-5.465,5.7,3.6));
#8309=VECTOR('',#9853,1.0);
#8310=CARTESIAN_POINT('',(-5.785,5.6,4.2));
#8311=CARTESIAN_POINT('',(-5.785,5.7,4.1));
#8312=VECTOR('',#9854,1.0);
#8313=CARTESIAN_POINT('',(-5.465,5.6,4.2));
#8314=CARTESIAN_POINT('',(-5.465,5.6,4.2));
#8315=VECTOR('',#9855,1.0);
#8316=CARTESIAN_POINT('',(-5.465,5.7,4.1));
#8317=VECTOR('',#9856,1.0);
#8318=CARTESIAN_POINT('',(-5.785,5.35,4.2));
#8319=CARTESIAN_POINT('',(-5.785,5.6,4.2));
#8320=VECTOR('',#9857,1.0);
#8321=CARTESIAN_POINT('',(-5.465,5.35,4.2));
#8322=CARTESIAN_POINT('',(-5.465,5.35,4.2));
#8323=VECTOR('',#9858,1.0);
#8324=CARTESIAN_POINT('',(-5.465,5.6,4.2));
#8325=VECTOR('',#9859,1.0);
#8326=CARTESIAN_POINT('',(-5.785,5.25,4.1));
#8327=CARTESIAN_POINT('',(-5.785,5.35,4.2));
#8328=VECTOR('',#9860,1.0);
#8329=CARTESIAN_POINT('',(-5.465,5.25,4.1));
#8330=CARTESIAN_POINT('',(-5.465,5.25,4.1));
#8331=VECTOR('',#9861,1.0);
#8332=CARTESIAN_POINT('',(-5.465,5.35,4.2));
#8333=VECTOR('',#9862,1.0);
#8334=CARTESIAN_POINT('',(-5.465,5.4,3.3));
#8335=VECTOR('',#9863,1.0);
#8336=CARTESIAN_POINT('',(-5.465,5.25,4.1));
#8337=VECTOR('',#9864,1.0);
#8338=CARTESIAN_POINT('',(-5.785,5.4,3.3));
#8339=VECTOR('',#9865,1.0);
#8340=CARTESIAN_POINT('',(-5.785,5.25,4.1));
#8341=VECTOR('',#9866,1.0);
#8342=CARTESIAN_POINT('',(-4.535,5.7,3.6));
#8343=CARTESIAN_POINT('',(-4.535,5.7,4.1));
#8344=CARTESIAN_POINT('',(-4.535,5.7,3.6));
#8345=VECTOR('',#9867,1.0);
#8346=CARTESIAN_POINT('',(-4.215,5.7,4.1));
#8347=CARTESIAN_POINT('',(-4.215,5.7,4.1));
#8348=VECTOR('',#9868,1.0);
#8349=CARTESIAN_POINT('',(-4.215,5.7,3.6));
#8350=CARTESIAN_POINT('',(-4.215,5.7,3.6));
#8351=VECTOR('',#9869,1.0);
#8352=CARTESIAN_POINT('',(-4.215,5.7,3.6));
#8353=VECTOR('',#9870,1.0);
#8354=CARTESIAN_POINT('',(-4.535,5.6,4.2));
#8355=CARTESIAN_POINT('',(-4.535,5.7,4.1));
#8356=VECTOR('',#9871,1.0);
#8357=CARTESIAN_POINT('',(-4.215,5.6,4.2));
#8358=CARTESIAN_POINT('',(-4.215,5.6,4.2));
#8359=VECTOR('',#9872,1.0);
#8360=CARTESIAN_POINT('',(-4.215,5.7,4.1));
#8361=VECTOR('',#9873,1.0);
#8362=CARTESIAN_POINT('',(-4.535,5.35,4.2));
#8363=CARTESIAN_POINT('',(-4.535,5.6,4.2));
#8364=VECTOR('',#9874,1.0);
#8365=CARTESIAN_POINT('',(-4.215,5.35,4.2));
#8366=CARTESIAN_POINT('',(-4.215,5.35,4.2));
#8367=VECTOR('',#9875,1.0);
#8368=CARTESIAN_POINT('',(-4.215,5.6,4.2));
#8369=VECTOR('',#9876,1.0);
#8370=CARTESIAN_POINT('',(-4.535,5.25,4.1));
#8371=CARTESIAN_POINT('',(-4.535,5.35,4.2));
#8372=VECTOR('',#9877,1.0);
#8373=CARTESIAN_POINT('',(-4.215,5.25,4.1));
#8374=CARTESIAN_POINT('',(-4.215,5.25,4.1));
#8375=VECTOR('',#9878,1.0);
#8376=CARTESIAN_POINT('',(-4.215,5.35,4.2));
#8377=VECTOR('',#9879,1.0);
#8378=CARTESIAN_POINT('',(-4.215,5.4,3.3));
#8379=VECTOR('',#9880,1.0);
#8380=CARTESIAN_POINT('',(-4.215,5.25,4.1));
#8381=VECTOR('',#9881,1.0);
#8382=CARTESIAN_POINT('',(-4.535,5.4,3.3));
#8383=VECTOR('',#9882,1.0);
#8384=CARTESIAN_POINT('',(-4.535,5.25,4.1));
#8385=VECTOR('',#9883,1.0);
#8386=CARTESIAN_POINT('',(-3.285,5.7,3.6));
#8387=CARTESIAN_POINT('',(-3.285,5.7,4.1));
#8388=CARTESIAN_POINT('',(-3.285,5.7,3.6));
#8389=VECTOR('',#9884,1.0);
#8390=CARTESIAN_POINT('',(-2.965,5.7,4.1));
#8391=CARTESIAN_POINT('',(-2.965,5.7,4.1));
#8392=VECTOR('',#9885,1.0);
#8393=CARTESIAN_POINT('',(-2.965,5.7,3.6));
#8394=CARTESIAN_POINT('',(-2.965,5.7,3.6));
#8395=VECTOR('',#9886,1.0);
#8396=CARTESIAN_POINT('',(-2.965,5.7,3.6));
#8397=VECTOR('',#9887,1.0);
#8398=CARTESIAN_POINT('',(-3.285,5.6,4.2));
#8399=CARTESIAN_POINT('',(-3.285,5.7,4.1));
#8400=VECTOR('',#9888,1.0);
#8401=CARTESIAN_POINT('',(-2.965,5.6,4.2));
#8402=CARTESIAN_POINT('',(-2.965,5.6,4.2));
#8403=VECTOR('',#9889,1.0);
#8404=CARTESIAN_POINT('',(-2.965,5.7,4.1));
#8405=VECTOR('',#9890,1.0);
#8406=CARTESIAN_POINT('',(-3.285,5.35,4.2));
#8407=CARTESIAN_POINT('',(-3.285,5.6,4.2));
#8408=VECTOR('',#9891,1.0);
#8409=CARTESIAN_POINT('',(-2.965,5.35,4.2));
#8410=CARTESIAN_POINT('',(-2.965,5.35,4.2));
#8411=VECTOR('',#9892,1.0);
#8412=CARTESIAN_POINT('',(-2.965,5.6,4.2));
#8413=VECTOR('',#9893,1.0);
#8414=CARTESIAN_POINT('',(-3.285,5.25,4.1));
#8415=CARTESIAN_POINT('',(-3.285,5.35,4.2));
#8416=VECTOR('',#9894,1.0);
#8417=CARTESIAN_POINT('',(-2.965,5.25,4.1));
#8418=CARTESIAN_POINT('',(-2.965,5.25,4.1));
#8419=VECTOR('',#9895,1.0);
#8420=CARTESIAN_POINT('',(-2.965,5.35,4.2));
#8421=VECTOR('',#9896,1.0);
#8422=CARTESIAN_POINT('',(-2.965,5.4,3.3));
#8423=VECTOR('',#9897,1.0);
#8424=CARTESIAN_POINT('',(-2.965,5.25,4.1));
#8425=VECTOR('',#9898,1.0);
#8426=CARTESIAN_POINT('',(-3.285,5.4,3.3));
#8427=VECTOR('',#9899,1.0);
#8428=CARTESIAN_POINT('',(-3.285,5.25,4.1));
#8429=VECTOR('',#9900,1.0);
#8430=CARTESIAN_POINT('',(-2.035,5.7,3.6));
#8431=CARTESIAN_POINT('',(-2.035,5.7,4.1));
#8432=CARTESIAN_POINT('',(-2.035,5.7,3.6));
#8433=VECTOR('',#9901,1.0);
#8434=CARTESIAN_POINT('',(-1.715,5.7,4.1));
#8435=CARTESIAN_POINT('',(-1.715,5.7,4.1));
#8436=VECTOR('',#9902,1.0);
#8437=CARTESIAN_POINT('',(-1.715,5.7,3.6));
#8438=CARTESIAN_POINT('',(-1.715,5.7,3.6));
#8439=VECTOR('',#9903,1.0);
#8440=CARTESIAN_POINT('',(-1.715,5.7,3.6));
#8441=VECTOR('',#9904,1.0);
#8442=CARTESIAN_POINT('',(-2.035,5.6,4.2));
#8443=CARTESIAN_POINT('',(-2.035,5.7,4.1));
#8444=VECTOR('',#9905,1.0);
#8445=CARTESIAN_POINT('',(-1.715,5.6,4.2));
#8446=CARTESIAN_POINT('',(-1.715,5.6,4.2));
#8447=VECTOR('',#9906,1.0);
#8448=CARTESIAN_POINT('',(-1.715,5.7,4.1));
#8449=VECTOR('',#9907,1.0);
#8450=CARTESIAN_POINT('',(-2.035,5.35,4.2));
#8451=CARTESIAN_POINT('',(-2.035,5.6,4.2));
#8452=VECTOR('',#9908,1.0);
#8453=CARTESIAN_POINT('',(-1.715,5.35,4.2));
#8454=CARTESIAN_POINT('',(-1.715,5.35,4.2));
#8455=VECTOR('',#9909,1.0);
#8456=CARTESIAN_POINT('',(-1.715,5.6,4.2));
#8457=VECTOR('',#9910,1.0);
#8458=CARTESIAN_POINT('',(-2.035,5.25,4.1));
#8459=CARTESIAN_POINT('',(-2.035,5.35,4.2));
#8460=VECTOR('',#9911,1.0);
#8461=CARTESIAN_POINT('',(-1.715,5.25,4.1));
#8462=CARTESIAN_POINT('',(-1.715,5.25,4.1));
#8463=VECTOR('',#9912,1.0);
#8464=CARTESIAN_POINT('',(-1.715,5.35,4.2));
#8465=VECTOR('',#9913,1.0);
#8466=CARTESIAN_POINT('',(-1.715,5.4,3.3));
#8467=VECTOR('',#9914,1.0);
#8468=CARTESIAN_POINT('',(-1.715,5.25,4.1));
#8469=VECTOR('',#9915,1.0);
#8470=CARTESIAN_POINT('',(-2.035,5.4,3.3));
#8471=VECTOR('',#9916,1.0);
#8472=CARTESIAN_POINT('',(-2.035,5.25,4.1));
#8473=VECTOR('',#9917,1.0);
#8474=CARTESIAN_POINT('',(-0.785000000000001,5.7,3.6));
#8475=CARTESIAN_POINT('',(-0.785000000000001,5.7,4.1));
#8476=CARTESIAN_POINT('',(-0.785000000000001,5.7,3.6));
#8477=VECTOR('',#9918,1.0);
#8478=CARTESIAN_POINT('',(-0.465,5.7,4.1));
#8479=CARTESIAN_POINT('',(-0.465,5.7,4.1));
#8480=VECTOR('',#9919,1.0);
#8481=CARTESIAN_POINT('',(-0.465,5.7,3.6));
#8482=CARTESIAN_POINT('',(-0.465,5.7,3.6));
#8483=VECTOR('',#9920,1.0);
#8484=CARTESIAN_POINT('',(-0.465,5.7,3.6));
#8485=VECTOR('',#9921,1.0);
#8486=CARTESIAN_POINT('',(-0.785000000000001,5.6,4.2));
#8487=CARTESIAN_POINT('',(-0.785000000000001,5.7,4.1));
#8488=VECTOR('',#9922,1.0);
#8489=CARTESIAN_POINT('',(-0.465,5.6,4.2));
#8490=CARTESIAN_POINT('',(-0.465,5.6,4.2));
#8491=VECTOR('',#9923,1.0);
#8492=CARTESIAN_POINT('',(-0.465,5.7,4.1));
#8493=VECTOR('',#9924,1.0);
#8494=CARTESIAN_POINT('',(-0.785000000000001,5.35,4.2));
#8495=CARTESIAN_POINT('',(-0.785000000000001,5.6,4.2));
#8496=VECTOR('',#9925,1.0);
#8497=CARTESIAN_POINT('',(-0.465,5.35,4.2));
#8498=CARTESIAN_POINT('',(-0.465,5.35,4.2));
#8499=VECTOR('',#9926,1.0);
#8500=CARTESIAN_POINT('',(-0.465,5.6,4.2));
#8501=VECTOR('',#9927,1.0);
#8502=CARTESIAN_POINT('',(-0.785000000000001,5.25,4.1));
#8503=CARTESIAN_POINT('',(-0.785000000000001,5.35,4.2));
#8504=VECTOR('',#9928,1.0);
#8505=CARTESIAN_POINT('',(-0.465,5.25,4.1));
#8506=CARTESIAN_POINT('',(-0.465,5.25,4.1));
#8507=VECTOR('',#9929,1.0);
#8508=CARTESIAN_POINT('',(-0.465,5.35,4.2));
#8509=VECTOR('',#9930,1.0);
#8510=CARTESIAN_POINT('',(-0.465,5.4,3.3));
#8511=VECTOR('',#9931,1.0);
#8512=CARTESIAN_POINT('',(-0.465,5.25,4.1));
#8513=VECTOR('',#9932,1.0);
#8514=CARTESIAN_POINT('',(-0.785000000000001,5.4,3.3));
#8515=VECTOR('',#9933,1.0);
#8516=CARTESIAN_POINT('',(-0.785000000000001,5.25,4.1));
#8517=VECTOR('',#9934,1.0);
#8518=CARTESIAN_POINT('',(0.465,5.7,3.6));
#8519=CARTESIAN_POINT('',(0.465,5.7,4.1));
#8520=CARTESIAN_POINT('',(0.465,5.7,3.6));
#8521=VECTOR('',#9935,1.0);
#8522=CARTESIAN_POINT('',(0.785000000000001,5.7,4.1));
#8523=CARTESIAN_POINT('',(0.785000000000001,5.7,4.1));
#8524=VECTOR('',#9936,1.0);
#8525=CARTESIAN_POINT('',(0.785000000000001,5.7,3.6));
#8526=CARTESIAN_POINT('',(0.785000000000001,5.7,3.6));
#8527=VECTOR('',#9937,1.0);
#8528=CARTESIAN_POINT('',(0.785000000000001,5.7,3.6));
#8529=VECTOR('',#9938,1.0);
#8530=CARTESIAN_POINT('',(0.465,5.6,4.2));
#8531=CARTESIAN_POINT('',(0.465,5.7,4.1));
#8532=VECTOR('',#9939,1.0);
#8533=CARTESIAN_POINT('',(0.785000000000001,5.6,4.2));
#8534=CARTESIAN_POINT('',(0.785000000000001,5.6,4.2));
#8535=VECTOR('',#9940,1.0);
#8536=CARTESIAN_POINT('',(0.785000000000001,5.7,4.1));
#8537=VECTOR('',#9941,1.0);
#8538=CARTESIAN_POINT('',(0.465,5.35,4.2));
#8539=CARTESIAN_POINT('',(0.465,5.6,4.2));
#8540=VECTOR('',#9942,1.0);
#8541=CARTESIAN_POINT('',(0.785000000000001,5.35,4.2));
#8542=CARTESIAN_POINT('',(0.785000000000001,5.35,4.2));
#8543=VECTOR('',#9943,1.0);
#8544=CARTESIAN_POINT('',(0.785000000000001,5.6,4.2));
#8545=VECTOR('',#9944,1.0);
#8546=CARTESIAN_POINT('',(0.465,5.25,4.1));
#8547=CARTESIAN_POINT('',(0.465,5.35,4.2));
#8548=VECTOR('',#9945,1.0);
#8549=CARTESIAN_POINT('',(0.785000000000001,5.25,4.1));
#8550=CARTESIAN_POINT('',(0.785000000000001,5.25,4.1));
#8551=VECTOR('',#9946,1.0);
#8552=CARTESIAN_POINT('',(0.785000000000001,5.35,4.2));
#8553=VECTOR('',#9947,1.0);
#8554=CARTESIAN_POINT('',(0.785000000000001,5.4,3.3));
#8555=VECTOR('',#9948,1.0);
#8556=CARTESIAN_POINT('',(0.785000000000001,5.25,4.1));
#8557=VECTOR('',#9949,1.0);
#8558=CARTESIAN_POINT('',(0.465,5.4,3.3));
#8559=VECTOR('',#9950,1.0);
#8560=CARTESIAN_POINT('',(0.465,5.25,4.1));
#8561=VECTOR('',#9951,1.0);
#8562=CARTESIAN_POINT('',(1.715,5.7,3.6));
#8563=CARTESIAN_POINT('',(1.715,5.7,4.1));
#8564=CARTESIAN_POINT('',(1.715,5.7,3.6));
#8565=VECTOR('',#9952,1.0);
#8566=CARTESIAN_POINT('',(2.035,5.7,4.1));
#8567=CARTESIAN_POINT('',(2.035,5.7,4.1));
#8568=VECTOR('',#9953,1.0);
#8569=CARTESIAN_POINT('',(2.035,5.7,3.6));
#8570=CARTESIAN_POINT('',(2.035,5.7,3.6));
#8571=VECTOR('',#9954,1.0);
#8572=CARTESIAN_POINT('',(2.035,5.7,3.6));
#8573=VECTOR('',#9955,1.0);
#8574=CARTESIAN_POINT('',(1.715,5.6,4.2));
#8575=CARTESIAN_POINT('',(1.715,5.7,4.1));
#8576=VECTOR('',#9956,1.0);
#8577=CARTESIAN_POINT('',(2.035,5.6,4.2));
#8578=CARTESIAN_POINT('',(2.035,5.6,4.2));
#8579=VECTOR('',#9957,1.0);
#8580=CARTESIAN_POINT('',(2.035,5.7,4.1));
#8581=VECTOR('',#9958,1.0);
#8582=CARTESIAN_POINT('',(1.715,5.35,4.2));
#8583=CARTESIAN_POINT('',(1.715,5.6,4.2));
#8584=VECTOR('',#9959,1.0);
#8585=CARTESIAN_POINT('',(2.035,5.35,4.2));
#8586=CARTESIAN_POINT('',(2.035,5.35,4.2));
#8587=VECTOR('',#9960,1.0);
#8588=CARTESIAN_POINT('',(2.035,5.6,4.2));
#8589=VECTOR('',#9961,1.0);
#8590=CARTESIAN_POINT('',(1.715,5.25,4.1));
#8591=CARTESIAN_POINT('',(1.715,5.35,4.2));
#8592=VECTOR('',#9962,1.0);
#8593=CARTESIAN_POINT('',(2.035,5.25,4.1));
#8594=CARTESIAN_POINT('',(2.035,5.25,4.1));
#8595=VECTOR('',#9963,1.0);
#8596=CARTESIAN_POINT('',(2.035,5.35,4.2));
#8597=VECTOR('',#9964,1.0);
#8598=CARTESIAN_POINT('',(2.035,5.4,3.3));
#8599=VECTOR('',#9965,1.0);
#8600=CARTESIAN_POINT('',(2.035,5.25,4.1));
#8601=VECTOR('',#9966,1.0);
#8602=CARTESIAN_POINT('',(1.715,5.4,3.3));
#8603=VECTOR('',#9967,1.0);
#8604=CARTESIAN_POINT('',(1.715,5.25,4.1));
#8605=VECTOR('',#9968,1.0);
#8606=CARTESIAN_POINT('',(2.965,5.7,3.6));
#8607=CARTESIAN_POINT('',(2.965,5.7,4.1));
#8608=CARTESIAN_POINT('',(2.965,5.7,3.6));
#8609=VECTOR('',#9969,1.0);
#8610=CARTESIAN_POINT('',(3.285,5.7,4.1));
#8611=CARTESIAN_POINT('',(3.285,5.7,4.1));
#8612=VECTOR('',#9970,1.0);
#8613=CARTESIAN_POINT('',(3.285,5.7,3.6));
#8614=CARTESIAN_POINT('',(3.285,5.7,3.6));
#8615=VECTOR('',#9971,1.0);
#8616=CARTESIAN_POINT('',(3.285,5.7,3.6));
#8617=VECTOR('',#9972,1.0);
#8618=CARTESIAN_POINT('',(2.965,5.6,4.2));
#8619=CARTESIAN_POINT('',(2.965,5.7,4.1));
#8620=VECTOR('',#9973,1.0);
#8621=CARTESIAN_POINT('',(3.285,5.6,4.2));
#8622=CARTESIAN_POINT('',(3.285,5.6,4.2));
#8623=VECTOR('',#9974,1.0);
#8624=CARTESIAN_POINT('',(3.285,5.7,4.1));
#8625=VECTOR('',#9975,1.0);
#8626=CARTESIAN_POINT('',(2.965,5.35,4.2));
#8627=CARTESIAN_POINT('',(2.965,5.6,4.2));
#8628=VECTOR('',#9976,1.0);
#8629=CARTESIAN_POINT('',(3.285,5.35,4.2));
#8630=CARTESIAN_POINT('',(3.285,5.35,4.2));
#8631=VECTOR('',#9977,1.0);
#8632=CARTESIAN_POINT('',(3.285,5.6,4.2));
#8633=VECTOR('',#9978,1.0);
#8634=CARTESIAN_POINT('',(2.965,5.25,4.1));
#8635=CARTESIAN_POINT('',(2.965,5.35,4.2));
#8636=VECTOR('',#9979,1.0);
#8637=CARTESIAN_POINT('',(3.285,5.25,4.1));
#8638=CARTESIAN_POINT('',(3.285,5.25,4.1));
#8639=VECTOR('',#9980,1.0);
#8640=CARTESIAN_POINT('',(3.285,5.35,4.2));
#8641=VECTOR('',#9981,1.0);
#8642=CARTESIAN_POINT('',(3.285,5.4,3.3));
#8643=VECTOR('',#9982,1.0);
#8644=CARTESIAN_POINT('',(3.285,5.25,4.1));
#8645=VECTOR('',#9983,1.0);
#8646=CARTESIAN_POINT('',(2.965,5.4,3.3));
#8647=VECTOR('',#9984,1.0);
#8648=CARTESIAN_POINT('',(2.965,5.25,4.1));
#8649=VECTOR('',#9985,1.0);
#8650=CARTESIAN_POINT('',(4.215,5.7,3.6));
#8651=CARTESIAN_POINT('',(4.215,5.7,4.1));
#8652=CARTESIAN_POINT('',(4.215,5.7,3.6));
#8653=VECTOR('',#9986,1.0);
#8654=CARTESIAN_POINT('',(4.535,5.7,4.1));
#8655=CARTESIAN_POINT('',(4.535,5.7,4.1));
#8656=VECTOR('',#9987,1.0);
#8657=CARTESIAN_POINT('',(4.535,5.7,3.6));
#8658=CARTESIAN_POINT('',(4.535,5.7,3.6));
#8659=VECTOR('',#9988,1.0);
#8660=CARTESIAN_POINT('',(4.535,5.7,3.6));
#8661=VECTOR('',#9989,1.0);
#8662=CARTESIAN_POINT('',(4.215,5.6,4.2));
#8663=CARTESIAN_POINT('',(4.215,5.7,4.1));
#8664=VECTOR('',#9990,1.0);
#8665=CARTESIAN_POINT('',(4.535,5.6,4.2));
#8666=CARTESIAN_POINT('',(4.535,5.6,4.2));
#8667=VECTOR('',#9991,1.0);
#8668=CARTESIAN_POINT('',(4.535,5.7,4.1));
#8669=VECTOR('',#9992,1.0);
#8670=CARTESIAN_POINT('',(4.215,5.35,4.2));
#8671=CARTESIAN_POINT('',(4.215,5.6,4.2));
#8672=VECTOR('',#9993,1.0);
#8673=CARTESIAN_POINT('',(4.535,5.35,4.2));
#8674=CARTESIAN_POINT('',(4.535,5.35,4.2));
#8675=VECTOR('',#9994,1.0);
#8676=CARTESIAN_POINT('',(4.535,5.6,4.2));
#8677=VECTOR('',#9995,1.0);
#8678=CARTESIAN_POINT('',(4.215,5.25,4.1));
#8679=CARTESIAN_POINT('',(4.215,5.35,4.2));
#8680=VECTOR('',#9996,1.0);
#8681=CARTESIAN_POINT('',(4.535,5.25,4.1));
#8682=CARTESIAN_POINT('',(4.535,5.25,4.1));
#8683=VECTOR('',#9997,1.0);
#8684=CARTESIAN_POINT('',(4.535,5.35,4.2));
#8685=VECTOR('',#9998,1.0);
#8686=CARTESIAN_POINT('',(4.535,5.4,3.3));
#8687=VECTOR('',#9999,1.0);
#8688=CARTESIAN_POINT('',(4.535,5.25,4.1));
#8689=VECTOR('',#10000,1.0);
#8690=CARTESIAN_POINT('',(4.215,5.4,3.3));
#8691=VECTOR('',#10001,1.0);
#8692=CARTESIAN_POINT('',(4.215,5.25,4.1));
#8693=VECTOR('',#10002,1.0);
#8694=CARTESIAN_POINT('',(5.465,5.7,3.6));
#8695=CARTESIAN_POINT('',(5.465,5.7,4.1));
#8696=CARTESIAN_POINT('',(5.465,5.7,3.6));
#8697=VECTOR('',#10003,1.0);
#8698=CARTESIAN_POINT('',(5.785,5.7,4.1));
#8699=CARTESIAN_POINT('',(5.785,5.7,4.1));
#8700=VECTOR('',#10004,1.0);
#8701=CARTESIAN_POINT('',(5.785,5.7,3.6));
#8702=CARTESIAN_POINT('',(5.785,5.7,3.6));
#8703=VECTOR('',#10005,1.0);
#8704=CARTESIAN_POINT('',(5.785,5.7,3.6));
#8705=VECTOR('',#10006,1.0);
#8706=CARTESIAN_POINT('',(5.465,5.6,4.2));
#8707=CARTESIAN_POINT('',(5.465,5.7,4.1));
#8708=VECTOR('',#10007,1.0);
#8709=CARTESIAN_POINT('',(5.785,5.6,4.2));
#8710=CARTESIAN_POINT('',(5.785,5.6,4.2));
#8711=VECTOR('',#10008,1.0);
#8712=CARTESIAN_POINT('',(5.785,5.7,4.1));
#8713=VECTOR('',#10009,1.0);
#8714=CARTESIAN_POINT('',(5.465,5.35,4.2));
#8715=CARTESIAN_POINT('',(5.465,5.6,4.2));
#8716=VECTOR('',#10010,1.0);
#8717=CARTESIAN_POINT('',(5.785,5.35,4.2));
#8718=CARTESIAN_POINT('',(5.785,5.35,4.2));
#8719=VECTOR('',#10011,1.0);
#8720=CARTESIAN_POINT('',(5.785,5.6,4.2));
#8721=VECTOR('',#10012,1.0);
#8722=CARTESIAN_POINT('',(5.465,5.25,4.1));
#8723=CARTESIAN_POINT('',(5.465,5.35,4.2));
#8724=VECTOR('',#10013,1.0);
#8725=CARTESIAN_POINT('',(5.785,5.25,4.1));
#8726=CARTESIAN_POINT('',(5.785,5.25,4.1));
#8727=VECTOR('',#10014,1.0);
#8728=CARTESIAN_POINT('',(5.785,5.35,4.2));
#8729=VECTOR('',#10015,1.0);
#8730=CARTESIAN_POINT('',(5.785,5.4,3.3));
#8731=VECTOR('',#10016,1.0);
#8732=CARTESIAN_POINT('',(5.785,5.25,4.1));
#8733=VECTOR('',#10017,1.0);
#8734=CARTESIAN_POINT('',(5.465,5.4,3.3));
#8735=VECTOR('',#10018,1.0);
#8736=CARTESIAN_POINT('',(5.465,5.25,4.1));
#8737=VECTOR('',#10019,1.0);
#8738=CARTESIAN_POINT('',(6.715,5.7,3.6));
#8739=CARTESIAN_POINT('',(6.715,5.7,4.1));
#8740=CARTESIAN_POINT('',(6.715,5.7,3.6));
#8741=VECTOR('',#10020,1.0);
#8742=CARTESIAN_POINT('',(7.035,5.7,4.1));
#8743=CARTESIAN_POINT('',(7.035,5.7,4.1));
#8744=VECTOR('',#10021,1.0);
#8745=CARTESIAN_POINT('',(7.035,5.7,3.6));
#8746=CARTESIAN_POINT('',(7.035,5.7,3.6));
#8747=VECTOR('',#10022,1.0);
#8748=CARTESIAN_POINT('',(7.035,5.7,3.6));
#8749=VECTOR('',#10023,1.0);
#8750=CARTESIAN_POINT('',(6.715,5.6,4.2));
#8751=CARTESIAN_POINT('',(6.715,5.7,4.1));
#8752=VECTOR('',#10024,1.0);
#8753=CARTESIAN_POINT('',(7.035,5.6,4.2));
#8754=CARTESIAN_POINT('',(7.035,5.6,4.2));
#8755=VECTOR('',#10025,1.0);
#8756=CARTESIAN_POINT('',(7.035,5.7,4.1));
#8757=VECTOR('',#10026,1.0);
#8758=CARTESIAN_POINT('',(6.715,5.35,4.2));
#8759=CARTESIAN_POINT('',(6.715,5.6,4.2));
#8760=VECTOR('',#10027,1.0);
#8761=CARTESIAN_POINT('',(7.035,5.35,4.2));
#8762=CARTESIAN_POINT('',(7.035,5.35,4.2));
#8763=VECTOR('',#10028,1.0);
#8764=CARTESIAN_POINT('',(7.035,5.6,4.2));
#8765=VECTOR('',#10029,1.0);
#8766=CARTESIAN_POINT('',(6.715,5.25,4.1));
#8767=CARTESIAN_POINT('',(6.715,5.35,4.2));
#8768=VECTOR('',#10030,1.0);
#8769=CARTESIAN_POINT('',(7.035,5.25,4.1));
#8770=CARTESIAN_POINT('',(7.035,5.25,4.1));
#8771=VECTOR('',#10031,1.0);
#8772=CARTESIAN_POINT('',(7.035,5.35,4.2));
#8773=VECTOR('',#10032,1.0);
#8774=CARTESIAN_POINT('',(7.035,5.4,3.3));
#8775=VECTOR('',#10033,1.0);
#8776=CARTESIAN_POINT('',(7.035,5.25,4.1));
#8777=VECTOR('',#10034,1.0);
#8778=CARTESIAN_POINT('',(6.715,5.4,3.3));
#8779=VECTOR('',#10035,1.0);
#8780=CARTESIAN_POINT('',(6.715,5.25,4.1));
#8781=VECTOR('',#10036,1.0);
#8782=CARTESIAN_POINT('',(-8.285,2.7,0.775000000000002));
#8783=CARTESIAN_POINT('',(-8.285,2.7,0.775000000000002));
#8784=VECTOR('',#10037,1.0);
#8785=CARTESIAN_POINT('',(-7.965,2.7,0.775000000000002));
#8786=CARTESIAN_POINT('',(-7.965,2.7,0.775000000000002));
#8787=VECTOR('',#10038,1.0);
#8788=CARTESIAN_POINT('',(-7.965,2.7,0.775000000000002));
#8789=VECTOR('',#10039,1.0);
#8790=CARTESIAN_POINT('',(-7.965,2.4,1.525));
#8791=CARTESIAN_POINT('',(-7.965,4.25,1.525));
#8792=VECTOR('',#10040,1.0);
#8793=CARTESIAN_POINT('',(-8.285,2.4,1.525));
#8794=CARTESIAN_POINT('',(-8.285,4.25,1.525));
#8795=VECTOR('',#10041,1.0);
#8796=CARTESIAN_POINT('',(-7.965,2.4,1.525));
#8797=VECTOR('',#10042,1.0);
#8798=CARTESIAN_POINT('',(-7.965,1.7,1.375));
#8799=CARTESIAN_POINT('',(-7.965,2.4,1.525));
#8800=VECTOR('',#10043,1.0);
#8801=CARTESIAN_POINT('',(-7.965,1.7,0.975000000000002));
#8802=CARTESIAN_POINT('',(-7.965,1.7,1.375));
#8803=VECTOR('',#10044,1.0);
#8804=CARTESIAN_POINT('',(-7.965,1.7,0.975000000000002));
#8805=VECTOR('',#10045,1.0);
#8806=CARTESIAN_POINT('',(-8.285,1.7,0.975000000000002));
#8807=CARTESIAN_POINT('',(-8.285,1.7,0.975000000000002));
#8808=VECTOR('',#10046,1.0);
#8809=CARTESIAN_POINT('',(-8.285,1.7,1.375));
#8810=CARTESIAN_POINT('',(-8.285,1.7,1.375));
#8811=VECTOR('',#10047,1.0);
#8812=CARTESIAN_POINT('',(-8.285,2.4,1.525));
#8813=VECTOR('',#10048,1.0);
#8814=CARTESIAN_POINT('',(-7.965,1.7,0.975000000000002));
#8815=VECTOR('',#10049,1.0);
#8816=CARTESIAN_POINT('',(-7.965,1.7,1.375));
#8817=VECTOR('',#10050,1.0);
#8818=CARTESIAN_POINT('',(-7.035,2.7,0.775000000000002));
#8819=CARTESIAN_POINT('',(-7.035,2.7,0.775000000000002));
#8820=VECTOR('',#10051,1.0);
#8821=CARTESIAN_POINT('',(-6.715,2.7,0.775000000000002));
#8822=CARTESIAN_POINT('',(-6.715,2.7,0.775000000000002));
#8823=VECTOR('',#10052,1.0);
#8824=CARTESIAN_POINT('',(-6.715,2.7,0.775000000000002));
#8825=VECTOR('',#10053,1.0);
#8826=CARTESIAN_POINT('',(-6.715,2.4,1.525));
#8827=CARTESIAN_POINT('',(-6.715,4.25,1.525));
#8828=VECTOR('',#10054,1.0);
#8829=CARTESIAN_POINT('',(-7.035,2.4,1.525));
#8830=CARTESIAN_POINT('',(-7.035,4.25,1.525));
#8831=VECTOR('',#10055,1.0);
#8832=CARTESIAN_POINT('',(-6.715,2.4,1.525));
#8833=VECTOR('',#10056,1.0);
#8834=CARTESIAN_POINT('',(-6.715,1.7,1.375));
#8835=CARTESIAN_POINT('',(-6.715,2.4,1.525));
#8836=VECTOR('',#10057,1.0);
#8837=CARTESIAN_POINT('',(-6.715,1.7,0.975000000000002));
#8838=CARTESIAN_POINT('',(-6.715,1.7,1.375));
#8839=VECTOR('',#10058,1.0);
#8840=CARTESIAN_POINT('',(-6.715,1.7,0.975000000000002));
#8841=VECTOR('',#10059,1.0);
#8842=CARTESIAN_POINT('',(-7.035,1.7,0.975000000000002));
#8843=CARTESIAN_POINT('',(-7.035,1.7,0.975000000000002));
#8844=VECTOR('',#10060,1.0);
#8845=CARTESIAN_POINT('',(-7.035,1.7,1.375));
#8846=CARTESIAN_POINT('',(-7.035,1.7,1.375));
#8847=VECTOR('',#10061,1.0);
#8848=CARTESIAN_POINT('',(-7.035,2.4,1.525));
#8849=VECTOR('',#10062,1.0);
#8850=CARTESIAN_POINT('',(-6.715,1.7,0.975000000000002));
#8851=VECTOR('',#10063,1.0);
#8852=CARTESIAN_POINT('',(-6.715,1.7,1.375));
#8853=VECTOR('',#10064,1.0);
#8854=CARTESIAN_POINT('',(-5.785,2.7,0.775000000000002));
#8855=CARTESIAN_POINT('',(-5.785,2.7,0.775000000000002));
#8856=VECTOR('',#10065,1.0);
#8857=CARTESIAN_POINT('',(-5.465,2.7,0.775000000000002));
#8858=CARTESIAN_POINT('',(-5.465,2.7,0.775000000000002));
#8859=VECTOR('',#10066,1.0);
#8860=CARTESIAN_POINT('',(-5.465,2.7,0.775000000000002));
#8861=VECTOR('',#10067,1.0);
#8862=CARTESIAN_POINT('',(-5.465,2.4,1.525));
#8863=CARTESIAN_POINT('',(-5.465,4.25,1.525));
#8864=VECTOR('',#10068,1.0);
#8865=CARTESIAN_POINT('',(-5.785,2.4,1.525));
#8866=CARTESIAN_POINT('',(-5.785,4.25,1.525));
#8867=VECTOR('',#10069,1.0);
#8868=CARTESIAN_POINT('',(-5.465,2.4,1.525));
#8869=VECTOR('',#10070,1.0);
#8870=CARTESIAN_POINT('',(-5.465,1.7,1.375));
#8871=CARTESIAN_POINT('',(-5.465,2.4,1.525));
#8872=VECTOR('',#10071,1.0);
#8873=CARTESIAN_POINT('',(-5.465,1.7,0.975000000000002));
#8874=CARTESIAN_POINT('',(-5.465,1.7,1.375));
#8875=VECTOR('',#10072,1.0);
#8876=CARTESIAN_POINT('',(-5.465,1.7,0.975000000000002));
#8877=VECTOR('',#10073,1.0);
#8878=CARTESIAN_POINT('',(-5.785,1.7,0.975000000000002));
#8879=CARTESIAN_POINT('',(-5.785,1.7,0.975000000000002));
#8880=VECTOR('',#10074,1.0);
#8881=CARTESIAN_POINT('',(-5.785,1.7,1.375));
#8882=CARTESIAN_POINT('',(-5.785,1.7,1.375));
#8883=VECTOR('',#10075,1.0);
#8884=CARTESIAN_POINT('',(-5.785,2.4,1.525));
#8885=VECTOR('',#10076,1.0);
#8886=CARTESIAN_POINT('',(-5.465,1.7,0.975000000000002));
#8887=VECTOR('',#10077,1.0);
#8888=CARTESIAN_POINT('',(-5.465,1.7,1.375));
#8889=VECTOR('',#10078,1.0);
#8890=CARTESIAN_POINT('',(-4.535,2.7,0.775000000000002));
#8891=CARTESIAN_POINT('',(-4.535,2.7,0.775000000000002));
#8892=VECTOR('',#10079,1.0);
#8893=CARTESIAN_POINT('',(-4.215,2.7,0.775000000000002));
#8894=CARTESIAN_POINT('',(-4.215,2.7,0.775000000000002));
#8895=VECTOR('',#10080,1.0);
#8896=CARTESIAN_POINT('',(-4.215,2.7,0.775000000000002));
#8897=VECTOR('',#10081,1.0);
#8898=CARTESIAN_POINT('',(-4.215,2.4,1.525));
#8899=CARTESIAN_POINT('',(-4.215,4.25,1.525));
#8900=VECTOR('',#10082,1.0);
#8901=CARTESIAN_POINT('',(-4.535,2.4,1.525));
#8902=CARTESIAN_POINT('',(-4.535,4.25,1.525));
#8903=VECTOR('',#10083,1.0);
#8904=CARTESIAN_POINT('',(-4.215,2.4,1.525));
#8905=VECTOR('',#10084,1.0);
#8906=CARTESIAN_POINT('',(-4.215,1.7,1.375));
#8907=CARTESIAN_POINT('',(-4.215,2.4,1.525));
#8908=VECTOR('',#10085,1.0);
#8909=CARTESIAN_POINT('',(-4.215,1.7,0.975000000000002));
#8910=CARTESIAN_POINT('',(-4.215,1.7,1.375));
#8911=VECTOR('',#10086,1.0);
#8912=CARTESIAN_POINT('',(-4.215,1.7,0.975000000000002));
#8913=VECTOR('',#10087,1.0);
#8914=CARTESIAN_POINT('',(-4.535,1.7,0.975000000000002));
#8915=CARTESIAN_POINT('',(-4.535,1.7,0.975000000000002));
#8916=VECTOR('',#10088,1.0);
#8917=CARTESIAN_POINT('',(-4.535,1.7,1.375));
#8918=CARTESIAN_POINT('',(-4.535,1.7,1.375));
#8919=VECTOR('',#10089,1.0);
#8920=CARTESIAN_POINT('',(-4.535,2.4,1.525));
#8921=VECTOR('',#10090,1.0);
#8922=CARTESIAN_POINT('',(-4.215,1.7,0.975000000000002));
#8923=VECTOR('',#10091,1.0);
#8924=CARTESIAN_POINT('',(-4.215,1.7,1.375));
#8925=VECTOR('',#10092,1.0);
#8926=CARTESIAN_POINT('',(-3.285,2.7,0.775000000000002));
#8927=CARTESIAN_POINT('',(-3.285,2.7,0.775000000000002));
#8928=VECTOR('',#10093,1.0);
#8929=CARTESIAN_POINT('',(-2.965,2.7,0.775000000000002));
#8930=CARTESIAN_POINT('',(-2.965,2.7,0.775000000000002));
#8931=VECTOR('',#10094,1.0);
#8932=CARTESIAN_POINT('',(-2.965,2.7,0.775000000000002));
#8933=VECTOR('',#10095,1.0);
#8934=CARTESIAN_POINT('',(-2.965,2.4,1.525));
#8935=CARTESIAN_POINT('',(-2.965,4.25,1.525));
#8936=VECTOR('',#10096,1.0);
#8937=CARTESIAN_POINT('',(-3.285,2.4,1.525));
#8938=CARTESIAN_POINT('',(-3.285,4.25,1.525));
#8939=VECTOR('',#10097,1.0);
#8940=CARTESIAN_POINT('',(-2.965,2.4,1.525));
#8941=VECTOR('',#10098,1.0);
#8942=CARTESIAN_POINT('',(-2.965,1.7,1.375));
#8943=CARTESIAN_POINT('',(-2.965,2.4,1.525));
#8944=VECTOR('',#10099,1.0);
#8945=CARTESIAN_POINT('',(-2.965,1.7,0.975000000000002));
#8946=CARTESIAN_POINT('',(-2.965,1.7,1.375));
#8947=VECTOR('',#10100,1.0);
#8948=CARTESIAN_POINT('',(-2.965,1.7,0.975000000000002));
#8949=VECTOR('',#10101,1.0);
#8950=CARTESIAN_POINT('',(-3.285,1.7,0.975000000000002));
#8951=CARTESIAN_POINT('',(-3.285,1.7,0.975000000000002));
#8952=VECTOR('',#10102,1.0);
#8953=CARTESIAN_POINT('',(-3.285,1.7,1.375));
#8954=CARTESIAN_POINT('',(-3.285,1.7,1.375));
#8955=VECTOR('',#10103,1.0);
#8956=CARTESIAN_POINT('',(-3.285,2.4,1.525));
#8957=VECTOR('',#10104,1.0);
#8958=CARTESIAN_POINT('',(-2.965,1.7,0.975000000000002));
#8959=VECTOR('',#10105,1.0);
#8960=CARTESIAN_POINT('',(-2.965,1.7,1.375));
#8961=VECTOR('',#10106,1.0);
#8962=CARTESIAN_POINT('',(-2.035,2.7,0.775000000000002));
#8963=CARTESIAN_POINT('',(-2.035,2.7,0.775000000000002));
#8964=VECTOR('',#10107,1.0);
#8965=CARTESIAN_POINT('',(-1.715,2.7,0.775000000000002));
#8966=CARTESIAN_POINT('',(-1.715,2.7,0.775000000000002));
#8967=VECTOR('',#10108,1.0);
#8968=CARTESIAN_POINT('',(-1.715,2.7,0.775000000000002));
#8969=VECTOR('',#10109,1.0);
#8970=CARTESIAN_POINT('',(-1.715,2.4,1.525));
#8971=CARTESIAN_POINT('',(-1.715,4.25,1.525));
#8972=VECTOR('',#10110,1.0);
#8973=CARTESIAN_POINT('',(-2.035,2.4,1.525));
#8974=CARTESIAN_POINT('',(-2.035,4.25,1.525));
#8975=VECTOR('',#10111,1.0);
#8976=CARTESIAN_POINT('',(-1.715,2.4,1.525));
#8977=VECTOR('',#10112,1.0);
#8978=CARTESIAN_POINT('',(-1.715,1.7,1.375));
#8979=CARTESIAN_POINT('',(-1.715,2.4,1.525));
#8980=VECTOR('',#10113,1.0);
#8981=CARTESIAN_POINT('',(-1.715,1.7,0.975000000000002));
#8982=CARTESIAN_POINT('',(-1.715,1.7,1.375));
#8983=VECTOR('',#10114,1.0);
#8984=CARTESIAN_POINT('',(-1.715,1.7,0.975000000000002));
#8985=VECTOR('',#10115,1.0);
#8986=CARTESIAN_POINT('',(-2.035,1.7,0.975000000000002));
#8987=CARTESIAN_POINT('',(-2.035,1.7,0.975000000000002));
#8988=VECTOR('',#10116,1.0);
#8989=CARTESIAN_POINT('',(-2.035,1.7,1.375));
#8990=CARTESIAN_POINT('',(-2.035,1.7,1.375));
#8991=VECTOR('',#10117,1.0);
#8992=CARTESIAN_POINT('',(-2.035,2.4,1.525));
#8993=VECTOR('',#10118,1.0);
#8994=CARTESIAN_POINT('',(-1.715,1.7,0.975000000000002));
#8995=VECTOR('',#10119,1.0);
#8996=CARTESIAN_POINT('',(-1.715,1.7,1.375));
#8997=VECTOR('',#10120,1.0);
#8998=CARTESIAN_POINT('',(-0.785000000000001,2.7,0.775000000000002));
#8999=CARTESIAN_POINT('',(-0.785000000000001,2.7,0.775000000000002));
#9000=VECTOR('',#10121,1.0);
#9001=CARTESIAN_POINT('',(-0.465,2.7,0.775000000000002));
#9002=CARTESIAN_POINT('',(-0.465,2.7,0.775000000000002));
#9003=VECTOR('',#10122,1.0);
#9004=CARTESIAN_POINT('',(-0.465,2.7,0.775000000000002));
#9005=VECTOR('',#10123,1.0);
#9006=CARTESIAN_POINT('',(-0.465,2.4,1.525));
#9007=CARTESIAN_POINT('',(-0.465,4.25,1.525));
#9008=VECTOR('',#10124,1.0);
#9009=CARTESIAN_POINT('',(-0.785000000000001,2.4,1.525));
#9010=CARTESIAN_POINT('',(-0.785000000000001,4.25,1.525));
#9011=VECTOR('',#10125,1.0);
#9012=CARTESIAN_POINT('',(-0.465,2.4,1.525));
#9013=VECTOR('',#10126,1.0);
#9014=CARTESIAN_POINT('',(-0.465,1.7,1.375));
#9015=CARTESIAN_POINT('',(-0.465,2.4,1.525));
#9016=VECTOR('',#10127,1.0);
#9017=CARTESIAN_POINT('',(-0.465,1.7,0.975000000000002));
#9018=CARTESIAN_POINT('',(-0.465,1.7,1.375));
#9019=VECTOR('',#10128,1.0);
#9020=CARTESIAN_POINT('',(-0.465,1.7,0.975000000000002));
#9021=VECTOR('',#10129,1.0);
#9022=CARTESIAN_POINT('',(-0.785000000000001,1.7,0.975000000000002));
#9023=CARTESIAN_POINT('',(-0.785000000000001,1.7,0.975000000000002));
#9024=VECTOR('',#10130,1.0);
#9025=CARTESIAN_POINT('',(-0.785000000000001,1.7,1.375));
#9026=CARTESIAN_POINT('',(-0.785000000000001,1.7,1.375));
#9027=VECTOR('',#10131,1.0);
#9028=CARTESIAN_POINT('',(-0.785000000000001,2.4,1.525));
#9029=VECTOR('',#10132,1.0);
#9030=CARTESIAN_POINT('',(-0.465,1.7,0.975000000000002));
#9031=VECTOR('',#10133,1.0);
#9032=CARTESIAN_POINT('',(-0.465,1.7,1.375));
#9033=VECTOR('',#10134,1.0);
#9034=CARTESIAN_POINT('',(0.465,2.7,0.775000000000002));
#9035=CARTESIAN_POINT('',(0.465,2.7,0.775000000000002));
#9036=VECTOR('',#10135,1.0);
#9037=CARTESIAN_POINT('',(0.785000000000001,2.7,0.775000000000002));
#9038=CARTESIAN_POINT('',(0.785000000000001,2.7,0.775000000000002));
#9039=VECTOR('',#10136,1.0);
#9040=CARTESIAN_POINT('',(0.785000000000001,2.7,0.775000000000002));
#9041=VECTOR('',#10137,1.0);
#9042=CARTESIAN_POINT('',(0.785000000000001,2.4,1.525));
#9043=CARTESIAN_POINT('',(0.785000000000001,4.25,1.525));
#9044=VECTOR('',#10138,1.0);
#9045=CARTESIAN_POINT('',(0.465,2.4,1.525));
#9046=CARTESIAN_POINT('',(0.465,4.25,1.525));
#9047=VECTOR('',#10139,1.0);
#9048=CARTESIAN_POINT('',(0.785000000000001,2.4,1.525));
#9049=VECTOR('',#10140,1.0);
#9050=CARTESIAN_POINT('',(0.785000000000001,1.7,1.375));
#9051=CARTESIAN_POINT('',(0.785000000000001,2.4,1.525));
#9052=VECTOR('',#10141,1.0);
#9053=CARTESIAN_POINT('',(0.785000000000001,1.7,0.975000000000002));
#9054=CARTESIAN_POINT('',(0.785000000000001,1.7,1.375));
#9055=VECTOR('',#10142,1.0);
#9056=CARTESIAN_POINT('',(0.785000000000001,1.7,0.975000000000002));
#9057=VECTOR('',#10143,1.0);
#9058=CARTESIAN_POINT('',(0.465,1.7,0.975000000000002));
#9059=CARTESIAN_POINT('',(0.465,1.7,0.975000000000002));
#9060=VECTOR('',#10144,1.0);
#9061=CARTESIAN_POINT('',(0.465,1.7,1.375));
#9062=CARTESIAN_POINT('',(0.465,1.7,1.375));
#9063=VECTOR('',#10145,1.0);
#9064=CARTESIAN_POINT('',(0.465,2.4,1.525));
#9065=VECTOR('',#10146,1.0);
#9066=CARTESIAN_POINT('',(0.785000000000001,1.7,0.975000000000002));
#9067=VECTOR('',#10147,1.0);
#9068=CARTESIAN_POINT('',(0.785000000000001,1.7,1.375));
#9069=VECTOR('',#10148,1.0);
#9070=CARTESIAN_POINT('',(1.715,2.7,0.775000000000002));
#9071=CARTESIAN_POINT('',(1.715,2.7,0.775000000000002));
#9072=VECTOR('',#10149,1.0);
#9073=CARTESIAN_POINT('',(2.035,2.7,0.775000000000002));
#9074=CARTESIAN_POINT('',(2.035,2.7,0.775000000000002));
#9075=VECTOR('',#10150,1.0);
#9076=CARTESIAN_POINT('',(2.035,2.7,0.775000000000002));
#9077=VECTOR('',#10151,1.0);
#9078=CARTESIAN_POINT('',(2.035,2.4,1.525));
#9079=CARTESIAN_POINT('',(2.035,4.25,1.525));
#9080=VECTOR('',#10152,1.0);
#9081=CARTESIAN_POINT('',(1.715,2.4,1.525));
#9082=CARTESIAN_POINT('',(1.715,4.25,1.525));
#9083=VECTOR('',#10153,1.0);
#9084=CARTESIAN_POINT('',(2.035,2.4,1.525));
#9085=VECTOR('',#10154,1.0);
#9086=CARTESIAN_POINT('',(2.035,1.7,1.375));
#9087=CARTESIAN_POINT('',(2.035,2.4,1.525));
#9088=VECTOR('',#10155,1.0);
#9089=CARTESIAN_POINT('',(2.035,1.7,0.975000000000002));
#9090=CARTESIAN_POINT('',(2.035,1.7,1.375));
#9091=VECTOR('',#10156,1.0);
#9092=CARTESIAN_POINT('',(2.035,1.7,0.975000000000002));
#9093=VECTOR('',#10157,1.0);
#9094=CARTESIAN_POINT('',(1.715,1.7,0.975000000000002));
#9095=CARTESIAN_POINT('',(1.715,1.7,0.975000000000002));
#9096=VECTOR('',#10158,1.0);
#9097=CARTESIAN_POINT('',(1.715,1.7,1.375));
#9098=CARTESIAN_POINT('',(1.715,1.7,1.375));
#9099=VECTOR('',#10159,1.0);
#9100=CARTESIAN_POINT('',(1.715,2.4,1.525));
#9101=VECTOR('',#10160,1.0);
#9102=CARTESIAN_POINT('',(2.035,1.7,0.975000000000002));
#9103=VECTOR('',#10161,1.0);
#9104=CARTESIAN_POINT('',(2.035,1.7,1.375));
#9105=VECTOR('',#10162,1.0);
#9106=CARTESIAN_POINT('',(2.965,2.7,0.775000000000002));
#9107=CARTESIAN_POINT('',(2.965,2.7,0.775000000000002));
#9108=VECTOR('',#10163,1.0);
#9109=CARTESIAN_POINT('',(3.285,2.7,0.775000000000002));
#9110=CARTESIAN_POINT('',(3.285,2.7,0.775000000000002));
#9111=VECTOR('',#10164,1.0);
#9112=CARTESIAN_POINT('',(3.285,2.7,0.775000000000002));
#9113=VECTOR('',#10165,1.0);
#9114=CARTESIAN_POINT('',(3.285,2.4,1.525));
#9115=CARTESIAN_POINT('',(3.285,4.25,1.525));
#9116=VECTOR('',#10166,1.0);
#9117=CARTESIAN_POINT('',(2.965,2.4,1.525));
#9118=CARTESIAN_POINT('',(2.965,4.25,1.525));
#9119=VECTOR('',#10167,1.0);
#9120=CARTESIAN_POINT('',(3.285,2.4,1.525));
#9121=VECTOR('',#10168,1.0);
#9122=CARTESIAN_POINT('',(3.285,1.7,1.375));
#9123=CARTESIAN_POINT('',(3.285,2.4,1.525));
#9124=VECTOR('',#10169,1.0);
#9125=CARTESIAN_POINT('',(3.285,1.7,0.975000000000002));
#9126=CARTESIAN_POINT('',(3.285,1.7,1.375));
#9127=VECTOR('',#10170,1.0);
#9128=CARTESIAN_POINT('',(3.285,1.7,0.975000000000002));
#9129=VECTOR('',#10171,1.0);
#9130=CARTESIAN_POINT('',(2.965,1.7,0.975000000000002));
#9131=CARTESIAN_POINT('',(2.965,1.7,0.975000000000002));
#9132=VECTOR('',#10172,1.0);
#9133=CARTESIAN_POINT('',(2.965,1.7,1.375));
#9134=CARTESIAN_POINT('',(2.965,1.7,1.375));
#9135=VECTOR('',#10173,1.0);
#9136=CARTESIAN_POINT('',(2.965,2.4,1.525));
#9137=VECTOR('',#10174,1.0);
#9138=CARTESIAN_POINT('',(3.285,1.7,0.975000000000002));
#9139=VECTOR('',#10175,1.0);
#9140=CARTESIAN_POINT('',(3.285,1.7,1.375));
#9141=VECTOR('',#10176,1.0);
#9142=CARTESIAN_POINT('',(4.215,2.7,0.775000000000002));
#9143=CARTESIAN_POINT('',(4.215,2.7,0.775000000000002));
#9144=VECTOR('',#10177,1.0);
#9145=CARTESIAN_POINT('',(4.535,2.7,0.775000000000002));
#9146=CARTESIAN_POINT('',(4.535,2.7,0.775000000000002));
#9147=VECTOR('',#10178,1.0);
#9148=CARTESIAN_POINT('',(4.535,2.7,0.775000000000002));
#9149=VECTOR('',#10179,1.0);
#9150=CARTESIAN_POINT('',(4.535,2.4,1.525));
#9151=CARTESIAN_POINT('',(4.535,4.25,1.525));
#9152=VECTOR('',#10180,1.0);
#9153=CARTESIAN_POINT('',(4.215,2.4,1.525));
#9154=CARTESIAN_POINT('',(4.215,4.25,1.525));
#9155=VECTOR('',#10181,1.0);
#9156=CARTESIAN_POINT('',(4.535,2.4,1.525));
#9157=VECTOR('',#10182,1.0);
#9158=CARTESIAN_POINT('',(4.535,1.7,1.375));
#9159=CARTESIAN_POINT('',(4.535,2.4,1.525));
#9160=VECTOR('',#10183,1.0);
#9161=CARTESIAN_POINT('',(4.535,1.7,0.975000000000002));
#9162=CARTESIAN_POINT('',(4.535,1.7,1.375));
#9163=VECTOR('',#10184,1.0);
#9164=CARTESIAN_POINT('',(4.535,1.7,0.975000000000002));
#9165=VECTOR('',#10185,1.0);
#9166=CARTESIAN_POINT('',(4.215,1.7,0.975000000000002));
#9167=CARTESIAN_POINT('',(4.215,1.7,0.975000000000002));
#9168=VECTOR('',#10186,1.0);
#9169=CARTESIAN_POINT('',(4.215,1.7,1.375));
#9170=CARTESIAN_POINT('',(4.215,1.7,1.375));
#9171=VECTOR('',#10187,1.0);
#9172=CARTESIAN_POINT('',(4.215,2.4,1.525));
#9173=VECTOR('',#10188,1.0);
#9174=CARTESIAN_POINT('',(4.535,1.7,0.975000000000002));
#9175=VECTOR('',#10189,1.0);
#9176=CARTESIAN_POINT('',(4.535,1.7,1.375));
#9177=VECTOR('',#10190,1.0);
#9178=CARTESIAN_POINT('',(5.465,2.7,0.775000000000002));
#9179=CARTESIAN_POINT('',(5.465,2.7,0.775000000000002));
#9180=VECTOR('',#10191,1.0);
#9181=CARTESIAN_POINT('',(5.785,2.7,0.775000000000002));
#9182=CARTESIAN_POINT('',(5.785,2.7,0.775000000000002));
#9183=VECTOR('',#10192,1.0);
#9184=CARTESIAN_POINT('',(5.785,2.7,0.775000000000002));
#9185=VECTOR('',#10193,1.0);
#9186=CARTESIAN_POINT('',(5.785,2.4,1.525));
#9187=CARTESIAN_POINT('',(5.785,4.25,1.525));
#9188=VECTOR('',#10194,1.0);
#9189=CARTESIAN_POINT('',(5.465,2.4,1.525));
#9190=CARTESIAN_POINT('',(5.465,4.25,1.525));
#9191=VECTOR('',#10195,1.0);
#9192=CARTESIAN_POINT('',(5.785,2.4,1.525));
#9193=VECTOR('',#10196,1.0);
#9194=CARTESIAN_POINT('',(5.785,1.7,1.375));
#9195=CARTESIAN_POINT('',(5.785,2.4,1.525));
#9196=VECTOR('',#10197,1.0);
#9197=CARTESIAN_POINT('',(5.785,1.7,0.975000000000002));
#9198=CARTESIAN_POINT('',(5.785,1.7,1.375));
#9199=VECTOR('',#10198,1.0);
#9200=CARTESIAN_POINT('',(5.785,1.7,0.975000000000002));
#9201=VECTOR('',#10199,1.0);
#9202=CARTESIAN_POINT('',(5.465,1.7,0.975000000000002));
#9203=CARTESIAN_POINT('',(5.465,1.7,0.975000000000002));
#9204=VECTOR('',#10200,1.0);
#9205=CARTESIAN_POINT('',(5.465,1.7,1.375));
#9206=CARTESIAN_POINT('',(5.465,1.7,1.375));
#9207=VECTOR('',#10201,1.0);
#9208=CARTESIAN_POINT('',(5.465,2.4,1.525));
#9209=VECTOR('',#10202,1.0);
#9210=CARTESIAN_POINT('',(5.785,1.7,0.975000000000002));
#9211=VECTOR('',#10203,1.0);
#9212=CARTESIAN_POINT('',(5.785,1.7,1.375));
#9213=VECTOR('',#10204,1.0);
#9214=CARTESIAN_POINT('',(6.715,2.7,0.775000000000002));
#9215=CARTESIAN_POINT('',(6.715,2.7,0.775000000000002));
#9216=VECTOR('',#10205,1.0);
#9217=CARTESIAN_POINT('',(7.035,2.7,0.775000000000002));
#9218=CARTESIAN_POINT('',(7.035,2.7,0.775000000000002));
#9219=VECTOR('',#10206,1.0);
#9220=CARTESIAN_POINT('',(7.035,2.7,0.775000000000002));
#9221=VECTOR('',#10207,1.0);
#9222=CARTESIAN_POINT('',(7.035,2.4,1.525));
#9223=CARTESIAN_POINT('',(7.035,4.25,1.525));
#9224=VECTOR('',#10208,1.0);
#9225=CARTESIAN_POINT('',(6.715,2.4,1.525));
#9226=CARTESIAN_POINT('',(6.715,4.25,1.525));
#9227=VECTOR('',#10209,1.0);
#9228=CARTESIAN_POINT('',(7.035,2.4,1.525));
#9229=VECTOR('',#10210,1.0);
#9230=CARTESIAN_POINT('',(7.035,1.7,1.375));
#9231=CARTESIAN_POINT('',(7.035,2.4,1.525));
#9232=VECTOR('',#10211,1.0);
#9233=CARTESIAN_POINT('',(7.035,1.7,0.975000000000002));
#9234=CARTESIAN_POINT('',(7.035,1.7,1.375));
#9235=VECTOR('',#10212,1.0);
#9236=CARTESIAN_POINT('',(7.035,1.7,0.975000000000002));
#9237=VECTOR('',#10213,1.0);
#9238=CARTESIAN_POINT('',(6.715,1.7,0.975000000000002));
#9239=CARTESIAN_POINT('',(6.715,1.7,0.975000000000002));
#9240=VECTOR('',#10214,1.0);
#9241=CARTESIAN_POINT('',(6.715,1.7,1.375));
#9242=CARTESIAN_POINT('',(6.715,1.7,1.375));
#9243=VECTOR('',#10215,1.0);
#9244=CARTESIAN_POINT('',(6.715,2.4,1.525));
#9245=VECTOR('',#10216,1.0);
#9246=CARTESIAN_POINT('',(7.035,1.7,0.975000000000002));
#9247=VECTOR('',#10217,1.0);
#9248=CARTESIAN_POINT('',(7.035,1.7,1.375));
#9249=VECTOR('',#10218,1.0);
#9250=CARTESIAN_POINT('',(10.825,3.6,0.3));
#9251=CARTESIAN_POINT('',(10.825,2.75,0.3));
#9252=VECTOR('',#10219,1.0);
#9253=CARTESIAN_POINT('',(9.625,3.6,0.3));
#9254=VECTOR('',#10220,1.0);
#9255=CARTESIAN_POINT('',(10.825,3.6,2.5));
#9256=CARTESIAN_POINT('',(10.825,2.75,2.5));
#9257=VECTOR('',#10221,1.0);
#9258=CARTESIAN_POINT('',(10.825,3.6,0.3));
#9259=VECTOR('',#10222,1.0);
#9260=CARTESIAN_POINT('',(10.825,3.6,2.5));
#9261=VECTOR('',#10223,1.0);
#9262=CARTESIAN_POINT('',(-10.825,3.6,0.3));
#9263=CARTESIAN_POINT('',(-10.825,2.75,0.3));
#9264=VECTOR('',#10224,1.0);
#9265=CARTESIAN_POINT('',(-10.825,3.6,2.5));
#9266=CARTESIAN_POINT('',(-10.825,3.6,2.5));
#9267=VECTOR('',#10225,1.0);
#9268=CARTESIAN_POINT('',(-10.825,2.75,2.5));
#9269=VECTOR('',#10226,1.0);
#9270=CARTESIAN_POINT('',(-10.825,3.6,0.3));
#9271=VECTOR('',#10227,1.0);
#9272=CARTESIAN_POINT('',(-9.625,3.6,2.5));
#9273=VECTOR('',#10228,1.0);
#9274=DIRECTION('',(-0.0,1.0,-0.0));
#9275=CARTESIAN_POINT('',(9.125,1.13333333333333,1.12499999999999));
#9276=DIRECTION('',(0.554700196225227,0.832050294337845,0.0));
#9277=DIRECTION('',(-0.832050294337845,0.554700196225227,0.0));
#9278=DIRECTION('',(0.0,1.0,0.0));
#9279=CARTESIAN_POINT('',(9.125,3.95,1.12499999999999));
#9280=DIRECTION('',(0.0,-1.0,0.0));
#9281=DIRECTION('',(-1.0,0.0,0.0));
#9282=DIRECTION('',(0.0,-1.0,0.0));
#9283=CARTESIAN_POINT('',(9.125,3.95,2.07499999999999));
#9284=DIRECTION('',(0.0,-1.0,0.0));
#9285=DIRECTION('',(-1.0,0.0,0.0));
#9286=DIRECTION('',(0.0,1.0,0.0));
#9287=CARTESIAN_POINT('',(9.125,1.13333333333333,2.07499999999999));
#9288=DIRECTION('',(0.554700196225227,0.832050294337845,0.0));
#9289=DIRECTION('',(-0.832050294337845,0.554700196225227,0.0));
#9290=DIRECTION('',(0.0,-1.0,0.0));
#9291=CARTESIAN_POINT('',(-9.125,3.95,2.07499999999999));
#9292=DIRECTION('',(0.0,-1.0,0.0));
#9293=DIRECTION('',(1.0,0.0,0.0));
#9294=DIRECTION('',(0.0,1.0,0.0));
#9295=CARTESIAN_POINT('',(-9.125,1.13333333333334,2.07499999999999));
#9296=DIRECTION('',(-0.554700196225225,0.832050294337847,0.0));
#9297=DIRECTION('',(0.832050294337847,0.554700196225225,0.0));
#9298=DIRECTION('',(-0.0,1.0,-0.0));
#9299=CARTESIAN_POINT('',(-9.125,1.13333333333334,1.12499999999999));
#9300=DIRECTION('',(-0.554700196225225,0.832050294337847,0.0));
#9301=DIRECTION('',(0.832050294337847,0.554700196225225,0.0));
#9302=DIRECTION('',(0.0,1.0,0.0));
#9303=CARTESIAN_POINT('',(-9.125,3.95,1.12499999999999));
#9304=DIRECTION('',(0.0,-1.0,0.0));
#9305=DIRECTION('',(1.0,0.0,0.0));
#9306=DIRECTION('',(0.0,0.0,-1.0));
#9307=DIRECTION('',(-0.70710678118655,0.707106781186545,-1.59718064237852E-16));
#9308=DIRECTION('',(0.0,0.0,-1.0));
#9309=DIRECTION('',(-0.70710678118655,0.707106781186545,0.0));
#9310=DIRECTION('',(0.0,0.0,-1.0));
#9311=DIRECTION('',(0.70710678118655,-0.707106781186545,0.0));
#9312=DIRECTION('',(0.0,0.0,-1.0));
#9313=DIRECTION('',(-0.70710678118655,0.707106781186545,0.0));
#9314=DIRECTION('',(-1.0,0.0,-2.25875452601147E-16));
#9315=DIRECTION('',(-7.88510670898549E-16,0.0,1.0));
#9316=DIRECTION('',(1.0,0.0,0.0));
#9317=DIRECTION('',(-1.0,0.0,0.0));
#9318=DIRECTION('',(0.0,0.0,-1.0));
#9319=DIRECTION('',(-1.0,0.0,0.0));
#9320=DIRECTION('',(0.0,0.0,-1.0));
#9321=DIRECTION('',(-1.0,0.0,9.0350181040459E-17));
#9322=DIRECTION('',(0.0,0.0,-1.0));
#9323=DIRECTION('',(-1.0,0.0,0.0));
#9324=DIRECTION('',(0.0,0.0,-1.0));
#9325=DIRECTION('',(-1.0,0.0,0.0));
#9326=DIRECTION('',(0.0,0.0,-1.0));
#9327=DIRECTION('',(1.0,0.0,0.0));
#9328=DIRECTION('',(-0.707106781186545,-0.70710678118655,6.38872256951406E-17));
#9329=DIRECTION('',(0.0,0.0,-1.0));
#9330=DIRECTION('',(-0.707106781186545,-0.70710678118655,0.0));
#9331=DIRECTION('',(0.0,0.0,-1.0));
#9332=DIRECTION('',(0.707106781186545,0.70710678118655,0.0));
#9333=DIRECTION('',(-0.707106781186545,-0.70710678118655,0.0));
#9334=DIRECTION('',(0.0,0.0,-1.0));
#9335=DIRECTION('',(-1.0,0.0,0.0));
#9336=DIRECTION('',(0.0,0.0,1.0));
#9337=DIRECTION('',(0.0,0.0,-1.0));
#9338=DIRECTION('',(0.0,0.0,1.0));
#9339=DIRECTION('',(1.0,0.0,-7.2280144832367E-16));
#9340=DIRECTION('',(0.0,0.0,-1.0));
#9341=DIRECTION('',(-1.0,0.0,0.0));
#9342=DIRECTION('',(0.0,0.707106781186545,0.70710678118655));
#9343=DIRECTION('',(1.0,0.0,0.0));
#9344=DIRECTION('',(0.727606875109002,0.485071250072662,0.485071250072665));
#9345=DIRECTION('',(1.0,0.0,0.0));
#9346=DIRECTION('',(0.0,-0.707106781186545,-0.70710678118655));
#9347=DIRECTION('',(-1.0,0.0,0.0));
#9348=DIRECTION('',(0.0,-0.707106781186545,-0.70710678118655));
#9349=DIRECTION('',(0.0,-1.0,0.0));
#9350=DIRECTION('',(0.0,0.0,-1.0));
#9351=DIRECTION('',(0.0,1.0,0.0));
#9352=DIRECTION('',(0.0,0.0,-1.0));
#9353=DIRECTION('',(0.0,0.0,-1.0));
#9354=DIRECTION('',(0.0,-1.0,0.0));
#9355=DIRECTION('',(0.0,0.0,1.0));
#9356=DIRECTION('',(0.0,1.0,0.0));
#9357=DIRECTION('',(-1.0,0.0,0.0));
#9358=DIRECTION('',(0.0,-1.0,-1.10257848049373E-16));
#9359=DIRECTION('',(0.0,-1.0,-1.10257848049373E-16));
#9360=DIRECTION('',(1.0,0.0,0.0));
#9361=DIRECTION('',(0.0,-1.0,-1.10257848049373E-16));
#9362=DIRECTION('',(-1.0,3.94255335449276E-16,4.3469744868621E-32));
#9363=DIRECTION('',(0.0,1.0,1.10257848049373E-16));
#9364=DIRECTION('',(1.0,0.0,0.0));
#9365=DIRECTION('',(0.0,1.0,1.10257848049373E-16));
#9366=DIRECTION('',(1.0,0.0,0.0));
#9367=DIRECTION('',(0.0,1.0,0.0));
#9368=DIRECTION('',(-1.0,0.0,0.0));
#9369=DIRECTION('',(0.0,1.0,0.0));
#9370=DIRECTION('',(0.0,1.0,1.10257848049373E-16));
#9371=DIRECTION('',(-1.0,0.0,0.0));
#9372=DIRECTION('',(0.0,1.0,1.10257848049373E-16));
#9373=DIRECTION('',(1.0,3.94255335449276E-16,4.3469744868621E-32));
#9374=DIRECTION('',(0.0,-1.0,-1.10257848049373E-16));
#9375=DIRECTION('',(0.0,0.0,-1.0));
#9376=DIRECTION('',(-1.0,0.0,0.0));
#9377=DIRECTION('',(0.0,0.0,-1.0));
#9378=DIRECTION('',(-1.0,0.0,0.0));
#9379=DIRECTION('',(0.0,1.0,0.0));
#9380=DIRECTION('',(1.0,-3.36839509898406E-15,0.0));
#9381=CARTESIAN_POINT('',(-10.295,5.25000000000001,0.0));
#9382=DIRECTION('',(0.0,0.0,1.0));
#9383=DIRECTION('',(1.0,0.0,0.0));
#9384=DIRECTION('',(-1.0,0.0,0.0));
#9385=DIRECTION('',(-1.0,0.0,-1.72254642419882E-16));
#9386=DIRECTION('',(0.0,-1.0,0.0));
#9387=DIRECTION('',(-1.0,0.0,0.0));
#9388=DIRECTION('',(0.0,-1.0,0.0));
#9389=DIRECTION('',(-1.0,0.0,1.66131408424146E-16));
#9390=DIRECTION('',(-1.0,0.0,0.0));
#9391=CARTESIAN_POINT('',(10.295,5.25,0.0));
#9392=DIRECTION('',(0.0,0.0,1.0));
#9393=DIRECTION('',(-1.0,0.0,0.0));
#9394=DIRECTION('',(1.0,0.0,0.0));
#9395=DIRECTION('',(6.93889390390722E-15,-1.0,0.0));
#9396=DIRECTION('',(-1.0,0.0,0.0));
#9397=CARTESIAN_POINT('',(10.295,5.25,7.53816201379013E-15));
#9398=DIRECTION('',(5.98180508957517E-16,2.62836890299516E-16,-1.0));
#9399=DIRECTION('',(-1.0,0.0,-5.98180508957517E-16));
#9400=DIRECTION('',(-1.0,0.0,0.0));
#9401=DIRECTION('',(0.707106781186547,-0.707106781186548,0.0));
#9402=DIRECTION('',(0.0,-1.0,0.0));
#9403=DIRECTION('',(0.0,1.0,0.0));
#9404=DIRECTION('',(-1.0,0.0,0.0));
#9405=DIRECTION('',(0.0,-1.0,0.0));
#9406=DIRECTION('',(-1.0,0.0,0.0));
#9407=DIRECTION('',(0.0,-1.0,0.0));
#9408=DIRECTION('',(1.0,-3.94255335449276E-16,0.0));
#9409=DIRECTION('',(0.0,1.0,0.0));
#9410=DIRECTION('',(-1.0,0.0,0.0));
#9411=DIRECTION('',(0.0,1.0,0.0));
#9412=DIRECTION('',(0.0,1.0,0.0));
#9413=DIRECTION('',(1.0,0.0,0.0));
#9414=DIRECTION('',(0.0,1.0,0.0));
#9415=DIRECTION('',(-1.0,-3.94255335449276E-16,0.0));
#9416=DIRECTION('',(0.0,-1.0,0.0));
#9417=DIRECTION('',(1.0,0.0,0.0));
#9418=DIRECTION('',(0.0,-1.0,0.0));
#9419=DIRECTION('',(0.0,1.0,0.0));
#9420=DIRECTION('',(0.0,1.0,0.0));
#9421=DIRECTION('',(0.707106781186547,0.707106781186548,0.0));
#9422=DIRECTION('',(-1.0,0.0,0.0));
#9423=CARTESIAN_POINT('',(-10.295,5.25000000000001,0.0));
#9424=DIRECTION('',(0.0,0.0,-1.0));
#9425=DIRECTION('',(1.0,0.0,0.0));
#9426=DIRECTION('',(0.0,0.707106781186545,0.70710678118655));
#9427=DIRECTION('',(-1.0,0.0,0.0));
#9428=DIRECTION('',(-0.727606875109,0.485071250072664,0.485071250072667));
#9429=DIRECTION('',(-1.0,0.0,0.0));
#9430=DIRECTION('',(0.0,0.0,1.0));
#9431=DIRECTION('',(-1.0,0.0,0.0));
#9432=DIRECTION('',(0.0,0.0,1.0));
#9433=DIRECTION('',(-1.0,0.0,0.0));
#9434=DIRECTION('',(0.0,0.0,1.0));
#9435=DIRECTION('',(-1.0,0.0,0.0));
#9436=DIRECTION('',(0.0,0.0,1.0));
#9437=DIRECTION('',(-1.0,0.0,0.0));
#9438=DIRECTION('',(1.0,0.0,0.0));
#9439=DIRECTION('',(0.0,0.0,-1.0));
#9440=DIRECTION('',(0.0,0.0,1.0));
#9441=DIRECTION('',(1.0,0.0,0.0));
#9442=DIRECTION('',(0.0,0.0,-1.0));
#9443=DIRECTION('',(1.0,0.0,-2.168404344971E-16));
#9444=DIRECTION('',(0.0,0.0,1.0));
#9445=DIRECTION('',(0.0,0.0,-1.0));
#9446=DIRECTION('',(1.0,0.0,0.0));
#9447=DIRECTION('',(0.0,0.0,1.0));
#9448=DIRECTION('',(1.0,0.0,0.0));
#9449=DIRECTION('',(0.0,0.0,-1.0));
#9450=DIRECTION('',(0.0,0.0,-1.0));
#9451=DIRECTION('',(1.0,0.0,0.0));
#9452=DIRECTION('',(-1.0,0.0,0.0));
#9453=DIRECTION('',(0.0,0.0,-1.0));
#9454=DIRECTION('',(-1.0,0.0,0.0));
#9455=DIRECTION('',(0.0,0.0,1.0));
#9456=DIRECTION('',(-1.0,0.0,0.0));
#9457=DIRECTION('',(0.0,0.0,1.0));
#9458=DIRECTION('',(-1.0,0.0,0.0));
#9459=DIRECTION('',(0.0,0.0,1.0));
#9460=DIRECTION('',(-1.0,0.0,0.0));
#9461=DIRECTION('',(0.0,0.0,1.0));
#9462=DIRECTION('',(-1.0,0.0,0.0));
#9463=DIRECTION('',(0.0,0.0,1.0));
#9464=DIRECTION('',(-1.0,0.0,0.0));
#9465=DIRECTION('',(0.0,0.0,1.0));
#9466=DIRECTION('',(-1.0,0.0,0.0));
#9467=DIRECTION('',(0.0,0.0,1.0));
#9468=DIRECTION('',(-1.0,0.0,0.0));
#9469=DIRECTION('',(0.0,0.0,1.0));
#9470=DIRECTION('',(-1.0,0.0,0.0));
#9471=DIRECTION('',(0.0,0.0,1.0));
#9472=DIRECTION('',(-1.0,0.0,0.0));
#9473=DIRECTION('',(0.0,0.0,1.0));
#9474=DIRECTION('',(-1.0,0.0,0.0));
#9475=DIRECTION('',(0.0,0.0,1.0));
#9476=DIRECTION('',(-1.0,0.0,0.0));
#9477=DIRECTION('',(0.0,0.0,1.0));
#9478=DIRECTION('',(-1.0,0.0,0.0));
#9479=DIRECTION('',(0.0,0.0,1.0));
#9480=DIRECTION('',(-1.0,0.0,0.0));
#9481=DIRECTION('',(0.0,0.0,1.0));
#9482=DIRECTION('',(-1.0,0.0,0.0));
#9483=DIRECTION('',(0.0,0.0,1.0));
#9484=DIRECTION('',(-1.0,0.0,0.0));
#9485=DIRECTION('',(0.0,0.0,1.0));
#9486=DIRECTION('',(-1.0,0.0,0.0));
#9487=DIRECTION('',(0.0,0.0,1.0));
#9488=DIRECTION('',(-1.0,0.0,0.0));
#9489=DIRECTION('',(0.0,0.0,1.0));
#9490=DIRECTION('',(-1.0,0.0,0.0));
#9491=DIRECTION('',(0.0,0.0,1.0));
#9492=DIRECTION('',(-1.0,0.0,0.0));
#9493=DIRECTION('',(0.0,0.0,1.0));
#9494=DIRECTION('',(-1.0,0.0,0.0));
#9495=DIRECTION('',(0.0,0.0,1.0));
#9496=DIRECTION('',(-1.0,0.0,0.0));
#9497=DIRECTION('',(0.0,0.0,1.0));
#9498=DIRECTION('',(-1.0,0.0,0.0));
#9499=DIRECTION('',(0.0,0.0,1.0));
#9500=DIRECTION('',(-1.0,0.0,0.0));
#9501=DIRECTION('',(0.0,0.0,1.0));
#9502=DIRECTION('',(-1.0,0.0,0.0));
#9503=DIRECTION('',(0.0,0.0,1.0));
#9504=DIRECTION('',(0.0,1.0,0.0));
#9505=DIRECTION('',(0.832050294337845,-0.554700196225227,-1.20281431565106E-15));
#9506=DIRECTION('',(1.0,0.0,-1.44560289664734E-15));
#9507=DIRECTION('',(0.0,1.0,0.0));
#9508=DIRECTION('',(1.0,0.0,0.0));
#9509=DIRECTION('',(-1.0,0.0,0.0));
#9510=DIRECTION('',(0.0,2.62836890299516E-16,-1.0));
#9511=DIRECTION('',(1.0,0.0,0.0));
#9512=DIRECTION('',(0.0,2.62836890299516E-16,-1.0));
#9513=DIRECTION('',(-1.0,0.0,0.0));
#9514=DIRECTION('',(0.0,2.62836890299516E-16,-1.0));
#9515=DIRECTION('',(1.0,0.0,0.0));
#9516=DIRECTION('',(0.0,2.62836890299516E-16,-1.0));
#9517=DIRECTION('',(-1.0,0.0,0.0));
#9518=DIRECTION('',(0.0,2.62836890299516E-16,-1.0));
#9519=DIRECTION('',(1.0,0.0,0.0));
#9520=DIRECTION('',(0.0,2.62836890299516E-16,-1.0));
#9521=DIRECTION('',(-1.0,0.0,0.0));
#9522=DIRECTION('',(0.0,2.62836890299516E-16,-1.0));
#9523=DIRECTION('',(1.0,0.0,0.0));
#9524=DIRECTION('',(0.0,2.62836890299516E-16,-1.0));
#9525=DIRECTION('',(-1.0,0.0,0.0));
#9526=DIRECTION('',(0.0,2.62836890299516E-16,-1.0));
#9527=DIRECTION('',(1.0,0.0,0.0));
#9528=DIRECTION('',(0.0,2.62836890299516E-16,-1.0));
#9529=DIRECTION('',(-1.0,0.0,0.0));
#9530=DIRECTION('',(0.0,2.62836890299516E-16,-1.0));
#9531=DIRECTION('',(1.0,0.0,0.0));
#9532=DIRECTION('',(0.0,2.62836890299516E-16,-1.0));
#9533=DIRECTION('',(-1.0,0.0,0.0));
#9534=DIRECTION('',(0.0,2.62836890299516E-16,-1.0));
#9535=DIRECTION('',(1.0,0.0,0.0));
#9536=DIRECTION('',(0.0,2.62836890299516E-16,-1.0));
#9537=DIRECTION('',(-1.0,0.0,0.0));
#9538=DIRECTION('',(0.0,2.62836890299516E-16,-1.0));
#9539=DIRECTION('',(1.0,0.0,0.0));
#9540=DIRECTION('',(0.0,2.62836890299516E-16,-1.0));
#9541=DIRECTION('',(-1.0,0.0,0.0));
#9542=DIRECTION('',(0.0,2.62836890299516E-16,-1.0));
#9543=DIRECTION('',(1.0,0.0,0.0));
#9544=DIRECTION('',(0.0,2.62836890299516E-16,-1.0));
#9545=DIRECTION('',(-1.0,0.0,0.0));
#9546=DIRECTION('',(0.0,2.62836890299516E-16,-1.0));
#9547=DIRECTION('',(1.0,0.0,0.0));
#9548=DIRECTION('',(0.0,2.62836890299516E-16,-1.0));
#9549=DIRECTION('',(-1.0,0.0,0.0));
#9550=DIRECTION('',(0.0,2.62836890299516E-16,-1.0));
#9551=DIRECTION('',(1.0,0.0,0.0));
#9552=DIRECTION('',(0.0,2.62836890299516E-16,-1.0));
#9553=DIRECTION('',(-1.0,0.0,0.0));
#9554=DIRECTION('',(0.0,2.62836890299516E-16,-1.0));
#9555=DIRECTION('',(1.0,0.0,0.0));
#9556=DIRECTION('',(0.0,2.62836890299516E-16,-1.0));
#9557=DIRECTION('',(-1.0,0.0,0.0));
#9558=DIRECTION('',(0.0,2.62836890299516E-16,-1.0));
#9559=DIRECTION('',(1.0,0.0,0.0));
#9560=DIRECTION('',(0.0,2.62836890299516E-16,-1.0));
#9561=DIRECTION('',(-1.0,0.0,0.0));
#9562=DIRECTION('',(0.0,2.62836890299516E-16,-1.0));
#9563=DIRECTION('',(1.0,0.0,0.0));
#9564=DIRECTION('',(0.0,2.62836890299516E-16,-1.0));
#9565=DIRECTION('',(-1.0,0.0,0.0));
#9566=DIRECTION('',(0.0,2.62836890299516E-16,-1.0));
#9567=DIRECTION('',(-1.0,0.0,0.0));
#9568=DIRECTION('',(0.0,2.62836890299516E-16,-1.0));
#9569=DIRECTION('',(-1.0,0.0,0.0));
#9570=DIRECTION('',(0.0,0.0,1.0));
#9571=DIRECTION('',(1.0,0.0,-4.56506177888635E-16));
#9572=DIRECTION('',(0.0,-5.9818050895752E-15,1.0));
#9573=CARTESIAN_POINT('',(-9.125,3.95,2.07499999999999));
#9574=DIRECTION('',(0.0,-1.0,0.0));
#9575=DIRECTION('',(1.0,0.0,0.0));
#9576=DIRECTION('',(0.966012064815057,0.0,-0.258496983796235));
#9577=DIRECTION('',(0.0,0.0,1.0));
#9578=DIRECTION('',(-0.966012064815056,0.0,-0.258496983796237));
#9579=CARTESIAN_POINT('',(-9.125,3.95,1.12499999999999));
#9580=DIRECTION('',(0.0,-1.0,0.0));
#9581=DIRECTION('',(1.0,0.0,0.0));
#9582=DIRECTION('',(0.0,-7.17816610749023E-15,1.0));
#9583=DIRECTION('',(0.0,7.17816610749035E-15,-1.0));
#9584=CARTESIAN_POINT('',(9.125,3.95,1.12499999999999));
#9585=DIRECTION('',(0.0,-1.0,0.0));
#9586=DIRECTION('',(-1.0,0.0,0.0));
#9587=DIRECTION('',(-0.966012064815056,0.0,0.258496983796237));
#9588=DIRECTION('',(0.0,0.0,-1.0));
#9589=DIRECTION('',(0.966012064815066,0.0,0.258496983796202));
#9590=CARTESIAN_POINT('',(9.125,3.95,2.07499999999999));
#9591=DIRECTION('',(0.0,-1.0,0.0));
#9592=DIRECTION('',(-1.0,0.0,0.0));
#9593=DIRECTION('',(0.0,5.98180508957529E-15,-1.0));
#9594=DIRECTION('',(1.0,0.0,0.0));
#9595=DIRECTION('',(0.0,0.0,-1.0));
#9596=DIRECTION('',(0.832050294337847,0.554700196225225,-6.01407157825531E-16));
#9597=DIRECTION('',(0.0,1.0,0.0));
#9598=DIRECTION('',(1.0,0.0,-4.56506177888635E-16));
#9599=DIRECTION('',(0.0,1.0,0.0));
#9600=DIRECTION('',(0.0,0.0,-1.0));
#9601=DIRECTION('',(0.0,0.0,-1.0));
#9602=DIRECTION('',(0.0,0.0,-1.0));
#9603=DIRECTION('',(0.0,0.0,1.0));
#9604=DIRECTION('',(0.0,0.0,-1.0));
#9605=DIRECTION('',(0.0,-1.0,-2.9909025447876E-16));
#9606=DIRECTION('',(1.0,0.0,0.0));
#9607=DIRECTION('',(0.0,-1.0,-2.9909025447876E-16));
#9608=DIRECTION('',(0.0,-1.0,-2.9909025447876E-16));
#9609=DIRECTION('',(1.0,0.0,0.0));
#9610=DIRECTION('',(0.0,-1.0,-2.9909025447876E-16));
#9611=DIRECTION('',(0.0,-1.0,-2.9909025447876E-16));
#9612=DIRECTION('',(1.0,0.0,0.0));
#9613=DIRECTION('',(0.0,-1.0,-2.9909025447876E-16));
#9614=DIRECTION('',(0.0,-1.0,-2.9909025447876E-16));
#9615=DIRECTION('',(1.0,0.0,0.0));
#9616=DIRECTION('',(0.0,-1.0,-2.9909025447876E-16));
#9617=DIRECTION('',(0.0,-1.0,-2.9909025447876E-16));
#9618=DIRECTION('',(1.0,0.0,0.0));
#9619=DIRECTION('',(0.0,-1.0,-2.9909025447876E-16));
#9620=DIRECTION('',(0.0,-1.0,-2.9909025447876E-16));
#9621=DIRECTION('',(1.0,0.0,0.0));
#9622=DIRECTION('',(0.0,-1.0,-2.9909025447876E-16));
#9623=DIRECTION('',(0.0,-1.0,-2.9909025447876E-16));
#9624=DIRECTION('',(1.0,0.0,0.0));
#9625=DIRECTION('',(0.0,-1.0,-2.9909025447876E-16));
#9626=DIRECTION('',(0.0,-1.0,-2.9909025447876E-16));
#9627=DIRECTION('',(1.0,0.0,0.0));
#9628=DIRECTION('',(0.0,-1.0,-2.9909025447876E-16));
#9629=DIRECTION('',(0.0,-1.0,-2.9909025447876E-16));
#9630=DIRECTION('',(1.0,0.0,0.0));
#9631=DIRECTION('',(0.0,-1.0,-2.9909025447876E-16));
#9632=DIRECTION('',(0.0,-1.0,-2.9909025447876E-16));
#9633=DIRECTION('',(1.0,0.0,0.0));
#9634=DIRECTION('',(0.0,-1.0,-2.9909025447876E-16));
#9635=DIRECTION('',(0.0,-1.0,-2.9909025447876E-16));
#9636=DIRECTION('',(1.0,0.0,0.0));
#9637=DIRECTION('',(0.0,-1.0,-2.9909025447876E-16));
#9638=DIRECTION('',(0.0,-1.0,-2.9909025447876E-16));
#9639=DIRECTION('',(1.0,0.0,0.0));
#9640=DIRECTION('',(0.0,-1.0,-2.9909025447876E-16));
#9641=DIRECTION('',(0.0,-1.0,-2.9909025447876E-16));
#9642=DIRECTION('',(1.0,0.0,0.0));
#9643=DIRECTION('',(0.0,-1.0,-2.9909025447876E-16));
#9644=DIRECTION('',(0.0,-1.0,0.0));
#9645=DIRECTION('',(1.0,0.0,0.0));
#9646=DIRECTION('',(0.0,-1.0,-2.9909025447876E-16));
#9647=DIRECTION('',(0.0,-1.0,-2.9909025447876E-16));
#9648=DIRECTION('',(1.0,0.0,0.0));
#9649=DIRECTION('',(0.0,-1.0,0.0));
#9650=DIRECTION('',(0.0,-1.0,-2.9909025447876E-16));
#9651=DIRECTION('',(1.0,0.0,0.0));
#9652=DIRECTION('',(0.0,-1.0,-2.9909025447876E-16));
#9653=DIRECTION('',(0.0,1.0,0.0));
#9654=DIRECTION('',(0.0,0.0,-1.0));
#9655=DIRECTION('',(0.0,1.0,0.0));
#9656=DIRECTION('',(0.0,1.0,0.0));
#9657=DIRECTION('',(0.0,-1.0,0.0));
#9658=DIRECTION('',(0.0,0.0,-1.0));
#9659=DIRECTION('',(0.0,1.0,2.62836890299516E-16));
#9660=DIRECTION('',(0.0,0.0,1.0));
#9661=DIRECTION('',(0.0,1.0,0.0));
#9662=DIRECTION('',(0.0,0.0,1.0));
#9663=DIRECTION('',(0.0,1.0,0.0));
#9664=DIRECTION('',(0.0,0.0,-1.0));
#9665=DIRECTION('',(0.0,1.0,2.62836890299516E-16));
#9666=DIRECTION('',(0.0,0.0,1.0));
#9667=DIRECTION('',(0.0,-1.0,0.0));
#9668=DIRECTION('',(0.0,-1.0,0.0));
#9669=DIRECTION('',(0.0,0.0,-1.0));
#9670=DIRECTION('',(0.0,1.0,0.0));
#9671=CARTESIAN_POINT('',(-9.125,1.13333333333334,1.12499999999999));
#9672=DIRECTION('',(-0.554700196225225,0.832050294337847,0.0));
#9673=DIRECTION('',(0.832050294337847,0.554700196225225,0.0));
#9674=DIRECTION('',(0.0,1.0,0.0));
#9675=DIRECTION('',(0.812163107762296,0.541442071841524,0.21732825225876));
#9676=DIRECTION('',(0.0,1.0,0.0));
#9677=DIRECTION('',(0.0,1.0,0.0));
#9678=DIRECTION('',(-0.812163107762296,-0.541442071841524,0.217328252258758));
#9679=CARTESIAN_POINT('',(-9.125,1.13333333333334,2.07499999999999));
#9680=DIRECTION('',(-0.554700196225225,0.832050294337847,0.0));
#9681=DIRECTION('',(0.832050294337847,0.554700196225225,0.0));
#9682=DIRECTION('',(0.0,0.0,-1.0));
#9683=DIRECTION('',(0.0,1.0,0.0));
#9684=DIRECTION('',(0.0,-0.707106781186547,0.707106781186548));
#9685=DIRECTION('',(0.0,0.0,1.0));
#9686=DIRECTION('',(0.0,1.0,0.0));
#9687=DIRECTION('',(0.0,0.0,1.0));
#9688=DIRECTION('',(0.0,0.0,-1.0));
#9689=DIRECTION('',(0.0,0.707106781186548,-0.707106781186548));
#9690=DIRECTION('',(0.0,1.0,0.0));
#9691=CARTESIAN_POINT('',(9.125,1.13333333333333,2.07499999999999));
#9692=DIRECTION('',(0.554700196225227,0.832050294337845,0.0));
#9693=DIRECTION('',(-0.832050294337845,0.554700196225227,0.0));
#9694=DIRECTION('',(0.0,1.0,0.0));
#9695=DIRECTION('',(-0.8121631077623,0.54144207184153,-0.217328252258729));
#9696=DIRECTION('',(0.0,1.0,0.0));
#9697=DIRECTION('',(0.812163107762295,-0.541442071841526,-0.21732825225876));
#9698=DIRECTION('',(0.0,0.0,1.0));
#9699=DIRECTION('',(0.0,1.0,0.0));
#9700=CARTESIAN_POINT('',(9.125,1.13333333333333,1.12499999999999));
#9701=DIRECTION('',(0.554700196225227,0.832050294337845,0.0));
#9702=DIRECTION('',(-0.832050294337845,0.554700196225227,0.0));
#9703=DIRECTION('',(0.0,1.0,2.62836890299516E-16));
#9704=DIRECTION('',(-1.0,0.0,4.56506177888635E-16));
#9705=DIRECTION('',(0.0,0.0,1.0));
#9706=DIRECTION('',(0.0,0.707106781186547,-0.707106781186548));
#9707=DIRECTION('',(0.0,1.0,2.62836890299516E-16));
#9708=DIRECTION('',(-1.0,0.0,0.0));
#9709=DIRECTION('',(1.0,0.0,-4.56506177888635E-16));
#9710=DIRECTION('',(0.0,1.0,2.62836890299516E-16));
#9711=DIRECTION('',(0.0,-0.707106781186548,0.707106781186548));
#9712=DIRECTION('',(0.0,0.0,-1.0));
#9713=DIRECTION('',(0.0,1.0,2.62836890299516E-16));
#9714=DIRECTION('',(-1.0,0.0,0.0));
#9715=DIRECTION('',(-1.0,0.0,0.0));
#9716=DIRECTION('',(1.0,0.0,0.0));
#9717=DIRECTION('',(0.0,0.0,1.0));
#9718=DIRECTION('',(0.0,-1.0,0.0));
#9719=DIRECTION('',(-1.0,0.0,0.0));
#9720=DIRECTION('',(0.0,-1.0,0.0));
#9721=DIRECTION('',(0.0,0.0,1.0));
#9722=DIRECTION('',(1.0,0.0,-2.168404344971E-16));
#9723=DIRECTION('',(0.0,-1.0,0.0));
#9724=DIRECTION('',(0.0,0.0,-1.0));
#9725=DIRECTION('',(-1.0,0.0,0.0));
#9726=DIRECTION('',(0.0,-1.0,0.0));
#9727=DIRECTION('',(1.0,0.0,0.0));
#9728=DIRECTION('',(0.0,0.0,-1.0));
#9729=DIRECTION('',(0.0,0.0,1.0));
#9730=DIRECTION('',(0.0,0.0,1.0));
#9731=DIRECTION('',(0.0,0.0,1.0));
#9732=DIRECTION('',(0.0,0.0,1.0));
#9733=DIRECTION('',(0.0,0.0,1.0));
#9734=DIRECTION('',(0.0,0.0,1.0));
#9735=DIRECTION('',(0.0,1.0,0.0));
#9736=DIRECTION('',(0.0,0.0,-1.0));
#9737=DIRECTION('',(0.707106781186547,0.707106781186548,0.0));
#9738=DIRECTION('',(0.707106781186547,-0.707106781186548,0.0));
#9739=DIRECTION('',(0.0,0.0,-1.0));
#9740=DIRECTION('',(0.0,-1.0,0.0));
#9741=DIRECTION('',(0.0,0.0,1.0));
#9742=DIRECTION('',(0.0,0.0,1.0));
#9743=DIRECTION('',(0.0,0.0,1.0));
#9744=DIRECTION('',(0.0,0.0,1.0));
#9745=DIRECTION('',(0.0,0.0,1.0));
#9746=DIRECTION('',(0.0,0.0,1.0));
#9747=DIRECTION('',(0.0,0.0,-1.0));
#9748=CARTESIAN_POINT('',(-10.295,5.25000000000001,2.2));
#9749=DIRECTION('',(0.0,0.0,-1.0));
#9750=DIRECTION('',(1.0,0.0,0.0));
#9751=CARTESIAN_POINT('',(-10.295,5.25000000000001,2.2));
#9752=DIRECTION('',(0.0,0.0,1.0));
#9753=DIRECTION('',(1.0,0.0,0.0));
#9754=DIRECTION('',(0.0,0.0,-1.0));
#9755=DIRECTION('',(1.0,-3.36839509898406E-15,0.0));
#9756=DIRECTION('',(0.0,-1.0,0.0));
#9757=DIRECTION('',(-1.0,0.0,0.0));
#9758=DIRECTION('',(0.0,0.0,-1.0));
#9759=DIRECTION('',(0.0,-1.0,0.0));
#9760=DIRECTION('',(0.0,0.0,-1.0));
#9761=DIRECTION('',(0.0,1.0,0.0));
#9762=DIRECTION('',(-0.707106781186545,2.38181501620716E-15,0.70710678118655));
#9763=DIRECTION('',(0.707106781186548,-2.38181501620717E-15,0.707106781186547));
#9764=DIRECTION('',(0.707106781186545,0.0,-0.70710678118655));
#9765=DIRECTION('',(-0.707106781186548,0.0,-0.707106781186547));
#9766=CARTESIAN_POINT('',(10.295,5.25,2.2));
#9767=DIRECTION('',(0.0,0.0,-1.0));
#9768=DIRECTION('',(-1.0,0.0,0.0));
#9769=DIRECTION('',(0.0,0.0,-1.0));
#9770=DIRECTION('',(0.0,0.0,-1.0));
#9771=CARTESIAN_POINT('',(10.295,5.25,2.20000000000001));
#9772=DIRECTION('',(0.0,-2.62836890299516E-16,1.0));
#9773=DIRECTION('',(-1.0,0.0,0.0));
#9774=DIRECTION('',(-1.0,0.0,0.0));
#9775=DIRECTION('',(-6.93889390390722E-15,1.0,0.0));
#9776=DIRECTION('',(1.0,0.0,0.0));
#9777=DIRECTION('',(0.707106781186551,0.0,-0.707106781186544));
#9778=DIRECTION('',(0.0,0.0,-1.0));
#9779=DIRECTION('',(-0.707106781186551,0.0,-0.707106781186544));
#9780=DIRECTION('',(6.93889390390722E-15,-1.0,0.0));
#9781=DIRECTION('',(0.0,0.0,-1.0));
#9782=DIRECTION('',(-6.93889390390722E-15,1.0,0.0));
#9783=DIRECTION('',(-0.707106781186551,0.0,0.707106781186544));
#9784=DIRECTION('',(0.707106781186551,0.0,0.707106781186544));
#9785=DIRECTION('',(0.0,0.0,1.0));
#9786=DIRECTION('',(-1.0,0.0,0.0));
#9787=DIRECTION('',(0.0,0.0,1.0));
#9788=DIRECTION('',(-1.0,0.0,0.0));
#9789=DIRECTION('',(0.0,-0.707106781186544,0.707106781186551));
#9790=DIRECTION('',(-1.0,0.0,0.0));
#9791=DIRECTION('',(0.0,-0.707106781186544,0.707106781186551));
#9792=DIRECTION('',(0.0,-1.0,6.93889390390717E-15));
#9793=DIRECTION('',(-1.0,0.0,0.0));
#9794=DIRECTION('',(0.0,-1.0,6.93889390390717E-15));
#9795=DIRECTION('',(0.0,-0.707106781186548,-0.707106781186548));
#9796=DIRECTION('',(-1.0,0.0,0.0));
#9797=DIRECTION('',(0.0,-0.707106781186548,-0.707106781186548));
#9798=DIRECTION('',(0.0,0.707106781186548,0.707106781186548));
#9799=DIRECTION('',(0.0,0.0,-1.0));
#9800=DIRECTION('',(0.0,0.707106781186548,0.707106781186548));
#9801=DIRECTION('',(0.0,0.0,-1.0));
#9802=DIRECTION('',(0.0,1.0,0.0));
#9803=DIRECTION('',(0.0,1.0,0.0));
#9804=DIRECTION('',(-1.0,0.0,0.0));
#9805=DIRECTION('',(0.0,-1.0,0.0));
#9806=DIRECTION('',(0.0,-1.0,0.0));
#9807=DIRECTION('',(-1.0,0.0,0.0));
#9808=DIRECTION('',(0.0,-0.97780241407741,-0.209529088730873));
#9809=DIRECTION('',(0.0,0.0,-1.0));
#9810=DIRECTION('',(0.0,0.98058067569092,-0.196116135138184));
#9811=DIRECTION('',(0.0,0.98058067569092,-0.196116135138184));
#9812=DIRECTION('',(0.0,0.0,-1.0));
#9813=DIRECTION('',(0.0,-0.97780241407741,-0.209529088730873));
#9814=DIRECTION('',(-1.0,0.0,0.0));
#9815=DIRECTION('',(-1.0,0.0,0.0));
#9816=DIRECTION('',(0.0,0.0,1.0));
#9817=DIRECTION('',(-1.0,0.0,0.0));
#9818=DIRECTION('',(0.0,0.0,1.0));
#9819=DIRECTION('',(-1.0,0.0,0.0));
#9820=DIRECTION('',(0.0,-0.707106781186544,0.707106781186551));
#9821=DIRECTION('',(-1.0,0.0,0.0));
#9822=DIRECTION('',(0.0,-0.707106781186544,0.707106781186551));
#9823=DIRECTION('',(0.0,-1.0,6.93889390390717E-15));
#9824=DIRECTION('',(-1.0,0.0,0.0));
#9825=DIRECTION('',(0.0,-1.0,6.93889390390717E-15));
#9826=DIRECTION('',(0.0,-0.707106781186548,-0.707106781186548));
#9827=DIRECTION('',(-1.0,0.0,0.0));
#9828=DIRECTION('',(0.0,-0.707106781186548,-0.707106781186548));
#9829=DIRECTION('',(0.0,0.707106781186548,0.707106781186548));
#9830=DIRECTION('',(0.0,0.0,-1.0));
#9831=DIRECTION('',(0.0,0.707106781186548,0.707106781186548));
#9832=DIRECTION('',(0.0,0.0,-1.0));
#9833=DIRECTION('',(0.0,0.0,1.0));
#9834=DIRECTION('',(-1.0,0.0,0.0));
#9835=DIRECTION('',(0.0,0.0,1.0));
#9836=DIRECTION('',(-1.0,0.0,0.0));
#9837=DIRECTION('',(0.0,-0.707106781186544,0.707106781186551));
#9838=DIRECTION('',(-1.0,0.0,0.0));
#9839=DIRECTION('',(0.0,-0.707106781186544,0.707106781186551));
#9840=DIRECTION('',(0.0,-1.0,6.93889390390717E-15));
#9841=DIRECTION('',(-1.0,0.0,0.0));
#9842=DIRECTION('',(0.0,-1.0,6.93889390390717E-15));
#9843=DIRECTION('',(0.0,-0.707106781186548,-0.707106781186548));
#9844=DIRECTION('',(-1.0,0.0,0.0));
#9845=DIRECTION('',(0.0,-0.707106781186548,-0.707106781186548));
#9846=DIRECTION('',(0.0,0.707106781186548,0.707106781186548));
#9847=DIRECTION('',(0.0,0.0,-1.0));
#9848=DIRECTION('',(0.0,0.707106781186548,0.707106781186548));
#9849=DIRECTION('',(0.0,0.0,-1.0));
#9850=DIRECTION('',(0.0,0.0,1.0));
#9851=DIRECTION('',(-1.0,0.0,0.0));
#9852=DIRECTION('',(0.0,0.0,1.0));
#9853=DIRECTION('',(-1.0,0.0,0.0));
#9854=DIRECTION('',(0.0,-0.707106781186544,0.707106781186551));
#9855=DIRECTION('',(-1.0,0.0,0.0));
#9856=DIRECTION('',(0.0,-0.707106781186544,0.707106781186551));
#9857=DIRECTION('',(0.0,-1.0,6.93889390390717E-15));
#9858=DIRECTION('',(-1.0,0.0,0.0));
#9859=DIRECTION('',(0.0,-1.0,6.93889390390717E-15));
#9860=DIRECTION('',(0.0,-0.707106781186548,-0.707106781186548));
#9861=DIRECTION('',(-1.0,0.0,0.0));
#9862=DIRECTION('',(0.0,-0.707106781186548,-0.707106781186548));
#9863=DIRECTION('',(0.0,0.707106781186548,0.707106781186548));
#9864=DIRECTION('',(0.0,0.0,-1.0));
#9865=DIRECTION('',(0.0,0.707106781186548,0.707106781186548));
#9866=DIRECTION('',(0.0,0.0,-1.0));
#9867=DIRECTION('',(0.0,0.0,1.0));
#9868=DIRECTION('',(-1.0,0.0,0.0));
#9869=DIRECTION('',(0.0,0.0,1.0));
#9870=DIRECTION('',(-1.0,0.0,0.0));
#9871=DIRECTION('',(0.0,-0.707106781186544,0.707106781186551));
#9872=DIRECTION('',(-1.0,0.0,0.0));
#9873=DIRECTION('',(0.0,-0.707106781186544,0.707106781186551));
#9874=DIRECTION('',(0.0,-1.0,6.93889390390717E-15));
#9875=DIRECTION('',(-1.0,0.0,0.0));
#9876=DIRECTION('',(0.0,-1.0,6.93889390390717E-15));
#9877=DIRECTION('',(0.0,-0.707106781186548,-0.707106781186548));
#9878=DIRECTION('',(-1.0,0.0,0.0));
#9879=DIRECTION('',(0.0,-0.707106781186548,-0.707106781186548));
#9880=DIRECTION('',(0.0,0.707106781186548,0.707106781186548));
#9881=DIRECTION('',(0.0,0.0,-1.0));
#9882=DIRECTION('',(0.0,0.707106781186548,0.707106781186548));
#9883=DIRECTION('',(0.0,0.0,-1.0));
#9884=DIRECTION('',(0.0,0.0,1.0));
#9885=DIRECTION('',(-1.0,0.0,0.0));
#9886=DIRECTION('',(0.0,0.0,1.0));
#9887=DIRECTION('',(-1.0,0.0,0.0));
#9888=DIRECTION('',(0.0,-0.707106781186544,0.707106781186551));
#9889=DIRECTION('',(-1.0,0.0,0.0));
#9890=DIRECTION('',(0.0,-0.707106781186544,0.707106781186551));
#9891=DIRECTION('',(0.0,-1.0,6.93889390390717E-15));
#9892=DIRECTION('',(-1.0,0.0,0.0));
#9893=DIRECTION('',(0.0,-1.0,6.93889390390717E-15));
#9894=DIRECTION('',(0.0,-0.707106781186548,-0.707106781186548));
#9895=DIRECTION('',(-1.0,0.0,0.0));
#9896=DIRECTION('',(0.0,-0.707106781186548,-0.707106781186548));
#9897=DIRECTION('',(0.0,0.707106781186548,0.707106781186548));
#9898=DIRECTION('',(0.0,0.0,-1.0));
#9899=DIRECTION('',(0.0,0.707106781186548,0.707106781186548));
#9900=DIRECTION('',(0.0,0.0,-1.0));
#9901=DIRECTION('',(0.0,0.0,1.0));
#9902=DIRECTION('',(-1.0,0.0,0.0));
#9903=DIRECTION('',(0.0,0.0,1.0));
#9904=DIRECTION('',(-1.0,0.0,0.0));
#9905=DIRECTION('',(0.0,-0.707106781186544,0.707106781186551));
#9906=DIRECTION('',(-1.0,0.0,0.0));
#9907=DIRECTION('',(0.0,-0.707106781186544,0.707106781186551));
#9908=DIRECTION('',(0.0,-1.0,6.93889390390717E-15));
#9909=DIRECTION('',(-1.0,0.0,0.0));
#9910=DIRECTION('',(0.0,-1.0,6.93889390390717E-15));
#9911=DIRECTION('',(0.0,-0.707106781186548,-0.707106781186548));
#9912=DIRECTION('',(-1.0,0.0,0.0));
#9913=DIRECTION('',(0.0,-0.707106781186548,-0.707106781186548));
#9914=DIRECTION('',(0.0,0.707106781186548,0.707106781186548));
#9915=DIRECTION('',(0.0,0.0,-1.0));
#9916=DIRECTION('',(0.0,0.707106781186548,0.707106781186548));
#9917=DIRECTION('',(0.0,0.0,-1.0));
#9918=DIRECTION('',(0.0,0.0,1.0));
#9919=DIRECTION('',(-1.0,0.0,0.0));
#9920=DIRECTION('',(0.0,0.0,1.0));
#9921=DIRECTION('',(-1.0,0.0,0.0));
#9922=DIRECTION('',(0.0,-0.707106781186544,0.707106781186551));
#9923=DIRECTION('',(-1.0,0.0,0.0));
#9924=DIRECTION('',(0.0,-0.707106781186544,0.707106781186551));
#9925=DIRECTION('',(0.0,-1.0,6.93889390390717E-15));
#9926=DIRECTION('',(-1.0,0.0,0.0));
#9927=DIRECTION('',(0.0,-1.0,6.93889390390717E-15));
#9928=DIRECTION('',(0.0,-0.707106781186548,-0.707106781186548));
#9929=DIRECTION('',(-1.0,0.0,0.0));
#9930=DIRECTION('',(0.0,-0.707106781186548,-0.707106781186548));
#9931=DIRECTION('',(0.0,0.707106781186548,0.707106781186548));
#9932=DIRECTION('',(0.0,0.0,-1.0));
#9933=DIRECTION('',(0.0,0.707106781186548,0.707106781186548));
#9934=DIRECTION('',(0.0,0.0,-1.0));
#9935=DIRECTION('',(0.0,0.0,1.0));
#9936=DIRECTION('',(-1.0,0.0,0.0));
#9937=DIRECTION('',(0.0,0.0,1.0));
#9938=DIRECTION('',(-1.0,0.0,0.0));
#9939=DIRECTION('',(0.0,-0.707106781186544,0.707106781186551));
#9940=DIRECTION('',(-1.0,0.0,0.0));
#9941=DIRECTION('',(0.0,-0.707106781186544,0.707106781186551));
#9942=DIRECTION('',(0.0,-1.0,6.93889390390717E-15));
#9943=DIRECTION('',(-1.0,0.0,0.0));
#9944=DIRECTION('',(0.0,-1.0,6.93889390390717E-15));
#9945=DIRECTION('',(0.0,-0.707106781186548,-0.707106781186548));
#9946=DIRECTION('',(-1.0,0.0,0.0));
#9947=DIRECTION('',(0.0,-0.707106781186548,-0.707106781186548));
#9948=DIRECTION('',(0.0,0.707106781186548,0.707106781186548));
#9949=DIRECTION('',(0.0,0.0,-1.0));
#9950=DIRECTION('',(0.0,0.707106781186548,0.707106781186548));
#9951=DIRECTION('',(0.0,0.0,-1.0));
#9952=DIRECTION('',(0.0,0.0,1.0));
#9953=DIRECTION('',(-1.0,0.0,0.0));
#9954=DIRECTION('',(0.0,0.0,1.0));
#9955=DIRECTION('',(-1.0,0.0,0.0));
#9956=DIRECTION('',(0.0,-0.707106781186544,0.707106781186551));
#9957=DIRECTION('',(-1.0,0.0,0.0));
#9958=DIRECTION('',(0.0,-0.707106781186544,0.707106781186551));
#9959=DIRECTION('',(0.0,-1.0,6.93889390390717E-15));
#9960=DIRECTION('',(-1.0,0.0,0.0));
#9961=DIRECTION('',(0.0,-1.0,6.93889390390717E-15));
#9962=DIRECTION('',(0.0,-0.707106781186548,-0.707106781186548));
#9963=DIRECTION('',(-1.0,0.0,0.0));
#9964=DIRECTION('',(0.0,-0.707106781186548,-0.707106781186548));
#9965=DIRECTION('',(0.0,0.707106781186548,0.707106781186548));
#9966=DIRECTION('',(0.0,0.0,-1.0));
#9967=DIRECTION('',(0.0,0.707106781186548,0.707106781186548));
#9968=DIRECTION('',(0.0,0.0,-1.0));
#9969=DIRECTION('',(0.0,0.0,1.0));
#9970=DIRECTION('',(-1.0,0.0,0.0));
#9971=DIRECTION('',(0.0,0.0,1.0));
#9972=DIRECTION('',(-1.0,0.0,0.0));
#9973=DIRECTION('',(0.0,-0.707106781186544,0.707106781186551));
#9974=DIRECTION('',(-1.0,0.0,0.0));
#9975=DIRECTION('',(0.0,-0.707106781186544,0.707106781186551));
#9976=DIRECTION('',(0.0,-1.0,6.93889390390717E-15));
#9977=DIRECTION('',(-1.0,0.0,0.0));
#9978=DIRECTION('',(0.0,-1.0,6.93889390390717E-15));
#9979=DIRECTION('',(0.0,-0.707106781186548,-0.707106781186548));
#9980=DIRECTION('',(-1.0,0.0,0.0));
#9981=DIRECTION('',(0.0,-0.707106781186548,-0.707106781186548));
#9982=DIRECTION('',(0.0,0.707106781186548,0.707106781186548));
#9983=DIRECTION('',(0.0,0.0,-1.0));
#9984=DIRECTION('',(0.0,0.707106781186548,0.707106781186548));
#9985=DIRECTION('',(0.0,0.0,-1.0));
#9986=DIRECTION('',(0.0,0.0,1.0));
#9987=DIRECTION('',(-1.0,0.0,0.0));
#9988=DIRECTION('',(0.0,0.0,1.0));
#9989=DIRECTION('',(-1.0,0.0,0.0));
#9990=DIRECTION('',(0.0,-0.707106781186544,0.707106781186551));
#9991=DIRECTION('',(-1.0,0.0,0.0));
#9992=DIRECTION('',(0.0,-0.707106781186544,0.707106781186551));
#9993=DIRECTION('',(0.0,-1.0,6.93889390390717E-15));
#9994=DIRECTION('',(-1.0,0.0,0.0));
#9995=DIRECTION('',(0.0,-1.0,6.93889390390717E-15));
#9996=DIRECTION('',(0.0,-0.707106781186548,-0.707106781186548));
#9997=DIRECTION('',(-1.0,0.0,0.0));
#9998=DIRECTION('',(0.0,-0.707106781186548,-0.707106781186548));
#9999=DIRECTION('',(0.0,0.707106781186548,0.707106781186548));
#10000=DIRECTION('',(0.0,0.0,-1.0));
#10001=DIRECTION('',(0.0,0.707106781186548,0.707106781186548));
#10002=DIRECTION('',(0.0,0.0,-1.0));
#10003=DIRECTION('',(0.0,0.0,1.0));
#10004=DIRECTION('',(-1.0,0.0,0.0));
#10005=DIRECTION('',(0.0,0.0,1.0));
#10006=DIRECTION('',(-1.0,0.0,0.0));
#10007=DIRECTION('',(0.0,-0.707106781186544,0.707106781186551));
#10008=DIRECTION('',(-1.0,0.0,0.0));
#10009=DIRECTION('',(0.0,-0.707106781186544,0.707106781186551));
#10010=DIRECTION('',(0.0,-1.0,6.93889390390717E-15));
#10011=DIRECTION('',(-1.0,0.0,0.0));
#10012=DIRECTION('',(0.0,-1.0,6.93889390390717E-15));
#10013=DIRECTION('',(0.0,-0.707106781186548,-0.707106781186548));
#10014=DIRECTION('',(-1.0,0.0,0.0));
#10015=DIRECTION('',(0.0,-0.707106781186548,-0.707106781186548));
#10016=DIRECTION('',(0.0,0.707106781186548,0.707106781186548));
#10017=DIRECTION('',(0.0,0.0,-1.0));
#10018=DIRECTION('',(0.0,0.707106781186548,0.707106781186548));
#10019=DIRECTION('',(0.0,0.0,-1.0));
#10020=DIRECTION('',(0.0,0.0,1.0));
#10021=DIRECTION('',(-1.0,0.0,0.0));
#10022=DIRECTION('',(0.0,0.0,1.0));
#10023=DIRECTION('',(-1.0,0.0,0.0));
#10024=DIRECTION('',(0.0,-0.707106781186544,0.707106781186551));
#10025=DIRECTION('',(-1.0,0.0,0.0));
#10026=DIRECTION('',(0.0,-0.707106781186544,0.707106781186551));
#10027=DIRECTION('',(0.0,-1.0,6.93889390390717E-15));
#10028=DIRECTION('',(-1.0,0.0,0.0));
#10029=DIRECTION('',(0.0,-1.0,6.93889390390717E-15));
#10030=DIRECTION('',(0.0,-0.707106781186548,-0.707106781186548));
#10031=DIRECTION('',(-1.0,0.0,0.0));
#10032=DIRECTION('',(0.0,-0.707106781186548,-0.707106781186548));
#10033=DIRECTION('',(0.0,0.707106781186548,0.707106781186548));
#10034=DIRECTION('',(0.0,0.0,-1.0));
#10035=DIRECTION('',(0.0,0.707106781186548,0.707106781186548));
#10036=DIRECTION('',(0.0,0.0,-1.0));
#10037=DIRECTION('',(0.0,1.0,0.0));
#10038=DIRECTION('',(0.0,1.0,0.0));
#10039=DIRECTION('',(-1.0,0.0,0.0));
#10040=DIRECTION('',(0.0,-1.0,0.0));
#10041=DIRECTION('',(0.0,-1.0,0.0));
#10042=DIRECTION('',(-1.0,0.0,0.0));
#10043=DIRECTION('',(0.0,-0.97780241407741,-0.209529088730873));
#10044=DIRECTION('',(0.0,0.0,-1.0));
#10045=DIRECTION('',(0.0,0.98058067569092,-0.196116135138184));
#10046=DIRECTION('',(0.0,0.98058067569092,-0.196116135138184));
#10047=DIRECTION('',(0.0,0.0,-1.0));
#10048=DIRECTION('',(0.0,-0.97780241407741,-0.209529088730873));
#10049=DIRECTION('',(-1.0,0.0,0.0));
#10050=DIRECTION('',(-1.0,0.0,0.0));
#10051=DIRECTION('',(0.0,1.0,0.0));
#10052=DIRECTION('',(0.0,1.0,0.0));
#10053=DIRECTION('',(-1.0,0.0,0.0));
#10054=DIRECTION('',(0.0,-1.0,0.0));
#10055=DIRECTION('',(0.0,-1.0,0.0));
#10056=DIRECTION('',(-1.0,0.0,0.0));
#10057=DIRECTION('',(0.0,-0.97780241407741,-0.209529088730873));
#10058=DIRECTION('',(0.0,0.0,-1.0));
#10059=DIRECTION('',(0.0,0.98058067569092,-0.196116135138184));
#10060=DIRECTION('',(0.0,0.98058067569092,-0.196116135138184));
#10061=DIRECTION('',(0.0,0.0,-1.0));
#10062=DIRECTION('',(0.0,-0.97780241407741,-0.209529088730873));
#10063=DIRECTION('',(-1.0,0.0,0.0));
#10064=DIRECTION('',(-1.0,0.0,0.0));
#10065=DIRECTION('',(0.0,1.0,0.0));
#10066=DIRECTION('',(0.0,1.0,0.0));
#10067=DIRECTION('',(-1.0,0.0,0.0));
#10068=DIRECTION('',(0.0,-1.0,0.0));
#10069=DIRECTION('',(0.0,-1.0,0.0));
#10070=DIRECTION('',(-1.0,0.0,0.0));
#10071=DIRECTION('',(0.0,-0.97780241407741,-0.209529088730873));
#10072=DIRECTION('',(0.0,0.0,-1.0));
#10073=DIRECTION('',(0.0,0.98058067569092,-0.196116135138184));
#10074=DIRECTION('',(0.0,0.98058067569092,-0.196116135138184));
#10075=DIRECTION('',(0.0,0.0,-1.0));
#10076=DIRECTION('',(0.0,-0.97780241407741,-0.209529088730873));
#10077=DIRECTION('',(-1.0,0.0,0.0));
#10078=DIRECTION('',(-1.0,0.0,0.0));
#10079=DIRECTION('',(0.0,1.0,0.0));
#10080=DIRECTION('',(0.0,1.0,0.0));
#10081=DIRECTION('',(-1.0,0.0,0.0));
#10082=DIRECTION('',(0.0,-1.0,0.0));
#10083=DIRECTION('',(0.0,-1.0,0.0));
#10084=DIRECTION('',(-1.0,0.0,0.0));
#10085=DIRECTION('',(0.0,-0.97780241407741,-0.209529088730873));
#10086=DIRECTION('',(0.0,0.0,-1.0));
#10087=DIRECTION('',(0.0,0.98058067569092,-0.196116135138184));
#10088=DIRECTION('',(0.0,0.98058067569092,-0.196116135138184));
#10089=DIRECTION('',(0.0,0.0,-1.0));
#10090=DIRECTION('',(0.0,-0.97780241407741,-0.209529088730873));
#10091=DIRECTION('',(-1.0,0.0,0.0));
#10092=DIRECTION('',(-1.0,0.0,0.0));
#10093=DIRECTION('',(0.0,1.0,0.0));
#10094=DIRECTION('',(0.0,1.0,0.0));
#10095=DIRECTION('',(-1.0,0.0,0.0));
#10096=DIRECTION('',(0.0,-1.0,0.0));
#10097=DIRECTION('',(0.0,-1.0,0.0));
#10098=DIRECTION('',(-1.0,0.0,0.0));
#10099=DIRECTION('',(0.0,-0.97780241407741,-0.209529088730873));
#10100=DIRECTION('',(0.0,0.0,-1.0));
#10101=DIRECTION('',(0.0,0.98058067569092,-0.196116135138184));
#10102=DIRECTION('',(0.0,0.98058067569092,-0.196116135138184));
#10103=DIRECTION('',(0.0,0.0,-1.0));
#10104=DIRECTION('',(0.0,-0.97780241407741,-0.209529088730873));
#10105=DIRECTION('',(-1.0,0.0,0.0));
#10106=DIRECTION('',(-1.0,0.0,0.0));
#10107=DIRECTION('',(0.0,1.0,0.0));
#10108=DIRECTION('',(0.0,1.0,0.0));
#10109=DIRECTION('',(-1.0,0.0,0.0));
#10110=DIRECTION('',(0.0,-1.0,0.0));
#10111=DIRECTION('',(0.0,-1.0,0.0));
#10112=DIRECTION('',(-1.0,0.0,0.0));
#10113=DIRECTION('',(0.0,-0.97780241407741,-0.209529088730873));
#10114=DIRECTION('',(0.0,0.0,-1.0));
#10115=DIRECTION('',(0.0,0.98058067569092,-0.196116135138184));
#10116=DIRECTION('',(0.0,0.98058067569092,-0.196116135138184));
#10117=DIRECTION('',(0.0,0.0,-1.0));
#10118=DIRECTION('',(0.0,-0.97780241407741,-0.209529088730873));
#10119=DIRECTION('',(-1.0,0.0,0.0));
#10120=DIRECTION('',(-1.0,0.0,0.0));
#10121=DIRECTION('',(0.0,1.0,0.0));
#10122=DIRECTION('',(0.0,1.0,0.0));
#10123=DIRECTION('',(-1.0,0.0,0.0));
#10124=DIRECTION('',(0.0,-1.0,0.0));
#10125=DIRECTION('',(0.0,-1.0,0.0));
#10126=DIRECTION('',(-1.0,0.0,0.0));
#10127=DIRECTION('',(0.0,-0.97780241407741,-0.209529088730873));
#10128=DIRECTION('',(0.0,0.0,-1.0));
#10129=DIRECTION('',(0.0,0.98058067569092,-0.196116135138184));
#10130=DIRECTION('',(0.0,0.98058067569092,-0.196116135138184));
#10131=DIRECTION('',(0.0,0.0,-1.0));
#10132=DIRECTION('',(0.0,-0.97780241407741,-0.209529088730873));
#10133=DIRECTION('',(-1.0,0.0,0.0));
#10134=DIRECTION('',(-1.0,0.0,0.0));
#10135=DIRECTION('',(0.0,1.0,0.0));
#10136=DIRECTION('',(0.0,1.0,0.0));
#10137=DIRECTION('',(-1.0,0.0,0.0));
#10138=DIRECTION('',(0.0,-1.0,0.0));
#10139=DIRECTION('',(0.0,-1.0,0.0));
#10140=DIRECTION('',(-1.0,0.0,0.0));
#10141=DIRECTION('',(0.0,-0.97780241407741,-0.209529088730873));
#10142=DIRECTION('',(0.0,0.0,-1.0));
#10143=DIRECTION('',(0.0,0.98058067569092,-0.196116135138184));
#10144=DIRECTION('',(0.0,0.98058067569092,-0.196116135138184));
#10145=DIRECTION('',(0.0,0.0,-1.0));
#10146=DIRECTION('',(0.0,-0.97780241407741,-0.209529088730873));
#10147=DIRECTION('',(-1.0,0.0,0.0));
#10148=DIRECTION('',(-1.0,0.0,0.0));
#10149=DIRECTION('',(0.0,1.0,0.0));
#10150=DIRECTION('',(0.0,1.0,0.0));
#10151=DIRECTION('',(-1.0,0.0,0.0));
#10152=DIRECTION('',(0.0,-1.0,0.0));
#10153=DIRECTION('',(0.0,-1.0,0.0));
#10154=DIRECTION('',(-1.0,0.0,0.0));
#10155=DIRECTION('',(0.0,-0.97780241407741,-0.209529088730873));
#10156=DIRECTION('',(0.0,0.0,-1.0));
#10157=DIRECTION('',(0.0,0.98058067569092,-0.196116135138184));
#10158=DIRECTION('',(0.0,0.98058067569092,-0.196116135138184));
#10159=DIRECTION('',(0.0,0.0,-1.0));
#10160=DIRECTION('',(0.0,-0.97780241407741,-0.209529088730873));
#10161=DIRECTION('',(-1.0,0.0,0.0));
#10162=DIRECTION('',(-1.0,0.0,0.0));
#10163=DIRECTION('',(0.0,1.0,0.0));
#10164=DIRECTION('',(0.0,1.0,0.0));
#10165=DIRECTION('',(-1.0,0.0,0.0));
#10166=DIRECTION('',(0.0,-1.0,0.0));
#10167=DIRECTION('',(0.0,-1.0,0.0));
#10168=DIRECTION('',(-1.0,0.0,0.0));
#10169=DIRECTION('',(0.0,-0.97780241407741,-0.209529088730873));
#10170=DIRECTION('',(0.0,0.0,-1.0));
#10171=DIRECTION('',(0.0,0.98058067569092,-0.196116135138184));
#10172=DIRECTION('',(0.0,0.98058067569092,-0.196116135138184));
#10173=DIRECTION('',(0.0,0.0,-1.0));
#10174=DIRECTION('',(0.0,-0.97780241407741,-0.209529088730873));
#10175=DIRECTION('',(-1.0,0.0,0.0));
#10176=DIRECTION('',(-1.0,0.0,0.0));
#10177=DIRECTION('',(0.0,1.0,0.0));
#10178=DIRECTION('',(0.0,1.0,0.0));
#10179=DIRECTION('',(-1.0,0.0,0.0));
#10180=DIRECTION('',(0.0,-1.0,0.0));
#10181=DIRECTION('',(0.0,-1.0,0.0));
#10182=DIRECTION('',(-1.0,0.0,0.0));
#10183=DIRECTION('',(0.0,-0.97780241407741,-0.209529088730873));
#10184=DIRECTION('',(0.0,0.0,-1.0));
#10185=DIRECTION('',(0.0,0.98058067569092,-0.196116135138184));
#10186=DIRECTION('',(0.0,0.98058067569092,-0.196116135138184));
#10187=DIRECTION('',(0.0,0.0,-1.0));
#10188=DIRECTION('',(0.0,-0.97780241407741,-0.209529088730873));
#10189=DIRECTION('',(-1.0,0.0,0.0));
#10190=DIRECTION('',(-1.0,0.0,0.0));
#10191=DIRECTION('',(0.0,1.0,0.0));
#10192=DIRECTION('',(0.0,1.0,0.0));
#10193=DIRECTION('',(-1.0,0.0,0.0));
#10194=DIRECTION('',(0.0,-1.0,0.0));
#10195=DIRECTION('',(0.0,-1.0,0.0));
#10196=DIRECTION('',(-1.0,0.0,0.0));
#10197=DIRECTION('',(0.0,-0.97780241407741,-0.209529088730873));
#10198=DIRECTION('',(0.0,0.0,-1.0));
#10199=DIRECTION('',(0.0,0.98058067569092,-0.196116135138184));
#10200=DIRECTION('',(0.0,0.98058067569092,-0.196116135138184));
#10201=DIRECTION('',(0.0,0.0,-1.0));
#10202=DIRECTION('',(0.0,-0.97780241407741,-0.209529088730873));
#10203=DIRECTION('',(-1.0,0.0,0.0));
#10204=DIRECTION('',(-1.0,0.0,0.0));
#10205=DIRECTION('',(0.0,1.0,0.0));
#10206=DIRECTION('',(0.0,1.0,0.0));
#10207=DIRECTION('',(-1.0,0.0,0.0));
#10208=DIRECTION('',(0.0,-1.0,0.0));
#10209=DIRECTION('',(0.0,-1.0,0.0));
#10210=DIRECTION('',(-1.0,0.0,0.0));
#10211=DIRECTION('',(0.0,-0.97780241407741,-0.209529088730873));
#10212=DIRECTION('',(0.0,0.0,-1.0));
#10213=DIRECTION('',(0.0,0.98058067569092,-0.196116135138184));
#10214=DIRECTION('',(0.0,0.98058067569092,-0.196116135138184));
#10215=DIRECTION('',(0.0,0.0,-1.0));
#10216=DIRECTION('',(0.0,-0.97780241407741,-0.209529088730873));
#10217=DIRECTION('',(-1.0,0.0,0.0));
#10218=DIRECTION('',(-1.0,0.0,0.0));
#10219=DIRECTION('',(0.0,-1.0,0.0));
#10220=DIRECTION('',(-1.0,0.0,9.0350181040459E-17));
#10221=DIRECTION('',(0.0,-1.0,0.0));
#10222=DIRECTION('',(0.0,0.0,-1.0));
#10223=DIRECTION('',(1.0,0.0,0.0));
#10224=DIRECTION('',(0.0,-1.0,0.0));
#10225=DIRECTION('',(-7.88510670898549E-16,0.0,1.0));
#10226=DIRECTION('',(0.0,-1.0,0.0));
#10227=DIRECTION('',(-1.0,0.0,-2.25875452601147E-16));
#10228=DIRECTION('',(1.0,0.0,0.0));
#10229=PRESENTATION_LAYER_ASSIGNMENT('1','Layer 1',(#25));
ENDSEC;
END-ISO-10303-21;
